Tabela,Caminho,Campo,Tipo,Tamanho,Precisao,Obrigatoriedade,IndiceParadoxDetectado,PossivelChavePrimaria,PossivelChaveEstrangeira,NomeVisualCorrespondente,ModuloRelacionado,TelaRelacionada,EntidadeDominio,ClassificacaoCampo,Evidencia,NivelConfianca,Status
CEP_LOG,CEP\DADOS\CEP_LOG.DB,DATA_LOG,System.String,16,0,nao confirmado,.PX;.XG0;.XG1;.XG2;.YG0;.YG1;.YG2,nao confirmado,nao confirmado,DATA_LOG,Ocorrencias/Auditoria,nao confirmado,Ocorrencias/Auditoria,data,"confirmado por schema: coluna existente no dicionario Paradox | confirmado por schema: arquivos de indice .PX,.XG0,.XG1,.XG2,.YG0,.YG1",alta,confirmado por schema
CadPro,ESC\DADOS\CadPro.DB,DatNas,System.DateTime,8,0,nao confirmado,.PX;.XG0;.YG0,nao confirmado,nao confirmado,DatNas,Produtos/Servicos,nao confirmado,Produtos/Servicos,data,"confirmado por schema: coluna existente no dicionario Paradox | confirmado por schema: arquivos de indice .PX,.XG0,.YG0",alta,confirmado por schema
CadAlu,ESC\FILIAL\CadAlu.DB,DatNas,System.DateTime,8,0,nao confirmado,.PX;.XG0;.YG0,nao confirmado,nao confirmado,DatNas,Configuracao/Admin,nao confirmado,Configuracao/Admin,data,"confirmado por schema: coluna existente no dicionario Paradox | confirmado por schema: arquivos de indice .PX,.XG0,.YG0",alta,confirmado por schema
CadAlu,ESC\FILIAL\CadAlu.DB,DatCan,System.DateTime,8,0,nao confirmado,.PX;.XG0;.YG0,nao confirmado,nao confirmado,DatCan,Configuracao/Admin,nao confirmado,Configuracao/Admin,data,"confirmado por schema: coluna existente no dicionario Paradox | confirmado por schema: arquivos de indice .PX,.XG0,.YG0",alta,confirmado por schema
CadAlu,ESC\FILIAL\CadAlu.DB,MotCan,System.String,100,0,nao confirmado,.PX;.XG0;.YG0,nao confirmado,nao confirmado,MotCan,Configuracao/Admin,nao confirmado,Configuracao/Admin,data,"confirmado por schema: coluna existente no dicionario Paradox | confirmado por schema: arquivos de indice .PX,.XG0,.YG0",alta,confirmado por schema
CadAlu,ESC\FILIAL\CadAlu.DB,DatCad,System.DateTime,8,0,nao confirmado,.PX;.XG0;.YG0,nao confirmado,nao confirmado,DatCad,Configuracao/Admin,nao confirmado,Configuracao/Admin,data,"confirmado por schema: coluna existente no dicionario Paradox | confirmado por schema: arquivos de indice .PX,.XG0,.YG0",alta,confirmado por schema
CadAul,ESC\FILIAL\CadAul.DB,DatAul,System.String,12,0,nao confirmado,.PX,nao confirmado,nao confirmado,DatAul,Configuracao/Admin,nao confirmado,Configuracao/Admin,data,confirmado por schema: coluna existente no dicionario Paradox | confirmado por schema: arquivos de indice .PX,alta,confirmado por schema
CadAul,ESC\FILIAL\CadAul.DB,LanFal,System.String,2,0,nao confirmado,.PX,nao confirmado,nao confirmado,LanFal,Configuracao/Admin,nao confirmado,Configuracao/Admin,data,confirmado por schema: coluna existente no dicionario Paradox | confirmado por schema: arquivos de indice .PX,alta,confirmado por schema
CadInt,ESC\FILIAL\CadInt.DB,DatNas,System.DateTime,8,0,nao confirmado,.PX;.XG0;.YG0,nao confirmado,nao confirmado,DatNas,Configuracao/Admin,nao confirmado,Configuracao/Admin,data,"confirmado por schema: coluna existente no dicionario Paradox | confirmado por schema: arquivos de indice .PX,.XG0,.YG0",alta,confirmado por schema
CadInt,ESC\FILIAL\CadInt.DB,DatInt,System.DateTime,8,0,nao confirmado,.PX;.XG0;.YG0,nao confirmado,nao confirmado,DatInt,Configuracao/Admin,nao confirmado,Configuracao/Admin,data,"confirmado por schema: coluna existente no dicionario Paradox | confirmado por schema: arquivos de indice .PX,.XG0,.YG0",alta,confirmado por schema
CadInt,ESC\FILIAL\CadInt.DB,DatCnt,System.DateTime,8,0,nao confirmado,.PX;.XG0;.YG0,nao confirmado,nao confirmado,DatCnt,Configuracao/Admin,nao confirmado,Configuracao/Admin,data,"confirmado por schema: coluna existente no dicionario Paradox | confirmado por schema: arquivos de indice .PX,.XG0,.YG0",alta,confirmado por schema
CadInt,ESC\FILIAL\CadInt.DB,DatVAula,System.DateTime,8,0,nao confirmado,.PX;.XG0;.YG0,nao confirmado,nao confirmado,DatVAula,Configuracao/Admin,nao confirmado,Configuracao/Admin,data,"confirmado por schema: coluna existente no dicionario Paradox | confirmado por schema: arquivos de indice .PX,.XG0,.YG0",alta,confirmado por schema
CadRes,ESC\FILIAL\CadRes.DB,DatNasR,System.DateTime,8,0,nao confirmado,.PX,nao confirmado,nao confirmado,DatNasR,Configuracao/Admin,nao confirmado,Configuracao/Admin,data,confirmado por schema: coluna existente no dicionario Paradox | confirmado por schema: arquivos de indice .PX,alta,confirmado por schema
CadRes,ESC\FILIAL\CadRes.DB,DatNasR62,System.DateTime,8,0,nao confirmado,.PX,nao confirmado,nao confirmado,DatNasR62,Configuracao/Admin,nao confirmado,Configuracao/Admin,data,confirmado por schema: coluna existente no dicionario Paradox | confirmado por schema: arquivos de indice .PX,alta,confirmado por schema
CadTur,ESC\FILIAL\CadTur.DB,DatIni,System.DateTime,8,0,nao confirmado,.PX;.XG0;.YG0,nao confirmado,nao confirmado,DatIni,Configuracao/Admin,nao confirmado,Configuracao/Admin,data,"confirmado por schema: coluna existente no dicionario Paradox | confirmado por schema: arquivos de indice .PX,.XG0,.YG0",alta,confirmado por schema
CompTurmas,ESC\FILIAL\CompTurmas.DB,DatIniPg,System.DateTime,8,0,nao confirmado,.PX;.XG0;.XG1;.YG0;.YG1,nao confirmado,nao confirmado,DatIniPg,Configuracao/Admin,nao confirmado,Configuracao/Admin,data,"confirmado por schema: coluna existente no dicionario Paradox | confirmado por schema: arquivos de indice .PX,.XG0,.XG1,.YG0,.YG1",alta,confirmado por schema
CompTurmas,ESC\FILIAL\CompTurmas.DB,DatMat,System.DateTime,8,0,nao confirmado,.PX;.XG0;.XG1;.YG0;.YG1,nao confirmado,nao confirmado,DatMat,Configuracao/Admin,nao confirmado,Configuracao/Admin,data,"confirmado por schema: coluna existente no dicionario Paradox | confirmado por schema: arquivos de indice .PX,.XG0,.XG1,.YG0,.YG1",alta,confirmado por schema
MovPdv,ESC\FILIAL\MovPdv.DB,DatLan,System.DateTime,8,0,nao confirmado,.PX;.XG0;.XG1;.YG0;.YG1,nao confirmado,nao confirmado,DatLan,Configuracao/Admin,nao confirmado,Configuracao/Admin,data,"confirmado por schema: coluna existente no dicionario Paradox | confirmado por schema: arquivos de indice .PX,.XG0,.XG1,.YG0,.YG1",alta,confirmado por schema
NotasEsc,ESC\FILIAL\NotasEsc.DB,DatEmi,System.DateTime,8,0,nao confirmado,.PX;.XG0;.XG1;.YG0;.YG1,nao confirmado,nao confirmado,DatEmi,Configuracao/Admin,nao confirmado,Configuracao/Admin,data,"confirmado por schema: coluna existente no dicionario Paradox | confirmado por schema: arquivos de indice .PX,.XG0,.XG1,.YG0,.YG1",alta,confirmado por schema
NotasEsc,ESC\FILIAL\NotasEsc.DB,DataCanc,System.DateTime,8,0,nao confirmado,.PX;.XG0;.XG1;.YG0;.YG1,nao confirmado,nao confirmado,DataCanc,Configuracao/Admin,nao confirmado,Configuracao/Admin,data,"confirmado por schema: coluna existente no dicionario Paradox | confirmado por schema: arquivos de indice .PX,.XG0,.XG1,.YG0,.YG1",alta,confirmado por schema
NotasEsc,ESC\FILIAL\NotasEsc.DB,MotivoCanc,System.String,100,0,nao confirmado,.PX;.XG0;.XG1;.YG0;.YG1,nao confirmado,nao confirmado,MotivoCanc,Configuracao/Admin,nao confirmado,Configuracao/Admin,data,"confirmado por schema: coluna existente no dicionario Paradox | confirmado por schema: arquivos de indice .PX,.XG0,.XG1,.YG0,.YG1",alta,confirmado por schema
CadClaEst,EST\DADOS\CadClaEst.DB,DatCan,System.DateTime,8,0,nao confirmado,.PX;.XG0;.YG0,nao confirmado,nao confirmado,DatCan,Nao classificado,nao confirmado,Nao classificado,data,"confirmado por schema: coluna existente no dicionario Paradox | confirmado por schema: arquivos de indice .PX,.XG0,.YG0",alta,confirmado por schema
CadClaEst,EST\DADOS\CadClaEst.DB,MotivoCan,System.String,100,0,nao confirmado,.PX;.XG0;.YG0,nao confirmado,nao confirmado,MotivoCan,Nao classificado,nao confirmado,Nao classificado,data,"confirmado por schema: coluna existente no dicionario Paradox | confirmado por schema: arquivos de indice .PX,.XG0,.YG0",alta,confirmado por schema
CadClasFis,EST\DADOS\CadClasFis.DB,DatCan,System.DateTime,8,0,nao confirmado,.PX;.XG0;.YG0,nao confirmado,nao confirmado,DatCan,Nao classificado,nao confirmado,Nao classificado,data,"confirmado por schema: coluna existente no dicionario Paradox | confirmado por schema: arquivos de indice .PX,.XG0,.YG0",alta,confirmado por schema
CadClasFis,EST\DADOS\CadClasFis.DB,MotivoCan,System.String,100,0,nao confirmado,.PX;.XG0;.YG0,nao confirmado,nao confirmado,MotivoCan,Nao classificado,nao confirmado,Nao classificado,data,"confirmado por schema: coluna existente no dicionario Paradox | confirmado por schema: arquivos de indice .PX,.XG0,.YG0",alta,confirmado por schema
CadEst,EST\DADOS\CadEst.DB,DatCan,System.DateTime,8,0,nao confirmado,.PX;.XG0;.YG0,nao confirmado,nao confirmado,DatCan,Nao classificado,nao confirmado,Nao classificado,data,"confirmado por schema: coluna existente no dicionario Paradox | confirmado por schema: arquivos de indice .PX,.XG0,.YG0",alta,confirmado por schema
CadEst,EST\DADOS\CadEst.DB,MotivoCan,System.String,100,0,nao confirmado,.PX;.XG0;.YG0,nao confirmado,nao confirmado,MotivoCan,Nao classificado,nao confirmado,Nao classificado,data,"confirmado por schema: coluna existente no dicionario Paradox | confirmado por schema: arquivos de indice .PX,.XG0,.YG0",alta,confirmado por schema
CadFunEst,EST\DADOS\CadFunEst.DB,DatCan,System.DateTime,8,0,nao confirmado,.PX,nao confirmado,nao confirmado,DatCan,Nao classificado,nao confirmado,Nao classificado,data,confirmado por schema: coluna existente no dicionario Paradox | confirmado por schema: arquivos de indice .PX,alta,confirmado por schema
CadFunEst,EST\DADOS\CadFunEst.DB,MotivoCan,System.String,100,0,nao confirmado,.PX,nao confirmado,nao confirmado,MotivoCan,Nao classificado,nao confirmado,Nao classificado,data,confirmado por schema: coluna existente no dicionario Paradox | confirmado por schema: arquivos de indice .PX,alta,confirmado por schema
CadFunEst,EST\DADOS\CadFunEst.DB,HorCan,System.DateTime,8,0,nao confirmado,.PX,nao confirmado,nao confirmado,HorCan,Nao classificado,nao confirmado,Nao classificado,data,confirmado por schema: coluna existente no dicionario Paradox | confirmado por schema: arquivos de indice .PX,alta,confirmado por schema
CadGruEst1,EST\DADOS\CadGruEst1.DB,MotivoCan,System.String,100,0,nao confirmado,.PX;.XG0;.YG0,nao confirmado,nao confirmado,MotivoCan,Nao classificado,nao confirmado,Nao classificado,data,"confirmado por schema: coluna existente no dicionario Paradox | confirmado por schema: arquivos de indice .PX,.XG0,.YG0",alta,confirmado por schema
CadGruEst1,EST\DADOS\CadGruEst1.DB,DatCan,System.DateTime,8,0,nao confirmado,.PX;.XG0;.YG0,nao confirmado,nao confirmado,DatCan,Nao classificado,nao confirmado,Nao classificado,data,"confirmado por schema: coluna existente no dicionario Paradox | confirmado por schema: arquivos de indice .PX,.XG0,.YG0",alta,confirmado por schema
CadGruEst2,EST\DADOS\CadGruEst2.DB,MotivoCan,System.String,100,0,nao confirmado,.PX;.XG0;.YG0,nao confirmado,nao confirmado,MotivoCan,Nao classificado,nao confirmado,Nao classificado,data,"confirmado por schema: coluna existente no dicionario Paradox | confirmado por schema: arquivos de indice .PX,.XG0,.YG0",alta,confirmado por schema
CadGruEst2,EST\DADOS\CadGruEst2.DB,DatCan,System.DateTime,8,0,nao confirmado,.PX;.XG0;.YG0,nao confirmado,nao confirmado,DatCan,Nao classificado,nao confirmado,Nao classificado,data,"confirmado por schema: coluna existente no dicionario Paradox | confirmado por schema: arquivos de indice .PX,.XG0,.YG0",alta,confirmado por schema
CadGruEst3,EST\DADOS\CadGruEst3.DB,MotivoCan,System.String,100,0,nao confirmado,.PX;.XG0;.YG0,nao confirmado,nao confirmado,MotivoCan,Nao classificado,nao confirmado,Nao classificado,data,"confirmado por schema: coluna existente no dicionario Paradox | confirmado por schema: arquivos de indice .PX,.XG0,.YG0",alta,confirmado por schema
CadGruEst3,EST\DADOS\CadGruEst3.DB,DatCan,System.DateTime,8,0,nao confirmado,.PX;.XG0;.YG0,nao confirmado,nao confirmado,DatCan,Nao classificado,nao confirmado,Nao classificado,data,"confirmado por schema: coluna existente no dicionario Paradox | confirmado por schema: arquivos de indice .PX,.XG0,.YG0",alta,confirmado por schema
CadGruEst4,EST\DADOS\CadGruEst4.DB,MotivoCan,System.String,100,0,nao confirmado,.PX;.XG0;.YG0,nao confirmado,nao confirmado,MotivoCan,Nao classificado,nao confirmado,Nao classificado,data,"confirmado por schema: coluna existente no dicionario Paradox | confirmado por schema: arquivos de indice .PX,.XG0,.YG0",alta,confirmado por schema
CadGruEst4,EST\DADOS\CadGruEst4.DB,DatCan,System.DateTime,8,0,nao confirmado,.PX;.XG0;.YG0,nao confirmado,nao confirmado,DatCan,Nao classificado,nao confirmado,Nao classificado,data,"confirmado por schema: coluna existente no dicionario Paradox | confirmado por schema: arquivos de indice .PX,.XG0,.YG0",alta,confirmado por schema
CadLocEst,EST\DADOS\CadLocEst.DB,DatCan,System.DateTime,8,0,nao confirmado,.PX;.XG0;.YG0,nao confirmado,nao confirmado,DatCan,Nao classificado,nao confirmado,Nao classificado,data,"confirmado por schema: coluna existente no dicionario Paradox | confirmado por schema: arquivos de indice .PX,.XG0,.YG0",alta,confirmado por schema
CadLocEst,EST\DADOS\CadLocEst.DB,MotivoCan,System.String,100,0,nao confirmado,.PX;.XG0;.YG0,nao confirmado,nao confirmado,MotivoCan,Nao classificado,nao confirmado,Nao classificado,data,"confirmado por schema: coluna existente no dicionario Paradox | confirmado por schema: arquivos de indice .PX,.XG0,.YG0",alta,confirmado por schema
CadUniPro,EST\DADOS\CadUniPro.DB,DatCan,System.DateTime,8,0,nao confirmado,.PX;.XG0;.YG0,nao confirmado,nao confirmado,DatCan,Nao classificado,nao confirmado,Nao classificado,data,"confirmado por schema: coluna existente no dicionario Paradox | confirmado por schema: arquivos de indice .PX,.XG0,.YG0",alta,confirmado por schema
CadUniPro,EST\DADOS\CadUniPro.DB,MotivoCan,System.String,100,0,nao confirmado,.PX;.XG0;.YG0,nao confirmado,nao confirmado,MotivoCan,Nao classificado,nao confirmado,Nao classificado,data,"confirmado por schema: coluna existente no dicionario Paradox | confirmado por schema: arquivos de indice .PX,.XG0,.YG0",alta,confirmado por schema
EstMinMax,EST\DADOS\EstMinMax.DB,QdeMin,System.Double,8,0,nao confirmado,.PX;.XG0;.YG0,nao confirmado,nao confirmado,Quantidade,Nao classificado,nao confirmado,Nao classificado,data,"confirmado por schema: coluna existente no dicionario Paradox | confirmado por schema: arquivos de indice .PX,.XG0,.YG0",alta,confirmado por schema
GruProEst,EST\DADOS\GruProEst.DB,DatCan,System.DateTime,8,0,nao confirmado,.PX;.XG0;.YG0,nao confirmado,nao confirmado,DatCan,Nao classificado,nao confirmado,Nao classificado,data,"confirmado por schema: coluna existente no dicionario Paradox | confirmado por schema: arquivos de indice .PX,.XG0,.YG0",alta,confirmado por schema
GruProEst,EST\DADOS\GruProEst.DB,MotivoCan,System.String,100,0,nao confirmado,.PX;.XG0;.YG0,nao confirmado,nao confirmado,MotivoCan,Nao classificado,nao confirmado,Nao classificado,data,"confirmado por schema: coluna existente no dicionario Paradox | confirmado por schema: arquivos de indice .PX,.XG0,.YG0",alta,confirmado por schema
Legislacao,EST\DADOS\Legislacao.DB,Percentual,System.Double,8,0,nao confirmado,.PX;.XG0;.YG0,nao confirmado,nao confirmado,Percentual,Nao classificado,nao confirmado,Nao classificado,data,"confirmado por schema: coluna existente no dicionario Paradox | confirmado por schema: arquivos de indice .PX,.XG0,.YG0",alta,confirmado por schema
Legislacao,EST\DADOS\Legislacao.DB,MotivoCan,System.String,100,0,nao confirmado,.PX;.XG0;.YG0,nao confirmado,nao confirmado,MotivoCan,Nao classificado,nao confirmado,Nao classificado,data,"confirmado por schema: coluna existente no dicionario Paradox | confirmado por schema: arquivos de indice .PX,.XG0,.YG0",alta,confirmado por schema
Legislacao,EST\DADOS\Legislacao.DB,DatCan,System.DateTime,8,0,nao confirmado,.PX;.XG0;.YG0,nao confirmado,nao confirmado,DatCan,Nao classificado,nao confirmado,Nao classificado,data,"confirmado por schema: coluna existente no dicionario Paradox | confirmado por schema: arquivos de indice .PX,.XG0,.YG0",alta,confirmado por schema
MarcasEst,EST\DADOS\MarcasEst.DB,MotivoCan,System.String,100,0,nao confirmado,.PX;.XG0;.YG0,nao confirmado,nao confirmado,MotivoCan,Produtos/Servicos,nao confirmado,Produtos/Servicos,data,"confirmado por schema: coluna existente no dicionario Paradox | confirmado por schema: arquivos de indice .PX,.XG0,.YG0",alta,confirmado por schema
MarcasEst,EST\DADOS\MarcasEst.DB,DatCan,System.DateTime,8,0,nao confirmado,.PX;.XG0;.YG0,nao confirmado,nao confirmado,DatCan,Produtos/Servicos,nao confirmado,Produtos/Servicos,data,"confirmado por schema: coluna existente no dicionario Paradox | confirmado por schema: arquivos de indice .PX,.XG0,.YG0",alta,confirmado por schema
ProdEst,EST\DADOS\ProdEst.DB,MotivoCan,System.String,100,0,nao confirmado,.PX;.XG0;.YG0,nao confirmado,nao confirmado,MotivoCan,Estoque,nao confirmado,Estoque,data,"confirmado por schema: coluna existente no dicionario Paradox | confirmado por schema: arquivos de indice .PX,.XG0,.YG0",alta,confirmado por schema
ProdEst,EST\DADOS\ProdEst.DB,DatCan,System.DateTime,8,0,nao confirmado,.PX;.XG0;.YG0,nao confirmado,nao confirmado,DatCan,Estoque,nao confirmado,Estoque,data,"confirmado por schema: coluna existente no dicionario Paradox | confirmado por schema: arquivos de indice .PX,.XG0,.YG0",alta,confirmado por schema
TabPrecoEst,EST\DADOS\TabPrecoEst.DB,DatCan,System.DateTime,8,0,nao confirmado,.PX;.XG0;.YG0,nao confirmado,nao confirmado,DatCan,Produtos/Servicos,nao confirmado,Produtos/Servicos,data,"confirmado por schema: coluna existente no dicionario Paradox | confirmado por schema: arquivos de indice .PX,.XG0,.YG0",alta,confirmado por schema
TabPrecoEst,EST\DADOS\TabPrecoEst.DB,MotivoCan,System.String,100,0,nao confirmado,.PX;.XG0;.YG0,nao confirmado,nao confirmado,MotivoCan,Produtos/Servicos,nao confirmado,Produtos/Servicos,data,"confirmado por schema: coluna existente no dicionario Paradox | confirmado por schema: arquivos de indice .PX,.XG0,.YG0",alta,confirmado por schema
TpVendas,EST\DADOS\TpVendas.DB,MotivoCan,System.String,100,0,nao confirmado,.PX;.XG0;.YG0,nao confirmado,nao confirmado,MotivoCan,Nao classificado,nao confirmado,Nao classificado,data,"confirmado por schema: coluna existente no dicionario Paradox | confirmado por schema: arquivos de indice .PX,.XG0,.YG0",alta,confirmado por schema
TpVendas,EST\DADOS\TpVendas.DB,DatCan,System.DateTime,8,0,nao confirmado,.PX;.XG0;.YG0,nao confirmado,nao confirmado,DatCan,Nao classificado,nao confirmado,Nao classificado,data,"confirmado por schema: coluna existente no dicionario Paradox | confirmado por schema: arquivos de indice .PX,.XG0,.YG0",alta,confirmado por schema
TpVendas,EST\DADOS\TpVendas.DB,EntSai,System.String,2,0,nao confirmado,.PX;.XG0;.YG0,nao confirmado,nao confirmado,EntSai,Nao classificado,nao confirmado,Nao classificado,data,"confirmado por schema: coluna existente no dicionario Paradox | confirmado por schema: arquivos de indice .PX,.XG0,.YG0",alta,confirmado por schema
CliContEst,EST\FILIAL\CliContEst.DB,DatIniCont,System.DateTime,8,0,nao confirmado,.PX;.XG0;.YG0,nao confirmado,nao confirmado,DatIniCont,Clientes,nao confirmado,Clientes,data,"confirmado por schema: coluna existente no dicionario Paradox | confirmado por schema: arquivos de indice .PX,.XG0,.YG0",alta,confirmado por schema
CliContEst,EST\FILIAL\CliContEst.DB,DiaVenc,System.String,4,0,nao confirmado,.PX;.XG0;.YG0,nao confirmado,nao confirmado,DiaVenc,Clientes,nao confirmado,Clientes,data,"confirmado por schema: coluna existente no dicionario Paradox | confirmado por schema: arquivos de indice .PX,.XG0,.YG0",alta,confirmado por schema
CliContEst,EST\FILIAL\CliContEst.DB,EmiBol,System.String,2,0,nao confirmado,.PX;.XG0;.YG0,nao confirmado,nao confirmado,EmiBol,Clientes,nao confirmado,Clientes,data,"confirmado por schema: coluna existente no dicionario Paradox | confirmado por schema: arquivos de indice .PX,.XG0,.YG0",alta,confirmado por schema
CliContEst,EST\FILIAL\CliContEst.DB,EmiNot,System.String,2,0,nao confirmado,.PX;.XG0;.YG0,nao confirmado,nao confirmado,EmiNot,Clientes,nao confirmado,Clientes,data,"confirmado por schema: coluna existente no dicionario Paradox | confirmado por schema: arquivos de indice .PX,.XG0,.YG0",alta,confirmado por schema
MovEst,EST\FILIAL\MovEst.DB,DatLan,System.DateTime,8,0,nao confirmado,.PX;.XG0;.XG1;.XG2;.XG3;.XG4;.XG5;.XG6;.XG7;.YG0;.YG1;.YG2;.YG3;.YG4;.YG5;.YG6;.YG7,nao confirmado,nao confirmado,DatLan,Estoque,nao confirmado,Estoque,data,"confirmado por schema: coluna existente no dicionario Paradox | confirmado por schema: arquivos de indice .PX,.XG0,.XG1,.XG2,.XG3,.XG4",alta,confirmado por schema
MovEst,EST\FILIAL\MovEst.DB,ValTot,System.Double,8,0,nao confirmado,.PX;.XG0;.XG1;.XG2;.XG3;.XG4;.XG5;.XG6;.XG7;.YG0;.YG1;.YG2;.YG3;.YG4;.YG5;.YG6;.YG7,nao confirmado,nao confirmado,Total,Estoque,nao confirmado,Estoque,data,"confirmado por schema: coluna existente no dicionario Paradox | confirmado por schema: arquivos de indice .PX,.XG0,.XG1,.XG2,.XG3,.XG4",alta,confirmado por schema
MovEstCan,EST\FILIAL\MovEstCan.DB,DatCan,System.DateTime,8,0,nao confirmado,.PX;.XG0;.YG0,nao confirmado,nao confirmado,DatCan,Estoque,nao confirmado,Estoque,data,"confirmado por schema: coluna existente no dicionario Paradox | confirmado por schema: arquivos de indice .PX,.XG0,.YG0",alta,confirmado por schema
MovEstCan,EST\FILIAL\MovEstCan.DB,MotivoCan,System.String,200,0,nao confirmado,.PX;.XG0;.YG0,nao confirmado,nao confirmado,MotivoCan,Estoque,nao confirmado,Estoque,data,"confirmado por schema: coluna existente no dicionario Paradox | confirmado por schema: arquivos de indice .PX,.XG0,.YG0",alta,confirmado por schema
MovEstEnc,EST\FILIAL\MovEstEnc.DB,DatEnc,System.DateTime,8,0,nao confirmado,.PX;.XG0;.XG1;.XG2;.YG0;.YG1;.YG2,nao confirmado,nao confirmado,DatEnc,Estoque,nao confirmado,Estoque,data,"confirmado por schema: coluna existente no dicionario Paradox | confirmado por schema: arquivos de indice .PX,.XG0,.XG1,.XG2,.YG0,.YG1",alta,confirmado por schema
MovKit,EST\FILIAL\MovKit.DB,DatLan,System.DateTime,8,0,nao confirmado,.PX,nao confirmado,nao confirmado,DatLan,Configuracao/Admin,nao confirmado,Configuracao/Admin,data,confirmado por schema: coluna existente no dicionario Paradox | confirmado por schema: arquivos de indice .PX,alta,confirmado por schema
PedCompra,EST\FILIAL\PedCompra.DB,DatPed,System.DateTime,8,0,nao confirmado,.PX;.XG0;.XG1;.XG2;.YG0;.YG1;.YG2,nao confirmado,nao confirmado,DatPed,Configuracao/Admin,nao confirmado,Configuracao/Admin,data,"confirmado por schema: coluna existente no dicionario Paradox | confirmado por schema: arquivos de indice .PX,.XG0,.XG1,.XG2,.YG0,.YG1",alta,confirmado por schema
PedCompra,EST\FILIAL\PedCompra.DB,DatConfPed,System.DateTime,8,0,nao confirmado,.PX;.XG0;.XG1;.XG2;.YG0;.YG1;.YG2,nao confirmado,nao confirmado,DatConfPed,Configuracao/Admin,nao confirmado,Configuracao/Admin,data,"confirmado por schema: coluna existente no dicionario Paradox | confirmado por schema: arquivos de indice .PX,.XG0,.XG1,.XG2,.YG0,.YG1",alta,confirmado por schema
PedCompra,EST\FILIAL\PedCompra.DB,ValTotal,System.Double,8,0,nao confirmado,.PX;.XG0;.XG1;.XG2;.YG0;.YG1;.YG2,nao confirmado,nao confirmado,Total,Configuracao/Admin,nao confirmado,Configuracao/Admin,data,"confirmado por schema: coluna existente no dicionario Paradox | confirmado por schema: arquivos de indice .PX,.XG0,.XG1,.XG2,.YG0,.YG1",alta,confirmado por schema
PedCompra,EST\FILIAL\PedCompra.DB,EmitNot,System.String,2,0,nao confirmado,.PX;.XG0;.XG1;.XG2;.YG0;.YG1;.YG2,nao confirmado,nao confirmado,EmitNot,Configuracao/Admin,nao confirmado,Configuracao/Admin,data,"confirmado por schema: coluna existente no dicionario Paradox | confirmado por schema: arquivos de indice .PX,.XG0,.XG1,.XG2,.YG0,.YG1",alta,confirmado por schema
PedCompra,EST\FILIAL\PedCompra.DB,EmitBol,System.String,2,0,nao confirmado,.PX;.XG0;.XG1;.XG2;.YG0;.YG1;.YG2,nao confirmado,nao confirmado,EmitBol,Configuracao/Admin,nao confirmado,Configuracao/Admin,data,"confirmado por schema: coluna existente no dicionario Paradox | confirmado por schema: arquivos de indice .PX,.XG0,.XG1,.XG2,.YG0,.YG1",alta,confirmado por schema
PedCompraCanc,EST\FILIAL\PedCompraCanc.DB,DatCan,System.DateTime,8,0,nao confirmado,.PX;.XG0;.YG0,nao confirmado,nao confirmado,DatCan,Configuracao/Admin,nao confirmado,Configuracao/Admin,data,"confirmado por schema: coluna existente no dicionario Paradox | confirmado por schema: arquivos de indice .PX,.XG0,.YG0",alta,confirmado por schema
PedCompraCanc,EST\FILIAL\PedCompraCanc.DB,HorCan,System.DateTime,8,0,nao confirmado,.PX;.XG0;.YG0,nao confirmado,nao confirmado,HorCan,Configuracao/Admin,nao confirmado,Configuracao/Admin,data,"confirmado por schema: coluna existente no dicionario Paradox | confirmado por schema: arquivos de indice .PX,.XG0,.YG0",alta,confirmado por schema
PedCompraCanc,EST\FILIAL\PedCompraCanc.DB,MotivoCan,System.String,200,0,nao confirmado,.PX;.XG0;.YG0,nao confirmado,nao confirmado,MotivoCan,Configuracao/Admin,nao confirmado,Configuracao/Admin,data,"confirmado por schema: coluna existente no dicionario Paradox | confirmado por schema: arquivos de indice .PX,.XG0,.YG0",alta,confirmado por schema
PedConf,EST\FILIAL\PedConf.DB,DatConf,System.DateTime,8,0,nao confirmado,.PX;.XG0;.XG1;.YG0;.YG1,nao confirmado,nao confirmado,DatConf,Configuracao/Admin,nao confirmado,Configuracao/Admin,data,"confirmado por schema: coluna existente no dicionario Paradox | confirmado por schema: arquivos de indice .PX,.XG0,.XG1,.YG0,.YG1",alta,confirmado por schema
PedVenConf,EST\FILIAL\PedVenConf.DB,DatConf,System.DateTime,8,0,nao confirmado,.PX;.XG0;.XG1;.YG0;.YG1,nao confirmado,nao confirmado,DatConf,Configuracao/Admin,nao confirmado,Configuracao/Admin,data,"confirmado por schema: coluna existente no dicionario Paradox | confirmado por schema: arquivos de indice .PX,.XG0,.XG1,.YG0,.YG1",alta,confirmado por schema
PedVenda,EST\FILIAL\PedVenda.DB,DatPed,System.DateTime,8,0,nao confirmado,.PX;.XG0;.XG1;.XG2;.YG0;.YG1;.YG2,nao confirmado,nao confirmado,DatPed,Configuracao/Admin,nao confirmado,Configuracao/Admin,data,"confirmado por schema: coluna existente no dicionario Paradox | confirmado por schema: arquivos de indice .PX,.XG0,.XG1,.XG2,.YG0,.YG1",alta,confirmado por schema
PedVenda,EST\FILIAL\PedVenda.DB,DatConfPed,System.DateTime,8,0,nao confirmado,.PX;.XG0;.XG1;.XG2;.YG0;.YG1;.YG2,nao confirmado,nao confirmado,DatConfPed,Configuracao/Admin,nao confirmado,Configuracao/Admin,data,"confirmado por schema: coluna existente no dicionario Paradox | confirmado por schema: arquivos de indice .PX,.XG0,.XG1,.XG2,.YG0,.YG1",alta,confirmado por schema
PedVenda,EST\FILIAL\PedVenda.DB,ValTotal,System.Double,8,0,nao confirmado,.PX;.XG0;.XG1;.XG2;.YG0;.YG1;.YG2,nao confirmado,nao confirmado,Total,Configuracao/Admin,nao confirmado,Configuracao/Admin,data,"confirmado por schema: coluna existente no dicionario Paradox | confirmado por schema: arquivos de indice .PX,.XG0,.XG1,.XG2,.YG0,.YG1",alta,confirmado por schema
PedVenda,EST\FILIAL\PedVenda.DB,EmitNot,System.String,2,0,nao confirmado,.PX;.XG0;.XG1;.XG2;.YG0;.YG1;.YG2,nao confirmado,nao confirmado,EmitNot,Configuracao/Admin,nao confirmado,Configuracao/Admin,data,"confirmado por schema: coluna existente no dicionario Paradox | confirmado por schema: arquivos de indice .PX,.XG0,.XG1,.XG2,.YG0,.YG1",alta,confirmado por schema
PedVenda,EST\FILIAL\PedVenda.DB,EmitBol,System.String,2,0,nao confirmado,.PX;.XG0;.XG1;.XG2;.YG0;.YG1;.YG2,nao confirmado,nao confirmado,EmitBol,Configuracao/Admin,nao confirmado,Configuracao/Admin,data,"confirmado por schema: coluna existente no dicionario Paradox | confirmado por schema: arquivos de indice .PX,.XG0,.XG1,.XG2,.YG0,.YG1",alta,confirmado por schema
PedVendaCanc,EST\FILIAL\PedVendaCanc.DB,DatCan,System.DateTime,8,0,nao confirmado,.PX;.XG0;.YG0,nao confirmado,nao confirmado,DatCan,Configuracao/Admin,nao confirmado,Configuracao/Admin,data,"confirmado por schema: coluna existente no dicionario Paradox | confirmado por schema: arquivos de indice .PX,.XG0,.YG0",alta,confirmado por schema
PedVendaCanc,EST\FILIAL\PedVendaCanc.DB,HorCan,System.DateTime,8,0,nao confirmado,.PX;.XG0;.YG0,nao confirmado,nao confirmado,HorCan,Configuracao/Admin,nao confirmado,Configuracao/Admin,data,"confirmado por schema: coluna existente no dicionario Paradox | confirmado por schema: arquivos de indice .PX,.XG0,.YG0",alta,confirmado por schema
PedVendaCanc,EST\FILIAL\PedVendaCanc.DB,MotivoCan,System.String,200,0,nao confirmado,.PX;.XG0;.YG0,nao confirmado,nao confirmado,MotivoCan,Configuracao/Admin,nao confirmado,Configuracao/Admin,data,"confirmado por schema: coluna existente no dicionario Paradox | confirmado por schema: arquivos de indice .PX,.XG0,.YG0",alta,confirmado por schema
ArqLavSoft,Estruturas\ArqLavSoft.DB,Pagina,System.Int32,4,0,nao confirmado,.PX,nao confirmado,nao confirmado,Pagina,Nao classificado,nao confirmado,Nao classificado,data,confirmado por schema: coluna existente no dicionario Paradox | confirmado por schema: arquivos de indice .PX,alta,confirmado por schema
ArqLavSoft,Estruturas\ArqLavSoft.DB,DatEnc,System.String,40,0,nao confirmado,.PX,nao confirmado,nao confirmado,DatEnc,Nao classificado,nao confirmado,Nao classificado,data,confirmado por schema: coluna existente no dicionario Paradox | confirmado por schema: arquivos de indice .PX,alta,confirmado por schema
CamLavSoft,Estruturas\CamLavSoft.DB,DataCriado,System.DateTime,8,0,nao confirmado,.PX;.XG0;.XG1;.YG0;.YG1,nao confirmado,nao confirmado,DataCriado,Nao classificado,nao confirmado,Nao classificado,data,"confirmado por schema: coluna existente no dicionario Paradox | confirmado por schema: arquivos de indice .PX,.XG0,.XG1,.YG0,.YG1",alta,confirmado por schema
GruOp,Estruturas\GruOp.DB,DatCad,System.DateTime,8,0,nao confirmado,.PX,nao confirmado,nao confirmado,DatCad,Nao classificado,nao confirmado,Nao classificado,data,confirmado por schema: coluna existente no dicionario Paradox | confirmado por schema: arquivos de indice .PX,alta,confirmado por schema
IndLavSoft,Estruturas\IndLavSoft.DB,DataCriado,System.DateTime,8,0,nao confirmado,.PX;.XG0;.XG1;.YG0;.YG1,nao confirmado,nao confirmado,DataCriado,Nao classificado,nao confirmado,Nao classificado,data,"confirmado por schema: coluna existente no dicionario Paradox | confirmado por schema: arquivos de indice .PX,.XG0,.XG1,.YG0,.YG1",alta,confirmado por schema
Janela,Estruturas\Janela.DB,DatCad,System.DateTime,8,0,nao confirmado,.PX,nao confirmado,nao confirmado,DatCad,Nao classificado,nao confirmado,Nao classificado,data,confirmado por schema: coluna existente no dicionario Paradox | confirmado por schema: arquivos de indice .PX,alta,confirmado por schema
MigraNuvem,Estruturas\MigraNuvem.DB,IndiceMigra,System.String,40,0,nao confirmado,.PX,nao confirmado,nao confirmado,IndiceMigra,Nao classificado,nao confirmado,Nao classificado,data,confirmado por schema: coluna existente no dicionario Paradox | confirmado por schema: arquivos de indice .PX,alta,confirmado por schema
VERIFY,Exe\VERIFY.DB,Date,System.DateTime,8,0,nao confirmado,,nao confirmado,nao confirmado,Date,Nao classificado,nao confirmado,Nao classificado,data,confirmado por schema: coluna existente no dicionario Paradox,media,confirmado por schema
CadClaAlt,Filiais\MOVANTIGA\GER\DADOS\CadClaAlt.DB,ObsClaAlt,System.String,40,0,nao confirmado,.PX;.XG0;.YG0,nao confirmado,nao confirmado,ObsClaAlt,Nao classificado,nao confirmado,Nao classificado,data,"confirmado por schema: coluna existente no dicionario Paradox | confirmado por schema: arquivos de indice .PX,.XG0,.YG0",alta,confirmado por schema
CadClaAlt,Filiais\MOVANTIGA\GER\DADOS\CadClaAlt.DB,MotivoCan,System.String,100,0,nao confirmado,.PX;.XG0;.YG0,nao confirmado,nao confirmado,MotivoCan,Nao classificado,nao confirmado,Nao classificado,data,"confirmado por schema: coluna existente no dicionario Paradox | confirmado por schema: arquivos de indice .PX,.XG0,.YG0",alta,confirmado por schema
CadClaAlt,Filiais\MOVANTIGA\GER\DADOS\CadClaAlt.DB,DatCan,System.DateTime,8,0,nao confirmado,.PX;.XG0;.YG0,nao confirmado,nao confirmado,DatCan,Nao classificado,nao confirmado,Nao classificado,data,"confirmado por schema: coluna existente no dicionario Paradox | confirmado por schema: arquivos de indice .PX,.XG0,.YG0",alta,confirmado por schema
Backup,Ger\Dados\Backup.DB,Data,System.DateTime,8,0,nao confirmado,,nao confirmado,nao confirmado,Data,Nao classificado,nao confirmado,Nao classificado,data,confirmado por schema: coluna existente no dicionario Paradox,media,confirmado por schema
Clientes,Ger\Dados\Backup\Clientes.DB,EstEntCli,System.String,4,0,nao confirmado,.PX;.XG0;.XG1;.XG2;.XG3;.XG4;.XG5;.XG6;.XG7;.XG8;.XG9;.XGA;.YG0;.YG1;.YG2;.YG3;.YG4;.YG5;.YG6;.YG7;.YG8;.YG9;.YGA,nao confirmado,nao confirmado,EstEntCli,Clientes,nao confirmado,Clientes,data,"confirmado por schema: coluna existente no dicionario Paradox | confirmado por schema: arquivos de indice .PX,.XG0,.XG1,.XG2,.XG3,.XG4",alta,confirmado por schema
Clientes,Ger\Dados\Backup\Clientes.DB,DatCad,System.DateTime,8,0,nao confirmado,.PX;.XG0;.XG1;.XG2;.XG3;.XG4;.XG5;.XG6;.XG7;.XG8;.XG9;.XGA;.YG0;.YG1;.YG2;.YG3;.YG4;.YG5;.YG6;.YG7;.YG8;.YG9;.YGA,nao confirmado,nao confirmado,DatCad,Clientes,nao confirmado,Clientes,data,"confirmado por schema: coluna existente no dicionario Paradox | confirmado por schema: arquivos de indice .PX,.XG0,.XG1,.XG2,.XG3,.XG4",alta,confirmado por schema
Clientes,Ger\Dados\Backup\Clientes.DB,EntPVisita,System.String,2,0,nao confirmado,.PX;.XG0;.XG1;.XG2;.XG3;.XG4;.XG5;.XG6;.XG7;.XG8;.XG9;.XGA;.YG0;.YG1;.YG2;.YG3;.YG4;.YG5;.YG6;.YG7;.YG8;.YG9;.YGA,nao confirmado,nao confirmado,EntPVisita,Clientes,nao confirmado,Clientes,data,"confirmado por schema: coluna existente no dicionario Paradox | confirmado por schema: arquivos de indice .PX,.XG0,.XG1,.XG2,.XG3,.XG4",alta,confirmado por schema
Clientes,Ger\Dados\Backup\Clientes.DB,TipoEntrega,System.String,2,0,nao confirmado,.PX;.XG0;.XG1;.XG2;.XG3;.XG4;.XG5;.XG6;.XG7;.XG8;.XG9;.XGA;.YG0;.YG1;.YG2;.YG3;.YG4;.YG5;.YG6;.YG7;.YG8;.YG9;.YGA,nao confirmado,nao confirmado,TipoEntrega,Clientes,nao confirmado,Clientes,data,"confirmado por schema: coluna existente no dicionario Paradox | confirmado por schema: arquivos de indice .PX,.XG0,.XG1,.XG2,.XG3,.XG4",alta,confirmado por schema
Clientes,Ger\Dados\Backup\Clientes.DB,DatNas,System.DateTime,8,0,nao confirmado,.PX;.XG0;.XG1;.XG2;.XG3;.XG4;.XG5;.XG6;.XG7;.XG8;.XG9;.XGA;.YG0;.YG1;.YG2;.YG3;.YG4;.YG5;.YG6;.YG7;.YG8;.YG9;.YGA,nao confirmado,nao confirmado,DatNas,Clientes,nao confirmado,Clientes,data,"confirmado por schema: coluna existente no dicionario Paradox | confirmado por schema: arquivos de indice .PX,.XG0,.XG1,.XG2,.XG3,.XG4",alta,confirmado por schema
Clientes,Ger\Dados\Backup\Clientes.DB,ConEmiCar,System.String,2,0,nao confirmado,.PX;.XG0;.XG1;.XG2;.XG3;.XG4;.XG5;.XG6;.XG7;.XG8;.XG9;.XGA;.YG0;.YG1;.YG2;.YG3;.YG4;.YG5;.YG6;.YG7;.YG8;.YG9;.YGA,nao confirmado,nao confirmado,ConEmiCar,Clientes,nao confirmado,Clientes,data,"confirmado por schema: coluna existente no dicionario Paradox | confirmado por schema: arquivos de indice .PX,.XG0,.XG1,.XG2,.XG3,.XG4",alta,confirmado por schema
Clientes,Ger\Dados\Backup\Clientes.DB,EmiNot,System.String,2,0,nao confirmado,.PX;.XG0;.XG1;.XG2;.XG3;.XG4;.XG5;.XG6;.XG7;.XG8;.XG9;.XGA;.YG0;.YG1;.YG2;.YG3;.YG4;.YG5;.YG6;.YG7;.YG8;.YG9;.YGA,nao confirmado,nao confirmado,EmiNot,Clientes,nao confirmado,Clientes,data,"confirmado por schema: coluna existente no dicionario Paradox | confirmado por schema: arquivos de indice .PX,.XG0,.XG1,.XG2,.XG3,.XG4",alta,confirmado por schema
Clientes,Ger\Dados\Backup\Clientes.DB,EmiBol,System.String,2,0,nao confirmado,.PX;.XG0;.XG1;.XG2;.XG3;.XG4;.XG5;.XG6;.XG7;.XG8;.XG9;.XGA;.YG0;.YG1;.YG2;.YG3;.YG4;.YG5;.YG6;.YG7;.YG8;.YG9;.YGA,nao confirmado,nao confirmado,EmiBol,Clientes,nao confirmado,Clientes,data,"confirmado por schema: coluna existente no dicionario Paradox | confirmado por schema: arquivos de indice .PX,.XG0,.XG1,.XG2,.XG3,.XG4",alta,confirmado por schema
Clientes,Ger\Dados\Backup\Clientes.DB,EmitDup,System.String,2,0,nao confirmado,.PX;.XG0;.XG1;.XG2;.XG3;.XG4;.XG5;.XG6;.XG7;.XG8;.XG9;.XGA;.YG0;.YG1;.YG2;.YG3;.YG4;.YG5;.YG6;.YG7;.YG8;.YG9;.YGA,nao confirmado,nao confirmado,EmitDup,Clientes,nao confirmado,Clientes,data,"confirmado por schema: coluna existente no dicionario Paradox | confirmado por schema: arquivos de indice .PX,.XG0,.XG1,.XG2,.XG3,.XG4",alta,confirmado por schema
Clientes,Ger\Dados\Backup\Clientes.DB,DatCan,System.DateTime,8,0,nao confirmado,.PX;.XG0;.XG1;.XG2;.XG3;.XG4;.XG5;.XG6;.XG7;.XG8;.XG9;.XGA;.YG0;.YG1;.YG2;.YG3;.YG4;.YG5;.YG6;.YG7;.YG8;.YG9;.YGA,nao confirmado,nao confirmado,DatCan,Clientes,nao confirmado,Clientes,data,"confirmado por schema: coluna existente no dicionario Paradox | confirmado por schema: arquivos de indice .PX,.XG0,.XG1,.XG2,.XG3,.XG4",alta,confirmado por schema
Clientes,Ger\Dados\Backup\Clientes.DB,ComisVen,System.Double,8,0,nao confirmado,.PX;.XG0;.XG1;.XG2;.XG3;.XG4;.XG5;.XG6;.XG7;.XG8;.XG9;.XGA;.YG0;.YG1;.YG2;.YG3;.YG4;.YG5;.YG6;.YG7;.YG8;.YG9;.YGA,nao confirmado,nao confirmado,ComisVen,Clientes,nao confirmado,Clientes,data,"confirmado por schema: coluna existente no dicionario Paradox | confirmado por schema: arquivos de indice .PX,.XG0,.XG1,.XG2,.XG3,.XG4",alta,confirmado por schema
Clientes,Ger\Dados\Backup\Clientes.DB,OEmissor,System.String,20,0,nao confirmado,.PX;.XG0;.XG1;.XG2;.XG3;.XG4;.XG5;.XG6;.XG7;.XG8;.XG9;.XGA;.YG0;.YG1;.YG2;.YG3;.YG4;.YG5;.YG6;.YG7;.YG8;.YG9;.YGA,nao confirmado,nao confirmado,OEmissor,Clientes,nao confirmado,Clientes,data,"confirmado por schema: coluna existente no dicionario Paradox | confirmado por schema: arquivos de indice .PX,.XG0,.XG1,.XG2,.XG3,.XG4",alta,confirmado por schema
Clientes,Ger\Dados\Backup\Clientes.DB,HorCan,System.DateTime,8,0,nao confirmado,.PX;.XG0;.XG1;.XG2;.XG3;.XG4;.XG5;.XG6;.XG7;.XG8;.XG9;.XGA;.YG0;.YG1;.YG2;.YG3;.YG4;.YG5;.YG6;.YG7;.YG8;.YG9;.YGA,nao confirmado,nao confirmado,HorCan,Clientes,nao confirmado,Clientes,data,"confirmado por schema: coluna existente no dicionario Paradox | confirmado por schema: arquivos de indice .PX,.XG0,.XG1,.XG2,.XG3,.XG4",alta,confirmado por schema
Clientes,Ger\Dados\Backup\Clientes.DB,DiaPadPag,System.Int32,4,0,nao confirmado,.PX;.XG0;.XG1;.XG2;.XG3;.XG4;.XG5;.XG6;.XG7;.XG8;.XG9;.XGA;.YG0;.YG1;.YG2;.YG3;.YG4;.YG5;.YG6;.YG7;.YG8;.YG9;.YGA,nao confirmado,nao confirmado,DiaPadPag,Clientes,nao confirmado,Clientes,data,"confirmado por schema: coluna existente no dicionario Paradox | confirmado por schema: arquivos de indice .PX,.XG0,.XG1,.XG2,.XG3,.XG4",alta,confirmado por schema
Clientes,Ger\Dados\Backup\Clientes.DB,ControlEnt,System.String,2,0,nao confirmado,.PX;.XG0;.XG1;.XG2;.XG3;.XG4;.XG5;.XG6;.XG7;.XG8;.XG9;.XGA;.YG0;.YG1;.YG2;.YG3;.YG4;.YG5;.YG6;.YG7;.YG8;.YG9;.YGA,nao confirmado,possivel,ROL,Clientes,nao confirmado,Clientes,data,"confirmado por schema: coluna existente no dicionario Paradox | confirmado por schema: arquivos de indice .PX,.XG0,.XG1,.XG2,.XG3,.XG4",alta,confirmado por schema
Clientes,Ger\Dados\Backup\Clientes.DB,DatFil,System.DateTime,8,0,nao confirmado,.PX;.XG0;.XG1;.XG2;.XG3;.XG4;.XG5;.XG6;.XG7;.XG8;.XG9;.XGA;.YG0;.YG1;.YG2;.YG3;.YG4;.YG5;.YG6;.YG7;.YG8;.YG9;.YGA,nao confirmado,nao confirmado,DatFil,Clientes,nao confirmado,Clientes,data,"confirmado por schema: coluna existente no dicionario Paradox | confirmado por schema: arquivos de indice .PX,.XG0,.XG1,.XG2,.XG3,.XG4",alta,confirmado por schema
CadArea,Ger\Dados\CadArea.DB,DatCan,System.DateTime,8,0,nao confirmado,.PX;.XG0;.YG0,nao confirmado,nao confirmado,DatCan,Nao classificado,nao confirmado,Nao classificado,data,"confirmado por schema: coluna existente no dicionario Paradox | confirmado por schema: arquivos de indice .PX,.XG0,.YG0",alta,confirmado por schema
CadArea,Ger\Dados\CadArea.DB,MotivoCan,System.String,100,0,nao confirmado,.PX;.XG0;.YG0,nao confirmado,nao confirmado,MotivoCan,Nao classificado,nao confirmado,Nao classificado,data,"confirmado por schema: coluna existente no dicionario Paradox | confirmado por schema: arquivos de indice .PX,.XG0,.YG0",alta,confirmado por schema
CadCenCus,Ger\Dados\CadCenCus.DB,DatCan,System.DateTime,8,0,nao confirmado,.PX;.XG0;.XG1;.YG0;.YG1,nao confirmado,nao confirmado,DatCan,Nao classificado,nao confirmado,Nao classificado,data,"confirmado por schema: coluna existente no dicionario Paradox | confirmado por schema: arquivos de indice .PX,.XG0,.XG1,.YG0,.YG1",alta,confirmado por schema
CadCenCus,Ger\Dados\CadCenCus.DB,MotivoCan,System.String,100,0,nao confirmado,.PX;.XG0;.XG1;.YG0;.YG1,nao confirmado,nao confirmado,MotivoCan,Nao classificado,nao confirmado,Nao classificado,data,"confirmado por schema: coluna existente no dicionario Paradox | confirmado por schema: arquivos de indice .PX,.XG0,.XG1,.YG0,.YG1",alta,confirmado por schema
CadCenCus,Ger\Dados\CadCenCus.DB,CentroNeg,System.String,10,0,nao confirmado,.PX;.XG0;.XG1;.YG0;.YG1,nao confirmado,nao confirmado,CentroNeg,Nao classificado,nao confirmado,Nao classificado,data,"confirmado por schema: coluna existente no dicionario Paradox | confirmado por schema: arquivos de indice .PX,.XG0,.XG1,.YG0,.YG1",alta,confirmado por schema
CadClaAlt,Ger\Dados\CadClaAlt.DB,ObsClaAlt,System.String,40,0,nao confirmado,.PX;.XG0;.YG0,nao confirmado,nao confirmado,ObsClaAlt,Nao classificado,nao confirmado,Nao classificado,data,"confirmado por schema: coluna existente no dicionario Paradox | confirmado por schema: arquivos de indice .PX,.XG0,.YG0",alta,confirmado por schema
CadClaAlt,Ger\Dados\CadClaAlt.DB,MotivoCan,System.String,100,0,nao confirmado,.PX;.XG0;.YG0,nao confirmado,nao confirmado,MotivoCan,Nao classificado,nao confirmado,Nao classificado,data,"confirmado por schema: coluna existente no dicionario Paradox | confirmado por schema: arquivos de indice .PX,.XG0,.YG0",alta,confirmado por schema
CadClaAlt,Ger\Dados\CadClaAlt.DB,DatCan,System.DateTime,8,0,nao confirmado,.PX;.XG0;.YG0,nao confirmado,nao confirmado,DatCan,Nao classificado,nao confirmado,Nao classificado,data,"confirmado por schema: coluna existente no dicionario Paradox | confirmado por schema: arquivos de indice .PX,.XG0,.YG0",alta,confirmado por schema
CadClaProj,Ger\Dados\CadClaProj.DB,MotivoCan,System.String,100,0,nao confirmado,.PX;.XG0;.YG0,nao confirmado,nao confirmado,MotivoCan,Nao classificado,nao confirmado,Nao classificado,data,"confirmado por schema: coluna existente no dicionario Paradox | confirmado por schema: arquivos de indice .PX,.XG0,.YG0",alta,confirmado por schema
CadClaProj,Ger\Dados\CadClaProj.DB,DatCan,System.DateTime,8,0,nao confirmado,.PX;.XG0;.YG0,nao confirmado,nao confirmado,DatCan,Nao classificado,nao confirmado,Nao classificado,data,"confirmado por schema: coluna existente no dicionario Paradox | confirmado por schema: arquivos de indice .PX,.XG0,.YG0",alta,confirmado por schema
CadCon,Ger\Dados\CadCon.DB,MotivoCan,System.String,100,0,nao confirmado,.PX;.XG0;.YG0,nao confirmado,nao confirmado,MotivoCan,Nao classificado,nao confirmado,Nao classificado,data,"confirmado por schema: coluna existente no dicionario Paradox | confirmado por schema: arquivos de indice .PX,.XG0,.YG0",alta,confirmado por schema
CadCon,Ger\Dados\CadCon.DB,DatCan,System.DateTime,8,0,nao confirmado,.PX;.XG0;.YG0,nao confirmado,nao confirmado,DatCan,Nao classificado,nao confirmado,Nao classificado,data,"confirmado por schema: coluna existente no dicionario Paradox | confirmado por schema: arquivos de indice .PX,.XG0,.YG0",alta,confirmado por schema
CadCont,Ger\Dados\CadCont.DB,MotivoCan,System.String,100,0,nao confirmado,.PX;.XG0;.YG0,nao confirmado,nao confirmado,MotivoCan,Nao classificado,nao confirmado,Nao classificado,data,"confirmado por schema: coluna existente no dicionario Paradox | confirmado por schema: arquivos de indice .PX,.XG0,.YG0",alta,confirmado por schema
CadCont,Ger\Dados\CadCont.DB,DatCan,System.DateTime,8,0,nao confirmado,.PX;.XG0;.YG0,nao confirmado,nao confirmado,DatCan,Nao classificado,nao confirmado,Nao classificado,data,"confirmado por schema: coluna existente no dicionario Paradox | confirmado por schema: arquivos de indice .PX,.XG0,.YG0",alta,confirmado por schema
CadContCon,Ger\Dados\CadContCon.DB,DatCan,System.DateTime,8,0,nao confirmado,.PX;.XG0;.YG0,nao confirmado,nao confirmado,DatCan,Nao classificado,nao confirmado,Nao classificado,data,"confirmado por schema: coluna existente no dicionario Paradox | confirmado por schema: arquivos de indice .PX,.XG0,.YG0",alta,confirmado por schema
CadContCon,Ger\Dados\CadContCon.DB,HorCan,System.DateTime,8,0,nao confirmado,.PX;.XG0;.YG0,nao confirmado,nao confirmado,HorCan,Nao classificado,nao confirmado,Nao classificado,data,"confirmado por schema: coluna existente no dicionario Paradox | confirmado por schema: arquivos de indice .PX,.XG0,.YG0",alta,confirmado por schema
CadDesc,Ger\Dados\CadDesc.DB,ACadaPc,System.Int32,4,0,nao confirmado,.PX;.XG0;.YG0,nao confirmado,nao confirmado,ACadaPc,Nao classificado,nao confirmado,Nao classificado,data,"confirmado por schema: coluna existente no dicionario Paradox | confirmado por schema: arquivos de indice .PX,.XG0,.YG0",alta,confirmado por schema
CadDesc,Ger\Dados\CadDesc.DB,DatInicio,System.DateTime,8,0,nao confirmado,.PX;.XG0;.YG0,nao confirmado,nao confirmado,DatInicio,Nao classificado,nao confirmado,Nao classificado,data,"confirmado por schema: coluna existente no dicionario Paradox | confirmado por schema: arquivos de indice .PX,.XG0,.YG0",alta,confirmado por schema
CadDesc,Ger\Dados\CadDesc.DB,DatFinal,System.DateTime,8,0,nao confirmado,.PX;.XG0;.YG0,nao confirmado,nao confirmado,DatFinal,Nao classificado,nao confirmado,Nao classificado,data,"confirmado por schema: coluna existente no dicionario Paradox | confirmado por schema: arquivos de indice .PX,.XG0,.YG0",alta,confirmado por schema
CadFpg,Ger\Dados\CadFpg.DB,EmiBol,System.String,6,0,nao confirmado,.PX;.XG0;.YG0,nao confirmado,nao confirmado,EmiBol,Nao classificado,nao confirmado,Nao classificado,data,"confirmado por schema: coluna existente no dicionario Paradox | confirmado por schema: arquivos de indice .PX,.XG0,.YG0",alta,confirmado por schema
CadFpg,Ger\Dados\CadFpg.DB,TipLan,System.String,2,0,nao confirmado,.PX;.XG0;.YG0,nao confirmado,nao confirmado,TipLan,Nao classificado,nao confirmado,Nao classificado,data,"confirmado por schema: coluna existente no dicionario Paradox | confirmado por schema: arquivos de indice .PX,.XG0,.YG0",alta,confirmado por schema
CadFpg,Ger\Dados\CadFpg.DB,PraPag,System.Double,8,0,nao confirmado,.PX;.XG0;.YG0,nao confirmado,nao confirmado,PraPag,Nao classificado,nao confirmado,Nao classificado,data,"confirmado por schema: coluna existente no dicionario Paradox | confirmado por schema: arquivos de indice .PX,.XG0,.YG0",alta,confirmado por schema
CadFpg,Ger\Dados\CadFpg.DB,MotivoCan,System.String,100,0,nao confirmado,.PX;.XG0;.YG0,nao confirmado,nao confirmado,MotivoCan,Nao classificado,nao confirmado,Nao classificado,data,"confirmado por schema: coluna existente no dicionario Paradox | confirmado por schema: arquivos de indice .PX,.XG0,.YG0",alta,confirmado por schema
CadFpg,Ger\Dados\CadFpg.DB,DatCan,System.DateTime,8,0,nao confirmado,.PX;.XG0;.YG0,nao confirmado,nao confirmado,DatCan,Nao classificado,nao confirmado,Nao classificado,data,"confirmado por schema: coluna existente no dicionario Paradox | confirmado por schema: arquivos de indice .PX,.XG0,.YG0",alta,confirmado por schema
CadFpg,Ger\Dados\CadFpg.DB,HorCan,System.DateTime,8,0,nao confirmado,.PX;.XG0;.YG0,nao confirmado,nao confirmado,HorCan,Nao classificado,nao confirmado,Nao classificado,data,"confirmado por schema: coluna existente no dicionario Paradox | confirmado por schema: arquivos de indice .PX,.XG0,.YG0",alta,confirmado por schema
CadFpg,Ger\Dados\CadFpg.DB,DatIniFpg,System.DateTime,8,0,nao confirmado,.PX;.XG0;.YG0,nao confirmado,nao confirmado,DatIniFpg,Nao classificado,nao confirmado,Nao classificado,data,"confirmado por schema: coluna existente no dicionario Paradox | confirmado por schema: arquivos de indice .PX,.XG0,.YG0",alta,confirmado por schema
CadFpg,Ger\Dados\CadFpg.DB,GeraPagtoFacil,System.Boolean,1,0,nao confirmado,.PX;.XG0;.YG0,nao confirmado,nao confirmado,GeraPagtoFacil,Nao classificado,nao confirmado,Nao classificado,data,"confirmado por schema: coluna existente no dicionario Paradox | confirmado por schema: arquivos de indice .PX,.XG0,.YG0",alta,confirmado por schema
CadGruSerLav,Ger\Dados\CadGruSerLav.DB,DatCan,System.DateTime,8,0,nao confirmado,.PX,nao confirmado,nao confirmado,DatCan,Nao classificado,nao confirmado,Nao classificado,data,confirmado por schema: coluna existente no dicionario Paradox | confirmado por schema: arquivos de indice .PX,alta,confirmado por schema
CadGruSerLav,Ger\Dados\CadGruSerLav.DB,MotivoCan,System.String,100,0,nao confirmado,.PX,nao confirmado,nao confirmado,MotivoCan,Nao classificado,nao confirmado,Nao classificado,data,confirmado por schema: coluna existente no dicionario Paradox | confirmado por schema: arquivos de indice .PX,alta,confirmado por schema
CadMelhor,Ger\Dados\CadMelhor.DB,DatCan,System.DateTime,8,0,nao confirmado,.PX;.XG0;.XG1;.YG0;.YG1,nao confirmado,nao confirmado,DatCan,Nao classificado,nao confirmado,Nao classificado,data,"confirmado por schema: coluna existente no dicionario Paradox | confirmado por schema: arquivos de indice .PX,.XG0,.XG1,.YG0,.YG1",alta,confirmado por schema
CadMelhor,Ger\Dados\CadMelhor.DB,HorCan,System.DateTime,8,0,nao confirmado,.PX;.XG0;.XG1;.YG0;.YG1,nao confirmado,nao confirmado,HorCan,Nao classificado,nao confirmado,Nao classificado,data,"confirmado por schema: coluna existente no dicionario Paradox | confirmado por schema: arquivos de indice .PX,.XG0,.XG1,.YG0,.YG1",alta,confirmado por schema
CadMelhor,Ger\Dados\CadMelhor.DB,MotivoCan,System.String,200,0,nao confirmado,.PX;.XG0;.XG1;.YG0;.YG1,nao confirmado,nao confirmado,MotivoCan,Nao classificado,nao confirmado,Nao classificado,data,"confirmado por schema: coluna existente no dicionario Paradox | confirmado por schema: arquivos de indice .PX,.XG0,.XG1,.YG0,.YG1",alta,confirmado por schema
CadPacotGru,Ger\Dados\CadPacotGru.DB,ValTotPac,System.Double,8,0,nao confirmado,.PX,nao confirmado,nao confirmado,Total,Nao classificado,nao confirmado,Nao classificado,data,confirmado por schema: coluna existente no dicionario Paradox | confirmado por schema: arquivos de indice .PX,alta,confirmado por schema
CadPdv,Ger\Dados\CadPdv.DB,UltLan,System.Int32,4,0,nao confirmado,.PX;.XG0;.YG0,nao confirmado,nao confirmado,UltLan,Nao classificado,nao confirmado,Nao classificado,data,"confirmado por schema: coluna existente no dicionario Paradox | confirmado por schema: arquivos de indice .PX,.XG0,.YG0",alta,confirmado por schema
CadProces,Ger\Dados\CadProces.DB,MotivoCan,System.String,100,0,nao confirmado,.PX;.XG0;.YG0,nao confirmado,nao confirmado,MotivoCan,Produtos/Servicos,nao confirmado,Produtos/Servicos,data,"confirmado por schema: coluna existente no dicionario Paradox | confirmado por schema: arquivos de indice .PX,.XG0,.YG0",alta,confirmado por schema
CadProces,Ger\Dados\CadProces.DB,DatCan,System.DateTime,8,0,nao confirmado,.PX;.XG0;.YG0,nao confirmado,nao confirmado,DatCan,Produtos/Servicos,nao confirmado,Produtos/Servicos,data,"confirmado por schema: coluna existente no dicionario Paradox | confirmado por schema: arquivos de indice .PX,.XG0,.YG0",alta,confirmado por schema
CadProces,Ger\Dados\CadProces.DB,TipCad,System.String,24,0,nao confirmado,.PX;.XG0;.YG0,nao confirmado,nao confirmado,TipCad,Produtos/Servicos,nao confirmado,Produtos/Servicos,data,"confirmado por schema: coluna existente no dicionario Paradox | confirmado por schema: arquivos de indice .PX,.XG0,.YG0",alta,confirmado por schema
CadProcesAlt,Ger\Dados\CadProcesAlt.DB,DatAlt,System.DateTime,8,0,nao confirmado,.PX,nao confirmado,nao confirmado,DatAlt,Produtos/Servicos,nao confirmado,Produtos/Servicos,data,confirmado por schema: coluna existente no dicionario Paradox | confirmado por schema: arquivos de indice .PX,alta,confirmado por schema
CadProcItem,Ger\Dados\CadProcItem.DB,DatCan,System.DateTime,8,0,nao confirmado,.PX;.XG0;.YG0,nao confirmado,nao confirmado,DatCan,Produtos/Servicos,nao confirmado,Produtos/Servicos,data,"confirmado por schema: coluna existente no dicionario Paradox | confirmado por schema: arquivos de indice .PX,.XG0,.YG0",alta,confirmado por schema
CadProcItem,Ger\Dados\CadProcItem.DB,MotivoCan,System.String,100,0,nao confirmado,.PX;.XG0;.YG0,nao confirmado,nao confirmado,MotivoCan,Produtos/Servicos,nao confirmado,Produtos/Servicos,data,"confirmado por schema: coluna existente no dicionario Paradox | confirmado por schema: arquivos de indice .PX,.XG0,.YG0",alta,confirmado por schema
CadRam,Ger\Dados\CadRam.DB,MotivoCan,System.String,100,0,nao confirmado,.PX;.XG0;.YG0,nao confirmado,nao confirmado,MotivoCan,Nao classificado,nao confirmado,Nao classificado,data,"confirmado por schema: coluna existente no dicionario Paradox | confirmado por schema: arquivos de indice .PX,.XG0,.YG0",alta,confirmado por schema
CadRam,Ger\Dados\CadRam.DB,DatCan,System.DateTime,8,0,nao confirmado,.PX;.XG0;.YG0,nao confirmado,nao confirmado,DatCan,Nao classificado,nao confirmado,Nao classificado,data,"confirmado por schema: coluna existente no dicionario Paradox | confirmado por schema: arquivos de indice .PX,.XG0,.YG0",alta,confirmado por schema
CadSistema,Ger\Dados\CadSistema.DB,MotivoCan,System.String,100,0,nao confirmado,.PX;.XG0;.YG0,nao confirmado,nao confirmado,MotivoCan,Configuracao/Admin,nao confirmado,Configuracao/Admin,data,"confirmado por schema: coluna existente no dicionario Paradox | confirmado por schema: arquivos de indice .PX,.XG0,.YG0",alta,confirmado por schema
CadSistema,Ger\Dados\CadSistema.DB,DatCan,System.DateTime,8,0,nao confirmado,.PX;.XG0;.YG0,nao confirmado,nao confirmado,DatCan,Configuracao/Admin,nao confirmado,Configuracao/Admin,data,"confirmado por schema: coluna existente no dicionario Paradox | confirmado por schema: arquivos de indice .PX,.XG0,.YG0",alta,confirmado por schema
CadSit,Ger\Dados\CadSit.DB,DatCan,System.DateTime,8,0,nao confirmado,.PX;.XG0;.YG0,nao confirmado,nao confirmado,DatCan,Nao classificado,nao confirmado,Nao classificado,data,"confirmado por schema: coluna existente no dicionario Paradox | confirmado por schema: arquivos de indice .PX,.XG0,.YG0",alta,confirmado por schema
CadSit,Ger\Dados\CadSit.DB,MotivoCan,System.String,100,0,nao confirmado,.PX;.XG0;.YG0,nao confirmado,nao confirmado,MotivoCan,Nao classificado,nao confirmado,Nao classificado,data,"confirmado por schema: coluna existente no dicionario Paradox | confirmado por schema: arquivos de indice .PX,.XG0,.YG0",alta,confirmado por schema
CadTipCon,Ger\Dados\CadTipCon.DB,DatCan,System.DateTime,8,0,nao confirmado,.PX;.XG0;.XG1;.YG0;.YG1,nao confirmado,nao confirmado,DatCan,Nao classificado,nao confirmado,Nao classificado,data,"confirmado por schema: coluna existente no dicionario Paradox | confirmado por schema: arquivos de indice .PX,.XG0,.XG1,.YG0,.YG1",alta,confirmado por schema
CadTipCon,Ger\Dados\CadTipCon.DB,HorCan,System.DateTime,8,0,nao confirmado,.PX;.XG0;.XG1;.YG0;.YG1,nao confirmado,nao confirmado,HorCan,Nao classificado,nao confirmado,Nao classificado,data,"confirmado por schema: coluna existente no dicionario Paradox | confirmado por schema: arquivos de indice .PX,.XG0,.XG1,.YG0,.YG1",alta,confirmado por schema
CadTipProc,Ger\Dados\CadTipProc.DB,DatCan,System.DateTime,8,0,nao confirmado,.PX;.XG0;.YG0,nao confirmado,nao confirmado,DatCan,Nao classificado,nao confirmado,Nao classificado,data,"confirmado por schema: coluna existente no dicionario Paradox | confirmado por schema: arquivos de indice .PX,.XG0,.YG0",alta,confirmado por schema
CadTipProc,Ger\Dados\CadTipProc.DB,MotivoCan,System.String,100,0,nao confirmado,.PX;.XG0;.YG0,nao confirmado,nao confirmado,MotivoCan,Nao classificado,nao confirmado,Nao classificado,data,"confirmado por schema: coluna existente no dicionario Paradox | confirmado por schema: arquivos de indice .PX,.XG0,.YG0",alta,confirmado por schema
CadUnid,Ger\Dados\CadUnid.DB,MotivoCanc,System.String,200,0,nao confirmado,.PX;.XG0;.YG0,nao confirmado,nao confirmado,MotivoCanc,Nao classificado,nao confirmado,Nao classificado,data,"confirmado por schema: coluna existente no dicionario Paradox | confirmado por schema: arquivos de indice .PX,.XG0,.YG0",alta,confirmado por schema
CadUnid,Ger\Dados\CadUnid.DB,DatCan,System.DateTime,8,0,nao confirmado,.PX;.XG0;.YG0,nao confirmado,nao confirmado,DatCan,Nao classificado,nao confirmado,Nao classificado,data,"confirmado por schema: coluna existente no dicionario Paradox | confirmado por schema: arquivos de indice .PX,.XG0,.YG0",alta,confirmado por schema
CadVen,Ger\Dados\CadVen.DB,EstVen,System.String,4,0,nao confirmado,.PX;.XG0;.XG1;.XG2;.YG0;.YG1;.YG2,nao confirmado,nao confirmado,EstVen,Nao classificado,nao confirmado,Nao classificado,data,"confirmado por schema: coluna existente no dicionario Paradox | confirmado por schema: arquivos de indice .PX,.XG0,.XG1,.XG2,.YG0,.YG1",alta,confirmado por schema
CadVen,Ger\Dados\CadVen.DB,DddVen,System.String,6,0,nao confirmado,.PX;.XG0;.XG1;.XG2;.YG0;.YG1;.YG2,nao confirmado,nao confirmado,DddVen,Nao classificado,nao confirmado,Nao classificado,data,"confirmado por schema: coluna existente no dicionario Paradox | confirmado por schema: arquivos de indice .PX,.XG0,.XG1,.XG2,.YG0,.YG1",alta,confirmado por schema
CadVen,Ger\Dados\CadVen.DB,DatNas,System.DateTime,8,0,nao confirmado,.PX;.XG0;.XG1;.XG2;.YG0;.YG1;.YG2,nao confirmado,nao confirmado,DatNas,Nao classificado,nao confirmado,Nao classificado,data,"confirmado por schema: coluna existente no dicionario Paradox | confirmado por schema: arquivos de indice .PX,.XG0,.XG1,.XG2,.YG0,.YG1",alta,confirmado por schema
CadVen,Ger\Dados\CadVen.DB,PorcVen,System.Double,8,0,nao confirmado,.PX;.XG0;.XG1;.XG2;.YG0;.YG1;.YG2,nao confirmado,nao confirmado,PorcVen,Nao classificado,nao confirmado,Nao classificado,data,"confirmado por schema: coluna existente no dicionario Paradox | confirmado por schema: arquivos de indice .PX,.XG0,.XG1,.XG2,.YG0,.YG1",alta,confirmado por schema
CadVen,Ger\Dados\CadVen.DB,GruVen,System.String,10,0,nao confirmado,.PX;.XG0;.XG1;.XG2;.YG0;.YG1;.YG2,nao confirmado,nao confirmado,GruVen,Nao classificado,nao confirmado,Nao classificado,data,"confirmado por schema: coluna existente no dicionario Paradox | confirmado por schema: arquivos de indice .PX,.XG0,.XG1,.XG2,.YG0,.YG1",alta,confirmado por schema
CadVen,Ger\Dados\CadVen.DB,DatCan,System.DateTime,8,0,nao confirmado,.PX;.XG0;.XG1;.XG2;.YG0;.YG1;.YG2,nao confirmado,nao confirmado,DatCan,Nao classificado,nao confirmado,Nao classificado,data,"confirmado por schema: coluna existente no dicionario Paradox | confirmado por schema: arquivos de indice .PX,.XG0,.XG1,.XG2,.YG0,.YG1",alta,confirmado por schema
CadVen,Ger\Dados\CadVen.DB,MotivoCan,System.String,100,0,nao confirmado,.PX;.XG0;.XG1;.XG2;.YG0;.YG1;.YG2,nao confirmado,nao confirmado,MotivoCan,Nao classificado,nao confirmado,Nao classificado,data,"confirmado por schema: coluna existente no dicionario Paradox | confirmado por schema: arquivos de indice .PX,.XG0,.XG1,.XG2,.YG0,.YG1",alta,confirmado por schema
CadVen,Ger\Dados\CadVen.DB,HorCan,System.DateTime,8,0,nao confirmado,.PX;.XG0;.XG1;.XG2;.YG0;.YG1;.YG2,nao confirmado,nao confirmado,HorCan,Nao classificado,nao confirmado,Nao classificado,data,"confirmado por schema: coluna existente no dicionario Paradox | confirmado por schema: arquivos de indice .PX,.XG0,.XG1,.XG2,.YG0,.YG1",alta,confirmado por schema
CaminhosFlex,Ger\Dados\CaminhosFlex.DB,Data,System.DateTime,8,0,nao confirmado,.PX,nao confirmado,nao confirmado,Data,Nao classificado,nao confirmado,Nao classificado,data,confirmado por schema: coluna existente no dicionario Paradox | confirmado por schema: arquivos de indice .PX,alta,confirmado por schema
CenCusCli,Ger\Dados\CenCusCli.DB,MotivoCan,System.String,100,0,nao confirmado,.PX;.XG0;.XG1;.XG2;.YG0;.YG1;.YG2,nao confirmado,nao confirmado,MotivoCan,Nao classificado,nao confirmado,Nao classificado,data,"confirmado por schema: coluna existente no dicionario Paradox | confirmado por schema: arquivos de indice .PX,.XG0,.XG1,.XG2,.YG0,.YG1",alta,confirmado por schema
CenCusCli,Ger\Dados\CenCusCli.DB,DatCan,System.DateTime,8,0,nao confirmado,.PX;.XG0;.XG1;.XG2;.YG0;.YG1;.YG2,nao confirmado,nao confirmado,DatCan,Nao classificado,nao confirmado,Nao classificado,data,"confirmado por schema: coluna existente no dicionario Paradox | confirmado por schema: arquivos de indice .PX,.XG0,.XG1,.XG2,.YG0,.YG1",alta,confirmado por schema
CenCusCli,Ger\Dados\CenCusCli.DB,DatIniCont,System.DateTime,8,0,nao confirmado,.PX;.XG0;.XG1;.XG2;.YG0;.YG1;.YG2,nao confirmado,nao confirmado,DatIniCont,Nao classificado,nao confirmado,Nao classificado,data,"confirmado por schema: coluna existente no dicionario Paradox | confirmado por schema: arquivos de indice .PX,.XG0,.XG1,.XG2,.YG0,.YG1",alta,confirmado por schema
Cheque1,Ger\Dados\Cheque1.DB,DatChe,System.DateTime,8,0,nao confirmado,,nao confirmado,nao confirmado,DatChe,Nao classificado,nao confirmado,Nao classificado,data,confirmado por schema: coluna existente no dicionario Paradox,media,confirmado por schema
Cheque1,Ger\Dados\Cheque1.DB,MotivoCanc,System.String,60,0,nao confirmado,,nao confirmado,nao confirmado,MotivoCanc,Nao classificado,nao confirmado,Nao classificado,data,confirmado por schema: coluna existente no dicionario Paradox,media,confirmado por schema
Cheque1,Ger\Dados\Cheque1.DB,DatCanc,System.DateTime,8,0,nao confirmado,,nao confirmado,nao confirmado,DatCanc,Nao classificado,nao confirmado,Nao classificado,data,confirmado por schema: coluna existente no dicionario Paradox,media,confirmado por schema
Cheque1,Ger\Dados\Cheque1.DB,DatChePre,System.DateTime,8,0,nao confirmado,,nao confirmado,nao confirmado,DatChePre,Nao classificado,nao confirmado,Nao classificado,data,confirmado por schema: coluna existente no dicionario Paradox,media,confirmado por schema
ClaManut,Ger\Dados\ClaManut.DB,DatCan,System.DateTime,8,0,nao confirmado,.PX;.XG0;.YG0,nao confirmado,nao confirmado,DatCan,Nao classificado,nao confirmado,Nao classificado,data,"confirmado por schema: coluna existente no dicionario Paradox | confirmado por schema: arquivos de indice .PX,.XG0,.YG0",alta,confirmado por schema
ClaManut,Ger\Dados\ClaManut.DB,MotivoCan,System.String,100,0,nao confirmado,.PX;.XG0;.YG0,nao confirmado,nao confirmado,MotivoCan,Nao classificado,nao confirmado,Nao classificado,data,"confirmado por schema: coluna existente no dicionario Paradox | confirmado por schema: arquivos de indice .PX,.XG0,.YG0",alta,confirmado por schema
ClaPerda,Ger\Dados\ClaPerda.DB,DatCan,System.DateTime,8,0,nao confirmado,.PX;.XG0;.YG0,nao confirmado,nao confirmado,DatCan,Nao classificado,nao confirmado,Nao classificado,data,"confirmado por schema: coluna existente no dicionario Paradox | confirmado por schema: arquivos de indice .PX,.XG0,.YG0",alta,confirmado por schema
ClaPerda,Ger\Dados\ClaPerda.DB,MotivoCan,System.String,100,0,nao confirmado,.PX;.XG0;.YG0,nao confirmado,nao confirmado,MotivoCan,Nao classificado,nao confirmado,Nao classificado,data,"confirmado por schema: coluna existente no dicionario Paradox | confirmado por schema: arquivos de indice .PX,.XG0,.YG0",alta,confirmado por schema
CliCont,Ger\Dados\CliCont.DB,VencCont,System.DateTime,8,0,nao confirmado,.PX,nao confirmado,nao confirmado,VencCont,Clientes,nao confirmado,Clientes,data,confirmado por schema: coluna existente no dicionario Paradox | confirmado por schema: arquivos de indice .PX,alta,confirmado por schema
CliContato,Ger\Dados\CliContato.DB,DatNas,System.DateTime,8,0,nao confirmado,.PX;.XG0;.YG0,nao confirmado,nao confirmado,DatNas,Clientes,nao confirmado,Clientes,data,"confirmado por schema: coluna existente no dicionario Paradox | confirmado por schema: arquivos de indice .PX,.XG0,.YG0",alta,confirmado por schema
ClienMar,Ger\Dados\ClienMar.DB,DatCan,System.DateTime,8,0,nao confirmado,.PX;.XG0;.YG0,nao confirmado,nao confirmado,DatCan,Nao classificado,nao confirmado,Nao classificado,data,"confirmado por schema: coluna existente no dicionario Paradox | confirmado por schema: arquivos de indice .PX,.XG0,.YG0",alta,confirmado por schema
ClienMar,Ger\Dados\ClienMar.DB,MotivoCan,System.String,100,0,nao confirmado,.PX;.XG0;.YG0,nao confirmado,nao confirmado,MotivoCan,Nao classificado,nao confirmado,Nao classificado,data,"confirmado por schema: coluna existente no dicionario Paradox | confirmado por schema: arquivos de indice .PX,.XG0,.YG0",alta,confirmado por schema
Clientes,Ger\Dados\Clientes.DB,EstEntCli,System.String,4,0,nao confirmado,.PX;.XG0;.XG1;.XG2;.XG3;.XG4;.XG5;.XG6;.XG7;.XG8;.XG9;.XGA;.YG0;.YG1;.YG2;.YG3;.YG4;.YG5;.YG6;.YG7;.YG8;.YG9;.YGA,nao confirmado,nao confirmado,EstEntCli,Clientes,nao confirmado,Clientes,data,"confirmado por schema: coluna existente no dicionario Paradox | confirmado por schema: arquivos de indice .PX,.XG0,.XG1,.XG2,.XG3,.XG4",alta,confirmado por schema
Clientes,Ger\Dados\Clientes.DB,DatCad,System.DateTime,8,0,nao confirmado,.PX;.XG0;.XG1;.XG2;.XG3;.XG4;.XG5;.XG6;.XG7;.XG8;.XG9;.XGA;.YG0;.YG1;.YG2;.YG3;.YG4;.YG5;.YG6;.YG7;.YG8;.YG9;.YGA,nao confirmado,nao confirmado,DatCad,Clientes,nao confirmado,Clientes,data,"confirmado por schema: coluna existente no dicionario Paradox | confirmado por schema: arquivos de indice .PX,.XG0,.XG1,.XG2,.XG3,.XG4",alta,confirmado por schema
Clientes,Ger\Dados\Clientes.DB,EntPVisita,System.String,2,0,nao confirmado,.PX;.XG0;.XG1;.XG2;.XG3;.XG4;.XG5;.XG6;.XG7;.XG8;.XG9;.XGA;.YG0;.YG1;.YG2;.YG3;.YG4;.YG5;.YG6;.YG7;.YG8;.YG9;.YGA,nao confirmado,nao confirmado,EntPVisita,Clientes,nao confirmado,Clientes,data,"confirmado por schema: coluna existente no dicionario Paradox | confirmado por schema: arquivos de indice .PX,.XG0,.XG1,.XG2,.XG3,.XG4",alta,confirmado por schema
Clientes,Ger\Dados\Clientes.DB,TipoEntrega,System.String,2,0,nao confirmado,.PX;.XG0;.XG1;.XG2;.XG3;.XG4;.XG5;.XG6;.XG7;.XG8;.XG9;.XGA;.YG0;.YG1;.YG2;.YG3;.YG4;.YG5;.YG6;.YG7;.YG8;.YG9;.YGA,nao confirmado,nao confirmado,TipoEntrega,Clientes,nao confirmado,Clientes,data,"confirmado por schema: coluna existente no dicionario Paradox | confirmado por schema: arquivos de indice .PX,.XG0,.XG1,.XG2,.XG3,.XG4",alta,confirmado por schema
Clientes,Ger\Dados\Clientes.DB,DatNas,System.DateTime,8,0,nao confirmado,.PX;.XG0;.XG1;.XG2;.XG3;.XG4;.XG5;.XG6;.XG7;.XG8;.XG9;.XGA;.YG0;.YG1;.YG2;.YG3;.YG4;.YG5;.YG6;.YG7;.YG8;.YG9;.YGA,nao confirmado,nao confirmado,DatNas,Clientes,nao confirmado,Clientes,data,"confirmado por schema: coluna existente no dicionario Paradox | confirmado por schema: arquivos de indice .PX,.XG0,.XG1,.XG2,.XG3,.XG4",alta,confirmado por schema
Clientes,Ger\Dados\Clientes.DB,ConEmiCar,System.String,2,0,nao confirmado,.PX;.XG0;.XG1;.XG2;.XG3;.XG4;.XG5;.XG6;.XG7;.XG8;.XG9;.XGA;.YG0;.YG1;.YG2;.YG3;.YG4;.YG5;.YG6;.YG7;.YG8;.YG9;.YGA,nao confirmado,nao confirmado,ConEmiCar,Clientes,nao confirmado,Clientes,data,"confirmado por schema: coluna existente no dicionario Paradox | confirmado por schema: arquivos de indice .PX,.XG0,.XG1,.XG2,.XG3,.XG4",alta,confirmado por schema
Clientes,Ger\Dados\Clientes.DB,EmiNot,System.String,2,0,nao confirmado,.PX;.XG0;.XG1;.XG2;.XG3;.XG4;.XG5;.XG6;.XG7;.XG8;.XG9;.XGA;.YG0;.YG1;.YG2;.YG3;.YG4;.YG5;.YG6;.YG7;.YG8;.YG9;.YGA,nao confirmado,nao confirmado,EmiNot,Clientes,nao confirmado,Clientes,data,"confirmado por schema: coluna existente no dicionario Paradox | confirmado por schema: arquivos de indice .PX,.XG0,.XG1,.XG2,.XG3,.XG4",alta,confirmado por schema
Clientes,Ger\Dados\Clientes.DB,EmiBol,System.String,2,0,nao confirmado,.PX;.XG0;.XG1;.XG2;.XG3;.XG4;.XG5;.XG6;.XG7;.XG8;.XG9;.XGA;.YG0;.YG1;.YG2;.YG3;.YG4;.YG5;.YG6;.YG7;.YG8;.YG9;.YGA,nao confirmado,nao confirmado,EmiBol,Clientes,nao confirmado,Clientes,data,"confirmado por schema: coluna existente no dicionario Paradox | confirmado por schema: arquivos de indice .PX,.XG0,.XG1,.XG2,.XG3,.XG4",alta,confirmado por schema
Clientes,Ger\Dados\Clientes.DB,EmitDup,System.String,2,0,nao confirmado,.PX;.XG0;.XG1;.XG2;.XG3;.XG4;.XG5;.XG6;.XG7;.XG8;.XG9;.XGA;.YG0;.YG1;.YG2;.YG3;.YG4;.YG5;.YG6;.YG7;.YG8;.YG9;.YGA,nao confirmado,nao confirmado,EmitDup,Clientes,nao confirmado,Clientes,data,"confirmado por schema: coluna existente no dicionario Paradox | confirmado por schema: arquivos de indice .PX,.XG0,.XG1,.XG2,.XG3,.XG4",alta,confirmado por schema
Clientes,Ger\Dados\Clientes.DB,DatCan,System.DateTime,8,0,nao confirmado,.PX;.XG0;.XG1;.XG2;.XG3;.XG4;.XG5;.XG6;.XG7;.XG8;.XG9;.XGA;.YG0;.YG1;.YG2;.YG3;.YG4;.YG5;.YG6;.YG7;.YG8;.YG9;.YGA,nao confirmado,nao confirmado,DatCan,Clientes,nao confirmado,Clientes,data,"confirmado por schema: coluna existente no dicionario Paradox | confirmado por schema: arquivos de indice .PX,.XG0,.XG1,.XG2,.XG3,.XG4",alta,confirmado por schema
Clientes,Ger\Dados\Clientes.DB,ComisVen,System.Double,8,0,nao confirmado,.PX;.XG0;.XG1;.XG2;.XG3;.XG4;.XG5;.XG6;.XG7;.XG8;.XG9;.XGA;.YG0;.YG1;.YG2;.YG3;.YG4;.YG5;.YG6;.YG7;.YG8;.YG9;.YGA,nao confirmado,nao confirmado,ComisVen,Clientes,nao confirmado,Clientes,data,"confirmado por schema: coluna existente no dicionario Paradox | confirmado por schema: arquivos de indice .PX,.XG0,.XG1,.XG2,.XG3,.XG4",alta,confirmado por schema
Clientes,Ger\Dados\Clientes.DB,OEmissor,System.String,20,0,nao confirmado,.PX;.XG0;.XG1;.XG2;.XG3;.XG4;.XG5;.XG6;.XG7;.XG8;.XG9;.XGA;.YG0;.YG1;.YG2;.YG3;.YG4;.YG5;.YG6;.YG7;.YG8;.YG9;.YGA,nao confirmado,nao confirmado,OEmissor,Clientes,nao confirmado,Clientes,data,"confirmado por schema: coluna existente no dicionario Paradox | confirmado por schema: arquivos de indice .PX,.XG0,.XG1,.XG2,.XG3,.XG4",alta,confirmado por schema
Clientes,Ger\Dados\Clientes.DB,HorCan,System.DateTime,8,0,nao confirmado,.PX;.XG0;.XG1;.XG2;.XG3;.XG4;.XG5;.XG6;.XG7;.XG8;.XG9;.XGA;.YG0;.YG1;.YG2;.YG3;.YG4;.YG5;.YG6;.YG7;.YG8;.YG9;.YGA,nao confirmado,nao confirmado,HorCan,Clientes,nao confirmado,Clientes,data,"confirmado por schema: coluna existente no dicionario Paradox | confirmado por schema: arquivos de indice .PX,.XG0,.XG1,.XG2,.XG3,.XG4",alta,confirmado por schema
Clientes,Ger\Dados\Clientes.DB,DiaPadPag,System.Int32,4,0,nao confirmado,.PX;.XG0;.XG1;.XG2;.XG3;.XG4;.XG5;.XG6;.XG7;.XG8;.XG9;.XGA;.YG0;.YG1;.YG2;.YG3;.YG4;.YG5;.YG6;.YG7;.YG8;.YG9;.YGA,nao confirmado,nao confirmado,DiaPadPag,Clientes,nao confirmado,Clientes,data,"confirmado por schema: coluna existente no dicionario Paradox | confirmado por schema: arquivos de indice .PX,.XG0,.XG1,.XG2,.XG3,.XG4",alta,confirmado por schema
Clientes,Ger\Dados\Clientes.DB,ControlEnt,System.String,2,0,nao confirmado,.PX;.XG0;.XG1;.XG2;.XG3;.XG4;.XG5;.XG6;.XG7;.XG8;.XG9;.XGA;.YG0;.YG1;.YG2;.YG3;.YG4;.YG5;.YG6;.YG7;.YG8;.YG9;.YGA,nao confirmado,possivel,ROL,Clientes,nao confirmado,Clientes,data,"confirmado por schema: coluna existente no dicionario Paradox | confirmado por schema: arquivos de indice .PX,.XG0,.XG1,.XG2,.XG3,.XG4",alta,confirmado por schema
Clientes,Ger\Dados\Clientes.DB,DatFil,System.DateTime,8,0,nao confirmado,.PX;.XG0;.XG1;.XG2;.XG3;.XG4;.XG5;.XG6;.XG7;.XG8;.XG9;.XGA;.YG0;.YG1;.YG2;.YG3;.YG4;.YG5;.YG6;.YG7;.YG8;.YG9;.YGA,nao confirmado,nao confirmado,DatFil,Clientes,nao confirmado,Clientes,data,"confirmado por schema: coluna existente no dicionario Paradox | confirmado por schema: arquivos de indice .PX,.XG0,.XG1,.XG2,.XG3,.XG4",alta,confirmado por schema
Clientes-,Ger\Dados\Clientes-.DB,EstEntCli,System.String,4,0,nao confirmado,,nao confirmado,nao confirmado,EstEntCli,Clientes,nao confirmado,Clientes,data,confirmado por schema: coluna existente no dicionario Paradox,media,confirmado por schema
Clientes-,Ger\Dados\Clientes-.DB,DatCad,System.DateTime,8,0,nao confirmado,,nao confirmado,nao confirmado,DatCad,Clientes,nao confirmado,Clientes,data,confirmado por schema: coluna existente no dicionario Paradox,media,confirmado por schema
Clientes-,Ger\Dados\Clientes-.DB,EntPVisita,System.String,2,0,nao confirmado,,nao confirmado,nao confirmado,EntPVisita,Clientes,nao confirmado,Clientes,data,confirmado por schema: coluna existente no dicionario Paradox,media,confirmado por schema
Clientes-,Ger\Dados\Clientes-.DB,TipoEntrega,System.String,2,0,nao confirmado,,nao confirmado,nao confirmado,TipoEntrega,Clientes,nao confirmado,Clientes,data,confirmado por schema: coluna existente no dicionario Paradox,media,confirmado por schema
Clientes-,Ger\Dados\Clientes-.DB,DatNas,System.DateTime,8,0,nao confirmado,,nao confirmado,nao confirmado,DatNas,Clientes,nao confirmado,Clientes,data,confirmado por schema: coluna existente no dicionario Paradox,media,confirmado por schema
Clientes-,Ger\Dados\Clientes-.DB,ConEmiCar,System.String,2,0,nao confirmado,,nao confirmado,nao confirmado,ConEmiCar,Clientes,nao confirmado,Clientes,data,confirmado por schema: coluna existente no dicionario Paradox,media,confirmado por schema
Clientes-,Ger\Dados\Clientes-.DB,EmiNot,System.String,2,0,nao confirmado,,nao confirmado,nao confirmado,EmiNot,Clientes,nao confirmado,Clientes,data,confirmado por schema: coluna existente no dicionario Paradox,media,confirmado por schema
Clientes-,Ger\Dados\Clientes-.DB,EmiBol,System.String,2,0,nao confirmado,,nao confirmado,nao confirmado,EmiBol,Clientes,nao confirmado,Clientes,data,confirmado por schema: coluna existente no dicionario Paradox,media,confirmado por schema
Clientes-,Ger\Dados\Clientes-.DB,EmitDup,System.String,2,0,nao confirmado,,nao confirmado,nao confirmado,EmitDup,Clientes,nao confirmado,Clientes,data,confirmado por schema: coluna existente no dicionario Paradox,media,confirmado por schema
Clientes-,Ger\Dados\Clientes-.DB,DatCan,System.DateTime,8,0,nao confirmado,,nao confirmado,nao confirmado,DatCan,Clientes,nao confirmado,Clientes,data,confirmado por schema: coluna existente no dicionario Paradox,media,confirmado por schema
Clientes-,Ger\Dados\Clientes-.DB,ComisVen,System.Double,8,0,nao confirmado,,nao confirmado,nao confirmado,ComisVen,Clientes,nao confirmado,Clientes,data,confirmado por schema: coluna existente no dicionario Paradox,media,confirmado por schema
Clientes-,Ger\Dados\Clientes-.DB,OEmissor,System.String,20,0,nao confirmado,,nao confirmado,nao confirmado,OEmissor,Clientes,nao confirmado,Clientes,data,confirmado por schema: coluna existente no dicionario Paradox,media,confirmado por schema
Clientes-,Ger\Dados\Clientes-.DB,HorCan,System.DateTime,8,0,nao confirmado,,nao confirmado,nao confirmado,HorCan,Clientes,nao confirmado,Clientes,data,confirmado por schema: coluna existente no dicionario Paradox,media,confirmado por schema
Clientes-,Ger\Dados\Clientes-.DB,DiaPadPag,System.Int32,4,0,nao confirmado,,nao confirmado,nao confirmado,DiaPadPag,Clientes,nao confirmado,Clientes,data,confirmado por schema: coluna existente no dicionario Paradox,media,confirmado por schema
Clientes-,Ger\Dados\Clientes-.DB,ControlEnt,System.String,2,0,nao confirmado,,nao confirmado,possivel,ROL,Clientes,nao confirmado,Clientes,data,confirmado por schema: coluna existente no dicionario Paradox,media,confirmado por schema
Clientes-,Ger\Dados\Clientes-.DB,DatFil,System.DateTime,8,0,nao confirmado,,nao confirmado,nao confirmado,DatFil,Clientes,nao confirmado,Clientes,data,confirmado por schema: coluna existente no dicionario Paradox,media,confirmado por schema
ClientesInt,Ger\Dados\ClientesInt.DB,TipCad,System.String,2,0,nao confirmado,.PX;.XG0;.YG0,nao confirmado,nao confirmado,TipCad,Nao classificado,nao confirmado,Nao classificado,data,"confirmado por schema: coluna existente no dicionario Paradox | confirmado por schema: arquivos de indice .PX,.XG0,.YG0",alta,confirmado por schema
Cores,Ger\Dados\Cores.DB,MotivoCan,System.String,40,0,nao confirmado,.PX;.XG0;.XG1;.YG0;.YG1,nao confirmado,nao confirmado,MotivoCan,Produtos/Servicos,nao confirmado,Produtos/Servicos,data,"confirmado por schema: coluna existente no dicionario Paradox | confirmado por schema: arquivos de indice .PX,.XG0,.XG1,.YG0,.YG1",alta,confirmado por schema
EncProg,Ger\Dados\EncProg.DB,DatReg,System.DateTime,8,0,nao confirmado,.PX;.XG0;.XG1;.YG0;.YG1,possivel,nao confirmado,DatReg,Nao classificado,nao confirmado,Nao classificado,data,"confirmado por schema: coluna existente no dicionario Paradox | confirmado por schema: arquivos de indice .PX,.XG0,.XG1,.YG0,.YG1",alta,confirmado por schema
EncProg,Ger\Dados\EncProg.DB,DatEnc,System.DateTime,8,0,nao confirmado,.PX;.XG0;.XG1;.YG0;.YG1,nao confirmado,nao confirmado,DatEnc,Nao classificado,nao confirmado,Nao classificado,data,"confirmado por schema: coluna existente no dicionario Paradox | confirmado por schema: arquivos de indice .PX,.XG0,.XG1,.YG0,.YG1",alta,confirmado por schema
ForCont,Ger\Dados\ForCont.DB,VencCont,System.DateTime,8,0,nao confirmado,.PX,nao confirmado,nao confirmado,VencCont,Movimentos/OS/ROL,nao confirmado,Movimentos/OS/ROL,data,confirmado por schema: coluna existente no dicionario Paradox | confirmado por schema: arquivos de indice .PX,alta,confirmado por schema
Forneced,Ger\Dados\Forneced.DB,DatCad,System.DateTime,8,0,nao confirmado,.PX;.XG0;.XG1;.XG2;.YG0;.YG1;.YG2,nao confirmado,nao confirmado,DatCad,Nao classificado,nao confirmado,Nao classificado,data,"confirmado por schema: coluna existente no dicionario Paradox | confirmado por schema: arquivos de indice .PX,.XG0,.XG1,.XG2,.YG0,.YG1",alta,confirmado por schema
Forneced,Ger\Dados\Forneced.DB,DatAbe,System.DateTime,8,0,nao confirmado,.PX;.XG0;.XG1;.XG2;.YG0;.YG1;.YG2,nao confirmado,nao confirmado,DatAbe,Nao classificado,nao confirmado,Nao classificado,data,"confirmado por schema: coluna existente no dicionario Paradox | confirmado por schema: arquivos de indice .PX,.XG0,.XG1,.XG2,.YG0,.YG1",alta,confirmado por schema
Forneced,Ger\Dados\Forneced.DB,DatCan,System.DateTime,8,0,nao confirmado,.PX;.XG0;.XG1;.XG2;.YG0;.YG1;.YG2,nao confirmado,nao confirmado,DatCan,Nao classificado,nao confirmado,Nao classificado,data,"confirmado por schema: coluna existente no dicionario Paradox | confirmado por schema: arquivos de indice .PX,.XG0,.XG1,.XG2,.YG0,.YG1",alta,confirmado por schema
Forneced,Ger\Dados\Forneced.DB,MotivoCan,System.String,100,0,nao confirmado,.PX;.XG0;.XG1;.XG2;.YG0;.YG1;.YG2,nao confirmado,nao confirmado,MotivoCan,Nao classificado,nao confirmado,Nao classificado,data,"confirmado por schema: coluna existente no dicionario Paradox | confirmado por schema: arquivos de indice .PX,.XG0,.XG1,.XG2,.YG0,.YG1",alta,confirmado por schema
Forneced,Ger\Dados\Forneced.DB,EmiReq,System.String,2,0,nao confirmado,.PX;.XG0;.XG1;.XG2;.YG0;.YG1;.YG2,nao confirmado,nao confirmado,EmiReq,Nao classificado,nao confirmado,Nao classificado,data,"confirmado por schema: coluna existente no dicionario Paradox | confirmado por schema: arquivos de indice .PX,.XG0,.XG1,.XG2,.YG0,.YG1",alta,confirmado por schema
Forneced,Ger\Dados\Forneced.DB,DadosPag,System.String,100,0,nao confirmado,.PX;.XG0;.XG1;.XG2;.YG0;.YG1;.YG2,nao confirmado,nao confirmado,DadosPag,Nao classificado,nao confirmado,Nao classificado,data,"confirmado por schema: coluna existente no dicionario Paradox | confirmado por schema: arquivos de indice .PX,.XG0,.XG1,.XG2,.YG0,.YG1",alta,confirmado por schema
FornecMar,Ger\Dados\FornecMar.DB,DatCan,System.DateTime,8,0,nao confirmado,.PX;.XG0;.YG0,nao confirmado,nao confirmado,DatCan,Nao classificado,nao confirmado,Nao classificado,data,"confirmado por schema: coluna existente no dicionario Paradox | confirmado por schema: arquivos de indice .PX,.XG0,.YG0",alta,confirmado por schema
FornecMar,Ger\Dados\FornecMar.DB,MotivoCan,System.String,100,0,nao confirmado,.PX;.XG0;.YG0,nao confirmado,nao confirmado,MotivoCan,Nao classificado,nao confirmado,Nao classificado,data,"confirmado por schema: coluna existente no dicionario Paradox | confirmado por schema: arquivos de indice .PX,.XG0,.YG0",alta,confirmado por schema
FunAfastam,Ger\Dados\FunAfastam.DB,DatInicio,System.DateTime,8,0,nao confirmado,.PX;.XG0;.YG0,nao confirmado,nao confirmado,DatInicio,Nao classificado,nao confirmado,Nao classificado,data,"confirmado por schema: coluna existente no dicionario Paradox | confirmado por schema: arquivos de indice .PX,.XG0,.YG0",alta,confirmado por schema
FunAfastam,Ger\Dados\FunAfastam.DB,DatFinal,System.DateTime,8,0,nao confirmado,.PX;.XG0;.YG0,nao confirmado,nao confirmado,DatFinal,Nao classificado,nao confirmado,Nao classificado,data,"confirmado por schema: coluna existente no dicionario Paradox | confirmado por schema: arquivos de indice .PX,.XG0,.YG0",alta,confirmado por schema
FunAfastam,Ger\Dados\FunAfastam.DB,DatCanc,System.DateTime,8,0,nao confirmado,.PX;.XG0;.YG0,nao confirmado,nao confirmado,DatCanc,Nao classificado,nao confirmado,Nao classificado,data,"confirmado por schema: coluna existente no dicionario Paradox | confirmado por schema: arquivos de indice .PX,.XG0,.YG0",alta,confirmado por schema
FunAfastam,Ger\Dados\FunAfastam.DB,MotivoCanc,System.String,100,0,nao confirmado,.PX;.XG0;.YG0,nao confirmado,nao confirmado,MotivoCanc,Nao classificado,nao confirmado,Nao classificado,data,"confirmado por schema: coluna existente no dicionario Paradox | confirmado por schema: arquivos de indice .PX,.XG0,.YG0",alta,confirmado por schema
FunCli,Ger\Dados\FunCli.DB,DatAdm,System.DateTime,8,0,nao confirmado,.PX;.XG0;.XG1;.XG2;.XG3;.XG4;.XG5;.YG0;.YG1;.YG2;.YG3;.YG4;.YG5,nao confirmado,nao confirmado,DatAdm,Clientes,nao confirmado,Clientes,data,"confirmado por schema: coluna existente no dicionario Paradox | confirmado por schema: arquivos de indice .PX,.XG0,.XG1,.XG2,.XG3,.XG4",alta,confirmado por schema
FunCliCan,Ger\Dados\FunCliCan.DB,DatCan,System.DateTime,8,0,nao confirmado,.PX;.XG0;.YG0,nao confirmado,nao confirmado,DatCan,Clientes,nao confirmado,Clientes,data,"confirmado por schema: coluna existente no dicionario Paradox | confirmado por schema: arquivos de indice .PX,.XG0,.YG0",alta,confirmado por schema
FunCliCan,Ger\Dados\FunCliCan.DB,MotivoCan,System.String,200,0,nao confirmado,.PX;.XG0;.YG0,nao confirmado,nao confirmado,MotivoCan,Clientes,nao confirmado,Clientes,data,"confirmado por schema: coluna existente no dicionario Paradox | confirmado por schema: arquivos de indice .PX,.XG0,.YG0",alta,confirmado por schema
FunCliRou,Ger\Dados\FunCliRou.DB,DatCad,System.DateTime,8,0,nao confirmado,.PX;.XG0;.XG1;.XG2;.XG3;.YG0;.YG1;.YG2;.YG3,nao confirmado,nao confirmado,DatCad,Clientes,nao confirmado,Clientes,data,"confirmado por schema: coluna existente no dicionario Paradox | confirmado por schema: arquivos de indice .PX,.XG0,.XG1,.XG2,.XG3,.YG0",alta,confirmado por schema
FunCliRouM,Ger\Dados\FunCliRouM.DB,DatMan,System.DateTime,8,0,nao confirmado,.PX;.XG0;.XG1;.XG2;.YG0;.YG1;.YG2,nao confirmado,nao confirmado,DatMan,Clientes,nao confirmado,Clientes,data,"confirmado por schema: coluna existente no dicionario Paradox | confirmado por schema: arquivos de indice .PX,.XG0,.XG1,.XG2,.YG0,.YG1",alta,confirmado por schema
FunCliRouM,Ger\Dados\FunCliRouM.DB,DatRet,System.DateTime,8,0,nao confirmado,.PX;.XG0;.XG1;.XG2;.YG0;.YG1;.YG2,nao confirmado,nao confirmado,DatRet,Clientes,nao confirmado,Clientes,data,"confirmado por schema: coluna existente no dicionario Paradox | confirmado por schema: arquivos de indice .PX,.XG0,.XG1,.XG2,.YG0,.YG1",alta,confirmado por schema
FunCliRouP,Ger\Dados\FunCliRouP.DB,DatPer,System.DateTime,8,0,nao confirmado,.PX;.XG0;.YG0,nao confirmado,nao confirmado,DatPer,Clientes,nao confirmado,Clientes,data,"confirmado por schema: coluna existente no dicionario Paradox | confirmado por schema: arquivos de indice .PX,.XG0,.YG0",alta,confirmado por schema
GerDadGru,Ger\Dados\GerDadGru.DB,DatCan,System.DateTime,8,0,nao confirmado,.PX;.XG0;.YG0,nao confirmado,nao confirmado,DatCan,Nao classificado,nao confirmado,Nao classificado,data,"confirmado por schema: coluna existente no dicionario Paradox | confirmado por schema: arquivos de indice .PX,.XG0,.YG0",alta,confirmado por schema
GerDadGru,Ger\Dados\GerDadGru.DB,HorCan,System.DateTime,8,0,nao confirmado,.PX;.XG0;.YG0,nao confirmado,nao confirmado,HorCan,Nao classificado,nao confirmado,Nao classificado,data,"confirmado por schema: coluna existente no dicionario Paradox | confirmado por schema: arquivos de indice .PX,.XG0,.YG0",alta,confirmado por schema
GerDadGru,Ger\Dados\GerDadGru.DB,MotivoCan,System.String,100,0,nao confirmado,.PX;.XG0;.YG0,nao confirmado,nao confirmado,MotivoCan,Nao classificado,nao confirmado,Nao classificado,data,"confirmado por schema: coluna existente no dicionario Paradox | confirmado por schema: arquivos de indice .PX,.XG0,.YG0",alta,confirmado por schema
GruClientes,Ger\Dados\GruClientes.DB,MotivoCan,System.String,100,0,nao confirmado,.PX;.XG0;.YG0,nao confirmado,nao confirmado,MotivoCan,Clientes,nao confirmado,Clientes,data,"confirmado por schema: coluna existente no dicionario Paradox | confirmado por schema: arquivos de indice .PX,.XG0,.YG0",alta,confirmado por schema
GruClientes,Ger\Dados\GruClientes.DB,DatCan,System.DateTime,8,0,nao confirmado,.PX;.XG0;.YG0,nao confirmado,nao confirmado,DatCan,Clientes,nao confirmado,Clientes,data,"confirmado por schema: coluna existente no dicionario Paradox | confirmado por schema: arquivos de indice .PX,.XG0,.YG0",alta,confirmado por schema
GruClientes,Ger\Dados\GruClientes.DB,HorCan,System.DateTime,8,0,nao confirmado,.PX;.XG0;.YG0,nao confirmado,nao confirmado,HorCan,Clientes,nao confirmado,Clientes,data,"confirmado por schema: coluna existente no dicionario Paradox | confirmado por schema: arquivos de indice .PX,.XG0,.YG0",alta,confirmado por schema
GruClientes2,Ger\Dados\GruClientes2.DB,MotivoCan,System.String,100,0,nao confirmado,.PX;.XG0;.YG0,nao confirmado,nao confirmado,MotivoCan,Clientes,nao confirmado,Clientes,data,"confirmado por schema: coluna existente no dicionario Paradox | confirmado por schema: arquivos de indice .PX,.XG0,.YG0",alta,confirmado por schema
GruClientes2,Ger\Dados\GruClientes2.DB,DatCan,System.DateTime,8,0,nao confirmado,.PX;.XG0;.YG0,nao confirmado,nao confirmado,DatCan,Clientes,nao confirmado,Clientes,data,"confirmado por schema: coluna existente no dicionario Paradox | confirmado por schema: arquivos de indice .PX,.XG0,.YG0",alta,confirmado por schema
GruClientes2,Ger\Dados\GruClientes2.DB,HorCan,System.DateTime,8,0,nao confirmado,.PX;.XG0;.YG0,nao confirmado,nao confirmado,HorCan,Clientes,nao confirmado,Clientes,data,"confirmado por schema: coluna existente no dicionario Paradox | confirmado por schema: arquivos de indice .PX,.XG0,.YG0",alta,confirmado por schema
GruClientes3,Ger\Dados\GruClientes3.DB,MotivoCan,System.String,100,0,nao confirmado,.PX;.XG0;.YG0,nao confirmado,nao confirmado,MotivoCan,Clientes,nao confirmado,Clientes,data,"confirmado por schema: coluna existente no dicionario Paradox | confirmado por schema: arquivos de indice .PX,.XG0,.YG0",alta,confirmado por schema
GruClientes3,Ger\Dados\GruClientes3.DB,DatCan,System.DateTime,8,0,nao confirmado,.PX;.XG0;.YG0,nao confirmado,nao confirmado,DatCan,Clientes,nao confirmado,Clientes,data,"confirmado por schema: coluna existente no dicionario Paradox | confirmado por schema: arquivos de indice .PX,.XG0,.YG0",alta,confirmado por schema
GruClientes3,Ger\Dados\GruClientes3.DB,HorCan,System.DateTime,8,0,nao confirmado,.PX;.XG0;.YG0,nao confirmado,nao confirmado,HorCan,Clientes,nao confirmado,Clientes,data,"confirmado por schema: coluna existente no dicionario Paradox | confirmado por schema: arquivos de indice .PX,.XG0,.YG0",alta,confirmado por schema
GruClientes4,Ger\Dados\GruClientes4.DB,MotivoCan,System.String,100,0,nao confirmado,.PX;.XG0;.YG0,nao confirmado,nao confirmado,MotivoCan,Clientes,nao confirmado,Clientes,data,"confirmado por schema: coluna existente no dicionario Paradox | confirmado por schema: arquivos de indice .PX,.XG0,.YG0",alta,confirmado por schema
GruClientes4,Ger\Dados\GruClientes4.DB,DatCan,System.DateTime,8,0,nao confirmado,.PX;.XG0;.YG0,nao confirmado,nao confirmado,DatCan,Clientes,nao confirmado,Clientes,data,"confirmado por schema: coluna existente no dicionario Paradox | confirmado por schema: arquivos de indice .PX,.XG0,.YG0",alta,confirmado por schema
GruClientes4,Ger\Dados\GruClientes4.DB,HorCan,System.DateTime,8,0,nao confirmado,.PX;.XG0;.YG0,nao confirmado,nao confirmado,HorCan,Clientes,nao confirmado,Clientes,data,"confirmado por schema: coluna existente no dicionario Paradox | confirmado por schema: arquivos de indice .PX,.XG0,.YG0",alta,confirmado por schema
GruFil,Ger\Dados\GruFil.DB,DatCan,System.DateTime,8,0,nao confirmado,.PX;.XG0;.YG0,nao confirmado,nao confirmado,DatCan,Nao classificado,nao confirmado,Nao classificado,data,"confirmado por schema: coluna existente no dicionario Paradox | confirmado por schema: arquivos de indice .PX,.XG0,.YG0",alta,confirmado por schema
GruFil,Ger\Dados\GruFil.DB,MotivoCan,System.String,100,0,nao confirmado,.PX;.XG0;.YG0,nao confirmado,nao confirmado,MotivoCan,Nao classificado,nao confirmado,Nao classificado,data,"confirmado por schema: coluna existente no dicionario Paradox | confirmado por schema: arquivos de indice .PX,.XG0,.YG0",alta,confirmado por schema
GruFil2,Ger\Dados\GruFil2.DB,DatCan,System.DateTime,8,0,nao confirmado,.PX;.XG0;.YG0,nao confirmado,nao confirmado,DatCan,Nao classificado,nao confirmado,Nao classificado,data,"confirmado por schema: coluna existente no dicionario Paradox | confirmado por schema: arquivos de indice .PX,.XG0,.YG0",alta,confirmado por schema
GruFil2,Ger\Dados\GruFil2.DB,MotivoCan,System.String,100,0,nao confirmado,.PX;.XG0;.YG0,nao confirmado,nao confirmado,MotivoCan,Nao classificado,nao confirmado,Nao classificado,data,"confirmado por schema: coluna existente no dicionario Paradox | confirmado por schema: arquivos de indice .PX,.XG0,.YG0",alta,confirmado por schema
GruFil3,Ger\Dados\GruFil3.DB,DatCan,System.DateTime,8,0,nao confirmado,.PX;.XG0;.YG0,nao confirmado,nao confirmado,DatCan,Nao classificado,nao confirmado,Nao classificado,data,"confirmado por schema: coluna existente no dicionario Paradox | confirmado por schema: arquivos de indice .PX,.XG0,.YG0",alta,confirmado por schema
GruFil3,Ger\Dados\GruFil3.DB,MotivoCan,System.String,100,0,nao confirmado,.PX;.XG0;.YG0,nao confirmado,nao confirmado,MotivoCan,Nao classificado,nao confirmado,Nao classificado,data,"confirmado por schema: coluna existente no dicionario Paradox | confirmado por schema: arquivos de indice .PX,.XG0,.YG0",alta,confirmado por schema
GruFor,Ger\Dados\GruFor.DB,MotivoCan,System.String,100,0,nao confirmado,.PX;.XG0;.YG0,nao confirmado,nao confirmado,MotivoCan,Nao classificado,nao confirmado,Nao classificado,data,"confirmado por schema: coluna existente no dicionario Paradox | confirmado por schema: arquivos de indice .PX,.XG0,.YG0",alta,confirmado por schema
GruFor,Ger\Dados\GruFor.DB,DatCan,System.DateTime,8,0,nao confirmado,.PX;.XG0;.YG0,nao confirmado,nao confirmado,DatCan,Nao classificado,nao confirmado,Nao classificado,data,"confirmado por schema: coluna existente no dicionario Paradox | confirmado por schema: arquivos de indice .PX,.XG0,.YG0",alta,confirmado por schema
GruFor2,Ger\Dados\GruFor2.DB,DatCan,System.DateTime,8,0,nao confirmado,.PX;.XG0;.YG0,nao confirmado,nao confirmado,DatCan,Nao classificado,nao confirmado,Nao classificado,data,"confirmado por schema: coluna existente no dicionario Paradox | confirmado por schema: arquivos de indice .PX,.XG0,.YG0",alta,confirmado por schema
GruFor2,Ger\Dados\GruFor2.DB,MotivoCan,System.String,100,0,nao confirmado,.PX;.XG0;.YG0,nao confirmado,nao confirmado,MotivoCan,Nao classificado,nao confirmado,Nao classificado,data,"confirmado por schema: coluna existente no dicionario Paradox | confirmado por schema: arquivos de indice .PX,.XG0,.YG0",alta,confirmado por schema
GruFor3,Ger\Dados\GruFor3.DB,DatCan,System.DateTime,8,0,nao confirmado,.PX;.XG0;.YG0,nao confirmado,nao confirmado,DatCan,Nao classificado,nao confirmado,Nao classificado,data,"confirmado por schema: coluna existente no dicionario Paradox | confirmado por schema: arquivos de indice .PX,.XG0,.YG0",alta,confirmado por schema
GruFor3,Ger\Dados\GruFor3.DB,MotivoCan,System.String,100,0,nao confirmado,.PX;.XG0;.YG0,nao confirmado,nao confirmado,MotivoCan,Nao classificado,nao confirmado,Nao classificado,data,"confirmado por schema: coluna existente no dicionario Paradox | confirmado por schema: arquivos de indice .PX,.XG0,.YG0",alta,confirmado por schema
GruFor4,Ger\Dados\GruFor4.DB,DatCan,System.DateTime,8,0,nao confirmado,.PX;.XG0;.YG0,nao confirmado,nao confirmado,DatCan,Nao classificado,nao confirmado,Nao classificado,data,"confirmado por schema: coluna existente no dicionario Paradox | confirmado por schema: arquivos de indice .PX,.XG0,.YG0",alta,confirmado por schema
GruFor4,Ger\Dados\GruFor4.DB,MotivoCan,System.String,100,0,nao confirmado,.PX;.XG0;.YG0,nao confirmado,nao confirmado,MotivoCan,Nao classificado,nao confirmado,Nao classificado,data,"confirmado por schema: coluna existente no dicionario Paradox | confirmado por schema: arquivos de indice .PX,.XG0,.YG0",alta,confirmado por schema
GruMiniLav,Ger\Dados\GruMiniLav.DB,DatCan,System.DateTime,8,0,nao confirmado,.PX;.XG0;.YG0,nao confirmado,nao confirmado,DatCan,Configuracao/Admin,nao confirmado,Configuracao/Admin,data,"confirmado por schema: coluna existente no dicionario Paradox | confirmado por schema: arquivos de indice .PX,.XG0,.YG0",alta,confirmado por schema
GruMiniLav,Ger\Dados\GruMiniLav.DB,MotivoCan,System.String,100,0,nao confirmado,.PX;.XG0;.YG0,nao confirmado,nao confirmado,MotivoCan,Configuracao/Admin,nao confirmado,Configuracao/Admin,data,"confirmado por schema: coluna existente no dicionario Paradox | confirmado por schema: arquivos de indice .PX,.XG0,.YG0",alta,confirmado por schema
GruPro,Ger\Dados\GruPro.DB,DatCan,System.DateTime,8,0,nao confirmado,.PX;.XG0;.YG0,nao confirmado,nao confirmado,DatCan,Nao classificado,nao confirmado,Nao classificado,data,"confirmado por schema: coluna existente no dicionario Paradox | confirmado por schema: arquivos de indice .PX,.XG0,.YG0",alta,confirmado por schema
GruPro,Ger\Dados\GruPro.DB,MotivoCan,System.String,100,0,nao confirmado,.PX;.XG0;.YG0,nao confirmado,nao confirmado,MotivoCan,Nao classificado,nao confirmado,Nao classificado,data,"confirmado por schema: coluna existente no dicionario Paradox | confirmado por schema: arquivos de indice .PX,.XG0,.YG0",alta,confirmado por schema
GruPro,Ger\Dados\GruPro.DB,PedeTodCad,System.String,2,0,nao confirmado,.PX;.XG0;.YG0,nao confirmado,nao confirmado,PedeTodCad,Nao classificado,nao confirmado,Nao classificado,data,"confirmado por schema: coluna existente no dicionario Paradox | confirmado por schema: arquivos de indice .PX,.XG0,.YG0",alta,confirmado por schema
GruProces,Ger\Dados\GruProces.DB,MotivoCan,System.String,100,0,nao confirmado,.PX,nao confirmado,nao confirmado,MotivoCan,Nao classificado,nao confirmado,Nao classificado,data,confirmado por schema: coluna existente no dicionario Paradox | confirmado por schema: arquivos de indice .PX,alta,confirmado por schema
GruProces,Ger\Dados\GruProces.DB,DatCan,System.DateTime,8,0,nao confirmado,.PX,nao confirmado,nao confirmado,DatCan,Nao classificado,nao confirmado,Nao classificado,data,confirmado por schema: coluna existente no dicionario Paradox | confirmado por schema: arquivos de indice .PX,alta,confirmado por schema
GruUsuarios,Ger\Dados\GruUsuarios.DB,MotivoCan,System.String,200,0,nao confirmado,.PX;.XG0;.YG0,nao confirmado,nao confirmado,MotivoCan,Usuarios/Permissoes,nao confirmado,Usuarios/Permissoes,data,"confirmado por schema: coluna existente no dicionario Paradox | confirmado por schema: arquivos de indice .PX,.XG0,.YG0",alta,confirmado por schema
GruUsuarios,Ger\Dados\GruUsuarios.DB,DatCan,System.DateTime,8,0,nao confirmado,.PX;.XG0;.YG0,nao confirmado,nao confirmado,DatCan,Usuarios/Permissoes,nao confirmado,Usuarios/Permissoes,data,"confirmado por schema: coluna existente no dicionario Paradox | confirmado por schema: arquivos de indice .PX,.XG0,.YG0",alta,confirmado por schema
GruVen,Ger\Dados\GruVen.DB,GruVen,System.String,10,0,nao confirmado,.PX;.XG0;.XG1;.YG0;.YG1,possivel,nao confirmado,GruVen,Nao classificado,nao confirmado,Nao classificado,data,"confirmado por schema: coluna existente no dicionario Paradox | confirmado por schema: arquivos de indice .PX,.XG0,.XG1,.YG0,.YG1",alta,confirmado por schema
GruVen,Ger\Dados\GruVen.DB,DatCan,System.DateTime,8,0,nao confirmado,.PX;.XG0;.XG1;.YG0;.YG1,nao confirmado,nao confirmado,DatCan,Nao classificado,nao confirmado,Nao classificado,data,"confirmado por schema: coluna existente no dicionario Paradox | confirmado por schema: arquivos de indice .PX,.XG0,.XG1,.YG0,.YG1",alta,confirmado por schema
GruVen,Ger\Dados\GruVen.DB,MotivoCan,System.String,100,0,nao confirmado,.PX;.XG0;.XG1;.YG0;.YG1,nao confirmado,nao confirmado,MotivoCan,Nao classificado,nao confirmado,Nao classificado,data,"confirmado por schema: coluna existente no dicionario Paradox | confirmado por schema: arquivos de indice .PX,.XG0,.XG1,.YG0,.YG1",alta,confirmado por schema
InteresCan,Ger\Dados\InteresCan.DB,MotivoCan,System.String,200,0,nao confirmado,.PX;.XG0;.YG0,nao confirmado,nao confirmado,MotivoCan,Nao classificado,nao confirmado,Nao classificado,data,"confirmado por schema: coluna existente no dicionario Paradox | confirmado por schema: arquivos de indice .PX,.XG0,.YG0",alta,confirmado por schema
InteresCan,Ger\Dados\InteresCan.DB,DatCan,System.DateTime,8,0,nao confirmado,.PX;.XG0;.YG0,nao confirmado,nao confirmado,DatCan,Nao classificado,nao confirmado,Nao classificado,data,"confirmado por schema: coluna existente no dicionario Paradox | confirmado por schema: arquivos de indice .PX,.XG0,.YG0",alta,confirmado por schema
InteresCan,Ger\Dados\InteresCan.DB,Horcan,System.DateTime,8,0,nao confirmado,.PX;.XG0;.YG0,nao confirmado,nao confirmado,Horcan,Nao classificado,nao confirmado,Nao classificado,data,"confirmado por schema: coluna existente no dicionario Paradox | confirmado por schema: arquivos de indice .PX,.XG0,.YG0",alta,confirmado por schema
InteresMar,Ger\Dados\InteresMar.DB,DatCan,System.DateTime,8,0,nao confirmado,.PX;.XG0;.YG0,nao confirmado,nao confirmado,DatCan,Nao classificado,nao confirmado,Nao classificado,data,"confirmado por schema: coluna existente no dicionario Paradox | confirmado por schema: arquivos de indice .PX,.XG0,.YG0",alta,confirmado por schema
InteresMar,Ger\Dados\InteresMar.DB,MotivoCan,System.String,100,0,nao confirmado,.PX;.XG0;.YG0,nao confirmado,nao confirmado,MotivoCan,Nao classificado,nao confirmado,Nao classificado,data,"confirmado por schema: coluna existente no dicionario Paradox | confirmado por schema: arquivos de indice .PX,.XG0,.YG0",alta,confirmado por schema
Interessad,Ger\Dados\Interessad.DB,DatCadInt,System.DateTime,8,0,nao confirmado,.PX;.XG0;.XG1;.YG0;.YG1,nao confirmado,nao confirmado,DatCadInt,Nao classificado,nao confirmado,Nao classificado,data,"confirmado por schema: coluna existente no dicionario Paradox | confirmado por schema: arquivos de indice .PX,.XG0,.XG1,.YG0,.YG1",alta,confirmado por schema
LigTel,Ger\Dados\LigTel.DB,DatLig,System.DateTime,8,0,nao confirmado,.PX,nao confirmado,nao confirmado,DatLig,Nao classificado,nao confirmado,Nao classificado,data,confirmado por schema: coluna existente no dicionario Paradox | confirmado por schema: arquivos de indice .PX,alta,confirmado por schema
LigTel,Ger\Dados\LigTel.DB,DatTerLig,System.DateTime,8,0,nao confirmado,.PX,nao confirmado,nao confirmado,DatTerLig,Nao classificado,nao confirmado,Nao classificado,data,confirmado por schema: coluna existente no dicionario Paradox | confirmado por schema: arquivos de indice .PX,alta,confirmado por schema
MotAltDup,Ger\Dados\MotAltDup.DB,MotAltDup,System.String,6,0,nao confirmado,.PX;.XG0;.YG0,possivel,nao confirmado,MotAltDup,Nao classificado,nao confirmado,Nao classificado,data,"confirmado por schema: coluna existente no dicionario Paradox | confirmado por schema: arquivos de indice .PX,.XG0,.YG0",alta,confirmado por schema
MotAltDup,Ger\Dados\MotAltDup.DB,DatCan,System.DateTime,8,0,nao confirmado,.PX;.XG0;.YG0,nao confirmado,nao confirmado,DatCan,Nao classificado,nao confirmado,Nao classificado,data,"confirmado por schema: coluna existente no dicionario Paradox | confirmado por schema: arquivos de indice .PX,.XG0,.YG0",alta,confirmado por schema
MotAltDup,Ger\Dados\MotAltDup.DB,MotivoCan,System.String,100,0,nao confirmado,.PX;.XG0;.YG0,nao confirmado,nao confirmado,MotivoCan,Nao classificado,nao confirmado,Nao classificado,data,"confirmado por schema: coluna existente no dicionario Paradox | confirmado por schema: arquivos de indice .PX,.XG0,.YG0",alta,confirmado por schema
Motorista,Ger\Dados\Motorista.DB,DatNas,System.DateTime,8,0,nao confirmado,.PX;.XG0;.YG0,nao confirmado,nao confirmado,DatNas,Nao classificado,nao confirmado,Nao classificado,data,"confirmado por schema: coluna existente no dicionario Paradox | confirmado por schema: arquivos de indice .PX,.XG0,.YG0",alta,confirmado por schema
MovPecLavLog,Ger\Dados\MovPecLavLog.DB,DatLido,System.DateTime,8,0,nao confirmado,.PX;.XG0;.YG0,nao confirmado,nao confirmado,DatLido,Ocorrencias/Auditoria,nao confirmado,Ocorrencias/Auditoria,data,"confirmado por schema: coluna existente no dicionario Paradox | confirmado por schema: arquivos de indice .PX,.XG0,.YG0",alta,confirmado por schema
Nivel,Ger\Dados\Nivel.DB,DatCad,System.DateTime,8,0,nao confirmado,.PX;.XG0;.XG1;.XG2;.YG0;.YG1;.YG2,nao confirmado,nao confirmado,DatCad,Usuarios/Permissoes,nao confirmado,Usuarios/Permissoes,data,"confirmado por schema: coluna existente no dicionario Paradox | confirmado por schema: arquivos de indice .PX,.XG0,.XG1,.XG2,.YG0,.YG1",alta,confirmado por schema
Nivel,Ger\Dados\Nivel.DB,HorCad,System.DateTime,8,0,nao confirmado,.PX;.XG0;.XG1;.XG2;.YG0;.YG1;.YG2,nao confirmado,nao confirmado,HorCad,Usuarios/Permissoes,nao confirmado,Usuarios/Permissoes,data,"confirmado por schema: coluna existente no dicionario Paradox | confirmado por schema: arquivos de indice .PX,.XG0,.XG1,.XG2,.YG0,.YG1",alta,confirmado por schema
PadLctoFin,Ger\Dados\PadLctoFin.DB,TipLan,System.String,2,0,nao confirmado,.PX,nao confirmado,nao confirmado,TipLan,Nao classificado,nao confirmado,Nao classificado,data,confirmado por schema: coluna existente no dicionario Paradox | confirmado por schema: arquivos de indice .PX,alta,confirmado por schema
PadLctoFin,Ger\Dados\PadLctoFin.DB,DatCan,System.DateTime,8,0,nao confirmado,.PX,nao confirmado,nao confirmado,DatCan,Nao classificado,nao confirmado,Nao classificado,data,confirmado por schema: coluna existente no dicionario Paradox | confirmado por schema: arquivos de indice .PX,alta,confirmado por schema
PadLctoFin,Ger\Dados\PadLctoFin.DB,MotivoCan,System.String,100,0,nao confirmado,.PX,nao confirmado,nao confirmado,MotivoCan,Nao classificado,nao confirmado,Nao classificado,data,confirmado por schema: coluna existente no dicionario Paradox | confirmado por schema: arquivos de indice .PX,alta,confirmado por schema
PadLctoFin,Ger\Dados\PadLctoFin.DB,EmiRecibo,System.String,2,0,nao confirmado,.PX,nao confirmado,nao confirmado,EmiRecibo,Nao classificado,nao confirmado,Nao classificado,data,confirmado por schema: coluna existente no dicionario Paradox | confirmado por schema: arquivos de indice .PX,alta,confirmado por schema
Roteiros,Ger\Dados\Roteiros.DB,DatCan,System.DateTime,8,0,nao confirmado,.PX;.XG0;.YG0,nao confirmado,nao confirmado,DatCan,Nao classificado,nao confirmado,Nao classificado,data,"confirmado por schema: coluna existente no dicionario Paradox | confirmado por schema: arquivos de indice .PX,.XG0,.YG0",alta,confirmado por schema
Roteiros,Ger\Dados\Roteiros.DB,MotivoCan,System.String,100,0,nao confirmado,.PX;.XG0;.YG0,nao confirmado,nao confirmado,MotivoCan,Nao classificado,nao confirmado,Nao classificado,data,"confirmado por schema: coluna existente no dicionario Paradox | confirmado por schema: arquivos de indice .PX,.XG0,.YG0",alta,confirmado por schema
TelFilial,Ger\Dados\TelFilial.DB,DiaVen,System.Int32,4,0,nao confirmado,.PX,nao confirmado,nao confirmado,DiaVen,Configuracao/Admin,nao confirmado,Configuracao/Admin,data,confirmado por schema: coluna existente no dicionario Paradox | confirmado por schema: arquivos de indice .PX,alta,confirmado por schema
TipFil,Ger\Dados\TipFil.DB,DatCan,System.DateTime,8,0,nao confirmado,.PX;.XG0;.YG0,nao confirmado,nao confirmado,DatCan,Nao classificado,nao confirmado,Nao classificado,data,"confirmado por schema: coluna existente no dicionario Paradox | confirmado por schema: arquivos de indice .PX,.XG0,.YG0",alta,confirmado por schema
TipFil,Ger\Dados\TipFil.DB,MotivoCan,System.String,100,0,nao confirmado,.PX;.XG0;.YG0,nao confirmado,nao confirmado,MotivoCan,Nao classificado,nao confirmado,Nao classificado,data,"confirmado por schema: coluna existente no dicionario Paradox | confirmado por schema: arquivos de indice .PX,.XG0,.YG0",alta,confirmado por schema
UsuaGru,Ger\Dados\UsuaGru.DB,DatCan,System.DateTime,8,0,nao confirmado,.PX;.XG0;.YG0,nao confirmado,nao confirmado,DatCan,Usuarios/Permissoes,nao confirmado,Usuarios/Permissoes,data,"confirmado por schema: coluna existente no dicionario Paradox | confirmado por schema: arquivos de indice .PX,.XG0,.YG0",alta,confirmado por schema
UsuaGru,Ger\Dados\UsuaGru.DB,MotivoCan,System.String,100,0,nao confirmado,.PX;.XG0;.YG0,nao confirmado,nao confirmado,MotivoCan,Usuarios/Permissoes,nao confirmado,Usuarios/Permissoes,data,"confirmado por schema: coluna existente no dicionario Paradox | confirmado por schema: arquivos de indice .PX,.XG0,.YG0",alta,confirmado por schema
UsuaGruInt,Ger\Dados\UsuaGruInt.DB,DatCad,System.DateTime,8,0,nao confirmado,.PX;.XG0;.XG1;.YG0;.YG1,nao confirmado,nao confirmado,DatCad,Usuarios/Permissoes,nao confirmado,Usuarios/Permissoes,data,"confirmado por schema: coluna existente no dicionario Paradox | confirmado por schema: arquivos de indice .PX,.XG0,.XG1,.YG0,.YG1",alta,confirmado por schema
Usuarios,Ger\Dados\Usuarios.DB,DatCad,System.DateTime,8,0,nao confirmado,.PX;.XG0;.XG1;.YG0;.YG1,nao confirmado,nao confirmado,DatCad,Usuarios/Permissoes,nao confirmado,Usuarios/Permissoes,data,"confirmado por schema: coluna existente no dicionario Paradox | confirmado por schema: arquivos de indice .PX,.XG0,.XG1,.YG0,.YG1",alta,confirmado por schema
Usuarios,Ger\Dados\Usuarios.DB,DatCan,System.DateTime,8,0,nao confirmado,.PX;.XG0;.XG1;.YG0;.YG1,nao confirmado,nao confirmado,DatCan,Usuarios/Permissoes,nao confirmado,Usuarios/Permissoes,data,"confirmado por schema: coluna existente no dicionario Paradox | confirmado por schema: arquivos de indice .PX,.XG0,.XG1,.YG0,.YG1",alta,confirmado por schema
Usuarios,Ger\Dados\Usuarios.DB,UsuarioCan,System.String,20,0,nao confirmado,.PX;.XG0;.XG1;.YG0;.YG1,nao confirmado,nao confirmado,UsuarioCan,Usuarios/Permissoes,nao confirmado,Usuarios/Permissoes,data,"confirmado por schema: coluna existente no dicionario Paradox | confirmado por schema: arquivos de indice .PX,.XG0,.XG1,.YG0,.YG1",alta,confirmado por schema
Usuarios,Ger\Dados\Usuarios.DB,MotivoCan,System.String,100,0,nao confirmado,.PX;.XG0;.XG1;.YG0;.YG1,nao confirmado,nao confirmado,MotivoCan,Usuarios/Permissoes,nao confirmado,Usuarios/Permissoes,data,"confirmado por schema: coluna existente no dicionario Paradox | confirmado por schema: arquivos de indice .PX,.XG0,.XG1,.YG0,.YG1",alta,confirmado por schema
Usuarios,Ger\Dados\Usuarios.DB,HorCan,System.DateTime,8,0,nao confirmado,.PX;.XG0;.XG1;.YG0;.YG1,nao confirmado,nao confirmado,HorCan,Usuarios/Permissoes,nao confirmado,Usuarios/Permissoes,data,"confirmado por schema: coluna existente no dicionario Paradox | confirmado por schema: arquivos de indice .PX,.XG0,.XG1,.YG0,.YG1",alta,confirmado por schema
CadCai,Ger\Filial\CadCai.DB,DatLan,System.DateTime,8,0,nao confirmado,.PX;.XG0;.XG1;.XG2;.YG0;.YG1;.YG2,nao confirmado,nao confirmado,DatLan,Configuracao/Admin,nao confirmado,Configuracao/Admin,data,"confirmado por schema: coluna existente no dicionario Paradox | confirmado por schema: arquivos de indice .PX,.XG0,.XG1,.XG2,.YG0,.YG1",alta,confirmado por schema
CadCai,Ger\Filial\CadCai.DB,TipLan,System.String,2,0,nao confirmado,.PX;.XG0;.XG1;.XG2;.YG0;.YG1;.YG2,nao confirmado,nao confirmado,TipLan,Configuracao/Admin,nao confirmado,Configuracao/Admin,data,"confirmado por schema: coluna existente no dicionario Paradox | confirmado por schema: arquivos de indice .PX,.XG0,.XG1,.XG2,.YG0,.YG1",alta,confirmado por schema
CadCai,Ger\Filial\CadCai.DB,HorLan,System.DateTime,8,0,nao confirmado,.PX;.XG0;.XG1;.XG2;.YG0;.YG1;.YG2,nao confirmado,nao confirmado,HorLan,Configuracao/Admin,nao confirmado,Configuracao/Admin,data,"confirmado por schema: coluna existente no dicionario Paradox | confirmado por schema: arquivos de indice .PX,.XG0,.XG1,.XG2,.YG0,.YG1",alta,confirmado por schema
CadDes,Ger\Filial\CadDes.DB,DatLan,System.DateTime,8,0,nao confirmado,.PX;.XG0;.XG1;.YG0;.YG1,nao confirmado,nao confirmado,DatLan,Configuracao/Admin,nao confirmado,Configuracao/Admin,data,"confirmado por schema: coluna existente no dicionario Paradox | confirmado por schema: arquivos de indice .PX,.XG0,.XG1,.YG0,.YG1",alta,confirmado por schema
CadDes,Ger\Filial\CadDes.DB,TipLan,System.String,2,0,nao confirmado,.PX;.XG0;.XG1;.YG0;.YG1,nao confirmado,nao confirmado,TipLan,Configuracao/Admin,nao confirmado,Configuracao/Admin,data,"confirmado por schema: coluna existente no dicionario Paradox | confirmado por schema: arquivos de indice .PX,.XG0,.XG1,.YG0,.YG1",alta,confirmado por schema
CadDes,Ger\Filial\CadDes.DB,FixLan,System.String,2,0,nao confirmado,.PX;.XG0;.XG1;.YG0;.YG1,nao confirmado,nao confirmado,FixLan,Configuracao/Admin,nao confirmado,Configuracao/Admin,data,"confirmado por schema: coluna existente no dicionario Paradox | confirmado por schema: arquivos de indice .PX,.XG0,.XG1,.YG0,.YG1",alta,confirmado por schema
CadMaq,Ger\Filial\CadMaq.DB,DatCan,System.DateTime,8,0,nao confirmado,.PX;.XG0;.YG0,nao confirmado,nao confirmado,DatCan,Configuracao/Admin,nao confirmado,Configuracao/Admin,data,"confirmado por schema: coluna existente no dicionario Paradox | confirmado por schema: arquivos de indice .PX,.XG0,.YG0",alta,confirmado por schema
CadMaq,Ger\Filial\CadMaq.DB,MotivoCan,System.String,100,0,nao confirmado,.PX;.XG0;.YG0,nao confirmado,nao confirmado,MotivoCan,Configuracao/Admin,nao confirmado,Configuracao/Admin,data,"confirmado por schema: coluna existente no dicionario Paradox | confirmado por schema: arquivos de indice .PX,.XG0,.YG0",alta,confirmado por schema
Cheque1,Ger\Filial\Cheque1.DB,DatChe,System.DateTime,8,0,nao confirmado,.PX,nao confirmado,nao confirmado,DatChe,Configuracao/Admin,nao confirmado,Configuracao/Admin,data,confirmado por schema: coluna existente no dicionario Paradox | confirmado por schema: arquivos de indice .PX,alta,confirmado por schema
Cheque1,Ger\Filial\Cheque1.DB,MotivoCanc,System.String,60,0,nao confirmado,.PX,nao confirmado,nao confirmado,MotivoCanc,Configuracao/Admin,nao confirmado,Configuracao/Admin,data,confirmado por schema: coluna existente no dicionario Paradox | confirmado por schema: arquivos de indice .PX,alta,confirmado por schema
Cheque1,Ger\Filial\Cheque1.DB,DatCanc,System.DateTime,8,0,nao confirmado,.PX,nao confirmado,nao confirmado,DatCanc,Configuracao/Admin,nao confirmado,Configuracao/Admin,data,confirmado por schema: coluna existente no dicionario Paradox | confirmado por schema: arquivos de indice .PX,alta,confirmado por schema
Cheque1,Ger\Filial\Cheque1.DB,DatChePre,System.DateTime,8,0,nao confirmado,.PX,nao confirmado,nao confirmado,DatChePre,Configuracao/Admin,nao confirmado,Configuracao/Admin,data,confirmado por schema: coluna existente no dicionario Paradox | confirmado por schema: arquivos de indice .PX,alta,confirmado por schema
Cheque1Comp,Ger\Filial\Cheque1Comp.DB,ValTit,System.Double,8,0,nao confirmado,.PX;.XG0;.YG0,nao confirmado,nao confirmado,ValTit,Configuracao/Admin,nao confirmado,Configuracao/Admin,data,"confirmado por schema: coluna existente no dicionario Paradox | confirmado por schema: arquivos de indice .PX,.XG0,.YG0",alta,confirmado por schema
Cheque2,Ger\Filial\Cheque2.DB,DatChe,System.DateTime,8,0,nao confirmado,.PX,nao confirmado,nao confirmado,DatChe,Configuracao/Admin,nao confirmado,Configuracao/Admin,data,confirmado por schema: coluna existente no dicionario Paradox | confirmado por schema: arquivos de indice .PX,alta,confirmado por schema
Cheque2,Ger\Filial\Cheque2.DB,MotivoCanc,System.String,60,0,nao confirmado,.PX,nao confirmado,nao confirmado,MotivoCanc,Configuracao/Admin,nao confirmado,Configuracao/Admin,data,confirmado por schema: coluna existente no dicionario Paradox | confirmado por schema: arquivos de indice .PX,alta,confirmado por schema
Cheque2,Ger\Filial\Cheque2.DB,DatCanc,System.DateTime,8,0,nao confirmado,.PX,nao confirmado,nao confirmado,DatCanc,Configuracao/Admin,nao confirmado,Configuracao/Admin,data,confirmado por schema: coluna existente no dicionario Paradox | confirmado por schema: arquivos de indice .PX,alta,confirmado por schema
Cheque2,Ger\Filial\Cheque2.DB,DatChePre,System.DateTime,8,0,nao confirmado,.PX,nao confirmado,nao confirmado,DatChePre,Configuracao/Admin,nao confirmado,Configuracao/Admin,data,confirmado por schema: coluna existente no dicionario Paradox | confirmado por schema: arquivos de indice .PX,alta,confirmado por schema
Cheque2Comp,Ger\Filial\Cheque2Comp.DB,ValTit,System.Double,8,0,nao confirmado,.PX;.XG0;.YG0,nao confirmado,nao confirmado,ValTit,Configuracao/Admin,nao confirmado,Configuracao/Admin,data,"confirmado por schema: coluna existente no dicionario Paradox | confirmado por schema: arquivos de indice .PX,.XG0,.YG0",alta,confirmado por schema
Cheque3,Ger\Filial\Cheque3.DB,DatChe,System.DateTime,8,0,nao confirmado,.PX,nao confirmado,nao confirmado,DatChe,Configuracao/Admin,nao confirmado,Configuracao/Admin,data,confirmado por schema: coluna existente no dicionario Paradox | confirmado por schema: arquivos de indice .PX,alta,confirmado por schema
Cheque3,Ger\Filial\Cheque3.DB,MotivoCanc,System.String,60,0,nao confirmado,.PX,nao confirmado,nao confirmado,MotivoCanc,Configuracao/Admin,nao confirmado,Configuracao/Admin,data,confirmado por schema: coluna existente no dicionario Paradox | confirmado por schema: arquivos de indice .PX,alta,confirmado por schema
Cheque3,Ger\Filial\Cheque3.DB,DatCanc,System.DateTime,8,0,nao confirmado,.PX,nao confirmado,nao confirmado,DatCanc,Configuracao/Admin,nao confirmado,Configuracao/Admin,data,confirmado por schema: coluna existente no dicionario Paradox | confirmado por schema: arquivos de indice .PX,alta,confirmado por schema
Cheque3,Ger\Filial\Cheque3.DB,DatChePre,System.DateTime,8,0,nao confirmado,.PX,nao confirmado,nao confirmado,DatChePre,Configuracao/Admin,nao confirmado,Configuracao/Admin,data,confirmado por schema: coluna existente no dicionario Paradox | confirmado por schema: arquivos de indice .PX,alta,confirmado por schema
Cheque3Comp,Ger\Filial\Cheque3Comp.DB,ValTit,System.Double,8,0,nao confirmado,.PX;.XG0;.YG0,nao confirmado,nao confirmado,ValTit,Configuracao/Admin,nao confirmado,Configuracao/Admin,data,"confirmado por schema: coluna existente no dicionario Paradox | confirmado por schema: arquivos de indice .PX,.XG0,.YG0",alta,confirmado por schema
Cheque4,Ger\Filial\Cheque4.DB,DatChe,System.DateTime,8,0,nao confirmado,.PX,nao confirmado,nao confirmado,DatChe,Configuracao/Admin,nao confirmado,Configuracao/Admin,data,confirmado por schema: coluna existente no dicionario Paradox | confirmado por schema: arquivos de indice .PX,alta,confirmado por schema
Cheque4,Ger\Filial\Cheque4.DB,MotivoCanc,System.String,60,0,nao confirmado,.PX,nao confirmado,nao confirmado,MotivoCanc,Configuracao/Admin,nao confirmado,Configuracao/Admin,data,confirmado por schema: coluna existente no dicionario Paradox | confirmado por schema: arquivos de indice .PX,alta,confirmado por schema
Cheque4,Ger\Filial\Cheque4.DB,DatCanc,System.DateTime,8,0,nao confirmado,.PX,nao confirmado,nao confirmado,DatCanc,Configuracao/Admin,nao confirmado,Configuracao/Admin,data,confirmado por schema: coluna existente no dicionario Paradox | confirmado por schema: arquivos de indice .PX,alta,confirmado por schema
Cheque4,Ger\Filial\Cheque4.DB,DatChePre,System.DateTime,8,0,nao confirmado,.PX,nao confirmado,nao confirmado,DatChePre,Configuracao/Admin,nao confirmado,Configuracao/Admin,data,confirmado por schema: coluna existente no dicionario Paradox | confirmado por schema: arquivos de indice .PX,alta,confirmado por schema
Cheque4Comp,Ger\Filial\Cheque4Comp.DB,ValTit,System.Double,8,0,nao confirmado,.PX;.XG0;.YG0,nao confirmado,nao confirmado,ValTit,Configuracao/Admin,nao confirmado,Configuracao/Admin,data,"confirmado por schema: coluna existente no dicionario Paradox | confirmado por schema: arquivos de indice .PX,.XG0,.YG0",alta,confirmado por schema
Cheque5,Ger\Filial\Cheque5.DB,DatChe,System.DateTime,8,0,nao confirmado,.PX,nao confirmado,nao confirmado,DatChe,Configuracao/Admin,nao confirmado,Configuracao/Admin,data,confirmado por schema: coluna existente no dicionario Paradox | confirmado por schema: arquivos de indice .PX,alta,confirmado por schema
Cheque5,Ger\Filial\Cheque5.DB,MotivoCanc,System.String,60,0,nao confirmado,.PX,nao confirmado,nao confirmado,MotivoCanc,Configuracao/Admin,nao confirmado,Configuracao/Admin,data,confirmado por schema: coluna existente no dicionario Paradox | confirmado por schema: arquivos de indice .PX,alta,confirmado por schema
Cheque5,Ger\Filial\Cheque5.DB,DatCanc,System.DateTime,8,0,nao confirmado,.PX,nao confirmado,nao confirmado,DatCanc,Configuracao/Admin,nao confirmado,Configuracao/Admin,data,confirmado por schema: coluna existente no dicionario Paradox | confirmado por schema: arquivos de indice .PX,alta,confirmado por schema
Cheque5,Ger\Filial\Cheque5.DB,DatChePre,System.DateTime,8,0,nao confirmado,.PX,nao confirmado,nao confirmado,DatChePre,Configuracao/Admin,nao confirmado,Configuracao/Admin,data,confirmado por schema: coluna existente no dicionario Paradox | confirmado por schema: arquivos de indice .PX,alta,confirmado por schema
Cheque5Comp,Ger\Filial\Cheque5Comp.DB,ValTit,System.Double,8,0,nao confirmado,.PX;.XG0;.YG0,nao confirmado,nao confirmado,ValTit,Configuracao/Admin,nao confirmado,Configuracao/Admin,data,"confirmado por schema: coluna existente no dicionario Paradox | confirmado por schema: arquivos de indice .PX,.XG0,.YG0",alta,confirmado por schema
Cheque6,Ger\Filial\Cheque6.DB,DatChe,System.DateTime,8,0,nao confirmado,.PX,nao confirmado,nao confirmado,DatChe,Configuracao/Admin,nao confirmado,Configuracao/Admin,data,confirmado por schema: coluna existente no dicionario Paradox | confirmado por schema: arquivos de indice .PX,alta,confirmado por schema
Cheque6,Ger\Filial\Cheque6.DB,MotivoCanc,System.String,60,0,nao confirmado,.PX,nao confirmado,nao confirmado,MotivoCanc,Configuracao/Admin,nao confirmado,Configuracao/Admin,data,confirmado por schema: coluna existente no dicionario Paradox | confirmado por schema: arquivos de indice .PX,alta,confirmado por schema
Cheque6,Ger\Filial\Cheque6.DB,DatCanc,System.DateTime,8,0,nao confirmado,.PX,nao confirmado,nao confirmado,DatCanc,Configuracao/Admin,nao confirmado,Configuracao/Admin,data,confirmado por schema: coluna existente no dicionario Paradox | confirmado por schema: arquivos de indice .PX,alta,confirmado por schema
Cheque6,Ger\Filial\Cheque6.DB,DatChePre,System.DateTime,8,0,nao confirmado,.PX,nao confirmado,nao confirmado,DatChePre,Configuracao/Admin,nao confirmado,Configuracao/Admin,data,confirmado por schema: coluna existente no dicionario Paradox | confirmado por schema: arquivos de indice .PX,alta,confirmado por schema
Cheque6Comp,Ger\Filial\Cheque6Comp.DB,ValTit,System.Double,8,0,nao confirmado,.PX;.XG0;.YG0,nao confirmado,nao confirmado,ValTit,Configuracao/Admin,nao confirmado,Configuracao/Admin,data,"confirmado por schema: coluna existente no dicionario Paradox | confirmado por schema: arquivos de indice .PX,.XG0,.YG0",alta,confirmado por schema
Cheque7,Ger\Filial\Cheque7.DB,DatChe,System.DateTime,8,0,nao confirmado,.PX,nao confirmado,nao confirmado,DatChe,Configuracao/Admin,nao confirmado,Configuracao/Admin,data,confirmado por schema: coluna existente no dicionario Paradox | confirmado por schema: arquivos de indice .PX,alta,confirmado por schema
Cheque7,Ger\Filial\Cheque7.DB,MotivoCanc,System.String,60,0,nao confirmado,.PX,nao confirmado,nao confirmado,MotivoCanc,Configuracao/Admin,nao confirmado,Configuracao/Admin,data,confirmado por schema: coluna existente no dicionario Paradox | confirmado por schema: arquivos de indice .PX,alta,confirmado por schema
Cheque7,Ger\Filial\Cheque7.DB,DatCanc,System.DateTime,8,0,nao confirmado,.PX,nao confirmado,nao confirmado,DatCanc,Configuracao/Admin,nao confirmado,Configuracao/Admin,data,confirmado por schema: coluna existente no dicionario Paradox | confirmado por schema: arquivos de indice .PX,alta,confirmado por schema
Cheque7,Ger\Filial\Cheque7.DB,DatChePre,System.DateTime,8,0,nao confirmado,.PX,nao confirmado,nao confirmado,DatChePre,Configuracao/Admin,nao confirmado,Configuracao/Admin,data,confirmado por schema: coluna existente no dicionario Paradox | confirmado por schema: arquivos de indice .PX,alta,confirmado por schema
Cheque7Comp,Ger\Filial\Cheque7Comp.DB,ValTit,System.Double,8,0,nao confirmado,.PX;.XG0;.YG0,nao confirmado,nao confirmado,ValTit,Configuracao/Admin,nao confirmado,Configuracao/Admin,data,"confirmado por schema: coluna existente no dicionario Paradox | confirmado por schema: arquivos de indice .PX,.XG0,.YG0",alta,confirmado por schema
Cheque8,Ger\Filial\Cheque8.DB,DatChe,System.DateTime,8,0,nao confirmado,.PX,nao confirmado,nao confirmado,DatChe,Configuracao/Admin,nao confirmado,Configuracao/Admin,data,confirmado por schema: coluna existente no dicionario Paradox | confirmado por schema: arquivos de indice .PX,alta,confirmado por schema
Cheque8,Ger\Filial\Cheque8.DB,MotivoCanc,System.String,60,0,nao confirmado,.PX,nao confirmado,nao confirmado,MotivoCanc,Configuracao/Admin,nao confirmado,Configuracao/Admin,data,confirmado por schema: coluna existente no dicionario Paradox | confirmado por schema: arquivos de indice .PX,alta,confirmado por schema
Cheque8,Ger\Filial\Cheque8.DB,DatCanc,System.DateTime,8,0,nao confirmado,.PX,nao confirmado,nao confirmado,DatCanc,Configuracao/Admin,nao confirmado,Configuracao/Admin,data,confirmado por schema: coluna existente no dicionario Paradox | confirmado por schema: arquivos de indice .PX,alta,confirmado por schema
Cheque8,Ger\Filial\Cheque8.DB,DatChePre,System.DateTime,8,0,nao confirmado,.PX,nao confirmado,nao confirmado,DatChePre,Configuracao/Admin,nao confirmado,Configuracao/Admin,data,confirmado por schema: coluna existente no dicionario Paradox | confirmado por schema: arquivos de indice .PX,alta,confirmado por schema
Cheque8Comp,Ger\Filial\Cheque8Comp.DB,ValTit,System.Double,8,0,nao confirmado,.PX;.XG0;.YG0,nao confirmado,nao confirmado,ValTit,Configuracao/Admin,nao confirmado,Configuracao/Admin,data,"confirmado por schema: coluna existente no dicionario Paradox | confirmado por schema: arquivos de indice .PX,.XG0,.YG0",alta,confirmado por schema
Cheque9,Ger\Filial\Cheque9.DB,DatChe,System.DateTime,8,0,nao confirmado,.PX,nao confirmado,nao confirmado,DatChe,Configuracao/Admin,nao confirmado,Configuracao/Admin,data,confirmado por schema: coluna existente no dicionario Paradox | confirmado por schema: arquivos de indice .PX,alta,confirmado por schema
Cheque9,Ger\Filial\Cheque9.DB,MotivoCanc,System.String,60,0,nao confirmado,.PX,nao confirmado,nao confirmado,MotivoCanc,Configuracao/Admin,nao confirmado,Configuracao/Admin,data,confirmado por schema: coluna existente no dicionario Paradox | confirmado por schema: arquivos de indice .PX,alta,confirmado por schema
Cheque9,Ger\Filial\Cheque9.DB,DatCanc,System.DateTime,8,0,nao confirmado,.PX,nao confirmado,nao confirmado,DatCanc,Configuracao/Admin,nao confirmado,Configuracao/Admin,data,confirmado por schema: coluna existente no dicionario Paradox | confirmado por schema: arquivos de indice .PX,alta,confirmado por schema
Cheque9,Ger\Filial\Cheque9.DB,DatChePre,System.DateTime,8,0,nao confirmado,.PX,nao confirmado,nao confirmado,DatChePre,Configuracao/Admin,nao confirmado,Configuracao/Admin,data,confirmado por schema: coluna existente no dicionario Paradox | confirmado por schema: arquivos de indice .PX,alta,confirmado por schema
Cheque9Comp,Ger\Filial\Cheque9Comp.DB,ValTit,System.Double,8,0,nao confirmado,.PX;.XG0;.YG0,nao confirmado,nao confirmado,ValTit,Configuracao/Admin,nao confirmado,Configuracao/Admin,data,"confirmado por schema: coluna existente no dicionario Paradox | confirmado por schema: arquivos de indice .PX,.XG0,.YG0",alta,confirmado por schema
ContaCor1,Ger\Filial\ContaCor1.DB,DatLan,System.DateTime,8,0,nao confirmado,.PX;.XG0;.YG0,nao confirmado,nao confirmado,DatLan,Financeiro,nao confirmado,Financeiro,data,"confirmado por schema: coluna existente no dicionario Paradox | confirmado por schema: arquivos de indice .PX,.XG0,.YG0",alta,confirmado por schema
ContaCor1,Ger\Filial\ContaCor1.DB,TipLan,System.String,2,0,nao confirmado,.PX;.XG0;.YG0,nao confirmado,nao confirmado,TipLan,Financeiro,nao confirmado,Financeiro,data,"confirmado por schema: coluna existente no dicionario Paradox | confirmado por schema: arquivos de indice .PX,.XG0,.YG0",alta,confirmado por schema
ContaCor2,Ger\Filial\ContaCor2.DB,DatLan,System.DateTime,8,0,nao confirmado,.PX;.XG0;.YG0,nao confirmado,nao confirmado,DatLan,Financeiro,nao confirmado,Financeiro,data,"confirmado por schema: coluna existente no dicionario Paradox | confirmado por schema: arquivos de indice .PX,.XG0,.YG0",alta,confirmado por schema
ContaCor2,Ger\Filial\ContaCor2.DB,TipLan,System.String,2,0,nao confirmado,.PX;.XG0;.YG0,nao confirmado,nao confirmado,TipLan,Financeiro,nao confirmado,Financeiro,data,"confirmado por schema: coluna existente no dicionario Paradox | confirmado por schema: arquivos de indice .PX,.XG0,.YG0",alta,confirmado por schema
ContaCor3,Ger\Filial\ContaCor3.DB,DatLan,System.DateTime,8,0,nao confirmado,.PX;.XG0;.YG0,nao confirmado,nao confirmado,DatLan,Financeiro,nao confirmado,Financeiro,data,"confirmado por schema: coluna existente no dicionario Paradox | confirmado por schema: arquivos de indice .PX,.XG0,.YG0",alta,confirmado por schema
ContaCor3,Ger\Filial\ContaCor3.DB,TipLan,System.String,2,0,nao confirmado,.PX;.XG0;.YG0,nao confirmado,nao confirmado,TipLan,Financeiro,nao confirmado,Financeiro,data,"confirmado por schema: coluna existente no dicionario Paradox | confirmado por schema: arquivos de indice .PX,.XG0,.YG0",alta,confirmado por schema
ContaCor4,Ger\Filial\ContaCor4.DB,DatLan,System.DateTime,8,0,nao confirmado,.PX;.XG0;.YG0,nao confirmado,nao confirmado,DatLan,Financeiro,nao confirmado,Financeiro,data,"confirmado por schema: coluna existente no dicionario Paradox | confirmado por schema: arquivos de indice .PX,.XG0,.YG0",alta,confirmado por schema
ContaCor4,Ger\Filial\ContaCor4.DB,TipLan,System.String,2,0,nao confirmado,.PX;.XG0;.YG0,nao confirmado,nao confirmado,TipLan,Financeiro,nao confirmado,Financeiro,data,"confirmado por schema: coluna existente no dicionario Paradox | confirmado por schema: arquivos de indice .PX,.XG0,.YG0",alta,confirmado por schema
ContaCor5,Ger\Filial\ContaCor5.DB,DatLan,System.DateTime,8,0,nao confirmado,.PX;.XG0;.YG0,nao confirmado,nao confirmado,DatLan,Financeiro,nao confirmado,Financeiro,data,"confirmado por schema: coluna existente no dicionario Paradox | confirmado por schema: arquivos de indice .PX,.XG0,.YG0",alta,confirmado por schema
ContaCor5,Ger\Filial\ContaCor5.DB,TipLan,System.String,2,0,nao confirmado,.PX;.XG0;.YG0,nao confirmado,nao confirmado,TipLan,Financeiro,nao confirmado,Financeiro,data,"confirmado por schema: coluna existente no dicionario Paradox | confirmado por schema: arquivos de indice .PX,.XG0,.YG0",alta,confirmado por schema
ContaCor6,Ger\Filial\ContaCor6.DB,DatLan,System.DateTime,8,0,nao confirmado,.PX;.XG0;.YG0,nao confirmado,nao confirmado,DatLan,Financeiro,nao confirmado,Financeiro,data,"confirmado por schema: coluna existente no dicionario Paradox | confirmado por schema: arquivos de indice .PX,.XG0,.YG0",alta,confirmado por schema
ContaCor6,Ger\Filial\ContaCor6.DB,TipLan,System.String,2,0,nao confirmado,.PX;.XG0;.YG0,nao confirmado,nao confirmado,TipLan,Financeiro,nao confirmado,Financeiro,data,"confirmado por schema: coluna existente no dicionario Paradox | confirmado por schema: arquivos de indice .PX,.XG0,.YG0",alta,confirmado por schema
ContaCor7,Ger\Filial\ContaCor7.DB,DatLan,System.DateTime,8,0,nao confirmado,.PX;.XG0;.YG0,nao confirmado,nao confirmado,DatLan,Financeiro,nao confirmado,Financeiro,data,"confirmado por schema: coluna existente no dicionario Paradox | confirmado por schema: arquivos de indice .PX,.XG0,.YG0",alta,confirmado por schema
ContaCor7,Ger\Filial\ContaCor7.DB,TipLan,System.String,2,0,nao confirmado,.PX;.XG0;.YG0,nao confirmado,nao confirmado,TipLan,Financeiro,nao confirmado,Financeiro,data,"confirmado por schema: coluna existente no dicionario Paradox | confirmado por schema: arquivos de indice .PX,.XG0,.YG0",alta,confirmado por schema
ContaCor8,Ger\Filial\ContaCor8.DB,DatLan,System.DateTime,8,0,nao confirmado,.PX;.XG0;.YG0,nao confirmado,nao confirmado,DatLan,Financeiro,nao confirmado,Financeiro,data,"confirmado por schema: coluna existente no dicionario Paradox | confirmado por schema: arquivos de indice .PX,.XG0,.YG0",alta,confirmado por schema
ContaCor8,Ger\Filial\ContaCor8.DB,TipLan,System.String,2,0,nao confirmado,.PX;.XG0;.YG0,nao confirmado,nao confirmado,TipLan,Financeiro,nao confirmado,Financeiro,data,"confirmado por schema: coluna existente no dicionario Paradox | confirmado por schema: arquivos de indice .PX,.XG0,.YG0",alta,confirmado por schema
ContaCor9,Ger\Filial\ContaCor9.DB,DatLan,System.DateTime,8,0,nao confirmado,.PX;.XG0;.YG0,nao confirmado,nao confirmado,DatLan,Financeiro,nao confirmado,Financeiro,data,"confirmado por schema: coluna existente no dicionario Paradox | confirmado por schema: arquivos de indice .PX,.XG0,.YG0",alta,confirmado por schema
ContaCor9,Ger\Filial\ContaCor9.DB,TipLan,System.String,2,0,nao confirmado,.PX;.XG0;.YG0,nao confirmado,nao confirmado,TipLan,Financeiro,nao confirmado,Financeiro,data,"confirmado por schema: coluna existente no dicionario Paradox | confirmado por schema: arquivos de indice .PX,.XG0,.YG0",alta,confirmado por schema
ContChequeLot,Ger\Filial\ContChequeLot.DB,DatLan,System.DateTime,8,0,nao confirmado,.PX,nao confirmado,nao confirmado,DatLan,Configuracao/Admin,nao confirmado,Configuracao/Admin,data,confirmado por schema: coluna existente no dicionario Paradox | confirmado por schema: arquivos de indice .PX,alta,confirmado por schema
ContChequeLot,Ger\Filial\ContChequeLot.DB,HorLan,System.DateTime,8,0,nao confirmado,.PX,nao confirmado,nao confirmado,HorLan,Configuracao/Admin,nao confirmado,Configuracao/Admin,data,confirmado por schema: coluna existente no dicionario Paradox | confirmado por schema: arquivos de indice .PX,alta,confirmado por schema
ContChequeLot,Ger\Filial\ContChequeLot.DB,MotivoCan,System.String,100,0,nao confirmado,.PX,nao confirmado,nao confirmado,MotivoCan,Configuracao/Admin,nao confirmado,Configuracao/Admin,data,confirmado por schema: coluna existente no dicionario Paradox | confirmado por schema: arquivos de indice .PX,alta,confirmado por schema
ContChequeLot,Ger\Filial\ContChequeLot.DB,DatCan,System.DateTime,8,0,nao confirmado,.PX,nao confirmado,nao confirmado,DatCan,Configuracao/Admin,nao confirmado,Configuracao/Admin,data,confirmado por schema: coluna existente no dicionario Paradox | confirmado por schema: arquivos de indice .PX,alta,confirmado por schema
ContChequeRec,Ger\Filial\ContChequeRec.DB,DatLan,System.DateTime,8,0,nao confirmado,.PX;.XG0;.XG1;.YG0;.YG1,nao confirmado,nao confirmado,DatLan,Configuracao/Admin,nao confirmado,Configuracao/Admin,data,"confirmado por schema: coluna existente no dicionario Paradox | confirmado por schema: arquivos de indice .PX,.XG0,.XG1,.YG0,.YG1",alta,confirmado por schema
ContChequeRec,Ger\Filial\ContChequeRec.DB,HorLan,System.DateTime,8,0,nao confirmado,.PX;.XG0;.XG1;.YG0;.YG1,nao confirmado,nao confirmado,HorLan,Configuracao/Admin,nao confirmado,Configuracao/Admin,data,"confirmado por schema: coluna existente no dicionario Paradox | confirmado por schema: arquivos de indice .PX,.XG0,.XG1,.YG0,.YG1",alta,confirmado por schema
EncCai,Ger\Filial\EncCai.DB,DatEnc,System.DateTime,8,0,nao confirmado,.PX,possivel,nao confirmado,DatEnc,Configuracao/Admin,nao confirmado,Configuracao/Admin,data,confirmado por schema: coluna existente no dicionario Paradox | confirmado por schema: arquivos de indice .PX,alta,confirmado por schema
EncCc1,Ger\Filial\EncCc1.DB,DatEnc,System.DateTime,8,0,nao confirmado,.PX,possivel,nao confirmado,DatEnc,Configuracao/Admin,nao confirmado,Configuracao/Admin,data,confirmado por schema: coluna existente no dicionario Paradox | confirmado por schema: arquivos de indice .PX,alta,confirmado por schema
EncCc2,Ger\Filial\EncCc2.DB,DatEnc,System.DateTime,8,0,nao confirmado,.PX,possivel,nao confirmado,DatEnc,Configuracao/Admin,nao confirmado,Configuracao/Admin,data,confirmado por schema: coluna existente no dicionario Paradox | confirmado por schema: arquivos de indice .PX,alta,confirmado por schema
EncCc3,Ger\Filial\EncCc3.DB,DatEnc,System.DateTime,8,0,nao confirmado,.PX,possivel,nao confirmado,DatEnc,Configuracao/Admin,nao confirmado,Configuracao/Admin,data,confirmado por schema: coluna existente no dicionario Paradox | confirmado por schema: arquivos de indice .PX,alta,confirmado por schema
EncCc4,Ger\Filial\EncCc4.DB,DatEnc,System.DateTime,8,0,nao confirmado,.PX,possivel,nao confirmado,DatEnc,Configuracao/Admin,nao confirmado,Configuracao/Admin,data,confirmado por schema: coluna existente no dicionario Paradox | confirmado por schema: arquivos de indice .PX,alta,confirmado por schema
EncCc5,Ger\Filial\EncCc5.DB,DatEnc,System.DateTime,8,0,nao confirmado,.PX,possivel,nao confirmado,DatEnc,Configuracao/Admin,nao confirmado,Configuracao/Admin,data,confirmado por schema: coluna existente no dicionario Paradox | confirmado por schema: arquivos de indice .PX,alta,confirmado por schema
EncCc6,Ger\Filial\EncCc6.DB,DatEnc,System.DateTime,8,0,nao confirmado,.PX,possivel,nao confirmado,DatEnc,Configuracao/Admin,nao confirmado,Configuracao/Admin,data,confirmado por schema: coluna existente no dicionario Paradox | confirmado por schema: arquivos de indice .PX,alta,confirmado por schema
EncCc7,Ger\Filial\EncCc7.DB,DatEnc,System.DateTime,8,0,nao confirmado,.PX,possivel,nao confirmado,DatEnc,Configuracao/Admin,nao confirmado,Configuracao/Admin,data,confirmado por schema: coluna existente no dicionario Paradox | confirmado por schema: arquivos de indice .PX,alta,confirmado por schema
EncCc8,Ger\Filial\EncCc8.DB,DatEnc,System.DateTime,8,0,nao confirmado,.PX,possivel,nao confirmado,DatEnc,Configuracao/Admin,nao confirmado,Configuracao/Admin,data,confirmado por schema: coluna existente no dicionario Paradox | confirmado por schema: arquivos de indice .PX,alta,confirmado por schema
EncCc9,Ger\Filial\EncCc9.DB,DatEnc,System.DateTime,8,0,nao confirmado,.PX,possivel,nao confirmado,DatEnc,Configuracao/Admin,nao confirmado,Configuracao/Admin,data,confirmado por schema: coluna existente no dicionario Paradox | confirmado por schema: arquivos de indice .PX,alta,confirmado por schema
EnvEmails,Ger\Filial\EnvEmails.DB,DatLan,System.DateTime,8,0,nao confirmado,.PX;.XG0;.XG1;.YG0;.YG1,nao confirmado,nao confirmado,DatLan,Configuracao/Admin,nao confirmado,Configuracao/Admin,data,"confirmado por schema: coluna existente no dicionario Paradox | confirmado por schema: arquivos de indice .PX,.XG0,.XG1,.YG0,.YG1",alta,confirmado por schema
EnvEmails,Ger\Filial\EnvEmails.DB,HorLan,System.DateTime,8,0,nao confirmado,.PX;.XG0;.XG1;.YG0;.YG1,nao confirmado,nao confirmado,HorLan,Configuracao/Admin,nao confirmado,Configuracao/Admin,data,"confirmado por schema: coluna existente no dicionario Paradox | confirmado por schema: arquivos de indice .PX,.XG0,.XG1,.YG0,.YG1",alta,confirmado por schema
EnvEmails,Ger\Filial\EnvEmails.DB,DatEmi,System.DateTime,8,0,nao confirmado,.PX;.XG0;.XG1;.YG0;.YG1,nao confirmado,nao confirmado,DatEmi,Configuracao/Admin,nao confirmado,Configuracao/Admin,data,"confirmado por schema: coluna existente no dicionario Paradox | confirmado por schema: arquivos de indice .PX,.XG0,.XG1,.YG0,.YG1",alta,confirmado por schema
EnvEmails,Ger\Filial\EnvEmails.DB,HorEmi,System.DateTime,8,0,nao confirmado,.PX;.XG0;.XG1;.YG0;.YG1,nao confirmado,nao confirmado,HorEmi,Configuracao/Admin,nao confirmado,Configuracao/Admin,data,"confirmado por schema: coluna existente no dicionario Paradox | confirmado por schema: arquivos de indice .PX,.XG0,.XG1,.YG0,.YG1",alta,confirmado por schema
LanOrc,Ger\Filial\LanOrc.DB,DatOrc,System.DateTime,8,0,nao confirmado,.PX;.XG0;.YG0,nao confirmado,nao confirmado,DatOrc,Movimentos/OS/ROL,nao confirmado,Movimentos/OS/ROL,data,"confirmado por schema: coluna existente no dicionario Paradox | confirmado por schema: arquivos de indice .PX,.XG0,.YG0",alta,confirmado por schema
MensagensSMS,Ger\Filial\MensagensSMS.DB,DatCad,System.DateTime,8,0,nao confirmado,.PX,nao confirmado,nao confirmado,DatCad,Configuracao/Admin,nao confirmado,Configuracao/Admin,data,confirmado por schema: coluna existente no dicionario Paradox | confirmado por schema: arquivos de indice .PX,alta,confirmado por schema
MensagensSMS,Ger\Filial\MensagensSMS.DB,HorCad,System.DateTime,8,0,nao confirmado,.PX,nao confirmado,nao confirmado,HorCad,Configuracao/Admin,nao confirmado,Configuracao/Admin,data,confirmado por schema: coluna existente no dicionario Paradox | confirmado por schema: arquivos de indice .PX,alta,confirmado por schema
MensagensSMS,Ger\Filial\MensagensSMS.DB,DatEnv,System.DateTime,8,0,nao confirmado,.PX,nao confirmado,nao confirmado,DatEnv,Configuracao/Admin,nao confirmado,Configuracao/Admin,data,confirmado por schema: coluna existente no dicionario Paradox | confirmado por schema: arquivos de indice .PX,alta,confirmado por schema
MovConTel,Ger\Filial\MovConTel.DB,DatVen,System.DateTime,8,0,nao confirmado,.PX;.XG0;.YG0,nao confirmado,nao confirmado,Vencimento,Configuracao/Admin,nao confirmado,Configuracao/Admin,data,"confirmado por schema: coluna existente no dicionario Paradox | confirmado por schema: arquivos de indice .PX,.XG0,.YG0",alta,confirmado por schema
MovControle,Ger\Filial\MovControle.DB,DatLan,System.DateTime,8,0,nao confirmado,.PX;.XG0;.XG1;.XG2;.YG0;.YG1;.YG2,nao confirmado,nao confirmado,DatLan,Movimentos/OS/ROL,nao confirmado,Movimentos/OS/ROL,data,"confirmado por schema: coluna existente no dicionario Paradox | confirmado por schema: arquivos de indice .PX,.XG0,.XG1,.XG2,.YG0,.YG1",alta,confirmado por schema
MovControle,Ger\Filial\MovControle.DB,HorLan,System.DateTime,8,0,nao confirmado,.PX;.XG0;.XG1;.XG2;.YG0;.YG1;.YG2,nao confirmado,nao confirmado,HorLan,Movimentos/OS/ROL,nao confirmado,Movimentos/OS/ROL,data,"confirmado por schema: coluna existente no dicionario Paradox | confirmado por schema: arquivos de indice .PX,.XG0,.XG1,.XG2,.YG0,.YG1",alta,confirmado por schema
MovControle,Ger\Filial\MovControle.DB,ObsEntrega,System.String,400,0,nao confirmado,.PX;.XG0;.XG1;.XG2;.YG0;.YG1;.YG2,nao confirmado,nao confirmado,ObsEntrega,Movimentos/OS/ROL,nao confirmado,Movimentos/OS/ROL,data,"confirmado por schema: coluna existente no dicionario Paradox | confirmado por schema: arquivos de indice .PX,.XG0,.XG1,.XG2,.YG0,.YG1",alta,confirmado por schema
MovControle,Ger\Filial\MovControle.DB,DatAnalise,System.DateTime,8,0,nao confirmado,.PX;.XG0;.XG1;.XG2;.YG0;.YG1;.YG2,nao confirmado,nao confirmado,DatAnalise,Movimentos/OS/ROL,nao confirmado,Movimentos/OS/ROL,data,"confirmado por schema: coluna existente no dicionario Paradox | confirmado por schema: arquivos de indice .PX,.XG0,.XG1,.XG2,.YG0,.YG1",alta,confirmado por schema
MovControle,Ger\Filial\MovControle.DB,DatPrevSol,System.DateTime,8,0,nao confirmado,.PX;.XG0;.XG1;.XG2;.YG0;.YG1;.YG2,nao confirmado,nao confirmado,DatPrevSol,Movimentos/OS/ROL,nao confirmado,Movimentos/OS/ROL,data,"confirmado por schema: coluna existente no dicionario Paradox | confirmado por schema: arquivos de indice .PX,.XG0,.XG1,.XG2,.YG0,.YG1",alta,confirmado por schema
MovControle,Ger\Filial\MovControle.DB,DatPrevExec,System.DateTime,8,0,nao confirmado,.PX;.XG0;.XG1;.XG2;.YG0;.YG1;.YG2,nao confirmado,nao confirmado,DatPrevExec,Movimentos/OS/ROL,nao confirmado,Movimentos/OS/ROL,data,"confirmado por schema: coluna existente no dicionario Paradox | confirmado por schema: arquivos de indice .PX,.XG0,.XG1,.XG2,.YG0,.YG1",alta,confirmado por schema
MovControle,Ger\Filial\MovControle.DB,DatConc,System.DateTime,8,0,nao confirmado,.PX;.XG0;.XG1;.XG2;.YG0;.YG1;.YG2,nao confirmado,nao confirmado,DatConc,Movimentos/OS/ROL,nao confirmado,Movimentos/OS/ROL,data,"confirmado por schema: coluna existente no dicionario Paradox | confirmado por schema: arquivos de indice .PX,.XG0,.XG1,.XG2,.YG0,.YG1",alta,confirmado por schema
MovControle,Ger\Filial\MovControle.DB,DatAprov,System.DateTime,8,0,nao confirmado,.PX;.XG0;.XG1;.XG2;.YG0;.YG1;.YG2,nao confirmado,nao confirmado,DatAprov,Movimentos/OS/ROL,nao confirmado,Movimentos/OS/ROL,data,"confirmado por schema: coluna existente no dicionario Paradox | confirmado por schema: arquivos de indice .PX,.XG0,.XG1,.XG2,.YG0,.YG1",alta,confirmado por schema
MovControle,Ger\Filial\MovControle.DB,DatCan,System.DateTime,8,0,nao confirmado,.PX;.XG0;.XG1;.XG2;.YG0;.YG1;.YG2,nao confirmado,nao confirmado,DatCan,Movimentos/OS/ROL,nao confirmado,Movimentos/OS/ROL,data,"confirmado por schema: coluna existente no dicionario Paradox | confirmado por schema: arquivos de indice .PX,.XG0,.XG1,.XG2,.YG0,.YG1",alta,confirmado por schema
MovControle,Ger\Filial\MovControle.DB,HorCan,System.DateTime,8,0,nao confirmado,.PX;.XG0;.XG1;.XG2;.YG0;.YG1;.YG2,nao confirmado,nao confirmado,HorCan,Movimentos/OS/ROL,nao confirmado,Movimentos/OS/ROL,data,"confirmado por schema: coluna existente no dicionario Paradox | confirmado por schema: arquivos de indice .PX,.XG0,.XG1,.XG2,.YG0,.YG1",alta,confirmado por schema
MovControle,Ger\Filial\MovControle.DB,MotivoCan,System.String,100,0,nao confirmado,.PX;.XG0;.XG1;.XG2;.YG0;.YG1;.YG2,nao confirmado,nao confirmado,MotivoCan,Movimentos/OS/ROL,nao confirmado,Movimentos/OS/ROL,data,"confirmado por schema: coluna existente no dicionario Paradox | confirmado por schema: arquivos de indice .PX,.XG0,.XG1,.XG2,.YG0,.YG1",alta,confirmado por schema
MovControle,Ger\Filial\MovControle.DB,UsuarioCan,System.String,20,0,nao confirmado,.PX;.XG0;.XG1;.XG2;.YG0;.YG1;.YG2,nao confirmado,nao confirmado,UsuarioCan,Movimentos/OS/ROL,nao confirmado,Movimentos/OS/ROL,data,"confirmado por schema: coluna existente no dicionario Paradox | confirmado por schema: arquivos de indice .PX,.XG0,.XG1,.XG2,.YG0,.YG1",alta,confirmado por schema
MovControle,Ger\Filial\MovControle.DB,DatAprovCom,System.DateTime,8,0,nao confirmado,.PX;.XG0;.XG1;.XG2;.YG0;.YG1;.YG2,nao confirmado,nao confirmado,DatAprovCom,Movimentos/OS/ROL,nao confirmado,Movimentos/OS/ROL,data,"confirmado por schema: coluna existente no dicionario Paradox | confirmado por schema: arquivos de indice .PX,.XG0,.XG1,.XG2,.YG0,.YG1",alta,confirmado por schema
MovControle,Ger\Filial\MovControle.DB,DatSegAna,System.DateTime,8,0,nao confirmado,.PX;.XG0;.XG1;.XG2;.YG0;.YG1;.YG2,nao confirmado,nao confirmado,DatSegAna,Movimentos/OS/ROL,nao confirmado,Movimentos/OS/ROL,data,"confirmado por schema: coluna existente no dicionario Paradox | confirmado por schema: arquivos de indice .PX,.XG0,.XG1,.XG2,.YG0,.YG1",alta,confirmado por schema
MovProc,Ger\Filial\MovProc.DB,DatIni,System.DateTime,8,0,nao confirmado,.PX;.XG0;.XG1;.XG2;.YG0;.YG1;.YG2,nao confirmado,nao confirmado,DatIni,Movimentos/OS/ROL,nao confirmado,Movimentos/OS/ROL,data,"confirmado por schema: coluna existente no dicionario Paradox | confirmado por schema: arquivos de indice .PX,.XG0,.XG1,.XG2,.YG0,.YG1",alta,confirmado por schema
MovProcItem,Ger\Filial\MovProcItem.DB,DatConc,System.DateTime,8,0,nao confirmado,.PX;.XG0;.XG1;.YG0;.YG1,nao confirmado,nao confirmado,DatConc,Movimentos/OS/ROL,nao confirmado,Movimentos/OS/ROL,data,"confirmado por schema: coluna existente no dicionario Paradox | confirmado por schema: arquivos de indice .PX,.XG0,.XG1,.YG0,.YG1",alta,confirmado por schema
Ponto,Ger\Filial\Ponto.DB,DatPonto,System.DateTime,8,0,nao confirmado,.PX;.XG0;.XG1;.XG2;.YG0;.YG1;.YG2,nao confirmado,nao confirmado,DatPonto,Configuracao/Admin,nao confirmado,Configuracao/Admin,data,"confirmado por schema: coluna existente no dicionario Paradox | confirmado por schema: arquivos de indice .PX,.XG0,.XG1,.XG2,.YG0,.YG1",alta,confirmado por schema
PontoEnc,Ger\Filial\PontoEnc.DB,DatEnc,System.DateTime,8,0,nao confirmado,.PX;.XG0;.YG0,nao confirmado,nao confirmado,DatEnc,Configuracao/Admin,nao confirmado,Configuracao/Admin,data,"confirmado por schema: coluna existente no dicionario Paradox | confirmado por schema: arquivos de indice .PX,.XG0,.YG0",alta,confirmado por schema
ProcesMaq,Ger\Filial\ProcesMaq.DB,DatCan,System.DateTime,8,0,nao confirmado,.PX,nao confirmado,nao confirmado,DatCan,Configuracao/Admin,nao confirmado,Configuracao/Admin,data,confirmado por schema: coluna existente no dicionario Paradox | confirmado por schema: arquivos de indice .PX,alta,confirmado por schema
ProcesMaq,Ger\Filial\ProcesMaq.DB,MotivoCan,System.String,100,0,nao confirmado,.PX,nao confirmado,nao confirmado,MotivoCan,Configuracao/Admin,nao confirmado,Configuracao/Admin,data,confirmado por schema: coluna existente no dicionario Paradox | confirmado por schema: arquivos de indice .PX,alta,confirmado por schema
Produt,Ger\Filial\Produt.DB,DatCan,System.DateTime,8,0,nao confirmado,.PX;.XG0;.XG1;.XG2;.XG3;.YG0;.YG1;.YG2;.YG3,nao confirmado,nao confirmado,DatCan,Produtos/Servicos,nao confirmado,Produtos/Servicos,data,"confirmado por schema: coluna existente no dicionario Paradox | confirmado por schema: arquivos de indice .PX,.XG0,.XG1,.XG2,.XG3,.YG0",alta,confirmado por schema
Produt,Ger\Filial\Produt.DB,MotivoCan,System.String,100,0,nao confirmado,.PX;.XG0;.XG1;.XG2;.XG3;.YG0;.YG1;.YG2;.YG3,nao confirmado,nao confirmado,MotivoCan,Produtos/Servicos,nao confirmado,Produtos/Servicos,data,"confirmado por schema: coluna existente no dicionario Paradox | confirmado por schema: arquivos de indice .PX,.XG0,.XG1,.XG2,.XG3,.YG0",alta,confirmado por schema
Produt,Ger\Filial\Produt.DB,EntSai,System.String,2,0,nao confirmado,.PX;.XG0;.XG1;.XG2;.XG3;.YG0;.YG1;.YG2;.YG3,nao confirmado,nao confirmado,EntSai,Produtos/Servicos,nao confirmado,Produtos/Servicos,data,"confirmado por schema: coluna existente no dicionario Paradox | confirmado por schema: arquivos de indice .PX,.XG0,.XG1,.XG2,.XG3,.YG0",alta,confirmado por schema
Produt,Ger\Filial\Produt.DB,BloqAltPre,System.String,2,0,nao confirmado,.PX;.XG0;.XG1;.XG2;.XG3;.YG0;.YG1;.YG2;.YG3,nao confirmado,nao confirmado,BloqAltPre,Produtos/Servicos,nao confirmado,Produtos/Servicos,data,"confirmado por schema: coluna existente no dicionario Paradox | confirmado por schema: arquivos de indice .PX,.XG0,.XG1,.XG2,.XG3,.YG0",alta,confirmado por schema
Produt,Ger\Filial\Produt.DB,TipPagTer,System.String,2,0,nao confirmado,.PX;.XG0;.XG1;.XG2;.XG3;.YG0;.YG1;.YG2;.YG3,nao confirmado,nao confirmado,TipPagTer,Produtos/Servicos,nao confirmado,Produtos/Servicos,data,"confirmado por schema: coluna existente no dicionario Paradox | confirmado por schema: arquivos de indice .PX,.XG0,.XG1,.XG2,.XG3,.YG0",alta,confirmado por schema
TimeSheet,Ger\Filial\TimeSheet.DB,DatLan,System.DateTime,8,0,nao confirmado,.PX,nao confirmado,nao confirmado,DatLan,Configuracao/Admin,nao confirmado,Configuracao/Admin,data,confirmado por schema: coluna existente no dicionario Paradox | confirmado por schema: arquivos de indice .PX,alta,confirmado por schema
CadPro,Importa\ESC\DADOS\CadPro.DB,DatNas,System.DateTime,8,0,nao confirmado,.PX;.XG0;.YG0,nao confirmado,nao confirmado,DatNas,Produtos/Servicos,nao confirmado,Produtos/Servicos,data,"confirmado por schema: coluna existente no dicionario Paradox | confirmado por schema: arquivos de indice .PX,.XG0,.YG0",alta,confirmado por schema
CadAlu,Importa\ESC\FILIAL\CadAlu.DB,DatNas,System.DateTime,8,0,nao confirmado,.PX;.XG0;.YG0,nao confirmado,nao confirmado,DatNas,Configuracao/Admin,nao confirmado,Configuracao/Admin,data,"confirmado por schema: coluna existente no dicionario Paradox | confirmado por schema: arquivos de indice .PX,.XG0,.YG0",alta,confirmado por schema
CadAlu,Importa\ESC\FILIAL\CadAlu.DB,DatCan,System.DateTime,8,0,nao confirmado,.PX;.XG0;.YG0,nao confirmado,nao confirmado,DatCan,Configuracao/Admin,nao confirmado,Configuracao/Admin,data,"confirmado por schema: coluna existente no dicionario Paradox | confirmado por schema: arquivos de indice .PX,.XG0,.YG0",alta,confirmado por schema
CadAlu,Importa\ESC\FILIAL\CadAlu.DB,MotCan,System.String,100,0,nao confirmado,.PX;.XG0;.YG0,nao confirmado,nao confirmado,MotCan,Configuracao/Admin,nao confirmado,Configuracao/Admin,data,"confirmado por schema: coluna existente no dicionario Paradox | confirmado por schema: arquivos de indice .PX,.XG0,.YG0",alta,confirmado por schema
CadAlu,Importa\ESC\FILIAL\CadAlu.DB,DatCad,System.DateTime,8,0,nao confirmado,.PX;.XG0;.YG0,nao confirmado,nao confirmado,DatCad,Configuracao/Admin,nao confirmado,Configuracao/Admin,data,"confirmado por schema: coluna existente no dicionario Paradox | confirmado por schema: arquivos de indice .PX,.XG0,.YG0",alta,confirmado por schema
CadAul,Importa\ESC\FILIAL\CadAul.DB,DatAul,System.String,12,0,nao confirmado,.PX,nao confirmado,nao confirmado,DatAul,Configuracao/Admin,nao confirmado,Configuracao/Admin,data,confirmado por schema: coluna existente no dicionario Paradox | confirmado por schema: arquivos de indice .PX,alta,confirmado por schema
CadAul,Importa\ESC\FILIAL\CadAul.DB,LanFal,System.String,2,0,nao confirmado,.PX,nao confirmado,nao confirmado,LanFal,Configuracao/Admin,nao confirmado,Configuracao/Admin,data,confirmado por schema: coluna existente no dicionario Paradox | confirmado por schema: arquivos de indice .PX,alta,confirmado por schema
CadInt,Importa\ESC\FILIAL\CadInt.DB,DatNas,System.DateTime,8,0,nao confirmado,.PX;.XG0;.YG0,nao confirmado,nao confirmado,DatNas,Configuracao/Admin,nao confirmado,Configuracao/Admin,data,"confirmado por schema: coluna existente no dicionario Paradox | confirmado por schema: arquivos de indice .PX,.XG0,.YG0",alta,confirmado por schema
CadInt,Importa\ESC\FILIAL\CadInt.DB,DatInt,System.DateTime,8,0,nao confirmado,.PX;.XG0;.YG0,nao confirmado,nao confirmado,DatInt,Configuracao/Admin,nao confirmado,Configuracao/Admin,data,"confirmado por schema: coluna existente no dicionario Paradox | confirmado por schema: arquivos de indice .PX,.XG0,.YG0",alta,confirmado por schema
CadInt,Importa\ESC\FILIAL\CadInt.DB,DatCnt,System.DateTime,8,0,nao confirmado,.PX;.XG0;.YG0,nao confirmado,nao confirmado,DatCnt,Configuracao/Admin,nao confirmado,Configuracao/Admin,data,"confirmado por schema: coluna existente no dicionario Paradox | confirmado por schema: arquivos de indice .PX,.XG0,.YG0",alta,confirmado por schema
CadInt,Importa\ESC\FILIAL\CadInt.DB,DatVAula,System.DateTime,8,0,nao confirmado,.PX;.XG0;.YG0,nao confirmado,nao confirmado,DatVAula,Configuracao/Admin,nao confirmado,Configuracao/Admin,data,"confirmado por schema: coluna existente no dicionario Paradox | confirmado por schema: arquivos de indice .PX,.XG0,.YG0",alta,confirmado por schema
CadRes,Importa\ESC\FILIAL\CadRes.DB,DatNasR,System.DateTime,8,0,nao confirmado,.PX,nao confirmado,nao confirmado,DatNasR,Configuracao/Admin,nao confirmado,Configuracao/Admin,data,confirmado por schema: coluna existente no dicionario Paradox | confirmado por schema: arquivos de indice .PX,alta,confirmado por schema
CadRes,Importa\ESC\FILIAL\CadRes.DB,DatNasR62,System.DateTime,8,0,nao confirmado,.PX,nao confirmado,nao confirmado,DatNasR62,Configuracao/Admin,nao confirmado,Configuracao/Admin,data,confirmado por schema: coluna existente no dicionario Paradox | confirmado por schema: arquivos de indice .PX,alta,confirmado por schema
CadTur,Importa\ESC\FILIAL\CadTur.DB,DatIni,System.DateTime,8,0,nao confirmado,.PX;.XG0;.YG0,nao confirmado,nao confirmado,DatIni,Configuracao/Admin,nao confirmado,Configuracao/Admin,data,"confirmado por schema: coluna existente no dicionario Paradox | confirmado por schema: arquivos de indice .PX,.XG0,.YG0",alta,confirmado por schema
MovPdv,Importa\ESC\FILIAL\MovPdv.DB,DatLan,System.DateTime,8,0,nao confirmado,.PX;.XG0;.XG1;.YG0;.YG1,nao confirmado,nao confirmado,DatLan,Configuracao/Admin,nao confirmado,Configuracao/Admin,data,"confirmado por schema: coluna existente no dicionario Paradox | confirmado por schema: arquivos de indice .PX,.XG0,.XG1,.YG0,.YG1",alta,confirmado por schema
CadEst,Importa\EST\DADOS\CadEst.DB,DatCan,System.DateTime,8,0,nao confirmado,.PX;.XG0;.YG0,nao confirmado,nao confirmado,DatCan,Nao classificado,nao confirmado,Nao classificado,data,"confirmado por schema: coluna existente no dicionario Paradox | confirmado por schema: arquivos de indice .PX,.XG0,.YG0",alta,confirmado por schema
CadEst,Importa\EST\DADOS\CadEst.DB,MotivoCan,System.String,100,0,nao confirmado,.PX;.XG0;.YG0,nao confirmado,nao confirmado,MotivoCan,Nao classificado,nao confirmado,Nao classificado,data,"confirmado por schema: coluna existente no dicionario Paradox | confirmado por schema: arquivos de indice .PX,.XG0,.YG0",alta,confirmado por schema
ProdEst,Importa\EST\DADOS\ProdEst.DB,MotivoCan,System.String,100,0,nao confirmado,.PX;.XG0;.YG0,nao confirmado,nao confirmado,MotivoCan,Estoque,nao confirmado,Estoque,data,"confirmado por schema: coluna existente no dicionario Paradox | confirmado por schema: arquivos de indice .PX,.XG0,.YG0",alta,confirmado por schema
ProdEst,Importa\EST\DADOS\ProdEst.DB,DatCan,System.DateTime,8,0,nao confirmado,.PX;.XG0;.YG0,nao confirmado,nao confirmado,DatCan,Estoque,nao confirmado,Estoque,data,"confirmado por schema: coluna existente no dicionario Paradox | confirmado por schema: arquivos de indice .PX,.XG0,.YG0",alta,confirmado por schema
MovEst,Importa\EST\FILIAL\MovEst.DB,DatLan,System.DateTime,8,0,nao confirmado,.PX;.XG0;.XG1;.XG2;.XG3;.XG4;.XG5;.XG6;.YG0;.YG1;.YG2;.YG3;.YG4;.YG5;.YG6,nao confirmado,nao confirmado,DatLan,Estoque,nao confirmado,Estoque,data,"confirmado por schema: coluna existente no dicionario Paradox | confirmado por schema: arquivos de indice .PX,.XG0,.XG1,.XG2,.XG3,.XG4",alta,confirmado por schema
MovEst,Importa\EST\FILIAL\MovEst.DB,ValTot,System.Double,8,0,nao confirmado,.PX;.XG0;.XG1;.XG2;.XG3;.XG4;.XG5;.XG6;.YG0;.YG1;.YG2;.YG3;.YG4;.YG5;.YG6,nao confirmado,nao confirmado,Total,Estoque,nao confirmado,Estoque,data,"confirmado por schema: coluna existente no dicionario Paradox | confirmado por schema: arquivos de indice .PX,.XG0,.XG1,.XG2,.XG3,.XG4",alta,confirmado por schema
CadAdv,Lav\Dados\CadAdv.DB,DatIni,System.DateTime,8,0,nao confirmado,.PX,nao confirmado,nao confirmado,DatIni,Nao classificado,nao confirmado,Nao classificado,data,confirmado por schema: coluna existente no dicionario Paradox | confirmado por schema: arquivos de indice .PX,alta,confirmado por schema
CadAdv,Lav\Dados\CadAdv.DB,DatCan,System.DateTime,8,0,nao confirmado,.PX,nao confirmado,nao confirmado,DatCan,Nao classificado,nao confirmado,Nao classificado,data,confirmado por schema: coluna existente no dicionario Paradox | confirmado por schema: arquivos de indice .PX,alta,confirmado por schema
CadAdv,Lav\Dados\CadAdv.DB,MotivoCan,System.String,100,0,nao confirmado,.PX,nao confirmado,nao confirmado,MotivoCan,Nao classificado,nao confirmado,Nao classificado,data,confirmado por schema: coluna existente no dicionario Paradox | confirmado por schema: arquivos de indice .PX,alta,confirmado por schema
CadAgrPro,Lav\Dados\CadAgrPro.DB,TipAgr,System.String,2,0,nao confirmado,.PX,nao confirmado,nao confirmado,TipAgr,Nao classificado,nao confirmado,Nao classificado,data,confirmado por schema: coluna existente no dicionario Paradox | confirmado por schema: arquivos de indice .PX,alta,confirmado por schema
CadAgrPro,Lav\Dados\CadAgrPro.DB,MotivoCanc,System.String,200,0,nao confirmado,.PX,nao confirmado,nao confirmado,MotivoCanc,Nao classificado,nao confirmado,Nao classificado,data,confirmado por schema: coluna existente no dicionario Paradox | confirmado por schema: arquivos de indice .PX,alta,confirmado por schema
CadLocRol,Lav\Dados\CadLocRol.DB,MotivoCan,System.String,100,0,nao confirmado,.PX;.XG0;.YG0,nao confirmado,nao confirmado,MotivoCan,Movimentos/OS/ROL,nao confirmado,Movimentos/OS/ROL,data,"confirmado por schema: coluna existente no dicionario Paradox | confirmado por schema: arquivos de indice .PX,.XG0,.YG0",alta,confirmado por schema
CadLocRol,Lav\Dados\CadLocRol.DB,DatCan,System.DateTime,8,0,nao confirmado,.PX;.XG0;.YG0,nao confirmado,nao confirmado,DatCan,Movimentos/OS/ROL,nao confirmado,Movimentos/OS/ROL,data,"confirmado por schema: coluna existente no dicionario Paradox | confirmado por schema: arquivos de indice .PX,.XG0,.YG0",alta,confirmado por schema
CadMarca,Lav\Dados\CadMarca.DB,MotivoCan,System.String,100,0,nao confirmado,.PX;.XG0;.YG0,nao confirmado,nao confirmado,MotivoCan,Produtos/Servicos,nao confirmado,Produtos/Servicos,data,"confirmado por schema: coluna existente no dicionario Paradox | confirmado por schema: arquivos de indice .PX,.XG0,.YG0",alta,confirmado por schema
CadMarca,Lav\Dados\CadMarca.DB,DatCan,System.DateTime,8,0,nao confirmado,.PX;.XG0;.YG0,nao confirmado,nao confirmado,DatCan,Produtos/Servicos,nao confirmado,Produtos/Servicos,data,"confirmado por schema: coluna existente no dicionario Paradox | confirmado por schema: arquivos de indice .PX,.XG0,.YG0",alta,confirmado por schema
CadPas,Lav\Dados\CadPas.DB,DatCan,System.DateTime,8,0,nao confirmado,.PX;.XG0;.XG1;.YG0;.YG1,nao confirmado,nao confirmado,DatCan,Nao classificado,nao confirmado,Nao classificado,data,"confirmado por schema: coluna existente no dicionario Paradox | confirmado por schema: arquivos de indice .PX,.XG0,.XG1,.YG0,.YG1",alta,confirmado por schema
CadPas,Lav\Dados\CadPas.DB,MotivoCan,System.String,100,0,nao confirmado,.PX;.XG0;.XG1;.YG0;.YG1,nao confirmado,nao confirmado,MotivoCan,Nao classificado,nao confirmado,Nao classificado,data,"confirmado por schema: coluna existente no dicionario Paradox | confirmado por schema: arquivos de indice .PX,.XG0,.XG1,.YG0,.YG1",alta,confirmado por schema
CadSerTing,Lav\Dados\CadSerTing.DB,DatCan,System.DateTime,8,0,nao confirmado,.PX;.XG0;.YG0,nao confirmado,nao confirmado,DatCan,Nao classificado,nao confirmado,Nao classificado,data,"confirmado por schema: coluna existente no dicionario Paradox | confirmado por schema: arquivos de indice .PX,.XG0,.YG0",alta,confirmado por schema
CadSerTing,Lav\Dados\CadSerTing.DB,MotivoCan,System.String,100,0,nao confirmado,.PX;.XG0;.YG0,nao confirmado,nao confirmado,MotivoCan,Nao classificado,nao confirmado,Nao classificado,data,"confirmado por schema: coluna existente no dicionario Paradox | confirmado por schema: arquivos de indice .PX,.XG0,.YG0",alta,confirmado por schema
CadTipTing,Lav\Dados\CadTipTing.DB,DatCan,System.DateTime,8,0,nao confirmado,.PX;.XG0;.YG0,nao confirmado,nao confirmado,DatCan,Nao classificado,nao confirmado,Nao classificado,data,"confirmado por schema: coluna existente no dicionario Paradox | confirmado por schema: arquivos de indice .PX,.XG0,.YG0",alta,confirmado por schema
CadTipTing,Lav\Dados\CadTipTing.DB,MotivoCan,System.String,100,0,nao confirmado,.PX;.XG0;.YG0,nao confirmado,nao confirmado,MotivoCan,Nao classificado,nao confirmado,Nao classificado,data,"confirmado por schema: coluna existente no dicionario Paradox | confirmado por schema: arquivos de indice .PX,.XG0,.YG0",alta,confirmado por schema
Caract,Lav\Dados\Caract.DB,MotivoCan,System.String,100,0,nao confirmado,.PX;.XG0;.YG0,nao confirmado,nao confirmado,MotivoCan,Nao classificado,nao confirmado,Nao classificado,data,"confirmado por schema: coluna existente no dicionario Paradox | confirmado por schema: arquivos de indice .PX,.XG0,.YG0",alta,confirmado por schema
Cores,Lav\Dados\Cores.DB,MotivoCan,System.String,40,0,nao confirmado,,nao confirmado,nao confirmado,MotivoCan,Produtos/Servicos,nao confirmado,Produtos/Servicos,data,confirmado por schema: coluna existente no dicionario Paradox,media,confirmado por schema
Defeitos,Lav\Dados\Defeitos.DB,MotivoCan,System.String,100,0,nao confirmado,.PX;.XG0;.YG0,nao confirmado,nao confirmado,MotivoCan,Produtos/Servicos,nao confirmado,Produtos/Servicos,data,"confirmado por schema: coluna existente no dicionario Paradox | confirmado por schema: arquivos de indice .PX,.XG0,.YG0",alta,confirmado por schema
FatPre_C,Lav\Dados\FatPre_C.DB,DiaEnt,System.Double,8,0,nao confirmado,.PX;.XG0;.YG0,nao confirmado,nao confirmado,DiaEnt,Nao classificado,nao confirmado,Nao classificado,data,"confirmado por schema: coluna existente no dicionario Paradox | confirmado por schema: arquivos de indice .PX,.XG0,.YG0",alta,confirmado por schema
FatPre_C,Lav\Dados\FatPre_C.DB,DatIniFat,System.DateTime,8,0,nao confirmado,.PX;.XG0;.YG0,nao confirmado,nao confirmado,DatIniFat,Nao classificado,nao confirmado,Nao classificado,data,"confirmado por schema: coluna existente no dicionario Paradox | confirmado por schema: arquivos de indice .PX,.XG0,.YG0",alta,confirmado por schema
GruEnt,Lav\Dados\GruEnt.DB,GruEnt,System.String,10,0,nao confirmado,.PX;.XG0;.YG0,possivel,nao confirmado,GruEnt,Nao classificado,nao confirmado,Nao classificado,data,"confirmado por schema: coluna existente no dicionario Paradox | confirmado por schema: arquivos de indice .PX,.XG0,.YG0",alta,confirmado por schema
GruEnt,Lav\Dados\GruEnt.DB,MotivoCan,System.String,100,0,nao confirmado,.PX;.XG0;.YG0,nao confirmado,nao confirmado,MotivoCan,Nao classificado,nao confirmado,Nao classificado,data,"confirmado por schema: coluna existente no dicionario Paradox | confirmado por schema: arquivos de indice .PX,.XG0,.YG0",alta,confirmado por schema
GruEnt,Lav\Dados\GruEnt.DB,DatCan,System.DateTime,8,0,nao confirmado,.PX;.XG0;.YG0,nao confirmado,nao confirmado,DatCan,Nao classificado,nao confirmado,Nao classificado,data,"confirmado por schema: coluna existente no dicionario Paradox | confirmado por schema: arquivos de indice .PX,.XG0,.YG0",alta,confirmado por schema
Prazos,Lav\Dados\Prazos.DB,DiaEnt,System.Double,8,0,nao confirmado,.PX;.XG0;.YG0,nao confirmado,nao confirmado,DiaEnt,Nao classificado,nao confirmado,Nao classificado,data,"confirmado por schema: coluna existente no dicionario Paradox | confirmado por schema: arquivos de indice .PX,.XG0,.YG0",alta,confirmado por schema
PromCad,Lav\Dados\PromCad.DB,GruProEnt,System.String,10,0,nao confirmado,.PX;.XG0;.YG0,nao confirmado,nao confirmado,GruProEnt,Nao classificado,nao confirmado,Nao classificado,data,"confirmado por schema: coluna existente no dicionario Paradox | confirmado por schema: arquivos de indice .PX,.XG0,.YG0",alta,confirmado por schema
PromCad,Lav\Dados\PromCad.DB,DatIniProm,System.DateTime,8,0,nao confirmado,.PX;.XG0;.YG0,nao confirmado,nao confirmado,DatIniProm,Nao classificado,nao confirmado,Nao classificado,data,"confirmado por schema: coluna existente no dicionario Paradox | confirmado por schema: arquivos de indice .PX,.XG0,.YG0",alta,confirmado por schema
PromCad,Lav\Dados\PromCad.DB,DatCan,System.DateTime,8,0,nao confirmado,.PX;.XG0;.YG0,nao confirmado,nao confirmado,DatCan,Nao classificado,nao confirmado,Nao classificado,data,"confirmado por schema: coluna existente no dicionario Paradox | confirmado por schema: arquivos de indice .PX,.XG0,.YG0",alta,confirmado por schema
PromCad,Lav\Dados\PromCad.DB,MotivoCan,System.String,100,0,nao confirmado,.PX;.XG0;.YG0,nao confirmado,nao confirmado,MotivoCan,Nao classificado,nao confirmado,Nao classificado,data,"confirmado por schema: coluna existente no dicionario Paradox | confirmado por schema: arquivos de indice .PX,.XG0,.YG0",alta,confirmado por schema
TabFat,Lav\Dados\TabFat.DB,DiaEnt,System.Double,8,0,nao confirmado,.PX;.XG0;.XG1;.YG0;.YG1,nao confirmado,nao confirmado,DiaEnt,Nao classificado,nao confirmado,Nao classificado,data,"confirmado por schema: coluna existente no dicionario Paradox | confirmado por schema: arquivos de indice .PX,.XG0,.XG1,.YG0,.YG1",alta,confirmado por schema
TabPra,Lav\Dados\TabPra.DB,DiaEnt,System.Int32,4,0,nao confirmado,.PX;.XG0;.XG1;.XG2;.YG0;.YG1;.YG2,nao confirmado,nao confirmado,DiaEnt,Nao classificado,nao confirmado,Nao classificado,data,"confirmado por schema: coluna existente no dicionario Paradox | confirmado por schema: arquivos de indice .PX,.XG0,.XG1,.XG2,.YG0,.YG1",alta,confirmado por schema
TabPreco,Lav\Dados\TabPreco.DB,DatValTab,System.DateTime,8,0,nao confirmado,.PX;.XG0;.XG1;.XG2;.YG0;.YG1;.YG2,nao confirmado,nao confirmado,DatValTab,Produtos/Servicos,nao confirmado,Produtos/Servicos,data,"confirmado por schema: coluna existente no dicionario Paradox | confirmado por schema: arquivos de indice .PX,.XG0,.XG1,.XG2,.YG0,.YG1",alta,confirmado por schema
TabPreco,Lav\Dados\TabPreco.DB,DatCan,System.DateTime,8,0,nao confirmado,.PX;.XG0;.XG1;.XG2;.YG0;.YG1;.YG2,nao confirmado,nao confirmado,DatCan,Produtos/Servicos,nao confirmado,Produtos/Servicos,data,"confirmado por schema: coluna existente no dicionario Paradox | confirmado por schema: arquivos de indice .PX,.XG0,.XG1,.XG2,.YG0,.YG1",alta,confirmado por schema
TabPreco,Lav\Dados\TabPreco.DB,MotivoCan,System.String,100,0,nao confirmado,.PX;.XG0;.XG1;.XG2;.YG0;.YG1;.YG2,nao confirmado,nao confirmado,MotivoCan,Produtos/Servicos,nao confirmado,Produtos/Servicos,data,"confirmado por schema: coluna existente no dicionario Paradox | confirmado por schema: arquivos de indice .PX,.XG0,.XG1,.XG2,.YG0,.YG1",alta,confirmado por schema
TabPreco,Lav\Dados\TabPreco.DB,HorCan,System.DateTime,8,0,nao confirmado,.PX;.XG0;.XG1;.XG2;.YG0;.YG1;.YG2,nao confirmado,nao confirmado,HorCan,Produtos/Servicos,nao confirmado,Produtos/Servicos,data,"confirmado por schema: coluna existente no dicionario Paradox | confirmado por schema: arquivos de indice .PX,.XG0,.XG1,.XG2,.YG0,.YG1",alta,confirmado por schema
TabPreco,Lav\Dados\TabPreco.DB,Isento,System.String,6,0,nao confirmado,.PX;.XG0;.XG1;.XG2;.YG0;.YG1;.YG2,nao confirmado,nao confirmado,Isento,Produtos/Servicos,nao confirmado,Produtos/Servicos,data,"confirmado por schema: coluna existente no dicionario Paradox | confirmado por schema: arquivos de indice .PX,.XG0,.XG1,.XG2,.YG0,.YG1",alta,confirmado por schema
TabPreco,Lav\Dados\TabPreco.DB,HabCadCli,System.Boolean,1,0,nao confirmado,.PX;.XG0;.XG1;.XG2;.YG0;.YG1;.YG2,nao confirmado,nao confirmado,HabCadCli,Produtos/Servicos,nao confirmado,Produtos/Servicos,data,"confirmado por schema: coluna existente no dicionario Paradox | confirmado por schema: arquivos de indice .PX,.XG0,.XG1,.XG2,.YG0,.YG1",alta,confirmado por schema
TabPro,Lav\Dados\TabPro.DB,PreUniVen,System.Double,8,0,nao confirmado,.PX;.XG0;.XG1;.XG2;.YG0;.YG1;.YG2,nao confirmado,nao confirmado,PreUniVen,Nao classificado,nao confirmado,Nao classificado,data,"confirmado por schema: coluna existente no dicionario Paradox | confirmado por schema: arquivos de indice .PX,.XG0,.XG1,.XG2,.YG0,.YG1",alta,confirmado por schema
TabPro,Lav\Dados\TabPro.DB,DatVen,System.DateTime,8,0,nao confirmado,.PX;.XG0;.XG1;.XG2;.YG0;.YG1;.YG2,nao confirmado,nao confirmado,Vencimento,Nao classificado,nao confirmado,Nao classificado,data,"confirmado por schema: coluna existente no dicionario Paradox | confirmado por schema: arquivos de indice .PX,.XG0,.XG1,.XG2,.YG0,.YG1",alta,confirmado por schema
TipEnt,Lav\Dados\TipEnt.DB,GruEnt,System.String,10,0,nao confirmado,.PX;.XG0;.YG0,nao confirmado,nao confirmado,GruEnt,Nao classificado,nao confirmado,Nao classificado,data,"confirmado por schema: coluna existente no dicionario Paradox | confirmado por schema: arquivos de indice .PX,.XG0,.YG0",alta,confirmado por schema
TipEnt,Lav\Dados\TipEnt.DB,DatCan,System.DateTime,8,0,nao confirmado,.PX;.XG0;.YG0,nao confirmado,nao confirmado,DatCan,Nao classificado,nao confirmado,Nao classificado,data,"confirmado por schema: coluna existente no dicionario Paradox | confirmado por schema: arquivos de indice .PX,.XG0,.YG0",alta,confirmado por schema
TipEnt,Lav\Dados\TipEnt.DB,MotivoCan,System.String,100,0,nao confirmado,.PX;.XG0;.YG0,nao confirmado,nao confirmado,MotivoCan,Nao classificado,nao confirmado,Nao classificado,data,"confirmado por schema: coluna existente no dicionario Paradox | confirmado por schema: arquivos de indice .PX,.XG0,.YG0",alta,confirmado por schema
TipEnt,Lav\Dados\TipEnt.DB,HorCan,System.DateTime,8,0,nao confirmado,.PX;.XG0;.YG0,nao confirmado,nao confirmado,HorCan,Nao classificado,nao confirmado,Nao classificado,data,"confirmado por schema: coluna existente no dicionario Paradox | confirmado por schema: arquivos de indice .PX,.XG0,.YG0",alta,confirmado por schema
TipSer,Lav\Dados\TipSer.DB,DatCan,System.DateTime,8,0,nao confirmado,.PX;.XG0;.YG0,nao confirmado,nao confirmado,DatCan,Nao classificado,nao confirmado,Nao classificado,data,"confirmado por schema: coluna existente no dicionario Paradox | confirmado por schema: arquivos de indice .PX,.XG0,.YG0",alta,confirmado por schema
TipSer,Lav\Dados\TipSer.DB,MotivoCan,System.String,100,0,nao confirmado,.PX;.XG0;.YG0,nao confirmado,nao confirmado,MotivoCan,Nao classificado,nao confirmado,Nao classificado,data,"confirmado por schema: coluna existente no dicionario Paradox | confirmado por schema: arquivos de indice .PX,.XG0,.YG0",alta,confirmado por schema
TipSer,Lav\Dados\TipSer.DB,HorCan,System.DateTime,8,0,nao confirmado,.PX;.XG0;.YG0,nao confirmado,nao confirmado,HorCan,Nao classificado,nao confirmado,Nao classificado,data,"confirmado por schema: coluna existente no dicionario Paradox | confirmado por schema: arquivos de indice .PX,.XG0,.YG0",alta,confirmado por schema
TipTab,Lav\Dados\TipTab.DB,PedeTipEntrada,System.String,2,0,nao confirmado,.PX;.XG0;.YG0,nao confirmado,nao confirmado,PedeTipEntrada,Nao classificado,nao confirmado,Nao classificado,data,"confirmado por schema: coluna existente no dicionario Paradox | confirmado por schema: arquivos de indice .PX,.XG0,.YG0",alta,confirmado por schema
Bonus,Lav\FILIAL\Bonus.DB,DatBon,System.DateTime,8,0,nao confirmado,.PX;.XG0;.YG0,nao confirmado,nao confirmado,DatBon,Configuracao/Admin,nao confirmado,Configuracao/Admin,data,"confirmado por schema: coluna existente no dicionario Paradox | confirmado por schema: arquivos de indice .PX,.XG0,.YG0",alta,confirmado por schema
CadGR,Lav\FILIAL\CadGR.DB,DatLan,System.DateTime,8,0,nao confirmado,.PX,nao confirmado,nao confirmado,DatLan,Configuracao/Admin,nao confirmado,Configuracao/Admin,data,confirmado por schema: coluna existente no dicionario Paradox | confirmado por schema: arquivos de indice .PX,alta,confirmado por schema
CadLocPec,Lav\FILIAL\CadLocPec.DB,DatPrevEnt,System.DateTime,8,0,nao confirmado,.PX;.XG0;.XG1;.XG2;.XG3;.XG4;.XG5;.XG6;.YG0;.YG1;.YG2;.YG3;.YG4;.YG5;.YG6,nao confirmado,nao confirmado,DatPrevEnt,Configuracao/Admin,nao confirmado,Configuracao/Admin,data,"confirmado por schema: coluna existente no dicionario Paradox | confirmado por schema: arquivos de indice .PX,.XG0,.XG1,.XG2,.XG3,.XG4",alta,confirmado por schema
CadLocPec,Lav\FILIAL\CadLocPec.DB,DatEnt,System.DateTime,8,0,nao confirmado,.PX;.XG0;.XG1;.XG2;.XG3;.XG4;.XG5;.XG6;.YG0;.YG1;.YG2;.YG3;.YG4;.YG5;.YG6,nao confirmado,nao confirmado,DatEnt,Configuracao/Admin,nao confirmado,Configuracao/Admin,data,"confirmado por schema: coluna existente no dicionario Paradox | confirmado por schema: arquivos de indice .PX,.XG0,.XG1,.XG2,.XG3,.XG4",alta,confirmado por schema
CadLocPec,Lav\FILIAL\CadLocPec.DB,HorPrevEnt,System.DateTime,8,0,nao confirmado,.PX;.XG0;.XG1;.XG2;.XG3;.XG4;.XG5;.XG6;.YG0;.YG1;.YG2;.YG3;.YG4;.YG5;.YG6,nao confirmado,nao confirmado,HorPrevEnt,Configuracao/Admin,nao confirmado,Configuracao/Admin,data,"confirmado por schema: coluna existente no dicionario Paradox | confirmado por schema: arquivos de indice .PX,.XG0,.XG1,.XG2,.XG3,.XG4",alta,confirmado por schema
CadLocPec,Lav\FILIAL\CadLocPec.DB,HorEnt,System.DateTime,8,0,nao confirmado,.PX;.XG0;.XG1;.XG2;.XG3;.XG4;.XG5;.XG6;.YG0;.YG1;.YG2;.YG3;.YG4;.YG5;.YG6,nao confirmado,nao confirmado,HorEnt,Configuracao/Admin,nao confirmado,Configuracao/Admin,data,"confirmado por schema: coluna existente no dicionario Paradox | confirmado por schema: arquivos de indice .PX,.XG0,.XG1,.XG2,.XG3,.XG4",alta,confirmado por schema
CadLocPec,Lav\FILIAL\CadLocPec.DB,DatPas,System.DateTime,8,0,nao confirmado,.PX;.XG0;.XG1;.XG2;.XG3;.XG4;.XG5;.XG6;.YG0;.YG1;.YG2;.YG3;.YG4;.YG5;.YG6,nao confirmado,nao confirmado,DatPas,Configuracao/Admin,nao confirmado,Configuracao/Admin,data,"confirmado por schema: coluna existente no dicionario Paradox | confirmado por schema: arquivos de indice .PX,.XG0,.XG1,.XG2,.XG3,.XG4",alta,confirmado por schema
CadLocPec,Lav\FILIAL\CadLocPec.DB,DatEst,System.DateTime,8,0,nao confirmado,.PX;.XG0;.XG1;.XG2;.XG3;.XG4;.XG5;.XG6;.YG0;.YG1;.YG2;.YG3;.YG4;.YG5;.YG6,nao confirmado,nao confirmado,DatEst,Configuracao/Admin,nao confirmado,Configuracao/Admin,data,"confirmado por schema: coluna existente no dicionario Paradox | confirmado por schema: arquivos de indice .PX,.XG0,.XG1,.XG2,.XG3,.XG4",alta,confirmado por schema
CadLocReg,Lav\FILIAL\CadLocReg.DB,MotivoCan,System.String,100,0,nao confirmado,.PX;.XG0;.YG0,nao confirmado,nao confirmado,MotivoCan,Configuracao/Admin,nao confirmado,Configuracao/Admin,data,"confirmado por schema: coluna existente no dicionario Paradox | confirmado por schema: arquivos de indice .PX,.XG0,.YG0",alta,confirmado por schema
CadLocReg,Lav\FILIAL\CadLocReg.DB,DatCan,System.DateTime,8,0,nao confirmado,.PX;.XG0;.YG0,nao confirmado,nao confirmado,DatCan,Configuracao/Admin,nao confirmado,Configuracao/Admin,data,"confirmado por schema: coluna existente no dicionario Paradox | confirmado por schema: arquivos de indice .PX,.XG0,.YG0",alta,confirmado por schema
CliCredito,Lav\FILIAL\CliCredito.DB,DatCre,System.DateTime,8,0,nao confirmado,.PX;.XG0;.XG1;.XG2;.XG3;.XG4;.XG5;.YG0;.YG1;.YG2;.YG3;.YG4;.YG5,nao confirmado,nao confirmado,DatCre,Financeiro,nao confirmado,Financeiro,data,"confirmado por schema: coluna existente no dicionario Paradox | confirmado por schema: arquivos de indice .PX,.XG0,.XG1,.XG2,.XG3,.XG4",alta,confirmado por schema
CliCredito,Lav\FILIAL\CliCredito.DB,DatVal,System.DateTime,8,0,nao confirmado,.PX;.XG0;.XG1;.XG2;.XG3;.XG4;.XG5;.YG0;.YG1;.YG2;.YG3;.YG4;.YG5,nao confirmado,nao confirmado,DatVal,Financeiro,nao confirmado,Financeiro,data,"confirmado por schema: coluna existente no dicionario Paradox | confirmado por schema: arquivos de indice .PX,.XG0,.XG1,.XG2,.XG3,.XG4",alta,confirmado por schema
ControleEti,Lav\FILIAL\ControleEti.DB,Data,System.DateTime,8,0,nao confirmado,.PX;.XG0;.XG1;.YG0;.YG1,nao confirmado,nao confirmado,Data,Movimentos/OS/ROL,nao confirmado,Movimentos/OS/ROL,data,"confirmado por schema: coluna existente no dicionario Paradox | confirmado por schema: arquivos de indice .PX,.XG0,.XG1,.YG0,.YG1",alta,confirmado por schema
Doacao,Lav\FILIAL\Doacao.DB,DatDoa,System.DateTime,8,0,nao confirmado,.PX;.XG0;.XG1;.XG2;.YG0;.YG1;.YG2,nao confirmado,nao confirmado,DatDoa,Configuracao/Admin,nao confirmado,Configuracao/Admin,data,"confirmado por schema: coluna existente no dicionario Paradox | confirmado por schema: arquivos de indice .PX,.XG0,.XG1,.XG2,.YG0,.YG1",alta,confirmado por schema
Doacao,Lav\FILIAL\Doacao.DB,MotCanc,System.String,200,0,nao confirmado,.PX;.XG0;.XG1;.XG2;.YG0;.YG1;.YG2,nao confirmado,nao confirmado,MotCanc,Configuracao/Admin,nao confirmado,Configuracao/Admin,data,"confirmado por schema: coluna existente no dicionario Paradox | confirmado por schema: arquivos de indice .PX,.XG0,.XG1,.XG2,.YG0,.YG1",alta,confirmado por schema
EncCaiLav,Lav\FILIAL\EncCaiLav.DB,DatEnc,System.DateTime,8,0,nao confirmado,.PX;.XG0;.XG1;.XG2;.YG0;.YG1;.YG2,possivel,nao confirmado,DatEnc,Configuracao/Admin,nao confirmado,Configuracao/Admin,data,"confirmado por schema: coluna existente no dicionario Paradox | confirmado por schema: arquivos de indice .PX,.XG0,.XG1,.XG2,.YG0,.YG1",alta,confirmado por schema
EncCaiLav,Lav\FILIAL\EncCaiLav.DB,DatEncSis,System.DateTime,8,0,nao confirmado,.PX;.XG0;.XG1;.XG2;.YG0;.YG1;.YG2,nao confirmado,nao confirmado,DatEncSis,Configuracao/Admin,nao confirmado,Configuracao/Admin,data,"confirmado por schema: coluna existente no dicionario Paradox | confirmado por schema: arquivos de indice .PX,.XG0,.XG1,.XG2,.YG0,.YG1",alta,confirmado por schema
EntLote,Lav\FILIAL\EntLote.DB,DataA,System.DateTime,8,0,nao confirmado,.PX,nao confirmado,nao confirmado,DataA,Configuracao/Admin,nao confirmado,Configuracao/Admin,data,confirmado por schema: coluna existente no dicionario Paradox | confirmado por schema: arquivos de indice .PX,alta,confirmado por schema
EntLote,Lav\FILIAL\EntLote.DB,DataF,System.DateTime,8,0,nao confirmado,.PX,nao confirmado,nao confirmado,DataF,Configuracao/Admin,nao confirmado,Configuracao/Admin,data,confirmado por schema: coluna existente no dicionario Paradox | confirmado por schema: arquivos de indice .PX,alta,confirmado por schema
EntLote,Lav\FILIAL\EntLote.DB,DatCan,System.DateTime,8,0,nao confirmado,.PX,nao confirmado,nao confirmado,DatCan,Configuracao/Admin,nao confirmado,Configuracao/Admin,data,confirmado por schema: coluna existente no dicionario Paradox | confirmado por schema: arquivos de indice .PX,alta,confirmado por schema
EntLote,Lav\FILIAL\EntLote.DB,MotivoCan,System.String,100,0,nao confirmado,.PX,nao confirmado,nao confirmado,MotivoCan,Configuracao/Admin,nao confirmado,Configuracao/Admin,data,confirmado por schema: coluna existente no dicionario Paradox | confirmado por schema: arquivos de indice .PX,alta,confirmado por schema
EntMovLote,Lav\FILIAL\EntMovLote.DB,Data,System.DateTime,8,0,nao confirmado,.PX;.XG0;.XG1;.YG0;.YG1,nao confirmado,nao confirmado,Data,Configuracao/Admin,nao confirmado,Configuracao/Admin,data,"confirmado por schema: coluna existente no dicionario Paradox | confirmado por schema: arquivos de indice .PX,.XG0,.XG1,.YG0,.YG1",alta,confirmado por schema
EstCli,Lav\FILIAL\EstCli.DB,DatLan,System.DateTime,8,0,nao confirmado,.PX;.XG0;.XG1;.YG0;.YG1,nao confirmado,nao confirmado,DatLan,Clientes,nao confirmado,Clientes,data,"confirmado por schema: coluna existente no dicionario Paradox | confirmado por schema: arquivos de indice .PX,.XG0,.XG1,.YG0,.YG1",alta,confirmado por schema
EstCli,Lav\FILIAL\EstCli.DB,MedLan,System.Int32,4,0,nao confirmado,.PX;.XG0;.XG1;.YG0;.YG1,nao confirmado,nao confirmado,MedLan,Clientes,nao confirmado,Clientes,data,"confirmado por schema: coluna existente no dicionario Paradox | confirmado por schema: arquivos de indice .PX,.XG0,.XG1,.YG0,.YG1",alta,confirmado por schema
EstCli,Lav\FILIAL\EstCli.DB,UltLan2,System.Int32,4,0,nao confirmado,.PX;.XG0;.XG1;.YG0;.YG1,nao confirmado,nao confirmado,UltLan2,Clientes,nao confirmado,Clientes,data,"confirmado por schema: coluna existente no dicionario Paradox | confirmado por schema: arquivos de indice .PX,.XG0,.XG1,.YG0,.YG1",alta,confirmado por schema
EstCli,Lav\FILIAL\EstCli.DB,UltLan3,System.Int32,4,0,nao confirmado,.PX;.XG0;.XG1;.YG0;.YG1,nao confirmado,nao confirmado,UltLan3,Clientes,nao confirmado,Clientes,data,"confirmado por schema: coluna existente no dicionario Paradox | confirmado por schema: arquivos de indice .PX,.XG0,.XG1,.YG0,.YG1",alta,confirmado por schema
EstCli,Lav\FILIAL\EstCli.DB,UltLan4,System.Int32,4,0,nao confirmado,.PX;.XG0;.XG1;.YG0;.YG1,nao confirmado,nao confirmado,UltLan4,Clientes,nao confirmado,Clientes,data,"confirmado por schema: coluna existente no dicionario Paradox | confirmado por schema: arquivos de indice .PX,.XG0,.XG1,.YG0,.YG1",alta,confirmado por schema
EstCli,Lav\FILIAL\EstCli.DB,UltLan5,System.Int32,4,0,nao confirmado,.PX;.XG0;.XG1;.YG0;.YG1,nao confirmado,nao confirmado,UltLan5,Clientes,nao confirmado,Clientes,data,"confirmado por schema: coluna existente no dicionario Paradox | confirmado por schema: arquivos de indice .PX,.XG0,.XG1,.YG0,.YG1",alta,confirmado por schema
EstCli,Lav\FILIAL\EstCli.DB,UltLan1,System.Int32,4,0,nao confirmado,.PX;.XG0;.XG1;.YG0;.YG1,nao confirmado,nao confirmado,UltLan1,Clientes,nao confirmado,Clientes,data,"confirmado por schema: coluna existente no dicionario Paradox | confirmado por schema: arquivos de indice .PX,.XG0,.XG1,.YG0,.YG1",alta,confirmado por schema
EstCli,Lav\FILIAL\EstCli.DB,QdeMinLan,System.Int32,4,0,nao confirmado,.PX;.XG0;.XG1;.YG0;.YG1,nao confirmado,nao confirmado,Quantidade,Clientes,nao confirmado,Clientes,data,"confirmado por schema: coluna existente no dicionario Paradox | confirmado por schema: arquivos de indice .PX,.XG0,.XG1,.YG0,.YG1",alta,confirmado por schema
EstCli,Lav\FILIAL\EstCli.DB,QdeMaxLan,System.Int32,4,0,nao confirmado,.PX;.XG0;.XG1;.YG0;.YG1,nao confirmado,nao confirmado,Quantidade,Clientes,nao confirmado,Clientes,data,"confirmado por schema: coluna existente no dicionario Paradox | confirmado por schema: arquivos de indice .PX,.XG0,.XG1,.YG0,.YG1",alta,confirmado por schema
EstCli,Lav\FILIAL\EstCli.DB,DatMinLan,System.DateTime,8,0,nao confirmado,.PX;.XG0;.XG1;.YG0;.YG1,nao confirmado,nao confirmado,DatMinLan,Clientes,nao confirmado,Clientes,data,"confirmado por schema: coluna existente no dicionario Paradox | confirmado por schema: arquivos de indice .PX,.XG0,.XG1,.YG0,.YG1",alta,confirmado por schema
EstCli,Lav\FILIAL\EstCli.DB,DatMaxLan,System.DateTime,8,0,nao confirmado,.PX;.XG0;.XG1;.YG0;.YG1,nao confirmado,nao confirmado,DatMaxLan,Clientes,nao confirmado,Clientes,data,"confirmado por schema: coluna existente no dicionario Paradox | confirmado por schema: arquivos de indice .PX,.XG0,.XG1,.YG0,.YG1",alta,confirmado por schema
EstCli,Lav\FILIAL\EstCli.DB,DatUltLan1,System.DateTime,8,0,nao confirmado,.PX;.XG0;.XG1;.YG0;.YG1,nao confirmado,nao confirmado,DatUltLan1,Clientes,nao confirmado,Clientes,data,"confirmado por schema: coluna existente no dicionario Paradox | confirmado por schema: arquivos de indice .PX,.XG0,.XG1,.YG0,.YG1",alta,confirmado por schema
EstCli,Lav\FILIAL\EstCli.DB,DatUltLan2,System.DateTime,8,0,nao confirmado,.PX;.XG0;.XG1;.YG0;.YG1,nao confirmado,nao confirmado,DatUltLan2,Clientes,nao confirmado,Clientes,data,"confirmado por schema: coluna existente no dicionario Paradox | confirmado por schema: arquivos de indice .PX,.XG0,.XG1,.YG0,.YG1",alta,confirmado por schema
EstCli,Lav\FILIAL\EstCli.DB,DatUltLan3,System.DateTime,8,0,nao confirmado,.PX;.XG0;.XG1;.YG0;.YG1,nao confirmado,nao confirmado,DatUltLan3,Clientes,nao confirmado,Clientes,data,"confirmado por schema: coluna existente no dicionario Paradox | confirmado por schema: arquivos de indice .PX,.XG0,.XG1,.YG0,.YG1",alta,confirmado por schema
EstCli,Lav\FILIAL\EstCli.DB,DatUltLan4,System.DateTime,8,0,nao confirmado,.PX;.XG0;.XG1;.YG0;.YG1,nao confirmado,nao confirmado,DatUltLan4,Clientes,nao confirmado,Clientes,data,"confirmado por schema: coluna existente no dicionario Paradox | confirmado por schema: arquivos de indice .PX,.XG0,.XG1,.YG0,.YG1",alta,confirmado por schema
EstCli,Lav\FILIAL\EstCli.DB,DatUltLan5,System.DateTime,8,0,nao confirmado,.PX;.XG0;.XG1;.YG0;.YG1,nao confirmado,nao confirmado,DatUltLan5,Clientes,nao confirmado,Clientes,data,"confirmado por schema: coluna existente no dicionario Paradox | confirmado por schema: arquivos de indice .PX,.XG0,.XG1,.YG0,.YG1",alta,confirmado por schema
FecCaixa,Lav\FILIAL\FecCaixa.DB,DatEnc,System.DateTime,8,0,nao confirmado,.PX,nao confirmado,nao confirmado,DatEnc,Financeiro,nao confirmado,Financeiro,data,confirmado por schema: coluna existente no dicionario Paradox | confirmado por schema: arquivos de indice .PX,alta,confirmado por schema
LogExporta,Lav\FILIAL\LogExporta.DB,TotLanctos,System.Int32,4,0,nao confirmado,.PX,nao confirmado,nao confirmado,TotLanctos,Ocorrencias/Auditoria,nao confirmado,Ocorrencias/Auditoria,data,confirmado por schema: coluna existente no dicionario Paradox | confirmado por schema: arquivos de indice .PX,alta,confirmado por schema
MetasGruPro,Lav\FILIAL\MetasGruPro.DB,GruVen,System.String,10,0,nao confirmado,.PX;.XG0;.YG0,possivel,nao confirmado,GruVen,Configuracao/Admin,nao confirmado,Configuracao/Admin,data,"confirmado por schema: coluna existente no dicionario Paradox | confirmado por schema: arquivos de indice .PX,.XG0,.YG0",alta,confirmado por schema
MetasVen,Lav\FILIAL\MetasVen.DB,GruVen,System.String,10,0,nao confirmado,.PX;.XG0;.YG0,possivel,nao confirmado,GruVen,Configuracao/Admin,nao confirmado,Configuracao/Admin,data,"confirmado por schema: coluna existente no dicionario Paradox | confirmado por schema: arquivos de indice .PX,.XG0,.YG0",alta,confirmado por schema
MovAgenda,Lav\FILIAL\MovAgenda.DB,DatAgen,System.DateTime,8,0,nao confirmado,.PX;.XG0;.XG1;.XG2;.YG0;.YG1;.YG2,nao confirmado,nao confirmado,DatAgen,Configuracao/Admin,nao confirmado,Configuracao/Admin,data,"confirmado por schema: coluna existente no dicionario Paradox | confirmado por schema: arquivos de indice .PX,.XG0,.XG1,.XG2,.YG0,.YG1",alta,confirmado por schema
MovCab,Lav\FILIAL\MovCab.DB,DatEntLoja,System.DateTime,8,0,nao confirmado,.PX;.XG0;.XG1;.XG2;.XG3;.XG4;.XG5;.XG6;.XG7;.XG8;.XG9;.XGA;.XGB;.XGC;.XGD;.YG0;.YG1;.YG2;.YG3;.YG4;.YG5;.YG6;.YG7;.YG8;.YG9;.YGA;.YGB;.YGC;.YGD,nao confirmado,nao confirmado,DatEntLoja,Movimentos/OS/ROL,nao confirmado,Movimentos/OS/ROL,data,"confirmado por schema: coluna existente no dicionario Paradox | confirmado por schema: arquivos de indice .PX,.XG0,.XG1,.XG2,.XG3,.XG4",alta,confirmado por schema
MovCab,Lav\FILIAL\MovCab.DB,DatLan,System.DateTime,8,0,nao confirmado,.PX;.XG0;.XG1;.XG2;.XG3;.XG4;.XG5;.XG6;.XG7;.XG8;.XG9;.XGA;.XGB;.XGC;.XGD;.YG0;.YG1;.YG2;.YG3;.YG4;.YG5;.YG6;.YG7;.YG8;.YG9;.YGA;.YGB;.YGC;.YGD,nao confirmado,nao confirmado,DatLan,Movimentos/OS/ROL,nao confirmado,Movimentos/OS/ROL,data,"confirmado por schema: coluna existente no dicionario Paradox | confirmado por schema: arquivos de indice .PX,.XG0,.XG1,.XG2,.XG3,.XG4",alta,confirmado por schema
MovCab,Lav\FILIAL\MovCab.DB,DatEnt,System.DateTime,8,0,nao confirmado,.PX;.XG0;.XG1;.XG2;.XG3;.XG4;.XG5;.XG6;.XG7;.XG8;.XG9;.XGA;.XGB;.XGC;.XGD;.YG0;.YG1;.YG2;.YG3;.YG4;.YG5;.YG6;.YG7;.YG8;.YG9;.YGA;.YGB;.YGC;.YGD,nao confirmado,nao confirmado,DatEnt,Movimentos/OS/ROL,nao confirmado,Movimentos/OS/ROL,data,"confirmado por schema: coluna existente no dicionario Paradox | confirmado por schema: arquivos de indice .PX,.XG0,.XG1,.XG2,.XG3,.XG4",alta,confirmado por schema
MovCab,Lav\FILIAL\MovCab.DB,ValTot,System.Double,8,0,nao confirmado,.PX;.XG0;.XG1;.XG2;.XG3;.XG4;.XG5;.XG6;.XG7;.XG8;.XG9;.XGA;.XGB;.XGC;.XGD;.YG0;.YG1;.YG2;.YG3;.YG4;.YG5;.YG6;.YG7;.YG8;.YG9;.YGA;.YGB;.YGC;.YGD,nao confirmado,nao confirmado,Total,Movimentos/OS/ROL,nao confirmado,Movimentos/OS/ROL,data,"confirmado por schema: coluna existente no dicionario Paradox | confirmado por schema: arquivos de indice .PX,.XG0,.XG1,.XG2,.XG3,.XG4",alta,confirmado por schema
MovCab,Lav\FILIAL\MovCab.DB,DataCanc,System.DateTime,8,0,nao confirmado,.PX;.XG0;.XG1;.XG2;.XG3;.XG4;.XG5;.XG6;.XG7;.XG8;.XG9;.XGA;.XGB;.XGC;.XGD;.YG0;.YG1;.YG2;.YG3;.YG4;.YG5;.YG6;.YG7;.YG8;.YG9;.YGA;.YGB;.YGC;.YGD,nao confirmado,nao confirmado,DataCanc,Movimentos/OS/ROL,nao confirmado,Movimentos/OS/ROL,data,"confirmado por schema: coluna existente no dicionario Paradox | confirmado por schema: arquivos de indice .PX,.XG0,.XG1,.XG2,.XG3,.XG4",alta,confirmado por schema
MovCab,Lav\FILIAL\MovCab.DB,MotivoCanc,System.String,100,0,nao confirmado,.PX;.XG0;.XG1;.XG2;.XG3;.XG4;.XG5;.XG6;.XG7;.XG8;.XG9;.XGA;.XGB;.XGC;.XGD;.YG0;.YG1;.YG2;.YG3;.YG4;.YG5;.YG6;.YG7;.YG8;.YG9;.YGA;.YGB;.YGC;.YGD,nao confirmado,nao confirmado,MotivoCanc,Movimentos/OS/ROL,nao confirmado,Movimentos/OS/ROL,data,"confirmado por schema: coluna existente no dicionario Paradox | confirmado por schema: arquivos de indice .PX,.XG0,.XG1,.XG2,.XG3,.XG4",alta,confirmado por schema
MovCab,Lav\FILIAL\MovCab.DB,HorLan,System.DateTime,8,0,nao confirmado,.PX;.XG0;.XG1;.XG2;.XG3;.XG4;.XG5;.XG6;.XG7;.XG8;.XG9;.XGA;.XGB;.XGC;.XGD;.YG0;.YG1;.YG2;.YG3;.YG4;.YG5;.YG6;.YG7;.YG8;.YG9;.YGA;.YGB;.YGC;.YGD,nao confirmado,nao confirmado,HorLan,Movimentos/OS/ROL,nao confirmado,Movimentos/OS/ROL,data,"confirmado por schema: coluna existente no dicionario Paradox | confirmado por schema: arquivos de indice .PX,.XG0,.XG1,.XG2,.XG3,.XG4",alta,confirmado por schema
MovCab,Lav\FILIAL\MovCab.DB,HorEnt,System.DateTime,8,0,nao confirmado,.PX;.XG0;.XG1;.XG2;.XG3;.XG4;.XG5;.XG6;.XG7;.XG8;.XG9;.XGA;.XGB;.XGC;.XGD;.YG0;.YG1;.YG2;.YG3;.YG4;.YG5;.YG6;.YG7;.YG8;.YG9;.YGA;.YGB;.YGC;.YGD,nao confirmado,nao confirmado,HorEnt,Movimentos/OS/ROL,nao confirmado,Movimentos/OS/ROL,data,"confirmado por schema: coluna existente no dicionario Paradox | confirmado por schema: arquivos de indice .PX,.XG0,.XG1,.XG2,.XG3,.XG4",alta,confirmado por schema
MovCab,Lav\FILIAL\MovCab.DB,DatPas,System.DateTime,8,0,nao confirmado,.PX;.XG0;.XG1;.XG2;.XG3;.XG4;.XG5;.XG6;.XG7;.XG8;.XG9;.XGA;.XGB;.XGC;.XGD;.YG0;.YG1;.YG2;.YG3;.YG4;.YG5;.YG6;.YG7;.YG8;.YG9;.YGA;.YGB;.YGC;.YGD,nao confirmado,nao confirmado,DatPas,Movimentos/OS/ROL,nao confirmado,Movimentos/OS/ROL,data,"confirmado por schema: coluna existente no dicionario Paradox | confirmado por schema: arquivos de indice .PX,.XG0,.XG1,.XG2,.XG3,.XG4",alta,confirmado por schema
MovCab,Lav\FILIAL\MovCab.DB,FixEntrega,System.Boolean,1,0,nao confirmado,.PX;.XG0;.XG1;.XG2;.XG3;.XG4;.XG5;.XG6;.XG7;.XG8;.XG9;.XGA;.XGB;.XGC;.XGD;.YG0;.YG1;.YG2;.YG3;.YG4;.YG5;.YG6;.YG7;.YG8;.YG9;.YGA;.YGB;.YGC;.YGD,nao confirmado,nao confirmado,FixEntrega,Movimentos/OS/ROL,nao confirmado,Movimentos/OS/ROL,data,"confirmado por schema: coluna existente no dicionario Paradox | confirmado por schema: arquivos de indice .PX,.XG0,.XG1,.XG2,.XG3,.XG4",alta,confirmado por schema
MovCab,Lav\FILIAL\MovCab.DB,DatEntRol,System.DateTime,8,0,nao confirmado,.PX;.XG0;.XG1;.XG2;.XG3;.XG4;.XG5;.XG6;.XG7;.XG8;.XG9;.XGA;.XGB;.XGC;.XGD;.YG0;.YG1;.YG2;.YG3;.YG4;.YG5;.YG6;.YG7;.YG8;.YG9;.YGA;.YGB;.YGC;.YGD,nao confirmado,possivel,ROL,Movimentos/OS/ROL,nao confirmado,Movimentos/OS/ROL,data,"confirmado por schema: coluna existente no dicionario Paradox | confirmado por schema: arquivos de indice .PX,.XG0,.XG1,.XG2,.XG3,.XG4",alta,confirmado por schema
MovCab,Lav\FILIAL\MovCab.DB,HorEntRol,System.DateTime,8,0,nao confirmado,.PX;.XG0;.XG1;.XG2;.XG3;.XG4;.XG5;.XG6;.XG7;.XG8;.XG9;.XGA;.XGB;.XGC;.XGD;.YG0;.YG1;.YG2;.YG3;.YG4;.YG5;.YG6;.YG7;.YG8;.YG9;.YGA;.YGB;.YGC;.YGD,nao confirmado,possivel,ROL,Movimentos/OS/ROL,nao confirmado,Movimentos/OS/ROL,data,"confirmado por schema: coluna existente no dicionario Paradox | confirmado por schema: arquivos de indice .PX,.XG0,.XG1,.XG2,.XG3,.XG4",alta,confirmado por schema
MovCab,Lav\FILIAL\MovCab.DB,HorCan,System.DateTime,8,0,nao confirmado,.PX;.XG0;.XG1;.XG2;.XG3;.XG4;.XG5;.XG6;.XG7;.XG8;.XG9;.XGA;.XGB;.XGC;.XGD;.YG0;.YG1;.YG2;.YG3;.YG4;.YG5;.YG6;.YG7;.YG8;.YG9;.YGA;.YGB;.YGC;.YGD,nao confirmado,nao confirmado,HorCan,Movimentos/OS/ROL,nao confirmado,Movimentos/OS/ROL,data,"confirmado por schema: coluna existente no dicionario Paradox | confirmado por schema: arquivos de indice .PX,.XG0,.XG1,.XG2,.XG3,.XG4",alta,confirmado por schema
MovDesc,Lav\FILIAL\MovDesc.DB,DatLan,System.DateTime,8,0,nao confirmado,.PX;.XG0;.XG1;.YG0;.YG1,nao confirmado,nao confirmado,DatLan,Configuracao/Admin,nao confirmado,Configuracao/Admin,data,"confirmado por schema: coluna existente no dicionario Paradox | confirmado por schema: arquivos de indice .PX,.XG0,.XG1,.YG0,.YG1",alta,confirmado por schema
MovDesc,Lav\FILIAL\MovDesc.DB,DataUtilizada,System.DateTime,8,0,nao confirmado,.PX;.XG0;.XG1;.YG0;.YG1,nao confirmado,nao confirmado,DataUtilizada,Configuracao/Admin,nao confirmado,Configuracao/Admin,data,"confirmado por schema: coluna existente no dicionario Paradox | confirmado por schema: arquivos de indice .PX,.XG0,.XG1,.YG0,.YG1",alta,confirmado por schema
MovEstLan,Lav\FILIAL\MovEstLan.DB,DatLan,System.DateTime,8,0,nao confirmado,.PX,nao confirmado,nao confirmado,DatLan,Estoque,nao confirmado,Estoque,data,confirmado por schema: coluna existente no dicionario Paradox | confirmado por schema: arquivos de indice .PX,alta,confirmado por schema
MovImportacao,Lav\FILIAL\MovImportacao.DB,DatLan,System.DateTime,8,0,nao confirmado,.PX;.XG0;.XG1;.YG0;.YG1,nao confirmado,nao confirmado,DatLan,Configuracao/Admin,nao confirmado,Configuracao/Admin,data,"confirmado por schema: coluna existente no dicionario Paradox | confirmado por schema: arquivos de indice .PX,.XG0,.XG1,.YG0,.YG1",alta,confirmado por schema
MovIniCaixa,Lav\FILIAL\MovIniCaixa.DB,Data,System.DateTime,8,0,nao confirmado,.PX;.XG0;.YG0,possivel,nao confirmado,Data,Financeiro,nao confirmado,Financeiro,data,"confirmado por schema: coluna existente no dicionario Paradox | confirmado por schema: arquivos de indice .PX,.XG0,.YG0",alta,confirmado por schema
MovIniCaixa,Lav\FILIAL\MovIniCaixa.DB,DatCan,System.DateTime,8,0,nao confirmado,.PX;.XG0;.YG0,nao confirmado,nao confirmado,DatCan,Financeiro,nao confirmado,Financeiro,data,"confirmado por schema: coluna existente no dicionario Paradox | confirmado por schema: arquivos de indice .PX,.XG0,.YG0",alta,confirmado por schema
MovIniCaixa,Lav\FILIAL\MovIniCaixa.DB,MotivoCan,System.String,100,0,nao confirmado,.PX;.XG0;.YG0,nao confirmado,nao confirmado,MotivoCan,Financeiro,nao confirmado,Financeiro,data,"confirmado por schema: coluna existente no dicionario Paradox | confirmado por schema: arquivos de indice .PX,.XG0,.YG0",alta,confirmado por schema
MovItemSerPro,Lav\FILIAL\MovItemSerPro.DB,DatPas,System.DateTime,8,0,nao confirmado,.PX,nao confirmado,nao confirmado,DatPas,Configuracao/Admin,nao confirmado,Configuracao/Admin,data,confirmado por schema: coluna existente no dicionario Paradox | confirmado por schema: arquivos de indice .PX,alta,confirmado por schema
MovLimite,Lav\FILIAL\MovLimite.DB,DatMesAno,System.String,12,0,nao confirmado,.PX;.XG0;.YG0,nao confirmado,nao confirmado,DatMesAno,Configuracao/Admin,nao confirmado,Configuracao/Admin,data,"confirmado por schema: coluna existente no dicionario Paradox | confirmado por schema: arquivos de indice .PX,.XG0,.YG0",alta,confirmado por schema
MovLimite,Lav\FILIAL\MovLimite.DB,CanUtilizados,System.Int32,4,0,nao confirmado,.PX;.XG0;.YG0,nao confirmado,nao confirmado,CanUtilizados,Configuracao/Admin,nao confirmado,Configuracao/Admin,data,"confirmado por schema: coluna existente no dicionario Paradox | confirmado por schema: arquivos de indice .PX,.XG0,.YG0",alta,confirmado por schema
MovLimPro,Lav\FILIAL\MovLimPro.DB,DatLan,System.DateTime,8,0,nao confirmado,.PX;.XG0;.YG0,possivel,nao confirmado,DatLan,Configuracao/Admin,nao confirmado,Configuracao/Admin,data,"confirmado por schema: coluna existente no dicionario Paradox | confirmado por schema: arquivos de indice .PX,.XG0,.YG0",alta,confirmado por schema
MovLimPro,Lav\FILIAL\MovLimPro.DB,QdePonLan,System.Int32,4,0,nao confirmado,.PX;.XG0;.YG0,nao confirmado,nao confirmado,Quantidade,Configuracao/Admin,nao confirmado,Configuracao/Admin,data,"confirmado por schema: coluna existente no dicionario Paradox | confirmado por schema: arquivos de indice .PX,.XG0,.YG0",alta,confirmado por schema
MovLocRol,Lav\FILIAL\MovLocRol.DB,DatLan,System.DateTime,8,0,nao confirmado,.PX;.XG0;.XG1;.XG2;.YG0;.YG1;.YG2,nao confirmado,nao confirmado,DatLan,Movimentos/OS/ROL,nao confirmado,Movimentos/OS/ROL,data,"confirmado por schema: coluna existente no dicionario Paradox | confirmado por schema: arquivos de indice .PX,.XG0,.XG1,.XG2,.YG0,.YG1",alta,confirmado por schema
MovLocRol,Lav\FILIAL\MovLocRol.DB,HorLan,System.DateTime,8,0,nao confirmado,.PX;.XG0;.XG1;.XG2;.YG0;.YG1;.YG2,nao confirmado,nao confirmado,HorLan,Movimentos/OS/ROL,nao confirmado,Movimentos/OS/ROL,data,"confirmado por schema: coluna existente no dicionario Paradox | confirmado por schema: arquivos de indice .PX,.XG0,.XG1,.XG2,.YG0,.YG1",alta,confirmado por schema
MovPacot,Lav\FILIAL\MovPacot.DB,DatIni,System.DateTime,8,0,nao confirmado,.PX;.XG0;.XG1;.XG2;.XG3;.YG0;.YG1;.YG2;.YG3,nao confirmado,nao confirmado,DatIni,Configuracao/Admin,nao confirmado,Configuracao/Admin,data,"confirmado por schema: coluna existente no dicionario Paradox | confirmado por schema: arquivos de indice .PX,.XG0,.XG1,.XG2,.XG3,.YG0",alta,confirmado por schema
MovPecLav,Lav\FILIAL\MovPecLav.DB,DatLan,System.DateTime,8,0,nao confirmado,.PX;.XG0;.XG1;.YG0;.YG1,nao confirmado,nao confirmado,DatLan,Configuracao/Admin,nao confirmado,Configuracao/Admin,data,"confirmado por schema: coluna existente no dicionario Paradox | confirmado por schema: arquivos de indice .PX,.XG0,.XG1,.YG0,.YG1",alta,confirmado por schema
MovPecLav,Lav\FILIAL\MovPecLav.DB,HorLan,System.DateTime,8,0,nao confirmado,.PX;.XG0;.XG1;.YG0;.YG1,nao confirmado,nao confirmado,HorLan,Configuracao/Admin,nao confirmado,Configuracao/Admin,data,"confirmado por schema: coluna existente no dicionario Paradox | confirmado por schema: arquivos de indice .PX,.XG0,.XG1,.YG0,.YG1",alta,confirmado por schema
MovPontos,Lav\FILIAL\MovPontos.DB,DatLan,System.DateTime,8,0,nao confirmado,.PX;.XG0;.XG1;.YG0;.YG1,nao confirmado,nao confirmado,DatLan,Configuracao/Admin,nao confirmado,Configuracao/Admin,data,"confirmado por schema: coluna existente no dicionario Paradox | confirmado por schema: arquivos de indice .PX,.XG0,.XG1,.YG0,.YG1",alta,confirmado por schema
MovRetirada,Lav\FILIAL\MovRetirada.DB,DatLan,System.DateTime,8,0,nao confirmado,.PX;.XG0;.XG1;.XG2;.XG3;.XG4;.XG5;.YG0;.YG1;.YG2;.YG3;.YG4;.YG5,nao confirmado,nao confirmado,DatLan,Configuracao/Admin,nao confirmado,Configuracao/Admin,data,"confirmado por schema: coluna existente no dicionario Paradox | confirmado por schema: arquivos de indice .PX,.XG0,.XG1,.XG2,.XG3,.XG4",alta,confirmado por schema
MovRetirada,Lav\FILIAL\MovRetirada.DB,HorLan,System.DateTime,8,0,nao confirmado,.PX;.XG0;.XG1;.XG2;.XG3;.XG4;.XG5;.YG0;.YG1;.YG2;.YG3;.YG4;.YG5,nao confirmado,nao confirmado,HorLan,Configuracao/Admin,nao confirmado,Configuracao/Admin,data,"confirmado por schema: coluna existente no dicionario Paradox | confirmado por schema: arquivos de indice .PX,.XG0,.XG1,.XG2,.XG3,.XG4",alta,confirmado por schema
MovRetirada,Lav\FILIAL\MovRetirada.DB,DatRet,System.DateTime,8,0,nao confirmado,.PX;.XG0;.XG1;.XG2;.XG3;.XG4;.XG5;.YG0;.YG1;.YG2;.YG3;.YG4;.YG5,nao confirmado,nao confirmado,DatRet,Configuracao/Admin,nao confirmado,Configuracao/Admin,data,"confirmado por schema: coluna existente no dicionario Paradox | confirmado por schema: arquivos de indice .PX,.XG0,.XG1,.XG2,.XG3,.XG4",alta,confirmado por schema
MovRetirada,Lav\FILIAL\MovRetirada.DB,DatCan,System.DateTime,8,0,nao confirmado,.PX;.XG0;.XG1;.XG2;.XG3;.XG4;.XG5;.YG0;.YG1;.YG2;.YG3;.YG4;.YG5,nao confirmado,nao confirmado,DatCan,Configuracao/Admin,nao confirmado,Configuracao/Admin,data,"confirmado por schema: coluna existente no dicionario Paradox | confirmado por schema: arquivos de indice .PX,.XG0,.XG1,.XG2,.XG3,.XG4",alta,confirmado por schema
MovRetirada,Lav\FILIAL\MovRetirada.DB,MotivoCan,System.String,100,0,nao confirmado,.PX;.XG0;.XG1;.XG2;.XG3;.XG4;.XG5;.YG0;.YG1;.YG2;.YG3;.YG4;.YG5,nao confirmado,nao confirmado,MotivoCan,Configuracao/Admin,nao confirmado,Configuracao/Admin,data,"confirmado por schema: coluna existente no dicionario Paradox | confirmado por schema: arquivos de indice .PX,.XG0,.XG1,.XG2,.XG3,.XG4",alta,confirmado por schema
MovRetirada,Lav\FILIAL\MovRetirada.DB,HorCan,System.DateTime,8,0,nao confirmado,.PX;.XG0;.XG1;.XG2;.XG3;.XG4;.XG5;.YG0;.YG1;.YG2;.YG3;.YG4;.YG5,nao confirmado,nao confirmado,HorCan,Configuracao/Admin,nao confirmado,Configuracao/Admin,data,"confirmado por schema: coluna existente no dicionario Paradox | confirmado por schema: arquivos de indice .PX,.XG0,.XG1,.XG2,.XG3,.XG4",alta,confirmado por schema
MovSaida,Lav\FILIAL\MovSaida.DB,DatLan,System.DateTime,8,0,nao confirmado,.PX;.XG0;.XG1;.YG0;.YG1,nao confirmado,nao confirmado,DatLan,Configuracao/Admin,nao confirmado,Configuracao/Admin,data,"confirmado por schema: coluna existente no dicionario Paradox | confirmado por schema: arquivos de indice .PX,.XG0,.XG1,.YG0,.YG1",alta,confirmado por schema
MovSaida,Lav\FILIAL\MovSaida.DB,MotivoCan,System.String,100,0,nao confirmado,.PX;.XG0;.XG1;.YG0;.YG1,nao confirmado,nao confirmado,MotivoCan,Configuracao/Admin,nao confirmado,Configuracao/Admin,data,"confirmado por schema: coluna existente no dicionario Paradox | confirmado por schema: arquivos de indice .PX,.XG0,.XG1,.YG0,.YG1",alta,confirmado por schema
MovSaida,Lav\FILIAL\MovSaida.DB,DatCan,System.DateTime,8,0,nao confirmado,.PX;.XG0;.XG1;.YG0;.YG1,nao confirmado,nao confirmado,DatCan,Configuracao/Admin,nao confirmado,Configuracao/Admin,data,"confirmado por schema: coluna existente no dicionario Paradox | confirmado por schema: arquivos de indice .PX,.XG0,.XG1,.YG0,.YG1",alta,confirmado por schema
MovSaida,Lav\FILIAL\MovSaida.DB,HorCan,System.DateTime,8,0,nao confirmado,.PX;.XG0;.XG1;.YG0;.YG1,nao confirmado,nao confirmado,HorCan,Configuracao/Admin,nao confirmado,Configuracao/Admin,data,"confirmado por schema: coluna existente no dicionario Paradox | confirmado por schema: arquivos de indice .PX,.XG0,.XG1,.YG0,.YG1",alta,confirmado por schema
MovTerc,Lav\FILIAL\MovTerc.DB,DatLan,System.DateTime,8,0,nao confirmado,.PX;.XG0;.XG1;.XG2;.XG3;.XG4;.YG0;.YG1;.YG2;.YG3;.YG4,nao confirmado,nao confirmado,DatLan,Configuracao/Admin,nao confirmado,Configuracao/Admin,data,"confirmado por schema: coluna existente no dicionario Paradox | confirmado por schema: arquivos de indice .PX,.XG0,.XG1,.XG2,.XG3,.XG4",alta,confirmado por schema
MovTerc,Lav\FILIAL\MovTerc.DB,DatCan,System.DateTime,8,0,nao confirmado,.PX;.XG0;.XG1;.XG2;.XG3;.XG4;.YG0;.YG1;.YG2;.YG3;.YG4,nao confirmado,nao confirmado,DatCan,Configuracao/Admin,nao confirmado,Configuracao/Admin,data,"confirmado por schema: coluna existente no dicionario Paradox | confirmado por schema: arquivos de indice .PX,.XG0,.XG1,.XG2,.XG3,.XG4",alta,confirmado por schema
MovTerc,Lav\FILIAL\MovTerc.DB,MotivoCan,System.String,100,0,nao confirmado,.PX;.XG0;.XG1;.XG2;.XG3;.XG4;.YG0;.YG1;.YG2;.YG3;.YG4,nao confirmado,nao confirmado,MotivoCan,Configuracao/Admin,nao confirmado,Configuracao/Admin,data,"confirmado por schema: coluna existente no dicionario Paradox | confirmado por schema: arquivos de indice .PX,.XG0,.XG1,.XG2,.XG3,.XG4",alta,confirmado por schema
MovTerc,Lav\FILIAL\MovTerc.DB,DatPrevEnt,System.DateTime,8,0,nao confirmado,.PX;.XG0;.XG1;.XG2;.XG3;.XG4;.YG0;.YG1;.YG2;.YG3;.YG4,nao confirmado,nao confirmado,DatPrevEnt,Configuracao/Admin,nao confirmado,Configuracao/Admin,data,"confirmado por schema: coluna existente no dicionario Paradox | confirmado por schema: arquivos de indice .PX,.XG0,.XG1,.XG2,.XG3,.XG4",alta,confirmado por schema
MovTerc,Lav\FILIAL\MovTerc.DB,HorCan,System.DateTime,8,0,nao confirmado,.PX;.XG0;.XG1;.XG2;.XG3;.XG4;.YG0;.YG1;.YG2;.YG3;.YG4,nao confirmado,nao confirmado,HorCan,Configuracao/Admin,nao confirmado,Configuracao/Admin,data,"confirmado por schema: coluna existente no dicionario Paradox | confirmado por schema: arquivos de indice .PX,.XG0,.XG1,.XG2,.XG3,.XG4",alta,confirmado por schema
MovTercPec,Lav\FILIAL\MovTercPec.DB,DatEnt,System.DateTime,8,0,nao confirmado,.PX;.XG0;.YG0,nao confirmado,nao confirmado,DatEnt,Configuracao/Admin,nao confirmado,Configuracao/Admin,data,"confirmado por schema: coluna existente no dicionario Paradox | confirmado por schema: arquivos de indice .PX,.XG0,.YG0",alta,confirmado por schema
MovTercPec,Lav\FILIAL\MovTercPec.DB,HorEnt,System.DateTime,8,0,nao confirmado,.PX;.XG0;.YG0,nao confirmado,nao confirmado,HorEnt,Configuracao/Admin,nao confirmado,Configuracao/Admin,data,"confirmado por schema: coluna existente no dicionario Paradox | confirmado por schema: arquivos de indice .PX,.XG0,.YG0",alta,confirmado por schema
MovVenItem,Lav\FILIAL\MovVenItem.DB,Data,System.DateTime,8,0,nao confirmado,.PX;.XG0;.YG0,nao confirmado,nao confirmado,Data,Configuracao/Admin,nao confirmado,Configuracao/Admin,data,"confirmado por schema: coluna existente no dicionario Paradox | confirmado por schema: arquivos de indice .PX,.XG0,.YG0",alta,confirmado por schema
NotaFisPag,Lav\FILIAL\NotaFisPag.DB,DatEmi,System.DateTime,8,0,nao confirmado,.PX,nao confirmado,nao confirmado,DatEmi,Financeiro,nao confirmado,Financeiro,data,confirmado por schema: coluna existente no dicionario Paradox | confirmado por schema: arquivos de indice .PX,alta,confirmado por schema
NotaFisPag,Lav\FILIAL\NotaFisPag.DB,DatCanc,System.DateTime,8,0,nao confirmado,.PX,nao confirmado,nao confirmado,DatCanc,Financeiro,nao confirmado,Financeiro,data,confirmado por schema: coluna existente no dicionario Paradox | confirmado por schema: arquivos de indice .PX,alta,confirmado por schema
NotaFisPag,Lav\FILIAL\NotaFisPag.DB,MotCanc,System.String,100,0,nao confirmado,.PX,nao confirmado,nao confirmado,MotCanc,Financeiro,nao confirmado,Financeiro,data,confirmado por schema: coluna existente no dicionario Paradox | confirmado por schema: arquivos de indice .PX,alta,confirmado por schema
NotaFisPag,Lav\FILIAL\NotaFisPag.DB,HorCan,System.DateTime,8,0,nao confirmado,.PX,nao confirmado,nao confirmado,HorCan,Financeiro,nao confirmado,Financeiro,data,confirmado por schema: coluna existente no dicionario Paradox | confirmado por schema: arquivos de indice .PX,alta,confirmado por schema
Notas,Lav\FILIAL\Notas.DB,DatEmi,System.DateTime,8,0,nao confirmado,.PX;.XG0;.XG1;.XG2;.XG3;.XG4;.XG5;.YG0;.YG1;.YG2;.YG3;.YG4;.YG5,nao confirmado,nao confirmado,DatEmi,Configuracao/Admin,nao confirmado,Configuracao/Admin,data,"confirmado por schema: coluna existente no dicionario Paradox | confirmado por schema: arquivos de indice .PX,.XG0,.XG1,.XG2,.XG3,.XG4",alta,confirmado por schema
Notas,Lav\FILIAL\Notas.DB,DataCanc,System.DateTime,8,0,nao confirmado,.PX;.XG0;.XG1;.XG2;.XG3;.XG4;.XG5;.YG0;.YG1;.YG2;.YG3;.YG4;.YG5,nao confirmado,nao confirmado,DataCanc,Configuracao/Admin,nao confirmado,Configuracao/Admin,data,"confirmado por schema: coluna existente no dicionario Paradox | confirmado por schema: arquivos de indice .PX,.XG0,.XG1,.XG2,.XG3,.XG4",alta,confirmado por schema
Notas,Lav\FILIAL\Notas.DB,MotivoCanc,System.String,100,0,nao confirmado,.PX;.XG0;.XG1;.XG2;.XG3;.XG4;.XG5;.YG0;.YG1;.YG2;.YG3;.YG4;.YG5,nao confirmado,nao confirmado,MotivoCanc,Configuracao/Admin,nao confirmado,Configuracao/Admin,data,"confirmado por schema: coluna existente no dicionario Paradox | confirmado por schema: arquivos de indice .PX,.XG0,.XG1,.XG2,.XG3,.XG4",alta,confirmado por schema
Notas,Lav\FILIAL\Notas.DB,HorPag,System.DateTime,8,0,nao confirmado,.PX;.XG0;.XG1;.XG2;.XG3;.XG4;.XG5;.YG0;.YG1;.YG2;.YG3;.YG4;.YG5,nao confirmado,nao confirmado,HorPag,Configuracao/Admin,nao confirmado,Configuracao/Admin,data,"confirmado por schema: coluna existente no dicionario Paradox | confirmado por schema: arquivos de indice .PX,.XG0,.XG1,.XG2,.XG3,.XG4",alta,confirmado por schema
Notas,Lav\FILIAL\Notas.DB,HorCan,System.DateTime,8,0,nao confirmado,.PX;.XG0;.XG1;.XG2;.XG3;.XG4;.XG5;.YG0;.YG1;.YG2;.YG3;.YG4;.YG5,nao confirmado,nao confirmado,HorCan,Configuracao/Admin,nao confirmado,Configuracao/Admin,data,"confirmado por schema: coluna existente no dicionario Paradox | confirmado por schema: arquivos de indice .PX,.XG0,.XG1,.XG2,.XG3,.XG4",alta,confirmado por schema
NotFis,Lav\FILIAL\NotFis.DB,DatEmi,System.DateTime,8,0,nao confirmado,.PX;.XG0;.YG0,nao confirmado,nao confirmado,DatEmi,Configuracao/Admin,nao confirmado,Configuracao/Admin,data,"confirmado por schema: coluna existente no dicionario Paradox | confirmado por schema: arquivos de indice .PX,.XG0,.YG0",alta,confirmado por schema
NotFis,Lav\FILIAL\NotFis.DB,DatCanc,System.DateTime,8,0,nao confirmado,.PX;.XG0;.YG0,nao confirmado,nao confirmado,DatCanc,Configuracao/Admin,nao confirmado,Configuracao/Admin,data,"confirmado por schema: coluna existente no dicionario Paradox | confirmado por schema: arquivos de indice .PX,.XG0,.YG0",alta,confirmado por schema
NotFis,Lav\FILIAL\NotFis.DB,MotCanc,System.String,100,0,nao confirmado,.PX;.XG0;.YG0,nao confirmado,nao confirmado,MotCanc,Configuracao/Admin,nao confirmado,Configuracao/Admin,data,"confirmado por schema: coluna existente no dicionario Paradox | confirmado por schema: arquivos de indice .PX,.XG0,.YG0",alta,confirmado por schema
NotFis,Lav\FILIAL\NotFis.DB,HorCan,System.DateTime,8,0,nao confirmado,.PX;.XG0;.YG0,nao confirmado,nao confirmado,HorCan,Configuracao/Admin,nao confirmado,Configuracao/Admin,data,"confirmado por schema: coluna existente no dicionario Paradox | confirmado por schema: arquivos de indice .PX,.XG0,.YG0",alta,confirmado por schema
NotFisE,Lav\FILIAL\NotFisE.DB,DatEmi,System.DateTime,8,0,nao confirmado,.PX;.XG0;.XG1;.YG0;.YG1,nao confirmado,nao confirmado,DatEmi,Configuracao/Admin,nao confirmado,Configuracao/Admin,data,"confirmado por schema: coluna existente no dicionario Paradox | confirmado por schema: arquivos de indice .PX,.XG0,.XG1,.YG0,.YG1",alta,confirmado por schema
NotFisE,Lav\FILIAL\NotFisE.DB,DatSit,System.DateTime,8,0,nao confirmado,.PX;.XG0;.XG1;.YG0;.YG1,nao confirmado,nao confirmado,DatSit,Configuracao/Admin,nao confirmado,Configuracao/Admin,data,"confirmado por schema: coluna existente no dicionario Paradox | confirmado por schema: arquivos de indice .PX,.XG0,.XG1,.YG0,.YG1",alta,confirmado por schema
NotFisE,Lav\FILIAL\NotFisE.DB,DatVen,System.DateTime,8,0,nao confirmado,.PX;.XG0;.XG1;.YG0;.YG1,nao confirmado,nao confirmado,Vencimento,Configuracao/Admin,nao confirmado,Configuracao/Admin,data,"confirmado por schema: coluna existente no dicionario Paradox | confirmado por schema: arquivos de indice .PX,.XG0,.XG1,.YG0,.YG1",alta,confirmado por schema
NotFisE,Lav\FILIAL\NotFisE.DB,MotivoCan,System.String,200,0,nao confirmado,.PX;.XG0;.XG1;.YG0;.YG1,nao confirmado,nao confirmado,MotivoCan,Configuracao/Admin,nao confirmado,Configuracao/Admin,data,"confirmado por schema: coluna existente no dicionario Paradox | confirmado por schema: arquivos de indice .PX,.XG0,.XG1,.YG0,.YG1",alta,confirmado por schema
NotFisEComp,Lav\FILIAL\NotFisEComp.DB,PreUniVen,System.Double,8,0,nao confirmado,.PX;.XG0;.YG0,nao confirmado,nao confirmado,PreUniVen,Configuracao/Admin,nao confirmado,Configuracao/Admin,data,"confirmado por schema: coluna existente no dicionario Paradox | confirmado por schema: arquivos de indice .PX,.XG0,.YG0",alta,confirmado por schema
OrcCab,Lav\FILIAL\OrcCab.DB,DatEntLoja,System.DateTime,8,0,nao confirmado,.PX;.XG0;.XG1;.XG2;.XG3;.XG4;.XG5;.XG6;.XG7;.XG8;.XG9;.XGA;.YG0;.YG1;.YG2;.YG3;.YG4;.YG5;.YG6;.YG7;.YG8;.YG9;.YGA,nao confirmado,nao confirmado,DatEntLoja,Movimentos/OS/ROL,nao confirmado,Movimentos/OS/ROL,data,"confirmado por schema: coluna existente no dicionario Paradox | confirmado por schema: arquivos de indice .PX,.XG0,.XG1,.XG2,.XG3,.XG4",alta,confirmado por schema
OrcCab,Lav\FILIAL\OrcCab.DB,DatLan,System.DateTime,8,0,nao confirmado,.PX;.XG0;.XG1;.XG2;.XG3;.XG4;.XG5;.XG6;.XG7;.XG8;.XG9;.XGA;.YG0;.YG1;.YG2;.YG3;.YG4;.YG5;.YG6;.YG7;.YG8;.YG9;.YGA,nao confirmado,nao confirmado,DatLan,Movimentos/OS/ROL,nao confirmado,Movimentos/OS/ROL,data,"confirmado por schema: coluna existente no dicionario Paradox | confirmado por schema: arquivos de indice .PX,.XG0,.XG1,.XG2,.XG3,.XG4",alta,confirmado por schema
OrcCab,Lav\FILIAL\OrcCab.DB,DatEnt,System.DateTime,8,0,nao confirmado,.PX;.XG0;.XG1;.XG2;.XG3;.XG4;.XG5;.XG6;.XG7;.XG8;.XG9;.XGA;.YG0;.YG1;.YG2;.YG3;.YG4;.YG5;.YG6;.YG7;.YG8;.YG9;.YGA,nao confirmado,nao confirmado,DatEnt,Movimentos/OS/ROL,nao confirmado,Movimentos/OS/ROL,data,"confirmado por schema: coluna existente no dicionario Paradox | confirmado por schema: arquivos de indice .PX,.XG0,.XG1,.XG2,.XG3,.XG4",alta,confirmado por schema
OrcCab,Lav\FILIAL\OrcCab.DB,ValTot,System.Double,8,0,nao confirmado,.PX;.XG0;.XG1;.XG2;.XG3;.XG4;.XG5;.XG6;.XG7;.XG8;.XG9;.XGA;.YG0;.YG1;.YG2;.YG3;.YG4;.YG5;.YG6;.YG7;.YG8;.YG9;.YGA,nao confirmado,nao confirmado,Total,Movimentos/OS/ROL,nao confirmado,Movimentos/OS/ROL,data,"confirmado por schema: coluna existente no dicionario Paradox | confirmado por schema: arquivos de indice .PX,.XG0,.XG1,.XG2,.XG3,.XG4",alta,confirmado por schema
OrcCab,Lav\FILIAL\OrcCab.DB,DataCanc,System.DateTime,8,0,nao confirmado,.PX;.XG0;.XG1;.XG2;.XG3;.XG4;.XG5;.XG6;.XG7;.XG8;.XG9;.XGA;.YG0;.YG1;.YG2;.YG3;.YG4;.YG5;.YG6;.YG7;.YG8;.YG9;.YGA,nao confirmado,nao confirmado,DataCanc,Movimentos/OS/ROL,nao confirmado,Movimentos/OS/ROL,data,"confirmado por schema: coluna existente no dicionario Paradox | confirmado por schema: arquivos de indice .PX,.XG0,.XG1,.XG2,.XG3,.XG4",alta,confirmado por schema
OrcCab,Lav\FILIAL\OrcCab.DB,MotivoCanc,System.String,100,0,nao confirmado,.PX;.XG0;.XG1;.XG2;.XG3;.XG4;.XG5;.XG6;.XG7;.XG8;.XG9;.XGA;.YG0;.YG1;.YG2;.YG3;.YG4;.YG5;.YG6;.YG7;.YG8;.YG9;.YGA,nao confirmado,nao confirmado,MotivoCanc,Movimentos/OS/ROL,nao confirmado,Movimentos/OS/ROL,data,"confirmado por schema: coluna existente no dicionario Paradox | confirmado por schema: arquivos de indice .PX,.XG0,.XG1,.XG2,.XG3,.XG4",alta,confirmado por schema
OrcCab,Lav\FILIAL\OrcCab.DB,HorLan,System.DateTime,8,0,nao confirmado,.PX;.XG0;.XG1;.XG2;.XG3;.XG4;.XG5;.XG6;.XG7;.XG8;.XG9;.XGA;.YG0;.YG1;.YG2;.YG3;.YG4;.YG5;.YG6;.YG7;.YG8;.YG9;.YGA,nao confirmado,nao confirmado,HorLan,Movimentos/OS/ROL,nao confirmado,Movimentos/OS/ROL,data,"confirmado por schema: coluna existente no dicionario Paradox | confirmado por schema: arquivos de indice .PX,.XG0,.XG1,.XG2,.XG3,.XG4",alta,confirmado por schema
OrcCab,Lav\FILIAL\OrcCab.DB,HorEnt,System.DateTime,8,0,nao confirmado,.PX;.XG0;.XG1;.XG2;.XG3;.XG4;.XG5;.XG6;.XG7;.XG8;.XG9;.XGA;.YG0;.YG1;.YG2;.YG3;.YG4;.YG5;.YG6;.YG7;.YG8;.YG9;.YGA,nao confirmado,nao confirmado,HorEnt,Movimentos/OS/ROL,nao confirmado,Movimentos/OS/ROL,data,"confirmado por schema: coluna existente no dicionario Paradox | confirmado por schema: arquivos de indice .PX,.XG0,.XG1,.XG2,.XG3,.XG4",alta,confirmado por schema
OrcCab,Lav\FILIAL\OrcCab.DB,DatPas,System.DateTime,8,0,nao confirmado,.PX;.XG0;.XG1;.XG2;.XG3;.XG4;.XG5;.XG6;.XG7;.XG8;.XG9;.XGA;.YG0;.YG1;.YG2;.YG3;.YG4;.YG5;.YG6;.YG7;.YG8;.YG9;.YGA,nao confirmado,nao confirmado,DatPas,Movimentos/OS/ROL,nao confirmado,Movimentos/OS/ROL,data,"confirmado por schema: coluna existente no dicionario Paradox | confirmado por schema: arquivos de indice .PX,.XG0,.XG1,.XG2,.XG3,.XG4",alta,confirmado por schema
OrcCab,Lav\FILIAL\OrcCab.DB,FixEntrega,System.Boolean,1,0,nao confirmado,.PX;.XG0;.XG1;.XG2;.XG3;.XG4;.XG5;.XG6;.XG7;.XG8;.XG9;.XGA;.YG0;.YG1;.YG2;.YG3;.YG4;.YG5;.YG6;.YG7;.YG8;.YG9;.YGA,nao confirmado,nao confirmado,FixEntrega,Movimentos/OS/ROL,nao confirmado,Movimentos/OS/ROL,data,"confirmado por schema: coluna existente no dicionario Paradox | confirmado por schema: arquivos de indice .PX,.XG0,.XG1,.XG2,.XG3,.XG4",alta,confirmado por schema
OrcCab,Lav\FILIAL\OrcCab.DB,DatEntRol,System.DateTime,8,0,nao confirmado,.PX;.XG0;.XG1;.XG2;.XG3;.XG4;.XG5;.XG6;.XG7;.XG8;.XG9;.XGA;.YG0;.YG1;.YG2;.YG3;.YG4;.YG5;.YG6;.YG7;.YG8;.YG9;.YGA,nao confirmado,possivel,ROL,Movimentos/OS/ROL,nao confirmado,Movimentos/OS/ROL,data,"confirmado por schema: coluna existente no dicionario Paradox | confirmado por schema: arquivos de indice .PX,.XG0,.XG1,.XG2,.XG3,.XG4",alta,confirmado por schema
OrcCab,Lav\FILIAL\OrcCab.DB,HorEntRol,System.DateTime,8,0,nao confirmado,.PX;.XG0;.XG1;.XG2;.XG3;.XG4;.XG5;.XG6;.XG7;.XG8;.XG9;.XGA;.YG0;.YG1;.YG2;.YG3;.YG4;.YG5;.YG6;.YG7;.YG8;.YG9;.YGA,nao confirmado,possivel,ROL,Movimentos/OS/ROL,nao confirmado,Movimentos/OS/ROL,data,"confirmado por schema: coluna existente no dicionario Paradox | confirmado por schema: arquivos de indice .PX,.XG0,.XG1,.XG2,.XG3,.XG4",alta,confirmado por schema
OrcCab,Lav\FILIAL\OrcCab.DB,HorCan,System.DateTime,8,0,nao confirmado,.PX;.XG0;.XG1;.XG2;.XG3;.XG4;.XG5;.XG6;.XG7;.XG8;.XG9;.XGA;.YG0;.YG1;.YG2;.YG3;.YG4;.YG5;.YG6;.YG7;.YG8;.YG9;.YGA,nao confirmado,nao confirmado,HorCan,Movimentos/OS/ROL,nao confirmado,Movimentos/OS/ROL,data,"confirmado por schema: coluna existente no dicionario Paradox | confirmado por schema: arquivos de indice .PX,.XG0,.XG1,.XG2,.XG3,.XG4",alta,confirmado por schema
OrcItem,Lav\FILIAL\OrcItem.DB,PreUniVen,System.Double,8,0,nao confirmado,.PX;.XG0;.XG1;.XG2;.XG3;.XG4;.YG0;.YG1;.YG2;.YG3;.YG4,nao confirmado,nao confirmado,PreUniVen,Movimentos/OS/ROL,nao confirmado,Movimentos/OS/ROL,data,"confirmado por schema: coluna existente no dicionario Paradox | confirmado por schema: arquivos de indice .PX,.XG0,.XG1,.XG2,.XG3,.XG4",alta,confirmado por schema
AutoPecas,MAN\DADOS\AutoPecas.DB,MotivoCan,System.String,100,0,nao confirmado,.PX;.XG0;.YG0,nao confirmado,nao confirmado,MotivoCan,Nao classificado,nao confirmado,Nao classificado,data,"confirmado por schema: coluna existente no dicionario Paradox | confirmado por schema: arquivos de indice .PX,.XG0,.YG0",alta,confirmado por schema
AutoPecas,MAN\DADOS\AutoPecas.DB,DatCan,System.DateTime,8,0,nao confirmado,.PX;.XG0;.YG0,nao confirmado,nao confirmado,DatCan,Nao classificado,nao confirmado,Nao classificado,data,"confirmado por schema: coluna existente no dicionario Paradox | confirmado por schema: arquivos de indice .PX,.XG0,.YG0",alta,confirmado por schema
CompAutoPecas,MAN\DADOS\CompAutoPecas.DB,DatPrxTroc,System.DateTime,8,0,nao confirmado,.PX;.XG0;.YG0,nao confirmado,nao confirmado,DatPrxTroc,Nao classificado,nao confirmado,Nao classificado,data,"confirmado por schema: coluna existente no dicionario Paradox | confirmado por schema: arquivos de indice .PX,.XG0,.YG0",alta,confirmado por schema
Condutor,MAN\DADOS\Condutor.DB,DatNas,System.DateTime,8,0,nao confirmado,.PX;.XG0;.YG0,nao confirmado,nao confirmado,DatNas,Nao classificado,nao confirmado,Nao classificado,data,"confirmado por schema: coluna existente no dicionario Paradox | confirmado por schema: arquivos de indice .PX,.XG0,.YG0",alta,confirmado por schema
Condutor,MAN\DADOS\Condutor.DB,MotivoCan,System.String,100,0,nao confirmado,.PX;.XG0;.YG0,nao confirmado,nao confirmado,MotivoCan,Nao classificado,nao confirmado,Nao classificado,data,"confirmado por schema: coluna existente no dicionario Paradox | confirmado por schema: arquivos de indice .PX,.XG0,.YG0",alta,confirmado por schema
Condutor,MAN\DADOS\Condutor.DB,DatCan,System.DateTime,8,0,nao confirmado,.PX;.XG0;.YG0,nao confirmado,nao confirmado,DatCan,Nao classificado,nao confirmado,Nao classificado,data,"confirmado por schema: coluna existente no dicionario Paradox | confirmado por schema: arquivos de indice .PX,.XG0,.YG0",alta,confirmado por schema
Equipam,MAN\DADOS\Equipam.DB,MotivoCan,System.String,100,0,nao confirmado,.PX;.XG0;.YG0,nao confirmado,nao confirmado,MotivoCan,Nao classificado,nao confirmado,Nao classificado,data,"confirmado por schema: coluna existente no dicionario Paradox | confirmado por schema: arquivos de indice .PX,.XG0,.YG0",alta,confirmado por schema
Equipam,MAN\DADOS\Equipam.DB,DatCan,System.DateTime,8,0,nao confirmado,.PX;.XG0;.YG0,nao confirmado,nao confirmado,DatCan,Nao classificado,nao confirmado,Nao classificado,data,"confirmado por schema: coluna existente no dicionario Paradox | confirmado por schema: arquivos de indice .PX,.XG0,.YG0",alta,confirmado por schema
Equipam,MAN\DADOS\Equipam.DB,DatCompra,System.DateTime,8,0,nao confirmado,.PX;.XG0;.YG0,nao confirmado,nao confirmado,DatCompra,Nao classificado,nao confirmado,Nao classificado,data,"confirmado por schema: coluna existente no dicionario Paradox | confirmado por schema: arquivos de indice .PX,.XG0,.YG0",alta,confirmado por schema
MovEquip,MAN\DADOS\MovEquip.DB,DatIni,System.DateTime,8,0,nao confirmado,.PX;.XG0;.XG1;.YG0;.YG1,nao confirmado,nao confirmado,DatIni,Nao classificado,nao confirmado,Nao classificado,data,"confirmado por schema: coluna existente no dicionario Paradox | confirmado por schema: arquivos de indice .PX,.XG0,.XG1,.YG0,.YG1",alta,confirmado por schema
MovEquip,MAN\DADOS\MovEquip.DB,DatCan,System.DateTime,8,0,nao confirmado,.PX;.XG0;.XG1;.YG0;.YG1,nao confirmado,nao confirmado,DatCan,Nao classificado,nao confirmado,Nao classificado,data,"confirmado por schema: coluna existente no dicionario Paradox | confirmado por schema: arquivos de indice .PX,.XG0,.XG1,.YG0,.YG1",alta,confirmado por schema
MovEquip,MAN\DADOS\MovEquip.DB,MotivoCan,System.String,100,0,nao confirmado,.PX;.XG0;.XG1;.YG0;.YG1,nao confirmado,nao confirmado,MotivoCan,Nao classificado,nao confirmado,Nao classificado,data,"confirmado por schema: coluna existente no dicionario Paradox | confirmado por schema: arquivos de indice .PX,.XG0,.XG1,.YG0,.YG1",alta,confirmado por schema
MovTrocas,MAN\DADOS\MovTrocas.DB,DatLan,System.DateTime,8,0,nao confirmado,.PX;.XG0;.XG1;.XG2;.YG0;.YG1;.YG2,nao confirmado,nao confirmado,DatLan,Nao classificado,nao confirmado,Nao classificado,data,"confirmado por schema: coluna existente no dicionario Paradox | confirmado por schema: arquivos de indice .PX,.XG0,.XG1,.XG2,.YG0,.YG1",alta,confirmado por schema
MovTrocas,MAN\DADOS\MovTrocas.DB,MotivoCan,System.String,100,0,nao confirmado,.PX;.XG0;.XG1;.XG2;.YG0;.YG1;.YG2,nao confirmado,nao confirmado,MotivoCan,Nao classificado,nao confirmado,Nao classificado,data,"confirmado por schema: coluna existente no dicionario Paradox | confirmado por schema: arquivos de indice .PX,.XG0,.XG1,.XG2,.YG0,.YG1",alta,confirmado por schema
MovTrocas,MAN\DADOS\MovTrocas.DB,DatCan,System.DateTime,8,0,nao confirmado,.PX;.XG0;.XG1;.XG2;.YG0;.YG1;.YG2,nao confirmado,nao confirmado,DatCan,Nao classificado,nao confirmado,Nao classificado,data,"confirmado por schema: coluna existente no dicionario Paradox | confirmado por schema: arquivos de indice .PX,.XG0,.XG1,.XG2,.YG0,.YG1",alta,confirmado por schema
PrevisaoPag,PAG\FILIAL\PrevisaoPag.DB,DatIni,System.DateTime,8,0,nao confirmado,.PX;.XG0;.YG0,nao confirmado,nao confirmado,DatIni,Financeiro,nao confirmado,Financeiro,data,"confirmado por schema: coluna existente no dicionario Paradox | confirmado por schema: arquivos de indice .PX,.XG0,.YG0",alta,confirmado por schema
TitGru,PAG\FILIAL\TitGru.DB,DatEmi,System.DateTime,8,0,nao confirmado,.PX,nao confirmado,nao confirmado,DatEmi,Financeiro,nao confirmado,Financeiro,data,confirmado por schema: coluna existente no dicionario Paradox | confirmado por schema: arquivos de indice .PX,alta,confirmado por schema
TitGru,PAG\FILIAL\TitGru.DB,DatVen,System.DateTime,8,0,nao confirmado,.PX,nao confirmado,nao confirmado,Vencimento,Financeiro,nao confirmado,Financeiro,data,confirmado por schema: coluna existente no dicionario Paradox | confirmado por schema: arquivos de indice .PX,alta,confirmado por schema
TitGru,PAG\FILIAL\TitGru.DB,ValTit,System.Double,8,0,nao confirmado,.PX,nao confirmado,nao confirmado,ValTit,Financeiro,nao confirmado,Financeiro,data,confirmado por schema: coluna existente no dicionario Paradox | confirmado por schema: arquivos de indice .PX,alta,confirmado por schema
TitGru,PAG\FILIAL\TitGru.DB,DatCan,System.DateTime,8,0,nao confirmado,.PX,nao confirmado,nao confirmado,DatCan,Financeiro,nao confirmado,Financeiro,data,confirmado por schema: coluna existente no dicionario Paradox | confirmado por schema: arquivos de indice .PX,alta,confirmado por schema
TitGru,PAG\FILIAL\TitGru.DB,MotivoCan,System.String,100,0,nao confirmado,.PX,nao confirmado,nao confirmado,MotivoCan,Financeiro,nao confirmado,Financeiro,data,confirmado por schema: coluna existente no dicionario Paradox | confirmado por schema: arquivos de indice .PX,alta,confirmado por schema
Titulos,PAG\FILIAL\Titulos.DB,DatEmi,System.DateTime,8,0,nao confirmado,.PX;.XG0;.XG1;.XG2;.XG3;.XG4;.YG0;.YG1;.YG2;.YG3;.YG4,nao confirmado,nao confirmado,DatEmi,Financeiro,nao confirmado,Financeiro,data,"confirmado por schema: coluna existente no dicionario Paradox | confirmado por schema: arquivos de indice .PX,.XG0,.XG1,.XG2,.XG3,.XG4",alta,confirmado por schema
Titulos,PAG\FILIAL\Titulos.DB,DatVen,System.DateTime,8,0,nao confirmado,.PX;.XG0;.XG1;.XG2;.XG3;.XG4;.YG0;.YG1;.YG2;.YG3;.YG4,nao confirmado,nao confirmado,Vencimento,Financeiro,nao confirmado,Financeiro,data,"confirmado por schema: coluna existente no dicionario Paradox | confirmado por schema: arquivos de indice .PX,.XG0,.XG1,.XG2,.XG3,.XG4",alta,confirmado por schema
Titulos,PAG\FILIAL\Titulos.DB,ValTot,System.Double,8,0,nao confirmado,.PX;.XG0;.XG1;.XG2;.XG3;.XG4;.YG0;.YG1;.YG2;.YG3;.YG4,nao confirmado,nao confirmado,Total,Financeiro,nao confirmado,Financeiro,data,"confirmado por schema: coluna existente no dicionario Paradox | confirmado por schema: arquivos de indice .PX,.XG0,.XG1,.XG2,.XG3,.XG4",alta,confirmado por schema
Titulos,PAG\FILIAL\Titulos.DB,ValTit,System.Double,8,0,nao confirmado,.PX;.XG0;.XG1;.XG2;.XG3;.XG4;.YG0;.YG1;.YG2;.YG3;.YG4,nao confirmado,nao confirmado,ValTit,Financeiro,nao confirmado,Financeiro,data,"confirmado por schema: coluna existente no dicionario Paradox | confirmado por schema: arquivos de indice .PX,.XG0,.XG1,.XG2,.XG3,.XG4",alta,confirmado por schema
Titulos,PAG\FILIAL\Titulos.DB,DatPag,System.DateTime,8,0,nao confirmado,.PX;.XG0;.XG1;.XG2;.XG3;.XG4;.YG0;.YG1;.YG2;.YG3;.YG4,nao confirmado,nao confirmado,Pagamento,Financeiro,nao confirmado,Financeiro,data,"confirmado por schema: coluna existente no dicionario Paradox | confirmado por schema: arquivos de indice .PX,.XG0,.XG1,.XG2,.XG3,.XG4",alta,confirmado por schema
Titulos,PAG\FILIAL\Titulos.DB,ValTitPag,System.Double,8,0,nao confirmado,.PX;.XG0;.XG1;.XG2;.XG3;.XG4;.YG0;.YG1;.YG2;.YG3;.YG4,nao confirmado,nao confirmado,ValTitPag,Financeiro,nao confirmado,Financeiro,data,"confirmado por schema: coluna existente no dicionario Paradox | confirmado por schema: arquivos de indice .PX,.XG0,.XG1,.XG2,.XG3,.XG4",alta,confirmado por schema
Titulos,PAG\FILIAL\Titulos.DB,FixLan,System.String,2,0,nao confirmado,.PX;.XG0;.XG1;.XG2;.XG3;.XG4;.YG0;.YG1;.YG2;.YG3;.YG4,nao confirmado,nao confirmado,FixLan,Financeiro,nao confirmado,Financeiro,data,"confirmado por schema: coluna existente no dicionario Paradox | confirmado por schema: arquivos de indice .PX,.XG0,.XG1,.XG2,.XG3,.XG4",alta,confirmado por schema
Titulos,PAG\FILIAL\Titulos.DB,MotivoCan,System.String,100,0,nao confirmado,.PX;.XG0;.XG1;.XG2;.XG3;.XG4;.YG0;.YG1;.YG2;.YG3;.YG4,nao confirmado,nao confirmado,MotivoCan,Financeiro,nao confirmado,Financeiro,data,"confirmado por schema: coluna existente no dicionario Paradox | confirmado por schema: arquivos de indice .PX,.XG0,.XG1,.XG2,.XG3,.XG4",alta,confirmado por schema
Titulos,PAG\FILIAL\Titulos.DB,DatSusp,System.DateTime,8,0,nao confirmado,.PX;.XG0;.XG1;.XG2;.XG3;.XG4;.YG0;.YG1;.YG2;.YG3;.YG4,nao confirmado,nao confirmado,DatSusp,Financeiro,nao confirmado,Financeiro,data,"confirmado por schema: coluna existente no dicionario Paradox | confirmado por schema: arquivos de indice .PX,.XG0,.XG1,.XG2,.XG3,.XG4",alta,confirmado por schema
Titulos,PAG\FILIAL\Titulos.DB,DatCan,System.DateTime,8,0,nao confirmado,.PX;.XG0;.XG1;.XG2;.XG3;.XG4;.YG0;.YG1;.YG2;.YG3;.YG4,nao confirmado,nao confirmado,DatCan,Financeiro,nao confirmado,Financeiro,data,"confirmado por schema: coluna existente no dicionario Paradox | confirmado por schema: arquivos de indice .PX,.XG0,.XG1,.XG2,.XG3,.XG4",alta,confirmado por schema
ClaManut,PEC\DADOS\ClaManut.DB,DatCan,System.DateTime,8,0,nao confirmado,.PX;.XG0;.YG0,nao confirmado,nao confirmado,DatCan,Nao classificado,nao confirmado,Nao classificado,data,"confirmado por schema: coluna existente no dicionario Paradox | confirmado por schema: arquivos de indice .PX,.XG0,.YG0",alta,confirmado por schema
ClaManut,PEC\DADOS\ClaManut.DB,MotivoCan,System.String,100,0,nao confirmado,.PX;.XG0;.YG0,nao confirmado,nao confirmado,MotivoCan,Nao classificado,nao confirmado,Nao classificado,data,"confirmado por schema: coluna existente no dicionario Paradox | confirmado por schema: arquivos de indice .PX,.XG0,.YG0",alta,confirmado por schema
ClaPerda,PEC\DADOS\ClaPerda.DB,DatCan,System.DateTime,8,0,nao confirmado,.PX;.XG0;.YG0,nao confirmado,nao confirmado,DatCan,Nao classificado,nao confirmado,Nao classificado,data,"confirmado por schema: coluna existente no dicionario Paradox | confirmado por schema: arquivos de indice .PX,.XG0,.YG0",alta,confirmado por schema
ClaPerda,PEC\DADOS\ClaPerda.DB,MotivoCan,System.String,100,0,nao confirmado,.PX;.XG0;.YG0,nao confirmado,nao confirmado,MotivoCan,Nao classificado,nao confirmado,Nao classificado,data,"confirmado por schema: coluna existente no dicionario Paradox | confirmado por schema: arquivos de indice .PX,.XG0,.YG0",alta,confirmado por schema
FunAfastam,PEC\DADOS\FunAfastam.DB,DatInicio,System.DateTime,8,0,nao confirmado,.PX;.XG0;.YG0,nao confirmado,nao confirmado,DatInicio,Nao classificado,nao confirmado,Nao classificado,data,"confirmado por schema: coluna existente no dicionario Paradox | confirmado por schema: arquivos de indice .PX,.XG0,.YG0",alta,confirmado por schema
FunAfastam,PEC\DADOS\FunAfastam.DB,DatFinal,System.DateTime,8,0,nao confirmado,.PX;.XG0;.YG0,nao confirmado,nao confirmado,DatFinal,Nao classificado,nao confirmado,Nao classificado,data,"confirmado por schema: coluna existente no dicionario Paradox | confirmado por schema: arquivos de indice .PX,.XG0,.YG0",alta,confirmado por schema
FunAfastam,PEC\DADOS\FunAfastam.DB,DatCanc,System.DateTime,8,0,nao confirmado,.PX;.XG0;.YG0,nao confirmado,nao confirmado,DatCanc,Nao classificado,nao confirmado,Nao classificado,data,"confirmado por schema: coluna existente no dicionario Paradox | confirmado por schema: arquivos de indice .PX,.XG0,.YG0",alta,confirmado por schema
FunAfastam,PEC\DADOS\FunAfastam.DB,MotivoCanc,System.String,100,0,nao confirmado,.PX;.XG0;.YG0,nao confirmado,nao confirmado,MotivoCanc,Nao classificado,nao confirmado,Nao classificado,data,"confirmado por schema: coluna existente no dicionario Paradox | confirmado por schema: arquivos de indice .PX,.XG0,.YG0",alta,confirmado por schema
FunCli,PEC\DADOS\FunCli.DB,DatAdm,System.DateTime,8,0,nao confirmado,.PX;.XG0;.XG1;.XG2;.XG3;.XG4;.XG5;.YG0;.YG1;.YG2;.YG3;.YG4;.YG5,nao confirmado,nao confirmado,DatAdm,Clientes,nao confirmado,Clientes,data,"confirmado por schema: coluna existente no dicionario Paradox | confirmado por schema: arquivos de indice .PX,.XG0,.XG1,.XG2,.XG3,.XG4",alta,confirmado por schema
FunCliCan,PEC\DADOS\FunCliCan.DB,DatCan,System.DateTime,8,0,nao confirmado,.PX;.XG0;.YG0,nao confirmado,nao confirmado,DatCan,Clientes,nao confirmado,Clientes,data,"confirmado por schema: coluna existente no dicionario Paradox | confirmado por schema: arquivos de indice .PX,.XG0,.YG0",alta,confirmado por schema
FunCliCan,PEC\DADOS\FunCliCan.DB,MotivoCan,System.String,200,0,nao confirmado,.PX;.XG0;.YG0,nao confirmado,nao confirmado,MotivoCan,Clientes,nao confirmado,Clientes,data,"confirmado por schema: coluna existente no dicionario Paradox | confirmado por schema: arquivos de indice .PX,.XG0,.YG0",alta,confirmado por schema
FunCliRou,PEC\DADOS\FunCliRou.DB,DatCad,System.DateTime,8,0,nao confirmado,.PX;.XG0;.XG1;.XG2;.XG3;.XG4;.YG0;.YG1;.YG2;.YG3;.YG4,nao confirmado,nao confirmado,DatCad,Clientes,nao confirmado,Clientes,data,"confirmado por schema: coluna existente no dicionario Paradox | confirmado por schema: arquivos de indice .PX,.XG0,.XG1,.XG2,.XG3,.XG4",alta,confirmado por schema
FunCliRouM,PEC\DADOS\FunCliRouM.DB,DatMan,System.DateTime,8,0,nao confirmado,.PX;.XG0;.XG1;.XG2;.YG0;.YG1;.YG2,nao confirmado,nao confirmado,DatMan,Clientes,nao confirmado,Clientes,data,"confirmado por schema: coluna existente no dicionario Paradox | confirmado por schema: arquivos de indice .PX,.XG0,.XG1,.XG2,.YG0,.YG1",alta,confirmado por schema
FunCliRouM,PEC\DADOS\FunCliRouM.DB,DatRet,System.DateTime,8,0,nao confirmado,.PX;.XG0;.XG1;.XG2;.YG0;.YG1;.YG2,nao confirmado,nao confirmado,DatRet,Clientes,nao confirmado,Clientes,data,"confirmado por schema: coluna existente no dicionario Paradox | confirmado por schema: arquivos de indice .PX,.XG0,.XG1,.XG2,.YG0,.YG1",alta,confirmado por schema
FunCliRouP,PEC\DADOS\FunCliRouP.DB,DatPer,System.DateTime,8,0,nao confirmado,.PX;.XG0;.YG0,nao confirmado,nao confirmado,DatPer,Clientes,nao confirmado,Clientes,data,"confirmado por schema: coluna existente no dicionario Paradox | confirmado por schema: arquivos de indice .PX,.XG0,.YG0",alta,confirmado por schema
AvisoRoupa,PEC\FILIAL\AvisoRoupa.DB,DatLan,System.DateTime,8,0,nao confirmado,.PX;.XG0;.XG1;.XG2;.YG0;.YG1;.YG2,nao confirmado,nao confirmado,DatLan,Configuracao/Admin,nao confirmado,Configuracao/Admin,data,"confirmado por schema: coluna existente no dicionario Paradox | confirmado por schema: arquivos de indice .PX,.XG0,.XG1,.XG2,.YG0,.YG1",alta,confirmado por schema
AvisoRoupa,PEC\FILIAL\AvisoRoupa.DB,HorLan,System.DateTime,8,0,nao confirmado,.PX;.XG0;.XG1;.XG2;.YG0;.YG1;.YG2,nao confirmado,nao confirmado,HorLan,Configuracao/Admin,nao confirmado,Configuracao/Admin,data,"confirmado por schema: coluna existente no dicionario Paradox | confirmado por schema: arquivos de indice .PX,.XG0,.XG1,.XG2,.YG0,.YG1",alta,confirmado por schema
AvisoRoupa,PEC\FILIAL\AvisoRoupa.DB,DatMan,System.DateTime,8,0,nao confirmado,.PX;.XG0;.XG1;.XG2;.YG0;.YG1;.YG2,nao confirmado,nao confirmado,DatMan,Configuracao/Admin,nao confirmado,Configuracao/Admin,data,"confirmado por schema: coluna existente no dicionario Paradox | confirmado por schema: arquivos de indice .PX,.XG0,.XG1,.XG2,.YG0,.YG1",alta,confirmado por schema
AvisoRoupa,PEC\FILIAL\AvisoRoupa.DB,DatProces,System.DateTime,8,0,nao confirmado,.PX;.XG0;.XG1;.XG2;.YG0;.YG1;.YG2,nao confirmado,nao confirmado,DatProces,Configuracao/Admin,nao confirmado,Configuracao/Admin,data,"confirmado por schema: coluna existente no dicionario Paradox | confirmado por schema: arquivos de indice .PX,.XG0,.XG1,.XG2,.YG0,.YG1",alta,confirmado por schema
LogSisPec,PEC\FILIAL\LogSisPec.DB,Data,System.DateTime,8,0,nao confirmado,.PX;.XG0;.YG0,nao confirmado,nao confirmado,Data,Ocorrencias/Auditoria,nao confirmado,Ocorrencias/Auditoria,data,"confirmado por schema: coluna existente no dicionario Paradox | confirmado por schema: arquivos de indice .PX,.XG0,.YG0",alta,confirmado por schema
MovRoupa,PEC\FILIAL\MovRoupa.DB,DatLan,System.DateTime,8,0,nao confirmado,.PX;.XG0;.XG1;.XG2;.XG3;.XG4;.XG5;.XG6;.YG0;.YG1;.YG2;.YG3;.YG4;.YG5;.YG6,nao confirmado,nao confirmado,DatLan,Movimentos/OS/ROL,nao confirmado,Movimentos/OS/ROL,data,"confirmado por schema: coluna existente no dicionario Paradox | confirmado por schema: arquivos de indice .PX,.XG0,.XG1,.XG2,.XG3,.XG4",alta,confirmado por schema
MovRoupa,PEC\FILIAL\MovRoupa.DB,HorLan,System.DateTime,8,0,nao confirmado,.PX;.XG0;.XG1;.XG2;.XG3;.XG4;.XG5;.XG6;.YG0;.YG1;.YG2;.YG3;.YG4;.YG5;.YG6,nao confirmado,nao confirmado,HorLan,Movimentos/OS/ROL,nao confirmado,Movimentos/OS/ROL,data,"confirmado por schema: coluna existente no dicionario Paradox | confirmado por schema: arquivos de indice .PX,.XG0,.XG1,.XG2,.XG3,.XG4",alta,confirmado por schema
MovRoupaConf,PEC\FILIAL\MovRoupaConf.DB,DatLan,System.DateTime,8,0,nao confirmado,.PX;.XG0;.XG1;.XG2;.XG3;.XG4;.YG0;.YG1;.YG2;.YG3;.YG4,nao confirmado,nao confirmado,DatLan,Movimentos/OS/ROL,nao confirmado,Movimentos/OS/ROL,data,"confirmado por schema: coluna existente no dicionario Paradox | confirmado por schema: arquivos de indice .PX,.XG0,.XG1,.XG2,.XG3,.XG4",alta,confirmado por schema
MovRoupaConf,PEC\FILIAL\MovRoupaConf.DB,HorLan,System.DateTime,8,0,nao confirmado,.PX;.XG0;.XG1;.XG2;.XG3;.XG4;.YG0;.YG1;.YG2;.YG3;.YG4,nao confirmado,nao confirmado,HorLan,Movimentos/OS/ROL,nao confirmado,Movimentos/OS/ROL,data,"confirmado por schema: coluna existente no dicionario Paradox | confirmado por schema: arquivos de indice .PX,.XG0,.XG1,.XG2,.XG3,.XG4",alta,confirmado por schema
MovRoupaLot,PEC\FILIAL\MovRoupaLot.DB,DatLot,System.DateTime,8,0,nao confirmado,.PX;.XG0;.XG1;.XG2;.YG0;.YG1;.YG2,nao confirmado,nao confirmado,DatLot,Movimentos/OS/ROL,nao confirmado,Movimentos/OS/ROL,data,"confirmado por schema: coluna existente no dicionario Paradox | confirmado por schema: arquivos de indice .PX,.XG0,.XG1,.XG2,.YG0,.YG1",alta,confirmado por schema
MovRoupaLot,PEC\FILIAL\MovRoupaLot.DB,DatFecLot,System.DateTime,8,0,nao confirmado,.PX;.XG0;.XG1;.XG2;.YG0;.YG1;.YG2,nao confirmado,nao confirmado,DatFecLot,Movimentos/OS/ROL,nao confirmado,Movimentos/OS/ROL,data,"confirmado por schema: coluna existente no dicionario Paradox | confirmado por schema: arquivos de indice .PX,.XG0,.XG1,.XG2,.YG0,.YG1",alta,confirmado por schema
MovRoupaLot,PEC\FILIAL\MovRoupaLot.DB,DatPrevEnt,System.DateTime,8,0,nao confirmado,.PX;.XG0;.XG1;.XG2;.YG0;.YG1;.YG2,nao confirmado,nao confirmado,DatPrevEnt,Movimentos/OS/ROL,nao confirmado,Movimentos/OS/ROL,data,"confirmado por schema: coluna existente no dicionario Paradox | confirmado por schema: arquivos de indice .PX,.XG0,.XG1,.XG2,.YG0,.YG1",alta,confirmado por schema
MovRoupaLot,PEC\FILIAL\MovRoupaLot.DB,SitEnt,System.String,2,0,nao confirmado,.PX;.XG0;.XG1;.XG2;.YG0;.YG1;.YG2,nao confirmado,nao confirmado,SitEnt,Movimentos/OS/ROL,nao confirmado,Movimentos/OS/ROL,data,"confirmado por schema: coluna existente no dicionario Paradox | confirmado por schema: arquivos de indice .PX,.XG0,.XG1,.XG2,.YG0,.YG1",alta,confirmado por schema
MovRoupaLot,PEC\FILIAL\MovRoupaLot.DB,UsuEnt,System.String,20,0,nao confirmado,.PX;.XG0;.XG1;.XG2;.YG0;.YG1;.YG2,nao confirmado,nao confirmado,UsuEnt,Movimentos/OS/ROL,nao confirmado,Movimentos/OS/ROL,data,"confirmado por schema: coluna existente no dicionario Paradox | confirmado por schema: arquivos de indice .PX,.XG0,.XG1,.XG2,.YG0,.YG1",alta,confirmado por schema
MovRoupaLot,PEC\FILIAL\MovRoupaLot.DB,DatRealEnt,System.DateTime,8,0,nao confirmado,.PX;.XG0;.XG1;.XG2;.YG0;.YG1;.YG2,nao confirmado,nao confirmado,DatRealEnt,Movimentos/OS/ROL,nao confirmado,Movimentos/OS/ROL,data,"confirmado por schema: coluna existente no dicionario Paradox | confirmado por schema: arquivos de indice .PX,.XG0,.XG1,.XG2,.YG0,.YG1",alta,confirmado por schema
MovRoupaLot,PEC\FILIAL\MovRoupaLot.DB,DatCan,System.DateTime,8,0,nao confirmado,.PX;.XG0;.XG1;.XG2;.YG0;.YG1;.YG2,nao confirmado,nao confirmado,DatCan,Movimentos/OS/ROL,nao confirmado,Movimentos/OS/ROL,data,"confirmado por schema: coluna existente no dicionario Paradox | confirmado por schema: arquivos de indice .PX,.XG0,.XG1,.XG2,.YG0,.YG1",alta,confirmado por schema
MovRoupaLot,PEC\FILIAL\MovRoupaLot.DB,MotivoCan,System.String,100,0,nao confirmado,.PX;.XG0;.XG1;.XG2;.YG0;.YG1;.YG2,nao confirmado,nao confirmado,MotivoCan,Movimentos/OS/ROL,nao confirmado,Movimentos/OS/ROL,data,"confirmado por schema: coluna existente no dicionario Paradox | confirmado por schema: arquivos de indice .PX,.XG0,.XG1,.XG2,.YG0,.YG1",alta,confirmado por schema
Boletos,REC\FILIAL\Boletos.DB,DatEmi,System.DateTime,8,0,nao confirmado,.PX;.XG0;.XG1;.YG0;.YG1,nao confirmado,nao confirmado,DatEmi,Financeiro,nao confirmado,Financeiro,data,"confirmado por schema: coluna existente no dicionario Paradox | confirmado por schema: arquivos de indice .PX,.XG0,.XG1,.YG0,.YG1",alta,confirmado por schema
Boletos,REC\FILIAL\Boletos.DB,HorEmi,System.DateTime,8,0,nao confirmado,.PX;.XG0;.XG1;.YG0;.YG1,nao confirmado,nao confirmado,HorEmi,Financeiro,nao confirmado,Financeiro,data,"confirmado por schema: coluna existente no dicionario Paradox | confirmado por schema: arquivos de indice .PX,.XG0,.XG1,.YG0,.YG1",alta,confirmado por schema
BoletosCan,REC\FILIAL\BoletosCan.DB,DatCan,System.DateTime,8,0,nao confirmado,.PX,nao confirmado,nao confirmado,DatCan,Financeiro,nao confirmado,Financeiro,data,confirmado por schema: coluna existente no dicionario Paradox | confirmado por schema: arquivos de indice .PX,alta,confirmado por schema
BoletosCan,REC\FILIAL\BoletosCan.DB,HorCan,System.DateTime,8,0,nao confirmado,.PX,nao confirmado,nao confirmado,HorCan,Financeiro,nao confirmado,Financeiro,data,confirmado por schema: coluna existente no dicionario Paradox | confirmado por schema: arquivos de indice .PX,alta,confirmado por schema
BoletosCan,REC\FILIAL\BoletosCan.DB,MotivoCan,System.String,200,0,nao confirmado,.PX,nao confirmado,nao confirmado,MotivoCan,Financeiro,nao confirmado,Financeiro,data,confirmado por schema: coluna existente no dicionario Paradox | confirmado por schema: arquivos de indice .PX,alta,confirmado por schema
BoletosLot,REC\FILIAL\BoletosLot.DB,DatEmi,System.DateTime,8,0,nao confirmado,.PX,nao confirmado,nao confirmado,DatEmi,Financeiro,nao confirmado,Financeiro,data,confirmado por schema: coluna existente no dicionario Paradox | confirmado por schema: arquivos de indice .PX,alta,confirmado por schema
BoletosLot,REC\FILIAL\BoletosLot.DB,HorEmi,System.DateTime,8,0,nao confirmado,.PX,nao confirmado,nao confirmado,HorEmi,Financeiro,nao confirmado,Financeiro,data,confirmado por schema: coluna existente no dicionario Paradox | confirmado por schema: arquivos de indice .PX,alta,confirmado por schema
CamRecFil,REC\FILIAL\CamRecFil.DB,DatLan,System.DateTime,8,0,nao confirmado,.PX,nao confirmado,nao confirmado,DatLan,Configuracao/Admin,nao confirmado,Configuracao/Admin,data,confirmado por schema: coluna existente no dicionario Paradox | confirmado por schema: arquivos de indice .PX,alta,confirmado por schema
DupBoleto,REC\FILIAL\DupBoleto.DB,DatEmi,System.DateTime,8,0,nao confirmado,.PX;.XG0;.XG1;.YG0;.YG1,nao confirmado,nao confirmado,DatEmi,Financeiro,nao confirmado,Financeiro,data,"confirmado por schema: coluna existente no dicionario Paradox | confirmado por schema: arquivos de indice .PX,.XG0,.XG1,.YG0,.YG1",alta,confirmado por schema
DupCorrCab,REC\FILIAL\DupCorrCab.DB,DatCorr,System.DateTime,8,0,nao confirmado,.PX,nao confirmado,nao confirmado,DatCorr,Configuracao/Admin,nao confirmado,Configuracao/Admin,data,confirmado por schema: coluna existente no dicionario Paradox | confirmado por schema: arquivos de indice .PX,alta,confirmado por schema
DupCorrCab,REC\FILIAL\DupCorrCab.DB,DatCan,System.DateTime,8,0,nao confirmado,.PX,nao confirmado,nao confirmado,DatCan,Configuracao/Admin,nao confirmado,Configuracao/Admin,data,confirmado por schema: coluna existente no dicionario Paradox | confirmado por schema: arquivos de indice .PX,alta,confirmado por schema
DupCorrCab,REC\FILIAL\DupCorrCab.DB,MotivoCan,System.String,100,0,nao confirmado,.PX,nao confirmado,nao confirmado,MotivoCan,Configuracao/Admin,nao confirmado,Configuracao/Admin,data,confirmado por schema: coluna existente no dicionario Paradox | confirmado por schema: arquivos de indice .PX,alta,confirmado por schema
DupCorrItem,REC\FILIAL\DupCorrItem.DB,DatCorr,System.DateTime,8,0,nao confirmado,.PX;.XG0;.YG0,nao confirmado,nao confirmado,DatCorr,Configuracao/Admin,nao confirmado,Configuracao/Admin,data,"confirmado por schema: coluna existente no dicionario Paradox | confirmado por schema: arquivos de indice .PX,.XG0,.YG0",alta,confirmado por schema
Duplicat,REC\FILIAL\Duplicat.DB,DatEmi,System.DateTime,8,0,nao confirmado,.PX;.XG0;.XG1;.XG2;.XG3;.XG4;.XG5;.XG6;.XG7;.XG8;.XG9;.XGA;.XGB;.YG0;.YG1;.YG2;.YG3;.YG4;.YG5;.YG6;.YG7;.YG8;.YG9;.YGA;.YGB,nao confirmado,nao confirmado,DatEmi,Financeiro,nao confirmado,Financeiro,data,"confirmado por schema: coluna existente no dicionario Paradox | confirmado por schema: arquivos de indice .PX,.XG0,.XG1,.XG2,.XG3,.XG4",alta,confirmado por schema
Duplicat,REC\FILIAL\Duplicat.DB,DatVen,System.DateTime,8,0,nao confirmado,.PX;.XG0;.XG1;.XG2;.XG3;.XG4;.XG5;.XG6;.XG7;.XG8;.XG9;.XGA;.XGB;.YG0;.YG1;.YG2;.YG3;.YG4;.YG5;.YG6;.YG7;.YG8;.YG9;.YGA;.YGB,nao confirmado,nao confirmado,Vencimento,Financeiro,nao confirmado,Financeiro,data,"confirmado por schema: coluna existente no dicionario Paradox | confirmado por schema: arquivos de indice .PX,.XG0,.XG1,.XG2,.XG3,.XG4",alta,confirmado por schema
Duplicat,REC\FILIAL\Duplicat.DB,EmiBol,System.String,2,0,nao confirmado,.PX;.XG0;.XG1;.XG2;.XG3;.XG4;.XG5;.XG6;.XG7;.XG8;.XG9;.XGA;.XGB;.YG0;.YG1;.YG2;.YG3;.YG4;.YG5;.YG6;.YG7;.YG8;.YG9;.YGA;.YGB,nao confirmado,nao confirmado,EmiBol,Financeiro,nao confirmado,Financeiro,data,"confirmado por schema: coluna existente no dicionario Paradox | confirmado por schema: arquivos de indice .PX,.XG0,.XG1,.XG2,.XG3,.XG4",alta,confirmado por schema
Duplicat,REC\FILIAL\Duplicat.DB,DatPag,System.DateTime,8,0,nao confirmado,.PX;.XG0;.XG1;.XG2;.XG3;.XG4;.XG5;.XG6;.XG7;.XG8;.XG9;.XGA;.XGB;.YG0;.YG1;.YG2;.YG3;.YG4;.YG5;.YG6;.YG7;.YG8;.YG9;.YGA;.YGB,nao confirmado,nao confirmado,Pagamento,Financeiro,nao confirmado,Financeiro,data,"confirmado por schema: coluna existente no dicionario Paradox | confirmado por schema: arquivos de indice .PX,.XG0,.XG1,.XG2,.XG3,.XG4",alta,confirmado por schema
Duplicat,REC\FILIAL\Duplicat.DB,ValDupPag,System.Double,8,0,nao confirmado,.PX;.XG0;.XG1;.XG2;.XG3;.XG4;.XG5;.XG6;.XG7;.XG8;.XG9;.XGA;.XGB;.YG0;.YG1;.YG2;.YG3;.YG4;.YG5;.YG6;.YG7;.YG8;.YG9;.YGA;.YGB,nao confirmado,nao confirmado,Valor duplicata,Financeiro,nao confirmado,Financeiro,data,"confirmado por schema: coluna existente no dicionario Paradox | confirmado por schema: arquivos de indice .PX,.XG0,.XG1,.XG2,.XG3,.XG4",alta,confirmado por schema
Duplicat,REC\FILIAL\Duplicat.DB,EmitDup,System.String,2,0,nao confirmado,.PX;.XG0;.XG1;.XG2;.XG3;.XG4;.XG5;.XG6;.XG7;.XG8;.XG9;.XGA;.XGB;.YG0;.YG1;.YG2;.YG3;.YG4;.YG5;.YG6;.YG7;.YG8;.YG9;.YGA;.YGB,nao confirmado,nao confirmado,EmitDup,Financeiro,nao confirmado,Financeiro,data,"confirmado por schema: coluna existente no dicionario Paradox | confirmado por schema: arquivos de indice .PX,.XG0,.XG1,.XG2,.XG3,.XG4",alta,confirmado por schema
Duplicat,REC\FILIAL\Duplicat.DB,DatCan,System.DateTime,8,0,nao confirmado,.PX;.XG0;.XG1;.XG2;.XG3;.XG4;.XG5;.XG6;.XG7;.XG8;.XG9;.XGA;.XGB;.YG0;.YG1;.YG2;.YG3;.YG4;.YG5;.YG6;.YG7;.YG8;.YG9;.YGA;.YGB,nao confirmado,nao confirmado,DatCan,Financeiro,nao confirmado,Financeiro,data,"confirmado por schema: coluna existente no dicionario Paradox | confirmado por schema: arquivos de indice .PX,.XG0,.XG1,.XG2,.XG3,.XG4",alta,confirmado por schema
Duplicat,REC\FILIAL\Duplicat.DB,ValCan,System.Double,8,0,nao confirmado,.PX;.XG0;.XG1;.XG2;.XG3;.XG4;.XG5;.XG6;.XG7;.XG8;.XG9;.XGA;.XGB;.YG0;.YG1;.YG2;.YG3;.YG4;.YG5;.YG6;.YG7;.YG8;.YG9;.YGA;.YGB,nao confirmado,nao confirmado,ValCan,Financeiro,nao confirmado,Financeiro,data,"confirmado por schema: coluna existente no dicionario Paradox | confirmado por schema: arquivos de indice .PX,.XG0,.XG1,.XG2,.XG3,.XG4",alta,confirmado por schema
Duplicat,REC\FILIAL\Duplicat.DB,FixLan,System.String,2,0,nao confirmado,.PX;.XG0;.XG1;.XG2;.XG3;.XG4;.XG5;.XG6;.XG7;.XG8;.XG9;.XGA;.XGB;.YG0;.YG1;.YG2;.YG3;.YG4;.YG5;.YG6;.YG7;.YG8;.YG9;.YGA;.YGB,nao confirmado,nao confirmado,FixLan,Financeiro,nao confirmado,Financeiro,data,"confirmado por schema: coluna existente no dicionario Paradox | confirmado por schema: arquivos de indice .PX,.XG0,.XG1,.XG2,.XG3,.XG4",alta,confirmado por schema
Duplicat,REC\FILIAL\Duplicat.DB,MotivoCan,System.String,100,0,nao confirmado,.PX;.XG0;.XG1;.XG2;.XG3;.XG4;.XG5;.XG6;.XG7;.XG8;.XG9;.XGA;.XGB;.YG0;.YG1;.YG2;.YG3;.YG4;.YG5;.YG6;.YG7;.YG8;.YG9;.YGA;.YGB,nao confirmado,nao confirmado,MotivoCan,Financeiro,nao confirmado,Financeiro,data,"confirmado por schema: coluna existente no dicionario Paradox | confirmado por schema: arquivos de indice .PX,.XG0,.XG1,.XG2,.XG3,.XG4",alta,confirmado por schema
Duplicat,REC\FILIAL\Duplicat.DB,EmiNot,System.String,2,0,nao confirmado,.PX;.XG0;.XG1;.XG2;.XG3;.XG4;.XG5;.XG6;.XG7;.XG8;.XG9;.XGA;.XGB;.YG0;.YG1;.YG2;.YG3;.YG4;.YG5;.YG6;.YG7;.YG8;.YG9;.YGA;.YGB,nao confirmado,nao confirmado,EmiNot,Financeiro,nao confirmado,Financeiro,data,"confirmado por schema: coluna existente no dicionario Paradox | confirmado por schema: arquivos de indice .PX,.XG0,.XG1,.XG2,.XG3,.XG4",alta,confirmado por schema
Duplicat,REC\FILIAL\Duplicat.DB,DatVenNot,System.DateTime,8,0,nao confirmado,.PX;.XG0;.XG1;.XG2;.XG3;.XG4;.XG5;.XG6;.XG7;.XG8;.XG9;.XGA;.XGB;.YG0;.YG1;.YG2;.YG3;.YG4;.YG5;.YG6;.YG7;.YG8;.YG9;.YGA;.YGB,nao confirmado,nao confirmado,Vencimento,Financeiro,nao confirmado,Financeiro,data,"confirmado por schema: coluna existente no dicionario Paradox | confirmado por schema: arquivos de indice .PX,.XG0,.XG1,.XG2,.XG3,.XG4",alta,confirmado por schema
Duplicat,REC\FILIAL\Duplicat.DB,DatSusp,System.DateTime,8,0,nao confirmado,.PX;.XG0;.XG1;.XG2;.XG3;.XG4;.XG5;.XG6;.XG7;.XG8;.XG9;.XGA;.XGB;.YG0;.YG1;.YG2;.YG3;.YG4;.YG5;.YG6;.YG7;.YG8;.YG9;.YGA;.YGB,nao confirmado,nao confirmado,DatSusp,Financeiro,nao confirmado,Financeiro,data,"confirmado por schema: coluna existente no dicionario Paradox | confirmado por schema: arquivos de indice .PX,.XG0,.XG1,.XG2,.XG3,.XG4",alta,confirmado por schema
Duplicat,REC\FILIAL\Duplicat.DB,HorCan,System.DateTime,8,0,nao confirmado,.PX;.XG0;.XG1;.XG2;.XG3;.XG4;.XG5;.XG6;.XG7;.XG8;.XG9;.XGA;.XGB;.YG0;.YG1;.YG2;.YG3;.YG4;.YG5;.YG6;.YG7;.YG8;.YG9;.YGA;.YGB,nao confirmado,nao confirmado,HorCan,Financeiro,nao confirmado,Financeiro,data,"confirmado por schema: coluna existente no dicionario Paradox | confirmado por schema: arquivos de indice .PX,.XG0,.XG1,.XG2,.XG3,.XG4",alta,confirmado por schema
DupMotAlt,REC\FILIAL\DupMotAlt.DB,DatAlt,System.DateTime,8,0,nao confirmado,.PX;.XG0;.XG1;.XG2;.XG3;.YG0;.YG1;.YG2;.YG3,nao confirmado,nao confirmado,DatAlt,Configuracao/Admin,nao confirmado,Configuracao/Admin,data,"confirmado por schema: coluna existente no dicionario Paradox | confirmado por schema: arquivos de indice .PX,.XG0,.XG1,.XG2,.XG3,.YG0",alta,confirmado por schema
DupMotAlt,REC\FILIAL\DupMotAlt.DB,MotAltDup,System.String,6,0,nao confirmado,.PX;.XG0;.XG1;.XG2;.XG3;.YG0;.YG1;.YG2;.YG3,nao confirmado,nao confirmado,MotAltDup,Configuracao/Admin,nao confirmado,Configuracao/Admin,data,"confirmado por schema: coluna existente no dicionario Paradox | confirmado por schema: arquivos de indice .PX,.XG0,.XG1,.XG2,.XG3,.YG0",alta,confirmado por schema
DupMotAlt,REC\FILIAL\DupMotAlt.DB,DiasAlt,System.Int32,4,0,nao confirmado,.PX;.XG0;.XG1;.XG2;.XG3;.YG0;.YG1;.YG2;.YG3,nao confirmado,nao confirmado,DiasAlt,Configuracao/Admin,nao confirmado,Configuracao/Admin,data,"confirmado por schema: coluna existente no dicionario Paradox | confirmado por schema: arquivos de indice .PX,.XG0,.XG1,.XG2,.XG3,.YG0",alta,confirmado por schema
DupMotAlt,REC\FILIAL\DupMotAlt.DB,DatMod,System.DateTime,8,0,nao confirmado,.PX;.XG0;.XG1;.XG2;.XG3;.YG0;.YG1;.YG2;.YG3,nao confirmado,nao confirmado,DatMod,Configuracao/Admin,nao confirmado,Configuracao/Admin,data,"confirmado por schema: coluna existente no dicionario Paradox | confirmado por schema: arquivos de indice .PX,.XG0,.XG1,.XG2,.XG3,.YG0",alta,confirmado por schema
FatArq,REC\FILIAL\FatArq.DB,DataEnvio,System.DateTime,8,0,nao confirmado,.PX;.XG0;.XG1;.YG0;.YG1,nao confirmado,nao confirmado,DataEnvio,Configuracao/Admin,nao confirmado,Configuracao/Admin,data,"confirmado por schema: coluna existente no dicionario Paradox | confirmado por schema: arquivos de indice .PX,.XG0,.XG1,.YG0,.YG1",alta,confirmado por schema
NotFisFin,REC\FILIAL\NotFisFin.DB,DatEmi,System.DateTime,8,0,nao confirmado,.PX;.XG0;.YG0,nao confirmado,nao confirmado,DatEmi,Configuracao/Admin,nao confirmado,Configuracao/Admin,data,"confirmado por schema: coluna existente no dicionario Paradox | confirmado por schema: arquivos de indice .PX,.XG0,.YG0",alta,confirmado por schema
NotFisFin,REC\FILIAL\NotFisFin.DB,HorEmi,System.DateTime,8,0,nao confirmado,.PX;.XG0;.YG0,nao confirmado,nao confirmado,HorEmi,Configuracao/Admin,nao confirmado,Configuracao/Admin,data,"confirmado por schema: coluna existente no dicionario Paradox | confirmado por schema: arquivos de indice .PX,.XG0,.YG0",alta,confirmado por schema
NotFisFinCan,REC\FILIAL\NotFisFinCan.DB,DatCan,System.DateTime,8,0,nao confirmado,.PX,nao confirmado,nao confirmado,DatCan,Configuracao/Admin,nao confirmado,Configuracao/Admin,data,confirmado por schema: coluna existente no dicionario Paradox | confirmado por schema: arquivos de indice .PX,alta,confirmado por schema
NotFisFinCan,REC\FILIAL\NotFisFinCan.DB,HorCan,System.DateTime,8,0,nao confirmado,.PX,nao confirmado,nao confirmado,HorCan,Configuracao/Admin,nao confirmado,Configuracao/Admin,data,confirmado por schema: coluna existente no dicionario Paradox | confirmado por schema: arquivos de indice .PX,alta,confirmado por schema
NotFisFinCan,REC\FILIAL\NotFisFinCan.DB,MotivoCan,System.String,200,0,nao confirmado,.PX,nao confirmado,nao confirmado,MotivoCan,Configuracao/Admin,nao confirmado,Configuracao/Admin,data,confirmado por schema: coluna existente no dicionario Paradox | confirmado por schema: arquivos de indice .PX,alta,confirmado por schema
Remessa,REC\FILIAL\Remessa.DB,Data,System.DateTime,8,0,nao confirmado,.PX,nao confirmado,nao confirmado,Data,Configuracao/Admin,nao confirmado,Configuracao/Admin,data,confirmado por schema: coluna existente no dicionario Paradox | confirmado por schema: arquivos de indice .PX,alta,confirmado por schema
Remessa,REC\FILIAL\Remessa.DB,DatRet,System.DateTime,8,0,nao confirmado,.PX,nao confirmado,nao confirmado,DatRet,Configuracao/Admin,nao confirmado,Configuracao/Admin,data,confirmado por schema: coluna existente no dicionario Paradox | confirmado por schema: arquivos de indice .PX,alta,confirmado por schema
ArqDocum,SAT\DADOS\ArqDocum.DB,PlanX,System.String,40,0,nao confirmado,.PX;.XG0;.YG0,nao confirmado,nao confirmado,PlanX,Notas/Fiscal,nao confirmado,Notas/Fiscal,data,"confirmado por schema: coluna existente no dicionario Paradox | confirmado por schema: arquivos de indice .PX,.XG0,.YG0",alta,confirmado por schema
CadAjuDoc,SAT\DADOS\CadAjuDoc.DB,TrocaDe,System.String,100,0,nao confirmado,.PX,nao confirmado,nao confirmado,TrocaDe,Notas/Fiscal,nao confirmado,Notas/Fiscal,data,confirmado por schema: coluna existente no dicionario Paradox | confirmado por schema: arquivos de indice .PX,alta,confirmado por schema
CadClaAlt,SAT\DADOS\CadClaAlt.DB,ObsClaAlt,System.String,40,0,nao confirmado,.PX;.XG0;.YG0,nao confirmado,nao confirmado,ObsClaAlt,Notas/Fiscal,nao confirmado,Notas/Fiscal,data,"confirmado por schema: coluna existente no dicionario Paradox | confirmado por schema: arquivos de indice .PX,.XG0,.YG0",alta,confirmado por schema
CadClaAlt,SAT\DADOS\CadClaAlt.DB,MotivoCan,System.String,100,0,nao confirmado,.PX;.XG0;.YG0,nao confirmado,nao confirmado,MotivoCan,Notas/Fiscal,nao confirmado,Notas/Fiscal,data,"confirmado por schema: coluna existente no dicionario Paradox | confirmado por schema: arquivos de indice .PX,.XG0,.YG0",alta,confirmado por schema
CadClaAlt,SAT\DADOS\CadClaAlt.DB,DatCan,System.DateTime,8,0,nao confirmado,.PX;.XG0;.YG0,nao confirmado,nao confirmado,DatCan,Notas/Fiscal,nao confirmado,Notas/Fiscal,data,"confirmado por schema: coluna existente no dicionario Paradox | confirmado por schema: arquivos de indice .PX,.XG0,.YG0",alta,confirmado por schema
CadOcorCla,SAT\DADOS\CadOcorCla.DB,MotivoCan,System.String,100,0,nao confirmado,.PX;.XG0;.YG0,nao confirmado,nao confirmado,MotivoCan,Movimentos/OS/ROL,nao confirmado,Movimentos/OS/ROL,data,"confirmado por schema: coluna existente no dicionario Paradox | confirmado por schema: arquivos de indice .PX,.XG0,.YG0",alta,confirmado por schema
CadOcorCla,SAT\DADOS\CadOcorCla.DB,DatCan,System.DateTime,8,0,nao confirmado,.PX;.XG0;.YG0,nao confirmado,nao confirmado,DatCan,Movimentos/OS/ROL,nao confirmado,Movimentos/OS/ROL,data,"confirmado por schema: coluna existente no dicionario Paradox | confirmado por schema: arquivos de indice .PX,.XG0,.YG0",alta,confirmado por schema
CadOcorSubC,SAT\DADOS\CadOcorSubC.DB,MotivoCan,System.String,100,0,nao confirmado,.PX;.XG0;.YG0,nao confirmado,nao confirmado,MotivoCan,Notas/Fiscal,nao confirmado,Notas/Fiscal,data,"confirmado por schema: coluna existente no dicionario Paradox | confirmado por schema: arquivos de indice .PX,.XG0,.YG0",alta,confirmado por schema
CadOcorSubC,SAT\DADOS\CadOcorSubC.DB,DatCan,System.DateTime,8,0,nao confirmado,.PX;.XG0;.YG0,nao confirmado,nao confirmado,DatCan,Notas/Fiscal,nao confirmado,Notas/Fiscal,data,"confirmado por schema: coluna existente no dicionario Paradox | confirmado por schema: arquivos de indice .PX,.XG0,.YG0",alta,confirmado por schema
CadSatCla,SAT\DADOS\CadSatCla.DB,MotivoCan,System.String,100,0,nao confirmado,.PX;.XG0;.YG0,nao confirmado,nao confirmado,MotivoCan,Notas/Fiscal,nao confirmado,Notas/Fiscal,data,"confirmado por schema: coluna existente no dicionario Paradox | confirmado por schema: arquivos de indice .PX,.XG0,.YG0",alta,confirmado por schema
CadSatCla,SAT\DADOS\CadSatCla.DB,DatCan,System.DateTime,8,0,nao confirmado,.PX;.XG0;.YG0,nao confirmado,nao confirmado,DatCan,Notas/Fiscal,nao confirmado,Notas/Fiscal,data,"confirmado por schema: coluna existente no dicionario Paradox | confirmado por schema: arquivos de indice .PX,.XG0,.YG0",alta,confirmado por schema
CadSatSit,SAT\DADOS\CadSatSit.DB,MotivoCan,System.String,100,0,nao confirmado,.PX;.XG0;.YG0,nao confirmado,nao confirmado,MotivoCan,Notas/Fiscal,nao confirmado,Notas/Fiscal,data,"confirmado por schema: coluna existente no dicionario Paradox | confirmado por schema: arquivos de indice .PX,.XG0,.YG0",alta,confirmado por schema
CadSatSit,SAT\DADOS\CadSatSit.DB,DatCan,System.DateTime,8,0,nao confirmado,.PX;.XG0;.YG0,nao confirmado,nao confirmado,DatCan,Notas/Fiscal,nao confirmado,Notas/Fiscal,data,"confirmado por schema: coluna existente no dicionario Paradox | confirmado por schema: arquivos de indice .PX,.XG0,.YG0",alta,confirmado por schema
CadSatSubC,SAT\DADOS\CadSatSubC.DB,MotivoCan,System.String,100,0,nao confirmado,.PX;.XG0;.YG0,nao confirmado,nao confirmado,MotivoCan,Notas/Fiscal,nao confirmado,Notas/Fiscal,data,"confirmado por schema: coluna existente no dicionario Paradox | confirmado por schema: arquivos de indice .PX,.XG0,.YG0",alta,confirmado por schema
CadSatSubC,SAT\DADOS\CadSatSubC.DB,DatCan,System.DateTime,8,0,nao confirmado,.PX;.XG0;.YG0,nao confirmado,nao confirmado,DatCan,Notas/Fiscal,nao confirmado,Notas/Fiscal,data,"confirmado por schema: coluna existente no dicionario Paradox | confirmado por schema: arquivos de indice .PX,.XG0,.YG0",alta,confirmado por schema
CadSatTip,SAT\DADOS\CadSatTip.DB,MotivoCan,System.String,100,0,nao confirmado,.PX;.XG0;.YG0,nao confirmado,nao confirmado,MotivoCan,Notas/Fiscal,nao confirmado,Notas/Fiscal,data,"confirmado por schema: coluna existente no dicionario Paradox | confirmado por schema: arquivos de indice .PX,.XG0,.YG0",alta,confirmado por schema
CadSatTip,SAT\DADOS\CadSatTip.DB,DatCan,System.DateTime,8,0,nao confirmado,.PX;.XG0;.YG0,nao confirmado,nao confirmado,DatCan,Notas/Fiscal,nao confirmado,Notas/Fiscal,data,"confirmado por schema: coluna existente no dicionario Paradox | confirmado por schema: arquivos de indice .PX,.XG0,.YG0",alta,confirmado por schema
CadSubCAlt,SAT\DADOS\CadSubCAlt.DB,ObsSubCAlt,System.String,40,0,nao confirmado,.PX;.XG0;.YG0,nao confirmado,nao confirmado,ObsSubCAlt,Notas/Fiscal,nao confirmado,Notas/Fiscal,data,"confirmado por schema: coluna existente no dicionario Paradox | confirmado por schema: arquivos de indice .PX,.XG0,.YG0",alta,confirmado por schema
CadSubCAlt,SAT\DADOS\CadSubCAlt.DB,MotivoCan,System.String,100,0,nao confirmado,.PX;.XG0;.YG0,nao confirmado,nao confirmado,MotivoCan,Notas/Fiscal,nao confirmado,Notas/Fiscal,data,"confirmado por schema: coluna existente no dicionario Paradox | confirmado por schema: arquivos de indice .PX,.XG0,.YG0",alta,confirmado por schema
CadSubCAlt,SAT\DADOS\CadSubCAlt.DB,DatCan,System.DateTime,8,0,nao confirmado,.PX;.XG0;.YG0,nao confirmado,nao confirmado,DatCan,Notas/Fiscal,nao confirmado,Notas/Fiscal,data,"confirmado por schema: coluna existente no dicionario Paradox | confirmado por schema: arquivos de indice .PX,.XG0,.YG0",alta,confirmado por schema
CadTipAlt,SAT\DADOS\CadTipAlt.DB,ObsTipAlt,System.String,40,0,nao confirmado,.PX;.XG0;.YG0,nao confirmado,nao confirmado,ObsTipAlt,Notas/Fiscal,nao confirmado,Notas/Fiscal,data,"confirmado por schema: coluna existente no dicionario Paradox | confirmado por schema: arquivos de indice .PX,.XG0,.YG0",alta,confirmado por schema
CadTipAlt,SAT\DADOS\CadTipAlt.DB,MotivoCan,System.String,100,0,nao confirmado,.PX;.XG0;.YG0,nao confirmado,nao confirmado,MotivoCan,Notas/Fiscal,nao confirmado,Notas/Fiscal,data,"confirmado por schema: coluna existente no dicionario Paradox | confirmado por schema: arquivos de indice .PX,.XG0,.YG0",alta,confirmado por schema
CadTipAlt,SAT\DADOS\CadTipAlt.DB,DatCan,System.DateTime,8,0,nao confirmado,.PX;.XG0;.YG0,nao confirmado,nao confirmado,DatCan,Notas/Fiscal,nao confirmado,Notas/Fiscal,data,"confirmado por schema: coluna existente no dicionario Paradox | confirmado por schema: arquivos de indice .PX,.XG0,.YG0",alta,confirmado por schema
CompAlt,SAT\DADOS\CompAlt.DB,DatCan,System.DateTime,8,0,nao confirmado,.PX;.XG0;.YG0,nao confirmado,nao confirmado,DatCan,Notas/Fiscal,nao confirmado,Notas/Fiscal,data,"confirmado por schema: coluna existente no dicionario Paradox | confirmado por schema: arquivos de indice .PX,.XG0,.YG0",alta,confirmado por schema
CompAlt,SAT\DADOS\CompAlt.DB,MotivoCan,System.String,100,0,nao confirmado,.PX;.XG0;.YG0,nao confirmado,nao confirmado,MotivoCan,Notas/Fiscal,nao confirmado,Notas/Fiscal,data,"confirmado por schema: coluna existente no dicionario Paradox | confirmado por schema: arquivos de indice .PX,.XG0,.YG0",alta,confirmado por schema
CompAlt,SAT\DADOS\CompAlt.DB,ObsCompAlt,System.String,100,0,nao confirmado,.PX;.XG0;.YG0,nao confirmado,nao confirmado,ObsCompAlt,Notas/Fiscal,nao confirmado,Notas/Fiscal,data,"confirmado por schema: coluna existente no dicionario Paradox | confirmado por schema: arquivos de indice .PX,.XG0,.YG0",alta,confirmado por schema
GruSatLan,SAT\DADOS\GruSatLan.DB,DatCan,System.DateTime,8,0,nao confirmado,.PX;.XG0;.YG0,nao confirmado,nao confirmado,DatCan,Notas/Fiscal,nao confirmado,Notas/Fiscal,data,"confirmado por schema: coluna existente no dicionario Paradox | confirmado por schema: arquivos de indice .PX,.XG0,.YG0",alta,confirmado por schema
GruSatLan,SAT\DADOS\GruSatLan.DB,MotivoCan,System.String,100,0,nao confirmado,.PX;.XG0;.YG0,nao confirmado,nao confirmado,MotivoCan,Notas/Fiscal,nao confirmado,Notas/Fiscal,data,"confirmado por schema: coluna existente no dicionario Paradox | confirmado por schema: arquivos de indice .PX,.XG0,.YG0",alta,confirmado por schema
PadMenSat,SAT\DADOS\PadMenSat.DB,MotivoCan,System.String,100,0,nao confirmado,.PX;.XG0;.YG0,nao confirmado,nao confirmado,MotivoCan,Notas/Fiscal,nao confirmado,Notas/Fiscal,data,"confirmado por schema: coluna existente no dicionario Paradox | confirmado por schema: arquivos de indice .PX,.XG0,.YG0",alta,confirmado por schema
PadMenSat,SAT\DADOS\PadMenSat.DB,DatCan,System.DateTime,8,0,nao confirmado,.PX;.XG0;.YG0,nao confirmado,nao confirmado,DatCan,Notas/Fiscal,nao confirmado,Notas/Fiscal,data,"confirmado por schema: coluna existente no dicionario Paradox | confirmado por schema: arquivos de indice .PX,.XG0,.YG0",alta,confirmado por schema
Alteracoes,SAT\FILIAL\Alteracoes.DB,DatLan,System.DateTime,8,0,nao confirmado,.PX;.XG0;.YG0,nao confirmado,nao confirmado,DatLan,Notas/Fiscal,nao confirmado,Notas/Fiscal,data,"confirmado por schema: coluna existente no dicionario Paradox | confirmado por schema: arquivos de indice .PX,.XG0,.YG0",alta,confirmado por schema
Alteracoes,SAT\FILIAL\Alteracoes.DB,HorLan,System.DateTime,8,0,nao confirmado,.PX;.XG0;.YG0,nao confirmado,nao confirmado,HorLan,Notas/Fiscal,nao confirmado,Notas/Fiscal,data,"confirmado por schema: coluna existente no dicionario Paradox | confirmado por schema: arquivos de indice .PX,.XG0,.YG0",alta,confirmado por schema
Alteracoes,SAT\FILIAL\Alteracoes.DB,DatSolic,System.DateTime,8,0,nao confirmado,.PX;.XG0;.YG0,nao confirmado,nao confirmado,DatSolic,Notas/Fiscal,nao confirmado,Notas/Fiscal,data,"confirmado por schema: coluna existente no dicionario Paradox | confirmado por schema: arquivos de indice .PX,.XG0,.YG0",alta,confirmado por schema
Alteracoes,SAT\FILIAL\Alteracoes.DB,DatProm,System.DateTime,8,0,nao confirmado,.PX;.XG0;.YG0,nao confirmado,nao confirmado,DatProm,Notas/Fiscal,nao confirmado,Notas/Fiscal,data,"confirmado por schema: coluna existente no dicionario Paradox | confirmado por schema: arquivos de indice .PX,.XG0,.YG0",alta,confirmado por schema
Alteracoes,SAT\FILIAL\Alteracoes.DB,DatSolucao,System.DateTime,8,0,nao confirmado,.PX;.XG0;.YG0,nao confirmado,nao confirmado,DatSolucao,Notas/Fiscal,nao confirmado,Notas/Fiscal,data,"confirmado por schema: coluna existente no dicionario Paradox | confirmado por schema: arquivos de indice .PX,.XG0,.YG0",alta,confirmado por schema
AndAltSist,SAT\FILIAL\AndAltSist.DB,DatInicio,System.DateTime,8,0,nao confirmado,.PX;.XG0;.YG0,nao confirmado,nao confirmado,DatInicio,Notas/Fiscal,nao confirmado,Notas/Fiscal,data,"confirmado por schema: coluna existente no dicionario Paradox | confirmado por schema: arquivos de indice .PX,.XG0,.YG0",alta,confirmado por schema
AndAltSist,SAT\FILIAL\AndAltSist.DB,DatFinal,System.DateTime,8,0,nao confirmado,.PX;.XG0;.YG0,nao confirmado,nao confirmado,DatFinal,Notas/Fiscal,nao confirmado,Notas/Fiscal,data,"confirmado por schema: coluna existente no dicionario Paradox | confirmado por schema: arquivos de indice .PX,.XG0,.YG0",alta,confirmado por schema
Anotacoes,SAT\FILIAL\Anotacoes.DB,DatAnota,System.DateTime,8,0,nao confirmado,.PX;.XG0;.XG1;.YG0;.YG1,nao confirmado,nao confirmado,DatAnota,Notas/Fiscal,nao confirmado,Notas/Fiscal,data,"confirmado por schema: coluna existente no dicionario Paradox | confirmado por schema: arquivos de indice .PX,.XG0,.XG1,.YG0,.YG1",alta,confirmado por schema
Anotacoes,SAT\FILIAL\Anotacoes.DB,DatAlerta,System.DateTime,8,0,nao confirmado,.PX;.XG0;.XG1;.YG0;.YG1,nao confirmado,nao confirmado,DatAlerta,Notas/Fiscal,nao confirmado,Notas/Fiscal,data,"confirmado por schema: coluna existente no dicionario Paradox | confirmado por schema: arquivos de indice .PX,.XG0,.XG1,.YG0,.YG1",alta,confirmado por schema
CadProjSat,SAT\FILIAL\CadProjSat.DB,DatIni,System.DateTime,8,0,nao confirmado,.PX;.XG0;.YG0,nao confirmado,nao confirmado,DatIni,Produtos/Servicos,nao confirmado,Produtos/Servicos,data,"confirmado por schema: coluna existente no dicionario Paradox | confirmado por schema: arquivos de indice .PX,.XG0,.YG0",alta,confirmado por schema
CadProjSat,SAT\FILIAL\CadProjSat.DB,DatPrevFin,System.DateTime,8,0,nao confirmado,.PX;.XG0;.YG0,nao confirmado,nao confirmado,DatPrevFin,Produtos/Servicos,nao confirmado,Produtos/Servicos,data,"confirmado por schema: coluna existente no dicionario Paradox | confirmado por schema: arquivos de indice .PX,.XG0,.YG0",alta,confirmado por schema
CadProjSat,SAT\FILIAL\CadProjSat.DB,DatFin,System.DateTime,8,0,nao confirmado,.PX;.XG0;.YG0,nao confirmado,nao confirmado,DatFin,Produtos/Servicos,nao confirmado,Produtos/Servicos,data,"confirmado por schema: coluna existente no dicionario Paradox | confirmado por schema: arquivos de indice .PX,.XG0,.YG0",alta,confirmado por schema
LogExpSat,SAT\FILIAL\LogExpSat.DB,TotLanctos,System.Int32,4,0,nao confirmado,.PX,nao confirmado,nao confirmado,TotLanctos,Notas/Fiscal,nao confirmado,Notas/Fiscal,data,confirmado por schema: coluna existente no dicionario Paradox | confirmado por schema: arquivos de indice .PX,alta,confirmado por schema
LogImpSat,SAT\FILIAL\LogImpSat.DB,TotLanctos,System.Int32,4,0,nao confirmado,.PX,nao confirmado,nao confirmado,TotLanctos,Notas/Fiscal,nao confirmado,Notas/Fiscal,data,confirmado por schema: coluna existente no dicionario Paradox | confirmado por schema: arquivos de indice .PX,alta,confirmado por schema
MovProces,SAT\FILIAL\MovProces.DB,DatIni,System.DateTime,8,0,nao confirmado,.PX;.XG0;.XG1;.XG2;.YG0;.YG1;.YG2,nao confirmado,nao confirmado,DatIni,Movimentos/OS/ROL,nao confirmado,Movimentos/OS/ROL,data,"confirmado por schema: coluna existente no dicionario Paradox | confirmado por schema: arquivos de indice .PX,.XG0,.XG1,.XG2,.YG0,.YG1",alta,confirmado por schema
MovProcesIt,SAT\FILIAL\MovProcesIt.DB,DatConc,System.DateTime,8,0,nao confirmado,.PX;.XG0;.YG0,nao confirmado,nao confirmado,DatConc,Movimentos/OS/ROL,nao confirmado,Movimentos/OS/ROL,data,"confirmado por schema: coluna existente no dicionario Paradox | confirmado por schema: arquivos de indice .PX,.XG0,.YG0",alta,confirmado por schema
MovSatAle,SAT\FILIAL\MovSatAle.DB,DatLan,System.DateTime,8,0,nao confirmado,.PX;.XG0;.XG1;.XG2;.YG0;.YG1;.YG2,nao confirmado,nao confirmado,DatLan,Notas/Fiscal,nao confirmado,Notas/Fiscal,data,"confirmado por schema: coluna existente no dicionario Paradox | confirmado por schema: arquivos de indice .PX,.XG0,.XG1,.XG2,.YG0,.YG1",alta,confirmado por schema
MovSatAle,SAT\FILIAL\MovSatAle.DB,HorLan,System.DateTime,8,0,nao confirmado,.PX;.XG0;.XG1;.XG2;.YG0;.YG1;.YG2,nao confirmado,nao confirmado,HorLan,Notas/Fiscal,nao confirmado,Notas/Fiscal,data,"confirmado por schema: coluna existente no dicionario Paradox | confirmado por schema: arquivos de indice .PX,.XG0,.XG1,.XG2,.YG0,.YG1",alta,confirmado por schema
MovSatAle,SAT\FILIAL\MovSatAle.DB,DatAlerta,System.DateTime,8,0,nao confirmado,.PX;.XG0;.XG1;.XG2;.YG0;.YG1;.YG2,nao confirmado,nao confirmado,DatAlerta,Notas/Fiscal,nao confirmado,Notas/Fiscal,data,"confirmado por schema: coluna existente no dicionario Paradox | confirmado por schema: arquivos de indice .PX,.XG0,.XG1,.XG2,.YG0,.YG1",alta,confirmado por schema
MovSatCli,SAT\FILIAL\MovSatCli.DB,DatLan,System.DateTime,8,0,nao confirmado,.PX;.XG0;.XG1;.XG2;.XG3;.XG4;.XG5;.XG6;.YG0;.YG1;.YG2;.YG3;.YG4;.YG5;.YG6,nao confirmado,nao confirmado,DatLan,Notas/Fiscal,nao confirmado,Notas/Fiscal,data,"confirmado por schema: coluna existente no dicionario Paradox | confirmado por schema: arquivos de indice .PX,.XG0,.XG1,.XG2,.XG3,.XG4",alta,confirmado por schema
MovSatCli,SAT\FILIAL\MovSatCli.DB,HorLan,System.DateTime,8,0,nao confirmado,.PX;.XG0;.XG1;.XG2;.XG3;.XG4;.XG5;.XG6;.YG0;.YG1;.YG2;.YG3;.YG4;.YG5;.YG6,nao confirmado,nao confirmado,HorLan,Notas/Fiscal,nao confirmado,Notas/Fiscal,data,"confirmado por schema: coluna existente no dicionario Paradox | confirmado por schema: arquivos de indice .PX,.XG0,.XG1,.XG2,.XG3,.XG4",alta,confirmado por schema
MovSatCli,SAT\FILIAL\MovSatCli.DB,DatSolucao,System.DateTime,8,0,nao confirmado,.PX;.XG0;.XG1;.XG2;.XG3;.XG4;.XG5;.XG6;.YG0;.YG1;.YG2;.YG3;.YG4;.YG5;.YG6,nao confirmado,nao confirmado,DatSolucao,Notas/Fiscal,nao confirmado,Notas/Fiscal,data,"confirmado por schema: coluna existente no dicionario Paradox | confirmado por schema: arquivos de indice .PX,.XG0,.XG1,.XG2,.XG3,.XG4",alta,confirmado por schema
MovSatCli,SAT\FILIAL\MovSatCli.DB,DatPrevSol,System.DateTime,8,0,nao confirmado,.PX;.XG0;.XG1;.XG2;.XG3;.XG4;.XG5;.XG6;.YG0;.YG1;.YG2;.YG3;.YG4;.YG5;.YG6,nao confirmado,nao confirmado,DatPrevSol,Notas/Fiscal,nao confirmado,Notas/Fiscal,data,"confirmado por schema: coluna existente no dicionario Paradox | confirmado por schema: arquivos de indice .PX,.XG0,.XG1,.XG2,.XG3,.XG4",alta,confirmado por schema
MovSatCliOcor,SAT\FILIAL\MovSatCliOcor.DB,DatLan,System.DateTime,8,0,nao confirmado,.PX;.XG0;.XG1;.YG0;.YG1,nao confirmado,nao confirmado,DatLan,Notas/Fiscal,nao confirmado,Notas/Fiscal,data,"confirmado por schema: coluna existente no dicionario Paradox | confirmado por schema: arquivos de indice .PX,.XG0,.XG1,.YG0,.YG1",alta,confirmado por schema
MovSatCliOcor,SAT\FILIAL\MovSatCliOcor.DB,HorLan,System.DateTime,8,0,nao confirmado,.PX;.XG0;.XG1;.YG0;.YG1,nao confirmado,nao confirmado,HorLan,Notas/Fiscal,nao confirmado,Notas/Fiscal,data,"confirmado por schema: coluna existente no dicionario Paradox | confirmado por schema: arquivos de indice .PX,.XG0,.XG1,.YG0,.YG1",alta,confirmado por schema
MovSatCliOcor,SAT\FILIAL\MovSatCliOcor.DB,DatPrevSol,System.DateTime,8,0,nao confirmado,.PX;.XG0;.XG1;.YG0;.YG1,nao confirmado,nao confirmado,DatPrevSol,Notas/Fiscal,nao confirmado,Notas/Fiscal,data,"confirmado por schema: coluna existente no dicionario Paradox | confirmado por schema: arquivos de indice .PX,.XG0,.XG1,.YG0,.YG1",alta,confirmado por schema
MovSatCliOcor,SAT\FILIAL\MovSatCliOcor.DB,DatSol,System.DateTime,8,0,nao confirmado,.PX;.XG0;.XG1;.YG0;.YG1,nao confirmado,nao confirmado,DatSol,Notas/Fiscal,nao confirmado,Notas/Fiscal,data,"confirmado por schema: coluna existente no dicionario Paradox | confirmado por schema: arquivos de indice .PX,.XG0,.XG1,.YG0,.YG1",alta,confirmado por schema
MovSatCliOcor,SAT\FILIAL\MovSatCliOcor.DB,DatAlerta,System.DateTime,8,0,nao confirmado,.PX;.XG0;.XG1;.YG0;.YG1,nao confirmado,nao confirmado,DatAlerta,Notas/Fiscal,nao confirmado,Notas/Fiscal,data,"confirmado por schema: coluna existente no dicionario Paradox | confirmado por schema: arquivos de indice .PX,.XG0,.XG1,.YG0,.YG1",alta,confirmado por schema
MovSatCliOcor,SAT\FILIAL\MovSatCliOcor.DB,DatPrevOri,System.DateTime,8,0,nao confirmado,.PX;.XG0;.XG1;.YG0;.YG1,nao confirmado,nao confirmado,DatPrevOri,Notas/Fiscal,nao confirmado,Notas/Fiscal,data,"confirmado por schema: coluna existente no dicionario Paradox | confirmado por schema: arquivos de indice .PX,.XG0,.XG1,.YG0,.YG1",alta,confirmado por schema
MovSatEmail,SAT\FILIAL\MovSatEmail.DB,DatLan,System.DateTime,8,0,nao confirmado,.PX;.XG0;.XG1;.YG0;.YG1,nao confirmado,nao confirmado,DatLan,Notas/Fiscal,nao confirmado,Notas/Fiscal,data,"confirmado por schema: coluna existente no dicionario Paradox | confirmado por schema: arquivos de indice .PX,.XG0,.XG1,.YG0,.YG1",alta,confirmado por schema
MovSatEmail,SAT\FILIAL\MovSatEmail.DB,HorLan,System.DateTime,8,0,nao confirmado,.PX;.XG0;.XG1;.YG0;.YG1,nao confirmado,nao confirmado,HorLan,Notas/Fiscal,nao confirmado,Notas/Fiscal,data,"confirmado por schema: coluna existente no dicionario Paradox | confirmado por schema: arquivos de indice .PX,.XG0,.XG1,.YG0,.YG1",alta,confirmado por schema
MovSatEmail,SAT\FILIAL\MovSatEmail.DB,DatEnv,System.DateTime,8,0,nao confirmado,.PX;.XG0;.XG1;.YG0;.YG1,nao confirmado,nao confirmado,DatEnv,Notas/Fiscal,nao confirmado,Notas/Fiscal,data,"confirmado por schema: coluna existente no dicionario Paradox | confirmado por schema: arquivos de indice .PX,.XG0,.XG1,.YG0,.YG1",alta,confirmado por schema
MovSatFor,SAT\FILIAL\MovSatFor.DB,DatLan,System.DateTime,8,0,nao confirmado,.PX;.XG0;.XG1;.XG2;.XG3;.XG4;.XG5;.YG0;.YG1;.YG2;.YG3;.YG4;.YG5,nao confirmado,nao confirmado,DatLan,Notas/Fiscal,nao confirmado,Notas/Fiscal,data,"confirmado por schema: coluna existente no dicionario Paradox | confirmado por schema: arquivos de indice .PX,.XG0,.XG1,.XG2,.XG3,.XG4",alta,confirmado por schema
MovSatFor,SAT\FILIAL\MovSatFor.DB,HorLan,System.DateTime,8,0,nao confirmado,.PX;.XG0;.XG1;.XG2;.XG3;.XG4;.XG5;.YG0;.YG1;.YG2;.YG3;.YG4;.YG5,nao confirmado,nao confirmado,HorLan,Notas/Fiscal,nao confirmado,Notas/Fiscal,data,"confirmado por schema: coluna existente no dicionario Paradox | confirmado por schema: arquivos de indice .PX,.XG0,.XG1,.XG2,.XG3,.XG4",alta,confirmado por schema
MovSatFor,SAT\FILIAL\MovSatFor.DB,DatSolucao,System.DateTime,8,0,nao confirmado,.PX;.XG0;.XG1;.XG2;.XG3;.XG4;.XG5;.YG0;.YG1;.YG2;.YG3;.YG4;.YG5,nao confirmado,nao confirmado,DatSolucao,Notas/Fiscal,nao confirmado,Notas/Fiscal,data,"confirmado por schema: coluna existente no dicionario Paradox | confirmado por schema: arquivos de indice .PX,.XG0,.XG1,.XG2,.XG3,.XG4",alta,confirmado por schema
MovSatFor,SAT\FILIAL\MovSatFor.DB,DatPrevSol,System.DateTime,8,0,nao confirmado,.PX;.XG0;.XG1;.XG2;.XG3;.XG4;.XG5;.YG0;.YG1;.YG2;.YG3;.YG4;.YG5,nao confirmado,nao confirmado,DatPrevSol,Notas/Fiscal,nao confirmado,Notas/Fiscal,data,"confirmado por schema: coluna existente no dicionario Paradox | confirmado por schema: arquivos de indice .PX,.XG0,.XG1,.XG2,.XG3,.XG4",alta,confirmado por schema
MovSatForOcor,SAT\FILIAL\MovSatForOcor.DB,DatLan,System.DateTime,8,0,nao confirmado,.PX;.XG0;.XG1;.YG0;.YG1,nao confirmado,nao confirmado,DatLan,Notas/Fiscal,nao confirmado,Notas/Fiscal,data,"confirmado por schema: coluna existente no dicionario Paradox | confirmado por schema: arquivos de indice .PX,.XG0,.XG1,.YG0,.YG1",alta,confirmado por schema
MovSatForOcor,SAT\FILIAL\MovSatForOcor.DB,HorLan,System.DateTime,8,0,nao confirmado,.PX;.XG0;.XG1;.YG0;.YG1,nao confirmado,nao confirmado,HorLan,Notas/Fiscal,nao confirmado,Notas/Fiscal,data,"confirmado por schema: coluna existente no dicionario Paradox | confirmado por schema: arquivos de indice .PX,.XG0,.XG1,.YG0,.YG1",alta,confirmado por schema
MovSatForOcor,SAT\FILIAL\MovSatForOcor.DB,DatPrevSol,System.DateTime,8,0,nao confirmado,.PX;.XG0;.XG1;.YG0;.YG1,nao confirmado,nao confirmado,DatPrevSol,Notas/Fiscal,nao confirmado,Notas/Fiscal,data,"confirmado por schema: coluna existente no dicionario Paradox | confirmado por schema: arquivos de indice .PX,.XG0,.XG1,.YG0,.YG1",alta,confirmado por schema
MovSatForOcor,SAT\FILIAL\MovSatForOcor.DB,DatSol,System.DateTime,8,0,nao confirmado,.PX;.XG0;.XG1;.YG0;.YG1,nao confirmado,nao confirmado,DatSol,Notas/Fiscal,nao confirmado,Notas/Fiscal,data,"confirmado por schema: coluna existente no dicionario Paradox | confirmado por schema: arquivos de indice .PX,.XG0,.XG1,.YG0,.YG1",alta,confirmado por schema
MovSatForOcor,SAT\FILIAL\MovSatForOcor.DB,DatAlerta,System.DateTime,8,0,nao confirmado,.PX;.XG0;.XG1;.YG0;.YG1,nao confirmado,nao confirmado,DatAlerta,Notas/Fiscal,nao confirmado,Notas/Fiscal,data,"confirmado por schema: coluna existente no dicionario Paradox | confirmado por schema: arquivos de indice .PX,.XG0,.XG1,.YG0,.YG1",alta,confirmado por schema
MovSatForOcor,SAT\FILIAL\MovSatForOcor.DB,DatPrevOri,System.DateTime,8,0,nao confirmado,.PX;.XG0;.XG1;.YG0;.YG1,nao confirmado,nao confirmado,DatPrevOri,Notas/Fiscal,nao confirmado,Notas/Fiscal,data,"confirmado por schema: coluna existente no dicionario Paradox | confirmado por schema: arquivos de indice .PX,.XG0,.XG1,.YG0,.YG1",alta,confirmado por schema
MovSatInt,SAT\FILIAL\MovSatInt.DB,DatLan,System.DateTime,8,0,nao confirmado,.PX;.XG0;.XG1;.XG2;.XG3;.XG4;.XG5;.XG6;.YG0;.YG1;.YG2;.YG3;.YG4;.YG5;.YG6,nao confirmado,nao confirmado,DatLan,Notas/Fiscal,nao confirmado,Notas/Fiscal,data,"confirmado por schema: coluna existente no dicionario Paradox | confirmado por schema: arquivos de indice .PX,.XG0,.XG1,.XG2,.XG3,.XG4",alta,confirmado por schema
MovSatInt,SAT\FILIAL\MovSatInt.DB,HorLan,System.DateTime,8,0,nao confirmado,.PX;.XG0;.XG1;.XG2;.XG3;.XG4;.XG5;.XG6;.YG0;.YG1;.YG2;.YG3;.YG4;.YG5;.YG6,nao confirmado,nao confirmado,HorLan,Notas/Fiscal,nao confirmado,Notas/Fiscal,data,"confirmado por schema: coluna existente no dicionario Paradox | confirmado por schema: arquivos de indice .PX,.XG0,.XG1,.XG2,.XG3,.XG4",alta,confirmado por schema
MovSatInt,SAT\FILIAL\MovSatInt.DB,DatSolucao,System.DateTime,8,0,nao confirmado,.PX;.XG0;.XG1;.XG2;.XG3;.XG4;.XG5;.XG6;.YG0;.YG1;.YG2;.YG3;.YG4;.YG5;.YG6,nao confirmado,nao confirmado,DatSolucao,Notas/Fiscal,nao confirmado,Notas/Fiscal,data,"confirmado por schema: coluna existente no dicionario Paradox | confirmado por schema: arquivos de indice .PX,.XG0,.XG1,.XG2,.XG3,.XG4",alta,confirmado por schema
MovSatInt,SAT\FILIAL\MovSatInt.DB,DatPrevSol,System.DateTime,8,0,nao confirmado,.PX;.XG0;.XG1;.XG2;.XG3;.XG4;.XG5;.XG6;.YG0;.YG1;.YG2;.YG3;.YG4;.YG5;.YG6,nao confirmado,nao confirmado,DatPrevSol,Notas/Fiscal,nao confirmado,Notas/Fiscal,data,"confirmado por schema: coluna existente no dicionario Paradox | confirmado por schema: arquivos de indice .PX,.XG0,.XG1,.XG2,.XG3,.XG4",alta,confirmado por schema
MovSatIntOcor,SAT\FILIAL\MovSatIntOcor.DB,DatLan,System.DateTime,8,0,nao confirmado,.PX;.XG0;.XG1;.YG0;.YG1,nao confirmado,nao confirmado,DatLan,Notas/Fiscal,nao confirmado,Notas/Fiscal,data,"confirmado por schema: coluna existente no dicionario Paradox | confirmado por schema: arquivos de indice .PX,.XG0,.XG1,.YG0,.YG1",alta,confirmado por schema
MovSatIntOcor,SAT\FILIAL\MovSatIntOcor.DB,HorLan,System.DateTime,8,0,nao confirmado,.PX;.XG0;.XG1;.YG0;.YG1,nao confirmado,nao confirmado,HorLan,Notas/Fiscal,nao confirmado,Notas/Fiscal,data,"confirmado por schema: coluna existente no dicionario Paradox | confirmado por schema: arquivos de indice .PX,.XG0,.XG1,.YG0,.YG1",alta,confirmado por schema
MovSatIntOcor,SAT\FILIAL\MovSatIntOcor.DB,DatPrevSol,System.DateTime,8,0,nao confirmado,.PX;.XG0;.XG1;.YG0;.YG1,nao confirmado,nao confirmado,DatPrevSol,Notas/Fiscal,nao confirmado,Notas/Fiscal,data,"confirmado por schema: coluna existente no dicionario Paradox | confirmado por schema: arquivos de indice .PX,.XG0,.XG1,.YG0,.YG1",alta,confirmado por schema
MovSatIntOcor,SAT\FILIAL\MovSatIntOcor.DB,DatSol,System.DateTime,8,0,nao confirmado,.PX;.XG0;.XG1;.YG0;.YG1,nao confirmado,nao confirmado,DatSol,Notas/Fiscal,nao confirmado,Notas/Fiscal,data,"confirmado por schema: coluna existente no dicionario Paradox | confirmado por schema: arquivos de indice .PX,.XG0,.XG1,.YG0,.YG1",alta,confirmado por schema
MovSatIntOcor,SAT\FILIAL\MovSatIntOcor.DB,DatAlerta,System.DateTime,8,0,nao confirmado,.PX;.XG0;.XG1;.YG0;.YG1,nao confirmado,nao confirmado,DatAlerta,Notas/Fiscal,nao confirmado,Notas/Fiscal,data,"confirmado por schema: coluna existente no dicionario Paradox | confirmado por schema: arquivos de indice .PX,.XG0,.XG1,.YG0,.YG1",alta,confirmado por schema
MovSatIntOcor,SAT\FILIAL\MovSatIntOcor.DB,DatPrevOri,System.DateTime,8,0,nao confirmado,.PX;.XG0;.XG1;.YG0;.YG1,nao confirmado,nao confirmado,DatPrevOri,Notas/Fiscal,nao confirmado,Notas/Fiscal,data,"confirmado por schema: coluna existente no dicionario Paradox | confirmado por schema: arquivos de indice .PX,.XG0,.XG1,.YG0,.YG1",alta,confirmado por schema
NotaSat,SAT\FILIAL\NotaSat.DB,DatEmi,System.DateTime,8,0,nao confirmado,.PX;.XG0;.YG0,nao confirmado,nao confirmado,DatEmi,Notas/Fiscal,nao confirmado,Notas/Fiscal,data,"confirmado por schema: coluna existente no dicionario Paradox | confirmado por schema: arquivos de indice .PX,.XG0,.YG0",alta,confirmado por schema
NotaSat,SAT\FILIAL\NotaSat.DB,HorEmi,System.DateTime,8,0,nao confirmado,.PX;.XG0;.YG0,nao confirmado,nao confirmado,HorEmi,Notas/Fiscal,nao confirmado,Notas/Fiscal,data,"confirmado por schema: coluna existente no dicionario Paradox | confirmado por schema: arquivos de indice .PX,.XG0,.YG0",alta,confirmado por schema
NotaSatCanc,SAT\FILIAL\NotaSatCanc.DB,DatCan,System.DateTime,8,0,nao confirmado,.PX,nao confirmado,nao confirmado,DatCan,Notas/Fiscal,nao confirmado,Notas/Fiscal,data,confirmado por schema: coluna existente no dicionario Paradox | confirmado por schema: arquivos de indice .PX,alta,confirmado por schema
NotaSatCanc,SAT\FILIAL\NotaSatCanc.DB,HorCan,System.DateTime,8,0,nao confirmado,.PX,nao confirmado,nao confirmado,HorCan,Notas/Fiscal,nao confirmado,Notas/Fiscal,data,confirmado por schema: coluna existente no dicionario Paradox | confirmado por schema: arquivos de indice .PX,alta,confirmado por schema
NotaSatCanc,SAT\FILIAL\NotaSatCanc.DB,MotivoCan,System.String,200,0,nao confirmado,.PX,nao confirmado,nao confirmado,MotivoCan,Notas/Fiscal,nao confirmado,Notas/Fiscal,data,confirmado por schema: coluna existente no dicionario Paradox | confirmado por schema: arquivos de indice .PX,alta,confirmado por schema
SolAltCli,SAT\FILIAL\SolAltCli.DB,DatProment,System.DateTime,8,0,nao confirmado,.PX;.XG0;.YG0,nao confirmado,nao confirmado,DatProment,Notas/Fiscal,nao confirmado,Notas/Fiscal,data,"confirmado por schema: coluna existente no dicionario Paradox | confirmado por schema: arquivos de indice .PX,.XG0,.YG0",alta,confirmado por schema
SolAltCli,SAT\FILIAL\SolAltCli.DB,DatAviCli,System.DateTime,8,0,nao confirmado,.PX;.XG0;.YG0,nao confirmado,nao confirmado,DatAviCli,Notas/Fiscal,nao confirmado,Notas/Fiscal,data,"confirmado por schema: coluna existente no dicionario Paradox | confirmado por schema: arquivos de indice .PX,.XG0,.YG0",alta,confirmado por schema
SolAltCliCan,SAT\FILIAL\SolAltCliCan.DB,DatCan,System.DateTime,8,0,nao confirmado,.PX,nao confirmado,nao confirmado,DatCan,Notas/Fiscal,nao confirmado,Notas/Fiscal,data,confirmado por schema: coluna existente no dicionario Paradox | confirmado por schema: arquivos de indice .PX,alta,confirmado por schema
SolAltCliCan,SAT\FILIAL\SolAltCliCan.DB,HorCan,System.DateTime,8,0,nao confirmado,.PX,nao confirmado,nao confirmado,HorCan,Notas/Fiscal,nao confirmado,Notas/Fiscal,data,confirmado por schema: coluna existente no dicionario Paradox | confirmado por schema: arquivos de indice .PX,alta,confirmado por schema
SolAltCliCan,SAT\FILIAL\SolAltCliCan.DB,MotivoCan,System.String,200,0,nao confirmado,.PX,nao confirmado,nao confirmado,MotivoCan,Notas/Fiscal,nao confirmado,Notas/Fiscal,data,confirmado por schema: coluna existente no dicionario Paradox | confirmado por schema: arquivos de indice .PX,alta,confirmado por schema
SolAltSist,SAT\FILIAL\SolAltSist.DB,DatSolucao,System.DateTime,8,0,nao confirmado,.PX;.XG0;.XG1;.XG2;.YG0;.YG1;.YG2,nao confirmado,nao confirmado,DatSolucao,Notas/Fiscal,nao confirmado,Notas/Fiscal,data,"confirmado por schema: coluna existente no dicionario Paradox | confirmado por schema: arquivos de indice .PX,.XG0,.XG1,.XG2,.YG0,.YG1",alta,confirmado por schema
SolAltSist,SAT\FILIAL\SolAltSist.DB,SitAlteracao,System.String,2,0,nao confirmado,.PX;.XG0;.XG1;.XG2;.YG0;.YG1;.YG2,nao confirmado,nao confirmado,SitAlteracao,Notas/Fiscal,nao confirmado,Notas/Fiscal,data,"confirmado por schema: coluna existente no dicionario Paradox | confirmado por schema: arquivos de indice .PX,.XG0,.XG1,.XG2,.YG0,.YG1",alta,confirmado por schema
SolAltSist,SAT\FILIAL\SolAltSist.DB,DatPrevIni,System.DateTime,8,0,nao confirmado,.PX;.XG0;.XG1;.XG2;.YG0;.YG1;.YG2,nao confirmado,nao confirmado,DatPrevIni,Notas/Fiscal,nao confirmado,Notas/Fiscal,data,"confirmado por schema: coluna existente no dicionario Paradox | confirmado por schema: arquivos de indice .PX,.XG0,.XG1,.XG2,.YG0,.YG1",alta,confirmado por schema
SolAltSist,SAT\FILIAL\SolAltSist.DB,DatAnalise,System.DateTime,8,0,nao confirmado,.PX;.XG0;.XG1;.XG2;.YG0;.YG1;.YG2,nao confirmado,nao confirmado,DatAnalise,Notas/Fiscal,nao confirmado,Notas/Fiscal,data,"confirmado por schema: coluna existente no dicionario Paradox | confirmado por schema: arquivos de indice .PX,.XG0,.XG1,.XG2,.YG0,.YG1",alta,confirmado por schema
SolAltSist,SAT\FILIAL\SolAltSist.DB,DatPrevFin,System.DateTime,8,0,nao confirmado,.PX;.XG0;.XG1;.XG2;.YG0;.YG1;.YG2,nao confirmado,nao confirmado,DatPrevFin,Notas/Fiscal,nao confirmado,Notas/Fiscal,data,"confirmado por schema: coluna existente no dicionario Paradox | confirmado por schema: arquivos de indice .PX,.XG0,.XG1,.XG2,.YG0,.YG1",alta,confirmado por schema
SolAltSist,SAT\FILIAL\SolAltSist.DB,DatCad,System.DateTime,8,0,nao confirmado,.PX;.XG0;.XG1;.XG2;.YG0;.YG1;.YG2,nao confirmado,nao confirmado,DatCad,Notas/Fiscal,nao confirmado,Notas/Fiscal,data,"confirmado por schema: coluna existente no dicionario Paradox | confirmado por schema: arquivos de indice .PX,.XG0,.XG1,.XG2,.YG0,.YG1",alta,confirmado por schema
SolAltSist,SAT\FILIAL\SolAltSist.DB,DatPrevAnal,System.DateTime,8,0,nao confirmado,.PX;.XG0;.XG1;.XG2;.YG0;.YG1;.YG2,nao confirmado,nao confirmado,DatPrevAnal,Notas/Fiscal,nao confirmado,Notas/Fiscal,data,"confirmado por schema: coluna existente no dicionario Paradox | confirmado por schema: arquivos de indice .PX,.XG0,.XG1,.XG2,.YG0,.YG1",alta,confirmado por schema
SolAltSist,SAT\FILIAL\SolAltSist.DB,DatPrevAtu,System.DateTime,8,0,nao confirmado,.PX;.XG0;.XG1;.XG2;.YG0;.YG1;.YG2,nao confirmado,nao confirmado,DatPrevAtu,Notas/Fiscal,nao confirmado,Notas/Fiscal,data,"confirmado por schema: coluna existente no dicionario Paradox | confirmado por schema: arquivos de indice .PX,.XG0,.XG1,.XG2,.YG0,.YG1",alta,confirmado por schema
SolAltSistCan,SAT\FILIAL\SolAltSistCan.DB,DatCan,System.DateTime,8,0,nao confirmado,.PX,nao confirmado,nao confirmado,DatCan,Notas/Fiscal,nao confirmado,Notas/Fiscal,data,confirmado por schema: coluna existente no dicionario Paradox | confirmado por schema: arquivos de indice .PX,alta,confirmado por schema
SolAltSistCan,SAT\FILIAL\SolAltSistCan.DB,HorCan,System.DateTime,8,0,nao confirmado,.PX,nao confirmado,nao confirmado,HorCan,Notas/Fiscal,nao confirmado,Notas/Fiscal,data,confirmado por schema: coluna existente no dicionario Paradox | confirmado por schema: arquivos de indice .PX,alta,confirmado por schema
SolAltSistCan,SAT\FILIAL\SolAltSistCan.DB,MotivoCan,System.String,200,0,nao confirmado,.PX,nao confirmado,nao confirmado,MotivoCan,Notas/Fiscal,nao confirmado,Notas/Fiscal,data,confirmado por schema: coluna existente no dicionario Paradox | confirmado por schema: arquivos de indice .PX,alta,confirmado por schema
SolAltSistTest,SAT\FILIAL\SolAltSistTest.DB,Equipamentos,System.String,200,0,nao confirmado,.PX,nao confirmado,nao confirmado,Equipamentos,Notas/Fiscal,nao confirmado,Notas/Fiscal,data,confirmado por schema: coluna existente no dicionario Paradox | confirmado por schema: arquivos de indice .PX,alta,confirmado por schema
SolAltSistTest,SAT\FILIAL\SolAltSistTest.DB,DatEnt,System.DateTime,8,0,nao confirmado,.PX,nao confirmado,nao confirmado,DatEnt,Notas/Fiscal,nao confirmado,Notas/Fiscal,data,confirmado por schema: coluna existente no dicionario Paradox | confirmado por schema: arquivos de indice .PX,alta,confirmado por schema
SolAltSistTest,SAT\FILIAL\SolAltSistTest.DB,HorEnt,System.DateTime,8,0,nao confirmado,.PX,nao confirmado,nao confirmado,HorEnt,Notas/Fiscal,nao confirmado,Notas/Fiscal,data,confirmado por schema: coluna existente no dicionario Paradox | confirmado por schema: arquivos de indice .PX,alta,confirmado por schema
SolAltSistTest,SAT\FILIAL\SolAltSistTest.DB,DatExe,System.DateTime,8,0,nao confirmado,.PX,nao confirmado,nao confirmado,DatExe,Notas/Fiscal,nao confirmado,Notas/Fiscal,data,confirmado por schema: coluna existente no dicionario Paradox | confirmado por schema: arquivos de indice .PX,alta,confirmado por schema
MovTriCab,TRI\FILIAL\MovTriCab.DB,DatLan,System.DateTime,8,0,nao confirmado,.PX;.XG0;.YG0,nao confirmado,nao confirmado,DatLan,Movimentos/OS/ROL,nao confirmado,Movimentos/OS/ROL,data,"confirmado por schema: coluna existente no dicionario Paradox | confirmado por schema: arquivos de indice .PX,.XG0,.YG0",alta,confirmado por schema
MovTriCab,TRI\FILIAL\MovTriCab.DB,HorLan,System.DateTime,8,0,nao confirmado,.PX;.XG0;.YG0,nao confirmado,nao confirmado,HorLan,Movimentos/OS/ROL,nao confirmado,Movimentos/OS/ROL,data,"confirmado por schema: coluna existente no dicionario Paradox | confirmado por schema: arquivos de indice .PX,.XG0,.YG0",alta,confirmado por schema
MovTriCab,TRI\FILIAL\MovTriCab.DB,DatCan,System.DateTime,8,0,nao confirmado,.PX;.XG0;.YG0,nao confirmado,nao confirmado,DatCan,Movimentos/OS/ROL,nao confirmado,Movimentos/OS/ROL,data,"confirmado por schema: coluna existente no dicionario Paradox | confirmado por schema: arquivos de indice .PX,.XG0,.YG0",alta,confirmado por schema
MovTriCab,TRI\FILIAL\MovTriCab.DB,MotivoCan,System.String,100,0,nao confirmado,.PX;.XG0;.YG0,nao confirmado,nao confirmado,MotivoCan,Movimentos/OS/ROL,nao confirmado,Movimentos/OS/ROL,data,"confirmado por schema: coluna existente no dicionario Paradox | confirmado por schema: arquivos de indice .PX,.XG0,.YG0",alta,confirmado por schema
MovTriCab,TRI\FILIAL\MovTriCab.DB,DatFecLot,System.DateTime,8,0,nao confirmado,.PX;.XG0;.YG0,nao confirmado,nao confirmado,DatFecLot,Movimentos/OS/ROL,nao confirmado,Movimentos/OS/ROL,data,"confirmado por schema: coluna existente no dicionario Paradox | confirmado por schema: arquivos de indice .PX,.XG0,.YG0",alta,confirmado por schema
MovTriCab,TRI\FILIAL\MovTriCab.DB,DatEnt,System.DateTime,8,0,nao confirmado,.PX;.XG0;.YG0,nao confirmado,nao confirmado,DatEnt,Movimentos/OS/ROL,nao confirmado,Movimentos/OS/ROL,data,"confirmado por schema: coluna existente no dicionario Paradox | confirmado por schema: arquivos de indice .PX,.XG0,.YG0",alta,confirmado por schema
MovTriItem,TRI\FILIAL\MovTriItem.DB,Data,System.DateTime,8,0,nao confirmado,.PX,nao confirmado,nao confirmado,Data,Movimentos/OS/ROL,nao confirmado,Movimentos/OS/ROL,data,confirmado por schema: coluna existente no dicionario Paradox | confirmado por schema: arquivos de indice .PX,alta,confirmado por schema
MovTriRolCab,TRI\FILIAL\MovTriRolCab.DB,DatLan,System.DateTime,8,0,nao confirmado,.PX;.XG0;.XG1;.YG0;.YG1,nao confirmado,nao confirmado,DatLan,Movimentos/OS/ROL,nao confirmado,Movimentos/OS/ROL,data,"confirmado por schema: coluna existente no dicionario Paradox | confirmado por schema: arquivos de indice .PX,.XG0,.XG1,.YG0,.YG1",alta,confirmado por schema
MovTriRolCab,TRI\FILIAL\MovTriRolCab.DB,DatFecLot,System.DateTime,8,0,nao confirmado,.PX;.XG0;.XG1;.YG0;.YG1,nao confirmado,nao confirmado,DatFecLot,Movimentos/OS/ROL,nao confirmado,Movimentos/OS/ROL,data,"confirmado por schema: coluna existente no dicionario Paradox | confirmado por schema: arquivos de indice .PX,.XG0,.XG1,.YG0,.YG1",alta,confirmado por schema
MovTriRolCab,TRI\FILIAL\MovTriRolCab.DB,DatCan,System.DateTime,8,0,nao confirmado,.PX;.XG0;.XG1;.YG0;.YG1,nao confirmado,nao confirmado,DatCan,Movimentos/OS/ROL,nao confirmado,Movimentos/OS/ROL,data,"confirmado por schema: coluna existente no dicionario Paradox | confirmado por schema: arquivos de indice .PX,.XG0,.XG1,.YG0,.YG1",alta,confirmado por schema
MovTriRolCab,TRI\FILIAL\MovTriRolCab.DB,MotivoCan,System.String,100,0,nao confirmado,.PX;.XG0;.XG1;.YG0;.YG1,nao confirmado,nao confirmado,MotivoCan,Movimentos/OS/ROL,nao confirmado,Movimentos/OS/ROL,data,"confirmado por schema: coluna existente no dicionario Paradox | confirmado por schema: arquivos de indice .PX,.XG0,.XG1,.YG0,.YG1",alta,confirmado por schema
MovTriRolItem,TRI\FILIAL\MovTriRolItem.DB,Data,System.DateTime,8,0,nao confirmado,.PX,nao confirmado,nao confirmado,Data,Movimentos/OS/ROL,nao confirmado,Movimentos/OS/ROL,data,confirmado por schema: coluna existente no dicionario Paradox | confirmado por schema: arquivos de indice .PX,alta,confirmado por schema
MovTriRolLot,TRI\FILIAL\MovTriRolLot.DB,DatChe,System.DateTime,8,0,nao confirmado,.PX,nao confirmado,nao confirmado,DatChe,Movimentos/OS/ROL,nao confirmado,Movimentos/OS/ROL,data,confirmado por schema: coluna existente no dicionario Paradox | confirmado por schema: arquivos de indice .PX,alta,confirmado por schema
MovTriRolLot,TRI\FILIAL\MovTriRolLot.DB,DatCan,System.DateTime,8,0,nao confirmado,.PX,nao confirmado,nao confirmado,DatCan,Movimentos/OS/ROL,nao confirmado,Movimentos/OS/ROL,data,confirmado por schema: coluna existente no dicionario Paradox | confirmado por schema: arquivos de indice .PX,alta,confirmado por schema
MovTriRolLot,TRI\FILIAL\MovTriRolLot.DB,MotivoCan,System.String,100,0,nao confirmado,.PX,nao confirmado,nao confirmado,MotivoCan,Movimentos/OS/ROL,nao confirmado,Movimentos/OS/ROL,data,confirmado por schema: coluna existente no dicionario Paradox | confirmado por schema: arquivos de indice .PX,alta,confirmado por schema
MovTriRolLot,TRI\FILIAL\MovTriRolLot.DB,DatFecLot,System.DateTime,8,0,nao confirmado,.PX,nao confirmado,nao confirmado,DatFecLot,Movimentos/OS/ROL,nao confirmado,Movimentos/OS/ROL,data,confirmado por schema: coluna existente no dicionario Paradox | confirmado por schema: arquivos de indice .PX,alta,confirmado por schema
