TelaOuMenu,Modulo,Acao,EntidadeInferida,TabelaConsulta,TabelaInsere,TabelaAltera,TabelaExclui,CampoMuda,LogGerado,RegraNegocio,PermissaoExigida,Evidencia,Status
Altera Cliente,LavSoft,alteracao,Clientes,a validar,,a validar,a validar; preferir cancelamento logico,a validar,a validar,a validar por fluxo dinamico,AlteraCliente1,Nivel.DB/correlacao,confirmado por UI
AlteraCliente1,LavSoft,alteracao,Nao classificado,a validar,,a validar,a validar; preferir cancelamento logico,a validar,a validar,a validar por fluxo dinamico,AlteraCliente1,Nivel.DB/correlacao,confirmado por UI
AlteraCliente18,LavSoft,alteracao,Nao classificado,a validar,,a validar,a validar; preferir cancelamento logico,a validar,a validar,a validar por fluxo dinamico,AlteraCliente1,Nivel.DB/correlacao,confirmado por UI
AlteraCliente1Click,LavSoft,alteracao,Nao classificado,a validar,,a validar,a validar; preferir cancelamento logico,a validar,a validar,a validar por fluxo dinamico,AlteraCliente1,Nivel.DB/correlacao,confirmado por UI
AlteraCliente1Click$,LavSoft,alteracao,Nao classificado,a validar,,a validar,a validar; preferir cancelamento logico,a validar,a validar,a validar por fluxo dinamico,AlteraCliente1,Nivel.DB/correlacao,confirmado por UI
AlteraodeProdutos1,LavFacilLan,alteracao,Nao classificado,a validar,,a validar,a validar; preferir cancelamento logico,a validar,a validar,a validar por fluxo dinamico,Alterao1,Nivel.DB/correlacao,confirmado por UI
AlteraodeProdutos1,LavSoft,alteracao,Nao classificado,a validar,,a validar,a validar; preferir cancelamento logico,a validar,a validar,a validar por fluxo dinamico,Alterao1,Nivel.DB/correlacao,confirmado por UI
:\EquipExe\Exe\Anotacoes.Exe,LavSoft,consulta/abre tela,Ocorrencias/Auditoria,a validar,,,a validar; preferir cancelamento logico,a validar,a validar,a validar por fluxo dinamico,Anotacoes1,Nivel.DB/correlacao,confirmado por UI
\Anotacoes,LavSoft,consulta/abre tela,Ocorrencias/Auditoria,a validar,,,a validar; preferir cancelamento logico,a validar,a validar,a validar por fluxo dinamico,Anotacoes1,Nivel.DB/correlacao,confirmado por UI
"\Anotacoes"" A",LavSoft,consulta/abre tela,Ocorrencias/Auditoria,a validar,,,a validar; preferir cancelamento logico,a validar,a validar,a validar por fluxo dinamico,Anotacoes1,Nivel.DB/correlacao,confirmado por UI
Anotacoes,LavSoft,consulta/abre tela,Ocorrencias/Auditoria,a validar,,,a validar; preferir cancelamento logico,a validar,a validar,a validar por fluxo dinamico,Anotacoes1,Nivel.DB/correlacao,confirmado por UI
Anotacoes1,LavSoft,consulta/abre tela,Ocorrencias/Auditoria,a validar,,,a validar; preferir cancelamento logico,a validar,a validar,a validar por fluxo dinamico,Anotacoes1,Nivel.DB/correlacao,confirmado por UI
CaixaDiaDia1,LavSoft,consulta/abre tela,Financeiro,a validar,,,a validar; preferir cancelamento logico,a validar,a validar,a validar por fluxo dinamico,CaixaDiaDia1,Nivel.DB/correlacao,confirmado por UI
CaixaDiaDia14,LavSoft,consulta/abre tela,Financeiro,a validar,,,a validar; preferir cancelamento logico,a validar,a validar,a validar por fluxo dinamico,CaixaDiaDia1,Nivel.DB/correlacao,confirmado por UI
CaixaDiaDia1Click,LavSoft,consulta/abre tela,Financeiro,a validar,,,a validar; preferir cancelamento logico,a validar,a validar,a validar por fluxo dinamico,CaixaDiaDia1,Nivel.DB/correlacao,confirmado por UI
Fechamento de Caixa Dia/Dia,LavSoft,financeiro/fechamento,Financeiro,a validar,,a validar,a validar; preferir cancelamento logico,a validar,a validar,a validar por fluxo dinamico,CaixaDiaDia1,Nivel.DB/correlacao,confirmado por UI
Movimento de Caixa Dia/Dia,LavSoft,consulta/abre tela,Financeiro,a validar,,,a validar; preferir cancelamento logico,a validar,a validar,a validar por fluxo dinamico,CaixaDiaDia1,Nivel.DB/correlacao,confirmado por UI
"- use o Cancelamento do Pagamento, Tecle Enter para Continuar",LavSoft,cancelamento/exclusao,Financeiro,a validar,,a validar,a validar; preferir cancelamento logico,a validar,a validar,a validar por fluxo dinamico,Cancelamento2,Nivel.DB/correlacao,confirmado por UI
"""Cancelamento de Notas (Intervalo)",LavSoft,cancelamento/exclusao,Ocorrencias/Auditoria,a validar,,a validar,a validar; preferir cancelamento logico,a validar,a validar,a validar por fluxo dinamico,Cancelamento2,Nivel.DB/correlacao,confirmado por UI
"""CancelamentodeNotasIntervalo1Click",LavSoft,cancelamento/exclusao,Ocorrencias/Auditoria,a validar,,a validar,a validar; preferir cancelamento logico,a validar,a validar,a validar por fluxo dinamico,Cancelamento2,Nivel.DB/correlacao,confirmado por UI
"""CancelamentodoUltimoEncerramCaixa1(",LavSoft,cancelamento/exclusao,Financeiro,a validar,,a validar,a validar; preferir cancelamento logico,a validar,a validar,a validar por fluxo dinamico,Cancelamento2,Nivel.DB/correlacao,confirmado por UI
)Bloqueia Cancelamento (Usuario Digitador),LavSoft,cancelamento/exclusao,Ocorrencias/Auditoria,a validar,,a validar,a validar; preferir cancelamento logico,a validar,a validar,a validar por fluxo dinamico,Cancelamento2,Nivel.DB/correlacao,confirmado por UI
Cancelamento da Nota,LavSoft,cancelamento/exclusao,Ocorrencias/Auditoria,a validar,,a validar,a validar; preferir cancelamento logico,a validar,a validar,a validar por fluxo dinamico,CancelamentodaNota1,Nivel.DB/correlacao,confirmado por UI
Cancelamento da Nota Fiscal,LavSoft,cancelamento/exclusao,Notas/Fiscal,a validar,,a validar,a validar; preferir cancelamento logico,a validar,a validar,a validar por fluxo dinamico,CancelamentodaNota1,Nivel.DB/correlacao,confirmado por UI
CancelamentodaNota1,LavSoft,cancelamento/exclusao,Ocorrencias/Auditoria,a validar,,a validar,a validar; preferir cancelamento logico,a validar,a validar,a validar por fluxo dinamico,CancelamentodaNota1,Nivel.DB/correlacao,confirmado por UI
CancelamentodaNota1Click,LavSoft,cancelamento/exclusao,Ocorrencias/Auditoria,a validar,,a validar,a validar; preferir cancelamento logico,a validar,a validar,a validar por fluxo dinamico,CancelamentodaNota1,Nivel.DB/correlacao,confirmado por UI
CancelamentodaNotaFiscal1,LavSoft,cancelamento/exclusao,Notas/Fiscal,a validar,,a validar,a validar; preferir cancelamento logico,a validar,a validar,a validar por fluxo dinamico,CancelamentodaNota1,Nivel.DB/correlacao,confirmado por UI
"""Cancelamento de Notas (Intervalo)",LavFacilLan,cancelamento/exclusao,Ocorrencias/Auditoria,a validar,,a validar,a validar; preferir cancelamento logico,a validar,a validar,a validar por fluxo dinamico,CancelamentodeNotasIntervalo1,Nivel.DB/correlacao,confirmado por UI
"""CancelamentodeNotasIntervalo1Click",LavFacilLan,cancelamento/exclusao,Ocorrencias/Auditoria,a validar,,a validar,a validar; preferir cancelamento logico,a validar,a validar,a validar por fluxo dinamico,CancelamentodeNotasIntervalo1,Nivel.DB/correlacao,confirmado por UI
"""Cancelamento de Notas (Intervalo)",LavSoft,cancelamento/exclusao,Ocorrencias/Auditoria,a validar,,a validar,a validar; preferir cancelamento logico,a validar,a validar,a validar por fluxo dinamico,CancelamentodeNotasIntervalo1,Nivel.DB/correlacao,confirmado por UI
"""CancelamentodeNotasIntervalo1Click",LavSoft,cancelamento/exclusao,Ocorrencias/Auditoria,a validar,,a validar,a validar; preferir cancelamento logico,a validar,a validar,a validar por fluxo dinamico,CancelamentodeNotasIntervalo1,Nivel.DB/correlacao,confirmado por UI
CancelamentodeNotasIntervalo1,LavSoft,cancelamento/exclusao,Ocorrencias/Auditoria,a validar,,a validar,a validar; preferir cancelamento logico,a validar,a validar,a validar por fluxo dinamico,CancelamentodeNotasIntervalo1,Nivel.DB/correlacao,confirmado por UI
CancelamentoNotaFiscal1,LavFacilLan,cancelamento/exclusao,Notas/Fiscal,a validar,,a validar,a validar; preferir cancelamento logico,a validar,a validar,a validar por fluxo dinamico,CancelamentoNotaFiscal1,Nivel.DB/correlacao,confirmado por UI
CancelamentoNotaFiscal1Click,LavFacilLan,cancelamento/exclusao,Notas/Fiscal,a validar,,a validar,a validar; preferir cancelamento logico,a validar,a validar,a validar por fluxo dinamico,CancelamentoNotaFiscal1,Nivel.DB/correlacao,confirmado por UI
CancelamentoNotaFiscal1,LavSoft,cancelamento/exclusao,Notas/Fiscal,a validar,,a validar,a validar; preferir cancelamento logico,a validar,a validar,a validar por fluxo dinamico,CancelamentoNotaFiscal1,Nivel.DB/correlacao,confirmado por UI
CancelamentoNotaFiscal1|,LavSoft,cancelamento/exclusao,Notas/Fiscal,a validar,,a validar,a validar; preferir cancelamento logico,a validar,a validar,a validar por fluxo dinamico,CancelamentoNotaFiscal1,Nivel.DB/correlacao,confirmado por UI
CancelamentoNotaFiscal1Click,LavSoft,cancelamento/exclusao,Notas/Fiscal,a validar,,a validar,a validar; preferir cancelamento logico,a validar,a validar,a validar por fluxo dinamico,CancelamentoNotaFiscal1,Nivel.DB/correlacao,confirmado por UI
CartadeCobranca1,LavSoft,consulta/abre tela,Nao classificado,a validar,,,a validar; preferir cancelamento logico,a validar,a validar,a validar por fluxo dinamico,CartadeCobranca1,Nivel.DB/correlacao,confirmado por UI
CartadeCobranca1Click,LavSoft,consulta/abre tela,Nao classificado,a validar,,,a validar; preferir cancelamento logico,a validar,a validar,a validar por fluxo dinamico,CartadeCobranca1,Nivel.DB/correlacao,confirmado por UI
CFDestravaImpressoraFiscal1,LavFacilLan,relatorio/impressao,Notas/Fiscal,a validar,,,a validar; preferir cancelamento logico,a validar,a validar,a validar por fluxo dinamico,CFDestravaImpressoraFiscal1,Nivel.DB/correlacao,confirmado por UI
CFDestravaImpressoraFiscal1Click,LavFacilLan,relatorio/impressao,Notas/Fiscal,a validar,,,a validar; preferir cancelamento logico,a validar,a validar,a validar por fluxo dinamico,CFDestravaImpressoraFiscal1,Nivel.DB/correlacao,confirmado por UI
CFDestravaImpressoraFiscal1P,LavFacilLan,relatorio/impressao,Notas/Fiscal,a validar,,,a validar; preferir cancelamento logico,a validar,a validar,a validar por fluxo dinamico,CFDestravaImpressoraFiscal1,Nivel.DB/correlacao,confirmado por UI
CFDestravaImpressoraFiscal1,LavSoft,relatorio/impressao,Notas/Fiscal,a validar,,,a validar; preferir cancelamento logico,a validar,a validar,a validar por fluxo dinamico,CFDestravaImpressoraFiscal1,Nivel.DB/correlacao,confirmado por UI
CFDestravaImpressoraFiscal1Click,LavSoft,relatorio/impressao,Notas/Fiscal,a validar,,,a validar; preferir cancelamento logico,a validar,a validar,a validar por fluxo dinamico,CFDestravaImpressoraFiscal1,Nivel.DB/correlacao,confirmado por UI
CFFundodeCaixa1,LavFacilLan,consulta/abre tela,Financeiro,a validar,,,a validar; preferir cancelamento logico,a validar,a validar,a validar por fluxo dinamico,CFFundodeCaixa1,Nivel.DB/correlacao,confirmado por UI
CFFundodeCaixa1@,LavFacilLan,consulta/abre tela,Financeiro,a validar,,,a validar; preferir cancelamento logico,a validar,a validar,a validar por fluxo dinamico,CFFundodeCaixa1,Nivel.DB/correlacao,confirmado por UI
CFFundodeCaixa1Click,LavFacilLan,consulta/abre tela,Financeiro,a validar,,,a validar; preferir cancelamento logico,a validar,a validar,a validar por fluxo dinamico,CFFundodeCaixa1,Nivel.DB/correlacao,confirmado por UI
CFFundodeCaixa1,LavSoft,consulta/abre tela,Financeiro,a validar,,,a validar; preferir cancelamento logico,a validar,a validar,a validar por fluxo dinamico,CFFundodeCaixa1,Nivel.DB/correlacao,confirmado por UI
CFFundodeCaixa1Click,LavSoft,consulta/abre tela,Financeiro,a validar,,,a validar; preferir cancelamento logico,a validar,a validar,a validar por fluxo dinamico,CFFundodeCaixa1,Nivel.DB/correlacao,confirmado por UI
CFLeituraMemriaFiscal1,LavFacilLan,consulta/abre tela,Notas/Fiscal,a validar,,,a validar; preferir cancelamento logico,a validar,a validar,a validar por fluxo dinamico,CFLeituraMemriaFiscal1,Nivel.DB/correlacao,confirmado por UI
CFLeituraMemriaFiscal1Click,LavFacilLan,consulta/abre tela,Notas/Fiscal,a validar,,,a validar; preferir cancelamento logico,a validar,a validar,a validar por fluxo dinamico,CFLeituraMemriaFiscal1,Nivel.DB/correlacao,confirmado por UI
CFLeituraMemriaFiscal1Click',LavFacilLan,consulta/abre tela,Notas/Fiscal,a validar,,,a validar; preferir cancelamento logico,a validar,a validar,a validar por fluxo dinamico,CFLeituraMemriaFiscal1,Nivel.DB/correlacao,confirmado por UI
CFLeituraMemriaFiscal1,LavSoft,consulta/abre tela,Notas/Fiscal,a validar,,,a validar; preferir cancelamento logico,a validar,a validar,a validar por fluxo dinamico,CFLeituraMemriaFiscal1,Nivel.DB/correlacao,confirmado por UI
CFLeituraMemriaFiscal1Click,LavSoft,consulta/abre tela,Notas/Fiscal,a validar,,,a validar; preferir cancelamento logico,a validar,a validar,a validar por fluxo dinamico,CFLeituraMemriaFiscal1,Nivel.DB/correlacao,confirmado por UI
CFSangriaCaixa1,LavFacilLan,consulta/abre tela,Financeiro,a validar,,,a validar; preferir cancelamento logico,a validar,a validar,a validar por fluxo dinamico,CFSangriaCaixa1,Nivel.DB/correlacao,confirmado por UI
CFSangriaCaixa1Click,LavFacilLan,consulta/abre tela,Financeiro,a validar,,,a validar; preferir cancelamento logico,a validar,a validar,a validar por fluxo dinamico,CFSangriaCaixa1,Nivel.DB/correlacao,confirmado por UI
CFSangriaCaixa1D,LavFacilLan,consulta/abre tela,Financeiro,a validar,,,a validar; preferir cancelamento logico,a validar,a validar,a validar por fluxo dinamico,CFSangriaCaixa1,Nivel.DB/correlacao,confirmado por UI
CFSangriaCaixa1,LavSoft,consulta/abre tela,Financeiro,a validar,,,a validar; preferir cancelamento logico,a validar,a validar,a validar por fluxo dinamico,CFSangriaCaixa1,Nivel.DB/correlacao,confirmado por UI
CFSangriaCaixa1Click,LavSoft,consulta/abre tela,Financeiro,a validar,,,a validar; preferir cancelamento logico,a validar,a validar,a validar por fluxo dinamico,CFSangriaCaixa1,Nivel.DB/correlacao,confirmado por UI
Clientes Cadastros Entre,Financeiro,inclusao,Clientes,a validar,a validar,,a validar; preferir cancelamento logico,a validar,a validar,a validar por fluxo dinamico,ClientesCad1,Nivel.DB/correlacao,confirmado por UI
ClientesCad1,LavSoft,consulta/abre tela,Nao classificado,a validar,,,a validar; preferir cancelamento logico,a validar,a validar,a validar por fluxo dinamico,ClientesCad1,Nivel.DB/correlacao,confirmado por UI
CobrancaDiversas,LavFacilLan,consulta/abre tela,Nao classificado,a validar,,,a validar; preferir cancelamento logico,a validar,a validar,a validar por fluxo dinamico,CobrancaDiversas,Nivel.DB/correlacao,confirmado por UI
CobrancaDiversasClick,LavFacilLan,consulta/abre tela,Nao classificado,a validar,,,a validar; preferir cancelamento logico,a validar,a validar,a validar por fluxo dinamico,CobrancaDiversas,Nivel.DB/correlacao,confirmado por UI
CobrancaDiversas,LavSoft,consulta/abre tela,Nao classificado,a validar,,,a validar; preferir cancelamento logico,a validar,a validar,a validar por fluxo dinamico,CobrancaDiversas,Nivel.DB/correlacao,confirmado por UI
CobrancaDiversasClick,LavSoft,consulta/abre tela,Nao classificado,a validar,,,a validar; preferir cancelamento logico,a validar,a validar,a validar por fluxo dinamico,CobrancaDiversas,Nivel.DB/correlacao,confirmado por UI
ComissaoPagamento1,LavSoft,financeiro/fechamento,Financeiro,a validar,,a validar,a validar; preferir cancelamento logico,a validar,a validar,a validar por fluxo dinamico,ComissaoPagamento1,Nivel.DB/correlacao,confirmado por UI
ComissaoPagamento1Click,LavSoft,financeiro/fechamento,Financeiro,a validar,,a validar,a validar; preferir cancelamento logico,a validar,a validar,a validar por fluxo dinamico,ComissaoPagamento1,Nivel.DB/correlacao,confirmado por UI
ComissoRol1,LavSoft,consulta/abre tela,Nao classificado,a validar,,,a validar; preferir cancelamento logico,a validar,a validar,a validar por fluxo dinamico,ComissoRol1,Nivel.DB/correlacao,confirmado por UI
ComissoRol1Click,LavSoft,consulta/abre tela,Nao classificado,a validar,,,a validar; preferir cancelamento logico,a validar,a validar,a validar por fluxo dinamico,ComissoRol1,Nivel.DB/correlacao,confirmado por UI
CondicaodePagamento1,LavSoft,financeiro/fechamento,Financeiro,a validar,,a validar,a validar; preferir cancelamento logico,a validar,a validar,a validar por fluxo dinamico,CondicaodePagamento1,Nivel.DB/correlacao,confirmado por UI
CondicaodePagamento1\,LavSoft,financeiro/fechamento,Financeiro,a validar,,a validar,a validar; preferir cancelamento logico,a validar,a validar,a validar por fluxo dinamico,CondicaodePagamento1,Nivel.DB/correlacao,confirmado por UI
CondicaodePagamento1Click,LavSoft,financeiro/fechamento,Financeiro,a validar,,a validar,a validar; preferir cancelamento logico,a validar,a validar,a validar por fluxo dinamico,CondicaodePagamento1,Nivel.DB/correlacao,confirmado por UI
ConIntEntrega1,LavFacilLan,consulta/abre tela,Nao classificado,a validar,,,a validar; preferir cancelamento logico,a validar,a validar,a validar por fluxo dinamico,ConIntEntrega1,Nivel.DB/correlacao,confirmado por UI
ConIntEntrega1Click,LavFacilLan,consulta/abre tela,Nao classificado,a validar,,,a validar; preferir cancelamento logico,a validar,a validar,a validar por fluxo dinamico,ConIntEntrega1,Nivel.DB/correlacao,confirmado por UI
ConIntEntrega1,LavSoft,consulta/abre tela,Nao classificado,a validar,,,a validar; preferir cancelamento logico,a validar,a validar,a validar por fluxo dinamico,ConIntEntrega1,Nivel.DB/correlacao,confirmado por UI
ConIntEntrega1Click,LavSoft,consulta/abre tela,Nao classificado,a validar,,,a validar; preferir cancelamento logico,a validar,a validar,a validar por fluxo dinamico,ConIntEntrega1,Nivel.DB/correlacao,confirmado por UI
Controle de Caixa,LavSoft,consulta/abre tela,Financeiro,a validar,,,a validar; preferir cancelamento logico,a validar,a validar,a validar por fluxo dinamico,ControledeCaixa1,Nivel.DB/correlacao,confirmado por UI
Controle de Caixa (Desativado),LavSoft,consulta/abre tela,Financeiro,a validar,,,a validar; preferir cancelamento logico,a validar,a validar,a validar por fluxo dinamico,ControledeCaixa1,Nivel.DB/correlacao,confirmado por UI
ControledeCaixa1,LavSoft,consulta/abre tela,Financeiro,a validar,,,a validar; preferir cancelamento logico,a validar,a validar,a validar por fluxo dinamico,ControledeCaixa1,Nivel.DB/correlacao,confirmado por UI
ControledeCaixa1Click,LavSoft,consulta/abre tela,Financeiro,a validar,,,a validar; preferir cancelamento logico,a validar,a validar,a validar por fluxo dinamico,ControledeCaixa1,Nivel.DB/correlacao,confirmado por UI
Controle de Lavagem,LavFacilLan,consulta/abre tela,Nao classificado,a validar,,,a validar; preferir cancelamento logico,a validar,a validar,a validar por fluxo dinamico,ControledeLavagem1,Nivel.DB/correlacao,confirmado por UI
Controle de Lavagem,LavSoft,consulta/abre tela,Nao classificado,a validar,,,a validar; preferir cancelamento logico,a validar,a validar,a validar por fluxo dinamico,ControledeLavagem1,Nivel.DB/correlacao,confirmado por UI
ControledeLavagem1,LavSoft,consulta/abre tela,Nao classificado,a validar,,,a validar; preferir cancelamento logico,a validar,a validar,a validar por fluxo dinamico,ControledeLavagem1,Nivel.DB/correlacao,confirmado por UI
ControledeLavagem1Click,LavSoft,consulta/abre tela,Nao classificado,a validar,,,a validar; preferir cancelamento logico,a validar,a validar,a validar por fluxo dinamico,ControledeLavagem1,Nivel.DB/correlacao,confirmado por UI
ControledeLavagem1p,LavSoft,consulta/abre tela,Nao classificado,a validar,,,a validar; preferir cancelamento logico,a validar,a validar,a validar por fluxo dinamico,ControledeLavagem1,Nivel.DB/correlacao,confirmado por UI
Controle de Metas,LavSoft,consulta/abre tela,Nao classificado,a validar,,,a validar; preferir cancelamento logico,a validar,a validar,a validar por fluxo dinamico,ControledeMetas1,Nivel.DB/correlacao,confirmado por UI
ControledeMetas1,LavSoft,consulta/abre tela,Nao classificado,a validar,,,a validar; preferir cancelamento logico,a validar,a validar,a validar por fluxo dinamico,ControledeMetas1,Nivel.DB/correlacao,confirmado por UI
ControledeMetas1Click,LavSoft,consulta/abre tela,Nao classificado,a validar,,,a validar; preferir cancelamento logico,a validar,a validar,a validar por fluxo dinamico,ControledeMetas1,Nivel.DB/correlacao,confirmado por UI
/Bloqueia Cores Repetidas no Controle de Entrada,LavSoft,inclusao,Produtos/Servicos,a validar,a validar,,a validar; preferir cancelamento logico,a validar,a validar,a validar por fluxo dinamico,Cores1,Nivel.DB/correlacao,confirmado por UI
Bloqueia Cores (Controle Ent.),LavSoft,consulta/abre tela,Produtos/Servicos,a validar,,,a validar; preferir cancelamento logico,a validar,a validar,a validar por fluxo dinamico,Cores1,Nivel.DB/correlacao,confirmado por UI
Cadastro de Cores,LavSoft,inclusao,Produtos/Servicos,a validar,a validar,,a validar; preferir cancelamento logico,a validar,a validar,a validar por fluxo dinamico,Cores1,Nivel.DB/correlacao,confirmado por UI
CB_CoresEntrada,LavSoft,inclusao,Produtos/Servicos,a validar,a validar,,a validar; preferir cancelamento logico,a validar,a validar,a validar por fluxo dinamico,Cores1,Nivel.DB/correlacao,confirmado por UI
"CB_CoresEntrada,",LavSoft,inclusao,Produtos/Servicos,a validar,a validar,,a validar; preferir cancelamento logico,a validar,a validar,a validar por fluxo dinamico,Cores1,Nivel.DB/correlacao,confirmado por UI
:\Equipexe\Sincroniza\Envio\Defeitos.xml,LavFacilLan,consulta/abre tela,Produtos/Servicos,a validar,,,a validar; preferir cancelamento logico,a validar,a validar,a validar por fluxo dinamico,Defeitos1,Nivel.DB/correlacao,confirmado por UI
Defeitos encontrados no Produto,LavFacilLan,consulta/abre tela,Produtos/Servicos,a validar,,,a validar; preferir cancelamento logico,a validar,a validar,a validar por fluxo dinamico,Defeitos1,Nivel.DB/correlacao,confirmado por UI
Cadastro de Defeitos,LavSoft,inclusao,Produtos/Servicos,a validar,a validar,,a validar; preferir cancelamento logico,a validar,a validar,a validar por fluxo dinamico,Defeitos1,Nivel.DB/correlacao,confirmado por UI
Defeitos encontrados no Produto,LavSoft,consulta/abre tela,Produtos/Servicos,a validar,,,a validar; preferir cancelamento logico,a validar,a validar,a validar por fluxo dinamico,Defeitos1,Nivel.DB/correlacao,confirmado por UI
"3|Tipos de Entrada (Retira, Entrega, Delivery e Etc)",LavFacilLan,inclusao,Nao classificado,a validar,a validar,,a validar; preferir cancelamento logico,a validar,a validar,a validar por fluxo dinamico,Delivery1,Nivel.DB/correlacao,confirmado por UI
AJUSTE REF. AO DELIVERY DO DESCONTO DO ROL N,LavFacilLan,consulta/abre tela,Nao classificado,a validar,,,a validar; preferir cancelamento logico,a validar,a validar,a validar por fluxo dinamico,Delivery1,Nivel.DB/correlacao,confirmado por UI
DELIVERY - Horario de Entrega do Rol,LavFacilLan,consulta/abre tela,Nao classificado,a validar,,,a validar; preferir cancelamento logico,a validar,a validar,a validar por fluxo dinamico,Delivery1,Nivel.DB/correlacao,confirmado por UI
"3|Tipos de Entrada (Retira, Entrega, Delivery e Etc)",LavSoft,inclusao,Nao classificado,a validar,a validar,,a validar; preferir cancelamento logico,a validar,a validar,a validar por fluxo dinamico,Delivery1,Nivel.DB/correlacao,confirmado por UI
Movimento Delivery,LavSoft,consulta/abre tela,Nao classificado,a validar,,,a validar; preferir cancelamento logico,a validar,a validar,a validar por fluxo dinamico,Delivery1,Nivel.DB/correlacao,confirmado por UI
"Desconto Porcentagem - Se valor final for 0,zera os valores",LavFacilLan,consulta/abre tela,Movimentos/OS/ROL,a validar,,,a validar; preferir cancelamento logico,a validar,a validar,a validar por fluxo dinamico,DescontoPorc1,Nivel.DB/correlacao,confirmado por UI
DescontoPorc1,LavFacilLan,consulta/abre tela,Movimentos/OS/ROL,a validar,,,a validar; preferir cancelamento logico,a validar,a validar,a validar por fluxo dinamico,DescontoPorc1,Nivel.DB/correlacao,confirmado por UI
Lb_DescontoPorc,LavFacilLan,consulta/abre tela,Movimentos/OS/ROL,a validar,,,a validar; preferir cancelamento logico,a validar,a validar,a validar por fluxo dinamico,DescontoPorc1,Nivel.DB/correlacao,confirmado por UI
DescontoPorc1,LavSoft,consulta/abre tela,Movimentos/OS/ROL,a validar,,,a validar; preferir cancelamento logico,a validar,a validar,a validar por fluxo dinamico,DescontoPorc1,Nivel.DB/correlacao,confirmado por UI
Lb_DescontoPorc,LavSoft,consulta/abre tela,Movimentos/OS/ROL,a validar,,,a validar; preferir cancelamento logico,a validar,a validar,a validar por fluxo dinamico,DescontoPorc1,Nivel.DB/correlacao,confirmado por UI
DescontoporValor1,LavFacilLan,consulta/abre tela,Nao classificado,a validar,,,a validar; preferir cancelamento logico,a validar,a validar,a validar por fluxo dinamico,DescontoporValor1,Nivel.DB/correlacao,confirmado por UI
Desconto por Valor,LavSoft,consulta/abre tela,Nao classificado,a validar,,,a validar; preferir cancelamento logico,a validar,a validar,a validar por fluxo dinamico,DescontoporValor1,Nivel.DB/correlacao,confirmado por UI
DescontoporValor1,LavSoft,consulta/abre tela,Nao classificado,a validar,,,a validar; preferir cancelamento logico,a validar,a validar,a validar por fluxo dinamico,DescontoporValor1,Nivel.DB/correlacao,confirmado por UI
DescontoporValor1Click,LavSoft,consulta/abre tela,Nao classificado,a validar,,,a validar; preferir cancelamento logico,a validar,a validar,a validar por fluxo dinamico,DescontoporValor1,Nivel.DB/correlacao,confirmado por UI
Filtros - Desconto por Valor ou Porcentagem,LavSoft,consulta/abre tela,Movimentos/OS/ROL,a validar,,,a validar; preferir cancelamento logico,a validar,a validar,a validar por fluxo dinamico,DescontoporValor1,Nivel.DB/correlacao,confirmado por UI
Descontos no Rol,LavSoft,consulta/abre tela,Nao classificado,a validar,,,a validar; preferir cancelamento logico,a validar,a validar,a validar por fluxo dinamico,DescontosnoRol1,Nivel.DB/correlacao,confirmado por UI
DescontosnoRol1,LavSoft,consulta/abre tela,Nao classificado,a validar,,,a validar; preferir cancelamento logico,a validar,a validar,a validar por fluxo dinamico,DescontosnoRol1,Nivel.DB/correlacao,confirmado por UI
DescontosnoRol1Click,LavSoft,consulta/abre tela,Nao classificado,a validar,,,a validar; preferir cancelamento logico,a validar,a validar,a validar por fluxo dinamico,DescontosnoRol1,Nivel.DB/correlacao,confirmado por UI
DescontosnoRol1P,LavSoft,consulta/abre tela,Nao classificado,a validar,,,a validar; preferir cancelamento logico,a validar,a validar,a validar por fluxo dinamico,DescontosnoRol1,Nivel.DB/correlacao,confirmado por UI
rio de Descontos no Rol,LavSoft,consulta/abre tela,Nao classificado,a validar,,,a validar; preferir cancelamento logico,a validar,a validar,a validar por fluxo dinamico,DescontosnoRol1,Nivel.DB/correlacao,confirmado por UI
Devoluo1,LavSoft,consulta/abre tela,Nao classificado,a validar,,,a validar; preferir cancelamento logico,a validar,a validar,a validar por fluxo dinamico,Devoluo1,Nivel.DB/correlacao,confirmado por UI
Devoluo1Click,LavSoft,consulta/abre tela,Nao classificado,a validar,,,a validar; preferir cancelamento logico,a validar,a validar,a validar por fluxo dinamico,Devoluo1,Nivel.DB/correlacao,confirmado por UI
Devoluo1T,LavSoft,consulta/abre tela,Nao classificado,a validar,,,a validar; preferir cancelamento logico,a validar,a validar,a validar por fluxo dinamico,Devoluo1,Nivel.DB/correlacao,confirmado por UI
DevoluoPagamento1,LavSoft,financeiro/fechamento,Financeiro,a validar,,a validar,a validar; preferir cancelamento logico,a validar,a validar,a validar por fluxo dinamico,Devoluo1,Nivel.DB/correlacao,confirmado por UI
DevoluoPagamento1Click,LavSoft,financeiro/fechamento,Financeiro,a validar,,a validar,a validar; preferir cancelamento logico,a validar,a validar,a validar por fluxo dinamico,Devoluo1,Nivel.DB/correlacao,confirmado por UI
DevoluoPagamento1,LavFacilLan,financeiro/fechamento,Financeiro,a validar,,a validar,a validar; preferir cancelamento logico,a validar,a validar,a validar por fluxo dinamico,DevoluoPagamento1,Nivel.DB/correlacao,confirmado por UI
DevoluoPagamento18,LavFacilLan,financeiro/fechamento,Financeiro,a validar,,a validar,a validar; preferir cancelamento logico,a validar,a validar,a validar por fluxo dinamico,DevoluoPagamento1,Nivel.DB/correlacao,confirmado por UI
DevoluoPagamento1Click,LavFacilLan,financeiro/fechamento,Financeiro,a validar,,a validar,a validar; preferir cancelamento logico,a validar,a validar,a validar por fluxo dinamico,DevoluoPagamento1,Nivel.DB/correlacao,confirmado por UI
DevoluoPagamento1,LavSoft,financeiro/fechamento,Financeiro,a validar,,a validar,a validar; preferir cancelamento logico,a validar,a validar,a validar por fluxo dinamico,DevoluoPagamento1,Nivel.DB/correlacao,confirmado por UI
DevoluoPagamento1Click,LavSoft,financeiro/fechamento,Financeiro,a validar,,a validar,a validar; preferir cancelamento logico,a validar,a validar,a validar por fluxo dinamico,DevoluoPagamento1,Nivel.DB/correlacao,confirmado por UI
Ed_PorcDescontoPag,LavFacilLan,financeiro/fechamento,Movimentos/OS/ROL,a validar,,a validar,a validar; preferir cancelamento logico,a validar,a validar,a validar por fluxo dinamico,Ed_PorcDescontoPag,Nivel.DB/correlacao,confirmado por UI
Ed_PorcDescontoPagExit,LavFacilLan,financeiro/fechamento,Movimentos/OS/ROL,a validar,,a validar,a validar; preferir cancelamento logico,a validar,a validar,a validar por fluxo dinamico,Ed_PorcDescontoPag,Nivel.DB/correlacao,confirmado por UI
Ed_PorcDescontoPag,LavSoft,financeiro/fechamento,Movimentos/OS/ROL,a validar,,a validar,a validar; preferir cancelamento logico,a validar,a validar,a validar por fluxo dinamico,Ed_PorcDescontoPag,Nivel.DB/correlacao,confirmado por UI
Ed_PorcDescontoPagExit,LavSoft,financeiro/fechamento,Movimentos/OS/ROL,a validar,,a validar,a validar; preferir cancelamento logico,a validar,a validar,a validar por fluxo dinamico,Ed_PorcDescontoPag,Nivel.DB/correlacao,confirmado por UI
Emitir Nota Fiscal,LavFacilLan,relatorio/impressao,Notas/Fiscal,a validar,,,a validar; preferir cancelamento logico,a validar,a validar,a validar por fluxo dinamico,EmitirNotaFiscal1,Nivel.DB/correlacao,confirmado por UI
Emitir Nota Fiscal,LavSoft,relatorio/impressao,Notas/Fiscal,a validar,,,a validar; preferir cancelamento logico,a validar,a validar,a validar por fluxo dinamico,EmitirNotaFiscal1,Nivel.DB/correlacao,confirmado por UI
EmitirNotaFiscal1,LavSoft,relatorio/impressao,Notas/Fiscal,a validar,,,a validar; preferir cancelamento logico,a validar,a validar,a validar por fluxo dinamico,EmitirNotaFiscal1,Nivel.DB/correlacao,confirmado por UI
EmitirNotaFiscal1Click,LavSoft,relatorio/impressao,Notas/Fiscal,a validar,,,a validar; preferir cancelamento logico,a validar,a validar,a validar por fluxo dinamico,EmitirNotaFiscal1,Nivel.DB/correlacao,confirmado por UI
EmitirNotaFiscal1d,LavSoft,relatorio/impressao,Notas/Fiscal,a validar,,,a validar; preferir cancelamento logico,a validar,a validar,a validar por fluxo dinamico,EmitirNotaFiscal1,Nivel.DB/correlacao,confirmado por UI
%Gera Encerramento Resumido Financeiro,LavSoft,financeiro/fechamento,Nao classificado,a validar,,a validar,a validar; preferir cancelamento logico,a validar,a validar,a validar por fluxo dinamico,Encerramento1,Nivel.DB/correlacao,confirmado por UI
%Imprime Estoque Encerramento do Caixa,LavSoft,financeiro/fechamento,Financeiro,a validar,,a validar,a validar; preferir cancelamento logico,a validar,a validar,a validar por fluxo dinamico,Encerramento1,Nivel.DB/correlacao,confirmado por UI
3Controla Encerramento (Sabados/Domingos e Feriados),LavSoft,financeiro/fechamento,Nao classificado,a validar,,a validar,a validar; preferir cancelamento logico,a validar,a validar,a validar por fluxo dinamico,Encerramento1,Nivel.DB/correlacao,confirmado por UI
AMENTO GERADO PELO ENCERRAMENTO DE CAIXA DO LAVSOFT,LavSoft,financeiro/fechamento,Financeiro,a validar,,a validar,a validar; preferir cancelamento logico,a validar,a validar,a validar por fluxo dinamico,Encerramento1,Nivel.DB/correlacao,confirmado por UI
CANCELAMENTO DO ENCERRAMENTO DO CAIXA,LavSoft,cancelamento/exclusao,Financeiro,a validar,,a validar,a validar; preferir cancelamento logico,a validar,a validar,a validar por fluxo dinamico,Encerramento1,Nivel.DB/correlacao,confirmado por UI
Confirma o Encerramento Parcial do Caixa -,LavFacilLan,financeiro/fechamento,Financeiro,a validar,,a validar,a validar; preferir cancelamento logico,a validar,a validar,a validar por fluxo dinamico,EncerramentoParcial1,Nivel.DB/correlacao,confirmado por UI
Confirma o Encerramento Parcial do Caixa -,LavSoft,financeiro/fechamento,Financeiro,a validar,,a validar,a validar; preferir cancelamento logico,a validar,a validar,a validar por fluxo dinamico,EncerramentoParcial1,Nivel.DB/correlacao,confirmado por UI
Entrada Estoque,LavSoft,inclusao,Estoque,a validar,a validar,,a validar; preferir cancelamento logico,a validar,a validar,a validar por fluxo dinamico,EntradaEstoque1,Nivel.DB/correlacao,confirmado por UI
EntradaEstoque,LavSoft,inclusao,Estoque,a validar,a validar,,a validar; preferir cancelamento logico,a validar,a validar,a validar por fluxo dinamico,EntradaEstoque1,Nivel.DB/correlacao,confirmado por UI
EntradaEstoque1,LavSoft,inclusao,Estoque,a validar,a validar,,a validar; preferir cancelamento logico,a validar,a validar,a validar por fluxo dinamico,EntradaEstoque1,Nivel.DB/correlacao,confirmado por UI
EntradaEstoque1<,LavSoft,inclusao,Estoque,a validar,a validar,,a validar; preferir cancelamento logico,a validar,a validar,a validar por fluxo dinamico,EntradaEstoque1,Nivel.DB/correlacao,confirmado por UI
EntradaEstoque1Click,LavSoft,inclusao,Estoque,a validar,a validar,,a validar; preferir cancelamento logico,a validar,a validar,a validar por fluxo dinamico,EntradaEstoque1,Nivel.DB/correlacao,confirmado por UI
EntradaRol1,LavSoft,inclusao,Nao classificado,a validar,a validar,,a validar; preferir cancelamento logico,a validar,a validar,a validar por fluxo dinamico,EntradaRol1,Nivel.DB/correlacao,confirmado por UI
EntradaRol1Click,LavSoft,inclusao,Nao classificado,a validar,a validar,,a validar; preferir cancelamento logico,a validar,a validar,a validar por fluxo dinamico,EntradaRol1,Nivel.DB/correlacao,confirmado por UI
MenuEntradaRol1,LavSoft,inclusao,Nao classificado,a validar,a validar,,a validar; preferir cancelamento logico,a validar,a validar,a validar por fluxo dinamico,EntradaRol1,Nivel.DB/correlacao,confirmado por UI
MenuEntradaRol1|,LavSoft,inclusao,Nao classificado,a validar,a validar,,a validar; preferir cancelamento logico,a validar,a validar,a validar por fluxo dinamico,EntradaRol1,Nivel.DB/correlacao,confirmado por UI
MenuEntradaRol1Click,LavSoft,inclusao,Nao classificado,a validar,a validar,,a validar; preferir cancelamento logico,a validar,a validar,a validar por fluxo dinamico,EntradaRol1,Nivel.DB/correlacao,confirmado por UI
EntregaporPecas1,LavFacilLan,consulta/abre tela,Nao classificado,a validar,,,a validar; preferir cancelamento logico,a validar,a validar,a validar por fluxo dinamico,EntregaporPecas1,Nivel.DB/correlacao,confirmado por UI
EntregaporPecas1Click,LavFacilLan,consulta/abre tela,Nao classificado,a validar,,,a validar; preferir cancelamento logico,a validar,a validar,a validar por fluxo dinamico,EntregaporPecas1,Nivel.DB/correlacao,confirmado por UI
EntregaporPecas1,LavSoft,consulta/abre tela,Nao classificado,a validar,,,a validar; preferir cancelamento logico,a validar,a validar,a validar por fluxo dinamico,EntregaporPecas1,Nivel.DB/correlacao,confirmado por UI
EntregaporPecas1Click,LavSoft,consulta/abre tela,Nao classificado,a validar,,,a validar; preferir cancelamento logico,a validar,a validar,a validar por fluxo dinamico,EntregaporPecas1,Nivel.DB/correlacao,confirmado por UI
"EntregaporPecas1Click""",LavSoft,consulta/abre tela,Nao classificado,a validar,,,a validar; preferir cancelamento logico,a validar,a validar,a validar por fluxo dinamico,EntregaporPecas1,Nivel.DB/correlacao,confirmado por UI
EntregaRol,LavFacilLan,consulta/abre tela,Nao classificado,a validar,,,a validar; preferir cancelamento logico,a validar,a validar,a validar por fluxo dinamico,EntregaRol,Nivel.DB/correlacao,confirmado por UI
EntregaRolp,LavFacilLan,consulta/abre tela,Nao classificado,a validar,,,a validar; preferir cancelamento logico,a validar,a validar,a validar por fluxo dinamico,EntregaRol,Nivel.DB/correlacao,confirmado por UI
EntregaRol,LavSoft,consulta/abre tela,Nao classificado,a validar,,,a validar; preferir cancelamento logico,a validar,a validar,a validar por fluxo dinamico,EntregaRol,Nivel.DB/correlacao,confirmado por UI
EntregaRolTotal,LavSoft,consulta/abre tela,Nao classificado,a validar,,,a validar; preferir cancelamento logico,a validar,a validar,a validar por fluxo dinamico,EntregaRol,Nivel.DB/correlacao,confirmado por UI
Perg. Vend. Entrega Rol,LavSoft,consulta/abre tela,Nao classificado,a validar,,,a validar; preferir cancelamento logico,a validar,a validar,a validar por fluxo dinamico,EntregaRol,Nivel.DB/correlacao,confirmado por UI
EntregaVariosRol1,LavSoft,consulta/abre tela,Nao classificado,a validar,,,a validar; preferir cancelamento logico,a validar,a validar,a validar por fluxo dinamico,EntregaVariosRol1,Nivel.DB/correlacao,confirmado por UI
EntregaVariosRol18,LavSoft,consulta/abre tela,Nao classificado,a validar,,,a validar; preferir cancelamento logico,a validar,a validar,a validar por fluxo dinamico,EntregaVariosRol1,Nivel.DB/correlacao,confirmado por UI
EntregaVariosRol1Click,LavSoft,consulta/abre tela,Nao classificado,a validar,,,a validar; preferir cancelamento logico,a validar,a validar,a validar por fluxo dinamico,EntregaVariosRol1,Nivel.DB/correlacao,confirmado por UI
EntregaVariosRol2,LavSoft,consulta/abre tela,Nao classificado,a validar,,,a validar; preferir cancelamento logico,a validar,a validar,a validar por fluxo dinamico,EntregaVariosRol1,Nivel.DB/correlacao,confirmado por UI
EntregaVariosRol2Click,LavSoft,consulta/abre tela,Nao classificado,a validar,,,a validar; preferir cancelamento logico,a validar,a validar,a validar por fluxo dinamico,EntregaVariosRol1,Nivel.DB/correlacao,confirmado por UI
EntregaVariosRol1,LavSoft,consulta/abre tela,Nao classificado,a validar,,,a validar; preferir cancelamento logico,a validar,a validar,a validar por fluxo dinamico,EntregaVariosRol2,Nivel.DB/correlacao,confirmado por UI
EntregaVariosRol18,LavSoft,consulta/abre tela,Nao classificado,a validar,,,a validar; preferir cancelamento logico,a validar,a validar,a validar por fluxo dinamico,EntregaVariosRol2,Nivel.DB/correlacao,confirmado por UI
EntregaVariosRol1Click,LavSoft,consulta/abre tela,Nao classificado,a validar,,,a validar; preferir cancelamento logico,a validar,a validar,a validar por fluxo dinamico,EntregaVariosRol2,Nivel.DB/correlacao,confirmado por UI
EntregaVariosRol2,LavSoft,consulta/abre tela,Nao classificado,a validar,,,a validar; preferir cancelamento logico,a validar,a validar,a validar por fluxo dinamico,EntregaVariosRol2,Nivel.DB/correlacao,confirmado por UI
EntregaVariosRol2Click,LavSoft,consulta/abre tela,Nao classificado,a validar,,,a validar; preferir cancelamento logico,a validar,a validar,a validar por fluxo dinamico,EntregaVariosRol2,Nivel.DB/correlacao,confirmado por UI
-Envia e-mail automaticamente para os clientes,LavSoft,consulta/abre tela,Clientes,a validar,,,a validar; preferir cancelamento logico,a validar,a validar,a validar por fluxo dinamico,EnviaEmail1,Nivel.DB/correlacao,confirmado por UI
07-ENVIA EMAIL PROMOCIONAL,LavSoft,consulta/abre tela,Nao classificado,a validar,,,a validar; preferir cancelamento logico,a validar,a validar,a validar por fluxo dinamico,EnviaEmail1,Nivel.DB/correlacao,confirmado por UI
CB_EnviaEmailAuto,LavSoft,consulta/abre tela,Nao classificado,a validar,,,a validar; preferir cancelamento logico,a validar,a validar,a validar por fluxo dinamico,EnviaEmail1,Nivel.DB/correlacao,confirmado por UI
Envia Email Promocional,LavSoft,consulta/abre tela,Nao classificado,a validar,,,a validar; preferir cancelamento logico,a validar,a validar,a validar por fluxo dinamico,EnviaEmail1,Nivel.DB/correlacao,confirmado por UI
EnviaEmail,LavSoft,consulta/abre tela,Nao classificado,a validar,,,a validar; preferir cancelamento logico,a validar,a validar,a validar por fluxo dinamico,EnviaEmail1,Nivel.DB/correlacao,confirmado por UI
",|Quantidade de etiquetas impressas no Lancto",LavSoft,relatorio/impressao,Nao classificado,a validar,,,a validar; preferir cancelamento logico,a validar,a validar,a validar por fluxo dinamico,Etiquetas1,Nivel.DB/correlacao,confirmado por UI
ImpressodeEtiquetas1,LavSoft,relatorio/impressao,Nao classificado,a validar,,,a validar; preferir cancelamento logico,a validar,a validar,a validar por fluxo dinamico,Etiquetas1,Nivel.DB/correlacao,confirmado por UI
ImpressodeEtiquetas1Click,LavSoft,relatorio/impressao,Nao classificado,a validar,,,a validar; preferir cancelamento logico,a validar,a validar,a validar por fluxo dinamico,Etiquetas1,Nivel.DB/correlacao,confirmado por UI
nos produtos das etiquetas,LavSoft,consulta/abre tela,Nao classificado,a validar,,,a validar; preferir cancelamento logico,a validar,a validar,a validar por fluxo dinamico,Etiquetas1,Nivel.DB/correlacao,confirmado por UI
o controle de Etiquetas ...,LavSoft,consulta/abre tela,Nao classificado,a validar,,,a validar; preferir cancelamento logico,a validar,a validar,a validar por fluxo dinamico,Etiquetas1,Nivel.DB/correlacao,confirmado por UI
Extrato Cliente,LavFacilLan,consulta/abre tela,Clientes,a validar,,,a validar; preferir cancelamento logico,a validar,a validar,a validar por fluxo dinamico,ExtratoCliente1,Nivel.DB/correlacao,confirmado por UI
Extrato Cliente,LavSoft,consulta/abre tela,Clientes,a validar,,,a validar; preferir cancelamento logico,a validar,a validar,a validar por fluxo dinamico,ExtratoCliente1,Nivel.DB/correlacao,confirmado por UI
ExtratoCliente,LavSoft,consulta/abre tela,Nao classificado,a validar,,,a validar; preferir cancelamento logico,a validar,a validar,a validar por fluxo dinamico,ExtratoCliente1,Nivel.DB/correlacao,confirmado por UI
ExtratoCliente1,LavSoft,consulta/abre tela,Nao classificado,a validar,,,a validar; preferir cancelamento logico,a validar,a validar,a validar por fluxo dinamico,ExtratoCliente1,Nivel.DB/correlacao,confirmado por UI
ExtratoCliente1L,LavSoft,consulta/abre tela,Nao classificado,a validar,,,a validar; preferir cancelamento logico,a validar,a validar,a validar por fluxo dinamico,ExtratoCliente1,Nivel.DB/correlacao,confirmado por UI
-Tipo Desconto: Faturamento,LavSoft,consulta/abre tela,Nao classificado,a validar,,,a validar; preferir cancelamento logico,a validar,a validar,a validar por fluxo dinamico,Faturamento1,Nivel.DB/correlacao,confirmado por UI
:\Equipexe\Figuras\Log Faturamento\,LavSoft,consulta/abre tela,Ocorrencias/Auditoria,a validar,,,a validar; preferir cancelamento logico,a validar,a validar,a validar por fluxo dinamico,Faturamento1,Nivel.DB/correlacao,confirmado por UI
"""Resumo de Faturamento por Produto",LavSoft,consulta/abre tela,Nao classificado,a validar,,,a validar; preferir cancelamento logico,a validar,a validar,a validar por fluxo dinamico,Faturamento1,Nivel.DB/correlacao,confirmado por UI
[ FATURAMENTO ],LavSoft,consulta/abre tela,Nao classificado,a validar,,,a validar; preferir cancelamento logico,a validar,a validar,a validar por fluxo dinamico,Faturamento1,Nivel.DB/correlacao,confirmado por UI
#GeraFaturamentopCentrodeCusto1Click,LavSoft,consulta/abre tela,Nao classificado,a validar,,,a validar; preferir cancelamento logico,a validar,a validar,a validar por fluxo dinamico,Faturamento1,Nivel.DB/correlacao,confirmado por UI
Fechamento de Caixa,LavSoft,financeiro/fechamento,Financeiro,a validar,,a validar,a validar; preferir cancelamento logico,a validar,a validar,a validar por fluxo dinamico,FechamentodeCaixa1,Nivel.DB/correlacao,confirmado por UI
Fechamento de Caixa Dia/Dia,LavSoft,financeiro/fechamento,Financeiro,a validar,,a validar,a validar; preferir cancelamento logico,a validar,a validar,a validar por fluxo dinamico,FechamentodeCaixa1,Nivel.DB/correlacao,confirmado por UI
FechamentodeCaixa1,LavSoft,financeiro/fechamento,Financeiro,a validar,,a validar,a validar; preferir cancelamento logico,a validar,a validar,a validar por fluxo dinamico,FechamentodeCaixa1,Nivel.DB/correlacao,confirmado por UI
FechamentodeCaixa1Click,LavSoft,financeiro/fechamento,Financeiro,a validar,,a validar,a validar; preferir cancelamento logico,a validar,a validar,a validar por fluxo dinamico,FechamentodeCaixa1,Nivel.DB/correlacao,confirmado por UI
o no Fechamento de Caixa,LavSoft,financeiro/fechamento,Financeiro,a validar,,a validar,a validar; preferir cancelamento logico,a validar,a validar,a validar por fluxo dinamico,FechamentodeCaixa1,Nivel.DB/correlacao,confirmado por UI
"""Enc.Caixa Sabado/Domingos/Feriados",LavSoft,consulta/abre tela,Financeiro,a validar,,,a validar; preferir cancelamento logico,a validar,a validar,a validar por fluxo dinamico,Feriados1,Nivel.DB/correlacao,confirmado por UI
3Controla Encerramento (Sabados/Domingos e Feriados),LavSoft,financeiro/fechamento,Nao classificado,a validar,,a validar,a validar; preferir cancelamento logico,a validar,a validar,a validar por fluxo dinamico,Feriados1,Nivel.DB/correlacao,confirmado por UI
Cadastro de Feriados,LavSoft,inclusao,Nao classificado,a validar,a validar,,a validar; preferir cancelamento logico,a validar,a validar,a validar por fluxo dinamico,Feriados1,Nivel.DB/correlacao,confirmado por UI
Cadastro de Filiais/Matriz,LavSoft,inclusao,Nao classificado,a validar,a validar,,a validar; preferir cancelamento logico,a validar,a validar,a validar por fluxo dinamico,FiliaisMatriz1,Nivel.DB/correlacao,confirmado por UI
FILIAIS/MATRIZ,LavSoft,consulta/abre tela,Nao classificado,a validar,,,a validar; preferir cancelamento logico,a validar,a validar,a validar por fluxo dinamico,FiliaisMatriz1,Nivel.DB/correlacao,confirmado por UI
FiliaisMatriz1,LavSoft,consulta/abre tela,Nao classificado,a validar,,,a validar; preferir cancelamento logico,a validar,a validar,a validar por fluxo dinamico,FiliaisMatriz1,Nivel.DB/correlacao,confirmado por UI
FiliaisMatriz1Click,LavSoft,consulta/abre tela,Nao classificado,a validar,,,a validar; preferir cancelamento logico,a validar,a validar,a validar por fluxo dinamico,FiliaisMatriz1,Nivel.DB/correlacao,confirmado por UI
Cadastro de Filiais/Matriz,SAT,inclusao,Nao classificado,a validar,a validar,,a validar; preferir cancelamento logico,a validar,a validar,a validar por fluxo dinamico,FiliaisMatriz1,Nivel.DB/correlacao,confirmado por UI
*Filial/Matriz|Seleciona nova Filial/matriz,LavSoft,consulta/abre tela,Configuracao/Admin,a validar,,,a validar; preferir cancelamento logico,a validar,a validar,a validar por fluxo dinamico,Filialmatriz1,Nivel.DB/correlacao,confirmado por UI
digo da filial/matriz,LavSoft,consulta/abre tela,Configuracao/Admin,a validar,,,a validar; preferir cancelamento logico,a validar,a validar,a validar por fluxo dinamico,Filialmatriz1,Nivel.DB/correlacao,confirmado por UI
F8 - Filial/Matriz,LavSoft,consulta/abre tela,Configuracao/Admin,a validar,,,a validar; preferir cancelamento logico,a validar,a validar,a validar por fluxo dinamico,Filialmatriz1,Nivel.DB/correlacao,confirmado por UI
Filial/Matriz,LavSoft,consulta/abre tela,Configuracao/Admin,a validar,,,a validar; preferir cancelamento logico,a validar,a validar,a validar por fluxo dinamico,Filialmatriz1,Nivel.DB/correlacao,confirmado por UI
Filial/Matriz n,LavSoft,consulta/abre tela,Configuracao/Admin,a validar,,,a validar; preferir cancelamento logico,a validar,a validar,a validar por fluxo dinamico,Filialmatriz1,Nivel.DB/correlacao,confirmado por UI
!Bloqueia Troca Forma de Pagamento,LavSoft,financeiro/fechamento,Financeiro,a validar,,a validar,a validar; preferir cancelamento logico,a validar,a validar,a validar por fluxo dinamico,FormadePagamento1,Nivel.DB/correlacao,confirmado por UI
(|Selecione a forma de pagamento desejada,LavSoft,financeiro/fechamento,Financeiro,a validar,,a validar,a validar; preferir cancelamento logico,a validar,a validar,a validar por fluxo dinamico,FormadePagamento1,Nivel.DB/correlacao,confirmado por UI
1Bloqueia Forma de Pagamento para Digitador Minimo,LavSoft,financeiro/fechamento,Financeiro,a validar,,a validar,a validar; preferir cancelamento logico,a validar,a validar,a validar por fluxo dinamico,FormadePagamento1,Nivel.DB/correlacao,confirmado por UI
3Consulta|Consulta da forma de pagamento selecionada,LavSoft,financeiro/fechamento,Financeiro,a validar,,a validar,a validar; preferir cancelamento logico,a validar,a validar,a validar por fluxo dinamico,FormadePagamento1,Nivel.DB/correlacao,confirmado por UI
9Forma de Pagamento|Informe o c,LavSoft,financeiro/fechamento,Financeiro,a validar,,a validar,a validar; preferir cancelamento logico,a validar,a validar,a validar por fluxo dinamico,FormadePagamento1,Nivel.DB/correlacao,confirmado por UI
Cadastro de Grupo Entradas,LavSoft,inclusao,Nao classificado,a validar,a validar,,a validar; preferir cancelamento logico,a validar,a validar,a validar por fluxo dinamico,GrupoEntradas1,Nivel.DB/correlacao,confirmado por UI
Grupo Entradas,LavSoft,inclusao,Nao classificado,a validar,a validar,,a validar; preferir cancelamento logico,a validar,a validar,a validar por fluxo dinamico,GrupoEntradas1,Nivel.DB/correlacao,confirmado por UI
GrupoEntradas1,LavSoft,inclusao,Nao classificado,a validar,a validar,,a validar; preferir cancelamento logico,a validar,a validar,a validar por fluxo dinamico,GrupoEntradas1,Nivel.DB/correlacao,confirmado por UI
GrupoEntradas1\,LavSoft,inclusao,Nao classificado,a validar,a validar,,a validar; preferir cancelamento logico,a validar,a validar,a validar por fluxo dinamico,GrupoEntradas1,Nivel.DB/correlacao,confirmado por UI
GrupoEntradas1Click,LavSoft,inclusao,Nao classificado,a validar,a validar,,a validar; preferir cancelamento logico,a validar,a validar,a validar por fluxo dinamico,GrupoEntradas1,Nivel.DB/correlacao,confirmado por UI
FM_ImportacaoNuvem,LavFacilLan,consulta/abre tela,Nao classificado,a validar,,,a validar; preferir cancelamento logico,a validar,a validar,a validar por fluxo dinamico,Importacao1,Nivel.DB/correlacao,confirmado por UI
importacaonuvem,LavFacilLan,consulta/abre tela,Nao classificado,a validar,,,a validar; preferir cancelamento logico,a validar,a validar,a validar por fluxo dinamico,Importacao1,Nivel.DB/correlacao,confirmado por UI
ImportacaoNuvem_U,LavFacilLan,consulta/abre tela,Nao classificado,a validar,,,a validar; preferir cancelamento logico,a validar,a validar,a validar por fluxo dinamico,Importacao1,Nivel.DB/correlacao,confirmado por UI
TFM_ImportacaoNuvem,LavFacilLan,consulta/abre tela,Nao classificado,a validar,,,a validar; preferir cancelamento logico,a validar,a validar,a validar por fluxo dinamico,Importacao1,Nivel.DB/correlacao,confirmado por UI
Nota de Inclusao Gera nota,Estoque,consulta/abre tela,Nao classificado,a validar,,,a validar; preferir cancelamento logico,a validar,a validar,a validar por fluxo dinamico,Inclusao1,Nivel.DB/correlacao,confirmado por UI
Nota de Inclusao Gera Pedido - Compra,Estoque,consulta/abre tela,Nao classificado,a validar,,,a validar; preferir cancelamento logico,a validar,a validar,a validar por fluxo dinamico,Inclusao1,Nivel.DB/correlacao,confirmado por UI
Informa Rol no Estoque,LavFacilLan,consulta/abre tela,Estoque,a validar,,,a validar; preferir cancelamento logico,a validar,a validar,a validar por fluxo dinamico,InformaRolnoEstoque1,Nivel.DB/correlacao,confirmado por UI
Informa Rol no Estoque,LavSoft,consulta/abre tela,Estoque,a validar,,,a validar; preferir cancelamento logico,a validar,a validar,a validar por fluxo dinamico,InformaRolnoEstoque1,Nivel.DB/correlacao,confirmado por UI
InformaRolnoEstoque1,LavSoft,consulta/abre tela,Estoque,a validar,,,a validar; preferir cancelamento logico,a validar,a validar,a validar por fluxo dinamico,InformaRolnoEstoque1,Nivel.DB/correlacao,confirmado por UI
InformaRolnoEstoque1Click,LavSoft,consulta/abre tela,Estoque,a validar,,,a validar; preferir cancelamento logico,a validar,a validar,a validar por fluxo dinamico,InformaRolnoEstoque1,Nivel.DB/correlacao,confirmado por UI
InformaRolnoEstoque1Click%,LavSoft,consulta/abre tela,Estoque,a validar,,,a validar; preferir cancelamento logico,a validar,a validar,a validar por fluxo dinamico,InformaRolnoEstoque1,Nivel.DB/correlacao,confirmado por UI
LanamentosdeProdutos1,LavFacilLan,consulta/abre tela,Nao classificado,a validar,,,a validar; preferir cancelamento logico,a validar,a validar,a validar por fluxo dinamico,Lanamentos1,Nivel.DB/correlacao,confirmado por UI
LanamentosdeProdutos1`,LavFacilLan,consulta/abre tela,Nao classificado,a validar,,,a validar; preferir cancelamento logico,a validar,a validar,a validar por fluxo dinamico,Lanamentos1,Nivel.DB/correlacao,confirmado por UI
LanamentosdeProdutos1Click,LavFacilLan,consulta/abre tela,Nao classificado,a validar,,,a validar; preferir cancelamento logico,a validar,a validar,a validar por fluxo dinamico,Lanamentos1,Nivel.DB/correlacao,confirmado por UI
LanamentosdeProdutos1,LavSoft,consulta/abre tela,Nao classificado,a validar,,,a validar; preferir cancelamento logico,a validar,a validar,a validar por fluxo dinamico,Lanamentos1,Nivel.DB/correlacao,confirmado por UI
LanamentosdeProdutos1Click,LavSoft,consulta/abre tela,Nao classificado,a validar,,,a validar; preferir cancelamento logico,a validar,a validar,a validar por fluxo dinamico,Lanamentos1,Nivel.DB/correlacao,confirmado por UI
LancamentoRol1,LavSoft,consulta/abre tela,Nao classificado,a validar,,,a validar; preferir cancelamento logico,a validar,a validar,a validar por fluxo dinamico,LancamentoRol1,Nivel.DB/correlacao,confirmado por UI
LancamentoRol1Click,LavSoft,consulta/abre tela,Nao classificado,a validar,,,a validar; preferir cancelamento logico,a validar,a validar,a validar por fluxo dinamico,LancamentoRol1,Nivel.DB/correlacao,confirmado por UI
MenuLancamentoRol1,LavSoft,consulta/abre tela,Nao classificado,a validar,,,a validar; preferir cancelamento logico,a validar,a validar,a validar por fluxo dinamico,LancamentoRol1,Nivel.DB/correlacao,confirmado por UI
MenuLancamentoRol1Click,LavSoft,consulta/abre tela,Nao classificado,a validar,,,a validar; preferir cancelamento logico,a validar,a validar,a validar por fluxo dinamico,LancamentoRol1,Nivel.DB/correlacao,confirmado por UI
Listagem de Entrega,LavSoft,consulta/abre tela,Nao classificado,a validar,,,a validar; preferir cancelamento logico,a validar,a validar,a validar por fluxo dinamico,Listagem1,Nivel.DB/correlacao,confirmado por UI
Listagem de Entrega (Sint,LavSoft,consulta/abre tela,Nao classificado,a validar,,,a validar; preferir cancelamento logico,a validar,a validar,a validar por fluxo dinamico,Listagem1,Nivel.DB/correlacao,confirmado por UI
LISTAGEM DE ROL,LavSoft,consulta/abre tela,Nao classificado,a validar,,,a validar; preferir cancelamento logico,a validar,a validar,a validar por fluxo dinamico,Listagem1,Nivel.DB/correlacao,confirmado por UI
Listagem de Terceiriza,LavSoft,consulta/abre tela,Nao classificado,a validar,,,a validar; preferir cancelamento logico,a validar,a validar,a validar por fluxo dinamico,Listagem1,Nivel.DB/correlacao,confirmado por UI
Listagem|Listagem do Cadastro,LavSoft,inclusao,Nao classificado,a validar,a validar,,a validar; preferir cancelamento logico,a validar,a validar,a validar por fluxo dinamico,Listagem1,Nivel.DB/correlacao,confirmado por UI
PedeLocalizacao,LavFacilLan,consulta/abre tela,Nao classificado,a validar,,,a validar; preferir cancelamento logico,a validar,a validar,a validar por fluxo dinamico,Localizacao1,Nivel.DB/correlacao,confirmado por UI
PedeLocalizacao1,LavFacilLan,consulta/abre tela,Nao classificado,a validar,,,a validar; preferir cancelamento logico,a validar,a validar,a validar por fluxo dinamico,Localizacao1,Nivel.DB/correlacao,confirmado por UI
Localizacao1,LavSoft,consulta/abre tela,Nao classificado,a validar,,,a validar; preferir cancelamento logico,a validar,a validar,a validar por fluxo dinamico,Localizacao1,Nivel.DB/correlacao,confirmado por UI
Localizacao1Click,LavSoft,consulta/abre tela,Nao classificado,a validar,,,a validar; preferir cancelamento logico,a validar,a validar,a validar por fluxo dinamico,Localizacao1,Nivel.DB/correlacao,confirmado por UI
MenudeLocalizacao,LavSoft,consulta/abre tela,Nao classificado,a validar,,,a validar; preferir cancelamento logico,a validar,a validar,a validar por fluxo dinamico,Localizacao1,Nivel.DB/correlacao,confirmado por UI
MarcaEntrega,LavFacilLan,consulta/abre tela,Produtos/Servicos,a validar,,,a validar; preferir cancelamento logico,a validar,a validar,a validar por fluxo dinamico,MarcaEntrega,Nivel.DB/correlacao,confirmado por UI
MarcaEntregaClick,LavFacilLan,consulta/abre tela,Produtos/Servicos,a validar,,,a validar; preferir cancelamento logico,a validar,a validar,a validar por fluxo dinamico,MarcaEntrega,Nivel.DB/correlacao,confirmado por UI
F7 - Marca/Desmarca Entrega,LavSoft,consulta/abre tela,Produtos/Servicos,a validar,,,a validar; preferir cancelamento logico,a validar,a validar,a validar por fluxo dinamico,MarcaEntrega,Nivel.DB/correlacao,confirmado por UI
MarcaEntrega,LavSoft,consulta/abre tela,Produtos/Servicos,a validar,,,a validar; preferir cancelamento logico,a validar,a validar,a validar por fluxo dinamico,MarcaEntrega,Nivel.DB/correlacao,confirmado por UI
MarcaEntregaClick,LavSoft,consulta/abre tela,Produtos/Servicos,a validar,,,a validar; preferir cancelamento logico,a validar,a validar,a validar por fluxo dinamico,MarcaEntrega,Nivel.DB/correlacao,confirmado por UI
:\Equipexe\Sincroniza\Envio\Marcas.xml,LavFacilLan,consulta/abre tela,Produtos/Servicos,a validar,,,a validar; preferir cancelamento logico,a validar,a validar,a validar por fluxo dinamico,Marcas1,Nivel.DB/correlacao,confirmado por UI
MarcaServico,LavFacilLan,consulta/abre tela,Produtos/Servicos,a validar,,,a validar; preferir cancelamento logico,a validar,a validar,a validar por fluxo dinamico,Marcas1,Nivel.DB/correlacao,confirmado por UI
Cadastro de Marcas,LavSoft,inclusao,Produtos/Servicos,a validar,a validar,,a validar; preferir cancelamento logico,a validar,a validar,a validar por fluxo dinamico,Marcas1,Nivel.DB/correlacao,confirmado por UI
Cadastro de Marcas dos Grupos de Produtos...,LavSoft,inclusao,Produtos/Servicos,a validar,a validar,,a validar; preferir cancelamento logico,a validar,a validar,a validar por fluxo dinamico,Marcas1,Nivel.DB/correlacao,confirmado por UI
TerMarcaServicoAut,LavSoft,consulta/abre tela,Produtos/Servicos,a validar,,,a validar; preferir cancelamento logico,a validar,a validar,a validar por fluxo dinamico,Marcas1,Nivel.DB/correlacao,confirmado por UI
MenuEntradaRol1,LavSoft,inclusao,Nao classificado,a validar,a validar,,a validar; preferir cancelamento logico,a validar,a validar,a validar por fluxo dinamico,MenuEntradaRol1,Nivel.DB/correlacao,confirmado por UI
MenuEntradaRol1|,LavSoft,inclusao,Nao classificado,a validar,a validar,,a validar; preferir cancelamento logico,a validar,a validar,a validar por fluxo dinamico,MenuEntradaRol1,Nivel.DB/correlacao,confirmado por UI
MenuEntradaRol1Click,LavSoft,inclusao,Nao classificado,a validar,a validar,,a validar; preferir cancelamento logico,a validar,a validar,a validar por fluxo dinamico,MenuEntradaRol1,Nivel.DB/correlacao,confirmado por UI
MenuLancamentoRol1,LavSoft,consulta/abre tela,Nao classificado,a validar,,,a validar; preferir cancelamento logico,a validar,a validar,a validar por fluxo dinamico,MenuLancamentoRol1,Nivel.DB/correlacao,confirmado por UI
MenuLancamentoRol1Click,LavSoft,consulta/abre tela,Nao classificado,a validar,,,a validar; preferir cancelamento logico,a validar,a validar,a validar por fluxo dinamico,MenuLancamentoRol1,Nivel.DB/correlacao,confirmado por UI
MovGrupoClientes1,LavSoft,consulta/abre tela,Nao classificado,a validar,,,a validar; preferir cancelamento logico,a validar,a validar,a validar por fluxo dinamico,MovGrupoClientes1,Nivel.DB/correlacao,confirmado por UI
MovGrupoClientes1Click,LavSoft,consulta/abre tela,Nao classificado,a validar,,,a validar; preferir cancelamento logico,a validar,a validar,a validar por fluxo dinamico,MovGrupoClientes1,Nivel.DB/correlacao,confirmado por UI
MovGrupoClientes1p,LavSoft,consulta/abre tela,Nao classificado,a validar,,,a validar; preferir cancelamento logico,a validar,a validar,a validar por fluxo dinamico,MovGrupoClientes1,Nivel.DB/correlacao,confirmado por UI
MovimentoAnalitico1,LavSoft,consulta/abre tela,Nao classificado,a validar,,,a validar; preferir cancelamento logico,a validar,a validar,a validar por fluxo dinamico,MovimentoAnalitico1,Nivel.DB/correlacao,confirmado por UI
MovimentoAnalitico1Click,LavSoft,consulta/abre tela,Nao classificado,a validar,,,a validar; preferir cancelamento logico,a validar,a validar,a validar por fluxo dinamico,MovimentoAnalitico1,Nivel.DB/correlacao,confirmado por UI
MovimentoAnaliticoEntrada1,LavSoft,inclusao,Nao classificado,a validar,a validar,,a validar; preferir cancelamento logico,a validar,a validar,a validar por fluxo dinamico,MovimentoAnalitico1,Nivel.DB/correlacao,confirmado por UI
MovimentoAnaliticoEntrada1Click,LavSoft,inclusao,Nao classificado,a validar,a validar,,a validar; preferir cancelamento logico,a validar,a validar,a validar por fluxo dinamico,MovimentoAnalitico1,Nivel.DB/correlacao,confirmado por UI
MovimentoAnaliticoEntrada1Click%,LavSoft,inclusao,Nao classificado,a validar,a validar,,a validar; preferir cancelamento logico,a validar,a validar,a validar por fluxo dinamico,MovimentoAnalitico1,Nivel.DB/correlacao,confirmado por UI
MovimentoAnaliticoEntrada1,LavSoft,inclusao,Nao classificado,a validar,a validar,,a validar; preferir cancelamento logico,a validar,a validar,a validar por fluxo dinamico,MovimentoAnaliticoEntrada1,Nivel.DB/correlacao,confirmado por UI
MovimentoAnaliticoEntrada1Click,LavSoft,inclusao,Nao classificado,a validar,a validar,,a validar; preferir cancelamento logico,a validar,a validar,a validar por fluxo dinamico,MovimentoAnaliticoEntrada1,Nivel.DB/correlacao,confirmado por UI
MovimentoAnaliticoEntrada1Click%,LavSoft,inclusao,Nao classificado,a validar,a validar,,a validar; preferir cancelamento logico,a validar,a validar,a validar por fluxo dinamico,MovimentoAnaliticoEntrada1,Nivel.DB/correlacao,confirmado por UI
MovimentoEntradaSaidaSinttico1,LavSoft,inclusao,Nao classificado,a validar,a validar,,a validar; preferir cancelamento logico,a validar,a validar,a validar por fluxo dinamico,MovimentoEntradaSaidaSinttico1,Nivel.DB/correlacao,confirmado por UI
Movimento por Dia de Semana,LavFacilLan,consulta/abre tela,Nao classificado,a validar,,,a validar; preferir cancelamento logico,a validar,a validar,a validar por fluxo dinamico,MovimentoporDiadeSemana1,Nivel.DB/correlacao,confirmado por UI
Movimento por Dia de Semana,LavSoft,consulta/abre tela,Nao classificado,a validar,,,a validar; preferir cancelamento logico,a validar,a validar,a validar por fluxo dinamico,MovimentoporDiadeSemana1,Nivel.DB/correlacao,confirmado por UI
MovimentoporDiadeSemana1,LavSoft,consulta/abre tela,Nao classificado,a validar,,,a validar; preferir cancelamento logico,a validar,a validar,a validar por fluxo dinamico,MovimentoporDiadeSemana1,Nivel.DB/correlacao,confirmado por UI
MovimentoporDiadeSemana1$,LavSoft,consulta/abre tela,Nao classificado,a validar,,,a validar; preferir cancelamento logico,a validar,a validar,a validar por fluxo dinamico,MovimentoporDiadeSemana1,Nivel.DB/correlacao,confirmado por UI
MovimentoporDiadeSemana1Click,LavSoft,consulta/abre tela,Nao classificado,a validar,,,a validar; preferir cancelamento logico,a validar,a validar,a validar por fluxo dinamico,MovimentoporDiadeSemana1,Nivel.DB/correlacao,confirmado por UI
$MovimentoPorServicosExecutados1Click,LavSoft,consulta/abre tela,Produtos/Servicos,a validar,,,a validar; preferir cancelamento logico,a validar,a validar,a validar por fluxo dinamico,MovimentoPorServicosExecutados1,Nivel.DB/correlacao,confirmado por UI
MovimentoPorServicosExecutados1,LavSoft,consulta/abre tela,Produtos/Servicos,a validar,,,a validar; preferir cancelamento logico,a validar,a validar,a validar por fluxo dinamico,MovimentoPorServicosExecutados1,Nivel.DB/correlacao,confirmado por UI
"""MovimentoPorServicoSintetico1Click",LavSoft,consulta/abre tela,Produtos/Servicos,a validar,,,a validar; preferir cancelamento logico,a validar,a validar,a validar por fluxo dinamico,MovimentoPorServicoSintetico1,Nivel.DB/correlacao,confirmado por UI
MovimentoPorServicoSintetico1,LavSoft,consulta/abre tela,Produtos/Servicos,a validar,,,a validar; preferir cancelamento logico,a validar,a validar,a validar por fluxo dinamico,MovimentoPorServicoSintetico1,Nivel.DB/correlacao,confirmado por UI
MovimentoPorServicosPeso1,LavSoft,consulta/abre tela,Produtos/Servicos,a validar,,,a validar; preferir cancelamento logico,a validar,a validar,a validar por fluxo dinamico,MovimentoPorServicosPeso1,Nivel.DB/correlacao,confirmado por UI
MovimentoPorServicosPeso1<,LavSoft,consulta/abre tela,Produtos/Servicos,a validar,,,a validar; preferir cancelamento logico,a validar,a validar,a validar por fluxo dinamico,MovimentoPorServicosPeso1,Nivel.DB/correlacao,confirmado por UI
MovimentoPorServicosPeso1Click,LavSoft,consulta/abre tela,Produtos/Servicos,a validar,,,a validar; preferir cancelamento logico,a validar,a validar,a validar por fluxo dinamico,MovimentoPorServicosPeso1,Nivel.DB/correlacao,confirmado por UI
Movimento Produto Mensal,LavSoft,consulta/abre tela,Nao classificado,a validar,,,a validar; preferir cancelamento logico,a validar,a validar,a validar por fluxo dinamico,MovimentoProduto1,Nivel.DB/correlacao,confirmado por UI
MovimentoProduto1,LavSoft,consulta/abre tela,Nao classificado,a validar,,,a validar; preferir cancelamento logico,a validar,a validar,a validar por fluxo dinamico,MovimentoProduto1,Nivel.DB/correlacao,confirmado por UI
MovimentoProduto1Click,LavSoft,consulta/abre tela,Nao classificado,a validar,,,a validar; preferir cancelamento logico,a validar,a validar,a validar por fluxo dinamico,MovimentoProduto1,Nivel.DB/correlacao,confirmado por UI
MovimentoProdutoMensal1,LavSoft,consulta/abre tela,Nao classificado,a validar,,,a validar; preferir cancelamento logico,a validar,a validar,a validar por fluxo dinamico,MovimentoProduto1,Nivel.DB/correlacao,confirmado por UI
MovimentoProdutoMensal1Click,LavSoft,consulta/abre tela,Nao classificado,a validar,,,a validar; preferir cancelamento logico,a validar,a validar,a validar por fluxo dinamico,MovimentoProduto1,Nivel.DB/correlacao,confirmado por UI
Movimento Produto Mensal,LavSoft,consulta/abre tela,Nao classificado,a validar,,,a validar; preferir cancelamento logico,a validar,a validar,a validar por fluxo dinamico,MovimentoProdutoMensal1,Nivel.DB/correlacao,confirmado por UI
MovimentoProdutoMensal1,LavSoft,consulta/abre tela,Nao classificado,a validar,,,a validar; preferir cancelamento logico,a validar,a validar,a validar por fluxo dinamico,MovimentoProdutoMensal1,Nivel.DB/correlacao,confirmado por UI
MovimentoProdutoMensal1Click,LavSoft,consulta/abre tela,Nao classificado,a validar,,,a validar; preferir cancelamento logico,a validar,a validar,a validar por fluxo dinamico,MovimentoProdutoMensal1,Nivel.DB/correlacao,confirmado por UI
"MovimentoProdutoMensal1Click""",LavSoft,consulta/abre tela,Nao classificado,a validar,,,a validar; preferir cancelamento logico,a validar,a validar,a validar por fluxo dinamico,MovimentoProdutoMensal1,Nivel.DB/correlacao,confirmado por UI
!MovimentoResumidoNotaFiscal1Click,LavSoft,consulta/abre tela,Notas/Fiscal,a validar,,,a validar; preferir cancelamento logico,a validar,a validar,a validar por fluxo dinamico,MovimentoResumidoNotaFiscal1,Nivel.DB/correlacao,confirmado por UI
MovimentoResumidoNotaFiscal1,LavSoft,consulta/abre tela,Notas/Fiscal,a validar,,,a validar; preferir cancelamento logico,a validar,a validar,a validar por fluxo dinamico,MovimentoResumidoNotaFiscal1,Nivel.DB/correlacao,confirmado por UI
MovimentoServicoMensal1,LavSoft,consulta/abre tela,Produtos/Servicos,a validar,,,a validar; preferir cancelamento logico,a validar,a validar,a validar por fluxo dinamico,MovimentoServicoMensal1,Nivel.DB/correlacao,confirmado por UI
MovimentoServicoMensal1Click,LavSoft,consulta/abre tela,Produtos/Servicos,a validar,,,a validar; preferir cancelamento logico,a validar,a validar,a validar por fluxo dinamico,MovimentoServicoMensal1,Nivel.DB/correlacao,confirmado por UI
MovimentoSintetico1,LavSoft,consulta/abre tela,Nao classificado,a validar,,,a validar; preferir cancelamento logico,a validar,a validar,a validar por fluxo dinamico,MovimentoSintetico1,Nivel.DB/correlacao,confirmado por UI
MovimentoSintetico1Click,LavSoft,consulta/abre tela,Nao classificado,a validar,,,a validar; preferir cancelamento logico,a validar,a validar,a validar por fluxo dinamico,MovimentoSintetico1,Nivel.DB/correlacao,confirmado por UI
MovimentoSintticoEntrada1,LavSoft,inclusao,Nao classificado,a validar,a validar,,a validar; preferir cancelamento logico,a validar,a validar,a validar por fluxo dinamico,MovimentoSintticoEntrada1,Nivel.DB/correlacao,confirmado por UI
MovimentoSintticoEntrada1Click,LavSoft,inclusao,Nao classificado,a validar,a validar,,a validar; preferir cancelamento logico,a validar,a validar,a validar por fluxo dinamico,MovimentoSintticoEntrada1,Nivel.DB/correlacao,confirmado por UI
-Fixada ( Nota Fiscal ),LavSoft,consulta/abre tela,Notas/Fiscal,a validar,,,a validar; preferir cancelamento logico,a validar,a validar,a validar por fluxo dinamico,NotaFiscal1,Nivel.DB/correlacao,confirmado por UI
-Nota Fiscal: Com Notas,LavSoft,consulta/abre tela,Notas/Fiscal,a validar,,,a validar; preferir cancelamento logico,a validar,a validar,a validar por fluxo dinamico,NotaFiscal1,Nivel.DB/correlacao,confirmado por UI
-Nota Fiscal: Sem Notas,LavSoft,consulta/abre tela,Notas/Fiscal,a validar,,,a validar; preferir cancelamento logico,a validar,a validar,a validar por fluxo dinamico,NotaFiscal1,Nivel.DB/correlacao,confirmado por UI
!MovimentoResumidoNotaFiscal1Click,LavSoft,consulta/abre tela,Notas/Fiscal,a validar,,,a validar; preferir cancelamento logico,a validar,a validar,a validar por fluxo dinamico,NotaFiscal1,Nivel.DB/correlacao,confirmado por UI
(NFE - Nota fiscal eletr,LavSoft,consulta/abre tela,Notas/Fiscal,a validar,,,a validar; preferir cancelamento logico,a validar,a validar,a validar por fluxo dinamico,NotaFiscal1,Nivel.DB/correlacao,confirmado por UI
- Pagamento,LavSoft,financeiro/fechamento,Financeiro,a validar,,a validar,a validar; preferir cancelamento logico,a validar,a validar,a validar por fluxo dinamico,Pagamento,Nivel.DB/correlacao,confirmado por UI
- Pagamento de:,LavSoft,financeiro/fechamento,Financeiro,a validar,,a validar,a validar; preferir cancelamento logico,a validar,a validar,a validar por fluxo dinamico,Pagamento,Nivel.DB/correlacao,confirmado por UI
"- use o Cancelamento do Pagamento, Tecle Enter para Continuar",LavSoft,cancelamento/exclusao,Financeiro,a validar,,a validar,a validar; preferir cancelamento logico,a validar,a validar,a validar por fluxo dinamico,Pagamento,Nivel.DB/correlacao,confirmado por UI
-Agrup.: Pagamento,LavSoft,financeiro/fechamento,Financeiro,a validar,,a validar,a validar; preferir cancelamento logico,a validar,a validar,a validar por fluxo dinamico,Pagamento,Nivel.DB/correlacao,confirmado por UI
",Exibe detalhes do Processamento (Pagamento)",LavSoft,financeiro/fechamento,Financeiro,a validar,,a validar,a validar; preferir cancelamento logico,a validar,a validar,a validar por fluxo dinamico,Pagamento,Nivel.DB/correlacao,confirmado por UI
PagamentodeVariosRols1,LavFacilLan,financeiro/fechamento,Financeiro,a validar,,a validar,a validar; preferir cancelamento logico,a validar,a validar,a validar por fluxo dinamico,PagamentodeVariosRols1,Nivel.DB/correlacao,confirmado por UI
PagamentodeVariosRols1Click,LavFacilLan,financeiro/fechamento,Financeiro,a validar,,a validar,a validar; preferir cancelamento logico,a validar,a validar,a validar por fluxo dinamico,PagamentodeVariosRols1,Nivel.DB/correlacao,confirmado por UI
Pagamento de Varios Rols,LavSoft,financeiro/fechamento,Financeiro,a validar,,a validar,a validar; preferir cancelamento logico,a validar,a validar,a validar por fluxo dinamico,PagamentodeVariosRols1,Nivel.DB/correlacao,confirmado por UI
PagamentodeVariosRols1,LavSoft,financeiro/fechamento,Financeiro,a validar,,a validar,a validar; preferir cancelamento logico,a validar,a validar,a validar por fluxo dinamico,PagamentodeVariosRols1,Nivel.DB/correlacao,confirmado por UI
PagamentodeVariosRols1Click,LavSoft,financeiro/fechamento,Financeiro,a validar,,a validar,a validar; preferir cancelamento logico,a validar,a validar,a validar por fluxo dinamico,PagamentodeVariosRols1,Nivel.DB/correlacao,confirmado por UI
PagamentoRol1,LavSoft,financeiro/fechamento,Financeiro,a validar,,a validar,a validar; preferir cancelamento logico,a validar,a validar,a validar por fluxo dinamico,PagamentoRol1,Nivel.DB/correlacao,confirmado por UI
PagamentoRol1Click,LavSoft,financeiro/fechamento,Financeiro,a validar,,a validar,a validar; preferir cancelamento logico,a validar,a validar,a validar por fluxo dinamico,PagamentoRol1,Nivel.DB/correlacao,confirmado por UI
:\EquipExe\Exe\Parametros.Exe,LavSoft,consulta/abre tela,Configuracao/Admin,a validar,,,a validar; preferir cancelamento logico,a validar,a validar,a validar por fluxo dinamico,Parametros1,Nivel.DB/correlacao,confirmado por UI
!DescriodaFilialnoRodapParametros1,LavSoft,consulta/abre tela,Configuracao/Admin,a validar,,,a validar; preferir cancelamento logico,a validar,a validar,a validar por fluxo dinamico,Parametros1,Nivel.DB/correlacao,confirmado por UI
Carrega parametros,LavSoft,consulta/abre tela,Configuracao/Admin,a validar,,,a validar; preferir cancelamento logico,a validar,a validar,a validar por fluxo dinamico,Parametros1,Nivel.DB/correlacao,confirmado por UI
DescriodaFilialnoRodapParametros1,LavSoft,consulta/abre tela,Configuracao/Admin,a validar,,,a validar; preferir cancelamento logico,a validar,a validar,a validar por fluxo dinamico,Parametros1,Nivel.DB/correlacao,confirmado por UI
DescriodaFilialnoRodapParametros1Click,LavSoft,consulta/abre tela,Configuracao/Admin,a validar,,,a validar; preferir cancelamento logico,a validar,a validar,a validar por fluxo dinamico,Parametros1,Nivel.DB/correlacao,confirmado por UI
!RelatriodePassadoriaProduto1Click,LavSoft,relatorio/impressao,Nao classificado,a validar,,,a validar; preferir cancelamento logico,a validar,a validar,a validar por fluxo dinamico,Passadoria1,Nivel.DB/correlacao,confirmado por UI
*RelatrioPassadoriaLavanderiaResumido1Click,LavSoft,relatorio/impressao,Nao classificado,a validar,,,a validar; preferir cancelamento logico,a validar,a validar,a validar por fluxo dinamico,Passadoria1,Nivel.DB/correlacao,confirmado por UI
#Apenas pontos de passadoria zerado.,LavSoft,consulta/abre tela,Nao classificado,a validar,,,a validar; preferir cancelamento logico,a validar,a validar,a validar por fluxo dinamico,Passadoria1,Nivel.DB/correlacao,confirmado por UI
%RelatrioPassadoriaLavanderiaResumido1D,LavSoft,relatorio/impressao,Nao classificado,a validar,,,a validar; preferir cancelamento logico,a validar,a validar,a validar por fluxo dinamico,Passadoria1,Nivel.DB/correlacao,confirmado por UI
C:\Equipexe\Grids\PASSADORIA,LavSoft,consulta/abre tela,Nao classificado,a validar,,,a validar; preferir cancelamento logico,a validar,a validar,a validar por fluxo dinamico,Passadoria1,Nivel.DB/correlacao,confirmado por UI
PrevisoEntrega1,LavSoft,consulta/abre tela,Nao classificado,a validar,,,a validar; preferir cancelamento logico,a validar,a validar,a validar por fluxo dinamico,PrevisoEntrega1,Nivel.DB/correlacao,confirmado por UI
PrevisoEntrega1Click,LavSoft,consulta/abre tela,Nao classificado,a validar,,,a validar; preferir cancelamento logico,a validar,a validar,a validar por fluxo dinamico,PrevisoEntrega1,Nivel.DB/correlacao,confirmado por UI
ReciboCaixa1,LavFacilLan,consulta/abre tela,Financeiro,a validar,,,a validar; preferir cancelamento logico,a validar,a validar,a validar por fluxo dinamico,ReciboCaixa1,Nivel.DB/correlacao,confirmado por UI
ReciboCaixa1Click,LavFacilLan,consulta/abre tela,Financeiro,a validar,,,a validar; preferir cancelamento logico,a validar,a validar,a validar por fluxo dinamico,ReciboCaixa1,Nivel.DB/correlacao,confirmado por UI
ReciboCaixa1,LavSoft,consulta/abre tela,Financeiro,a validar,,,a validar; preferir cancelamento logico,a validar,a validar,a validar por fluxo dinamico,ReciboCaixa1,Nivel.DB/correlacao,confirmado por UI
ReciboCaixa1Click,LavSoft,consulta/abre tela,Financeiro,a validar,,,a validar; preferir cancelamento logico,a validar,a validar,a validar por fluxo dinamico,ReciboCaixa1,Nivel.DB/correlacao,confirmado por UI
ReemissodoRol1,LavFacilLan,consulta/abre tela,Nao classificado,a validar,,,a validar; preferir cancelamento logico,a validar,a validar,a validar por fluxo dinamico,Reemisso2,Nivel.DB/correlacao,confirmado por UI
ReemissodoRol1Click,LavFacilLan,consulta/abre tela,Nao classificado,a validar,,,a validar; preferir cancelamento logico,a validar,a validar,a validar por fluxo dinamico,Reemisso2,Nivel.DB/correlacao,confirmado por UI
ReemissodoRol1,LavSoft,consulta/abre tela,Nao classificado,a validar,,,a validar; preferir cancelamento logico,a validar,a validar,a validar por fluxo dinamico,Reemisso2,Nivel.DB/correlacao,confirmado por UI
ReemissodoRol1Click,LavSoft,consulta/abre tela,Nao classificado,a validar,,,a validar; preferir cancelamento logico,a validar,a validar,a validar por fluxo dinamico,Reemisso2,Nivel.DB/correlacao,confirmado por UI
RelatConfRol1,LavSoft,relatorio/impressao,Nao classificado,a validar,,,a validar; preferir cancelamento logico,a validar,a validar,a validar por fluxo dinamico,RelatConfRol1,Nivel.DB/correlacao,confirmado por UI
RelatConfRol18,LavSoft,relatorio/impressao,Nao classificado,a validar,,,a validar; preferir cancelamento logico,a validar,a validar,a validar por fluxo dinamico,RelatConfRol1,Nivel.DB/correlacao,confirmado por UI
RelatConfRol1Click,LavSoft,relatorio/impressao,Nao classificado,a validar,,,a validar; preferir cancelamento logico,a validar,a validar,a validar por fluxo dinamico,RelatConfRol1,Nivel.DB/correlacao,confirmado por UI
RelatorioparaEntrega1,LavSoft,relatorio/impressao,Nao classificado,a validar,,,a validar; preferir cancelamento logico,a validar,a validar,a validar por fluxo dinamico,RelatorioparaEntrega1,Nivel.DB/correlacao,confirmado por UI
RelatorioparaEntrega1Click,LavSoft,relatorio/impressao,Nao classificado,a validar,,,a validar; preferir cancelamento logico,a validar,a validar,a validar por fluxo dinamico,RelatorioparaEntrega1,Nivel.DB/correlacao,confirmado por UI
RelatorioparaEntrega1l,LavSoft,relatorio/impressao,Nao classificado,a validar,,,a validar; preferir cancelamento logico,a validar,a validar,a validar por fluxo dinamico,RelatorioparaEntrega1,Nivel.DB/correlacao,confirmado por UI
RelControlePontos1,LavSoft,consulta/abre tela,Nao classificado,a validar,,,a validar; preferir cancelamento logico,a validar,a validar,a validar por fluxo dinamico,RelControlePontos1,Nivel.DB/correlacao,confirmado por UI
RelControlePontos1Click,LavSoft,consulta/abre tela,Nao classificado,a validar,,,a validar; preferir cancelamento logico,a validar,a validar,a validar por fluxo dinamico,RelControlePontos1,Nivel.DB/correlacao,confirmado por UI
RelEstoquenoCli1,LavSoft,consulta/abre tela,Estoque,a validar,,,a validar; preferir cancelamento logico,a validar,a validar,a validar por fluxo dinamico,RelEstoquenoCli1,Nivel.DB/correlacao,confirmado por UI
RelEstoquenoCli1\,LavSoft,consulta/abre tela,Estoque,a validar,,,a validar; preferir cancelamento logico,a validar,a validar,a validar por fluxo dinamico,RelEstoquenoCli1,Nivel.DB/correlacao,confirmado por UI
RelEstoquenoCli1Click,LavSoft,consulta/abre tela,Estoque,a validar,,,a validar; preferir cancelamento logico,a validar,a validar,a validar por fluxo dinamico,RelEstoquenoCli1,Nivel.DB/correlacao,confirmado por UI
RelFatPrecos1,LavSoft,consulta/abre tela,Produtos/Servicos,a validar,,,a validar; preferir cancelamento logico,a validar,a validar,a validar por fluxo dinamico,RelFatPrecos1,Nivel.DB/correlacao,confirmado por UI
RelFatPrecos1Click,LavSoft,consulta/abre tela,Produtos/Servicos,a validar,,,a validar; preferir cancelamento logico,a validar,a validar,a validar por fluxo dinamico,RelFatPrecos1,Nivel.DB/correlacao,confirmado por UI
RelFatPrecos1Click#,LavSoft,consulta/abre tela,Produtos/Servicos,a validar,,,a validar; preferir cancelamento logico,a validar,a validar,a validar por fluxo dinamico,RelFatPrecos1,Nivel.DB/correlacao,confirmado por UI
FC_RelFreCli.DS_Movimento,LavSoft,consulta/abre tela,Nao classificado,a validar,,,a validar; preferir cancelamento logico,a validar,a validar,a validar por fluxo dinamico,RelFreCli1,Nivel.DB/correlacao,confirmado por UI
o resumida do tipo de entrega,LavSoft,consulta/abre tela,Nao classificado,a validar,,,a validar; preferir cancelamento logico,a validar,a validar,a validar por fluxo dinamico,Resumida1,Nivel.DB/correlacao,confirmado por UI
Filtros - Rols Cancelados/Datas,LavSoft,cancelamento/exclusao,Ocorrencias/Auditoria,a validar,,a validar,a validar; preferir cancelamento logico,a validar,a validar,a validar por fluxo dinamico,RolsCancelados1,Nivel.DB/correlacao,confirmado por UI
o rols cancelados ou n,LavSoft,cancelamento/exclusao,Ocorrencias/Auditoria,a validar,,a validar,a validar; preferir cancelamento logico,a validar,a validar,a validar por fluxo dinamico,RolsCancelados1,Nivel.DB/correlacao,confirmado por UI
Rols Cancelados,LavSoft,cancelamento/exclusao,Ocorrencias/Auditoria,a validar,,a validar,a validar; preferir cancelamento logico,a validar,a validar,a validar por fluxo dinamico,RolsCancelados1,Nivel.DB/correlacao,confirmado por UI
Rols Cancelados:,LavSoft,cancelamento/exclusao,Ocorrencias/Auditoria,a validar,,a validar,a validar; preferir cancelamento logico,a validar,a validar,a validar por fluxo dinamico,RolsCancelados1,Nivel.DB/correlacao,confirmado por UI
RolsCancelados1,LavSoft,cancelamento/exclusao,Ocorrencias/Auditoria,a validar,,a validar,a validar; preferir cancelamento logico,a validar,a validar,a validar por fluxo dinamico,RolsCancelados1,Nivel.DB/correlacao,confirmado por UI
9Mensagem no final do rol com qde. total de rols em aberto,LavSoft,consulta/abre tela,Nao classificado,a validar,,,a validar; preferir cancelamento logico,a validar,a validar,a validar por fluxo dinamico,ROLsemAberto1,Nivel.DB/correlacao,confirmado por UI
Filtra apenas os Rols em Aberto,LavSoft,consulta/abre tela,Nao classificado,a validar,,,a validar; preferir cancelamento logico,a validar,a validar,a validar por fluxo dinamico,ROLsemAberto1,Nivel.DB/correlacao,confirmado por UI
Processando...Rols em Aberto,LavSoft,consulta/abre tela,Nao classificado,a validar,,,a validar; preferir cancelamento logico,a validar,a validar,a validar por fluxo dinamico,ROLsemAberto1,Nivel.DB/correlacao,confirmado por UI
ROLs em Aberto,LavSoft,consulta/abre tela,Nao classificado,a validar,,,a validar; preferir cancelamento logico,a validar,a validar,a validar por fluxo dinamico,ROLsemAberto1,Nivel.DB/correlacao,confirmado por UI
Rols em Aberto - Detalhado,LavSoft,consulta/abre tela,Nao classificado,a validar,,,a validar; preferir cancelamento logico,a validar,a validar,a validar por fluxo dinamico,ROLsemAberto1,Nivel.DB/correlacao,confirmado por UI
Filtros - Rols Pagos,LavSoft,financeiro/fechamento,Financeiro,a validar,,a validar,a validar; preferir cancelamento logico,a validar,a validar,a validar por fluxo dinamico,ROlsPagos1,Nivel.DB/correlacao,confirmado por UI
ROLs Pagos,LavSoft,financeiro/fechamento,Financeiro,a validar,,a validar,a validar; preferir cancelamento logico,a validar,a validar,a validar por fluxo dinamico,ROlsPagos1,Nivel.DB/correlacao,confirmado por UI
ROlsPagos1,LavSoft,financeiro/fechamento,Financeiro,a validar,,a validar,a validar; preferir cancelamento logico,a validar,a validar,a validar por fluxo dinamico,ROlsPagos1,Nivel.DB/correlacao,confirmado por UI
ROlsPagos1(,LavSoft,financeiro/fechamento,Financeiro,a validar,,a validar,a validar; preferir cancelamento logico,a validar,a validar,a validar por fluxo dinamico,ROlsPagos1,Nivel.DB/correlacao,confirmado por UI
ROlsPagos1Click,LavSoft,financeiro/fechamento,Financeiro,a validar,,a validar,a validar; preferir cancelamento logico,a validar,a validar,a validar por fluxo dinamico,ROlsPagos1,Nivel.DB/correlacao,confirmado por UI
SaldoControleEntrada1,LavSoft,inclusao,Estoque,a validar,a validar,,a validar; preferir cancelamento logico,a validar,a validar,a validar por fluxo dinamico,SaldoControleEntrada1,Nivel.DB/correlacao,confirmado por UI
SaldoControleEntrada1Click,LavSoft,inclusao,Estoque,a validar,a validar,,a validar; preferir cancelamento logico,a validar,a validar,a validar por fluxo dinamico,SaldoControleEntrada1,Nivel.DB/correlacao,confirmado por UI
"and (M.SitRol="""")",LavSoft,consulta/abre tela,Nao classificado,a validar,,,a validar; preferir cancelamento logico,a validar,a validar,a validar por fluxo dinamico,SitRol,Nivel.DB/correlacao,confirmado por UI
"and (M.SitRol=""P"")",LavSoft,consulta/abre tela,Nao classificado,a validar,,,a validar; preferir cancelamento logico,a validar,a validar,a validar por fluxo dinamico,SitRol,Nivel.DB/correlacao,confirmado por UI
"and (not (M.SitRol=""P""))",LavSoft,consulta/abre tela,Nao classificado,a validar,,,a validar; preferir cancelamento logico,a validar,a validar,a validar por fluxo dinamico,SitRol,Nivel.DB/correlacao,confirmado por UI
"and (not M.SitRol=""P"")",LavSoft,consulta/abre tela,Nao classificado,a validar,,,a validar; preferir cancelamento logico,a validar,a validar,a validar por fluxo dinamico,SitRol,Nivel.DB/correlacao,confirmado por UI
"and (not(M.SitRol=""P""))",LavSoft,consulta/abre tela,Nao classificado,a validar,,,a validar; preferir cancelamento logico,a validar,a validar,a validar por fluxo dinamico,SitRol,Nivel.DB/correlacao,confirmado por UI
SituacaodoRols1,LavSoft,consulta/abre tela,Nao classificado,a validar,,,a validar; preferir cancelamento logico,a validar,a validar,a validar por fluxo dinamico,SituacaodoRols1,Nivel.DB/correlacao,confirmado por UI
SituacaodoRols1Click,LavSoft,consulta/abre tela,Nao classificado,a validar,,,a validar; preferir cancelamento logico,a validar,a validar,a validar por fluxo dinamico,SituacaodoRols1,Nivel.DB/correlacao,confirmado por UI
digo da Tabela de Preco,LavSoft,consulta/abre tela,Produtos/Servicos,a validar,,,a validar; preferir cancelamento logico,a validar,a validar,a validar por fluxo dinamico,TabeladePreco1,Nivel.DB/correlacao,confirmado por UI
Tabela de Preco,LavSoft,consulta/abre tela,Produtos/Servicos,a validar,,,a validar; preferir cancelamento logico,a validar,a validar,a validar por fluxo dinamico,TabeladePreco1,Nivel.DB/correlacao,confirmado por UI
TabeladePreco1,LavSoft,consulta/abre tela,Produtos/Servicos,a validar,,,a validar; preferir cancelamento logico,a validar,a validar,a validar por fluxo dinamico,TabeladePreco1,Nivel.DB/correlacao,confirmado por UI
TabeladePreco1(,LavSoft,consulta/abre tela,Produtos/Servicos,a validar,,,a validar; preferir cancelamento logico,a validar,a validar,a validar por fluxo dinamico,TabeladePreco1,Nivel.DB/correlacao,confirmado por UI
TabeladePreco1Click,LavSoft,consulta/abre tela,Produtos/Servicos,a validar,,,a validar; preferir cancelamento logico,a validar,a validar,a validar por fluxo dinamico,TabeladePreco1,Nivel.DB/correlacao,confirmado por UI
C:\Equipexe\Grids\MOVIMENTODETERCEIRIZACAO,LavSoft,consulta/abre tela,Nao classificado,a validar,,,a validar; preferir cancelamento logico,a validar,a validar,a validar por fluxo dinamico,Terceirizacao1,Nivel.DB/correlacao,confirmado por UI
C:\Equipexe\Grids\TERCEIRIZACAO,LavSoft,consulta/abre tela,Nao classificado,a validar,,,a validar; preferir cancelamento logico,a validar,a validar,a validar por fluxo dinamico,Terceirizacao1,Nivel.DB/correlacao,confirmado por UI
C:\Equipexe\Grids\TERCEIRIZACAOBAIXAPARCIAL,LavSoft,financeiro/fechamento,Nao classificado,a validar,,a validar,a validar; preferir cancelamento logico,a validar,a validar,a validar por fluxo dinamico,Terceirizacao1,Nivel.DB/correlacao,confirmado por UI
CancelaTerceirizacaoAut,LavSoft,cancelamento/exclusao,Ocorrencias/Auditoria,a validar,,a validar,a validar; preferir cancelamento logico,a validar,a validar,a validar por fluxo dinamico,Terceirizacao1,Nivel.DB/correlacao,confirmado por UI
FECHAMENTO TERCEIRIZACAO,LavSoft,financeiro/fechamento,Nao classificado,a validar,,a validar,a validar; preferir cancelamento logico,a validar,a validar,a validar por fluxo dinamico,Terceirizacao1,Nivel.DB/correlacao,confirmado por UI
TiposdeDescontos1,LavSoft,consulta/abre tela,Nao classificado,a validar,,,a validar; preferir cancelamento logico,a validar,a validar,a validar por fluxo dinamico,TiposdeDescontos1,Nivel.DB/correlacao,confirmado por UI
TiposdeDescontos1`,LavSoft,consulta/abre tela,Nao classificado,a validar,,,a validar; preferir cancelamento logico,a validar,a validar,a validar por fluxo dinamico,TiposdeDescontos1,Nivel.DB/correlacao,confirmado por UI
TiposdeDescontos1Click,LavSoft,consulta/abre tela,Nao classificado,a validar,,,a validar; preferir cancelamento logico,a validar,a validar,a validar por fluxo dinamico,TiposdeDescontos1,Nivel.DB/correlacao,confirmado por UI
"3|Tipos de Entrada (Retira, Entrega, Delivery e Etc)",LavSoft,inclusao,Nao classificado,a validar,a validar,,a validar; preferir cancelamento logico,a validar,a validar,a validar por fluxo dinamico,TiposdeEntrada1,Nivel.DB/correlacao,confirmado por UI
Cadastro de Tipos de Entrada,LavSoft,inclusao,Nao classificado,a validar,a validar,,a validar; preferir cancelamento logico,a validar,a validar,a validar por fluxo dinamico,TiposdeEntrada1,Nivel.DB/correlacao,confirmado por UI
digo do Tipos de Entrada,LavSoft,inclusao,Nao classificado,a validar,a validar,,a validar; preferir cancelamento logico,a validar,a validar,a validar por fluxo dinamico,TiposdeEntrada1,Nivel.DB/correlacao,confirmado por UI
Filtros - Relaciona apenas se for usar o Grupo de Tipos de Entradas,LavSoft,inclusao,Nao classificado,a validar,a validar,,a validar; preferir cancelamento logico,a validar,a validar,a validar por fluxo dinamico,TiposdeEntrada1,Nivel.DB/correlacao,confirmado por UI
Filtros - Tipos de entrada,LavSoft,inclusao,Nao classificado,a validar,a validar,,a validar; preferir cancelamento logico,a validar,a validar,a validar por fluxo dinamico,TiposdeEntrada1,Nivel.DB/correlacao,confirmado por UI
TiposdeServico1,LavSoft,consulta/abre tela,Produtos/Servicos,a validar,,,a validar; preferir cancelamento logico,a validar,a validar,a validar por fluxo dinamico,TiposdeServico1,Nivel.DB/correlacao,confirmado por UI
TiposdeServico1Click,LavSoft,consulta/abre tela,Produtos/Servicos,a validar,,,a validar; preferir cancelamento logico,a validar,a validar,a validar por fluxo dinamico,TiposdeServico1,Nivel.DB/correlacao,confirmado por UI
Transporte por Nota,LavSoft,consulta/abre tela,Nao classificado,a validar,,,a validar; preferir cancelamento logico,a validar,a validar,a validar por fluxo dinamico,TransporteporNota1,Nivel.DB/correlacao,confirmado por UI
TransporteporNota1,LavSoft,consulta/abre tela,Nao classificado,a validar,,,a validar; preferir cancelamento logico,a validar,a validar,a validar por fluxo dinamico,TransporteporNota1,Nivel.DB/correlacao,confirmado por UI
TransporteporNota1Click,LavSoft,consulta/abre tela,Nao classificado,a validar,,,a validar; preferir cancelamento logico,a validar,a validar,a validar por fluxo dinamico,TransporteporNota1,Nivel.DB/correlacao,confirmado por UI
'S:\BaseTestes\Usuarios\Carlos\Ger\Dados,LavSoft,consulta/abre tela,Usuarios/Permissoes,a validar,,,a validar; preferir cancelamento logico,a validar,a validar,a validar por fluxo dinamico,Usuarios1,Nivel.DB/correlacao,confirmado por UI
"\Usuarios"" Where (Not(Cancelado=""S""))",LavSoft,cancelamento/exclusao,Ocorrencias/Auditoria,a validar,,a validar,a validar; preferir cancelamento logico,a validar,a validar,a validar por fluxo dinamico,Usuarios1,Nivel.DB/correlacao,confirmado por UI
+s:\basetestes\usuarios\guilherme\lav\filial,LavSoft,consulta/abre tela,Usuarios/Permissoes,a validar,,,a validar; preferir cancelamento logico,a validar,a validar,a validar por fluxo dinamico,Usuarios1,Nivel.DB/correlacao,confirmado por UI
c_Usuarios,LavSoft,consulta/abre tela,Usuarios/Permissoes,a validar,,,a validar; preferir cancelamento logico,a validar,a validar,a validar por fluxo dinamico,Usuarios1,Nivel.DB/correlacao,confirmado por UI
c_UsuariosAv,LavSoft,consulta/abre tela,Usuarios/Permissoes,a validar,,,a validar; preferir cancelamento logico,a validar,a validar,a validar por fluxo dinamico,Usuarios1,Nivel.DB/correlacao,confirmado por UI
VoltarRolaProduo1,LavFacilLan,consulta/abre tela,Nao classificado,a validar,,,a validar; preferir cancelamento logico,a validar,a validar,a validar por fluxo dinamico,VoltarRolaProduo1,Nivel.DB/correlacao,confirmado por UI
VoltarRolaProduo10,LavFacilLan,consulta/abre tela,Nao classificado,a validar,,,a validar; preferir cancelamento logico,a validar,a validar,a validar por fluxo dinamico,VoltarRolaProduo1,Nivel.DB/correlacao,confirmado por UI
VoltarRolaProduo1,LavSoft,consulta/abre tela,Nao classificado,a validar,,,a validar; preferir cancelamento logico,a validar,a validar,a validar por fluxo dinamico,VoltarRolaProduo1,Nivel.DB/correlacao,confirmado por UI
VoltarRolaProduo1$,LavSoft,consulta/abre tela,Nao classificado,a validar,,,a validar; preferir cancelamento logico,a validar,a validar,a validar por fluxo dinamico,VoltarRolaProduo1,Nivel.DB/correlacao,confirmado por UI
VoltarRolaProduo1Click,LavSoft,consulta/abre tela,Nao classificado,a validar,,,a validar; preferir cancelamento logico,a validar,a validar,a validar por fluxo dinamico,VoltarRolaProduo1,Nivel.DB/correlacao,confirmado por UI
&Cadastros,Estoque,inclusao,Nao classificado,a validar,a validar,,a validar; preferir cancelamento logico,a validar,a validar,a validar por fluxo dinamico,a validar,strings executaveis,confirmado por UI
Notas N On (M.NumNot = N.NumNot) or (M.NumNotAdi = N.NumNot),Estoque,consulta/abre tela,Nao classificado,a validar,,,a validar; preferir cancelamento logico,a validar,a validar,a validar por fluxo dinamico,a validar,strings executaveis,confirmado por UI
Cliente:,Estoque,consulta/abre tela,Clientes,a validar,,,a validar; preferir cancelamento logico,a validar,a validar,a validar por fluxo dinamico,a validar,strings executaveis,confirmado por UI
- Produto:,Estoque,consulta/abre tela,Nao classificado,a validar,,,a validar; preferir cancelamento logico,a validar,a validar,a validar por fluxo dinamico,a validar,strings executaveis,confirmado por UI
[ Grupo de Produtos - Flexivel ],Estoque,consulta/abre tela,Nao classificado,a validar,,,a validar; preferir cancelamento logico,a validar,a validar,a validar por fluxo dinamico,a validar,strings executaveis,confirmado por UI
| Estoque:,Estoque,consulta/abre tela,Estoque,a validar,,,a validar; preferir cancelamento logico,a validar,a validar,a validar por fluxo dinamico,a validar,strings executaveis,confirmado por UI
|Grupo em que pertence o cliente,Estoque,consulta/abre tela,Clientes,a validar,,,a validar; preferir cancelamento logico,a validar,a validar,a validar por fluxo dinamico,a validar,strings executaveis,confirmado por UI
"b.RDB$TYPE_NAME IN ('RELATION', 'VIEW',",Estoque,relatorio/impressao,Nao classificado,a validar,,,a validar; preferir cancelamento logico,a validar,a validar,a validar por fluxo dinamico,a validar,strings executaveis,confirmado por UI
cadastrado em outro cliente.,Estoque,consulta/abre tela,Clientes,a validar,,,a validar; preferir cancelamento logico,a validar,a validar,a validar por fluxo dinamico,a validar,strings executaveis,confirmado por UI
Cadastros foram ajustados,Estoque,inclusao,Nao classificado,a validar,a validar,,a validar; preferir cancelamento logico,a validar,a validar,a validar por fluxo dinamico,a validar,strings executaveis,confirmado por UI
CancelamentodoEncerramento1Click,Estoque,cancelamento/exclusao,Ocorrencias/Auditoria,a validar,,a validar,a validar; preferir cancelamento logico,a validar,a validar,a validar por fluxo dinamico,a validar,strings executaveis,confirmado por UI
deseja imprimir o relat,Estoque,relatorio/impressao,Nao classificado,a validar,,,a validar; preferir cancelamento logico,a validar,a validar,a validar por fluxo dinamico,a validar,strings executaveis,confirmado por UI
do cadastro de clientes todos os e-mails relacionados no arquivo,Estoque,inclusao,Clientes,a validar,a validar,,a validar; preferir cancelamento logico,a validar,a validar,a validar por fluxo dinamico,a validar,strings executaveis,confirmado por UI
"I.RDB$INDEX_NAME, I.RDB$RELATION_NAME, I.RDB$UNIQUE_FLAG,",Estoque,relatorio/impressao,Nao classificado,a validar,,,a validar; preferir cancelamento logico,a validar,a validar,a validar por fluxo dinamico,a validar,strings executaveis,confirmado por UI
I.RDB$RELATION_NAME = ',Estoque,relatorio/impressao,Nao classificado,a validar,,,a validar; preferir cancelamento logico,a validar,a validar,a validar por fluxo dinamico,a validar,strings executaveis,confirmado por UI
marcado para entrada posterior no estoque,Estoque,inclusao,Produtos/Servicos,a validar,a validar,,a validar; preferir cancelamento logico,a validar,a validar,a validar por fluxo dinamico,a validar,strings executaveis,confirmado por UI
Movimentos|Movimentos de Estoque,Estoque,consulta/abre tela,Estoque,a validar,,,a validar; preferir cancelamento logico,a validar,a validar,a validar por fluxo dinamico,a validar,strings executaveis,confirmado por UI
"ORDER BY a.RDB$RELATION_NAME, a.RDB$FIELD_POSITION",Estoque,relatorio/impressao,Nao classificado,a validar,,,a validar; preferir cancelamento logico,a validar,a validar,a validar por fluxo dinamico,a validar,strings executaveis,confirmado por UI
"ORDER BY a.RDB$RELATION_NAME, a.RDB$PRIVILEGE",Estoque,relatorio/impressao,Nao classificado,a validar,,,a validar; preferir cancelamento logico,a validar,a validar,a validar por fluxo dinamico,a validar,strings executaveis,confirmado por UI
"ORDER BY a.RDB$RELATION_NAME, b.RDB$FIELD_NAME",Estoque,relatorio/impressao,Nao classificado,a validar,,,a validar; preferir cancelamento logico,a validar,a validar,a validar por fluxo dinamico,a validar,strings executaveis,confirmado por UI
"ORDER BY RC_FOR.RDB$RELATION_NAME, IS_FOR.RDB$FIELD_POSITION",Estoque,relatorio/impressao,Nao classificado,a validar,,,a validar; preferir cancelamento logico,a validar,a validar,a validar por fluxo dinamico,a validar,strings executaveis,confirmado por UI
"ORDER BY RELC_PRIM.RDB$RELATION_NAME, IS_FOR.RDB$FIELD_POSITION",Estoque,relatorio/impressao,Nao classificado,a validar,,,a validar; preferir cancelamento logico,a validar,a validar,a validar por fluxo dinamico,a validar,strings executaveis,confirmado por UI
"preenchido com a chave de acesso da NF-e precedida do literal ""NFe""",Estoque,consulta/abre tela,Notas/Fiscal,a validar,,,a validar; preferir cancelamento logico,a validar,a validar,a validar por fluxo dinamico,a validar,strings executaveis,confirmado por UI
SB_ImportaClienteFidelidadeClick,Estoque,consulta/abre tela,Nao classificado,a validar,,,a validar; preferir cancelamento logico,a validar,a validar,a validar por fluxo dinamico,a validar,strings executaveis,confirmado por UI
"SELECT a.RDB$RELATION_NAME, a.RDB$FIELD_NAME, a.RDB$FIELD_POSITION, a.RDB$NULL_FLAG, a.RDB$DEFAULT_VALUE, b. RDB$FIELD_LENGTH, b.RDB$FIELD_SCALE, c.RDB$TYPE_NAME, b.RDB$FIELD_TYPE, b.RDB$FIELD_SUB_TYPE, b.RDB$DESCRIPTION, b.RDB$CHARACTER_LE",Estoque,relatorio/impressao,Nao classificado,a validar,,,a validar; preferir cancelamento logico,a validar,a validar,a validar por fluxo dinamico,a validar,strings executaveis,confirmado por UI
"SELECT I.RDB$RELATION_NAME, I.RDB$UNIQUE_FLAG, I.RDB$INDEX_NAME, ISGMT.RDB$FIELD_POSITION,",Estoque,relatorio/impressao,Nao classificado,a validar,,,a validar; preferir cancelamento logico,a validar,a validar,a validar por fluxo dinamico,a validar,strings executaveis,confirmado por UI
"SELECT null as TABLE_CAT, null as TABLE_SCHEM, a.RDB$RELATION_NAME as TABLE_NAME, b.RDB$FIELD_NAME as COLUMN_NAME, b.RDB$FIELD_POSITION+1 as KEY_SEQ, a.RDB$INDEX_NAME as PK_NAME FROM RDB$RELATION_CONSTRAINTS a JOIN RDB$INDEX_SEGMENTS b ON (",Estoque,relatorio/impressao,Nao classificado,a validar,,,a validar; preferir cancelamento logico,a validar,a validar,a validar por fluxo dinamico,a validar,strings executaveis,confirmado por UI
"SELECT RC_PRIM.RDB$RELATION_NAME, IS_PRIM.RDB$FIELD_NAME, RC_FOR.RDB$RELATION_NAME, IS_FOR.RDB$FIELD_NAME, IS_FOR.RDB$FIELD_POSITION, REFC_PRIM.RDB$UPDATE_RULE, REFC_PRIM.RDB$DELETE_RULE, RC_FOR.RDB$CONSTRAINT_NAME, RC_PRIM.RDB$CONSTRAINT_N",Estoque,relatorio/impressao,Nao classificado,a validar,,,a validar; preferir cancelamento logico,a validar,a validar,a validar por fluxo dinamico,a validar,strings executaveis,confirmado por UI
-Cliente:,Estoque,consulta/abre tela,Clientes,a validar,,,a validar; preferir cancelamento logico,a validar,a validar,a validar por fluxo dinamico,a validar,strings executaveis,confirmado por UI
-EParserDuplicate_Notation_On_Element_Type_Err,Estoque,consulta/abre tela,Financeiro,a validar,,,a validar; preferir cancelamento logico,a validar,a validar,a validar por fluxo dinamico,a validar,strings executaveis,confirmado por UI
-Estoque:,Estoque,consulta/abre tela,Estoque,a validar,,,a validar; preferir cancelamento logico,a validar,a validar,a validar por fluxo dinamico,a validar,strings executaveis,confirmado por UI
-Produto:,Estoque,consulta/abre tela,Nao classificado,a validar,,,a validar; preferir cancelamento logico,a validar,a validar,a validar por fluxo dinamico,a validar,strings executaveis,confirmado por UI
:\EquipExe\EquSat,Estoque,consulta/abre tela,Notas/Fiscal,a validar,,,a validar; preferir cancelamento logico,a validar,a validar,a validar por fluxo dinamico,a validar,strings executaveis,confirmado por UI
:\EquipExe\EquSat.Ini,Estoque,consulta/abre tela,Notas/Fiscal,a validar,,,a validar; preferir cancelamento logico,a validar,a validar,a validar por fluxo dinamico,a validar,strings executaveis,confirmado por UI
":Clientes""",Estoque,consulta/abre tela,Clientes,a validar,,,a validar; preferir cancelamento logico,a validar,a validar,a validar por fluxo dinamico,a validar,strings executaveis,confirmado por UI
":Clientes"" C",Estoque,consulta/abre tela,Clientes,a validar,,,a validar; preferir cancelamento logico,a validar,a validar,a validar por fluxo dinamico,a validar,strings executaveis,confirmado por UI
!Importar Dados Cliente Fidelidade,Estoque,consulta/abre tela,Clientes,a validar,,,a validar; preferir cancelamento logico,a validar,a validar,a validar por fluxo dinamico,a validar,strings executaveis,confirmado por UI
.Consulta|Consulta a Transportadora selecionada,Estoque,consulta/abre tela,Nao classificado,a validar,,,a validar; preferir cancelamento logico,a validar,a validar,a validar por fluxo dinamico,a validar,strings executaveis,confirmado por UI
"""Clientes"" C",Estoque,consulta/abre tela,Clientes,a validar,,,a validar; preferir cancelamento logico,a validar,a validar,a validar por fluxo dinamico,a validar,strings executaveis,confirmado por UI
"""EParserDuplicate_Notation_Decl_Err",Estoque,consulta/abre tela,Financeiro,a validar,,,a validar; preferir cancelamento logico,a validar,a validar,a validar por fluxo dinamico,a validar,strings executaveis,confirmado por UI
(Consulta|Consulta do produto selecionado,Estoque,consulta/abre tela,Nao classificado,a validar,,,a validar; preferir cancelamento logico,a validar,a validar,a validar por fluxo dinamico,a validar,strings executaveis,confirmado por UI
(Encerramento|Faz Encerramento do estoque,Estoque,financeiro/fechamento,Estoque,a validar,,a validar,a validar; preferir cancelamento logico,a validar,a validar,a validar por fluxo dinamico,a validar,strings executaveis,confirmado por UI
)C_CadastroPromo,Estoque,inclusao,Nao classificado,a validar,a validar,,a validar; preferir cancelamento logico,a validar,a validar,a validar por fluxo dinamico,a validar,strings executaveis,confirmado por UI
)Desmarca o Produto no Controle de Limites,Estoque,consulta/abre tela,Produtos/Servicos,a validar,,,a validar; preferir cancelamento logico,a validar,a validar,a validar por fluxo dinamico,a validar,strings executaveis,confirmado por UI
)Relatorio de controle de saida do estoque,Estoque,relatorio/impressao,Estoque,a validar,,,a validar; preferir cancelamento logico,a validar,a validar,a validar por fluxo dinamico,a validar,strings executaveis,confirmado por UI
[ Cliente Controla Entrada ],Estoque,inclusao,Clientes,a validar,a validar,,a validar; preferir cancelamento logico,a validar,a validar,a validar por fluxo dinamico,a validar,strings executaveis,confirmado por UI
*Cliente,Estoque,consulta/abre tela,Clientes,a validar,,,a validar; preferir cancelamento logico,a validar,a validar,a validar por fluxo dinamico,a validar,strings executaveis,confirmado por UI
*S:\basetestes\usuarios\guilherme\GER\DADOS,Estoque,consulta/abre tela,Usuarios/Permissoes,a validar,,,a validar; preferir cancelamento logico,a validar,a validar,a validar por fluxo dinamico,a validar,strings executaveis,confirmado por UI
/EmitNotaFiscal_MC,Estoque,relatorio/impressao,Notas/Fiscal,a validar,,,a validar; preferir cancelamento logico,a validar,a validar,a validar por fluxo dinamico,a validar,strings executaveis,confirmado por UI
\Clientes,Estoque,consulta/abre tela,Clientes,a validar,,,a validar; preferir cancelamento logico,a validar,a validar,a validar por fluxo dinamico,a validar,strings executaveis,confirmado por UI
"\Clientes.db"" C",Estoque,consulta/abre tela,Clientes,a validar,,,a validar; preferir cancelamento logico,a validar,a validar,a validar por fluxo dinamico,a validar,strings executaveis,confirmado por UI
"\Clientes""",Estoque,consulta/abre tela,Clientes,a validar,,,a validar; preferir cancelamento logico,a validar,a validar,a validar por fluxo dinamico,a validar,strings executaveis,confirmado por UI
"\Clientes"" C",Estoque,consulta/abre tela,Clientes,a validar,,,a validar; preferir cancelamento logico,a validar,a validar,a validar por fluxo dinamico,a validar,strings executaveis,confirmado por UI
"\Clientes"" Where CgcCli ='",Estoque,consulta/abre tela,Clientes,a validar,,,a validar; preferir cancelamento logico,a validar,a validar,a validar por fluxo dinamico,a validar,strings executaveis,confirmado por UI
"\Clientes"" Where CPFCli ='",Estoque,consulta/abre tela,Clientes,a validar,,,a validar; preferir cancelamento logico,a validar,a validar,a validar por fluxo dinamico,a validar,strings executaveis,confirmado por UI
\rcliente.txt,Estoque,consulta/abre tela,Nao classificado,a validar,,,a validar; preferir cancelamento logico,a validar,a validar,a validar por fluxo dinamico,a validar,strings executaveis,confirmado por UI
&Altera Produto,Estoque,alteracao,Nao classificado,a validar,,a validar,a validar; preferir cancelamento logico,a validar,a validar,a validar por fluxo dinamico,a validar,strings executaveis,confirmado por UI
&Cancelamento,Estoque,cancelamento/exclusao,Ocorrencias/Auditoria,a validar,,a validar,a validar; preferir cancelamento logico,a validar,a validar,a validar por fluxo dinamico,a validar,strings executaveis,confirmado por UI
&Consulta,Estoque,consulta/abre tela,Nao classificado,a validar,,,a validar; preferir cancelamento logico,a validar,a validar,a validar por fluxo dinamico,a validar,strings executaveis,confirmado por UI
&Procura Produtos,Estoque,consulta/abre tela,Nao classificado,a validar,,,a validar; preferir cancelamento logico,a validar,a validar,a validar por fluxo dinamico,a validar,strings executaveis,confirmado por UI
&Produtos,Estoque,consulta/abre tela,Nao classificado,a validar,,,a validar; preferir cancelamento logico,a validar,a validar,a validar por fluxo dinamico,a validar,strings executaveis,confirmado por UI
&Relat,Estoque,relatorio/impressao,Nao classificado,a validar,,,a validar; preferir cancelamento logico,a validar,a validar,a validar por fluxo dinamico,a validar,strings executaveis,confirmado por UI
&Senha,Estoque,consulta/abre tela,Nao classificado,a validar,,,a validar; preferir cancelamento logico,a validar,a validar,a validar por fluxo dinamico,a validar,strings executaveis,confirmado por UI
&Sobre o Sistema Estoque,Estoque,consulta/abre tela,Estoque,a validar,,,a validar; preferir cancelamento logico,a validar,a validar,a validar por fluxo dinamico,a validar,strings executaveis,confirmado por UI
#|Procura o desenho do produto (BMP),Estoque,consulta/abre tela,Nao classificado,a validar,,,a validar; preferir cancelamento logico,a validar,a validar,a validar por fluxo dinamico,a validar,strings executaveis,confirmado por UI
#CancelamentodeCartoFidelidade1Click,Estoque,cancelamento/exclusao,Ocorrencias/Auditoria,a validar,,a validar,a validar; preferir cancelamento logico,a validar,a validar,a validar por fluxo dinamico,a validar,strings executaveis,confirmado por UI
#CancelamentodeCartoFidelidade1Click&,Estoque,cancelamento/exclusao,Ocorrencias/Auditoria,a validar,,a validar,a validar; preferir cancelamento logico,a validar,a validar,a validar por fluxo dinamico,a validar,strings executaveis,confirmado por UI
#EParserDuplicate_Notation_Token_Err,Estoque,consulta/abre tela,Financeiro,a validar,,,a validar; preferir cancelamento logico,a validar,a validar,a validar por fluxo dinamico,a validar,strings executaveis,confirmado por UI
#EParserUndeclared_Notation_Name_Err,Estoque,consulta/abre tela,Nao classificado,a validar,,,a validar; preferir cancelamento logico,a validar,a validar,a validar por fluxo dinamico,a validar,strings executaveis,confirmado por UI
%EParserInvalidNotationDeclaration_Err,Estoque,consulta/abre tela,Nao classificado,a validar,,,a validar; preferir cancelamento logico,a validar,a validar,a validar por fluxo dinamico,a validar,strings executaveis,confirmado por UI
%S is not a valid notaName value.,Estoque,consulta/abre tela,Nao classificado,a validar,,,a validar; preferir cancelamento logico,a validar,a validar,a validar por fluxo dinamico,a validar,strings executaveis,confirmado por UI
|Desenho do produto,Estoque,consulta/abre tela,Nao classificado,a validar,,,a validar; preferir cancelamento logico,a validar,a validar,a validar por fluxo dinamico,a validar,strings executaveis,confirmado por UI
|LogoMarca do cliente,Estoque,consulta/abre tela,Clientes,a validar,,,a validar; preferir cancelamento logico,a validar,a validar,a validar por fluxo dinamico,a validar,strings executaveis,confirmado por UI
|Nome do Cliente,Estoque,consulta/abre tela,Clientes,a validar,,,a validar; preferir cancelamento logico,a validar,a validar,a validar por fluxo dinamico,a validar,strings executaveis,confirmado por UI
|Prazo para entrega em dias,Estoque,consulta/abre tela,Nao classificado,a validar,,,a validar; preferir cancelamento logico,a validar,a validar,a validar por fluxo dinamico,a validar,strings executaveis,confirmado por UI
|Selecione o produto desejado,Estoque,consulta/abre tela,Nao classificado,a validar,,,a validar; preferir cancelamento logico,a validar,a validar,a validar por fluxo dinamico,a validar,strings executaveis,confirmado por UI
|Senha do usu,Estoque,consulta/abre tela,Nao classificado,a validar,,,a validar; preferir cancelamento logico,a validar,a validar,a validar por fluxo dinamico,a validar,strings executaveis,confirmado por UI
$Consulta|Consulta tabela selecionado,Estoque,consulta/abre tela,Nao classificado,a validar,,,a validar; preferir cancelamento logico,a validar,a validar,a validar por fluxo dinamico,a validar,strings executaveis,confirmado por UI
$EParserNotation_On_Empty_Element_Err,Estoque,consulta/abre tela,Nao classificado,a validar,,,a validar; preferir cancelamento logico,a validar,a validar,a validar por fluxo dinamico,a validar,strings executaveis,confirmado por UI
$ImportarDadosClienteFidelidade1Click,Estoque,consulta/abre tela,Nao classificado,a validar,,,a validar; preferir cancelamento logico,a validar,a validar,a validar por fluxo dinamico,a validar,strings executaveis,confirmado por UI
"0Select * From ""C:\Equipexe\Ger\Dados\Clientes"" C",Estoque,consulta/abre tela,Clientes,a validar,,,a validar; preferir cancelamento logico,a validar,a validar,a validar por fluxo dinamico,a validar,strings executaveis,confirmado por UI
2Procurar por Filtro|Procura o clientes por filtros,Estoque,consulta/abre tela,Clientes,a validar,,,a validar; preferir cancelamento logico,a validar,a validar,a validar por fluxo dinamico,a validar,strings executaveis,confirmado por UI
5Premia Cliente novo com desconto por faixa de valores,Estoque,inclusao,Clientes,a validar,a validar,,a validar; preferir cancelamento logico,a validar,a validar,a validar por fluxo dinamico,a validar,strings executaveis,confirmado por UI
a o cadastro,Estoque,inclusao,Nao classificado,a validar,a validar,,a validar; preferir cancelamento logico,a validar,a validar,a validar por fluxo dinamico,a validar,strings executaveis,confirmado por UI
A partir da data de cadastro,Estoque,inclusao,Nao classificado,a validar,a validar,,a validar; preferir cancelamento logico,a validar,a validar,a validar por fluxo dinamico,a validar,strings executaveis,confirmado por UI
a.RDB$RELATION_NAME,Estoque,relatorio/impressao,Nao classificado,a validar,,,a validar; preferir cancelamento logico,a validar,a validar,a validar por fluxo dinamico,a validar,strings executaveis,confirmado por UI
AbreCepFacil,Estoque,consulta/abre tela,Nao classificado,a validar,,,a validar; preferir cancelamento logico,a validar,a validar,a validar por fluxo dinamico,a validar,strings executaveis,confirmado por UI
Abrir relat,Estoque,relatorio/impressao,Nao classificado,a validar,,,a validar; preferir cancelamento logico,a validar,a validar,a validar por fluxo dinamico,a validar,strings executaveis,confirmado por UI
Abrir...|Abre um relat,Estoque,relatorio/impressao,Nao classificado,a validar,,,a validar; preferir cancelamento logico,a validar,a validar,a validar por fluxo dinamico,a validar,strings executaveis,confirmado por UI
Adicionar novo produto,Estoque,inclusao,Nao classificado,a validar,a validar,,a validar; preferir cancelamento logico,a validar,a validar,a validar por fluxo dinamico,a validar,strings executaveis,confirmado por UI
Ajusta Cadastro Automaticamente,Estoque,inclusao,Nao classificado,a validar,a validar,,a validar; preferir cancelamento logico,a validar,a validar,a validar por fluxo dinamico,a validar,strings executaveis,confirmado por UI
AlteraProduto1,Estoque,alteracao,Nao classificado,a validar,,a validar,a validar; preferir cancelamento logico,a validar,a validar,a validar por fluxo dinamico,a validar,strings executaveis,confirmado por UI
AlteraProduto14,Estoque,alteracao,Nao classificado,a validar,,a validar,a validar; preferir cancelamento logico,a validar,a validar,a validar por fluxo dinamico,a validar,strings executaveis,confirmado por UI
Alterar Produto,Estoque,alteracao,Nao classificado,a validar,,a validar,a validar; preferir cancelamento logico,a validar,a validar,a validar por fluxo dinamico,a validar,strings executaveis,confirmado por UI
"amento da nota, seja perguntado para referenciar uma nota, selecione essa op",Estoque,consulta/abre tela,Nao classificado,a validar,,,a validar; preferir cancelamento logico,a validar,a validar,a validar por fluxo dinamico,a validar,strings executaveis,confirmado por UI
"amento do financeiro,",Estoque,consulta/abre tela,Nao classificado,a validar,,,a validar; preferir cancelamento logico,a validar,a validar,a validar por fluxo dinamico,a validar,strings executaveis,confirmado por UI
And (N.TipNota = 'D'),Estoque,consulta/abre tela,Nao classificado,a validar,,,a validar; preferir cancelamento logico,a validar,a validar,a validar por fluxo dinamico,a validar,strings executaveis,confirmado por UI
And (N.TipNota = 'P'),Estoque,consulta/abre tela,Nao classificado,a validar,,,a validar; preferir cancelamento logico,a validar,a validar,a validar por fluxo dinamico,a validar,strings executaveis,confirmado por UI
Anotacoes,Estoque,consulta/abre tela,Ocorrencias/Auditoria,a validar,,,a validar; preferir cancelamento logico,a validar,a validar,a validar por fluxo dinamico,a validar,strings executaveis,confirmado por UI
"APP_NAME,CASE,CAST,CONVERT,COALESCE,CURRENT_TIMESTAMP,CURRENT_USER,DATALENGTH,@@ERROR,FORMATMESSAGE,GETANSINULL,HOST_ID,HOST_NAME,IDENT_INCR,IDENT_SEED,@@IDENTITY,IDENTITY,ISDATE,ISNULL,ISNUMERIC,NEWID,NULLIF,PARSENAME,PERMISSIONS,@@ROWCOUN",Estoque,consulta/abre tela,Nao classificado,a validar,,,a validar; preferir cancelamento logico,a validar,a validar,a validar por fluxo dinamico,a validar,strings executaveis,confirmado por UI
Arquivo de Relat,Estoque,relatorio/impressao,Nao classificado,a validar,,,a validar; preferir cancelamento logico,a validar,a validar,a validar por fluxo dinamico,a validar,strings executaveis,confirmado por UI
as em Estoque:,Estoque,consulta/abre tela,Estoque,a validar,,,a validar; preferir cancelamento logico,a validar,a validar,a validar por fluxo dinamico,a validar,strings executaveis,confirmado por UI
Atributo de anotaci,Estoque,consulta/abre tela,Ocorrencias/Auditoria,a validar,,,a validar; preferir cancelamento logico,a validar,a validar,a validar por fluxo dinamico,a validar,strings executaveis,confirmado por UI
Atrybut notacji zadeklarowany dla elementu typu pusty,Estoque,consulta/abre tela,Nao classificado,a validar,,,a validar; preferir cancelamento logico,a validar,a validar,a validar por fluxo dinamico,a validar,strings executaveis,confirmado por UI
Attributo di notazione duplicato nello stessa dichiarazione di tipo di elemento,Estoque,consulta/abre tela,Financeiro,a validar,,,a validar; preferir cancelamento logico,a validar,a validar,a validar por fluxo dinamico,a validar,strings executaveis,confirmado por UI
Attributo di notazione nella dichiarazione di tipo di elemento vuoto,Estoque,consulta/abre tela,Nao classificado,a validar,,,a validar; preferir cancelamento logico,a validar,a validar,a validar por fluxo dinamico,a validar,strings executaveis,confirmado por UI
Atualiza Estoque,Estoque,consulta/abre tela,Estoque,a validar,,,a validar; preferir cancelamento logico,a validar,a validar,a validar por fluxo dinamico,a validar,strings executaveis,confirmado por UI
BaixaEstoque,Estoque,financeiro/fechamento,Estoque,a validar,,a validar,a validar; preferir cancelamento logico,a validar,a validar,a validar por fluxo dinamico,a validar,strings executaveis,confirmado por UI
Bt_CancelaAditoClick,Estoque,cancelamento/exclusao,Ocorrencias/Auditoria,a validar,,a validar,a validar; preferir cancelamento logico,a validar,a validar,a validar por fluxo dinamico,a validar,strings executaveis,confirmado por UI
Bt_CancelaClick,Estoque,cancelamento/exclusao,Ocorrencias/Auditoria,a validar,,a validar,a validar; preferir cancelamento logico,a validar,a validar,a validar por fluxo dinamico,a validar,strings executaveis,confirmado por UI
Bt_ConsultaCli,Estoque,consulta/abre tela,Nao classificado,a validar,,,a validar; preferir cancelamento logico,a validar,a validar,a validar por fluxo dinamico,a validar,strings executaveis,confirmado por UI
Bt_ConsultaCliClick,Estoque,consulta/abre tela,Nao classificado,a validar,,,a validar; preferir cancelamento logico,a validar,a validar,a validar por fluxo dinamico,a validar,strings executaveis,confirmado por UI
Bt_UsuarioGraficoClick,Estoque,consulta/abre tela,Nao classificado,a validar,,,a validar; preferir cancelamento logico,a validar,a validar,a validar por fluxo dinamico,a validar,strings executaveis,confirmado por UI
C_CadastroPromo,Estoque,inclusao,Nao classificado,a validar,a validar,,a validar; preferir cancelamento logico,a validar,a validar,a validar por fluxo dinamico,a validar,strings executaveis,confirmado por UI
c_DigitaSenha,Estoque,consulta/abre tela,Nao classificado,a validar,,,a validar; preferir cancelamento logico,a validar,a validar,a validar por fluxo dinamico,a validar,strings executaveis,confirmado por UI
C:\EquipExe\EquSat,Estoque,consulta/abre tela,Notas/Fiscal,a validar,,,a validar; preferir cancelamento logico,a validar,a validar,a validar por fluxo dinamico,a validar,strings executaveis,confirmado por UI
C:\EquipExe\EquSat.Ini,Estoque,consulta/abre tela,Notas/Fiscal,a validar,,,a validar; preferir cancelamento logico,a validar,a validar,a validar por fluxo dinamico,a validar,strings executaveis,confirmado por UI
c:\EquipExe\Figuras\Nota,Estoque,consulta/abre tela,Nao classificado,a validar,,,a validar; preferir cancelamento logico,a validar,a validar,a validar por fluxo dinamico,a validar,strings executaveis,confirmado por UI
C:\Equipexe\NFe\,Estoque,consulta/abre tela,Notas/Fiscal,a validar,,,a validar; preferir cancelamento logico,a validar,a validar,a validar por fluxo dinamico,a validar,strings executaveis,confirmado por UI
C:\Linker\rcliente.txt,Estoque,consulta/abre tela,Nao classificado,a validar,,,a validar; preferir cancelamento logico,a validar,a validar,a validar por fluxo dinamico,a validar,strings executaveis,confirmado por UI
Cadastro,Estoque,inclusao,Nao classificado,a validar,a validar,,a validar; preferir cancelamento logico,a validar,a validar,a validar por fluxo dinamico,a validar,strings executaveis,confirmado por UI
Cadastro 2,Estoque,inclusao,Nao classificado,a validar,a validar,,a validar; preferir cancelamento logico,a validar,a validar,a validar por fluxo dinamico,a validar,strings executaveis,confirmado por UI
Cadastro 3,Estoque,inclusao,Nao classificado,a validar,a validar,,a validar; preferir cancelamento logico,a validar,a validar,a validar por fluxo dinamico,a validar,strings executaveis,confirmado por UI
Cadastro 4,Estoque,inclusao,Nao classificado,a validar,a validar,,a validar; preferir cancelamento logico,a validar,a validar,a validar por fluxo dinamico,a validar,strings executaveis,confirmado por UI
Cadastro Campos Flexiveis,Estoque,inclusao,Nao classificado,a validar,a validar,,a validar; preferir cancelamento logico,a validar,a validar,a validar por fluxo dinamico,a validar,strings executaveis,confirmado por UI
Cadastro de,Estoque,inclusao,Nao classificado,a validar,a validar,,a validar; preferir cancelamento logico,a validar,a validar,a validar por fluxo dinamico,a validar,strings executaveis,confirmado por UI
Cadastro de Classifica,Estoque,inclusao,Nao classificado,a validar,a validar,,a validar; preferir cancelamento logico,a validar,a validar,a validar por fluxo dinamico,a validar,strings executaveis,confirmado por UI
Cadastro de Clientes,Estoque,inclusao,Clientes,a validar,a validar,,a validar; preferir cancelamento logico,a validar,a validar,a validar por fluxo dinamico,a validar,strings executaveis,confirmado por UI
Cadastro de Estoques,Estoque,inclusao,Estoque,a validar,a validar,,a validar; preferir cancelamento logico,a validar,a validar,a validar por fluxo dinamico,a validar,strings executaveis,confirmado por UI
Cadastro de Fornecedores,Estoque,inclusao,Nao classificado,a validar,a validar,,a validar; preferir cancelamento logico,a validar,a validar,a validar por fluxo dinamico,a validar,strings executaveis,confirmado por UI
Cadastro de Funcion,Estoque,inclusao,Nao classificado,a validar,a validar,,a validar; preferir cancelamento logico,a validar,a validar,a validar por fluxo dinamico,a validar,strings executaveis,confirmado por UI
Cadastro de Grupo (Campos Flexiveis),Estoque,inclusao,Nao classificado,a validar,a validar,,a validar; preferir cancelamento logico,a validar,a validar,a validar por fluxo dinamico,a validar,strings executaveis,confirmado por UI
Cadastro de Grupo 1,Estoque,inclusao,Nao classificado,a validar,a validar,,a validar; preferir cancelamento logico,a validar,a validar,a validar por fluxo dinamico,a validar,strings executaveis,confirmado por UI
Cadastro de Grupo 2,Estoque,inclusao,Nao classificado,a validar,a validar,,a validar; preferir cancelamento logico,a validar,a validar,a validar por fluxo dinamico,a validar,strings executaveis,confirmado por UI
Cadastro de Grupo 3,Estoque,inclusao,Nao classificado,a validar,a validar,,a validar; preferir cancelamento logico,a validar,a validar,a validar por fluxo dinamico,a validar,strings executaveis,confirmado por UI
Cadastro de Grupo 4,Estoque,inclusao,Nao classificado,a validar,a validar,,a validar; preferir cancelamento logico,a validar,a validar,a validar por fluxo dinamico,a validar,strings executaveis,confirmado por UI
Cadastro de Grupo de Produto,Estoque,inclusao,Nao classificado,a validar,a validar,,a validar; preferir cancelamento logico,a validar,a validar,a validar por fluxo dinamico,a validar,strings executaveis,confirmado por UI
Cadastro de Localiza,Estoque,inclusao,Nao classificado,a validar,a validar,,a validar; preferir cancelamento logico,a validar,a validar,a validar por fluxo dinamico,a validar,strings executaveis,confirmado por UI
Cadastro de Marcas,Estoque,inclusao,Produtos/Servicos,a validar,a validar,,a validar; preferir cancelamento logico,a validar,a validar,a validar por fluxo dinamico,a validar,strings executaveis,confirmado por UI
Cadastro de Produtos,Estoque,inclusao,Nao classificado,a validar,a validar,,a validar; preferir cancelamento logico,a validar,a validar,a validar por fluxo dinamico,a validar,strings executaveis,confirmado por UI
Cadastro de Promo,Estoque,inclusao,Nao classificado,a validar,a validar,,a validar; preferir cancelamento logico,a validar,a validar,a validar por fluxo dinamico,a validar,strings executaveis,confirmado por UI
Cadastro de Roteiros,Estoque,inclusao,Nao classificado,a validar,a validar,,a validar; preferir cancelamento logico,a validar,a validar,a validar por fluxo dinamico,a validar,strings executaveis,confirmado por UI
Cadastro de Situa,Estoque,inclusao,Nao classificado,a validar,a validar,,a validar; preferir cancelamento logico,a validar,a validar,a validar por fluxo dinamico,a validar,strings executaveis,confirmado por UI
Cadastro de Unidade de Produto,Estoque,inclusao,Nao classificado,a validar,a validar,,a validar; preferir cancelamento logico,a validar,a validar,a validar por fluxo dinamico,a validar,strings executaveis,confirmado por UI
Cadastro Legisla,Estoque,inclusao,Nao classificado,a validar,a validar,,a validar; preferir cancelamento logico,a validar,a validar,a validar por fluxo dinamico,a validar,strings executaveis,confirmado por UI
CADASTRO N,Estoque,inclusao,Nao classificado,a validar,a validar,,a validar; preferir cancelamento logico,a validar,a validar,a validar por fluxo dinamico,a validar,strings executaveis,confirmado por UI
Cadastro Natureza da Opera,Estoque,inclusao,Nao classificado,a validar,a validar,,a validar; preferir cancelamento logico,a validar,a validar,a validar por fluxo dinamico,a validar,strings executaveis,confirmado por UI
Cadastro Promo,Estoque,inclusao,Nao classificado,a validar,a validar,,a validar; preferir cancelamento logico,a validar,a validar,a validar por fluxo dinamico,a validar,strings executaveis,confirmado por UI
Cadastros1,Estoque,inclusao,Nao classificado,a validar,a validar,,a validar; preferir cancelamento logico,a validar,a validar,a validar por fluxo dinamico,a validar,strings executaveis,confirmado por UI
Cadastros1L,Estoque,inclusao,Nao classificado,a validar,a validar,,a validar; preferir cancelamento logico,a validar,a validar,a validar por fluxo dinamico,a validar,strings executaveis,confirmado por UI
Cadastros3,Estoque,inclusao,Nao classificado,a validar,a validar,,a validar; preferir cancelamento logico,a validar,a validar,a validar por fluxo dinamico,a validar,strings executaveis,confirmado por UI
Cadastros3L,Estoque,inclusao,Nao classificado,a validar,a validar,,a validar; preferir cancelamento logico,a validar,a validar,a validar por fluxo dinamico,a validar,strings executaveis,confirmado por UI
CadClientes,Estoque,consulta/abre tela,Nao classificado,a validar,,,a validar; preferir cancelamento logico,a validar,a validar,a validar por fluxo dinamico,a validar,strings executaveis,confirmado por UI
CadSatCla,Estoque,consulta/abre tela,Notas/Fiscal,a validar,,,a validar; preferir cancelamento logico,a validar,a validar,a validar por fluxo dinamico,a validar,strings executaveis,confirmado por UI
Caixa,Estoque,consulta/abre tela,Financeiro,a validar,,,a validar; preferir cancelamento logico,a validar,a validar,a validar por fluxo dinamico,a validar,strings executaveis,confirmado por UI
CalPrxProduto,Estoque,consulta/abre tela,Nao classificado,a validar,,,a validar; preferir cancelamento logico,a validar,a validar,a validar por fluxo dinamico,a validar,strings executaveis,confirmado por UI
"Campos TipSat, CodSAt e SeqOcor n",Estoque,consulta/abre tela,Notas/Fiscal,a validar,,,a validar; preferir cancelamento logico,a validar,a validar,a validar por fluxo dinamico,a validar,strings executaveis,confirmado por UI
Cancel1Click,Estoque,cancelamento/exclusao,Ocorrencias/Auditoria,a validar,,a validar,a validar; preferir cancelamento logico,a validar,a validar,a validar por fluxo dinamico,a validar,strings executaveis,confirmado por UI
Cancela|Cancelamento,Estoque,cancelamento/exclusao,Ocorrencias/Auditoria,a validar,,a validar,a validar; preferir cancelamento logico,a validar,a validar,a validar por fluxo dinamico,a validar,strings executaveis,confirmado por UI
Cancela1Click,Estoque,cancelamento/exclusao,Ocorrencias/Auditoria,a validar,,a validar,a validar; preferir cancelamento logico,a validar,a validar,a validar por fluxo dinamico,a validar,strings executaveis,confirmado por UI
Cancela1Click#,Estoque,cancelamento/exclusao,Ocorrencias/Auditoria,a validar,,a validar,a validar; preferir cancelamento logico,a validar,a validar,a validar por fluxo dinamico,a validar,strings executaveis,confirmado por UI
CancelaClientes,Estoque,cancelamento/exclusao,Ocorrencias/Auditoria,a validar,,a validar,a validar; preferir cancelamento logico,a validar,a validar,a validar por fluxo dinamico,a validar,strings executaveis,confirmado por UI
Cancelado (Cadastro),Estoque,inclusao,Ocorrencias/Auditoria,a validar,a validar,,a validar; preferir cancelamento logico,a validar,a validar,a validar por fluxo dinamico,a validar,strings executaveis,confirmado por UI
Cancelados1Click,Estoque,cancelamento/exclusao,Ocorrencias/Auditoria,a validar,,a validar,a validar; preferir cancelamento logico,a validar,a validar,a validar por fluxo dinamico,a validar,strings executaveis,confirmado por UI
CancelaInclusodeProduto1,Estoque,cancelamento/exclusao,Ocorrencias/Auditoria,a validar,,a validar,a validar; preferir cancelamento logico,a validar,a validar,a validar por fluxo dinamico,a validar,strings executaveis,confirmado por UI
CancelaInclusodeProduto18,Estoque,cancelamento/exclusao,Ocorrencias/Auditoria,a validar,,a validar,a validar; preferir cancelamento logico,a validar,a validar,a validar por fluxo dinamico,a validar,strings executaveis,confirmado por UI
Cancelamento,Estoque,cancelamento/exclusao,Ocorrencias/Auditoria,a validar,,a validar,a validar; preferir cancelamento logico,a validar,a validar,a validar por fluxo dinamico,a validar,strings executaveis,confirmado por UI
Cancelamento de Cart,Estoque,cancelamento/exclusao,Ocorrencias/Auditoria,a validar,,a validar,a validar; preferir cancelamento logico,a validar,a validar,a validar por fluxo dinamico,a validar,strings executaveis,confirmado por UI
Cancelamento do Cliente Cod.:,Estoque,cancelamento/exclusao,Clientes,a validar,,a validar,a validar; preferir cancelamento logico,a validar,a validar,a validar por fluxo dinamico,a validar,strings executaveis,confirmado por UI
Cancelamento do Encerramento,Estoque,cancelamento/exclusao,Ocorrencias/Auditoria,a validar,,a validar,a validar; preferir cancelamento logico,a validar,a validar,a validar por fluxo dinamico,a validar,strings executaveis,confirmado por UI
Cancelamento do Estoque,Estoque,cancelamento/exclusao,Estoque,a validar,,a validar,a validar; preferir cancelamento logico,a validar,a validar,a validar por fluxo dinamico,a validar,strings executaveis,confirmado por UI
Cancelamento?,Estoque,cancelamento/exclusao,Ocorrencias/Auditoria,a validar,,a validar,a validar; preferir cancelamento logico,a validar,a validar,a validar por fluxo dinamico,a validar,strings executaveis,confirmado por UI
Cancelamento|Cancelamento do Lan,Estoque,cancelamento/exclusao,Ocorrencias/Auditoria,a validar,,a validar,a validar; preferir cancelamento logico,a validar,a validar,a validar por fluxo dinamico,a validar,strings executaveis,confirmado por UI
CancelamentodeCartoFidelidade1,Estoque,cancelamento/exclusao,Ocorrencias/Auditoria,a validar,,a validar,a validar; preferir cancelamento logico,a validar,a validar,a validar por fluxo dinamico,a validar,strings executaveis,confirmado por UI
CancelamentodoEncerramento1,Estoque,cancelamento/exclusao,Ocorrencias/Auditoria,a validar,,a validar,a validar; preferir cancelamento logico,a validar,a validar,a validar por fluxo dinamico,a validar,strings executaveis,confirmado por UI
CancelamentodoEncerramento18,Estoque,cancelamento/exclusao,Ocorrencias/Auditoria,a validar,,a validar,a validar; preferir cancelamento logico,a validar,a validar,a validar por fluxo dinamico,a validar,strings executaveis,confirmado por UI
CancelButtonClick,Estoque,cancelamento/exclusao,Ocorrencias/Auditoria,a validar,,a validar,a validar; preferir cancelamento logico,a validar,a validar,a validar por fluxo dinamico,a validar,strings executaveis,confirmado por UI
CancelClick,Estoque,cancelamento/exclusao,Ocorrencias/Auditoria,a validar,,a validar,a validar; preferir cancelamento logico,a validar,a validar,a validar por fluxo dinamico,a validar,strings executaveis,confirmado por UI
CarregaClientesInt,Estoque,consulta/abre tela,Nao classificado,a validar,,,a validar; preferir cancelamento logico,a validar,a validar,a validar por fluxo dinamico,a validar,strings executaveis,confirmado por UI
CarregaProdutos,Estoque,consulta/abre tela,Nao classificado,a validar,,,a validar; preferir cancelamento logico,a validar,a validar,a validar por fluxo dinamico,a validar,strings executaveis,confirmado por UI
cb_EmiteNota,Estoque,relatorio/impressao,Nao classificado,a validar,,,a validar; preferir cancelamento logico,a validar,a validar,a validar por fluxo dinamico,a validar,strings executaveis,confirmado por UI
Cb_ForDanfe,Estoque,consulta/abre tela,Notas/Fiscal,a validar,,,a validar; preferir cancelamento logico,a validar,a validar,a validar por fluxo dinamico,a validar,strings executaveis,confirmado por UI
Cb_ForDanfeChange,Estoque,financeiro/fechamento,Notas/Fiscal,a validar,,a validar,a validar; preferir cancelamento logico,a validar,a validar,a validar por fluxo dinamico,a validar,strings executaveis,confirmado por UI
Cb_ForDanfeExit,Estoque,consulta/abre tela,Notas/Fiscal,a validar,,,a validar; preferir cancelamento logico,a validar,a validar,a validar por fluxo dinamico,a validar,strings executaveis,confirmado por UI
Cb_ForEmiNFe,Estoque,consulta/abre tela,Notas/Fiscal,a validar,,,a validar; preferir cancelamento logico,a validar,a validar,a validar por fluxo dinamico,a validar,strings executaveis,confirmado por UI
Cb_ForEmiNFeChange,Estoque,financeiro/fechamento,Notas/Fiscal,a validar,,a validar,a validar; preferir cancelamento logico,a validar,a validar,a validar por fluxo dinamico,a validar,strings executaveis,confirmado por UI
Cb_ForEmiNFeExit,Estoque,consulta/abre tela,Notas/Fiscal,a validar,,,a validar; preferir cancelamento logico,a validar,a validar,a validar por fluxo dinamico,a validar,strings executaveis,confirmado por UI
Cb_ForEmiNFex,Estoque,consulta/abre tela,Notas/Fiscal,a validar,,,a validar; preferir cancelamento logico,a validar,a validar,a validar por fluxo dinamico,a validar,strings executaveis,confirmado por UI
CB_GravaNota,Estoque,consulta/abre tela,Ocorrencias/Auditoria,a validar,,,a validar; preferir cancelamento logico,a validar,a validar,a validar por fluxo dinamico,a validar,strings executaveis,confirmado por UI
CB_ImpressoNota,Estoque,relatorio/impressao,Nao classificado,a validar,,,a validar; preferir cancelamento logico,a validar,a validar,a validar por fluxo dinamico,a validar,strings executaveis,confirmado por UI
CB_ImprimiNumNota,Estoque,consulta/abre tela,Nao classificado,a validar,,,a validar; preferir cancelamento logico,a validar,a validar,a validar por fluxo dinamico,a validar,strings executaveis,confirmado por UI
CB_ImprimiNumNotaClick,Estoque,consulta/abre tela,Nao classificado,a validar,,,a validar; preferir cancelamento logico,a validar,a validar,a validar por fluxo dinamico,a validar,strings executaveis,confirmado por UI
Cb_NFeIdAmb,Estoque,consulta/abre tela,Notas/Fiscal,a validar,,,a validar; preferir cancelamento logico,a validar,a validar,a validar por fluxo dinamico,a validar,strings executaveis,confirmado por UI
Cb_NFeIdAmbChange,Estoque,consulta/abre tela,Notas/Fiscal,a validar,,,a validar; preferir cancelamento logico,a validar,a validar,a validar por fluxo dinamico,a validar,strings executaveis,confirmado por UI
Cb_NFeIdAmbExit,Estoque,consulta/abre tela,Notas/Fiscal,a validar,,,a validar; preferir cancelamento logico,a validar,a validar,a validar por fluxo dinamico,a validar,strings executaveis,confirmado por UI
CB_PortaNotaFiscal,Estoque,consulta/abre tela,Notas/Fiscal,a validar,,,a validar; preferir cancelamento logico,a validar,a validar,a validar por fluxo dinamico,a validar,strings executaveis,confirmado por UI
CB_PortaNotaFiscal$,Estoque,consulta/abre tela,Notas/Fiscal,a validar,,,a validar; preferir cancelamento logico,a validar,a validar,a validar por fluxo dinamico,a validar,strings executaveis,confirmado por UI
CB_TipoEntrega,Estoque,consulta/abre tela,Nao classificado,a validar,,,a validar; preferir cancelamento logico,a validar,a validar,a validar por fluxo dinamico,a validar,strings executaveis,confirmado por UI
CDS_ClientesInt,Estoque,consulta/abre tela,Nao classificado,a validar,,,a validar; preferir cancelamento logico,a validar,a validar,a validar por fluxo dinamico,a validar,strings executaveis,confirmado por UI
centinferior,Estoque,consulta/abre tela,Notas/Fiscal,a validar,,,a validar; preferir cancelamento logico,a validar,a validar,a validar por fluxo dinamico,a validar,strings executaveis,confirmado por UI
Ch_ImpNFe,Estoque,consulta/abre tela,Notas/Fiscal,a validar,,,a validar; preferir cancelamento logico,a validar,a validar,a validar por fluxo dinamico,a validar,strings executaveis,confirmado por UI
Ch_PerRefNfe,Estoque,consulta/abre tela,Notas/Fiscal,a validar,,,a validar; preferir cancelamento logico,a validar,a validar,a validar por fluxo dinamico,a validar,strings executaveis,confirmado por UI
ChamaTelaEstoque,Estoque,consulta/abre tela,Estoque,a validar,,,a validar; preferir cancelamento logico,a validar,a validar,a validar por fluxo dinamico,a validar,strings executaveis,confirmado por UI
ChamaTelaProduto,Estoque,consulta/abre tela,Nao classificado,a validar,,,a validar; preferir cancelamento logico,a validar,a validar,a validar por fluxo dinamico,a validar,strings executaveis,confirmado por UI
Chave NFe Ref.:,Estoque,consulta/abre tela,Notas/Fiscal,a validar,,,a validar; preferir cancelamento logico,a validar,a validar,a validar por fluxo dinamico,a validar,strings executaveis,confirmado por UI
CheckMenuItem,Estoque,consulta/abre tela,Nao classificado,a validar,,,a validar; preferir cancelamento logico,a validar,a validar,a validar por fluxo dinamico,a validar,strings executaveis,confirmado por UI
ciwa deklaracja notacji,Estoque,consulta/abre tela,Nao classificado,a validar,,,a validar; preferir cancelamento logico,a validar,a validar,a validar por fluxo dinamico,a validar,strings executaveis,confirmado por UI
claration de notation,Estoque,consulta/abre tela,Nao classificado,a validar,,,a validar; preferir cancelamento logico,a validar,a validar,a validar por fluxo dinamico,a validar,strings executaveis,confirmado por UI
claration de notation invalide,Estoque,consulta/abre tela,Nao classificado,a validar,,,a validar; preferir cancelamento logico,a validar,a validar,a validar por fluxo dinamico,a validar,strings executaveis,confirmado por UI
Cliente,Estoque,consulta/abre tela,Clientes,a validar,,,a validar; preferir cancelamento logico,a validar,a validar,a validar por fluxo dinamico,a validar,strings executaveis,confirmado por UI
Cliente Cancelado,Estoque,cancelamento/exclusao,Clientes,a validar,,a validar,a validar; preferir cancelamento logico,a validar,a validar,a validar por fluxo dinamico,a validar,strings executaveis,confirmado por UI
Cliente est,Estoque,consulta/abre tela,Clientes,a validar,,,a validar; preferir cancelamento logico,a validar,a validar,a validar por fluxo dinamico,a validar,strings executaveis,confirmado por UI
Cliente inv,Estoque,consulta/abre tela,Clientes,a validar,,,a validar; preferir cancelamento logico,a validar,a validar,a validar por fluxo dinamico,a validar,strings executaveis,confirmado por UI
Cliente j,Estoque,consulta/abre tela,Clientes,a validar,,,a validar; preferir cancelamento logico,a validar,a validar,a validar por fluxo dinamico,a validar,strings executaveis,confirmado por UI
Cliente N,Estoque,consulta/abre tela,Clientes,a validar,,,a validar; preferir cancelamento logico,a validar,a validar,a validar por fluxo dinamico,a validar,strings executaveis,confirmado por UI
Cliente/Fornecedor,Estoque,consulta/abre tela,Clientes,a validar,,,a validar; preferir cancelamento logico,a validar,a validar,a validar por fluxo dinamico,a validar,strings executaveis,confirmado por UI
Cliente/Fornecedor/,Estoque,consulta/abre tela,Clientes,a validar,,,a validar; preferir cancelamento logico,a validar,a validar,a validar por fluxo dinamico,a validar,strings executaveis,confirmado por UI
Clientes,Estoque,consulta/abre tela,Clientes,a validar,,,a validar; preferir cancelamento logico,a validar,a validar,a validar por fluxo dinamico,a validar,strings executaveis,confirmado por UI
clientes_compacto,Estoque,consulta/abre tela,Nao classificado,a validar,,,a validar; preferir cancelamento logico,a validar,a validar,a validar por fluxo dinamico,a validar,strings executaveis,confirmado por UI
Clientes_FC,Estoque,consulta/abre tela,Nao classificado,a validar,,,a validar; preferir cancelamento logico,a validar,a validar,a validar por fluxo dinamico,a validar,strings executaveis,confirmado por UI
Clientes_FM,Estoque,consulta/abre tela,Nao classificado,a validar,,,a validar; preferir cancelamento logico,a validar,a validar,a validar por fluxo dinamico,a validar,strings executaveis,confirmado por UI
Clientes_FM.DS_TmpCliPromAcu,Estoque,consulta/abre tela,Nao classificado,a validar,,,a validar; preferir cancelamento logico,a validar,a validar,a validar por fluxo dinamico,a validar,strings executaveis,confirmado por UI
Clientes_FM.DS_TmpGerDadFlex,Estoque,consulta/abre tela,Nao classificado,a validar,,,a validar; preferir cancelamento logico,a validar,a validar,a validar por fluxo dinamico,a validar,strings executaveis,confirmado por UI
Clientes_FM.Tb_CadCart,Estoque,consulta/abre tela,Nao classificado,a validar,,,a validar; preferir cancelamento logico,a validar,a validar,a validar por fluxo dinamico,a validar,strings executaveis,confirmado por UI
Clientes.DB,Estoque,consulta/abre tela,Clientes,a validar,,,a validar; preferir cancelamento logico,a validar,a validar,a validar por fluxo dinamico,a validar,strings executaveis,confirmado por UI
ClientesF5_FP,Estoque,consulta/abre tela,Nao classificado,a validar,,,a validar; preferir cancelamento logico,a validar,a validar,a validar por fluxo dinamico,a validar,strings executaveis,confirmado por UI
ClientesF5_p,Estoque,consulta/abre tela,Nao classificado,a validar,,,a validar; preferir cancelamento logico,a validar,a validar,a validar por fluxo dinamico,a validar,strings executaveis,confirmado por UI
ClientesInt,Estoque,consulta/abre tela,Nao classificado,a validar,,,a validar; preferir cancelamento logico,a validar,a validar,a validar por fluxo dinamico,a validar,strings executaveis,confirmado por UI
ClientesMar,Estoque,consulta/abre tela,Nao classificado,a validar,,,a validar; preferir cancelamento logico,a validar,a validar,a validar por fluxo dinamico,a validar,strings executaveis,confirmado por UI
Co&nfer,Estoque,consulta/abre tela,Notas/Fiscal,a validar,,,a validar; preferir cancelamento logico,a validar,a validar,a validar por fluxo dinamico,a validar,strings executaveis,confirmado por UI
Cod Produto,Estoque,consulta/abre tela,Nao classificado,a validar,,,a validar; preferir cancelamento logico,a validar,a validar,a validar por fluxo dinamico,a validar,strings executaveis,confirmado por UI
Cod. Mun. Cliente,Estoque,consulta/abre tela,Clientes,a validar,,,a validar; preferir cancelamento logico,a validar,a validar,a validar por fluxo dinamico,a validar,strings executaveis,confirmado por UI
CodSat,Estoque,consulta/abre tela,Notas/Fiscal,a validar,,,a validar; preferir cancelamento logico,a validar,a validar,a validar por fluxo dinamico,a validar,strings executaveis,confirmado por UI
CodUsuario,Estoque,consulta/abre tela,Nao classificado,a validar,,,a validar; preferir cancelamento logico,a validar,a validar,a validar por fluxo dinamico,a validar,strings executaveis,confirmado por UI
CodUsuario;NomUsuario,Estoque,consulta/abre tela,Nao classificado,a validar,,,a validar; preferir cancelamento logico,a validar,a validar,a validar por fluxo dinamico,a validar,strings executaveis,confirmado por UI
commainferior,Estoque,consulta/abre tela,Notas/Fiscal,a validar,,,a validar; preferir cancelamento logico,a validar,a validar,a validar por fluxo dinamico,a validar,strings executaveis,confirmado por UI
coModifyAnnotation,Estoque,consulta/abre tela,Nao classificado,a validar,,,a validar; preferir cancelamento logico,a validar,a validar,a validar por fluxo dinamico,a validar,strings executaveis,confirmado por UI
Complemento de Produto,Estoque,consulta/abre tela,Nao classificado,a validar,,,a validar; preferir cancelamento logico,a validar,a validar,a validar por fluxo dinamico,a validar,strings executaveis,confirmado por UI
ConfigNFe,Estoque,consulta/abre tela,Notas/Fiscal,a validar,,,a validar; preferir cancelamento logico,a validar,a validar,a validar por fluxo dinamico,a validar,strings executaveis,confirmado por UI
ConfigNFeClick,Estoque,consulta/abre tela,Notas/Fiscal,a validar,,,a validar; preferir cancelamento logico,a validar,a validar,a validar por fluxo dinamico,a validar,strings executaveis,confirmado por UI
ConfiguraImpressora1Click,Estoque,relatorio/impressao,Configuracao/Admin,a validar,,,a validar; preferir cancelamento logico,a validar,a validar,a validar por fluxo dinamico,a validar,strings executaveis,confirmado por UI
Confirma Ativar o Cliente,Estoque,consulta/abre tela,Clientes,a validar,,,a validar; preferir cancelamento logico,a validar,a validar,a validar por fluxo dinamico,a validar,strings executaveis,confirmado por UI
Confirma Cancelamento,Estoque,cancelamento/exclusao,Ocorrencias/Auditoria,a validar,,a validar,a validar; preferir cancelamento logico,a validar,a validar,a validar por fluxo dinamico,a validar,strings executaveis,confirmado por UI
Confirma cancelamento do pacote.,Estoque,cancelamento/exclusao,Ocorrencias/Auditoria,a validar,,a validar,a validar; preferir cancelamento logico,a validar,a validar,a validar por fluxo dinamico,a validar,strings executaveis,confirmado por UI
Confirma Cancelamento?,Estoque,cancelamento/exclusao,Ocorrencias/Auditoria,a validar,,a validar,a validar; preferir cancelamento logico,a validar,a validar,a validar por fluxo dinamico,a validar,strings executaveis,confirmado por UI
Confirma Desativar o Cliente,Estoque,consulta/abre tela,Clientes,a validar,,,a validar; preferir cancelamento logico,a validar,a validar,a validar por fluxo dinamico,a validar,strings executaveis,confirmado por UI
Confirma o cancelamento do Clientes,Estoque,cancelamento/exclusao,Clientes,a validar,,a validar,a validar; preferir cancelamento logico,a validar,a validar,a validar por fluxo dinamico,a validar,strings executaveis,confirmado por UI
Confirma o Estorno do cancelamento do Cliente,Estoque,cancelamento/exclusao,Clientes,a validar,,a validar,a validar; preferir cancelamento logico,a validar,a validar,a validar por fluxo dinamico,a validar,strings executaveis,confirmado por UI
ConfNFe,Estoque,consulta/abre tela,Notas/Fiscal,a validar,,,a validar; preferir cancelamento logico,a validar,a validar,a validar por fluxo dinamico,a validar,strings executaveis,confirmado por UI
ConfNFe_FM,Estoque,consulta/abre tela,Notas/Fiscal,a validar,,,a validar; preferir cancelamento logico,a validar,a validar,a validar por fluxo dinamico,a validar,strings executaveis,confirmado por UI
Consistencia do Produto,Estoque,consulta/abre tela,Nao classificado,a validar,,,a validar; preferir cancelamento logico,a validar,a validar,a validar por fluxo dinamico,a validar,strings executaveis,confirmado por UI
Consulta,Estoque,consulta/abre tela,Nao classificado,a validar,,,a validar; preferir cancelamento logico,a validar,a validar,a validar por fluxo dinamico,a validar,strings executaveis,confirmado por UI
Consulta fidelidade,Estoque,consulta/abre tela,Nao classificado,a validar,,,a validar; preferir cancelamento logico,a validar,a validar,a validar por fluxo dinamico,a validar,strings executaveis,confirmado por UI
Consulta Local,Estoque,consulta/abre tela,Nao classificado,a validar,,,a validar; preferir cancelamento logico,a validar,a validar,a validar por fluxo dinamico,a validar,strings executaveis,confirmado por UI
Consulta|Consulta do Lan,Estoque,consulta/abre tela,Nao classificado,a validar,,,a validar; preferir cancelamento logico,a validar,a validar,a validar por fluxo dinamico,a validar,strings executaveis,confirmado por UI
Consulta1,Estoque,consulta/abre tela,Nao classificado,a validar,,,a validar; preferir cancelamento logico,a validar,a validar,a validar por fluxo dinamico,a validar,strings executaveis,confirmado por UI
ConsultaCep,Estoque,consulta/abre tela,Nao classificado,a validar,,,a validar; preferir cancelamento logico,a validar,a validar,a validar por fluxo dinamico,a validar,strings executaveis,confirmado por UI
ConsultaNCarto1,Estoque,consulta/abre tela,Nao classificado,a validar,,,a validar; preferir cancelamento logico,a validar,a validar,a validar por fluxo dinamico,a validar,strings executaveis,confirmado por UI
ConsultaNCpfCnpj1,Estoque,consulta/abre tela,Nao classificado,a validar,,,a validar; preferir cancelamento logico,a validar,a validar,a validar por fluxo dinamico,a validar,strings executaveis,confirmado por UI
Consultar,Estoque,consulta/abre tela,Nao classificado,a validar,,,a validar; preferir cancelamento logico,a validar,a validar,a validar por fluxo dinamico,a validar,strings executaveis,confirmado por UI
Consultas &R,Estoque,consulta/abre tela,Nao classificado,a validar,,,a validar; preferir cancelamento logico,a validar,a validar,a validar por fluxo dinamico,a validar,strings executaveis,confirmado por UI
Consultas R,Estoque,consulta/abre tela,Nao classificado,a validar,,,a validar; preferir cancelamento logico,a validar,a validar,a validar por fluxo dinamico,a validar,strings executaveis,confirmado por UI
ConsultasRpidas1,Estoque,consulta/abre tela,Nao classificado,a validar,,,a validar; preferir cancelamento logico,a validar,a validar,a validar por fluxo dinamico,a validar,strings executaveis,confirmado por UI
ConsultasRpidas1Click,Estoque,consulta/abre tela,Nao classificado,a validar,,,a validar; preferir cancelamento logico,a validar,a validar,a validar por fluxo dinamico,a validar,strings executaveis,confirmado por UI
Continua na Nota,Estoque,consulta/abre tela,Nao classificado,a validar,,,a validar; preferir cancelamento logico,a validar,a validar,a validar por fluxo dinamico,a validar,strings executaveis,confirmado por UI
ControlaSenha,Estoque,consulta/abre tela,Nao classificado,a validar,,,a validar; preferir cancelamento logico,a validar,a validar,a validar por fluxo dinamico,a validar,strings executaveis,confirmado por UI
Controle de Saida do Estoque,Estoque,consulta/abre tela,Estoque,a validar,,,a validar; preferir cancelamento logico,a validar,a validar,a validar por fluxo dinamico,a validar,strings executaveis,confirmado por UI
CorSatCla,Estoque,consulta/abre tela,Notas/Fiscal,a validar,,,a validar; preferir cancelamento logico,a validar,a validar,a validar por fluxo dinamico,a validar,strings executaveis,confirmado por UI
CorSatClaF,Estoque,consulta/abre tela,Notas/Fiscal,a validar,,,a validar; preferir cancelamento logico,a validar,a validar,a validar por fluxo dinamico,a validar,strings executaveis,confirmado por UI
d Cliente,Estoque,consulta/abre tela,Clientes,a validar,,,a validar; preferir cancelamento logico,a validar,a validar,a validar por fluxo dinamico,a validar,strings executaveis,confirmado por UI
da de estoque manual,Estoque,consulta/abre tela,Estoque,a validar,,,a validar; preferir cancelamento logico,a validar,a validar,a validar por fluxo dinamico,a validar,strings executaveis,confirmado por UI
DADOS DO CLIENTE,Estoque,consulta/abre tela,Clientes,a validar,,,a validar; preferir cancelamento logico,a validar,a validar,a validar por fluxo dinamico,a validar,strings executaveis,confirmado por UI
Data do Cancelamento,Estoque,cancelamento/exclusao,Ocorrencias/Auditoria,a validar,,a validar,a validar; preferir cancelamento logico,a validar,a validar,a validar por fluxo dinamico,a validar,strings executaveis,confirmado por UI
DataFieldCancelBtnClick,Estoque,cancelamento/exclusao,Ocorrencias/Auditoria,a validar,,a validar,a validar; preferir cancelamento logico,a validar,a validar,a validar por fluxo dinamico,a validar,strings executaveis,confirmado por UI
DatAnota,Estoque,consulta/abre tela,Ocorrencias/Auditoria,a validar,,,a validar; preferir cancelamento logico,a validar,a validar,a validar por fluxo dinamico,a validar,strings executaveis,confirmado por UI
DB_Clientes,Estoque,consulta/abre tela,Nao classificado,a validar,,,a validar; preferir cancelamento logico,a validar,a validar,a validar por fluxo dinamico,a validar,strings executaveis,confirmado por UI
DB_ClientesDrawDataCell,Estoque,consulta/abre tela,Nao classificado,a validar,,,a validar; preferir cancelamento logico,a validar,a validar,a validar por fluxo dinamico,a validar,strings executaveis,confirmado por UI
DB_ClientesKeyPress,Estoque,consulta/abre tela,Nao classificado,a validar,,,a validar; preferir cancelamento logico,a validar,a validar,a validar por fluxo dinamico,a validar,strings executaveis,confirmado por UI
DB_Produtos,Estoque,consulta/abre tela,Nao classificado,a validar,,,a validar; preferir cancelamento logico,a validar,a validar,a validar por fluxo dinamico,a validar,strings executaveis,confirmado por UI
DB_ProdutosCellClick,Estoque,consulta/abre tela,Nao classificado,a validar,,,a validar; preferir cancelamento logico,a validar,a validar,a validar por fluxo dinamico,a validar,strings executaveis,confirmado por UI
DB_ProdutosColEnter,Estoque,consulta/abre tela,Nao classificado,a validar,,,a validar; preferir cancelamento logico,a validar,a validar,a validar por fluxo dinamico,a validar,strings executaveis,confirmado por UI
DB_ProdutosDrawColumnCell,Estoque,consulta/abre tela,Nao classificado,a validar,,,a validar; preferir cancelamento logico,a validar,a validar,a validar por fluxo dinamico,a validar,strings executaveis,confirmado por UI
DB_ProdutosKeyPress,Estoque,consulta/abre tela,Nao classificado,a validar,,,a validar; preferir cancelamento logico,a validar,a validar,a validar por fluxo dinamico,a validar,strings executaveis,confirmado por UI
DB_ProdutosKeyUp,Estoque,consulta/abre tela,Nao classificado,a validar,,,a validar; preferir cancelamento logico,a validar,a validar,a validar por fluxo dinamico,a validar,strings executaveis,confirmado por UI
DBG_BancoCaixa,Estoque,consulta/abre tela,Financeiro,a validar,,,a validar; preferir cancelamento logico,a validar,a validar,a validar por fluxo dinamico,a validar,strings executaveis,confirmado por UI
DBG_Cadastros,Estoque,inclusao,Nao classificado,a validar,a validar,,a validar; preferir cancelamento logico,a validar,a validar,a validar por fluxo dinamico,a validar,strings executaveis,confirmado por UI
DBG_CadastrosDblClick,Estoque,inclusao,Nao classificado,a validar,a validar,,a validar; preferir cancelamento logico,a validar,a validar,a validar por fluxo dinamico,a validar,strings executaveis,confirmado por UI
DBG_CadastrosKeyPress,Estoque,inclusao,Nao classificado,a validar,a validar,,a validar; preferir cancelamento logico,a validar,a validar,a validar por fluxo dinamico,a validar,strings executaveis,confirmado por UI
DBG_ClientesF5,Estoque,consulta/abre tela,Nao classificado,a validar,,,a validar; preferir cancelamento logico,a validar,a validar,a validar por fluxo dinamico,a validar,strings executaveis,confirmado por UI
DBG_ClientesF5CellClick,Estoque,consulta/abre tela,Nao classificado,a validar,,,a validar; preferir cancelamento logico,a validar,a validar,a validar por fluxo dinamico,a validar,strings executaveis,confirmado por UI
DBG_ClientesF5DblClick,Estoque,consulta/abre tela,Nao classificado,a validar,,,a validar; preferir cancelamento logico,a validar,a validar,a validar por fluxo dinamico,a validar,strings executaveis,confirmado por UI
DBG_ClientesF5DrawColumnCell,Estoque,consulta/abre tela,Nao classificado,a validar,,,a validar; preferir cancelamento logico,a validar,a validar,a validar por fluxo dinamico,a validar,strings executaveis,confirmado por UI
DBG_ClientesF5DrawDataCell,Estoque,consulta/abre tela,Nao classificado,a validar,,,a validar; preferir cancelamento logico,a validar,a validar,a validar por fluxo dinamico,a validar,strings executaveis,confirmado por UI
DBG_ClientesF5KeyPress,Estoque,consulta/abre tela,Nao classificado,a validar,,,a validar; preferir cancelamento logico,a validar,a validar,a validar por fluxo dinamico,a validar,strings executaveis,confirmado por UI
DBG_ClientesF5T,Estoque,consulta/abre tela,Nao classificado,a validar,,,a validar; preferir cancelamento logico,a validar,a validar,a validar por fluxo dinamico,a validar,strings executaveis,confirmado por UI
DBG_ClientesInt,Estoque,consulta/abre tela,Nao classificado,a validar,,,a validar; preferir cancelamento logico,a validar,a validar,a validar por fluxo dinamico,a validar,strings executaveis,confirmado por UI
DBG_ClientesIntDrawColumnCell,Estoque,consulta/abre tela,Nao classificado,a validar,,,a validar; preferir cancelamento logico,a validar,a validar,a validar por fluxo dinamico,a validar,strings executaveis,confirmado por UI
DBGrid_ProdutosKit,Estoque,consulta/abre tela,Nao classificado,a validar,,,a validar; preferir cancelamento logico,a validar,a validar,a validar por fluxo dinamico,a validar,strings executaveis,confirmado por UI
DBLCB_CodUsuario,Estoque,consulta/abre tela,Nao classificado,a validar,,,a validar; preferir cancelamento logico,a validar,a validar,a validar por fluxo dinamico,a validar,strings executaveis,confirmado por UI
DBLCB_CodUsuario(,Estoque,consulta/abre tela,Nao classificado,a validar,,,a validar; preferir cancelamento logico,a validar,a validar,a validar por fluxo dinamico,a validar,strings executaveis,confirmado por UI
DBLCB_CodUsuarioDropDown,Estoque,consulta/abre tela,Nao classificado,a validar,,,a validar; preferir cancelamento logico,a validar,a validar,a validar por fluxo dinamico,a validar,strings executaveis,confirmado por UI
DBLCB_CodUsuarioEnter,Estoque,consulta/abre tela,Nao classificado,a validar,,,a validar; preferir cancelamento logico,a validar,a validar,a validar por fluxo dinamico,a validar,strings executaveis,confirmado por UI
DBLCB_CodUsuarioExit,Estoque,consulta/abre tela,Nao classificado,a validar,,,a validar; preferir cancelamento logico,a validar,a validar,a validar por fluxo dinamico,a validar,strings executaveis,confirmado por UI
DBLCB_CodUsuarioKeyPress,Estoque,consulta/abre tela,Nao classificado,a validar,,,a validar; preferir cancelamento logico,a validar,a validar,a validar por fluxo dinamico,a validar,strings executaveis,confirmado por UI
DBLCB_Estoque,Estoque,consulta/abre tela,Estoque,a validar,,,a validar; preferir cancelamento logico,a validar,a validar,a validar por fluxo dinamico,a validar,strings executaveis,confirmado por UI
DBLCB_Estoque`,Estoque,consulta/abre tela,Estoque,a validar,,,a validar; preferir cancelamento logico,a validar,a validar,a validar por fluxo dinamico,a validar,strings executaveis,confirmado por UI
DBLCB_EstoqueChange,Estoque,consulta/abre tela,Estoque,a validar,,,a validar; preferir cancelamento logico,a validar,a validar,a validar por fluxo dinamico,a validar,strings executaveis,confirmado por UI
DBLCB_EstoqueChange%,Estoque,consulta/abre tela,Estoque,a validar,,,a validar; preferir cancelamento logico,a validar,a validar,a validar por fluxo dinamico,a validar,strings executaveis,confirmado por UI
DBLCB_ResUsuario,Estoque,consulta/abre tela,Nao classificado,a validar,,,a validar; preferir cancelamento logico,a validar,a validar,a validar por fluxo dinamico,a validar,strings executaveis,confirmado por UI
DBLCB_ResUsuarioExit,Estoque,consulta/abre tela,Nao classificado,a validar,,,a validar; preferir cancelamento logico,a validar,a validar,a validar por fluxo dinamico,a validar,strings executaveis,confirmado por UI
DBT_Estoque,Estoque,consulta/abre tela,Estoque,a validar,,,a validar; preferir cancelamento logico,a validar,a validar,a validar por fluxo dinamico,a validar,strings executaveis,confirmado por UI
DBT_Estoque<,Estoque,consulta/abre tela,Estoque,a validar,,,a validar; preferir cancelamento logico,a validar,a validar,a validar por fluxo dinamico,a validar,strings executaveis,confirmado por UI
DesAnota,Estoque,consulta/abre tela,Ocorrencias/Auditoria,a validar,,,a validar; preferir cancelamento logico,a validar,a validar,a validar por fluxo dinamico,a validar,strings executaveis,confirmado por UI
Desativa-F2,Estoque,consulta/abre tela,Notas/Fiscal,a validar,,,a validar; preferir cancelamento logico,a validar,a validar,a validar por fluxo dinamico,a validar,strings executaveis,confirmado por UI
Desativado,Estoque,consulta/abre tela,Notas/Fiscal,a validar,,,a validar; preferir cancelamento logico,a validar,a validar,a validar por fluxo dinamico,a validar,strings executaveis,confirmado por UI
Desativado =,Estoque,consulta/abre tela,Notas/Fiscal,a validar,,,a validar; preferir cancelamento logico,a validar,a validar,a validar por fluxo dinamico,a validar,strings executaveis,confirmado por UI
&Cadastros,Financeiro,inclusao,Nao classificado,a validar,a validar,,a validar; preferir cancelamento logico,a validar,a validar,a validar por fluxo dinamico,a validar,strings executaveis,confirmado por UI
da Nota Fiscal a ser Impressa,Financeiro,relatorio/impressao,Notas/Fiscal,a validar,,,a validar; preferir cancelamento logico,a validar,a validar,a validar por fluxo dinamico,a validar,strings executaveis,confirmado por UI
deseja imprimir o relat,Financeiro,relatorio/impressao,Nao classificado,a validar,,,a validar; preferir cancelamento logico,a validar,a validar,a validar por fluxo dinamico,a validar,strings executaveis,confirmado por UI
Order By CodUsuario,Financeiro,consulta/abre tela,Nao classificado,a validar,,,a validar; preferir cancelamento logico,a validar,a validar,a validar por fluxo dinamico,a validar,strings executaveis,confirmado por UI
-Cliente:,Financeiro,consulta/abre tela,Clientes,a validar,,,a validar; preferir cancelamento logico,a validar,a validar,a validar por fluxo dinamico,a validar,strings executaveis,confirmado por UI
-Clientes de,Financeiro,consulta/abre tela,Clientes,a validar,,,a validar; preferir cancelamento logico,a validar,a validar,a validar por fluxo dinamico,a validar,strings executaveis,confirmado por UI
-Ordem: Cliente,Financeiro,consulta/abre tela,Clientes,a validar,,,a validar; preferir cancelamento logico,a validar,a validar,a validar por fluxo dinamico,a validar,strings executaveis,confirmado por UI
-Ordem: Cliente(Nome),Financeiro,consulta/abre tela,Clientes,a validar,,,a validar; preferir cancelamento logico,a validar,a validar,a validar por fluxo dinamico,a validar,strings executaveis,confirmado por UI
-Ordem: Cliente(Raz,Financeiro,consulta/abre tela,Clientes,a validar,,,a validar; preferir cancelamento logico,a validar,a validar,a validar por fluxo dinamico,a validar,strings executaveis,confirmado por UI
:\EquipExe\EquSat,Financeiro,consulta/abre tela,Notas/Fiscal,a validar,,,a validar; preferir cancelamento logico,a validar,a validar,a validar por fluxo dinamico,a validar,strings executaveis,confirmado por UI
:\EquipExe\EquSat.Ini,Financeiro,consulta/abre tela,Notas/Fiscal,a validar,,,a validar; preferir cancelamento logico,a validar,a validar,a validar por fluxo dinamico,a validar,strings executaveis,confirmado por UI
":Clientes"" C",Financeiro,consulta/abre tela,Clientes,a validar,,,a validar; preferir cancelamento logico,a validar,a validar,a validar por fluxo dinamico,a validar,strings executaveis,confirmado por UI
!Imprime Nome do cliente no Boleto,Financeiro,consulta/abre tela,Clientes,a validar,,,a validar; preferir cancelamento logico,a validar,a validar,a validar por fluxo dinamico,a validar,strings executaveis,confirmado por UI
(Financeiro - Sistema Controle Financeiro,Financeiro,consulta/abre tela,Configuracao/Admin,a validar,,,a validar; preferir cancelamento logico,a validar,a validar,a validar por fluxo dinamico,a validar,strings executaveis,confirmado por UI
)S:\BaseTestes\Usuarios\Arnaldo\Ger\Filial,Financeiro,consulta/abre tela,Usuarios/Permissoes,a validar,,,a validar; preferir cancelamento logico,a validar,a validar,a validar por fluxo dinamico,a validar,strings executaveis,confirmado por UI
*Cliente,Financeiro,consulta/abre tela,Clientes,a validar,,,a validar; preferir cancelamento logico,a validar,a validar,a validar por fluxo dinamico,a validar,strings executaveis,confirmado por UI
"\Clientes"" C",Financeiro,consulta/abre tela,Clientes,a validar,,,a validar; preferir cancelamento logico,a validar,a validar,a validar por fluxo dinamico,a validar,strings executaveis,confirmado por UI
&Cadastro de Ajustes Autom,Financeiro,inclusao,Nao classificado,a validar,a validar,,a validar; preferir cancelamento logico,a validar,a validar,a validar por fluxo dinamico,a validar,strings executaveis,confirmado por UI
&Cancelamento,Financeiro,cancelamento/exclusao,Ocorrencias/Auditoria,a validar,,a validar,a validar; preferir cancelamento logico,a validar,a validar,a validar por fluxo dinamico,a validar,strings executaveis,confirmado por UI
&Cliente,Financeiro,consulta/abre tela,Clientes,a validar,,,a validar; preferir cancelamento logico,a validar,a validar,a validar por fluxo dinamico,a validar,strings executaveis,confirmado por UI
&Clientes,Financeiro,consulta/abre tela,Clientes,a validar,,,a validar; preferir cancelamento logico,a validar,a validar,a validar por fluxo dinamico,a validar,strings executaveis,confirmado por UI
&Consulta,Financeiro,consulta/abre tela,Nao classificado,a validar,,,a validar; preferir cancelamento logico,a validar,a validar,a validar por fluxo dinamico,a validar,strings executaveis,confirmado por UI
&Geral Ajuste de Cadastro,Financeiro,inclusao,Nao classificado,a validar,a validar,,a validar; preferir cancelamento logico,a validar,a validar,a validar por fluxo dinamico,a validar,strings executaveis,confirmado por UI
&Individual Ajuste de Cadastro,Financeiro,inclusao,Nao classificado,a validar,a validar,,a validar; preferir cancelamento logico,a validar,a validar,a validar por fluxo dinamico,a validar,strings executaveis,confirmado por UI
&Relat,Financeiro,relatorio/impressao,Nao classificado,a validar,,,a validar; preferir cancelamento logico,a validar,a validar,a validar por fluxo dinamico,a validar,strings executaveis,confirmado por UI
&Senha,Financeiro,consulta/abre tela,Nao classificado,a validar,,,a validar; preferir cancelamento logico,a validar,a validar,a validar por fluxo dinamico,a validar,strings executaveis,confirmado por UI
&Sobre o Sistema Financeiro,Financeiro,consulta/abre tela,Configuracao/Admin,a validar,,,a validar; preferir cancelamento logico,a validar,a validar,a validar por fluxo dinamico,a validar,strings executaveis,confirmado por UI
"+ ""z:\EquipExe\Ger\Dados\Clientes"" C",Financeiro,consulta/abre tela,Clientes,a validar,,,a validar; preferir cancelamento logico,a validar,a validar,a validar por fluxo dinamico,a validar,strings executaveis,confirmado por UI
|Inicio da Nota,Financeiro,consulta/abre tela,Configuracao/Admin,a validar,,,a validar; preferir cancelamento logico,a validar,a validar,a validar por fluxo dinamico,a validar,strings executaveis,confirmado por UI
|LogoMarca do cliente,Financeiro,consulta/abre tela,Clientes,a validar,,,a validar; preferir cancelamento logico,a validar,a validar,a validar por fluxo dinamico,a validar,strings executaveis,confirmado por UI
|Nome do Cliente,Financeiro,consulta/abre tela,Clientes,a validar,,,a validar; preferir cancelamento logico,a validar,a validar,a validar por fluxo dinamico,a validar,strings executaveis,confirmado por UI
|Senha do usu,Financeiro,consulta/abre tela,Nao classificado,a validar,,,a validar; preferir cancelamento logico,a validar,a validar,a validar por fluxo dinamico,a validar,strings executaveis,confirmado por UI
"0Select * From ""C:\Equipexe\Ger\Dados\Clientes"" C",Financeiro,consulta/abre tela,Clientes,a validar,,,a validar; preferir cancelamento logico,a validar,a validar,a validar por fluxo dinamico,a validar,strings executaveis,confirmado por UI
1-Cadastros,Financeiro,inclusao,Nao classificado,a validar,a validar,,a validar; preferir cancelamento logico,a validar,a validar,a validar por fluxo dinamico,a validar,strings executaveis,confirmado por UI
1-Notas ( Faturamento ),Financeiro,consulta/abre tela,Nao classificado,a validar,,,a validar; preferir cancelamento logico,a validar,a validar,a validar por fluxo dinamico,a validar,strings executaveis,confirmado por UI
3-Cadastro e Lactos.,Financeiro,inclusao,Nao classificado,a validar,a validar,,a validar; preferir cancelamento logico,a validar,a validar,a validar por fluxo dinamico,a validar,strings executaveis,confirmado por UI
4-Menos Caixa,Financeiro,consulta/abre tela,Financeiro,a validar,,,a validar; preferir cancelamento logico,a validar,a validar,a validar por fluxo dinamico,a validar,strings executaveis,confirmado por UI
AbreCepFacil,Financeiro,consulta/abre tela,Nao classificado,a validar,,,a validar; preferir cancelamento logico,a validar,a validar,a validar por fluxo dinamico,a validar,strings executaveis,confirmado por UI
Abrir relat,Financeiro,relatorio/impressao,Nao classificado,a validar,,,a validar; preferir cancelamento logico,a validar,a validar,a validar por fluxo dinamico,a validar,strings executaveis,confirmado por UI
Abrir...|Abre um relat,Financeiro,relatorio/impressao,Nao classificado,a validar,,,a validar; preferir cancelamento logico,a validar,a validar,a validar por fluxo dinamico,a validar,strings executaveis,confirmado por UI
AgrupaNota,Financeiro,consulta/abre tela,Ocorrencias/Auditoria,a validar,,,a validar; preferir cancelamento logico,a validar,a validar,a validar por fluxo dinamico,a validar,strings executaveis,confirmado por UI
Ajusta Cadastro Automaticamente,Financeiro,inclusao,Nao classificado,a validar,a validar,,a validar; preferir cancelamento logico,a validar,a validar,a validar por fluxo dinamico,a validar,strings executaveis,confirmado por UI
Anotacoes,Financeiro,consulta/abre tela,Ocorrencias/Auditoria,a validar,,,a validar; preferir cancelamento logico,a validar,a validar,a validar por fluxo dinamico,a validar,strings executaveis,confirmado por UI
Arquivo de Relat,Financeiro,relatorio/impressao,Nao classificado,a validar,,,a validar; preferir cancelamento logico,a validar,a validar,a validar por fluxo dinamico,a validar,strings executaveis,confirmado por UI
Assume Config. LavSoft (Notas),Financeiro,consulta/abre tela,Configuracao/Admin,a validar,,,a validar; preferir cancelamento logico,a validar,a validar,a validar por fluxo dinamico,a validar,strings executaveis,confirmado por UI
BaiUsuario,Financeiro,consulta/abre tela,Nao classificado,a validar,,,a validar; preferir cancelamento logico,a validar,a validar,a validar por fluxo dinamico,a validar,strings executaveis,confirmado por UI
Bt_CancelaClick,Financeiro,cancelamento/exclusao,Ocorrencias/Auditoria,a validar,,a validar,a validar; preferir cancelamento logico,a validar,a validar,a validar por fluxo dinamico,a validar,strings executaveis,confirmado por UI
Bt_ConsultaCli,Financeiro,consulta/abre tela,Nao classificado,a validar,,,a validar; preferir cancelamento logico,a validar,a validar,a validar por fluxo dinamico,a validar,strings executaveis,confirmado por UI
Bt_ConsultaCliClick,Financeiro,consulta/abre tela,Nao classificado,a validar,,,a validar; preferir cancelamento logico,a validar,a validar,a validar por fluxo dinamico,a validar,strings executaveis,confirmado por UI
c_DigitaSenha,Financeiro,consulta/abre tela,Nao classificado,a validar,,,a validar; preferir cancelamento logico,a validar,a validar,a validar por fluxo dinamico,a validar,strings executaveis,confirmado por UI
c_mCaixaPCla,Financeiro,consulta/abre tela,Financeiro,a validar,,,a validar; preferir cancelamento logico,a validar,a validar,a validar por fluxo dinamico,a validar,strings executaveis,confirmado por UI
C:\EquipExe\EquSat,Financeiro,consulta/abre tela,Notas/Fiscal,a validar,,,a validar; preferir cancelamento logico,a validar,a validar,a validar por fluxo dinamico,a validar,strings executaveis,confirmado por UI
C:\EquipExe\EquSat.Ini,Financeiro,consulta/abre tela,Notas/Fiscal,a validar,,,a validar; preferir cancelamento logico,a validar,a validar,a validar por fluxo dinamico,a validar,strings executaveis,confirmado por UI
Cadastro,Financeiro,inclusao,Nao classificado,a validar,a validar,,a validar; preferir cancelamento logico,a validar,a validar,a validar por fluxo dinamico,a validar,strings executaveis,confirmado por UI
Cadastro 2,Financeiro,inclusao,Nao classificado,a validar,a validar,,a validar; preferir cancelamento logico,a validar,a validar,a validar por fluxo dinamico,a validar,strings executaveis,confirmado por UI
Cadastro 3,Financeiro,inclusao,Nao classificado,a validar,a validar,,a validar; preferir cancelamento logico,a validar,a validar,a validar por fluxo dinamico,a validar,strings executaveis,confirmado por UI
Cadastro 4,Financeiro,inclusao,Nao classificado,a validar,a validar,,a validar; preferir cancelamento logico,a validar,a validar,a validar por fluxo dinamico,a validar,strings executaveis,confirmado por UI
Cadastro Campos Flexiveis,Financeiro,inclusao,Nao classificado,a validar,a validar,,a validar; preferir cancelamento logico,a validar,a validar,a validar por fluxo dinamico,a validar,strings executaveis,confirmado por UI
Cadastro de Clientes,Financeiro,inclusao,Clientes,a validar,a validar,,a validar; preferir cancelamento logico,a validar,a validar,a validar por fluxo dinamico,a validar,strings executaveis,confirmado por UI
Cadastro de Fornecedores,Financeiro,inclusao,Nao classificado,a validar,a validar,,a validar; preferir cancelamento logico,a validar,a validar,a validar por fluxo dinamico,a validar,strings executaveis,confirmado por UI
Cadastro de Grupo (Campos Flexiveis),Financeiro,inclusao,Nao classificado,a validar,a validar,,a validar; preferir cancelamento logico,a validar,a validar,a validar por fluxo dinamico,a validar,strings executaveis,confirmado por UI
Cadastro de Grupo 1,Financeiro,inclusao,Nao classificado,a validar,a validar,,a validar; preferir cancelamento logico,a validar,a validar,a validar por fluxo dinamico,a validar,strings executaveis,confirmado por UI
Cadastro de Grupo 2,Financeiro,inclusao,Nao classificado,a validar,a validar,,a validar; preferir cancelamento logico,a validar,a validar,a validar por fluxo dinamico,a validar,strings executaveis,confirmado por UI
Cadastro de Grupo 3,Financeiro,inclusao,Nao classificado,a validar,a validar,,a validar; preferir cancelamento logico,a validar,a validar,a validar por fluxo dinamico,a validar,strings executaveis,confirmado por UI
Cadastro de Grupo 4,Financeiro,inclusao,Nao classificado,a validar,a validar,,a validar; preferir cancelamento logico,a validar,a validar,a validar por fluxo dinamico,a validar,strings executaveis,confirmado por UI
Cadastro de Situa,Financeiro,inclusao,Nao classificado,a validar,a validar,,a validar; preferir cancelamento logico,a validar,a validar,a validar por fluxo dinamico,a validar,strings executaveis,confirmado por UI
Cadastro Mensagem Padr,Financeiro,inclusao,Nao classificado,a validar,a validar,,a validar; preferir cancelamento logico,a validar,a validar,a validar por fluxo dinamico,a validar,strings executaveis,confirmado por UI
Cadastros1,Financeiro,inclusao,Nao classificado,a validar,a validar,,a validar; preferir cancelamento logico,a validar,a validar,a validar por fluxo dinamico,a validar,strings executaveis,confirmado por UI
Cadastros1D,Financeiro,inclusao,Nao classificado,a validar,a validar,,a validar; preferir cancelamento logico,a validar,a validar,a validar por fluxo dinamico,a validar,strings executaveis,confirmado por UI
Cadastros3,Financeiro,inclusao,Nao classificado,a validar,a validar,,a validar; preferir cancelamento logico,a validar,a validar,a validar por fluxo dinamico,a validar,strings executaveis,confirmado por UI
Cadastros3P,Financeiro,inclusao,Nao classificado,a validar,a validar,,a validar; preferir cancelamento logico,a validar,a validar,a validar por fluxo dinamico,a validar,strings executaveis,confirmado por UI
CadClientes,Financeiro,consulta/abre tela,Nao classificado,a validar,,,a validar; preferir cancelamento logico,a validar,a validar,a validar por fluxo dinamico,a validar,strings executaveis,confirmado por UI
CadSatCla,Financeiro,consulta/abre tela,Notas/Fiscal,a validar,,,a validar; preferir cancelamento logico,a validar,a validar,a validar por fluxo dinamico,a validar,strings executaveis,confirmado por UI
Caixa,Financeiro,consulta/abre tela,Financeiro,a validar,,,a validar; preferir cancelamento logico,a validar,a validar,a validar por fluxo dinamico,a validar,strings executaveis,confirmado por UI
Caixa:,Financeiro,consulta/abre tela,Financeiro,a validar,,,a validar; preferir cancelamento logico,a validar,a validar,a validar por fluxo dinamico,a validar,strings executaveis,confirmado por UI
Cancel1Click,Financeiro,cancelamento/exclusao,Ocorrencias/Auditoria,a validar,,a validar,a validar; preferir cancelamento logico,a validar,a validar,a validar por fluxo dinamico,a validar,strings executaveis,confirmado por UI
Cancela1Click,Financeiro,cancelamento/exclusao,Ocorrencias/Auditoria,a validar,,a validar,a validar; preferir cancelamento logico,a validar,a validar,a validar por fluxo dinamico,a validar,strings executaveis,confirmado por UI
Cancela1Click#,Financeiro,cancelamento/exclusao,Ocorrencias/Auditoria,a validar,,a validar,a validar; preferir cancelamento logico,a validar,a validar,a validar por fluxo dinamico,a validar,strings executaveis,confirmado por UI
CancelaClientes,Financeiro,cancelamento/exclusao,Ocorrencias/Auditoria,a validar,,a validar,a validar; preferir cancelamento logico,a validar,a validar,a validar por fluxo dinamico,a validar,strings executaveis,confirmado por UI
Cancelados1Click,Financeiro,cancelamento/exclusao,Ocorrencias/Auditoria,a validar,,a validar,a validar; preferir cancelamento logico,a validar,a validar,a validar por fluxo dinamico,a validar,strings executaveis,confirmado por UI
CancelaLote1Click,Financeiro,cancelamento/exclusao,Ocorrencias/Auditoria,a validar,,a validar,a validar; preferir cancelamento logico,a validar,a validar,a validar por fluxo dinamico,a validar,strings executaveis,confirmado por UI
CancelaLoteClick,Financeiro,cancelamento/exclusao,Ocorrencias/Auditoria,a validar,,a validar,a validar; preferir cancelamento logico,a validar,a validar,a validar por fluxo dinamico,a validar,strings executaveis,confirmado por UI
Cancelamento,Financeiro,cancelamento/exclusao,Ocorrencias/Auditoria,a validar,,a validar,a validar; preferir cancelamento logico,a validar,a validar,a validar por fluxo dinamico,a validar,strings executaveis,confirmado por UI
Cancelamento de Nosso Numero,Financeiro,cancelamento/exclusao,Ocorrencias/Auditoria,a validar,,a validar,a validar; preferir cancelamento logico,a validar,a validar,a validar por fluxo dinamico,a validar,strings executaveis,confirmado por UI
Cancelamento do Cliente Cod.:,Financeiro,cancelamento/exclusao,Clientes,a validar,,a validar,a validar; preferir cancelamento logico,a validar,a validar,a validar por fluxo dinamico,a validar,strings executaveis,confirmado por UI
CancelButtonClick,Financeiro,cancelamento/exclusao,Ocorrencias/Auditoria,a validar,,a validar,a validar; preferir cancelamento logico,a validar,a validar,a validar por fluxo dinamico,a validar,strings executaveis,confirmado por UI
CancelClick,Financeiro,cancelamento/exclusao,Ocorrencias/Auditoria,a validar,,a validar,a validar; preferir cancelamento logico,a validar,a validar,a validar por fluxo dinamico,a validar,strings executaveis,confirmado por UI
CB_ImpNotaFiscal,Financeiro,consulta/abre tela,Notas/Fiscal,a validar,,,a validar; preferir cancelamento logico,a validar,a validar,a validar por fluxo dinamico,a validar,strings executaveis,confirmado por UI
CB_ImpNotaFiscalp,Financeiro,consulta/abre tela,Notas/Fiscal,a validar,,,a validar; preferir cancelamento logico,a validar,a validar,a validar por fluxo dinamico,a validar,strings executaveis,confirmado por UI
CB_ModeloArqRemessat,Financeiro,consulta/abre tela,Notas/Fiscal,a validar,,,a validar; preferir cancelamento logico,a validar,a validar,a validar por fluxo dinamico,a validar,strings executaveis,confirmado por UI
CB_TipoEntrega,Financeiro,consulta/abre tela,Nao classificado,a validar,,,a validar; preferir cancelamento logico,a validar,a validar,a validar por fluxo dinamico,a validar,strings executaveis,confirmado por UI
CB_TipoEntrega0,Financeiro,consulta/abre tela,Nao classificado,a validar,,,a validar; preferir cancelamento logico,a validar,a validar,a validar por fluxo dinamico,a validar,strings executaveis,confirmado por UI
centinferior,Financeiro,consulta/abre tela,Notas/Fiscal,a validar,,,a validar; preferir cancelamento logico,a validar,a validar,a validar por fluxo dinamico,a validar,strings executaveis,confirmado por UI
CheckMenuItem,Financeiro,consulta/abre tela,Nao classificado,a validar,,,a validar; preferir cancelamento logico,a validar,a validar,a validar por fluxo dinamico,a validar,strings executaveis,confirmado por UI
Cliente,Financeiro,consulta/abre tela,Clientes,a validar,,,a validar; preferir cancelamento logico,a validar,a validar,a validar por fluxo dinamico,a validar,strings executaveis,confirmado por UI
Cliente - Nome,Financeiro,consulta/abre tela,Clientes,a validar,,,a validar; preferir cancelamento logico,a validar,a validar,a validar por fluxo dinamico,a validar,strings executaveis,confirmado por UI
Cliente (Nome),Financeiro,consulta/abre tela,Clientes,a validar,,,a validar; preferir cancelamento logico,a validar,a validar,a validar por fluxo dinamico,a validar,strings executaveis,confirmado por UI
Cliente (Raz,Financeiro,consulta/abre tela,Clientes,a validar,,,a validar; preferir cancelamento logico,a validar,a validar,a validar por fluxo dinamico,a validar,strings executaveis,confirmado por UI
Cliente Cancelado,Financeiro,cancelamento/exclusao,Clientes,a validar,,a validar,a validar; preferir cancelamento logico,a validar,a validar,a validar por fluxo dinamico,a validar,strings executaveis,confirmado por UI
Cliente inv,Financeiro,consulta/abre tela,Clientes,a validar,,,a validar; preferir cancelamento logico,a validar,a validar,a validar por fluxo dinamico,a validar,strings executaveis,confirmado por UI
Cliente n,Financeiro,consulta/abre tela,Clientes,a validar,,,a validar; preferir cancelamento logico,a validar,a validar,a validar por fluxo dinamico,a validar,strings executaveis,confirmado por UI
Clientes,Financeiro,consulta/abre tela,Clientes,a validar,,,a validar; preferir cancelamento logico,a validar,a validar,a validar por fluxo dinamico,a validar,strings executaveis,confirmado por UI
Clientes Cadastros Entre,Financeiro,inclusao,Clientes,a validar,a validar,,a validar; preferir cancelamento logico,a validar,a validar,a validar por fluxo dinamico,a validar,strings executaveis,confirmado por UI
Clientes Zerados,Financeiro,consulta/abre tela,Clientes,a validar,,,a validar; preferir cancelamento logico,a validar,a validar,a validar por fluxo dinamico,a validar,strings executaveis,confirmado por UI
Clientes_FC,Financeiro,consulta/abre tela,Nao classificado,a validar,,,a validar; preferir cancelamento logico,a validar,a validar,a validar por fluxo dinamico,a validar,strings executaveis,confirmado por UI
Clientes_FM,Financeiro,consulta/abre tela,Nao classificado,a validar,,,a validar; preferir cancelamento logico,a validar,a validar,a validar por fluxo dinamico,a validar,strings executaveis,confirmado por UI
Clientes_FM.DS_TmpCliPromAcu,Financeiro,consulta/abre tela,Nao classificado,a validar,,,a validar; preferir cancelamento logico,a validar,a validar,a validar por fluxo dinamico,a validar,strings executaveis,confirmado por UI
Clientes_FM.DS_TmpGerDadFlex,Financeiro,consulta/abre tela,Nao classificado,a validar,,,a validar; preferir cancelamento logico,a validar,a validar,a validar por fluxo dinamico,a validar,strings executaveis,confirmado por UI
Clientes.DB,Financeiro,consulta/abre tela,Clientes,a validar,,,a validar; preferir cancelamento logico,a validar,a validar,a validar por fluxo dinamico,a validar,strings executaveis,confirmado por UI
Clientes1,Financeiro,consulta/abre tela,Nao classificado,a validar,,,a validar; preferir cancelamento logico,a validar,a validar,a validar por fluxo dinamico,a validar,strings executaveis,confirmado por UI
Clientes1Click,Financeiro,consulta/abre tela,Nao classificado,a validar,,,a validar; preferir cancelamento logico,a validar,a validar,a validar por fluxo dinamico,a validar,strings executaveis,confirmado por UI
ClientesF5_FP,Financeiro,consulta/abre tela,Nao classificado,a validar,,,a validar; preferir cancelamento logico,a validar,a validar,a validar por fluxo dinamico,a validar,strings executaveis,confirmado por UI
ClientesF5_p,Financeiro,consulta/abre tela,Nao classificado,a validar,,,a validar; preferir cancelamento logico,a validar,a validar,a validar por fluxo dinamico,a validar,strings executaveis,confirmado por UI
ClientesMar,Financeiro,consulta/abre tela,Nao classificado,a validar,,,a validar; preferir cancelamento logico,a validar,a validar,a validar por fluxo dinamico,a validar,strings executaveis,confirmado por UI
CodUsuario,Financeiro,consulta/abre tela,Nao classificado,a validar,,,a validar; preferir cancelamento logico,a validar,a validar,a validar por fluxo dinamico,a validar,strings executaveis,confirmado por UI
CodUsuario;NomUsuario,Financeiro,consulta/abre tela,Nao classificado,a validar,,,a validar; preferir cancelamento logico,a validar,a validar,a validar por fluxo dinamico,a validar,strings executaveis,confirmado por UI
commainferior,Financeiro,consulta/abre tela,Notas/Fiscal,a validar,,,a validar; preferir cancelamento logico,a validar,a validar,a validar por fluxo dinamico,a validar,strings executaveis,confirmado por UI
coModifyAnnotation,Financeiro,consulta/abre tela,Nao classificado,a validar,,,a validar; preferir cancelamento logico,a validar,a validar,a validar por fluxo dinamico,a validar,strings executaveis,confirmado por UI
ConfiguraImpressora1Click,Financeiro,relatorio/impressao,Configuracao/Admin,a validar,,,a validar; preferir cancelamento logico,a validar,a validar,a validar por fluxo dinamico,a validar,strings executaveis,confirmado por UI
ConfiguraImpressora1Click#,Financeiro,relatorio/impressao,Configuracao/Admin,a validar,,,a validar; preferir cancelamento logico,a validar,a validar,a validar por fluxo dinamico,a validar,strings executaveis,confirmado por UI
ConfigUsuario,Financeiro,consulta/abre tela,Configuracao/Admin,a validar,,,a validar; preferir cancelamento logico,a validar,a validar,a validar por fluxo dinamico,a validar,strings executaveis,confirmado por UI
Confirma Ativar o Cliente,Financeiro,consulta/abre tela,Clientes,a validar,,,a validar; preferir cancelamento logico,a validar,a validar,a validar por fluxo dinamico,a validar,strings executaveis,confirmado por UI
Confirma Cancelamento,Financeiro,cancelamento/exclusao,Ocorrencias/Auditoria,a validar,,a validar,a validar; preferir cancelamento logico,a validar,a validar,a validar por fluxo dinamico,a validar,strings executaveis,confirmado por UI
Confirma Cancelamento?,Financeiro,cancelamento/exclusao,Ocorrencias/Auditoria,a validar,,a validar,a validar; preferir cancelamento logico,a validar,a validar,a validar por fluxo dinamico,a validar,strings executaveis,confirmado por UI
Confirma Desativar o Cliente,Financeiro,consulta/abre tela,Clientes,a validar,,,a validar; preferir cancelamento logico,a validar,a validar,a validar por fluxo dinamico,a validar,strings executaveis,confirmado por UI
Confirma o cancelamento do Clientes,Financeiro,cancelamento/exclusao,Clientes,a validar,,a validar,a validar; preferir cancelamento logico,a validar,a validar,a validar por fluxo dinamico,a validar,strings executaveis,confirmado por UI
Confirma o Cancelamento do Lote,Financeiro,cancelamento/exclusao,Ocorrencias/Auditoria,a validar,,a validar,a validar; preferir cancelamento logico,a validar,a validar,a validar por fluxo dinamico,a validar,strings executaveis,confirmado por UI
Confirma o Estorno do cancelamento do Cliente,Financeiro,cancelamento/exclusao,Clientes,a validar,,a validar,a validar; preferir cancelamento logico,a validar,a validar,a validar por fluxo dinamico,a validar,strings executaveis,confirmado por UI
Considera Pgto Clientes,Financeiro,consulta/abre tela,Clientes,a validar,,,a validar; preferir cancelamento logico,a validar,a validar,a validar por fluxo dinamico,a validar,strings executaveis,confirmado por UI
Consulta,Financeiro,consulta/abre tela,Nao classificado,a validar,,,a validar; preferir cancelamento logico,a validar,a validar,a validar por fluxo dinamico,a validar,strings executaveis,confirmado por UI
Consulta1,Financeiro,consulta/abre tela,Nao classificado,a validar,,,a validar; preferir cancelamento logico,a validar,a validar,a validar por fluxo dinamico,a validar,strings executaveis,confirmado por UI
Consultar,Financeiro,consulta/abre tela,Nao classificado,a validar,,,a validar; preferir cancelamento logico,a validar,a validar,a validar por fluxo dinamico,a validar,strings executaveis,confirmado por UI
Consultas R,Financeiro,consulta/abre tela,Nao classificado,a validar,,,a validar; preferir cancelamento logico,a validar,a validar,a validar por fluxo dinamico,a validar,strings executaveis,confirmado por UI
ControleNossoNumero1Click,Financeiro,consulta/abre tela,Nao classificado,a validar,,,a validar; preferir cancelamento logico,a validar,a validar,a validar por fluxo dinamico,a validar,strings executaveis,confirmado por UI
CorSatCla,Financeiro,consulta/abre tela,Notas/Fiscal,a validar,,,a validar; preferir cancelamento logico,a validar,a validar,a validar por fluxo dinamico,a validar,strings executaveis,confirmado por UI
CorSatClaF,Financeiro,consulta/abre tela,Notas/Fiscal,a validar,,,a validar; preferir cancelamento logico,a validar,a validar,a validar por fluxo dinamico,a validar,strings executaveis,confirmado por UI
DataFieldCancelBtnClick,Financeiro,cancelamento/exclusao,Ocorrencias/Auditoria,a validar,,a validar,a validar; preferir cancelamento logico,a validar,a validar,a validar por fluxo dinamico,a validar,strings executaveis,confirmado por UI
DatAnota,Financeiro,consulta/abre tela,Ocorrencias/Auditoria,a validar,,,a validar; preferir cancelamento logico,a validar,a validar,a validar por fluxo dinamico,a validar,strings executaveis,confirmado por UI
DB_Clientes,Financeiro,consulta/abre tela,Nao classificado,a validar,,,a validar; preferir cancelamento logico,a validar,a validar,a validar por fluxo dinamico,a validar,strings executaveis,confirmado por UI
DB_ClientesDrawColumnCell,Financeiro,consulta/abre tela,Nao classificado,a validar,,,a validar; preferir cancelamento logico,a validar,a validar,a validar por fluxo dinamico,a validar,strings executaveis,confirmado por UI
DB_ClientesDrawDataCell,Financeiro,consulta/abre tela,Nao classificado,a validar,,,a validar; preferir cancelamento logico,a validar,a validar,a validar por fluxo dinamico,a validar,strings executaveis,confirmado por UI
DB_ClientesKeyPress,Financeiro,consulta/abre tela,Nao classificado,a validar,,,a validar; preferir cancelamento logico,a validar,a validar,a validar por fluxo dinamico,a validar,strings executaveis,confirmado por UI
DBG_Cadastros,Financeiro,inclusao,Nao classificado,a validar,a validar,,a validar; preferir cancelamento logico,a validar,a validar,a validar por fluxo dinamico,a validar,strings executaveis,confirmado por UI
DBG_CadastrosDblClick,Financeiro,inclusao,Nao classificado,a validar,a validar,,a validar; preferir cancelamento logico,a validar,a validar,a validar por fluxo dinamico,a validar,strings executaveis,confirmado por UI
DBG_CadastrosKeyPress,Financeiro,inclusao,Nao classificado,a validar,a validar,,a validar; preferir cancelamento logico,a validar,a validar,a validar por fluxo dinamico,a validar,strings executaveis,confirmado por UI
DBG_ClientesF5,Financeiro,consulta/abre tela,Nao classificado,a validar,,,a validar; preferir cancelamento logico,a validar,a validar,a validar por fluxo dinamico,a validar,strings executaveis,confirmado por UI
DBG_ClientesF5DrawColumnCell,Financeiro,consulta/abre tela,Nao classificado,a validar,,,a validar; preferir cancelamento logico,a validar,a validar,a validar por fluxo dinamico,a validar,strings executaveis,confirmado por UI
DBG_ClientesF5KeyPress,Financeiro,consulta/abre tela,Nao classificado,a validar,,,a validar; preferir cancelamento logico,a validar,a validar,a validar por fluxo dinamico,a validar,strings executaveis,confirmado por UI
DBG_ClientesF5T,Financeiro,consulta/abre tela,Nao classificado,a validar,,,a validar; preferir cancelamento logico,a validar,a validar,a validar por fluxo dinamico,a validar,strings executaveis,confirmado por UI
DBLCB_CodCliEnter,Financeiro,consulta/abre tela,Nao classificado,a validar,,,a validar; preferir cancelamento logico,a validar,a validar,a validar por fluxo dinamico,a validar,strings executaveis,confirmado por UI
DBLCB_CodUsuario,Financeiro,consulta/abre tela,Nao classificado,a validar,,,a validar; preferir cancelamento logico,a validar,a validar,a validar por fluxo dinamico,a validar,strings executaveis,confirmado por UI
"DBLCB_CodUsuario,",Financeiro,consulta/abre tela,Nao classificado,a validar,,,a validar; preferir cancelamento logico,a validar,a validar,a validar por fluxo dinamico,a validar,strings executaveis,confirmado por UI
DBLCB_CodUsuarioDropDown,Financeiro,consulta/abre tela,Nao classificado,a validar,,,a validar; preferir cancelamento logico,a validar,a validar,a validar por fluxo dinamico,a validar,strings executaveis,confirmado por UI
DBLCB_CodUsuarioEnter,Financeiro,consulta/abre tela,Nao classificado,a validar,,,a validar; preferir cancelamento logico,a validar,a validar,a validar por fluxo dinamico,a validar,strings executaveis,confirmado por UI
DBLCB_CodUsuarioExit,Financeiro,consulta/abre tela,Nao classificado,a validar,,,a validar; preferir cancelamento logico,a validar,a validar,a validar por fluxo dinamico,a validar,strings executaveis,confirmado por UI
DBLCB_CodUsuarioKeyPress,Financeiro,consulta/abre tela,Nao classificado,a validar,,,a validar; preferir cancelamento logico,a validar,a validar,a validar por fluxo dinamico,a validar,strings executaveis,confirmado por UI
DBLCB_GruCliEnter,Financeiro,consulta/abre tela,Nao classificado,a validar,,,a validar; preferir cancelamento logico,a validar,a validar,a validar por fluxo dinamico,a validar,strings executaveis,confirmado por UI
DBLCB_ResUsuario,Financeiro,consulta/abre tela,Nao classificado,a validar,,,a validar; preferir cancelamento logico,a validar,a validar,a validar por fluxo dinamico,a validar,strings executaveis,confirmado por UI
DBLCB_ResUsuarioEnter,Financeiro,consulta/abre tela,Nao classificado,a validar,,,a validar; preferir cancelamento logico,a validar,a validar,a validar por fluxo dinamico,a validar,strings executaveis,confirmado por UI
DBLCB_ResUsuarioExit,Financeiro,consulta/abre tela,Nao classificado,a validar,,,a validar; preferir cancelamento logico,a validar,a validar,a validar por fluxo dinamico,a validar,strings executaveis,confirmado por UI
DBT_Clientes,Financeiro,consulta/abre tela,Nao classificado,a validar,,,a validar; preferir cancelamento logico,a validar,a validar,a validar por fluxo dinamico,a validar,strings executaveis,confirmado por UI
DesAnota,Financeiro,consulta/abre tela,Ocorrencias/Auditoria,a validar,,,a validar; preferir cancelamento logico,a validar,a validar,a validar por fluxo dinamico,a validar,strings executaveis,confirmado por UI
Desativa-F2,Financeiro,consulta/abre tela,Notas/Fiscal,a validar,,,a validar; preferir cancelamento logico,a validar,a validar,a validar por fluxo dinamico,a validar,strings executaveis,confirmado por UI
Desativado,Financeiro,consulta/abre tela,Notas/Fiscal,a validar,,,a validar; preferir cancelamento logico,a validar,a validar,a validar por fluxo dinamico,a validar,strings executaveis,confirmado por UI
Desativar,Financeiro,consulta/abre tela,Notas/Fiscal,a validar,,,a validar; preferir cancelamento logico,a validar,a validar,a validar por fluxo dinamico,a validar,strings executaveis,confirmado por UI
Digite o motivo do cancelamento,Financeiro,cancelamento/exclusao,Ocorrencias/Auditoria,a validar,,a validar,a validar; preferir cancelamento logico,a validar,a validar,a validar por fluxo dinamico,a validar,strings executaveis,confirmado por UI
Digite o Motivo do Desativamento,Financeiro,consulta/abre tela,Notas/Fiscal,a validar,,,a validar; preferir cancelamento logico,a validar,a validar,a validar por fluxo dinamico,a validar,strings executaveis,confirmado por UI
digo do cliente,Financeiro,consulta/abre tela,Clientes,a validar,,,a validar; preferir cancelamento logico,a validar,a validar,a validar por fluxo dinamico,a validar,strings executaveis,confirmado por UI
digo do Grupo de Clientes,Financeiro,consulta/abre tela,Clientes,a validar,,,a validar; preferir cancelamento logico,a validar,a validar,a validar por fluxo dinamico,a validar,strings executaveis,confirmado por UI
dollarinferior,Financeiro,consulta/abre tela,Notas/Fiscal,a validar,,,a validar; preferir cancelamento logico,a validar,a validar,a validar por fluxo dinamico,a validar,strings executaveis,confirmado por UI
DS_Cadastro,Financeiro,inclusao,Nao classificado,a validar,a validar,,a validar; preferir cancelamento logico,a validar,a validar,a validar por fluxo dinamico,a validar,strings executaveis,confirmado por UI
DS_Caixa,Financeiro,consulta/abre tela,Financeiro,a validar,,,a validar; preferir cancelamento logico,a validar,a validar,a validar por fluxo dinamico,a validar,strings executaveis,confirmado por UI
DS_CaixaP,Financeiro,consulta/abre tela,Financeiro,a validar,,,a validar; preferir cancelamento logico,a validar,a validar,a validar por fluxo dinamico,a validar,strings executaveis,confirmado por UI
DS_Cliente,Financeiro,consulta/abre tela,Nao classificado,a validar,,,a validar; preferir cancelamento logico,a validar,a validar,a validar por fluxo dinamico,a validar,strings executaveis,confirmado por UI
DS_Clientes,Financeiro,consulta/abre tela,Nao classificado,a validar,,,a validar; preferir cancelamento logico,a validar,a validar,a validar por fluxo dinamico,a validar,strings executaveis,confirmado por UI
DS_ClientesF5,Financeiro,consulta/abre tela,Nao classificado,a validar,,,a validar; preferir cancelamento logico,a validar,a validar,a validar por fluxo dinamico,a validar,strings executaveis,confirmado por UI
DS_Usuarios,Financeiro,consulta/abre tela,Usuarios/Permissoes,a validar,,,a validar; preferir cancelamento logico,a validar,a validar,a validar por fluxo dinamico,a validar,strings executaveis,confirmado por UI
DS_Usuarios$,Financeiro,consulta/abre tela,Usuarios/Permissoes,a validar,,,a validar; preferir cancelamento logico,a validar,a validar,a validar por fluxo dinamico,a validar,strings executaveis,confirmado por UI
DS_Usuarios4,Financeiro,consulta/abre tela,Usuarios/Permissoes,a validar,,,a validar; preferir cancelamento logico,a validar,a validar,a validar por fluxo dinamico,a validar,strings executaveis,confirmado por UI
Dt.Cadastro,Financeiro,inclusao,Nao classificado,a validar,a validar,,a validar; preferir cancelamento logico,a validar,a validar,a validar por fluxo dinamico,a validar,strings executaveis,confirmado por UI
DtE_CadastroKeyPress,Financeiro,inclusao,Nao classificado,a validar,a validar,,a validar; preferir cancelamento logico,a validar,a validar,a validar por fluxo dinamico,a validar,strings executaveis,confirmado por UI
DTP_Cadastro,Financeiro,inclusao,Nao classificado,a validar,a validar,,a validar; preferir cancelamento logico,a validar,a validar,a validar por fluxo dinamico,a validar,strings executaveis,confirmado por UI
Ed_ClienteNota,Financeiro,consulta/abre tela,Nao classificado,a validar,,,a validar; preferir cancelamento logico,a validar,a validar,a validar por fluxo dinamico,a validar,strings executaveis,confirmado por UI
ED_ININOTA,Financeiro,consulta/abre tela,Configuracao/Admin,a validar,,,a validar; preferir cancelamento logico,a validar,a validar,a validar por fluxo dinamico,a validar,strings executaveis,confirmado por UI
Ed_NomCliEnter,Financeiro,consulta/abre tela,Nao classificado,a validar,,,a validar; preferir cancelamento logico,a validar,a validar,a validar por fluxo dinamico,a validar,strings executaveis,confirmado por UI
Ed_PrxCliente,Financeiro,consulta/abre tela,Nao classificado,a validar,,,a validar; preferir cancelamento logico,a validar,a validar,a validar por fluxo dinamico,a validar,strings executaveis,confirmado por UI
Ed_Senha,Financeiro,consulta/abre tela,Nao classificado,a validar,,,a validar; preferir cancelamento logico,a validar,a validar,a validar por fluxo dinamico,a validar,strings executaveis,confirmado por UI
Ed_SenhaEnter,Financeiro,consulta/abre tela,Nao classificado,a validar,,,a validar; preferir cancelamento logico,a validar,a validar,a validar por fluxo dinamico,a validar,strings executaveis,confirmado por UI
Ed_SenhaExit,Financeiro,consulta/abre tela,Nao classificado,a validar,,,a validar; preferir cancelamento logico,a validar,a validar,a validar por fluxo dinamico,a validar,strings executaveis,confirmado por UI
Ed_SenhaKeyPress,Financeiro,consulta/abre tela,Nao classificado,a validar,,,a validar; preferir cancelamento logico,a validar,a validar,a validar por fluxo dinamico,a validar,strings executaveis,confirmado por UI
Ed_UsuSenhaSMTP,Financeiro,consulta/abre tela,Usuarios/Permissoes,a validar,,,a validar; preferir cancelamento logico,a validar,a validar,a validar por fluxo dinamico,a validar,strings executaveis,confirmado por UI
eightinferior,Financeiro,consulta/abre tela,Notas/Fiscal,a validar,,,a validar; preferir cancelamento logico,a validar,a validar,a validar por fluxo dinamico,a validar,strings executaveis,confirmado por UI
EnableMenuItem,Financeiro,consulta/abre tela,Nao classificado,a validar,,,a validar; preferir cancelamento logico,a validar,a validar,a validar por fluxo dinamico,a validar,strings executaveis,confirmado por UI
ENTRADA NO SISTEMA - DIGITADA SENHA,Financeiro,inclusao,Configuracao/Admin,a validar,a validar,,a validar; preferir cancelamento logico,a validar,a validar,a validar por fluxo dinamico,a validar,strings executaveis,confirmado por UI
ENTREGA,Financeiro,consulta/abre tela,Nao classificado,a validar,,,a validar; preferir cancelamento logico,a validar,a validar,a validar por fluxo dinamico,a validar,strings executaveis,confirmado por UI
Equipe Relat,Financeiro,relatorio/impressao,Nao classificado,a validar,,,a validar; preferir cancelamento logico,a validar,a validar,a validar por fluxo dinamico,a validar,strings executaveis,confirmado por UI
es de Caixa Manual,Financeiro,consulta/abre tela,Financeiro,a validar,,,a validar; preferir cancelamento logico,a validar,a validar,a validar por fluxo dinamico,a validar,strings executaveis,confirmado por UI
es de Caixa x Obs Duplicata,Financeiro,consulta/abre tela,Financeiro,a validar,,,a validar; preferir cancelamento logico,a validar,a validar,a validar por fluxo dinamico,a validar,strings executaveis,confirmado por UI
Estorno do Cancelamento,Financeiro,cancelamento/exclusao,Ocorrencias/Auditoria,a validar,,a validar,a validar; preferir cancelamento logico,a validar,a validar,a validar por fluxo dinamico,a validar,strings executaveis,confirmado por UI
Estorno do Cancelamento do Clientes Cod.:,Financeiro,cancelamento/exclusao,Clientes,a validar,,a validar,a validar; preferir cancelamento logico,a validar,a validar,a validar por fluxo dinamico,a validar,strings executaveis,confirmado por UI
Exportar Relat,Financeiro,relatorio/impressao,Nao classificado,a validar,,,a validar; preferir cancelamento logico,a validar,a validar,a validar por fluxo dinamico,a validar,strings executaveis,confirmado por UI
Exportar Texto...|Exporta o relat,Financeiro,relatorio/impressao,Nao classificado,a validar,,,a validar; preferir cancelamento logico,a validar,a validar,a validar por fluxo dinamico,a validar,strings executaveis,confirmado por UI
F_Senha,Financeiro,consulta/abre tela,Nao classificado,a validar,,,a validar; preferir cancelamento logico,a validar,a validar,a validar por fluxo dinamico,a validar,strings executaveis,confirmado por UI
F9 - Senha,Financeiro,consulta/abre tela,Nao classificado,a validar,,,a validar; preferir cancelamento logico,a validar,a validar,a validar por fluxo dinamico,a validar,strings executaveis,confirmado por UI
FC_DigSenha,Financeiro,consulta/abre tela,Nao classificado,a validar,,,a validar; preferir cancelamento logico,a validar,a validar,a validar por fluxo dinamico,a validar,strings executaveis,confirmado por UI
Financeiro,Financeiro,consulta/abre tela,Nao classificado,a validar,,,a validar; preferir cancelamento logico,a validar,a validar,a validar por fluxo dinamico,a validar,strings executaveis,confirmado por UI
Financeiro - Sistema Controle Financeiro,Financeiro,consulta/abre tela,Configuracao/Admin,a validar,,,a validar; preferir cancelamento logico,a validar,a validar,a validar por fluxo dinamico,a validar,strings executaveis,confirmado por UI
fiveinferior,Financeiro,consulta/abre tela,Notas/Fiscal,a validar,,,a validar; preferir cancelamento logico,a validar,a validar,a validar por fluxo dinamico,a validar,strings executaveis,confirmado por UI
fourinferior,Financeiro,consulta/abre tela,Notas/Fiscal,a validar,,,a validar; preferir cancelamento logico,a validar,a validar,a validar por fluxo dinamico,a validar,strings executaveis,confirmado por UI
FuncArgCancelBtnClick,Financeiro,cancelamento/exclusao,Ocorrencias/Auditoria,a validar,,a validar,a validar; preferir cancelamento logico,a validar,a validar,a validar por fluxo dinamico,a validar,strings executaveis,confirmado por UI
FuncParamOkBtnClick,Financeiro,consulta/abre tela,Configuracao/Admin,a validar,,,a validar; preferir cancelamento logico,a validar,a validar,a validar por fluxo dinamico,a validar,strings executaveis,confirmado por UI
FunctionCancelBtnClick,Financeiro,cancelamento/exclusao,Ocorrencias/Auditoria,a validar,,a validar,a validar; preferir cancelamento logico,a validar,a validar,a validar por fluxo dinamico,a validar,strings executaveis,confirmado por UI
GetMenuItemCount,Financeiro,consulta/abre tela,Nao classificado,a validar,,,a validar; preferir cancelamento logico,a validar,a validar,a validar por fluxo dinamico,a validar,strings executaveis,confirmado por UI
GetMenuItemID,Financeiro,consulta/abre tela,Nao classificado,a validar,,,a validar; preferir cancelamento logico,a validar,a validar,a validar por fluxo dinamico,a validar,strings executaveis,confirmado por UI
GetMenuItemInfoA,Financeiro,consulta/abre tela,Nao classificado,a validar,,,a validar; preferir cancelamento logico,a validar,a validar,a validar por fluxo dinamico,a validar,strings executaveis,confirmado por UI
ginas do relat,Financeiro,relatorio/impressao,Nao classificado,a validar,,,a validar; preferir cancelamento logico,a validar,a validar,a validar por fluxo dinamico,a validar,strings executaveis,confirmado por UI
GravaConfigurao1Click,Financeiro,consulta/abre tela,Configuracao/Admin,a validar,,,a validar; preferir cancelamento logico,a validar,a validar,a validar por fluxo dinamico,a validar,strings executaveis,confirmado por UI
Gravar os Relat,Financeiro,relatorio/impressao,Nao classificado,a validar,,,a validar; preferir cancelamento logico,a validar,a validar,a validar por fluxo dinamico,a validar,strings executaveis,confirmado por UI
GruClientes,Financeiro,consulta/abre tela,Clientes,a validar,,,a validar; preferir cancelamento logico,a validar,a validar,a validar por fluxo dinamico,a validar,strings executaveis,confirmado por UI
GruClientes.DB,Financeiro,consulta/abre tela,Clientes,a validar,,,a validar; preferir cancelamento logico,a validar,a validar,a validar por fluxo dinamico,a validar,strings executaveis,confirmado por UI
GruClientes2,Financeiro,consulta/abre tela,Clientes,a validar,,,a validar; preferir cancelamento logico,a validar,a validar,a validar por fluxo dinamico,a validar,strings executaveis,confirmado por UI
GruClientes2.DB,Financeiro,consulta/abre tela,Clientes,a validar,,,a validar; preferir cancelamento logico,a validar,a validar,a validar por fluxo dinamico,a validar,strings executaveis,confirmado por UI
GruClientes3,Financeiro,consulta/abre tela,Clientes,a validar,,,a validar; preferir cancelamento logico,a validar,a validar,a validar por fluxo dinamico,a validar,strings executaveis,confirmado por UI
GruClientes3.DB,Financeiro,consulta/abre tela,Clientes,a validar,,,a validar; preferir cancelamento logico,a validar,a validar,a validar por fluxo dinamico,a validar,strings executaveis,confirmado por UI
GruClientes4,Financeiro,consulta/abre tela,Clientes,a validar,,,a validar; preferir cancelamento logico,a validar,a validar,a validar por fluxo dinamico,a validar,strings executaveis,confirmado por UI
GruClientes4.DB,Financeiro,consulta/abre tela,Clientes,a validar,,,a validar; preferir cancelamento logico,a validar,a validar,a validar por fluxo dinamico,a validar,strings executaveis,confirmado por UI
Grupo Clientes,Financeiro,consulta/abre tela,Clientes,a validar,,,a validar; preferir cancelamento logico,a validar,a validar,a validar por fluxo dinamico,a validar,strings executaveis,confirmado por UI
Grupo de Cliente n,Financeiro,consulta/abre tela,Clientes,a validar,,,a validar; preferir cancelamento logico,a validar,a validar,a validar por fluxo dinamico,a validar,strings executaveis,confirmado por UI
Grupo de Clientes,Financeiro,consulta/abre tela,Clientes,a validar,,,a validar; preferir cancelamento logico,a validar,a validar,a validar por fluxo dinamico,a validar,strings executaveis,confirmado por UI
Grupo2 de Cliente n,Financeiro,consulta/abre tela,Clientes,a validar,,,a validar; preferir cancelamento logico,a validar,a validar,a validar por fluxo dinamico,a validar,strings executaveis,confirmado por UI
Grupo3 de Cliente n,Financeiro,consulta/abre tela,Clientes,a validar,,,a validar; preferir cancelamento logico,a validar,a validar,a validar por fluxo dinamico,a validar,strings executaveis,confirmado por UI
GruUsuario,Financeiro,consulta/abre tela,Usuarios/Permissoes,a validar,,,a validar; preferir cancelamento logico,a validar,a validar,a validar por fluxo dinamico,a validar,strings executaveis,confirmado por UI
HorAnota,Financeiro,consulta/abre tela,Ocorrencias/Auditoria,a validar,,,a validar; preferir cancelamento logico,a validar,a validar,a validar por fluxo dinamico,a validar,strings executaveis,confirmado por UI
hypheninferior,Financeiro,consulta/abre tela,Notas/Fiscal,a validar,,,a validar; preferir cancelamento logico,a validar,a validar,a validar por fluxo dinamico,a validar,strings executaveis,confirmado por UI
Im_Senha,Financeiro,consulta/abre tela,Nao classificado,a validar,,,a validar; preferir cancelamento logico,a validar,a validar,a validar por fluxo dinamico,a validar,strings executaveis,confirmado por UI
Image_Clientes,Financeiro,consulta/abre tela,Nao classificado,a validar,,,a validar; preferir cancelamento logico,a validar,a validar,a validar por fluxo dinamico,a validar,strings executaveis,confirmado por UI
ImpNotaFiltro,Financeiro,consulta/abre tela,Nao classificado,a validar,,,a validar; preferir cancelamento logico,a validar,a validar,a validar por fluxo dinamico,a validar,strings executaveis,confirmado por UI
ImpNotaFiscal,Financeiro,consulta/abre tela,Notas/Fiscal,a validar,,,a validar; preferir cancelamento logico,a validar,a validar,a validar por fluxo dinamico,a validar,strings executaveis,confirmado por UI
Imprimir|Imprime o relat,Financeiro,relatorio/impressao,Nao classificado,a validar,,,a validar; preferir cancelamento logico,a validar,a validar,a validar por fluxo dinamico,a validar,strings executaveis,confirmado por UI
Informe o Nome do Cliente,Financeiro,consulta/abre tela,Clientes,a validar,,,a validar; preferir cancelamento logico,a validar,a validar,a validar por fluxo dinamico,a validar,strings executaveis,confirmado por UI
Informe o Valor do Produto,Financeiro,consulta/abre tela,Nao classificado,a validar,,,a validar; preferir cancelamento logico,a validar,a validar,a validar por fluxo dinamico,a validar,strings executaveis,confirmado por UI
iNomUsuario,Financeiro,consulta/abre tela,Nao classificado,a validar,,,a validar; preferir cancelamento logico,a validar,a validar,a validar por fluxo dinamico,a validar,strings executaveis,confirmado por UI
InsertMenuItemA,Financeiro,consulta/abre tela,Nao classificado,a validar,,,a validar; preferir cancelamento logico,a validar,a validar,a validar por fluxo dinamico,a validar,strings executaveis,confirmado por UI
InstrucoesCaixa,Financeiro,consulta/abre tela,Financeiro,a validar,,,a validar; preferir cancelamento logico,a validar,a validar,a validar por fluxo dinamico,a validar,strings executaveis,confirmado por UI
InstruesdeCaixa1,Financeiro,consulta/abre tela,Financeiro,a validar,,,a validar; preferir cancelamento logico,a validar,a validar,a validar por fluxo dinamico,a validar,strings executaveis,confirmado por UI
InstruesdeCaixa1Click,Financeiro,consulta/abre tela,Financeiro,a validar,,,a validar; preferir cancelamento logico,a validar,a validar,a validar por fluxo dinamico,a validar,strings executaveis,confirmado por UI
InstruesdeCaixa2,Financeiro,consulta/abre tela,Financeiro,a validar,,,a validar; preferir cancelamento logico,a validar,a validar,a validar por fluxo dinamico,a validar,strings executaveis,confirmado por UI
InstruesdeCaixa2Click,Financeiro,consulta/abre tela,Financeiro,a validar,,,a validar; preferir cancelamento logico,a validar,a validar,a validar por fluxo dinamico,a validar,strings executaveis,confirmado por UI
JANELA CADASTRO,Financeiro,inclusao,Nao classificado,a validar,a validar,,a validar; preferir cancelamento logico,a validar,a validar,a validar por fluxo dinamico,a validar,strings executaveis,confirmado por UI
Lb_Consulta,Financeiro,consulta/abre tela,Nao classificado,a validar,,,a validar; preferir cancelamento logico,a validar,a validar,a validar por fluxo dinamico,a validar,strings executaveis,confirmado por UI
Lb_Consulta\,Financeiro,consulta/abre tela,Nao classificado,a validar,,,a validar; preferir cancelamento logico,a validar,a validar,a validar por fluxo dinamico,a validar,strings executaveis,confirmado por UI
Lb_TitSenha,Financeiro,consulta/abre tela,Nao classificado,a validar,,,a validar; preferir cancelamento logico,a validar,a validar,a validar por fluxo dinamico,a validar,strings executaveis,confirmado por UI
Magem Inferior C,Financeiro,consulta/abre tela,Notas/Fiscal,a validar,,,a validar; preferir cancelamento logico,a validar,a validar,a validar por fluxo dinamico,a validar,strings executaveis,confirmado por UI
MensagemPadroLanamento1Click,Financeiro,consulta/abre tela,Nao classificado,a validar,,,a validar; preferir cancelamento logico,a validar,a validar,a validar por fluxo dinamico,a validar,strings executaveis,confirmado por UI
MenuItem,Financeiro,consulta/abre tela,Nao classificado,a validar,,,a validar; preferir cancelamento logico,a validar,a validar,a validar por fluxo dinamico,a validar,strings executaveis,confirmado por UI
MenuItem1,Financeiro,consulta/abre tela,Nao classificado,a validar,,,a validar; preferir cancelamento logico,a validar,a validar,a validar por fluxo dinamico,a validar,strings executaveis,confirmado por UI
MenuItem1$,Financeiro,consulta/abre tela,Nao classificado,a validar,,,a validar; preferir cancelamento logico,a validar,a validar,a validar por fluxo dinamico,a validar,strings executaveis,confirmado por UI
MenuItem1T,Financeiro,consulta/abre tela,Nao classificado,a validar,,,a validar; preferir cancelamento logico,a validar,a validar,a validar por fluxo dinamico,a validar,strings executaveis,confirmado por UI
Mm_Clientes,Financeiro,consulta/abre tela,Nao classificado,a validar,,,a validar; preferir cancelamento logico,a validar,a validar,a validar por fluxo dinamico,a validar,strings executaveis,confirmado por UI
Modelo de cadastros,Financeiro,inclusao,Nao classificado,a validar,a validar,,a validar; preferir cancelamento logico,a validar,a validar,a validar por fluxo dinamico,a validar,strings executaveis,confirmado por UI
Modelo de Processamento de relat,Financeiro,relatorio/impressao,Nao classificado,a validar,,,a validar; preferir cancelamento logico,a validar,a validar,a validar por fluxo dinamico,a validar,strings executaveis,confirmado por UI
Modelo Relat,Financeiro,relatorio/impressao,Nao classificado,a validar,,,a validar; preferir cancelamento logico,a validar,a validar,a validar por fluxo dinamico,a validar,strings executaveis,confirmado por UI
Motivo do Cancelamento,Financeiro,cancelamento/exclusao,Ocorrencias/Auditoria,a validar,,a validar,a validar; preferir cancelamento logico,a validar,a validar,a validar por fluxo dinamico,a validar,strings executaveis,confirmado por UI
MotivoDesat,Financeiro,consulta/abre tela,Notas/Fiscal,a validar,,,a validar; preferir cancelamento logico,a validar,a validar,a validar por fluxo dinamico,a validar,strings executaveis,confirmado por UI
NewCancelBtnClick,Financeiro,cancelamento/exclusao,Ocorrencias/Auditoria,a validar,,a validar,a validar; preferir cancelamento logico,a validar,a validar,a validar por fluxo dinamico,a validar,strings executaveis,confirmado por UI
nineinferior,Financeiro,consulta/abre tela,Notas/Fiscal,a validar,,,a validar; preferir cancelamento logico,a validar,a validar,a validar por fluxo dinamico,a validar,strings executaveis,confirmado por UI
Nome do Cliente,Financeiro,consulta/abre tela,Clientes,a validar,,,a validar; preferir cancelamento logico,a validar,a validar,a validar por fluxo dinamico,a validar,strings executaveis,confirmado por UI
Nome do Cliente (Primeiro Nome),Financeiro,consulta/abre tela,Clientes,a validar,,,a validar; preferir cancelamento logico,a validar,a validar,a validar por fluxo dinamico,a validar,strings executaveis,confirmado por UI
NomUsuario,Financeiro,consulta/abre tela,Nao classificado,a validar,,,a validar; preferir cancelamento logico,a validar,a validar,a validar por fluxo dinamico,a validar,strings executaveis,confirmado por UI
Nota Fiscal,Financeiro,consulta/abre tela,Notas/Fiscal,a validar,,,a validar; preferir cancelamento logico,a validar,a validar,a validar por fluxo dinamico,a validar,strings executaveis,confirmado por UI
NotaCliente,Financeiro,consulta/abre tela,Nao classificado,a validar,,,a validar; preferir cancelamento logico,a validar,a validar,a validar por fluxo dinamico,a validar,strings executaveis,confirmado por UI
NOTAFISCAL,Financeiro,consulta/abre tela,Notas/Fiscal,a validar,,,a validar; preferir cancelamento logico,a validar,a validar,a validar por fluxo dinamico,a validar,strings executaveis,confirmado por UI
Notas,Financeiro,consulta/abre tela,Nao classificado,a validar,,,a validar; preferir cancelamento logico,a validar,a validar,a validar por fluxo dinamico,a validar,strings executaveis,confirmado por UI
o Clientes,Financeiro,consulta/abre tela,Clientes,a validar,,,a validar; preferir cancelamento logico,a validar,a validar,a validar por fluxo dinamico,a validar,strings executaveis,confirmado por UI
"o Confere, Tecle Enter para Continuar",Financeiro,consulta/abre tela,Notas/Fiscal,a validar,,,a validar; preferir cancelamento logico,a validar,a validar,a validar por fluxo dinamico,a validar,strings executaveis,confirmado por UI
o das Notas Fiscais,Financeiro,consulta/abre tela,Nao classificado,a validar,,,a validar; preferir cancelamento logico,a validar,a validar,a validar por fluxo dinamico,a validar,strings executaveis,confirmado por UI
o de Caixa,Financeiro,consulta/abre tela,Financeiro,a validar,,,a validar; preferir cancelamento logico,a validar,a validar,a validar por fluxo dinamico,a validar,strings executaveis,confirmado por UI
o de Clientes,Financeiro,consulta/abre tela,Clientes,a validar,,,a validar; preferir cancelamento logico,a validar,a validar,a validar por fluxo dinamico,a validar,strings executaveis,confirmado por UI
o de Relat,Financeiro,relatorio/impressao,Nao classificado,a validar,,,a validar; preferir cancelamento logico,a validar,a validar,a validar por fluxo dinamico,a validar,strings executaveis,confirmado por UI
o do Caixa,Financeiro,consulta/abre tela,Financeiro,a validar,,,a validar; preferir cancelamento logico,a validar,a validar,a validar por fluxo dinamico,a validar,strings executaveis,confirmado por UI
o do Cliente,Financeiro,consulta/abre tela,Clientes,a validar,,,a validar; preferir cancelamento logico,a validar,a validar,a validar por fluxo dinamico,a validar,strings executaveis,confirmado por UI
o do produto?,Financeiro,consulta/abre tela,Nao classificado,a validar,,,a validar; preferir cancelamento logico,a validar,a validar,a validar por fluxo dinamico,a validar,strings executaveis,confirmado por UI
o nota fiscal no LavSoft,Financeiro,consulta/abre tela,Notas/Fiscal,a validar,,,a validar; preferir cancelamento logico,a validar,a validar,a validar por fluxo dinamico,a validar,strings executaveis,confirmado por UI
o Social do Cliente,Financeiro,consulta/abre tela,Clientes,a validar,,,a validar; preferir cancelamento logico,a validar,a validar,a validar por fluxo dinamico,a validar,strings executaveis,confirmado por UI
O Usuario,Financeiro,consulta/abre tela,Nao classificado,a validar,,,a validar; preferir cancelamento logico,a validar,a validar,a validar por fluxo dinamico,a validar,strings executaveis,confirmado por UI
ObjectMenuItem,Financeiro,consulta/abre tela,Nao classificado,a validar,,,a validar; preferir cancelamento logico,a validar,a validar,a validar por fluxo dinamico,a validar,strings executaveis,confirmado por UI
oneinferior,Financeiro,consulta/abre tela,Notas/Fiscal,a validar,,,a validar; preferir cancelamento logico,a validar,a validar,a validar por fluxo dinamico,a validar,strings executaveis,confirmado por UI
)http://www.lavsoft.com.br/EnviaEntregaNew,Gerenciador,consulta/abre tela,Nao classificado,a validar,,,a validar; preferir cancelamento logico,a validar,a validar,a validar por fluxo dinamico,a validar,strings executaveis,confirmado por UI
&http://www.lavsoft.com.br/EnviaEntrega,Gerenciador,consulta/abre tela,Nao classificado,a validar,,,a validar; preferir cancelamento logico,a validar,a validar,a validar por fluxo dinamico,a validar,strings executaveis,confirmado por UI
add_EnviaEntregaCompleted,Gerenciador,consulta/abre tela,Nao classificado,a validar,,,a validar; preferir cancelamento logico,a validar,a validar,a validar por fluxo dinamico,a validar,strings executaveis,confirmado por UI
add_EnviaEntregaNewCompleted,Gerenciador,consulta/abre tela,Nao classificado,a validar,,,a validar; preferir cancelamento logico,a validar,a validar,a validar por fluxo dinamico,a validar,strings executaveis,confirmado por UI
btnCancel_Click,Gerenciador,cancelamento/exclusao,Ocorrencias/Auditoria,a validar,,a validar,a validar; preferir cancelamento logico,a validar,a validar,a validar por fluxo dinamico,a validar,strings executaveis,confirmado por UI
btnCancelar_Click,Gerenciador,cancelamento/exclusao,Ocorrencias/Auditoria,a validar,,a validar,a validar; preferir cancelamento logico,a validar,a validar,a validar por fluxo dinamico,a validar,strings executaveis,confirmado por UI
CompilationRelaxationsAttribute,Gerenciador,consulta/abre tela,Notas/Fiscal,a validar,,,a validar; preferir cancelamento logico,a validar,a validar,a validar por fluxo dinamico,a validar,strings executaveis,confirmado por UI
EnviaEntrega,Gerenciador,consulta/abre tela,Nao classificado,a validar,,,a validar; preferir cancelamento logico,a validar,a validar,a validar por fluxo dinamico,a validar,strings executaveis,confirmado por UI
EnviaEntregaAsync,Gerenciador,consulta/abre tela,Nao classificado,a validar,,,a validar; preferir cancelamento logico,a validar,a validar,a validar por fluxo dinamico,a validar,strings executaveis,confirmado por UI
EnviaEntregaCompletedEventArgs,Gerenciador,consulta/abre tela,Nao classificado,a validar,,,a validar; preferir cancelamento logico,a validar,a validar,a validar por fluxo dinamico,a validar,strings executaveis,confirmado por UI
EnviaEntregaCompletedEventHandler,Gerenciador,consulta/abre tela,Nao classificado,a validar,,,a validar; preferir cancelamento logico,a validar,a validar,a validar por fluxo dinamico,a validar,strings executaveis,confirmado por UI
EnviaEntregaNew,Gerenciador,consulta/abre tela,Nao classificado,a validar,,,a validar; preferir cancelamento logico,a validar,a validar,a validar por fluxo dinamico,a validar,strings executaveis,confirmado por UI
EnviaEntregaNewAsync,Gerenciador,consulta/abre tela,Nao classificado,a validar,,,a validar; preferir cancelamento logico,a validar,a validar,a validar por fluxo dinamico,a validar,strings executaveis,confirmado por UI
EnviaEntregaNewCompletedEventArgs,Gerenciador,consulta/abre tela,Nao classificado,a validar,,,a validar; preferir cancelamento logico,a validar,a validar,a validar por fluxo dinamico,a validar,strings executaveis,confirmado por UI
EnviaEntregaNewCompletedEventHandler,Gerenciador,consulta/abre tela,Nao classificado,a validar,,,a validar; preferir cancelamento logico,a validar,a validar,a validar por fluxo dinamico,a validar,strings executaveis,confirmado por UI
Gerenciador.wsAtuTabelas,Gerenciador,consulta/abre tela,Notas/Fiscal,a validar,,,a validar; preferir cancelamento logico,a validar,a validar,a validar por fluxo dinamico,a validar,strings executaveis,confirmado por UI
get_cbxSaturday,Gerenciador,consulta/abre tela,Notas/Fiscal,a validar,,,a validar; preferir cancelamento logico,a validar,a validar,a validar por fluxo dinamico,a validar,strings executaveis,confirmado por UI
get_Gerenciador_wsAtuTabelas_AtuTabelas,Gerenciador,consulta/abre tela,Notas/Fiscal,a validar,,,a validar; preferir cancelamento logico,a validar,a validar,a validar por fluxo dinamico,a validar,strings executaveis,confirmado por UI
get_minilavRecepcao,Gerenciador,consulta/abre tela,Configuracao/Admin,a validar,,,a validar; preferir cancelamento logico,a validar,a validar,a validar por fluxo dinamico,a validar,strings executaveis,confirmado por UI
get_tabelasRecepcao,Gerenciador,consulta/abre tela,Nao classificado,a validar,,,a validar; preferir cancelamento logico,a validar,a validar,a validar por fluxo dinamico,a validar,strings executaveis,confirmado por UI
OnEnviaEntregaNewOperationCompleted,Gerenciador,consulta/abre tela,Nao classificado,a validar,,,a validar; preferir cancelamento logico,a validar,a validar,a validar por fluxo dinamico,a validar,strings executaveis,confirmado por UI
OnEnviaEntregaOperationCompleted,Gerenciador,consulta/abre tela,Nao classificado,a validar,,,a validar; preferir cancelamento logico,a validar,a validar,a validar por fluxo dinamico,a validar,strings executaveis,confirmado por UI
Recep,Gerenciador,consulta/abre tela,Nao classificado,a validar,,,a validar; preferir cancelamento logico,a validar,a validar,a validar por fluxo dinamico,a validar,strings executaveis,confirmado por UI
remove_EnviaEntregaCompleted,Gerenciador,consulta/abre tela,Nao classificado,a validar,,,a validar; preferir cancelamento logico,a validar,a validar,a validar por fluxo dinamico,a validar,strings executaveis,confirmado por UI
remove_EnviaEntregaNewCompleted,Gerenciador,consulta/abre tela,Nao classificado,a validar,,,a validar; preferir cancelamento logico,a validar,a validar,a validar por fluxo dinamico,a validar,strings executaveis,confirmado por UI
rio ou senha inv,Gerenciador,consulta/abre tela,Nao classificado,a validar,,,a validar; preferir cancelamento logico,a validar,a validar,a validar por fluxo dinamico,a validar,strings executaveis,confirmado por UI
Senha,Gerenciador,consulta/abre tela,Nao classificado,a validar,,,a validar; preferir cancelamento logico,a validar,a validar,a validar por fluxo dinamico,a validar,strings executaveis,confirmado por UI
ToolStripMenuItem,Gerenciador,consulta/abre tela,Nao classificado,a validar,,,a validar; preferir cancelamento logico,a validar,a validar,a validar por fluxo dinamico,a validar,strings executaveis,confirmado por UI
toolStripMenuItem1,Gerenciador,consulta/abre tela,Nao classificado,a validar,,,a validar; preferir cancelamento logico,a validar,a validar,a validar por fluxo dinamico,a validar,strings executaveis,confirmado por UI
toolStripMenuItem2,Gerenciador,consulta/abre tela,Nao classificado,a validar,,,a validar; preferir cancelamento logico,a validar,a validar,a validar por fluxo dinamico,a validar,strings executaveis,confirmado por UI
usuario,Gerenciador,consulta/abre tela,Nao classificado,a validar,,,a validar; preferir cancelamento logico,a validar,a validar,a validar por fluxo dinamico,a validar,strings executaveis,confirmado por UI
(NumNotAdi =,LavFacilLan,consulta/abre tela,Nao classificado,a validar,,,a validar; preferir cancelamento logico,a validar,a validar,a validar por fluxo dinamico,a validar,strings executaveis,confirmado por UI
"M.NumNotAdi,",LavFacilLan,consulta/abre tela,Nao classificado,a validar,,,a validar; preferir cancelamento logico,a validar,a validar,a validar por fluxo dinamico,a validar,strings executaveis,confirmado por UI
de Caixa,LavFacilLan,consulta/abre tela,Financeiro,a validar,,,a validar; preferir cancelamento logico,a validar,a validar,a validar por fluxo dinamico,a validar,strings executaveis,confirmado por UI
Conferencia,LavFacilLan,consulta/abre tela,Notas/Fiscal,a validar,,,a validar; preferir cancelamento logico,a validar,a validar,a validar por fluxo dinamico,a validar,strings executaveis,confirmado por UI
Notas N On (M.NumNot = N.NumNot) or (M.NumNotAdi = N.NumNot),LavFacilLan,consulta/abre tela,Nao classificado,a validar,,,a validar; preferir cancelamento logico,a validar,a validar,a validar por fluxo dinamico,a validar,strings executaveis,confirmado por UI
< ENTREGA TOTAL >,LavFacilLan,consulta/abre tela,Nao classificado,a validar,,,a validar; preferir cancelamento logico,a validar,a validar,a validar por fluxo dinamico,a validar,strings executaveis,confirmado por UI
Cliente:,LavFacilLan,consulta/abre tela,Clientes,a validar,,,a validar; preferir cancelamento logico,a validar,a validar,a validar por fluxo dinamico,a validar,strings executaveis,confirmado por UI
Nota Rols FPG,LavFacilLan,consulta/abre tela,Nao classificado,a validar,,,a validar; preferir cancelamento logico,a validar,a validar,a validar por fluxo dinamico,a validar,strings executaveis,confirmado por UI
Nota Rols-Tip FPG-T Vend.,LavFacilLan,consulta/abre tela,Nao classificado,a validar,,,a validar; preferir cancelamento logico,a validar,a validar,a validar por fluxo dinamico,a validar,strings executaveis,confirmado por UI
- Atualiza Cadastro de Locais ...,LavFacilLan,inclusao,Nao classificado,a validar,a validar,,a validar; preferir cancelamento logico,a validar,a validar,a validar por fluxo dinamico,a validar,strings executaveis,confirmado por UI
- Cadastro de Locais ...,LavFacilLan,inclusao,Nao classificado,a validar,a validar,,a validar; preferir cancelamento logico,a validar,a validar,a validar por fluxo dinamico,a validar,strings executaveis,confirmado por UI
- Data do Cancelamento:,LavFacilLan,cancelamento/exclusao,Ocorrencias/Auditoria,a validar,,a validar,a validar; preferir cancelamento logico,a validar,a validar,a validar por fluxo dinamico,a validar,strings executaveis,confirmado por UI
- GeraParcNotas -,LavFacilLan,consulta/abre tela,Nao classificado,a validar,,,a validar; preferir cancelamento logico,a validar,a validar,a validar por fluxo dinamico,a validar,strings executaveis,confirmado por UI
- Usuario:,LavFacilLan,consulta/abre tela,Nao classificado,a validar,,,a validar; preferir cancelamento logico,a validar,a validar,a validar por fluxo dinamico,a validar,strings executaveis,confirmado por UI
-> Procura Cliente,LavFacilLan,consulta/abre tela,Clientes,a validar,,,a validar; preferir cancelamento logico,a validar,a validar,a validar por fluxo dinamico,a validar,strings executaveis,confirmado por UI
-> Rol ou Cliente n,LavFacilLan,consulta/abre tela,Clientes,a validar,,,a validar; preferir cancelamento logico,a validar,a validar,a validar por fluxo dinamico,a validar,strings executaveis,confirmado por UI
... - Verificando estoque,LavFacilLan,consulta/abre tela,Estoque,a validar,,,a validar; preferir cancelamento logico,a validar,a validar,a validar por fluxo dinamico,a validar,strings executaveis,confirmado por UI
****** CLIENTE DESATIVADO ******,LavFacilLan,consulta/abre tela,Clientes,a validar,,,a validar; preferir cancelamento logico,a validar,a validar,a validar por fluxo dinamico,a validar,strings executaveis,confirmado por UI
|Grupo em que pertence o cliente,LavFacilLan,consulta/abre tela,Clientes,a validar,,,a validar; preferir cancelamento logico,a validar,a validar,a validar por fluxo dinamico,a validar,strings executaveis,confirmado por UI
Agrupam.: Bairro do Cliente |,LavFacilLan,consulta/abre tela,Clientes,a validar,,,a validar; preferir cancelamento logico,a validar,a validar,a validar por fluxo dinamico,a validar,strings executaveis,confirmado por UI
Agrupam.: Cliente |,LavFacilLan,consulta/abre tela,Clientes,a validar,,,a validar; preferir cancelamento logico,a validar,a validar,a validar por fluxo dinamico,a validar,strings executaveis,confirmado por UI
Agrupam.: Data entrega |,LavFacilLan,consulta/abre tela,Nao classificado,a validar,,,a validar; preferir cancelamento logico,a validar,a validar,a validar por fluxo dinamico,a validar,strings executaveis,confirmado por UI
Agrupam.: Entrega prev. |,LavFacilLan,consulta/abre tela,Nao classificado,a validar,,,a validar; preferir cancelamento logico,a validar,a validar,a validar por fluxo dinamico,a validar,strings executaveis,confirmado por UI
Agrupam.: Tipo de Nota |,LavFacilLan,consulta/abre tela,Nao classificado,a validar,,,a validar; preferir cancelamento logico,a validar,a validar,a validar por fluxo dinamico,a validar,strings executaveis,confirmado por UI
"and M.CodUsuario=""",LavFacilLan,consulta/abre tela,Nao classificado,a validar,,,a validar; preferir cancelamento logico,a validar,a validar,a validar por fluxo dinamico,a validar,strings executaveis,confirmado por UI
"and N.CodUsuario=""",LavFacilLan,consulta/abre tela,Nao classificado,a validar,,,a validar; preferir cancelamento logico,a validar,a validar,a validar por fluxo dinamico,a validar,strings executaveis,confirmado por UI
"and N.TipNota=""",LavFacilLan,consulta/abre tela,Nao classificado,a validar,,,a validar; preferir cancelamento logico,a validar,a validar,a validar por fluxo dinamico,a validar,strings executaveis,confirmado por UI
"And ((Desativado is Null) or (Desativado=""N""))",LavFacilLan,consulta/abre tela,Notas/Fiscal,a validar,,,a validar; preferir cancelamento logico,a validar,a validar,a validar por fluxo dinamico,a validar,strings executaveis,confirmado por UI
"And (CodUsuario=""",LavFacilLan,consulta/abre tela,Nao classificado,a validar,,,a validar; preferir cancelamento logico,a validar,a validar,a validar por fluxo dinamico,a validar,strings executaveis,confirmado por UI
"b.RDB$TYPE_NAME IN ('RELATION', 'VIEW',",LavFacilLan,relatorio/impressao,Nao classificado,a validar,,,a validar; preferir cancelamento logico,a validar,a validar,a validar por fluxo dinamico,a validar,strings executaveis,confirmado por UI
baixada na Nota N,LavFacilLan,financeiro/fechamento,Nao classificado,a validar,,a validar,a validar; preferir cancelamento logico,a validar,a validar,a validar por fluxo dinamico,a validar,strings executaveis,confirmado por UI
baixada no financeiro,LavFacilLan,financeiro/fechamento,Nao classificado,a validar,,a validar,a validar; preferir cancelamento logico,a validar,a validar,a validar por fluxo dinamico,a validar,strings executaveis,confirmado por UI
baixado na nota N,LavFacilLan,financeiro/fechamento,Nao classificado,a validar,,a validar,a validar; preferir cancelamento logico,a validar,a validar,a validar por fluxo dinamico,a validar,strings executaveis,confirmado por UI
cadastrado em outro cliente.,LavFacilLan,consulta/abre tela,Clientes,a validar,,,a validar; preferir cancelamento logico,a validar,a validar,a validar por fluxo dinamico,a validar,strings executaveis,confirmado por UI
Cadastros foram ajustados,LavFacilLan,inclusao,Nao classificado,a validar,a validar,,a validar; preferir cancelamento logico,a validar,a validar,a validar por fluxo dinamico,a validar,strings executaveis,confirmado por UI
CFDestravaImpressoraFiscal1Click,LavFacilLan,relatorio/impressao,Notas/Fiscal,a validar,,,a validar; preferir cancelamento logico,a validar,a validar,a validar por fluxo dinamico,a validar,strings executaveis,confirmado por UI
Cliente.:,LavFacilLan,consulta/abre tela,Clientes,a validar,,,a validar; preferir cancelamento logico,a validar,a validar,a validar por fluxo dinamico,a validar,strings executaveis,confirmado por UI
clientes.,LavFacilLan,consulta/abre tela,Clientes,a validar,,,a validar; preferir cancelamento logico,a validar,a validar,a validar por fluxo dinamico,a validar,strings executaveis,confirmado por UI
CodUsuario= ',LavFacilLan,consulta/abre tela,Nao classificado,a validar,,,a validar; preferir cancelamento logico,a validar,a validar,a validar por fluxo dinamico,a validar,strings executaveis,confirmado por UI
CodUsuario=',LavFacilLan,consulta/abre tela,Nao classificado,a validar,,,a validar; preferir cancelamento logico,a validar,a validar,a validar por fluxo dinamico,a validar,strings executaveis,confirmado por UI
colocar em estoque...,LavFacilLan,consulta/abre tela,Estoque,a validar,,,a validar; preferir cancelamento logico,a validar,a validar,a validar por fluxo dinamico,a validar,strings executaveis,confirmado por UI
CONTROLE DE ENTREGA,LavFacilLan,consulta/abre tela,Nao classificado,a validar,,,a validar; preferir cancelamento logico,a validar,a validar,a validar por fluxo dinamico,a validar,strings executaveis,confirmado por UI
creditado em seu cadastro o valor de R$,LavFacilLan,inclusao,Nao classificado,a validar,a validar,,a validar; preferir cancelamento logico,a validar,a validar,a validar por fluxo dinamico,a validar,strings executaveis,confirmado por UI
da Nota:,LavFacilLan,consulta/abre tela,Nao classificado,a validar,,,a validar; preferir cancelamento logico,a validar,a validar,a validar por fluxo dinamico,a validar,strings executaveis,confirmado por UI
deseja imprimir o relat,LavFacilLan,relatorio/impressao,Nao classificado,a validar,,,a validar; preferir cancelamento logico,a validar,a validar,a validar por fluxo dinamico,a validar,strings executaveis,confirmado por UI
diferente do cadastro,LavFacilLan,inclusao,Nao classificado,a validar,a validar,,a validar; preferir cancelamento logico,a validar,a validar,a validar por fluxo dinamico,a validar,strings executaveis,confirmado por UI
do cadastro de clientes todos os e-mails relacionados no arquivo,LavFacilLan,inclusao,Clientes,a validar,a validar,,a validar; preferir cancelamento logico,a validar,a validar,a validar por fluxo dinamico,a validar,strings executaveis,confirmado por UI
Em Estoque |,LavFacilLan,consulta/abre tela,Estoque,a validar,,,a validar; preferir cancelamento logico,a validar,a validar,a validar por fluxo dinamico,a validar,strings executaveis,confirmado por UI
em estoque.,LavFacilLan,consulta/abre tela,Estoque,a validar,,,a validar; preferir cancelamento logico,a validar,a validar,a validar por fluxo dinamico,a validar,strings executaveis,confirmado por UI
emitido nota - N,LavFacilLan,relatorio/impressao,Nao classificado,a validar,,,a validar; preferir cancelamento logico,a validar,a validar,a validar por fluxo dinamico,a validar,strings executaveis,confirmado por UI
emitido pela Entrega das Pe,LavFacilLan,relatorio/impressao,Nao classificado,a validar,,,a validar; preferir cancelamento logico,a validar,a validar,a validar por fluxo dinamico,a validar,strings executaveis,confirmado por UI
ENTREGAS DO DIA,LavFacilLan,consulta/abre tela,Nao classificado,a validar,,,a validar; preferir cancelamento logico,a validar,a validar,a validar por fluxo dinamico,a validar,strings executaveis,confirmado por UI
"esta em Estoque, Opera",LavFacilLan,consulta/abre tela,Estoque,a validar,,,a validar; preferir cancelamento logico,a validar,a validar,a validar por fluxo dinamico,a validar,strings executaveis,confirmado por UI
excede o valor do produto.,LavFacilLan,consulta/abre tela,Nao classificado,a validar,,,a validar; preferir cancelamento logico,a validar,a validar,a validar por fluxo dinamico,a validar,strings executaveis,confirmado por UI
FINANCEIRO,LavFacilLan,consulta/abre tela,Nao classificado,a validar,,,a validar; preferir cancelamento logico,a validar,a validar,a validar por fluxo dinamico,a validar,strings executaveis,confirmado por UI
Fixada (Nota Fiscal),LavFacilLan,consulta/abre tela,Notas/Fiscal,a validar,,,a validar; preferir cancelamento logico,a validar,a validar,a validar por fluxo dinamico,a validar,strings executaveis,confirmado por UI
foi baixado na nota,LavFacilLan,financeiro/fechamento,Nao classificado,a validar,,a validar,a validar; preferir cancelamento logico,a validar,a validar,a validar por fluxo dinamico,a validar,strings executaveis,confirmado por UI
foi emitida uma Nota para este Rol.,LavFacilLan,relatorio/impressao,Nao classificado,a validar,,,a validar; preferir cancelamento logico,a validar,a validar,a validar por fluxo dinamico,a validar,strings executaveis,confirmado por UI
"foi Entregue, Utilize o F7 para Voltar ao Estoque",LavFacilLan,consulta/abre tela,Estoque,a validar,,,a validar; preferir cancelamento logico,a validar,a validar,a validar por fluxo dinamico,a validar,strings executaveis,confirmado por UI
Grupo de produtos (nome do gupo),LavFacilLan,consulta/abre tela,Nao classificado,a validar,,,a validar; preferir cancelamento logico,a validar,a validar,a validar por fluxo dinamico,a validar,strings executaveis,confirmado por UI
"I.RDB$INDEX_NAME, I.RDB$RELATION_NAME, I.RDB$UNIQUE_FLAG,",LavFacilLan,relatorio/impressao,Nao classificado,a validar,,,a validar; preferir cancelamento logico,a validar,a validar,a validar por fluxo dinamico,a validar,strings executaveis,confirmado por UI
I.RDB$RELATION_NAME = ',LavFacilLan,relatorio/impressao,Nao classificado,a validar,,,a validar; preferir cancelamento logico,a validar,a validar,a validar por fluxo dinamico,a validar,strings executaveis,confirmado por UI
imprimir a nota mesmo assim,LavFacilLan,consulta/abre tela,Nao classificado,a validar,,,a validar; preferir cancelamento logico,a validar,a validar,a validar por fluxo dinamico,a validar,strings executaveis,confirmado por UI
inferior ao hor,LavFacilLan,consulta/abre tela,Notas/Fiscal,a validar,,,a validar; preferir cancelamento logico,a validar,a validar,a validar por fluxo dinamico,a validar,strings executaveis,confirmado por UI
INTERVALO DE NOTAS (Faturamento),LavFacilLan,consulta/abre tela,Nao classificado,a validar,,,a validar; preferir cancelamento logico,a validar,a validar,a validar por fluxo dinamico,a validar,strings executaveis,confirmado por UI
marcada em estoque,LavFacilLan,consulta/abre tela,Produtos/Servicos,a validar,,,a validar; preferir cancelamento logico,a validar,a validar,a validar por fluxo dinamico,a validar,strings executaveis,confirmado por UI
MensagemPrFixadaNotaFiscal1Click,LavFacilLan,consulta/abre tela,Notas/Fiscal,a validar,,,a validar; preferir cancelamento logico,a validar,a validar,a validar por fluxo dinamico,a validar,strings executaveis,confirmado por UI
N.TipNota,LavFacilLan,consulta/abre tela,Nao classificado,a validar,,,a validar; preferir cancelamento logico,a validar,a validar,a validar por fluxo dinamico,a validar,strings executaveis,confirmado por UI
necessario ajustar os seguintes campos do cadastro do cliente:,LavFacilLan,inclusao,Clientes,a validar,a validar,,a validar; preferir cancelamento logico,a validar,a validar,a validar por fluxo dinamico,a validar,strings executaveis,confirmado por UI
NFENotafiscaleletrnicadeservios1,LavFacilLan,consulta/abre tela,Notas/Fiscal,a validar,,,a validar; preferir cancelamento logico,a validar,a validar,a validar por fluxo dinamico,a validar,strings executaveis,confirmado por UI
Nome Cliente;,LavFacilLan,consulta/abre tela,Clientes,a validar,,,a validar; preferir cancelamento logico,a validar,a validar,a validar por fluxo dinamico,a validar,strings executaveis,confirmado por UI
Nota,LavFacilLan,consulta/abre tela,Nao classificado,a validar,,,a validar; preferir cancelamento logico,a validar,a validar,a validar por fluxo dinamico,a validar,strings executaveis,confirmado por UI
NOTA:,LavFacilLan,consulta/abre tela,Nao classificado,a validar,,,a validar; preferir cancelamento logico,a validar,a validar,a validar por fluxo dinamico,a validar,strings executaveis,confirmado por UI
NumNotAdi=,LavFacilLan,consulta/abre tela,Nao classificado,a validar,,,a validar; preferir cancelamento logico,a validar,a validar,a validar por fluxo dinamico,a validar,strings executaveis,confirmado por UI
NumNotAdi=',LavFacilLan,consulta/abre tela,Nao classificado,a validar,,,a validar; preferir cancelamento logico,a validar,a validar,a validar por fluxo dinamico,a validar,strings executaveis,confirmado por UI
o CPF do cliente!,LavFacilLan,consulta/abre tela,Clientes,a validar,,,a validar; preferir cancelamento logico,a validar,a validar,a validar por fluxo dinamico,a validar,strings executaveis,confirmado por UI
Ordem: Produto,LavFacilLan,consulta/abre tela,Nao classificado,a validar,,,a validar; preferir cancelamento logico,a validar,a validar,a validar por fluxo dinamico,a validar,strings executaveis,confirmado por UI
"ORDER BY a.RDB$RELATION_NAME, a.RDB$FIELD_POSITION",LavFacilLan,relatorio/impressao,Nao classificado,a validar,,,a validar; preferir cancelamento logico,a validar,a validar,a validar por fluxo dinamico,a validar,strings executaveis,confirmado por UI
"ORDER BY a.RDB$RELATION_NAME, a.RDB$PRIVILEGE",LavFacilLan,relatorio/impressao,Nao classificado,a validar,,,a validar; preferir cancelamento logico,a validar,a validar,a validar por fluxo dinamico,a validar,strings executaveis,confirmado por UI
"ORDER BY a.RDB$RELATION_NAME, b.RDB$FIELD_NAME",LavFacilLan,relatorio/impressao,Nao classificado,a validar,,,a validar; preferir cancelamento logico,a validar,a validar,a validar por fluxo dinamico,a validar,strings executaveis,confirmado por UI
Order By NomUsuario,LavFacilLan,consulta/abre tela,Nao classificado,a validar,,,a validar; preferir cancelamento logico,a validar,a validar,a validar por fluxo dinamico,a validar,strings executaveis,confirmado por UI
"ORDER BY RC_FOR.RDB$RELATION_NAME, IS_FOR.RDB$FIELD_POSITION",LavFacilLan,relatorio/impressao,Nao classificado,a validar,,,a validar; preferir cancelamento logico,a validar,a validar,a validar por fluxo dinamico,a validar,strings executaveis,confirmado por UI
"ORDER BY RELC_PRIM.RDB$RELATION_NAME, IS_FOR.RDB$FIELD_POSITION",LavFacilLan,relatorio/impressao,Nao classificado,a validar,,,a validar; preferir cancelamento logico,a validar,a validar,a validar por fluxo dinamico,a validar,strings executaveis,confirmado por UI
Pagar - Estoque,LavFacilLan,financeiro/fechamento,Financeiro,a validar,,a validar,a validar; preferir cancelamento logico,a validar,a validar,a validar por fluxo dinamico,a validar,strings executaveis,confirmado por UI
Pagar - Estoque/Produ,LavFacilLan,financeiro/fechamento,Financeiro,a validar,,a validar,a validar; preferir cancelamento logico,a validar,a validar,a validar por fluxo dinamico,a validar,strings executaveis,confirmado por UI
Pagar Estoque,LavFacilLan,financeiro/fechamento,Financeiro,a validar,,a validar,a validar; preferir cancelamento logico,a validar,a validar,a validar por fluxo dinamico,a validar,strings executaveis,confirmado por UI
Pago e o Cancelamento do Adiantamento s,LavFacilLan,cancelamento/exclusao,Financeiro,a validar,,a validar,a validar; preferir cancelamento logico,a validar,a validar,a validar por fluxo dinamico,a validar,strings executaveis,confirmado por UI
Pago e o Cancelamento do Pagamento s,LavFacilLan,cancelamento/exclusao,Financeiro,a validar,,a validar,a validar; preferir cancelamento logico,a validar,a validar,a validar por fluxo dinamico,a validar,strings executaveis,confirmado por UI
Pergunta antes de marcar Entrega,LavFacilLan,consulta/abre tela,Produtos/Servicos,a validar,,,a validar; preferir cancelamento logico,a validar,a validar,a validar por fluxo dinamico,a validar,strings executaveis,confirmado por UI
pode ser efetuado no Dia do Cancelamento,LavFacilLan,cancelamento/exclusao,Ocorrencias/Auditoria,a validar,,a validar,a validar; preferir cancelamento logico,a validar,a validar,a validar por fluxo dinamico,a validar,strings executaveis,confirmado por UI
pode ser feito o cancelamento com permiss,LavFacilLan,cancelamento/exclusao,Ocorrencias/Auditoria,a validar,,a validar,a validar; preferir cancelamento logico,a validar,a validar,a validar por fluxo dinamico,a validar,strings executaveis,confirmado por UI
preenchido. Utilize a consulta de Munic,LavFacilLan,consulta/abre tela,Nao classificado,a validar,,,a validar; preferir cancelamento logico,a validar,a validar,a validar por fluxo dinamico,a validar,strings executaveis,confirmado por UI
Prod. e Estoque |,LavFacilLan,consulta/abre tela,Estoque,a validar,,,a validar; preferir cancelamento logico,a validar,a validar,a validar por fluxo dinamico,a validar,strings executaveis,confirmado por UI
Produto:,LavFacilLan,consulta/abre tela,Nao classificado,a validar,,,a validar; preferir cancelamento logico,a validar,a validar,a validar por fluxo dinamico,a validar,strings executaveis,confirmado por UI
PRODUTOS,LavFacilLan,consulta/abre tela,Nao classificado,a validar,,,a validar; preferir cancelamento logico,a validar,a validar,a validar por fluxo dinamico,a validar,strings executaveis,confirmado por UI
Recep,LavFacilLan,consulta/abre tela,Nao classificado,a validar,,,a validar; preferir cancelamento logico,a validar,a validar,a validar por fluxo dinamico,a validar,strings executaveis,confirmado por UI
Rols em Estoque,LavFacilLan,consulta/abre tela,Estoque,a validar,,,a validar; preferir cancelamento logico,a validar,a validar,a validar por fluxo dinamico,a validar,strings executaveis,confirmado por UI
Rols em Estoque e Producao,LavFacilLan,consulta/abre tela,Estoque,a validar,,,a validar; preferir cancelamento logico,a validar,a validar,a validar por fluxo dinamico,a validar,strings executaveis,confirmado por UI
SB_ImportaClienteFidelidadeClick,LavFacilLan,consulta/abre tela,Nao classificado,a validar,,,a validar; preferir cancelamento logico,a validar,a validar,a validar por fluxo dinamico,a validar,strings executaveis,confirmado por UI
"selecionada, deseja cancelar a Entrega?",LavFacilLan,cancelamento/exclusao,Ocorrencias/Auditoria,a validar,,a validar,a validar; preferir cancelamento logico,a validar,a validar,a validar por fluxo dinamico,a validar,strings executaveis,confirmado por UI
"SELECT a.RDB$RELATION_NAME, a.RDB$FIELD_NAME, a.RDB$FIELD_POSITION, a.RDB$NULL_FLAG, a.RDB$DEFAULT_VALUE, b. RDB$FIELD_LENGTH, b.RDB$FIELD_SCALE, c.RDB$TYPE_NAME, b.RDB$FIELD_TYPE, b.RDB$FIELD_SUB_TYPE, b.RDB$DESCRIPTION, b.RDB$CHARACTER_LE",LavFacilLan,relatorio/impressao,Nao classificado,a validar,,,a validar; preferir cancelamento logico,a validar,a validar,a validar por fluxo dinamico,a validar,strings executaveis,confirmado por UI
"SELECT I.RDB$RELATION_NAME, I.RDB$UNIQUE_FLAG, I.RDB$INDEX_NAME, ISGMT.RDB$FIELD_POSITION,",LavFacilLan,relatorio/impressao,Nao classificado,a validar,,,a validar; preferir cancelamento logico,a validar,a validar,a validar por fluxo dinamico,a validar,strings executaveis,confirmado por UI
"SELECT null as TABLE_CAT, null as TABLE_SCHEM, a.RDB$RELATION_NAME as TABLE_NAME, b.RDB$FIELD_NAME as COLUMN_NAME, b.RDB$FIELD_POSITION+1 as KEY_SEQ, a.RDB$INDEX_NAME as PK_NAME FROM RDB$RELATION_CONSTRAINTS a JOIN RDB$INDEX_SEGMENTS b ON (",LavFacilLan,relatorio/impressao,Nao classificado,a validar,,,a validar; preferir cancelamento logico,a validar,a validar,a validar por fluxo dinamico,a validar,strings executaveis,confirmado por UI
"SELECT RC_PRIM.RDB$RELATION_NAME, IS_PRIM.RDB$FIELD_NAME, RC_FOR.RDB$RELATION_NAME, IS_FOR.RDB$FIELD_NAME, IS_FOR.RDB$FIELD_POSITION, REFC_PRIM.RDB$UPDATE_RULE, REFC_PRIM.RDB$DELETE_RULE, RC_FOR.RDB$CONSTRAINT_NAME, RC_PRIM.RDB$CONSTRAINT_N",LavFacilLan,relatorio/impressao,Nao classificado,a validar,,,a validar; preferir cancelamento logico,a validar,a validar,a validar por fluxo dinamico,a validar,strings executaveis,confirmado por UI
tem Cliente,LavFacilLan,consulta/abre tela,Clientes,a validar,,,a validar; preferir cancelamento logico,a validar,a validar,a validar por fluxo dinamico,a validar,strings executaveis,confirmado por UI
"TipNota='A',",LavFacilLan,consulta/abre tela,Nao classificado,a validar,,,a validar; preferir cancelamento logico,a validar,a validar,a validar por fluxo dinamico,a validar,strings executaveis,confirmado por UI
"TipNota='B',",LavFacilLan,consulta/abre tela,Nao classificado,a validar,,,a validar; preferir cancelamento logico,a validar,a validar,a validar por fluxo dinamico,a validar,strings executaveis,confirmado por UI
"WHERE (not Desativado = ""S"") And (",LavFacilLan,consulta/abre tela,Notas/Fiscal,a validar,,,a validar; preferir cancelamento logico,a validar,a validar,a validar por fluxo dinamico,a validar,strings executaveis,confirmado por UI
"- ""c:\EquipExe\Ger\Dados\Clientes"" C,",LavFacilLan,consulta/abre tela,Clientes,a validar,,,a validar; preferir cancelamento logico,a validar,a validar,a validar por fluxo dinamico,a validar,strings executaveis,confirmado por UI
- Cancelamento de:,LavFacilLan,cancelamento/exclusao,Ocorrencias/Auditoria,a validar,,a validar,a validar; preferir cancelamento logico,a validar,a validar,a validar por fluxo dinamico,a validar,strings executaveis,confirmado por UI
- Produto:,LavFacilLan,consulta/abre tela,Nao classificado,a validar,,,a validar; preferir cancelamento logico,a validar,a validar,a validar por fluxo dinamico,a validar,strings executaveis,confirmado por UI
-2a Ord.: Cliente,LavFacilLan,consulta/abre tela,Clientes,a validar,,,a validar; preferir cancelamento logico,a validar,a validar,a validar por fluxo dinamico,a validar,strings executaveis,confirmado por UI
-2a Ord.: Entrega Prev.,LavFacilLan,consulta/abre tela,Nao classificado,a validar,,,a validar; preferir cancelamento logico,a validar,a validar,a validar por fluxo dinamico,a validar,strings executaveis,confirmado por UI
-2a Ord.: Entrega Real.,LavFacilLan,consulta/abre tela,Nao classificado,a validar,,,a validar; preferir cancelamento logico,a validar,a validar,a validar por fluxo dinamico,a validar,strings executaveis,confirmado por UI
-Agrup.: Cliente,LavFacilLan,consulta/abre tela,Clientes,a validar,,,a validar; preferir cancelamento logico,a validar,a validar,a validar por fluxo dinamico,a validar,strings executaveis,confirmado por UI
-Agrup.: Entrega Prev.,LavFacilLan,consulta/abre tela,Nao classificado,a validar,,,a validar; preferir cancelamento logico,a validar,a validar,a validar por fluxo dinamico,a validar,strings executaveis,confirmado por UI
-Agrup.: Entrega Real.,LavFacilLan,consulta/abre tela,Nao classificado,a validar,,,a validar; preferir cancelamento logico,a validar,a validar,a validar por fluxo dinamico,a validar,strings executaveis,confirmado por UI
-AtuPontosProducao - Produto: (,LavFacilLan,consulta/abre tela,Nao classificado,a validar,,,a validar; preferir cancelamento logico,a validar,a validar,a validar por fluxo dinamico,a validar,strings executaveis,confirmado por UI
-Calculando Clientes Novos ...,LavFacilLan,inclusao,Clientes,a validar,a validar,,a validar; preferir cancelamento logico,a validar,a validar,a validar por fluxo dinamico,a validar,strings executaveis,confirmado por UI
-Carregando Array Qde. em estoque. Produto Estoque:,LavFacilLan,consulta/abre tela,Estoque,a validar,,,a validar; preferir cancelamento logico,a validar,a validar,a validar por fluxo dinamico,a validar,strings executaveis,confirmado por UI
-Centro Custo Cliente,LavFacilLan,consulta/abre tela,Clientes,a validar,,,a validar; preferir cancelamento logico,a validar,a validar,a validar por fluxo dinamico,a validar,strings executaveis,confirmado por UI
-Cliente,LavFacilLan,consulta/abre tela,Clientes,a validar,,,a validar; preferir cancelamento logico,a validar,a validar,a validar por fluxo dinamico,a validar,strings executaveis,confirmado por UI
-Cliente:,LavFacilLan,consulta/abre tela,Clientes,a validar,,,a validar; preferir cancelamento logico,a validar,a validar,a validar por fluxo dinamico,a validar,strings executaveis,confirmado por UI
-EParserDuplicate_Notation_On_Element_Type_Err,LavFacilLan,consulta/abre tela,Financeiro,a validar,,,a validar; preferir cancelamento logico,a validar,a validar,a validar por fluxo dinamico,a validar,strings executaveis,confirmado por UI
-Exclui GravaProLim - Produto: (,LavFacilLan,cancelamento/exclusao,Nao classificado,a validar,,a validar,a validar; preferir cancelamento logico,a validar,a validar,a validar por fluxo dinamico,a validar,strings executaveis,confirmado por UI
-Exclui GravaSerDef - Produto: (,LavFacilLan,cancelamento/exclusao,Nao classificado,a validar,,a validar,a validar; preferir cancelamento logico,a validar,a validar,a validar por fluxo dinamico,a validar,strings executaveis,confirmado por UI
-Exclui Itens MovTerPec - Produto: (,LavFacilLan,cancelamento/exclusao,Nao classificado,a validar,,a validar,a validar; preferir cancelamento logico,a validar,a validar,a validar por fluxo dinamico,a validar,strings executaveis,confirmado por UI
-Exclui Saldo Entrada - Produto: (,LavFacilLan,inclusao,Estoque,a validar,a validar,,a validar; preferir cancelamento logico,a validar,a validar,a validar por fluxo dinamico,a validar,strings executaveis,confirmado por UI
-Fixada ( Nota Fiscal ),LavFacilLan,consulta/abre tela,Notas/Fiscal,a validar,,,a validar; preferir cancelamento logico,a validar,a validar,a validar por fluxo dinamico,a validar,strings executaveis,confirmado por UI
-Gera Caixa,LavFacilLan,consulta/abre tela,Financeiro,a validar,,,a validar; preferir cancelamento logico,a validar,a validar,a validar por fluxo dinamico,a validar,strings executaveis,confirmado por UI
-Gravando Adiantamento - Ajusta NumNotAdi ...,LavFacilLan,consulta/abre tela,Nao classificado,a validar,,,a validar; preferir cancelamento logico,a validar,a validar,a validar por fluxo dinamico,a validar,strings executaveis,confirmado por UI
-Gravando Adiantamento - Gerando Notas ...,LavFacilLan,consulta/abre tela,Nao classificado,a validar,,,a validar; preferir cancelamento logico,a validar,a validar,a validar por fluxo dinamico,a validar,strings executaveis,confirmado por UI
-Grupo Cliente,LavFacilLan,consulta/abre tela,Clientes,a validar,,,a validar; preferir cancelamento logico,a validar,a validar,a validar por fluxo dinamico,a validar,strings executaveis,confirmado por UI
-Grupo Produto:,LavFacilLan,consulta/abre tela,Nao classificado,a validar,,,a validar; preferir cancelamento logico,a validar,a validar,a validar por fluxo dinamico,a validar,strings executaveis,confirmado por UI
-LeGravaMovItemTin - Produto: (,LavFacilLan,consulta/abre tela,Nao classificado,a validar,,,a validar; preferir cancelamento logico,a validar,a validar,a validar por fluxo dinamico,a validar,strings executaveis,confirmado por UI
-Montando Estoque M,LavFacilLan,consulta/abre tela,Estoque,a validar,,,a validar; preferir cancelamento logico,a validar,a validar,a validar por fluxo dinamico,a validar,strings executaveis,confirmado por UI
-Movimento de Estoque - Estoque:,LavFacilLan,consulta/abre tela,Estoque,a validar,,,a validar; preferir cancelamento logico,a validar,a validar,a validar por fluxo dinamico,a validar,strings executaveis,confirmado por UI
-Nota Fiscal: Com Notas,LavFacilLan,consulta/abre tela,Notas/Fiscal,a validar,,,a validar; preferir cancelamento logico,a validar,a validar,a validar por fluxo dinamico,a validar,strings executaveis,confirmado por UI
-Nota Fiscal: Sem Notas,LavFacilLan,consulta/abre tela,Notas/Fiscal,a validar,,,a validar; preferir cancelamento logico,a validar,a validar,a validar por fluxo dinamico,a validar,strings executaveis,confirmado por UI
-Posicao: Estoque,LavFacilLan,consulta/abre tela,Estoque,a validar,,,a validar; preferir cancelamento logico,a validar,a validar,a validar por fluxo dinamico,a validar,strings executaveis,confirmado por UI
-Posiciona Registros de Notas ...,LavFacilLan,consulta/abre tela,Nao classificado,a validar,,,a validar; preferir cancelamento logico,a validar,a validar,a validar por fluxo dinamico,a validar,strings executaveis,confirmado por UI
-Preparando gravar os produtos...,LavFacilLan,consulta/abre tela,Nao classificado,a validar,,,a validar; preferir cancelamento logico,a validar,a validar,a validar por fluxo dinamico,a validar,strings executaveis,confirmado por UI
-Tipo Nota.:,LavFacilLan,consulta/abre tela,Nao classificado,a validar,,,a validar; preferir cancelamento logico,a validar,a validar,a validar por fluxo dinamico,a validar,strings executaveis,confirmado por UI
-Verificando Nota:,LavFacilLan,consulta/abre tela,Nao classificado,a validar,,,a validar; preferir cancelamento logico,a validar,a validar,a validar por fluxo dinamico,a validar,strings executaveis,confirmado por UI
", ""c:\EquipExe\Ger\Dados\Clientes"" C",LavFacilLan,consulta/abre tela,Clientes,a validar,,,a validar; preferir cancelamento logico,a validar,a validar,a validar por fluxo dinamico,a validar,strings executaveis,confirmado por UI
", NomCli,CodCli, Roteiro,FisJur,CodEmpree,GruCli,GruCli2,GruCli3,GruCli4,Desativado",LavFacilLan,consulta/abre tela,Notas/Fiscal,a validar,,,a validar; preferir cancelamento logico,a validar,a validar,a validar por fluxo dinamico,a validar,strings executaveis,confirmado por UI
", NumNotAdi=0",LavFacilLan,consulta/abre tela,Nao classificado,a validar,,,a validar; preferir cancelamento logico,a validar,a validar,a validar por fluxo dinamico,a validar,strings executaveis,confirmado por UI
:\EquipExe\EquSat,LavFacilLan,consulta/abre tela,Notas/Fiscal,a validar,,,a validar; preferir cancelamento logico,a validar,a validar,a validar por fluxo dinamico,a validar,strings executaveis,confirmado por UI
:\EquipExe\EquSat.Ini,LavFacilLan,consulta/abre tela,Notas/Fiscal,a validar,,,a validar; preferir cancelamento logico,a validar,a validar,a validar por fluxo dinamico,a validar,strings executaveis,confirmado por UI
:\EquipExe\Exe\Anotacoes.Exe,LavFacilLan,consulta/abre tela,Ocorrencias/Auditoria,a validar,,,a validar; preferir cancelamento logico,a validar,a validar,a validar por fluxo dinamico,a validar,strings executaveis,confirmado por UI
:\Equipexe\Exe\NFE.Exe,LavFacilLan,consulta/abre tela,Notas/Fiscal,a validar,,,a validar; preferir cancelamento logico,a validar,a validar,a validar por fluxo dinamico,a validar,strings executaveis,confirmado por UI
:\EquipExe\Exe\Senhas.Exe,LavFacilLan,consulta/abre tela,Usuarios/Permissoes,a validar,,,a validar; preferir cancelamento logico,a validar,a validar,a validar por fluxo dinamico,a validar,strings executaveis,confirmado por UI
:\Equipexe\Figuras\FechamentoCaixa.bmp,LavFacilLan,financeiro/fechamento,Financeiro,a validar,,a validar,a validar; preferir cancelamento logico,a validar,a validar,a validar por fluxo dinamico,a validar,strings executaveis,confirmado por UI
:\Equipexe\Figuras\FechamentoCaixa1024.bmp,LavFacilLan,financeiro/fechamento,Financeiro,a validar,,a validar,a validar; preferir cancelamento logico,a validar,a validar,a validar por fluxo dinamico,a validar,strings executaveis,confirmado por UI
:\EquipExe\Sat\Filial,LavFacilLan,consulta/abre tela,Notas/Fiscal,a validar,,,a validar; preferir cancelamento logico,a validar,a validar,a validar por fluxo dinamico,a validar,strings executaveis,confirmado por UI
":Clientes""",LavFacilLan,consulta/abre tela,Clientes,a validar,,,a validar; preferir cancelamento logico,a validar,a validar,a validar por fluxo dinamico,a validar,strings executaveis,confirmado por UI
":Clientes"" C",LavFacilLan,consulta/abre tela,Clientes,a validar,,,a validar; preferir cancelamento logico,a validar,a validar,a validar por fluxo dinamico,a validar,strings executaveis,confirmado por UI
":Clientes"" CL",LavFacilLan,consulta/abre tela,Clientes,a validar,,,a validar; preferir cancelamento logico,a validar,a validar,a validar por fluxo dinamico,a validar,strings executaveis,confirmado por UI
":Clientes"" C,",LavFacilLan,consulta/abre tela,Clientes,a validar,,,a validar; preferir cancelamento logico,a validar,a validar,a validar por fluxo dinamico,a validar,strings executaveis,confirmado por UI
":Clientes"" Where (",LavFacilLan,consulta/abre tela,Clientes,a validar,,,a validar; preferir cancelamento logico,a validar,a validar,a validar por fluxo dinamico,a validar,strings executaveis,confirmado por UI
":Notas""",LavFacilLan,consulta/abre tela,Nao classificado,a validar,,,a validar; preferir cancelamento logico,a validar,a validar,a validar por fluxo dinamico,a validar,strings executaveis,confirmado por UI
":Notas"" N,",LavFacilLan,consulta/abre tela,Nao classificado,a validar,,,a validar; preferir cancelamento logico,a validar,a validar,a validar por fluxo dinamico,a validar,strings executaveis,confirmado por UI
!Importar Dados Cliente Fidelidade,LavFacilLan,consulta/abre tela,Clientes,a validar,,,a validar; preferir cancelamento logico,a validar,a validar,a validar por fluxo dinamico,a validar,strings executaveis,confirmado por UI
!Marcar para Entrega Todos os Rols,LavFacilLan,consulta/abre tela,Produtos/Servicos,a validar,,,a validar; preferir cancelamento logico,a validar,a validar,a validar por fluxo dinamico,a validar,strings executaveis,confirmado por UI
"'from ""c:\EquipExe\Lav\Filial\Notas""N,",LavFacilLan,consulta/abre tela,Configuracao/Admin,a validar,,,a validar; preferir cancelamento logico,a validar,a validar,a validar por fluxo dinamico,a validar,strings executaveis,confirmado por UI
"""Cancelamento de Notas (&Intervalo)",LavFacilLan,cancelamento/exclusao,Ocorrencias/Auditoria,a validar,,a validar,a validar; preferir cancelamento logico,a validar,a validar,a validar por fluxo dinamico,a validar,strings executaveis,confirmado por UI
"""CancelamentodeNotasIntervalo1Click",LavFacilLan,cancelamento/exclusao,Ocorrencias/Auditoria,a validar,,a validar,a validar; preferir cancelamento logico,a validar,a validar,a validar por fluxo dinamico,a validar,strings executaveis,confirmado por UI
"""CancelamentodoUltimoEncerramCaixa1l",LavFacilLan,cancelamento/exclusao,Financeiro,a validar,,a validar,a validar; preferir cancelamento logico,a validar,a validar,a validar por fluxo dinamico,a validar,strings executaveis,confirmado por UI
"""Clientes"" C",LavFacilLan,consulta/abre tela,Clientes,a validar,,,a validar; preferir cancelamento logico,a validar,a validar,a validar por fluxo dinamico,a validar,strings executaveis,confirmado por UI
"""EParserDuplicate_Notation_Decl_Err",LavFacilLan,consulta/abre tela,Financeiro,a validar,,,a validar; preferir cancelamento logico,a validar,a validar,a validar por fluxo dinamico,a validar,strings executaveis,confirmado por UI
(****) Se no cadastro do cliente n,LavFacilLan,inclusao,Clientes,a validar,a validar,,a validar; preferir cancelamento logico,a validar,a validar,a validar por fluxo dinamico,a validar,strings executaveis,confirmado por UI
&Cancelamentos,LavSoft,cancelamento/exclusao,Ocorrencias/Auditoria,a validar,,a validar,a validar; preferir cancelamento logico,a validar,a validar,a validar por fluxo dinamico,a validar,strings executaveis,confirmado por UI
"M.NumNotAdi,",LavSoft,consulta/abre tela,Nao classificado,a validar,,,a validar; preferir cancelamento logico,a validar,a validar,a validar por fluxo dinamico,a validar,strings executaveis,confirmado por UI
de Caixa,LavSoft,consulta/abre tela,Financeiro,a validar,,,a validar; preferir cancelamento logico,a validar,a validar,a validar por fluxo dinamico,a validar,strings executaveis,confirmado por UI
Conferencia,LavSoft,consulta/abre tela,Notas/Fiscal,a validar,,,a validar; preferir cancelamento logico,a validar,a validar,a validar por fluxo dinamico,a validar,strings executaveis,confirmado por UI
- Controla pelo Cliente,LavSoft,consulta/abre tela,Clientes,a validar,,,a validar; preferir cancelamento logico,a validar,a validar,a validar por fluxo dinamico,a validar,strings executaveis,confirmado por UI
< ENTREGA TOTAL >,LavSoft,consulta/abre tela,Nao classificado,a validar,,,a validar; preferir cancelamento logico,a validar,a validar,a validar por fluxo dinamico,a validar,strings executaveis,confirmado por UI
Nota Rols FPG,LavSoft,consulta/abre tela,Nao classificado,a validar,,,a validar; preferir cancelamento logico,a validar,a validar,a validar por fluxo dinamico,a validar,strings executaveis,confirmado por UI
Nota Rols-Tip FPG-T Vend.,LavSoft,consulta/abre tela,Nao classificado,a validar,,,a validar; preferir cancelamento logico,a validar,a validar,a validar por fluxo dinamico,a validar,strings executaveis,confirmado por UI
- Cadastro de:,LavSoft,inclusao,Nao classificado,a validar,a validar,,a validar; preferir cancelamento logico,a validar,a validar,a validar por fluxo dinamico,a validar,strings executaveis,confirmado por UI
- Cliente,LavSoft,consulta/abre tela,Clientes,a validar,,,a validar; preferir cancelamento logico,a validar,a validar,a validar por fluxo dinamico,a validar,strings executaveis,confirmado por UI
- Conferente:,LavSoft,consulta/abre tela,Notas/Fiscal,a validar,,,a validar; preferir cancelamento logico,a validar,a validar,a validar por fluxo dinamico,a validar,strings executaveis,confirmado por UI
- DIGITADA SENHA,LavSoft,consulta/abre tela,Nao classificado,a validar,,,a validar; preferir cancelamento logico,a validar,a validar,a validar por fluxo dinamico,a validar,strings executaveis,confirmado por UI
- Grupo Cliente:,LavSoft,consulta/abre tela,Clientes,a validar,,,a validar; preferir cancelamento logico,a validar,a validar,a validar por fluxo dinamico,a validar,strings executaveis,confirmado por UI
- Ordenado por Cliente,LavSoft,consulta/abre tela,Clientes,a validar,,,a validar; preferir cancelamento logico,a validar,a validar,a validar por fluxo dinamico,a validar,strings executaveis,confirmado por UI
- Tipo Rel. Grupo de Produto,LavSoft,consulta/abre tela,Nao classificado,a validar,,,a validar; preferir cancelamento logico,a validar,a validar,a validar por fluxo dinamico,a validar,strings executaveis,confirmado por UI
"- use o Cancelamento do Pagamento, Tecle Enter para Continuar",LavSoft,cancelamento/exclusao,Financeiro,a validar,,a validar,a validar; preferir cancelamento logico,a validar,a validar,a validar por fluxo dinamico,a validar,strings executaveis,confirmado por UI
... - Verificando estoque,LavSoft,consulta/abre tela,Estoque,a validar,,,a validar; preferir cancelamento logico,a validar,a validar,a validar por fluxo dinamico,a validar,strings executaveis,confirmado por UI
( ** ) Produto tabela diferente,LavSoft,consulta/abre tela,Nao classificado,a validar,,,a validar; preferir cancelamento logico,a validar,a validar,a validar por fluxo dinamico,a validar,strings executaveis,confirmado por UI
****** CLIENTE DESATIVADO ******,LavSoft,consulta/abre tela,Clientes,a validar,,,a validar; preferir cancelamento logico,a validar,a validar,a validar por fluxo dinamico,a validar,strings executaveis,confirmado por UI
&Relat,LavSoft,relatorio/impressao,Nao classificado,a validar,,,a validar; preferir cancelamento logico,a validar,a validar,a validar por fluxo dinamico,a validar,strings executaveis,confirmado por UI
|Grupo em que pertence o cliente,LavSoft,consulta/abre tela,Clientes,a validar,,,a validar; preferir cancelamento logico,a validar,a validar,a validar por fluxo dinamico,a validar,strings executaveis,confirmado por UI
1-Grupo Cliente:,LavSoft,consulta/abre tela,Clientes,a validar,,,a validar; preferir cancelamento logico,a validar,a validar,a validar por fluxo dinamico,a validar,strings executaveis,confirmado por UI
2-Grupo Cliente:,LavSoft,consulta/abre tela,Clientes,a validar,,,a validar; preferir cancelamento logico,a validar,a validar,a validar por fluxo dinamico,a validar,strings executaveis,confirmado por UI
3-Grupo Cliente:,LavSoft,consulta/abre tela,Clientes,a validar,,,a validar; preferir cancelamento logico,a validar,a validar,a validar por fluxo dinamico,a validar,strings executaveis,confirmado por UI
"and (C.Desativado=""S"")",LavSoft,consulta/abre tela,Notas/Fiscal,a validar,,,a validar; preferir cancelamento logico,a validar,a validar,a validar por fluxo dinamico,a validar,strings executaveis,confirmado por UI
"and (not (C.Desativado=""S""))",LavSoft,consulta/abre tela,Notas/Fiscal,a validar,,,a validar; preferir cancelamento logico,a validar,a validar,a validar por fluxo dinamico,a validar,strings executaveis,confirmado por UI
"and L.""CodUsuario""=""",LavSoft,consulta/abre tela,Nao classificado,a validar,,,a validar; preferir cancelamento logico,a validar,a validar,a validar por fluxo dinamico,a validar,strings executaveis,confirmado por UI
"and M.CodUsuario=""",LavSoft,consulta/abre tela,Nao classificado,a validar,,,a validar; preferir cancelamento logico,a validar,a validar,a validar por fluxo dinamico,a validar,strings executaveis,confirmado por UI
"and N.CodUsuario=""",LavSoft,consulta/abre tela,Nao classificado,a validar,,,a validar; preferir cancelamento logico,a validar,a validar,a validar por fluxo dinamico,a validar,strings executaveis,confirmado por UI
"and N.TipNota=""",LavSoft,consulta/abre tela,Nao classificado,a validar,,,a validar; preferir cancelamento logico,a validar,a validar,a validar por fluxo dinamico,a validar,strings executaveis,confirmado por UI
"and UPPER(L.NomeChave)=""NUMNOTADI""",LavSoft,consulta/abre tela,Nao classificado,a validar,,,a validar; preferir cancelamento logico,a validar,a validar,a validar por fluxo dinamico,a validar,strings executaveis,confirmado por UI
And ((M.NumNot = N.NumNot) or (M.NumNotAdi = N.NumNot)),LavSoft,consulta/abre tela,Nao classificado,a validar,,,a validar; preferir cancelamento logico,a validar,a validar,a validar por fluxo dinamico,a validar,strings executaveis,confirmado por UI
and ((M.NumNotAdi = N.NumNot) or (M.NumNot = N.NumNot)),LavSoft,consulta/abre tela,Nao classificado,a validar,,,a validar; preferir cancelamento logico,a validar,a validar,a validar por fluxo dinamico,a validar,strings executaveis,confirmado por UI
"And (not(C.Desativado=""S""))",LavSoft,consulta/abre tela,Notas/Fiscal,a validar,,,a validar; preferir cancelamento logico,a validar,a validar,a validar por fluxo dinamico,a validar,strings executaveis,confirmado por UI
"and C.Desativado <> ""S""",LavSoft,consulta/abre tela,Notas/Fiscal,a validar,,,a validar; preferir cancelamento logico,a validar,a validar,a validar por fluxo dinamico,a validar,strings executaveis,confirmado por UI
"and C.Desativado = ""S""",LavSoft,consulta/abre tela,Notas/Fiscal,a validar,,,a validar; preferir cancelamento logico,a validar,a validar,a validar por fluxo dinamico,a validar,strings executaveis,confirmado por UI
ativo neste grupo de produtos.,LavSoft,consulta/abre tela,Nao classificado,a validar,,,a validar; preferir cancelamento logico,a validar,a validar,a validar por fluxo dinamico,a validar,strings executaveis,confirmado por UI
Atualizando Clientes,LavSoft,consulta/abre tela,Clientes,a validar,,,a validar; preferir cancelamento logico,a validar,a validar,a validar por fluxo dinamico,a validar,strings executaveis,confirmado por UI
baixada na Nota N,LavSoft,financeiro/fechamento,Nao classificado,a validar,,a validar,a validar; preferir cancelamento logico,a validar,a validar,a validar por fluxo dinamico,a validar,strings executaveis,confirmado por UI
baixada no financeiro,LavSoft,financeiro/fechamento,Nao classificado,a validar,,a validar,a validar; preferir cancelamento logico,a validar,a validar,a validar por fluxo dinamico,a validar,strings executaveis,confirmado por UI
baixado na nota N,LavSoft,financeiro/fechamento,Nao classificado,a validar,,a validar,a validar; preferir cancelamento logico,a validar,a validar,a validar por fluxo dinamico,a validar,strings executaveis,confirmado por UI
cancelado. Confirma o extorno do Cancelamento,LavSoft,cancelamento/exclusao,Ocorrencias/Auditoria,a validar,,a validar,a validar; preferir cancelamento logico,a validar,a validar,a validar por fluxo dinamico,a validar,strings executaveis,confirmado por UI
CFDestravaImpressoraFiscal1Click,LavSoft,relatorio/impressao,Notas/Fiscal,a validar,,,a validar; preferir cancelamento logico,a validar,a validar,a validar por fluxo dinamico,a validar,strings executaveis,confirmado por UI
CLIENTE DEVE TER EM SEU ESTOQUE:,LavSoft,consulta/abre tela,Clientes,a validar,,,a validar; preferir cancelamento logico,a validar,a validar,a validar por fluxo dinamico,a validar,strings executaveis,confirmado por UI
CLIENTE GERADO AUTOM. PELO SISTEMA,LavSoft,consulta/abre tela,Clientes,a validar,,,a validar; preferir cancelamento logico,a validar,a validar,a validar por fluxo dinamico,a validar,strings executaveis,confirmado por UI
"cliente, para que juntos possamos analisar as necessidades",LavSoft,consulta/abre tela,Clientes,a validar,,,a validar; preferir cancelamento logico,a validar,a validar,a validar por fluxo dinamico,a validar,strings executaveis,confirmado por UI
Cliente:,LavSoft,consulta/abre tela,Clientes,a validar,,,a validar; preferir cancelamento logico,a validar,a validar,a validar por fluxo dinamico,a validar,strings executaveis,confirmado por UI
Cliente.:,LavSoft,consulta/abre tela,Clientes,a validar,,,a validar; preferir cancelamento logico,a validar,a validar,a validar por fluxo dinamico,a validar,strings executaveis,confirmado por UI
colocado em estoque,LavSoft,consulta/abre tela,Estoque,a validar,,,a validar; preferir cancelamento logico,a validar,a validar,a validar por fluxo dinamico,a validar,strings executaveis,confirmado por UI
CONTROLE DE ENTREGA,LavSoft,consulta/abre tela,Nao classificado,a validar,,,a validar; preferir cancelamento logico,a validar,a validar,a validar por fluxo dinamico,a validar,strings executaveis,confirmado por UI
da Nota,LavSoft,consulta/abre tela,Nao classificado,a validar,,,a validar; preferir cancelamento logico,a validar,a validar,a validar por fluxo dinamico,a validar,strings executaveis,confirmado por UI
da Nota Fiscal,LavSoft,consulta/abre tela,Notas/Fiscal,a validar,,,a validar; preferir cancelamento logico,a validar,a validar,a validar por fluxo dinamico,a validar,strings executaveis,confirmado por UI
da Nota:,LavSoft,consulta/abre tela,Nao classificado,a validar,,,a validar; preferir cancelamento logico,a validar,a validar,a validar por fluxo dinamico,a validar,strings executaveis,confirmado por UI
desabilitado ao visualizar o relat,LavSoft,relatorio/impressao,Nao classificado,a validar,,,a validar; preferir cancelamento logico,a validar,a validar,a validar por fluxo dinamico,a validar,strings executaveis,confirmado por UI
desmarcar este SubGrupo de produtos e limpar os valores atribu,LavSoft,consulta/abre tela,Produtos/Servicos,a validar,,,a validar; preferir cancelamento logico,a validar,a validar,a validar por fluxo dinamico,a validar,strings executaveis,confirmado por UI
deve ser alterado para produtos com tipo de controle diferente de S/ Controle.,LavSoft,alteracao,Nao classificado,a validar,,a validar,a validar; preferir cancelamento logico,a validar,a validar,a validar por fluxo dinamico,a validar,strings executaveis,confirmado por UI
do Cliente,LavSoft,consulta/abre tela,Clientes,a validar,,,a validar; preferir cancelamento logico,a validar,a validar,a validar por fluxo dinamico,a validar,strings executaveis,confirmado por UI
em estoque,LavSoft,consulta/abre tela,Estoque,a validar,,,a validar; preferir cancelamento logico,a validar,a validar,a validar por fluxo dinamico,a validar,strings executaveis,confirmado por UI
em Estoque.,LavSoft,consulta/abre tela,Estoque,a validar,,,a validar; preferir cancelamento logico,a validar,a validar,a validar por fluxo dinamico,a validar,strings executaveis,confirmado por UI
emitido nota - N,LavSoft,relatorio/impressao,Nao classificado,a validar,,,a validar; preferir cancelamento logico,a validar,a validar,a validar por fluxo dinamico,a validar,strings executaveis,confirmado por UI
emitido pela Entrega das Pe,LavSoft,relatorio/impressao,Nao classificado,a validar,,,a validar; preferir cancelamento logico,a validar,a validar,a validar por fluxo dinamico,a validar,strings executaveis,confirmado por UI
ENTREGAS DO DIA,LavSoft,consulta/abre tela,Nao classificado,a validar,,,a validar; preferir cancelamento logico,a validar,a validar,a validar por fluxo dinamico,a validar,strings executaveis,confirmado por UI
"esta em Estoque, Opera",LavSoft,consulta/abre tela,Estoque,a validar,,,a validar; preferir cancelamento logico,a validar,a validar,a validar por fluxo dinamico,a validar,strings executaveis,confirmado por UI
"exibida no campo ""Entrega"" do relat",LavSoft,relatorio/impressao,Nao classificado,a validar,,,a validar; preferir cancelamento logico,a validar,a validar,a validar por fluxo dinamico,a validar,strings executaveis,confirmado por UI
FINANCEIRO,LavSoft,consulta/abre tela,Nao classificado,a validar,,,a validar; preferir cancelamento logico,a validar,a validar,a validar por fluxo dinamico,a validar,strings executaveis,confirmado por UI
Fixada (Nota Fiscal),LavSoft,consulta/abre tela,Notas/Fiscal,a validar,,,a validar; preferir cancelamento logico,a validar,a validar,a validar por fluxo dinamico,a validar,strings executaveis,confirmado por UI
foi baixado na nota,LavSoft,financeiro/fechamento,Nao classificado,a validar,,a validar,a validar; preferir cancelamento logico,a validar,a validar,a validar por fluxo dinamico,a validar,strings executaveis,confirmado por UI
foi emitido nota.,LavSoft,relatorio/impressao,Nao classificado,a validar,,,a validar; preferir cancelamento logico,a validar,a validar,a validar por fluxo dinamico,a validar,strings executaveis,confirmado por UI
"foi Entregue, Utilize o F7 para Voltar ao Estoque",LavSoft,consulta/abre tela,Estoque,a validar,,,a validar; preferir cancelamento logico,a validar,a validar,a validar por fluxo dinamico,a validar,strings executaveis,confirmado por UI
"foi marcado para entrega,",LavSoft,consulta/abre tela,Produtos/Servicos,a validar,,,a validar; preferir cancelamento logico,a validar,a validar,a validar por fluxo dinamico,a validar,strings executaveis,confirmado por UI
Grupo Cliente:,LavSoft,consulta/abre tela,Clientes,a validar,,,a validar; preferir cancelamento logico,a validar,a validar,a validar por fluxo dinamico,a validar,strings executaveis,confirmado por UI
Guarda o ultimo cliente digitado,LavSoft,consulta/abre tela,Clientes,a validar,,,a validar; preferir cancelamento logico,a validar,a validar,a validar por fluxo dinamico,a validar,strings executaveis,confirmado por UI
"Impresso todos os Clientes, Confirma a Impress",LavSoft,relatorio/impressao,Clientes,a validar,,,a validar; preferir cancelamento logico,a validar,a validar,a validar por fluxo dinamico,a validar,strings executaveis,confirmado por UI
imprimir a nota mesmo assim,LavSoft,consulta/abre tela,Nao classificado,a validar,,,a validar; preferir cancelamento logico,a validar,a validar,a validar por fluxo dinamico,a validar,strings executaveis,confirmado por UI
INTERVALO DE NOTAS (Faturamento),LavSoft,consulta/abre tela,Nao classificado,a validar,,,a validar; preferir cancelamento logico,a validar,a validar,a validar por fluxo dinamico,a validar,strings executaveis,confirmado por UI
LocalizaProdutopelaDescrio1Click,LavSoft,consulta/abre tela,Nao classificado,a validar,,,a validar; preferir cancelamento logico,a validar,a validar,a validar por fluxo dinamico,a validar,strings executaveis,confirmado por UI
MensagemPrFixadaNotaFiscal1Click,LavSoft,consulta/abre tela,Notas/Fiscal,a validar,,,a validar; preferir cancelamento logico,a validar,a validar,a validar por fluxo dinamico,a validar,strings executaveis,confirmado por UI
Movimento Por Produto e Servi,LavSoft,consulta/abre tela,Nao classificado,a validar,,,a validar; preferir cancelamento logico,a validar,a validar,a validar por fluxo dinamico,a validar,strings executaveis,confirmado por UI
NFENotafiscaleletrnicadeservios1,LavSoft,consulta/abre tela,Notas/Fiscal,a validar,,,a validar; preferir cancelamento logico,a validar,a validar,a validar por fluxo dinamico,a validar,strings executaveis,confirmado por UI
Nota,LavSoft,consulta/abre tela,Nao classificado,a validar,,,a validar; preferir cancelamento logico,a validar,a validar,a validar por fluxo dinamico,a validar,strings executaveis,confirmado por UI
Nota Fiscal de,LavSoft,consulta/abre tela,Notas/Fiscal,a validar,,,a validar; preferir cancelamento logico,a validar,a validar,a validar por fluxo dinamico,a validar,strings executaveis,confirmado por UI
NOTA:,LavSoft,consulta/abre tela,Nao classificado,a validar,,,a validar; preferir cancelamento logico,a validar,a validar,a validar por fluxo dinamico,a validar,strings executaveis,confirmado por UI
Nota.:,LavSoft,consulta/abre tela,Nao classificado,a validar,,,a validar; preferir cancelamento logico,a validar,a validar,a validar por fluxo dinamico,a validar,strings executaveis,confirmado por UI
Obs.: Codigo Cliente:,LavSoft,consulta/abre tela,Clientes,a validar,,,a validar; preferir cancelamento logico,a validar,a validar,a validar por fluxo dinamico,a validar,strings executaveis,confirmado por UI
"On(C.CodCli=G.Chave1 And G.Arquivo=""CLIENTES"")",LavSoft,consulta/abre tela,Clientes,a validar,,,a validar; preferir cancelamento logico,a validar,a validar,a validar por fluxo dinamico,a validar,strings executaveis,confirmado por UI
Ordem: Produto,LavSoft,consulta/abre tela,Nao classificado,a validar,,,a validar; preferir cancelamento logico,a validar,a validar,a validar por fluxo dinamico,a validar,strings executaveis,confirmado por UI
"Order By L.CodUsuario,L.Sistema,L.Tipo,L.Data",LavSoft,consulta/abre tela,Configuracao/Admin,a validar,,,a validar; preferir cancelamento logico,a validar,a validar,a validar por fluxo dinamico,a validar,strings executaveis,confirmado por UI
Order By NomUsuario,LavSoft,consulta/abre tela,Nao classificado,a validar,,,a validar; preferir cancelamento logico,a validar,a validar,a validar por fluxo dinamico,a validar,strings executaveis,confirmado por UI
Pagar - Estoque,LavSoft,financeiro/fechamento,Financeiro,a validar,,a validar,a validar; preferir cancelamento logico,a validar,a validar,a validar por fluxo dinamico,a validar,strings executaveis,confirmado por UI
Pagar - Estoque/Produ,LavSoft,financeiro/fechamento,Financeiro,a validar,,a validar,a validar; preferir cancelamento logico,a validar,a validar,a validar por fluxo dinamico,a validar,strings executaveis,confirmado por UI
Pagar Estoque,LavSoft,financeiro/fechamento,Financeiro,a validar,,a validar,a validar; preferir cancelamento logico,a validar,a validar,a validar por fluxo dinamico,a validar,strings executaveis,confirmado por UI
Pergunta antes de marcar Entrega,LavSoft,consulta/abre tela,Produtos/Servicos,a validar,,,a validar; preferir cancelamento logico,a validar,a validar,a validar por fluxo dinamico,a validar,strings executaveis,confirmado por UI
"pode ser efetuado no Dia do Cancelamento,",LavSoft,cancelamento/exclusao,Ocorrencias/Auditoria,a validar,,a validar,a validar; preferir cancelamento logico,a validar,a validar,a validar por fluxo dinamico,a validar,strings executaveis,confirmado por UI
pode ser feito o cancelamento com permiss,LavSoft,cancelamento/exclusao,Ocorrencias/Auditoria,a validar,,a validar,a validar; preferir cancelamento logico,a validar,a validar,a validar por fluxo dinamico,a validar,strings executaveis,confirmado por UI
POR PRODUTO,LavSoft,consulta/abre tela,Nao classificado,a validar,,,a validar; preferir cancelamento logico,a validar,a validar,a validar por fluxo dinamico,a validar,strings executaveis,confirmado por UI
Produto:,LavSoft,consulta/abre tela,Nao classificado,a validar,,,a validar; preferir cancelamento logico,a validar,a validar,a validar por fluxo dinamico,a validar,strings executaveis,confirmado por UI
PRODUTOS,LavSoft,consulta/abre tela,Nao classificado,a validar,,,a validar; preferir cancelamento logico,a validar,a validar,a validar por fluxo dinamico,a validar,strings executaveis,confirmado por UI
protegida com senha,LavSoft,consulta/abre tela,Nao classificado,a validar,,,a validar; preferir cancelamento logico,a validar,a validar,a validar por fluxo dinamico,a validar,strings executaveis,confirmado por UI
relat,LavSoft,relatorio/impressao,Nao classificado,a validar,,,a validar; preferir cancelamento logico,a validar,a validar,a validar por fluxo dinamico,a validar,strings executaveis,confirmado por UI
"selecionada, deseja cancelar a Entrega?",LavSoft,cancelamento/exclusao,Ocorrencias/Auditoria,a validar,,a validar,a validar; preferir cancelamento logico,a validar,a validar,a validar por fluxo dinamico,a validar,strings executaveis,confirmado por UI
"sendo desativado,",LavSoft,consulta/abre tela,Notas/Fiscal,a validar,,,a validar; preferir cancelamento logico,a validar,a validar,a validar por fluxo dinamico,a validar,strings executaveis,confirmado por UI
Tb_MovCabCodUsuario.DisplayWidth,LavSoft,consulta/abre tela,Nao classificado,a validar,,,a validar; preferir cancelamento logico,a validar,a validar,a validar por fluxo dinamico,a validar,strings executaveis,confirmado por UI
Tb_MovCabFixEntrega.DisplayWidth,LavSoft,consulta/abre tela,Nao classificado,a validar,,,a validar; preferir cancelamento logico,a validar,a validar,a validar por fluxo dinamico,a validar,strings executaveis,confirmado por UI
Usa Caminho do Nota Fiscal,LavSoft,consulta/abre tela,Notas/Fiscal,a validar,,,a validar; preferir cancelamento logico,a validar,a validar,a validar por fluxo dinamico,a validar,strings executaveis,confirmado por UI
"Where ((Desativado is Null) or (Desativado=""N""))",LavSoft,consulta/abre tela,Notas/Fiscal,a validar,,,a validar; preferir cancelamento logico,a validar,a validar,a validar por fluxo dinamico,a validar,strings executaveis,confirmado por UI
"Where (F.Arquivo=""CLIENTES"") Order By Campo",LavSoft,consulta/abre tela,Clientes,a validar,,,a validar; preferir cancelamento logico,a validar,a validar,a validar por fluxo dinamico,a validar,strings executaveis,confirmado por UI
"- ""c:\EquipExe\Ger\Dados\Clientes"" C,",LavSoft,consulta/abre tela,Clientes,a validar,,,a validar; preferir cancelamento logico,a validar,a validar,a validar por fluxo dinamico,a validar,strings executaveis,confirmado por UI
- Agrupado por cliente,LavSoft,consulta/abre tela,Clientes,a validar,,,a validar; preferir cancelamento logico,a validar,a validar,a validar por fluxo dinamico,a validar,strings executaveis,confirmado por UI
- Agrupado por data de entrega,LavSoft,consulta/abre tela,Nao classificado,a validar,,,a validar; preferir cancelamento logico,a validar,a validar,a validar por fluxo dinamico,a validar,strings executaveis,confirmado por UI
- Cancelamento de:,LavSoft,cancelamento/exclusao,Ocorrencias/Auditoria,a validar,,a validar,a validar; preferir cancelamento logico,a validar,a validar,a validar por fluxo dinamico,a validar,strings executaveis,confirmado por UI
- Desativado:,LavSoft,consulta/abre tela,Notas/Fiscal,a validar,,,a validar; preferir cancelamento logico,a validar,a validar,a validar por fluxo dinamico,a validar,strings executaveis,confirmado por UI
- Ordenando por produtos,LavSoft,consulta/abre tela,Nao classificado,a validar,,,a validar; preferir cancelamento logico,a validar,a validar,a validar por fluxo dinamico,a validar,strings executaveis,confirmado por UI
-2a Ord.: Cliente,LavSoft,consulta/abre tela,Clientes,a validar,,,a validar; preferir cancelamento logico,a validar,a validar,a validar por fluxo dinamico,a validar,strings executaveis,confirmado por UI
-2a Ord.: Entrega Prev.,LavSoft,consulta/abre tela,Nao classificado,a validar,,,a validar; preferir cancelamento logico,a validar,a validar,a validar por fluxo dinamico,a validar,strings executaveis,confirmado por UI
-2a Ord.: Entrega Real.,LavSoft,consulta/abre tela,Nao classificado,a validar,,,a validar; preferir cancelamento logico,a validar,a validar,a validar por fluxo dinamico,a validar,strings executaveis,confirmado por UI
-Agrup.: Cliente,LavSoft,consulta/abre tela,Clientes,a validar,,,a validar; preferir cancelamento logico,a validar,a validar,a validar por fluxo dinamico,a validar,strings executaveis,confirmado por UI
-Agrup.: Entrega Prev.,LavSoft,consulta/abre tela,Nao classificado,a validar,,,a validar; preferir cancelamento logico,a validar,a validar,a validar por fluxo dinamico,a validar,strings executaveis,confirmado por UI
-Agrup.: Entrega Real.,LavSoft,consulta/abre tela,Nao classificado,a validar,,,a validar; preferir cancelamento logico,a validar,a validar,a validar por fluxo dinamico,a validar,strings executaveis,confirmado por UI
-Cliente:,LavSoft,consulta/abre tela,Clientes,a validar,,,a validar; preferir cancelamento logico,a validar,a validar,a validar por fluxo dinamico,a validar,strings executaveis,confirmado por UI
-Envia e-mail automaticamente para os clientes,LavSoft,consulta/abre tela,Clientes,a validar,,,a validar; preferir cancelamento logico,a validar,a validar,a validar por fluxo dinamico,a validar,strings executaveis,confirmado por UI
-Fixada ( Nota Fiscal ),LavSoft,consulta/abre tela,Notas/Fiscal,a validar,,,a validar; preferir cancelamento logico,a validar,a validar,a validar por fluxo dinamico,a validar,strings executaveis,confirmado por UI
-Grupo Produto:,LavSoft,consulta/abre tela,Nao classificado,a validar,,,a validar; preferir cancelamento logico,a validar,a validar,a validar por fluxo dinamico,a validar,strings executaveis,confirmado por UI
-Nota Fiscal: Com Notas,LavSoft,consulta/abre tela,Notas/Fiscal,a validar,,,a validar; preferir cancelamento logico,a validar,a validar,a validar por fluxo dinamico,a validar,strings executaveis,confirmado por UI
-Nota Fiscal: Sem Notas,LavSoft,consulta/abre tela,Notas/Fiscal,a validar,,,a validar; preferir cancelamento logico,a validar,a validar,a validar por fluxo dinamico,a validar,strings executaveis,confirmado por UI
-Posicao: Estoque,LavSoft,consulta/abre tela,Estoque,a validar,,,a validar; preferir cancelamento logico,a validar,a validar,a validar por fluxo dinamico,a validar,strings executaveis,confirmado por UI
-Produto:,LavSoft,consulta/abre tela,Nao classificado,a validar,,,a validar; preferir cancelamento logico,a validar,a validar,a validar por fluxo dinamico,a validar,strings executaveis,confirmado por UI
-Tipo Nota.:,LavSoft,consulta/abre tela,Nao classificado,a validar,,,a validar; preferir cancelamento logico,a validar,a validar,a validar por fluxo dinamico,a validar,strings executaveis,confirmado por UI
-Usuario:,LavSoft,consulta/abre tela,Nao classificado,a validar,,,a validar; preferir cancelamento logico,a validar,a validar,a validar por fluxo dinamico,a validar,strings executaveis,confirmado por UI
", ""c:\EquipExe\Ger\Dados\Clientes"" C",LavSoft,consulta/abre tela,Clientes,a validar,,,a validar; preferir cancelamento logico,a validar,a validar,a validar por fluxo dinamico,a validar,strings executaveis,confirmado por UI
", Agrupado por cliente",LavSoft,consulta/abre tela,Clientes,a validar,,,a validar; preferir cancelamento logico,a validar,a validar,a validar por fluxo dinamico,a validar,strings executaveis,confirmado por UI
", NomCli,CodCli, Roteiro,FisJur,CodEmpree,GruCli,GruCli2,GruCli3,GruCli4,Desativado, CodTab",LavSoft,consulta/abre tela,Notas/Fiscal,a validar,,,a validar; preferir cancelamento logico,a validar,a validar,a validar por fluxo dinamico,a validar,strings executaveis,confirmado por UI
",Bloqueia nos Relat",LavSoft,relatorio/impressao,Nao classificado,a validar,,,a validar; preferir cancelamento logico,a validar,a validar,a validar por fluxo dinamico,a validar,strings executaveis,confirmado por UI
"; ""C:\EquipExe\Ger\Dados\Clientes.Db"" C",LavSoft,consulta/abre tela,Clientes,a validar,,,a validar; preferir cancelamento logico,a validar,a validar,a validar por fluxo dinamico,a validar,strings executaveis,confirmado por UI
": ""c:\EquipExe\Ger\Dados\Clientes"" C,",LavSoft,consulta/abre tela,Clientes,a validar,,,a validar; preferir cancelamento logico,a validar,a validar,a validar por fluxo dinamico,a validar,strings executaveis,confirmado por UI
:\EquipExe\EquSat,LavSoft,consulta/abre tela,Notas/Fiscal,a validar,,,a validar; preferir cancelamento logico,a validar,a validar,a validar por fluxo dinamico,a validar,strings executaveis,confirmado por UI
:\EquipExe\EquSat.Ini,LavSoft,consulta/abre tela,Notas/Fiscal,a validar,,,a validar; preferir cancelamento logico,a validar,a validar,a validar por fluxo dinamico,a validar,strings executaveis,confirmado por UI
:\EquipExe\Exe\Anotacoes.Exe,LavSoft,consulta/abre tela,Ocorrencias/Auditoria,a validar,,,a validar; preferir cancelamento logico,a validar,a validar,a validar por fluxo dinamico,a validar,strings executaveis,confirmado por UI
:\EquipExe\Exe\Estoque.Exe,LavSoft,consulta/abre tela,Estoque,a validar,,,a validar; preferir cancelamento logico,a validar,a validar,a validar por fluxo dinamico,a validar,strings executaveis,confirmado por UI
:\Equipexe\Exe\NFE.Exe,LavSoft,consulta/abre tela,Notas/Fiscal,a validar,,,a validar; preferir cancelamento logico,a validar,a validar,a validar por fluxo dinamico,a validar,strings executaveis,confirmado por UI
:\EquipExe\Exe\Senhas.Exe,LavSoft,consulta/abre tela,Usuarios/Permissoes,a validar,,,a validar; preferir cancelamento logico,a validar,a validar,a validar por fluxo dinamico,a validar,strings executaveis,confirmado por UI
":Clientes"" C",LavSoft,consulta/abre tela,Clientes,a validar,,,a validar; preferir cancelamento logico,a validar,a validar,a validar por fluxo dinamico,a validar,strings executaveis,confirmado por UI
":Clientes"" C ON C.CodCli = M.CodCli",LavSoft,consulta/abre tela,Clientes,a validar,,,a validar; preferir cancelamento logico,a validar,a validar,a validar por fluxo dinamico,a validar,strings executaveis,confirmado por UI
:Localiza o cliente pelo n,LavSoft,consulta/abre tela,Clientes,a validar,,,a validar; preferir cancelamento logico,a validar,a validar,a validar por fluxo dinamico,a validar,strings executaveis,confirmado por UI
":NotaFisPag""",LavSoft,financeiro/fechamento,Financeiro,a validar,,a validar,a validar; preferir cancelamento logico,a validar,a validar,a validar por fluxo dinamico,a validar,strings executaveis,confirmado por UI
":Notas"" N,",LavSoft,consulta/abre tela,Nao classificado,a validar,,,a validar; preferir cancelamento logico,a validar,a validar,a validar por fluxo dinamico,a validar,strings executaveis,confirmado por UI
":Notas"" N",LavSoft,consulta/abre tela,Nao classificado,a validar,,,a validar; preferir cancelamento logico,a validar,a validar,a validar por fluxo dinamico,a validar,strings executaveis,confirmado por UI
":Notas"" N ON N.CodCli = M.CodCli",LavSoft,consulta/abre tela,Nao classificado,a validar,,,a validar; preferir cancelamento logico,a validar,a validar,a validar por fluxo dinamico,a validar,strings executaveis,confirmado por UI
":Para manter o produto zerado,bloqueando altera",LavSoft,alteracao,Nao classificado,a validar,,a validar,a validar; preferir cancelamento logico,a validar,a validar,a validar por fluxo dinamico,a validar,strings executaveis,confirmado por UI
:Recupera Produtos Excluidos|Recupera o lan,LavSoft,cancelamento/exclusao,Nao classificado,a validar,,a validar,a validar; preferir cancelamento logico,a validar,a validar,a validar por fluxo dinamico,a validar,strings executaveis,confirmado por UI
:RESPECTIVA LAVAGEM. 3 - A ROUPA N,LavSoft,consulta/abre tela,Nao classificado,a validar,,,a validar; preferir cancelamento logico,a validar,a validar,a validar por fluxo dinamico,a validar,strings executaveis,confirmado por UI
!&Efetua Entrada do Rol em Estoque,LavSoft,inclusao,Estoque,a validar,a validar,,a validar; preferir cancelamento logico,a validar,a validar,a validar por fluxo dinamico,a validar,strings executaveis,confirmado por UI
!Fixa hora de Entrega (Param,LavSoft,consulta/abre tela,Configuracao/Admin,a validar,,,a validar; preferir cancelamento logico,a validar,a validar,a validar por fluxo dinamico,a validar,strings executaveis,confirmado por UI
!Movimento Por Produto (Anal,LavSoft,consulta/abre tela,Nao classificado,a validar,,,a validar; preferir cancelamento logico,a validar,a validar,a validar por fluxo dinamico,a validar,strings executaveis,confirmado por UI
!MovimentoResumidoNotaFiscal1Click,LavSoft,consulta/abre tela,Notas/Fiscal,a validar,,,a validar; preferir cancelamento logico,a validar,a validar,a validar por fluxo dinamico,a validar,strings executaveis,confirmado por UI
!Passador(a)/Lavador(a)/Conferente,LavSoft,consulta/abre tela,Notas/Fiscal,a validar,,,a validar; preferir cancelamento logico,a validar,a validar,a validar por fluxo dinamico,a validar,strings executaveis,confirmado por UI
!Processamento do relat,LavSoft,relatorio/impressao,Nao classificado,a validar,,,a validar; preferir cancelamento logico,a validar,a validar,a validar por fluxo dinamico,a validar,strings executaveis,confirmado por UI
!Procura clientes|Procura clientes,LavSoft,consulta/abre tela,Clientes,a validar,,,a validar; preferir cancelamento logico,a validar,a validar,a validar por fluxo dinamico,a validar,strings executaveis,confirmado por UI
!RELAT,LavSoft,relatorio/impressao,Nao classificado,a validar,,,a validar; preferir cancelamento logico,a validar,a validar,a validar por fluxo dinamico,a validar,strings executaveis,confirmado por UI
!RelatriodePassadoriaProduto1Click,LavSoft,relatorio/impressao,Nao classificado,a validar,,,a validar; preferir cancelamento logico,a validar,a validar,a validar por fluxo dinamico,a validar,strings executaveis,confirmado por UI
!Somente clientes com,LavSoft,consulta/abre tela,Clientes,a validar,,,a validar; preferir cancelamento logico,a validar,a validar,a validar por fluxo dinamico,a validar,strings executaveis,confirmado por UI
!Tb_ClientesCodCliSec.DisplayWidth,LavSoft,consulta/abre tela,Nao classificado,a validar,,,a validar; preferir cancelamento logico,a validar,a validar,a validar por fluxo dinamico,a validar,strings executaveis,confirmado por UI
!VerificaodePreoUnitriodoRol1Click,LavSoft,consulta/abre tela,Nao classificado,a validar,,,a validar; preferir cancelamento logico,a validar,a validar,a validar por fluxo dinamico,a validar,strings executaveis,confirmado por UI
.[ Clientes que n,LavSoft,consulta/abre tela,Clientes,a validar,,,a validar; preferir cancelamento logico,a validar,a validar,a validar por fluxo dinamico,a validar,strings executaveis,confirmado por UI
.Consulta|Consulta a Transportadora selecionada,LavSoft,consulta/abre tela,Nao classificado,a validar,,,a validar; preferir cancelamento logico,a validar,a validar,a validar por fluxo dinamico,a validar,strings executaveis,confirmado por UI
.Consulta|Consulta o fator de pre,LavSoft,consulta/abre tela,Nao classificado,a validar,,,a validar; preferir cancelamento logico,a validar,a validar,a validar por fluxo dinamico,a validar,strings executaveis,confirmado por UI
.Consulta|Consulta o tipo de tabela selecionado,LavSoft,consulta/abre tela,Nao classificado,a validar,,,a validar; preferir cancelamento logico,a validar,a validar,a validar por fluxo dinamico,a validar,strings executaveis,confirmado por UI
'Consulta|Consulta a Entrada selecionada,LavSoft,inclusao,Nao classificado,a validar,a validar,,a validar; preferir cancelamento logico,a validar,a validar,a validar por fluxo dinamico,a validar,strings executaveis,confirmado por UI
'Consulta|Consulta a Esp,LavSoft,consulta/abre tela,Nao classificado,a validar,,,a validar; preferir cancelamento logico,a validar,a validar,a validar por fluxo dinamico,a validar,strings executaveis,confirmado por UI
'Consulta|Consulta o defeito selecionado,LavSoft,consulta/abre tela,Produtos/Servicos,a validar,,,a validar; preferir cancelamento logico,a validar,a validar,a validar por fluxo dinamico,a validar,strings executaveis,confirmado por UI
'Consulta|Consulta o feriado selecionado,LavSoft,consulta/abre tela,Nao classificado,a validar,,,a validar; preferir cancelamento logico,a validar,a validar,a validar por fluxo dinamico,a validar,strings executaveis,confirmado por UI
'Desmarcatodososprodutoscomapromoo1Click,LavSoft,consulta/abre tela,Produtos/Servicos,a validar,,,a validar; preferir cancelamento logico,a validar,a validar,a validar por fluxo dinamico,a validar,strings executaveis,confirmado por UI
"'from ""c:\EquipExe\Lav\Filial\Notas""N,",LavSoft,consulta/abre tela,Configuracao/Admin,a validar,,,a validar; preferir cancelamento logico,a validar,a validar,a validar por fluxo dinamico,a validar,strings executaveis,confirmado por UI
'S:\BaseTestes\Usuarios\Carlos\Ger\Dados,LavSoft,consulta/abre tela,Usuarios/Permissoes,a validar,,,a validar; preferir cancelamento logico,a validar,a validar,a validar por fluxo dinamico,a validar,strings executaveis,confirmado por UI
""") And (TipNota = ""F"") And (not (Cancelada = ""S""))",LavSoft,cancelamento/exclusao,Ocorrencias/Auditoria,a validar,,a validar,a validar; preferir cancelamento logico,a validar,a validar,a validar por fluxo dinamico,a validar,strings executaveis,confirmado por UI
"""&Passador(a)/Lavador(a)/Conferente",LavSoft,consulta/abre tela,Notas/Fiscal,a validar,,,a validar; preferir cancelamento logico,a validar,a validar,a validar por fluxo dinamico,a validar,strings executaveis,confirmado por UI
"""Cadastro de Condi",LavSoft,inclusao,Nao classificado,a validar,a validar,,a validar; preferir cancelamento logico,a validar,a validar,a validar por fluxo dinamico,a validar,strings executaveis,confirmado por UI
"""Cadastro de Servi",LavSoft,inclusao,Nao classificado,a validar,a validar,,a validar; preferir cancelamento logico,a validar,a validar,a validar por fluxo dinamico,a validar,strings executaveis,confirmado por UI
"""Cancelamento de Notas (&Intervalo)",LavSoft,cancelamento/exclusao,Ocorrencias/Auditoria,a validar,,a validar,a validar; preferir cancelamento logico,a validar,a validar,a validar por fluxo dinamico,a validar,strings executaveis,confirmado por UI
"""CancelamentodeNotasIntervalo1Click",LavSoft,cancelamento/exclusao,Ocorrencias/Auditoria,a validar,,a validar,a validar; preferir cancelamento logico,a validar,a validar,a validar por fluxo dinamico,a validar,strings executaveis,confirmado por UI
"""CancelamentodoUltimoEncerramCaixa1(",LavSoft,cancelamento/exclusao,Financeiro,a validar,,a validar,a validar; preferir cancelamento logico,a validar,a validar,a validar por fluxo dinamico,a validar,strings executaveis,confirmado por UI
"""ControlaDescontosporCadastri1Click",LavSoft,consulta/abre tela,Movimentos/OS/ROL,a validar,,,a validar; preferir cancelamento logico,a validar,a validar,a validar por fluxo dinamico,a validar,strings executaveis,confirmado por UI
"""Desmarcatodososprodutoscomapromoo1",LavSoft,consulta/abre tela,Produtos/Servicos,a validar,,,a validar; preferir cancelamento logico,a validar,a validar,a validar por fluxo dinamico,a validar,strings executaveis,confirmado por UI
"""Enc.Caixa Sabado/Domingos/Feriados",LavSoft,consulta/abre tela,Financeiro,a validar,,,a validar; preferir cancelamento logico,a validar,a validar,a validar por fluxo dinamico,a validar,strings executaveis,confirmado por UI
"""Localiza Cliente Por Identifica",LavSoft,consulta/abre tela,Clientes,a validar,,,a validar; preferir cancelamento logico,a validar,a validar,a validar por fluxo dinamico,a validar,strings executaveis,confirmado por UI
"""MovimentoPorServicoSintetico1Click",LavSoft,consulta/abre tela,Produtos/Servicos,a validar,,,a validar; preferir cancelamento logico,a validar,a validar,a validar por fluxo dinamico,a validar,strings executaveis,confirmado por UI
"""Relat",LavSoft,relatorio/impressao,Nao classificado,a validar,,,a validar; preferir cancelamento logico,a validar,a validar,a validar por fluxo dinamico,a validar,strings executaveis,confirmado por UI
"""Resumo de Fa&turamento por Produto",LavSoft,consulta/abre tela,Nao classificado,a validar,,,a validar; preferir cancelamento logico,a validar,a validar,a validar por fluxo dinamico,a validar,strings executaveis,confirmado por UI
(** Produto n,LavSoft,consulta/abre tela,Nao classificado,a validar,,,a validar; preferir cancelamento logico,a validar,a validar,a validar por fluxo dinamico,a validar,strings executaveis,confirmado por UI
(Caixa),LavSoft,consulta/abre tela,Financeiro,a validar,,,a validar; preferir cancelamento logico,a validar,a validar,a validar por fluxo dinamico,a validar,strings executaveis,confirmado por UI
(Cancelado <> 'C') and (TipUsuario <> 'C'),LavSoft,cancelamento/exclusao,Ocorrencias/Auditoria,a validar,,a validar,a validar; preferir cancelamento logico,a validar,a validar,a validar por fluxo dinamico,a validar,strings executaveis,confirmado por UI
(Consulta|Consulta do cliente selecionado,LavSoft,consulta/abre tela,Clientes,a validar,,,a validar; preferir cancelamento logico,a validar,a validar,a validar por fluxo dinamico,a validar,strings executaveis,confirmado por UI
(Consulta|Consulta do produto selecionado,LavSoft,consulta/abre tela,Nao classificado,a validar,,,a validar; preferir cancelamento logico,a validar,a validar,a validar por fluxo dinamico,a validar,strings executaveis,confirmado por UI
(Consulta|Consulta o Material selecionado,LavSoft,consulta/abre tela,Nao classificado,a validar,,,a validar; preferir cancelamento logico,a validar,a validar,a validar por fluxo dinamico,a validar,strings executaveis,confirmado por UI
(Consulta|Consulta Passadeira selecionada,LavSoft,consulta/abre tela,Nao classificado,a validar,,,a validar; preferir cancelamento logico,a validar,a validar,a validar por fluxo dinamico,a validar,strings executaveis,confirmado por UI
(NFE - Nota fiscal eletr,LavSoft,consulta/abre tela,Notas/Fiscal,a validar,,,a validar; preferir cancelamento logico,a validar,a validar,a validar por fluxo dinamico,a validar,strings executaveis,confirmado por UI
"(not( (C.CodCli=G.Chave1) And (G.Arquivo=""CLIENTES"") And (Not G.Campo is null) ))",LavSoft,consulta/abre tela,Clientes,a validar,,,a validar; preferir cancelamento logico,a validar,a validar,a validar por fluxo dinamico,a validar,strings executaveis,confirmado por UI
(not(Cancelada='S')) and (TipNota<>'C'),LavSoft,cancelamento/exclusao,Ocorrencias/Auditoria,a validar,,a validar,a validar; preferir cancelamento logico,a validar,a validar,a validar por fluxo dinamico,a validar,strings executaveis,confirmado por UI
"(Recibo Entrega, informe quando deve sair",LavSoft,consulta/abre tela,Nao classificado,a validar,,,a validar; preferir cancelamento logico,a validar,a validar,a validar por fluxo dinamico,a validar,strings executaveis,confirmado por UI
) Or (M.NumNotAdi=,LavSoft,consulta/abre tela,Nao classificado,a validar,,,a validar; preferir cancelamento logico,a validar,a validar,a validar por fluxo dinamico,a validar,strings executaveis,confirmado por UI
) or (NumNotAdi=,LavSoft,consulta/abre tela,Nao classificado,a validar,,,a validar; preferir cancelamento logico,a validar,a validar,a validar por fluxo dinamico,a validar,strings executaveis,confirmado por UI
)&Fazer todos os Clientes Individualizados,LavSoft,consulta/abre tela,Clientes,a validar,,,a validar; preferir cancelamento logico,a validar,a validar,a validar por fluxo dinamico,a validar,strings executaveis,confirmado por UI
)Bloqueia Cancelamento (Usuario Digitador),LavSoft,cancelamento/exclusao,Ocorrencias/Auditoria,a validar,,a validar,a validar; preferir cancelamento logico,a validar,a validar,a validar por fluxo dinamico,a validar,strings executaveis,confirmado por UI
)Consulta|Consulta do Cadastro selecionado,LavSoft,inclusao,Nao classificado,a validar,a validar,,a validar; preferir cancelamento logico,a validar,a validar,a validar por fluxo dinamico,a validar,strings executaveis,confirmado por UI
)Consulta|Consulta do Desconto selecionado,LavSoft,consulta/abre tela,Nao classificado,a validar,,,a validar; preferir cancelamento logico,a validar,a validar,a validar por fluxo dinamico,a validar,strings executaveis,confirmado por UI
)Desmarca todos os produtos com a promo,LavSoft,consulta/abre tela,Produtos/Servicos,a validar,,,a validar; preferir cancelamento logico,a validar,a validar,a validar por fluxo dinamico,a validar,strings executaveis,confirmado por UI
)VisualizaRabeladePreoProdutoModelo21Click,LavSoft,consulta/abre tela,Nao classificado,a validar,,,a validar; preferir cancelamento logico,a validar,a validar,a validar por fluxo dinamico,a validar,strings executaveis,confirmado por UI
[ Data do Relat,LavSoft,relatorio/impressao,Nao classificado,a validar,,,a validar; preferir cancelamento logico,a validar,a validar,a validar por fluxo dinamico,a validar,strings executaveis,confirmado por UI
[ Caixa Matricial ],LavSoft,consulta/abre tela,Financeiro,a validar,,,a validar; preferir cancelamento logico,a validar,a validar,a validar por fluxo dinamico,a validar,strings executaveis,confirmado por UI
[ Data de Cancelamento ],LavSoft,cancelamento/exclusao,Ocorrencias/Auditoria,a validar,,a validar,a validar; preferir cancelamento logico,a validar,a validar,a validar por fluxo dinamico,a validar,strings executaveis,confirmado por UI
[ Entrega ],LavSoft,consulta/abre tela,Nao classificado,a validar,,,a validar; preferir cancelamento logico,a validar,a validar,a validar por fluxo dinamico,a validar,strings executaveis,confirmado por UI
[ Estoque no Cliente ],LavSoft,consulta/abre tela,Clientes,a validar,,,a validar; preferir cancelamento logico,a validar,a validar,a validar por fluxo dinamico,a validar,strings executaveis,confirmado por UI
[ Financeiro ],LavSoft,consulta/abre tela,Nao classificado,a validar,,,a validar; preferir cancelamento logico,a validar,a validar,a validar por fluxo dinamico,a validar,strings executaveis,confirmado por UI
[ Nota Fiscal ],LavSoft,consulta/abre tela,Notas/Fiscal,a validar,,,a validar; preferir cancelamento logico,a validar,a validar,a validar por fluxo dinamico,a validar,strings executaveis,confirmado por UI
[ Prazo Entrega ],LavSoft,consulta/abre tela,Nao classificado,a validar,,,a validar; preferir cancelamento logico,a validar,a validar,a validar por fluxo dinamico,a validar,strings executaveis,confirmado por UI
[ Produtos ],LavSoft,consulta/abre tela,Nao classificado,a validar,,,a validar; preferir cancelamento logico,a validar,a validar,a validar por fluxo dinamico,a validar,strings executaveis,confirmado por UI
}* Produtos em Vermelhor = Estoque maior que a m,LavSoft,consulta/abre tela,Estoque,a validar,,,a validar; preferir cancelamento logico,a validar,a validar,a validar por fluxo dinamico,a validar,strings executaveis,confirmado por UI
* - Produto com estoque baixo,LavSoft,consulta/abre tela,Estoque,a validar,,,a validar; preferir cancelamento logico,a validar,a validar,a validar por fluxo dinamico,a validar,strings executaveis,confirmado por UI
* Produtos controlados por peso,LavSoft,consulta/abre tela,Nao classificado,a validar,,,a validar; preferir cancelamento logico,a validar,a validar,a validar por fluxo dinamico,a validar,strings executaveis,confirmado por UI
*Expande Cliente ou Adiciona Pesagem no Rol,LavSoft,consulta/abre tela,Clientes,a validar,,,a validar; preferir cancelamento logico,a validar,a validar,a validar por fluxo dinamico,a validar,strings executaveis,confirmado por UI
"*from ""c:\EquipExe\Lav\Filial\Notas"" N,",LavSoft,consulta/abre tela,Configuracao/Admin,a validar,,,a validar; preferir cancelamento logico,a validar,a validar,a validar por fluxo dinamico,a validar,strings executaveis,confirmado por UI
*Reajuste|Reajuste dos valores dos produtos,LavSoft,consulta/abre tela,Nao classificado,a validar,,,a validar; preferir cancelamento logico,a validar,a validar,a validar por fluxo dinamico,a validar,strings executaveis,confirmado por UI
*RelatrioPassadoriaLavanderiaResumido1Click,LavSoft,relatorio/impressao,Nao classificado,a validar,,,a validar; preferir cancelamento logico,a validar,a validar,a validar por fluxo dinamico,a validar,strings executaveis,confirmado por UI
/Consulta|Consulta a tabela de pre,LavSoft,consulta/abre tela,Nao classificado,a validar,,,a validar; preferir cancelamento logico,a validar,a validar,a validar por fluxo dinamico,a validar,strings executaveis,confirmado por UI
/Consulta|Consulta o tipo de servi,LavSoft,consulta/abre tela,Nao classificado,a validar,,,a validar; preferir cancelamento logico,a validar,a validar,a validar por fluxo dinamico,a validar,strings executaveis,confirmado por UI
/Equipe Relat,LavSoft,relatorio/impressao,Nao classificado,a validar,,,a validar; preferir cancelamento logico,a validar,a validar,a validar por fluxo dinamico,a validar,strings executaveis,confirmado por UI
/Pede prazo de entrega ap,LavSoft,consulta/abre tela,Nao classificado,a validar,,,a validar; preferir cancelamento logico,a validar,a validar,a validar por fluxo dinamico,a validar,strings executaveis,confirmado por UI
\Anotacoes,LavSoft,consulta/abre tela,Ocorrencias/Auditoria,a validar,,,a validar; preferir cancelamento logico,a validar,a validar,a validar por fluxo dinamico,a validar,strings executaveis,confirmado por UI
"\Anotacoes"" A",LavSoft,consulta/abre tela,Ocorrencias/Auditoria,a validar,,,a validar; preferir cancelamento logico,a validar,a validar,a validar por fluxo dinamico,a validar,strings executaveis,confirmado por UI
\Clientes,LavSoft,consulta/abre tela,Clientes,a validar,,,a validar; preferir cancelamento logico,a validar,a validar,a validar por fluxo dinamico,a validar,strings executaveis,confirmado por UI
"\Clientes""",LavSoft,consulta/abre tela,Clientes,a validar,,,a validar; preferir cancelamento logico,a validar,a validar,a validar por fluxo dinamico,a validar,strings executaveis,confirmado por UI
"\Clientes"" C",LavSoft,consulta/abre tela,Clientes,a validar,,,a validar; preferir cancelamento logico,a validar,a validar,a validar por fluxo dinamico,a validar,strings executaveis,confirmado por UI
"\Clientes"" C on (C.CodCli=O.CodCli)",LavSoft,consulta/abre tela,Clientes,a validar,,,a validar; preferir cancelamento logico,a validar,a validar,a validar por fluxo dinamico,a validar,strings executaveis,confirmado por UI
"\Clientes"" C on (MC.CodCli = C.CodCli)",LavSoft,consulta/abre tela,Clientes,a validar,,,a validar; preferir cancelamento logico,a validar,a validar,a validar por fluxo dinamico,a validar,strings executaveis,confirmado por UI
"\Clientes"" C on (O.CodCli=C.CodCli)",LavSoft,consulta/abre tela,Clientes,a validar,,,a validar; preferir cancelamento logico,a validar,a validar,a validar por fluxo dinamico,a validar,strings executaveis,confirmado por UI
"\Clientes"" C On C.CodCli = M.CodCli",LavSoft,consulta/abre tela,Clientes,a validar,,,a validar; preferir cancelamento logico,a validar,a validar,a validar por fluxo dinamico,a validar,strings executaveis,confirmado por UI
"\Clientes"" C ON M.CodCli = C.CodCli",LavSoft,consulta/abre tela,Clientes,a validar,,,a validar; preferir cancelamento logico,a validar,a validar,a validar por fluxo dinamico,a validar,strings executaveis,confirmado por UI
"\Clientes"" C,",LavSoft,consulta/abre tela,Clientes,a validar,,,a validar; preferir cancelamento logico,a validar,a validar,a validar por fluxo dinamico,a validar,strings executaveis,confirmado por UI
"\Clientes"" Set CodCli=""",LavSoft,consulta/abre tela,Clientes,a validar,,,a validar; preferir cancelamento logico,a validar,a validar,a validar por fluxo dinamico,a validar,strings executaveis,confirmado por UI
\Ger\Dados\Clientes.Db,LavSoft,consulta/abre tela,Clientes,a validar,,,a validar; preferir cancelamento logico,a validar,a validar,a validar por fluxo dinamico,a validar,strings executaveis,confirmado por UI
"\MovIniCaixa"" Where (Seq > 0) And (Data=""",LavSoft,consulta/abre tela,Financeiro,a validar,,,a validar; preferir cancelamento logico,a validar,a validar,a validar por fluxo dinamico,a validar,strings executaveis,confirmado por UI
"\NotaFisPag""",LavSoft,financeiro/fechamento,Financeiro,a validar,,a validar,a validar; preferir cancelamento logico,a validar,a validar,a validar por fluxo dinamico,a validar,strings executaveis,confirmado por UI
\NotaFMsgPre,LavSoft,consulta/abre tela,Nao classificado,a validar,,,a validar; preferir cancelamento logico,a validar,a validar,a validar por fluxo dinamico,a validar,strings executaveis,confirmado por UI
\Notas,LavSoft,consulta/abre tela,Nao classificado,a validar,,,a validar; preferir cancelamento logico,a validar,a validar,a validar por fluxo dinamico,a validar,strings executaveis,confirmado por UI
"\Notas""",LavSoft,consulta/abre tela,Nao classificado,a validar,,,a validar; preferir cancelamento logico,a validar,a validar,a validar por fluxo dinamico,a validar,strings executaveis,confirmado por UI
"\Notas"" N",LavSoft,consulta/abre tela,Nao classificado,a validar,,,a validar; preferir cancelamento logico,a validar,a validar,a validar por fluxo dinamico,a validar,strings executaveis,confirmado por UI
"\Notas"" N,",LavSoft,consulta/abre tela,Nao classificado,a validar,,,a validar; preferir cancelamento logico,a validar,a validar,a validar por fluxo dinamico,a validar,strings executaveis,confirmado por UI
"\Notas"" N ON N.CodCli = M.CodCli",LavSoft,consulta/abre tela,Nao classificado,a validar,,,a validar; preferir cancelamento logico,a validar,a validar,a validar por fluxo dinamico,a validar,strings executaveis,confirmado por UI
\Sat\Dados,LavSoft,consulta/abre tela,Notas/Fiscal,a validar,,,a validar; preferir cancelamento logico,a validar,a validar,a validar por fluxo dinamico,a validar,strings executaveis,confirmado por UI
\Sat\Filial,LavSoft,consulta/abre tela,Notas/Fiscal,a validar,,,a validar; preferir cancelamento logico,a validar,a validar,a validar por fluxo dinamico,a validar,strings executaveis,confirmado por UI
"\Usuarios"" Where (Not(Cancelado=""S""))",LavSoft,cancelamento/exclusao,Ocorrencias/Auditoria,a validar,,a validar,a validar; preferir cancelamento logico,a validar,a validar,a validar por fluxo dinamico,a validar,strings executaveis,confirmado por UI
&Altera Cliente,LavSoft,alteracao,Clientes,a validar,,a validar,a validar; preferir cancelamento logico,a validar,a validar,a validar por fluxo dinamico,a validar,strings executaveis,confirmado por UI
&Anota,LavSoft,consulta/abre tela,Ocorrencias/Auditoria,a validar,,,a validar; preferir cancelamento logico,a validar,a validar,a validar por fluxo dinamico,a validar,strings executaveis,confirmado por UI
&Bloqueia Produtos Repetidos,LavSoft,consulta/abre tela,Nao classificado,a validar,,,a validar; preferir cancelamento logico,a validar,a validar,a validar por fluxo dinamico,a validar,strings executaveis,confirmado por UI
&Cadastros,LavSoft,inclusao,Nao classificado,a validar,a validar,,a validar; preferir cancelamento logico,a validar,a validar,a validar por fluxo dinamico,a validar,strings executaveis,confirmado por UI
Nota Pag.,NFE,financeiro/fechamento,Financeiro,a validar,,a validar,a validar; preferir cancelamento logico,a validar,a validar,a validar por fluxo dinamico,a validar,strings executaveis,confirmado por UI
'UdfNfe,NFE,consulta/abre tela,Notas/Fiscal,a validar,,,a validar; preferir cancelamento logico,a validar,a validar,a validar por fluxo dinamico,a validar,strings executaveis,confirmado por UI
]FM_Gera_NFE,NFE,consulta/abre tela,Notas/Fiscal,a validar,,,a validar; preferir cancelamento logico,a validar,a validar,a validar por fluxo dinamico,a validar,strings executaveis,confirmado por UI
"%""S:\EquipExe\Ger\Dados\Clientes.db"" C",NFE,consulta/abre tela,Clientes,a validar,,,a validar; preferir cancelamento logico,a validar,a validar,a validar por fluxo dinamico,a validar,strings executaveis,confirmado por UI
|Senha do usu,NFE,consulta/abre tela,Nao classificado,a validar,,,a validar; preferir cancelamento logico,a validar,a validar,a validar por fluxo dinamico,a validar,strings executaveis,confirmado por UI
"$""S:\EquipExe\Lav\Filial\notas.db"" N,",NFE,consulta/abre tela,Configuracao/Admin,a validar,,,a validar; preferir cancelamento logico,a validar,a validar,a validar por fluxo dinamico,a validar,strings executaveis,confirmado por UI
2 - Nota Fiscal Sem ISS Retido,NFE,consulta/abre tela,Notas/Fiscal,a validar,,,a validar; preferir cancelamento logico,a validar,a validar,a validar por fluxo dinamico,a validar,strings executaveis,confirmado por UI
AMenuItem,NFE,consulta/abre tela,Nao classificado,a validar,,,a validar; preferir cancelamento logico,a validar,a validar,a validar por fluxo dinamico,a validar,strings executaveis,confirmado por UI
Bairro Cliente,NFE,consulta/abre tela,Clientes,a validar,,,a validar; preferir cancelamento logico,a validar,a validar,a validar por fluxo dinamico,a validar,strings executaveis,confirmado por UI
Bt_CancelaAditoClick,NFE,cancelamento/exclusao,Ocorrencias/Auditoria,a validar,,a validar,a validar; preferir cancelamento logico,a validar,a validar,a validar por fluxo dinamico,a validar,strings executaveis,confirmado por UI
c_DigitaSenha,NFE,consulta/abre tela,Nao classificado,a validar,,,a validar; preferir cancelamento logico,a validar,a validar,a validar por fluxo dinamico,a validar,strings executaveis,confirmado por UI
CancelaemissodoArquivo1Click,NFE,cancelamento/exclusao,Ocorrencias/Auditoria,a validar,,a validar,a validar; preferir cancelamento logico,a validar,a validar,a validar por fluxo dinamico,a validar,strings executaveis,confirmado por UI
Cancelamento Nota,NFE,cancelamento/exclusao,Ocorrencias/Auditoria,a validar,,a validar,a validar; preferir cancelamento logico,a validar,a validar,a validar por fluxo dinamico,a validar,strings executaveis,confirmado por UI
CancelamentoNota1,NFE,cancelamento/exclusao,Ocorrencias/Auditoria,a validar,,a validar,a validar; preferir cancelamento logico,a validar,a validar,a validar por fluxo dinamico,a validar,strings executaveis,confirmado por UI
CancelamentoNota1Click,NFE,cancelamento/exclusao,Ocorrencias/Auditoria,a validar,,a validar,a validar; preferir cancelamento logico,a validar,a validar,a validar por fluxo dinamico,a validar,strings executaveis,confirmado por UI
CancelamentoNota1p,NFE,cancelamento/exclusao,Ocorrencias/Auditoria,a validar,,a validar,a validar; preferir cancelamento logico,a validar,a validar,a validar por fluxo dinamico,a validar,strings executaveis,confirmado por UI
CancelarNota,NFE,cancelamento/exclusao,Ocorrencias/Auditoria,a validar,,a validar,a validar; preferir cancelamento logico,a validar,a validar,a validar por fluxo dinamico,a validar,strings executaveis,confirmado por UI
CancNFEIndiv,NFE,consulta/abre tela,Notas/Fiscal,a validar,,,a validar; preferir cancelamento logico,a validar,a validar,a validar por fluxo dinamico,a validar,strings executaveis,confirmado por UI
CB_TipoNota,NFE,consulta/abre tela,Nao classificado,a validar,,,a validar; preferir cancelamento logico,a validar,a validar,a validar por fluxo dinamico,a validar,strings executaveis,confirmado por UI
CEP Cliente,NFE,consulta/abre tela,Clientes,a validar,,,a validar; preferir cancelamento logico,a validar,a validar,a validar por fluxo dinamico,a validar,strings executaveis,confirmado por UI
CheckMenuItem,NFE,consulta/abre tela,Nao classificado,a validar,,,a validar; preferir cancelamento logico,a validar,a validar,a validar por fluxo dinamico,a validar,strings executaveis,confirmado por UI
Cid. Cliente,NFE,consulta/abre tela,Clientes,a validar,,,a validar; preferir cancelamento logico,a validar,a validar,a validar por fluxo dinamico,a validar,strings executaveis,confirmado por UI
Cliente,NFE,consulta/abre tela,Clientes,a validar,,,a validar; preferir cancelamento logico,a validar,a validar,a validar por fluxo dinamico,a validar,strings executaveis,confirmado por UI
Cod. Cliente,NFE,consulta/abre tela,Clientes,a validar,,,a validar; preferir cancelamento logico,a validar,a validar,a validar por fluxo dinamico,a validar,strings executaveis,confirmado por UI
ComponentPlatformsAttribute,NFE,consulta/abre tela,Notas/Fiscal,a validar,,,a validar; preferir cancelamento logico,a validar,a validar,a validar por fluxo dinamico,a validar,strings executaveis,confirmado por UI
ComponentPlatformsAttribute9,NFE,consulta/abre tela,Notas/Fiscal,a validar,,,a validar; preferir cancelamento logico,a validar,a validar,a validar por fluxo dinamico,a validar,strings executaveis,confirmado por UI
Consultar,NFE,consulta/abre tela,Nao classificado,a validar,,,a validar; preferir cancelamento logico,a validar,a validar,a validar por fluxo dinamico,a validar,strings executaveis,confirmado por UI
ConsultarNotaPrestador,NFE,consulta/abre tela,Nao classificado,a validar,,,a validar; preferir cancelamento logico,a validar,a validar,a validar por fluxo dinamico,a validar,strings executaveis,confirmado por UI
ConsultarNotaValida,NFE,consulta/abre tela,Nao classificado,a validar,,,a validar; preferir cancelamento logico,a validar,a validar,a validar por fluxo dinamico,a validar,strings executaveis,confirmado por UI
CreateMenuItem,NFE,consulta/abre tela,Nao classificado,a validar,,,a validar; preferir cancelamento logico,a validar,a validar,a validar por fluxo dinamico,a validar,strings executaveis,confirmado por UI
d Cliente,NFE,consulta/abre tela,Clientes,a validar,,,a validar; preferir cancelamento logico,a validar,a validar,a validar por fluxo dinamico,a validar,strings executaveis,confirmado por UI
DadosCancelaNota,NFE,cancelamento/exclusao,Ocorrencias/Auditoria,a validar,,a validar,a validar; preferir cancelamento logico,a validar,a validar,a validar por fluxo dinamico,a validar,strings executaveis,confirmado por UI
DadosConsultaNota,NFE,consulta/abre tela,Ocorrencias/Auditoria,a validar,,,a validar; preferir cancelamento logico,a validar,a validar,a validar por fluxo dinamico,a validar,strings executaveis,confirmado por UI
DadosNota,NFE,consulta/abre tela,Nao classificado,a validar,,,a validar; preferir cancelamento logico,a validar,a validar,a validar por fluxo dinamico,a validar,strings executaveis,confirmado por UI
DBG_Cadastros,NFE,inclusao,Nao classificado,a validar,a validar,,a validar; preferir cancelamento logico,a validar,a validar,a validar por fluxo dinamico,a validar,strings executaveis,confirmado por UI
DBG_CadastrosDblClick,NFE,inclusao,Nao classificado,a validar,a validar,,a validar; preferir cancelamento logico,a validar,a validar,a validar por fluxo dinamico,a validar,strings executaveis,confirmado por UI
DBG_CadastrosKeyPress,NFE,inclusao,Nao classificado,a validar,a validar,,a validar; preferir cancelamento logico,a validar,a validar,a validar por fluxo dinamico,a validar,strings executaveis,confirmado por UI
dowSaturday,NFE,consulta/abre tela,Notas/Fiscal,a validar,,,a validar; preferir cancelamento logico,a validar,a validar,a validar por fluxo dinamico,a validar,strings executaveis,confirmado por UI
DS_Cadastro,NFE,inclusao,Nao classificado,a validar,a validar,,a validar; preferir cancelamento logico,a validar,a validar,a validar por fluxo dinamico,a validar,strings executaveis,confirmado por UI
DS_Nfe,NFE,consulta/abre tela,Notas/Fiscal,a validar,,,a validar; preferir cancelamento logico,a validar,a validar,a validar por fluxo dinamico,a validar,strings executaveis,confirmado por UI
DS_Nota,NFE,consulta/abre tela,Nao classificado,a validar,,,a validar; preferir cancelamento logico,a validar,a validar,a validar por fluxo dinamico,a validar,strings executaveis,confirmado por UI
DS_Nota<,NFE,consulta/abre tela,Nao classificado,a validar,,,a validar; preferir cancelamento logico,a validar,a validar,a validar por fluxo dinamico,a validar,strings executaveis,confirmado por UI
Ed_Senha,NFE,consulta/abre tela,Nao classificado,a validar,,,a validar; preferir cancelamento logico,a validar,a validar,a validar por fluxo dinamico,a validar,strings executaveis,confirmado por UI
Ed_SenhaKeyPress,NFE,consulta/abre tela,Nao classificado,a validar,,,a validar; preferir cancelamento logico,a validar,a validar,a validar por fluxo dinamico,a validar,strings executaveis,confirmado por UI
Emite Produto (Bahia),NFE,relatorio/impressao,Nao classificado,a validar,,,a validar; preferir cancelamento logico,a validar,a validar,a validar por fluxo dinamico,a validar,strings executaveis,confirmado por UI
EmiteNotaPoliContabilidade,NFE,relatorio/impressao,Financeiro,a validar,,,a validar; preferir cancelamento logico,a validar,a validar,a validar por fluxo dinamico,a validar,strings executaveis,confirmado por UI
EnableMenuItem,NFE,consulta/abre tela,Nao classificado,a validar,,,a validar; preferir cancelamento logico,a validar,a validar,a validar por fluxo dinamico,a validar,strings executaveis,confirmado por UI
End. Cliente,NFE,consulta/abre tela,Clientes,a validar,,,a validar; preferir cancelamento logico,a validar,a validar,a validar por fluxo dinamico,a validar,strings executaveis,confirmado por UI
Est. Cliente,NFE,consulta/abre tela,Clientes,a validar,,,a validar; preferir cancelamento logico,a validar,a validar,a validar por fluxo dinamico,a validar,strings executaveis,confirmado por UI
Estoque,NFE,consulta/abre tela,Estoque,a validar,,,a validar; preferir cancelamento logico,a validar,a validar,a validar por fluxo dinamico,a validar,strings executaveis,confirmado por UI
Exibe Clientes sem cpf,NFE,consulta/abre tela,Clientes,a validar,,,a validar; preferir cancelamento logico,a validar,a validar,a validar por fluxo dinamico,a validar,strings executaveis,confirmado por UI
FAnnotation,NFE,consulta/abre tela,Nao classificado,a validar,,,a validar; preferir cancelamento logico,a validar,a validar,a validar por fluxo dinamico,a validar,strings executaveis,confirmado por UI
FAnnotations,NFE,consulta/abre tela,Nao classificado,a validar,,,a validar; preferir cancelamento logico,a validar,a validar,a validar por fluxo dinamico,a validar,strings executaveis,confirmado por UI
FC_DigSenha,NFE,consulta/abre tela,Nao classificado,a validar,,,a validar; preferir cancelamento logico,a validar,a validar,a validar por fluxo dinamico,a validar,strings executaveis,confirmado por UI
FM_Gera_NFE,NFE,consulta/abre tela,Notas/Fiscal,a validar,,,a validar; preferir cancelamento logico,a validar,a validar,a validar por fluxo dinamico,a validar,strings executaveis,confirmado por UI
FMenuItem,NFE,consulta/abre tela,Nao classificado,a validar,,,a validar; preferir cancelamento logico,a validar,a validar,a validar por fluxo dinamico,a validar,strings executaveis,confirmado por UI
FMustActivateMenuItem,NFE,consulta/abre tela,Nao classificado,a validar,,,a validar; preferir cancelamento logico,a validar,a validar,a validar por fluxo dinamico,a validar,strings executaveis,confirmado por UI
Fnota,NFE,consulta/abre tela,Nao classificado,a validar,,,a validar; preferir cancelamento logico,a validar,a validar,a validar por fluxo dinamico,a validar,strings executaveis,confirmado por UI
FNotationDefs,NFE,consulta/abre tela,Nao classificado,a validar,,,a validar; preferir cancelamento logico,a validar,a validar,a validar por fluxo dinamico,a validar,strings executaveis,confirmado por UI
FNotations,NFE,consulta/abre tela,Nao classificado,a validar,,,a validar; preferir cancelamento logico,a validar,a validar,a validar por fluxo dinamico,a validar,strings executaveis,confirmado por UI
FObjectMenuItem,NFE,consulta/abre tela,Nao classificado,a validar,,,a validar; preferir cancelamento logico,a validar,a validar,a validar por fluxo dinamico,a validar,strings executaveis,confirmado por UI
FRelativeSizes,NFE,relatorio/impressao,Nao classificado,a validar,,,a validar; preferir cancelamento logico,a validar,a validar,a validar por fluxo dinamico,a validar,strings executaveis,confirmado por UI
FRightClickCancels,NFE,cancelamento/exclusao,Ocorrencias/Auditoria,a validar,,a validar,a validar; preferir cancelamento logico,a validar,a validar,a validar por fluxo dinamico,a validar,strings executaveis,confirmado por UI
FrmCadastroNfe,NFE,inclusao,Notas/Fiscal,a validar,a validar,,a validar; preferir cancelamento logico,a validar,a validar,a validar por fluxo dinamico,a validar,strings executaveis,confirmado por UI
Fsenha,NFE,consulta/abre tela,Nao classificado,a validar,,,a validar; preferir cancelamento logico,a validar,a validar,a validar por fluxo dinamico,a validar,strings executaveis,confirmado por UI
FStatusNFe,NFE,consulta/abre tela,Notas/Fiscal,a validar,,,a validar; preferir cancelamento logico,a validar,a validar,a validar por fluxo dinamico,a validar,strings executaveis,confirmado por UI
GB_DadosNfe,NFE,consulta/abre tela,Notas/Fiscal,a validar,,,a validar; preferir cancelamento logico,a validar,a validar,a validar por fluxo dinamico,a validar,strings executaveis,confirmado por UI
GB_DadosNfe8,NFE,consulta/abre tela,Notas/Fiscal,a validar,,,a validar; preferir cancelamento logico,a validar,a validar,a validar por fluxo dinamico,a validar,strings executaveis,confirmado por UI
GB_EmiteProduto,NFE,relatorio/impressao,Nao classificado,a validar,,,a validar; preferir cancelamento logico,a validar,a validar,a validar por fluxo dinamico,a validar,strings executaveis,confirmado por UI
Gera Nota com Desconto,NFE,consulta/abre tela,Nao classificado,a validar,,,a validar; preferir cancelamento logico,a validar,a validar,a validar por fluxo dinamico,a validar,strings executaveis,confirmado por UI
GerarNota,NFE,consulta/abre tela,Nao classificado,a validar,,,a validar; preferir cancelamento logico,a validar,a validar,a validar por fluxo dinamico,a validar,strings executaveis,confirmado por UI
GetMenuItemCount,NFE,consulta/abre tela,Nao classificado,a validar,,,a validar; preferir cancelamento logico,a validar,a validar,a validar por fluxo dinamico,a validar,strings executaveis,confirmado por UI
GetMenuItemID,NFE,consulta/abre tela,Nao classificado,a validar,,,a validar; preferir cancelamento logico,a validar,a validar,a validar por fluxo dinamico,a validar,strings executaveis,confirmado por UI
GetMenuItemInfoW,NFE,consulta/abre tela,Nao classificado,a validar,,,a validar; preferir cancelamento logico,a validar,a validar,a validar por fluxo dinamico,a validar,strings executaveis,confirmado por UI
IDOMNotationhL`,NFE,consulta/abre tela,Nao classificado,a validar,,,a validar; preferir cancelamento logico,a validar,a validar,a validar por fluxo dinamico,a validar,strings executaveis,confirmado por UI
Im_Senha,NFE,consulta/abre tela,Nao classificado,a validar,,,a validar; preferir cancelamento logico,a validar,a validar,a validar por fluxo dinamico,a validar,strings executaveis,confirmado por UI
Informe o nome do cliente,NFE,consulta/abre tela,Clientes,a validar,,,a validar; preferir cancelamento logico,a validar,a validar,a validar por fluxo dinamico,a validar,strings executaveis,confirmado por UI
Informe o Valor do Produto,NFE,consulta/abre tela,Nao classificado,a validar,,,a validar; preferir cancelamento logico,a validar,a validar,a validar por fluxo dinamico,a validar,strings executaveis,confirmado por UI
InsertMenuItemW,NFE,consulta/abre tela,Nao classificado,a validar,,,a validar; preferir cancelamento logico,a validar,a validar,a validar por fluxo dinamico,a validar,strings executaveis,confirmado por UI
IXMLAnnotatedItem`o`,NFE,consulta/abre tela,Nao classificado,a validar,,,a validar; preferir cancelamento logico,a validar,a validar,a validar por fluxo dinamico,a validar,strings executaveis,confirmado por UI
IXMLAnnotation`o`,NFE,consulta/abre tela,Nao classificado,a validar,,,a validar; preferir cancelamento logico,a validar,a validar,a validar por fluxo dinamico,a validar,strings executaveis,confirmado por UI
"IXMLAnnotationItems,_`",NFE,consulta/abre tela,Nao classificado,a validar,,,a validar; preferir cancelamento logico,a validar,a validar,a validar por fluxo dinamico,a validar,strings executaveis,confirmado por UI
IXMLDOMNotation,NFE,consulta/abre tela,Nao classificado,a validar,,,a validar; preferir cancelamento logico,a validar,a validar,a validar por fluxo dinamico,a validar,strings executaveis,confirmado por UI
IXMLNotation,NFE,consulta/abre tela,Nao classificado,a validar,,,a validar; preferir cancelamento logico,a validar,a validar,a validar por fluxo dinamico,a validar,strings executaveis,confirmado por UI
IXMLNotationDefs,NFE,consulta/abre tela,Nao classificado,a validar,,,a validar; preferir cancelamento logico,a validar,a validar,a validar por fluxo dinamico,a validar,strings executaveis,confirmado por UI
Lb_Consulta,NFE,consulta/abre tela,Nao classificado,a validar,,,a validar; preferir cancelamento logico,a validar,a validar,a validar por fluxo dinamico,a validar,strings executaveis,confirmado por UI
Lb_TitSenha,NFE,consulta/abre tela,Nao classificado,a validar,,,a validar; preferir cancelamento logico,a validar,a validar,a validar por fluxo dinamico,a validar,strings executaveis,confirmado por UI
MenuItem,NFE,consulta/abre tela,Nao classificado,a validar,,,a validar; preferir cancelamento logico,a validar,a validar,a validar por fluxo dinamico,a validar,strings executaveis,confirmado por UI
MSAttribute,NFE,consulta/abre tela,Notas/Fiscal,a validar,,,a validar; preferir cancelamento logico,a validar,a validar,a validar por fluxo dinamico,a validar,strings executaveis,confirmado por UI
MSNotation,NFE,consulta/abre tela,Nao classificado,a validar,,,a validar; preferir cancelamento logico,a validar,a validar,a validar por fluxo dinamico,a validar,strings executaveis,confirmado por UI
multipart/related,NFE,relatorio/impressao,Nao classificado,a validar,,,a validar; preferir cancelamento logico,a validar,a validar,a validar por fluxo dinamico,a validar,strings executaveis,confirmado por UI
MustActivateMenuItem,NFE,consulta/abre tela,Nao classificado,a validar,,,a validar; preferir cancelamento logico,a validar,a validar,a validar por fluxo dinamico,a validar,strings executaveis,confirmado por UI
Nome Cliente,NFE,consulta/abre tela,Clientes,a validar,,,a validar; preferir cancelamento logico,a validar,a validar,a validar por fluxo dinamico,a validar,strings executaveis,confirmado por UI
ntNotation,NFE,consulta/abre tela,Nao classificado,a validar,,,a validar; preferir cancelamento logico,a validar,a validar,a validar por fluxo dinamico,a validar,strings executaveis,confirmado por UI
O Cliente possui dados com preenchimentos incorretos mas que,NFE,consulta/abre tela,Clientes,a validar,,,a validar; preferir cancelamento logico,a validar,a validar,a validar por fluxo dinamico,a validar,strings executaveis,confirmado por UI
"O Cliente possui dados com preenchimentos incorretos, que n",NFE,consulta/abre tela,Clientes,a validar,,,a validar; preferir cancelamento logico,a validar,a validar,a validar por fluxo dinamico,a validar,strings executaveis,confirmado por UI
o do produto?,NFE,consulta/abre tela,Nao classificado,a validar,,,a validar; preferir cancelamento logico,a validar,a validar,a validar por fluxo dinamico,a validar,strings executaveis,confirmado por UI
o Ginfes,NFE,consulta/abre tela,Notas/Fiscal,a validar,,,a validar; preferir cancelamento logico,a validar,a validar,a validar por fluxo dinamico,a validar,strings executaveis,confirmado por UI
o Municipal (Nota tipo NFSe),NFE,consulta/abre tela,Nao classificado,a validar,,,a validar; preferir cancelamento logico,a validar,a validar,a validar por fluxo dinamico,a validar,strings executaveis,confirmado por UI
ObjectMenuItem,NFE,consulta/abre tela,Nao classificado,a validar,,,a validar; preferir cancelamento logico,a validar,a validar,a validar por fluxo dinamico,a validar,strings executaveis,confirmado por UI
ObterNotaRetorno,NFE,consulta/abre tela,Nao classificado,a validar,,,a validar; preferir cancelamento logico,a validar,a validar,a validar por fluxo dinamico,a validar,strings executaveis,confirmado por UI
Pago - Estoque,NFE,financeiro/fechamento,Financeiro,a validar,,a validar,a validar; preferir cancelamento logico,a validar,a validar,a validar por fluxo dinamico,a validar,strings executaveis,confirmado por UI
piSeqNFE,NFE,consulta/abre tela,Notas/Fiscal,a validar,,,a validar; preferir cancelamento logico,a validar,a validar,a validar por fluxo dinamico,a validar,strings executaveis,confirmado por UI
Pm_ConsultaNFE,NFE,consulta/abre tela,Notas/Fiscal,a validar,,,a validar; preferir cancelamento logico,a validar,a validar,a validar por fluxo dinamico,a validar,strings executaveis,confirmado por UI
Pm_ConsultaNFE$,NFE,consulta/abre tela,Notas/Fiscal,a validar,,,a validar; preferir cancelamento logico,a validar,a validar,a validar por fluxo dinamico,a validar,strings executaveis,confirmado por UI
Pn_Inferior,NFE,consulta/abre tela,Notas/Fiscal,a validar,,,a validar; preferir cancelamento logico,a validar,a validar,a validar por fluxo dinamico,a validar,strings executaveis,confirmado por UI
Procura de Cadastro,NFE,inclusao,Nao classificado,a validar,a validar,,a validar; preferir cancelamento logico,a validar,a validar,a validar por fluxo dinamico,a validar,strings executaveis,confirmado por UI
Relationship,NFE,relatorio/impressao,Nao classificado,a validar,,,a validar; preferir cancelamento logico,a validar,a validar,a validar por fluxo dinamico,a validar,strings executaveis,confirmado por UI
RetornoNota,NFE,consulta/abre tela,Nao classificado,a validar,,,a validar; preferir cancelamento logico,a validar,a validar,a validar por fluxo dinamico,a validar,strings executaveis,confirmado por UI
RG_TipoNota,NFE,consulta/abre tela,Nao classificado,a validar,,,a validar; preferir cancelamento logico,a validar,a validar,a validar por fluxo dinamico,a validar,strings executaveis,confirmado por UI
RG_TipoNota4,NFE,consulta/abre tela,Nao classificado,a validar,,,a validar; preferir cancelamento logico,a validar,a validar,a validar por fluxo dinamico,a validar,strings executaveis,confirmado por UI
RG_TipoNotaClick,NFE,consulta/abre tela,Nao classificado,a validar,,,a validar; preferir cancelamento logico,a validar,a validar,a validar por fluxo dinamico,a validar,strings executaveis,confirmado por UI
RightClickCancels,NFE,cancelamento/exclusao,Ocorrencias/Auditoria,a validar,,a validar,a validar; preferir cancelamento logico,a validar,a validar,a validar por fluxo dinamico,a validar,strings executaveis,confirmado por UI
RPSs que estiverem com cadastros incompletos n,NFE,inclusao,Nao classificado,a validar,a validar,,a validar; preferir cancelamento logico,a validar,a validar,a validar por fluxo dinamico,a validar,strings executaveis,confirmado por UI
SB_CancelaClick,NFE,cancelamento/exclusao,Ocorrencias/Auditoria,a validar,,a validar,a validar; preferir cancelamento logico,a validar,a validar,a validar por fluxo dinamico,a validar,strings executaveis,confirmado por UI
SB_CancelaPacoteClick,NFE,cancelamento/exclusao,Ocorrencias/Auditoria,a validar,,a validar,a validar; preferir cancelamento logico,a validar,a validar,a validar por fluxo dinamico,a validar,strings executaveis,confirmado por UI
SB_CancelarClick,NFE,cancelamento/exclusao,Ocorrencias/Auditoria,a validar,,a validar,a validar; preferir cancelamento logico,a validar,a validar,a validar por fluxo dinamico,a validar,strings executaveis,confirmado por UI
Sb_RolagemBaixoClick,NFE,consulta/abre tela,Nao classificado,a validar,,,a validar; preferir cancelamento logico,a validar,a validar,a validar por fluxo dinamico,a validar,strings executaveis,confirmado por UI
Sb_RolagemCimaClick,NFE,consulta/abre tela,Nao classificado,a validar,,,a validar; preferir cancelamento logico,a validar,a validar,a validar por fluxo dinamico,a validar,strings executaveis,confirmado por UI
"And (CodSatCla=""",SAT,consulta/abre tela,Notas/Fiscal,a validar,,,a validar; preferir cancelamento logico,a validar,a validar,a validar por fluxo dinamico,a validar,strings executaveis,confirmado por UI
"And (not(M.CodSatSit=""B""))",SAT,consulta/abre tela,Notas/Fiscal,a validar,,,a validar; preferir cancelamento logico,a validar,a validar,a validar por fluxo dinamico,a validar,strings executaveis,confirmado por UI
"And M.CodSatTipS=""",SAT,consulta/abre tela,Notas/Fiscal,a validar,,,a validar; preferir cancelamento logico,a validar,a validar,a validar por fluxo dinamico,a validar,strings executaveis,confirmado por UI
"And M.SatPara=""",SAT,consulta/abre tela,Notas/Fiscal,a validar,,,a validar; preferir cancelamento logico,a validar,a validar,a validar por fluxo dinamico,a validar,strings executaveis,confirmado por UI
"((S.CodUsuarioResp=""",SAT,consulta/abre tela,Nao classificado,a validar,,,a validar; preferir cancelamento logico,a validar,a validar,a validar por fluxo dinamico,a validar,strings executaveis,confirmado por UI
&Cadastros,SAT,inclusao,Nao classificado,a validar,a validar,,a validar; preferir cancelamento logico,a validar,a validar,a validar por fluxo dinamico,a validar,strings executaveis,confirmado por UI
=> Grupo de Clientes,SAT,consulta/abre tela,Clientes,a validar,,,a validar; preferir cancelamento logico,a validar,a validar,a validar por fluxo dinamico,a validar,strings executaveis,confirmado por UI
Cliente:,SAT,consulta/abre tela,Clientes,a validar,,,a validar; preferir cancelamento logico,a validar,a validar,a validar por fluxo dinamico,a validar,strings executaveis,confirmado por UI
- Cliente:,SAT,consulta/abre tela,Clientes,a validar,,,a validar; preferir cancelamento logico,a validar,a validar,a validar por fluxo dinamico,a validar,strings executaveis,confirmado por UI
- Usuario:,SAT,consulta/abre tela,Nao classificado,a validar,,,a validar; preferir cancelamento logico,a validar,a validar,a validar por fluxo dinamico,a validar,strings executaveis,confirmado por UI
|Grupo em que pertence o cliente,SAT,consulta/abre tela,Clientes,a validar,,,a validar; preferir cancelamento logico,a validar,a validar,a validar por fluxo dinamico,a validar,strings executaveis,confirmado por UI
"and (C.ResUsuario=""",SAT,consulta/abre tela,Nao classificado,a validar,,,a validar; preferir cancelamento logico,a validar,a validar,a validar por fluxo dinamico,a validar,strings executaveis,confirmado por UI
"and (M.CodSatCla=""",SAT,consulta/abre tela,Notas/Fiscal,a validar,,,a validar; preferir cancelamento logico,a validar,a validar,a validar por fluxo dinamico,a validar,strings executaveis,confirmado por UI
"and (M.CodSatSit=""",SAT,consulta/abre tela,Notas/Fiscal,a validar,,,a validar; preferir cancelamento logico,a validar,a validar,a validar por fluxo dinamico,a validar,strings executaveis,confirmado por UI
"and (M.CodSatSubC=""",SAT,consulta/abre tela,Notas/Fiscal,a validar,,,a validar; preferir cancelamento logico,a validar,a validar,a validar por fluxo dinamico,a validar,strings executaveis,confirmado por UI
"and (M.CodSatTip=""",SAT,consulta/abre tela,Notas/Fiscal,a validar,,,a validar; preferir cancelamento logico,a validar,a validar,a validar por fluxo dinamico,a validar,strings executaveis,confirmado por UI
"and (M.CodSatTipS=""",SAT,consulta/abre tela,Notas/Fiscal,a validar,,,a validar; preferir cancelamento logico,a validar,a validar,a validar por fluxo dinamico,a validar,strings executaveis,confirmado por UI
"and (M.CodUsuario=""",SAT,consulta/abre tela,Nao classificado,a validar,,,a validar; preferir cancelamento logico,a validar,a validar,a validar por fluxo dinamico,a validar,strings executaveis,confirmado por UI
"and (M.SatPara=""",SAT,consulta/abre tela,Notas/Fiscal,a validar,,,a validar; preferir cancelamento logico,a validar,a validar,a validar por fluxo dinamico,a validar,strings executaveis,confirmado por UI
"and I.CodUsuario=""",SAT,consulta/abre tela,Nao classificado,a validar,,,a validar; preferir cancelamento logico,a validar,a validar,a validar por fluxo dinamico,a validar,strings executaveis,confirmado por UI
"And (not(M.CodSatSit=""",SAT,consulta/abre tela,Notas/Fiscal,a validar,,,a validar; preferir cancelamento logico,a validar,a validar,a validar por fluxo dinamico,a validar,strings executaveis,confirmado por UI
"and ((not (M.CodSatTip=""X"")) or (M.CodSatTip is Null))",SAT,consulta/abre tela,Notas/Fiscal,a validar,,,a validar; preferir cancelamento logico,a validar,a validar,a validar por fluxo dinamico,a validar,strings executaveis,confirmado por UI
"and ((not(M.CodSatTip=""",SAT,consulta/abre tela,Notas/Fiscal,a validar,,,a validar; preferir cancelamento logico,a validar,a validar,a validar por fluxo dinamico,a validar,strings executaveis,confirmado por UI
"and (C.Desativado=""S"")",SAT,consulta/abre tela,Notas/Fiscal,a validar,,,a validar; preferir cancelamento logico,a validar,a validar,a validar por fluxo dinamico,a validar,strings executaveis,confirmado por UI
"And (CodUsuario=""",SAT,consulta/abre tela,Nao classificado,a validar,,,a validar; preferir cancelamento logico,a validar,a validar,a validar por fluxo dinamico,a validar,strings executaveis,confirmado por UI
"and (I.Desativado=""C"")",SAT,consulta/abre tela,Notas/Fiscal,a validar,,,a validar; preferir cancelamento logico,a validar,a validar,a validar por fluxo dinamico,a validar,strings executaveis,confirmado por UI
"and (I.Desativado=""S"")",SAT,consulta/abre tela,Notas/Fiscal,a validar,,,a validar; preferir cancelamento logico,a validar,a validar,a validar por fluxo dinamico,a validar,strings executaveis,confirmado por UI
"and (not (M.CodSatTip=""X""))",SAT,consulta/abre tela,Notas/Fiscal,a validar,,,a validar; preferir cancelamento logico,a validar,a validar,a validar por fluxo dinamico,a validar,strings executaveis,confirmado por UI
"and (not(C.Desativado=""S""))",SAT,consulta/abre tela,Notas/Fiscal,a validar,,,a validar; preferir cancelamento logico,a validar,a validar,a validar por fluxo dinamico,a validar,strings executaveis,confirmado por UI
"And (S.CodSat=""",SAT,consulta/abre tela,Notas/Fiscal,a validar,,,a validar; preferir cancelamento logico,a validar,a validar,a validar por fluxo dinamico,a validar,strings executaveis,confirmado por UI
"And (S.CodUsuario=""",SAT,consulta/abre tela,Nao classificado,a validar,,,a validar; preferir cancelamento logico,a validar,a validar,a validar por fluxo dinamico,a validar,strings executaveis,confirmado por UI
"And (S.ResUsuario=""",SAT,consulta/abre tela,Nao classificado,a validar,,,a validar; preferir cancelamento logico,a validar,a validar,a validar por fluxo dinamico,a validar,strings executaveis,confirmado por UI
"And (Z.CodUsuario=""",SAT,consulta/abre tela,Nao classificado,a validar,,,a validar; preferir cancelamento logico,a validar,a validar,a validar por fluxo dinamico,a validar,strings executaveis,confirmado por UI
"And (Z.SatPara=""",SAT,consulta/abre tela,Notas/Fiscal,a validar,,,a validar; preferir cancelamento logico,a validar,a validar,a validar por fluxo dinamico,a validar,strings executaveis,confirmado por UI
AUDITANDO USUARIO,SAT,consulta/abre tela,Nao classificado,a validar,,,a validar; preferir cancelamento logico,a validar,a validar,a validar por fluxo dinamico,a validar,strings executaveis,confirmado por UI
considerado a data do cadastro do mesmo,SAT,inclusao,Nao classificado,a validar,a validar,,a validar; preferir cancelamento logico,a validar,a validar,a validar por fluxo dinamico,a validar,strings executaveis,confirmado por UI
deseja imprimir o relat,SAT,relatorio/impressao,Nao classificado,a validar,,,a validar; preferir cancelamento logico,a validar,a validar,a validar por fluxo dinamico,a validar,strings executaveis,confirmado por UI
do SAT,SAT,consulta/abre tela,Notas/Fiscal,a validar,,,a validar; preferir cancelamento logico,a validar,a validar,a validar por fluxo dinamico,a validar,strings executaveis,confirmado por UI
"FOI ANALISADA, FAVOR COMUNICAR O CLIENTE -",SAT,consulta/abre tela,Clientes,a validar,,,a validar; preferir cancelamento logico,a validar,a validar,a validar por fluxo dinamico,a validar,strings executaveis,confirmado por UI
"FOI SOLUCIONADA, FAVOR COMUNICAR O CLIENTE -",SAT,consulta/abre tela,Clientes,a validar,,,a validar; preferir cancelamento logico,a validar,a validar,a validar por fluxo dinamico,a validar,strings executaveis,confirmado por UI
IndividualAjustedeCadastro1Click,SAT,inclusao,Nao classificado,a validar,a validar,,a validar; preferir cancelamento logico,a validar,a validar,a validar por fluxo dinamico,a validar,strings executaveis,confirmado por UI
"IndividualAjustedeCadastro1Click""",SAT,inclusao,Nao classificado,a validar,a validar,,a validar; preferir cancelamento logico,a validar,a validar,a validar por fluxo dinamico,a validar,strings executaveis,confirmado por UI
"On(C.CodCli=G.Chave1 And G.Arquivo=""CLIENTES"")",SAT,consulta/abre tela,Clientes,a validar,,,a validar; preferir cancelamento logico,a validar,a validar,a validar por fluxo dinamico,a validar,strings executaveis,confirmado por UI
"Or (M.CodSatTipS=""",SAT,consulta/abre tela,Notas/Fiscal,a validar,,,a validar; preferir cancelamento logico,a validar,a validar,a validar por fluxo dinamico,a validar,strings executaveis,confirmado por UI
"order By Y.NomCli,Z.CodUsuarioMel",SAT,consulta/abre tela,Nao classificado,a validar,,,a validar; preferir cancelamento logico,a validar,a validar,a validar por fluxo dinamico,a validar,strings executaveis,confirmado por UI
"order By Z.CodSistema,Z.CodUsuarioMel",SAT,consulta/abre tela,Configuracao/Admin,a validar,,,a validar; preferir cancelamento logico,a validar,a validar,a validar por fluxo dinamico,a validar,strings executaveis,confirmado por UI
order By Z.CodUsuarioMel,SAT,consulta/abre tela,Nao classificado,a validar,,,a validar; preferir cancelamento logico,a validar,a validar,a validar por fluxo dinamico,a validar,strings executaveis,confirmado por UI
"order By Z.SatPara,Y.Nom",SAT,consulta/abre tela,Notas/Fiscal,a validar,,,a validar; preferir cancelamento logico,a validar,a validar,a validar por fluxo dinamico,a validar,strings executaveis,confirmado por UI
"order By Z.SatPara,Z.CodOcorCla",SAT,consulta/abre tela,Movimentos/OS/ROL,a validar,,,a validar; preferir cancelamento logico,a validar,a validar,a validar por fluxo dinamico,a validar,strings executaveis,confirmado por UI
"order By Z.SatPara,Z.CodOcorSubC",SAT,consulta/abre tela,Notas/Fiscal,a validar,,,a validar; preferir cancelamento logico,a validar,a validar,a validar por fluxo dinamico,a validar,strings executaveis,confirmado por UI
"order By Z.SatPara,Z.DatLan",SAT,consulta/abre tela,Notas/Fiscal,a validar,,,a validar; preferir cancelamento logico,a validar,a validar,a validar por fluxo dinamico,a validar,strings executaveis,confirmado por UI
"order By Z.SatPara,Z.DatPrevSol",SAT,consulta/abre tela,Notas/Fiscal,a validar,,,a validar; preferir cancelamento logico,a validar,a validar,a validar por fluxo dinamico,a validar,strings executaveis,confirmado por UI
"order By Z.SatPara,Z.SeqOcor",SAT,consulta/abre tela,Notas/Fiscal,a validar,,,a validar; preferir cancelamento logico,a validar,a validar,a validar por fluxo dinamico,a validar,strings executaveis,confirmado por UI
Qry_AlertaCodSatTip.DisplayWidth,SAT,consulta/abre tela,Notas/Fiscal,a validar,,,a validar; preferir cancelamento logico,a validar,a validar,a validar por fluxo dinamico,a validar,strings executaveis,confirmado por UI
SAT -,SAT,consulta/abre tela,Notas/Fiscal,a validar,,,a validar; preferir cancelamento logico,a validar,a validar,a validar por fluxo dinamico,a validar,strings executaveis,confirmado por UI
SB_ImportaClienteFidelidadeClick,SAT,consulta/abre tela,Nao classificado,a validar,,,a validar; preferir cancelamento logico,a validar,a validar,a validar por fluxo dinamico,a validar,strings executaveis,confirmado por UI
"Select CodUsuario From """,SAT,consulta/abre tela,Nao classificado,a validar,,,a validar; preferir cancelamento logico,a validar,a validar,a validar por fluxo dinamico,a validar,strings executaveis,confirmado por UI
"Select CodUsuario From "":",SAT,consulta/abre tela,Nao classificado,a validar,,,a validar; preferir cancelamento logico,a validar,a validar,a validar por fluxo dinamico,a validar,strings executaveis,confirmado por UI
"Where (F.Arquivo=""CLIENTES"") Order By Campo",SAT,consulta/abre tela,Clientes,a validar,,,a validar; preferir cancelamento logico,a validar,a validar,a validar por fluxo dinamico,a validar,strings executaveis,confirmado por UI
"X Where ((not(Desativado=""S"")) or (Desativado is null))",SAT,consulta/abre tela,Notas/Fiscal,a validar,,,a validar; preferir cancelamento logico,a validar,a validar,a validar por fluxo dinamico,a validar,strings executaveis,confirmado por UI
_pn_CadastroGrid,SAT,inclusao,Nao classificado,a validar,a validar,,a validar; preferir cancelamento logico,a validar,a validar,a validar por fluxo dinamico,a validar,strings executaveis,confirmado por UI
_pn_SatGrid,SAT,consulta/abre tela,Notas/Fiscal,a validar,,,a validar; preferir cancelamento logico,a validar,a validar,a validar por fluxo dinamico,a validar,strings executaveis,confirmado por UI
-Cadastro:,SAT,inclusao,Nao classificado,a validar,a validar,,a validar; preferir cancelamento logico,a validar,a validar,a validar por fluxo dinamico,a validar,strings executaveis,confirmado por UI
-Cliente:,SAT,consulta/abre tela,Clientes,a validar,,,a validar; preferir cancelamento logico,a validar,a validar,a validar por fluxo dinamico,a validar,strings executaveis,confirmado por UI
-Cliente.:,SAT,consulta/abre tela,Clientes,a validar,,,a validar; preferir cancelamento logico,a validar,a validar,a validar por fluxo dinamico,a validar,strings executaveis,confirmado por UI
-Clientes:,SAT,consulta/abre tela,Clientes,a validar,,,a validar; preferir cancelamento logico,a validar,a validar,a validar por fluxo dinamico,a validar,strings executaveis,confirmado por UI
-Grupo Usuarios:,SAT,consulta/abre tela,Usuarios/Permissoes,a validar,,,a validar; preferir cancelamento logico,a validar,a validar,a validar por fluxo dinamico,a validar,strings executaveis,confirmado por UI
-Usuario:,SAT,consulta/abre tela,Nao classificado,a validar,,,a validar; preferir cancelamento logico,a validar,a validar,a validar por fluxo dinamico,a validar,strings executaveis,confirmado por UI
",ClientesFilPad_F",SAT,consulta/abre tela,Nao classificado,a validar,,,a validar; preferir cancelamento logico,a validar,a validar,a validar por fluxo dinamico,a validar,strings executaveis,confirmado por UI
",SeqOcor,SitOcor,CodUsuario,Obs,DatLan,HorLan,DatPrevSol,",SAT,consulta/abre tela,Ocorrencias/Auditoria,a validar,,,a validar; preferir cancelamento logico,a validar,a validar,a validar por fluxo dinamico,a validar,strings executaveis,confirmado por UI
",SeqSat",SAT,consulta/abre tela,Notas/Fiscal,a validar,,,a validar; preferir cancelamento logico,a validar,a validar,a validar por fluxo dinamico,a validar,strings executaveis,confirmado por UI
:\EquipExe\EquSat,SAT,consulta/abre tela,Notas/Fiscal,a validar,,,a validar; preferir cancelamento logico,a validar,a validar,a validar por fluxo dinamico,a validar,strings executaveis,confirmado por UI
:\EquipExe\EquSat.Ini,SAT,consulta/abre tela,Notas/Fiscal,a validar,,,a validar; preferir cancelamento logico,a validar,a validar,a validar por fluxo dinamico,a validar,strings executaveis,confirmado por UI
:\EquipExe\Exe\Senhas.Exe,SAT,consulta/abre tela,Usuarios/Permissoes,a validar,,,a validar; preferir cancelamento logico,a validar,a validar,a validar por fluxo dinamico,a validar,strings executaveis,confirmado por UI
:\EquipExe\Figuras\Relatorio.rav,SAT,relatorio/impressao,Nao classificado,a validar,,,a validar; preferir cancelamento logico,a validar,a validar,a validar por fluxo dinamico,a validar,strings executaveis,confirmado por UI
":Anotacoes"" A",SAT,consulta/abre tela,Ocorrencias/Auditoria,a validar,,,a validar; preferir cancelamento logico,a validar,a validar,a validar por fluxo dinamico,a validar,strings executaveis,confirmado por UI
":CadSatTip"" C",SAT,consulta/abre tela,Notas/Fiscal,a validar,,,a validar; preferir cancelamento logico,a validar,a validar,a validar por fluxo dinamico,a validar,strings executaveis,confirmado por UI
":Clientes"" C",SAT,consulta/abre tela,Clientes,a validar,,,a validar; preferir cancelamento logico,a validar,a validar,a validar por fluxo dinamico,a validar,strings executaveis,confirmado por UI
":Clientes"" I",SAT,consulta/abre tela,Clientes,a validar,,,a validar; preferir cancelamento logico,a validar,a validar,a validar por fluxo dinamico,a validar,strings executaveis,confirmado por UI
":Clientes"" Y",SAT,consulta/abre tela,Clientes,a validar,,,a validar; preferir cancelamento logico,a validar,a validar,a validar por fluxo dinamico,a validar,strings executaveis,confirmado por UI
:MovSat,SAT,consulta/abre tela,Notas/Fiscal,a validar,,,a validar; preferir cancelamento logico,a validar,a validar,a validar por fluxo dinamico,a validar,strings executaveis,confirmado por UI
":MovSatAle"" M",SAT,consulta/abre tela,Notas/Fiscal,a validar,,,a validar; preferir cancelamento logico,a validar,a validar,a validar por fluxo dinamico,a validar,strings executaveis,confirmado por UI
":MovSatAle"" A",SAT,consulta/abre tela,Notas/Fiscal,a validar,,,a validar; preferir cancelamento logico,a validar,a validar,a validar por fluxo dinamico,a validar,strings executaveis,confirmado por UI
":MovSatCli""",SAT,consulta/abre tela,Notas/Fiscal,a validar,,,a validar; preferir cancelamento logico,a validar,a validar,a validar por fluxo dinamico,a validar,strings executaveis,confirmado por UI
":MovSatCli"" M,",SAT,consulta/abre tela,Notas/Fiscal,a validar,,,a validar; preferir cancelamento logico,a validar,a validar,a validar por fluxo dinamico,a validar,strings executaveis,confirmado por UI
":MovSatCli"" M",SAT,consulta/abre tela,Notas/Fiscal,a validar,,,a validar; preferir cancelamento logico,a validar,a validar,a validar por fluxo dinamico,a validar,strings executaveis,confirmado por UI
":MovSatFor"" M,",SAT,consulta/abre tela,Notas/Fiscal,a validar,,,a validar; preferir cancelamento logico,a validar,a validar,a validar por fluxo dinamico,a validar,strings executaveis,confirmado por UI
":MovSatInt"" M",SAT,consulta/abre tela,Notas/Fiscal,a validar,,,a validar; preferir cancelamento logico,a validar,a validar,a validar por fluxo dinamico,a validar,strings executaveis,confirmado por UI
":MovSatInt"" M,",SAT,consulta/abre tela,Notas/Fiscal,a validar,,,a validar; preferir cancelamento logico,a validar,a validar,a validar por fluxo dinamico,a validar,strings executaveis,confirmado por UI
":SolAltSist"" where CodProSat =",SAT,consulta/abre tela,Notas/Fiscal,a validar,,,a validar; preferir cancelamento logico,a validar,a validar,a validar por fluxo dinamico,a validar,strings executaveis,confirmado por UI
":Usuarios"" U",SAT,consulta/abre tela,Usuarios/Permissoes,a validar,,,a validar; preferir cancelamento logico,a validar,a validar,a validar por fluxo dinamico,a validar,strings executaveis,confirmado por UI
!CadastrodeAjustesAutomticos1Click,SAT,inclusao,Nao classificado,a validar,a validar,,a validar; preferir cancelamento logico,a validar,a validar,a validar por fluxo dinamico,a validar,strings executaveis,confirmado por UI
!CadastrodeAjustesAutomticos1Click',SAT,inclusao,Nao classificado,a validar,a validar,,a validar; preferir cancelamento logico,a validar,a validar,a validar por fluxo dinamico,a validar,strings executaveis,confirmado por UI
!ClientesporSubClassificacao1Click,SAT,consulta/abre tela,Nao classificado,a validar,,,a validar; preferir cancelamento logico,a validar,a validar,a validar por fluxo dinamico,a validar,strings executaveis,confirmado por UI
!ClientesporSubClassificacao1Click',SAT,consulta/abre tela,Nao classificado,a validar,,,a validar; preferir cancelamento logico,a validar,a validar,a validar por fluxo dinamico,a validar,strings executaveis,confirmado por UI
!Importar Dados Cliente Fidelidade,SAT,consulta/abre tela,Clientes,a validar,,,a validar; preferir cancelamento logico,a validar,a validar,a validar por fluxo dinamico,a validar,strings executaveis,confirmado por UI
!Qry_AlertaCodUsuario.DisplayWidth,SAT,consulta/abre tela,Nao classificado,a validar,,,a validar; preferir cancelamento logico,a validar,a validar,a validar por fluxo dinamico,a validar,strings executaveis,confirmado por UI
!Qry_AlertaExportaSAT.DisplayLabel,SAT,consulta/abre tela,Notas/Fiscal,a validar,,,a validar; preferir cancelamento logico,a validar,a validar,a validar por fluxo dinamico,a validar,strings executaveis,confirmado por UI
!Qry_AlertaUsuarioReu.DisplayWidth,SAT,consulta/abre tela,Nao classificado,a validar,,,a validar; preferir cancelamento logico,a validar,a validar,a validar por fluxo dinamico,a validar,strings executaveis,confirmado por UI
!S:\EquipExe\Figuras\relatorio.rav,SAT,relatorio/impressao,Nao classificado,a validar,,,a validar; preferir cancelamento logico,a validar,a validar,a validar por fluxo dinamico,a validar,strings executaveis,confirmado por UI
.select * from ':ParadoxXInterbase:MovSatCli' M,SAT,consulta/abre tela,Notas/Fiscal,a validar,,,a validar; preferir cancelamento logico,a validar,a validar,a validar por fluxo dinamico,a validar,strings executaveis,confirmado por UI
".Select * From "":ParadoxXInterbase:MovSatAle"" A",SAT,consulta/abre tela,Notas/Fiscal,a validar,,,a validar; preferir cancelamento logico,a validar,a validar,a validar por fluxo dinamico,a validar,strings executaveis,confirmado por UI
".Select * From ""C:\Equipexe\Ger\Dados\Clientes""",SAT,consulta/abre tela,Clientes,a validar,,,a validar; preferir cancelamento logico,a validar,a validar,a validar por fluxo dinamico,a validar,strings executaveis,confirmado por UI
"'AJUSTES EQUIPE.""MovSatAle.DB"".CodSatTip",SAT,consulta/abre tela,Notas/Fiscal,a validar,,,a validar; preferir cancelamento logico,a validar,a validar,a validar por fluxo dinamico,a validar,strings executaveis,confirmado por UI
"'AJUSTES EQUIPE.""MovSatAle.DB"".DatAlerta",SAT,consulta/abre tela,Notas/Fiscal,a validar,,,a validar; preferir cancelamento logico,a validar,a validar,a validar por fluxo dinamico,a validar,strings executaveis,confirmado por UI
"'AJUSTES EQUIPE.""MovSatAle.DB"".HorAlerta",SAT,consulta/abre tela,Notas/Fiscal,a validar,,,a validar; preferir cancelamento logico,a validar,a validar,a validar por fluxo dinamico,a validar,strings executaveis,confirmado por UI
"'AJUSTES EQUIPE.""MovSatAle.DB"".SeqAlerta",SAT,consulta/abre tela,Notas/Fiscal,a validar,,,a validar; preferir cancelamento logico,a validar,a validar,a validar por fluxo dinamico,a validar,strings executaveis,confirmado por UI
"'AJUSTES EQUIPE.""MovSatAle.DB"".SitAlerta",SAT,consulta/abre tela,Notas/Fiscal,a validar,,,a validar; preferir cancelamento logico,a validar,a validar,a validar por fluxo dinamico,a validar,strings executaveis,confirmado por UI
'Base de Dados Salva na Pasta do Cliente,SAT,consulta/abre tela,Clientes,a validar,,,a validar; preferir cancelamento logico,a validar,a validar,a validar por fluxo dinamico,a validar,strings executaveis,confirmado por UI
"""'z:\EquipExe\Ger\Dados\Clientes' C",SAT,consulta/abre tela,Clientes,a validar,,,a validar; preferir cancelamento logico,a validar,a validar,a validar por fluxo dinamico,a validar,strings executaveis,confirmado por UI
""") And (M.CodSat=""",SAT,consulta/abre tela,Notas/Fiscal,a validar,,,a validar; preferir cancelamento logico,a validar,a validar,a validar por fluxo dinamico,a validar,strings executaveis,confirmado por UI
""") And (M.CodSat=S.Cod",SAT,consulta/abre tela,Notas/Fiscal,a validar,,,a validar; preferir cancelamento logico,a validar,a validar,a validar por fluxo dinamico,a validar,strings executaveis,confirmado por UI
""")) or (M.CodSatTip is Null))",SAT,consulta/abre tela,Notas/Fiscal,a validar,,,a validar; preferir cancelamento logico,a validar,a validar,a validar por fluxo dinamico,a validar,strings executaveis,confirmado por UI
(A.CodSat=C.CodCli),SAT,consulta/abre tela,Notas/Fiscal,a validar,,,a validar; preferir cancelamento logico,a validar,a validar,a validar por fluxo dinamico,a validar,strings executaveis,confirmado por UI
"(AJUSTES EQUIPE.""Anotacoes.DB"".CodUsuario",SAT,consulta/abre tela,Ocorrencias/Auditoria,a validar,,,a validar; preferir cancelamento logico,a validar,a validar,a validar por fluxo dinamico,a validar,strings executaveis,confirmado por UI
"(AJUSTES EQUIPE.""Anotacoes.DB"".ParUsuario",SAT,consulta/abre tela,Ocorrencias/Auditoria,a validar,,,a validar; preferir cancelamento logico,a validar,a validar,a validar por fluxo dinamico,a validar,strings executaveis,confirmado por UI
"(AJUSTES EQUIPE.""MovSatAle.DB"".CodUsuario",SAT,consulta/abre tela,Notas/Fiscal,a validar,,,a validar; preferir cancelamento logico,a validar,a validar,a validar por fluxo dinamico,a validar,strings executaveis,confirmado por UI
"(AJUSTES EQUIPE.""MovSatAle.DB"".ExportaSAT",SAT,consulta/abre tela,Notas/Fiscal,a validar,,,a validar; preferir cancelamento logico,a validar,a validar,a validar por fluxo dinamico,a validar,strings executaveis,confirmado por UI
(CodUsuario=',SAT,consulta/abre tela,Nao classificado,a validar,,,a validar; preferir cancelamento logico,a validar,a validar,a validar por fluxo dinamico,a validar,strings executaveis,confirmado por UI
(CodUsuarioResp = ''),SAT,consulta/abre tela,Nao classificado,a validar,,,a validar; preferir cancelamento logico,a validar,a validar,a validar por fluxo dinamico,a validar,strings executaveis,confirmado por UI
"(not( (C.CodCli=G.Chave1) And (G.Arquivo=""CLIENTES"") And (Not G.Campo is null) ))",SAT,consulta/abre tela,Clientes,a validar,,,a validar; preferir cancelamento logico,a validar,a validar,a validar por fluxo dinamico,a validar,strings executaveis,confirmado por UI
(Not(Cancelado='S')) And (ObsSatSubC = ',SAT,cancelamento/exclusao,Notas/Fiscal,a validar,,a validar,a validar; preferir cancelamento logico,a validar,a validar,a validar por fluxo dinamico,a validar,strings executaveis,confirmado por UI
(RCDRelatrioControleDesenvolvimento1Click,SAT,relatorio/impressao,Nao classificado,a validar,,,a validar; preferir cancelamento logico,a validar,a validar,a validar por fluxo dinamico,a validar,strings executaveis,confirmado por UI
) And (A.CodSat=C.CodCli),SAT,consulta/abre tela,Notas/Fiscal,a validar,,,a validar; preferir cancelamento logico,a validar,a validar,a validar por fluxo dinamico,a validar,strings executaveis,confirmado por UI
) And (M.SeqSat=S.SeqSat,SAT,consulta/abre tela,Notas/Fiscal,a validar,,,a validar; preferir cancelamento logico,a validar,a validar,a validar por fluxo dinamico,a validar,strings executaveis,confirmado por UI
[ Cadastros ],SAT,inclusao,Nao classificado,a validar,a validar,,a validar; preferir cancelamento logico,a validar,a validar,a validar por fluxo dinamico,a validar,strings executaveis,confirmado por UI
[ Financeiro ],SAT,consulta/abre tela,Nao classificado,a validar,,,a validar; preferir cancelamento logico,a validar,a validar,a validar por fluxo dinamico,a validar,strings executaveis,confirmado por UI
[UsuarioEquipe],SAT,consulta/abre tela,Nao classificado,a validar,,,a validar; preferir cancelamento logico,a validar,a validar,a validar por fluxo dinamico,a validar,strings executaveis,confirmado por UI
*'z:\EquipExe\Ger\Dados\Clientes' C Where,SAT,consulta/abre tela,Clientes,a validar,,,a validar; preferir cancelamento logico,a validar,a validar,a validar por fluxo dinamico,a validar,strings executaveis,confirmado por UI
*Cliente,SAT,consulta/abre tela,Clientes,a validar,,,a validar; preferir cancelamento logico,a validar,a validar,a validar por fluxo dinamico,a validar,strings executaveis,confirmado por UI
"\Anotacoes"" A",SAT,consulta/abre tela,Ocorrencias/Auditoria,a validar,,,a validar; preferir cancelamento logico,a validar,a validar,a validar por fluxo dinamico,a validar,strings executaveis,confirmado por UI
"\CadSatTip"" C",SAT,consulta/abre tela,Notas/Fiscal,a validar,,,a validar; preferir cancelamento logico,a validar,a validar,a validar por fluxo dinamico,a validar,strings executaveis,confirmado por UI
"\Clientes"" C",SAT,consulta/abre tela,Clientes,a validar,,,a validar; preferir cancelamento logico,a validar,a validar,a validar por fluxo dinamico,a validar,strings executaveis,confirmado por UI
"\Clientes"" I",SAT,consulta/abre tela,Clientes,a validar,,,a validar; preferir cancelamento logico,a validar,a validar,a validar por fluxo dinamico,a validar,strings executaveis,confirmado por UI
"\Clientes"" Y",SAT,consulta/abre tela,Clientes,a validar,,,a validar; preferir cancelamento logico,a validar,a validar,a validar por fluxo dinamico,a validar,strings executaveis,confirmado por UI
\MovSat,SAT,consulta/abre tela,Notas/Fiscal,a validar,,,a validar; preferir cancelamento logico,a validar,a validar,a validar por fluxo dinamico,a validar,strings executaveis,confirmado por UI
"\MovSatAle"" M",SAT,consulta/abre tela,Notas/Fiscal,a validar,,,a validar; preferir cancelamento logico,a validar,a validar,a validar por fluxo dinamico,a validar,strings executaveis,confirmado por UI
"\MovSatAle"" A",SAT,consulta/abre tela,Notas/Fiscal,a validar,,,a validar; preferir cancelamento logico,a validar,a validar,a validar por fluxo dinamico,a validar,strings executaveis,confirmado por UI
"\MovSatCli""",SAT,consulta/abre tela,Notas/Fiscal,a validar,,,a validar; preferir cancelamento logico,a validar,a validar,a validar por fluxo dinamico,a validar,strings executaveis,confirmado por UI
"\MovSatCli"" M,",SAT,consulta/abre tela,Notas/Fiscal,a validar,,,a validar; preferir cancelamento logico,a validar,a validar,a validar por fluxo dinamico,a validar,strings executaveis,confirmado por UI
"\MovSatCli"" M",SAT,consulta/abre tela,Notas/Fiscal,a validar,,,a validar; preferir cancelamento logico,a validar,a validar,a validar por fluxo dinamico,a validar,strings executaveis,confirmado por UI
"\MovSatFor"" M,",SAT,consulta/abre tela,Notas/Fiscal,a validar,,,a validar; preferir cancelamento logico,a validar,a validar,a validar por fluxo dinamico,a validar,strings executaveis,confirmado por UI
"\MovSatInt"" M",SAT,consulta/abre tela,Notas/Fiscal,a validar,,,a validar; preferir cancelamento logico,a validar,a validar,a validar por fluxo dinamico,a validar,strings executaveis,confirmado por UI
"\MovSatInt"" M,",SAT,consulta/abre tela,Notas/Fiscal,a validar,,,a validar; preferir cancelamento logico,a validar,a validar,a validar por fluxo dinamico,a validar,strings executaveis,confirmado por UI
\rcliente.txt,SAT,consulta/abre tela,Nao classificado,a validar,,,a validar; preferir cancelamento logico,a validar,a validar,a validar por fluxo dinamico,a validar,strings executaveis,confirmado por UI
"\Usuarios"" U",SAT,consulta/abre tela,Usuarios/Permissoes,a validar,,,a validar; preferir cancelamento logico,a validar,a validar,a validar por fluxo dinamico,a validar,strings executaveis,confirmado por UI
"&'z:\Equipexe\Sat\Filial\SolAltSist' S,",SAT,consulta/abre tela,Notas/Fiscal,a validar,,,a validar; preferir cancelamento logico,a validar,a validar,a validar por fluxo dinamico,a validar,strings executaveis,confirmado por UI
"&AJUSTES EQUIPE.""Anotacoes.DB"".DesAnota",SAT,consulta/abre tela,Ocorrencias/Auditoria,a validar,,,a validar; preferir cancelamento logico,a validar,a validar,a validar por fluxo dinamico,a validar,strings executaveis,confirmado por UI
"&AJUSTES EQUIPE.""Anotacoes.DB"".SeqAnota",SAT,consulta/abre tela,Ocorrencias/Auditoria,a validar,,,a validar; preferir cancelamento logico,a validar,a validar,a validar por fluxo dinamico,a validar,strings executaveis,confirmado por UI
"&AJUSTES EQUIPE.""Anotacoes.DB"".SitAnota",SAT,consulta/abre tela,Ocorrencias/Auditoria,a validar,,,a validar; preferir cancelamento logico,a validar,a validar,a validar por fluxo dinamico,a validar,strings executaveis,confirmado por UI
&Altera Cadastro,SAT,alteracao,Nao classificado,a validar,,a validar,a validar; preferir cancelamento logico,a validar,a validar,a validar por fluxo dinamico,a validar,strings executaveis,confirmado por UI
&Altera Clientes,SAT,alteracao,Clientes,a validar,,a validar,a validar; preferir cancelamento logico,a validar,a validar,a validar por fluxo dinamico,a validar,strings executaveis,confirmado por UI
&Anota,SAT,consulta/abre tela,Ocorrencias/Auditoria,a validar,,,a validar; preferir cancelamento logico,a validar,a validar,a validar por fluxo dinamico,a validar,strings executaveis,confirmado por UI
&Cadastro de Ajustes Autom,SAT,inclusao,Nao classificado,a validar,a validar,,a validar; preferir cancelamento logico,a validar,a validar,a validar por fluxo dinamico,a validar,strings executaveis,confirmado por UI
&Cancelamento,SAT,cancelamento/exclusao,Ocorrencias/Auditoria,a validar,,a validar,a validar; preferir cancelamento logico,a validar,a validar,a validar por fluxo dinamico,a validar,strings executaveis,confirmado por UI
&Cliente,SAT,consulta/abre tela,Clientes,a validar,,,a validar; preferir cancelamento logico,a validar,a validar,a validar por fluxo dinamico,a validar,strings executaveis,confirmado por UI
&Clientes,SAT,consulta/abre tela,Clientes,a validar,,,a validar; preferir cancelamento logico,a validar,a validar,a validar por fluxo dinamico,a validar,strings executaveis,confirmado por UI
&Consulta,SAT,consulta/abre tela,Nao classificado,a validar,,,a validar; preferir cancelamento logico,a validar,a validar,a validar por fluxo dinamico,a validar,strings executaveis,confirmado por UI
&Consulta Cadastro,SAT,inclusao,Nao classificado,a validar,a validar,,a validar; preferir cancelamento logico,a validar,a validar,a validar por fluxo dinamico,a validar,strings executaveis,confirmado por UI
&Consulta Clientes,SAT,consulta/abre tela,Clientes,a validar,,,a validar; preferir cancelamento logico,a validar,a validar,a validar por fluxo dinamico,a validar,strings executaveis,confirmado por UI
&Consulta Fornecedor,SAT,consulta/abre tela,Nao classificado,a validar,,,a validar; preferir cancelamento logico,a validar,a validar,a validar por fluxo dinamico,a validar,strings executaveis,confirmado por UI
&Consulta Interessado,SAT,consulta/abre tela,Nao classificado,a validar,,,a validar; preferir cancelamento logico,a validar,a validar,a validar por fluxo dinamico,a validar,strings executaveis,confirmado por UI
&Consulta Ocorr,SAT,consulta/abre tela,Ocorrencias/Auditoria,a validar,,,a validar; preferir cancelamento logico,a validar,a validar,a validar por fluxo dinamico,a validar,strings executaveis,confirmado por UI
&Consulta R,SAT,consulta/abre tela,Nao classificado,a validar,,,a validar; preferir cancelamento logico,a validar,a validar,a validar por fluxo dinamico,a validar,strings executaveis,confirmado por UI
&Consultas R,SAT,consulta/abre tela,Nao classificado,a validar,,,a validar; preferir cancelamento logico,a validar,a validar,a validar por fluxo dinamico,a validar,strings executaveis,confirmado por UI
&Consultas Rapidas,SAT,consulta/abre tela,Nao classificado,a validar,,,a validar; preferir cancelamento logico,a validar,a validar,a validar por fluxo dinamico,a validar,strings executaveis,confirmado por UI
&Entrega,SAT,consulta/abre tela,Nao classificado,a validar,,,a validar; preferir cancelamento logico,a validar,a validar,a validar por fluxo dinamico,a validar,strings executaveis,confirmado por UI
&Financeiro,SAT,consulta/abre tela,Nao classificado,a validar,,,a validar; preferir cancelamento logico,a validar,a validar,a validar por fluxo dinamico,a validar,strings executaveis,confirmado por UI
&Geral Ajuste de Cadastro,SAT,inclusao,Nao classificado,a validar,a validar,,a validar; preferir cancelamento logico,a validar,a validar,a validar por fluxo dinamico,a validar,strings executaveis,confirmado por UI
&Inclui Clientes,SAT,inclusao,Clientes,a validar,a validar,,a validar; preferir cancelamento logico,a validar,a validar,a validar por fluxo dinamico,a validar,strings executaveis,confirmado por UI
&Individual Ajuste de Cadastro,SAT,inclusao,Nao classificado,a validar,a validar,,a validar; preferir cancelamento logico,a validar,a validar,a validar por fluxo dinamico,a validar,strings executaveis,confirmado por UI
&Marca o Cadastro Impresso,SAT,inclusao,Produtos/Servicos,a validar,a validar,,a validar; preferir cancelamento logico,a validar,a validar,a validar por fluxo dinamico,a validar,strings executaveis,confirmado por UI
&Menu de Clientes,SAT,consulta/abre tela,Clientes,a validar,,,a validar; preferir cancelamento logico,a validar,a validar,a validar por fluxo dinamico,a validar,strings executaveis,confirmado por UI
&pk_gera_SeqSat=,SAT,consulta/abre tela,Notas/Fiscal,a validar,,,a validar; preferir cancelamento logico,a validar,a validar,a validar por fluxo dinamico,a validar,strings executaveis,confirmado por UI
&Procura Cadastro,SAT,inclusao,Nao classificado,a validar,a validar,,a validar; preferir cancelamento logico,a validar,a validar,a validar por fluxo dinamico,a validar,strings executaveis,confirmado por UI
&Relat,SAT,relatorio/impressao,Nao classificado,a validar,,,a validar; preferir cancelamento logico,a validar,a validar,a validar por fluxo dinamico,a validar,strings executaveis,confirmado por UI
&Senhas,SAT,consulta/abre tela,Usuarios/Permissoes,a validar,,,a validar; preferir cancelamento logico,a validar,a validar,a validar por fluxo dinamico,a validar,strings executaveis,confirmado por UI
#CancelamentodeCartoFidelidade1Click,SAT,cancelamento/exclusao,Ocorrencias/Auditoria,a validar,,a validar,a validar; preferir cancelamento logico,a validar,a validar,a validar por fluxo dinamico,a validar,strings executaveis,confirmado por UI
#RCDRelatrioControleDesenvolvimento1,SAT,relatorio/impressao,Nao classificado,a validar,,,a validar; preferir cancelamento logico,a validar,a validar,a validar por fluxo dinamico,a validar,strings executaveis,confirmado por UI
"%'z:\EquipExe\Sat\Filial\MovSatCli' M,",SAT,consulta/abre tela,Notas/Fiscal,a validar,,,a validar; preferir cancelamento logico,a validar,a validar,a validar por fluxo dinamico,a validar,strings executaveis,confirmado por UI
<Cadastro n,SAT,inclusao,Nao classificado,a validar,a validar,,a validar; preferir cancelamento logico,a validar,a validar,a validar por fluxo dinamico,a validar,strings executaveis,confirmado por UI
<Nome do Cliente>,SAT,consulta/abre tela,Clientes,a validar,,,a validar; preferir cancelamento logico,a validar,a validar,a validar por fluxo dinamico,a validar,strings executaveis,confirmado por UI
<Produto n,SAT,consulta/abre tela,Nao classificado,a validar,,,a validar; preferir cancelamento logico,a validar,a validar,a validar por fluxo dinamico,a validar,strings executaveis,confirmado por UI
=> Data do Cadastro,SAT,inclusao,Nao classificado,a validar,a validar,,a validar; preferir cancelamento logico,a validar,a validar,a validar por fluxo dinamico,a validar,strings executaveis,confirmado por UI
=> Grupo de Clientes 2,SAT,consulta/abre tela,Clientes,a validar,,,a validar; preferir cancelamento logico,a validar,a validar,a validar por fluxo dinamico,a validar,strings executaveis,confirmado por UI
|LogoMarca do cliente,SAT,consulta/abre tela,Clientes,a validar,,,a validar; preferir cancelamento logico,a validar,a validar,a validar por fluxo dinamico,a validar,strings executaveis,confirmado por UI
|Nome do Cliente,SAT,consulta/abre tela,Clientes,a validar,,,a validar; preferir cancelamento logico,a validar,a validar,a validar por fluxo dinamico,a validar,strings executaveis,confirmado por UI
|Qualquer Filial|?????MovSat,SAT,consulta/abre tela,Notas/Fiscal,a validar,,,a validar; preferir cancelamento logico,a validar,a validar,a validar por fluxo dinamico,a validar,strings executaveis,confirmado por UI
|Senha do usu,SAT,consulta/abre tela,Nao classificado,a validar,,,a validar; preferir cancelamento logico,a validar,a validar,a validar por fluxo dinamico,a validar,strings executaveis,confirmado por UI
"$AJUSTES EQUIPE.""Anotacoes.DB"".Titulo",SAT,consulta/abre tela,Ocorrencias/Auditoria,a validar,,,a validar; preferir cancelamento logico,a validar,a validar,a validar por fluxo dinamico,a validar,strings executaveis,confirmado por UI
"$AJUSTES EQUIPE.""MovSatAle.DB"".CodSat",SAT,consulta/abre tela,Notas/Fiscal,a validar,,,a validar; preferir cancelamento logico,a validar,a validar,a validar por fluxo dinamico,a validar,strings executaveis,confirmado por UI
"$AJUSTES EQUIPE.""MovSatAle.DB"".DatLan",SAT,consulta/abre tela,Notas/Fiscal,a validar,,,a validar; preferir cancelamento logico,a validar,a validar,a validar por fluxo dinamico,a validar,strings executaveis,confirmado por UI
"$AJUSTES EQUIPE.""MovSatAle.DB"".HorLan",SAT,consulta/abre tela,Notas/Fiscal,a validar,,,a validar; preferir cancelamento logico,a validar,a validar,a validar por fluxo dinamico,a validar,strings executaveis,confirmado por UI
"$AJUSTES EQUIPE.""MovSatAle.DB"".SeqSat",SAT,consulta/abre tela,Notas/Fiscal,a validar,,,a validar; preferir cancelamento logico,a validar,a validar,a validar por fluxo dinamico,a validar,strings executaveis,confirmado por UI
"$AJUSTES EQUIPE.""MovSatAle.DB"".TipSat",SAT,consulta/abre tela,Notas/Fiscal,a validar,,,a validar; preferir cancelamento logico,a validar,a validar,a validar por fluxo dinamico,a validar,strings executaveis,confirmado por UI
$ImportarDadosClienteFidelidade1Click,SAT,consulta/abre tela,Nao classificado,a validar,,,a validar; preferir cancelamento logico,a validar,a validar,a validar por fluxo dinamico,a validar,strings executaveis,confirmado por UI
"0Select * From ""C:\Equipexe\Ger\Dados\Clientes"" C",SAT,consulta/abre tela,Clientes,a validar,,,a validar; preferir cancelamento logico,a validar,a validar,a validar por fluxo dinamico,a validar,strings executaveis,confirmado por UI
"0Select * From ""Z:\Equipexe\Sat\Filial\MovSatInt""",SAT,consulta/abre tela,Notas/Fiscal,a validar,,,a validar; preferir cancelamento logico,a validar,a validar,a validar por fluxo dinamico,a validar,strings executaveis,confirmado por UI
"2Select * From ""C:\Equipexe\Sat\Filial\Anotacoes"" A",SAT,consulta/abre tela,Notas/Fiscal,a validar,,,a validar; preferir cancelamento logico,a validar,a validar,a validar por fluxo dinamico,a validar,strings executaveis,confirmado por UI
"2Select * From ""C:\Equipexe\Sat\Filial\MovSatAle"" A",SAT,consulta/abre tela,Notas/Fiscal,a validar,,,a validar; preferir cancelamento logico,a validar,a validar,a validar por fluxo dinamico,a validar,strings executaveis,confirmado por UI
3Select * From 'S:\EquipExe\Sat\Filial\MovSatCli' M,SAT,consulta/abre tela,Notas/Fiscal,a validar,,,a validar; preferir cancelamento logico,a validar,a validar,a validar por fluxo dinamico,a validar,strings executaveis,confirmado por UI
"3Select * From 'z:\EquipExe\Sat\Filial\SolAltCli' A,",SAT,consulta/abre tela,Notas/Fiscal,a validar,,,a validar; preferir cancelamento logico,a validar,a validar,a validar por fluxo dinamico,a validar,strings executaveis,confirmado por UI
"3Select * From "":ParadoxXInterbase:MovSatCliOcor"" M,",SAT,consulta/abre tela,Notas/Fiscal,a validar,,,a validar; preferir cancelamento logico,a validar,a validar,a validar por fluxo dinamico,a validar,strings executaveis,confirmado por UI
5ExportaSat_u,SAT,consulta/abre tela,Notas/Fiscal,a validar,,,a validar; preferir cancelamento logico,a validar,a validar,a validar por fluxo dinamico,a validar,strings executaveis,confirmado por UI
"8 ""S:\Equipexe\Ger\Dados\Clientes"" C",SAT,consulta/abre tela,Clientes,a validar,,,a validar; preferir cancelamento logico,a validar,a validar,a validar por fluxo dinamico,a validar,strings executaveis,confirmado por UI
A SENHA GERADA PARA O CLIENTE,SAT,consulta/abre tela,Clientes,a validar,,,a validar; preferir cancelamento logico,a validar,a validar,a validar por fluxo dinamico,a validar,strings executaveis,confirmado por UI
AbreCepFacil,SAT,consulta/abre tela,Nao classificado,a validar,,,a validar; preferir cancelamento logico,a validar,a validar,a validar por fluxo dinamico,a validar,strings executaveis,confirmado por UI
AbreVariosSat,SAT,consulta/abre tela,Notas/Fiscal,a validar,,,a validar; preferir cancelamento logico,a validar,a validar,a validar por fluxo dinamico,a validar,strings executaveis,confirmado por UI
Abrir relat,SAT,relatorio/impressao,Nao classificado,a validar,,,a validar; preferir cancelamento logico,a validar,a validar,a validar por fluxo dinamico,a validar,strings executaveis,confirmado por UI
Abrir...|Abre um relat,SAT,relatorio/impressao,Nao classificado,a validar,,,a validar; preferir cancelamento logico,a validar,a validar,a validar por fluxo dinamico,a validar,strings executaveis,confirmado por UI
Acesse o SAT e Baixe o Atendimento para Finalizar o Alerta,SAT,consulta/abre tela,Notas/Fiscal,a validar,,,a validar; preferir cancelamento logico,a validar,a validar,a validar por fluxo dinamico,a validar,strings executaveis,confirmado por UI
Ajusta Cadastro Automaticamente,SAT,inclusao,Nao classificado,a validar,a validar,,a validar; preferir cancelamento logico,a validar,a validar,a validar por fluxo dinamico,a validar,strings executaveis,confirmado por UI
AjustaCadastroAutomaticamente1,SAT,inclusao,Nao classificado,a validar,a validar,,a validar; preferir cancelamento logico,a validar,a validar,a validar por fluxo dinamico,a validar,strings executaveis,confirmado por UI
AjustaCadastroAutomaticamente1L,SAT,inclusao,Nao classificado,a validar,a validar,,a validar; preferir cancelamento logico,a validar,a validar,a validar por fluxo dinamico,a validar,strings executaveis,confirmado por UI
Ajustando variaveis e Abrindo cadastros padr,SAT,inclusao,Nao classificado,a validar,a validar,,a validar; preferir cancelamento logico,a validar,a validar,a validar por fluxo dinamico,a validar,strings executaveis,confirmado por UI
AjustaUsuariosLista,SAT,consulta/abre tela,Usuarios/Permissoes,a validar,,,a validar; preferir cancelamento logico,a validar,a validar,a validar por fluxo dinamico,a validar,strings executaveis,confirmado por UI
AlteraCadastro1,SAT,alteracao,Nao classificado,a validar,,a validar,a validar; preferir cancelamento logico,a validar,a validar,a validar por fluxo dinamico,a validar,strings executaveis,confirmado por UI
"AlteraCadastro1,",SAT,alteracao,Nao classificado,a validar,,a validar,a validar; preferir cancelamento logico,a validar,a validar,a validar por fluxo dinamico,a validar,strings executaveis,confirmado por UI
AlteraCadastro1\,SAT,alteracao,Nao classificado,a validar,,a validar,a validar; preferir cancelamento logico,a validar,a validar,a validar por fluxo dinamico,a validar,strings executaveis,confirmado por UI
AlteraCadastro1Click,SAT,alteracao,Nao classificado,a validar,,a validar,a validar; preferir cancelamento logico,a validar,a validar,a validar por fluxo dinamico,a validar,strings executaveis,confirmado por UI
AlteraClientes1,SAT,alteracao,Nao classificado,a validar,,a validar,a validar; preferir cancelamento logico,a validar,a validar,a validar por fluxo dinamico,a validar,strings executaveis,confirmado por UI
amento do SAT,SAT,consulta/abre tela,Notas/Fiscal,a validar,,,a validar; preferir cancelamento logico,a validar,a validar,a validar por fluxo dinamico,a validar,strings executaveis,confirmado por UI
amento do SAT -,SAT,consulta/abre tela,Notas/Fiscal,a validar,,,a validar; preferir cancelamento logico,a validar,a validar,a validar por fluxo dinamico,a validar,strings executaveis,confirmado por UI
amento no SAT -,SAT,consulta/abre tela,Notas/Fiscal,a validar,,,a validar; preferir cancelamento logico,a validar,a validar,a validar por fluxo dinamico,a validar,strings executaveis,confirmado por UI
amento no SAT (&Alerta),SAT,consulta/abre tela,Notas/Fiscal,a validar,,,a validar; preferir cancelamento logico,a validar,a validar,a validar por fluxo dinamico,a validar,strings executaveis,confirmado por UI
amentos no SAT,SAT,consulta/abre tela,Notas/Fiscal,a validar,,,a validar; preferir cancelamento logico,a validar,a validar,a validar por fluxo dinamico,a validar,strings executaveis,confirmado por UI
"And (M.TipSat=""",SAT,consulta/abre tela,Notas/Fiscal,a validar,,,a validar; preferir cancelamento logico,a validar,a validar,a validar por fluxo dinamico,a validar,strings executaveis,confirmado por UI
"And ( (TipSat=""",SAT,consulta/abre tela,Notas/Fiscal,a validar,,,a validar; preferir cancelamento logico,a validar,a validar,a validar por fluxo dinamico,a validar,strings executaveis,confirmado por UI
"And (A.CodUsuario=""",SAT,consulta/abre tela,Nao classificado,a validar,,,a validar; preferir cancelamento logico,a validar,a validar,a validar por fluxo dinamico,a validar,strings executaveis,confirmado por UI
"And (A.DesAnota LIKE""%",SAT,consulta/abre tela,Ocorrencias/Auditoria,a validar,,,a validar; preferir cancelamento logico,a validar,a validar,a validar por fluxo dinamico,a validar,strings executaveis,confirmado por UI
"And (A.ParUsuario=""",SAT,consulta/abre tela,Nao classificado,a validar,,,a validar; preferir cancelamento logico,a validar,a validar,a validar por fluxo dinamico,a validar,strings executaveis,confirmado por UI
"And (A.TipSat=""C"")",SAT,consulta/abre tela,Notas/Fiscal,a validar,,,a validar; preferir cancelamento logico,a validar,a validar,a validar por fluxo dinamico,a validar,strings executaveis,confirmado por UI
"And (A.TipSat=""F"")",SAT,consulta/abre tela,Notas/Fiscal,a validar,,,a validar; preferir cancelamento logico,a validar,a validar,a validar por fluxo dinamico,a validar,strings executaveis,confirmado por UI
"And (A.TipSat=""I"")",SAT,consulta/abre tela,Notas/Fiscal,a validar,,,a validar; preferir cancelamento logico,a validar,a validar,a validar por fluxo dinamico,a validar,strings executaveis,confirmado por UI
"And (A.UsuarioReu=""",SAT,consulta/abre tela,Nao classificado,a validar,,,a validar; preferir cancelamento logico,a validar,a validar,a validar por fluxo dinamico,a validar,strings executaveis,confirmado por UI
And (CodUsuario,SAT,consulta/abre tela,Nao classificado,a validar,,,a validar; preferir cancelamento logico,a validar,a validar,a validar por fluxo dinamico,a validar,strings executaveis,confirmado por UI
"And (M.CodSatTip=""V"")",SAT,consulta/abre tela,Notas/Fiscal,a validar,,,a validar; preferir cancelamento logico,a validar,a validar,a validar por fluxo dinamico,a validar,strings executaveis,confirmado por UI
And (M.ExportaSat=,SAT,consulta/abre tela,Notas/Fiscal,a validar,,,a validar; preferir cancelamento logico,a validar,a validar,a validar por fluxo dinamico,a validar,strings executaveis,confirmado por UI
"And (not(M.CodSatTip=""X""))",SAT,consulta/abre tela,Notas/Fiscal,a validar,,,a validar; preferir cancelamento logico,a validar,a validar,a validar por fluxo dinamico,a validar,strings executaveis,confirmado por UI
And (SatPara,SAT,consulta/abre tela,Notas/Fiscal,a validar,,,a validar; preferir cancelamento logico,a validar,a validar,a validar por fluxo dinamico,a validar,strings executaveis,confirmado por UI
Anota,SAT,consulta/abre tela,Ocorrencias/Auditoria,a validar,,,a validar; preferir cancelamento logico,a validar,a validar,a validar por fluxo dinamico,a validar,strings executaveis,confirmado por UI
Anotacoes,SAT,consulta/abre tela,Ocorrencias/Auditoria,a validar,,,a validar; preferir cancelamento logico,a validar,a validar,a validar por fluxo dinamico,a validar,strings executaveis,confirmado por UI
Anotacoes_c,SAT,consulta/abre tela,Ocorrencias/Auditoria,a validar,,,a validar; preferir cancelamento logico,a validar,a validar,a validar por fluxo dinamico,a validar,strings executaveis,confirmado por UI
Anotacoes_FC,SAT,consulta/abre tela,Ocorrencias/Auditoria,a validar,,,a validar; preferir cancelamento logico,a validar,a validar,a validar por fluxo dinamico,a validar,strings executaveis,confirmado por UI
Anotacoes1,SAT,consulta/abre tela,Ocorrencias/Auditoria,a validar,,,a validar; preferir cancelamento logico,a validar,a validar,a validar por fluxo dinamico,a validar,strings executaveis,confirmado por UI
Anotacoes1Click,SAT,consulta/abre tela,Ocorrencias/Auditoria,a validar,,,a validar; preferir cancelamento logico,a validar,a validar,a validar por fluxo dinamico,a validar,strings executaveis,confirmado por UI
Anotacoes1p,SAT,consulta/abre tela,Ocorrencias/Auditoria,a validar,,,a validar; preferir cancelamento logico,a validar,a validar,a validar por fluxo dinamico,a validar,strings executaveis,confirmado por UI
Anotaes1,SAT,consulta/abre tela,Ocorrencias/Auditoria,a validar,,,a validar; preferir cancelamento logico,a validar,a validar,a validar por fluxo dinamico,a validar,strings executaveis,confirmado por UI
Anotaes10,SAT,consulta/abre tela,Ocorrencias/Auditoria,a validar,,,a validar; preferir cancelamento logico,a validar,a validar,a validar por fluxo dinamico,a validar,strings executaveis,confirmado por UI
Anotaes1Click,SAT,consulta/abre tela,Ocorrencias/Auditoria,a validar,,,a validar; preferir cancelamento logico,a validar,a validar,a validar por fluxo dinamico,a validar,strings executaveis,confirmado por UI
Arquivo de Relat,SAT,relatorio/impressao,Nao classificado,a validar,,,a validar; preferir cancelamento logico,a validar,a validar,a validar por fluxo dinamico,a validar,strings executaveis,confirmado por UI
Atendimento a Clientes,SAT,consulta/abre tela,Clientes,a validar,,,a validar; preferir cancelamento logico,a validar,a validar,a validar por fluxo dinamico,a validar,strings executaveis,confirmado por UI
AtualClasAte,SAT,consulta/abre tela,Notas/Fiscal,a validar,,,a validar; preferir cancelamento logico,a validar,a validar,a validar por fluxo dinamico,a validar,strings executaveis,confirmado por UI
AtualSubClasAte,SAT,consulta/abre tela,Notas/Fiscal,a validar,,,a validar; preferir cancelamento logico,a validar,a validar,a validar por fluxo dinamico,a validar,strings executaveis,confirmado por UI
AtualTiposAtend,SAT,consulta/abre tela,Notas/Fiscal,a validar,,,a validar; preferir cancelamento logico,a validar,a validar,a validar por fluxo dinamico,a validar,strings executaveis,confirmado por UI
B Where (A.SeqSolAltSist=S.SeqSolAltSist And A.CodSat=S.CodSat) And,SAT,consulta/abre tela,Notas/Fiscal,a validar,,,a validar; preferir cancelamento logico,a validar,a validar,a validar por fluxo dinamico,a validar,strings executaveis,confirmado por UI
BaixarSAT,SAT,financeiro/fechamento,Notas/Fiscal,a validar,,a validar,a validar; preferir cancelamento logico,a validar,a validar,a validar por fluxo dinamico,a validar,strings executaveis,confirmado por UI
Base de Dados do Cliente,SAT,consulta/abre tela,Clientes,a validar,,,a validar; preferir cancelamento logico,a validar,a validar,a validar por fluxo dinamico,a validar,strings executaveis,confirmado por UI
Base de Dados do Cliente.,SAT,consulta/abre tela,Clientes,a validar,,,a validar; preferir cancelamento logico,a validar,a validar,a validar por fluxo dinamico,a validar,strings executaveis,confirmado por UI
Base de Dados Salva na pasta do Cliente,SAT,consulta/abre tela,Clientes,a validar,,,a validar; preferir cancelamento logico,a validar,a validar,a validar por fluxo dinamico,a validar,strings executaveis,confirmado por UI
BM_Sat,SAT,consulta/abre tela,Notas/Fiscal,a validar,,,a validar; preferir cancelamento logico,a validar,a validar,a validar por fluxo dinamico,a validar,strings executaveis,confirmado por UI
Bt_CancelaAditoClick,SAT,cancelamento/exclusao,Ocorrencias/Auditoria,a validar,,a validar,a validar; preferir cancelamento logico,a validar,a validar,a validar por fluxo dinamico,a validar,strings executaveis,confirmado por UI
Bt_CancelaClick,SAT,cancelamento/exclusao,Ocorrencias/Auditoria,a validar,,a validar,a validar; preferir cancelamento logico,a validar,a validar,a validar por fluxo dinamico,a validar,strings executaveis,confirmado por UI
Bt_Consulta,SAT,consulta/abre tela,Nao classificado,a validar,,,a validar; preferir cancelamento logico,a validar,a validar,a validar por fluxo dinamico,a validar,strings executaveis,confirmado por UI
Bt_Consulta8,SAT,consulta/abre tela,Nao classificado,a validar,,,a validar; preferir cancelamento logico,a validar,a validar,a validar por fluxo dinamico,a validar,strings executaveis,confirmado por UI
Bt_ConsultaCli,SAT,consulta/abre tela,Nao classificado,a validar,,,a validar; preferir cancelamento logico,a validar,a validar,a validar por fluxo dinamico,a validar,strings executaveis,confirmado por UI
Bt_ConsultaClick,SAT,consulta/abre tela,Nao classificado,a validar,,,a validar; preferir cancelamento logico,a validar,a validar,a validar por fluxo dinamico,a validar,strings executaveis,confirmado por UI
Bt_ConsultaCliClick,SAT,consulta/abre tela,Nao classificado,a validar,,,a validar; preferir cancelamento logico,a validar,a validar,a validar por fluxo dinamico,a validar,strings executaveis,confirmado por UI
Bt_ConsultaClid,SAT,consulta/abre tela,Nao classificado,a validar,,,a validar; preferir cancelamento logico,a validar,a validar,a validar por fluxo dinamico,a validar,strings executaveis,confirmado por UI
Bt_ConsultaClih,SAT,consulta/abre tela,Nao classificado,a validar,,,a validar; preferir cancelamento logico,a validar,a validar,a validar por fluxo dinamico,a validar,strings executaveis,confirmado por UI
Bt_Consultax,SAT,consulta/abre tela,Nao classificado,a validar,,,a validar; preferir cancelamento logico,a validar,a validar,a validar por fluxo dinamico,a validar,strings executaveis,confirmado por UI
BtnCancelClick,SAT,cancelamento/exclusao,Ocorrencias/Auditoria,a validar,,a validar,a validar; preferir cancelamento logico,a validar,a validar,a validar por fluxo dinamico,a validar,strings executaveis,confirmado por UI
c_DigitaSenha,SAT,consulta/abre tela,Nao classificado,a validar,,,a validar; preferir cancelamento logico,a validar,a validar,a validar por fluxo dinamico,a validar,strings executaveis,confirmado por UI
C:\Equipexe\Documentos\Clientes,SAT,consulta/abre tela,Clientes,a validar,,,a validar; preferir cancelamento logico,a validar,a validar,a validar por fluxo dinamico,a validar,strings executaveis,confirmado por UI
C:\EquipExe\EquSat,SAT,consulta/abre tela,Notas/Fiscal,a validar,,,a validar; preferir cancelamento logico,a validar,a validar,a validar por fluxo dinamico,a validar,strings executaveis,confirmado por UI
C:\EquipExe\EquSat.Ini,SAT,consulta/abre tela,Notas/Fiscal,a validar,,,a validar; preferir cancelamento logico,a validar,a validar,a validar por fluxo dinamico,a validar,strings executaveis,confirmado por UI
C:\EquipExe\IntegraSat.Ini,SAT,consulta/abre tela,Notas/Fiscal,a validar,,,a validar; preferir cancelamento logico,a validar,a validar,a validar por fluxo dinamico,a validar,strings executaveis,confirmado por UI
c:\EquipExe\Sat\Dados,SAT,consulta/abre tela,Notas/Fiscal,a validar,,,a validar; preferir cancelamento logico,a validar,a validar,a validar por fluxo dinamico,a validar,strings executaveis,confirmado por UI
C:\Equipexe\Sat\Filial,SAT,consulta/abre tela,Notas/Fiscal,a validar,,,a validar; preferir cancelamento logico,a validar,a validar,a validar por fluxo dinamico,a validar,strings executaveis,confirmado por UI
C:\Linker\rcliente.txt,SAT,consulta/abre tela,Nao classificado,a validar,,,a validar; preferir cancelamento logico,a validar,a validar,a validar por fluxo dinamico,a validar,strings executaveis,confirmado por UI
Cadastro,SAT,inclusao,Nao classificado,a validar,a validar,,a validar; preferir cancelamento logico,a validar,a validar,a validar por fluxo dinamico,a validar,strings executaveis,confirmado por UI
Cadastro 1,SAT,inclusao,Nao classificado,a validar,a validar,,a validar; preferir cancelamento logico,a validar,a validar,a validar por fluxo dinamico,a validar,strings executaveis,confirmado por UI
Cadastro 2,SAT,inclusao,Nao classificado,a validar,a validar,,a validar; preferir cancelamento logico,a validar,a validar,a validar por fluxo dinamico,a validar,strings executaveis,confirmado por UI
Cadastro 3,SAT,inclusao,Nao classificado,a validar,a validar,,a validar; preferir cancelamento logico,a validar,a validar,a validar por fluxo dinamico,a validar,strings executaveis,confirmado por UI
Cadastro 4,SAT,inclusao,Nao classificado,a validar,a validar,,a validar; preferir cancelamento logico,a validar,a validar,a validar por fluxo dinamico,a validar,strings executaveis,confirmado por UI
Cadastro Campo Flexivel,SAT,inclusao,Nao classificado,a validar,a validar,,a validar; preferir cancelamento logico,a validar,a validar,a validar por fluxo dinamico,a validar,strings executaveis,confirmado por UI
Cadastro Campos Flexiveis,SAT,inclusao,Nao classificado,a validar,a validar,,a validar; preferir cancelamento logico,a validar,a validar,a validar por fluxo dinamico,a validar,strings executaveis,confirmado por UI
Cadastro de,SAT,inclusao,Nao classificado,a validar,a validar,,a validar; preferir cancelamento logico,a validar,a validar,a validar por fluxo dinamico,a validar,strings executaveis,confirmado por UI
Cadastro de Ajuste Autom,SAT,inclusao,Nao classificado,a validar,a validar,,a validar; preferir cancelamento logico,a validar,a validar,a validar por fluxo dinamico,a validar,strings executaveis,confirmado por UI
Cadastro de Bolso,SAT,inclusao,Nao classificado,a validar,a validar,,a validar; preferir cancelamento logico,a validar,a validar,a validar por fluxo dinamico,a validar,strings executaveis,confirmado por UI
Cadastro de Clientes,SAT,inclusao,Clientes,a validar,a validar,,a validar; preferir cancelamento logico,a validar,a validar,a validar por fluxo dinamico,a validar,strings executaveis,confirmado por UI
Cadastro de Controles,SAT,inclusao,Nao classificado,a validar,a validar,,a validar; preferir cancelamento logico,a validar,a validar,a validar por fluxo dinamico,a validar,strings executaveis,confirmado por UI
Cadastro de Customiza,SAT,inclusao,Nao classificado,a validar,a validar,,a validar; preferir cancelamento logico,a validar,a validar,a validar por fluxo dinamico,a validar,strings executaveis,confirmado por UI
Cadastro de Digital,SAT,inclusao,Nao classificado,a validar,a validar,,a validar; preferir cancelamento logico,a validar,a validar,a validar por fluxo dinamico,a validar,strings executaveis,confirmado por UI
Cadastro de Filiais/Matriz,SAT,inclusao,Nao classificado,a validar,a validar,,a validar; preferir cancelamento logico,a validar,a validar,a validar por fluxo dinamico,a validar,strings executaveis,confirmado por UI
Cadastro de Fornecedores,SAT,inclusao,Nao classificado,a validar,a validar,,a validar; preferir cancelamento logico,a validar,a validar,a validar por fluxo dinamico,a validar,strings executaveis,confirmado por UI
Cadastro de Grupo (Campos Flexiveis),SAT,inclusao,Nao classificado,a validar,a validar,,a validar; preferir cancelamento logico,a validar,a validar,a validar por fluxo dinamico,a validar,strings executaveis,confirmado por UI
Cadastro de Grupo 1,SAT,inclusao,Nao classificado,a validar,a validar,,a validar; preferir cancelamento logico,a validar,a validar,a validar por fluxo dinamico,a validar,strings executaveis,confirmado por UI
Cadastro de Grupo 2,SAT,inclusao,Nao classificado,a validar,a validar,,a validar; preferir cancelamento logico,a validar,a validar,a validar por fluxo dinamico,a validar,strings executaveis,confirmado por UI
Cadastro de Grupo 3,SAT,inclusao,Nao classificado,a validar,a validar,,a validar; preferir cancelamento logico,a validar,a validar,a validar por fluxo dinamico,a validar,strings executaveis,confirmado por UI
Cadastro de Grupo 4,SAT,inclusao,Nao classificado,a validar,a validar,,a validar; preferir cancelamento logico,a validar,a validar,a validar por fluxo dinamico,a validar,strings executaveis,confirmado por UI
Cadastro de Interessados,SAT,inclusao,Nao classificado,a validar,a validar,,a validar; preferir cancelamento logico,a validar,a validar,a validar por fluxo dinamico,a validar,strings executaveis,confirmado por UI
Cadastro de Melhorias,SAT,inclusao,Nao classificado,a validar,a validar,,a validar; preferir cancelamento logico,a validar,a validar,a validar por fluxo dinamico,a validar,strings executaveis,confirmado por UI
Cadastro de Situa,SAT,inclusao,Nao classificado,a validar,a validar,,a validar; preferir cancelamento logico,a validar,a validar,a validar por fluxo dinamico,a validar,strings executaveis,confirmado por UI
Cadastro de Tipo de Atendimento,SAT,inclusao,Nao classificado,a validar,a validar,,a validar; preferir cancelamento logico,a validar,a validar,a validar por fluxo dinamico,a validar,strings executaveis,confirmado por UI
Cadastro de Tipo de Controle,SAT,inclusao,Nao classificado,a validar,a validar,,a validar; preferir cancelamento logico,a validar,a validar,a validar por fluxo dinamico,a validar,strings executaveis,confirmado por UI
Cadastro de Tipos de Controle,SAT,inclusao,Nao classificado,a validar,a validar,,a validar; preferir cancelamento logico,a validar,a validar,a validar por fluxo dinamico,a validar,strings executaveis,confirmado por UI
Cadastro Mensagens,SAT,inclusao,Nao classificado,a validar,a validar,,a validar; preferir cancelamento logico,a validar,a validar,a validar por fluxo dinamico,a validar,strings executaveis,confirmado por UI
CadastroCampoFlexivel1,SAT,inclusao,Nao classificado,a validar,a validar,,a validar; preferir cancelamento logico,a validar,a validar,a validar por fluxo dinamico,a validar,strings executaveis,confirmado por UI
CadastroCampoFlexivel1Click,SAT,inclusao,Nao classificado,a validar,a validar,,a validar; preferir cancelamento logico,a validar,a validar,a validar por fluxo dinamico,a validar,strings executaveis,confirmado por UI
CadastrodeAjustesAutomticos1,SAT,inclusao,Nao classificado,a validar,a validar,,a validar; preferir cancelamento logico,a validar,a validar,a validar por fluxo dinamico,a validar,strings executaveis,confirmado por UI
CadastrodeAjustesAutomticos1P,SAT,inclusao,Nao classificado,a validar,a validar,,a validar; preferir cancelamento logico,a validar,a validar,a validar por fluxo dinamico,a validar,strings executaveis,confirmado por UI
CadastrodeBolso1,SAT,inclusao,Nao classificado,a validar,a validar,,a validar; preferir cancelamento logico,a validar,a validar,a validar por fluxo dinamico,a validar,strings executaveis,confirmado por UI
CadastrodeBolso1Click,SAT,inclusao,Nao classificado,a validar,a validar,,a validar; preferir cancelamento logico,a validar,a validar,a validar por fluxo dinamico,a validar,strings executaveis,confirmado por UI
CadastroGeral1,SAT,inclusao,Nao classificado,a validar,a validar,,a validar; preferir cancelamento logico,a validar,a validar,a validar por fluxo dinamico,a validar,strings executaveis,confirmado por UI
Cadastros,SAT,inclusao,Nao classificado,a validar,a validar,,a validar; preferir cancelamento logico,a validar,a validar,a validar por fluxo dinamico,a validar,strings executaveis,confirmado por UI
Cadastros1,SAT,inclusao,Nao classificado,a validar,a validar,,a validar; preferir cancelamento logico,a validar,a validar,a validar por fluxo dinamico,a validar,strings executaveis,confirmado por UI
Cadastros1D,SAT,inclusao,Nao classificado,a validar,a validar,,a validar; preferir cancelamento logico,a validar,a validar,a validar por fluxo dinamico,a validar,strings executaveis,confirmado por UI
Cadastros1t,SAT,inclusao,Nao classificado,a validar,a validar,,a validar; preferir cancelamento logico,a validar,a validar,a validar por fluxo dinamico,a validar,strings executaveis,confirmado por UI
Cadastros1X,SAT,inclusao,Nao classificado,a validar,a validar,,a validar; preferir cancelamento logico,a validar,a validar,a validar por fluxo dinamico,a validar,strings executaveis,confirmado por UI
CadastrosCli1,SAT,inclusao,Nao classificado,a validar,a validar,,a validar; preferir cancelamento logico,a validar,a validar,a validar por fluxo dinamico,a validar,strings executaveis,confirmado por UI
CadastrosCli1|,SAT,inclusao,Nao classificado,a validar,a validar,,a validar; preferir cancelamento logico,a validar,a validar,a validar por fluxo dinamico,a validar,strings executaveis,confirmado por UI
CadastrosFor1,SAT,inclusao,Nao classificado,a validar,a validar,,a validar; preferir cancelamento logico,a validar,a validar,a validar por fluxo dinamico,a validar,strings executaveis,confirmado por UI
CadastrosInt1,SAT,inclusao,Nao classificado,a validar,a validar,,a validar; preferir cancelamento logico,a validar,a validar,a validar por fluxo dinamico,a validar,strings executaveis,confirmado por UI
CadastrosInt1P,SAT,inclusao,Nao classificado,a validar,a validar,,a validar; preferir cancelamento logico,a validar,a validar,a validar por fluxo dinamico,a validar,strings executaveis,confirmado por UI
CadClasAtend1,SAT,consulta/abre tela,Notas/Fiscal,a validar,,,a validar; preferir cancelamento logico,a validar,a validar,a validar por fluxo dinamico,a validar,strings executaveis,confirmado por UI
CadClasAtendInt1Click,SAT,consulta/abre tela,Notas/Fiscal,a validar,,,a validar; preferir cancelamento logico,a validar,a validar,a validar por fluxo dinamico,a validar,strings executaveis,confirmado por UI
CadClientes,SAT,consulta/abre tela,Nao classificado,a validar,,,a validar; preferir cancelamento logico,a validar,a validar,a validar por fluxo dinamico,a validar,strings executaveis,confirmado por UI
CadClientes1,SAT,consulta/abre tela,Nao classificado,a validar,,,a validar; preferir cancelamento logico,a validar,a validar,a validar por fluxo dinamico,a validar,strings executaveis,confirmado por UI
CadClientesSAT,SAT,consulta/abre tela,Notas/Fiscal,a validar,,,a validar; preferir cancelamento logico,a validar,a validar,a validar por fluxo dinamico,a validar,strings executaveis,confirmado por UI
CadManClientes,SAT,consulta/abre tela,Nao classificado,a validar,,,a validar; preferir cancelamento logico,a validar,a validar,a validar por fluxo dinamico,a validar,strings executaveis,confirmado por UI
CadProjSat,SAT,consulta/abre tela,Produtos/Servicos,a validar,,,a validar; preferir cancelamento logico,a validar,a validar,a validar por fluxo dinamico,a validar,strings executaveis,confirmado por UI
CadProjSat.DB,SAT,consulta/abre tela,Produtos/Servicos,a validar,,,a validar; preferir cancelamento logico,a validar,a validar,a validar por fluxo dinamico,a validar,strings executaveis,confirmado por UI
CadSatCla,SAT,consulta/abre tela,Notas/Fiscal,a validar,,,a validar; preferir cancelamento logico,a validar,a validar,a validar por fluxo dinamico,a validar,strings executaveis,confirmado por UI
CadSatCla.DB,SAT,consulta/abre tela,Notas/Fiscal,a validar,,,a validar; preferir cancelamento logico,a validar,a validar,a validar por fluxo dinamico,a validar,strings executaveis,confirmado por UI
CadSatSit,SAT,consulta/abre tela,Notas/Fiscal,a validar,,,a validar; preferir cancelamento logico,a validar,a validar,a validar por fluxo dinamico,a validar,strings executaveis,confirmado por UI
CadSatSit.DB,SAT,consulta/abre tela,Notas/Fiscal,a validar,,,a validar; preferir cancelamento logico,a validar,a validar,a validar por fluxo dinamico,a validar,strings executaveis,confirmado por UI
CadSatSubC,SAT,consulta/abre tela,Notas/Fiscal,a validar,,,a validar; preferir cancelamento logico,a validar,a validar,a validar por fluxo dinamico,a validar,strings executaveis,confirmado por UI
CadSatSubC.DB,SAT,consulta/abre tela,Notas/Fiscal,a validar,,,a validar; preferir cancelamento logico,a validar,a validar,a validar por fluxo dinamico,a validar,strings executaveis,confirmado por UI
CadSatTip,SAT,consulta/abre tela,Notas/Fiscal,a validar,,,a validar; preferir cancelamento logico,a validar,a validar,a validar por fluxo dinamico,a validar,strings executaveis,confirmado por UI
CadSatTip.DB,SAT,consulta/abre tela,Notas/Fiscal,a validar,,,a validar; preferir cancelamento logico,a validar,a validar,a validar por fluxo dinamico,a validar,strings executaveis,confirmado por UI
