"Sistema","OperacaoPermissao","Executavel","Categoria","TextoEncontrado","Confianca","Observacao"
"LAVSOFT","AlteraCliente1","LavSoft","cadastro","Altera Cliente","media","correlacao por nome/texto; exige validacao visual"
"LAVSOFT","AlteraCliente1","LavSoft","cadastro","AlteraCliente1","media","correlacao por nome/texto; exige validacao visual"
"LAVSOFT","AlteraCliente1","LavSoft","cadastro","AlteraCliente18","media","correlacao por nome/texto; exige validacao visual"
"LAVSOFT","AlteraCliente1","LavSoft","cadastro","AlteraCliente1Click","media","correlacao por nome/texto; exige validacao visual"
"LAVSOFT","AlteraCliente1","LavSoft","cadastro","AlteraCliente1Click$","media","correlacao por nome/texto; exige validacao visual"
"LAVSOFT","Alterao1","LavFacilLan","cadastro","AlteraodeProdutos1","media","correlacao por nome/texto; exige validacao visual"
"LAVSOFT","Alterao1","LavFacilLan","cadastro","AlteraodeProdutos1","media","correlacao por nome/texto; exige validacao visual"
"LAVSOFT","Alterao1","LavSoft","cadastro","AlteraodeProdutos1","media","correlacao por nome/texto; exige validacao visual"
"LAVSOFT","Alterao1","LavSoft","cadastro","AlteraodeProdutos1","media","correlacao por nome/texto; exige validacao visual"
"LAVSOFT","Anotacoes1","LavSoft","outro",":\EquipExe\Exe\Anotacoes.Exe","media","correlacao por nome/texto; exige validacao visual"
"LAVSOFT","Anotacoes1","LavSoft","outro",":\EquipExe\Exe\Anotacoes.Exe","media","correlacao por nome/texto; exige validacao visual"
"LAVSOFT","Anotacoes1","LavSoft","outro",":\EquipExe\Exe\Anotacoes.Exe","media","correlacao por nome/texto; exige validacao visual"
"LAVSOFT","Anotacoes1","LavSoft","outro",":\EquipExe\Exe\Anotacoes.Exe","media","correlacao por nome/texto; exige validacao visual"
"LAVSOFT","Anotacoes1","LavSoft","outro","\Anotacoes","media","correlacao por nome/texto; exige validacao visual"
"LAVSOFT","Anotacoes1","LavSoft","outro","\Anotacoes","media","correlacao por nome/texto; exige validacao visual"
"LAVSOFT","Anotacoes1","LavSoft","outro","\Anotacoes","media","correlacao por nome/texto; exige validacao visual"
"LAVSOFT","Anotacoes1","LavSoft","outro","\Anotacoes","media","correlacao por nome/texto; exige validacao visual"
"LAVSOFT","Anotacoes1","LavSoft","outro","\Anotacoes"" A","media","correlacao por nome/texto; exige validacao visual"
"LAVSOFT","Anotacoes1","LavSoft","outro","\Anotacoes"" A","media","correlacao por nome/texto; exige validacao visual"
"LAVSOFT","Anotacoes1","LavSoft","outro","\Anotacoes"" A","media","correlacao por nome/texto; exige validacao visual"
"LAVSOFT","Anotacoes1","LavSoft","outro","\Anotacoes"" A","media","correlacao por nome/texto; exige validacao visual"
"LAVSOFT","Anotacoes1","LavSoft","outro","Anotacoes","media","correlacao por nome/texto; exige validacao visual"
"LAVSOFT","Anotacoes1","LavSoft","outro","Anotacoes","media","correlacao por nome/texto; exige validacao visual"
"LAVSOFT","Anotacoes1","LavSoft","outro","Anotacoes","media","correlacao por nome/texto; exige validacao visual"
"LAVSOFT","Anotacoes1","LavSoft","outro","Anotacoes","media","correlacao por nome/texto; exige validacao visual"
"LAVSOFT","Anotacoes1","LavSoft","outro","Anotacoes1","media","correlacao por nome/texto; exige validacao visual"
"LAVSOFT","Anotacoes1","LavSoft","outro","Anotacoes1","media","correlacao por nome/texto; exige validacao visual"
"LAVSOFT","Anotacoes1","LavSoft","outro","Anotacoes1","media","correlacao por nome/texto; exige validacao visual"
"LAVSOFT","Anotacoes1","LavSoft","outro","Anotacoes1","media","correlacao por nome/texto; exige validacao visual"
"LAVSOFT","CaixaDiaDia1","LavSoft","financeiro/caixa","CaixaDiaDia1","media","correlacao por nome/texto; exige validacao visual"
"LAVSOFT","CaixaDiaDia1","LavSoft","financeiro/caixa","CaixaDiaDia1","media","correlacao por nome/texto; exige validacao visual"
"LAVSOFT","CaixaDiaDia1","LavSoft","financeiro/caixa","CaixaDiaDia1","media","correlacao por nome/texto; exige validacao visual"
"LAVSOFT","CaixaDiaDia1","LavSoft","financeiro/caixa","CaixaDiaDia14","media","correlacao por nome/texto; exige validacao visual"
"LAVSOFT","CaixaDiaDia1","LavSoft","financeiro/caixa","CaixaDiaDia14","media","correlacao por nome/texto; exige validacao visual"
"LAVSOFT","CaixaDiaDia1","LavSoft","financeiro/caixa","CaixaDiaDia14","media","correlacao por nome/texto; exige validacao visual"
"LAVSOFT","CaixaDiaDia1","LavSoft","financeiro/caixa","CaixaDiaDia1Click","media","correlacao por nome/texto; exige validacao visual"
"LAVSOFT","CaixaDiaDia1","LavSoft","financeiro/caixa","CaixaDiaDia1Click","media","correlacao por nome/texto; exige validacao visual"
"LAVSOFT","CaixaDiaDia1","LavSoft","financeiro/caixa","CaixaDiaDia1Click","media","correlacao por nome/texto; exige validacao visual"
"LAVSOFT","CaixaDiaDia1","LavSoft","financeiro/caixa","Fechamento de Caixa Dia/Dia","media","correlacao por nome/texto; exige validacao visual"
"LAVSOFT","CaixaDiaDia1","LavSoft","financeiro/caixa","Fechamento de Caixa Dia/Dia","media","correlacao por nome/texto; exige validacao visual"
"LAVSOFT","CaixaDiaDia1","LavSoft","financeiro/caixa","Fechamento de Caixa Dia/Dia","media","correlacao por nome/texto; exige validacao visual"
"LAVSOFT","CaixaDiaDia1","LavSoft","relatorio/impressao","Movimento de Caixa Dia/Dia","media","correlacao por nome/texto; exige validacao visual"
"LAVSOFT","CaixaDiaDia1","LavSoft","relatorio/impressao","Movimento de Caixa Dia/Dia","media","correlacao por nome/texto; exige validacao visual"
"LAVSOFT","CaixaDiaDia1","LavSoft","relatorio/impressao","Movimento de Caixa Dia/Dia","media","correlacao por nome/texto; exige validacao visual"
"LAVSOFT","Cancelamento2","LavSoft","financeiro/caixa","- use o Cancelamento do Pagamento, Tecle Enter para Continuar","media","correlacao por nome/texto; exige validacao visual"
"LAVSOFT","Cancelamento2","LavSoft","financeiro/caixa","- use o Cancelamento do Pagamento, Tecle Enter para Continuar","media","correlacao por nome/texto; exige validacao visual"
"LAVSOFT","Cancelamento2","LavSoft","financeiro/caixa","- use o Cancelamento do Pagamento, Tecle Enter para Continuar","media","correlacao por nome/texto; exige validacao visual"
"LAVSOFT","Cancelamento2","LavSoft","financeiro/caixa","- use o Cancelamento do Pagamento, Tecle Enter para Continuar","media","correlacao por nome/texto; exige validacao visual"
"LAVSOFT","Cancelamento2","LavSoft","outro","""Cancelamento de Notas (Intervalo)","media","correlacao por nome/texto; exige validacao visual"
"LAVSOFT","Cancelamento2","LavSoft","outro","""Cancelamento de Notas (Intervalo)","media","correlacao por nome/texto; exige validacao visual"
"LAVSOFT","Cancelamento2","LavSoft","outro","""Cancelamento de Notas (Intervalo)","media","correlacao por nome/texto; exige validacao visual"
"LAVSOFT","Cancelamento2","LavSoft","outro","""Cancelamento de Notas (Intervalo)","media","correlacao por nome/texto; exige validacao visual"
"LAVSOFT","Cancelamento2","LavSoft","outro","""CancelamentodeNotasIntervalo1Click","media","correlacao por nome/texto; exige validacao visual"
"LAVSOFT","Cancelamento2","LavSoft","outro","""CancelamentodeNotasIntervalo1Click","media","correlacao por nome/texto; exige validacao visual"
"LAVSOFT","Cancelamento2","LavSoft","outro","""CancelamentodeNotasIntervalo1Click","media","correlacao por nome/texto; exige validacao visual"
"LAVSOFT","Cancelamento2","LavSoft","outro","""CancelamentodeNotasIntervalo1Click","media","correlacao por nome/texto; exige validacao visual"
"LAVSOFT","Cancelamento2","LavSoft","financeiro/caixa","""CancelamentodoUltimoEncerramCaixa1(","media","correlacao por nome/texto; exige validacao visual"
"LAVSOFT","Cancelamento2","LavSoft","financeiro/caixa","""CancelamentodoUltimoEncerramCaixa1(","media","correlacao por nome/texto; exige validacao visual"
"LAVSOFT","Cancelamento2","LavSoft","financeiro/caixa","""CancelamentodoUltimoEncerramCaixa1(","media","correlacao por nome/texto; exige validacao visual"
"LAVSOFT","Cancelamento2","LavSoft","financeiro/caixa","""CancelamentodoUltimoEncerramCaixa1(","media","correlacao por nome/texto; exige validacao visual"
"LAVSOFT","Cancelamento2","LavSoft","cadastro",")Bloqueia Cancelamento (Usuario Digitador)","media","correlacao por nome/texto; exige validacao visual"
"LAVSOFT","Cancelamento2","LavSoft","cadastro",")Bloqueia Cancelamento (Usuario Digitador)","media","correlacao por nome/texto; exige validacao visual"
"LAVSOFT","Cancelamento2","LavSoft","cadastro",")Bloqueia Cancelamento (Usuario Digitador)","media","correlacao por nome/texto; exige validacao visual"
"LAVSOFT","Cancelamento2","LavSoft","cadastro",")Bloqueia Cancelamento (Usuario Digitador)","media","correlacao por nome/texto; exige validacao visual"
"LAVSOFT","CancelamentodaNota1","LavSoft","outro","Cancelamento da Nota","media","correlacao por nome/texto; exige validacao visual"
"LAVSOFT","CancelamentodaNota1","LavSoft","outro","Cancelamento da Nota","media","correlacao por nome/texto; exige validacao visual"
"LAVSOFT","CancelamentodaNota1","LavSoft","outro","Cancelamento da Nota","media","correlacao por nome/texto; exige validacao visual"
"LAVSOFT","CancelamentodaNota1","LavSoft","outro","Cancelamento da Nota","media","correlacao por nome/texto; exige validacao visual"
"LAVSOFT","CancelamentodaNota1","LavSoft","fiscal","Cancelamento da Nota Fiscal","media","correlacao por nome/texto; exige validacao visual"
"LAVSOFT","CancelamentodaNota1","LavSoft","fiscal","Cancelamento da Nota Fiscal","media","correlacao por nome/texto; exige validacao visual"
"LAVSOFT","CancelamentodaNota1","LavSoft","fiscal","Cancelamento da Nota Fiscal","media","correlacao por nome/texto; exige validacao visual"
"LAVSOFT","CancelamentodaNota1","LavSoft","fiscal","Cancelamento da Nota Fiscal","media","correlacao por nome/texto; exige validacao visual"
"LAVSOFT","CancelamentodaNota1","LavSoft","outro","CancelamentodaNota1","media","correlacao por nome/texto; exige validacao visual"
"LAVSOFT","CancelamentodaNota1","LavSoft","outro","CancelamentodaNota1","media","correlacao por nome/texto; exige validacao visual"
"LAVSOFT","CancelamentodaNota1","LavSoft","outro","CancelamentodaNota1","media","correlacao por nome/texto; exige validacao visual"
"LAVSOFT","CancelamentodaNota1","LavSoft","outro","CancelamentodaNota1","media","correlacao por nome/texto; exige validacao visual"
"LAVSOFT","CancelamentodaNota1","LavSoft","outro","CancelamentodaNota1Click","media","correlacao por nome/texto; exige validacao visual"
"LAVSOFT","CancelamentodaNota1","LavSoft","outro","CancelamentodaNota1Click","media","correlacao por nome/texto; exige validacao visual"
"LAVSOFT","CancelamentodaNota1","LavSoft","outro","CancelamentodaNota1Click","media","correlacao por nome/texto; exige validacao visual"
"LAVSOFT","CancelamentodaNota1","LavSoft","outro","CancelamentodaNota1Click","media","correlacao por nome/texto; exige validacao visual"
"LAVSOFT","CancelamentodaNota1","LavSoft","fiscal","CancelamentodaNotaFiscal1","media","correlacao por nome/texto; exige validacao visual"
"LAVSOFT","CancelamentodaNota1","LavSoft","fiscal","CancelamentodaNotaFiscal1","media","correlacao por nome/texto; exige validacao visual"
"LAVSOFT","CancelamentodaNota1","LavSoft","fiscal","CancelamentodaNotaFiscal1","media","correlacao por nome/texto; exige validacao visual"
"LAVSOFT","CancelamentodaNota1","LavSoft","fiscal","CancelamentodaNotaFiscal1","media","correlacao por nome/texto; exige validacao visual"
"LAVSOFT","CancelamentodeNotasIntervalo1","LavFacilLan","outro","""Cancelamento de Notas (Intervalo)","media","correlacao por nome/texto; exige validacao visual"
"LAVSOFT","CancelamentodeNotasIntervalo1","LavFacilLan","outro","""Cancelamento de Notas (Intervalo)","media","correlacao por nome/texto; exige validacao visual"
"LAVSOFT","CancelamentodeNotasIntervalo1","LavFacilLan","outro","""Cancelamento de Notas (Intervalo)","media","correlacao por nome/texto; exige validacao visual"
"LAVSOFT","CancelamentodeNotasIntervalo1","LavFacilLan","outro","""Cancelamento de Notas (Intervalo)","media","correlacao por nome/texto; exige validacao visual"
"LAVSOFT","CancelamentodeNotasIntervalo1","LavFacilLan","outro","""CancelamentodeNotasIntervalo1Click","media","correlacao por nome/texto; exige validacao visual"
"LAVSOFT","CancelamentodeNotasIntervalo1","LavFacilLan","outro","""CancelamentodeNotasIntervalo1Click","media","correlacao por nome/texto; exige validacao visual"
"LAVSOFT","CancelamentodeNotasIntervalo1","LavFacilLan","outro","""CancelamentodeNotasIntervalo1Click","media","correlacao por nome/texto; exige validacao visual"
"LAVSOFT","CancelamentodeNotasIntervalo1","LavFacilLan","outro","""CancelamentodeNotasIntervalo1Click","media","correlacao por nome/texto; exige validacao visual"
"LAVSOFT","CancelamentodeNotasIntervalo1","LavSoft","outro","""Cancelamento de Notas (Intervalo)","media","correlacao por nome/texto; exige validacao visual"
"LAVSOFT","CancelamentodeNotasIntervalo1","LavSoft","outro","""Cancelamento de Notas (Intervalo)","media","correlacao por nome/texto; exige validacao visual"
"LAVSOFT","CancelamentodeNotasIntervalo1","LavSoft","outro","""Cancelamento de Notas (Intervalo)","media","correlacao por nome/texto; exige validacao visual"
"LAVSOFT","CancelamentodeNotasIntervalo1","LavSoft","outro","""Cancelamento de Notas (Intervalo)","media","correlacao por nome/texto; exige validacao visual"
"LAVSOFT","CancelamentodeNotasIntervalo1","LavSoft","outro","""CancelamentodeNotasIntervalo1Click","media","correlacao por nome/texto; exige validacao visual"
"LAVSOFT","CancelamentodeNotasIntervalo1","LavSoft","outro","""CancelamentodeNotasIntervalo1Click","media","correlacao por nome/texto; exige validacao visual"
"LAVSOFT","CancelamentodeNotasIntervalo1","LavSoft","outro","""CancelamentodeNotasIntervalo1Click","media","correlacao por nome/texto; exige validacao visual"
"LAVSOFT","CancelamentodeNotasIntervalo1","LavSoft","outro","""CancelamentodeNotasIntervalo1Click","media","correlacao por nome/texto; exige validacao visual"
"LAVSOFT","CancelamentodeNotasIntervalo1","LavSoft","outro","CancelamentodeNotasIntervalo1","media","correlacao por nome/texto; exige validacao visual"
"LAVSOFT","CancelamentodeNotasIntervalo1","LavSoft","outro","CancelamentodeNotasIntervalo1","media","correlacao por nome/texto; exige validacao visual"
"LAVSOFT","CancelamentodeNotasIntervalo1","LavSoft","outro","CancelamentodeNotasIntervalo1","media","correlacao por nome/texto; exige validacao visual"
"LAVSOFT","CancelamentodeNotasIntervalo1","LavSoft","outro","CancelamentodeNotasIntervalo1","media","correlacao por nome/texto; exige validacao visual"
"LAVSOFT","CancelamentoNotaFiscal1","LavFacilLan","fiscal","CancelamentoNotaFiscal1","media","correlacao por nome/texto; exige validacao visual"
"LAVSOFT","CancelamentoNotaFiscal1","LavFacilLan","fiscal","CancelamentoNotaFiscal1","media","correlacao por nome/texto; exige validacao visual"
"LAVSOFT","CancelamentoNotaFiscal1","LavFacilLan","fiscal","CancelamentoNotaFiscal1","media","correlacao por nome/texto; exige validacao visual"
"LAVSOFT","CancelamentoNotaFiscal1","LavFacilLan","fiscal","CancelamentoNotaFiscal1","media","correlacao por nome/texto; exige validacao visual"
"LAVSOFT","CancelamentoNotaFiscal1","LavFacilLan","fiscal","CancelamentoNotaFiscal1Click","media","correlacao por nome/texto; exige validacao visual"
"LAVSOFT","CancelamentoNotaFiscal1","LavFacilLan","fiscal","CancelamentoNotaFiscal1Click","media","correlacao por nome/texto; exige validacao visual"
"LAVSOFT","CancelamentoNotaFiscal1","LavFacilLan","fiscal","CancelamentoNotaFiscal1Click","media","correlacao por nome/texto; exige validacao visual"
"LAVSOFT","CancelamentoNotaFiscal1","LavFacilLan","fiscal","CancelamentoNotaFiscal1Click","media","correlacao por nome/texto; exige validacao visual"
"LAVSOFT","CancelamentoNotaFiscal1","LavSoft","fiscal","CancelamentoNotaFiscal1","media","correlacao por nome/texto; exige validacao visual"
"LAVSOFT","CancelamentoNotaFiscal1","LavSoft","fiscal","CancelamentoNotaFiscal1","media","correlacao por nome/texto; exige validacao visual"
"LAVSOFT","CancelamentoNotaFiscal1","LavSoft","fiscal","CancelamentoNotaFiscal1","media","correlacao por nome/texto; exige validacao visual"
"LAVSOFT","CancelamentoNotaFiscal1","LavSoft","fiscal","CancelamentoNotaFiscal1","media","correlacao por nome/texto; exige validacao visual"
"LAVSOFT","CancelamentoNotaFiscal1","LavSoft","fiscal","CancelamentoNotaFiscal1|","media","correlacao por nome/texto; exige validacao visual"
"LAVSOFT","CancelamentoNotaFiscal1","LavSoft","fiscal","CancelamentoNotaFiscal1|","media","correlacao por nome/texto; exige validacao visual"
"LAVSOFT","CancelamentoNotaFiscal1","LavSoft","fiscal","CancelamentoNotaFiscal1|","media","correlacao por nome/texto; exige validacao visual"
"LAVSOFT","CancelamentoNotaFiscal1","LavSoft","fiscal","CancelamentoNotaFiscal1|","media","correlacao por nome/texto; exige validacao visual"
"LAVSOFT","CancelamentoNotaFiscal1","LavSoft","fiscal","CancelamentoNotaFiscal1Click","media","correlacao por nome/texto; exige validacao visual"
"LAVSOFT","CancelamentoNotaFiscal1","LavSoft","fiscal","CancelamentoNotaFiscal1Click","media","correlacao por nome/texto; exige validacao visual"
"LAVSOFT","CancelamentoNotaFiscal1","LavSoft","fiscal","CancelamentoNotaFiscal1Click","media","correlacao por nome/texto; exige validacao visual"
"LAVSOFT","CancelamentoNotaFiscal1","LavSoft","fiscal","CancelamentoNotaFiscal1Click","media","correlacao por nome/texto; exige validacao visual"
"LAVSOFT","CartadeCobranca1","LavSoft","relatorio/impressao","CartadeCobranca1","media","correlacao por nome/texto; exige validacao visual"
"LAVSOFT","CartadeCobranca1","LavSoft","relatorio/impressao","CartadeCobranca1","media","correlacao por nome/texto; exige validacao visual"
"LAVSOFT","CartadeCobranca1","LavSoft","relatorio/impressao","CartadeCobranca1","media","correlacao por nome/texto; exige validacao visual"
"LAVSOFT","CartadeCobranca1","LavSoft","relatorio/impressao","CartadeCobranca1Click","media","correlacao por nome/texto; exige validacao visual"
"LAVSOFT","CartadeCobranca1","LavSoft","relatorio/impressao","CartadeCobranca1Click","media","correlacao por nome/texto; exige validacao visual"
"LAVSOFT","CartadeCobranca1","LavSoft","relatorio/impressao","CartadeCobranca1Click","media","correlacao por nome/texto; exige validacao visual"
"LAVSOFT","CFDestravaImpressoraFiscal1","LavFacilLan","relatorio/impressao","CFDestravaImpressoraFiscal1","media","correlacao por nome/texto; exige validacao visual"
"LAVSOFT","CFDestravaImpressoraFiscal1","LavFacilLan","relatorio/impressao","CFDestravaImpressoraFiscal1","media","correlacao por nome/texto; exige validacao visual"
"LAVSOFT","CFDestravaImpressoraFiscal1","LavFacilLan","relatorio/impressao","CFDestravaImpressoraFiscal1","media","correlacao por nome/texto; exige validacao visual"
"LAVSOFT","CFDestravaImpressoraFiscal1","LavFacilLan","relatorio/impressao","CFDestravaImpressoraFiscal1","media","correlacao por nome/texto; exige validacao visual"
"LAVSOFT","CFDestravaImpressoraFiscal1","LavFacilLan","relatorio/impressao","CFDestravaImpressoraFiscal1Click","media","correlacao por nome/texto; exige validacao visual"
"LAVSOFT","CFDestravaImpressoraFiscal1","LavFacilLan","relatorio/impressao","CFDestravaImpressoraFiscal1Click","media","correlacao por nome/texto; exige validacao visual"
"LAVSOFT","CFDestravaImpressoraFiscal1","LavFacilLan","relatorio/impressao","CFDestravaImpressoraFiscal1Click","media","correlacao por nome/texto; exige validacao visual"
"LAVSOFT","CFDestravaImpressoraFiscal1","LavFacilLan","relatorio/impressao","CFDestravaImpressoraFiscal1Click","media","correlacao por nome/texto; exige validacao visual"
"LAVSOFT","CFDestravaImpressoraFiscal1","LavFacilLan","relatorio/impressao","CFDestravaImpressoraFiscal1P","media","correlacao por nome/texto; exige validacao visual"
"LAVSOFT","CFDestravaImpressoraFiscal1","LavFacilLan","relatorio/impressao","CFDestravaImpressoraFiscal1P","media","correlacao por nome/texto; exige validacao visual"
"LAVSOFT","CFDestravaImpressoraFiscal1","LavFacilLan","relatorio/impressao","CFDestravaImpressoraFiscal1P","media","correlacao por nome/texto; exige validacao visual"
"LAVSOFT","CFDestravaImpressoraFiscal1","LavFacilLan","relatorio/impressao","CFDestravaImpressoraFiscal1P","media","correlacao por nome/texto; exige validacao visual"
"LAVSOFT","CFDestravaImpressoraFiscal1","LavSoft","relatorio/impressao","CFDestravaImpressoraFiscal1","media","correlacao por nome/texto; exige validacao visual"
"LAVSOFT","CFDestravaImpressoraFiscal1","LavSoft","relatorio/impressao","CFDestravaImpressoraFiscal1","media","correlacao por nome/texto; exige validacao visual"
"LAVSOFT","CFDestravaImpressoraFiscal1","LavSoft","relatorio/impressao","CFDestravaImpressoraFiscal1","media","correlacao por nome/texto; exige validacao visual"
"LAVSOFT","CFDestravaImpressoraFiscal1","LavSoft","relatorio/impressao","CFDestravaImpressoraFiscal1","media","correlacao por nome/texto; exige validacao visual"
"LAVSOFT","CFDestravaImpressoraFiscal1","LavSoft","relatorio/impressao","CFDestravaImpressoraFiscal1Click","media","correlacao por nome/texto; exige validacao visual"
"LAVSOFT","CFDestravaImpressoraFiscal1","LavSoft","relatorio/impressao","CFDestravaImpressoraFiscal1Click","media","correlacao por nome/texto; exige validacao visual"
"LAVSOFT","CFDestravaImpressoraFiscal1","LavSoft","relatorio/impressao","CFDestravaImpressoraFiscal1Click","media","correlacao por nome/texto; exige validacao visual"
"LAVSOFT","CFDestravaImpressoraFiscal1","LavSoft","relatorio/impressao","CFDestravaImpressoraFiscal1Click","media","correlacao por nome/texto; exige validacao visual"
"LAVSOFT","CFFundodeCaixa1","LavFacilLan","financeiro/caixa","CFFundodeCaixa1","media","correlacao por nome/texto; exige validacao visual"
"LAVSOFT","CFFundodeCaixa1","LavFacilLan","financeiro/caixa","CFFundodeCaixa1","media","correlacao por nome/texto; exige validacao visual"
"LAVSOFT","CFFundodeCaixa1","LavFacilLan","financeiro/caixa","CFFundodeCaixa1","media","correlacao por nome/texto; exige validacao visual"
"LAVSOFT","CFFundodeCaixa1","LavFacilLan","financeiro/caixa","CFFundodeCaixa1","media","correlacao por nome/texto; exige validacao visual"
"LAVSOFT","CFFundodeCaixa1","LavFacilLan","financeiro/caixa","CFFundodeCaixa1@","media","correlacao por nome/texto; exige validacao visual"
"LAVSOFT","CFFundodeCaixa1","LavFacilLan","financeiro/caixa","CFFundodeCaixa1@","media","correlacao por nome/texto; exige validacao visual"
"LAVSOFT","CFFundodeCaixa1","LavFacilLan","financeiro/caixa","CFFundodeCaixa1@","media","correlacao por nome/texto; exige validacao visual"
"LAVSOFT","CFFundodeCaixa1","LavFacilLan","financeiro/caixa","CFFundodeCaixa1@","media","correlacao por nome/texto; exige validacao visual"
"LAVSOFT","CFFundodeCaixa1","LavFacilLan","financeiro/caixa","CFFundodeCaixa1Click","media","correlacao por nome/texto; exige validacao visual"
"LAVSOFT","CFFundodeCaixa1","LavFacilLan","financeiro/caixa","CFFundodeCaixa1Click","media","correlacao por nome/texto; exige validacao visual"
"LAVSOFT","CFFundodeCaixa1","LavFacilLan","financeiro/caixa","CFFundodeCaixa1Click","media","correlacao por nome/texto; exige validacao visual"
"LAVSOFT","CFFundodeCaixa1","LavFacilLan","financeiro/caixa","CFFundodeCaixa1Click","media","correlacao por nome/texto; exige validacao visual"
"LAVSOFT","CFFundodeCaixa1","LavSoft","financeiro/caixa","CFFundodeCaixa1","media","correlacao por nome/texto; exige validacao visual"
"LAVSOFT","CFFundodeCaixa1","LavSoft","financeiro/caixa","CFFundodeCaixa1","media","correlacao por nome/texto; exige validacao visual"
"LAVSOFT","CFFundodeCaixa1","LavSoft","financeiro/caixa","CFFundodeCaixa1","media","correlacao por nome/texto; exige validacao visual"
"LAVSOFT","CFFundodeCaixa1","LavSoft","financeiro/caixa","CFFundodeCaixa1","media","correlacao por nome/texto; exige validacao visual"
"LAVSOFT","CFFundodeCaixa1","LavSoft","financeiro/caixa","CFFundodeCaixa1Click","media","correlacao por nome/texto; exige validacao visual"
"LAVSOFT","CFFundodeCaixa1","LavSoft","financeiro/caixa","CFFundodeCaixa1Click","media","correlacao por nome/texto; exige validacao visual"
"LAVSOFT","CFFundodeCaixa1","LavSoft","financeiro/caixa","CFFundodeCaixa1Click","media","correlacao por nome/texto; exige validacao visual"
"LAVSOFT","CFFundodeCaixa1","LavSoft","financeiro/caixa","CFFundodeCaixa1Click","media","correlacao por nome/texto; exige validacao visual"
"LAVSOFT","CFLeituraMemriaFiscal1","LavFacilLan","fiscal","CFLeituraMemriaFiscal1","media","correlacao por nome/texto; exige validacao visual"
"LAVSOFT","CFLeituraMemriaFiscal1","LavFacilLan","fiscal","CFLeituraMemriaFiscal1","media","correlacao por nome/texto; exige validacao visual"
"LAVSOFT","CFLeituraMemriaFiscal1","LavFacilLan","fiscal","CFLeituraMemriaFiscal1","media","correlacao por nome/texto; exige validacao visual"
"LAVSOFT","CFLeituraMemriaFiscal1","LavFacilLan","fiscal","CFLeituraMemriaFiscal1","media","correlacao por nome/texto; exige validacao visual"
"LAVSOFT","CFLeituraMemriaFiscal1","LavFacilLan","fiscal","CFLeituraMemriaFiscal1Click","media","correlacao por nome/texto; exige validacao visual"
"LAVSOFT","CFLeituraMemriaFiscal1","LavFacilLan","fiscal","CFLeituraMemriaFiscal1Click","media","correlacao por nome/texto; exige validacao visual"
"LAVSOFT","CFLeituraMemriaFiscal1","LavFacilLan","fiscal","CFLeituraMemriaFiscal1Click","media","correlacao por nome/texto; exige validacao visual"
"LAVSOFT","CFLeituraMemriaFiscal1","LavFacilLan","fiscal","CFLeituraMemriaFiscal1Click","media","correlacao por nome/texto; exige validacao visual"
"LAVSOFT","CFLeituraMemriaFiscal1","LavFacilLan","fiscal","CFLeituraMemriaFiscal1Click'","media","correlacao por nome/texto; exige validacao visual"
"LAVSOFT","CFLeituraMemriaFiscal1","LavFacilLan","fiscal","CFLeituraMemriaFiscal1Click'","media","correlacao por nome/texto; exige validacao visual"
"LAVSOFT","CFLeituraMemriaFiscal1","LavFacilLan","fiscal","CFLeituraMemriaFiscal1Click'","media","correlacao por nome/texto; exige validacao visual"
"LAVSOFT","CFLeituraMemriaFiscal1","LavFacilLan","fiscal","CFLeituraMemriaFiscal1Click'","media","correlacao por nome/texto; exige validacao visual"
"LAVSOFT","CFLeituraMemriaFiscal1","LavSoft","fiscal","CFLeituraMemriaFiscal1","media","correlacao por nome/texto; exige validacao visual"
"LAVSOFT","CFLeituraMemriaFiscal1","LavSoft","fiscal","CFLeituraMemriaFiscal1","media","correlacao por nome/texto; exige validacao visual"
"LAVSOFT","CFLeituraMemriaFiscal1","LavSoft","fiscal","CFLeituraMemriaFiscal1","media","correlacao por nome/texto; exige validacao visual"
"LAVSOFT","CFLeituraMemriaFiscal1","LavSoft","fiscal","CFLeituraMemriaFiscal1","media","correlacao por nome/texto; exige validacao visual"
"LAVSOFT","CFLeituraMemriaFiscal1","LavSoft","fiscal","CFLeituraMemriaFiscal1Click","media","correlacao por nome/texto; exige validacao visual"
"LAVSOFT","CFLeituraMemriaFiscal1","LavSoft","fiscal","CFLeituraMemriaFiscal1Click","media","correlacao por nome/texto; exige validacao visual"
"LAVSOFT","CFLeituraMemriaFiscal1","LavSoft","fiscal","CFLeituraMemriaFiscal1Click","media","correlacao por nome/texto; exige validacao visual"
"LAVSOFT","CFLeituraMemriaFiscal1","LavSoft","fiscal","CFLeituraMemriaFiscal1Click","media","correlacao por nome/texto; exige validacao visual"
"LAVSOFT","CFSangriaCaixa1","LavFacilLan","financeiro/caixa","CFSangriaCaixa1","media","correlacao por nome/texto; exige validacao visual"
"LAVSOFT","CFSangriaCaixa1","LavFacilLan","financeiro/caixa","CFSangriaCaixa1","media","correlacao por nome/texto; exige validacao visual"
"LAVSOFT","CFSangriaCaixa1","LavFacilLan","financeiro/caixa","CFSangriaCaixa1","media","correlacao por nome/texto; exige validacao visual"
"LAVSOFT","CFSangriaCaixa1","LavFacilLan","financeiro/caixa","CFSangriaCaixa1","media","correlacao por nome/texto; exige validacao visual"
"LAVSOFT","CFSangriaCaixa1","LavFacilLan","financeiro/caixa","CFSangriaCaixa1Click","media","correlacao por nome/texto; exige validacao visual"
"LAVSOFT","CFSangriaCaixa1","LavFacilLan","financeiro/caixa","CFSangriaCaixa1Click","media","correlacao por nome/texto; exige validacao visual"
"LAVSOFT","CFSangriaCaixa1","LavFacilLan","financeiro/caixa","CFSangriaCaixa1Click","media","correlacao por nome/texto; exige validacao visual"
"LAVSOFT","CFSangriaCaixa1","LavFacilLan","financeiro/caixa","CFSangriaCaixa1Click","media","correlacao por nome/texto; exige validacao visual"
"LAVSOFT","CFSangriaCaixa1","LavFacilLan","financeiro/caixa","CFSangriaCaixa1D","media","correlacao por nome/texto; exige validacao visual"
"LAVSOFT","CFSangriaCaixa1","LavFacilLan","financeiro/caixa","CFSangriaCaixa1D","media","correlacao por nome/texto; exige validacao visual"
"LAVSOFT","CFSangriaCaixa1","LavFacilLan","financeiro/caixa","CFSangriaCaixa1D","media","correlacao por nome/texto; exige validacao visual"
"LAVSOFT","CFSangriaCaixa1","LavFacilLan","financeiro/caixa","CFSangriaCaixa1D","media","correlacao por nome/texto; exige validacao visual"
"LAVSOFT","CFSangriaCaixa1","LavSoft","financeiro/caixa","CFSangriaCaixa1","media","correlacao por nome/texto; exige validacao visual"
"LAVSOFT","CFSangriaCaixa1","LavSoft","financeiro/caixa","CFSangriaCaixa1","media","correlacao por nome/texto; exige validacao visual"
"LAVSOFT","CFSangriaCaixa1","LavSoft","financeiro/caixa","CFSangriaCaixa1","media","correlacao por nome/texto; exige validacao visual"
"LAVSOFT","CFSangriaCaixa1","LavSoft","financeiro/caixa","CFSangriaCaixa1","media","correlacao por nome/texto; exige validacao visual"
"LAVSOFT","CFSangriaCaixa1","LavSoft","financeiro/caixa","CFSangriaCaixa1Click","media","correlacao por nome/texto; exige validacao visual"
"LAVSOFT","CFSangriaCaixa1","LavSoft","financeiro/caixa","CFSangriaCaixa1Click","media","correlacao por nome/texto; exige validacao visual"
"LAVSOFT","CFSangriaCaixa1","LavSoft","financeiro/caixa","CFSangriaCaixa1Click","media","correlacao por nome/texto; exige validacao visual"
"LAVSOFT","CFSangriaCaixa1","LavSoft","financeiro/caixa","CFSangriaCaixa1Click","media","correlacao por nome/texto; exige validacao visual"
"LAVSOFT","ClientesCad1","Financeiro","cadastro","Clientes Cadastros Entre","media","correlacao por nome/texto; exige validacao visual"
"LAVSOFT","ClientesCad1","LavSoft","cadastro","ClientesCad1","media","correlacao por nome/texto; exige validacao visual"
"LAVSOFT","CobrancaDiversas","LavFacilLan","financeiro/caixa","CobrancaDiversas","media","correlacao por nome/texto; exige validacao visual"
"LAVSOFT","CobrancaDiversas","LavFacilLan","financeiro/caixa","CobrancaDiversasClick","media","correlacao por nome/texto; exige validacao visual"
"LAVSOFT","CobrancaDiversas","LavSoft","financeiro/caixa","CobrancaDiversas","media","correlacao por nome/texto; exige validacao visual"
"LAVSOFT","CobrancaDiversas","LavSoft","financeiro/caixa","CobrancaDiversasClick","media","correlacao por nome/texto; exige validacao visual"
"LAVSOFT","ComissaoPagamento1","LavSoft","relatorio/impressao","ComissaoPagamento1","media","correlacao por nome/texto; exige validacao visual"
"LAVSOFT","ComissaoPagamento1","LavSoft","relatorio/impressao","ComissaoPagamento1","media","correlacao por nome/texto; exige validacao visual"
"LAVSOFT","ComissaoPagamento1","LavSoft","relatorio/impressao","ComissaoPagamento1","media","correlacao por nome/texto; exige validacao visual"
"LAVSOFT","ComissaoPagamento1","LavSoft","relatorio/impressao","ComissaoPagamento1","media","correlacao por nome/texto; exige validacao visual"
"LAVSOFT","ComissaoPagamento1","LavSoft","relatorio/impressao","ComissaoPagamento1Click","media","correlacao por nome/texto; exige validacao visual"
"LAVSOFT","ComissaoPagamento1","LavSoft","relatorio/impressao","ComissaoPagamento1Click","media","correlacao por nome/texto; exige validacao visual"
"LAVSOFT","ComissaoPagamento1","LavSoft","relatorio/impressao","ComissaoPagamento1Click","media","correlacao por nome/texto; exige validacao visual"
"LAVSOFT","ComissaoPagamento1","LavSoft","relatorio/impressao","ComissaoPagamento1Click","media","correlacao por nome/texto; exige validacao visual"
"LAVSOFT","ComissoRol1","LavSoft","relatorio/impressao","ComissoRol1","media","correlacao por nome/texto; exige validacao visual"
"LAVSOFT","ComissoRol1","LavSoft","relatorio/impressao","ComissoRol1","media","correlacao por nome/texto; exige validacao visual"
"LAVSOFT","ComissoRol1","LavSoft","relatorio/impressao","ComissoRol1","media","correlacao por nome/texto; exige validacao visual"
"LAVSOFT","ComissoRol1","LavSoft","relatorio/impressao","ComissoRol1","media","correlacao por nome/texto; exige validacao visual"
"LAVSOFT","ComissoRol1","LavSoft","relatorio/impressao","ComissoRol1Click","media","correlacao por nome/texto; exige validacao visual"
"LAVSOFT","ComissoRol1","LavSoft","relatorio/impressao","ComissoRol1Click","media","correlacao por nome/texto; exige validacao visual"
"LAVSOFT","ComissoRol1","LavSoft","relatorio/impressao","ComissoRol1Click","media","correlacao por nome/texto; exige validacao visual"
"LAVSOFT","ComissoRol1","LavSoft","relatorio/impressao","ComissoRol1Click","media","correlacao por nome/texto; exige validacao visual"
"LAVSOFT","CondicaodePagamento1","LavSoft","cadastro","CondicaodePagamento1","media","correlacao por nome/texto; exige validacao visual"
"LAVSOFT","CondicaodePagamento1","LavSoft","cadastro","CondicaodePagamento1","media","correlacao por nome/texto; exige validacao visual"
"LAVSOFT","CondicaodePagamento1","LavSoft","cadastro","CondicaodePagamento1","media","correlacao por nome/texto; exige validacao visual"
"LAVSOFT","CondicaodePagamento1","LavSoft","cadastro","CondicaodePagamento1","media","correlacao por nome/texto; exige validacao visual"
"LAVSOFT","CondicaodePagamento1","LavSoft","cadastro","CondicaodePagamento1\","media","correlacao por nome/texto; exige validacao visual"
"LAVSOFT","CondicaodePagamento1","LavSoft","cadastro","CondicaodePagamento1\","media","correlacao por nome/texto; exige validacao visual"
"LAVSOFT","CondicaodePagamento1","LavSoft","cadastro","CondicaodePagamento1\","media","correlacao por nome/texto; exige validacao visual"
"LAVSOFT","CondicaodePagamento1","LavSoft","cadastro","CondicaodePagamento1\","media","correlacao por nome/texto; exige validacao visual"
"LAVSOFT","CondicaodePagamento1","LavSoft","cadastro","CondicaodePagamento1Click","media","correlacao por nome/texto; exige validacao visual"
"LAVSOFT","CondicaodePagamento1","LavSoft","cadastro","CondicaodePagamento1Click","media","correlacao por nome/texto; exige validacao visual"
"LAVSOFT","CondicaodePagamento1","LavSoft","cadastro","CondicaodePagamento1Click","media","correlacao por nome/texto; exige validacao visual"
"LAVSOFT","CondicaodePagamento1","LavSoft","cadastro","CondicaodePagamento1Click","media","correlacao por nome/texto; exige validacao visual"
"LAVSOFT","ConIntEntrega1","LavFacilLan","operacional","ConIntEntrega1","media","correlacao por nome/texto; exige validacao visual"
"LAVSOFT","ConIntEntrega1","LavFacilLan","operacional","ConIntEntrega1Click","media","correlacao por nome/texto; exige validacao visual"
"LAVSOFT","ConIntEntrega1","LavSoft","operacional","ConIntEntrega1","media","correlacao por nome/texto; exige validacao visual"
"LAVSOFT","ConIntEntrega1","LavSoft","operacional","ConIntEntrega1Click","media","correlacao por nome/texto; exige validacao visual"
"LAVSOFT","ControledeCaixa1","LavSoft","financeiro/caixa","Controle de Caixa","media","correlacao por nome/texto; exige validacao visual"
"LAVSOFT","ControledeCaixa1","LavSoft","financeiro/caixa","Controle de Caixa","media","correlacao por nome/texto; exige validacao visual"
"LAVSOFT","ControledeCaixa1","LavSoft","financeiro/caixa","Controle de Caixa","media","correlacao por nome/texto; exige validacao visual"
"LAVSOFT","ControledeCaixa1","LavSoft","financeiro/caixa","Controle de Caixa","media","correlacao por nome/texto; exige validacao visual"
"LAVSOFT","ControledeCaixa1","LavSoft","financeiro/caixa","Controle de Caixa (Desativado)","media","correlacao por nome/texto; exige validacao visual"
"LAVSOFT","ControledeCaixa1","LavSoft","financeiro/caixa","Controle de Caixa (Desativado)","media","correlacao por nome/texto; exige validacao visual"
"LAVSOFT","ControledeCaixa1","LavSoft","financeiro/caixa","Controle de Caixa (Desativado)","media","correlacao por nome/texto; exige validacao visual"
"LAVSOFT","ControledeCaixa1","LavSoft","financeiro/caixa","Controle de Caixa (Desativado)","media","correlacao por nome/texto; exige validacao visual"
"LAVSOFT","ControledeCaixa1","LavSoft","financeiro/caixa","ControledeCaixa1","media","correlacao por nome/texto; exige validacao visual"
"LAVSOFT","ControledeCaixa1","LavSoft","financeiro/caixa","ControledeCaixa1","media","correlacao por nome/texto; exige validacao visual"
"LAVSOFT","ControledeCaixa1","LavSoft","financeiro/caixa","ControledeCaixa1","media","correlacao por nome/texto; exige validacao visual"
"LAVSOFT","ControledeCaixa1","LavSoft","financeiro/caixa","ControledeCaixa1","media","correlacao por nome/texto; exige validacao visual"
"LAVSOFT","ControledeCaixa1","LavSoft","financeiro/caixa","ControledeCaixa1Click","media","correlacao por nome/texto; exige validacao visual"
"LAVSOFT","ControledeCaixa1","LavSoft","financeiro/caixa","ControledeCaixa1Click","media","correlacao por nome/texto; exige validacao visual"
"LAVSOFT","ControledeCaixa1","LavSoft","financeiro/caixa","ControledeCaixa1Click","media","correlacao por nome/texto; exige validacao visual"
"LAVSOFT","ControledeCaixa1","LavSoft","financeiro/caixa","ControledeCaixa1Click","media","correlacao por nome/texto; exige validacao visual"
"LAVSOFT","ControledeLavagem1","LavFacilLan","operacional","Controle de Lavagem","media","correlacao por nome/texto; exige validacao visual"
"LAVSOFT","ControledeLavagem1","LavFacilLan","operacional","Controle de Lavagem","media","correlacao por nome/texto; exige validacao visual"
"LAVSOFT","ControledeLavagem1","LavFacilLan","operacional","Controle de Lavagem","media","correlacao por nome/texto; exige validacao visual"
"LAVSOFT","ControledeLavagem1","LavFacilLan","operacional","Controle de Lavagem","media","correlacao por nome/texto; exige validacao visual"
"LAVSOFT","ControledeLavagem1","LavSoft","operacional","Controle de Lavagem","media","correlacao por nome/texto; exige validacao visual"
"LAVSOFT","ControledeLavagem1","LavSoft","operacional","Controle de Lavagem","media","correlacao por nome/texto; exige validacao visual"
"LAVSOFT","ControledeLavagem1","LavSoft","operacional","Controle de Lavagem","media","correlacao por nome/texto; exige validacao visual"
"LAVSOFT","ControledeLavagem1","LavSoft","operacional","Controle de Lavagem","media","correlacao por nome/texto; exige validacao visual"
"LAVSOFT","ControledeLavagem1","LavSoft","operacional","ControledeLavagem1","media","correlacao por nome/texto; exige validacao visual"
"LAVSOFT","ControledeLavagem1","LavSoft","operacional","ControledeLavagem1","media","correlacao por nome/texto; exige validacao visual"
"LAVSOFT","ControledeLavagem1","LavSoft","operacional","ControledeLavagem1","media","correlacao por nome/texto; exige validacao visual"
"LAVSOFT","ControledeLavagem1","LavSoft","operacional","ControledeLavagem1","media","correlacao por nome/texto; exige validacao visual"
"LAVSOFT","ControledeLavagem1","LavSoft","operacional","ControledeLavagem1Click","media","correlacao por nome/texto; exige validacao visual"
"LAVSOFT","ControledeLavagem1","LavSoft","operacional","ControledeLavagem1Click","media","correlacao por nome/texto; exige validacao visual"
"LAVSOFT","ControledeLavagem1","LavSoft","operacional","ControledeLavagem1Click","media","correlacao por nome/texto; exige validacao visual"
"LAVSOFT","ControledeLavagem1","LavSoft","operacional","ControledeLavagem1Click","media","correlacao por nome/texto; exige validacao visual"
"LAVSOFT","ControledeLavagem1","LavSoft","operacional","ControledeLavagem1p","media","correlacao por nome/texto; exige validacao visual"
"LAVSOFT","ControledeLavagem1","LavSoft","operacional","ControledeLavagem1p","media","correlacao por nome/texto; exige validacao visual"
"LAVSOFT","ControledeLavagem1","LavSoft","operacional","ControledeLavagem1p","media","correlacao por nome/texto; exige validacao visual"
"LAVSOFT","ControledeLavagem1","LavSoft","operacional","ControledeLavagem1p","media","correlacao por nome/texto; exige validacao visual"
"LAVSOFT","ControledeMetas1","LavSoft","operacional","Controle de Metas","media","correlacao por nome/texto; exige validacao visual"
"LAVSOFT","ControledeMetas1","LavSoft","operacional","Controle de Metas","media","correlacao por nome/texto; exige validacao visual"
"LAVSOFT","ControledeMetas1","LavSoft","operacional","Controle de Metas","media","correlacao por nome/texto; exige validacao visual"
"LAVSOFT","ControledeMetas1","LavSoft","operacional","ControledeMetas1","media","correlacao por nome/texto; exige validacao visual"
"LAVSOFT","ControledeMetas1","LavSoft","operacional","ControledeMetas1","media","correlacao por nome/texto; exige validacao visual"
"LAVSOFT","ControledeMetas1","LavSoft","operacional","ControledeMetas1","media","correlacao por nome/texto; exige validacao visual"
"LAVSOFT","ControledeMetas1","LavSoft","operacional","ControledeMetas1Click","media","correlacao por nome/texto; exige validacao visual"
"LAVSOFT","ControledeMetas1","LavSoft","operacional","ControledeMetas1Click","media","correlacao por nome/texto; exige validacao visual"
"LAVSOFT","ControledeMetas1","LavSoft","operacional","ControledeMetas1Click","media","correlacao por nome/texto; exige validacao visual"
"LAVSOFT","Cores1","LavSoft","cadastro","/Bloqueia Cores Repetidas no Controle de Entrada","media","correlacao por nome/texto; exige validacao visual"
"LAVSOFT","Cores1","LavSoft","cadastro","/Bloqueia Cores Repetidas no Controle de Entrada","media","correlacao por nome/texto; exige validacao visual"
"LAVSOFT","Cores1","LavSoft","cadastro","/Bloqueia Cores Repetidas no Controle de Entrada","media","correlacao por nome/texto; exige validacao visual"
"LAVSOFT","Cores1","LavSoft","cadastro","/Bloqueia Cores Repetidas no Controle de Entrada","media","correlacao por nome/texto; exige validacao visual"
"LAVSOFT","Cores1","LavSoft","cadastro","Bloqueia Cores (Controle Ent.)","media","correlacao por nome/texto; exige validacao visual"
"LAVSOFT","Cores1","LavSoft","cadastro","Bloqueia Cores (Controle Ent.)","media","correlacao por nome/texto; exige validacao visual"
"LAVSOFT","Cores1","LavSoft","cadastro","Bloqueia Cores (Controle Ent.)","media","correlacao por nome/texto; exige validacao visual"
"LAVSOFT","Cores1","LavSoft","cadastro","Bloqueia Cores (Controle Ent.)","media","correlacao por nome/texto; exige validacao visual"
"LAVSOFT","Cores1","LavSoft","cadastro","Cadastro de Cores","media","correlacao por nome/texto; exige validacao visual"
"LAVSOFT","Cores1","LavSoft","cadastro","Cadastro de Cores","media","correlacao por nome/texto; exige validacao visual"
"LAVSOFT","Cores1","LavSoft","cadastro","Cadastro de Cores","media","correlacao por nome/texto; exige validacao visual"
"LAVSOFT","Cores1","LavSoft","cadastro","Cadastro de Cores","media","correlacao por nome/texto; exige validacao visual"
"LAVSOFT","Cores1","LavSoft","cadastro","CB_CoresEntrada","media","correlacao por nome/texto; exige validacao visual"
"LAVSOFT","Cores1","LavSoft","cadastro","CB_CoresEntrada","media","correlacao por nome/texto; exige validacao visual"
"LAVSOFT","Cores1","LavSoft","cadastro","CB_CoresEntrada","media","correlacao por nome/texto; exige validacao visual"
"LAVSOFT","Cores1","LavSoft","cadastro","CB_CoresEntrada","media","correlacao por nome/texto; exige validacao visual"
"LAVSOFT","Cores1","LavSoft","cadastro","CB_CoresEntrada,","media","correlacao por nome/texto; exige validacao visual"
"LAVSOFT","Cores1","LavSoft","cadastro","CB_CoresEntrada,","media","correlacao por nome/texto; exige validacao visual"
"LAVSOFT","Cores1","LavSoft","cadastro","CB_CoresEntrada,","media","correlacao por nome/texto; exige validacao visual"
"LAVSOFT","Cores1","LavSoft","cadastro","CB_CoresEntrada,","media","correlacao por nome/texto; exige validacao visual"
"LAVSOFT","Defeitos1","LavFacilLan","cadastro",":\Equipexe\Sincroniza\Envio\Defeitos.xml","media","correlacao por nome/texto; exige validacao visual"
"LAVSOFT","Defeitos1","LavFacilLan","cadastro",":\Equipexe\Sincroniza\Envio\Defeitos.xml","media","correlacao por nome/texto; exige validacao visual"
"LAVSOFT","Defeitos1","LavFacilLan","cadastro",":\Equipexe\Sincroniza\Envio\Defeitos.xml","media","correlacao por nome/texto; exige validacao visual"
"LAVSOFT","Defeitos1","LavFacilLan","cadastro",":\Equipexe\Sincroniza\Envio\Defeitos.xml","media","correlacao por nome/texto; exige validacao visual"
"LAVSOFT","Defeitos1","LavFacilLan","cadastro","Defeitos encontrados no Produto","media","correlacao por nome/texto; exige validacao visual"
"LAVSOFT","Defeitos1","LavFacilLan","cadastro","Defeitos encontrados no Produto","media","correlacao por nome/texto; exige validacao visual"
"LAVSOFT","Defeitos1","LavFacilLan","cadastro","Defeitos encontrados no Produto","media","correlacao por nome/texto; exige validacao visual"
"LAVSOFT","Defeitos1","LavFacilLan","cadastro","Defeitos encontrados no Produto","media","correlacao por nome/texto; exige validacao visual"
"LAVSOFT","Defeitos1","LavSoft","cadastro","Cadastro de Defeitos","media","correlacao por nome/texto; exige validacao visual"
"LAVSOFT","Defeitos1","LavSoft","cadastro","Cadastro de Defeitos","media","correlacao por nome/texto; exige validacao visual"
"LAVSOFT","Defeitos1","LavSoft","cadastro","Cadastro de Defeitos","media","correlacao por nome/texto; exige validacao visual"
"LAVSOFT","Defeitos1","LavSoft","cadastro","Cadastro de Defeitos","media","correlacao por nome/texto; exige validacao visual"
"LAVSOFT","Defeitos1","LavSoft","cadastro","Defeitos encontrados no Produto","media","correlacao por nome/texto; exige validacao visual"
"LAVSOFT","Defeitos1","LavSoft","cadastro","Defeitos encontrados no Produto","media","correlacao por nome/texto; exige validacao visual"
"LAVSOFT","Defeitos1","LavSoft","cadastro","Defeitos encontrados no Produto","media","correlacao por nome/texto; exige validacao visual"
"LAVSOFT","Defeitos1","LavSoft","cadastro","Defeitos encontrados no Produto","media","correlacao por nome/texto; exige validacao visual"
"LAVSOFT","Delivery1","LavFacilLan","operacional","3|Tipos de Entrada (Retira, Entrega, Delivery e Etc)","media","correlacao por nome/texto; exige validacao visual"
"LAVSOFT","Delivery1","LavFacilLan","financeiro/caixa","AJUSTE REF. AO DELIVERY DO DESCONTO DO ROL N","media","correlacao por nome/texto; exige validacao visual"
"LAVSOFT","Delivery1","LavFacilLan","operacional","DELIVERY - Horario de Entrega do Rol","media","correlacao por nome/texto; exige validacao visual"
"LAVSOFT","Delivery1","LavSoft","operacional","3|Tipos de Entrada (Retira, Entrega, Delivery e Etc)","media","correlacao por nome/texto; exige validacao visual"
"LAVSOFT","Delivery1","LavSoft","relatorio/impressao","Movimento Delivery","media","correlacao por nome/texto; exige validacao visual"
"LAVSOFT","DescontoPorc1","LavFacilLan","financeiro/caixa","Desconto Porcentagem - Se valor final for 0,zera os valores","media","correlacao por nome/texto; exige validacao visual"
"LAVSOFT","DescontoPorc1","LavFacilLan","financeiro/caixa","Desconto Porcentagem - Se valor final for 0,zera os valores","media","correlacao por nome/texto; exige validacao visual"
"LAVSOFT","DescontoPorc1","LavFacilLan","financeiro/caixa","Desconto Porcentagem - Se valor final for 0,zera os valores","media","correlacao por nome/texto; exige validacao visual"
"LAVSOFT","DescontoPorc1","LavFacilLan","financeiro/caixa","Desconto Porcentagem - Se valor final for 0,zera os valores","media","correlacao por nome/texto; exige validacao visual"
"LAVSOFT","DescontoPorc1","LavFacilLan","financeiro/caixa","DescontoPorc1","media","correlacao por nome/texto; exige validacao visual"
"LAVSOFT","DescontoPorc1","LavFacilLan","financeiro/caixa","DescontoPorc1","media","correlacao por nome/texto; exige validacao visual"
"LAVSOFT","DescontoPorc1","LavFacilLan","financeiro/caixa","DescontoPorc1","media","correlacao por nome/texto; exige validacao visual"
"LAVSOFT","DescontoPorc1","LavFacilLan","financeiro/caixa","DescontoPorc1","media","correlacao por nome/texto; exige validacao visual"
"LAVSOFT","DescontoPorc1","LavFacilLan","financeiro/caixa","Lb_DescontoPorc","media","correlacao por nome/texto; exige validacao visual"
"LAVSOFT","DescontoPorc1","LavFacilLan","financeiro/caixa","Lb_DescontoPorc","media","correlacao por nome/texto; exige validacao visual"
"LAVSOFT","DescontoPorc1","LavFacilLan","financeiro/caixa","Lb_DescontoPorc","media","correlacao por nome/texto; exige validacao visual"
"LAVSOFT","DescontoPorc1","LavFacilLan","financeiro/caixa","Lb_DescontoPorc","media","correlacao por nome/texto; exige validacao visual"
"LAVSOFT","DescontoPorc1","LavSoft","financeiro/caixa","DescontoPorc1","media","correlacao por nome/texto; exige validacao visual"
"LAVSOFT","DescontoPorc1","LavSoft","financeiro/caixa","DescontoPorc1","media","correlacao por nome/texto; exige validacao visual"
"LAVSOFT","DescontoPorc1","LavSoft","financeiro/caixa","DescontoPorc1","media","correlacao por nome/texto; exige validacao visual"
"LAVSOFT","DescontoPorc1","LavSoft","financeiro/caixa","DescontoPorc1","media","correlacao por nome/texto; exige validacao visual"
"LAVSOFT","DescontoPorc1","LavSoft","financeiro/caixa","Lb_DescontoPorc","media","correlacao por nome/texto; exige validacao visual"
"LAVSOFT","DescontoPorc1","LavSoft","financeiro/caixa","Lb_DescontoPorc","media","correlacao por nome/texto; exige validacao visual"
"LAVSOFT","DescontoPorc1","LavSoft","financeiro/caixa","Lb_DescontoPorc","media","correlacao por nome/texto; exige validacao visual"
"LAVSOFT","DescontoPorc1","LavSoft","financeiro/caixa","Lb_DescontoPorc","media","correlacao por nome/texto; exige validacao visual"
"LAVSOFT","DescontoporValor1","LavFacilLan","financeiro/caixa","DescontoporValor1","media","correlacao por nome/texto; exige validacao visual"
"LAVSOFT","DescontoporValor1","LavFacilLan","financeiro/caixa","DescontoporValor1","media","correlacao por nome/texto; exige validacao visual"
"LAVSOFT","DescontoporValor1","LavFacilLan","financeiro/caixa","DescontoporValor1","media","correlacao por nome/texto; exige validacao visual"
"LAVSOFT","DescontoporValor1","LavFacilLan","financeiro/caixa","DescontoporValor1","media","correlacao por nome/texto; exige validacao visual"
"LAVSOFT","DescontoporValor1","LavSoft","financeiro/caixa","Desconto por Valor","media","correlacao por nome/texto; exige validacao visual"
"LAVSOFT","DescontoporValor1","LavSoft","financeiro/caixa","Desconto por Valor","media","correlacao por nome/texto; exige validacao visual"
"LAVSOFT","DescontoporValor1","LavSoft","financeiro/caixa","Desconto por Valor","media","correlacao por nome/texto; exige validacao visual"
"LAVSOFT","DescontoporValor1","LavSoft","financeiro/caixa","Desconto por Valor","media","correlacao por nome/texto; exige validacao visual"
"LAVSOFT","DescontoporValor1","LavSoft","financeiro/caixa","DescontoporValor1","media","correlacao por nome/texto; exige validacao visual"
"LAVSOFT","DescontoporValor1","LavSoft","financeiro/caixa","DescontoporValor1","media","correlacao por nome/texto; exige validacao visual"
"LAVSOFT","DescontoporValor1","LavSoft","financeiro/caixa","DescontoporValor1","media","correlacao por nome/texto; exige validacao visual"
"LAVSOFT","DescontoporValor1","LavSoft","financeiro/caixa","DescontoporValor1","media","correlacao por nome/texto; exige validacao visual"
"LAVSOFT","DescontoporValor1","LavSoft","financeiro/caixa","DescontoporValor1Click","media","correlacao por nome/texto; exige validacao visual"
"LAVSOFT","DescontoporValor1","LavSoft","financeiro/caixa","DescontoporValor1Click","media","correlacao por nome/texto; exige validacao visual"
"LAVSOFT","DescontoporValor1","LavSoft","financeiro/caixa","DescontoporValor1Click","media","correlacao por nome/texto; exige validacao visual"
"LAVSOFT","DescontoporValor1","LavSoft","financeiro/caixa","DescontoporValor1Click","media","correlacao por nome/texto; exige validacao visual"
"LAVSOFT","DescontoporValor1","LavSoft","financeiro/caixa","Filtros - Desconto por Valor ou Porcentagem","media","correlacao por nome/texto; exige validacao visual"
"LAVSOFT","DescontoporValor1","LavSoft","financeiro/caixa","Filtros - Desconto por Valor ou Porcentagem","media","correlacao por nome/texto; exige validacao visual"
"LAVSOFT","DescontoporValor1","LavSoft","financeiro/caixa","Filtros - Desconto por Valor ou Porcentagem","media","correlacao por nome/texto; exige validacao visual"
"LAVSOFT","DescontoporValor1","LavSoft","financeiro/caixa","Filtros - Desconto por Valor ou Porcentagem","media","correlacao por nome/texto; exige validacao visual"
"LAVSOFT","DescontosnoRol1","LavSoft","financeiro/caixa","Descontos no Rol","media","correlacao por nome/texto; exige validacao visual"
"LAVSOFT","DescontosnoRol1","LavSoft","financeiro/caixa","Descontos no Rol","media","correlacao por nome/texto; exige validacao visual"
"LAVSOFT","DescontosnoRol1","LavSoft","financeiro/caixa","Descontos no Rol","media","correlacao por nome/texto; exige validacao visual"
"LAVSOFT","DescontosnoRol1","LavSoft","financeiro/caixa","DescontosnoRol1","media","correlacao por nome/texto; exige validacao visual"
"LAVSOFT","DescontosnoRol1","LavSoft","financeiro/caixa","DescontosnoRol1","media","correlacao por nome/texto; exige validacao visual"
"LAVSOFT","DescontosnoRol1","LavSoft","financeiro/caixa","DescontosnoRol1","media","correlacao por nome/texto; exige validacao visual"
"LAVSOFT","DescontosnoRol1","LavSoft","financeiro/caixa","DescontosnoRol1Click","media","correlacao por nome/texto; exige validacao visual"
"LAVSOFT","DescontosnoRol1","LavSoft","financeiro/caixa","DescontosnoRol1Click","media","correlacao por nome/texto; exige validacao visual"
"LAVSOFT","DescontosnoRol1","LavSoft","financeiro/caixa","DescontosnoRol1Click","media","correlacao por nome/texto; exige validacao visual"
"LAVSOFT","DescontosnoRol1","LavSoft","financeiro/caixa","DescontosnoRol1P","media","correlacao por nome/texto; exige validacao visual"
"LAVSOFT","DescontosnoRol1","LavSoft","financeiro/caixa","DescontosnoRol1P","media","correlacao por nome/texto; exige validacao visual"
"LAVSOFT","DescontosnoRol1","LavSoft","financeiro/caixa","DescontosnoRol1P","media","correlacao por nome/texto; exige validacao visual"
"LAVSOFT","DescontosnoRol1","LavSoft","financeiro/caixa","rio de Descontos no Rol","media","correlacao por nome/texto; exige validacao visual"
"LAVSOFT","DescontosnoRol1","LavSoft","financeiro/caixa","rio de Descontos no Rol","media","correlacao por nome/texto; exige validacao visual"
"LAVSOFT","DescontosnoRol1","LavSoft","financeiro/caixa","rio de Descontos no Rol","media","correlacao por nome/texto; exige validacao visual"
"LAVSOFT","Devoluo1","LavSoft","financeiro/caixa","Devoluo1","media","correlacao por nome/texto; exige validacao visual"
"LAVSOFT","Devoluo1","LavSoft","financeiro/caixa","Devoluo1","media","correlacao por nome/texto; exige validacao visual"
"LAVSOFT","Devoluo1","LavSoft","financeiro/caixa","Devoluo1","media","correlacao por nome/texto; exige validacao visual"
"LAVSOFT","Devoluo1","LavSoft","financeiro/caixa","Devoluo1","media","correlacao por nome/texto; exige validacao visual"
"LAVSOFT","Devoluo1","LavSoft","financeiro/caixa","Devoluo1Click","media","correlacao por nome/texto; exige validacao visual"
"LAVSOFT","Devoluo1","LavSoft","financeiro/caixa","Devoluo1Click","media","correlacao por nome/texto; exige validacao visual"
"LAVSOFT","Devoluo1","LavSoft","financeiro/caixa","Devoluo1Click","media","correlacao por nome/texto; exige validacao visual"
"LAVSOFT","Devoluo1","LavSoft","financeiro/caixa","Devoluo1Click","media","correlacao por nome/texto; exige validacao visual"
"LAVSOFT","Devoluo1","LavSoft","financeiro/caixa","Devoluo1T","media","correlacao por nome/texto; exige validacao visual"
"LAVSOFT","Devoluo1","LavSoft","financeiro/caixa","Devoluo1T","media","correlacao por nome/texto; exige validacao visual"
"LAVSOFT","Devoluo1","LavSoft","financeiro/caixa","Devoluo1T","media","correlacao por nome/texto; exige validacao visual"
"LAVSOFT","Devoluo1","LavSoft","financeiro/caixa","Devoluo1T","media","correlacao por nome/texto; exige validacao visual"
"LAVSOFT","Devoluo1","LavSoft","financeiro/caixa","DevoluoPagamento1","media","correlacao por nome/texto; exige validacao visual"
"LAVSOFT","Devoluo1","LavSoft","financeiro/caixa","DevoluoPagamento1","media","correlacao por nome/texto; exige validacao visual"
"LAVSOFT","Devoluo1","LavSoft","financeiro/caixa","DevoluoPagamento1","media","correlacao por nome/texto; exige validacao visual"
"LAVSOFT","Devoluo1","LavSoft","financeiro/caixa","DevoluoPagamento1","media","correlacao por nome/texto; exige validacao visual"
"LAVSOFT","Devoluo1","LavSoft","financeiro/caixa","DevoluoPagamento1Click","media","correlacao por nome/texto; exige validacao visual"
"LAVSOFT","Devoluo1","LavSoft","financeiro/caixa","DevoluoPagamento1Click","media","correlacao por nome/texto; exige validacao visual"
"LAVSOFT","Devoluo1","LavSoft","financeiro/caixa","DevoluoPagamento1Click","media","correlacao por nome/texto; exige validacao visual"
"LAVSOFT","Devoluo1","LavSoft","financeiro/caixa","DevoluoPagamento1Click","media","correlacao por nome/texto; exige validacao visual"
"LAVSOFT","DevoluoPagamento1","LavFacilLan","financeiro/caixa","DevoluoPagamento1","media","correlacao por nome/texto; exige validacao visual"
"LAVSOFT","DevoluoPagamento1","LavFacilLan","financeiro/caixa","DevoluoPagamento1","media","correlacao por nome/texto; exige validacao visual"
"LAVSOFT","DevoluoPagamento1","LavFacilLan","financeiro/caixa","DevoluoPagamento1","media","correlacao por nome/texto; exige validacao visual"
"LAVSOFT","DevoluoPagamento1","LavFacilLan","financeiro/caixa","DevoluoPagamento1","media","correlacao por nome/texto; exige validacao visual"
"LAVSOFT","DevoluoPagamento1","LavFacilLan","financeiro/caixa","DevoluoPagamento18","media","correlacao por nome/texto; exige validacao visual"
"LAVSOFT","DevoluoPagamento1","LavFacilLan","financeiro/caixa","DevoluoPagamento18","media","correlacao por nome/texto; exige validacao visual"
"LAVSOFT","DevoluoPagamento1","LavFacilLan","financeiro/caixa","DevoluoPagamento18","media","correlacao por nome/texto; exige validacao visual"
"LAVSOFT","DevoluoPagamento1","LavFacilLan","financeiro/caixa","DevoluoPagamento18","media","correlacao por nome/texto; exige validacao visual"
"LAVSOFT","DevoluoPagamento1","LavFacilLan","financeiro/caixa","DevoluoPagamento1Click","media","correlacao por nome/texto; exige validacao visual"
"LAVSOFT","DevoluoPagamento1","LavFacilLan","financeiro/caixa","DevoluoPagamento1Click","media","correlacao por nome/texto; exige validacao visual"
"LAVSOFT","DevoluoPagamento1","LavFacilLan","financeiro/caixa","DevoluoPagamento1Click","media","correlacao por nome/texto; exige validacao visual"
"LAVSOFT","DevoluoPagamento1","LavFacilLan","financeiro/caixa","DevoluoPagamento1Click","media","correlacao por nome/texto; exige validacao visual"
"LAVSOFT","DevoluoPagamento1","LavSoft","financeiro/caixa","DevoluoPagamento1","media","correlacao por nome/texto; exige validacao visual"
"LAVSOFT","DevoluoPagamento1","LavSoft","financeiro/caixa","DevoluoPagamento1","media","correlacao por nome/texto; exige validacao visual"
"LAVSOFT","DevoluoPagamento1","LavSoft","financeiro/caixa","DevoluoPagamento1","media","correlacao por nome/texto; exige validacao visual"
"LAVSOFT","DevoluoPagamento1","LavSoft","financeiro/caixa","DevoluoPagamento1","media","correlacao por nome/texto; exige validacao visual"
"LAVSOFT","DevoluoPagamento1","LavSoft","financeiro/caixa","DevoluoPagamento1Click","media","correlacao por nome/texto; exige validacao visual"
"LAVSOFT","DevoluoPagamento1","LavSoft","financeiro/caixa","DevoluoPagamento1Click","media","correlacao por nome/texto; exige validacao visual"
"LAVSOFT","DevoluoPagamento1","LavSoft","financeiro/caixa","DevoluoPagamento1Click","media","correlacao por nome/texto; exige validacao visual"
"LAVSOFT","DevoluoPagamento1","LavSoft","financeiro/caixa","DevoluoPagamento1Click","media","correlacao por nome/texto; exige validacao visual"
"LAVSOFT","Ed_PorcDescontoPag","LavFacilLan","financeiro/caixa","Ed_PorcDescontoPag","media","correlacao por nome/texto; exige validacao visual"
"LAVSOFT","Ed_PorcDescontoPag","LavFacilLan","financeiro/caixa","Ed_PorcDescontoPag","media","correlacao por nome/texto; exige validacao visual"
"LAVSOFT","Ed_PorcDescontoPag","LavFacilLan","financeiro/caixa","Ed_PorcDescontoPag","media","correlacao por nome/texto; exige validacao visual"
"LAVSOFT","Ed_PorcDescontoPag","LavFacilLan","financeiro/caixa","Ed_PorcDescontoPag","media","correlacao por nome/texto; exige validacao visual"
"LAVSOFT","Ed_PorcDescontoPag","LavFacilLan","financeiro/caixa","Ed_PorcDescontoPagExit","media","correlacao por nome/texto; exige validacao visual"
"LAVSOFT","Ed_PorcDescontoPag","LavFacilLan","financeiro/caixa","Ed_PorcDescontoPagExit","media","correlacao por nome/texto; exige validacao visual"
"LAVSOFT","Ed_PorcDescontoPag","LavFacilLan","financeiro/caixa","Ed_PorcDescontoPagExit","media","correlacao por nome/texto; exige validacao visual"
"LAVSOFT","Ed_PorcDescontoPag","LavFacilLan","financeiro/caixa","Ed_PorcDescontoPagExit","media","correlacao por nome/texto; exige validacao visual"
"LAVSOFT","Ed_PorcDescontoPag","LavSoft","financeiro/caixa","Ed_PorcDescontoPag","media","correlacao por nome/texto; exige validacao visual"
"LAVSOFT","Ed_PorcDescontoPag","LavSoft","financeiro/caixa","Ed_PorcDescontoPag","media","correlacao por nome/texto; exige validacao visual"
"LAVSOFT","Ed_PorcDescontoPag","LavSoft","financeiro/caixa","Ed_PorcDescontoPag","media","correlacao por nome/texto; exige validacao visual"
"LAVSOFT","Ed_PorcDescontoPag","LavSoft","financeiro/caixa","Ed_PorcDescontoPag","media","correlacao por nome/texto; exige validacao visual"
"LAVSOFT","Ed_PorcDescontoPag","LavSoft","financeiro/caixa","Ed_PorcDescontoPagExit","media","correlacao por nome/texto; exige validacao visual"
"LAVSOFT","Ed_PorcDescontoPag","LavSoft","financeiro/caixa","Ed_PorcDescontoPagExit","media","correlacao por nome/texto; exige validacao visual"
"LAVSOFT","Ed_PorcDescontoPag","LavSoft","financeiro/caixa","Ed_PorcDescontoPagExit","media","correlacao por nome/texto; exige validacao visual"
"LAVSOFT","Ed_PorcDescontoPag","LavSoft","financeiro/caixa","Ed_PorcDescontoPagExit","media","correlacao por nome/texto; exige validacao visual"
"LAVSOFT","EmitirNotaFiscal1","LavFacilLan","fiscal","Emitir Nota Fiscal","media","correlacao por nome/texto; exige validacao visual"
"LAVSOFT","EmitirNotaFiscal1","LavSoft","fiscal","Emitir Nota Fiscal","media","correlacao por nome/texto; exige validacao visual"
"LAVSOFT","EmitirNotaFiscal1","LavSoft","fiscal","EmitirNotaFiscal1","media","correlacao por nome/texto; exige validacao visual"
"LAVSOFT","EmitirNotaFiscal1","LavSoft","fiscal","EmitirNotaFiscal1Click","media","correlacao por nome/texto; exige validacao visual"
"LAVSOFT","EmitirNotaFiscal1","LavSoft","fiscal","EmitirNotaFiscal1d","media","correlacao por nome/texto; exige validacao visual"
"LAVSOFT","Encerramento1","LavSoft","financeiro/caixa","%Gera Encerramento Resumido Financeiro","media","correlacao por nome/texto; exige validacao visual"
"LAVSOFT","Encerramento1","LavSoft","financeiro/caixa","%Gera Encerramento Resumido Financeiro","media","correlacao por nome/texto; exige validacao visual"
"LAVSOFT","Encerramento1","LavSoft","financeiro/caixa","%Gera Encerramento Resumido Financeiro","media","correlacao por nome/texto; exige validacao visual"
"LAVSOFT","Encerramento1","LavSoft","financeiro/caixa","%Gera Encerramento Resumido Financeiro","media","correlacao por nome/texto; exige validacao visual"
"LAVSOFT","Encerramento1","LavSoft","financeiro/caixa","%Imprime Estoque Encerramento do Caixa","media","correlacao por nome/texto; exige validacao visual"
"LAVSOFT","Encerramento1","LavSoft","financeiro/caixa","%Imprime Estoque Encerramento do Caixa","media","correlacao por nome/texto; exige validacao visual"
"LAVSOFT","Encerramento1","LavSoft","financeiro/caixa","%Imprime Estoque Encerramento do Caixa","media","correlacao por nome/texto; exige validacao visual"
"LAVSOFT","Encerramento1","LavSoft","financeiro/caixa","%Imprime Estoque Encerramento do Caixa","media","correlacao por nome/texto; exige validacao visual"
"LAVSOFT","Encerramento1","LavSoft","cadastro","3Controla Encerramento (Sabados/Domingos e Feriados)","media","correlacao por nome/texto; exige validacao visual"
"LAVSOFT","Encerramento1","LavSoft","cadastro","3Controla Encerramento (Sabados/Domingos e Feriados)","media","correlacao por nome/texto; exige validacao visual"
"LAVSOFT","Encerramento1","LavSoft","cadastro","3Controla Encerramento (Sabados/Domingos e Feriados)","media","correlacao por nome/texto; exige validacao visual"
"LAVSOFT","Encerramento1","LavSoft","cadastro","3Controla Encerramento (Sabados/Domingos e Feriados)","media","correlacao por nome/texto; exige validacao visual"
"LAVSOFT","Encerramento1","LavSoft","financeiro/caixa","AMENTO GERADO PELO ENCERRAMENTO DE CAIXA DO LAVSOFT","media","correlacao por nome/texto; exige validacao visual"
"LAVSOFT","Encerramento1","LavSoft","financeiro/caixa","AMENTO GERADO PELO ENCERRAMENTO DE CAIXA DO LAVSOFT","media","correlacao por nome/texto; exige validacao visual"
"LAVSOFT","Encerramento1","LavSoft","financeiro/caixa","AMENTO GERADO PELO ENCERRAMENTO DE CAIXA DO LAVSOFT","media","correlacao por nome/texto; exige validacao visual"
"LAVSOFT","Encerramento1","LavSoft","financeiro/caixa","AMENTO GERADO PELO ENCERRAMENTO DE CAIXA DO LAVSOFT","media","correlacao por nome/texto; exige validacao visual"
"LAVSOFT","Encerramento1","LavSoft","financeiro/caixa","CANCELAMENTO DO ENCERRAMENTO DO CAIXA","media","correlacao por nome/texto; exige validacao visual"
"LAVSOFT","Encerramento1","LavSoft","financeiro/caixa","CANCELAMENTO DO ENCERRAMENTO DO CAIXA","media","correlacao por nome/texto; exige validacao visual"
"LAVSOFT","Encerramento1","LavSoft","financeiro/caixa","CANCELAMENTO DO ENCERRAMENTO DO CAIXA","media","correlacao por nome/texto; exige validacao visual"
"LAVSOFT","Encerramento1","LavSoft","financeiro/caixa","CANCELAMENTO DO ENCERRAMENTO DO CAIXA","media","correlacao por nome/texto; exige validacao visual"
"LAVSOFT","EncerramentoParcial1","LavFacilLan","financeiro/caixa","Confirma o Encerramento Parcial do Caixa -","media","correlacao por nome/texto; exige validacao visual"
"LAVSOFT","EncerramentoParcial1","LavFacilLan","financeiro/caixa","Confirma o Encerramento Parcial do Caixa -","media","correlacao por nome/texto; exige validacao visual"
"LAVSOFT","EncerramentoParcial1","LavFacilLan","financeiro/caixa","Confirma o Encerramento Parcial do Caixa -","media","correlacao por nome/texto; exige validacao visual"
"LAVSOFT","EncerramentoParcial1","LavSoft","financeiro/caixa","Confirma o Encerramento Parcial do Caixa -","media","correlacao por nome/texto; exige validacao visual"
"LAVSOFT","EncerramentoParcial1","LavSoft","financeiro/caixa","Confirma o Encerramento Parcial do Caixa -","media","correlacao por nome/texto; exige validacao visual"
"LAVSOFT","EncerramentoParcial1","LavSoft","financeiro/caixa","Confirma o Encerramento Parcial do Caixa -","media","correlacao por nome/texto; exige validacao visual"
"LAVSOFT","EntradaEstoque1","LavSoft","operacional","Entrada Estoque","media","correlacao por nome/texto; exige validacao visual"
"LAVSOFT","EntradaEstoque1","LavSoft","operacional","Entrada Estoque","media","correlacao por nome/texto; exige validacao visual"
"LAVSOFT","EntradaEstoque1","LavSoft","operacional","Entrada Estoque","media","correlacao por nome/texto; exige validacao visual"
"LAVSOFT","EntradaEstoque1","LavSoft","operacional","Entrada Estoque","media","correlacao por nome/texto; exige validacao visual"
"LAVSOFT","EntradaEstoque1","LavSoft","operacional","EntradaEstoque","media","correlacao por nome/texto; exige validacao visual"
"LAVSOFT","EntradaEstoque1","LavSoft","operacional","EntradaEstoque","media","correlacao por nome/texto; exige validacao visual"
"LAVSOFT","EntradaEstoque1","LavSoft","operacional","EntradaEstoque","media","correlacao por nome/texto; exige validacao visual"
"LAVSOFT","EntradaEstoque1","LavSoft","operacional","EntradaEstoque","media","correlacao por nome/texto; exige validacao visual"
"LAVSOFT","EntradaEstoque1","LavSoft","operacional","EntradaEstoque1","media","correlacao por nome/texto; exige validacao visual"
"LAVSOFT","EntradaEstoque1","LavSoft","operacional","EntradaEstoque1","media","correlacao por nome/texto; exige validacao visual"
"LAVSOFT","EntradaEstoque1","LavSoft","operacional","EntradaEstoque1","media","correlacao por nome/texto; exige validacao visual"
"LAVSOFT","EntradaEstoque1","LavSoft","operacional","EntradaEstoque1","media","correlacao por nome/texto; exige validacao visual"
"LAVSOFT","EntradaEstoque1","LavSoft","operacional","EntradaEstoque1<","media","correlacao por nome/texto; exige validacao visual"
"LAVSOFT","EntradaEstoque1","LavSoft","operacional","EntradaEstoque1<","media","correlacao por nome/texto; exige validacao visual"
"LAVSOFT","EntradaEstoque1","LavSoft","operacional","EntradaEstoque1<","media","correlacao por nome/texto; exige validacao visual"
"LAVSOFT","EntradaEstoque1","LavSoft","operacional","EntradaEstoque1<","media","correlacao por nome/texto; exige validacao visual"
"LAVSOFT","EntradaEstoque1","LavSoft","operacional","EntradaEstoque1Click","media","correlacao por nome/texto; exige validacao visual"
"LAVSOFT","EntradaEstoque1","LavSoft","operacional","EntradaEstoque1Click","media","correlacao por nome/texto; exige validacao visual"
"LAVSOFT","EntradaEstoque1","LavSoft","operacional","EntradaEstoque1Click","media","correlacao por nome/texto; exige validacao visual"
"LAVSOFT","EntradaEstoque1","LavSoft","operacional","EntradaEstoque1Click","media","correlacao por nome/texto; exige validacao visual"
"LAVSOFT","EntradaRol1","LavSoft","operacional","EntradaRol1","media","correlacao por nome/texto; exige validacao visual"
"LAVSOFT","EntradaRol1","LavSoft","operacional","EntradaRol1","media","correlacao por nome/texto; exige validacao visual"
"LAVSOFT","EntradaRol1","LavSoft","operacional","EntradaRol1","media","correlacao por nome/texto; exige validacao visual"
"LAVSOFT","EntradaRol1","LavSoft","operacional","EntradaRol1","media","correlacao por nome/texto; exige validacao visual"
"LAVSOFT","EntradaRol1","LavSoft","operacional","EntradaRol1Click","media","correlacao por nome/texto; exige validacao visual"
"LAVSOFT","EntradaRol1","LavSoft","operacional","EntradaRol1Click","media","correlacao por nome/texto; exige validacao visual"
"LAVSOFT","EntradaRol1","LavSoft","operacional","EntradaRol1Click","media","correlacao por nome/texto; exige validacao visual"
"LAVSOFT","EntradaRol1","LavSoft","operacional","EntradaRol1Click","media","correlacao por nome/texto; exige validacao visual"
"LAVSOFT","EntradaRol1","LavSoft","operacional","MenuEntradaRol1","media","correlacao por nome/texto; exige validacao visual"
"LAVSOFT","EntradaRol1","LavSoft","operacional","MenuEntradaRol1","media","correlacao por nome/texto; exige validacao visual"
"LAVSOFT","EntradaRol1","LavSoft","operacional","MenuEntradaRol1","media","correlacao por nome/texto; exige validacao visual"
"LAVSOFT","EntradaRol1","LavSoft","operacional","MenuEntradaRol1","media","correlacao por nome/texto; exige validacao visual"
"LAVSOFT","EntradaRol1","LavSoft","operacional","MenuEntradaRol1|","media","correlacao por nome/texto; exige validacao visual"
"LAVSOFT","EntradaRol1","LavSoft","operacional","MenuEntradaRol1|","media","correlacao por nome/texto; exige validacao visual"
"LAVSOFT","EntradaRol1","LavSoft","operacional","MenuEntradaRol1|","media","correlacao por nome/texto; exige validacao visual"
"LAVSOFT","EntradaRol1","LavSoft","operacional","MenuEntradaRol1|","media","correlacao por nome/texto; exige validacao visual"
"LAVSOFT","EntradaRol1","LavSoft","operacional","MenuEntradaRol1Click","media","correlacao por nome/texto; exige validacao visual"
"LAVSOFT","EntradaRol1","LavSoft","operacional","MenuEntradaRol1Click","media","correlacao por nome/texto; exige validacao visual"
"LAVSOFT","EntradaRol1","LavSoft","operacional","MenuEntradaRol1Click","media","correlacao por nome/texto; exige validacao visual"
"LAVSOFT","EntradaRol1","LavSoft","operacional","MenuEntradaRol1Click","media","correlacao por nome/texto; exige validacao visual"
"LAVSOFT","EntregaporPecas1","LavFacilLan","operacional","EntregaporPecas1","media","correlacao por nome/texto; exige validacao visual"
"LAVSOFT","EntregaporPecas1","LavFacilLan","operacional","EntregaporPecas1Click","media","correlacao por nome/texto; exige validacao visual"
"LAVSOFT","EntregaporPecas1","LavSoft","operacional","EntregaporPecas1","media","correlacao por nome/texto; exige validacao visual"
"LAVSOFT","EntregaporPecas1","LavSoft","operacional","EntregaporPecas1Click","media","correlacao por nome/texto; exige validacao visual"
"LAVSOFT","EntregaporPecas1","LavSoft","operacional","EntregaporPecas1Click""","media","correlacao por nome/texto; exige validacao visual"
"LAVSOFT","EntregaRol","LavFacilLan","operacional","EntregaRol","media","correlacao por nome/texto; exige validacao visual"
"LAVSOFT","EntregaRol","LavFacilLan","operacional","EntregaRolp","media","correlacao por nome/texto; exige validacao visual"
"LAVSOFT","EntregaRol","LavSoft","operacional","EntregaRol","media","correlacao por nome/texto; exige validacao visual"
"LAVSOFT","EntregaRol","LavSoft","operacional","EntregaRolTotal","media","correlacao por nome/texto; exige validacao visual"
"LAVSOFT","EntregaRol","LavSoft","operacional","Perg. Vend. Entrega Rol","media","correlacao por nome/texto; exige validacao visual"
"LAVSOFT","EntregaVariosRol1","LavSoft","operacional","EntregaVariosRol1","media","correlacao por nome/texto; exige validacao visual"
"LAVSOFT","EntregaVariosRol1","LavSoft","operacional","EntregaVariosRol18","media","correlacao por nome/texto; exige validacao visual"
"LAVSOFT","EntregaVariosRol1","LavSoft","operacional","EntregaVariosRol1Click","media","correlacao por nome/texto; exige validacao visual"
"LAVSOFT","EntregaVariosRol1","LavSoft","operacional","EntregaVariosRol2","media","correlacao por nome/texto; exige validacao visual"
"LAVSOFT","EntregaVariosRol1","LavSoft","operacional","EntregaVariosRol2Click","media","correlacao por nome/texto; exige validacao visual"
"LAVSOFT","EntregaVariosRol2","LavSoft","operacional","EntregaVariosRol1","media","correlacao por nome/texto; exige validacao visual"
"LAVSOFT","EntregaVariosRol2","LavSoft","operacional","EntregaVariosRol18","media","correlacao por nome/texto; exige validacao visual"
"LAVSOFT","EntregaVariosRol2","LavSoft","operacional","EntregaVariosRol1Click","media","correlacao por nome/texto; exige validacao visual"
"LAVSOFT","EntregaVariosRol2","LavSoft","operacional","EntregaVariosRol2","media","correlacao por nome/texto; exige validacao visual"
"LAVSOFT","EntregaVariosRol2","LavSoft","operacional","EntregaVariosRol2Click","media","correlacao por nome/texto; exige validacao visual"
"LAVSOFT","EnviaEmail1","LavSoft","cadastro","-Envia e-mail automaticamente para os clientes","media","correlacao por nome/texto; exige validacao visual"
"LAVSOFT","EnviaEmail1","LavSoft","cadastro","-Envia e-mail automaticamente para os clientes","media","correlacao por nome/texto; exige validacao visual"
"LAVSOFT","EnviaEmail1","LavSoft","cadastro","-Envia e-mail automaticamente para os clientes","media","correlacao por nome/texto; exige validacao visual"
"LAVSOFT","EnviaEmail1","LavSoft","cadastro","-Envia e-mail automaticamente para os clientes","media","correlacao por nome/texto; exige validacao visual"
"LAVSOFT","EnviaEmail1","LavSoft","comunicacao/update","07-ENVIA EMAIL PROMOCIONAL","media","correlacao por nome/texto; exige validacao visual"
"LAVSOFT","EnviaEmail1","LavSoft","comunicacao/update","07-ENVIA EMAIL PROMOCIONAL","media","correlacao por nome/texto; exige validacao visual"
"LAVSOFT","EnviaEmail1","LavSoft","comunicacao/update","07-ENVIA EMAIL PROMOCIONAL","media","correlacao por nome/texto; exige validacao visual"
"LAVSOFT","EnviaEmail1","LavSoft","comunicacao/update","07-ENVIA EMAIL PROMOCIONAL","media","correlacao por nome/texto; exige validacao visual"
"LAVSOFT","EnviaEmail1","LavSoft","comunicacao/update","CB_EnviaEmailAuto","media","correlacao por nome/texto; exige validacao visual"
"LAVSOFT","EnviaEmail1","LavSoft","comunicacao/update","CB_EnviaEmailAuto","media","correlacao por nome/texto; exige validacao visual"
"LAVSOFT","EnviaEmail1","LavSoft","comunicacao/update","CB_EnviaEmailAuto","media","correlacao por nome/texto; exige validacao visual"
"LAVSOFT","EnviaEmail1","LavSoft","comunicacao/update","CB_EnviaEmailAuto","media","correlacao por nome/texto; exige validacao visual"
"LAVSOFT","EnviaEmail1","LavSoft","comunicacao/update","Envia Email Promocional","media","correlacao por nome/texto; exige validacao visual"
"LAVSOFT","EnviaEmail1","LavSoft","comunicacao/update","Envia Email Promocional","media","correlacao por nome/texto; exige validacao visual"
"LAVSOFT","EnviaEmail1","LavSoft","comunicacao/update","Envia Email Promocional","media","correlacao por nome/texto; exige validacao visual"
"LAVSOFT","EnviaEmail1","LavSoft","comunicacao/update","Envia Email Promocional","media","correlacao por nome/texto; exige validacao visual"
"LAVSOFT","EnviaEmail1","LavSoft","comunicacao/update","EnviaEmail","media","correlacao por nome/texto; exige validacao visual"
"LAVSOFT","EnviaEmail1","LavSoft","comunicacao/update","EnviaEmail","media","correlacao por nome/texto; exige validacao visual"
"LAVSOFT","EnviaEmail1","LavSoft","comunicacao/update","EnviaEmail","media","correlacao por nome/texto; exige validacao visual"
"LAVSOFT","EnviaEmail1","LavSoft","comunicacao/update","EnviaEmail","media","correlacao por nome/texto; exige validacao visual"
"LAVSOFT","Etiquetas1","LavSoft","relatorio/impressao",",|Quantidade de etiquetas impressas no Lancto","media","correlacao por nome/texto; exige validacao visual"
"LAVSOFT","Etiquetas1","LavSoft","relatorio/impressao",",|Quantidade de etiquetas impressas no Lancto","media","correlacao por nome/texto; exige validacao visual"
"LAVSOFT","Etiquetas1","LavSoft","relatorio/impressao",",|Quantidade de etiquetas impressas no Lancto","media","correlacao por nome/texto; exige validacao visual"
"LAVSOFT","Etiquetas1","LavSoft","relatorio/impressao",",|Quantidade de etiquetas impressas no Lancto","media","correlacao por nome/texto; exige validacao visual"
"LAVSOFT","Etiquetas1","LavSoft","relatorio/impressao","ImpressodeEtiquetas1","media","correlacao por nome/texto; exige validacao visual"
"LAVSOFT","Etiquetas1","LavSoft","relatorio/impressao","ImpressodeEtiquetas1","media","correlacao por nome/texto; exige validacao visual"
"LAVSOFT","Etiquetas1","LavSoft","relatorio/impressao","ImpressodeEtiquetas1","media","correlacao por nome/texto; exige validacao visual"
"LAVSOFT","Etiquetas1","LavSoft","relatorio/impressao","ImpressodeEtiquetas1","media","correlacao por nome/texto; exige validacao visual"
"LAVSOFT","Etiquetas1","LavSoft","relatorio/impressao","ImpressodeEtiquetas1Click","media","correlacao por nome/texto; exige validacao visual"
"LAVSOFT","Etiquetas1","LavSoft","relatorio/impressao","ImpressodeEtiquetas1Click","media","correlacao por nome/texto; exige validacao visual"
"LAVSOFT","Etiquetas1","LavSoft","relatorio/impressao","ImpressodeEtiquetas1Click","media","correlacao por nome/texto; exige validacao visual"
"LAVSOFT","Etiquetas1","LavSoft","relatorio/impressao","ImpressodeEtiquetas1Click","media","correlacao por nome/texto; exige validacao visual"
"LAVSOFT","Etiquetas1","LavSoft","cadastro","nos produtos das etiquetas","media","correlacao por nome/texto; exige validacao visual"
"LAVSOFT","Etiquetas1","LavSoft","cadastro","nos produtos das etiquetas","media","correlacao por nome/texto; exige validacao visual"
"LAVSOFT","Etiquetas1","LavSoft","cadastro","nos produtos das etiquetas","media","correlacao por nome/texto; exige validacao visual"
"LAVSOFT","Etiquetas1","LavSoft","cadastro","nos produtos das etiquetas","media","correlacao por nome/texto; exige validacao visual"
"LAVSOFT","Etiquetas1","LavSoft","operacional","o controle de Etiquetas ...","media","correlacao por nome/texto; exige validacao visual"
"LAVSOFT","Etiquetas1","LavSoft","operacional","o controle de Etiquetas ...","media","correlacao por nome/texto; exige validacao visual"
"LAVSOFT","Etiquetas1","LavSoft","operacional","o controle de Etiquetas ...","media","correlacao por nome/texto; exige validacao visual"
"LAVSOFT","Etiquetas1","LavSoft","operacional","o controle de Etiquetas ...","media","correlacao por nome/texto; exige validacao visual"
"LAVSOFT","ExtratoCliente1","LavFacilLan","relatorio/impressao","Extrato Cliente","media","correlacao por nome/texto; exige validacao visual"
"LAVSOFT","ExtratoCliente1","LavSoft","relatorio/impressao","Extrato Cliente","media","correlacao por nome/texto; exige validacao visual"
"LAVSOFT","ExtratoCliente1","LavSoft","relatorio/impressao","ExtratoCliente","media","correlacao por nome/texto; exige validacao visual"
"LAVSOFT","ExtratoCliente1","LavSoft","relatorio/impressao","ExtratoCliente1","media","correlacao por nome/texto; exige validacao visual"
"LAVSOFT","ExtratoCliente1","LavSoft","relatorio/impressao","ExtratoCliente1L","media","correlacao por nome/texto; exige validacao visual"
"LAVSOFT","Faturamento1","LavSoft","financeiro/caixa","-Tipo Desconto: Faturamento","media","correlacao por nome/texto; exige validacao visual"
"LAVSOFT","Faturamento1","LavSoft","financeiro/caixa","-Tipo Desconto: Faturamento","media","correlacao por nome/texto; exige validacao visual"
"LAVSOFT","Faturamento1","LavSoft","financeiro/caixa","-Tipo Desconto: Faturamento","media","correlacao por nome/texto; exige validacao visual"
"LAVSOFT","Faturamento1","LavSoft","financeiro/caixa","-Tipo Desconto: Faturamento","media","correlacao por nome/texto; exige validacao visual"
"LAVSOFT","Faturamento1","LavSoft","financeiro/caixa",":\Equipexe\Figuras\Log Faturamento\","media","correlacao por nome/texto; exige validacao visual"
"LAVSOFT","Faturamento1","LavSoft","financeiro/caixa",":\Equipexe\Figuras\Log Faturamento\","media","correlacao por nome/texto; exige validacao visual"
"LAVSOFT","Faturamento1","LavSoft","financeiro/caixa",":\Equipexe\Figuras\Log Faturamento\","media","correlacao por nome/texto; exige validacao visual"
"LAVSOFT","Faturamento1","LavSoft","financeiro/caixa",":\Equipexe\Figuras\Log Faturamento\","media","correlacao por nome/texto; exige validacao visual"
"LAVSOFT","Faturamento1","LavSoft","cadastro","""Resumo de Faturamento por Produto","media","correlacao por nome/texto; exige validacao visual"
"LAVSOFT","Faturamento1","LavSoft","cadastro","""Resumo de Faturamento por Produto","media","correlacao por nome/texto; exige validacao visual"
"LAVSOFT","Faturamento1","LavSoft","cadastro","""Resumo de Faturamento por Produto","media","correlacao por nome/texto; exige validacao visual"
"LAVSOFT","Faturamento1","LavSoft","cadastro","""Resumo de Faturamento por Produto","media","correlacao por nome/texto; exige validacao visual"
"LAVSOFT","Faturamento1","LavSoft","financeiro/caixa","[ FATURAMENTO ]","media","correlacao por nome/texto; exige validacao visual"
"LAVSOFT","Faturamento1","LavSoft","financeiro/caixa","[ FATURAMENTO ]","media","correlacao por nome/texto; exige validacao visual"
"LAVSOFT","Faturamento1","LavSoft","financeiro/caixa","[ FATURAMENTO ]","media","correlacao por nome/texto; exige validacao visual"
"LAVSOFT","Faturamento1","LavSoft","financeiro/caixa","[ FATURAMENTO ]","media","correlacao por nome/texto; exige validacao visual"
"LAVSOFT","Faturamento1","LavSoft","financeiro/caixa","#GeraFaturamentopCentrodeCusto1Click","media","correlacao por nome/texto; exige validacao visual"
"LAVSOFT","Faturamento1","LavSoft","financeiro/caixa","#GeraFaturamentopCentrodeCusto1Click","media","correlacao por nome/texto; exige validacao visual"
"LAVSOFT","Faturamento1","LavSoft","financeiro/caixa","#GeraFaturamentopCentrodeCusto1Click","media","correlacao por nome/texto; exige validacao visual"
"LAVSOFT","Faturamento1","LavSoft","financeiro/caixa","#GeraFaturamentopCentrodeCusto1Click","media","correlacao por nome/texto; exige validacao visual"
"LAVSOFT","FechamentodeCaixa1","LavSoft","financeiro/caixa","Fechamento de Caixa","media","correlacao por nome/texto; exige validacao visual"
"LAVSOFT","FechamentodeCaixa1","LavSoft","financeiro/caixa","Fechamento de Caixa Dia/Dia","media","correlacao por nome/texto; exige validacao visual"
"LAVSOFT","FechamentodeCaixa1","LavSoft","financeiro/caixa","FechamentodeCaixa1","media","correlacao por nome/texto; exige validacao visual"
"LAVSOFT","FechamentodeCaixa1","LavSoft","financeiro/caixa","FechamentodeCaixa1Click","media","correlacao por nome/texto; exige validacao visual"
"LAVSOFT","FechamentodeCaixa1","LavSoft","financeiro/caixa","o no Fechamento de Caixa","media","correlacao por nome/texto; exige validacao visual"
"LAVSOFT","Feriados1","LavSoft","cadastro","""Enc.Caixa Sabado/Domingos/Feriados","media","correlacao por nome/texto; exige validacao visual"
"LAVSOFT","Feriados1","LavSoft","cadastro","""Enc.Caixa Sabado/Domingos/Feriados","media","correlacao por nome/texto; exige validacao visual"
"LAVSOFT","Feriados1","LavSoft","cadastro","""Enc.Caixa Sabado/Domingos/Feriados","media","correlacao por nome/texto; exige validacao visual"
"LAVSOFT","Feriados1","LavSoft","cadastro","3Controla Encerramento (Sabados/Domingos e Feriados)","media","correlacao por nome/texto; exige validacao visual"
"LAVSOFT","Feriados1","LavSoft","cadastro","3Controla Encerramento (Sabados/Domingos e Feriados)","media","correlacao por nome/texto; exige validacao visual"
"LAVSOFT","Feriados1","LavSoft","cadastro","3Controla Encerramento (Sabados/Domingos e Feriados)","media","correlacao por nome/texto; exige validacao visual"
"LAVSOFT","Feriados1","LavSoft","cadastro","Cadastro de Feriados","media","correlacao por nome/texto; exige validacao visual"
"LAVSOFT","Feriados1","LavSoft","cadastro","Cadastro de Feriados","media","correlacao por nome/texto; exige validacao visual"
"LAVSOFT","Feriados1","LavSoft","cadastro","Cadastro de Feriados","media","correlacao por nome/texto; exige validacao visual"
"LAVSOFT","FiliaisMatriz1","LavSoft","cadastro","Cadastro de Filiais/Matriz","media","correlacao por nome/texto; exige validacao visual"
"LAVSOFT","FiliaisMatriz1","LavSoft","cadastro","Cadastro de Filiais/Matriz","media","correlacao por nome/texto; exige validacao visual"
"LAVSOFT","FiliaisMatriz1","LavSoft","cadastro","Cadastro de Filiais/Matriz","media","correlacao por nome/texto; exige validacao visual"
"LAVSOFT","FiliaisMatriz1","LavSoft","cadastro","Cadastro de Filiais/Matriz","media","correlacao por nome/texto; exige validacao visual"
"LAVSOFT","FiliaisMatriz1","LavSoft","cadastro","FILIAIS/MATRIZ","media","correlacao por nome/texto; exige validacao visual"
"LAVSOFT","FiliaisMatriz1","LavSoft","cadastro","FILIAIS/MATRIZ","media","correlacao por nome/texto; exige validacao visual"
"LAVSOFT","FiliaisMatriz1","LavSoft","cadastro","FILIAIS/MATRIZ","media","correlacao por nome/texto; exige validacao visual"
"LAVSOFT","FiliaisMatriz1","LavSoft","cadastro","FILIAIS/MATRIZ","media","correlacao por nome/texto; exige validacao visual"
"LAVSOFT","FiliaisMatriz1","LavSoft","cadastro","FiliaisMatriz1","media","correlacao por nome/texto; exige validacao visual"
"LAVSOFT","FiliaisMatriz1","LavSoft","cadastro","FiliaisMatriz1","media","correlacao por nome/texto; exige validacao visual"
"LAVSOFT","FiliaisMatriz1","LavSoft","cadastro","FiliaisMatriz1","media","correlacao por nome/texto; exige validacao visual"
"LAVSOFT","FiliaisMatriz1","LavSoft","cadastro","FiliaisMatriz1","media","correlacao por nome/texto; exige validacao visual"
"LAVSOFT","FiliaisMatriz1","LavSoft","cadastro","FiliaisMatriz1Click","media","correlacao por nome/texto; exige validacao visual"
"LAVSOFT","FiliaisMatriz1","LavSoft","cadastro","FiliaisMatriz1Click","media","correlacao por nome/texto; exige validacao visual"
"LAVSOFT","FiliaisMatriz1","LavSoft","cadastro","FiliaisMatriz1Click","media","correlacao por nome/texto; exige validacao visual"
"LAVSOFT","FiliaisMatriz1","LavSoft","cadastro","FiliaisMatriz1Click","media","correlacao por nome/texto; exige validacao visual"
"LAVSOFT","FiliaisMatriz1","SAT","cadastro","Cadastro de Filiais/Matriz","media","correlacao por nome/texto; exige validacao visual"
"LAVSOFT","FiliaisMatriz1","SAT","cadastro","Cadastro de Filiais/Matriz","media","correlacao por nome/texto; exige validacao visual"
"LAVSOFT","FiliaisMatriz1","SAT","cadastro","Cadastro de Filiais/Matriz","media","correlacao por nome/texto; exige validacao visual"
"LAVSOFT","FiliaisMatriz1","SAT","cadastro","Cadastro de Filiais/Matriz","media","correlacao por nome/texto; exige validacao visual"
"LAVSOFT","Filialmatriz1","LavSoft","cadastro","*Filial/Matriz|Seleciona nova Filial/matriz","media","correlacao por nome/texto; exige validacao visual"
"LAVSOFT","Filialmatriz1","LavSoft","cadastro","digo da filial/matriz","media","correlacao por nome/texto; exige validacao visual"
"LAVSOFT","Filialmatriz1","LavSoft","cadastro","F8 - Filial/Matriz","media","correlacao por nome/texto; exige validacao visual"
"LAVSOFT","Filialmatriz1","LavSoft","cadastro","Filial/Matriz","media","correlacao por nome/texto; exige validacao visual"
"LAVSOFT","Filialmatriz1","LavSoft","cadastro","Filial/Matriz n","media","correlacao por nome/texto; exige validacao visual"
"LAVSOFT","FormadePagamento1","LavSoft","cadastro","!Bloqueia Troca Forma de Pagamento","media","correlacao por nome/texto; exige validacao visual"
"LAVSOFT","FormadePagamento1","LavSoft","cadastro","!Bloqueia Troca Forma de Pagamento","media","correlacao por nome/texto; exige validacao visual"
"LAVSOFT","FormadePagamento1","LavSoft","cadastro","!Bloqueia Troca Forma de Pagamento","media","correlacao por nome/texto; exige validacao visual"
"LAVSOFT","FormadePagamento1","LavSoft","cadastro","!Bloqueia Troca Forma de Pagamento","media","correlacao por nome/texto; exige validacao visual"
"LAVSOFT","FormadePagamento1","LavSoft","cadastro","(|Selecione a forma de pagamento desejada","media","correlacao por nome/texto; exige validacao visual"
"LAVSOFT","FormadePagamento1","LavSoft","cadastro","(|Selecione a forma de pagamento desejada","media","correlacao por nome/texto; exige validacao visual"
"LAVSOFT","FormadePagamento1","LavSoft","cadastro","(|Selecione a forma de pagamento desejada","media","correlacao por nome/texto; exige validacao visual"
"LAVSOFT","FormadePagamento1","LavSoft","cadastro","(|Selecione a forma de pagamento desejada","media","correlacao por nome/texto; exige validacao visual"
"LAVSOFT","FormadePagamento1","LavSoft","cadastro","1Bloqueia Forma de Pagamento para Digitador Minimo","media","correlacao por nome/texto; exige validacao visual"
"LAVSOFT","FormadePagamento1","LavSoft","cadastro","1Bloqueia Forma de Pagamento para Digitador Minimo","media","correlacao por nome/texto; exige validacao visual"
"LAVSOFT","FormadePagamento1","LavSoft","cadastro","1Bloqueia Forma de Pagamento para Digitador Minimo","media","correlacao por nome/texto; exige validacao visual"
"LAVSOFT","FormadePagamento1","LavSoft","cadastro","1Bloqueia Forma de Pagamento para Digitador Minimo","media","correlacao por nome/texto; exige validacao visual"
"LAVSOFT","FormadePagamento1","LavSoft","cadastro","3Consulta|Consulta da forma de pagamento selecionada","media","correlacao por nome/texto; exige validacao visual"
"LAVSOFT","FormadePagamento1","LavSoft","cadastro","3Consulta|Consulta da forma de pagamento selecionada","media","correlacao por nome/texto; exige validacao visual"
"LAVSOFT","FormadePagamento1","LavSoft","cadastro","3Consulta|Consulta da forma de pagamento selecionada","media","correlacao por nome/texto; exige validacao visual"
"LAVSOFT","FormadePagamento1","LavSoft","cadastro","3Consulta|Consulta da forma de pagamento selecionada","media","correlacao por nome/texto; exige validacao visual"
"LAVSOFT","FormadePagamento1","LavSoft","cadastro","9Forma de Pagamento|Informe o c","media","correlacao por nome/texto; exige validacao visual"
"LAVSOFT","FormadePagamento1","LavSoft","cadastro","9Forma de Pagamento|Informe o c","media","correlacao por nome/texto; exige validacao visual"
"LAVSOFT","FormadePagamento1","LavSoft","cadastro","9Forma de Pagamento|Informe o c","media","correlacao por nome/texto; exige validacao visual"
"LAVSOFT","FormadePagamento1","LavSoft","cadastro","9Forma de Pagamento|Informe o c","media","correlacao por nome/texto; exige validacao visual"
"LAVSOFT","GrupoEntradas1","LavSoft","cadastro","Cadastro de Grupo Entradas","media","correlacao por nome/texto; exige validacao visual"
"LAVSOFT","GrupoEntradas1","LavSoft","cadastro","Cadastro de Grupo Entradas","media","correlacao por nome/texto; exige validacao visual"
"LAVSOFT","GrupoEntradas1","LavSoft","cadastro","Cadastro de Grupo Entradas","media","correlacao por nome/texto; exige validacao visual"
"LAVSOFT","GrupoEntradas1","LavSoft","cadastro","Cadastro de Grupo Entradas","media","correlacao por nome/texto; exige validacao visual"
"LAVSOFT","GrupoEntradas1","LavSoft","cadastro","Grupo Entradas","media","correlacao por nome/texto; exige validacao visual"
"LAVSOFT","GrupoEntradas1","LavSoft","cadastro","Grupo Entradas","media","correlacao por nome/texto; exige validacao visual"
"LAVSOFT","GrupoEntradas1","LavSoft","cadastro","Grupo Entradas","media","correlacao por nome/texto; exige validacao visual"
"LAVSOFT","GrupoEntradas1","LavSoft","cadastro","Grupo Entradas","media","correlacao por nome/texto; exige validacao visual"
"LAVSOFT","GrupoEntradas1","LavSoft","cadastro","GrupoEntradas1","media","correlacao por nome/texto; exige validacao visual"
"LAVSOFT","GrupoEntradas1","LavSoft","cadastro","GrupoEntradas1","media","correlacao por nome/texto; exige validacao visual"
"LAVSOFT","GrupoEntradas1","LavSoft","cadastro","GrupoEntradas1","media","correlacao por nome/texto; exige validacao visual"
"LAVSOFT","GrupoEntradas1","LavSoft","cadastro","GrupoEntradas1","media","correlacao por nome/texto; exige validacao visual"
"LAVSOFT","GrupoEntradas1","LavSoft","cadastro","GrupoEntradas1\","media","correlacao por nome/texto; exige validacao visual"
"LAVSOFT","GrupoEntradas1","LavSoft","cadastro","GrupoEntradas1\","media","correlacao por nome/texto; exige validacao visual"
"LAVSOFT","GrupoEntradas1","LavSoft","cadastro","GrupoEntradas1\","media","correlacao por nome/texto; exige validacao visual"
"LAVSOFT","GrupoEntradas1","LavSoft","cadastro","GrupoEntradas1\","media","correlacao por nome/texto; exige validacao visual"
"LAVSOFT","GrupoEntradas1","LavSoft","cadastro","GrupoEntradas1Click","media","correlacao por nome/texto; exige validacao visual"
"LAVSOFT","GrupoEntradas1","LavSoft","cadastro","GrupoEntradas1Click","media","correlacao por nome/texto; exige validacao visual"
"LAVSOFT","GrupoEntradas1","LavSoft","cadastro","GrupoEntradas1Click","media","correlacao por nome/texto; exige validacao visual"
"LAVSOFT","GrupoEntradas1","LavSoft","cadastro","GrupoEntradas1Click","media","correlacao por nome/texto; exige validacao visual"
"LAVSOFT","Importacao1","LavFacilLan","comunicacao/update","FM_ImportacaoNuvem","media","correlacao por nome/texto; exige validacao visual"
"LAVSOFT","Importacao1","LavFacilLan","comunicacao/update","FM_ImportacaoNuvem","media","correlacao por nome/texto; exige validacao visual"
"LAVSOFT","Importacao1","LavFacilLan","comunicacao/update","FM_ImportacaoNuvem","media","correlacao por nome/texto; exige validacao visual"
"LAVSOFT","Importacao1","LavFacilLan","comunicacao/update","FM_ImportacaoNuvem","media","correlacao por nome/texto; exige validacao visual"
"LAVSOFT","Importacao1","LavFacilLan","comunicacao/update","importacaonuvem","media","correlacao por nome/texto; exige validacao visual"
"LAVSOFT","Importacao1","LavFacilLan","comunicacao/update","importacaonuvem","media","correlacao por nome/texto; exige validacao visual"
"LAVSOFT","Importacao1","LavFacilLan","comunicacao/update","importacaonuvem","media","correlacao por nome/texto; exige validacao visual"
"LAVSOFT","Importacao1","LavFacilLan","comunicacao/update","importacaonuvem","media","correlacao por nome/texto; exige validacao visual"
"LAVSOFT","Importacao1","LavFacilLan","comunicacao/update","ImportacaoNuvem_U","media","correlacao por nome/texto; exige validacao visual"
"LAVSOFT","Importacao1","LavFacilLan","comunicacao/update","ImportacaoNuvem_U","media","correlacao por nome/texto; exige validacao visual"
"LAVSOFT","Importacao1","LavFacilLan","comunicacao/update","ImportacaoNuvem_U","media","correlacao por nome/texto; exige validacao visual"
"LAVSOFT","Importacao1","LavFacilLan","comunicacao/update","ImportacaoNuvem_U","media","correlacao por nome/texto; exige validacao visual"
"LAVSOFT","Importacao1","LavFacilLan","comunicacao/update","TFM_ImportacaoNuvem","media","correlacao por nome/texto; exige validacao visual"
"LAVSOFT","Importacao1","LavFacilLan","comunicacao/update","TFM_ImportacaoNuvem","media","correlacao por nome/texto; exige validacao visual"
"LAVSOFT","Importacao1","LavFacilLan","comunicacao/update","TFM_ImportacaoNuvem","media","correlacao por nome/texto; exige validacao visual"
"LAVSOFT","Importacao1","LavFacilLan","comunicacao/update","TFM_ImportacaoNuvem","media","correlacao por nome/texto; exige validacao visual"
"LAVSOFT","Inclusao1","Estoque","outro","Nota de Inclusao Gera nota","media","correlacao por nome/texto; exige validacao visual"
"LAVSOFT","Inclusao1","Estoque","outro","Nota de Inclusao Gera nota","media","correlacao por nome/texto; exige validacao visual"
"LAVSOFT","Inclusao1","Estoque","outro","Nota de Inclusao Gera Pedido - Compra","media","correlacao por nome/texto; exige validacao visual"
"LAVSOFT","Inclusao1","Estoque","outro","Nota de Inclusao Gera Pedido - Compra","media","correlacao por nome/texto; exige validacao visual"
"LAVSOFT","InformaRolnoEstoque1","LavFacilLan","cadastro","Informa Rol no Estoque","media","correlacao por nome/texto; exige validacao visual"
"LAVSOFT","InformaRolnoEstoque1","LavSoft","cadastro","Informa Rol no Estoque","media","correlacao por nome/texto; exige validacao visual"
"LAVSOFT","InformaRolnoEstoque1","LavSoft","cadastro","InformaRolnoEstoque1","media","correlacao por nome/texto; exige validacao visual"
"LAVSOFT","InformaRolnoEstoque1","LavSoft","cadastro","InformaRolnoEstoque1Click","media","correlacao por nome/texto; exige validacao visual"
"LAVSOFT","InformaRolnoEstoque1","LavSoft","cadastro","InformaRolnoEstoque1Click%","media","correlacao por nome/texto; exige validacao visual"
"LAVSOFT","Lanamentos1","LavFacilLan","cadastro","LanamentosdeProdutos1","media","correlacao por nome/texto; exige validacao visual"
"LAVSOFT","Lanamentos1","LavFacilLan","cadastro","LanamentosdeProdutos1`","media","correlacao por nome/texto; exige validacao visual"
"LAVSOFT","Lanamentos1","LavFacilLan","cadastro","LanamentosdeProdutos1Click","media","correlacao por nome/texto; exige validacao visual"
"LAVSOFT","Lanamentos1","LavSoft","cadastro","LanamentosdeProdutos1","media","correlacao por nome/texto; exige validacao visual"
"LAVSOFT","Lanamentos1","LavSoft","cadastro","LanamentosdeProdutos1Click","media","correlacao por nome/texto; exige validacao visual"
"LAVSOFT","LancamentoRol1","LavSoft","operacional","LancamentoRol1","media","correlacao por nome/texto; exige validacao visual"
"LAVSOFT","LancamentoRol1","LavSoft","operacional","LancamentoRol1Click","media","correlacao por nome/texto; exige validacao visual"
"LAVSOFT","LancamentoRol1","LavSoft","operacional","MenuLancamentoRol1","media","correlacao por nome/texto; exige validacao visual"
"LAVSOFT","LancamentoRol1","LavSoft","operacional","MenuLancamentoRol1Click","media","correlacao por nome/texto; exige validacao visual"
"LAVSOFT","Listagem1","LavSoft","operacional","Listagem de Entrega","media","correlacao por nome/texto; exige validacao visual"
"LAVSOFT","Listagem1","LavSoft","operacional","Listagem de Entrega","media","correlacao por nome/texto; exige validacao visual"
"LAVSOFT","Listagem1","LavSoft","operacional","Listagem de Entrega","media","correlacao por nome/texto; exige validacao visual"
"LAVSOFT","Listagem1","LavSoft","operacional","Listagem de Entrega","media","correlacao por nome/texto; exige validacao visual"
"LAVSOFT","Listagem1","LavSoft","operacional","Listagem de Entrega (Sint","media","correlacao por nome/texto; exige validacao visual"
"LAVSOFT","Listagem1","LavSoft","operacional","Listagem de Entrega (Sint","media","correlacao por nome/texto; exige validacao visual"
"LAVSOFT","Listagem1","LavSoft","operacional","Listagem de Entrega (Sint","media","correlacao por nome/texto; exige validacao visual"
"LAVSOFT","Listagem1","LavSoft","operacional","Listagem de Entrega (Sint","media","correlacao por nome/texto; exige validacao visual"
"LAVSOFT","Listagem1","LavSoft","operacional","LISTAGEM DE ROL","media","correlacao por nome/texto; exige validacao visual"
"LAVSOFT","Listagem1","LavSoft","operacional","LISTAGEM DE ROL","media","correlacao por nome/texto; exige validacao visual"
"LAVSOFT","Listagem1","LavSoft","operacional","LISTAGEM DE ROL","media","correlacao por nome/texto; exige validacao visual"
"LAVSOFT","Listagem1","LavSoft","operacional","LISTAGEM DE ROL","media","correlacao por nome/texto; exige validacao visual"
"LAVSOFT","Listagem1","LavSoft","operacional","Listagem de Terceiriza","media","correlacao por nome/texto; exige validacao visual"
"LAVSOFT","Listagem1","LavSoft","operacional","Listagem de Terceiriza","media","correlacao por nome/texto; exige validacao visual"
"LAVSOFT","Listagem1","LavSoft","operacional","Listagem de Terceiriza","media","correlacao por nome/texto; exige validacao visual"
"LAVSOFT","Listagem1","LavSoft","operacional","Listagem de Terceiriza","media","correlacao por nome/texto; exige validacao visual"
"LAVSOFT","Listagem1","LavSoft","cadastro","Listagem|Listagem do Cadastro","media","correlacao por nome/texto; exige validacao visual"
"LAVSOFT","Listagem1","LavSoft","cadastro","Listagem|Listagem do Cadastro","media","correlacao por nome/texto; exige validacao visual"
"LAVSOFT","Listagem1","LavSoft","cadastro","Listagem|Listagem do Cadastro","media","correlacao por nome/texto; exige validacao visual"
"LAVSOFT","Listagem1","LavSoft","cadastro","Listagem|Listagem do Cadastro","media","correlacao por nome/texto; exige validacao visual"
"LAVSOFT","Localizacao1","LavFacilLan","operacional","PedeLocalizacao","media","correlacao por nome/texto; exige validacao visual"
"LAVSOFT","Localizacao1","LavFacilLan","operacional","PedeLocalizacao","media","correlacao por nome/texto; exige validacao visual"
"LAVSOFT","Localizacao1","LavFacilLan","operacional","PedeLocalizacao","media","correlacao por nome/texto; exige validacao visual"
"LAVSOFT","Localizacao1","LavFacilLan","operacional","PedeLocalizacao1","media","correlacao por nome/texto; exige validacao visual"
"LAVSOFT","Localizacao1","LavFacilLan","operacional","PedeLocalizacao1","media","correlacao por nome/texto; exige validacao visual"
"LAVSOFT","Localizacao1","LavFacilLan","operacional","PedeLocalizacao1","media","correlacao por nome/texto; exige validacao visual"
"LAVSOFT","Localizacao1","LavSoft","operacional","Localizacao1","media","correlacao por nome/texto; exige validacao visual"
"LAVSOFT","Localizacao1","LavSoft","operacional","Localizacao1","media","correlacao por nome/texto; exige validacao visual"
"LAVSOFT","Localizacao1","LavSoft","operacional","Localizacao1","media","correlacao por nome/texto; exige validacao visual"
"LAVSOFT","Localizacao1","LavSoft","operacional","Localizacao1Click","media","correlacao por nome/texto; exige validacao visual"
"LAVSOFT","Localizacao1","LavSoft","operacional","Localizacao1Click","media","correlacao por nome/texto; exige validacao visual"
"LAVSOFT","Localizacao1","LavSoft","operacional","Localizacao1Click","media","correlacao por nome/texto; exige validacao visual"
"LAVSOFT","Localizacao1","LavSoft","operacional","MenudeLocalizacao","media","correlacao por nome/texto; exige validacao visual"
"LAVSOFT","Localizacao1","LavSoft","operacional","MenudeLocalizacao","media","correlacao por nome/texto; exige validacao visual"
"LAVSOFT","Localizacao1","LavSoft","operacional","MenudeLocalizacao","media","correlacao por nome/texto; exige validacao visual"
"LAVSOFT","MarcaEntrega","LavFacilLan","cadastro","MarcaEntrega","media","correlacao por nome/texto; exige validacao visual"
"LAVSOFT","MarcaEntrega","LavFacilLan","cadastro","MarcaEntregaClick","media","correlacao por nome/texto; exige validacao visual"
"LAVSOFT","MarcaEntrega","LavSoft","cadastro","F7 - Marca/Desmarca Entrega","media","correlacao por nome/texto; exige validacao visual"
"LAVSOFT","MarcaEntrega","LavSoft","cadastro","MarcaEntrega","media","correlacao por nome/texto; exige validacao visual"
"LAVSOFT","MarcaEntrega","LavSoft","cadastro","MarcaEntregaClick","media","correlacao por nome/texto; exige validacao visual"
"LAVSOFT","Marcas1","LavFacilLan","cadastro",":\Equipexe\Sincroniza\Envio\Marcas.xml","media","correlacao por nome/texto; exige validacao visual"
"LAVSOFT","Marcas1","LavFacilLan","cadastro",":\Equipexe\Sincroniza\Envio\Marcas.xml","media","correlacao por nome/texto; exige validacao visual"
"LAVSOFT","Marcas1","LavFacilLan","cadastro",":\Equipexe\Sincroniza\Envio\Marcas.xml","media","correlacao por nome/texto; exige validacao visual"
"LAVSOFT","Marcas1","LavFacilLan","cadastro","MarcaServico","media","correlacao por nome/texto; exige validacao visual"
"LAVSOFT","Marcas1","LavFacilLan","cadastro","MarcaServico","media","correlacao por nome/texto; exige validacao visual"
"LAVSOFT","Marcas1","LavFacilLan","cadastro","MarcaServico","media","correlacao por nome/texto; exige validacao visual"
"LAVSOFT","Marcas1","LavSoft","cadastro","Cadastro de Marcas","media","correlacao por nome/texto; exige validacao visual"
"LAVSOFT","Marcas1","LavSoft","cadastro","Cadastro de Marcas","media","correlacao por nome/texto; exige validacao visual"
"LAVSOFT","Marcas1","LavSoft","cadastro","Cadastro de Marcas","media","correlacao por nome/texto; exige validacao visual"
"LAVSOFT","Marcas1","LavSoft","cadastro","Cadastro de Marcas dos Grupos de Produtos...","media","correlacao por nome/texto; exige validacao visual"
"LAVSOFT","Marcas1","LavSoft","cadastro","Cadastro de Marcas dos Grupos de Produtos...","media","correlacao por nome/texto; exige validacao visual"
"LAVSOFT","Marcas1","LavSoft","cadastro","Cadastro de Marcas dos Grupos de Produtos...","media","correlacao por nome/texto; exige validacao visual"
"LAVSOFT","Marcas1","LavSoft","cadastro","TerMarcaServicoAut","media","correlacao por nome/texto; exige validacao visual"
"LAVSOFT","Marcas1","LavSoft","cadastro","TerMarcaServicoAut","media","correlacao por nome/texto; exige validacao visual"
"LAVSOFT","Marcas1","LavSoft","cadastro","TerMarcaServicoAut","media","correlacao por nome/texto; exige validacao visual"
"LAVSOFT","MenuEntradaRol1","LavSoft","operacional","MenuEntradaRol1","media","correlacao por nome/texto; exige validacao visual"
"LAVSOFT","MenuEntradaRol1","LavSoft","operacional","MenuEntradaRol1","media","correlacao por nome/texto; exige validacao visual"
"LAVSOFT","MenuEntradaRol1","LavSoft","operacional","MenuEntradaRol1","media","correlacao por nome/texto; exige validacao visual"
"LAVSOFT","MenuEntradaRol1","LavSoft","operacional","MenuEntradaRol1","media","correlacao por nome/texto; exige validacao visual"
"LAVSOFT","MenuEntradaRol1","LavSoft","operacional","MenuEntradaRol1|","media","correlacao por nome/texto; exige validacao visual"
"LAVSOFT","MenuEntradaRol1","LavSoft","operacional","MenuEntradaRol1|","media","correlacao por nome/texto; exige validacao visual"
"LAVSOFT","MenuEntradaRol1","LavSoft","operacional","MenuEntradaRol1|","media","correlacao por nome/texto; exige validacao visual"
"LAVSOFT","MenuEntradaRol1","LavSoft","operacional","MenuEntradaRol1|","media","correlacao por nome/texto; exige validacao visual"
"LAVSOFT","MenuEntradaRol1","LavSoft","operacional","MenuEntradaRol1Click","media","correlacao por nome/texto; exige validacao visual"
"LAVSOFT","MenuEntradaRol1","LavSoft","operacional","MenuEntradaRol1Click","media","correlacao por nome/texto; exige validacao visual"
"LAVSOFT","MenuEntradaRol1","LavSoft","operacional","MenuEntradaRol1Click","media","correlacao por nome/texto; exige validacao visual"
"LAVSOFT","MenuEntradaRol1","LavSoft","operacional","MenuEntradaRol1Click","media","correlacao por nome/texto; exige validacao visual"
"LAVSOFT","MenuLancamentoRol1","LavSoft","operacional","MenuLancamentoRol1","media","correlacao por nome/texto; exige validacao visual"
"LAVSOFT","MenuLancamentoRol1","LavSoft","operacional","MenuLancamentoRol1Click","media","correlacao por nome/texto; exige validacao visual"
"LAVSOFT","MovGrupoClientes1","LavSoft","cadastro","MovGrupoClientes1","media","correlacao por nome/texto; exige validacao visual"
"LAVSOFT","MovGrupoClientes1","LavSoft","cadastro","MovGrupoClientes1","media","correlacao por nome/texto; exige validacao visual"
"LAVSOFT","MovGrupoClientes1","LavSoft","cadastro","MovGrupoClientes1","media","correlacao por nome/texto; exige validacao visual"
"LAVSOFT","MovGrupoClientes1","LavSoft","cadastro","MovGrupoClientes1Click","media","correlacao por nome/texto; exige validacao visual"
"LAVSOFT","MovGrupoClientes1","LavSoft","cadastro","MovGrupoClientes1Click","media","correlacao por nome/texto; exige validacao visual"
"LAVSOFT","MovGrupoClientes1","LavSoft","cadastro","MovGrupoClientes1Click","media","correlacao por nome/texto; exige validacao visual"
"LAVSOFT","MovGrupoClientes1","LavSoft","cadastro","MovGrupoClientes1p","media","correlacao por nome/texto; exige validacao visual"
"LAVSOFT","MovGrupoClientes1","LavSoft","cadastro","MovGrupoClientes1p","media","correlacao por nome/texto; exige validacao visual"
"LAVSOFT","MovGrupoClientes1","LavSoft","cadastro","MovGrupoClientes1p","media","correlacao por nome/texto; exige validacao visual"
"LAVSOFT","MovimentoAnalitico1","LavSoft","relatorio/impressao","MovimentoAnalitico1","media","correlacao por nome/texto; exige validacao visual"
"LAVSOFT","MovimentoAnalitico1","LavSoft","relatorio/impressao","MovimentoAnalitico1","media","correlacao por nome/texto; exige validacao visual"
"LAVSOFT","MovimentoAnalitico1","LavSoft","relatorio/impressao","MovimentoAnalitico1","media","correlacao por nome/texto; exige validacao visual"
"LAVSOFT","MovimentoAnalitico1","LavSoft","relatorio/impressao","MovimentoAnalitico1Click","media","correlacao por nome/texto; exige validacao visual"
"LAVSOFT","MovimentoAnalitico1","LavSoft","relatorio/impressao","MovimentoAnalitico1Click","media","correlacao por nome/texto; exige validacao visual"
"LAVSOFT","MovimentoAnalitico1","LavSoft","relatorio/impressao","MovimentoAnalitico1Click","media","correlacao por nome/texto; exige validacao visual"
"LAVSOFT","MovimentoAnalitico1","LavSoft","relatorio/impressao","MovimentoAnaliticoEntrada1","media","correlacao por nome/texto; exige validacao visual"
"LAVSOFT","MovimentoAnalitico1","LavSoft","relatorio/impressao","MovimentoAnaliticoEntrada1","media","correlacao por nome/texto; exige validacao visual"
"LAVSOFT","MovimentoAnalitico1","LavSoft","relatorio/impressao","MovimentoAnaliticoEntrada1","media","correlacao por nome/texto; exige validacao visual"
"LAVSOFT","MovimentoAnalitico1","LavSoft","relatorio/impressao","MovimentoAnaliticoEntrada1Click","media","correlacao por nome/texto; exige validacao visual"
"LAVSOFT","MovimentoAnalitico1","LavSoft","relatorio/impressao","MovimentoAnaliticoEntrada1Click","media","correlacao por nome/texto; exige validacao visual"
"LAVSOFT","MovimentoAnalitico1","LavSoft","relatorio/impressao","MovimentoAnaliticoEntrada1Click","media","correlacao por nome/texto; exige validacao visual"
"LAVSOFT","MovimentoAnalitico1","LavSoft","relatorio/impressao","MovimentoAnaliticoEntrada1Click%","media","correlacao por nome/texto; exige validacao visual"
"LAVSOFT","MovimentoAnalitico1","LavSoft","relatorio/impressao","MovimentoAnaliticoEntrada1Click%","media","correlacao por nome/texto; exige validacao visual"
"LAVSOFT","MovimentoAnalitico1","LavSoft","relatorio/impressao","MovimentoAnaliticoEntrada1Click%","media","correlacao por nome/texto; exige validacao visual"
"LAVSOFT","MovimentoAnaliticoEntrada1","LavSoft","relatorio/impressao","MovimentoAnaliticoEntrada1","media","correlacao por nome/texto; exige validacao visual"
"LAVSOFT","MovimentoAnaliticoEntrada1","LavSoft","relatorio/impressao","MovimentoAnaliticoEntrada1","media","correlacao por nome/texto; exige validacao visual"
"LAVSOFT","MovimentoAnaliticoEntrada1","LavSoft","relatorio/impressao","MovimentoAnaliticoEntrada1","media","correlacao por nome/texto; exige validacao visual"
"LAVSOFT","MovimentoAnaliticoEntrada1","LavSoft","relatorio/impressao","MovimentoAnaliticoEntrada1Click","media","correlacao por nome/texto; exige validacao visual"
"LAVSOFT","MovimentoAnaliticoEntrada1","LavSoft","relatorio/impressao","MovimentoAnaliticoEntrada1Click","media","correlacao por nome/texto; exige validacao visual"
"LAVSOFT","MovimentoAnaliticoEntrada1","LavSoft","relatorio/impressao","MovimentoAnaliticoEntrada1Click","media","correlacao por nome/texto; exige validacao visual"
"LAVSOFT","MovimentoAnaliticoEntrada1","LavSoft","relatorio/impressao","MovimentoAnaliticoEntrada1Click%","media","correlacao por nome/texto; exige validacao visual"
"LAVSOFT","MovimentoAnaliticoEntrada1","LavSoft","relatorio/impressao","MovimentoAnaliticoEntrada1Click%","media","correlacao por nome/texto; exige validacao visual"
"LAVSOFT","MovimentoAnaliticoEntrada1","LavSoft","relatorio/impressao","MovimentoAnaliticoEntrada1Click%","media","correlacao por nome/texto; exige validacao visual"
"LAVSOFT","MovimentoEntradaSaidaSinttico1","LavSoft","relatorio/impressao","MovimentoEntradaSaidaSinttico1","media","correlacao por nome/texto; exige validacao visual"
"LAVSOFT","MovimentoEntradaSaidaSinttico1","LavSoft","relatorio/impressao","MovimentoEntradaSaidaSinttico1","media","correlacao por nome/texto; exige validacao visual"
"LAVSOFT","MovimentoEntradaSaidaSinttico1","LavSoft","relatorio/impressao","MovimentoEntradaSaidaSinttico1","media","correlacao por nome/texto; exige validacao visual"
"LAVSOFT","MovimentoporDiadeSemana1","LavFacilLan","relatorio/impressao","Movimento por Dia de Semana","media","correlacao por nome/texto; exige validacao visual"
"LAVSOFT","MovimentoporDiadeSemana1","LavFacilLan","relatorio/impressao","Movimento por Dia de Semana","media","correlacao por nome/texto; exige validacao visual"
"LAVSOFT","MovimentoporDiadeSemana1","LavFacilLan","relatorio/impressao","Movimento por Dia de Semana","media","correlacao por nome/texto; exige validacao visual"
"LAVSOFT","MovimentoporDiadeSemana1","LavSoft","relatorio/impressao","Movimento por Dia de Semana","media","correlacao por nome/texto; exige validacao visual"
"LAVSOFT","MovimentoporDiadeSemana1","LavSoft","relatorio/impressao","Movimento por Dia de Semana","media","correlacao por nome/texto; exige validacao visual"
"LAVSOFT","MovimentoporDiadeSemana1","LavSoft","relatorio/impressao","Movimento por Dia de Semana","media","correlacao por nome/texto; exige validacao visual"
"LAVSOFT","MovimentoporDiadeSemana1","LavSoft","relatorio/impressao","MovimentoporDiadeSemana1","media","correlacao por nome/texto; exige validacao visual"
"LAVSOFT","MovimentoporDiadeSemana1","LavSoft","relatorio/impressao","MovimentoporDiadeSemana1","media","correlacao por nome/texto; exige validacao visual"
"LAVSOFT","MovimentoporDiadeSemana1","LavSoft","relatorio/impressao","MovimentoporDiadeSemana1","media","correlacao por nome/texto; exige validacao visual"
"LAVSOFT","MovimentoporDiadeSemana1","LavSoft","relatorio/impressao","MovimentoporDiadeSemana1$","media","correlacao por nome/texto; exige validacao visual"
"LAVSOFT","MovimentoporDiadeSemana1","LavSoft","relatorio/impressao","MovimentoporDiadeSemana1$","media","correlacao por nome/texto; exige validacao visual"
"LAVSOFT","MovimentoporDiadeSemana1","LavSoft","relatorio/impressao","MovimentoporDiadeSemana1$","media","correlacao por nome/texto; exige validacao visual"
"LAVSOFT","MovimentoporDiadeSemana1","LavSoft","relatorio/impressao","MovimentoporDiadeSemana1Click","media","correlacao por nome/texto; exige validacao visual"
"LAVSOFT","MovimentoporDiadeSemana1","LavSoft","relatorio/impressao","MovimentoporDiadeSemana1Click","media","correlacao por nome/texto; exige validacao visual"
"LAVSOFT","MovimentoporDiadeSemana1","LavSoft","relatorio/impressao","MovimentoporDiadeSemana1Click","media","correlacao por nome/texto; exige validacao visual"
"LAVSOFT","MovimentoPorServicosExecutados1","LavSoft","relatorio/impressao","$MovimentoPorServicosExecutados1Click","media","correlacao por nome/texto; exige validacao visual"
"LAVSOFT","MovimentoPorServicosExecutados1","LavSoft","relatorio/impressao","$MovimentoPorServicosExecutados1Click","media","correlacao por nome/texto; exige validacao visual"
"LAVSOFT","MovimentoPorServicosExecutados1","LavSoft","relatorio/impressao","$MovimentoPorServicosExecutados1Click","media","correlacao por nome/texto; exige validacao visual"
"LAVSOFT","MovimentoPorServicosExecutados1","LavSoft","relatorio/impressao","MovimentoPorServicosExecutados1","media","correlacao por nome/texto; exige validacao visual"
"LAVSOFT","MovimentoPorServicosExecutados1","LavSoft","relatorio/impressao","MovimentoPorServicosExecutados1","media","correlacao por nome/texto; exige validacao visual"
"LAVSOFT","MovimentoPorServicosExecutados1","LavSoft","relatorio/impressao","MovimentoPorServicosExecutados1","media","correlacao por nome/texto; exige validacao visual"
"LAVSOFT","MovimentoPorServicoSintetico1","LavSoft","relatorio/impressao","""MovimentoPorServicoSintetico1Click","media","correlacao por nome/texto; exige validacao visual"
"LAVSOFT","MovimentoPorServicoSintetico1","LavSoft","relatorio/impressao","""MovimentoPorServicoSintetico1Click","media","correlacao por nome/texto; exige validacao visual"
"LAVSOFT","MovimentoPorServicoSintetico1","LavSoft","relatorio/impressao","""MovimentoPorServicoSintetico1Click","media","correlacao por nome/texto; exige validacao visual"
"LAVSOFT","MovimentoPorServicoSintetico1","LavSoft","relatorio/impressao","MovimentoPorServicoSintetico1","media","correlacao por nome/texto; exige validacao visual"
"LAVSOFT","MovimentoPorServicoSintetico1","LavSoft","relatorio/impressao","MovimentoPorServicoSintetico1","media","correlacao por nome/texto; exige validacao visual"
"LAVSOFT","MovimentoPorServicoSintetico1","LavSoft","relatorio/impressao","MovimentoPorServicoSintetico1","media","correlacao por nome/texto; exige validacao visual"
"LAVSOFT","MovimentoPorServicosPeso1","LavSoft","relatorio/impressao","MovimentoPorServicosPeso1","media","correlacao por nome/texto; exige validacao visual"
"LAVSOFT","MovimentoPorServicosPeso1","LavSoft","relatorio/impressao","MovimentoPorServicosPeso1","media","correlacao por nome/texto; exige validacao visual"
"LAVSOFT","MovimentoPorServicosPeso1","LavSoft","relatorio/impressao","MovimentoPorServicosPeso1","media","correlacao por nome/texto; exige validacao visual"
"LAVSOFT","MovimentoPorServicosPeso1","LavSoft","relatorio/impressao","MovimentoPorServicosPeso1<","media","correlacao por nome/texto; exige validacao visual"
"LAVSOFT","MovimentoPorServicosPeso1","LavSoft","relatorio/impressao","MovimentoPorServicosPeso1<","media","correlacao por nome/texto; exige validacao visual"
"LAVSOFT","MovimentoPorServicosPeso1","LavSoft","relatorio/impressao","MovimentoPorServicosPeso1<","media","correlacao por nome/texto; exige validacao visual"
"LAVSOFT","MovimentoPorServicosPeso1","LavSoft","relatorio/impressao","MovimentoPorServicosPeso1Click","media","correlacao por nome/texto; exige validacao visual"
"LAVSOFT","MovimentoPorServicosPeso1","LavSoft","relatorio/impressao","MovimentoPorServicosPeso1Click","media","correlacao por nome/texto; exige validacao visual"
"LAVSOFT","MovimentoPorServicosPeso1","LavSoft","relatorio/impressao","MovimentoPorServicosPeso1Click","media","correlacao por nome/texto; exige validacao visual"
"LAVSOFT","MovimentoProduto1","LavSoft","relatorio/impressao","Movimento Produto Mensal","media","correlacao por nome/texto; exige validacao visual"
"LAVSOFT","MovimentoProduto1","LavSoft","relatorio/impressao","Movimento Produto Mensal","media","correlacao por nome/texto; exige validacao visual"
"LAVSOFT","MovimentoProduto1","LavSoft","relatorio/impressao","Movimento Produto Mensal","media","correlacao por nome/texto; exige validacao visual"
"LAVSOFT","MovimentoProduto1","LavSoft","relatorio/impressao","Movimento Produto Mensal","media","correlacao por nome/texto; exige validacao visual"
"LAVSOFT","MovimentoProduto1","LavSoft","relatorio/impressao","MovimentoProduto1","media","correlacao por nome/texto; exige validacao visual"
"LAVSOFT","MovimentoProduto1","LavSoft","relatorio/impressao","MovimentoProduto1","media","correlacao por nome/texto; exige validacao visual"
"LAVSOFT","MovimentoProduto1","LavSoft","relatorio/impressao","MovimentoProduto1","media","correlacao por nome/texto; exige validacao visual"
"LAVSOFT","MovimentoProduto1","LavSoft","relatorio/impressao","MovimentoProduto1","media","correlacao por nome/texto; exige validacao visual"
"LAVSOFT","MovimentoProduto1","LavSoft","relatorio/impressao","MovimentoProduto1Click","media","correlacao por nome/texto; exige validacao visual"
"LAVSOFT","MovimentoProduto1","LavSoft","relatorio/impressao","MovimentoProduto1Click","media","correlacao por nome/texto; exige validacao visual"
"LAVSOFT","MovimentoProduto1","LavSoft","relatorio/impressao","MovimentoProduto1Click","media","correlacao por nome/texto; exige validacao visual"
"LAVSOFT","MovimentoProduto1","LavSoft","relatorio/impressao","MovimentoProduto1Click","media","correlacao por nome/texto; exige validacao visual"
"LAVSOFT","MovimentoProduto1","LavSoft","relatorio/impressao","MovimentoProdutoMensal1","media","correlacao por nome/texto; exige validacao visual"
"LAVSOFT","MovimentoProduto1","LavSoft","relatorio/impressao","MovimentoProdutoMensal1","media","correlacao por nome/texto; exige validacao visual"
"LAVSOFT","MovimentoProduto1","LavSoft","relatorio/impressao","MovimentoProdutoMensal1","media","correlacao por nome/texto; exige validacao visual"
"LAVSOFT","MovimentoProduto1","LavSoft","relatorio/impressao","MovimentoProdutoMensal1","media","correlacao por nome/texto; exige validacao visual"
"LAVSOFT","MovimentoProduto1","LavSoft","relatorio/impressao","MovimentoProdutoMensal1Click","media","correlacao por nome/texto; exige validacao visual"
"LAVSOFT","MovimentoProduto1","LavSoft","relatorio/impressao","MovimentoProdutoMensal1Click","media","correlacao por nome/texto; exige validacao visual"
"LAVSOFT","MovimentoProduto1","LavSoft","relatorio/impressao","MovimentoProdutoMensal1Click","media","correlacao por nome/texto; exige validacao visual"
"LAVSOFT","MovimentoProduto1","LavSoft","relatorio/impressao","MovimentoProdutoMensal1Click","media","correlacao por nome/texto; exige validacao visual"
"LAVSOFT","MovimentoProdutoMensal1","LavSoft","relatorio/impressao","Movimento Produto Mensal","media","correlacao por nome/texto; exige validacao visual"
"LAVSOFT","MovimentoProdutoMensal1","LavSoft","relatorio/impressao","Movimento Produto Mensal","media","correlacao por nome/texto; exige validacao visual"
"LAVSOFT","MovimentoProdutoMensal1","LavSoft","relatorio/impressao","Movimento Produto Mensal","media","correlacao por nome/texto; exige validacao visual"
"LAVSOFT","MovimentoProdutoMensal1","LavSoft","relatorio/impressao","MovimentoProdutoMensal1","media","correlacao por nome/texto; exige validacao visual"
"LAVSOFT","MovimentoProdutoMensal1","LavSoft","relatorio/impressao","MovimentoProdutoMensal1","media","correlacao por nome/texto; exige validacao visual"
"LAVSOFT","MovimentoProdutoMensal1","LavSoft","relatorio/impressao","MovimentoProdutoMensal1","media","correlacao por nome/texto; exige validacao visual"
"LAVSOFT","MovimentoProdutoMensal1","LavSoft","relatorio/impressao","MovimentoProdutoMensal1Click","media","correlacao por nome/texto; exige validacao visual"
"LAVSOFT","MovimentoProdutoMensal1","LavSoft","relatorio/impressao","MovimentoProdutoMensal1Click","media","correlacao por nome/texto; exige validacao visual"
"LAVSOFT","MovimentoProdutoMensal1","LavSoft","relatorio/impressao","MovimentoProdutoMensal1Click","media","correlacao por nome/texto; exige validacao visual"
"LAVSOFT","MovimentoProdutoMensal1","LavSoft","relatorio/impressao","MovimentoProdutoMensal1Click""","media","correlacao por nome/texto; exige validacao visual"
"LAVSOFT","MovimentoProdutoMensal1","LavSoft","relatorio/impressao","MovimentoProdutoMensal1Click""","media","correlacao por nome/texto; exige validacao visual"
"LAVSOFT","MovimentoProdutoMensal1","LavSoft","relatorio/impressao","MovimentoProdutoMensal1Click""","media","correlacao por nome/texto; exige validacao visual"
"LAVSOFT","MovimentoResumidoNotaFiscal1","LavSoft","relatorio/impressao","!MovimentoResumidoNotaFiscal1Click","media","correlacao por nome/texto; exige validacao visual"
"LAVSOFT","MovimentoResumidoNotaFiscal1","LavSoft","relatorio/impressao","!MovimentoResumidoNotaFiscal1Click","media","correlacao por nome/texto; exige validacao visual"
"LAVSOFT","MovimentoResumidoNotaFiscal1","LavSoft","relatorio/impressao","!MovimentoResumidoNotaFiscal1Click","media","correlacao por nome/texto; exige validacao visual"
"LAVSOFT","MovimentoResumidoNotaFiscal1","LavSoft","relatorio/impressao","MovimentoResumidoNotaFiscal1","media","correlacao por nome/texto; exige validacao visual"
"LAVSOFT","MovimentoResumidoNotaFiscal1","LavSoft","relatorio/impressao","MovimentoResumidoNotaFiscal1","media","correlacao por nome/texto; exige validacao visual"
"LAVSOFT","MovimentoResumidoNotaFiscal1","LavSoft","relatorio/impressao","MovimentoResumidoNotaFiscal1","media","correlacao por nome/texto; exige validacao visual"
"LAVSOFT","MovimentoServicoMensal1","LavSoft","relatorio/impressao","MovimentoServicoMensal1","media","correlacao por nome/texto; exige validacao visual"
"LAVSOFT","MovimentoServicoMensal1","LavSoft","relatorio/impressao","MovimentoServicoMensal1","media","correlacao por nome/texto; exige validacao visual"
"LAVSOFT","MovimentoServicoMensal1","LavSoft","relatorio/impressao","MovimentoServicoMensal1","media","correlacao por nome/texto; exige validacao visual"
"LAVSOFT","MovimentoServicoMensal1","LavSoft","relatorio/impressao","MovimentoServicoMensal1Click","media","correlacao por nome/texto; exige validacao visual"
"LAVSOFT","MovimentoServicoMensal1","LavSoft","relatorio/impressao","MovimentoServicoMensal1Click","media","correlacao por nome/texto; exige validacao visual"
"LAVSOFT","MovimentoServicoMensal1","LavSoft","relatorio/impressao","MovimentoServicoMensal1Click","media","correlacao por nome/texto; exige validacao visual"
"LAVSOFT","MovimentoSintetico1","LavSoft","relatorio/impressao","MovimentoSintetico1","media","correlacao por nome/texto; exige validacao visual"
"LAVSOFT","MovimentoSintetico1","LavSoft","relatorio/impressao","MovimentoSintetico1","media","correlacao por nome/texto; exige validacao visual"
"LAVSOFT","MovimentoSintetico1","LavSoft","relatorio/impressao","MovimentoSintetico1","media","correlacao por nome/texto; exige validacao visual"
"LAVSOFT","MovimentoSintetico1","LavSoft","relatorio/impressao","MovimentoSintetico1Click","media","correlacao por nome/texto; exige validacao visual"
"LAVSOFT","MovimentoSintetico1","LavSoft","relatorio/impressao","MovimentoSintetico1Click","media","correlacao por nome/texto; exige validacao visual"
"LAVSOFT","MovimentoSintetico1","LavSoft","relatorio/impressao","MovimentoSintetico1Click","media","correlacao por nome/texto; exige validacao visual"
"LAVSOFT","MovimentoSintticoEntrada1","LavSoft","relatorio/impressao","MovimentoSintticoEntrada1","media","correlacao por nome/texto; exige validacao visual"
"LAVSOFT","MovimentoSintticoEntrada1","LavSoft","relatorio/impressao","MovimentoSintticoEntrada1","media","correlacao por nome/texto; exige validacao visual"
"LAVSOFT","MovimentoSintticoEntrada1","LavSoft","relatorio/impressao","MovimentoSintticoEntrada1","media","correlacao por nome/texto; exige validacao visual"
"LAVSOFT","MovimentoSintticoEntrada1","LavSoft","relatorio/impressao","MovimentoSintticoEntrada1Click","media","correlacao por nome/texto; exige validacao visual"
"LAVSOFT","MovimentoSintticoEntrada1","LavSoft","relatorio/impressao","MovimentoSintticoEntrada1Click","media","correlacao por nome/texto; exige validacao visual"
"LAVSOFT","MovimentoSintticoEntrada1","LavSoft","relatorio/impressao","MovimentoSintticoEntrada1Click","media","correlacao por nome/texto; exige validacao visual"
"LAVSOFT","NotaFiscal1","LavSoft","fiscal","-Fixada ( Nota Fiscal )","media","correlacao por nome/texto; exige validacao visual"
"LAVSOFT","NotaFiscal1","LavSoft","fiscal","-Nota Fiscal: Com Notas","media","correlacao por nome/texto; exige validacao visual"
"LAVSOFT","NotaFiscal1","LavSoft","fiscal","-Nota Fiscal: Sem Notas","media","correlacao por nome/texto; exige validacao visual"
"LAVSOFT","NotaFiscal1","LavSoft","relatorio/impressao","!MovimentoResumidoNotaFiscal1Click","media","correlacao por nome/texto; exige validacao visual"
"LAVSOFT","NotaFiscal1","LavSoft","fiscal","(NFE - Nota fiscal eletr","media","correlacao por nome/texto; exige validacao visual"
"LAVSOFT","Pagamento","LavSoft","financeiro/caixa","- Pagamento","media","correlacao por nome/texto; exige validacao visual"
"LAVSOFT","Pagamento","LavSoft","financeiro/caixa","- Pagamento de:","media","correlacao por nome/texto; exige validacao visual"
"LAVSOFT","Pagamento","LavSoft","financeiro/caixa","- use o Cancelamento do Pagamento, Tecle Enter para Continuar","media","correlacao por nome/texto; exige validacao visual"
"LAVSOFT","Pagamento","LavSoft","financeiro/caixa","-Agrup.: Pagamento","media","correlacao por nome/texto; exige validacao visual"
"LAVSOFT","Pagamento","LavSoft","financeiro/caixa",",Exibe detalhes do Processamento (Pagamento)","media","correlacao por nome/texto; exige validacao visual"
"LAVSOFT","PagamentodeVariosRols1","LavFacilLan","financeiro/caixa","PagamentodeVariosRols1","media","correlacao por nome/texto; exige validacao visual"
"LAVSOFT","PagamentodeVariosRols1","LavFacilLan","financeiro/caixa","PagamentodeVariosRols1Click","media","correlacao por nome/texto; exige validacao visual"
"LAVSOFT","PagamentodeVariosRols1","LavSoft","financeiro/caixa","Pagamento de Varios Rols","media","correlacao por nome/texto; exige validacao visual"
"LAVSOFT","PagamentodeVariosRols1","LavSoft","financeiro/caixa","PagamentodeVariosRols1","media","correlacao por nome/texto; exige validacao visual"
"LAVSOFT","PagamentodeVariosRols1","LavSoft","financeiro/caixa","PagamentodeVariosRols1Click","media","correlacao por nome/texto; exige validacao visual"
"LAVSOFT","PagamentoRol1","LavSoft","financeiro/caixa","PagamentoRol1","media","correlacao por nome/texto; exige validacao visual"
"LAVSOFT","PagamentoRol1","LavSoft","financeiro/caixa","PagamentoRol1Click","media","correlacao por nome/texto; exige validacao visual"
"LAVSOFT","Parametros1","LavSoft","cadastro",":\EquipExe\Exe\Parametros.Exe","media","correlacao por nome/texto; exige validacao visual"
"LAVSOFT","Parametros1","LavSoft","cadastro",":\EquipExe\Exe\Parametros.Exe","media","correlacao por nome/texto; exige validacao visual"
"LAVSOFT","Parametros1","LavSoft","cadastro",":\EquipExe\Exe\Parametros.Exe","media","correlacao por nome/texto; exige validacao visual"
"LAVSOFT","Parametros1","LavSoft","cadastro",":\EquipExe\Exe\Parametros.Exe","media","correlacao por nome/texto; exige validacao visual"
"LAVSOFT","Parametros1","LavSoft","cadastro",":\EquipExe\Exe\Parametros.Exe","media","correlacao por nome/texto; exige validacao visual"
"LAVSOFT","Parametros1","LavSoft","cadastro","!DescriodaFilialnoRodapParametros1","media","correlacao por nome/texto; exige validacao visual"
"LAVSOFT","Parametros1","LavSoft","cadastro","!DescriodaFilialnoRodapParametros1","media","correlacao por nome/texto; exige validacao visual"
"LAVSOFT","Parametros1","LavSoft","cadastro","!DescriodaFilialnoRodapParametros1","media","correlacao por nome/texto; exige validacao visual"
"LAVSOFT","Parametros1","LavSoft","cadastro","!DescriodaFilialnoRodapParametros1","media","correlacao por nome/texto; exige validacao visual"
"LAVSOFT","Parametros1","LavSoft","cadastro","!DescriodaFilialnoRodapParametros1","media","correlacao por nome/texto; exige validacao visual"
"LAVSOFT","Parametros1","LavSoft","cadastro","Carrega parametros","media","correlacao por nome/texto; exige validacao visual"
"LAVSOFT","Parametros1","LavSoft","cadastro","Carrega parametros","media","correlacao por nome/texto; exige validacao visual"
"LAVSOFT","Parametros1","LavSoft","cadastro","Carrega parametros","media","correlacao por nome/texto; exige validacao visual"
"LAVSOFT","Parametros1","LavSoft","cadastro","Carrega parametros","media","correlacao por nome/texto; exige validacao visual"
"LAVSOFT","Parametros1","LavSoft","cadastro","Carrega parametros","media","correlacao por nome/texto; exige validacao visual"
"LAVSOFT","Parametros1","LavSoft","cadastro","DescriodaFilialnoRodapParametros1","media","correlacao por nome/texto; exige validacao visual"
"LAVSOFT","Parametros1","LavSoft","cadastro","DescriodaFilialnoRodapParametros1","media","correlacao por nome/texto; exige validacao visual"
"LAVSOFT","Parametros1","LavSoft","cadastro","DescriodaFilialnoRodapParametros1","media","correlacao por nome/texto; exige validacao visual"
"LAVSOFT","Parametros1","LavSoft","cadastro","DescriodaFilialnoRodapParametros1","media","correlacao por nome/texto; exige validacao visual"
"LAVSOFT","Parametros1","LavSoft","cadastro","DescriodaFilialnoRodapParametros1","media","correlacao por nome/texto; exige validacao visual"
"LAVSOFT","Parametros1","LavSoft","cadastro","DescriodaFilialnoRodapParametros1Click","media","correlacao por nome/texto; exige validacao visual"
"LAVSOFT","Parametros1","LavSoft","cadastro","DescriodaFilialnoRodapParametros1Click","media","correlacao por nome/texto; exige validacao visual"
"LAVSOFT","Parametros1","LavSoft","cadastro","DescriodaFilialnoRodapParametros1Click","media","correlacao por nome/texto; exige validacao visual"
"LAVSOFT","Parametros1","LavSoft","cadastro","DescriodaFilialnoRodapParametros1Click","media","correlacao por nome/texto; exige validacao visual"
"LAVSOFT","Parametros1","LavSoft","cadastro","DescriodaFilialnoRodapParametros1Click","media","correlacao por nome/texto; exige validacao visual"
"LAVSOFT","Passadoria1","LavSoft","relatorio/impressao","!RelatriodePassadoriaProduto1Click","media","correlacao por nome/texto; exige validacao visual"
"LAVSOFT","Passadoria1","LavSoft","relatorio/impressao","!RelatriodePassadoriaProduto1Click","media","correlacao por nome/texto; exige validacao visual"
"LAVSOFT","Passadoria1","LavSoft","relatorio/impressao","!RelatriodePassadoriaProduto1Click","media","correlacao por nome/texto; exige validacao visual"
"LAVSOFT","Passadoria1","LavSoft","relatorio/impressao","*RelatrioPassadoriaLavanderiaResumido1Click","media","correlacao por nome/texto; exige validacao visual"
"LAVSOFT","Passadoria1","LavSoft","relatorio/impressao","*RelatrioPassadoriaLavanderiaResumido1Click","media","correlacao por nome/texto; exige validacao visual"
"LAVSOFT","Passadoria1","LavSoft","relatorio/impressao","*RelatrioPassadoriaLavanderiaResumido1Click","media","correlacao por nome/texto; exige validacao visual"
"LAVSOFT","Passadoria1","LavSoft","operacional","#Apenas pontos de passadoria zerado.","media","correlacao por nome/texto; exige validacao visual"
"LAVSOFT","Passadoria1","LavSoft","operacional","#Apenas pontos de passadoria zerado.","media","correlacao por nome/texto; exige validacao visual"
"LAVSOFT","Passadoria1","LavSoft","operacional","#Apenas pontos de passadoria zerado.","media","correlacao por nome/texto; exige validacao visual"
"LAVSOFT","Passadoria1","LavSoft","relatorio/impressao","%RelatrioPassadoriaLavanderiaResumido1D","media","correlacao por nome/texto; exige validacao visual"
"LAVSOFT","Passadoria1","LavSoft","relatorio/impressao","%RelatrioPassadoriaLavanderiaResumido1D","media","correlacao por nome/texto; exige validacao visual"
"LAVSOFT","Passadoria1","LavSoft","relatorio/impressao","%RelatrioPassadoriaLavanderiaResumido1D","media","correlacao por nome/texto; exige validacao visual"
"LAVSOFT","Passadoria1","LavSoft","operacional","C:\Equipexe\Grids\PASSADORIA","media","correlacao por nome/texto; exige validacao visual"
"LAVSOFT","Passadoria1","LavSoft","operacional","C:\Equipexe\Grids\PASSADORIA","media","correlacao por nome/texto; exige validacao visual"
"LAVSOFT","Passadoria1","LavSoft","operacional","C:\Equipexe\Grids\PASSADORIA","media","correlacao por nome/texto; exige validacao visual"
"LAVSOFT","PrevisoEntrega1","LavSoft","relatorio/impressao","PrevisoEntrega1","media","correlacao por nome/texto; exige validacao visual"
"LAVSOFT","PrevisoEntrega1","LavSoft","relatorio/impressao","PrevisoEntrega1","media","correlacao por nome/texto; exige validacao visual"
"LAVSOFT","PrevisoEntrega1","LavSoft","relatorio/impressao","PrevisoEntrega1","media","correlacao por nome/texto; exige validacao visual"
"LAVSOFT","PrevisoEntrega1","LavSoft","relatorio/impressao","PrevisoEntrega1Click","media","correlacao por nome/texto; exige validacao visual"
"LAVSOFT","PrevisoEntrega1","LavSoft","relatorio/impressao","PrevisoEntrega1Click","media","correlacao por nome/texto; exige validacao visual"
"LAVSOFT","PrevisoEntrega1","LavSoft","relatorio/impressao","PrevisoEntrega1Click","media","correlacao por nome/texto; exige validacao visual"
"LAVSOFT","ReciboCaixa1","LavFacilLan","relatorio/impressao","ReciboCaixa1","media","correlacao por nome/texto; exige validacao visual"
"LAVSOFT","ReciboCaixa1","LavFacilLan","relatorio/impressao","ReciboCaixa1","media","correlacao por nome/texto; exige validacao visual"
"LAVSOFT","ReciboCaixa1","LavFacilLan","relatorio/impressao","ReciboCaixa1","media","correlacao por nome/texto; exige validacao visual"
"LAVSOFT","ReciboCaixa1","LavFacilLan","relatorio/impressao","ReciboCaixa1","media","correlacao por nome/texto; exige validacao visual"
"LAVSOFT","ReciboCaixa1","LavFacilLan","relatorio/impressao","ReciboCaixa1Click","media","correlacao por nome/texto; exige validacao visual"
"LAVSOFT","ReciboCaixa1","LavFacilLan","relatorio/impressao","ReciboCaixa1Click","media","correlacao por nome/texto; exige validacao visual"
"LAVSOFT","ReciboCaixa1","LavFacilLan","relatorio/impressao","ReciboCaixa1Click","media","correlacao por nome/texto; exige validacao visual"
"LAVSOFT","ReciboCaixa1","LavFacilLan","relatorio/impressao","ReciboCaixa1Click","media","correlacao por nome/texto; exige validacao visual"
"LAVSOFT","ReciboCaixa1","LavSoft","relatorio/impressao","ReciboCaixa1","media","correlacao por nome/texto; exige validacao visual"
"LAVSOFT","ReciboCaixa1","LavSoft","relatorio/impressao","ReciboCaixa1","media","correlacao por nome/texto; exige validacao visual"
"LAVSOFT","ReciboCaixa1","LavSoft","relatorio/impressao","ReciboCaixa1","media","correlacao por nome/texto; exige validacao visual"
"LAVSOFT","ReciboCaixa1","LavSoft","relatorio/impressao","ReciboCaixa1","media","correlacao por nome/texto; exige validacao visual"
"LAVSOFT","ReciboCaixa1","LavSoft","relatorio/impressao","ReciboCaixa1Click","media","correlacao por nome/texto; exige validacao visual"
"LAVSOFT","ReciboCaixa1","LavSoft","relatorio/impressao","ReciboCaixa1Click","media","correlacao por nome/texto; exige validacao visual"
"LAVSOFT","ReciboCaixa1","LavSoft","relatorio/impressao","ReciboCaixa1Click","media","correlacao por nome/texto; exige validacao visual"
"LAVSOFT","ReciboCaixa1","LavSoft","relatorio/impressao","ReciboCaixa1Click","media","correlacao por nome/texto; exige validacao visual"
"LAVSOFT","Reemisso2","LavFacilLan","operacional","ReemissodoRol1","media","correlacao por nome/texto; exige validacao visual"
"LAVSOFT","Reemisso2","LavFacilLan","operacional","ReemissodoRol1Click","media","correlacao por nome/texto; exige validacao visual"
"LAVSOFT","Reemisso2","LavSoft","operacional","ReemissodoRol1","media","correlacao por nome/texto; exige validacao visual"
"LAVSOFT","Reemisso2","LavSoft","operacional","ReemissodoRol1Click","media","correlacao por nome/texto; exige validacao visual"
"LAVSOFT","RelatConfRol1","LavSoft","relatorio/impressao","RelatConfRol1","media","correlacao por nome/texto; exige validacao visual"
"LAVSOFT","RelatConfRol1","LavSoft","relatorio/impressao","RelatConfRol1","media","correlacao por nome/texto; exige validacao visual"
"LAVSOFT","RelatConfRol1","LavSoft","relatorio/impressao","RelatConfRol1","media","correlacao por nome/texto; exige validacao visual"
"LAVSOFT","RelatConfRol1","LavSoft","relatorio/impressao","RelatConfRol1","media","correlacao por nome/texto; exige validacao visual"
"LAVSOFT","RelatConfRol1","LavSoft","relatorio/impressao","RelatConfRol18","media","correlacao por nome/texto; exige validacao visual"
"LAVSOFT","RelatConfRol1","LavSoft","relatorio/impressao","RelatConfRol18","media","correlacao por nome/texto; exige validacao visual"
"LAVSOFT","RelatConfRol1","LavSoft","relatorio/impressao","RelatConfRol18","media","correlacao por nome/texto; exige validacao visual"
"LAVSOFT","RelatConfRol1","LavSoft","relatorio/impressao","RelatConfRol18","media","correlacao por nome/texto; exige validacao visual"
"LAVSOFT","RelatConfRol1","LavSoft","relatorio/impressao","RelatConfRol1Click","media","correlacao por nome/texto; exige validacao visual"
"LAVSOFT","RelatConfRol1","LavSoft","relatorio/impressao","RelatConfRol1Click","media","correlacao por nome/texto; exige validacao visual"
"LAVSOFT","RelatConfRol1","LavSoft","relatorio/impressao","RelatConfRol1Click","media","correlacao por nome/texto; exige validacao visual"
"LAVSOFT","RelatConfRol1","LavSoft","relatorio/impressao","RelatConfRol1Click","media","correlacao por nome/texto; exige validacao visual"
"LAVSOFT","RelatorioparaEntrega1","LavSoft","relatorio/impressao","RelatorioparaEntrega1","media","correlacao por nome/texto; exige validacao visual"
"LAVSOFT","RelatorioparaEntrega1","LavSoft","relatorio/impressao","RelatorioparaEntrega1","media","correlacao por nome/texto; exige validacao visual"
"LAVSOFT","RelatorioparaEntrega1","LavSoft","relatorio/impressao","RelatorioparaEntrega1","media","correlacao por nome/texto; exige validacao visual"
"LAVSOFT","RelatorioparaEntrega1","LavSoft","relatorio/impressao","RelatorioparaEntrega1Click","media","correlacao por nome/texto; exige validacao visual"
"LAVSOFT","RelatorioparaEntrega1","LavSoft","relatorio/impressao","RelatorioparaEntrega1Click","media","correlacao por nome/texto; exige validacao visual"
"LAVSOFT","RelatorioparaEntrega1","LavSoft","relatorio/impressao","RelatorioparaEntrega1Click","media","correlacao por nome/texto; exige validacao visual"
"LAVSOFT","RelatorioparaEntrega1","LavSoft","relatorio/impressao","RelatorioparaEntrega1l","media","correlacao por nome/texto; exige validacao visual"
"LAVSOFT","RelatorioparaEntrega1","LavSoft","relatorio/impressao","RelatorioparaEntrega1l","media","correlacao por nome/texto; exige validacao visual"
"LAVSOFT","RelatorioparaEntrega1","LavSoft","relatorio/impressao","RelatorioparaEntrega1l","media","correlacao por nome/texto; exige validacao visual"
"LAVSOFT","RelControlePontos1","LavSoft","operacional","RelControlePontos1","media","correlacao por nome/texto; exige validacao visual"
"LAVSOFT","RelControlePontos1","LavSoft","operacional","RelControlePontos1","media","correlacao por nome/texto; exige validacao visual"
"LAVSOFT","RelControlePontos1","LavSoft","operacional","RelControlePontos1","media","correlacao por nome/texto; exige validacao visual"
"LAVSOFT","RelControlePontos1","LavSoft","operacional","RelControlePontos1Click","media","correlacao por nome/texto; exige validacao visual"
"LAVSOFT","RelControlePontos1","LavSoft","operacional","RelControlePontos1Click","media","correlacao por nome/texto; exige validacao visual"
"LAVSOFT","RelControlePontos1","LavSoft","operacional","RelControlePontos1Click","media","correlacao por nome/texto; exige validacao visual"
"LAVSOFT","RelEstoquenoCli1","LavSoft","operacional","RelEstoquenoCli1","media","correlacao por nome/texto; exige validacao visual"
"LAVSOFT","RelEstoquenoCli1","LavSoft","operacional","RelEstoquenoCli1","media","correlacao por nome/texto; exige validacao visual"
"LAVSOFT","RelEstoquenoCli1","LavSoft","operacional","RelEstoquenoCli1","media","correlacao por nome/texto; exige validacao visual"
"LAVSOFT","RelEstoquenoCli1","LavSoft","operacional","RelEstoquenoCli1","media","correlacao por nome/texto; exige validacao visual"
"LAVSOFT","RelEstoquenoCli1","LavSoft","operacional","RelEstoquenoCli1\","media","correlacao por nome/texto; exige validacao visual"
"LAVSOFT","RelEstoquenoCli1","LavSoft","operacional","RelEstoquenoCli1\","media","correlacao por nome/texto; exige validacao visual"
"LAVSOFT","RelEstoquenoCli1","LavSoft","operacional","RelEstoquenoCli1\","media","correlacao por nome/texto; exige validacao visual"
"LAVSOFT","RelEstoquenoCli1","LavSoft","operacional","RelEstoquenoCli1\","media","correlacao por nome/texto; exige validacao visual"
"LAVSOFT","RelEstoquenoCli1","LavSoft","operacional","RelEstoquenoCli1Click","media","correlacao por nome/texto; exige validacao visual"
"LAVSOFT","RelEstoquenoCli1","LavSoft","operacional","RelEstoquenoCli1Click","media","correlacao por nome/texto; exige validacao visual"
"LAVSOFT","RelEstoquenoCli1","LavSoft","operacional","RelEstoquenoCli1Click","media","correlacao por nome/texto; exige validacao visual"
"LAVSOFT","RelEstoquenoCli1","LavSoft","operacional","RelEstoquenoCli1Click","media","correlacao por nome/texto; exige validacao visual"
"LAVSOFT","RelFatPrecos1","LavSoft","outro","RelFatPrecos1","media","correlacao por nome/texto; exige validacao visual"
"LAVSOFT","RelFatPrecos1","LavSoft","outro","RelFatPrecos1","media","correlacao por nome/texto; exige validacao visual"
"LAVSOFT","RelFatPrecos1","LavSoft","outro","RelFatPrecos1","media","correlacao por nome/texto; exige validacao visual"
"LAVSOFT","RelFatPrecos1","LavSoft","outro","RelFatPrecos1","media","correlacao por nome/texto; exige validacao visual"
"LAVSOFT","RelFatPrecos1","LavSoft","outro","RelFatPrecos1Click","media","correlacao por nome/texto; exige validacao visual"
"LAVSOFT","RelFatPrecos1","LavSoft","outro","RelFatPrecos1Click","media","correlacao por nome/texto; exige validacao visual"
"LAVSOFT","RelFatPrecos1","LavSoft","outro","RelFatPrecos1Click","media","correlacao por nome/texto; exige validacao visual"
"LAVSOFT","RelFatPrecos1","LavSoft","outro","RelFatPrecos1Click","media","correlacao por nome/texto; exige validacao visual"
"LAVSOFT","RelFatPrecos1","LavSoft","outro","RelFatPrecos1Click#","media","correlacao por nome/texto; exige validacao visual"
"LAVSOFT","RelFatPrecos1","LavSoft","outro","RelFatPrecos1Click#","media","correlacao por nome/texto; exige validacao visual"
"LAVSOFT","RelFatPrecos1","LavSoft","outro","RelFatPrecos1Click#","media","correlacao por nome/texto; exige validacao visual"
"LAVSOFT","RelFatPrecos1","LavSoft","outro","RelFatPrecos1Click#","media","correlacao por nome/texto; exige validacao visual"
"LAVSOFT","RelFreCli1","LavSoft","relatorio/impressao","FC_RelFreCli.DS_Movimento","media","correlacao por nome/texto; exige validacao visual"
"LAVSOFT","RelFreCli1","LavSoft","relatorio/impressao","FC_RelFreCli.DS_Movimento","media","correlacao por nome/texto; exige validacao visual"
"LAVSOFT","RelFreCli1","LavSoft","relatorio/impressao","FC_RelFreCli.DS_Movimento","media","correlacao por nome/texto; exige validacao visual"
"LAVSOFT","Resumida1","LavSoft","operacional","o resumida do tipo de entrega","media","correlacao por nome/texto; exige validacao visual"
"LAVSOFT","Resumida1","LavSoft","operacional","o resumida do tipo de entrega","media","correlacao por nome/texto; exige validacao visual"
"LAVSOFT","Resumida1","LavSoft","operacional","o resumida do tipo de entrega","media","correlacao por nome/texto; exige validacao visual"
"LAVSOFT","Resumida1","LavSoft","operacional","o resumida do tipo de entrega","media","correlacao por nome/texto; exige validacao visual"
"LAVSOFT","RolsCancelados1","LavSoft","operacional","Filtros - Rols Cancelados/Datas","media","correlacao por nome/texto; exige validacao visual"
"LAVSOFT","RolsCancelados1","LavSoft","operacional","Filtros - Rols Cancelados/Datas","media","correlacao por nome/texto; exige validacao visual"
"LAVSOFT","RolsCancelados1","LavSoft","operacional","Filtros - Rols Cancelados/Datas","media","correlacao por nome/texto; exige validacao visual"
"LAVSOFT","RolsCancelados1","LavSoft","operacional","Filtros - Rols Cancelados/Datas","media","correlacao por nome/texto; exige validacao visual"
"LAVSOFT","RolsCancelados1","LavSoft","operacional","o rols cancelados ou n","media","correlacao por nome/texto; exige validacao visual"
"LAVSOFT","RolsCancelados1","LavSoft","operacional","o rols cancelados ou n","media","correlacao por nome/texto; exige validacao visual"
"LAVSOFT","RolsCancelados1","LavSoft","operacional","o rols cancelados ou n","media","correlacao por nome/texto; exige validacao visual"
"LAVSOFT","RolsCancelados1","LavSoft","operacional","o rols cancelados ou n","media","correlacao por nome/texto; exige validacao visual"
"LAVSOFT","RolsCancelados1","LavSoft","operacional","Rols Cancelados","media","correlacao por nome/texto; exige validacao visual"
"LAVSOFT","RolsCancelados1","LavSoft","operacional","Rols Cancelados","media","correlacao por nome/texto; exige validacao visual"
"LAVSOFT","RolsCancelados1","LavSoft","operacional","Rols Cancelados","media","correlacao por nome/texto; exige validacao visual"
"LAVSOFT","RolsCancelados1","LavSoft","operacional","Rols Cancelados","media","correlacao por nome/texto; exige validacao visual"
"LAVSOFT","RolsCancelados1","LavSoft","operacional","Rols Cancelados:","media","correlacao por nome/texto; exige validacao visual"
"LAVSOFT","RolsCancelados1","LavSoft","operacional","Rols Cancelados:","media","correlacao por nome/texto; exige validacao visual"
"LAVSOFT","RolsCancelados1","LavSoft","operacional","Rols Cancelados:","media","correlacao por nome/texto; exige validacao visual"
"LAVSOFT","RolsCancelados1","LavSoft","operacional","Rols Cancelados:","media","correlacao por nome/texto; exige validacao visual"
"LAVSOFT","RolsCancelados1","LavSoft","operacional","RolsCancelados1","media","correlacao por nome/texto; exige validacao visual"
"LAVSOFT","RolsCancelados1","LavSoft","operacional","RolsCancelados1","media","correlacao por nome/texto; exige validacao visual"
"LAVSOFT","RolsCancelados1","LavSoft","operacional","RolsCancelados1","media","correlacao por nome/texto; exige validacao visual"
"LAVSOFT","RolsCancelados1","LavSoft","operacional","RolsCancelados1","media","correlacao por nome/texto; exige validacao visual"
"LAVSOFT","ROLsemAberto1","LavSoft","operacional","9Mensagem no final do rol com qde. total de rols em aberto","media","correlacao por nome/texto; exige validacao visual"
"LAVSOFT","ROLsemAberto1","LavSoft","operacional","Filtra apenas os Rols em Aberto","media","correlacao por nome/texto; exige validacao visual"
"LAVSOFT","ROLsemAberto1","LavSoft","operacional","Processando...Rols em Aberto","media","correlacao por nome/texto; exige validacao visual"
"LAVSOFT","ROLsemAberto1","LavSoft","operacional","ROLs em Aberto","media","correlacao por nome/texto; exige validacao visual"
"LAVSOFT","ROLsemAberto1","LavSoft","operacional","Rols em Aberto - Detalhado","media","correlacao por nome/texto; exige validacao visual"
"LAVSOFT","ROlsPagos1","LavSoft","operacional","Filtros - Rols Pagos","media","correlacao por nome/texto; exige validacao visual"
"LAVSOFT","ROlsPagos1","LavSoft","operacional","Filtros - Rols Pagos","media","correlacao por nome/texto; exige validacao visual"
"LAVSOFT","ROlsPagos1","LavSoft","operacional","Filtros - Rols Pagos","media","correlacao por nome/texto; exige validacao visual"
"LAVSOFT","ROlsPagos1","LavSoft","operacional","ROLs Pagos","media","correlacao por nome/texto; exige validacao visual"
"LAVSOFT","ROlsPagos1","LavSoft","operacional","ROLs Pagos","media","correlacao por nome/texto; exige validacao visual"
"LAVSOFT","ROlsPagos1","LavSoft","operacional","ROLs Pagos","media","correlacao por nome/texto; exige validacao visual"
"LAVSOFT","ROlsPagos1","LavSoft","operacional","ROlsPagos1","media","correlacao por nome/texto; exige validacao visual"
"LAVSOFT","ROlsPagos1","LavSoft","operacional","ROlsPagos1","media","correlacao por nome/texto; exige validacao visual"
"LAVSOFT","ROlsPagos1","LavSoft","operacional","ROlsPagos1","media","correlacao por nome/texto; exige validacao visual"
"LAVSOFT","ROlsPagos1","LavSoft","operacional","ROlsPagos1(","media","correlacao por nome/texto; exige validacao visual"
"LAVSOFT","ROlsPagos1","LavSoft","operacional","ROlsPagos1(","media","correlacao por nome/texto; exige validacao visual"
"LAVSOFT","ROlsPagos1","LavSoft","operacional","ROlsPagos1(","media","correlacao por nome/texto; exige validacao visual"
"LAVSOFT","ROlsPagos1","LavSoft","operacional","ROlsPagos1Click","media","correlacao por nome/texto; exige validacao visual"
"LAVSOFT","ROlsPagos1","LavSoft","operacional","ROlsPagos1Click","media","correlacao por nome/texto; exige validacao visual"
"LAVSOFT","ROlsPagos1","LavSoft","operacional","ROlsPagos1Click","media","correlacao por nome/texto; exige validacao visual"
"LAVSOFT","SaldoControleEntrada1","LavSoft","operacional","SaldoControleEntrada1","media","correlacao por nome/texto; exige validacao visual"
"LAVSOFT","SaldoControleEntrada1","LavSoft","operacional","SaldoControleEntrada1","media","correlacao por nome/texto; exige validacao visual"
"LAVSOFT","SaldoControleEntrada1","LavSoft","operacional","SaldoControleEntrada1","media","correlacao por nome/texto; exige validacao visual"
"LAVSOFT","SaldoControleEntrada1","LavSoft","operacional","SaldoControleEntrada1Click","media","correlacao por nome/texto; exige validacao visual"
"LAVSOFT","SaldoControleEntrada1","LavSoft","operacional","SaldoControleEntrada1Click","media","correlacao por nome/texto; exige validacao visual"
"LAVSOFT","SaldoControleEntrada1","LavSoft","operacional","SaldoControleEntrada1Click","media","correlacao por nome/texto; exige validacao visual"
"LAVSOFT","SitRol","LavSoft","operacional","and (M.SitRol="""")","media","correlacao por nome/texto; exige validacao visual"
"LAVSOFT","SitRol","LavSoft","operacional","and (M.SitRol=""P"")","media","correlacao por nome/texto; exige validacao visual"
"LAVSOFT","SitRol","LavSoft","operacional","and (not (M.SitRol=""P""))","media","correlacao por nome/texto; exige validacao visual"
"LAVSOFT","SitRol","LavSoft","operacional","and (not M.SitRol=""P"")","media","correlacao por nome/texto; exige validacao visual"
"LAVSOFT","SitRol","LavSoft","operacional","and (not(M.SitRol=""P""))","media","correlacao por nome/texto; exige validacao visual"
"LAVSOFT","SituacaodoRols1","LavSoft","operacional","SituacaodoRols1","media","correlacao por nome/texto; exige validacao visual"
"LAVSOFT","SituacaodoRols1","LavSoft","operacional","SituacaodoRols1","media","correlacao por nome/texto; exige validacao visual"
"LAVSOFT","SituacaodoRols1","LavSoft","operacional","SituacaodoRols1","media","correlacao por nome/texto; exige validacao visual"
"LAVSOFT","SituacaodoRols1","LavSoft","operacional","SituacaodoRols1Click","media","correlacao por nome/texto; exige validacao visual"
"LAVSOFT","SituacaodoRols1","LavSoft","operacional","SituacaodoRols1Click","media","correlacao por nome/texto; exige validacao visual"
"LAVSOFT","SituacaodoRols1","LavSoft","operacional","SituacaodoRols1Click","media","correlacao por nome/texto; exige validacao visual"
"LAVSOFT","TabeladePreco1","LavSoft","cadastro","digo da Tabela de Preco","media","correlacao por nome/texto; exige validacao visual"
"LAVSOFT","TabeladePreco1","LavSoft","cadastro","digo da Tabela de Preco","media","correlacao por nome/texto; exige validacao visual"
"LAVSOFT","TabeladePreco1","LavSoft","cadastro","digo da Tabela de Preco","media","correlacao por nome/texto; exige validacao visual"
"LAVSOFT","TabeladePreco1","LavSoft","cadastro","digo da Tabela de Preco","media","correlacao por nome/texto; exige validacao visual"
"LAVSOFT","TabeladePreco1","LavSoft","cadastro","Tabela de Preco","media","correlacao por nome/texto; exige validacao visual"
"LAVSOFT","TabeladePreco1","LavSoft","cadastro","Tabela de Preco","media","correlacao por nome/texto; exige validacao visual"
"LAVSOFT","TabeladePreco1","LavSoft","cadastro","Tabela de Preco","media","correlacao por nome/texto; exige validacao visual"
"LAVSOFT","TabeladePreco1","LavSoft","cadastro","Tabela de Preco","media","correlacao por nome/texto; exige validacao visual"
"LAVSOFT","TabeladePreco1","LavSoft","cadastro","TabeladePreco1","media","correlacao por nome/texto; exige validacao visual"
"LAVSOFT","TabeladePreco1","LavSoft","cadastro","TabeladePreco1","media","correlacao por nome/texto; exige validacao visual"
"LAVSOFT","TabeladePreco1","LavSoft","cadastro","TabeladePreco1","media","correlacao por nome/texto; exige validacao visual"
"LAVSOFT","TabeladePreco1","LavSoft","cadastro","TabeladePreco1","media","correlacao por nome/texto; exige validacao visual"
"LAVSOFT","TabeladePreco1","LavSoft","cadastro","TabeladePreco1(","media","correlacao por nome/texto; exige validacao visual"
"LAVSOFT","TabeladePreco1","LavSoft","cadastro","TabeladePreco1(","media","correlacao por nome/texto; exige validacao visual"
"LAVSOFT","TabeladePreco1","LavSoft","cadastro","TabeladePreco1(","media","correlacao por nome/texto; exige validacao visual"
"LAVSOFT","TabeladePreco1","LavSoft","cadastro","TabeladePreco1(","media","correlacao por nome/texto; exige validacao visual"
"LAVSOFT","TabeladePreco1","LavSoft","cadastro","TabeladePreco1Click","media","correlacao por nome/texto; exige validacao visual"
"LAVSOFT","TabeladePreco1","LavSoft","cadastro","TabeladePreco1Click","media","correlacao por nome/texto; exige validacao visual"
"LAVSOFT","TabeladePreco1","LavSoft","cadastro","TabeladePreco1Click","media","correlacao por nome/texto; exige validacao visual"
"LAVSOFT","TabeladePreco1","LavSoft","cadastro","TabeladePreco1Click","media","correlacao por nome/texto; exige validacao visual"
"LAVSOFT","Terceirizacao1","LavSoft","relatorio/impressao","C:\Equipexe\Grids\MOVIMENTODETERCEIRIZACAO","media","correlacao por nome/texto; exige validacao visual"
"LAVSOFT","Terceirizacao1","LavSoft","relatorio/impressao","C:\Equipexe\Grids\MOVIMENTODETERCEIRIZACAO","media","correlacao por nome/texto; exige validacao visual"
"LAVSOFT","Terceirizacao1","LavSoft","operacional","C:\Equipexe\Grids\TERCEIRIZACAO","media","correlacao por nome/texto; exige validacao visual"
"LAVSOFT","Terceirizacao1","LavSoft","operacional","C:\Equipexe\Grids\TERCEIRIZACAO","media","correlacao por nome/texto; exige validacao visual"
"LAVSOFT","Terceirizacao1","LavSoft","operacional","C:\Equipexe\Grids\TERCEIRIZACAOBAIXAPARCIAL","media","correlacao por nome/texto; exige validacao visual"
"LAVSOFT","Terceirizacao1","LavSoft","operacional","C:\Equipexe\Grids\TERCEIRIZACAOBAIXAPARCIAL","media","correlacao por nome/texto; exige validacao visual"
"LAVSOFT","Terceirizacao1","LavSoft","operacional","CancelaTerceirizacaoAut","media","correlacao por nome/texto; exige validacao visual"
"LAVSOFT","Terceirizacao1","LavSoft","operacional","CancelaTerceirizacaoAut","media","correlacao por nome/texto; exige validacao visual"
"LAVSOFT","Terceirizacao1","LavSoft","financeiro/caixa","FECHAMENTO TERCEIRIZACAO","media","correlacao por nome/texto; exige validacao visual"
"LAVSOFT","Terceirizacao1","LavSoft","financeiro/caixa","FECHAMENTO TERCEIRIZACAO","media","correlacao por nome/texto; exige validacao visual"
"LAVSOFT","TiposdeDescontos1","LavSoft","financeiro/caixa","TiposdeDescontos1","media","correlacao por nome/texto; exige validacao visual"
"LAVSOFT","TiposdeDescontos1","LavSoft","financeiro/caixa","TiposdeDescontos1","media","correlacao por nome/texto; exige validacao visual"
"LAVSOFT","TiposdeDescontos1","LavSoft","financeiro/caixa","TiposdeDescontos1","media","correlacao por nome/texto; exige validacao visual"
"LAVSOFT","TiposdeDescontos1","LavSoft","financeiro/caixa","TiposdeDescontos1","media","correlacao por nome/texto; exige validacao visual"
"LAVSOFT","TiposdeDescontos1","LavSoft","financeiro/caixa","TiposdeDescontos1`","media","correlacao por nome/texto; exige validacao visual"
"LAVSOFT","TiposdeDescontos1","LavSoft","financeiro/caixa","TiposdeDescontos1`","media","correlacao por nome/texto; exige validacao visual"
"LAVSOFT","TiposdeDescontos1","LavSoft","financeiro/caixa","TiposdeDescontos1`","media","correlacao por nome/texto; exige validacao visual"
"LAVSOFT","TiposdeDescontos1","LavSoft","financeiro/caixa","TiposdeDescontos1`","media","correlacao por nome/texto; exige validacao visual"
"LAVSOFT","TiposdeDescontos1","LavSoft","financeiro/caixa","TiposdeDescontos1Click","media","correlacao por nome/texto; exige validacao visual"
"LAVSOFT","TiposdeDescontos1","LavSoft","financeiro/caixa","TiposdeDescontos1Click","media","correlacao por nome/texto; exige validacao visual"
"LAVSOFT","TiposdeDescontos1","LavSoft","financeiro/caixa","TiposdeDescontos1Click","media","correlacao por nome/texto; exige validacao visual"
"LAVSOFT","TiposdeDescontos1","LavSoft","financeiro/caixa","TiposdeDescontos1Click","media","correlacao por nome/texto; exige validacao visual"
"LAVSOFT","TiposdeEntrada1","LavSoft","operacional","3|Tipos de Entrada (Retira, Entrega, Delivery e Etc)","media","correlacao por nome/texto; exige validacao visual"
"LAVSOFT","TiposdeEntrada1","LavSoft","operacional","3|Tipos de Entrada (Retira, Entrega, Delivery e Etc)","media","correlacao por nome/texto; exige validacao visual"
"LAVSOFT","TiposdeEntrada1","LavSoft","operacional","3|Tipos de Entrada (Retira, Entrega, Delivery e Etc)","media","correlacao por nome/texto; exige validacao visual"
"LAVSOFT","TiposdeEntrada1","LavSoft","operacional","3|Tipos de Entrada (Retira, Entrega, Delivery e Etc)","media","correlacao por nome/texto; exige validacao visual"
"LAVSOFT","TiposdeEntrada1","LavSoft","cadastro","Cadastro de Tipos de Entrada","media","correlacao por nome/texto; exige validacao visual"
"LAVSOFT","TiposdeEntrada1","LavSoft","cadastro","Cadastro de Tipos de Entrada","media","correlacao por nome/texto; exige validacao visual"
"LAVSOFT","TiposdeEntrada1","LavSoft","cadastro","Cadastro de Tipos de Entrada","media","correlacao por nome/texto; exige validacao visual"
"LAVSOFT","TiposdeEntrada1","LavSoft","cadastro","Cadastro de Tipos de Entrada","media","correlacao por nome/texto; exige validacao visual"
"LAVSOFT","TiposdeEntrada1","LavSoft","operacional","digo do Tipos de Entrada","media","correlacao por nome/texto; exige validacao visual"
"LAVSOFT","TiposdeEntrada1","LavSoft","operacional","digo do Tipos de Entrada","media","correlacao por nome/texto; exige validacao visual"
"LAVSOFT","TiposdeEntrada1","LavSoft","operacional","digo do Tipos de Entrada","media","correlacao por nome/texto; exige validacao visual"
"LAVSOFT","TiposdeEntrada1","LavSoft","operacional","digo do Tipos de Entrada","media","correlacao por nome/texto; exige validacao visual"
"LAVSOFT","TiposdeEntrada1","LavSoft","cadastro","Filtros - Relaciona apenas se for usar o Grupo de Tipos de Entradas","media","correlacao por nome/texto; exige validacao visual"
"LAVSOFT","TiposdeEntrada1","LavSoft","cadastro","Filtros - Relaciona apenas se for usar o Grupo de Tipos de Entradas","media","correlacao por nome/texto; exige validacao visual"
"LAVSOFT","TiposdeEntrada1","LavSoft","cadastro","Filtros - Relaciona apenas se for usar o Grupo de Tipos de Entradas","media","correlacao por nome/texto; exige validacao visual"
"LAVSOFT","TiposdeEntrada1","LavSoft","cadastro","Filtros - Relaciona apenas se for usar o Grupo de Tipos de Entradas","media","correlacao por nome/texto; exige validacao visual"
"LAVSOFT","TiposdeEntrada1","LavSoft","operacional","Filtros - Tipos de entrada","media","correlacao por nome/texto; exige validacao visual"
"LAVSOFT","TiposdeEntrada1","LavSoft","operacional","Filtros - Tipos de entrada","media","correlacao por nome/texto; exige validacao visual"
"LAVSOFT","TiposdeEntrada1","LavSoft","operacional","Filtros - Tipos de entrada","media","correlacao por nome/texto; exige validacao visual"
"LAVSOFT","TiposdeEntrada1","LavSoft","operacional","Filtros - Tipos de entrada","media","correlacao por nome/texto; exige validacao visual"
"LAVSOFT","TiposdeServico1","LavSoft","cadastro","TiposdeServico1","media","correlacao por nome/texto; exige validacao visual"
"LAVSOFT","TiposdeServico1","LavSoft","cadastro","TiposdeServico1","media","correlacao por nome/texto; exige validacao visual"
"LAVSOFT","TiposdeServico1","LavSoft","cadastro","TiposdeServico1","media","correlacao por nome/texto; exige validacao visual"
"LAVSOFT","TiposdeServico1","LavSoft","cadastro","TiposdeServico1","media","correlacao por nome/texto; exige validacao visual"
"LAVSOFT","TiposdeServico1","LavSoft","cadastro","TiposdeServico1Click","media","correlacao por nome/texto; exige validacao visual"
"LAVSOFT","TiposdeServico1","LavSoft","cadastro","TiposdeServico1Click","media","correlacao por nome/texto; exige validacao visual"
"LAVSOFT","TiposdeServico1","LavSoft","cadastro","TiposdeServico1Click","media","correlacao por nome/texto; exige validacao visual"
"LAVSOFT","TiposdeServico1","LavSoft","cadastro","TiposdeServico1Click","media","correlacao por nome/texto; exige validacao visual"
"LAVSOFT","TransporteporNota1","LavSoft","outro","Transporte por Nota","media","correlacao por nome/texto; exige validacao visual"
"LAVSOFT","TransporteporNota1","LavSoft","outro","Transporte por Nota","media","correlacao por nome/texto; exige validacao visual"
"LAVSOFT","TransporteporNota1","LavSoft","outro","Transporte por Nota","media","correlacao por nome/texto; exige validacao visual"
"LAVSOFT","TransporteporNota1","LavSoft","outro","Transporte por Nota","media","correlacao por nome/texto; exige validacao visual"
"LAVSOFT","TransporteporNota1","LavSoft","outro","TransporteporNota1","media","correlacao por nome/texto; exige validacao visual"
"LAVSOFT","TransporteporNota1","LavSoft","outro","TransporteporNota1","media","correlacao por nome/texto; exige validacao visual"
"LAVSOFT","TransporteporNota1","LavSoft","outro","TransporteporNota1","media","correlacao por nome/texto; exige validacao visual"
"LAVSOFT","TransporteporNota1","LavSoft","outro","TransporteporNota1","media","correlacao por nome/texto; exige validacao visual"
"LAVSOFT","TransporteporNota1","LavSoft","outro","TransporteporNota1Click","media","correlacao por nome/texto; exige validacao visual"
"LAVSOFT","TransporteporNota1","LavSoft","outro","TransporteporNota1Click","media","correlacao por nome/texto; exige validacao visual"
"LAVSOFT","TransporteporNota1","LavSoft","outro","TransporteporNota1Click","media","correlacao por nome/texto; exige validacao visual"
"LAVSOFT","TransporteporNota1","LavSoft","outro","TransporteporNota1Click","media","correlacao por nome/texto; exige validacao visual"
"LAVSOFT","Usuarios1","LavSoft","cadastro","'S:\BaseTestes\Usuarios\Carlos\Ger\Dados","media","correlacao por nome/texto; exige validacao visual"
"LAVSOFT","Usuarios1","LavSoft","cadastro","'S:\BaseTestes\Usuarios\Carlos\Ger\Dados","media","correlacao por nome/texto; exige validacao visual"
"LAVSOFT","Usuarios1","LavSoft","cadastro","'S:\BaseTestes\Usuarios\Carlos\Ger\Dados","media","correlacao por nome/texto; exige validacao visual"
"LAVSOFT","Usuarios1","LavSoft","cadastro","'S:\BaseTestes\Usuarios\Carlos\Ger\Dados","media","correlacao por nome/texto; exige validacao visual"
"LAVSOFT","Usuarios1","LavSoft","cadastro","\Usuarios"" Where (Not(Cancelado=""S""))","media","correlacao por nome/texto; exige validacao visual"
"LAVSOFT","Usuarios1","LavSoft","cadastro","\Usuarios"" Where (Not(Cancelado=""S""))","media","correlacao por nome/texto; exige validacao visual"
"LAVSOFT","Usuarios1","LavSoft","cadastro","\Usuarios"" Where (Not(Cancelado=""S""))","media","correlacao por nome/texto; exige validacao visual"
"LAVSOFT","Usuarios1","LavSoft","cadastro","\Usuarios"" Where (Not(Cancelado=""S""))","media","correlacao por nome/texto; exige validacao visual"
"LAVSOFT","Usuarios1","LavSoft","cadastro","+s:\basetestes\usuarios\guilherme\lav\filial","media","correlacao por nome/texto; exige validacao visual"
"LAVSOFT","Usuarios1","LavSoft","cadastro","+s:\basetestes\usuarios\guilherme\lav\filial","media","correlacao por nome/texto; exige validacao visual"
"LAVSOFT","Usuarios1","LavSoft","cadastro","+s:\basetestes\usuarios\guilherme\lav\filial","media","correlacao por nome/texto; exige validacao visual"
"LAVSOFT","Usuarios1","LavSoft","cadastro","+s:\basetestes\usuarios\guilherme\lav\filial","media","correlacao por nome/texto; exige validacao visual"
"LAVSOFT","Usuarios1","LavSoft","cadastro","c_Usuarios","media","correlacao por nome/texto; exige validacao visual"
"LAVSOFT","Usuarios1","LavSoft","cadastro","c_Usuarios","media","correlacao por nome/texto; exige validacao visual"
"LAVSOFT","Usuarios1","LavSoft","cadastro","c_Usuarios","media","correlacao por nome/texto; exige validacao visual"
"LAVSOFT","Usuarios1","LavSoft","cadastro","c_Usuarios","media","correlacao por nome/texto; exige validacao visual"
"LAVSOFT","Usuarios1","LavSoft","cadastro","c_UsuariosAv","media","correlacao por nome/texto; exige validacao visual"
"LAVSOFT","Usuarios1","LavSoft","cadastro","c_UsuariosAv","media","correlacao por nome/texto; exige validacao visual"
"LAVSOFT","Usuarios1","LavSoft","cadastro","c_UsuariosAv","media","correlacao por nome/texto; exige validacao visual"
"LAVSOFT","Usuarios1","LavSoft","cadastro","c_UsuariosAv","media","correlacao por nome/texto; exige validacao visual"
"LAVSOFT","VoltarRolaProduo1","LavFacilLan","operacional","VoltarRolaProduo1","media","correlacao por nome/texto; exige validacao visual"
"LAVSOFT","VoltarRolaProduo1","LavFacilLan","operacional","VoltarRolaProduo10","media","correlacao por nome/texto; exige validacao visual"
"LAVSOFT","VoltarRolaProduo1","LavSoft","operacional","VoltarRolaProduo1","media","correlacao por nome/texto; exige validacao visual"
"LAVSOFT","VoltarRolaProduo1","LavSoft","operacional","VoltarRolaProduo1$","media","correlacao por nome/texto; exige validacao visual"
"LAVSOFT","VoltarRolaProduo1","LavSoft","operacional","VoltarRolaProduo1Click","media","correlacao por nome/texto; exige validacao visual"
