Dominio,Tabela,Caminho,CampoBanco,CampoVisualProvavel,ClasseCampo,TipoDado,Tamanho,ObrigatoriedadeInferida,NullableODBC,OrigemInferida,UsoProvavel,ValidacaoPendente
auditoria_log,CEP_LOG,CEP\DADOS\CEP_LOG.DB,CHAVE_LOG,CHAVE_LOG,id_codigo,System.String,16,provavel,True,Paradox/BDE,identificador/vinculo,"validar em tela, ProcMon e amostra de dados"
auditoria_log,CEP_LOG,CEP\DADOS\CEP_LOG.DB,NOME_LOG,Nome,texto_observacao,System.String,120,provavel,True,Paradox/BDE,texto_observacao,"validar em tela, ProcMon e amostra de dados"
auditoria_log,CEP_LOG,CEP\DADOS\CEP_LOG.DB,CHVLOCAL_LOG,CHVLOCAL_LOG,outro,System.String,12,desconhecido,True,Paradox/BDE,outro,"validar em tela, ProcMon e amostra de dados"
auditoria_log,CEP_LOG,CEP\DADOS\CEP_LOG.DB,CHVBAI1_LOG,CHVBAI1_LOG,outro,System.String,10,desconhecido,True,Paradox/BDE,outro,"validar em tela, ProcMon e amostra de dados"
auditoria_log,CEP_LOG,CEP\DADOS\CEP_LOG.DB,CHVBAI2_LOG,CHVBAI2_LOG,outro,System.String,10,desconhecido,True,Paradox/BDE,outro,"validar em tela, ProcMon e amostra de dados"
auditoria_log,CEP_LOG,CEP\DADOS\CEP_LOG.DB,CEP8_LOG,CEP,cliente_ref,System.String,16,desconhecido,True,Paradox/BDE,identificador/vinculo,"validar em tela, ProcMon e amostra de dados"
auditoria_log,CEP_LOG,CEP\DADOS\CEP_LOG.DB,UF_LOG,UF,cliente_ref,System.String,4,desconhecido,True,Paradox/BDE,identificador/vinculo,"validar em tela, ProcMon e amostra de dados"
auditoria_log,CEP_LOG,CEP\DADOS\CEP_LOG.DB,CHVTIPO_LOG,CHVTIPO_LOG,outro,System.String,6,desconhecido,True,Paradox/BDE,outro,"validar em tela, ProcMon e amostra de dados"
auditoria_log,CEP_LOG,CEP\DADOS\CEP_LOG.DB,COMPLE_LOG,COMPLE_LOG,outro,System.String,130,desconhecido,True,Paradox/BDE,outro,"validar em tela, ProcMon e amostra de dados"
auditoria_log,CEP_LOG,CEP\DADOS\CEP_LOG.DB,REOP_LOG,REOP_LOG,outro,System.String,4,desconhecido,True,Paradox/BDE,outro,"validar em tela, ProcMon e amostra de dados"
auditoria_log,CEP_LOG,CEP\DADOS\CEP_LOG.DB,OPER_LOG,OPER_LOG,outro,System.String,2,desconhecido,True,Paradox/BDE,outro,"validar em tela, ProcMon e amostra de dados"
auditoria_log,CEP_LOG,CEP\DADOS\CEP_LOG.DB,DATA_LOG,Data,data_hora,System.String,16,provavel,True,Paradox/BDE,data_hora,"validar em tela, ProcMon e amostra de dados"
produto_servico,CadPro,ESC\DADOS\CadPro.DB,CodPro,CodPro,id_codigo,System.String,10,provavel,True,Paradox/BDE,identificador/vinculo,"validar em tela, ProcMon e amostra de dados"
produto_servico,CadPro,ESC\DADOS\CadPro.DB,NomPro,NomPro,outro,System.String,60,desconhecido,True,Paradox/BDE,outro,"validar em tela, ProcMon e amostra de dados"
produto_servico,CadPro,ESC\DADOS\CadPro.DB,EndPro,Endereco,cliente_ref,System.String,60,desconhecido,True,Paradox/BDE,identificador/vinculo,"validar em tela, ProcMon e amostra de dados"
produto_servico,CadPro,ESC\DADOS\CadPro.DB,CidPro,CidPro,outro,System.String,40,provavel,True,Paradox/BDE,outro,"validar em tela, ProcMon e amostra de dados"
produto_servico,CadPro,ESC\DADOS\CadPro.DB,EstPro,EstPro,outro,System.String,4,desconhecido,True,Paradox/BDE,outro,"validar em tela, ProcMon e amostra de dados"
produto_servico,CadPro,ESC\DADOS\CadPro.DB,CepPro,CEP,cliente_ref,System.String,18,desconhecido,True,Paradox/BDE,identificador/vinculo,"validar em tela, ProcMon e amostra de dados"
produto_servico,CadPro,ESC\DADOS\CadPro.DB,TelPro,Telefone,cliente_ref,System.String,30,desconhecido,True,Paradox/BDE,identificador/vinculo,"validar em tela, ProcMon e amostra de dados"
produto_servico,CadPro,ESC\DADOS\CadPro.DB,DddPro,DddPro,outro,System.String,6,desconhecido,True,Paradox/BDE,outro,"validar em tela, ProcMon e amostra de dados"
produto_servico,CadPro,ESC\DADOS\CadPro.DB,DatNas,Data,data_hora,System.DateTime,8,desconhecido,True,Paradox/BDE,data_hora,"validar em tela, ProcMon e amostra de dados"
produto_servico,CadPro,ESC\DADOS\CadPro.DB,HorAul0,Hora,data_hora,System.Double,8,desconhecido,True,Paradox/BDE,data_hora,"validar em tela, ProcMon e amostra de dados"
produto_servico,CadPro,ESC\DADOS\CadPro.DB,HorAul,Hora,data_hora,System.Double,8,desconhecido,True,Paradox/BDE,data_hora,"validar em tela, ProcMon e amostra de dados"
produto_servico,CadPro,ESC\DADOS\CadPro.DB,HorAul2,Hora,data_hora,System.Double,8,desconhecido,True,Paradox/BDE,data_hora,"validar em tela, ProcMon e amostra de dados"
produto_servico,CadPro,ESC\DADOS\CadPro.DB,HorAul3,Hora,data_hora,System.Double,8,desconhecido,True,Paradox/BDE,data_hora,"validar em tela, ProcMon e amostra de dados"
config_admin,CadAlu,ESC\FILIAL\CadAlu.DB,CodCont,CodCont,id_codigo,System.Int32,4,provavel,True,Paradox/BDE,identificador/vinculo,"validar em tela, ProcMon e amostra de dados"
config_admin,CadAlu,ESC\FILIAL\CadAlu.DB,NomAlu,NomAlu,outro,System.String,80,desconhecido,True,Paradox/BDE,outro,"validar em tela, ProcMon e amostra de dados"
config_admin,CadAlu,ESC\FILIAL\CadAlu.DB,EndAlu,Endereco,cliente_ref,System.String,80,desconhecido,True,Paradox/BDE,identificador/vinculo,"validar em tela, ProcMon e amostra de dados"
config_admin,CadAlu,ESC\FILIAL\CadAlu.DB,CidAlu,CidAlu,outro,System.String,40,provavel,True,Paradox/BDE,outro,"validar em tela, ProcMon e amostra de dados"
config_admin,CadAlu,ESC\FILIAL\CadAlu.DB,EstAlu,EstAlu,outro,System.String,4,desconhecido,True,Paradox/BDE,outro,"validar em tela, ProcMon e amostra de dados"
config_admin,CadAlu,ESC\FILIAL\CadAlu.DB,CepAlu,CEP,cliente_ref,System.String,30,desconhecido,True,Paradox/BDE,identificador/vinculo,"validar em tela, ProcMon e amostra de dados"
config_admin,CadAlu,ESC\FILIAL\CadAlu.DB,DatNas,Data,data_hora,System.DateTime,8,desconhecido,True,Paradox/BDE,data_hora,"validar em tela, ProcMon e amostra de dados"
config_admin,CadAlu,ESC\FILIAL\CadAlu.DB,TelAluR,Telefone,cliente_ref,System.String,30,desconhecido,True,Paradox/BDE,identificador/vinculo,"validar em tela, ProcMon e amostra de dados"
config_admin,CadAlu,ESC\FILIAL\CadAlu.DB,TelAluC,Telefone,cliente_ref,System.String,30,desconhecido,True,Paradox/BDE,identificador/vinculo,"validar em tela, ProcMon e amostra de dados"
config_admin,CadAlu,ESC\FILIAL\CadAlu.DB,ComTelC,Telefone,cliente_ref,System.String,40,desconhecido,True,Paradox/BDE,identificador/vinculo,"validar em tela, ProcMon e amostra de dados"
config_admin,CadAlu,ESC\FILIAL\CadAlu.DB,AluMaior,AluMaior,outro,System.String,2,desconhecido,True,Paradox/BDE,outro,"validar em tela, ProcMon e amostra de dados"
config_admin,CadAlu,ESC\FILIAL\CadAlu.DB,CodCli,Cliente,id_codigo,System.String,20,provavel,True,Paradox/BDE,identificador/vinculo,"validar em tela, ProcMon e amostra de dados"
config_admin,CadAlu,ESC\FILIAL\CadAlu.DB,SexAlu,SexAlu,outro,System.String,2,desconhecido,True,Paradox/BDE,outro,"validar em tela, ProcMon e amostra de dados"
config_admin,CadAlu,ESC\FILIAL\CadAlu.DB,RgAlu,RgAlu,cliente_ref,System.String,30,desconhecido,True,Paradox/BDE,identificador/vinculo,"validar em tela, ProcMon e amostra de dados"
config_admin,CadAlu,ESC\FILIAL\CadAlu.DB,CicAlu,CicAlu,outro,System.String,30,desconhecido,True,Paradox/BDE,outro,"validar em tela, ProcMon e amostra de dados"
config_admin,CadAlu,ESC\FILIAL\CadAlu.DB,CodCon,CodCon,id_codigo,System.String,10,provavel,True,Paradox/BDE,identificador/vinculo,"validar em tela, ProcMon e amostra de dados"
config_admin,CadAlu,ESC\FILIAL\CadAlu.DB,DescAlu,Desconto/Descricao,valor_monetario,System.Double,8,desconhecido,True,Paradox/BDE,valor_monetario,"validar em tela, ProcMon e amostra de dados"
config_admin,CadAlu,ESC\FILIAL\CadAlu.DB,ObsAlu,ObsAlu,texto_observacao,System.String,200,desconhecido,True,Paradox/BDE,texto_observacao,"validar em tela, ProcMon e amostra de dados"
config_admin,CadAlu,ESC\FILIAL\CadAlu.DB,Cancelado,Celular,cliente_ref,System.String,2,desconhecido,True,Paradox/BDE,identificador/vinculo,"validar em tela, ProcMon e amostra de dados"
config_admin,CadAlu,ESC\FILIAL\CadAlu.DB,DatCan,Data,data_hora,System.DateTime,8,desconhecido,True,Paradox/BDE,data_hora,"validar em tela, ProcMon e amostra de dados"
config_admin,CadAlu,ESC\FILIAL\CadAlu.DB,MotivDesc,Desconto/Descricao,valor_monetario,System.String,100,desconhecido,True,Paradox/BDE,valor_monetario,"validar em tela, ProcMon e amostra de dados"
config_admin,CadAlu,ESC\FILIAL\CadAlu.DB,DescParc,Desconto/Descricao,valor_monetario,System.Double,8,desconhecido,True,Paradox/BDE,valor_monetario,"validar em tela, ProcMon e amostra de dados"
config_admin,CadAlu,ESC\FILIAL\CadAlu.DB,MotCan,MotCan,outro,System.String,100,desconhecido,True,Paradox/BDE,outro,"validar em tela, ProcMon e amostra de dados"
config_admin,CadAlu,ESC\FILIAL\CadAlu.DB,ArqFotoAlu,ArqFotoAlu,outro,System.String,200,desconhecido,True,Paradox/BDE,outro,"validar em tela, ProcMon e amostra de dados"
config_admin,CadAlu,ESC\FILIAL\CadAlu.DB,DatCad,Data,data_hora,System.DateTime,8,desconhecido,True,Paradox/BDE,data_hora,"validar em tela, ProcMon e amostra de dados"
config_admin,CadAlu,ESC\FILIAL\CadAlu.DB,BaiAlu,BaiAlu,outro,System.String,40,desconhecido,True,Paradox/BDE,outro,"validar em tela, ProcMon e amostra de dados"
config_admin,CadAul,ESC\FILIAL\CadAul.DB,CodAul,CodAul,id_codigo,System.String,10,provavel,True,Paradox/BDE,identificador/vinculo,"validar em tela, ProcMon e amostra de dados"
config_admin,CadAul,ESC\FILIAL\CadAul.DB,CodTur,CodTur,id_codigo,System.String,12,provavel,True,Paradox/BDE,identificador/vinculo,"validar em tela, ProcMon e amostra de dados"
config_admin,CadAul,ESC\FILIAL\CadAul.DB,CodPro,CodPro,id_codigo,System.String,6,provavel,True,Paradox/BDE,identificador/vinculo,"validar em tela, ProcMon e amostra de dados"
config_admin,CadAul,ESC\FILIAL\CadAul.DB,CodMat,CodMat,id_codigo,System.String,6,provavel,True,Paradox/BDE,identificador/vinculo,"validar em tela, ProcMon e amostra de dados"
config_admin,CadAul,ESC\FILIAL\CadAul.DB,Obs,Obs,texto_observacao,System.String,100,desconhecido,True,Paradox/BDE,texto_observacao,"validar em tela, ProcMon e amostra de dados"
config_admin,CadAul,ESC\FILIAL\CadAul.DB,DatAul,Data,data_hora,System.String,12,provavel,True,Paradox/BDE,data_hora,"validar em tela, ProcMon e amostra de dados"
config_admin,CadAul,ESC\FILIAL\CadAul.DB,MatDada,MatDada,outro,System.String,100,desconhecido,True,Paradox/BDE,outro,"validar em tela, ProcMon e amostra de dados"
config_admin,CadAul,ESC\FILIAL\CadAul.DB,CargHor,CargHor,cliente_ref,System.Double,8,desconhecido,True,Paradox/BDE,identificador/vinculo,"validar em tela, ProcMon e amostra de dados"
config_admin,CadAul,ESC\FILIAL\CadAul.DB,Atraso,Atraso,outro,System.String,2,desconhecido,True,Paradox/BDE,outro,"validar em tela, ProcMon e amostra de dados"
config_admin,CadAul,ESC\FILIAL\CadAul.DB,LanFal,LanFal,fiscal_documento,System.String,2,desconhecido,True,Paradox/BDE,fiscal_documento,"validar em tela, ProcMon e amostra de dados"
config_admin,CadAul,ESC\FILIAL\CadAul.DB,CodHor,CodHor,id_codigo,System.String,2,provavel,True,Paradox/BDE,identificador/vinculo,"validar em tela, ProcMon e amostra de dados"
config_admin,CadCur,ESC\FILIAL\CadCur.DB,CodCur,CodCur,id_codigo,System.String,6,provavel,True,Paradox/BDE,identificador/vinculo,"validar em tela, ProcMon e amostra de dados"
config_admin,CadCur,ESC\FILIAL\CadCur.DB,DesCur,Desconto/Descricao,valor_monetario,System.String,60,desconhecido,True,Paradox/BDE,valor_monetario,"validar em tela, ProcMon e amostra de dados"
config_admin,CadCur,ESC\FILIAL\CadCur.DB,PreReq,PreReq,outro,System.String,100,desconhecido,True,Paradox/BDE,outro,"validar em tela, ProcMon e amostra de dados"
config_admin,CadCur,ESC\FILIAL\CadCur.DB,PreReq2,PreReq2,outro,System.String,100,desconhecido,True,Paradox/BDE,outro,"validar em tela, ProcMon e amostra de dados"
config_admin,CadCur,ESC\FILIAL\CadCur.DB,Preco,Valor,valor_monetario,System.Double,8,desconhecido,True,Paradox/BDE,valor_monetario,"validar em tela, ProcMon e amostra de dados"
config_admin,CadCur,ESC\FILIAL\CadCur.DB,Obs,Obs,texto_observacao,System.String,200,desconhecido,True,Paradox/BDE,texto_observacao,"validar em tela, ProcMon e amostra de dados"
config_admin,CadInt,ESC\FILIAL\CadInt.DB,CodInt,CodInt,id_codigo,System.Int32,4,provavel,True,Paradox/BDE,identificador/vinculo,"validar em tela, ProcMon e amostra de dados"
config_admin,CadInt,ESC\FILIAL\CadInt.DB,NomInt,NomInt,outro,System.String,80,desconhecido,True,Paradox/BDE,outro,"validar em tela, ProcMon e amostra de dados"
config_admin,CadInt,ESC\FILIAL\CadInt.DB,EndInt,Endereco,cliente_ref,System.String,80,desconhecido,True,Paradox/BDE,identificador/vinculo,"validar em tela, ProcMon e amostra de dados"
config_admin,CadInt,ESC\FILIAL\CadInt.DB,CidInt,CidInt,outro,System.String,40,provavel,True,Paradox/BDE,outro,"validar em tela, ProcMon e amostra de dados"
config_admin,CadInt,ESC\FILIAL\CadInt.DB,EstInt,EstInt,outro,System.String,4,desconhecido,True,Paradox/BDE,outro,"validar em tela, ProcMon e amostra de dados"
config_admin,CadInt,ESC\FILIAL\CadInt.DB,CepInt,CEP,cliente_ref,System.String,16,desconhecido,True,Paradox/BDE,identificador/vinculo,"validar em tela, ProcMon e amostra de dados"
config_admin,CadInt,ESC\FILIAL\CadInt.DB,DatNas,Data,data_hora,System.DateTime,8,desconhecido,True,Paradox/BDE,data_hora,"validar em tela, ProcMon e amostra de dados"
config_admin,CadInt,ESC\FILIAL\CadInt.DB,TelInt,Telefone,cliente_ref,System.String,30,desconhecido,True,Paradox/BDE,identificador/vinculo,"validar em tela, ProcMon e amostra de dados"
config_admin,CadInt,ESC\FILIAL\CadInt.DB,ComTelC,Telefone,cliente_ref,System.String,40,desconhecido,True,Paradox/BDE,identificador/vinculo,"validar em tela, ProcMon e amostra de dados"
config_admin,CadInt,ESC\FILIAL\CadInt.DB,CodCur1,CodCur1,id_codigo,System.String,6,provavel,True,Paradox/BDE,identificador/vinculo,"validar em tela, ProcMon e amostra de dados"
config_admin,CadInt,ESC\FILIAL\CadInt.DB,CodCur2,CodCur2,id_codigo,System.String,6,provavel,True,Paradox/BDE,identificador/vinculo,"validar em tela, ProcMon e amostra de dados"
config_admin,CadInt,ESC\FILIAL\CadInt.DB,CodVen,CodVen,id_codigo,System.String,10,provavel,True,Paradox/BDE,identificador/vinculo,"validar em tela, ProcMon e amostra de dados"
config_admin,CadInt,ESC\FILIAL\CadInt.DB,CodCon,CodCon,id_codigo,System.String,10,provavel,True,Paradox/BDE,identificador/vinculo,"validar em tela, ProcMon e amostra de dados"
config_admin,CadInt,ESC\FILIAL\CadInt.DB,DatInt,Data,data_hora,System.DateTime,8,desconhecido,True,Paradox/BDE,data_hora,"validar em tela, ProcMon e amostra de dados"
config_admin,CadInt,ESC\FILIAL\CadInt.DB,DatCnt,Data,data_hora,System.DateTime,8,desconhecido,True,Paradox/BDE,data_hora,"validar em tela, ProcMon e amostra de dados"
config_admin,CadInt,ESC\FILIAL\CadInt.DB,Obs,Obs,texto_observacao,System.String,200,desconhecido,True,Paradox/BDE,texto_observacao,"validar em tela, ProcMon e amostra de dados"
config_admin,CadInt,ESC\FILIAL\CadInt.DB,DiaSem,DiaSem,outro,System.String,28,desconhecido,True,Paradox/BDE,outro,"validar em tela, ProcMon e amostra de dados"
config_admin,CadInt,ESC\FILIAL\CadInt.DB,HorIni,HorIni,outro,System.DateTime,8,desconhecido,True,Paradox/BDE,outro,"validar em tela, ProcMon e amostra de dados"
config_admin,CadInt,ESC\FILIAL\CadInt.DB,HorIni2,HorIni2,outro,System.DateTime,8,desconhecido,True,Paradox/BDE,outro,"validar em tela, ProcMon e amostra de dados"
config_admin,CadInt,ESC\FILIAL\CadInt.DB,HorIni3,HorIni3,outro,System.DateTime,8,desconhecido,True,Paradox/BDE,outro,"validar em tela, ProcMon e amostra de dados"
config_admin,CadInt,ESC\FILIAL\CadInt.DB,Disponib,Disponib,outro,System.String,50,desconhecido,True,Paradox/BDE,outro,"validar em tela, ProcMon e amostra de dados"
config_admin,CadInt,ESC\FILIAL\CadInt.DB,JaMatric,JaMatric,outro,System.String,2,desconhecido,True,Paradox/BDE,outro,"validar em tela, ProcMon e amostra de dados"
config_admin,CadInt,ESC\FILIAL\CadInt.DB,Grupo,Grupo,outro,System.String,10,desconhecido,True,Paradox/BDE,outro,"validar em tela, ProcMon e amostra de dados"
config_admin,CadInt,ESC\FILIAL\CadInt.DB,Presenca,Presenca,outro,System.String,2,desconhecido,True,Paradox/BDE,outro,"validar em tela, ProcMon e amostra de dados"
config_admin,CadInt,ESC\FILIAL\CadInt.DB,DatVAula,Data,data_hora,System.DateTime,8,desconhecido,True,Paradox/BDE,data_hora,"validar em tela, ProcMon e amostra de dados"
config_admin,CadInt,ESC\FILIAL\CadInt.DB,HorVAula,HorVAula,outro,System.DateTime,8,desconhecido,True,Paradox/BDE,outro,"validar em tela, ProcMon e amostra de dados"
config_admin,CadMat,ESC\FILIAL\CadMat.DB,CodMat,CodMat,id_codigo,System.String,12,provavel,True,Paradox/BDE,identificador/vinculo,"validar em tela, ProcMon e amostra de dados"
config_admin,CadMat,ESC\FILIAL\CadMat.DB,DesMat,DesMat,outro,System.String,40,desconhecido,True,Paradox/BDE,outro,"validar em tela, ProcMon e amostra de dados"
config_admin,CadMat,ESC\FILIAL\CadMat.DB,Obs,Obs,texto_observacao,System.String,200,desconhecido,True,Paradox/BDE,texto_observacao,"validar em tela, ProcMon e amostra de dados"
config_admin,CadMatComp,ESC\FILIAL\CadMatComp.DB,CodCur,CodCur,id_codigo,System.String,6,provavel,True,Paradox/BDE,identificador/vinculo,"validar em tela, ProcMon e amostra de dados"
config_admin,CadMatComp,ESC\FILIAL\CadMatComp.DB,CodMat,CodMat,id_codigo,System.String,12,provavel,True,Paradox/BDE,identificador/vinculo,"validar em tela, ProcMon e amostra de dados"
config_admin,CadMatComp,ESC\FILIAL\CadMatComp.DB,MedAprov,MedAprov,status_situacao,System.Double,8,desconhecido,True,Paradox/BDE,status_situacao,"validar em tela, ProcMon e amostra de dados"
config_admin,CadMatComp,ESC\FILIAL\CadMatComp.DB,Peso,Peso,quantidade,System.Double,8,desconhecido,True,Paradox/BDE,quantidade,"validar em tela, ProcMon e amostra de dados"
config_admin,CadNot,ESC\FILIAL\CadNot.DB,CodCont,CodCont,id_codigo,System.Int32,4,provavel,True,Paradox/BDE,identificador/vinculo,"validar em tela, ProcMon e amostra de dados"
config_admin,CadNot,ESC\FILIAL\CadNot.DB,CodTur,CodTur,id_codigo,System.String,12,provavel,True,Paradox/BDE,identificador/vinculo,"validar em tela, ProcMon e amostra de dados"
config_admin,CadNot,ESC\FILIAL\CadNot.DB,CodMat,CodMat,id_codigo,System.String,6,provavel,True,Paradox/BDE,identificador/vinculo,"validar em tela, ProcMon e amostra de dados"
config_admin,CadNot,ESC\FILIAL\CadNot.DB,Seq,Seq,outro,System.Int32,4,desconhecido,True,Paradox/BDE,outro,"validar em tela, ProcMon e amostra de dados"
config_admin,CadNot,ESC\FILIAL\CadNot.DB,Nota,Nota,fiscal_documento,System.Double,8,desconhecido,True,Paradox/BDE,fiscal_documento,"validar em tela, ProcMon e amostra de dados"
config_admin,CadPre,ESC\FILIAL\CadPre.DB,CodAul,CodAul,id_codigo,System.Int32,4,provavel,True,Paradox/BDE,identificador/vinculo,"validar em tela, ProcMon e amostra de dados"
config_admin,CadPre,ESC\FILIAL\CadPre.DB,CodCont,CodCont,id_codigo,System.Int32,4,provavel,True,Paradox/BDE,identificador/vinculo,"validar em tela, ProcMon e amostra de dados"
config_admin,CadPre,ESC\FILIAL\CadPre.DB,Presenca,Presenca,outro,System.String,2,desconhecido,True,Paradox/BDE,outro,"validar em tela, ProcMon e amostra de dados"
config_admin,CadRes,ESC\FILIAL\CadRes.DB,CodCont,CodCont,id_codigo,System.Int32,4,provavel,True,Paradox/BDE,identificador/vinculo,"validar em tela, ProcMon e amostra de dados"
config_admin,CadRes,ESC\FILIAL\CadRes.DB,NomRes,NomRes,outro,System.String,80,desconhecido,True,Paradox/BDE,outro,"validar em tela, ProcMon e amostra de dados"
config_admin,CadRes,ESC\FILIAL\CadRes.DB,EndRes,Endereco,cliente_ref,System.String,80,desconhecido,True,Paradox/BDE,identificador/vinculo,"validar em tela, ProcMon e amostra de dados"
config_admin,CadRes,ESC\FILIAL\CadRes.DB,CidRes,CidRes,outro,System.String,40,provavel,True,Paradox/BDE,outro,"validar em tela, ProcMon e amostra de dados"
config_admin,CadRes,ESC\FILIAL\CadRes.DB,EstRes,EstRes,outro,System.String,4,desconhecido,True,Paradox/BDE,outro,"validar em tela, ProcMon e amostra de dados"
config_admin,CadRes,ESC\FILIAL\CadRes.DB,CepRes,CEP,cliente_ref,System.String,16,desconhecido,True,Paradox/BDE,identificador/vinculo,"validar em tela, ProcMon e amostra de dados"
config_admin,CadRes,ESC\FILIAL\CadRes.DB,DatNasR,Data,data_hora,System.DateTime,8,desconhecido,True,Paradox/BDE,data_hora,"validar em tela, ProcMon e amostra de dados"
config_admin,CadRes,ESC\FILIAL\CadRes.DB,TelResR,Telefone,cliente_ref,System.String,20,desconhecido,True,Paradox/BDE,identificador/vinculo,"validar em tela, ProcMon e amostra de dados"
config_admin,CadRes,ESC\FILIAL\CadRes.DB,TelResC,Telefone,cliente_ref,System.String,20,desconhecido,True,Paradox/BDE,identificador/vinculo,"validar em tela, ProcMon e amostra de dados"
config_admin,CadRes,ESC\FILIAL\CadRes.DB,ComResC,ComResC,outro,System.String,40,desconhecido,True,Paradox/BDE,outro,"validar em tela, ProcMon e amostra de dados"
config_admin,CadRes,ESC\FILIAL\CadRes.DB,RgRes,RgRes,cliente_ref,System.String,30,desconhecido,True,Paradox/BDE,identificador/vinculo,"validar em tela, ProcMon e amostra de dados"
config_admin,CadRes,ESC\FILIAL\CadRes.DB,CicRes,CicRes,outro,System.String,30,desconhecido,True,Paradox/BDE,outro,"validar em tela, ProcMon e amostra de dados"
config_admin,CadRes,ESC\FILIAL\CadRes.DB,ObsRes,ObsRes,texto_observacao,System.String,200,desconhecido,True,Paradox/BDE,texto_observacao,"validar em tela, ProcMon e amostra de dados"
config_admin,CadRes,ESC\FILIAL\CadRes.DB,SitRes2,SitRes2,status_situacao,System.String,2,desconhecido,True,Paradox/BDE,status_situacao,"validar em tela, ProcMon e amostra de dados"
config_admin,CadRes,ESC\FILIAL\CadRes.DB,SitRes,SitRes,status_situacao,System.String,2,desconhecido,True,Paradox/BDE,status_situacao,"validar em tela, ProcMon e amostra de dados"
config_admin,CadRes,ESC\FILIAL\CadRes.DB,NomRes2,NomRes2,outro,System.String,80,desconhecido,True,Paradox/BDE,outro,"validar em tela, ProcMon e amostra de dados"
config_admin,CadRes,ESC\FILIAL\CadRes.DB,EndRes2,Endereco,cliente_ref,System.String,80,desconhecido,True,Paradox/BDE,identificador/vinculo,"validar em tela, ProcMon e amostra de dados"
config_admin,CadRes,ESC\FILIAL\CadRes.DB,CidRes2,CidRes2,outro,System.String,40,provavel,True,Paradox/BDE,outro,"validar em tela, ProcMon e amostra de dados"
config_admin,CadRes,ESC\FILIAL\CadRes.DB,EstRes2,EstRes2,outro,System.String,4,desconhecido,True,Paradox/BDE,outro,"validar em tela, ProcMon e amostra de dados"
config_admin,CadRes,ESC\FILIAL\CadRes.DB,CepRes2,CEP,cliente_ref,System.String,16,desconhecido,True,Paradox/BDE,identificador/vinculo,"validar em tela, ProcMon e amostra de dados"
config_admin,CadRes,ESC\FILIAL\CadRes.DB,DatNasR62,Data,data_hora,System.DateTime,8,desconhecido,True,Paradox/BDE,data_hora,"validar em tela, ProcMon e amostra de dados"
config_admin,CadRes,ESC\FILIAL\CadRes.DB,TelResR2,Telefone,cliente_ref,System.String,20,desconhecido,True,Paradox/BDE,identificador/vinculo,"validar em tela, ProcMon e amostra de dados"
config_admin,CadRes,ESC\FILIAL\CadRes.DB,TelResC2,Telefone,cliente_ref,System.String,20,desconhecido,True,Paradox/BDE,identificador/vinculo,"validar em tela, ProcMon e amostra de dados"
config_admin,CadRes,ESC\FILIAL\CadRes.DB,ComResC2,ComResC2,outro,System.String,40,desconhecido,True,Paradox/BDE,outro,"validar em tela, ProcMon e amostra de dados"
config_admin,CadRes,ESC\FILIAL\CadRes.DB,RgRes2,RgRes2,cliente_ref,System.String,30,desconhecido,True,Paradox/BDE,identificador/vinculo,"validar em tela, ProcMon e amostra de dados"
config_admin,CadRes,ESC\FILIAL\CadRes.DB,CicRes2,CicRes2,outro,System.String,30,desconhecido,True,Paradox/BDE,outro,"validar em tela, ProcMon e amostra de dados"
config_admin,CadRes,ESC\FILIAL\CadRes.DB,BaiRes,BaiRes,outro,System.String,40,desconhecido,True,Paradox/BDE,outro,"validar em tela, ProcMon e amostra de dados"
config_admin,CadRes,ESC\FILIAL\CadRes.DB,BaiRes2,BaiRes2,outro,System.String,40,desconhecido,True,Paradox/BDE,outro,"validar em tela, ProcMon e amostra de dados"
config_admin,CadRes,ESC\FILIAL\CadRes.DB,TelResP,Telefone,cliente_ref,System.String,30,desconhecido,True,Paradox/BDE,identificador/vinculo,"validar em tela, ProcMon e amostra de dados"
config_admin,CadRes,ESC\FILIAL\CadRes.DB,TelResP2,Telefone,cliente_ref,System.String,30,desconhecido,True,Paradox/BDE,identificador/vinculo,"validar em tela, ProcMon e amostra de dados"
config_admin,CadRes,ESC\FILIAL\CadRes.DB,NomEmp,Nome,texto_observacao,System.String,60,provavel,True,Paradox/BDE,texto_observacao,"validar em tela, ProcMon e amostra de dados"
config_admin,CadRes,ESC\FILIAL\CadRes.DB,NomEmp2,Nome,texto_observacao,System.String,60,provavel,True,Paradox/BDE,texto_observacao,"validar em tela, ProcMon e amostra de dados"
config_admin,CadRes,ESC\FILIAL\CadRes.DB,CodRam,CodRam,id_codigo,System.String,6,provavel,True,Paradox/BDE,identificador/vinculo,"validar em tela, ProcMon e amostra de dados"
config_admin,CadRes,ESC\FILIAL\CadRes.DB,CodRam2,CodRam2,id_codigo,System.String,6,provavel,True,Paradox/BDE,identificador/vinculo,"validar em tela, ProcMon e amostra de dados"
config_admin,CadTur,ESC\FILIAL\CadTur.DB,CodTur,CodTur,id_codigo,System.String,12,provavel,True,Paradox/BDE,identificador/vinculo,"validar em tela, ProcMon e amostra de dados"
config_admin,CadTur,ESC\FILIAL\CadTur.DB,DesTur,DesTur,outro,System.String,40,desconhecido,True,Paradox/BDE,outro,"validar em tela, ProcMon e amostra de dados"
config_admin,CadTur,ESC\FILIAL\CadTur.DB,CodCur,CodCur,id_codigo,System.String,6,provavel,True,Paradox/BDE,identificador/vinculo,"validar em tela, ProcMon e amostra de dados"
config_admin,CadTur,ESC\FILIAL\CadTur.DB,PreCur,PreCur,outro,System.Double,8,desconhecido,True,Paradox/BDE,outro,"validar em tela, ProcMon e amostra de dados"
config_admin,CadTur,ESC\FILIAL\CadTur.DB,QdeAlu,QdeAlu,outro,System.Int32,4,desconhecido,True,Paradox/BDE,outro,"validar em tela, ProcMon e amostra de dados"
config_admin,CadTur,ESC\FILIAL\CadTur.DB,ObsTur,ObsTur,texto_observacao,System.String,100,desconhecido,True,Paradox/BDE,texto_observacao,"validar em tela, ProcMon e amostra de dados"
config_admin,CadTur,ESC\FILIAL\CadTur.DB,DatIni,Data,data_hora,System.DateTime,8,desconhecido,True,Paradox/BDE,data_hora,"validar em tela, ProcMon e amostra de dados"
config_admin,CadTur,ESC\FILIAL\CadTur.DB,DatFim,Data,data_hora,System.DateTime,8,desconhecido,True,Paradox/BDE,data_hora,"validar em tela, ProcMon e amostra de dados"
config_admin,CadTur,ESC\FILIAL\CadTur.DB,CargHor,CargHor,cliente_ref,System.Double,8,desconhecido,True,Paradox/BDE,identificador/vinculo,"validar em tela, ProcMon e amostra de dados"
config_admin,CadTur,ESC\FILIAL\CadTur.DB,DiaSem,DiaSem,outro,System.String,28,desconhecido,True,Paradox/BDE,outro,"validar em tela, ProcMon e amostra de dados"
config_admin,CadTur,ESC\FILIAL\CadTur.DB,CodPro,CodPro,id_codigo,System.String,10,provavel,True,Paradox/BDE,identificador/vinculo,"validar em tela, ProcMon e amostra de dados"
config_admin,CadTur,ESC\FILIAL\CadTur.DB,ValMat,ValMat,outro,System.Double,8,desconhecido,True,Paradox/BDE,outro,"validar em tela, ProcMon e amostra de dados"
config_admin,CadTur,ESC\FILIAL\CadTur.DB,HorIni,HorIni,outro,System.DateTime,8,desconhecido,True,Paradox/BDE,outro,"validar em tela, ProcMon e amostra de dados"
config_admin,CadTur,ESC\FILIAL\CadTur.DB,HorFim,HorFim,outro,System.DateTime,8,desconhecido,True,Paradox/BDE,outro,"validar em tela, ProcMon e amostra de dados"
config_admin,CadTur,ESC\FILIAL\CadTur.DB,Encena,Encena,outro,System.String,2,desconhecido,True,Paradox/BDE,outro,"validar em tela, ProcMon e amostra de dados"
config_admin,CadTur,ESC\FILIAL\CadTur.DB,CodHor,CodHor,id_codigo,System.String,2,provavel,True,Paradox/BDE,identificador/vinculo,"validar em tela, ProcMon e amostra de dados"
config_admin,CompTurmas,ESC\FILIAL\CompTurmas.DB,CodTur,CodTur,id_codigo,System.String,12,provavel,True,Paradox/BDE,identificador/vinculo,"validar em tela, ProcMon e amostra de dados"
config_admin,CompTurmas,ESC\FILIAL\CompTurmas.DB,CodCont,CodCont,id_codigo,System.Int32,4,provavel,True,Paradox/BDE,identificador/vinculo,"validar em tela, ProcMon e amostra de dados"
config_admin,CompTurmas,ESC\FILIAL\CompTurmas.DB,CodVen,CodVen,id_codigo,System.String,10,provavel,True,Paradox/BDE,identificador/vinculo,"validar em tela, ProcMon e amostra de dados"
config_admin,CompTurmas,ESC\FILIAL\CompTurmas.DB,IndMat,IndMat,outro,System.Int32,4,desconhecido,True,Paradox/BDE,outro,"validar em tela, ProcMon e amostra de dados"
config_admin,CompTurmas,ESC\FILIAL\CompTurmas.DB,DatIniPg,Data,data_hora,System.DateTime,8,desconhecido,True,Paradox/BDE,data_hora,"validar em tela, ProcMon e amostra de dados"
config_admin,CompTurmas,ESC\FILIAL\CompTurmas.DB,DatProxima,Data,data_hora,System.DateTime,8,desconhecido,True,Paradox/BDE,data_hora,"validar em tela, ProcMon e amostra de dados"
config_admin,CompTurmas,ESC\FILIAL\CompTurmas.DB,TipoParc,TipoParc,outro,System.String,2,desconhecido,True,Paradox/BDE,outro,"validar em tela, ProcMon e amostra de dados"
config_admin,CompTurmas,ESC\FILIAL\CompTurmas.DB,DescAlu,Desconto/Descricao,valor_monetario,System.Double,8,desconhecido,True,Paradox/BDE,valor_monetario,"validar em tela, ProcMon e amostra de dados"
config_admin,CompTurmas,ESC\FILIAL\CompTurmas.DB,QdeParc,QdeParc,outro,System.Int32,4,desconhecido,True,Paradox/BDE,outro,"validar em tela, ProcMon e amostra de dados"
config_admin,CompTurmas,ESC\FILIAL\CompTurmas.DB,DatMat,Data,data_hora,System.DateTime,8,desconhecido,True,Paradox/BDE,data_hora,"validar em tela, ProcMon e amostra de dados"
config_admin,CompTurmas,ESC\FILIAL\CompTurmas.DB,DiaPgto,DiaPgto,outro,System.String,4,desconhecido,True,Paradox/BDE,outro,"validar em tela, ProcMon e amostra de dados"
config_admin,CompTurmas,ESC\FILIAL\CompTurmas.DB,ValCur,ValCur,outro,System.Double,8,desconhecido,True,Paradox/BDE,outro,"validar em tela, ProcMon e amostra de dados"
config_admin,CompTurmas,ESC\FILIAL\CompTurmas.DB,Obs,Obs,texto_observacao,System.String,200,desconhecido,True,Paradox/BDE,texto_observacao,"validar em tela, ProcMon e amostra de dados"
config_admin,MovPdv,ESC\FILIAL\MovPdv.DB,CodPdv,CodPdv,id_codigo,System.String,6,provavel,True,Paradox/BDE,identificador/vinculo,"validar em tela, ProcMon e amostra de dados"
config_admin,MovPdv,ESC\FILIAL\MovPdv.DB,SeqLan,SeqLan,outro,System.Int32,4,desconhecido,True,Paradox/BDE,outro,"validar em tela, ProcMon e amostra de dados"
config_admin,MovPdv,ESC\FILIAL\MovPdv.DB,CodTur,CodTur,id_codigo,System.String,12,provavel,True,Paradox/BDE,identificador/vinculo,"validar em tela, ProcMon e amostra de dados"
config_admin,MovPdv,ESC\FILIAL\MovPdv.DB,CodCont,CodCont,id_codigo,System.Int32,4,provavel,True,Paradox/BDE,identificador/vinculo,"validar em tela, ProcMon e amostra de dados"
config_admin,MovPdv,ESC\FILIAL\MovPdv.DB,Qde,Qde,outro,System.Double,8,desconhecido,True,Paradox/BDE,outro,"validar em tela, ProcMon e amostra de dados"
config_admin,MovPdv,ESC\FILIAL\MovPdv.DB,ValorUni,Valor,valor_monetario,System.Double,8,provavel,True,Paradox/BDE,valor_monetario,"validar em tela, ProcMon e amostra de dados"
config_admin,MovPdv,ESC\FILIAL\MovPdv.DB,ValorFinal,Valor,valor_monetario,System.Double,8,provavel,True,Paradox/BDE,valor_monetario,"validar em tela, ProcMon e amostra de dados"
config_admin,MovPdv,ESC\FILIAL\MovPdv.DB,DatLan,Data,data_hora,System.DateTime,8,desconhecido,True,Paradox/BDE,data_hora,"validar em tela, ProcMon e amostra de dados"
config_admin,MovPdv,ESC\FILIAL\MovPdv.DB,Obs,Obs,texto_observacao,System.String,200,desconhecido,True,Paradox/BDE,texto_observacao,"validar em tela, ProcMon e amostra de dados"
config_admin,MovPdv,ESC\FILIAL\MovPdv.DB,NumNot,NumNot,id_codigo,System.Int32,4,provavel,True,Paradox/BDE,identificador/vinculo,"validar em tela, ProcMon e amostra de dados"
config_admin,MovPdv,ESC\FILIAL\MovPdv.DB,CodUsuario,CodUsuario,id_codigo,System.String,20,provavel,True,Paradox/BDE,identificador/vinculo,"validar em tela, ProcMon e amostra de dados"
financeiro,NotasEsc,ESC\FILIAL\NotasEsc.DB,NumNot,NumNot,id_codigo,System.Int32,4,provavel,True,Paradox/BDE,identificador/vinculo,"validar em tela, ProcMon e amostra de dados"
financeiro,NotasEsc,ESC\FILIAL\NotasEsc.DB,CodCli,Cliente,id_codigo,System.String,20,provavel,True,Paradox/BDE,identificador/vinculo,"validar em tela, ProcMon e amostra de dados"
financeiro,NotasEsc,ESC\FILIAL\NotasEsc.DB,DatEmi,Data,data_hora,System.DateTime,8,desconhecido,True,Paradox/BDE,data_hora,"validar em tela, ProcMon e amostra de dados"
financeiro,NotasEsc,ESC\FILIAL\NotasEsc.DB,ValNot,ValNot,outro,System.Double,8,desconhecido,True,Paradox/BDE,outro,"validar em tela, ProcMon e amostra de dados"
financeiro,NotasEsc,ESC\FILIAL\NotasEsc.DB,CodUsuario,CodUsuario,id_codigo,System.String,20,provavel,True,Paradox/BDE,identificador/vinculo,"validar em tela, ProcMon e amostra de dados"
financeiro,NotasEsc,ESC\FILIAL\NotasEsc.DB,ValBasNot,ValBasNot,outro,System.Double,8,desconhecido,True,Paradox/BDE,outro,"validar em tela, ProcMon e amostra de dados"
financeiro,NotasEsc,ESC\FILIAL\NotasEsc.DB,TipNota,TipNota,fiscal_documento,System.String,2,desconhecido,True,Paradox/BDE,fiscal_documento,"validar em tela, ProcMon e amostra de dados"
financeiro,NotasEsc,ESC\FILIAL\NotasEsc.DB,Obs,Obs,texto_observacao,System.String,200,desconhecido,True,Paradox/BDE,texto_observacao,"validar em tela, ProcMon e amostra de dados"
financeiro,NotasEsc,ESC\FILIAL\NotasEsc.DB,CodTransp,CodTransp,id_codigo,System.String,6,provavel,True,Paradox/BDE,identificador/vinculo,"validar em tela, ProcMon e amostra de dados"
financeiro,NotasEsc,ESC\FILIAL\NotasEsc.DB,Cancelada,Celular,cliente_ref,System.String,2,desconhecido,True,Paradox/BDE,identificador/vinculo,"validar em tela, ProcMon e amostra de dados"
financeiro,NotasEsc,ESC\FILIAL\NotasEsc.DB,DataCanc,Data,data_hora,System.DateTime,8,provavel,True,Paradox/BDE,data_hora,"validar em tela, ProcMon e amostra de dados"
financeiro,NotasEsc,ESC\FILIAL\NotasEsc.DB,MotivoCanc,MotivoCanc,texto_observacao,System.String,100,desconhecido,True,Paradox/BDE,texto_observacao,"validar em tela, ProcMon e amostra de dados"
financeiro,NotasEsc,ESC\FILIAL\NotasEsc.DB,BaseISS,BaseISS,fiscal_documento,System.Double,8,desconhecido,True,Paradox/BDE,fiscal_documento,"validar em tela, ProcMon e amostra de dados"
financeiro,NotasEsc,ESC\FILIAL\NotasEsc.DB,ISS,ISS,fiscal_documento,System.Double,8,desconhecido,True,Paradox/BDE,fiscal_documento,"validar em tela, ProcMon e amostra de dados"
financeiro,NotasEsc,ESC\FILIAL\NotasEsc.DB,CodVen,CodVen,id_codigo,System.String,10,provavel,True,Paradox/BDE,identificador/vinculo,"validar em tela, ProcMon e amostra de dados"
financeiro,NotasEsc,ESC\FILIAL\NotasEsc.DB,NumNotFis,NumNotFis,id_codigo,System.Int32,4,provavel,True,Paradox/BDE,identificador/vinculo,"validar em tela, ProcMon e amostra de dados"
config_admin,NotCompEsc,ESC\FILIAL\NotCompEsc.DB,NumNot,NumNot,id_codigo,System.Int32,4,provavel,True,Paradox/BDE,identificador/vinculo,"validar em tela, ProcMon e amostra de dados"
config_admin,NotCompEsc,ESC\FILIAL\NotCompEsc.DB,Seq,Seq,outro,System.Int32,4,desconhecido,True,Paradox/BDE,outro,"validar em tela, ProcMon e amostra de dados"
config_admin,NotCompEsc,ESC\FILIAL\NotCompEsc.DB,NumFat,NumFat,id_codigo,System.Int32,4,provavel,True,Paradox/BDE,identificador/vinculo,"validar em tela, ProcMon e amostra de dados"
config_admin,NotCompEsc,ESC\FILIAL\NotCompEsc.DB,NumDup,NumDup,id_codigo,System.Int32,4,provavel,True,Paradox/BDE,identificador/vinculo,"validar em tela, ProcMon e amostra de dados"
config_admin,NotCompEsc,ESC\FILIAL\NotCompEsc.DB,ValComp,ValComp,outro,System.Double,8,desconhecido,True,Paradox/BDE,outro,"validar em tela, ProcMon e amostra de dados"
config_admin,NotCompEsc,ESC\FILIAL\NotCompEsc.DB,CodFpg,CodFpg,id_codigo,System.String,6,provavel,True,Paradox/BDE,identificador/vinculo,"validar em tela, ProcMon e amostra de dados"
config_admin,NotCompEsc,ESC\FILIAL\NotCompEsc.DB,NumDoc,NumDoc,id_codigo,System.String,40,provavel,True,Paradox/BDE,identificador/vinculo,"validar em tela, ProcMon e amostra de dados"
config_admin,NotCompEsc,ESC\FILIAL\NotCompEsc.DB,SeqCai,SeqCai,outro,System.Int32,4,desconhecido,True,Paradox/BDE,outro,"validar em tela, ProcMon e amostra de dados"
outro,CadClaEst,EST\DADOS\CadClaEst.DB,CodClaEst,CodClaEst,id_codigo,System.String,10,provavel,True,Paradox/BDE,identificador/vinculo,"validar em tela, ProcMon e amostra de dados"
outro,CadClaEst,EST\DADOS\CadClaEst.DB,DesClaEst,Desconto/Descricao,valor_monetario,System.String,40,desconhecido,True,Paradox/BDE,valor_monetario,"validar em tela, ProcMon e amostra de dados"
outro,CadClaEst,EST\DADOS\CadClaEst.DB,ObsClaEst,ObsClaEst,texto_observacao,System.String,60,desconhecido,True,Paradox/BDE,texto_observacao,"validar em tela, ProcMon e amostra de dados"
outro,CadClaEst,EST\DADOS\CadClaEst.DB,Cancelado,Celular,cliente_ref,System.String,2,desconhecido,True,Paradox/BDE,identificador/vinculo,"validar em tela, ProcMon e amostra de dados"
outro,CadClaEst,EST\DADOS\CadClaEst.DB,DatCan,Data,data_hora,System.DateTime,8,desconhecido,True,Paradox/BDE,data_hora,"validar em tela, ProcMon e amostra de dados"
outro,CadClaEst,EST\DADOS\CadClaEst.DB,MotivoCan,MotivoCan,texto_observacao,System.String,100,desconhecido,True,Paradox/BDE,texto_observacao,"validar em tela, ProcMon e amostra de dados"
outro,CadClaEst,EST\DADOS\CadClaEst.DB,CodEst,CodEst,id_codigo,System.String,10,provavel,True,Paradox/BDE,identificador/vinculo,"validar em tela, ProcMon e amostra de dados"
outro,CadClasFis,EST\DADOS\CadClasFis.DB,CodClasFis,CodClasFis,id_codigo,System.String,20,provavel,True,Paradox/BDE,identificador/vinculo,"validar em tela, ProcMon e amostra de dados"
outro,CadClasFis,EST\DADOS\CadClasFis.DB,Tipo,Tipo,outro,System.String,4,desconhecido,True,Paradox/BDE,outro,"validar em tela, ProcMon e amostra de dados"
outro,CadClasFis,EST\DADOS\CadClasFis.DB,DesClasFis,Desconto/Descricao,valor_monetario,System.String,100,desconhecido,True,Paradox/BDE,valor_monetario,"validar em tela, ProcMon e amostra de dados"
outro,CadClasFis,EST\DADOS\CadClasFis.DB,Cancelado,Celular,cliente_ref,System.String,2,desconhecido,True,Paradox/BDE,identificador/vinculo,"validar em tela, ProcMon e amostra de dados"
outro,CadClasFis,EST\DADOS\CadClasFis.DB,DatCan,Data,data_hora,System.DateTime,8,desconhecido,True,Paradox/BDE,data_hora,"validar em tela, ProcMon e amostra de dados"
outro,CadClasFis,EST\DADOS\CadClasFis.DB,MotivoCan,MotivoCan,texto_observacao,System.String,100,desconhecido,True,Paradox/BDE,texto_observacao,"validar em tela, ProcMon e amostra de dados"
outro,CadEst,EST\DADOS\CadEst.DB,CodEst,CodEst,id_codigo,System.String,10,provavel,True,Paradox/BDE,identificador/vinculo,"validar em tela, ProcMon e amostra de dados"
outro,CadEst,EST\DADOS\CadEst.DB,DesEst,DesEst,outro,System.String,60,desconhecido,True,Paradox/BDE,outro,"validar em tela, ProcMon e amostra de dados"
outro,CadEst,EST\DADOS\CadEst.DB,LocEst,LocEst,outro,System.String,200,desconhecido,True,Paradox/BDE,outro,"validar em tela, ProcMon e amostra de dados"
outro,CadEst,EST\DADOS\CadEst.DB,Cancelado,Celular,cliente_ref,System.String,2,desconhecido,True,Paradox/BDE,identificador/vinculo,"validar em tela, ProcMon e amostra de dados"
outro,CadEst,EST\DADOS\CadEst.DB,DatCan,Data,data_hora,System.DateTime,8,desconhecido,True,Paradox/BDE,data_hora,"validar em tela, ProcMon e amostra de dados"
outro,CadEst,EST\DADOS\CadEst.DB,MotivoCan,MotivoCan,texto_observacao,System.String,100,desconhecido,True,Paradox/BDE,texto_observacao,"validar em tela, ProcMon e amostra de dados"
outro,CadFunEst,EST\DADOS\CadFunEst.DB,CodFun,CodFun,id_codigo,System.String,10,provavel,True,Paradox/BDE,identificador/vinculo,"validar em tela, ProcMon e amostra de dados"
outro,CadFunEst,EST\DADOS\CadFunEst.DB,NomFun,NomFun,outro,System.String,60,desconhecido,True,Paradox/BDE,outro,"validar em tela, ProcMon e amostra de dados"
outro,CadFunEst,EST\DADOS\CadFunEst.DB,Chave,Chave,id_codigo,System.String,60,provavel,True,Paradox/BDE,identificador/vinculo,"validar em tela, ProcMon e amostra de dados"
outro,CadFunEst,EST\DADOS\CadFunEst.DB,DatCan,Data,data_hora,System.DateTime,8,desconhecido,True,Paradox/BDE,data_hora,"validar em tela, ProcMon e amostra de dados"
outro,CadFunEst,EST\DADOS\CadFunEst.DB,MotivoCan,MotivoCan,texto_observacao,System.String,100,desconhecido,True,Paradox/BDE,texto_observacao,"validar em tela, ProcMon e amostra de dados"
outro,CadFunEst,EST\DADOS\CadFunEst.DB,HorCan,HorCan,ordem_rol_ref,System.DateTime,8,desconhecido,True,Paradox/BDE,identificador/vinculo,"validar em tela, ProcMon e amostra de dados"
outro,CadFunEst,EST\DADOS\CadFunEst.DB,Cancelado,Celular,cliente_ref,System.String,2,desconhecido,True,Paradox/BDE,identificador/vinculo,"validar em tela, ProcMon e amostra de dados"
outro,CadGruEst1,EST\DADOS\CadGruEst1.DB,CodGruEst1,CodGruEst1,id_codigo,System.String,20,provavel,True,Paradox/BDE,identificador/vinculo,"validar em tela, ProcMon e amostra de dados"
outro,CadGruEst1,EST\DADOS\CadGruEst1.DB,DesGruEst1,DesGruEst1,outro,System.String,60,desconhecido,True,Paradox/BDE,outro,"validar em tela, ProcMon e amostra de dados"
outro,CadGruEst1,EST\DADOS\CadGruEst1.DB,GruGruEst1,GruGruEst1,outro,System.String,10,desconhecido,True,Paradox/BDE,outro,"validar em tela, ProcMon e amostra de dados"
outro,CadGruEst1,EST\DADOS\CadGruEst1.DB,Cancelado,Celular,cliente_ref,System.String,2,desconhecido,True,Paradox/BDE,identificador/vinculo,"validar em tela, ProcMon e amostra de dados"
outro,CadGruEst1,EST\DADOS\CadGruEst1.DB,MotivoCan,MotivoCan,texto_observacao,System.String,100,desconhecido,True,Paradox/BDE,texto_observacao,"validar em tela, ProcMon e amostra de dados"
outro,CadGruEst1,EST\DADOS\CadGruEst1.DB,DatCan,Data,data_hora,System.DateTime,8,desconhecido,True,Paradox/BDE,data_hora,"validar em tela, ProcMon e amostra de dados"
outro,CadGruEst2,EST\DADOS\CadGruEst2.DB,CodGruEst2,CodGruEst2,id_codigo,System.String,20,provavel,True,Paradox/BDE,identificador/vinculo,"validar em tela, ProcMon e amostra de dados"
outro,CadGruEst2,EST\DADOS\CadGruEst2.DB,DesGruEst2,DesGruEst2,outro,System.String,60,desconhecido,True,Paradox/BDE,outro,"validar em tela, ProcMon e amostra de dados"
outro,CadGruEst2,EST\DADOS\CadGruEst2.DB,GruGruEst2,GruGruEst2,outro,System.String,10,desconhecido,True,Paradox/BDE,outro,"validar em tela, ProcMon e amostra de dados"
outro,CadGruEst2,EST\DADOS\CadGruEst2.DB,Cancelado,Celular,cliente_ref,System.String,2,desconhecido,True,Paradox/BDE,identificador/vinculo,"validar em tela, ProcMon e amostra de dados"
outro,CadGruEst2,EST\DADOS\CadGruEst2.DB,MotivoCan,MotivoCan,texto_observacao,System.String,100,desconhecido,True,Paradox/BDE,texto_observacao,"validar em tela, ProcMon e amostra de dados"
outro,CadGruEst2,EST\DADOS\CadGruEst2.DB,DatCan,Data,data_hora,System.DateTime,8,desconhecido,True,Paradox/BDE,data_hora,"validar em tela, ProcMon e amostra de dados"
outro,CadGruEst3,EST\DADOS\CadGruEst3.DB,CodGruEst3,CodGruEst3,id_codigo,System.String,20,provavel,True,Paradox/BDE,identificador/vinculo,"validar em tela, ProcMon e amostra de dados"
outro,CadGruEst3,EST\DADOS\CadGruEst3.DB,DesGruEst3,DesGruEst3,outro,System.String,60,desconhecido,True,Paradox/BDE,outro,"validar em tela, ProcMon e amostra de dados"
outro,CadGruEst3,EST\DADOS\CadGruEst3.DB,GruGruEst3,GruGruEst3,outro,System.String,10,desconhecido,True,Paradox/BDE,outro,"validar em tela, ProcMon e amostra de dados"
outro,CadGruEst3,EST\DADOS\CadGruEst3.DB,Cancelado,Celular,cliente_ref,System.String,2,desconhecido,True,Paradox/BDE,identificador/vinculo,"validar em tela, ProcMon e amostra de dados"
outro,CadGruEst3,EST\DADOS\CadGruEst3.DB,MotivoCan,MotivoCan,texto_observacao,System.String,100,desconhecido,True,Paradox/BDE,texto_observacao,"validar em tela, ProcMon e amostra de dados"
outro,CadGruEst3,EST\DADOS\CadGruEst3.DB,DatCan,Data,data_hora,System.DateTime,8,desconhecido,True,Paradox/BDE,data_hora,"validar em tela, ProcMon e amostra de dados"
outro,CadGruEst4,EST\DADOS\CadGruEst4.DB,CodGruEst4,CodGruEst4,id_codigo,System.String,20,provavel,True,Paradox/BDE,identificador/vinculo,"validar em tela, ProcMon e amostra de dados"
outro,CadGruEst4,EST\DADOS\CadGruEst4.DB,DesGruEst4,DesGruEst4,outro,System.String,60,desconhecido,True,Paradox/BDE,outro,"validar em tela, ProcMon e amostra de dados"
outro,CadGruEst4,EST\DADOS\CadGruEst4.DB,GruGruEst4,GruGruEst4,outro,System.String,10,desconhecido,True,Paradox/BDE,outro,"validar em tela, ProcMon e amostra de dados"
outro,CadGruEst4,EST\DADOS\CadGruEst4.DB,Cancelado,Celular,cliente_ref,System.String,2,desconhecido,True,Paradox/BDE,identificador/vinculo,"validar em tela, ProcMon e amostra de dados"
outro,CadGruEst4,EST\DADOS\CadGruEst4.DB,MotivoCan,MotivoCan,texto_observacao,System.String,100,desconhecido,True,Paradox/BDE,texto_observacao,"validar em tela, ProcMon e amostra de dados"
outro,CadGruEst4,EST\DADOS\CadGruEst4.DB,DatCan,Data,data_hora,System.DateTime,8,desconhecido,True,Paradox/BDE,data_hora,"validar em tela, ProcMon e amostra de dados"
outro,CadKit,EST\DADOS\CadKit.DB,CodKit,CodKit,id_codigo,System.String,10,provavel,True,Paradox/BDE,identificador/vinculo,"validar em tela, ProcMon e amostra de dados"
outro,CadKit,EST\DADOS\CadKit.DB,DesKit,DesKit,outro,System.String,60,desconhecido,True,Paradox/BDE,outro,"validar em tela, ProcMon e amostra de dados"
outro,CadKit,EST\DADOS\CadKit.DB,CadEst,CadEst,data_hora,System.String,10,desconhecido,True,Paradox/BDE,data_hora,"validar em tela, ProcMon e amostra de dados"
outro,CadLocEst,EST\DADOS\CadLocEst.DB,CodLocEst,CodLocEst,id_codigo,System.String,10,provavel,True,Paradox/BDE,identificador/vinculo,"validar em tela, ProcMon e amostra de dados"
outro,CadLocEst,EST\DADOS\CadLocEst.DB,DesLocEst,DesLocEst,outro,System.String,40,desconhecido,True,Paradox/BDE,outro,"validar em tela, ProcMon e amostra de dados"
outro,CadLocEst,EST\DADOS\CadLocEst.DB,ComLocEst,ComLocEst,outro,System.String,40,desconhecido,True,Paradox/BDE,outro,"validar em tela, ProcMon e amostra de dados"
outro,CadLocEst,EST\DADOS\CadLocEst.DB,Cancelado,Celular,cliente_ref,System.String,2,desconhecido,True,Paradox/BDE,identificador/vinculo,"validar em tela, ProcMon e amostra de dados"
outro,CadLocEst,EST\DADOS\CadLocEst.DB,DatCan,Data,data_hora,System.DateTime,8,desconhecido,True,Paradox/BDE,data_hora,"validar em tela, ProcMon e amostra de dados"
outro,CadLocEst,EST\DADOS\CadLocEst.DB,MotivoCan,MotivoCan,texto_observacao,System.String,100,desconhecido,True,Paradox/BDE,texto_observacao,"validar em tela, ProcMon e amostra de dados"
outro,CadUniPro,EST\DADOS\CadUniPro.DB,CodUniPro,CodUniPro,id_codigo,System.String,10,provavel,True,Paradox/BDE,identificador/vinculo,"validar em tela, ProcMon e amostra de dados"
outro,CadUniPro,EST\DADOS\CadUniPro.DB,DesUniPro,DesUniPro,outro,System.String,40,desconhecido,True,Paradox/BDE,outro,"validar em tela, ProcMon e amostra de dados"
outro,CadUniPro,EST\DADOS\CadUniPro.DB,ObsUniPro,ObsUniPro,texto_observacao,System.String,40,desconhecido,True,Paradox/BDE,texto_observacao,"validar em tela, ProcMon e amostra de dados"
outro,CadUniPro,EST\DADOS\CadUniPro.DB,Cancelado,Celular,cliente_ref,System.String,2,desconhecido,True,Paradox/BDE,identificador/vinculo,"validar em tela, ProcMon e amostra de dados"
outro,CadUniPro,EST\DADOS\CadUniPro.DB,DatCan,Data,data_hora,System.DateTime,8,desconhecido,True,Paradox/BDE,data_hora,"validar em tela, ProcMon e amostra de dados"
outro,CadUniPro,EST\DADOS\CadUniPro.DB,MotivoCan,MotivoCan,texto_observacao,System.String,100,desconhecido,True,Paradox/BDE,texto_observacao,"validar em tela, ProcMon e amostra de dados"
outro,EstMinMax,EST\DADOS\EstMinMax.DB,CodEst,CodEst,id_codigo,System.String,10,provavel,True,Paradox/BDE,identificador/vinculo,"validar em tela, ProcMon e amostra de dados"
outro,EstMinMax,EST\DADOS\EstMinMax.DB,CodProEst,CodProEst,id_codigo,System.String,40,provavel,True,Paradox/BDE,identificador/vinculo,"validar em tela, ProcMon e amostra de dados"
outro,EstMinMax,EST\DADOS\EstMinMax.DB,QdeMin,QdeMin,outro,System.Double,8,desconhecido,True,Paradox/BDE,outro,"validar em tela, ProcMon e amostra de dados"
outro,EstMinMax,EST\DADOS\EstMinMax.DB,QdeMax,QdeMax,outro,System.Double,8,desconhecido,True,Paradox/BDE,outro,"validar em tela, ProcMon e amostra de dados"
outro,EstMinMax,EST\DADOS\EstMinMax.DB,CodLocEst,CodLocEst,id_codigo,System.String,10,provavel,True,Paradox/BDE,identificador/vinculo,"validar em tela, ProcMon e amostra de dados"
outro,EstMinMax,EST\DADOS\EstMinMax.DB,ComLocEst,ComLocEst,outro,System.String,80,desconhecido,True,Paradox/BDE,outro,"validar em tela, ProcMon e amostra de dados"
outro,GruProEst,EST\DADOS\GruProEst.DB,GruProEst,GruProEst,outro,System.String,10,desconhecido,True,Paradox/BDE,outro,"validar em tela, ProcMon e amostra de dados"
outro,GruProEst,EST\DADOS\GruProEst.DB,DesGruPro,DesGruPro,outro,System.String,40,desconhecido,True,Paradox/BDE,outro,"validar em tela, ProcMon e amostra de dados"
outro,GruProEst,EST\DADOS\GruProEst.DB,Cancelado,Celular,cliente_ref,System.String,2,desconhecido,True,Paradox/BDE,identificador/vinculo,"validar em tela, ProcMon e amostra de dados"
outro,GruProEst,EST\DADOS\GruProEst.DB,DatCan,Data,data_hora,System.DateTime,8,desconhecido,True,Paradox/BDE,data_hora,"validar em tela, ProcMon e amostra de dados"
outro,GruProEst,EST\DADOS\GruProEst.DB,MotivoCan,MotivoCan,texto_observacao,System.String,100,desconhecido,True,Paradox/BDE,texto_observacao,"validar em tela, ProcMon e amostra de dados"
outro,GruProEst,EST\DADOS\GruProEst.DB,Obs,Obs,texto_observacao,System.String,100,desconhecido,True,Paradox/BDE,texto_observacao,"validar em tela, ProcMon e amostra de dados"
outro,Legislacao,EST\DADOS\Legislacao.DB,CodigoL,CodigoL,id_codigo,System.String,4,provavel,True,Paradox/BDE,identificador/vinculo,"validar em tela, ProcMon e amostra de dados"
outro,Legislacao,EST\DADOS\Legislacao.DB,DescL,Desconto/Descricao,valor_monetario,System.String,80,desconhecido,True,Paradox/BDE,valor_monetario,"validar em tela, ProcMon e amostra de dados"
outro,Legislacao,EST\DADOS\Legislacao.DB,Percentual,Percentual,outro,System.Double,8,desconhecido,True,Paradox/BDE,outro,"validar em tela, ProcMon e amostra de dados"
outro,Legislacao,EST\DADOS\Legislacao.DB,ObsL,ObsL,texto_observacao,System.String,80,desconhecido,True,Paradox/BDE,texto_observacao,"validar em tela, ProcMon e amostra de dados"
outro,Legislacao,EST\DADOS\Legislacao.DB,Cancelado,Celular,cliente_ref,System.String,2,desconhecido,True,Paradox/BDE,identificador/vinculo,"validar em tela, ProcMon e amostra de dados"
outro,Legislacao,EST\DADOS\Legislacao.DB,MotivoCan,MotivoCan,texto_observacao,System.String,100,desconhecido,True,Paradox/BDE,texto_observacao,"validar em tela, ProcMon e amostra de dados"
outro,Legislacao,EST\DADOS\Legislacao.DB,DatCan,Data,data_hora,System.DateTime,8,desconhecido,True,Paradox/BDE,data_hora,"validar em tela, ProcMon e amostra de dados"
outro,Legislacao,EST\DADOS\Legislacao.DB,SitTribA,SitTribA,status_situacao,System.String,2,desconhecido,True,Paradox/BDE,status_situacao,"validar em tela, ProcMon e amostra de dados"
outro,Legislacao,EST\DADOS\Legislacao.DB,SitTribB,SitTribB,status_situacao,System.String,2,desconhecido,True,Paradox/BDE,status_situacao,"validar em tela, ProcMon e amostra de dados"
outro,Legislacao,EST\DADOS\Legislacao.DB,RedIcms,RedIcms,fiscal_documento,System.Double,8,desconhecido,True,Paradox/BDE,fiscal_documento,"validar em tela, ProcMon e amostra de dados"
produto_servico,MarcasEst,EST\DADOS\MarcasEst.DB,CodMarEst,CodMarEst,id_codigo,System.String,10,provavel,True,Paradox/BDE,identificador/vinculo,"validar em tela, ProcMon e amostra de dados"
produto_servico,MarcasEst,EST\DADOS\MarcasEst.DB,DesMarEst,DesMarEst,outro,System.String,40,desconhecido,True,Paradox/BDE,outro,"validar em tela, ProcMon e amostra de dados"
produto_servico,MarcasEst,EST\DADOS\MarcasEst.DB,Obs,Obs,texto_observacao,System.String,100,desconhecido,True,Paradox/BDE,texto_observacao,"validar em tela, ProcMon e amostra de dados"
produto_servico,MarcasEst,EST\DADOS\MarcasEst.DB,Cancelado,Celular,cliente_ref,System.String,2,desconhecido,True,Paradox/BDE,identificador/vinculo,"validar em tela, ProcMon e amostra de dados"
produto_servico,MarcasEst,EST\DADOS\MarcasEst.DB,MotivoCan,MotivoCan,texto_observacao,System.String,100,desconhecido,True,Paradox/BDE,texto_observacao,"validar em tela, ProcMon e amostra de dados"
produto_servico,MarcasEst,EST\DADOS\MarcasEst.DB,DatCan,Data,data_hora,System.DateTime,8,desconhecido,True,Paradox/BDE,data_hora,"validar em tela, ProcMon e amostra de dados"
estoque,ProdEst,EST\DADOS\ProdEst.DB,CodProEst,CodProEst,id_codigo,System.String,40,provavel,True,Paradox/BDE,identificador/vinculo,"validar em tela, ProcMon e amostra de dados"
estoque,ProdEst,EST\DADOS\ProdEst.DB,DesProEst,Produto,produto_ref,System.String,60,desconhecido,True,Paradox/BDE,identificador/vinculo,"validar em tela, ProcMon e amostra de dados"
estoque,ProdEst,EST\DADOS\ProdEst.DB,CodUniPro,CodUniPro,id_codigo,System.String,10,provavel,True,Paradox/BDE,identificador/vinculo,"validar em tela, ProcMon e amostra de dados"
estoque,ProdEst,EST\DADOS\ProdEst.DB,GruProEst,GruProEst,outro,System.String,10,desconhecido,True,Paradox/BDE,outro,"validar em tela, ProcMon e amostra de dados"
estoque,ProdEst,EST\DADOS\ProdEst.DB,TipConEst,TipConEst,outro,System.String,20,desconhecido,True,Paradox/BDE,outro,"validar em tela, ProcMon e amostra de dados"
estoque,ProdEst,EST\DADOS\ProdEst.DB,CodCla,CodCla,id_codigo,System.String,6,provavel,True,Paradox/BDE,identificador/vinculo,"validar em tela, ProcMon e amostra de dados"
estoque,ProdEst,EST\DADOS\ProdEst.DB,CodSubC,CodSubC,id_codigo,System.String,6,provavel,True,Paradox/BDE,identificador/vinculo,"validar em tela, ProcMon e amostra de dados"
estoque,ProdEst,EST\DADOS\ProdEst.DB,Cancelado,Celular,cliente_ref,System.String,2,desconhecido,True,Paradox/BDE,identificador/vinculo,"validar em tela, ProcMon e amostra de dados"
estoque,ProdEst,EST\DADOS\ProdEst.DB,MotivoCan,MotivoCan,texto_observacao,System.String,100,desconhecido,True,Paradox/BDE,texto_observacao,"validar em tela, ProcMon e amostra de dados"
estoque,ProdEst,EST\DADOS\ProdEst.DB,DatCan,Data,data_hora,System.DateTime,8,desconhecido,True,Paradox/BDE,data_hora,"validar em tela, ProcMon e amostra de dados"
estoque,ProdEst,EST\DADOS\ProdEst.DB,ArqImagem,ArqImagem,outro,System.String,200,desconhecido,True,Paradox/BDE,outro,"validar em tela, ProcMon e amostra de dados"
estoque,ProdEst,EST\DADOS\ProdEst.DB,CodMarEst,CodMarEst,id_codigo,System.String,10,provavel,True,Paradox/BDE,identificador/vinculo,"validar em tela, ProcMon e amostra de dados"
estoque,ProdEst,EST\DADOS\ProdEst.DB,QdeEmb,QdeEmb,outro,System.Double,8,desconhecido,True,Paradox/BDE,outro,"validar em tela, ProcMon e amostra de dados"
estoque,ProdEst,EST\DADOS\ProdEst.DB,CodCenCus,CodCenCus,id_codigo,System.String,6,provavel,True,Paradox/BDE,identificador/vinculo,"validar em tela, ProcMon e amostra de dados"
estoque,ProdEst,EST\DADOS\ProdEst.DB,CodGruEst1,CodGruEst1,id_codigo,System.String,20,provavel,True,Paradox/BDE,identificador/vinculo,"validar em tela, ProcMon e amostra de dados"
estoque,ProdEst,EST\DADOS\ProdEst.DB,CodGruEst2,CodGruEst2,id_codigo,System.String,20,provavel,True,Paradox/BDE,identificador/vinculo,"validar em tela, ProcMon e amostra de dados"
estoque,ProdEst,EST\DADOS\ProdEst.DB,CodGruEst3,CodGruEst3,id_codigo,System.String,20,provavel,True,Paradox/BDE,identificador/vinculo,"validar em tela, ProcMon e amostra de dados"
estoque,ProdEst,EST\DADOS\ProdEst.DB,CodGruEst4,CodGruEst4,id_codigo,System.String,20,provavel,True,Paradox/BDE,identificador/vinculo,"validar em tela, ProcMon e amostra de dados"
estoque,ProdEst,EST\DADOS\ProdEst.DB,TipNot,TipNot,outro,System.String,2,desconhecido,True,Paradox/BDE,outro,"validar em tela, ProcMon e amostra de dados"
estoque,ProdEst,EST\DADOS\ProdEst.DB,CFOP,CFOP,fiscal_documento,System.String,16,desconhecido,True,Paradox/BDE,fiscal_documento,"validar em tela, ProcMon e amostra de dados"
estoque,ProdEst,EST\DADOS\ProdEst.DB,ICMS,ICMS,fiscal_documento,System.Double,8,desconhecido,True,Paradox/BDE,fiscal_documento,"validar em tela, ProcMon e amostra de dados"
estoque,ProdEst,EST\DADOS\ProdEst.DB,IPI,IPI,fiscal_documento,System.Double,8,desconhecido,True,Paradox/BDE,fiscal_documento,"validar em tela, ProcMon e amostra de dados"
estoque,ProdEst,EST\DADOS\ProdEst.DB,CodClasFis,CodClasFis,id_codigo,System.String,20,provavel,True,Paradox/BDE,identificador/vinculo,"validar em tela, ProcMon e amostra de dados"
estoque,ProdEst,EST\DADOS\ProdEst.DB,TipICMS,TipICMS,fiscal_documento,System.Int32,4,desconhecido,True,Paradox/BDE,fiscal_documento,"validar em tela, ProcMon e amostra de dados"
estoque,ProdEstKit,EST\DADOS\ProdEstKit.DB,CodPro,CodPro,id_codigo,System.String,40,provavel,True,Paradox/BDE,identificador/vinculo,"validar em tela, ProcMon e amostra de dados"
estoque,ProdEstKit,EST\DADOS\ProdEstKit.DB,CodEst,CodEst,id_codigo,System.String,10,provavel,True,Paradox/BDE,identificador/vinculo,"validar em tela, ProcMon e amostra de dados"
estoque,ProdEstKit,EST\DADOS\ProdEstKit.DB,CodKit,CodKit,id_codigo,System.String,40,provavel,True,Paradox/BDE,identificador/vinculo,"validar em tela, ProcMon e amostra de dados"
estoque,ProdEstPac,EST\DADOS\ProdEstPac.DB,CodProEst,CodProEst,id_codigo,System.String,40,provavel,True,Paradox/BDE,identificador/vinculo,"validar em tela, ProcMon e amostra de dados"
estoque,ProdEstPac,EST\DADOS\ProdEstPac.DB,CodProEstP,CodProEstP,id_codigo,System.String,40,provavel,True,Paradox/BDE,identificador/vinculo,"validar em tela, ProcMon e amostra de dados"
estoque,ProdEstPac,EST\DADOS\ProdEstPac.DB,Qde,Qde,outro,System.Double,8,desconhecido,True,Paradox/BDE,outro,"validar em tela, ProcMon e amostra de dados"
outro,ProEstKit,EST\DADOS\ProEstKit.DB,CodPro,CodPro,id_codigo,System.String,40,provavel,True,Paradox/BDE,identificador/vinculo,"validar em tela, ProcMon e amostra de dados"
outro,ProEstKit,EST\DADOS\ProEstKit.DB,CodEst,CodEst,id_codigo,System.String,10,provavel,True,Paradox/BDE,identificador/vinculo,"validar em tela, ProcMon e amostra de dados"
outro,ProEstKit,EST\DADOS\ProEstKit.DB,CodKit,CodKit,id_codigo,System.String,40,provavel,True,Paradox/BDE,identificador/vinculo,"validar em tela, ProcMon e amostra de dados"
outro,TabPrecoEst,EST\DADOS\TabPrecoEst.DB,CodTabEst,CodTabEst,id_codigo,System.String,6,provavel,True,Paradox/BDE,identificador/vinculo,"validar em tela, ProcMon e amostra de dados"
outro,TabPrecoEst,EST\DADOS\TabPrecoEst.DB,DesTabEst,DesTabEst,outro,System.String,60,desconhecido,True,Paradox/BDE,outro,"validar em tela, ProcMon e amostra de dados"
outro,TabPrecoEst,EST\DADOS\TabPrecoEst.DB,Moeda,Moeda,outro,System.Double,8,desconhecido,True,Paradox/BDE,outro,"validar em tela, ProcMon e amostra de dados"
outro,TabPrecoEst,EST\DADOS\TabPrecoEst.DB,Cancelado,Celular,cliente_ref,System.String,2,desconhecido,True,Paradox/BDE,identificador/vinculo,"validar em tela, ProcMon e amostra de dados"
outro,TabPrecoEst,EST\DADOS\TabPrecoEst.DB,DatCan,Data,data_hora,System.DateTime,8,desconhecido,True,Paradox/BDE,data_hora,"validar em tela, ProcMon e amostra de dados"
outro,TabPrecoEst,EST\DADOS\TabPrecoEst.DB,MotivoCan,MotivoCan,texto_observacao,System.String,100,desconhecido,True,Paradox/BDE,texto_observacao,"validar em tela, ProcMon e amostra de dados"
estoque,TabProdEst,EST\DADOS\TabProdEst.DB,CodTabEst,CodTabEst,id_codigo,System.String,6,provavel,True,Paradox/BDE,identificador/vinculo,"validar em tela, ProcMon e amostra de dados"
estoque,TabProdEst,EST\DADOS\TabProdEst.DB,CodProEst,CodProEst,id_codigo,System.String,40,provavel,True,Paradox/BDE,identificador/vinculo,"validar em tela, ProcMon e amostra de dados"
estoque,TabProdEst,EST\DADOS\TabProdEst.DB,PreUni,PreUni,outro,System.Double,8,desconhecido,True,Paradox/BDE,outro,"validar em tela, ProcMon e amostra de dados"
estoque,TabProdEst,EST\DADOS\TabProdEst.DB,Moeda,Moeda,outro,System.Double,8,desconhecido,True,Paradox/BDE,outro,"validar em tela, ProcMon e amostra de dados"
outro,TpVendas,EST\DADOS\TpVendas.DB,CodigoTPV,CodigoTPV,id_codigo,System.String,8,provavel,True,Paradox/BDE,identificador/vinculo,"validar em tela, ProcMon e amostra de dados"
outro,TpVendas,EST\DADOS\TpVendas.DB,DescTPV,Desconto/Descricao,valor_monetario,System.String,80,desconhecido,True,Paradox/BDE,valor_monetario,"validar em tela, ProcMon e amostra de dados"
outro,TpVendas,EST\DADOS\TpVendas.DB,OBS,OBS,texto_observacao,System.String,510,desconhecido,True,Paradox/BDE,texto_observacao,"validar em tela, ProcMon e amostra de dados"
outro,TpVendas,EST\DADOS\TpVendas.DB,Cancelado,Celular,cliente_ref,System.String,2,desconhecido,True,Paradox/BDE,identificador/vinculo,"validar em tela, ProcMon e amostra de dados"
outro,TpVendas,EST\DADOS\TpVendas.DB,MotivoCan,MotivoCan,texto_observacao,System.String,100,desconhecido,True,Paradox/BDE,texto_observacao,"validar em tela, ProcMon e amostra de dados"
outro,TpVendas,EST\DADOS\TpVendas.DB,DatCan,Data,data_hora,System.DateTime,8,desconhecido,True,Paradox/BDE,data_hora,"validar em tela, ProcMon e amostra de dados"
outro,TpVendas,EST\DADOS\TpVendas.DB,EntSai,EntSai,outro,System.String,2,desconhecido,True,Paradox/BDE,outro,"validar em tela, ProcMon e amostra de dados"
outro,TpVendas,EST\DADOS\TpVendas.DB,LocalNota,LocalNota,fiscal_documento,System.String,2,desconhecido,True,Paradox/BDE,fiscal_documento,"validar em tela, ProcMon e amostra de dados"
cliente,CliContEst,EST\FILIAL\CliContEst.DB,CodCli,Cliente,id_codigo,System.String,20,provavel,True,Paradox/BDE,identificador/vinculo,"validar em tela, ProcMon e amostra de dados"
cliente,CliContEst,EST\FILIAL\CliContEst.DB,CodProEst,CodProEst,id_codigo,System.String,40,provavel,True,Paradox/BDE,identificador/vinculo,"validar em tela, ProcMon e amostra de dados"
cliente,CliContEst,EST\FILIAL\CliContEst.DB,CenCus,CenCus,outro,System.String,10,desconhecido,True,Paradox/BDE,outro,"validar em tela, ProcMon e amostra de dados"
cliente,CliContEst,EST\FILIAL\CliContEst.DB,DatIniCont,Data,data_hora,System.DateTime,8,desconhecido,True,Paradox/BDE,data_hora,"validar em tela, ProcMon e amostra de dados"
cliente,CliContEst,EST\FILIAL\CliContEst.DB,Qde,Qde,outro,System.Double,8,desconhecido,True,Paradox/BDE,outro,"validar em tela, ProcMon e amostra de dados"
cliente,CliContEst,EST\FILIAL\CliContEst.DB,ValCont,ValCont,outro,System.Double,8,desconhecido,True,Paradox/BDE,outro,"validar em tela, ProcMon e amostra de dados"
cliente,CliContEst,EST\FILIAL\CliContEst.DB,DiaVenc,DiaVenc,data_hora,System.String,4,desconhecido,True,Paradox/BDE,data_hora,"validar em tela, ProcMon e amostra de dados"
cliente,CliContEst,EST\FILIAL\CliContEst.DB,CodCla,CodCla,id_codigo,System.String,6,provavel,True,Paradox/BDE,identificador/vinculo,"validar em tela, ProcMon e amostra de dados"
cliente,CliContEst,EST\FILIAL\CliContEst.DB,CodSubC,CodSubC,id_codigo,System.String,6,provavel,True,Paradox/BDE,identificador/vinculo,"validar em tela, ProcMon e amostra de dados"
cliente,CliContEst,EST\FILIAL\CliContEst.DB,BanCai,BanCai,outro,System.String,20,desconhecido,True,Paradox/BDE,outro,"validar em tela, ProcMon e amostra de dados"
cliente,CliContEst,EST\FILIAL\CliContEst.DB,CenCusCli,CenCusCli,outro,System.String,6,desconhecido,True,Paradox/BDE,outro,"validar em tela, ProcMon e amostra de dados"
cliente,CliContEst,EST\FILIAL\CliContEst.DB,EmiBol,EmiBol,outro,System.String,2,desconhecido,True,Paradox/BDE,outro,"validar em tela, ProcMon e amostra de dados"
cliente,CliContEst,EST\FILIAL\CliContEst.DB,EmiNot,EmiNot,outro,System.String,2,desconhecido,True,Paradox/BDE,outro,"validar em tela, ProcMon e amostra de dados"
cliente,CliContEst,EST\FILIAL\CliContEst.DB,DatFimCont,Data,data_hora,System.DateTime,8,desconhecido,True,Paradox/BDE,data_hora,"validar em tela, ProcMon e amostra de dados"
cliente,CliContEst,EST\FILIAL\CliContEst.DB,Status,Status,status_situacao,System.String,2,desconhecido,True,Paradox/BDE,status_situacao,"validar em tela, ProcMon e amostra de dados"
estoque,MovEst,EST\FILIAL\MovEst.DB,SeqLan,SeqLan,outro,System.Int32,4,desconhecido,True,Paradox/BDE,outro,"validar em tela, ProcMon e amostra de dados"
estoque,MovEst,EST\FILIAL\MovEst.DB,CodEst,CodEst,id_codigo,System.String,10,provavel,True,Paradox/BDE,identificador/vinculo,"validar em tela, ProcMon e amostra de dados"
estoque,MovEst,EST\FILIAL\MovEst.DB,CodProEst,CodProEst,id_codigo,System.String,40,provavel,True,Paradox/BDE,identificador/vinculo,"validar em tela, ProcMon e amostra de dados"
estoque,MovEst,EST\FILIAL\MovEst.DB,DatLan,Data,data_hora,System.DateTime,8,desconhecido,True,Paradox/BDE,data_hora,"validar em tela, ProcMon e amostra de dados"
estoque,MovEst,EST\FILIAL\MovEst.DB,Qde,Qde,outro,System.Double,8,desconhecido,True,Paradox/BDE,outro,"validar em tela, ProcMon e amostra de dados"
estoque,MovEst,EST\FILIAL\MovEst.DB,TipoES,TipoES,outro,System.String,2,desconhecido,True,Paradox/BDE,outro,"validar em tela, ProcMon e amostra de dados"
estoque,MovEst,EST\FILIAL\MovEst.DB,ValTot,ValTot,data_hora,System.Double,8,desconhecido,True,Paradox/BDE,data_hora,"validar em tela, ProcMon e amostra de dados"
estoque,MovEst,EST\FILIAL\MovEst.DB,ValUnit,ValUnit,outro,System.Double,8,desconhecido,True,Paradox/BDE,outro,"validar em tela, ProcMon e amostra de dados"
estoque,MovEst,EST\FILIAL\MovEst.DB,TipInteg,TipInteg,fiscal_documento,System.String,10,desconhecido,True,Paradox/BDE,fiscal_documento,"validar em tela, ProcMon e amostra de dados"
estoque,MovEst,EST\FILIAL\MovEst.DB,CodInteg,CodInteg,id_codigo,System.Int32,4,provavel,True,Paradox/BDE,identificador/vinculo,"validar em tela, ProcMon e amostra de dados"
estoque,MovEst,EST\FILIAL\MovEst.DB,Obs,Obs,texto_observacao,System.String,100,desconhecido,True,Paradox/BDE,texto_observacao,"validar em tela, ProcMon e amostra de dados"
estoque,MovEst,EST\FILIAL\MovEst.DB,Cancelado,Celular,cliente_ref,System.String,2,desconhecido,True,Paradox/BDE,identificador/vinculo,"validar em tela, ProcMon e amostra de dados"
estoque,MovEst,EST\FILIAL\MovEst.DB,CodUsuario,CodUsuario,id_codigo,System.String,20,provavel,True,Paradox/BDE,identificador/vinculo,"validar em tela, ProcMon e amostra de dados"
estoque,MovEst,EST\FILIAL\MovEst.DB,CodClaEst,CodClaEst,id_codigo,System.String,10,provavel,True,Paradox/BDE,identificador/vinculo,"validar em tela, ProcMon e amostra de dados"
estoque,MovEst,EST\FILIAL\MovEst.DB,SeqExporta,SeqExporta,outro,System.Int32,4,desconhecido,True,Paradox/BDE,outro,"validar em tela, ProcMon e amostra de dados"
estoque,MovEst,EST\FILIAL\MovEst.DB,CodFun,CodFun,id_codigo,System.String,10,provavel,True,Paradox/BDE,identificador/vinculo,"validar em tela, ProcMon e amostra de dados"
estoque,MovEst,EST\FILIAL\MovEst.DB,CFiscal,CFiscal,outro,System.String,10,desconhecido,True,Paradox/BDE,outro,"validar em tela, ProcMon e amostra de dados"
estoque,MovEstCan,EST\FILIAL\MovEstCan.DB,CodEst,CodEst,id_codigo,System.String,10,provavel,True,Paradox/BDE,identificador/vinculo,"validar em tela, ProcMon e amostra de dados"
estoque,MovEstCan,EST\FILIAL\MovEstCan.DB,CodProEst,CodProEst,id_codigo,System.String,40,provavel,True,Paradox/BDE,identificador/vinculo,"validar em tela, ProcMon e amostra de dados"
estoque,MovEstCan,EST\FILIAL\MovEstCan.DB,SeqLan,SeqLan,outro,System.Int32,4,desconhecido,True,Paradox/BDE,outro,"validar em tela, ProcMon e amostra de dados"
estoque,MovEstCan,EST\FILIAL\MovEstCan.DB,DatCan,Data,data_hora,System.DateTime,8,desconhecido,True,Paradox/BDE,data_hora,"validar em tela, ProcMon e amostra de dados"
estoque,MovEstCan,EST\FILIAL\MovEstCan.DB,MotivoCan,MotivoCan,texto_observacao,System.String,200,desconhecido,True,Paradox/BDE,texto_observacao,"validar em tela, ProcMon e amostra de dados"
estoque,MovEstCan,EST\FILIAL\MovEstCan.DB,CodUsuario,CodUsuario,id_codigo,System.String,20,provavel,True,Paradox/BDE,identificador/vinculo,"validar em tela, ProcMon e amostra de dados"
estoque,MovEstEnc,EST\FILIAL\MovEstEnc.DB,CodEst,CodEst,id_codigo,System.String,10,provavel,True,Paradox/BDE,identificador/vinculo,"validar em tela, ProcMon e amostra de dados"
estoque,MovEstEnc,EST\FILIAL\MovEstEnc.DB,CodProEst,CodProEst,id_codigo,System.String,40,provavel,True,Paradox/BDE,identificador/vinculo,"validar em tela, ProcMon e amostra de dados"
estoque,MovEstEnc,EST\FILIAL\MovEstEnc.DB,DatEnc,Data,data_hora,System.DateTime,8,desconhecido,True,Paradox/BDE,data_hora,"validar em tela, ProcMon e amostra de dados"
estoque,MovEstEnc,EST\FILIAL\MovEstEnc.DB,QdeEst,QdeEst,outro,System.Double,8,desconhecido,True,Paradox/BDE,outro,"validar em tela, ProcMon e amostra de dados"
estoque,MovEstEnc,EST\FILIAL\MovEstEnc.DB,CodUsuario,CodUsuario,id_codigo,System.String,20,provavel,True,Paradox/BDE,identificador/vinculo,"validar em tela, ProcMon e amostra de dados"
estoque,MovEstEnc,EST\FILIAL\MovEstEnc.DB,SeqExporta,SeqExporta,outro,System.Int32,4,desconhecido,True,Paradox/BDE,outro,"validar em tela, ProcMon e amostra de dados"
config_admin,MovKit,EST\FILIAL\MovKit.DB,Seq,Seq,outro,System.Int32,4,desconhecido,True,Paradox/BDE,outro,"validar em tela, ProcMon e amostra de dados"
config_admin,MovKit,EST\FILIAL\MovKit.DB,CodKit,CodKit,id_codigo,System.String,10,provavel,True,Paradox/BDE,identificador/vinculo,"validar em tela, ProcMon e amostra de dados"
config_admin,MovKit,EST\FILIAL\MovKit.DB,CodFun,CodFun,id_codigo,System.String,10,provavel,True,Paradox/BDE,identificador/vinculo,"validar em tela, ProcMon e amostra de dados"
config_admin,MovKit,EST\FILIAL\MovKit.DB,DatLan,Data,data_hora,System.DateTime,8,desconhecido,True,Paradox/BDE,data_hora,"validar em tela, ProcMon e amostra de dados"
config_admin,PedComItem,EST\FILIAL\PedComItem.DB,SeqPed,SeqPed,outro,System.Int32,4,desconhecido,True,Paradox/BDE,outro,"validar em tela, ProcMon e amostra de dados"
config_admin,PedComItem,EST\FILIAL\PedComItem.DB,CodProEst,CodProEst,id_codigo,System.String,40,provavel,True,Paradox/BDE,identificador/vinculo,"validar em tela, ProcMon e amostra de dados"
config_admin,PedComItem,EST\FILIAL\PedComItem.DB,SeqPro,SeqPro,outro,System.Int32,4,desconhecido,True,Paradox/BDE,outro,"validar em tela, ProcMon e amostra de dados"
config_admin,PedComItem,EST\FILIAL\PedComItem.DB,ValUnit,ValUnit,outro,System.Double,8,desconhecido,True,Paradox/BDE,outro,"validar em tela, ProcMon e amostra de dados"
config_admin,PedComItem,EST\FILIAL\PedComItem.DB,Qde,Qde,outro,System.Double,8,desconhecido,True,Paradox/BDE,outro,"validar em tela, ProcMon e amostra de dados"
config_admin,PedComItem,EST\FILIAL\PedComItem.DB,Disp1,Disp1,outro,System.String,10,desconhecido,True,Paradox/BDE,outro,"validar em tela, ProcMon e amostra de dados"
config_admin,PedComItem,EST\FILIAL\PedComItem.DB,SeqConf,SeqConf,fiscal_documento,System.Int32,4,desconhecido,True,Paradox/BDE,fiscal_documento,"validar em tela, ProcMon e amostra de dados"
config_admin,PedComItem,EST\FILIAL\PedComItem.DB,ValFinal,ValFinal,outro,System.Double,8,desconhecido,True,Paradox/BDE,outro,"validar em tela, ProcMon e amostra de dados"
config_admin,PedComItem,EST\FILIAL\PedComItem.DB,DescItem,Desconto/Descricao,valor_monetario,System.Double,8,desconhecido,True,Paradox/BDE,valor_monetario,"validar em tela, ProcMon e amostra de dados"
config_admin,PedComItem,EST\FILIAL\PedComItem.DB,Confirmado,Confirmado,fiscal_documento,System.String,2,desconhecido,True,Paradox/BDE,fiscal_documento,"validar em tela, ProcMon e amostra de dados"
config_admin,PedComItem,EST\FILIAL\PedComItem.DB,ObsItem,ObsItem,status_situacao,System.String,500,desconhecido,True,Paradox/BDE,status_situacao,"validar em tela, ProcMon e amostra de dados"
config_admin,PedComItem,EST\FILIAL\PedComItem.DB,Cfop,Cfop,fiscal_documento,System.String,40,desconhecido,True,Paradox/BDE,fiscal_documento,"validar em tela, ProcMon e amostra de dados"
config_admin,PedComItem,EST\FILIAL\PedComItem.DB,IPI,IPI,fiscal_documento,System.Double,8,desconhecido,True,Paradox/BDE,fiscal_documento,"validar em tela, ProcMon e amostra de dados"
config_admin,PedComItem,EST\FILIAL\PedComItem.DB,ICMS,ICMS,fiscal_documento,System.Double,8,desconhecido,True,Paradox/BDE,fiscal_documento,"validar em tela, ProcMon e amostra de dados"
config_admin,PedComItem,EST\FILIAL\PedComItem.DB,CFiscal,CFiscal,outro,System.String,10,desconhecido,True,Paradox/BDE,outro,"validar em tela, ProcMon e amostra de dados"
config_admin,PedComItem,EST\FILIAL\PedComItem.DB,SitTrib,SitTrib,status_situacao,System.String,10,desconhecido,True,Paradox/BDE,status_situacao,"validar em tela, ProcMon e amostra de dados"
config_admin,PedCompra,EST\FILIAL\PedCompra.DB,SeqPed,SeqPed,outro,System.Int32,4,desconhecido,True,Paradox/BDE,outro,"validar em tela, ProcMon e amostra de dados"
config_admin,PedCompra,EST\FILIAL\PedCompra.DB,DatPed,Data,data_hora,System.DateTime,8,desconhecido,True,Paradox/BDE,data_hora,"validar em tela, ProcMon e amostra de dados"
config_admin,PedCompra,EST\FILIAL\PedCompra.DB,CodFor,CodFor,id_codigo,System.String,20,provavel,True,Paradox/BDE,identificador/vinculo,"validar em tela, ProcMon e amostra de dados"
config_admin,PedCompra,EST\FILIAL\PedCompra.DB,Cancelado,Celular,cliente_ref,System.String,2,desconhecido,True,Paradox/BDE,identificador/vinculo,"validar em tela, ProcMon e amostra de dados"
config_admin,PedCompra,EST\FILIAL\PedCompra.DB,Disp1,Disp1,outro,System.DateTime,8,desconhecido,True,Paradox/BDE,outro,"validar em tela, ProcMon e amostra de dados"
config_admin,PedCompra,EST\FILIAL\PedCompra.DB,NotFisPed,NotFisPed,outro,System.String,30,desconhecido,True,Paradox/BDE,outro,"validar em tela, ProcMon e amostra de dados"
config_admin,PedCompra,EST\FILIAL\PedCompra.DB,DatConfPed,Data,data_hora,System.DateTime,8,desconhecido,True,Paradox/BDE,data_hora,"validar em tela, ProcMon e amostra de dados"
config_admin,PedCompra,EST\FILIAL\PedCompra.DB,ValTotal,Valor,valor_monetario,System.Double,8,provavel,True,Paradox/BDE,valor_monetario,"validar em tela, ProcMon e amostra de dados"
config_admin,PedCompra,EST\FILIAL\PedCompra.DB,Baixa,Baixa,status_situacao,System.String,2,desconhecido,True,Paradox/BDE,status_situacao,"validar em tela, ProcMon e amostra de dados"
config_admin,PedCompra,EST\FILIAL\PedCompra.DB,CodEst,CodEst,id_codigo,System.String,10,provavel,True,Paradox/BDE,identificador/vinculo,"validar em tela, ProcMon e amostra de dados"
config_admin,PedCompra,EST\FILIAL\PedCompra.DB,DescPed,Desconto/Descricao,valor_monetario,System.Double,8,desconhecido,True,Paradox/BDE,valor_monetario,"validar em tela, ProcMon e amostra de dados"
config_admin,PedCompra,EST\FILIAL\PedCompra.DB,Contato,Contato,outro,System.String,40,desconhecido,True,Paradox/BDE,outro,"validar em tela, ProcMon e amostra de dados"
config_admin,PedCompra,EST\FILIAL\PedCompra.DB,CodVen,CodVen,id_codigo,System.String,10,provavel,True,Paradox/BDE,identificador/vinculo,"validar em tela, ProcMon e amostra de dados"
config_admin,PedCompra,EST\FILIAL\PedCompra.DB,NumOS,NumOS,id_codigo,System.String,20,provavel,True,Paradox/BDE,identificador/vinculo,"validar em tela, ProcMon e amostra de dados"
config_admin,PedCompra,EST\FILIAL\PedCompra.DB,OBS,OBS,texto_observacao,System.String,500,desconhecido,True,Paradox/BDE,texto_observacao,"validar em tela, ProcMon e amostra de dados"
config_admin,PedCompra,EST\FILIAL\PedCompra.DB,CodCon,CodCon,id_codigo,System.String,6,provavel,True,Paradox/BDE,identificador/vinculo,"validar em tela, ProcMon e amostra de dados"
config_admin,PedCompra,EST\FILIAL\PedCompra.DB,EmitNot,EmitNot,outro,System.String,2,desconhecido,True,Paradox/BDE,outro,"validar em tela, ProcMon e amostra de dados"
config_admin,PedCompra,EST\FILIAL\PedCompra.DB,EmitBol,EmitBol,outro,System.String,2,desconhecido,True,Paradox/BDE,outro,"validar em tela, ProcMon e amostra de dados"
config_admin,PedCompraCanc,EST\FILIAL\PedCompraCanc.DB,SeqPed,SeqPed,outro,System.Int32,4,desconhecido,True,Paradox/BDE,outro,"validar em tela, ProcMon e amostra de dados"
config_admin,PedCompraCanc,EST\FILIAL\PedCompraCanc.DB,DatCan,Data,data_hora,System.DateTime,8,desconhecido,True,Paradox/BDE,data_hora,"validar em tela, ProcMon e amostra de dados"
config_admin,PedCompraCanc,EST\FILIAL\PedCompraCanc.DB,HorCan,HorCan,ordem_rol_ref,System.DateTime,8,desconhecido,True,Paradox/BDE,identificador/vinculo,"validar em tela, ProcMon e amostra de dados"
config_admin,PedCompraCanc,EST\FILIAL\PedCompraCanc.DB,MotivoCan,MotivoCan,texto_observacao,System.String,200,desconhecido,True,Paradox/BDE,texto_observacao,"validar em tela, ProcMon e amostra de dados"
config_admin,PedCompraCanc,EST\FILIAL\PedCompraCanc.DB,CodUsuario,CodUsuario,id_codigo,System.String,20,provavel,True,Paradox/BDE,identificador/vinculo,"validar em tela, ProcMon e amostra de dados"
config_admin,PedConf,EST\FILIAL\PedConf.DB,SeqPed,SeqPed,outro,System.Int32,4,desconhecido,True,Paradox/BDE,outro,"validar em tela, ProcMon e amostra de dados"
config_admin,PedConf,EST\FILIAL\PedConf.DB,SeqConf,SeqConf,fiscal_documento,System.Int32,4,desconhecido,True,Paradox/BDE,fiscal_documento,"validar em tela, ProcMon e amostra de dados"
config_admin,PedConf,EST\FILIAL\PedConf.DB,DatConf,Data,data_hora,System.DateTime,8,desconhecido,True,Paradox/BDE,data_hora,"validar em tela, ProcMon e amostra de dados"
config_admin,PedConf,EST\FILIAL\PedConf.DB,HorConf,HorConf,ordem_rol_ref,System.DateTime,8,desconhecido,True,Paradox/BDE,identificador/vinculo,"validar em tela, ProcMon e amostra de dados"
config_admin,PedConf,EST\FILIAL\PedConf.DB,Cancelado,Celular,cliente_ref,System.String,2,desconhecido,True,Paradox/BDE,identificador/vinculo,"validar em tela, ProcMon e amostra de dados"
config_admin,PedConf,EST\FILIAL\PedConf.DB,Contato,Contato,outro,System.String,40,desconhecido,True,Paradox/BDE,outro,"validar em tela, ProcMon e amostra de dados"
config_admin,PedConf,EST\FILIAL\PedConf.DB,NumNotFis,NumNotFis,id_codigo,System.Int32,4,provavel,True,Paradox/BDE,identificador/vinculo,"validar em tela, ProcMon e amostra de dados"
config_admin,PedConfItem,EST\FILIAL\PedConfItem.DB,SeqPed,SeqPed,outro,System.Int32,4,desconhecido,True,Paradox/BDE,outro,"validar em tela, ProcMon e amostra de dados"
config_admin,PedConfItem,EST\FILIAL\PedConfItem.DB,CodProEst,CodProEst,id_codigo,System.String,40,provavel,True,Paradox/BDE,identificador/vinculo,"validar em tela, ProcMon e amostra de dados"
config_admin,PedConfItem,EST\FILIAL\PedConfItem.DB,SeqPro,SeqPro,outro,System.Int32,4,desconhecido,True,Paradox/BDE,outro,"validar em tela, ProcMon e amostra de dados"
config_admin,PedConfItem,EST\FILIAL\PedConfItem.DB,SeqConf,SeqConf,fiscal_documento,System.Int32,4,desconhecido,True,Paradox/BDE,fiscal_documento,"validar em tela, ProcMon e amostra de dados"
config_admin,PedConfItem,EST\FILIAL\PedConfItem.DB,ValUnit,ValUnit,outro,System.Double,8,desconhecido,True,Paradox/BDE,outro,"validar em tela, ProcMon e amostra de dados"
config_admin,PedConfItem,EST\FILIAL\PedConfItem.DB,Qde,Qde,outro,System.Double,8,desconhecido,True,Paradox/BDE,outro,"validar em tela, ProcMon e amostra de dados"
config_admin,PedConfItem,EST\FILIAL\PedConfItem.DB,SeqLan,SeqLan,outro,System.Int32,4,desconhecido,True,Paradox/BDE,outro,"validar em tela, ProcMon e amostra de dados"
config_admin,PedConfItem,EST\FILIAL\PedConfItem.DB,CodEst,CodEst,id_codigo,System.String,10,provavel,True,Paradox/BDE,identificador/vinculo,"validar em tela, ProcMon e amostra de dados"
config_admin,PedConfItem,EST\FILIAL\PedConfItem.DB,ObsItem,ObsItem,status_situacao,System.String,100,desconhecido,True,Paradox/BDE,status_situacao,"validar em tela, ProcMon e amostra de dados"
config_admin,PedConfItem,EST\FILIAL\PedConfItem.DB,Cfop,Cfop,fiscal_documento,System.String,40,desconhecido,True,Paradox/BDE,fiscal_documento,"validar em tela, ProcMon e amostra de dados"
config_admin,PedConfItem,EST\FILIAL\PedConfItem.DB,IPI,IPI,fiscal_documento,System.Double,8,desconhecido,True,Paradox/BDE,fiscal_documento,"validar em tela, ProcMon e amostra de dados"
config_admin,PedConfItem,EST\FILIAL\PedConfItem.DB,ICMS,ICMS,fiscal_documento,System.Double,8,desconhecido,True,Paradox/BDE,fiscal_documento,"validar em tela, ProcMon e amostra de dados"
config_admin,PedConfItem,EST\FILIAL\PedConfItem.DB,CFiscal,CFiscal,outro,System.String,10,desconhecido,True,Paradox/BDE,outro,"validar em tela, ProcMon e amostra de dados"
config_admin,PedConfItem,EST\FILIAL\PedConfItem.DB,SitTrib,SitTrib,status_situacao,System.String,10,desconhecido,True,Paradox/BDE,status_situacao,"validar em tela, ProcMon e amostra de dados"
config_admin,PedVenConf,EST\FILIAL\PedVenConf.DB,SeqPed,SeqPed,outro,System.Int32,4,desconhecido,True,Paradox/BDE,outro,"validar em tela, ProcMon e amostra de dados"
config_admin,PedVenConf,EST\FILIAL\PedVenConf.DB,SeqConf,SeqConf,fiscal_documento,System.Int32,4,desconhecido,True,Paradox/BDE,fiscal_documento,"validar em tela, ProcMon e amostra de dados"
config_admin,PedVenConf,EST\FILIAL\PedVenConf.DB,DatConf,Data,data_hora,System.DateTime,8,desconhecido,True,Paradox/BDE,data_hora,"validar em tela, ProcMon e amostra de dados"
config_admin,PedVenConf,EST\FILIAL\PedVenConf.DB,HorConf,HorConf,ordem_rol_ref,System.DateTime,8,desconhecido,True,Paradox/BDE,identificador/vinculo,"validar em tela, ProcMon e amostra de dados"
config_admin,PedVenConf,EST\FILIAL\PedVenConf.DB,Cancelado,Celular,cliente_ref,System.String,2,desconhecido,True,Paradox/BDE,identificador/vinculo,"validar em tela, ProcMon e amostra de dados"
config_admin,PedVenConf,EST\FILIAL\PedVenConf.DB,Contato,Contato,outro,System.String,40,desconhecido,True,Paradox/BDE,outro,"validar em tela, ProcMon e amostra de dados"
config_admin,PedVenConf,EST\FILIAL\PedVenConf.DB,NumNotFis,NumNotFis,id_codigo,System.Int32,4,provavel,True,Paradox/BDE,identificador/vinculo,"validar em tela, ProcMon e amostra de dados"
config_admin,PedVenConfItem,EST\FILIAL\PedVenConfItem.DB,SeqPed,SeqPed,outro,System.Int32,4,desconhecido,True,Paradox/BDE,outro,"validar em tela, ProcMon e amostra de dados"
config_admin,PedVenConfItem,EST\FILIAL\PedVenConfItem.DB,CodProEst,CodProEst,id_codigo,System.String,40,provavel,True,Paradox/BDE,identificador/vinculo,"validar em tela, ProcMon e amostra de dados"
config_admin,PedVenConfItem,EST\FILIAL\PedVenConfItem.DB,SeqPro,SeqPro,outro,System.Int32,4,desconhecido,True,Paradox/BDE,outro,"validar em tela, ProcMon e amostra de dados"
config_admin,PedVenConfItem,EST\FILIAL\PedVenConfItem.DB,SeqConf,SeqConf,fiscal_documento,System.Int32,4,desconhecido,True,Paradox/BDE,fiscal_documento,"validar em tela, ProcMon e amostra de dados"
config_admin,PedVenConfItem,EST\FILIAL\PedVenConfItem.DB,ValUnit,ValUnit,outro,System.Double,8,desconhecido,True,Paradox/BDE,outro,"validar em tela, ProcMon e amostra de dados"
config_admin,PedVenConfItem,EST\FILIAL\PedVenConfItem.DB,Qde,Qde,outro,System.Double,8,desconhecido,True,Paradox/BDE,outro,"validar em tela, ProcMon e amostra de dados"
config_admin,PedVenConfItem,EST\FILIAL\PedVenConfItem.DB,SeqLan,SeqLan,outro,System.Int32,4,desconhecido,True,Paradox/BDE,outro,"validar em tela, ProcMon e amostra de dados"
config_admin,PedVenConfItem,EST\FILIAL\PedVenConfItem.DB,CodEst,CodEst,id_codigo,System.String,10,provavel,True,Paradox/BDE,identificador/vinculo,"validar em tela, ProcMon e amostra de dados"
config_admin,PedVenConfItem,EST\FILIAL\PedVenConfItem.DB,ObsItem,ObsItem,status_situacao,System.String,100,desconhecido,True,Paradox/BDE,status_situacao,"validar em tela, ProcMon e amostra de dados"
config_admin,PedVenConfItem,EST\FILIAL\PedVenConfItem.DB,Cfop,Cfop,fiscal_documento,System.String,40,desconhecido,True,Paradox/BDE,fiscal_documento,"validar em tela, ProcMon e amostra de dados"
config_admin,PedVenConfItem,EST\FILIAL\PedVenConfItem.DB,IPI,IPI,fiscal_documento,System.Double,8,desconhecido,True,Paradox/BDE,fiscal_documento,"validar em tela, ProcMon e amostra de dados"
config_admin,PedVenConfItem,EST\FILIAL\PedVenConfItem.DB,ICMS,ICMS,fiscal_documento,System.Double,8,desconhecido,True,Paradox/BDE,fiscal_documento,"validar em tela, ProcMon e amostra de dados"
config_admin,PedVenConfItem,EST\FILIAL\PedVenConfItem.DB,CFiscal,CFiscal,outro,System.String,10,desconhecido,True,Paradox/BDE,outro,"validar em tela, ProcMon e amostra de dados"
config_admin,PedVenConfItem,EST\FILIAL\PedVenConfItem.DB,SitTrib,SitTrib,status_situacao,System.String,10,desconhecido,True,Paradox/BDE,status_situacao,"validar em tela, ProcMon e amostra de dados"
config_admin,PedVenda,EST\FILIAL\PedVenda.DB,SeqPed,SeqPed,outro,System.Int32,4,desconhecido,True,Paradox/BDE,outro,"validar em tela, ProcMon e amostra de dados"
config_admin,PedVenda,EST\FILIAL\PedVenda.DB,DatPed,Data,data_hora,System.DateTime,8,desconhecido,True,Paradox/BDE,data_hora,"validar em tela, ProcMon e amostra de dados"
config_admin,PedVenda,EST\FILIAL\PedVenda.DB,CodFor,CodFor,id_codigo,System.String,20,provavel,True,Paradox/BDE,identificador/vinculo,"validar em tela, ProcMon e amostra de dados"
config_admin,PedVenda,EST\FILIAL\PedVenda.DB,Cancelado,Celular,cliente_ref,System.String,2,desconhecido,True,Paradox/BDE,identificador/vinculo,"validar em tela, ProcMon e amostra de dados"
config_admin,PedVenda,EST\FILIAL\PedVenda.DB,Disp1,Disp1,outro,System.DateTime,8,desconhecido,True,Paradox/BDE,outro,"validar em tela, ProcMon e amostra de dados"
config_admin,PedVenda,EST\FILIAL\PedVenda.DB,NotFisPed,NotFisPed,outro,System.String,30,desconhecido,True,Paradox/BDE,outro,"validar em tela, ProcMon e amostra de dados"
config_admin,PedVenda,EST\FILIAL\PedVenda.DB,DatConfPed,Data,data_hora,System.DateTime,8,desconhecido,True,Paradox/BDE,data_hora,"validar em tela, ProcMon e amostra de dados"
config_admin,PedVenda,EST\FILIAL\PedVenda.DB,ValTotal,Valor,valor_monetario,System.Double,8,provavel,True,Paradox/BDE,valor_monetario,"validar em tela, ProcMon e amostra de dados"
config_admin,PedVenda,EST\FILIAL\PedVenda.DB,Baixa,Baixa,status_situacao,System.String,2,desconhecido,True,Paradox/BDE,status_situacao,"validar em tela, ProcMon e amostra de dados"
config_admin,PedVenda,EST\FILIAL\PedVenda.DB,CodEst,CodEst,id_codigo,System.String,10,provavel,True,Paradox/BDE,identificador/vinculo,"validar em tela, ProcMon e amostra de dados"
config_admin,PedVenda,EST\FILIAL\PedVenda.DB,DescPed,Desconto/Descricao,valor_monetario,System.Double,8,desconhecido,True,Paradox/BDE,valor_monetario,"validar em tela, ProcMon e amostra de dados"
config_admin,PedVenda,EST\FILIAL\PedVenda.DB,Contato,Contato,outro,System.String,40,desconhecido,True,Paradox/BDE,outro,"validar em tela, ProcMon e amostra de dados"
config_admin,PedVenda,EST\FILIAL\PedVenda.DB,CodVen,CodVen,id_codigo,System.String,10,provavel,True,Paradox/BDE,identificador/vinculo,"validar em tela, ProcMon e amostra de dados"
config_admin,PedVenda,EST\FILIAL\PedVenda.DB,NumOS,NumOS,id_codigo,System.String,20,provavel,True,Paradox/BDE,identificador/vinculo,"validar em tela, ProcMon e amostra de dados"
config_admin,PedVenda,EST\FILIAL\PedVenda.DB,Obs,Obs,texto_observacao,System.String,200,desconhecido,True,Paradox/BDE,texto_observacao,"validar em tela, ProcMon e amostra de dados"
config_admin,PedVenda,EST\FILIAL\PedVenda.DB,CodCon,CodCon,id_codigo,System.String,6,provavel,True,Paradox/BDE,identificador/vinculo,"validar em tela, ProcMon e amostra de dados"
config_admin,PedVenda,EST\FILIAL\PedVenda.DB,EmitNot,EmitNot,outro,System.String,2,desconhecido,True,Paradox/BDE,outro,"validar em tela, ProcMon e amostra de dados"
config_admin,PedVenda,EST\FILIAL\PedVenda.DB,EmitBol,EmitBol,outro,System.String,2,desconhecido,True,Paradox/BDE,outro,"validar em tela, ProcMon e amostra de dados"
config_admin,PedVendaCanc,EST\FILIAL\PedVendaCanc.DB,SeqPed,SeqPed,outro,System.Int32,4,desconhecido,True,Paradox/BDE,outro,"validar em tela, ProcMon e amostra de dados"
config_admin,PedVendaCanc,EST\FILIAL\PedVendaCanc.DB,DatCan,Data,data_hora,System.DateTime,8,desconhecido,True,Paradox/BDE,data_hora,"validar em tela, ProcMon e amostra de dados"
config_admin,PedVendaCanc,EST\FILIAL\PedVendaCanc.DB,HorCan,HorCan,ordem_rol_ref,System.DateTime,8,desconhecido,True,Paradox/BDE,identificador/vinculo,"validar em tela, ProcMon e amostra de dados"
config_admin,PedVendaCanc,EST\FILIAL\PedVendaCanc.DB,MotivoCan,MotivoCan,texto_observacao,System.String,200,desconhecido,True,Paradox/BDE,texto_observacao,"validar em tela, ProcMon e amostra de dados"
config_admin,PedVendaCanc,EST\FILIAL\PedVendaCanc.DB,CodUsuario,CodUsuario,id_codigo,System.String,20,provavel,True,Paradox/BDE,identificador/vinculo,"validar em tela, ProcMon e amostra de dados"
config_admin,PedVenItem,EST\FILIAL\PedVenItem.DB,SeqPed,SeqPed,outro,System.Int32,4,desconhecido,True,Paradox/BDE,outro,"validar em tela, ProcMon e amostra de dados"
config_admin,PedVenItem,EST\FILIAL\PedVenItem.DB,CodProEst,CodProEst,id_codigo,System.String,40,provavel,True,Paradox/BDE,identificador/vinculo,"validar em tela, ProcMon e amostra de dados"
config_admin,PedVenItem,EST\FILIAL\PedVenItem.DB,SeqPro,SeqPro,outro,System.Int32,4,desconhecido,True,Paradox/BDE,outro,"validar em tela, ProcMon e amostra de dados"
config_admin,PedVenItem,EST\FILIAL\PedVenItem.DB,ValUnit,ValUnit,outro,System.Double,8,desconhecido,True,Paradox/BDE,outro,"validar em tela, ProcMon e amostra de dados"
config_admin,PedVenItem,EST\FILIAL\PedVenItem.DB,Qde,Qde,outro,System.Double,8,desconhecido,True,Paradox/BDE,outro,"validar em tela, ProcMon e amostra de dados"
config_admin,PedVenItem,EST\FILIAL\PedVenItem.DB,Disp1,Disp1,outro,System.String,10,desconhecido,True,Paradox/BDE,outro,"validar em tela, ProcMon e amostra de dados"
config_admin,PedVenItem,EST\FILIAL\PedVenItem.DB,SeqConf,SeqConf,fiscal_documento,System.Int32,4,desconhecido,True,Paradox/BDE,fiscal_documento,"validar em tela, ProcMon e amostra de dados"
config_admin,PedVenItem,EST\FILIAL\PedVenItem.DB,ValFinal,ValFinal,outro,System.Double,8,desconhecido,True,Paradox/BDE,outro,"validar em tela, ProcMon e amostra de dados"
config_admin,PedVenItem,EST\FILIAL\PedVenItem.DB,DescItem,Desconto/Descricao,valor_monetario,System.Double,8,desconhecido,True,Paradox/BDE,valor_monetario,"validar em tela, ProcMon e amostra de dados"
config_admin,PedVenItem,EST\FILIAL\PedVenItem.DB,Confirmado,Confirmado,fiscal_documento,System.String,2,desconhecido,True,Paradox/BDE,fiscal_documento,"validar em tela, ProcMon e amostra de dados"
config_admin,PedVenItem,EST\FILIAL\PedVenItem.DB,ObsItem,ObsItem,status_situacao,System.String,100,desconhecido,True,Paradox/BDE,status_situacao,"validar em tela, ProcMon e amostra de dados"
config_admin,PedVenItem,EST\FILIAL\PedVenItem.DB,Cfop,Cfop,fiscal_documento,System.String,40,desconhecido,True,Paradox/BDE,fiscal_documento,"validar em tela, ProcMon e amostra de dados"
config_admin,PedVenItem,EST\FILIAL\PedVenItem.DB,IPI,IPI,fiscal_documento,System.Double,8,desconhecido,True,Paradox/BDE,fiscal_documento,"validar em tela, ProcMon e amostra de dados"
config_admin,PedVenItem,EST\FILIAL\PedVenItem.DB,ICMS,ICMS,fiscal_documento,System.Double,8,desconhecido,True,Paradox/BDE,fiscal_documento,"validar em tela, ProcMon e amostra de dados"
config_admin,PedVenItem,EST\FILIAL\PedVenItem.DB,CFiscal,CFiscal,outro,System.String,10,desconhecido,True,Paradox/BDE,outro,"validar em tela, ProcMon e amostra de dados"
config_admin,PedVenItem,EST\FILIAL\PedVenItem.DB,SitTrib,SitTrib,status_situacao,System.String,10,desconhecido,True,Paradox/BDE,status_situacao,"validar em tela, ProcMon e amostra de dados"
outro,ArqLavSoft,Estruturas\ArqLavSoft.DB,NomeArquivo,Nome,texto_observacao,System.String,40,provavel,True,Paradox/BDE,texto_observacao,"validar em tela, ProcMon e amostra de dados"
outro,ArqLavSoft,Estruturas\ArqLavSoft.DB,Tipo,Tipo,outro,System.String,20,desconhecido,True,Paradox/BDE,outro,"validar em tela, ProcMon e amostra de dados"
outro,ArqLavSoft,Estruturas\ArqLavSoft.DB,Caminho1,Caminho1,outro,System.String,40,desconhecido,True,Paradox/BDE,outro,"validar em tela, ProcMon e amostra de dados"
outro,ArqLavSoft,Estruturas\ArqLavSoft.DB,Caminho2,Caminho2,outro,System.String,40,desconhecido,True,Paradox/BDE,outro,"validar em tela, ProcMon e amostra de dados"
outro,ArqLavSoft,Estruturas\ArqLavSoft.DB,Pagina,Pagina,outro,System.Int32,4,desconhecido,True,Paradox/BDE,outro,"validar em tela, ProcMon e amostra de dados"
outro,ArqLavSoft,Estruturas\ArqLavSoft.DB,Encerram,Encerram,outro,System.String,2,desconhecido,True,Paradox/BDE,outro,"validar em tela, ProcMon e amostra de dados"
outro,ArqLavSoft,Estruturas\ArqLavSoft.DB,DatEnc,Data,data_hora,System.String,40,desconhecido,True,Paradox/BDE,data_hora,"validar em tela, ProcMon e amostra de dados"
outro,ArqLavSoft,Estruturas\ArqLavSoft.DB,TipLoc,TipLoc,outro,System.String,2,desconhecido,True,Paradox/BDE,outro,"validar em tela, ProcMon e amostra de dados"
outro,ArqLavSoft,Estruturas\ArqLavSoft.DB,SincCP,SincCP,outro,System.String,2,desconhecido,True,Paradox/BDE,outro,"validar em tela, ProcMon e amostra de dados"
outro,CamLavSoft,Estruturas\CamLavSoft.DB,NomeArquivo,Nome,texto_observacao,System.String,40,provavel,True,Paradox/BDE,texto_observacao,"validar em tela, ProcMon e amostra de dados"
outro,CamLavSoft,Estruturas\CamLavSoft.DB,Seq,Seq,outro,System.Int32,4,desconhecido,True,Paradox/BDE,outro,"validar em tela, ProcMon e amostra de dados"
outro,CamLavSoft,Estruturas\CamLavSoft.DB,Campo,Campo,outro,System.String,40,desconhecido,True,Paradox/BDE,outro,"validar em tela, ProcMon e amostra de dados"
outro,CamLavSoft,Estruturas\CamLavSoft.DB,Tipo,Tipo,outro,System.String,2,desconhecido,True,Paradox/BDE,outro,"validar em tela, ProcMon e amostra de dados"
outro,CamLavSoft,Estruturas\CamLavSoft.DB,Tamanho,Tamanho,outro,System.Int32,4,desconhecido,True,Paradox/BDE,outro,"validar em tela, ProcMon e amostra de dados"
outro,CamLavSoft,Estruturas\CamLavSoft.DB,Chave,Chave,id_codigo,System.String,2,provavel,True,Paradox/BDE,identificador/vinculo,"validar em tela, ProcMon e amostra de dados"
outro,CamLavSoft,Estruturas\CamLavSoft.DB,DataCriado,Data,data_hora,System.DateTime,8,provavel,True,Paradox/BDE,data_hora,"validar em tela, ProcMon e amostra de dados"
outro,Familia,Estruturas\Familia.DB,Familia,Familia,outro,System.String,40,desconhecido,True,Paradox/BDE,outro,"validar em tela, ProcMon e amostra de dados"
outro,Familia,Estruturas\Familia.DB,Obs,Obs,texto_observacao,System.String,200,desconhecido,True,Paradox/BDE,texto_observacao,"validar em tela, ProcMon e amostra de dados"
outro,GruOp,Estruturas\GruOp.DB,CodSistema,CodSistema,id_codigo,System.String,20,provavel,True,Paradox/BDE,identificador/vinculo,"validar em tela, ProcMon e amostra de dados"
outro,GruOp,Estruturas\GruOp.DB,Janela,Janela,outro,System.String,40,desconhecido,True,Paradox/BDE,outro,"validar em tela, ProcMon e amostra de dados"
outro,GruOp,Estruturas\GruOp.DB,GruOp,GruOp,outro,System.String,100,desconhecido,True,Paradox/BDE,outro,"validar em tela, ProcMon e amostra de dados"
outro,GruOp,Estruturas\GruOp.DB,DatCad,Data,data_hora,System.DateTime,8,desconhecido,True,Paradox/BDE,data_hora,"validar em tela, ProcMon e amostra de dados"
outro,GruOp,Estruturas\GruOp.DB,Tecnico,Tecnico,usuario_auditoria,System.String,20,desconhecido,True,Paradox/BDE,usuario_auditoria,"validar em tela, ProcMon e amostra de dados"
outro,IndLavSoft,Estruturas\IndLavSoft.DB,NomeArquivo,Nome,texto_observacao,System.String,40,provavel,True,Paradox/BDE,texto_observacao,"validar em tela, ProcMon e amostra de dados"
outro,IndLavSoft,Estruturas\IndLavSoft.DB,NomedoIndice,Nome,texto_observacao,System.String,40,provavel,True,Paradox/BDE,texto_observacao,"validar em tela, ProcMon e amostra de dados"
outro,IndLavSoft,Estruturas\IndLavSoft.DB,Campo1,Campo1,outro,System.String,40,desconhecido,True,Paradox/BDE,outro,"validar em tela, ProcMon e amostra de dados"
outro,IndLavSoft,Estruturas\IndLavSoft.DB,Campo2,Campo2,outro,System.String,40,desconhecido,True,Paradox/BDE,outro,"validar em tela, ProcMon e amostra de dados"
outro,IndLavSoft,Estruturas\IndLavSoft.DB,Campo3,Campo3,outro,System.String,40,desconhecido,True,Paradox/BDE,outro,"validar em tela, ProcMon e amostra de dados"
outro,IndLavSoft,Estruturas\IndLavSoft.DB,Campo4,Campo4,outro,System.String,40,desconhecido,True,Paradox/BDE,outro,"validar em tela, ProcMon e amostra de dados"
outro,IndLavSoft,Estruturas\IndLavSoft.DB,Campo6,Campo6,outro,System.String,40,desconhecido,True,Paradox/BDE,outro,"validar em tela, ProcMon e amostra de dados"
outro,IndLavSoft,Estruturas\IndLavSoft.DB,Campo5,Campo5,outro,System.String,40,desconhecido,True,Paradox/BDE,outro,"validar em tela, ProcMon e amostra de dados"
outro,IndLavSoft,Estruturas\IndLavSoft.DB,Campo7,Campo7,outro,System.String,40,desconhecido,True,Paradox/BDE,outro,"validar em tela, ProcMon e amostra de dados"
outro,IndLavSoft,Estruturas\IndLavSoft.DB,Campo8,Campo8,outro,System.String,40,desconhecido,True,Paradox/BDE,outro,"validar em tela, ProcMon e amostra de dados"
outro,IndLavSoft,Estruturas\IndLavSoft.DB,Campo9,Campo9,outro,System.String,40,desconhecido,True,Paradox/BDE,outro,"validar em tela, ProcMon e amostra de dados"
outro,IndLavSoft,Estruturas\IndLavSoft.DB,DataCriado,Data,data_hora,System.DateTime,8,provavel,True,Paradox/BDE,data_hora,"validar em tela, ProcMon e amostra de dados"
config_admin,Inis,Estruturas\Inis.DB,UNIT,UNIT,outro,System.String,50,desconhecido,True,Paradox/BDE,outro,"validar em tela, ProcMon e amostra de dados"
config_admin,Inis,Estruturas\Inis.DB,FUNCAO,FUNCAO,outro,System.String,68,desconhecido,True,Paradox/BDE,outro,"validar em tela, ProcMon e amostra de dados"
config_admin,Inis,Estruturas\Inis.DB,SECAO,SECAO,outro,System.String,54,desconhecido,True,Paradox/BDE,outro,"validar em tela, ProcMon e amostra de dados"
config_admin,Inis,Estruturas\Inis.DB,CHAVE,CHAVE,id_codigo,System.String,66,provavel,True,Paradox/BDE,identificador/vinculo,"validar em tela, ProcMon e amostra de dados"
config_admin,Inis,Estruturas\Inis.DB,DESCRICAO,Desconto/Descricao,valor_monetario,System.String,138,desconhecido,True,Paradox/BDE,valor_monetario,"validar em tela, ProcMon e amostra de dados"
config_admin,Inis,Estruturas\Inis.DB,ATIVACAO,ATIVACAO,outro,System.String,78,desconhecido,True,Paradox/BDE,outro,"validar em tela, ProcMon e amostra de dados"
config_admin,Inis,Estruturas\Inis.DB,GRUPO1,GRUPO1,outro,System.String,34,desconhecido,True,Paradox/BDE,outro,"validar em tela, ProcMon e amostra de dados"
config_admin,Inis,Estruturas\Inis.DB,GRUPO2,GRUPO2,outro,System.String,60,desconhecido,True,Paradox/BDE,outro,"validar em tela, ProcMon e amostra de dados"
config_admin,Inis,Estruturas\Inis.DB,TIPO,TIPO,outro,System.String,10,desconhecido,True,Paradox/BDE,outro,"validar em tela, ProcMon e amostra de dados"
config_admin,Inis,Estruturas\Inis.DB,LOCAL,LOCAL,outro,System.String,12,desconhecido,True,Paradox/BDE,outro,"validar em tela, ProcMon e amostra de dados"
config_admin,Inis,Estruturas\Inis.DB,SISTEMA,SISTEMA,outro,System.String,18,desconhecido,True,Paradox/BDE,outro,"validar em tela, ProcMon e amostra de dados"
outro,Janela,Estruturas\Janela.DB,CodSistema,CodSistema,id_codigo,System.String,20,provavel,True,Paradox/BDE,identificador/vinculo,"validar em tela, ProcMon e amostra de dados"
outro,Janela,Estruturas\Janela.DB,Janela,Janela,outro,System.String,100,desconhecido,True,Paradox/BDE,outro,"validar em tela, ProcMon e amostra de dados"
outro,Janela,Estruturas\Janela.DB,DesJanela,DesJanela,outro,System.String,200,desconhecido,True,Paradox/BDE,outro,"validar em tela, ProcMon e amostra de dados"
outro,Janela,Estruturas\Janela.DB,DatCad,Data,data_hora,System.DateTime,8,desconhecido,True,Paradox/BDE,data_hora,"validar em tela, ProcMon e amostra de dados"
outro,Janela,Estruturas\Janela.DB,Tecnico,Tecnico,usuario_auditoria,System.String,20,desconhecido,True,Paradox/BDE,usuario_auditoria,"validar em tela, ProcMon e amostra de dados"
outro,MigraNuvem,Estruturas\MigraNuvem.DB,NomeArquivo,Nome,texto_observacao,System.String,40,provavel,True,Paradox/BDE,texto_observacao,"validar em tela, ProcMon e amostra de dados"
outro,MigraNuvem,Estruturas\MigraNuvem.DB,IndiceMigra,IndiceMigra,outro,System.String,40,desconhecido,True,Paradox/BDE,outro,"validar em tela, ProcMon e amostra de dados"
outro,MigraNuvem,Estruturas\MigraNuvem.DB,ChaveMigra,ChaveMigra,id_codigo,System.String,40,provavel,True,Paradox/BDE,identificador/vinculo,"validar em tela, ProcMon e amostra de dados"
outro,MigraNuvem,Estruturas\MigraNuvem.DB,LinkArquivo,LinkArquivo,outro,System.String,40,desconhecido,True,Paradox/BDE,outro,"validar em tela, ProcMon e amostra de dados"
outro,MigraNuvem,Estruturas\MigraNuvem.DB,LinkIndice,LinkIndice,outro,System.String,40,desconhecido,True,Paradox/BDE,outro,"validar em tela, ProcMon e amostra de dados"
outro,MigraNuvem,Estruturas\MigraNuvem.DB,LinkArqKey1,LinkArqKey1,outro,System.String,40,desconhecido,True,Paradox/BDE,outro,"validar em tela, ProcMon e amostra de dados"
outro,MigraNuvem,Estruturas\MigraNuvem.DB,LinkArqKey2,LinkArqKey2,outro,System.String,40,desconhecido,True,Paradox/BDE,outro,"validar em tela, ProcMon e amostra de dados"
outro,MigraNuvem,Estruturas\MigraNuvem.DB,LinkArqKey3,LinkArqKey3,outro,System.String,40,desconhecido,True,Paradox/BDE,outro,"validar em tela, ProcMon e amostra de dados"
outro,MigraNuvem,Estruturas\MigraNuvem.DB,LinkArqKey4,LinkArqKey4,outro,System.String,40,desconhecido,True,Paradox/BDE,outro,"validar em tela, ProcMon e amostra de dados"
outro,Municipios,Estruturas\Municipios.DB,CodMun,CodMun,id_codigo,System.String,20,provavel,True,Paradox/BDE,identificador/vinculo,"validar em tela, ProcMon e amostra de dados"
outro,Municipios,Estruturas\Municipios.DB,NomMun,NomMun,outro,System.String,160,desconhecido,True,Paradox/BDE,outro,"validar em tela, ProcMon e amostra de dados"
outro,Municipios,Estruturas\Municipios.DB,EstMun,EstMun,outro,System.String,100,desconhecido,True,Paradox/BDE,outro,"validar em tela, ProcMon e amostra de dados"
outro,Municipios,Estruturas\Municipios.DB,UF,UF,cliente_ref,System.String,4,desconhecido,True,Paradox/BDE,identificador/vinculo,"validar em tela, ProcMon e amostra de dados"
fiscal,NFeConf,Estruturas\NFeConf.DB,ID,ID,id_codigo,System.String,10,provavel,True,Paradox/BDE,identificador/vinculo,"validar em tela, ProcMon e amostra de dados"
fiscal,NFeConf,Estruturas\NFeConf.DB,Campo,Campo,outro,System.String,100,desconhecido,True,Paradox/BDE,outro,"validar em tela, ProcMon e amostra de dados"
fiscal,NFeConf,Estruturas\NFeConf.DB,Descricao,Desconto/Descricao,valor_monetario,System.String,200,desconhecido,True,Paradox/BDE,valor_monetario,"validar em tela, ProcMon e amostra de dados"
fiscal,NFeConf,Estruturas\NFeConf.DB,Obs,Obs,texto_observacao,System.String,400,desconhecido,True,Paradox/BDE,texto_observacao,"validar em tela, ProcMon e amostra de dados"
fiscal,NFeConf,Estruturas\NFeConf.DB,Grupo,Grupo,outro,System.String,20,desconhecido,True,Paradox/BDE,outro,"validar em tela, ProcMon e amostra de dados"
outro,Op,Estruturas\Op.DB,CodSistema,CodSistema,id_codigo,System.String,20,provavel,True,Paradox/BDE,identificador/vinculo,"validar em tela, ProcMon e amostra de dados"
outro,Op,Estruturas\Op.DB,Janela,Janela,outro,System.String,100,desconhecido,True,Paradox/BDE,outro,"validar em tela, ProcMon e amostra de dados"
outro,Op,Estruturas\Op.DB,GruOp,GruOp,outro,System.String,100,desconhecido,True,Paradox/BDE,outro,"validar em tela, ProcMon e amostra de dados"
outro,Op,Estruturas\Op.DB,Op,Op,outro,System.String,100,desconhecido,True,Paradox/BDE,outro,"validar em tela, ProcMon e amostra de dados"
outro,Op,Estruturas\Op.DB,DesOp,DesOp,outro,System.String,200,desconhecido,True,Paradox/BDE,outro,"validar em tela, ProcMon e amostra de dados"
outro,Op,Estruturas\Op.DB,Familia,Familia,outro,System.String,40,desconhecido,True,Paradox/BDE,outro,"validar em tela, ProcMon e amostra de dados"
outro,Op,Estruturas\Op.DB,Tipo,Tipo,outro,System.String,20,desconhecido,True,Paradox/BDE,outro,"validar em tela, ProcMon e amostra de dados"
outro,Op_teste,Estruturas\Op_teste.db,CodChave,CodChave,id_codigo,System.Int32,4,provavel,False,Paradox/BDE,identificador/vinculo,"validar em tela, ProcMon e amostra de dados"
outro,Op_teste,Estruturas\Op_teste.db,CodSistema,CodSistema,id_codigo,System.String,20,provavel,True,Paradox/BDE,identificador/vinculo,"validar em tela, ProcMon e amostra de dados"
outro,Op_teste,Estruturas\Op_teste.db,Janela,Janela,outro,System.String,100,desconhecido,True,Paradox/BDE,outro,"validar em tela, ProcMon e amostra de dados"
outro,Op_teste,Estruturas\Op_teste.db,GruOp,GruOp,outro,System.String,100,desconhecido,True,Paradox/BDE,outro,"validar em tela, ProcMon e amostra de dados"
outro,Op_teste,Estruturas\Op_teste.db,Op,Op,outro,System.String,100,desconhecido,True,Paradox/BDE,outro,"validar em tela, ProcMon e amostra de dados"
outro,Op_teste,Estruturas\Op_teste.db,DesOp,DesOp,outro,System.String,200,desconhecido,True,Paradox/BDE,outro,"validar em tela, ProcMon e amostra de dados"
outro,Op_teste,Estruturas\Op_teste.db,Familia,Familia,outro,System.String,40,desconhecido,True,Paradox/BDE,outro,"validar em tela, ProcMon e amostra de dados"
outro,Op_teste,Estruturas\Op_teste.db,Tipo,Tipo,outro,System.String,20,desconhecido,True,Paradox/BDE,outro,"validar em tela, ProcMon e amostra de dados"
outro,Op1,Estruturas\Op1.DB,CodSistema,CodSistema,id_codigo,System.String,20,provavel,True,Paradox/BDE,identificador/vinculo,"validar em tela, ProcMon e amostra de dados"
outro,Op1,Estruturas\Op1.DB,Janela,Janela,outro,System.String,100,desconhecido,True,Paradox/BDE,outro,"validar em tela, ProcMon e amostra de dados"
outro,Op1,Estruturas\Op1.DB,GruOp,GruOp,outro,System.String,100,desconhecido,True,Paradox/BDE,outro,"validar em tela, ProcMon e amostra de dados"
outro,Op1,Estruturas\Op1.DB,Op,Op,outro,System.String,100,desconhecido,True,Paradox/BDE,outro,"validar em tela, ProcMon e amostra de dados"
outro,Op1,Estruturas\Op1.DB,DesOp,DesOp,outro,System.String,200,desconhecido,True,Paradox/BDE,outro,"validar em tela, ProcMon e amostra de dados"
outro,Op1,Estruturas\Op1.DB,Familia,Familia,outro,System.String,40,desconhecido,True,Paradox/BDE,outro,"validar em tela, ProcMon e amostra de dados"
outro,Op1,Estruturas\Op1.DB,Tipo,Tipo,outro,System.String,20,desconhecido,True,Paradox/BDE,outro,"validar em tela, ProcMon e amostra de dados"
config_admin,Parametros,Estruturas\Parametros.DB,Sistema,Sistema,outro,System.String,40,desconhecido,True,Paradox/BDE,outro,"validar em tela, ProcMon e amostra de dados"
config_admin,Parametros,Estruturas\Parametros.DB,Grupo,Grupo,outro,System.String,40,desconhecido,True,Paradox/BDE,outro,"validar em tela, ProcMon e amostra de dados"
config_admin,Parametros,Estruturas\Parametros.DB,Parametro,Parametro,outro,System.String,100,desconhecido,True,Paradox/BDE,outro,"validar em tela, ProcMon e amostra de dados"
config_admin,Parametros,Estruturas\Parametros.DB,GrupoExibido,GrupoExibido,outro,System.String,100,provavel,True,Paradox/BDE,outro,"validar em tela, ProcMon e amostra de dados"
config_admin,Parametros,Estruturas\Parametros.DB,TextoExibido,TextoExibido,outro,System.String,100,provavel,True,Paradox/BDE,outro,"validar em tela, ProcMon e amostra de dados"
config_admin,Parametros,Estruturas\Parametros.DB,Tipo,Tipo,outro,System.String,4,desconhecido,True,Paradox/BDE,outro,"validar em tela, ProcMon e amostra de dados"
config_admin,Parametros,Estruturas\Parametros.DB,ConteudoPadrao,ConteudoPadrao,outro,System.String,400,desconhecido,True,Paradox/BDE,outro,"validar em tela, ProcMon e amostra de dados"
config_admin,Parametros,Estruturas\Parametros.DB,Caminho,Caminho,outro,System.String,510,desconhecido,True,Paradox/BDE,outro,"validar em tela, ProcMon e amostra de dados"
config_admin,Parametros,Estruturas\Parametros.DB,Tamanho,Tamanho,outro,System.Int32,4,desconhecido,True,Paradox/BDE,outro,"validar em tela, ProcMon e amostra de dados"
config_admin,Parametros,Estruturas\Parametros.DB,TipoComp,TipoComp,outro,System.String,40,desconhecido,True,Paradox/BDE,outro,"validar em tela, ProcMon e amostra de dados"
config_admin,Parametros,Estruturas\Parametros.DB,Local,Local,outro,System.String,2,desconhecido,True,Paradox/BDE,outro,"validar em tela, ProcMon e amostra de dados"
config_admin,Parametros,Estruturas\Parametros.DB,NomIni,NomIni,outro,System.String,40,desconhecido,True,Paradox/BDE,outro,"validar em tela, ProcMon e amostra de dados"
config_admin,Parametros,Estruturas\Parametros.DB,PorFilial,PorFilial,outro,System.Boolean,1,desconhecido,True,Paradox/BDE,outro,"validar em tela, ProcMon e amostra de dados"
config_admin,Parametros,Estruturas\Parametros.DB,Detalhes,Detalhes,outro,System.String,510,desconhecido,True,Paradox/BDE,outro,"validar em tela, ProcMon e amostra de dados"
config_admin,Parametros,Estruturas\Parametros.DB,Unit,Unit,outro,System.String,510,desconhecido,True,Paradox/BDE,outro,"validar em tela, ProcMon e amostra de dados"
config_admin,Parametros,Estruturas\Parametros.DB,Caminho2,Caminho2,outro,System.String,510,desconhecido,True,Paradox/BDE,outro,"validar em tela, ProcMon e amostra de dados"
produto_servico,ParamGrupo,Estruturas\ParamGrupo.db,Sistema,Sistema,outro,System.String,40,desconhecido,True,Paradox/BDE,outro,"validar em tela, ProcMon e amostra de dados"
produto_servico,ParamGrupo,Estruturas\ParamGrupo.db,GrupoExibido,GrupoExibido,outro,System.String,100,provavel,True,Paradox/BDE,outro,"validar em tela, ProcMon e amostra de dados"
config_admin,ParamOpcao,Estruturas\ParamOpcao.DB,Sistema,Sistema,outro,System.String,40,desconhecido,True,Paradox/BDE,outro,"validar em tela, ProcMon e amostra de dados"
config_admin,ParamOpcao,Estruturas\ParamOpcao.DB,Grupo,Grupo,outro,System.String,40,desconhecido,True,Paradox/BDE,outro,"validar em tela, ProcMon e amostra de dados"
config_admin,ParamOpcao,Estruturas\ParamOpcao.DB,Parametro,Parametro,outro,System.String,100,desconhecido,True,Paradox/BDE,outro,"validar em tela, ProcMon e amostra de dados"
config_admin,ParamOpcao,Estruturas\ParamOpcao.DB,Opcao,Opcao,outro,System.String,200,desconhecido,True,Paradox/BDE,outro,"validar em tela, ProcMon e amostra de dados"
outro,resttemp,Estruturas\resttemp.DB,Form,Form,outro,System.String,100,desconhecido,True,Paradox/BDE,outro,"validar em tela, ProcMon e amostra de dados"
outro,resttemp,Estruturas\resttemp.DB,Objeto,Objeto,outro,System.String,100,desconhecido,True,Paradox/BDE,outro,"validar em tela, ProcMon e amostra de dados"
outro,resttemp,Estruturas\resttemp.DB,Conteudo,Conteudo,outro,System.String,400,desconhecido,True,Paradox/BDE,outro,"validar em tela, ProcMon e amostra de dados"
outro,resttemp,Estruturas\resttemp.DB,LinguaEng,LinguaEng,outro,System.String,400,desconhecido,True,Paradox/BDE,outro,"validar em tela, ProcMon e amostra de dados"
outro,resttemp,Estruturas\resttemp.DB,ConfEng,ConfEng,fiscal_documento,System.String,2,desconhecido,True,Paradox/BDE,fiscal_documento,"validar em tela, ProcMon e amostra de dados"
outro,resttemp,Estruturas\resttemp.DB,LinguaFra,LinguaFra,outro,System.String,400,desconhecido,True,Paradox/BDE,outro,"validar em tela, ProcMon e amostra de dados"
outro,resttemp,Estruturas\resttemp.DB,ConfFra,ConfFra,fiscal_documento,System.String,2,desconhecido,True,Paradox/BDE,fiscal_documento,"validar em tela, ProcMon e amostra de dados"
outro,resttemp,Estruturas\resttemp.DB,LinguaIta,LinguaIta,outro,System.String,400,desconhecido,True,Paradox/BDE,outro,"validar em tela, ProcMon e amostra de dados"
outro,resttemp,Estruturas\resttemp.DB,ConfIta,ConfIta,fiscal_documento,System.String,2,desconhecido,True,Paradox/BDE,fiscal_documento,"validar em tela, ProcMon e amostra de dados"
outro,resttemp,Estruturas\resttemp.DB,LinguaEsp,LinguaEsp,outro,System.String,400,desconhecido,True,Paradox/BDE,outro,"validar em tela, ProcMon e amostra de dados"
outro,resttemp,Estruturas\resttemp.DB,ConfEsp,ConfEsp,fiscal_documento,System.String,2,desconhecido,True,Paradox/BDE,fiscal_documento,"validar em tela, ProcMon e amostra de dados"
outro,resttemp,Estruturas\resttemp.DB,Obs,Obs,texto_observacao,System.String,200,desconhecido,True,Paradox/BDE,texto_observacao,"validar em tela, ProcMon e amostra de dados"
outro,resttemp,Estruturas\resttemp.DB,LinguaBel,LinguaBel,outro,System.String,200,desconhecido,True,Paradox/BDE,outro,"validar em tela, ProcMon e amostra de dados"
config_admin,Sistemas,Estruturas\Sistemas.DB,CodSistema,CodSistema,id_codigo,System.String,20,provavel,True,Paradox/BDE,identificador/vinculo,"validar em tela, ProcMon e amostra de dados"
config_admin,Sistemas,Estruturas\Sistemas.DB,NomSistema,NomSistema,outro,System.String,60,desconhecido,True,Paradox/BDE,outro,"validar em tela, ProcMon e amostra de dados"
config_admin,Sistemas,Estruturas\Sistemas.DB,Tipo,Tipo,outro,System.String,2,desconhecido,True,Paradox/BDE,outro,"validar em tela, ProcMon e amostra de dados"
config_admin,Sistemas,Estruturas\Sistemas.DB,Versao,Versao,outro,System.String,20,desconhecido,True,Paradox/BDE,outro,"validar em tela, ProcMon e amostra de dados"
config_admin,Sistemas,Estruturas\Sistemas.DB,ControlaSenha,ROL/OS,ordem_rol_ref,System.String,2,desconhecido,True,Paradox/BDE,identificador/vinculo,"validar em tela, ProcMon e amostra de dados"
config_admin,Sistemas,Estruturas\Sistemas.DB,CaminhoOrigem,CaminhoOrigem,outro,System.String,400,desconhecido,True,Paradox/BDE,outro,"validar em tela, ProcMon e amostra de dados"
config_admin,Sistemas,Estruturas\Sistemas.DB,Executavel,Executavel,outro,System.String,100,desconhecido,True,Paradox/BDE,outro,"validar em tela, ProcMon e amostra de dados"
config_admin,Sistemas,Estruturas\Sistemas.DB,NomeCompact,Nome,texto_observacao,System.String,100,provavel,True,Paradox/BDE,texto_observacao,"validar em tela, ProcMon e amostra de dados"
outro,TipAdv,Estruturas\TipAdv.db,TipAdv,TipAdv,outro,System.Int32,4,desconhecido,True,Paradox/BDE,outro,"validar em tela, ProcMon e amostra de dados"
outro,TipAdv,Estruturas\TipAdv.db,DesTipAdv,DesTipAdv,outro,System.String,100,desconhecido,True,Paradox/BDE,outro,"validar em tela, ProcMon e amostra de dados"
outro,Traducao,Estruturas\Traducao.DB,Form,Form,outro,System.String,100,desconhecido,True,Paradox/BDE,outro,"validar em tela, ProcMon e amostra de dados"
outro,Traducao,Estruturas\Traducao.DB,Objeto,Objeto,outro,System.String,100,desconhecido,True,Paradox/BDE,outro,"validar em tela, ProcMon e amostra de dados"
outro,Traducao,Estruturas\Traducao.DB,Conteudo,Conteudo,outro,System.String,400,desconhecido,True,Paradox/BDE,outro,"validar em tela, ProcMon e amostra de dados"
outro,Traducao,Estruturas\Traducao.DB,LinguaEng,LinguaEng,outro,System.String,400,desconhecido,True,Paradox/BDE,outro,"validar em tela, ProcMon e amostra de dados"
outro,Traducao,Estruturas\Traducao.DB,ConfEng,ConfEng,fiscal_documento,System.String,2,desconhecido,True,Paradox/BDE,fiscal_documento,"validar em tela, ProcMon e amostra de dados"
outro,Traducao,Estruturas\Traducao.DB,LinguaFra,LinguaFra,outro,System.String,400,desconhecido,True,Paradox/BDE,outro,"validar em tela, ProcMon e amostra de dados"
outro,Traducao,Estruturas\Traducao.DB,ConfFra,ConfFra,fiscal_documento,System.String,2,desconhecido,True,Paradox/BDE,fiscal_documento,"validar em tela, ProcMon e amostra de dados"
outro,Traducao,Estruturas\Traducao.DB,LinguaIta,LinguaIta,outro,System.String,400,desconhecido,True,Paradox/BDE,outro,"validar em tela, ProcMon e amostra de dados"
outro,Traducao,Estruturas\Traducao.DB,ConfIta,ConfIta,fiscal_documento,System.String,2,desconhecido,True,Paradox/BDE,fiscal_documento,"validar em tela, ProcMon e amostra de dados"
outro,Traducao,Estruturas\Traducao.DB,LinguaEsp,LinguaEsp,outro,System.String,400,desconhecido,True,Paradox/BDE,outro,"validar em tela, ProcMon e amostra de dados"
outro,Traducao,Estruturas\Traducao.DB,ConfEsp,ConfEsp,fiscal_documento,System.String,2,desconhecido,True,Paradox/BDE,fiscal_documento,"validar em tela, ProcMon e amostra de dados"
outro,Traducao,Estruturas\Traducao.DB,LinguaHair,LinguaHair,outro,System.String,400,desconhecido,True,Paradox/BDE,outro,"validar em tela, ProcMon e amostra de dados"
outro,Traducao,Estruturas\Traducao.DB,ConfHair,ConfHair,fiscal_documento,System.String,2,desconhecido,True,Paradox/BDE,fiscal_documento,"validar em tela, ProcMon e amostra de dados"
outro,VERIFY,Exe\VERIFY.DB,Drive,Drive,outro,System.String,4,desconhecido,True,Paradox/BDE,outro,"validar em tela, ProcMon e amostra de dados"
outro,VERIFY,Exe\VERIFY.DB,Directory,Directory,outro,System.String,510,desconhecido,True,Paradox/BDE,outro,"validar em tela, ProcMon e amostra de dados"
outro,VERIFY,Exe\VERIFY.DB,Table Name,Table Name,outro,System.String,510,desconhecido,True,Paradox/BDE,outro,"validar em tela, ProcMon e amostra de dados"
outro,VERIFY,Exe\VERIFY.DB,Extension,Extension,outro,System.String,8,desconhecido,True,Paradox/BDE,outro,"validar em tela, ProcMon e amostra de dados"
outro,VERIFY,Exe\VERIFY.DB,Error Code,Error Code,id_codigo,System.Int16,2,provavel,True,Paradox/BDE,identificador/vinculo,"validar em tela, ProcMon e amostra de dados"
outro,VERIFY,Exe\VERIFY.DB,Error Level,Error Level,outro,System.Int16,2,desconhecido,True,Paradox/BDE,outro,"validar em tela, ProcMon e amostra de dados"
outro,VERIFY,Exe\VERIFY.DB,Error Message,Error Message,outro,System.String,300,desconhecido,True,Paradox/BDE,outro,"validar em tela, ProcMon e amostra de dados"
outro,VERIFY,Exe\VERIFY.DB,Date,Data,data_hora,System.DateTime,8,desconhecido,True,Paradox/BDE,data_hora,"validar em tela, ProcMon e amostra de dados"
outro,VERIFY,Exe\VERIFY.DB,Time,Time,outro,System.DateTime,8,desconhecido,True,Paradox/BDE,outro,"validar em tela, ProcMon e amostra de dados"
outro,CadClaAlt,Filiais\MOVANTIGA\GER\DADOS\CadClaAlt.DB,CodClaAlt,CodClaAlt,id_codigo,System.String,10,provavel,True,Paradox/BDE,identificador/vinculo,"validar em tela, ProcMon e amostra de dados"
outro,CadClaAlt,Filiais\MOVANTIGA\GER\DADOS\CadClaAlt.DB,DesClaAlt,Desconto/Descricao,valor_monetario,System.String,40,desconhecido,True,Paradox/BDE,valor_monetario,"validar em tela, ProcMon e amostra de dados"
outro,CadClaAlt,Filiais\MOVANTIGA\GER\DADOS\CadClaAlt.DB,ObsClaAlt,ObsClaAlt,data_hora,System.String,40,desconhecido,True,Paradox/BDE,data_hora,"validar em tela, ProcMon e amostra de dados"
outro,CadClaAlt,Filiais\MOVANTIGA\GER\DADOS\CadClaAlt.DB,Cancelado,Celular,cliente_ref,System.String,2,desconhecido,True,Paradox/BDE,identificador/vinculo,"validar em tela, ProcMon e amostra de dados"
outro,CadClaAlt,Filiais\MOVANTIGA\GER\DADOS\CadClaAlt.DB,MotivoCan,MotivoCan,texto_observacao,System.String,100,desconhecido,True,Paradox/BDE,texto_observacao,"validar em tela, ProcMon e amostra de dados"
outro,CadClaAlt,Filiais\MOVANTIGA\GER\DADOS\CadClaAlt.DB,DatCan,Data,data_hora,System.DateTime,8,desconhecido,True,Paradox/BDE,data_hora,"validar em tela, ProcMon e amostra de dados"
outro,AjustaCad,Ger\Dados\AjustaCad.DB,Campo,Campo,outro,System.String,40,desconhecido,True,Paradox/BDE,outro,"validar em tela, ProcMon e amostra de dados"
outro,AjustaCad,Ger\Dados\AjustaCad.DB,Seq,Seq,outro,System.Int32,4,desconhecido,True,Paradox/BDE,outro,"validar em tela, ProcMon e amostra de dados"
outro,AjustaCad,Ger\Dados\AjustaCad.DB,Arquivo,Arquivo,outro,System.String,40,desconhecido,True,Paradox/BDE,outro,"validar em tela, ProcMon e amostra de dados"
outro,AjustaCad,Ger\Dados\AjustaCad.DB,Trocar,Trocar,outro,System.String,100,desconhecido,True,Paradox/BDE,outro,"validar em tela, ProcMon e amostra de dados"
outro,AjustaCad,Ger\Dados\AjustaCad.DB,TrocarPor,TrocarPor,outro,System.String,100,desconhecido,True,Paradox/BDE,outro,"validar em tela, ProcMon e amostra de dados"
outro,AjustaCad,Ger\Dados\AjustaCad.DB,TipTroca,TipTroca,outro,System.String,2,desconhecido,True,Paradox/BDE,outro,"validar em tela, ProcMon e amostra de dados"
outro,AjustaCad,Ger\Dados\AjustaCad.DB,EspTrocar,EspTrocar,outro,System.String,2,desconhecido,True,Paradox/BDE,outro,"validar em tela, ProcMon e amostra de dados"
outro,AutoPecas,Ger\Dados\AutoPecas.DB,CodPecas,CodPecas,id_codigo,System.String,10,provavel,True,Paradox/BDE,identificador/vinculo,"validar em tela, ProcMon e amostra de dados"
outro,AutoPecas,Ger\Dados\AutoPecas.DB,DesPecas,DesPecas,ordem_rol_ref,System.String,40,desconhecido,True,Paradox/BDE,identificador/vinculo,"validar em tela, ProcMon e amostra de dados"
outro,AutoPecas,Ger\Dados\AutoPecas.DB,KilomTroca,KilomTroca,outro,System.Int32,4,desconhecido,True,Paradox/BDE,outro,"validar em tela, ProcMon e amostra de dados"
outro,Backup,Ger\Dados\Backup.DB,Sequencia,Sequencia,outro,System.Int32,4,desconhecido,False,Paradox/BDE,outro,"validar em tela, ProcMon e amostra de dados"
outro,Backup,Ger\Dados\Backup.DB,CodUsuario,CodUsuario,id_codigo,System.String,20,provavel,True,Paradox/BDE,identificador/vinculo,"validar em tela, ProcMon e amostra de dados"
outro,Backup,Ger\Dados\Backup.DB,Sistema,Sistema,outro,System.String,8,desconhecido,True,Paradox/BDE,outro,"validar em tela, ProcMon e amostra de dados"
outro,Backup,Ger\Dados\Backup.DB,Data,Data,data_hora,System.DateTime,8,provavel,True,Paradox/BDE,data_hora,"validar em tela, ProcMon e amostra de dados"
outro,Backup,Ger\Dados\Backup.DB,Tipo,Tipo,outro,System.String,6,desconhecido,True,Paradox/BDE,outro,"validar em tela, ProcMon e amostra de dados"
outro,Backup,Ger\Dados\Backup.DB,Descricao1,Desconto/Descricao,valor_monetario,System.String,200,desconhecido,True,Paradox/BDE,valor_monetario,"validar em tela, ProcMon e amostra de dados"
outro,Backup,Ger\Dados\Backup.DB,Descricao2,Desconto/Descricao,valor_monetario,System.String,200,desconhecido,True,Paradox/BDE,valor_monetario,"validar em tela, ProcMon e amostra de dados"
outro,Backup,Ger\Dados\Backup.DB,SeqExporta,SeqExporta,outro,System.Int32,4,desconhecido,True,Paradox/BDE,outro,"validar em tela, ProcMon e amostra de dados"
outro,Backup,Ger\Dados\Backup.DB,Chave,Chave,id_codigo,System.String,30,provavel,True,Paradox/BDE,identificador/vinculo,"validar em tela, ProcMon e amostra de dados"
outro,Backup,Ger\Dados\Backup.DB,NomeChave,Nome,id_codigo,System.String,20,provavel,True,Paradox/BDE,identificador/vinculo,"validar em tela, ProcMon e amostra de dados"
outro,Backup,Ger\Dados\Backup.DB,CodVen,CodVen,id_codigo,System.String,10,provavel,True,Paradox/BDE,identificador/vinculo,"validar em tela, ProcMon e amostra de dados"
cliente,Clientes,Ger\Dados\Backup\Clientes.DB,CodCli,Cliente,id_codigo,System.String,20,provavel,True,Paradox/BDE,identificador/vinculo,"validar em tela, ProcMon e amostra de dados"
cliente,Clientes,Ger\Dados\Backup\Clientes.DB,NomCli,Nome,cliente_ref,System.String,80,desconhecido,True,Paradox/BDE,identificador/vinculo,"validar em tela, ProcMon e amostra de dados"
cliente,Clientes,Ger\Dados\Backup\Clientes.DB,EndCli,Endereco,cliente_ref,System.String,80,desconhecido,True,Paradox/BDE,identificador/vinculo,"validar em tela, ProcMon e amostra de dados"
cliente,Clientes,Ger\Dados\Backup\Clientes.DB,CidCli,CidCli,outro,System.String,40,provavel,True,Paradox/BDE,outro,"validar em tela, ProcMon e amostra de dados"
cliente,Clientes,Ger\Dados\Backup\Clientes.DB,EstCli,EstCli,outro,System.String,4,desconhecido,True,Paradox/BDE,outro,"validar em tela, ProcMon e amostra de dados"
cliente,Clientes,Ger\Dados\Backup\Clientes.DB,CepCli,CEP,cliente_ref,System.String,18,desconhecido,True,Paradox/BDE,identificador/vinculo,"validar em tela, ProcMon e amostra de dados"
cliente,Clientes,Ger\Dados\Backup\Clientes.DB,TelCli,Telefone,cliente_ref,System.String,30,desconhecido,True,Paradox/BDE,identificador/vinculo,"validar em tela, ProcMon e amostra de dados"
cliente,Clientes,Ger\Dados\Backup\Clientes.DB,TelCli2,Telefone,cliente_ref,System.String,30,desconhecido,True,Paradox/BDE,identificador/vinculo,"validar em tela, ProcMon e amostra de dados"
cliente,Clientes,Ger\Dados\Backup\Clientes.DB,Contato,Contato,outro,System.String,80,desconhecido,True,Paradox/BDE,outro,"validar em tela, ProcMon e amostra de dados"
cliente,Clientes,Ger\Dados\Backup\Clientes.DB,CgcCli,CgcCli,outro,System.String,24,desconhecido,True,Paradox/BDE,outro,"validar em tela, ProcMon e amostra de dados"
cliente,Clientes,Ger\Dados\Backup\Clientes.DB,DigCli,DigCli,outro,System.String,4,desconhecido,True,Paradox/BDE,outro,"validar em tela, ProcMon e amostra de dados"
cliente,Clientes,Ger\Dados\Backup\Clientes.DB,GruCli,GruCli,outro,System.String,10,desconhecido,True,Paradox/BDE,outro,"validar em tela, ProcMon e amostra de dados"
cliente,Clientes,Ger\Dados\Backup\Clientes.DB,CodTab,CodTab,id_codigo,System.String,6,provavel,True,Paradox/BDE,identificador/vinculo,"validar em tela, ProcMon e amostra de dados"
cliente,Clientes,Ger\Dados\Backup\Clientes.DB,InsEstCli,InsEstCli,outro,System.String,30,desconhecido,True,Paradox/BDE,outro,"validar em tela, ProcMon e amostra de dados"
cliente,Clientes,Ger\Dados\Backup\Clientes.DB,InsMunCli,InsMunCli,outro,System.String,30,desconhecido,True,Paradox/BDE,outro,"validar em tela, ProcMon e amostra de dados"
cliente,Clientes,Ger\Dados\Backup\Clientes.DB,EndCobCli,Endereco,cliente_ref,System.String,80,desconhecido,True,Paradox/BDE,identificador/vinculo,"validar em tela, ProcMon e amostra de dados"
cliente,Clientes,Ger\Dados\Backup\Clientes.DB,EndEntCli,Endereco,cliente_ref,System.String,80,desconhecido,True,Paradox/BDE,identificador/vinculo,"validar em tela, ProcMon e amostra de dados"
cliente,Clientes,Ger\Dados\Backup\Clientes.DB,CidCobCli,CidCobCli,outro,System.String,40,provavel,True,Paradox/BDE,outro,"validar em tela, ProcMon e amostra de dados"
cliente,Clientes,Ger\Dados\Backup\Clientes.DB,CidEntCli,CidEntCli,outro,System.String,40,provavel,True,Paradox/BDE,outro,"validar em tela, ProcMon e amostra de dados"
cliente,Clientes,Ger\Dados\Backup\Clientes.DB,EstCobCli,EstCobCli,outro,System.String,4,desconhecido,True,Paradox/BDE,outro,"validar em tela, ProcMon e amostra de dados"
cliente,Clientes,Ger\Dados\Backup\Clientes.DB,EstEntCli,EstEntCli,outro,System.String,4,desconhecido,True,Paradox/BDE,outro,"validar em tela, ProcMon e amostra de dados"
cliente,Clientes,Ger\Dados\Backup\Clientes.DB,CepCobCli,CEP,cliente_ref,System.String,18,desconhecido,True,Paradox/BDE,identificador/vinculo,"validar em tela, ProcMon e amostra de dados"
cliente,Clientes,Ger\Dados\Backup\Clientes.DB,CepEntCli,CEP,cliente_ref,System.String,18,desconhecido,True,Paradox/BDE,identificador/vinculo,"validar em tela, ProcMon e amostra de dados"
cliente,Clientes,Ger\Dados\Backup\Clientes.DB,CodPai,CodPai,id_codigo,System.String,8,provavel,True,Paradox/BDE,identificador/vinculo,"validar em tela, ProcMon e amostra de dados"
cliente,Clientes,Ger\Dados\Backup\Clientes.DB,CodUf,UF,id_codigo,System.String,4,provavel,True,Paradox/BDE,identificador/vinculo,"validar em tela, ProcMon e amostra de dados"
cliente,Clientes,Ger\Dados\Backup\Clientes.DB,CodCid,CodCid,id_codigo,System.String,14,provavel,True,Paradox/BDE,identificador/vinculo,"validar em tela, ProcMon e amostra de dados"
cliente,Clientes,Ger\Dados\Backup\Clientes.DB,CodRam,CodRam,id_codigo,System.String,10,provavel,True,Paradox/BDE,identificador/vinculo,"validar em tela, ProcMon e amostra de dados"
cliente,Clientes,Ger\Dados\Backup\Clientes.DB,CodCpg,CodCpg,id_codigo,System.String,6,provavel,True,Paradox/BDE,identificador/vinculo,"validar em tela, ProcMon e amostra de dados"
cliente,Clientes,Ger\Dados\Backup\Clientes.DB,CodFpg,CodFpg,id_codigo,System.String,6,provavel,True,Paradox/BDE,identificador/vinculo,"validar em tela, ProcMon e amostra de dados"
cliente,Clientes,Ger\Dados\Backup\Clientes.DB,ArqLogCli,ArqLogCli,outro,System.String,400,desconhecido,True,Paradox/BDE,outro,"validar em tela, ProcMon e amostra de dados"
cliente,Clientes,Ger\Dados\Backup\Clientes.DB,Roteiro,Roteiro,outro,System.String,10,desconhecido,True,Paradox/BDE,outro,"validar em tela, ProcMon e amostra de dados"
cliente,Clientes,Ger\Dados\Backup\Clientes.DB,CCM,CCM,outro,System.String,20,desconhecido,True,Paradox/BDE,outro,"validar em tela, ProcMon e amostra de dados"
cliente,Clientes,Ger\Dados\Backup\Clientes.DB,FisJur,FisJur,outro,System.String,2,desconhecido,True,Paradox/BDE,outro,"validar em tela, ProcMon e amostra de dados"
cliente,Clientes,Ger\Dados\Backup\Clientes.DB,DatCad,Data,data_hora,System.DateTime,8,desconhecido,True,Paradox/BDE,data_hora,"validar em tela, ProcMon e amostra de dados"
cliente,Clientes,Ger\Dados\Backup\Clientes.DB,Status,Status,status_situacao,System.String,2,desconhecido,True,Paradox/BDE,status_situacao,"validar em tela, ProcMon e amostra de dados"
cliente,Clientes,Ger\Dados\Backup\Clientes.DB,Seg,Seg,outro,System.Boolean,1,desconhecido,True,Paradox/BDE,outro,"validar em tela, ProcMon e amostra de dados"
cliente,Clientes,Ger\Dados\Backup\Clientes.DB,Ter,Ter,outro,System.Boolean,1,desconhecido,True,Paradox/BDE,outro,"validar em tela, ProcMon e amostra de dados"
cliente,Clientes,Ger\Dados\Backup\Clientes.DB,Qua,Qua,outro,System.Boolean,1,desconhecido,True,Paradox/BDE,outro,"validar em tela, ProcMon e amostra de dados"
cliente,Clientes,Ger\Dados\Backup\Clientes.DB,Qui,Qui,outro,System.Boolean,1,desconhecido,True,Paradox/BDE,outro,"validar em tela, ProcMon e amostra de dados"
cliente,Clientes,Ger\Dados\Backup\Clientes.DB,Sex,Sex,outro,System.Boolean,1,desconhecido,True,Paradox/BDE,outro,"validar em tela, ProcMon e amostra de dados"
cliente,Clientes,Ger\Dados\Backup\Clientes.DB,Sab,Sab,outro,System.Boolean,1,desconhecido,True,Paradox/BDE,outro,"validar em tela, ProcMon e amostra de dados"
cliente,Clientes,Ger\Dados\Backup\Clientes.DB,Dom,Dom,outro,System.Boolean,1,desconhecido,True,Paradox/BDE,outro,"validar em tela, ProcMon e amostra de dados"
cliente,Clientes,Ger\Dados\Backup\Clientes.DB,BaiCli,BaiCli,outro,System.String,40,desconhecido,True,Paradox/BDE,outro,"validar em tela, ProcMon e amostra de dados"
cliente,Clientes,Ger\Dados\Backup\Clientes.DB,Desconto,Desconto/Descricao,valor_monetario,System.Double,8,desconhecido,True,Paradox/BDE,valor_monetario,"validar em tela, ProcMon e amostra de dados"
cliente,Clientes,Ger\Dados\Backup\Clientes.DB,DescontoFat,Desconto/Descricao,valor_monetario,System.Double,8,desconhecido,True,Paradox/BDE,valor_monetario,"validar em tela, ProcMon e amostra de dados"
cliente,Clientes,Ger\Dados\Backup\Clientes.DB,CodTab2,CodTab2,id_codigo,System.String,6,provavel,True,Paradox/BDE,identificador/vinculo,"validar em tela, ProcMon e amostra de dados"
cliente,Clientes,Ger\Dados\Backup\Clientes.DB,CodTab3,CodTab3,id_codigo,System.String,6,provavel,True,Paradox/BDE,identificador/vinculo,"validar em tela, ProcMon e amostra de dados"
cliente,Clientes,Ger\Dados\Backup\Clientes.DB,CodTab4,CodTab4,id_codigo,System.String,6,provavel,True,Paradox/BDE,identificador/vinculo,"validar em tela, ProcMon e amostra de dados"
cliente,Clientes,Ger\Dados\Backup\Clientes.DB,CodTab5,CodTab5,id_codigo,System.String,6,provavel,True,Paradox/BDE,identificador/vinculo,"validar em tela, ProcMon e amostra de dados"
cliente,Clientes,Ger\Dados\Backup\Clientes.DB,CodTab6,CodTab6,id_codigo,System.String,6,provavel,True,Paradox/BDE,identificador/vinculo,"validar em tela, ProcMon e amostra de dados"
cliente,Clientes,Ger\Dados\Backup\Clientes.DB,CodTab7,CodTab7,id_codigo,System.String,6,provavel,True,Paradox/BDE,identificador/vinculo,"validar em tela, ProcMon e amostra de dados"
cliente,Clientes,Ger\Dados\Backup\Clientes.DB,CodTab8,CodTab8,id_codigo,System.String,6,provavel,True,Paradox/BDE,identificador/vinculo,"validar em tela, ProcMon e amostra de dados"
cliente,Clientes,Ger\Dados\Backup\Clientes.DB,CodTab9,CodTab9,id_codigo,System.String,6,provavel,True,Paradox/BDE,identificador/vinculo,"validar em tela, ProcMon e amostra de dados"
cliente,Clientes,Ger\Dados\Backup\Clientes.DB,FixaTab,FixaTab,outro,System.Boolean,1,desconhecido,True,Paradox/BDE,outro,"validar em tela, ProcMon e amostra de dados"
cliente,Clientes,Ger\Dados\Backup\Clientes.DB,ControlaTab,ROL/OS,ordem_rol_ref,System.Int32,4,desconhecido,True,Paradox/BDE,identificador/vinculo,"validar em tela, ProcMon e amostra de dados"
cliente,Clientes,Ger\Dados\Backup\Clientes.DB,CodEmpree,CodEmpree,id_codigo,System.String,6,provavel,True,Paradox/BDE,identificador/vinculo,"validar em tela, ProcMon e amostra de dados"
cliente,Clientes,Ger\Dados\Backup\Clientes.DB,RazSocCli,RazSocCli,outro,System.String,80,desconhecido,True,Paradox/BDE,outro,"validar em tela, ProcMon e amostra de dados"
cliente,Clientes,Ger\Dados\Backup\Clientes.DB,CPFCli,CPF,cliente_ref,System.String,30,desconhecido,True,Paradox/BDE,identificador/vinculo,"validar em tela, ProcMon e amostra de dados"
cliente,Clientes,Ger\Dados\Backup\Clientes.DB,CodTransp,CodTransp,id_codigo,System.String,6,provavel,True,Paradox/BDE,identificador/vinculo,"validar em tela, ProcMon e amostra de dados"
cliente,Clientes,Ger\Dados\Backup\Clientes.DB,CodVen,CodVen,id_codigo,System.String,10,provavel,True,Paradox/BDE,identificador/vinculo,"validar em tela, ProcMon e amostra de dados"
cliente,Clientes,Ger\Dados\Backup\Clientes.DB,SaldoAnterior,SaldoAnterior,valor_monetario,System.Double,8,desconhecido,True,Paradox/BDE,valor_monetario,"validar em tela, ProcMon e amostra de dados"
cliente,Clientes,Ger\Dados\Backup\Clientes.DB,ObsSaldo,ObsSaldo,valor_monetario,System.String,100,desconhecido,True,Paradox/BDE,valor_monetario,"validar em tela, ProcMon e amostra de dados"
cliente,Clientes,Ger\Dados\Backup\Clientes.DB,Unidade,Unidade,produto_ref,System.String,10,provavel,True,Paradox/BDE,identificador/vinculo,"validar em tela, ProcMon e amostra de dados"
cliente,Clientes,Ger\Dados\Backup\Clientes.DB,ObsCli,ObsCli,texto_observacao,System.String,200,desconhecido,True,Paradox/BDE,texto_observacao,"validar em tela, ProcMon e amostra de dados"
cliente,Clientes,Ger\Dados\Backup\Clientes.DB,EntPVisita,EntPVisita,status_situacao,System.String,2,desconhecido,True,Paradox/BDE,status_situacao,"validar em tela, ProcMon e amostra de dados"
cliente,Clientes,Ger\Dados\Backup\Clientes.DB,Desativado,Desativado,fiscal_documento,System.String,2,desconhecido,True,Paradox/BDE,fiscal_documento,"validar em tela, ProcMon e amostra de dados"
cliente,Clientes,Ger\Dados\Backup\Clientes.DB,MotivoDesat,MotivoDesat,texto_observacao,System.String,100,desconhecido,True,Paradox/BDE,texto_observacao,"validar em tela, ProcMon e amostra de dados"
cliente,Clientes,Ger\Dados\Backup\Clientes.DB,TipoEntrega,TipoEntrega,status_situacao,System.String,2,desconhecido,True,Paradox/BDE,status_situacao,"validar em tela, ProcMon e amostra de dados"
cliente,Clientes,Ger\Dados\Backup\Clientes.DB,ObsCli2,ObsCli2,texto_observacao,System.String,200,desconhecido,True,Paradox/BDE,texto_observacao,"validar em tela, ProcMon e amostra de dados"
cliente,Clientes,Ger\Dados\Backup\Clientes.DB,ObsCli3,ObsCli3,texto_observacao,System.String,200,desconhecido,True,Paradox/BDE,texto_observacao,"validar em tela, ProcMon e amostra de dados"
cliente,Clientes,Ger\Dados\Backup\Clientes.DB,ObsCli4,ObsCli4,texto_observacao,System.String,200,desconhecido,True,Paradox/BDE,texto_observacao,"validar em tela, ProcMon e amostra de dados"
cliente,Clientes,Ger\Dados\Backup\Clientes.DB,DatNas,Data,data_hora,System.DateTime,8,desconhecido,True,Paradox/BDE,data_hora,"validar em tela, ProcMon e amostra de dados"
cliente,Clientes,Ger\Dados\Backup\Clientes.DB,Pontos,Pontos,ordem_rol_ref,System.Double,8,desconhecido,True,Paradox/BDE,identificador/vinculo,"validar em tela, ProcMon e amostra de dados"
cliente,Clientes,Ger\Dados\Backup\Clientes.DB,CompEnd,Endereco,cliente_ref,System.String,30,desconhecido,True,Paradox/BDE,identificador/vinculo,"validar em tela, ProcMon e amostra de dados"
cliente,Clientes,Ger\Dados\Backup\Clientes.DB,email,E-mail,cliente_ref,System.String,100,desconhecido,True,Paradox/BDE,identificador/vinculo,"validar em tela, ProcMon e amostra de dados"
cliente,Clientes,Ger\Dados\Backup\Clientes.DB,TelCli3,Telefone,cliente_ref,System.String,30,desconhecido,True,Paradox/BDE,identificador/vinculo,"validar em tela, ProcMon e amostra de dados"
cliente,Clientes,Ger\Dados\Backup\Clientes.DB,CodCliSec,Cliente,id_codigo,System.String,60,provavel,True,Paradox/BDE,identificador/vinculo,"validar em tela, ProcMon e amostra de dados"
cliente,Clientes,Ger\Dados\Backup\Clientes.DB,VlrFatLim,Valor,valor_monetario,System.Double,8,desconhecido,True,Paradox/BDE,valor_monetario,"validar em tela, ProcMon e amostra de dados"
cliente,Clientes,Ger\Dados\Backup\Clientes.DB,TipFatLim,TipFatLim,outro,System.String,2,desconhecido,True,Paradox/BDE,outro,"validar em tela, ProcMon e amostra de dados"
cliente,Clientes,Ger\Dados\Backup\Clientes.DB,CodCon,CodCon,id_codigo,System.String,10,provavel,True,Paradox/BDE,identificador/vinculo,"validar em tela, ProcMon e amostra de dados"
cliente,Clientes,Ger\Dados\Backup\Clientes.DB,GruCli2,GruCli2,outro,System.String,10,desconhecido,True,Paradox/BDE,outro,"validar em tela, ProcMon e amostra de dados"
cliente,Clientes,Ger\Dados\Backup\Clientes.DB,GruCli3,GruCli3,outro,System.String,10,desconhecido,True,Paradox/BDE,outro,"validar em tela, ProcMon e amostra de dados"
cliente,Clientes,Ger\Dados\Backup\Clientes.DB,ConEmiCar,ConEmiCar,outro,System.String,2,desconhecido,True,Paradox/BDE,outro,"validar em tela, ProcMon e amostra de dados"
cliente,Clientes,Ger\Dados\Backup\Clientes.DB,BanCai,BanCai,outro,System.String,20,desconhecido,True,Paradox/BDE,outro,"validar em tela, ProcMon e amostra de dados"
cliente,Clientes,Ger\Dados\Backup\Clientes.DB,EmiNot,EmiNot,outro,System.String,2,desconhecido,True,Paradox/BDE,outro,"validar em tela, ProcMon e amostra de dados"
cliente,Clientes,Ger\Dados\Backup\Clientes.DB,EmiBol,EmiBol,outro,System.String,2,desconhecido,True,Paradox/BDE,outro,"validar em tela, ProcMon e amostra de dados"
cliente,Clientes,Ger\Dados\Backup\Clientes.DB,SerieNF,SerieNF,fiscal_documento,System.String,2,desconhecido,True,Paradox/BDE,fiscal_documento,"validar em tela, ProcMon e amostra de dados"
cliente,Clientes,Ger\Dados\Backup\Clientes.DB,GruCli4,GruCli4,outro,System.String,10,desconhecido,True,Paradox/BDE,outro,"validar em tela, ProcMon e amostra de dados"
cliente,Clientes,Ger\Dados\Backup\Clientes.DB,Marcacao,Marcacao,produto_ref,System.String,10,desconhecido,True,Paradox/BDE,identificador/vinculo,"validar em tela, ProcMon e amostra de dados"
cliente,Clientes,Ger\Dados\Backup\Clientes.DB,MarcaVenda,Endereco,cliente_ref,System.String,10,desconhecido,True,Paradox/BDE,identificador/vinculo,"validar em tela, ProcMon e amostra de dados"
cliente,Clientes,Ger\Dados\Backup\Clientes.DB,MarcaAdm,MarcaAdm,produto_ref,System.String,10,desconhecido,True,Paradox/BDE,identificador/vinculo,"validar em tela, ProcMon e amostra de dados"
cliente,Clientes,Ger\Dados\Backup\Clientes.DB,BDExterno,BDExterno,outro,System.String,2,desconhecido,True,Paradox/BDE,outro,"validar em tela, ProcMon e amostra de dados"
cliente,Clientes,Ger\Dados\Backup\Clientes.DB,LimCred,LimCred,outro,System.Double,8,desconhecido,True,Paradox/BDE,outro,"validar em tela, ProcMon e amostra de dados"
cliente,Clientes,Ger\Dados\Backup\Clientes.DB,EmitDup,EmitDup,outro,System.String,2,desconhecido,True,Paradox/BDE,outro,"validar em tela, ProcMon e amostra de dados"
cliente,Clientes,Ger\Dados\Backup\Clientes.DB,RgCli,RgCli,cliente_ref,System.String,24,desconhecido,True,Paradox/BDE,identificador/vinculo,"validar em tela, ProcMon e amostra de dados"
cliente,Clientes,Ger\Dados\Backup\Clientes.DB,DatCan,Data,data_hora,System.DateTime,8,desconhecido,True,Paradox/BDE,data_hora,"validar em tela, ProcMon e amostra de dados"
cliente,Clientes,Ger\Dados\Backup\Clientes.DB,ResUsuario,ResUsuario,usuario_auditoria,System.String,20,desconhecido,True,Paradox/BDE,usuario_auditoria,"validar em tela, ProcMon e amostra de dados"
cliente,Clientes,Ger\Dados\Backup\Clientes.DB,ComisVen,ComisVen,outro,System.Double,8,desconhecido,True,Paradox/BDE,outro,"validar em tela, ProcMon e amostra de dados"
cliente,Clientes,Ger\Dados\Backup\Clientes.DB,OEmissor,OEmissor,data_hora,System.String,20,desconhecido,True,Paradox/BDE,data_hora,"validar em tela, ProcMon e amostra de dados"
cliente,Clientes,Ger\Dados\Backup\Clientes.DB,CodTipEnt,CodTipEnt,id_codigo,System.String,2,provavel,True,Paradox/BDE,identificador/vinculo,"validar em tela, ProcMon e amostra de dados"
cliente,Clientes,Ger\Dados\Backup\Clientes.DB,Sexo,Sexo,outro,System.String,2,desconhecido,True,Paradox/BDE,outro,"validar em tela, ProcMon e amostra de dados"
cliente,Clientes,Ger\Dados\Backup\Clientes.DB,EmailProm,E-mail,cliente_ref,System.String,2,desconhecido,True,Paradox/BDE,identificador/vinculo,"validar em tela, ProcMon e amostra de dados"
cliente,Clientes,Ger\Dados\Backup\Clientes.DB,EmailLacto,E-mail,cliente_ref,System.String,2,desconhecido,True,Paradox/BDE,identificador/vinculo,"validar em tela, ProcMon e amostra de dados"
cliente,Clientes,Ger\Dados\Backup\Clientes.DB,EmailProd,E-mail,cliente_ref,System.String,2,desconhecido,True,Paradox/BDE,identificador/vinculo,"validar em tela, ProcMon e amostra de dados"
cliente,Clientes,Ger\Dados\Backup\Clientes.DB,Senha,Senha,outro,System.String,20,desconhecido,True,Paradox/BDE,outro,"validar em tela, ProcMon e amostra de dados"
cliente,Clientes,Ger\Dados\Backup\Clientes.DB,CodVenCan,CodVenCan,id_codigo,System.String,10,provavel,True,Paradox/BDE,identificador/vinculo,"validar em tela, ProcMon e amostra de dados"
cliente,Clientes,Ger\Dados\Backup\Clientes.DB,HorCan,HorCan,ordem_rol_ref,System.DateTime,8,desconhecido,True,Paradox/BDE,identificador/vinculo,"validar em tela, ProcMon e amostra de dados"
cliente,Clientes,Ger\Dados\Backup\Clientes.DB,CodCan,CodCan,id_codigo,System.String,10,provavel,True,Paradox/BDE,identificador/vinculo,"validar em tela, ProcMon e amostra de dados"
cliente,Clientes,Ger\Dados\Backup\Clientes.DB,CodFaixa,CodFaixa,id_codigo,System.String,10,provavel,True,Paradox/BDE,identificador/vinculo,"validar em tela, ProcMon e amostra de dados"
cliente,Clientes,Ger\Dados\Backup\Clientes.DB,QdeFun,QdeFun,outro,System.Int32,4,desconhecido,True,Paradox/BDE,outro,"validar em tela, ProcMon e amostra de dados"
cliente,Clientes,Ger\Dados\Backup\Clientes.DB,TipPerCont,TipPerCont,outro,System.String,2,desconhecido,True,Paradox/BDE,outro,"validar em tela, ProcMon e amostra de dados"
cliente,Clientes,Ger\Dados\Backup\Clientes.DB,CartaoFid,CartaoFid,outro,System.String,40,provavel,True,Paradox/BDE,outro,"validar em tela, ProcMon e amostra de dados"
cliente,Clientes,Ger\Dados\Backup\Clientes.DB,CodConCli,CodConCli,id_codigo,System.String,20,provavel,True,Paradox/BDE,identificador/vinculo,"validar em tela, ProcMon e amostra de dados"
cliente,Clientes,Ger\Dados\Backup\Clientes.DB,DescISS,Desconto/Descricao,valor_monetario,System.Double,8,desconhecido,True,Paradox/BDE,valor_monetario,"validar em tela, ProcMon e amostra de dados"
cliente,Clientes,Ger\Dados\Backup\Clientes.DB,DiaPadPag,DiaPadPag,outro,System.Int32,4,desconhecido,True,Paradox/BDE,outro,"validar em tela, ProcMon e amostra de dados"
cliente,Clientes,Ger\Dados\Backup\Clientes.DB,Faixa,Faixa,outro,System.String,2,desconhecido,True,Paradox/BDE,outro,"validar em tela, ProcMon e amostra de dados"
cliente,Clientes,Ger\Dados\Backup\Clientes.DB,ControlEnt,ROL/OS,ordem_rol_ref,System.String,2,desconhecido,True,Paradox/BDE,identificador/vinculo,"validar em tela, ProcMon e amostra de dados"
cliente,Clientes,Ger\Dados\Backup\Clientes.DB,FatMinimo,FatMinimo,outro,System.Double,8,desconhecido,True,Paradox/BDE,outro,"validar em tela, ProcMon e amostra de dados"
cliente,Clientes,Ger\Dados\Backup\Clientes.DB,DatFil,Data,data_hora,System.DateTime,8,desconhecido,True,Paradox/BDE,data_hora,"validar em tela, ProcMon e amostra de dados"
cliente,Clientes,Ger\Dados\Backup\Clientes.DB,CodCart,CodCart,id_codigo,System.String,10,provavel,True,Paradox/BDE,identificador/vinculo,"validar em tela, ProcMon e amostra de dados"
cliente,Clientes,Ger\Dados\Backup\Clientes.DB,PesoLim,PesoLim,quantidade,System.Double,8,desconhecido,True,Paradox/BDE,quantidade,"validar em tela, ProcMon e amostra de dados"
cliente,Clientes,Ger\Dados\Backup\Clientes.DB,DiaPadFat,DiaPadFat,outro,System.Int32,4,desconhecido,True,Paradox/BDE,outro,"validar em tela, ProcMon e amostra de dados"
cliente,Clientes,Ger\Dados\Backup\Clientes.DB,FormatBol,FormatBol,outro,System.String,60,desconhecido,True,Paradox/BDE,outro,"validar em tela, ProcMon e amostra de dados"
cliente,Clientes,Ger\Dados\Backup\Clientes.DB,DesPagBol,DesPagBol,outro,System.Double,8,desconhecido,True,Paradox/BDE,outro,"validar em tela, ProcMon e amostra de dados"
outro,BlackList,Ger\Dados\BlackList.DB,Codigo,Codigo,id_codigo,System.String,12,provavel,True,Paradox/BDE,identificador/vinculo,"validar em tela, ProcMon e amostra de dados"
outro,BlackList,Ger\Dados\BlackList.DB,CodCli,Cliente,id_codigo,System.String,20,provavel,True,Paradox/BDE,identificador/vinculo,"validar em tela, ProcMon e amostra de dados"
outro,BlackList,Ger\Dados\BlackList.DB,DescRotina,Desconto/Descricao,valor_monetario,System.String,40,desconhecido,True,Paradox/BDE,valor_monetario,"validar em tela, ProcMon e amostra de dados"
outro,CadArea,Ger\Dados\CadArea.DB,CodArea,CodArea,id_codigo,System.String,6,provavel,True,Paradox/BDE,identificador/vinculo,"validar em tela, ProcMon e amostra de dados"
outro,CadArea,Ger\Dados\CadArea.DB,DesArea,DesArea,outro,System.String,40,desconhecido,True,Paradox/BDE,outro,"validar em tela, ProcMon e amostra de dados"
outro,CadArea,Ger\Dados\CadArea.DB,TipArea,TipArea,outro,System.String,6,desconhecido,True,Paradox/BDE,outro,"validar em tela, ProcMon e amostra de dados"
outro,CadArea,Ger\Dados\CadArea.DB,Cancelado,Celular,cliente_ref,System.String,2,desconhecido,True,Paradox/BDE,identificador/vinculo,"validar em tela, ProcMon e amostra de dados"
outro,CadArea,Ger\Dados\CadArea.DB,DatCan,Data,data_hora,System.DateTime,8,desconhecido,True,Paradox/BDE,data_hora,"validar em tela, ProcMon e amostra de dados"
outro,CadArea,Ger\Dados\CadArea.DB,MotivoCan,MotivoCan,texto_observacao,System.String,100,desconhecido,True,Paradox/BDE,texto_observacao,"validar em tela, ProcMon e amostra de dados"
outro,CadArea,Ger\Dados\CadArea.DB,Rotina,Rotina,outro,System.String,20,desconhecido,True,Paradox/BDE,outro,"validar em tela, ProcMon e amostra de dados"
outro,CadCart,Ger\Dados\CadCart.DB,CodCart,CodCart,id_codigo,System.String,10,provavel,True,Paradox/BDE,identificador/vinculo,"validar em tela, ProcMon e amostra de dados"
outro,CadCart,Ger\Dados\CadCart.DB,DesCart,Desconto/Descricao,valor_monetario,System.String,40,desconhecido,True,Paradox/BDE,valor_monetario,"validar em tela, ProcMon e amostra de dados"
outro,CadCart,Ger\Dados\CadCart.DB,Carteira,Carteira,outro,System.String,8,desconhecido,True,Paradox/BDE,outro,"validar em tela, ProcMon e amostra de dados"
outro,CadCart,Ger\Dados\CadCart.DB,Variacao,Variacao,outro,System.String,6,desconhecido,True,Paradox/BDE,outro,"validar em tela, ProcMon e amostra de dados"
outro,CadCart,Ger\Dados\CadCart.DB,Licenca,Licenca,outro,System.String,400,desconhecido,True,Paradox/BDE,outro,"validar em tela, ProcMon e amostra de dados"
outro,CadCenCus,Ger\Dados\CadCenCus.DB,CodCenCus,CodCenCus,id_codigo,System.String,6,provavel,True,Paradox/BDE,identificador/vinculo,"validar em tela, ProcMon e amostra de dados"
outro,CadCenCus,Ger\Dados\CadCenCus.DB,DesCenCus,Desconto/Descricao,valor_monetario,System.String,40,desconhecido,True,Paradox/BDE,valor_monetario,"validar em tela, ProcMon e amostra de dados"
outro,CadCenCus,Ger\Dados\CadCenCus.DB,ObsCenCus,ObsCenCus,texto_observacao,System.String,60,desconhecido,True,Paradox/BDE,texto_observacao,"validar em tela, ProcMon e amostra de dados"
outro,CadCenCus,Ger\Dados\CadCenCus.DB,Cancelado,Celular,cliente_ref,System.String,2,desconhecido,True,Paradox/BDE,identificador/vinculo,"validar em tela, ProcMon e amostra de dados"
outro,CadCenCus,Ger\Dados\CadCenCus.DB,DatCan,Data,data_hora,System.DateTime,8,desconhecido,True,Paradox/BDE,data_hora,"validar em tela, ProcMon e amostra de dados"
outro,CadCenCus,Ger\Dados\CadCenCus.DB,MotivoCan,MotivoCan,texto_observacao,System.String,100,desconhecido,True,Paradox/BDE,texto_observacao,"validar em tela, ProcMon e amostra de dados"
outro,CadCenCus,Ger\Dados\CadCenCus.DB,GruCenCus,GruCenCus,outro,System.String,10,desconhecido,True,Paradox/BDE,outro,"validar em tela, ProcMon e amostra de dados"
outro,CadCenCus,Ger\Dados\CadCenCus.DB,CodSecund,CodSecund,id_codigo,System.String,40,provavel,True,Paradox/BDE,identificador/vinculo,"validar em tela, ProcMon e amostra de dados"
outro,CadCenCus,Ger\Dados\CadCenCus.DB,Contabil,Contabil,outro,System.String,40,desconhecido,True,Paradox/BDE,outro,"validar em tela, ProcMon e amostra de dados"
outro,CadCenCus,Ger\Dados\CadCenCus.DB,CentroNeg,CentroNeg,outro,System.String,10,desconhecido,True,Paradox/BDE,outro,"validar em tela, ProcMon e amostra de dados"
outro,CadCla,Ger\Dados\CadCla.DB,CodCla,CodCla,id_codigo,System.String,6,provavel,True,Paradox/BDE,identificador/vinculo,"validar em tela, ProcMon e amostra de dados"
outro,CadCla,Ger\Dados\CadCla.DB,ImpRec,ImpRec,outro,System.String,2,desconhecido,True,Paradox/BDE,outro,"validar em tela, ProcMon e amostra de dados"
outro,CadCla,Ger\Dados\CadCla.DB,GruCla,GruCla,outro,System.String,10,desconhecido,True,Paradox/BDE,outro,"validar em tela, ProcMon e amostra de dados"
outro,CadCla,Ger\Dados\CadCla.DB,Trava,Trava,outro,System.String,2,desconhecido,True,Paradox/BDE,outro,"validar em tela, ProcMon e amostra de dados"
outro,CadCla,Ger\Dados\CadCla.DB,DesCla,Desconto/Descricao,valor_monetario,System.String,60,desconhecido,True,Paradox/BDE,valor_monetario,"validar em tela, ProcMon e amostra de dados"
outro,CadCla,Ger\Dados\CadCla.DB,ClaVal,ClaVal,outro,System.String,134,desconhecido,True,Paradox/BDE,outro,"validar em tela, ProcMon e amostra de dados"
outro,CadCla,Ger\Dados\CadCla.DB,Obs,Obs,texto_observacao,System.String,200,desconhecido,True,Paradox/BDE,texto_observacao,"validar em tela, ProcMon e amostra de dados"
outro,CadCla,Ger\Dados\CadCla.DB,TipCla,TipCla,outro,System.String,2,desconhecido,True,Paradox/BDE,outro,"validar em tela, ProcMon e amostra de dados"
outro,CadCla,Ger\Dados\CadCla.DB,GruClaRSF,GruClaRSF,outro,System.Int32,4,desconhecido,True,Paradox/BDE,outro,"validar em tela, ProcMon e amostra de dados"
outro,CadCla,Ger\Dados\CadCla.DB,RecDes,RecDes,outro,System.String,20,desconhecido,True,Paradox/BDE,outro,"validar em tela, ProcMon e amostra de dados"
outro,CadCla,Ger\Dados\CadCla.DB,Cancelado,Celular,cliente_ref,System.String,2,desconhecido,True,Paradox/BDE,identificador/vinculo,"validar em tela, ProcMon e amostra de dados"
outro,CadCla,Ger\Dados\CadCla.DB,Contabil,Contabil,outro,System.String,40,desconhecido,True,Paradox/BDE,outro,"validar em tela, ProcMon e amostra de dados"
outro,CadCla,Ger\Dados\CadCla.DB,Contabil2,Contabil2,outro,System.String,40,desconhecido,True,Paradox/BDE,outro,"validar em tela, ProcMon e amostra de dados"
outro,CadCla,Ger\Dados\CadCla.DB,ComFaixa,ComFaixa,outro,System.String,2,desconhecido,True,Paradox/BDE,outro,"validar em tela, ProcMon e amostra de dados"
outro,CadCla,Ger\Dados\CadCla.DB,BasImpSer,BasImpSer,outro,System.Double,8,desconhecido,True,Paradox/BDE,outro,"validar em tela, ProcMon e amostra de dados"
outro,CadClaAlt,Ger\Dados\CadClaAlt.DB,CodClaAlt,CodClaAlt,id_codigo,System.String,10,provavel,True,Paradox/BDE,identificador/vinculo,"validar em tela, ProcMon e amostra de dados"
outro,CadClaAlt,Ger\Dados\CadClaAlt.DB,DesClaAlt,Desconto/Descricao,valor_monetario,System.String,40,desconhecido,True,Paradox/BDE,valor_monetario,"validar em tela, ProcMon e amostra de dados"
outro,CadClaAlt,Ger\Dados\CadClaAlt.DB,ObsClaAlt,ObsClaAlt,data_hora,System.String,40,desconhecido,True,Paradox/BDE,data_hora,"validar em tela, ProcMon e amostra de dados"
outro,CadClaAlt,Ger\Dados\CadClaAlt.DB,Cancelado,Celular,cliente_ref,System.String,2,desconhecido,True,Paradox/BDE,identificador/vinculo,"validar em tela, ProcMon e amostra de dados"
outro,CadClaAlt,Ger\Dados\CadClaAlt.DB,MotivoCan,MotivoCan,texto_observacao,System.String,100,desconhecido,True,Paradox/BDE,texto_observacao,"validar em tela, ProcMon e amostra de dados"
outro,CadClaAlt,Ger\Dados\CadClaAlt.DB,DatCan,Data,data_hora,System.DateTime,8,desconhecido,True,Paradox/BDE,data_hora,"validar em tela, ProcMon e amostra de dados"
outro,CadClaProc,Ger\Dados\CadClaProc.DB,CodClaProc,CodClaProc,id_codigo,System.String,10,provavel,True,Paradox/BDE,identificador/vinculo,"validar em tela, ProcMon e amostra de dados"
outro,CadClaProc,Ger\Dados\CadClaProc.DB,GruProces,GruProces,outro,System.String,20,desconhecido,True,Paradox/BDE,outro,"validar em tela, ProcMon e amostra de dados"
outro,CadClaProc,Ger\Dados\CadClaProc.DB,DesClaProc,Desconto/Descricao,valor_monetario,System.String,100,desconhecido,True,Paradox/BDE,valor_monetario,"validar em tela, ProcMon e amostra de dados"
outro,CadClaProc,Ger\Dados\CadClaProc.DB,Cancelado,Celular,cliente_ref,System.String,2,desconhecido,True,Paradox/BDE,identificador/vinculo,"validar em tela, ProcMon e amostra de dados"
outro,CadClaProj,Ger\Dados\CadClaProj.DB,CodClaProj,CodClaProj,id_codigo,System.String,10,provavel,True,Paradox/BDE,identificador/vinculo,"validar em tela, ProcMon e amostra de dados"
outro,CadClaProj,Ger\Dados\CadClaProj.DB,DesClaProj,Desconto/Descricao,valor_monetario,System.String,60,desconhecido,True,Paradox/BDE,valor_monetario,"validar em tela, ProcMon e amostra de dados"
outro,CadClaProj,Ger\Dados\CadClaProj.DB,Obs,Obs,texto_observacao,System.String,100,desconhecido,True,Paradox/BDE,texto_observacao,"validar em tela, ProcMon e amostra de dados"
outro,CadClaProj,Ger\Dados\CadClaProj.DB,Cancelado,Celular,cliente_ref,System.String,2,desconhecido,True,Paradox/BDE,identificador/vinculo,"validar em tela, ProcMon e amostra de dados"
outro,CadClaProj,Ger\Dados\CadClaProj.DB,MotivoCan,MotivoCan,texto_observacao,System.String,100,desconhecido,True,Paradox/BDE,texto_observacao,"validar em tela, ProcMon e amostra de dados"
outro,CadClaProj,Ger\Dados\CadClaProj.DB,DatCan,Data,data_hora,System.DateTime,8,desconhecido,True,Paradox/BDE,data_hora,"validar em tela, ProcMon e amostra de dados"
outro,CadClaSub,Ger\Dados\CadClaSub.DB,CodCla,CodCla,id_codigo,System.String,6,provavel,True,Paradox/BDE,identificador/vinculo,"validar em tela, ProcMon e amostra de dados"
outro,CadClaSub,Ger\Dados\CadClaSub.DB,CodSubC,CodSubC,id_codigo,System.String,6,provavel,True,Paradox/BDE,identificador/vinculo,"validar em tela, ProcMon e amostra de dados"
outro,CadClaSub,Ger\Dados\CadClaSub.DB,DesClaSub,Desconto/Descricao,valor_monetario,System.String,50,desconhecido,True,Paradox/BDE,valor_monetario,"validar em tela, ProcMon e amostra de dados"
outro,CadCon,Ger\Dados\CadCon.DB,CodCon,CodCon,id_codigo,System.String,10,provavel,True,Paradox/BDE,identificador/vinculo,"validar em tela, ProcMon e amostra de dados"
outro,CadCon,Ger\Dados\CadCon.DB,DesCon,Desconto/Descricao,valor_monetario,System.String,60,desconhecido,True,Paradox/BDE,valor_monetario,"validar em tela, ProcMon e amostra de dados"
outro,CadCon,Ger\Dados\CadCon.DB,ConVal,ConVal,outro,System.String,134,desconhecido,True,Paradox/BDE,outro,"validar em tela, ProcMon e amostra de dados"
outro,CadCon,Ger\Dados\CadCon.DB,Obs,Obs,texto_observacao,System.String,200,desconhecido,True,Paradox/BDE,texto_observacao,"validar em tela, ProcMon e amostra de dados"
outro,CadCon,Ger\Dados\CadCon.DB,Cancelado,Celular,cliente_ref,System.String,2,desconhecido,True,Paradox/BDE,identificador/vinculo,"validar em tela, ProcMon e amostra de dados"
outro,CadCon,Ger\Dados\CadCon.DB,MotivoCan,MotivoCan,texto_observacao,System.String,100,desconhecido,True,Paradox/BDE,texto_observacao,"validar em tela, ProcMon e amostra de dados"
outro,CadCon,Ger\Dados\CadCon.DB,DatCan,Data,data_hora,System.DateTime,8,desconhecido,True,Paradox/BDE,data_hora,"validar em tela, ProcMon e amostra de dados"
outro,CadCont,Ger\Dados\CadCont.DB,CodCont,CodCont,id_codigo,System.Int32,4,provavel,True,Paradox/BDE,identificador/vinculo,"validar em tela, ProcMon e amostra de dados"
outro,CadCont,Ger\Dados\CadCont.DB,DesCont,Desconto/Descricao,valor_monetario,System.String,40,desconhecido,True,Paradox/BDE,valor_monetario,"validar em tela, ProcMon e amostra de dados"
outro,CadCont,Ger\Dados\CadCont.DB,Titulo,Titulo,outro,System.String,100,desconhecido,True,Paradox/BDE,outro,"validar em tela, ProcMon e amostra de dados"
outro,CadCont,Ger\Dados\CadCont.DB,Cancelado,Celular,cliente_ref,System.String,2,desconhecido,True,Paradox/BDE,identificador/vinculo,"validar em tela, ProcMon e amostra de dados"
outro,CadCont,Ger\Dados\CadCont.DB,MotivoCan,MotivoCan,texto_observacao,System.String,100,desconhecido,True,Paradox/BDE,texto_observacao,"validar em tela, ProcMon e amostra de dados"
outro,CadCont,Ger\Dados\CadCont.DB,DatCan,Data,data_hora,System.DateTime,8,desconhecido,True,Paradox/BDE,data_hora,"validar em tela, ProcMon e amostra de dados"
outro,CadContCon,Ger\Dados\CadContCon.DB,CodCont,CodCont,id_codigo,System.Int32,4,provavel,True,Paradox/BDE,identificador/vinculo,"validar em tela, ProcMon e amostra de dados"
outro,CadContCon,Ger\Dados\CadContCon.DB,CodContCon,CodContCon,id_codigo,System.Int32,4,provavel,True,Paradox/BDE,identificador/vinculo,"validar em tela, ProcMon e amostra de dados"
outro,CadContCon,Ger\Dados\CadContCon.DB,DesContCon,Desconto/Descricao,valor_monetario,System.String,60,desconhecido,True,Paradox/BDE,valor_monetario,"validar em tela, ProcMon e amostra de dados"
outro,CadContCon,Ger\Dados\CadContCon.DB,Obs,Obs,texto_observacao,System.String,100,desconhecido,True,Paradox/BDE,texto_observacao,"validar em tela, ProcMon e amostra de dados"
outro,CadContCon,Ger\Dados\CadContCon.DB,Cancelado,Celular,cliente_ref,System.String,2,desconhecido,True,Paradox/BDE,identificador/vinculo,"validar em tela, ProcMon e amostra de dados"
outro,CadContCon,Ger\Dados\CadContCon.DB,DatCan,Data,data_hora,System.DateTime,8,desconhecido,True,Paradox/BDE,data_hora,"validar em tela, ProcMon e amostra de dados"
outro,CadContCon,Ger\Dados\CadContCon.DB,HorCan,HorCan,ordem_rol_ref,System.DateTime,8,desconhecido,True,Paradox/BDE,identificador/vinculo,"validar em tela, ProcMon e amostra de dados"
outro,CadCpg,Ger\Dados\CadCpg.DB,CodCpg,CodCpg,id_codigo,System.String,6,provavel,True,Paradox/BDE,identificador/vinculo,"validar em tela, ProcMon e amostra de dados"
outro,CadCpg,Ger\Dados\CadCpg.DB,DesCpg,Desconto/Descricao,valor_monetario,System.String,40,desconhecido,True,Paradox/BDE,valor_monetario,"validar em tela, ProcMon e amostra de dados"
outro,CadCpg,Ger\Dados\CadCpg.DB,Porc01,Porc01,ordem_rol_ref,System.Double,8,desconhecido,True,Paradox/BDE,identificador/vinculo,"validar em tela, ProcMon e amostra de dados"
outro,CadCpg,Ger\Dados\CadCpg.DB,Porc02,Porc02,ordem_rol_ref,System.Double,8,desconhecido,True,Paradox/BDE,identificador/vinculo,"validar em tela, ProcMon e amostra de dados"
outro,CadCpg,Ger\Dados\CadCpg.DB,Porc03,Porc03,ordem_rol_ref,System.Double,8,desconhecido,True,Paradox/BDE,identificador/vinculo,"validar em tela, ProcMon e amostra de dados"
outro,CadCpg,Ger\Dados\CadCpg.DB,Porc04,Porc04,ordem_rol_ref,System.Double,8,desconhecido,True,Paradox/BDE,identificador/vinculo,"validar em tela, ProcMon e amostra de dados"
outro,CadCpg,Ger\Dados\CadCpg.DB,Porc05,Porc05,ordem_rol_ref,System.Double,8,desconhecido,True,Paradox/BDE,identificador/vinculo,"validar em tela, ProcMon e amostra de dados"
outro,CadCpg,Ger\Dados\CadCpg.DB,Dias01,Dias01,outro,System.Double,8,desconhecido,True,Paradox/BDE,outro,"validar em tela, ProcMon e amostra de dados"
outro,CadCpg,Ger\Dados\CadCpg.DB,Dias02,Dias02,outro,System.Double,8,desconhecido,True,Paradox/BDE,outro,"validar em tela, ProcMon e amostra de dados"
outro,CadCpg,Ger\Dados\CadCpg.DB,Dias03,Dias03,outro,System.Double,8,desconhecido,True,Paradox/BDE,outro,"validar em tela, ProcMon e amostra de dados"
outro,CadCpg,Ger\Dados\CadCpg.DB,Dias04,Dias04,outro,System.Double,8,desconhecido,True,Paradox/BDE,outro,"validar em tela, ProcMon e amostra de dados"
outro,CadCpg,Ger\Dados\CadCpg.DB,Dias05,Dias05,outro,System.Double,8,desconhecido,True,Paradox/BDE,outro,"validar em tela, ProcMon e amostra de dados"
outro,CadCpg,Ger\Dados\CadCpg.DB,SabDomFer,SabDomFer,outro,System.Boolean,1,desconhecido,True,Paradox/BDE,outro,"validar em tela, ProcMon e amostra de dados"
outro,CadCpg,Ger\Dados\CadCpg.DB,PedeVenDup,Endereco,cliente_ref,System.String,2,desconhecido,True,Paradox/BDE,identificador/vinculo,"validar em tela, ProcMon e amostra de dados"
fiscal,CadDesatCli,Ger\Dados\CadDesatCli.DB,CodMotDes,CodMotDes,id_codigo,System.String,10,provavel,True,Paradox/BDE,identificador/vinculo,"validar em tela, ProcMon e amostra de dados"
fiscal,CadDesatCli,Ger\Dados\CadDesatCli.DB,DesMotDes,DesMotDes,outro,System.String,60,desconhecido,True,Paradox/BDE,outro,"validar em tela, ProcMon e amostra de dados"
outro,CadDesc,Ger\Dados\CadDesc.DB,CodDesc,Desconto/Descricao,id_codigo,System.String,10,provavel,True,Paradox/BDE,identificador/vinculo,"validar em tela, ProcMon e amostra de dados"
outro,CadDesc,Ger\Dados\CadDesc.DB,DesDesc,Desconto/Descricao,valor_monetario,System.String,60,desconhecido,True,Paradox/BDE,valor_monetario,"validar em tela, ProcMon e amostra de dados"
outro,CadDesc,Ger\Dados\CadDesc.DB,Desconto,Desconto/Descricao,valor_monetario,System.Double,8,desconhecido,True,Paradox/BDE,valor_monetario,"validar em tela, ProcMon e amostra de dados"
outro,CadDesc,Ger\Dados\CadDesc.DB,TipDesc,Desconto/Descricao,valor_monetario,System.String,2,desconhecido,True,Paradox/BDE,valor_monetario,"validar em tela, ProcMon e amostra de dados"
outro,CadDesc,Ger\Dados\CadDesc.DB,Cancelado,Celular,cliente_ref,System.String,2,desconhecido,True,Paradox/BDE,identificador/vinculo,"validar em tela, ProcMon e amostra de dados"
outro,CadDesc,Ger\Dados\CadDesc.DB,ACadaPc,ACadaPc,data_hora,System.Int32,4,desconhecido,True,Paradox/BDE,data_hora,"validar em tela, ProcMon e amostra de dados"
outro,CadDesc,Ger\Dados\CadDesc.DB,LeveFree,LeveFree,outro,System.Int32,4,desconhecido,True,Paradox/BDE,outro,"validar em tela, ProcMon e amostra de dados"
outro,CadDesc,Ger\Dados\CadDesc.DB,DatInicio,Data,data_hora,System.DateTime,8,desconhecido,True,Paradox/BDE,data_hora,"validar em tela, ProcMon e amostra de dados"
outro,CadDesc,Ger\Dados\CadDesc.DB,DatFinal,Data,data_hora,System.DateTime,8,desconhecido,True,Paradox/BDE,data_hora,"validar em tela, ProcMon e amostra de dados"
outro,CadDesc,Ger\Dados\CadDesc.DB,DesabDesc,Desconto/Descricao,valor_monetario,System.Boolean,1,desconhecido,True,Paradox/BDE,valor_monetario,"validar em tela, ProcMon e amostra de dados"
outro,CadDesc,Ger\Dados\CadDesc.DB,LevePerc,LevePerc,outro,System.Double,8,desconhecido,True,Paradox/BDE,outro,"validar em tela, ProcMon e amostra de dados"
outro,CadDesc,Ger\Dados\CadDesc.DB,Promocao,Promocao,outro,System.Boolean,1,desconhecido,True,Paradox/BDE,outro,"validar em tela, ProcMon e amostra de dados"
outro,CadDesc,Ger\Dados\CadDesc.DB,DescNaHora,Desconto/Descricao,valor_monetario,System.Boolean,1,desconhecido,True,Paradox/BDE,valor_monetario,"validar em tela, ProcMon e amostra de dados"
outro,CadDescDia,Ger\Dados\CadDescDia.DB,CodDesc,Desconto/Descricao,id_codigo,System.String,10,provavel,True,Paradox/BDE,identificador/vinculo,"validar em tela, ProcMon e amostra de dados"
outro,CadDescDia,Ger\Dados\CadDescDia.DB,Domingo,Domingo,outro,System.Boolean,1,desconhecido,True,Paradox/BDE,outro,"validar em tela, ProcMon e amostra de dados"
outro,CadDescDia,Ger\Dados\CadDescDia.DB,Segunda,Segunda,outro,System.Boolean,1,desconhecido,True,Paradox/BDE,outro,"validar em tela, ProcMon e amostra de dados"
outro,CadDescDia,Ger\Dados\CadDescDia.DB,Terca,Terca,outro,System.Boolean,1,desconhecido,True,Paradox/BDE,outro,"validar em tela, ProcMon e amostra de dados"
outro,CadDescDia,Ger\Dados\CadDescDia.DB,Quarta,Quarta,outro,System.Boolean,1,desconhecido,True,Paradox/BDE,outro,"validar em tela, ProcMon e amostra de dados"
outro,CadDescDia,Ger\Dados\CadDescDia.DB,Quinta,Quinta,outro,System.Boolean,1,desconhecido,True,Paradox/BDE,outro,"validar em tela, ProcMon e amostra de dados"
outro,CadDescDia,Ger\Dados\CadDescDia.DB,Sexta,Sexta,outro,System.Boolean,1,desconhecido,True,Paradox/BDE,outro,"validar em tela, ProcMon e amostra de dados"
outro,CadDescDia,Ger\Dados\CadDescDia.DB,Sabado,Sabado,outro,System.Boolean,1,desconhecido,True,Paradox/BDE,outro,"validar em tela, ProcMon e amostra de dados"
outro,CadDescDia,Ger\Dados\CadDescDia.DB,Ativa,Ativa,outro,System.Boolean,1,desconhecido,True,Paradox/BDE,outro,"validar em tela, ProcMon e amostra de dados"
outro,CadDescGru,Ger\Dados\CadDescGru.DB,CodDesc,Desconto/Descricao,id_codigo,System.String,10,provavel,True,Paradox/BDE,identificador/vinculo,"validar em tela, ProcMon e amostra de dados"
outro,CadDescGru,Ger\Dados\CadDescGru.DB,GruPro,GruPro,outro,System.String,10,desconhecido,True,Paradox/BDE,outro,"validar em tela, ProcMon e amostra de dados"
outro,CadDescGru,Ger\Dados\CadDescGru.DB,Obs,Obs,texto_observacao,System.String,100,desconhecido,True,Paradox/BDE,texto_observacao,"validar em tela, ProcMon e amostra de dados"
outro,CadDescProd,Ger\Dados\CadDescProd.DB,CodDesc,Desconto/Descricao,id_codigo,System.String,10,provavel,True,Paradox/BDE,identificador/vinculo,"validar em tela, ProcMon e amostra de dados"
outro,CadDescProd,Ger\Dados\CadDescProd.DB,CodPro,CodPro,id_codigo,System.String,6,provavel,True,Paradox/BDE,identificador/vinculo,"validar em tela, ProcMon e amostra de dados"
outro,CadDescProd,Ger\Dados\CadDescProd.DB,Quantidade,Quantidade,quantidade,System.Int32,4,provavel,True,Paradox/BDE,quantidade,"validar em tela, ProcMon e amostra de dados"
outro,CadDescTipEnt,Ger\Dados\CadDescTipEnt.DB,CodDesc,Desconto/Descricao,id_codigo,System.String,10,provavel,True,Paradox/BDE,identificador/vinculo,"validar em tela, ProcMon e amostra de dados"
outro,CadDescTipEnt,Ger\Dados\CadDescTipEnt.DB,CodTipEnt,CodTipEnt,id_codigo,System.String,2,provavel,True,Paradox/BDE,identificador/vinculo,"validar em tela, ProcMon e amostra de dados"
outro,CadDescTipEnt,Ger\Dados\CadDescTipEnt.DB,Obs,Obs,texto_observacao,System.String,100,desconhecido,True,Paradox/BDE,texto_observacao,"validar em tela, ProcMon e amostra de dados"
outro,CadFaiCom,Ger\Dados\CadFaiCom.DB,CodFaiCom,CodFaiCom,id_codigo,System.String,10,provavel,True,Paradox/BDE,identificador/vinculo,"validar em tela, ProcMon e amostra de dados"
outro,CadFaiCom,Ger\Dados\CadFaiCom.DB,DesFaiCom,DesFaiCom,outro,System.String,60,desconhecido,True,Paradox/BDE,outro,"validar em tela, ProcMon e amostra de dados"
outro,CadFaiCom,Ger\Dados\CadFaiCom.DB,ValCom,ValCom,outro,System.Double,8,desconhecido,True,Paradox/BDE,outro,"validar em tela, ProcMon e amostra de dados"
outro,CadFaiCom,Ger\Dados\CadFaiCom.DB,TipFaiCom,TipFaiCom,outro,System.String,2,desconhecido,True,Paradox/BDE,outro,"validar em tela, ProcMon e amostra de dados"
outro,CadFaixa,Ger\Dados\CadFaixa.DB,CodFaixa,CodFaixa,id_codigo,System.String,10,provavel,True,Paradox/BDE,identificador/vinculo,"validar em tela, ProcMon e amostra de dados"
outro,CadFaixa,Ger\Dados\CadFaixa.DB,DesFaixa,DesFaixa,outro,System.String,40,desconhecido,True,Paradox/BDE,outro,"validar em tela, ProcMon e amostra de dados"
outro,CadFaixa,Ger\Dados\CadFaixa.DB,InFaixa,InFaixa,fiscal_documento,System.Double,8,desconhecido,True,Paradox/BDE,fiscal_documento,"validar em tela, ProcMon e amostra de dados"
outro,CadFaixa,Ger\Dados\CadFaixa.DB,FimFaixa,FimFaixa,outro,System.Double,8,desconhecido,True,Paradox/BDE,outro,"validar em tela, ProcMon e amostra de dados"
outro,CadFaixa,Ger\Dados\CadFaixa.DB,ValFaixa,ValFaixa,outro,System.Double,8,desconhecido,True,Paradox/BDE,outro,"validar em tela, ProcMon e amostra de dados"
outro,CadFpg,Ger\Dados\CadFpg.DB,CodFpg,CodFpg,id_codigo,System.String,6,provavel,True,Paradox/BDE,identificador/vinculo,"validar em tela, ProcMon e amostra de dados"
outro,CadFpg,Ger\Dados\CadFpg.DB,DesFpg,DesFpg,outro,System.String,40,desconhecido,True,Paradox/BDE,outro,"validar em tela, ProcMon e amostra de dados"
outro,CadFpg,Ger\Dados\CadFpg.DB,TipFpg,TipFpg,outro,System.String,4,desconhecido,True,Paradox/BDE,outro,"validar em tela, ProcMon e amostra de dados"
outro,CadFpg,Ger\Dados\CadFpg.DB,EmiBol,EmiBol,outro,System.String,6,desconhecido,True,Paradox/BDE,outro,"validar em tela, ProcMon e amostra de dados"
outro,CadFpg,Ger\Dados\CadFpg.DB,CodCon,CodCon,id_codigo,System.String,22,provavel,True,Paradox/BDE,identificador/vinculo,"validar em tela, ProcMon e amostra de dados"
outro,CadFpg,Ger\Dados\CadFpg.DB,TipLan,TipLan,outro,System.String,2,desconhecido,True,Paradox/BDE,outro,"validar em tela, ProcMon e amostra de dados"
outro,CadFpg,Ger\Dados\CadFpg.DB,Taxa,Taxa,outro,System.Double,8,desconhecido,True,Paradox/BDE,outro,"validar em tela, ProcMon e amostra de dados"
outro,CadFpg,Ger\Dados\CadFpg.DB,PraPag,PraPag,outro,System.Double,8,desconhecido,True,Paradox/BDE,outro,"validar em tela, ProcMon e amostra de dados"
outro,CadFpg,Ger\Dados\CadFpg.DB,BaixaAutomatica,BaixaAutomatica,status_situacao,System.String,6,desconhecido,True,Paradox/BDE,status_situacao,"validar em tela, ProcMon e amostra de dados"
outro,CadFpg,Ger\Dados\CadFpg.DB,Desconto,Desconto/Descricao,valor_monetario,System.Double,8,desconhecido,True,Paradox/BDE,valor_monetario,"validar em tela, ProcMon e amostra de dados"
outro,CadFpg,Ger\Dados\CadFpg.DB,DesCalculo,Desconto/Descricao,valor_monetario,System.Double,8,desconhecido,True,Paradox/BDE,valor_monetario,"validar em tela, ProcMon e amostra de dados"
outro,CadFpg,Ger\Dados\CadFpg.DB,RecDes,RecDes,outro,System.String,20,desconhecido,True,Paradox/BDE,outro,"validar em tela, ProcMon e amostra de dados"
outro,CadFpg,Ger\Dados\CadFpg.DB,Cancelado,Celular,cliente_ref,System.String,2,desconhecido,True,Paradox/BDE,identificador/vinculo,"validar em tela, ProcMon e amostra de dados"
outro,CadFpg,Ger\Dados\CadFpg.DB,MotivoCan,MotivoCan,texto_observacao,System.String,100,desconhecido,True,Paradox/BDE,texto_observacao,"validar em tela, ProcMon e amostra de dados"
outro,CadFpg,Ger\Dados\CadFpg.DB,DatCan,Data,data_hora,System.DateTime,8,desconhecido,True,Paradox/BDE,data_hora,"validar em tela, ProcMon e amostra de dados"
outro,CadFpg,Ger\Dados\CadFpg.DB,CodClas,CodClas,id_codigo,System.String,6,provavel,True,Paradox/BDE,identificador/vinculo,"validar em tela, ProcMon e amostra de dados"
outro,CadFpg,Ger\Dados\CadFpg.DB,CodSubC,CodSubC,id_codigo,System.String,6,provavel,True,Paradox/BDE,identificador/vinculo,"validar em tela, ProcMon e amostra de dados"
outro,CadFpg,Ger\Dados\CadFpg.DB,CodCenCus,CodCenCus,id_codigo,System.String,6,provavel,True,Paradox/BDE,identificador/vinculo,"validar em tela, ProcMon e amostra de dados"
outro,CadFpg,Ger\Dados\CadFpg.DB,HorCan,HorCan,ordem_rol_ref,System.DateTime,8,desconhecido,True,Paradox/BDE,identificador/vinculo,"validar em tela, ProcMon e amostra de dados"
outro,CadFpg,Ger\Dados\CadFpg.DB,CodVenCan,CodVenCan,id_codigo,System.String,10,provavel,True,Paradox/BDE,identificador/vinculo,"validar em tela, ProcMon e amostra de dados"
outro,CadFpg,Ger\Dados\CadFpg.DB,DescPagAnt,Desconto/Descricao,valor_monetario,System.Int32,4,desconhecido,True,Paradox/BDE,valor_monetario,"validar em tela, ProcMon e amostra de dados"
outro,CadFpg,Ger\Dados\CadFpg.DB,Bandeira,Bandeira,outro,System.String,2,desconhecido,True,Paradox/BDE,outro,"validar em tela, ProcMon e amostra de dados"
outro,CadFpg,Ger\Dados\CadFpg.DB,NumDoc,NumDoc,id_codigo,System.String,2,provavel,True,Paradox/BDE,identificador/vinculo,"validar em tela, ProcMon e amostra de dados"
outro,CadFpg,Ger\Dados\CadFpg.DB,ConValCre,ConValCre,outro,System.String,2,desconhecido,True,Paradox/BDE,outro,"validar em tela, ProcMon e amostra de dados"
outro,CadFpg,Ger\Dados\CadFpg.DB,QdeDiaCre,QdeDiaCre,outro,System.Double,8,desconhecido,True,Paradox/BDE,outro,"validar em tela, ProcMon e amostra de dados"
outro,CadFpg,Ger\Dados\CadFpg.DB,GerPonFid,GerPonFid,fiscal_documento,System.String,2,provavel,True,Paradox/BDE,fiscal_documento,"validar em tela, ProcMon e amostra de dados"
outro,CadFpg,Ger\Dados\CadFpg.DB,GeraFinEnc,GeraFinEnc,outro,System.String,2,desconhecido,True,Paradox/BDE,outro,"validar em tela, ProcMon e amostra de dados"
outro,CadFpg,Ger\Dados\CadFpg.DB,ParcCarCre,ParcCarCre,outro,System.String,2,desconhecido,True,Paradox/BDE,outro,"validar em tela, ProcMon e amostra de dados"
outro,CadFpg,Ger\Dados\CadFpg.DB,QtdParcCre,Quantidade,quantidade,System.Int32,4,provavel,True,Paradox/BDE,quantidade,"validar em tela, ProcMon e amostra de dados"
outro,CadFpg,Ger\Dados\CadFpg.DB,DatIniFpg,Data,data_hora,System.DateTime,8,desconhecido,True,Paradox/BDE,data_hora,"validar em tela, ProcMon e amostra de dados"
outro,CadFpg,Ger\Dados\CadFpg.DB,DatFimFpg,Data,data_hora,System.DateTime,8,desconhecido,True,Paradox/BDE,data_hora,"validar em tela, ProcMon e amostra de dados"
outro,CadFpg,Ger\Dados\CadFpg.DB,GeraPagtoFacil,GeraPagtoFacil,valor_monetario,System.Boolean,1,desconhecido,True,Paradox/BDE,valor_monetario,"validar em tela, ProcMon e amostra de dados"
outro,CadGruSerLav,Ger\Dados\CadGruSerLav.DB,GruSerLav,GruSerLav,outro,System.String,10,desconhecido,True,Paradox/BDE,outro,"validar em tela, ProcMon e amostra de dados"
outro,CadGruSerLav,Ger\Dados\CadGruSerLav.DB,DesGruSerLav,DesGruSerLav,outro,System.String,40,desconhecido,True,Paradox/BDE,outro,"validar em tela, ProcMon e amostra de dados"
outro,CadGruSerLav,Ger\Dados\CadGruSerLav.DB,Obs,Obs,texto_observacao,System.String,60,desconhecido,True,Paradox/BDE,texto_observacao,"validar em tela, ProcMon e amostra de dados"
outro,CadGruSerLav,Ger\Dados\CadGruSerLav.DB,Cancelado,Celular,cliente_ref,System.String,2,desconhecido,True,Paradox/BDE,identificador/vinculo,"validar em tela, ProcMon e amostra de dados"
outro,CadGruSerLav,Ger\Dados\CadGruSerLav.DB,DatCan,Data,data_hora,System.DateTime,8,desconhecido,True,Paradox/BDE,data_hora,"validar em tela, ProcMon e amostra de dados"
outro,CadGruSerLav,Ger\Dados\CadGruSerLav.DB,MotivoCan,MotivoCan,texto_observacao,System.String,100,desconhecido,True,Paradox/BDE,texto_observacao,"validar em tela, ProcMon e amostra de dados"
outro,CadInd,Ger\Dados\CadInd.DB,CodInd,CodInd,id_codigo,System.String,10,provavel,True,Paradox/BDE,identificador/vinculo,"validar em tela, ProcMon e amostra de dados"
outro,CadInd,Ger\Dados\CadInd.DB,DesInd,DesInd,outro,System.String,60,desconhecido,True,Paradox/BDE,outro,"validar em tela, ProcMon e amostra de dados"
outro,CadInd,Ger\Dados\CadInd.DB,Tipo,Tipo,outro,System.String,2,desconhecido,True,Paradox/BDE,outro,"validar em tela, ProcMon e amostra de dados"
produto_servico,CadMarca,Ger\Dados\CadMarca.DB,CodMar,CodMar,id_codigo,System.String,6,provavel,True,Paradox/BDE,identificador/vinculo,"validar em tela, ProcMon e amostra de dados"
produto_servico,CadMarca,Ger\Dados\CadMarca.DB,DesMar,DesMar,outro,System.String,50,desconhecido,True,Paradox/BDE,outro,"validar em tela, ProcMon e amostra de dados"
produto_servico,CadMarca,Ger\Dados\CadMarca.DB,Obs,Obs,texto_observacao,System.String,100,desconhecido,True,Paradox/BDE,texto_observacao,"validar em tela, ProcMon e amostra de dados"
outro,CadMelhor,Ger\Dados\CadMelhor.DB,CodCont,CodCont,id_codigo,System.Int32,4,provavel,True,Paradox/BDE,identificador/vinculo,"validar em tela, ProcMon e amostra de dados"
outro,CadMelhor,Ger\Dados\CadMelhor.DB,CodMelhor,CodMelhor,id_codigo,System.Int32,4,provavel,True,Paradox/BDE,identificador/vinculo,"validar em tela, ProcMon e amostra de dados"
outro,CadMelhor,Ger\Dados\CadMelhor.DB,DesMelhor,DesMelhor,outro,System.String,60,desconhecido,True,Paradox/BDE,outro,"validar em tela, ProcMon e amostra de dados"
outro,CadMelhor,Ger\Dados\CadMelhor.DB,Obs,Obs,texto_observacao,System.String,200,desconhecido,True,Paradox/BDE,texto_observacao,"validar em tela, ProcMon e amostra de dados"
outro,CadMelhor,Ger\Dados\CadMelhor.DB,Cancelado,Celular,cliente_ref,System.String,2,desconhecido,True,Paradox/BDE,identificador/vinculo,"validar em tela, ProcMon e amostra de dados"
outro,CadMelhor,Ger\Dados\CadMelhor.DB,DatCan,Data,data_hora,System.DateTime,8,desconhecido,True,Paradox/BDE,data_hora,"validar em tela, ProcMon e amostra de dados"
outro,CadMelhor,Ger\Dados\CadMelhor.DB,HorCan,HorCan,ordem_rol_ref,System.DateTime,8,desconhecido,True,Paradox/BDE,identificador/vinculo,"validar em tela, ProcMon e amostra de dados"
outro,CadMelhor,Ger\Dados\CadMelhor.DB,MotivoCan,MotivoCan,texto_observacao,System.String,200,desconhecido,True,Paradox/BDE,texto_observacao,"validar em tela, ProcMon e amostra de dados"
outro,CadPacot,Ger\Dados\CadPacot.DB,CodPacote,CodPacote,id_codigo,System.String,20,provavel,True,Paradox/BDE,identificador/vinculo,"validar em tela, ProcMon e amostra de dados"
outro,CadPacot,Ger\Dados\CadPacot.DB,DesPacote,DesPacote,outro,System.String,60,desconhecido,True,Paradox/BDE,outro,"validar em tela, ProcMon e amostra de dados"
outro,CadPacot,Ger\Dados\CadPacot.DB,DescCli,Desconto/Descricao,valor_monetario,System.Double,8,desconhecido,True,Paradox/BDE,valor_monetario,"validar em tela, ProcMon e amostra de dados"
outro,CadPacot,Ger\Dados\CadPacot.DB,TipPacote,TipPacote,outro,System.String,2,desconhecido,True,Paradox/BDE,outro,"validar em tela, ProcMon e amostra de dados"
outro,CadPacot,Ger\Dados\CadPacot.DB,PrazoVal,PrazoVal,outro,System.Int32,4,desconhecido,True,Paradox/BDE,outro,"validar em tela, ProcMon e amostra de dados"
outro,CadPacot,Ger\Dados\CadPacot.DB,AtivaAut,AtivaAut,outro,System.String,2,desconhecido,True,Paradox/BDE,outro,"validar em tela, ProcMon e amostra de dados"
outro,CadPacot,Ger\Dados\CadPacot.DB,Ativo,Ativo,status_situacao,System.String,2,desconhecido,True,Paradox/BDE,status_situacao,"validar em tela, ProcMon e amostra de dados"
outro,CadPacot,Ger\Dados\CadPacot.DB,Cancelado,Celular,cliente_ref,System.String,2,desconhecido,True,Paradox/BDE,identificador/vinculo,"validar em tela, ProcMon e amostra de dados"
outro,CadPacot,Ger\Dados\CadPacot.DB,ForCalculo,ForCalculo,ordem_rol_ref,System.String,2,desconhecido,True,Paradox/BDE,identificador/vinculo,"validar em tela, ProcMon e amostra de dados"
outro,CadPacot,Ger\Dados\CadPacot.DB,LimitePeca,LimitePeca,ordem_rol_ref,System.Double,8,desconhecido,True,Paradox/BDE,identificador/vinculo,"validar em tela, ProcMon e amostra de dados"
outro,CadPacot,Ger\Dados\CadPacot.DB,LimiteDias,LimiteDias,outro,System.Int32,4,desconhecido,True,Paradox/BDE,outro,"validar em tela, ProcMon e amostra de dados"
outro,CadPacotGru,Ger\Dados\CadPacotGru.DB,CodPacote,CodPacote,id_codigo,System.String,20,provavel,True,Paradox/BDE,identificador/vinculo,"validar em tela, ProcMon e amostra de dados"
outro,CadPacotGru,Ger\Dados\CadPacotGru.DB,GruPro,GruPro,outro,System.String,10,desconhecido,True,Paradox/BDE,outro,"validar em tela, ProcMon e amostra de dados"
outro,CadPacotGru,Ger\Dados\CadPacotGru.DB,MedPec,MedPec,outro,System.Double,8,desconhecido,True,Paradox/BDE,outro,"validar em tela, ProcMon e amostra de dados"
outro,CadPacotGru,Ger\Dados\CadPacotGru.DB,QdeTotPec,QdeTotPec,outro,System.Int32,4,desconhecido,True,Paradox/BDE,outro,"validar em tela, ProcMon e amostra de dados"
outro,CadPacotGru,Ger\Dados\CadPacotGru.DB,ValTotPac,ValTotPac,data_hora,System.Double,8,desconhecido,True,Paradox/BDE,data_hora,"validar em tela, ProcMon e amostra de dados"
outro,CadPdv,Ger\Dados\CadPdv.DB,CodPdv,CodPdv,id_codigo,System.String,6,provavel,True,Paradox/BDE,identificador/vinculo,"validar em tela, ProcMon e amostra de dados"
outro,CadPdv,Ger\Dados\CadPdv.DB,DesPdv,DesPdv,outro,System.String,40,desconhecido,True,Paradox/BDE,outro,"validar em tela, ProcMon e amostra de dados"
outro,CadPdv,Ger\Dados\CadPdv.DB,GruPdv,GruPdv,outro,System.String,10,desconhecido,True,Paradox/BDE,outro,"validar em tela, ProcMon e amostra de dados"
outro,CadPdv,Ger\Dados\CadPdv.DB,ObsPdv,ObsPdv,texto_observacao,System.String,100,desconhecido,True,Paradox/BDE,texto_observacao,"validar em tela, ProcMon e amostra de dados"
outro,CadPdv,Ger\Dados\CadPdv.DB,UltLan,UltLan,outro,System.Int32,4,desconhecido,True,Paradox/BDE,outro,"validar em tela, ProcMon e amostra de dados"
outro,CadPdv,Ger\Dados\CadPdv.DB,ValPdv,ValPdv,outro,System.Double,8,desconhecido,True,Paradox/BDE,outro,"validar em tela, ProcMon e amostra de dados"
produto_servico,CadProcAnexo,Ger\Dados\CadProcAnexo.DB,CodProces,CodProces,id_codigo,System.String,20,provavel,True,Paradox/BDE,identificador/vinculo,"validar em tela, ProcMon e amostra de dados"
produto_servico,CadProcAnexo,Ger\Dados\CadProcAnexo.DB,Seq,Seq,outro,System.Int32,4,desconhecido,True,Paradox/BDE,outro,"validar em tela, ProcMon e amostra de dados"
produto_servico,CadProcAnexo,Ger\Dados\CadProcAnexo.DB,Anexo,Anexo,outro,System.String,400,desconhecido,True,Paradox/BDE,outro,"validar em tela, ProcMon e amostra de dados"
produto_servico,CadProcAnexo,Ger\Dados\CadProcAnexo.DB,DescAnexo,Desconto/Descricao,valor_monetario,System.String,60,desconhecido,True,Paradox/BDE,valor_monetario,"validar em tela, ProcMon e amostra de dados"
produto_servico,CadProcAnexo,Ger\Dados\CadProcAnexo.DB,Rotina,Rotina,outro,System.String,20,desconhecido,True,Paradox/BDE,outro,"validar em tela, ProcMon e amostra de dados"
produto_servico,CadProces,Ger\Dados\CadProces.DB,CodProces,CodProces,id_codigo,System.String,20,provavel,True,Paradox/BDE,identificador/vinculo,"validar em tela, ProcMon e amostra de dados"
produto_servico,CadProces,Ger\Dados\CadProces.DB,DesProces,Produto,produto_ref,System.String,60,desconhecido,True,Paradox/BDE,identificador/vinculo,"validar em tela, ProcMon e amostra de dados"
produto_servico,CadProces,Ger\Dados\CadProces.DB,GruProces,GruProces,outro,System.String,10,desconhecido,True,Paradox/BDE,outro,"validar em tela, ProcMon e amostra de dados"
produto_servico,CadProces,Ger\Dados\CadProces.DB,Cancelado,Celular,cliente_ref,System.String,2,desconhecido,True,Paradox/BDE,identificador/vinculo,"validar em tela, ProcMon e amostra de dados"
produto_servico,CadProces,Ger\Dados\CadProces.DB,MotivoCan,MotivoCan,texto_observacao,System.String,100,desconhecido,True,Paradox/BDE,texto_observacao,"validar em tela, ProcMon e amostra de dados"
produto_servico,CadProces,Ger\Dados\CadProces.DB,DatCan,Data,data_hora,System.DateTime,8,desconhecido,True,Paradox/BDE,data_hora,"validar em tela, ProcMon e amostra de dados"
produto_servico,CadProces,Ger\Dados\CadProces.DB,Prazo,Prazo,outro,System.Int32,4,desconhecido,True,Paradox/BDE,outro,"validar em tela, ProcMon e amostra de dados"
produto_servico,CadProces,Ger\Dados\CadProces.DB,Versao,Versao,outro,System.String,20,desconhecido,True,Paradox/BDE,outro,"validar em tela, ProcMon e amostra de dados"
produto_servico,CadProces,Ger\Dados\CadProces.DB,Responsavel,Responsavel,usuario_auditoria,System.String,20,desconhecido,True,Paradox/BDE,usuario_auditoria,"validar em tela, ProcMon e amostra de dados"
produto_servico,CadProces,Ger\Dados\CadProces.DB,TipProc,TipProc,outro,System.String,2,desconhecido,True,Paradox/BDE,outro,"validar em tela, ProcMon e amostra de dados"
produto_servico,CadProces,Ger\Dados\CadProces.DB,CodClaProc,CodClaProc,id_codigo,System.String,10,provavel,True,Paradox/BDE,identificador/vinculo,"validar em tela, ProcMon e amostra de dados"
produto_servico,CadProces,Ger\Dados\CadProces.DB,Status,Status,status_situacao,System.String,2,desconhecido,True,Paradox/BDE,status_situacao,"validar em tela, ProcMon e amostra de dados"
produto_servico,CadProces,Ger\Dados\CadProces.DB,TipCad,TipCad,data_hora,System.String,24,desconhecido,True,Paradox/BDE,data_hora,"validar em tela, ProcMon e amostra de dados"
produto_servico,CadProcesAlt,Ger\Dados\CadProcesAlt.DB,CodProces,CodProces,id_codigo,System.String,20,provavel,True,Paradox/BDE,identificador/vinculo,"validar em tela, ProcMon e amostra de dados"
produto_servico,CadProcesAlt,Ger\Dados\CadProcesAlt.DB,Seq,Seq,outro,System.Int32,4,desconhecido,True,Paradox/BDE,outro,"validar em tela, ProcMon e amostra de dados"
produto_servico,CadProcesAlt,Ger\Dados\CadProcesAlt.DB,DescAlt,Desconto/Descricao,valor_monetario,System.String,510,desconhecido,True,Paradox/BDE,valor_monetario,"validar em tela, ProcMon e amostra de dados"
produto_servico,CadProcesAlt,Ger\Dados\CadProcesAlt.DB,Obs,Obs,texto_observacao,System.String,510,desconhecido,True,Paradox/BDE,texto_observacao,"validar em tela, ProcMon e amostra de dados"
produto_servico,CadProcesAlt,Ger\Dados\CadProcesAlt.DB,DatAlt,Data,data_hora,System.DateTime,8,provavel,True,Paradox/BDE,data_hora,"validar em tela, ProcMon e amostra de dados"
produto_servico,CadProcesAlt,Ger\Dados\CadProcesAlt.DB,CodUsuario,CodUsuario,id_codigo,System.String,20,provavel,True,Paradox/BDE,identificador/vinculo,"validar em tela, ProcMon e amostra de dados"
produto_servico,CadProcItem,Ger\Dados\CadProcItem.DB,CodProces,CodProces,id_codigo,System.String,20,provavel,True,Paradox/BDE,identificador/vinculo,"validar em tela, ProcMon e amostra de dados"
produto_servico,CadProcItem,Ger\Dados\CadProcItem.DB,Seq,Seq,outro,System.Int32,4,desconhecido,True,Paradox/BDE,outro,"validar em tela, ProcMon e amostra de dados"
produto_servico,CadProcItem,Ger\Dados\CadProcItem.DB,Ordem,Ordem,outro,System.Int32,4,desconhecido,True,Paradox/BDE,outro,"validar em tela, ProcMon e amostra de dados"
produto_servico,CadProcItem,Ger\Dados\CadProcItem.DB,DesOpera,DesOpera,outro,System.String,400,desconhecido,True,Paradox/BDE,outro,"validar em tela, ProcMon e amostra de dados"
produto_servico,CadProcItem,Ger\Dados\CadProcItem.DB,Cancelado,Celular,cliente_ref,System.String,2,desconhecido,True,Paradox/BDE,identificador/vinculo,"validar em tela, ProcMon e amostra de dados"
produto_servico,CadProcItem,Ger\Dados\CadProcItem.DB,DatCan,Data,data_hora,System.DateTime,8,desconhecido,True,Paradox/BDE,data_hora,"validar em tela, ProcMon e amostra de dados"
produto_servico,CadProcItem,Ger\Dados\CadProcItem.DB,MotivoCan,MotivoCan,texto_observacao,System.String,100,desconhecido,True,Paradox/BDE,texto_observacao,"validar em tela, ProcMon e amostra de dados"
produto_servico,CadProcItem,Ger\Dados\CadProcItem.DB,CodProcInt,CodProcInt,id_codigo,System.String,20,provavel,True,Paradox/BDE,identificador/vinculo,"validar em tela, ProcMon e amostra de dados"
produto_servico,CadProcItem,Ger\Dados\CadProcItem.DB,ObsOpera,ObsOpera,texto_observacao,System.String,510,desconhecido,True,Paradox/BDE,texto_observacao,"validar em tela, ProcMon e amostra de dados"
produto_servico,CadProcItem,Ger\Dados\CadProcItem.DB,Obrigatorio,Obrigatorio,outro,System.String,2,desconhecido,True,Paradox/BDE,outro,"validar em tela, ProcMon e amostra de dados"
produto_servico,CadProcItem,Ger\Dados\CadProcItem.DB,Responsavel,Responsavel,usuario_auditoria,System.String,20,desconhecido,True,Paradox/BDE,usuario_auditoria,"validar em tela, ProcMon e amostra de dados"
produto_servico,CadProducao,Ger\Dados\CadProducao.DB,Tipo,Tipo,outro,System.String,2,desconhecido,True,Paradox/BDE,outro,"validar em tela, ProcMon e amostra de dados"
produto_servico,CadProducao,Ger\Dados\CadProducao.DB,Codigo,Codigo,id_codigo,System.String,10,provavel,True,Paradox/BDE,identificador/vinculo,"validar em tela, ProcMon e amostra de dados"
produto_servico,CadProducao,Ger\Dados\CadProducao.DB,DiaSemana,DiaSemana,outro,System.Int32,4,desconhecido,True,Paradox/BDE,outro,"validar em tela, ProcMon e amostra de dados"
produto_servico,CadProducao,Ger\Dados\CadProducao.DB,QdeHoras,Hora,data_hora,System.Double,8,desconhecido,True,Paradox/BDE,data_hora,"validar em tela, ProcMon e amostra de dados"
produto_servico,CadProducao,Ger\Dados\CadProducao.DB,PecaHora,Hora,ordem_rol_ref,System.Int32,4,desconhecido,True,Paradox/BDE,identificador/vinculo,"validar em tela, ProcMon e amostra de dados"
produto_servico,CadProducao,Ger\Dados\CadProducao.DB,PesoHora,Hora,quantidade,System.Double,8,desconhecido,True,Paradox/BDE,quantidade,"validar em tela, ProcMon e amostra de dados"
produto_servico,CadProducao,Ger\Dados\CadProducao.DB,PontoHora,Hora,data_hora,System.Int32,4,desconhecido,True,Paradox/BDE,data_hora,"validar em tela, ProcMon e amostra de dados"
outro,CadRam,Ger\Dados\CadRam.DB,CodRam,CodRam,id_codigo,System.String,10,provavel,True,Paradox/BDE,identificador/vinculo,"validar em tela, ProcMon e amostra de dados"
outro,CadRam,Ger\Dados\CadRam.DB,DesRam,DesRam,outro,System.String,40,desconhecido,True,Paradox/BDE,outro,"validar em tela, ProcMon e amostra de dados"
outro,CadRam,Ger\Dados\CadRam.DB,GruRam,GruRam,outro,System.String,10,desconhecido,True,Paradox/BDE,outro,"validar em tela, ProcMon e amostra de dados"
outro,CadRam,Ger\Dados\CadRam.DB,Cancelado,Celular,cliente_ref,System.String,2,desconhecido,True,Paradox/BDE,identificador/vinculo,"validar em tela, ProcMon e amostra de dados"
outro,CadRam,Ger\Dados\CadRam.DB,MotivoCan,MotivoCan,texto_observacao,System.String,100,desconhecido,True,Paradox/BDE,texto_observacao,"validar em tela, ProcMon e amostra de dados"
outro,CadRam,Ger\Dados\CadRam.DB,DatCan,Data,data_hora,System.DateTime,8,desconhecido,True,Paradox/BDE,data_hora,"validar em tela, ProcMon e amostra de dados"
config_admin,CadSistema,Ger\Dados\CadSistema.DB,CodSistema,CodSistema,id_codigo,System.String,30,provavel,True,Paradox/BDE,identificador/vinculo,"validar em tela, ProcMon e amostra de dados"
config_admin,CadSistema,Ger\Dados\CadSistema.DB,DesSistema,DesSistema,outro,System.String,40,desconhecido,True,Paradox/BDE,outro,"validar em tela, ProcMon e amostra de dados"
config_admin,CadSistema,Ger\Dados\CadSistema.DB,ObsSistema,ObsSistema,texto_observacao,System.String,40,desconhecido,True,Paradox/BDE,texto_observacao,"validar em tela, ProcMon e amostra de dados"
config_admin,CadSistema,Ger\Dados\CadSistema.DB,Cancelado,Celular,cliente_ref,System.String,2,desconhecido,True,Paradox/BDE,identificador/vinculo,"validar em tela, ProcMon e amostra de dados"
config_admin,CadSistema,Ger\Dados\CadSistema.DB,MotivoCan,MotivoCan,texto_observacao,System.String,100,desconhecido,True,Paradox/BDE,texto_observacao,"validar em tela, ProcMon e amostra de dados"
config_admin,CadSistema,Ger\Dados\CadSistema.DB,DatCan,Data,data_hora,System.DateTime,8,desconhecido,True,Paradox/BDE,data_hora,"validar em tela, ProcMon e amostra de dados"
outro,CadSit,Ger\Dados\CadSit.DB,CodSit,CodSit,id_codigo,System.String,10,provavel,True,Paradox/BDE,identificador/vinculo,"validar em tela, ProcMon e amostra de dados"
outro,CadSit,Ger\Dados\CadSit.DB,DesSit,DesSit,status_situacao,System.String,60,desconhecido,True,Paradox/BDE,status_situacao,"validar em tela, ProcMon e amostra de dados"
outro,CadSit,Ger\Dados\CadSit.DB,GruSit,GruSit,status_situacao,System.String,10,desconhecido,True,Paradox/BDE,status_situacao,"validar em tela, ProcMon e amostra de dados"
outro,CadSit,Ger\Dados\CadSit.DB,Cancelado,Celular,cliente_ref,System.String,2,desconhecido,True,Paradox/BDE,identificador/vinculo,"validar em tela, ProcMon e amostra de dados"
outro,CadSit,Ger\Dados\CadSit.DB,DatCan,Data,data_hora,System.DateTime,8,desconhecido,True,Paradox/BDE,data_hora,"validar em tela, ProcMon e amostra de dados"
outro,CadSit,Ger\Dados\CadSit.DB,MotivoCan,MotivoCan,texto_observacao,System.String,100,desconhecido,True,Paradox/BDE,texto_observacao,"validar em tela, ProcMon e amostra de dados"
outro,CadSubC,Ger\Dados\CadSubC.DB,CodSubC,CodSubC,id_codigo,System.String,6,provavel,True,Paradox/BDE,identificador/vinculo,"validar em tela, ProcMon e amostra de dados"
outro,CadSubC,Ger\Dados\CadSubC.DB,DesSubC,DesSubC,outro,System.String,60,desconhecido,True,Paradox/BDE,outro,"validar em tela, ProcMon e amostra de dados"
outro,CadSubC,Ger\Dados\CadSubC.DB,GruSubC,GruSubC,usuario_auditoria,System.String,10,desconhecido,True,Paradox/BDE,usuario_auditoria,"validar em tela, ProcMon e amostra de dados"
outro,CadSubC,Ger\Dados\CadSubC.DB,Obs,Obs,texto_observacao,System.String,200,desconhecido,True,Paradox/BDE,texto_observacao,"validar em tela, ProcMon e amostra de dados"
outro,CadSubC,Ger\Dados\CadSubC.DB,Cancelado,Celular,cliente_ref,System.String,2,desconhecido,True,Paradox/BDE,identificador/vinculo,"validar em tela, ProcMon e amostra de dados"
outro,CadSubC,Ger\Dados\CadSubC.DB,Contabil,Contabil,outro,System.String,40,desconhecido,True,Paradox/BDE,outro,"validar em tela, ProcMon e amostra de dados"
outro,CadSubC,Ger\Dados\CadSubC.DB,Contabil2,Contabil2,outro,System.String,40,desconhecido,True,Paradox/BDE,outro,"validar em tela, ProcMon e amostra de dados"
outro,CadTipCon,Ger\Dados\CadTipCon.DB,CodCont,CodCont,id_codigo,System.Int32,4,provavel,True,Paradox/BDE,identificador/vinculo,"validar em tela, ProcMon e amostra de dados"
outro,CadTipCon,Ger\Dados\CadTipCon.DB,CodTipCon,CodTipCon,id_codigo,System.Int32,4,provavel,True,Paradox/BDE,identificador/vinculo,"validar em tela, ProcMon e amostra de dados"
outro,CadTipCon,Ger\Dados\CadTipCon.DB,DesTipCon,DesTipCon,outro,System.String,60,desconhecido,True,Paradox/BDE,outro,"validar em tela, ProcMon e amostra de dados"
outro,CadTipCon,Ger\Dados\CadTipCon.DB,Obs,Obs,texto_observacao,System.String,100,desconhecido,True,Paradox/BDE,texto_observacao,"validar em tela, ProcMon e amostra de dados"
outro,CadTipCon,Ger\Dados\CadTipCon.DB,Cancelado,Celular,cliente_ref,System.String,2,desconhecido,True,Paradox/BDE,identificador/vinculo,"validar em tela, ProcMon e amostra de dados"
outro,CadTipCon,Ger\Dados\CadTipCon.DB,DatCan,Data,data_hora,System.DateTime,8,desconhecido,True,Paradox/BDE,data_hora,"validar em tela, ProcMon e amostra de dados"
outro,CadTipCon,Ger\Dados\CadTipCon.DB,HorCan,HorCan,ordem_rol_ref,System.DateTime,8,desconhecido,True,Paradox/BDE,identificador/vinculo,"validar em tela, ProcMon e amostra de dados"
outro,CadTipProc,Ger\Dados\CadTipProc.DB,CodTipProc,CodTipProc,id_codigo,System.String,10,provavel,True,Paradox/BDE,identificador/vinculo,"validar em tela, ProcMon e amostra de dados"
outro,CadTipProc,Ger\Dados\CadTipProc.DB,DesTipProc,DesTipProc,outro,System.String,60,desconhecido,True,Paradox/BDE,outro,"validar em tela, ProcMon e amostra de dados"
outro,CadTipProc,Ger\Dados\CadTipProc.DB,Cancelado,Celular,cliente_ref,System.String,2,desconhecido,True,Paradox/BDE,identificador/vinculo,"validar em tela, ProcMon e amostra de dados"
outro,CadTipProc,Ger\Dados\CadTipProc.DB,DatCan,Data,data_hora,System.DateTime,8,desconhecido,True,Paradox/BDE,data_hora,"validar em tela, ProcMon e amostra de dados"
outro,CadTipProc,Ger\Dados\CadTipProc.DB,MotivoCan,MotivoCan,texto_observacao,System.String,100,desconhecido,True,Paradox/BDE,texto_observacao,"validar em tela, ProcMon e amostra de dados"
outro,CadTipProc,Ger\Dados\CadTipProc.DB,Obs,Obs,texto_observacao,System.String,100,desconhecido,True,Paradox/BDE,texto_observacao,"validar em tela, ProcMon e amostra de dados"
outro,CadUnid,Ger\Dados\CadUnid.DB,CodUnid,CodUnid,id_codigo,System.String,10,provavel,True,Paradox/BDE,identificador/vinculo,"validar em tela, ProcMon e amostra de dados"
outro,CadUnid,Ger\Dados\CadUnid.DB,DesUnid,DesUnid,produto_ref,System.String,60,provavel,True,Paradox/BDE,identificador/vinculo,"validar em tela, ProcMon e amostra de dados"
outro,CadUnid,Ger\Dados\CadUnid.DB,ObsUnid,ObsUnid,produto_ref,System.String,100,provavel,True,Paradox/BDE,identificador/vinculo,"validar em tela, ProcMon e amostra de dados"
outro,CadUnid,Ger\Dados\CadUnid.DB,Cancelado,Celular,cliente_ref,System.String,2,desconhecido,True,Paradox/BDE,identificador/vinculo,"validar em tela, ProcMon e amostra de dados"
outro,CadUnid,Ger\Dados\CadUnid.DB,MotivoCanc,MotivoCanc,texto_observacao,System.String,200,desconhecido,True,Paradox/BDE,texto_observacao,"validar em tela, ProcMon e amostra de dados"
outro,CadUnid,Ger\Dados\CadUnid.DB,DatCan,Data,data_hora,System.DateTime,8,desconhecido,True,Paradox/BDE,data_hora,"validar em tela, ProcMon e amostra de dados"
outro,CadUnid,Ger\Dados\CadUnid.DB,CodResp,CodResp,id_codigo,System.String,40,provavel,True,Paradox/BDE,identificador/vinculo,"validar em tela, ProcMon e amostra de dados"
outro,CadVen,Ger\Dados\CadVen.DB,CodVen,CodVen,id_codigo,System.String,10,provavel,True,Paradox/BDE,identificador/vinculo,"validar em tela, ProcMon e amostra de dados"
outro,CadVen,Ger\Dados\CadVen.DB,NomVen,NomVen,outro,System.String,60,desconhecido,True,Paradox/BDE,outro,"validar em tela, ProcMon e amostra de dados"
outro,CadVen,Ger\Dados\CadVen.DB,EndVen,Endereco,cliente_ref,System.String,60,desconhecido,True,Paradox/BDE,identificador/vinculo,"validar em tela, ProcMon e amostra de dados"
outro,CadVen,Ger\Dados\CadVen.DB,CidVen,CidVen,outro,System.String,40,provavel,True,Paradox/BDE,outro,"validar em tela, ProcMon e amostra de dados"
outro,CadVen,Ger\Dados\CadVen.DB,EstVen,EstVen,outro,System.String,4,desconhecido,True,Paradox/BDE,outro,"validar em tela, ProcMon e amostra de dados"
outro,CadVen,Ger\Dados\CadVen.DB,CepVen,CEP,cliente_ref,System.String,16,desconhecido,True,Paradox/BDE,identificador/vinculo,"validar em tela, ProcMon e amostra de dados"
outro,CadVen,Ger\Dados\CadVen.DB,TelVen,Telefone,cliente_ref,System.String,30,desconhecido,True,Paradox/BDE,identificador/vinculo,"validar em tela, ProcMon e amostra de dados"
outro,CadVen,Ger\Dados\CadVen.DB,DddVen,DddVen,outro,System.String,6,desconhecido,True,Paradox/BDE,outro,"validar em tela, ProcMon e amostra de dados"
outro,CadVen,Ger\Dados\CadVen.DB,DatNas,Data,data_hora,System.DateTime,8,desconhecido,True,Paradox/BDE,data_hora,"validar em tela, ProcMon e amostra de dados"
outro,CadVen,Ger\Dados\CadVen.DB,PorcVen,PorcVen,ordem_rol_ref,System.Double,8,desconhecido,True,Paradox/BDE,identificador/vinculo,"validar em tela, ProcMon e amostra de dados"
outro,CadVen,Ger\Dados\CadVen.DB,GruVen,GruVen,outro,System.String,10,desconhecido,True,Paradox/BDE,outro,"validar em tela, ProcMon e amostra de dados"
outro,CadVen,Ger\Dados\CadVen.DB,Senha,Senha,outro,System.String,10,desconhecido,True,Paradox/BDE,outro,"validar em tela, ProcMon e amostra de dados"
outro,CadVen,Ger\Dados\CadVen.DB,Cancelado,Celular,cliente_ref,System.String,2,desconhecido,True,Paradox/BDE,identificador/vinculo,"validar em tela, ProcMon e amostra de dados"
outro,CadVen,Ger\Dados\CadVen.DB,DatCan,Data,data_hora,System.DateTime,8,desconhecido,True,Paradox/BDE,data_hora,"validar em tela, ProcMon e amostra de dados"
outro,CadVen,Ger\Dados\CadVen.DB,MotivoCan,MotivoCan,texto_observacao,System.String,100,desconhecido,True,Paradox/BDE,texto_observacao,"validar em tela, ProcMon e amostra de dados"
outro,CadVen,Ger\Dados\CadVen.DB,HorCan,HorCan,ordem_rol_ref,System.DateTime,8,desconhecido,True,Paradox/BDE,identificador/vinculo,"validar em tela, ProcMon e amostra de dados"
outro,CadVen,Ger\Dados\CadVen.DB,CodVenCan,CodVenCan,id_codigo,System.String,10,provavel,True,Paradox/BDE,identificador/vinculo,"validar em tela, ProcMon e amostra de dados"
outro,CadVen,Ger\Dados\CadVen.DB,AutDesc,Desconto/Descricao,valor_monetario,System.String,2,desconhecido,True,Paradox/BDE,valor_monetario,"validar em tela, ProcMon e amostra de dados"
outro,CadVen,Ger\Dados\CadVen.DB,CodUsuPonto,CodUsuPonto,id_codigo,System.String,20,provavel,True,Paradox/BDE,identificador/vinculo,"validar em tela, ProcMon e amostra de dados"
outro,CadVen,Ger\Dados\CadVen.DB,DescVen,Desconto/Descricao,valor_monetario,System.Double,8,desconhecido,True,Paradox/BDE,valor_monetario,"validar em tela, ProcMon e amostra de dados"
outro,CadVen,Ger\Dados\CadVen.DB,CodFaiCom,CodFaiCom,id_codigo,System.String,10,provavel,True,Paradox/BDE,identificador/vinculo,"validar em tela, ProcMon e amostra de dados"
outro,CadVen,Ger\Dados\CadVen.DB,ExibeAgenda,Endereco,cliente_ref,System.String,2,desconhecido,True,Paradox/BDE,identificador/vinculo,"validar em tela, ProcMon e amostra de dados"
outro,CadVen,Ger\Dados\CadVen.DB,CodFor,CodFor,id_codigo,System.String,20,provavel,True,Paradox/BDE,identificador/vinculo,"validar em tela, ProcMon e amostra de dados"
outro,CadVen,Ger\Dados\CadVen.DB,CodAp,CodAp,id_codigo,System.Int32,4,provavel,True,Paradox/BDE,identificador/vinculo,"validar em tela, ProcMon e amostra de dados"
outro,CadVenPro,Ger\Dados\CadVenPro.DB,CodPro,CodPro,id_codigo,System.String,6,provavel,True,Paradox/BDE,identificador/vinculo,"validar em tela, ProcMon e amostra de dados"
outro,CadVenPro,Ger\Dados\CadVenPro.DB,CodVen,CodVen,id_codigo,System.String,10,provavel,True,Paradox/BDE,identificador/vinculo,"validar em tela, ProcMon e amostra de dados"
outro,CadVenPro,Ger\Dados\CadVenPro.DB,CodFaiCom,CodFaiCom,id_codigo,System.String,10,provavel,True,Paradox/BDE,identificador/vinculo,"validar em tela, ProcMon e amostra de dados"
outro,CaminhosFlex,Ger\Dados\CaminhosFlex.DB,CodFil,CodFil,id_codigo,System.String,10,provavel,True,Paradox/BDE,identificador/vinculo,"validar em tela, ProcMon e amostra de dados"
outro,CaminhosFlex,Ger\Dados\CaminhosFlex.DB,NomeTab,Nome,texto_observacao,System.String,40,provavel,True,Paradox/BDE,texto_observacao,"validar em tela, ProcMon e amostra de dados"
outro,CaminhosFlex,Ger\Dados\CaminhosFlex.DB,CaminhoFlex,CaminhoFlex,outro,System.String,400,desconhecido,True,Paradox/BDE,outro,"validar em tela, ProcMon e amostra de dados"
outro,CaminhosFlex,Ger\Dados\CaminhosFlex.DB,Obs,Obs,texto_observacao,System.String,200,desconhecido,True,Paradox/BDE,texto_observacao,"validar em tela, ProcMon e amostra de dados"
outro,CaminhosFlex,Ger\Dados\CaminhosFlex.DB,Usuario,Usuario,usuario_auditoria,System.String,40,desconhecido,True,Paradox/BDE,usuario_auditoria,"validar em tela, ProcMon e amostra de dados"
outro,CaminhosFlex,Ger\Dados\CaminhosFlex.DB,Data,Data,data_hora,System.DateTime,8,provavel,True,Paradox/BDE,data_hora,"validar em tela, ProcMon e amostra de dados"
outro,CenCus,Ger\Dados\CenCus.DB,CodCenCus,CodCenCus,id_codigo,System.String,20,provavel,True,Paradox/BDE,identificador/vinculo,"validar em tela, ProcMon e amostra de dados"
outro,CenCus,Ger\Dados\CenCus.DB,DesCenCus,Desconto/Descricao,valor_monetario,System.String,60,desconhecido,True,Paradox/BDE,valor_monetario,"validar em tela, ProcMon e amostra de dados"
outro,CenCus,Ger\Dados\CenCus.DB,DesCenCusA,Desconto/Descricao,valor_monetario,System.String,30,desconhecido,True,Paradox/BDE,valor_monetario,"validar em tela, ProcMon e amostra de dados"
outro,CenCus,Ger\Dados\CenCus.DB,Cancelado,Celular,cliente_ref,System.String,2,desconhecido,True,Paradox/BDE,identificador/vinculo,"validar em tela, ProcMon e amostra de dados"
outro,CenCusCli,Ger\Dados\CenCusCli.DB,CodCli,Cliente,id_codigo,System.String,20,provavel,True,Paradox/BDE,identificador/vinculo,"validar em tela, ProcMon e amostra de dados"
outro,CenCusCli,Ger\Dados\CenCusCli.DB,CenCus,CenCus,outro,System.String,10,desconhecido,True,Paradox/BDE,outro,"validar em tela, ProcMon e amostra de dados"
outro,CenCusCli,Ger\Dados\CenCusCli.DB,DesCenCus,Desconto/Descricao,valor_monetario,System.String,60,desconhecido,True,Paradox/BDE,valor_monetario,"validar em tela, ProcMon e amostra de dados"
outro,CenCusCli,Ger\Dados\CenCusCli.DB,Cancelado,Celular,cliente_ref,System.String,2,desconhecido,True,Paradox/BDE,identificador/vinculo,"validar em tela, ProcMon e amostra de dados"
outro,CenCusCli,Ger\Dados\CenCusCli.DB,MotivoCan,MotivoCan,texto_observacao,System.String,100,desconhecido,True,Paradox/BDE,texto_observacao,"validar em tela, ProcMon e amostra de dados"
outro,CenCusCli,Ger\Dados\CenCusCli.DB,DatCan,Data,data_hora,System.DateTime,8,desconhecido,True,Paradox/BDE,data_hora,"validar em tela, ProcMon e amostra de dados"
outro,CenCusCli,Ger\Dados\CenCusCli.DB,CodTab,CodTab,id_codigo,System.String,6,provavel,True,Paradox/BDE,identificador/vinculo,"validar em tela, ProcMon e amostra de dados"
outro,CenCusCli,Ger\Dados\CenCusCli.DB,EMail,E-mail,cliente_ref,System.String,200,desconhecido,True,Paradox/BDE,identificador/vinculo,"validar em tela, ProcMon e amostra de dados"
outro,CenCusCli,Ger\Dados\CenCusCli.DB,Disp2,Disp2,outro,System.String,40,desconhecido,True,Paradox/BDE,outro,"validar em tela, ProcMon e amostra de dados"
outro,CenCusCli,Ger\Dados\CenCusCli.DB,EnviaEmail,E-mail,cliente_ref,System.Int32,4,desconhecido,True,Paradox/BDE,identificador/vinculo,"validar em tela, ProcMon e amostra de dados"
outro,CenCusCli,Ger\Dados\CenCusCli.DB,CodCliCont,Cliente,id_codigo,System.String,20,provavel,True,Paradox/BDE,identificador/vinculo,"validar em tela, ProcMon e amostra de dados"
outro,CenCusCli,Ger\Dados\CenCusCli.DB,DatIniCont,Data,data_hora,System.DateTime,8,desconhecido,True,Paradox/BDE,data_hora,"validar em tela, ProcMon e amostra de dados"
outro,CenCusCli,Ger\Dados\CenCusCli.DB,DatFimCont,Data,data_hora,System.DateTime,8,desconhecido,True,Paradox/BDE,data_hora,"validar em tela, ProcMon e amostra de dados"
outro,CenCusCli,Ger\Dados\CenCusCli.DB,DiaFimCont,DiaFimCont,outro,System.DateTime,8,desconhecido,True,Paradox/BDE,outro,"validar em tela, ProcMon e amostra de dados"
outro,CenCusCli,Ger\Dados\CenCusCli.DB,LimiteCont,LimiteCont,outro,System.Double,8,desconhecido,True,Paradox/BDE,outro,"validar em tela, ProcMon e amostra de dados"
outro,CenCusCli,Ger\Dados\CenCusCli.DB,TipoCont,TipoCont,outro,System.Int32,4,desconhecido,True,Paradox/BDE,outro,"validar em tela, ProcMon e amostra de dados"
outro,CenCusCli,Ger\Dados\CenCusCli.DB,CenCusInt,CenCusInt,outro,System.String,40,desconhecido,True,Paradox/BDE,outro,"validar em tela, ProcMon e amostra de dados"
outro,Cep,Ger\Dados\Cep.DB,CepFacil,CEP,cliente_ref,System.String,16,desconhecido,True,Paradox/BDE,identificador/vinculo,"validar em tela, ProcMon e amostra de dados"
outro,Cep,Ger\Dados\Cep.DB,Endereco,Endereco,cliente_ref,System.String,120,desconhecido,True,Paradox/BDE,identificador/vinculo,"validar em tela, ProcMon e amostra de dados"
outro,Cep,Ger\Dados\Cep.DB,Cidade,Cidade,cliente_ref,System.String,120,provavel,True,Paradox/BDE,identificador/vinculo,"validar em tela, ProcMon e amostra de dados"
outro,Cep,Ger\Dados\Cep.DB,Bairro,Bairro,cliente_ref,System.String,60,desconhecido,True,Paradox/BDE,identificador/vinculo,"validar em tela, ProcMon e amostra de dados"
outro,Cep,Ger\Dados\Cep.DB,Cep,CEP,cliente_ref,System.String,16,desconhecido,True,Paradox/BDE,identificador/vinculo,"validar em tela, ProcMon e amostra de dados"
outro,Cep,Ger\Dados\Cep.DB,Estado,UF,outro,System.String,4,desconhecido,True,Paradox/BDE,outro,"validar em tela, ProcMon e amostra de dados"
outro,Cep,Ger\Dados\Cep.DB,Tipo,Tipo,outro,System.String,6,desconhecido,True,Paradox/BDE,outro,"validar em tela, ProcMon e amostra de dados"
outro,Cheque1,Ger\Dados\Cheque1.DB,Banco,Banco,outro,System.String,20,desconhecido,True,Paradox/BDE,outro,"validar em tela, ProcMon e amostra de dados"
outro,Cheque1,Ger\Dados\Cheque1.DB,NumChe,NumChe,id_codigo,System.Int32,4,provavel,True,Paradox/BDE,identificador/vinculo,"validar em tela, ProcMon e amostra de dados"
outro,Cheque1,Ger\Dados\Cheque1.DB,TipChe,TipChe,outro,System.String,2,desconhecido,True,Paradox/BDE,outro,"validar em tela, ProcMon e amostra de dados"
outro,Cheque1,Ger\Dados\Cheque1.DB,ValChe,ValChe,outro,System.Double,8,desconhecido,True,Paradox/BDE,outro,"validar em tela, ProcMon e amostra de dados"
outro,Cheque1,Ger\Dados\Cheque1.DB,SeqLan,SeqLan,outro,System.Int32,4,desconhecido,True,Paradox/BDE,outro,"validar em tela, ProcMon e amostra de dados"
outro,Cheque1,Ger\Dados\Cheque1.DB,ChePre,ChePre,outro,System.String,2,desconhecido,True,Paradox/BDE,outro,"validar em tela, ProcMon e amostra de dados"
outro,Cheque1,Ger\Dados\Cheque1.DB,DatChe,Data,data_hora,System.DateTime,8,desconhecido,True,Paradox/BDE,data_hora,"validar em tela, ProcMon e amostra de dados"
outro,Cheque1,Ger\Dados\Cheque1.DB,Cancelado,Celular,cliente_ref,System.String,2,desconhecido,True,Paradox/BDE,identificador/vinculo,"validar em tela, ProcMon e amostra de dados"
outro,Cheque1,Ger\Dados\Cheque1.DB,MotivoCanc,MotivoCanc,texto_observacao,System.String,60,desconhecido,True,Paradox/BDE,texto_observacao,"validar em tela, ProcMon e amostra de dados"
outro,Cheque1,Ger\Dados\Cheque1.DB,DatCanc,Data,data_hora,System.DateTime,8,desconhecido,True,Paradox/BDE,data_hora,"validar em tela, ProcMon e amostra de dados"
outro,Cheque1,Ger\Dados\Cheque1.DB,SeqLanPar,SeqLanPar,outro,System.Int32,4,desconhecido,True,Paradox/BDE,outro,"validar em tela, ProcMon e amostra de dados"
outro,Cheque1,Ger\Dados\Cheque1.DB,Nominal,Nominal,outro,System.String,80,desconhecido,True,Paradox/BDE,outro,"validar em tela, ProcMon e amostra de dados"
outro,Cheque1,Ger\Dados\Cheque1.DB,DatChePre,Data,data_hora,System.DateTime,8,desconhecido,True,Paradox/BDE,data_hora,"validar em tela, ProcMon e amostra de dados"
outro,Cheque1,Ger\Dados\Cheque1.DB,UsuarioChe,UsuarioChe,usuario_auditoria,System.String,20,desconhecido,True,Paradox/BDE,usuario_auditoria,"validar em tela, ProcMon e amostra de dados"
outro,ClaManut,Ger\Dados\ClaManut.DB,CodClaMan,CodClaMan,id_codigo,System.String,10,provavel,True,Paradox/BDE,identificador/vinculo,"validar em tela, ProcMon e amostra de dados"
outro,ClaManut,Ger\Dados\ClaManut.DB,DesClaMan,Desconto/Descricao,valor_monetario,System.String,40,desconhecido,True,Paradox/BDE,valor_monetario,"validar em tela, ProcMon e amostra de dados"
outro,ClaManut,Ger\Dados\ClaManut.DB,ObsClaMan,ObsClaMan,texto_observacao,System.String,60,desconhecido,True,Paradox/BDE,texto_observacao,"validar em tela, ProcMon e amostra de dados"
outro,ClaManut,Ger\Dados\ClaManut.DB,Cancelado,Celular,cliente_ref,System.String,2,desconhecido,True,Paradox/BDE,identificador/vinculo,"validar em tela, ProcMon e amostra de dados"
outro,ClaManut,Ger\Dados\ClaManut.DB,DatCan,Data,data_hora,System.DateTime,8,desconhecido,True,Paradox/BDE,data_hora,"validar em tela, ProcMon e amostra de dados"
outro,ClaManut,Ger\Dados\ClaManut.DB,MotivoCan,MotivoCan,texto_observacao,System.String,100,desconhecido,True,Paradox/BDE,texto_observacao,"validar em tela, ProcMon e amostra de dados"
outro,ClaManut,Ger\Dados\ClaManut.DB,ValCusto,ValCusto,valor_monetario,System.Double,8,desconhecido,True,Paradox/BDE,valor_monetario,"validar em tela, ProcMon e amostra de dados"
outro,ClaPerda,Ger\Dados\ClaPerda.DB,CodClaPer,CodClaPer,id_codigo,System.String,10,provavel,True,Paradox/BDE,identificador/vinculo,"validar em tela, ProcMon e amostra de dados"
outro,ClaPerda,Ger\Dados\ClaPerda.DB,DesClaPer,Desconto/Descricao,valor_monetario,System.String,40,desconhecido,True,Paradox/BDE,valor_monetario,"validar em tela, ProcMon e amostra de dados"
outro,ClaPerda,Ger\Dados\ClaPerda.DB,ObsClaPer,ObsClaPer,texto_observacao,System.String,60,desconhecido,True,Paradox/BDE,texto_observacao,"validar em tela, ProcMon e amostra de dados"
outro,ClaPerda,Ger\Dados\ClaPerda.DB,Cancelado,Celular,cliente_ref,System.String,2,desconhecido,True,Paradox/BDE,identificador/vinculo,"validar em tela, ProcMon e amostra de dados"
outro,ClaPerda,Ger\Dados\ClaPerda.DB,DatCan,Data,data_hora,System.DateTime,8,desconhecido,True,Paradox/BDE,data_hora,"validar em tela, ProcMon e amostra de dados"
outro,ClaPerda,Ger\Dados\ClaPerda.DB,MotivoCan,MotivoCan,texto_observacao,System.String,100,desconhecido,True,Paradox/BDE,texto_observacao,"validar em tela, ProcMon e amostra de dados"
outro,CliComissao,Ger\Dados\CliComissao.DB,CodCli,Cliente,id_codigo,System.String,20,provavel,True,Paradox/BDE,identificador/vinculo,"validar em tela, ProcMon e amostra de dados"
outro,CliComissao,Ger\Dados\CliComissao.DB,CodFor,CodFor,id_codigo,System.String,20,provavel,True,Paradox/BDE,identificador/vinculo,"validar em tela, ProcMon e amostra de dados"
outro,CliComissao,Ger\Dados\CliComissao.DB,Modulo,Modulo,outro,System.String,40,desconhecido,True,Paradox/BDE,outro,"validar em tela, ProcMon e amostra de dados"
outro,CliComissao,Ger\Dados\CliComissao.DB,CodClaRec,CodClaRec,id_codigo,System.String,6,provavel,True,Paradox/BDE,identificador/vinculo,"validar em tela, ProcMon e amostra de dados"
outro,CliComissao,Ger\Dados\CliComissao.DB,TipCom,TipCom,outro,System.String,2,desconhecido,True,Paradox/BDE,outro,"validar em tela, ProcMon e amostra de dados"
outro,CliComissao,Ger\Dados\CliComissao.DB,Conta,Conta,outro,System.String,2,desconhecido,True,Paradox/BDE,outro,"validar em tela, ProcMon e amostra de dados"
outro,CliComissao,Ger\Dados\CliComissao.DB,Obs,Obs,texto_observacao,System.String,200,desconhecido,True,Paradox/BDE,texto_observacao,"validar em tela, ProcMon e amostra de dados"
outro,CliComissao,Ger\Dados\CliComissao.DB,CodCla,CodCla,id_codigo,System.String,6,provavel,True,Paradox/BDE,identificador/vinculo,"validar em tela, ProcMon e amostra de dados"
outro,CliComissao,Ger\Dados\CliComissao.DB,CodSubC,CodSubC,id_codigo,System.String,6,provavel,True,Paradox/BDE,identificador/vinculo,"validar em tela, ProcMon e amostra de dados"
outro,CliComissao,Ger\Dados\CliComissao.DB,CodCenCus,CodCenCus,id_codigo,System.String,6,provavel,True,Paradox/BDE,identificador/vinculo,"validar em tela, ProcMon e amostra de dados"
outro,CliComissao,Ger\Dados\CliComissao.DB,CodClaProj,CodClaProj,id_codigo,System.String,10,provavel,True,Paradox/BDE,identificador/vinculo,"validar em tela, ProcMon e amostra de dados"
outro,CliComissao,Ger\Dados\CliComissao.DB,CodUnid,CodUnid,id_codigo,System.String,10,provavel,True,Paradox/BDE,identificador/vinculo,"validar em tela, ProcMon e amostra de dados"
outro,CliComissao,Ger\Dados\CliComissao.DB,Status,Status,status_situacao,System.String,2,desconhecido,True,Paradox/BDE,status_situacao,"validar em tela, ProcMon e amostra de dados"
outro,CliComissao,Ger\Dados\CliComissao.DB,ValCom,ValCom,outro,System.Double,8,desconhecido,True,Paradox/BDE,outro,"validar em tela, ProcMon e amostra de dados"
cliente,CliCont,Ger\Dados\CliCont.DB,CodCli,Cliente,id_codigo,System.String,20,provavel,True,Paradox/BDE,identificador/vinculo,"validar em tela, ProcMon e amostra de dados"
cliente,CliCont,Ger\Dados\CliCont.DB,NParc,NParc,outro,System.Int32,4,desconhecido,True,Paradox/BDE,outro,"validar em tela, ProcMon e amostra de dados"
cliente,CliCont,Ger\Dados\CliCont.DB,VencCont,VencCont,data_hora,System.DateTime,8,desconhecido,True,Paradox/BDE,data_hora,"validar em tela, ProcMon e amostra de dados"
cliente,CliCont,Ger\Dados\CliCont.DB,CodInd,CodInd,id_codigo,System.String,10,provavel,True,Paradox/BDE,identificador/vinculo,"validar em tela, ProcMon e amostra de dados"
cliente,CliContato,Ger\Dados\CliContato.DB,CodCli,Cliente,id_codigo,System.String,20,provavel,True,Paradox/BDE,identificador/vinculo,"validar em tela, ProcMon e amostra de dados"
cliente,CliContato,Ger\Dados\CliContato.DB,Contato,Contato,outro,System.String,40,desconhecido,True,Paradox/BDE,outro,"validar em tela, ProcMon e amostra de dados"
cliente,CliContato,Ger\Dados\CliContato.DB,Cargo,Cargo,cliente_ref,System.String,40,desconhecido,True,Paradox/BDE,identificador/vinculo,"validar em tela, ProcMon e amostra de dados"
cliente,CliContato,Ger\Dados\CliContato.DB,Setor,Setor,outro,System.String,40,desconhecido,True,Paradox/BDE,outro,"validar em tela, ProcMon e amostra de dados"
cliente,CliContato,Ger\Dados\CliContato.DB,DatNas,Data,data_hora,System.DateTime,8,desconhecido,True,Paradox/BDE,data_hora,"validar em tela, ProcMon e amostra de dados"
cliente,CliContato,Ger\Dados\CliContato.DB,TelContato1,Telefone,cliente_ref,System.String,40,desconhecido,True,Paradox/BDE,identificador/vinculo,"validar em tela, ProcMon e amostra de dados"
cliente,CliContato,Ger\Dados\CliContato.DB,RamTel1,Telefone,cliente_ref,System.String,10,desconhecido,True,Paradox/BDE,identificador/vinculo,"validar em tela, ProcMon e amostra de dados"
cliente,CliContato,Ger\Dados\CliContato.DB,TelContato2,Telefone,cliente_ref,System.String,40,desconhecido,True,Paradox/BDE,identificador/vinculo,"validar em tela, ProcMon e amostra de dados"
cliente,CliContato,Ger\Dados\CliContato.DB,RamTel2,Telefone,cliente_ref,System.String,10,desconhecido,True,Paradox/BDE,identificador/vinculo,"validar em tela, ProcMon e amostra de dados"
cliente,CliContato,Ger\Dados\CliContato.DB,CelContato,Celular,cliente_ref,System.String,40,desconhecido,True,Paradox/BDE,identificador/vinculo,"validar em tela, ProcMon e amostra de dados"
cliente,CliContato,Ger\Dados\CliContato.DB,email,E-mail,cliente_ref,System.String,400,desconhecido,True,Paradox/BDE,identificador/vinculo,"validar em tela, ProcMon e amostra de dados"
cliente,CliContato,Ger\Dados\CliContato.DB,Obs,Obs,texto_observacao,System.String,200,desconhecido,True,Paradox/BDE,texto_observacao,"validar em tela, ProcMon e amostra de dados"
cliente,CliContato,Ger\Dados\CliContato.DB,Cancelado,Celular,cliente_ref,System.String,2,desconhecido,True,Paradox/BDE,identificador/vinculo,"validar em tela, ProcMon e amostra de dados"
cliente,CliContato,Ger\Dados\CliContato.DB,Restricao,Restricao,outro,System.String,200,desconhecido,True,Paradox/BDE,outro,"validar em tela, ProcMon e amostra de dados"
cliente,CliContato,Ger\Dados\CliContato.DB,TipContato,TipContato,outro,System.String,6,desconhecido,True,Paradox/BDE,outro,"validar em tela, ProcMon e amostra de dados"
cliente,CliContato,Ger\Dados\CliContato.DB,CepCon,CEP,cliente_ref,System.String,16,desconhecido,True,Paradox/BDE,identificador/vinculo,"validar em tela, ProcMon e amostra de dados"
cliente,CliContato,Ger\Dados\CliContato.DB,EndCon,Endereco,cliente_ref,System.String,100,desconhecido,True,Paradox/BDE,identificador/vinculo,"validar em tela, ProcMon e amostra de dados"
outro,ClienMar,Ger\Dados\ClienMar.DB,Marcacao,Marcacao,produto_ref,System.String,10,desconhecido,True,Paradox/BDE,identificador/vinculo,"validar em tela, ProcMon e amostra de dados"
outro,ClienMar,Ger\Dados\ClienMar.DB,DesMarca,DesMarca,produto_ref,System.String,40,desconhecido,True,Paradox/BDE,identificador/vinculo,"validar em tela, ProcMon e amostra de dados"
outro,ClienMar,Ger\Dados\ClienMar.DB,Cancelado,Celular,cliente_ref,System.String,2,desconhecido,True,Paradox/BDE,identificador/vinculo,"validar em tela, ProcMon e amostra de dados"
outro,ClienMar,Ger\Dados\ClienMar.DB,DatCan,Data,data_hora,System.DateTime,8,desconhecido,True,Paradox/BDE,data_hora,"validar em tela, ProcMon e amostra de dados"
outro,ClienMar,Ger\Dados\ClienMar.DB,MotivoCan,MotivoCan,texto_observacao,System.String,100,desconhecido,True,Paradox/BDE,texto_observacao,"validar em tela, ProcMon e amostra de dados"
outro,ClienMar,Ger\Dados\ClienMar.DB,Obs,Obs,texto_observacao,System.String,100,desconhecido,True,Paradox/BDE,texto_observacao,"validar em tela, ProcMon e amostra de dados"
cliente,Clientes,Ger\Dados\Clientes.DB,CodCli,Cliente,id_codigo,System.String,20,provavel,True,Paradox/BDE,identificador/vinculo,"validar em tela, ProcMon e amostra de dados"
cliente,Clientes,Ger\Dados\Clientes.DB,NomCli,Nome,cliente_ref,System.String,80,desconhecido,True,Paradox/BDE,identificador/vinculo,"validar em tela, ProcMon e amostra de dados"
cliente,Clientes,Ger\Dados\Clientes.DB,EndCli,Endereco,cliente_ref,System.String,80,desconhecido,True,Paradox/BDE,identificador/vinculo,"validar em tela, ProcMon e amostra de dados"
cliente,Clientes,Ger\Dados\Clientes.DB,CidCli,CidCli,outro,System.String,40,provavel,True,Paradox/BDE,outro,"validar em tela, ProcMon e amostra de dados"
cliente,Clientes,Ger\Dados\Clientes.DB,EstCli,EstCli,outro,System.String,4,desconhecido,True,Paradox/BDE,outro,"validar em tela, ProcMon e amostra de dados"
cliente,Clientes,Ger\Dados\Clientes.DB,CepCli,CEP,cliente_ref,System.String,18,desconhecido,True,Paradox/BDE,identificador/vinculo,"validar em tela, ProcMon e amostra de dados"
cliente,Clientes,Ger\Dados\Clientes.DB,TelCli,Telefone,cliente_ref,System.String,30,desconhecido,True,Paradox/BDE,identificador/vinculo,"validar em tela, ProcMon e amostra de dados"
cliente,Clientes,Ger\Dados\Clientes.DB,TelCli2,Telefone,cliente_ref,System.String,30,desconhecido,True,Paradox/BDE,identificador/vinculo,"validar em tela, ProcMon e amostra de dados"
cliente,Clientes,Ger\Dados\Clientes.DB,Contato,Contato,outro,System.String,80,desconhecido,True,Paradox/BDE,outro,"validar em tela, ProcMon e amostra de dados"
cliente,Clientes,Ger\Dados\Clientes.DB,CgcCli,CgcCli,outro,System.String,24,desconhecido,True,Paradox/BDE,outro,"validar em tela, ProcMon e amostra de dados"
cliente,Clientes,Ger\Dados\Clientes.DB,DigCli,DigCli,outro,System.String,4,desconhecido,True,Paradox/BDE,outro,"validar em tela, ProcMon e amostra de dados"
cliente,Clientes,Ger\Dados\Clientes.DB,GruCli,GruCli,outro,System.String,10,desconhecido,True,Paradox/BDE,outro,"validar em tela, ProcMon e amostra de dados"
cliente,Clientes,Ger\Dados\Clientes.DB,CodTab,CodTab,id_codigo,System.String,6,provavel,True,Paradox/BDE,identificador/vinculo,"validar em tela, ProcMon e amostra de dados"
cliente,Clientes,Ger\Dados\Clientes.DB,InsEstCli,InsEstCli,outro,System.String,30,desconhecido,True,Paradox/BDE,outro,"validar em tela, ProcMon e amostra de dados"
cliente,Clientes,Ger\Dados\Clientes.DB,InsMunCli,InsMunCli,outro,System.String,30,desconhecido,True,Paradox/BDE,outro,"validar em tela, ProcMon e amostra de dados"
cliente,Clientes,Ger\Dados\Clientes.DB,EndCobCli,Endereco,cliente_ref,System.String,80,desconhecido,True,Paradox/BDE,identificador/vinculo,"validar em tela, ProcMon e amostra de dados"
cliente,Clientes,Ger\Dados\Clientes.DB,EndEntCli,Endereco,cliente_ref,System.String,80,desconhecido,True,Paradox/BDE,identificador/vinculo,"validar em tela, ProcMon e amostra de dados"
cliente,Clientes,Ger\Dados\Clientes.DB,CidCobCli,CidCobCli,outro,System.String,40,provavel,True,Paradox/BDE,outro,"validar em tela, ProcMon e amostra de dados"
cliente,Clientes,Ger\Dados\Clientes.DB,CidEntCli,CidEntCli,outro,System.String,40,provavel,True,Paradox/BDE,outro,"validar em tela, ProcMon e amostra de dados"
cliente,Clientes,Ger\Dados\Clientes.DB,EstCobCli,EstCobCli,outro,System.String,4,desconhecido,True,Paradox/BDE,outro,"validar em tela, ProcMon e amostra de dados"
cliente,Clientes,Ger\Dados\Clientes.DB,EstEntCli,EstEntCli,outro,System.String,4,desconhecido,True,Paradox/BDE,outro,"validar em tela, ProcMon e amostra de dados"
cliente,Clientes,Ger\Dados\Clientes.DB,CepCobCli,CEP,cliente_ref,System.String,18,desconhecido,True,Paradox/BDE,identificador/vinculo,"validar em tela, ProcMon e amostra de dados"
cliente,Clientes,Ger\Dados\Clientes.DB,CepEntCli,CEP,cliente_ref,System.String,18,desconhecido,True,Paradox/BDE,identificador/vinculo,"validar em tela, ProcMon e amostra de dados"
cliente,Clientes,Ger\Dados\Clientes.DB,CodPai,CodPai,id_codigo,System.String,8,provavel,True,Paradox/BDE,identificador/vinculo,"validar em tela, ProcMon e amostra de dados"
cliente,Clientes,Ger\Dados\Clientes.DB,CodUf,UF,id_codigo,System.String,4,provavel,True,Paradox/BDE,identificador/vinculo,"validar em tela, ProcMon e amostra de dados"
cliente,Clientes,Ger\Dados\Clientes.DB,CodCid,CodCid,id_codigo,System.String,14,provavel,True,Paradox/BDE,identificador/vinculo,"validar em tela, ProcMon e amostra de dados"
cliente,Clientes,Ger\Dados\Clientes.DB,CodRam,CodRam,id_codigo,System.String,10,provavel,True,Paradox/BDE,identificador/vinculo,"validar em tela, ProcMon e amostra de dados"
cliente,Clientes,Ger\Dados\Clientes.DB,CodCpg,CodCpg,id_codigo,System.String,6,provavel,True,Paradox/BDE,identificador/vinculo,"validar em tela, ProcMon e amostra de dados"
cliente,Clientes,Ger\Dados\Clientes.DB,CodFpg,CodFpg,id_codigo,System.String,6,provavel,True,Paradox/BDE,identificador/vinculo,"validar em tela, ProcMon e amostra de dados"
cliente,Clientes,Ger\Dados\Clientes.DB,ArqLogCli,ArqLogCli,outro,System.String,400,desconhecido,True,Paradox/BDE,outro,"validar em tela, ProcMon e amostra de dados"
cliente,Clientes,Ger\Dados\Clientes.DB,Roteiro,Roteiro,outro,System.String,10,desconhecido,True,Paradox/BDE,outro,"validar em tela, ProcMon e amostra de dados"
cliente,Clientes,Ger\Dados\Clientes.DB,CCM,CCM,outro,System.String,20,desconhecido,True,Paradox/BDE,outro,"validar em tela, ProcMon e amostra de dados"
cliente,Clientes,Ger\Dados\Clientes.DB,FisJur,FisJur,outro,System.String,2,desconhecido,True,Paradox/BDE,outro,"validar em tela, ProcMon e amostra de dados"
cliente,Clientes,Ger\Dados\Clientes.DB,DatCad,Data,data_hora,System.DateTime,8,desconhecido,True,Paradox/BDE,data_hora,"validar em tela, ProcMon e amostra de dados"
cliente,Clientes,Ger\Dados\Clientes.DB,Status,Status,status_situacao,System.String,2,desconhecido,True,Paradox/BDE,status_situacao,"validar em tela, ProcMon e amostra de dados"
cliente,Clientes,Ger\Dados\Clientes.DB,Seg,Seg,outro,System.Boolean,1,desconhecido,True,Paradox/BDE,outro,"validar em tela, ProcMon e amostra de dados"
cliente,Clientes,Ger\Dados\Clientes.DB,Ter,Ter,outro,System.Boolean,1,desconhecido,True,Paradox/BDE,outro,"validar em tela, ProcMon e amostra de dados"
cliente,Clientes,Ger\Dados\Clientes.DB,Qua,Qua,outro,System.Boolean,1,desconhecido,True,Paradox/BDE,outro,"validar em tela, ProcMon e amostra de dados"
cliente,Clientes,Ger\Dados\Clientes.DB,Qui,Qui,outro,System.Boolean,1,desconhecido,True,Paradox/BDE,outro,"validar em tela, ProcMon e amostra de dados"
cliente,Clientes,Ger\Dados\Clientes.DB,Sex,Sex,outro,System.Boolean,1,desconhecido,True,Paradox/BDE,outro,"validar em tela, ProcMon e amostra de dados"
cliente,Clientes,Ger\Dados\Clientes.DB,Sab,Sab,outro,System.Boolean,1,desconhecido,True,Paradox/BDE,outro,"validar em tela, ProcMon e amostra de dados"
cliente,Clientes,Ger\Dados\Clientes.DB,Dom,Dom,outro,System.Boolean,1,desconhecido,True,Paradox/BDE,outro,"validar em tela, ProcMon e amostra de dados"
cliente,Clientes,Ger\Dados\Clientes.DB,BaiCli,BaiCli,outro,System.String,40,desconhecido,True,Paradox/BDE,outro,"validar em tela, ProcMon e amostra de dados"
cliente,Clientes,Ger\Dados\Clientes.DB,Desconto,Desconto/Descricao,valor_monetario,System.Double,8,desconhecido,True,Paradox/BDE,valor_monetario,"validar em tela, ProcMon e amostra de dados"
cliente,Clientes,Ger\Dados\Clientes.DB,DescontoFat,Desconto/Descricao,valor_monetario,System.Double,8,desconhecido,True,Paradox/BDE,valor_monetario,"validar em tela, ProcMon e amostra de dados"
cliente,Clientes,Ger\Dados\Clientes.DB,CodTab2,CodTab2,id_codigo,System.String,6,provavel,True,Paradox/BDE,identificador/vinculo,"validar em tela, ProcMon e amostra de dados"
cliente,Clientes,Ger\Dados\Clientes.DB,CodTab3,CodTab3,id_codigo,System.String,6,provavel,True,Paradox/BDE,identificador/vinculo,"validar em tela, ProcMon e amostra de dados"
cliente,Clientes,Ger\Dados\Clientes.DB,CodTab4,CodTab4,id_codigo,System.String,6,provavel,True,Paradox/BDE,identificador/vinculo,"validar em tela, ProcMon e amostra de dados"
cliente,Clientes,Ger\Dados\Clientes.DB,CodTab5,CodTab5,id_codigo,System.String,6,provavel,True,Paradox/BDE,identificador/vinculo,"validar em tela, ProcMon e amostra de dados"
cliente,Clientes,Ger\Dados\Clientes.DB,CodTab6,CodTab6,id_codigo,System.String,6,provavel,True,Paradox/BDE,identificador/vinculo,"validar em tela, ProcMon e amostra de dados"
cliente,Clientes,Ger\Dados\Clientes.DB,CodTab7,CodTab7,id_codigo,System.String,6,provavel,True,Paradox/BDE,identificador/vinculo,"validar em tela, ProcMon e amostra de dados"
cliente,Clientes,Ger\Dados\Clientes.DB,CodTab8,CodTab8,id_codigo,System.String,6,provavel,True,Paradox/BDE,identificador/vinculo,"validar em tela, ProcMon e amostra de dados"
cliente,Clientes,Ger\Dados\Clientes.DB,CodTab9,CodTab9,id_codigo,System.String,6,provavel,True,Paradox/BDE,identificador/vinculo,"validar em tela, ProcMon e amostra de dados"
cliente,Clientes,Ger\Dados\Clientes.DB,FixaTab,FixaTab,outro,System.Boolean,1,desconhecido,True,Paradox/BDE,outro,"validar em tela, ProcMon e amostra de dados"
cliente,Clientes,Ger\Dados\Clientes.DB,ControlaTab,ROL/OS,ordem_rol_ref,System.Int32,4,desconhecido,True,Paradox/BDE,identificador/vinculo,"validar em tela, ProcMon e amostra de dados"
cliente,Clientes,Ger\Dados\Clientes.DB,CodEmpree,CodEmpree,id_codigo,System.String,6,provavel,True,Paradox/BDE,identificador/vinculo,"validar em tela, ProcMon e amostra de dados"
cliente,Clientes,Ger\Dados\Clientes.DB,RazSocCli,RazSocCli,outro,System.String,80,desconhecido,True,Paradox/BDE,outro,"validar em tela, ProcMon e amostra de dados"
cliente,Clientes,Ger\Dados\Clientes.DB,CPFCli,CPF,cliente_ref,System.String,30,desconhecido,True,Paradox/BDE,identificador/vinculo,"validar em tela, ProcMon e amostra de dados"
cliente,Clientes,Ger\Dados\Clientes.DB,CodTransp,CodTransp,id_codigo,System.String,6,provavel,True,Paradox/BDE,identificador/vinculo,"validar em tela, ProcMon e amostra de dados"
cliente,Clientes,Ger\Dados\Clientes.DB,CodVen,CodVen,id_codigo,System.String,10,provavel,True,Paradox/BDE,identificador/vinculo,"validar em tela, ProcMon e amostra de dados"
cliente,Clientes,Ger\Dados\Clientes.DB,SaldoAnterior,SaldoAnterior,valor_monetario,System.Double,8,desconhecido,True,Paradox/BDE,valor_monetario,"validar em tela, ProcMon e amostra de dados"
cliente,Clientes,Ger\Dados\Clientes.DB,ObsSaldo,ObsSaldo,valor_monetario,System.String,100,desconhecido,True,Paradox/BDE,valor_monetario,"validar em tela, ProcMon e amostra de dados"
cliente,Clientes,Ger\Dados\Clientes.DB,Unidade,Unidade,produto_ref,System.String,10,provavel,True,Paradox/BDE,identificador/vinculo,"validar em tela, ProcMon e amostra de dados"
cliente,Clientes,Ger\Dados\Clientes.DB,ObsCli,ObsCli,texto_observacao,System.String,200,desconhecido,True,Paradox/BDE,texto_observacao,"validar em tela, ProcMon e amostra de dados"
cliente,Clientes,Ger\Dados\Clientes.DB,EntPVisita,EntPVisita,status_situacao,System.String,2,desconhecido,True,Paradox/BDE,status_situacao,"validar em tela, ProcMon e amostra de dados"
cliente,Clientes,Ger\Dados\Clientes.DB,Desativado,Desativado,fiscal_documento,System.String,2,desconhecido,True,Paradox/BDE,fiscal_documento,"validar em tela, ProcMon e amostra de dados"
cliente,Clientes,Ger\Dados\Clientes.DB,MotivoDesat,MotivoDesat,texto_observacao,System.String,100,desconhecido,True,Paradox/BDE,texto_observacao,"validar em tela, ProcMon e amostra de dados"
cliente,Clientes,Ger\Dados\Clientes.DB,TipoEntrega,TipoEntrega,status_situacao,System.String,2,desconhecido,True,Paradox/BDE,status_situacao,"validar em tela, ProcMon e amostra de dados"
cliente,Clientes,Ger\Dados\Clientes.DB,ObsCli2,ObsCli2,texto_observacao,System.String,200,desconhecido,True,Paradox/BDE,texto_observacao,"validar em tela, ProcMon e amostra de dados"
cliente,Clientes,Ger\Dados\Clientes.DB,ObsCli3,ObsCli3,texto_observacao,System.String,200,desconhecido,True,Paradox/BDE,texto_observacao,"validar em tela, ProcMon e amostra de dados"
cliente,Clientes,Ger\Dados\Clientes.DB,ObsCli4,ObsCli4,texto_observacao,System.String,200,desconhecido,True,Paradox/BDE,texto_observacao,"validar em tela, ProcMon e amostra de dados"
cliente,Clientes,Ger\Dados\Clientes.DB,DatNas,Data,data_hora,System.DateTime,8,desconhecido,True,Paradox/BDE,data_hora,"validar em tela, ProcMon e amostra de dados"
cliente,Clientes,Ger\Dados\Clientes.DB,Pontos,Pontos,ordem_rol_ref,System.Double,8,desconhecido,True,Paradox/BDE,identificador/vinculo,"validar em tela, ProcMon e amostra de dados"
cliente,Clientes,Ger\Dados\Clientes.DB,CompEnd,Endereco,cliente_ref,System.String,30,desconhecido,True,Paradox/BDE,identificador/vinculo,"validar em tela, ProcMon e amostra de dados"
cliente,Clientes,Ger\Dados\Clientes.DB,email,E-mail,cliente_ref,System.String,100,desconhecido,True,Paradox/BDE,identificador/vinculo,"validar em tela, ProcMon e amostra de dados"
cliente,Clientes,Ger\Dados\Clientes.DB,TelCli3,Telefone,cliente_ref,System.String,30,desconhecido,True,Paradox/BDE,identificador/vinculo,"validar em tela, ProcMon e amostra de dados"
cliente,Clientes,Ger\Dados\Clientes.DB,CodCliSec,Cliente,id_codigo,System.String,60,provavel,True,Paradox/BDE,identificador/vinculo,"validar em tela, ProcMon e amostra de dados"
cliente,Clientes,Ger\Dados\Clientes.DB,VlrFatLim,Valor,valor_monetario,System.Double,8,desconhecido,True,Paradox/BDE,valor_monetario,"validar em tela, ProcMon e amostra de dados"
cliente,Clientes,Ger\Dados\Clientes.DB,TipFatLim,TipFatLim,outro,System.String,2,desconhecido,True,Paradox/BDE,outro,"validar em tela, ProcMon e amostra de dados"
cliente,Clientes,Ger\Dados\Clientes.DB,CodCon,CodCon,id_codigo,System.String,10,provavel,True,Paradox/BDE,identificador/vinculo,"validar em tela, ProcMon e amostra de dados"
cliente,Clientes,Ger\Dados\Clientes.DB,GruCli2,GruCli2,outro,System.String,10,desconhecido,True,Paradox/BDE,outro,"validar em tela, ProcMon e amostra de dados"
cliente,Clientes,Ger\Dados\Clientes.DB,GruCli3,GruCli3,outro,System.String,10,desconhecido,True,Paradox/BDE,outro,"validar em tela, ProcMon e amostra de dados"
cliente,Clientes,Ger\Dados\Clientes.DB,ConEmiCar,ConEmiCar,outro,System.String,2,desconhecido,True,Paradox/BDE,outro,"validar em tela, ProcMon e amostra de dados"
cliente,Clientes,Ger\Dados\Clientes.DB,BanCai,BanCai,outro,System.String,20,desconhecido,True,Paradox/BDE,outro,"validar em tela, ProcMon e amostra de dados"
cliente,Clientes,Ger\Dados\Clientes.DB,EmiNot,EmiNot,outro,System.String,2,desconhecido,True,Paradox/BDE,outro,"validar em tela, ProcMon e amostra de dados"
cliente,Clientes,Ger\Dados\Clientes.DB,EmiBol,EmiBol,outro,System.String,2,desconhecido,True,Paradox/BDE,outro,"validar em tela, ProcMon e amostra de dados"
cliente,Clientes,Ger\Dados\Clientes.DB,SerieNF,SerieNF,fiscal_documento,System.String,2,desconhecido,True,Paradox/BDE,fiscal_documento,"validar em tela, ProcMon e amostra de dados"
cliente,Clientes,Ger\Dados\Clientes.DB,GruCli4,GruCli4,outro,System.String,10,desconhecido,True,Paradox/BDE,outro,"validar em tela, ProcMon e amostra de dados"
cliente,Clientes,Ger\Dados\Clientes.DB,Marcacao,Marcacao,produto_ref,System.String,10,desconhecido,True,Paradox/BDE,identificador/vinculo,"validar em tela, ProcMon e amostra de dados"
cliente,Clientes,Ger\Dados\Clientes.DB,MarcaVenda,Endereco,cliente_ref,System.String,10,desconhecido,True,Paradox/BDE,identificador/vinculo,"validar em tela, ProcMon e amostra de dados"
cliente,Clientes,Ger\Dados\Clientes.DB,MarcaAdm,MarcaAdm,produto_ref,System.String,10,desconhecido,True,Paradox/BDE,identificador/vinculo,"validar em tela, ProcMon e amostra de dados"
cliente,Clientes,Ger\Dados\Clientes.DB,BDExterno,BDExterno,outro,System.String,2,desconhecido,True,Paradox/BDE,outro,"validar em tela, ProcMon e amostra de dados"
cliente,Clientes,Ger\Dados\Clientes.DB,LimCred,LimCred,outro,System.Double,8,desconhecido,True,Paradox/BDE,outro,"validar em tela, ProcMon e amostra de dados"
cliente,Clientes,Ger\Dados\Clientes.DB,EmitDup,EmitDup,outro,System.String,2,desconhecido,True,Paradox/BDE,outro,"validar em tela, ProcMon e amostra de dados"
cliente,Clientes,Ger\Dados\Clientes.DB,RgCli,RgCli,cliente_ref,System.String,24,desconhecido,True,Paradox/BDE,identificador/vinculo,"validar em tela, ProcMon e amostra de dados"
cliente,Clientes,Ger\Dados\Clientes.DB,DatCan,Data,data_hora,System.DateTime,8,desconhecido,True,Paradox/BDE,data_hora,"validar em tela, ProcMon e amostra de dados"
cliente,Clientes,Ger\Dados\Clientes.DB,ResUsuario,ResUsuario,usuario_auditoria,System.String,20,desconhecido,True,Paradox/BDE,usuario_auditoria,"validar em tela, ProcMon e amostra de dados"
cliente,Clientes,Ger\Dados\Clientes.DB,ComisVen,ComisVen,outro,System.Double,8,desconhecido,True,Paradox/BDE,outro,"validar em tela, ProcMon e amostra de dados"
cliente,Clientes,Ger\Dados\Clientes.DB,OEmissor,OEmissor,data_hora,System.String,20,desconhecido,True,Paradox/BDE,data_hora,"validar em tela, ProcMon e amostra de dados"
cliente,Clientes,Ger\Dados\Clientes.DB,CodTipEnt,CodTipEnt,id_codigo,System.String,2,provavel,True,Paradox/BDE,identificador/vinculo,"validar em tela, ProcMon e amostra de dados"
cliente,Clientes,Ger\Dados\Clientes.DB,Sexo,Sexo,outro,System.String,2,desconhecido,True,Paradox/BDE,outro,"validar em tela, ProcMon e amostra de dados"
cliente,Clientes,Ger\Dados\Clientes.DB,EmailProm,E-mail,cliente_ref,System.String,2,desconhecido,True,Paradox/BDE,identificador/vinculo,"validar em tela, ProcMon e amostra de dados"
cliente,Clientes,Ger\Dados\Clientes.DB,EmailLacto,E-mail,cliente_ref,System.String,2,desconhecido,True,Paradox/BDE,identificador/vinculo,"validar em tela, ProcMon e amostra de dados"
cliente,Clientes,Ger\Dados\Clientes.DB,EmailProd,E-mail,cliente_ref,System.String,2,desconhecido,True,Paradox/BDE,identificador/vinculo,"validar em tela, ProcMon e amostra de dados"
cliente,Clientes,Ger\Dados\Clientes.DB,Senha,Senha,outro,System.String,20,desconhecido,True,Paradox/BDE,outro,"validar em tela, ProcMon e amostra de dados"
cliente,Clientes,Ger\Dados\Clientes.DB,CodVenCan,CodVenCan,id_codigo,System.String,10,provavel,True,Paradox/BDE,identificador/vinculo,"validar em tela, ProcMon e amostra de dados"
cliente,Clientes,Ger\Dados\Clientes.DB,HorCan,HorCan,ordem_rol_ref,System.DateTime,8,desconhecido,True,Paradox/BDE,identificador/vinculo,"validar em tela, ProcMon e amostra de dados"
cliente,Clientes,Ger\Dados\Clientes.DB,CodCan,CodCan,id_codigo,System.String,10,provavel,True,Paradox/BDE,identificador/vinculo,"validar em tela, ProcMon e amostra de dados"
cliente,Clientes,Ger\Dados\Clientes.DB,CodFaixa,CodFaixa,id_codigo,System.String,10,provavel,True,Paradox/BDE,identificador/vinculo,"validar em tela, ProcMon e amostra de dados"
cliente,Clientes,Ger\Dados\Clientes.DB,QdeFun,QdeFun,outro,System.Int32,4,desconhecido,True,Paradox/BDE,outro,"validar em tela, ProcMon e amostra de dados"
cliente,Clientes,Ger\Dados\Clientes.DB,TipPerCont,TipPerCont,outro,System.String,2,desconhecido,True,Paradox/BDE,outro,"validar em tela, ProcMon e amostra de dados"
cliente,Clientes,Ger\Dados\Clientes.DB,CartaoFid,CartaoFid,outro,System.String,40,provavel,True,Paradox/BDE,outro,"validar em tela, ProcMon e amostra de dados"
cliente,Clientes,Ger\Dados\Clientes.DB,CodConCli,CodConCli,id_codigo,System.String,20,provavel,True,Paradox/BDE,identificador/vinculo,"validar em tela, ProcMon e amostra de dados"
cliente,Clientes,Ger\Dados\Clientes.DB,DescISS,Desconto/Descricao,valor_monetario,System.Double,8,desconhecido,True,Paradox/BDE,valor_monetario,"validar em tela, ProcMon e amostra de dados"
cliente,Clientes,Ger\Dados\Clientes.DB,DiaPadPag,DiaPadPag,outro,System.Int32,4,desconhecido,True,Paradox/BDE,outro,"validar em tela, ProcMon e amostra de dados"
cliente,Clientes,Ger\Dados\Clientes.DB,Faixa,Faixa,outro,System.String,2,desconhecido,True,Paradox/BDE,outro,"validar em tela, ProcMon e amostra de dados"
cliente,Clientes,Ger\Dados\Clientes.DB,ControlEnt,ROL/OS,ordem_rol_ref,System.String,2,desconhecido,True,Paradox/BDE,identificador/vinculo,"validar em tela, ProcMon e amostra de dados"
cliente,Clientes,Ger\Dados\Clientes.DB,FatMinimo,FatMinimo,outro,System.Double,8,desconhecido,True,Paradox/BDE,outro,"validar em tela, ProcMon e amostra de dados"
cliente,Clientes,Ger\Dados\Clientes.DB,DatFil,Data,data_hora,System.DateTime,8,desconhecido,True,Paradox/BDE,data_hora,"validar em tela, ProcMon e amostra de dados"
cliente,Clientes,Ger\Dados\Clientes.DB,CodCart,CodCart,id_codigo,System.String,10,provavel,True,Paradox/BDE,identificador/vinculo,"validar em tela, ProcMon e amostra de dados"
cliente,Clientes,Ger\Dados\Clientes.DB,PesoLim,PesoLim,quantidade,System.Double,8,desconhecido,True,Paradox/BDE,quantidade,"validar em tela, ProcMon e amostra de dados"
cliente,Clientes,Ger\Dados\Clientes.DB,DiaPadFat,DiaPadFat,outro,System.Int32,4,desconhecido,True,Paradox/BDE,outro,"validar em tela, ProcMon e amostra de dados"
cliente,Clientes,Ger\Dados\Clientes.DB,FormatBol,FormatBol,outro,System.String,60,desconhecido,True,Paradox/BDE,outro,"validar em tela, ProcMon e amostra de dados"
cliente,Clientes,Ger\Dados\Clientes.DB,DesPagBol,DesPagBol,outro,System.Double,8,desconhecido,True,Paradox/BDE,outro,"validar em tela, ProcMon e amostra de dados"
cliente,Clientes-,Ger\Dados\Clientes-.DB,CodCli,Cliente,id_codigo,System.String,20,provavel,True,Paradox/BDE,identificador/vinculo,"validar em tela, ProcMon e amostra de dados"
cliente,Clientes-,Ger\Dados\Clientes-.DB,NomCli,Nome,cliente_ref,System.String,80,desconhecido,True,Paradox/BDE,identificador/vinculo,"validar em tela, ProcMon e amostra de dados"
cliente,Clientes-,Ger\Dados\Clientes-.DB,EndCli,Endereco,cliente_ref,System.String,80,desconhecido,True,Paradox/BDE,identificador/vinculo,"validar em tela, ProcMon e amostra de dados"
cliente,Clientes-,Ger\Dados\Clientes-.DB,CidCli,CidCli,outro,System.String,40,provavel,True,Paradox/BDE,outro,"validar em tela, ProcMon e amostra de dados"
cliente,Clientes-,Ger\Dados\Clientes-.DB,EstCli,EstCli,outro,System.String,4,desconhecido,True,Paradox/BDE,outro,"validar em tela, ProcMon e amostra de dados"
cliente,Clientes-,Ger\Dados\Clientes-.DB,CepCli,CEP,cliente_ref,System.String,18,desconhecido,True,Paradox/BDE,identificador/vinculo,"validar em tela, ProcMon e amostra de dados"
cliente,Clientes-,Ger\Dados\Clientes-.DB,TelCli,Telefone,cliente_ref,System.String,30,desconhecido,True,Paradox/BDE,identificador/vinculo,"validar em tela, ProcMon e amostra de dados"
cliente,Clientes-,Ger\Dados\Clientes-.DB,TelCli2,Telefone,cliente_ref,System.String,30,desconhecido,True,Paradox/BDE,identificador/vinculo,"validar em tela, ProcMon e amostra de dados"
cliente,Clientes-,Ger\Dados\Clientes-.DB,Contato,Contato,outro,System.String,80,desconhecido,True,Paradox/BDE,outro,"validar em tela, ProcMon e amostra de dados"
cliente,Clientes-,Ger\Dados\Clientes-.DB,CgcCli,CgcCli,outro,System.String,24,desconhecido,True,Paradox/BDE,outro,"validar em tela, ProcMon e amostra de dados"
cliente,Clientes-,Ger\Dados\Clientes-.DB,DigCli,DigCli,outro,System.String,4,desconhecido,True,Paradox/BDE,outro,"validar em tela, ProcMon e amostra de dados"
cliente,Clientes-,Ger\Dados\Clientes-.DB,GruCli,GruCli,outro,System.String,10,desconhecido,True,Paradox/BDE,outro,"validar em tela, ProcMon e amostra de dados"
cliente,Clientes-,Ger\Dados\Clientes-.DB,CodTab,CodTab,id_codigo,System.String,6,provavel,True,Paradox/BDE,identificador/vinculo,"validar em tela, ProcMon e amostra de dados"
cliente,Clientes-,Ger\Dados\Clientes-.DB,InsEstCli,InsEstCli,outro,System.String,30,desconhecido,True,Paradox/BDE,outro,"validar em tela, ProcMon e amostra de dados"
cliente,Clientes-,Ger\Dados\Clientes-.DB,InsMunCli,InsMunCli,outro,System.String,30,desconhecido,True,Paradox/BDE,outro,"validar em tela, ProcMon e amostra de dados"
cliente,Clientes-,Ger\Dados\Clientes-.DB,EndCobCli,Endereco,cliente_ref,System.String,80,desconhecido,True,Paradox/BDE,identificador/vinculo,"validar em tela, ProcMon e amostra de dados"
cliente,Clientes-,Ger\Dados\Clientes-.DB,EndEntCli,Endereco,cliente_ref,System.String,80,desconhecido,True,Paradox/BDE,identificador/vinculo,"validar em tela, ProcMon e amostra de dados"
cliente,Clientes-,Ger\Dados\Clientes-.DB,CidCobCli,CidCobCli,outro,System.String,40,provavel,True,Paradox/BDE,outro,"validar em tela, ProcMon e amostra de dados"
cliente,Clientes-,Ger\Dados\Clientes-.DB,CidEntCli,CidEntCli,outro,System.String,40,provavel,True,Paradox/BDE,outro,"validar em tela, ProcMon e amostra de dados"
cliente,Clientes-,Ger\Dados\Clientes-.DB,EstCobCli,EstCobCli,outro,System.String,4,desconhecido,True,Paradox/BDE,outro,"validar em tela, ProcMon e amostra de dados"
cliente,Clientes-,Ger\Dados\Clientes-.DB,EstEntCli,EstEntCli,outro,System.String,4,desconhecido,True,Paradox/BDE,outro,"validar em tela, ProcMon e amostra de dados"
cliente,Clientes-,Ger\Dados\Clientes-.DB,CepCobCli,CEP,cliente_ref,System.String,18,desconhecido,True,Paradox/BDE,identificador/vinculo,"validar em tela, ProcMon e amostra de dados"
cliente,Clientes-,Ger\Dados\Clientes-.DB,CepEntCli,CEP,cliente_ref,System.String,18,desconhecido,True,Paradox/BDE,identificador/vinculo,"validar em tela, ProcMon e amostra de dados"
cliente,Clientes-,Ger\Dados\Clientes-.DB,CodPai,CodPai,id_codigo,System.String,8,provavel,True,Paradox/BDE,identificador/vinculo,"validar em tela, ProcMon e amostra de dados"
cliente,Clientes-,Ger\Dados\Clientes-.DB,CodUf,UF,id_codigo,System.String,4,provavel,True,Paradox/BDE,identificador/vinculo,"validar em tela, ProcMon e amostra de dados"
cliente,Clientes-,Ger\Dados\Clientes-.DB,CodCid,CodCid,id_codigo,System.String,14,provavel,True,Paradox/BDE,identificador/vinculo,"validar em tela, ProcMon e amostra de dados"
cliente,Clientes-,Ger\Dados\Clientes-.DB,CodRam,CodRam,id_codigo,System.String,10,provavel,True,Paradox/BDE,identificador/vinculo,"validar em tela, ProcMon e amostra de dados"
cliente,Clientes-,Ger\Dados\Clientes-.DB,CodCpg,CodCpg,id_codigo,System.String,6,provavel,True,Paradox/BDE,identificador/vinculo,"validar em tela, ProcMon e amostra de dados"
cliente,Clientes-,Ger\Dados\Clientes-.DB,CodFpg,CodFpg,id_codigo,System.String,6,provavel,True,Paradox/BDE,identificador/vinculo,"validar em tela, ProcMon e amostra de dados"
cliente,Clientes-,Ger\Dados\Clientes-.DB,ArqLogCli,ArqLogCli,outro,System.String,400,desconhecido,True,Paradox/BDE,outro,"validar em tela, ProcMon e amostra de dados"
cliente,Clientes-,Ger\Dados\Clientes-.DB,Roteiro,Roteiro,outro,System.String,10,desconhecido,True,Paradox/BDE,outro,"validar em tela, ProcMon e amostra de dados"
cliente,Clientes-,Ger\Dados\Clientes-.DB,CCM,CCM,outro,System.String,20,desconhecido,True,Paradox/BDE,outro,"validar em tela, ProcMon e amostra de dados"
cliente,Clientes-,Ger\Dados\Clientes-.DB,FisJur,FisJur,outro,System.String,2,desconhecido,True,Paradox/BDE,outro,"validar em tela, ProcMon e amostra de dados"
cliente,Clientes-,Ger\Dados\Clientes-.DB,DatCad,Data,data_hora,System.DateTime,8,desconhecido,True,Paradox/BDE,data_hora,"validar em tela, ProcMon e amostra de dados"
cliente,Clientes-,Ger\Dados\Clientes-.DB,Status,Status,status_situacao,System.String,2,desconhecido,True,Paradox/BDE,status_situacao,"validar em tela, ProcMon e amostra de dados"
cliente,Clientes-,Ger\Dados\Clientes-.DB,Seg,Seg,outro,System.Boolean,1,desconhecido,True,Paradox/BDE,outro,"validar em tela, ProcMon e amostra de dados"
cliente,Clientes-,Ger\Dados\Clientes-.DB,Ter,Ter,outro,System.Boolean,1,desconhecido,True,Paradox/BDE,outro,"validar em tela, ProcMon e amostra de dados"
cliente,Clientes-,Ger\Dados\Clientes-.DB,Qua,Qua,outro,System.Boolean,1,desconhecido,True,Paradox/BDE,outro,"validar em tela, ProcMon e amostra de dados"
cliente,Clientes-,Ger\Dados\Clientes-.DB,Qui,Qui,outro,System.Boolean,1,desconhecido,True,Paradox/BDE,outro,"validar em tela, ProcMon e amostra de dados"
cliente,Clientes-,Ger\Dados\Clientes-.DB,Sex,Sex,outro,System.Boolean,1,desconhecido,True,Paradox/BDE,outro,"validar em tela, ProcMon e amostra de dados"
cliente,Clientes-,Ger\Dados\Clientes-.DB,Sab,Sab,outro,System.Boolean,1,desconhecido,True,Paradox/BDE,outro,"validar em tela, ProcMon e amostra de dados"
cliente,Clientes-,Ger\Dados\Clientes-.DB,Dom,Dom,outro,System.Boolean,1,desconhecido,True,Paradox/BDE,outro,"validar em tela, ProcMon e amostra de dados"
cliente,Clientes-,Ger\Dados\Clientes-.DB,BaiCli,BaiCli,outro,System.String,40,desconhecido,True,Paradox/BDE,outro,"validar em tela, ProcMon e amostra de dados"
cliente,Clientes-,Ger\Dados\Clientes-.DB,Desconto,Desconto/Descricao,valor_monetario,System.Double,8,desconhecido,True,Paradox/BDE,valor_monetario,"validar em tela, ProcMon e amostra de dados"
cliente,Clientes-,Ger\Dados\Clientes-.DB,DescontoFat,Desconto/Descricao,valor_monetario,System.Double,8,desconhecido,True,Paradox/BDE,valor_monetario,"validar em tela, ProcMon e amostra de dados"
cliente,Clientes-,Ger\Dados\Clientes-.DB,CodTab2,CodTab2,id_codigo,System.String,6,provavel,True,Paradox/BDE,identificador/vinculo,"validar em tela, ProcMon e amostra de dados"
cliente,Clientes-,Ger\Dados\Clientes-.DB,CodTab3,CodTab3,id_codigo,System.String,6,provavel,True,Paradox/BDE,identificador/vinculo,"validar em tela, ProcMon e amostra de dados"
cliente,Clientes-,Ger\Dados\Clientes-.DB,CodTab4,CodTab4,id_codigo,System.String,6,provavel,True,Paradox/BDE,identificador/vinculo,"validar em tela, ProcMon e amostra de dados"
cliente,Clientes-,Ger\Dados\Clientes-.DB,CodTab5,CodTab5,id_codigo,System.String,6,provavel,True,Paradox/BDE,identificador/vinculo,"validar em tela, ProcMon e amostra de dados"
cliente,Clientes-,Ger\Dados\Clientes-.DB,CodTab6,CodTab6,id_codigo,System.String,6,provavel,True,Paradox/BDE,identificador/vinculo,"validar em tela, ProcMon e amostra de dados"
cliente,Clientes-,Ger\Dados\Clientes-.DB,CodTab7,CodTab7,id_codigo,System.String,6,provavel,True,Paradox/BDE,identificador/vinculo,"validar em tela, ProcMon e amostra de dados"
cliente,Clientes-,Ger\Dados\Clientes-.DB,CodTab8,CodTab8,id_codigo,System.String,6,provavel,True,Paradox/BDE,identificador/vinculo,"validar em tela, ProcMon e amostra de dados"
cliente,Clientes-,Ger\Dados\Clientes-.DB,CodTab9,CodTab9,id_codigo,System.String,6,provavel,True,Paradox/BDE,identificador/vinculo,"validar em tela, ProcMon e amostra de dados"
cliente,Clientes-,Ger\Dados\Clientes-.DB,FixaTab,FixaTab,outro,System.Boolean,1,desconhecido,True,Paradox/BDE,outro,"validar em tela, ProcMon e amostra de dados"
cliente,Clientes-,Ger\Dados\Clientes-.DB,ControlaTab,ROL/OS,ordem_rol_ref,System.Int32,4,desconhecido,True,Paradox/BDE,identificador/vinculo,"validar em tela, ProcMon e amostra de dados"
cliente,Clientes-,Ger\Dados\Clientes-.DB,CodEmpree,CodEmpree,id_codigo,System.String,6,provavel,True,Paradox/BDE,identificador/vinculo,"validar em tela, ProcMon e amostra de dados"
cliente,Clientes-,Ger\Dados\Clientes-.DB,RazSocCli,RazSocCli,outro,System.String,80,desconhecido,True,Paradox/BDE,outro,"validar em tela, ProcMon e amostra de dados"
cliente,Clientes-,Ger\Dados\Clientes-.DB,CPFCli,CPF,cliente_ref,System.String,30,desconhecido,True,Paradox/BDE,identificador/vinculo,"validar em tela, ProcMon e amostra de dados"
cliente,Clientes-,Ger\Dados\Clientes-.DB,CodTransp,CodTransp,id_codigo,System.String,6,provavel,True,Paradox/BDE,identificador/vinculo,"validar em tela, ProcMon e amostra de dados"
cliente,Clientes-,Ger\Dados\Clientes-.DB,CodVen,CodVen,id_codigo,System.String,10,provavel,True,Paradox/BDE,identificador/vinculo,"validar em tela, ProcMon e amostra de dados"
cliente,Clientes-,Ger\Dados\Clientes-.DB,SaldoAnterior,SaldoAnterior,valor_monetario,System.Double,8,desconhecido,True,Paradox/BDE,valor_monetario,"validar em tela, ProcMon e amostra de dados"
cliente,Clientes-,Ger\Dados\Clientes-.DB,ObsSaldo,ObsSaldo,valor_monetario,System.String,100,desconhecido,True,Paradox/BDE,valor_monetario,"validar em tela, ProcMon e amostra de dados"
cliente,Clientes-,Ger\Dados\Clientes-.DB,Unidade,Unidade,produto_ref,System.String,10,provavel,True,Paradox/BDE,identificador/vinculo,"validar em tela, ProcMon e amostra de dados"
cliente,Clientes-,Ger\Dados\Clientes-.DB,ObsCli,ObsCli,texto_observacao,System.String,200,desconhecido,True,Paradox/BDE,texto_observacao,"validar em tela, ProcMon e amostra de dados"
cliente,Clientes-,Ger\Dados\Clientes-.DB,EntPVisita,EntPVisita,status_situacao,System.String,2,desconhecido,True,Paradox/BDE,status_situacao,"validar em tela, ProcMon e amostra de dados"
cliente,Clientes-,Ger\Dados\Clientes-.DB,Desativado,Desativado,fiscal_documento,System.String,2,desconhecido,True,Paradox/BDE,fiscal_documento,"validar em tela, ProcMon e amostra de dados"
cliente,Clientes-,Ger\Dados\Clientes-.DB,MotivoDesat,MotivoDesat,texto_observacao,System.String,100,desconhecido,True,Paradox/BDE,texto_observacao,"validar em tela, ProcMon e amostra de dados"
cliente,Clientes-,Ger\Dados\Clientes-.DB,TipoEntrega,TipoEntrega,status_situacao,System.String,2,desconhecido,True,Paradox/BDE,status_situacao,"validar em tela, ProcMon e amostra de dados"
cliente,Clientes-,Ger\Dados\Clientes-.DB,ObsCli2,ObsCli2,texto_observacao,System.String,200,desconhecido,True,Paradox/BDE,texto_observacao,"validar em tela, ProcMon e amostra de dados"
cliente,Clientes-,Ger\Dados\Clientes-.DB,ObsCli3,ObsCli3,texto_observacao,System.String,200,desconhecido,True,Paradox/BDE,texto_observacao,"validar em tela, ProcMon e amostra de dados"
cliente,Clientes-,Ger\Dados\Clientes-.DB,ObsCli4,ObsCli4,texto_observacao,System.String,200,desconhecido,True,Paradox/BDE,texto_observacao,"validar em tela, ProcMon e amostra de dados"
cliente,Clientes-,Ger\Dados\Clientes-.DB,DatNas,Data,data_hora,System.DateTime,8,desconhecido,True,Paradox/BDE,data_hora,"validar em tela, ProcMon e amostra de dados"
cliente,Clientes-,Ger\Dados\Clientes-.DB,Pontos,Pontos,ordem_rol_ref,System.Double,8,desconhecido,True,Paradox/BDE,identificador/vinculo,"validar em tela, ProcMon e amostra de dados"
cliente,Clientes-,Ger\Dados\Clientes-.DB,CompEnd,Endereco,cliente_ref,System.String,30,desconhecido,True,Paradox/BDE,identificador/vinculo,"validar em tela, ProcMon e amostra de dados"
cliente,Clientes-,Ger\Dados\Clientes-.DB,email,E-mail,cliente_ref,System.String,100,desconhecido,True,Paradox/BDE,identificador/vinculo,"validar em tela, ProcMon e amostra de dados"
cliente,Clientes-,Ger\Dados\Clientes-.DB,TelCli3,Telefone,cliente_ref,System.String,30,desconhecido,True,Paradox/BDE,identificador/vinculo,"validar em tela, ProcMon e amostra de dados"
cliente,Clientes-,Ger\Dados\Clientes-.DB,CodCliSec,Cliente,id_codigo,System.String,60,provavel,True,Paradox/BDE,identificador/vinculo,"validar em tela, ProcMon e amostra de dados"
cliente,Clientes-,Ger\Dados\Clientes-.DB,VlrFatLim,Valor,valor_monetario,System.Double,8,desconhecido,True,Paradox/BDE,valor_monetario,"validar em tela, ProcMon e amostra de dados"
cliente,Clientes-,Ger\Dados\Clientes-.DB,TipFatLim,TipFatLim,outro,System.String,2,desconhecido,True,Paradox/BDE,outro,"validar em tela, ProcMon e amostra de dados"
cliente,Clientes-,Ger\Dados\Clientes-.DB,CodCon,CodCon,id_codigo,System.String,10,provavel,True,Paradox/BDE,identificador/vinculo,"validar em tela, ProcMon e amostra de dados"
cliente,Clientes-,Ger\Dados\Clientes-.DB,GruCli2,GruCli2,outro,System.String,10,desconhecido,True,Paradox/BDE,outro,"validar em tela, ProcMon e amostra de dados"
cliente,Clientes-,Ger\Dados\Clientes-.DB,GruCli3,GruCli3,outro,System.String,10,desconhecido,True,Paradox/BDE,outro,"validar em tela, ProcMon e amostra de dados"
cliente,Clientes-,Ger\Dados\Clientes-.DB,ConEmiCar,ConEmiCar,outro,System.String,2,desconhecido,True,Paradox/BDE,outro,"validar em tela, ProcMon e amostra de dados"
cliente,Clientes-,Ger\Dados\Clientes-.DB,BanCai,BanCai,outro,System.String,20,desconhecido,True,Paradox/BDE,outro,"validar em tela, ProcMon e amostra de dados"
cliente,Clientes-,Ger\Dados\Clientes-.DB,EmiNot,EmiNot,outro,System.String,2,desconhecido,True,Paradox/BDE,outro,"validar em tela, ProcMon e amostra de dados"
cliente,Clientes-,Ger\Dados\Clientes-.DB,EmiBol,EmiBol,outro,System.String,2,desconhecido,True,Paradox/BDE,outro,"validar em tela, ProcMon e amostra de dados"
cliente,Clientes-,Ger\Dados\Clientes-.DB,SerieNF,SerieNF,fiscal_documento,System.String,2,desconhecido,True,Paradox/BDE,fiscal_documento,"validar em tela, ProcMon e amostra de dados"
cliente,Clientes-,Ger\Dados\Clientes-.DB,GruCli4,GruCli4,outro,System.String,10,desconhecido,True,Paradox/BDE,outro,"validar em tela, ProcMon e amostra de dados"
cliente,Clientes-,Ger\Dados\Clientes-.DB,Marcacao,Marcacao,produto_ref,System.String,10,desconhecido,True,Paradox/BDE,identificador/vinculo,"validar em tela, ProcMon e amostra de dados"
cliente,Clientes-,Ger\Dados\Clientes-.DB,MarcaVenda,Endereco,cliente_ref,System.String,10,desconhecido,True,Paradox/BDE,identificador/vinculo,"validar em tela, ProcMon e amostra de dados"
cliente,Clientes-,Ger\Dados\Clientes-.DB,MarcaAdm,MarcaAdm,produto_ref,System.String,10,desconhecido,True,Paradox/BDE,identificador/vinculo,"validar em tela, ProcMon e amostra de dados"
cliente,Clientes-,Ger\Dados\Clientes-.DB,BDExterno,BDExterno,outro,System.String,2,desconhecido,True,Paradox/BDE,outro,"validar em tela, ProcMon e amostra de dados"
cliente,Clientes-,Ger\Dados\Clientes-.DB,LimCred,LimCred,outro,System.Double,8,desconhecido,True,Paradox/BDE,outro,"validar em tela, ProcMon e amostra de dados"
cliente,Clientes-,Ger\Dados\Clientes-.DB,EmitDup,EmitDup,outro,System.String,2,desconhecido,True,Paradox/BDE,outro,"validar em tela, ProcMon e amostra de dados"
cliente,Clientes-,Ger\Dados\Clientes-.DB,RgCli,RgCli,cliente_ref,System.String,24,desconhecido,True,Paradox/BDE,identificador/vinculo,"validar em tela, ProcMon e amostra de dados"
cliente,Clientes-,Ger\Dados\Clientes-.DB,DatCan,Data,data_hora,System.DateTime,8,desconhecido,True,Paradox/BDE,data_hora,"validar em tela, ProcMon e amostra de dados"
cliente,Clientes-,Ger\Dados\Clientes-.DB,ResUsuario,ResUsuario,usuario_auditoria,System.String,20,desconhecido,True,Paradox/BDE,usuario_auditoria,"validar em tela, ProcMon e amostra de dados"
cliente,Clientes-,Ger\Dados\Clientes-.DB,ComisVen,ComisVen,outro,System.Double,8,desconhecido,True,Paradox/BDE,outro,"validar em tela, ProcMon e amostra de dados"
cliente,Clientes-,Ger\Dados\Clientes-.DB,OEmissor,OEmissor,data_hora,System.String,20,desconhecido,True,Paradox/BDE,data_hora,"validar em tela, ProcMon e amostra de dados"
cliente,Clientes-,Ger\Dados\Clientes-.DB,CodTipEnt,CodTipEnt,id_codigo,System.String,2,provavel,True,Paradox/BDE,identificador/vinculo,"validar em tela, ProcMon e amostra de dados"
cliente,Clientes-,Ger\Dados\Clientes-.DB,Sexo,Sexo,outro,System.String,2,desconhecido,True,Paradox/BDE,outro,"validar em tela, ProcMon e amostra de dados"
cliente,Clientes-,Ger\Dados\Clientes-.DB,EmailProm,E-mail,cliente_ref,System.String,2,desconhecido,True,Paradox/BDE,identificador/vinculo,"validar em tela, ProcMon e amostra de dados"
cliente,Clientes-,Ger\Dados\Clientes-.DB,EmailLacto,E-mail,cliente_ref,System.String,2,desconhecido,True,Paradox/BDE,identificador/vinculo,"validar em tela, ProcMon e amostra de dados"
cliente,Clientes-,Ger\Dados\Clientes-.DB,EmailProd,E-mail,cliente_ref,System.String,2,desconhecido,True,Paradox/BDE,identificador/vinculo,"validar em tela, ProcMon e amostra de dados"
cliente,Clientes-,Ger\Dados\Clientes-.DB,Senha,Senha,outro,System.String,20,desconhecido,True,Paradox/BDE,outro,"validar em tela, ProcMon e amostra de dados"
cliente,Clientes-,Ger\Dados\Clientes-.DB,CodVenCan,CodVenCan,id_codigo,System.String,10,provavel,True,Paradox/BDE,identificador/vinculo,"validar em tela, ProcMon e amostra de dados"
cliente,Clientes-,Ger\Dados\Clientes-.DB,HorCan,HorCan,ordem_rol_ref,System.DateTime,8,desconhecido,True,Paradox/BDE,identificador/vinculo,"validar em tela, ProcMon e amostra de dados"
cliente,Clientes-,Ger\Dados\Clientes-.DB,CodCan,CodCan,id_codigo,System.String,10,provavel,True,Paradox/BDE,identificador/vinculo,"validar em tela, ProcMon e amostra de dados"
cliente,Clientes-,Ger\Dados\Clientes-.DB,CodFaixa,CodFaixa,id_codigo,System.String,10,provavel,True,Paradox/BDE,identificador/vinculo,"validar em tela, ProcMon e amostra de dados"
cliente,Clientes-,Ger\Dados\Clientes-.DB,QdeFun,QdeFun,outro,System.Int32,4,desconhecido,True,Paradox/BDE,outro,"validar em tela, ProcMon e amostra de dados"
cliente,Clientes-,Ger\Dados\Clientes-.DB,TipPerCont,TipPerCont,outro,System.String,2,desconhecido,True,Paradox/BDE,outro,"validar em tela, ProcMon e amostra de dados"
cliente,Clientes-,Ger\Dados\Clientes-.DB,CartaoFid,CartaoFid,outro,System.String,40,provavel,True,Paradox/BDE,outro,"validar em tela, ProcMon e amostra de dados"
cliente,Clientes-,Ger\Dados\Clientes-.DB,CodConCli,CodConCli,id_codigo,System.String,20,provavel,True,Paradox/BDE,identificador/vinculo,"validar em tela, ProcMon e amostra de dados"
cliente,Clientes-,Ger\Dados\Clientes-.DB,DescISS,Desconto/Descricao,valor_monetario,System.Double,8,desconhecido,True,Paradox/BDE,valor_monetario,"validar em tela, ProcMon e amostra de dados"
cliente,Clientes-,Ger\Dados\Clientes-.DB,DiaPadPag,DiaPadPag,outro,System.Int32,4,desconhecido,True,Paradox/BDE,outro,"validar em tela, ProcMon e amostra de dados"
cliente,Clientes-,Ger\Dados\Clientes-.DB,Faixa,Faixa,outro,System.String,2,desconhecido,True,Paradox/BDE,outro,"validar em tela, ProcMon e amostra de dados"
cliente,Clientes-,Ger\Dados\Clientes-.DB,ControlEnt,ROL/OS,ordem_rol_ref,System.String,2,desconhecido,True,Paradox/BDE,identificador/vinculo,"validar em tela, ProcMon e amostra de dados"
cliente,Clientes-,Ger\Dados\Clientes-.DB,FatMinimo,FatMinimo,outro,System.Double,8,desconhecido,True,Paradox/BDE,outro,"validar em tela, ProcMon e amostra de dados"
cliente,Clientes-,Ger\Dados\Clientes-.DB,DatFil,Data,data_hora,System.DateTime,8,desconhecido,True,Paradox/BDE,data_hora,"validar em tela, ProcMon e amostra de dados"
cliente,Clientes-,Ger\Dados\Clientes-.DB,CodCart,CodCart,id_codigo,System.String,10,provavel,True,Paradox/BDE,identificador/vinculo,"validar em tela, ProcMon e amostra de dados"
cliente,Clientes-,Ger\Dados\Clientes-.DB,PesoLim,PesoLim,quantidade,System.Double,8,desconhecido,True,Paradox/BDE,quantidade,"validar em tela, ProcMon e amostra de dados"
cliente,Clientes-,Ger\Dados\Clientes-.DB,DiaPadFat,DiaPadFat,outro,System.Int32,4,desconhecido,True,Paradox/BDE,outro,"validar em tela, ProcMon e amostra de dados"
cliente,Clientes-,Ger\Dados\Clientes-.DB,FormatBol,FormatBol,outro,System.String,60,desconhecido,True,Paradox/BDE,outro,"validar em tela, ProcMon e amostra de dados"
cliente,ClientesInt,Ger\Dados\ClientesInt.DB,CodCad,CodCad,id_codigo,System.String,20,provavel,True,Paradox/BDE,identificador/vinculo,"validar em tela, ProcMon e amostra de dados"
cliente,ClientesInt,Ger\Dados\ClientesInt.DB,CodCadSec,CodCadSec,id_codigo,System.String,20,provavel,True,Paradox/BDE,identificador/vinculo,"validar em tela, ProcMon e amostra de dados"
cliente,ClientesInt,Ger\Dados\ClientesInt.DB,TipCad,TipCad,data_hora,System.String,2,desconhecido,True,Paradox/BDE,data_hora,"validar em tela, ProcMon e amostra de dados"
cliente,ClientesObs,Ger\Dados\ClientesObs.DB,CodCli,Cliente,id_codigo,System.String,20,provavel,True,Paradox/BDE,identificador/vinculo,"validar em tela, ProcMon e amostra de dados"
cliente,ClientesObs,Ger\Dados\ClientesObs.DB,Obs1,Obs1,texto_observacao,System.String,200,desconhecido,True,Paradox/BDE,texto_observacao,"validar em tela, ProcMon e amostra de dados"
cliente,ClientesObs,Ger\Dados\ClientesObs.DB,Obs2,Obs2,texto_observacao,System.String,200,desconhecido,True,Paradox/BDE,texto_observacao,"validar em tela, ProcMon e amostra de dados"
cliente,ClientesObs,Ger\Dados\ClientesObs.DB,Obs3,Obs3,texto_observacao,System.String,200,desconhecido,True,Paradox/BDE,texto_observacao,"validar em tela, ProcMon e amostra de dados"
outro,CliPecLav,Ger\Dados\CliPecLav.DB,CodUsuario,CodUsuario,id_codigo,System.String,20,provavel,True,Paradox/BDE,identificador/vinculo,"validar em tela, ProcMon e amostra de dados"
outro,CliPecLav,Ger\Dados\CliPecLav.DB,CodCli,Cliente,id_codigo,System.String,20,provavel,True,Paradox/BDE,identificador/vinculo,"validar em tela, ProcMon e amostra de dados"
outro,CliPecLav,Ger\Dados\CliPecLav.DB,NomUsuario,NomUsuario,usuario_auditoria,System.String,60,desconhecido,True,Paradox/BDE,usuario_auditoria,"validar em tela, ProcMon e amostra de dados"
outro,CliPecLav,Ger\Dados\CliPecLav.DB,NomCli,Nome,cliente_ref,System.String,80,desconhecido,True,Paradox/BDE,identificador/vinculo,"validar em tela, ProcMon e amostra de dados"
outro,CompAutoPecas,Ger\Dados\CompAutoPecas.DB,Situacao,Status,status_situacao,System.String,2,desconhecido,True,Paradox/BDE,status_situacao,"validar em tela, ProcMon e amostra de dados"
outro,CompAutoPecas,Ger\Dados\CompAutoPecas.DB,Placa,Placa,outro,System.String,16,desconhecido,True,Paradox/BDE,outro,"validar em tela, ProcMon e amostra de dados"
outro,CompAutoPecas,Ger\Dados\CompAutoPecas.DB,CodPeca,CodPeca,id_codigo,System.String,10,provavel,True,Paradox/BDE,identificador/vinculo,"validar em tela, ProcMon e amostra de dados"
outro,CompAutoPecas,Ger\Dados\CompAutoPecas.DB,ProximaTroca,ProximaTroca,outro,System.Int32,4,desconhecido,True,Paradox/BDE,outro,"validar em tela, ProcMon e amostra de dados"
produto_servico,Cores,Ger\Dados\Cores.DB,CodCor,CodCor,id_codigo,System.String,6,provavel,True,Paradox/BDE,identificador/vinculo,"validar em tela, ProcMon e amostra de dados"
produto_servico,Cores,Ger\Dados\Cores.DB,DesCor,Desconto/Descricao,valor_monetario,System.String,60,desconhecido,True,Paradox/BDE,valor_monetario,"validar em tela, ProcMon e amostra de dados"
produto_servico,Cores,Ger\Dados\Cores.DB,NumCor,NumCor,id_codigo,System.Double,8,provavel,True,Paradox/BDE,identificador/vinculo,"validar em tela, ProcMon e amostra de dados"
produto_servico,Cores,Ger\Dados\Cores.DB,DesCorAbr,Desconto/Descricao,valor_monetario,System.String,6,desconhecido,True,Paradox/BDE,valor_monetario,"validar em tela, ProcMon e amostra de dados"
produto_servico,Cores,Ger\Dados\Cores.DB,Cancelado,Celular,cliente_ref,System.String,2,desconhecido,True,Paradox/BDE,identificador/vinculo,"validar em tela, ProcMon e amostra de dados"
produto_servico,Cores,Ger\Dados\Cores.DB,MotivoCan,MotivoCan,texto_observacao,System.String,40,desconhecido,True,Paradox/BDE,texto_observacao,"validar em tela, ProcMon e amostra de dados"
produto_servico,Cores,Ger\Dados\Cores.DB,CodCorTer,CodCorTer,id_codigo,System.String,20,provavel,True,Paradox/BDE,identificador/vinculo,"validar em tela, ProcMon e amostra de dados"
outro,David,Ger\Dados\David.DB,Codigo,Codigo,id_codigo,System.Double,8,provavel,True,Paradox/BDE,identificador/vinculo,"validar em tela, ProcMon e amostra de dados"
outro,David,Ger\Dados\David.DB,Endereco,Endereco,cliente_ref,System.String,120,desconhecido,True,Paradox/BDE,identificador/vinculo,"validar em tela, ProcMon e amostra de dados"
outro,David,Ger\Dados\David.DB,Cidade,Cidade,cliente_ref,System.String,120,provavel,True,Paradox/BDE,identificador/vinculo,"validar em tela, ProcMon e amostra de dados"
outro,David,Ger\Dados\David.DB,Bairro,Bairro,cliente_ref,System.String,60,desconhecido,True,Paradox/BDE,identificador/vinculo,"validar em tela, ProcMon e amostra de dados"
outro,David,Ger\Dados\David.DB,Cep,CEP,cliente_ref,System.String,16,desconhecido,True,Paradox/BDE,identificador/vinculo,"validar em tela, ProcMon e amostra de dados"
outro,David,Ger\Dados\David.DB,Estado,UF,outro,System.String,4,desconhecido,True,Paradox/BDE,outro,"validar em tela, ProcMon e amostra de dados"
outro,David,Ger\Dados\David.DB,Tipo,Tipo,outro,System.String,6,desconhecido,True,Paradox/BDE,outro,"validar em tela, ProcMon e amostra de dados"
outro,EncProg,Ger\Dados\EncProg.DB,DatReg,Data,data_hora,System.DateTime,8,desconhecido,True,Paradox/BDE,data_hora,"validar em tela, ProcMon e amostra de dados"
outro,EncProg,Ger\Dados\EncProg.DB,Seq,Seq,outro,System.Int32,4,desconhecido,True,Paradox/BDE,outro,"validar em tela, ProcMon e amostra de dados"
outro,EncProg,Ger\Dados\EncProg.DB,CodFil,CodFil,id_codigo,System.String,10,provavel,True,Paradox/BDE,identificador/vinculo,"validar em tela, ProcMon e amostra de dados"
outro,EncProg,Ger\Dados\EncProg.DB,DatEnc,Data,data_hora,System.DateTime,8,desconhecido,True,Paradox/BDE,data_hora,"validar em tela, ProcMon e amostra de dados"
outro,EncProg,Ger\Dados\EncProg.DB,Situacao,Status,status_situacao,System.String,2,desconhecido,True,Paradox/BDE,status_situacao,"validar em tela, ProcMon e amostra de dados"
outro,Equipe,Ger\Dados\Equipe.DB,Formulario,Formulario,outro,System.String,100,desconhecido,True,Paradox/BDE,outro,"validar em tela, ProcMon e amostra de dados"
outro,Equipe,Ger\Dados\Equipe.DB,Campo,Campo,outro,System.String,100,desconhecido,True,Paradox/BDE,outro,"validar em tela, ProcMon e amostra de dados"
outro,Equipe,Ger\Dados\Equipe.DB,Posicao,Posicao,ordem_rol_ref,System.String,10,desconhecido,True,Paradox/BDE,identificador/vinculo,"validar em tela, ProcMon e amostra de dados"
outro,Equipe,Ger\Dados\Equipe.DB,CaminhoTable,CaminhoTable,outro,System.String,100,desconhecido,True,Paradox/BDE,outro,"validar em tela, ProcMon e amostra de dados"
outro,Equipe,Ger\Dados\Equipe.DB,Mensagem,Mensagem,outro,System.String,400,desconhecido,True,Paradox/BDE,outro,"validar em tela, ProcMon e amostra de dados"
outro,Erros,Ger\Dados\Erros.DB,CodErro,CodErro,id_codigo,System.Int32,4,provavel,True,Paradox/BDE,identificador/vinculo,"validar em tela, ProcMon e amostra de dados"
outro,Erros,Ger\Dados\Erros.DB,DesErro,DesErro,outro,System.String,100,desconhecido,True,Paradox/BDE,outro,"validar em tela, ProcMon e amostra de dados"
outro,Erros,Ger\Dados\Erros.DB,DesErroCom,DesErroCom,outro,System.String,400,desconhecido,True,Paradox/BDE,outro,"validar em tela, ProcMon e amostra de dados"
outro,Erros,Ger\Dados\Erros.DB,Solucao,Solucao,outro,System.String,1073741824,desconhecido,True,Paradox/BDE,outro,"validar em tela, ProcMon e amostra de dados"
outro,Erros,Ger\Dados\Erros.DB,CodSatCla,CodSatCla,id_codigo,System.String,10,provavel,True,Paradox/BDE,identificador/vinculo,"validar em tela, ProcMon e amostra de dados"
outro,Erros,Ger\Dados\Erros.DB,CodSatSubC,CodSatSubC,id_codigo,System.String,10,provavel,True,Paradox/BDE,identificador/vinculo,"validar em tela, ProcMon e amostra de dados"
outro,Erros,Ger\Dados\Erros.DB,CodSatGru,CodSatGru,id_codigo,System.String,10,provavel,True,Paradox/BDE,identificador/vinculo,"validar em tela, ProcMon e amostra de dados"
outro,Especie,Ger\Dados\Especie.DB,CodEsp,CodEsp,id_codigo,System.String,6,provavel,True,Paradox/BDE,identificador/vinculo,"validar em tela, ProcMon e amostra de dados"
outro,Especie,Ger\Dados\Especie.DB,DesEsp,DesEsp,outro,System.String,40,desconhecido,True,Paradox/BDE,outro,"validar em tela, ProcMon e amostra de dados"
auditoria_log,EstatLavSoft,Ger\Dados\EstatLavSoft.DB,CodFilCam,CodFilCam,id_codigo,System.String,100,provavel,True,Paradox/BDE,identificador/vinculo,"validar em tela, ProcMon e amostra de dados"
auditoria_log,EstatLavSoft,Ger\Dados\EstatLavSoft.DB,Ano,Ano,outro,System.String,8,desconhecido,True,Paradox/BDE,outro,"validar em tela, ProcMon e amostra de dados"
auditoria_log,EstatLavSoft,Ger\Dados\EstatLavSoft.DB,CodFil,CodFil,id_codigo,System.String,10,provavel,True,Paradox/BDE,identificador/vinculo,"validar em tela, ProcMon e amostra de dados"
auditoria_log,EstatLavSoft,Ger\Dados\EstatLavSoft.DB,Campo,Campo,outro,System.String,40,desconhecido,True,Paradox/BDE,outro,"validar em tela, ProcMon e amostra de dados"
auditoria_log,EstatLavSoft,Ger\Dados\EstatLavSoft.DB,Descricao,Desconto/Descricao,valor_monetario,System.String,80,desconhecido,True,Paradox/BDE,valor_monetario,"validar em tela, ProcMon e amostra de dados"
auditoria_log,EstatLavSoft,Ger\Dados\EstatLavSoft.DB,Mes1,Mes1,outro,System.Double,8,desconhecido,True,Paradox/BDE,outro,"validar em tela, ProcMon e amostra de dados"
auditoria_log,EstatLavSoft,Ger\Dados\EstatLavSoft.DB,Mes2,Mes2,outro,System.Double,8,desconhecido,True,Paradox/BDE,outro,"validar em tela, ProcMon e amostra de dados"
auditoria_log,EstatLavSoft,Ger\Dados\EstatLavSoft.DB,Mes3,Mes3,outro,System.Double,8,desconhecido,True,Paradox/BDE,outro,"validar em tela, ProcMon e amostra de dados"
auditoria_log,EstatLavSoft,Ger\Dados\EstatLavSoft.DB,Mes4,Mes4,outro,System.Double,8,desconhecido,True,Paradox/BDE,outro,"validar em tela, ProcMon e amostra de dados"
auditoria_log,EstatLavSoft,Ger\Dados\EstatLavSoft.DB,Mes5,Mes5,outro,System.Double,8,desconhecido,True,Paradox/BDE,outro,"validar em tela, ProcMon e amostra de dados"
auditoria_log,EstatLavSoft,Ger\Dados\EstatLavSoft.DB,Mes6,Mes6,outro,System.Double,8,desconhecido,True,Paradox/BDE,outro,"validar em tela, ProcMon e amostra de dados"
auditoria_log,EstatLavSoft,Ger\Dados\EstatLavSoft.DB,Mes7,Mes7,outro,System.Double,8,desconhecido,True,Paradox/BDE,outro,"validar em tela, ProcMon e amostra de dados"
auditoria_log,EstatLavSoft,Ger\Dados\EstatLavSoft.DB,Mes8,Mes8,outro,System.Double,8,desconhecido,True,Paradox/BDE,outro,"validar em tela, ProcMon e amostra de dados"
auditoria_log,EstatLavSoft,Ger\Dados\EstatLavSoft.DB,Mes9,Mes9,outro,System.Double,8,desconhecido,True,Paradox/BDE,outro,"validar em tela, ProcMon e amostra de dados"
auditoria_log,EstatLavSoft,Ger\Dados\EstatLavSoft.DB,Mes10,Mes10,outro,System.Double,8,desconhecido,True,Paradox/BDE,outro,"validar em tela, ProcMon e amostra de dados"
auditoria_log,EstatLavSoft,Ger\Dados\EstatLavSoft.DB,Mes11,Mes11,outro,System.Double,8,desconhecido,True,Paradox/BDE,outro,"validar em tela, ProcMon e amostra de dados"
auditoria_log,EstatLavSoft,Ger\Dados\EstatLavSoft.DB,Mes12,Mes12,outro,System.Double,8,desconhecido,True,Paradox/BDE,outro,"validar em tela, ProcMon e amostra de dados"
outro,Feriados,Ger\Dados\Feriados.DB,CodFeriados,CodFeriados,id_codigo,System.DateTime,8,provavel,True,Paradox/BDE,identificador/vinculo,"validar em tela, ProcMon e amostra de dados"
outro,Feriados,Ger\Dados\Feriados.DB,DesFeriados,DesFeriados,ordem_rol_ref,System.String,40,desconhecido,True,Paradox/BDE,identificador/vinculo,"validar em tela, ProcMon e amostra de dados"
outro,Feriados,Ger\Dados\Feriados.DB,Semana,Semana,outro,System.String,2,desconhecido,True,Paradox/BDE,outro,"validar em tela, ProcMon e amostra de dados"
outro,Filiais,Ger\Dados\Filiais.DB,CodFil,CodFil,id_codigo,System.String,10,provavel,True,Paradox/BDE,identificador/vinculo,"validar em tela, ProcMon e amostra de dados"
outro,Filiais,Ger\Dados\Filiais.DB,NomFil,NomFil,outro,System.String,80,desconhecido,True,Paradox/BDE,outro,"validar em tela, ProcMon e amostra de dados"
outro,Filiais,Ger\Dados\Filiais.DB,EndFil,Endereco,cliente_ref,System.String,80,desconhecido,True,Paradox/BDE,identificador/vinculo,"validar em tela, ProcMon e amostra de dados"
outro,Filiais,Ger\Dados\Filiais.DB,CidFil,CidFil,outro,System.String,40,provavel,True,Paradox/BDE,outro,"validar em tela, ProcMon e amostra de dados"
outro,Filiais,Ger\Dados\Filiais.DB,EstFil,EstFil,outro,System.String,4,desconhecido,True,Paradox/BDE,outro,"validar em tela, ProcMon e amostra de dados"
outro,Filiais,Ger\Dados\Filiais.DB,CepFil,CEP,cliente_ref,System.String,18,desconhecido,True,Paradox/BDE,identificador/vinculo,"validar em tela, ProcMon e amostra de dados"
outro,Filiais,Ger\Dados\Filiais.DB,TelFil,Telefone,cliente_ref,System.String,30,desconhecido,True,Paradox/BDE,identificador/vinculo,"validar em tela, ProcMon e amostra de dados"
outro,Filiais,Ger\Dados\Filiais.DB,Contato,Contato,outro,System.String,40,desconhecido,True,Paradox/BDE,outro,"validar em tela, ProcMon e amostra de dados"
outro,Filiais,Ger\Dados\Filiais.DB,CgcFil,CgcFil,outro,System.String,24,desconhecido,True,Paradox/BDE,outro,"validar em tela, ProcMon e amostra de dados"
outro,Filiais,Ger\Dados\Filiais.DB,DigFil,DigFil,outro,System.String,4,desconhecido,True,Paradox/BDE,outro,"validar em tela, ProcMon e amostra de dados"
outro,Filiais,Ger\Dados\Filiais.DB,GruFil,UF,cliente_ref,System.String,10,desconhecido,True,Paradox/BDE,identificador/vinculo,"validar em tela, ProcMon e amostra de dados"
outro,Filiais,Ger\Dados\Filiais.DB,CodTab,CodTab,id_codigo,System.String,6,provavel,True,Paradox/BDE,identificador/vinculo,"validar em tela, ProcMon e amostra de dados"
outro,Filiais,Ger\Dados\Filiais.DB,InsEstFil,InsEstFil,outro,System.String,30,desconhecido,True,Paradox/BDE,outro,"validar em tela, ProcMon e amostra de dados"
outro,Filiais,Ger\Dados\Filiais.DB,InsMunFil,InsMunFil,fiscal_documento,System.String,30,desconhecido,True,Paradox/BDE,fiscal_documento,"validar em tela, ProcMon e amostra de dados"
outro,Filiais,Ger\Dados\Filiais.DB,Grupo1,Grupo1,outro,System.String,2,desconhecido,True,Paradox/BDE,outro,"validar em tela, ProcMon e amostra de dados"
outro,Filiais,Ger\Dados\Filiais.DB,Grupo2,Grupo2,outro,System.String,2,desconhecido,True,Paradox/BDE,outro,"validar em tela, ProcMon e amostra de dados"
outro,Filiais,Ger\Dados\Filiais.DB,Grupo3,Grupo3,outro,System.String,2,desconhecido,True,Paradox/BDE,outro,"validar em tela, ProcMon e amostra de dados"
outro,Filiais,Ger\Dados\Filiais.DB,Grupo4,Grupo4,outro,System.String,2,desconhecido,True,Paradox/BDE,outro,"validar em tela, ProcMon e amostra de dados"
outro,Filiais,Ger\Dados\Filiais.DB,Grupo5,Grupo5,outro,System.String,2,desconhecido,True,Paradox/BDE,outro,"validar em tela, ProcMon e amostra de dados"
outro,Filiais,Ger\Dados\Filiais.DB,Grupo6,Grupo6,outro,System.String,2,desconhecido,True,Paradox/BDE,outro,"validar em tela, ProcMon e amostra de dados"
outro,Filiais,Ger\Dados\Filiais.DB,Grupo7,Grupo7,outro,System.String,2,desconhecido,True,Paradox/BDE,outro,"validar em tela, ProcMon e amostra de dados"
outro,Filiais,Ger\Dados\Filiais.DB,Grupo8,Grupo8,outro,System.String,2,desconhecido,True,Paradox/BDE,outro,"validar em tela, ProcMon e amostra de dados"
outro,Filiais,Ger\Dados\Filiais.DB,ArqLogFil,ArqLogFil,outro,System.String,400,desconhecido,True,Paradox/BDE,outro,"validar em tela, ProcMon e amostra de dados"
outro,Filiais,Ger\Dados\Filiais.DB,CodTipFil,CodTipFil,id_codigo,System.String,6,provavel,True,Paradox/BDE,identificador/vinculo,"validar em tela, ProcMon e amostra de dados"
outro,Filiais,Ger\Dados\Filiais.DB,SenFil,SenFil,fiscal_documento,System.String,20,desconhecido,True,Paradox/BDE,fiscal_documento,"validar em tela, ProcMon e amostra de dados"
outro,Filiais,Ger\Dados\Filiais.DB,GruFil2,UF,cliente_ref,System.String,10,desconhecido,True,Paradox/BDE,identificador/vinculo,"validar em tela, ProcMon e amostra de dados"
outro,Filiais,Ger\Dados\Filiais.DB,GruFil3,UF,cliente_ref,System.String,10,desconhecido,True,Paradox/BDE,identificador/vinculo,"validar em tela, ProcMon e amostra de dados"
outro,Filiais,Ger\Dados\Filiais.DB,RazSocFil,RazSocFil,outro,System.String,80,desconhecido,True,Paradox/BDE,outro,"validar em tela, ProcMon e amostra de dados"
outro,Filiais,Ger\Dados\Filiais.DB,BaiFil,BaiFil,outro,System.String,80,desconhecido,True,Paradox/BDE,outro,"validar em tela, ProcMon e amostra de dados"
outro,Filiais,Ger\Dados\Filiais.DB,CodLojaInt,CodLojaInt,id_codigo,System.String,20,provavel,True,Paradox/BDE,identificador/vinculo,"validar em tela, ProcMon e amostra de dados"
outro,Filiais,Ger\Dados\Filiais.DB,CodFilInt,CodFilInt,id_codigo,System.String,10,provavel,True,Paradox/BDE,identificador/vinculo,"validar em tela, ProcMon e amostra de dados"
outro,Filiais,Ger\Dados\Filiais.DB,CodCenCus,CodCenCus,id_codigo,System.String,6,provavel,True,Paradox/BDE,identificador/vinculo,"validar em tela, ProcMon e amostra de dados"
outro,ForCont,Ger\Dados\ForCont.DB,CodFor,CodFor,id_codigo,System.String,20,provavel,True,Paradox/BDE,identificador/vinculo,"validar em tela, ProcMon e amostra de dados"
outro,ForCont,Ger\Dados\ForCont.DB,NParc,NParc,outro,System.Int32,4,desconhecido,True,Paradox/BDE,outro,"validar em tela, ProcMon e amostra de dados"
outro,ForCont,Ger\Dados\ForCont.DB,VencCont,VencCont,data_hora,System.DateTime,8,desconhecido,True,Paradox/BDE,data_hora,"validar em tela, ProcMon e amostra de dados"
outro,ForCont,Ger\Dados\ForCont.DB,CodInd,CodInd,id_codigo,System.String,10,provavel,True,Paradox/BDE,identificador/vinculo,"validar em tela, ProcMon e amostra de dados"
outro,Forneced,Ger\Dados\Forneced.DB,CodFor,CodFor,id_codigo,System.String,20,provavel,True,Paradox/BDE,identificador/vinculo,"validar em tela, ProcMon e amostra de dados"
outro,Forneced,Ger\Dados\Forneced.DB,NomFor,NomFor,outro,System.String,80,desconhecido,True,Paradox/BDE,outro,"validar em tela, ProcMon e amostra de dados"
outro,Forneced,Ger\Dados\Forneced.DB,EndFor,Endereco,cliente_ref,System.String,80,desconhecido,True,Paradox/BDE,identificador/vinculo,"validar em tela, ProcMon e amostra de dados"
outro,Forneced,Ger\Dados\Forneced.DB,CidFor,CidFor,outro,System.String,40,provavel,True,Paradox/BDE,outro,"validar em tela, ProcMon e amostra de dados"
outro,Forneced,Ger\Dados\Forneced.DB,EstFor,EstFor,outro,System.String,4,desconhecido,True,Paradox/BDE,outro,"validar em tela, ProcMon e amostra de dados"
outro,Forneced,Ger\Dados\Forneced.DB,CepFor,CEP,cliente_ref,System.String,18,desconhecido,True,Paradox/BDE,identificador/vinculo,"validar em tela, ProcMon e amostra de dados"
outro,Forneced,Ger\Dados\Forneced.DB,TelFor,Telefone,cliente_ref,System.String,30,desconhecido,True,Paradox/BDE,identificador/vinculo,"validar em tela, ProcMon e amostra de dados"
outro,Forneced,Ger\Dados\Forneced.DB,Contato,Contato,outro,System.String,40,desconhecido,True,Paradox/BDE,outro,"validar em tela, ProcMon e amostra de dados"
outro,Forneced,Ger\Dados\Forneced.DB,CgcFor,CgcFor,outro,System.String,24,desconhecido,True,Paradox/BDE,outro,"validar em tela, ProcMon e amostra de dados"
outro,Forneced,Ger\Dados\Forneced.DB,DigFor,DigFor,outro,System.String,4,desconhecido,True,Paradox/BDE,outro,"validar em tela, ProcMon e amostra de dados"
outro,Forneced,Ger\Dados\Forneced.DB,GruFor,UF,cliente_ref,System.String,12,desconhecido,True,Paradox/BDE,identificador/vinculo,"validar em tela, ProcMon e amostra de dados"
outro,Forneced,Ger\Dados\Forneced.DB,ArqLogFor,ArqLogFor,outro,System.String,400,desconhecido,True,Paradox/BDE,outro,"validar em tela, ProcMon e amostra de dados"
outro,Forneced,Ger\Dados\Forneced.DB,CodCla,CodCla,id_codigo,System.String,6,provavel,True,Paradox/BDE,identificador/vinculo,"validar em tela, ProcMon e amostra de dados"
outro,Forneced,Ger\Dados\Forneced.DB,BaiFor,BaiFor,outro,System.String,40,desconhecido,True,Paradox/BDE,outro,"validar em tela, ProcMon e amostra de dados"
outro,Forneced,Ger\Dados\Forneced.DB,TelFor2,Telefone,cliente_ref,System.String,30,desconhecido,True,Paradox/BDE,identificador/vinculo,"validar em tela, ProcMon e amostra de dados"
outro,Forneced,Ger\Dados\Forneced.DB,Celular,Celular,cliente_ref,System.String,30,desconhecido,True,Paradox/BDE,identificador/vinculo,"validar em tela, ProcMon e amostra de dados"
outro,Forneced,Ger\Dados\Forneced.DB,email,E-mail,cliente_ref,System.String,200,desconhecido,True,Paradox/BDE,identificador/vinculo,"validar em tela, ProcMon e amostra de dados"
outro,Forneced,Ger\Dados\Forneced.DB,Obs,Obs,texto_observacao,System.String,200,desconhecido,True,Paradox/BDE,texto_observacao,"validar em tela, ProcMon e amostra de dados"
outro,Forneced,Ger\Dados\Forneced.DB,DatCad,Data,data_hora,System.DateTime,8,desconhecido,True,Paradox/BDE,data_hora,"validar em tela, ProcMon e amostra de dados"
outro,Forneced,Ger\Dados\Forneced.DB,DatAbe,Data,data_hora,System.DateTime,8,provavel,True,Paradox/BDE,data_hora,"validar em tela, ProcMon e amostra de dados"
outro,Forneced,Ger\Dados\Forneced.DB,Cancelado,Celular,cliente_ref,System.String,2,desconhecido,True,Paradox/BDE,identificador/vinculo,"validar em tela, ProcMon e amostra de dados"
outro,Forneced,Ger\Dados\Forneced.DB,DatCan,Data,data_hora,System.DateTime,8,desconhecido,True,Paradox/BDE,data_hora,"validar em tela, ProcMon e amostra de dados"
outro,Forneced,Ger\Dados\Forneced.DB,MotivoCan,MotivoCan,texto_observacao,System.String,100,desconhecido,True,Paradox/BDE,texto_observacao,"validar em tela, ProcMon e amostra de dados"
outro,Forneced,Ger\Dados\Forneced.DB,CodRam,CodRam,id_codigo,System.String,10,provavel,True,Paradox/BDE,identificador/vinculo,"validar em tela, ProcMon e amostra de dados"
outro,Forneced,Ger\Dados\Forneced.DB,FisJur,FisJur,outro,System.String,2,desconhecido,True,Paradox/BDE,outro,"validar em tela, ProcMon e amostra de dados"
outro,Forneced,Ger\Dados\Forneced.DB,Site,Site,status_situacao,System.String,200,desconhecido,True,Paradox/BDE,status_situacao,"validar em tela, ProcMon e amostra de dados"
outro,Forneced,Ger\Dados\Forneced.DB,InsMunFor,InsMunFor,fiscal_documento,System.String,30,desconhecido,True,Paradox/BDE,fiscal_documento,"validar em tela, ProcMon e amostra de dados"
outro,Forneced,Ger\Dados\Forneced.DB,InsEstFor,InsEstFor,outro,System.String,30,desconhecido,True,Paradox/BDE,outro,"validar em tela, ProcMon e amostra de dados"
outro,Forneced,Ger\Dados\Forneced.DB,Marcacao,Marcacao,produto_ref,System.String,10,desconhecido,True,Paradox/BDE,identificador/vinculo,"validar em tela, ProcMon e amostra de dados"
outro,Forneced,Ger\Dados\Forneced.DB,MarcaVenda,Endereco,cliente_ref,System.String,10,desconhecido,True,Paradox/BDE,identificador/vinculo,"validar em tela, ProcMon e amostra de dados"
outro,Forneced,Ger\Dados\Forneced.DB,MarcaAdm,MarcaAdm,produto_ref,System.String,10,desconhecido,True,Paradox/BDE,identificador/vinculo,"validar em tela, ProcMon e amostra de dados"
outro,Forneced,Ger\Dados\Forneced.DB,Roteiro,Roteiro,outro,System.String,10,desconhecido,True,Paradox/BDE,outro,"validar em tela, ProcMon e amostra de dados"
outro,Forneced,Ger\Dados\Forneced.DB,Obs2,Obs2,texto_observacao,System.String,200,desconhecido,True,Paradox/BDE,texto_observacao,"validar em tela, ProcMon e amostra de dados"
outro,Forneced,Ger\Dados\Forneced.DB,GruFor2,UF,cliente_ref,System.String,10,desconhecido,True,Paradox/BDE,identificador/vinculo,"validar em tela, ProcMon e amostra de dados"
outro,Forneced,Ger\Dados\Forneced.DB,GruFor3,UF,cliente_ref,System.String,10,desconhecido,True,Paradox/BDE,identificador/vinculo,"validar em tela, ProcMon e amostra de dados"
outro,Forneced,Ger\Dados\Forneced.DB,GruFor4,UF,cliente_ref,System.String,10,desconhecido,True,Paradox/BDE,identificador/vinculo,"validar em tela, ProcMon e amostra de dados"
outro,Forneced,Ger\Dados\Forneced.DB,EmiReq,EmiReq,outro,System.String,2,desconhecido,True,Paradox/BDE,outro,"validar em tela, ProcMon e amostra de dados"
outro,Forneced,Ger\Dados\Forneced.DB,VlrFatLim,Valor,valor_monetario,System.Double,8,desconhecido,True,Paradox/BDE,valor_monetario,"validar em tela, ProcMon e amostra de dados"
outro,Forneced,Ger\Dados\Forneced.DB,ComFor,ComFor,outro,System.Double,8,desconhecido,True,Paradox/BDE,outro,"validar em tela, ProcMon e amostra de dados"
outro,Forneced,Ger\Dados\Forneced.DB,TipCom,TipCom,outro,System.Int32,4,desconhecido,True,Paradox/BDE,outro,"validar em tela, ProcMon e amostra de dados"
outro,Forneced,Ger\Dados\Forneced.DB,CodCan,CodCan,id_codigo,System.String,10,provavel,True,Paradox/BDE,identificador/vinculo,"validar em tela, ProcMon e amostra de dados"
outro,Forneced,Ger\Dados\Forneced.DB,CartaoFid,CartaoFid,outro,System.String,40,provavel,True,Paradox/BDE,outro,"validar em tela, ProcMon e amostra de dados"
outro,Forneced,Ger\Dados\Forneced.DB,DadosPag,DadosPag,ordem_rol_ref,System.String,100,desconhecido,True,Paradox/BDE,identificador/vinculo,"validar em tela, ProcMon e amostra de dados"
outro,Forneced,Ger\Dados\Forneced.DB,CodSubC,CodSubC,id_codigo,System.String,6,provavel,True,Paradox/BDE,identificador/vinculo,"validar em tela, ProcMon e amostra de dados"
outro,FornecMar,Ger\Dados\FornecMar.DB,Marcacao,Marcacao,produto_ref,System.String,10,desconhecido,True,Paradox/BDE,identificador/vinculo,"validar em tela, ProcMon e amostra de dados"
outro,FornecMar,Ger\Dados\FornecMar.DB,DesMarca,DesMarca,produto_ref,System.String,40,desconhecido,True,Paradox/BDE,identificador/vinculo,"validar em tela, ProcMon e amostra de dados"
outro,FornecMar,Ger\Dados\FornecMar.DB,Cancelado,Celular,cliente_ref,System.String,2,desconhecido,True,Paradox/BDE,identificador/vinculo,"validar em tela, ProcMon e amostra de dados"
outro,FornecMar,Ger\Dados\FornecMar.DB,DatCan,Data,data_hora,System.DateTime,8,desconhecido,True,Paradox/BDE,data_hora,"validar em tela, ProcMon e amostra de dados"
outro,FornecMar,Ger\Dados\FornecMar.DB,MotivoCan,MotivoCan,texto_observacao,System.String,100,desconhecido,True,Paradox/BDE,texto_observacao,"validar em tela, ProcMon e amostra de dados"
outro,FornecMar,Ger\Dados\FornecMar.DB,Obs,Obs,texto_observacao,System.String,100,desconhecido,True,Paradox/BDE,texto_observacao,"validar em tela, ProcMon e amostra de dados"
outro,FunAfastam,Ger\Dados\FunAfastam.DB,CodCli,Cliente,id_codigo,System.String,20,provavel,True,Paradox/BDE,identificador/vinculo,"validar em tela, ProcMon e amostra de dados"
outro,FunAfastam,Ger\Dados\FunAfastam.DB,CodFun,CodFun,id_codigo,System.String,20,provavel,True,Paradox/BDE,identificador/vinculo,"validar em tela, ProcMon e amostra de dados"
outro,FunAfastam,Ger\Dados\FunAfastam.DB,DatInicio,Data,data_hora,System.DateTime,8,desconhecido,True,Paradox/BDE,data_hora,"validar em tela, ProcMon e amostra de dados"
outro,FunAfastam,Ger\Dados\FunAfastam.DB,DatFinal,Data,data_hora,System.DateTime,8,desconhecido,True,Paradox/BDE,data_hora,"validar em tela, ProcMon e amostra de dados"
outro,FunAfastam,Ger\Dados\FunAfastam.DB,Motivo,Motivo,texto_observacao,System.String,200,desconhecido,True,Paradox/BDE,texto_observacao,"validar em tela, ProcMon e amostra de dados"
outro,FunAfastam,Ger\Dados\FunAfastam.DB,Cancelado,Celular,cliente_ref,System.String,2,desconhecido,True,Paradox/BDE,identificador/vinculo,"validar em tela, ProcMon e amostra de dados"
outro,FunAfastam,Ger\Dados\FunAfastam.DB,DatCanc,Data,data_hora,System.DateTime,8,desconhecido,True,Paradox/BDE,data_hora,"validar em tela, ProcMon e amostra de dados"
outro,FunAfastam,Ger\Dados\FunAfastam.DB,MotivoCanc,MotivoCanc,texto_observacao,System.String,100,desconhecido,True,Paradox/BDE,texto_observacao,"validar em tela, ProcMon e amostra de dados"
cliente,FunCli,Ger\Dados\FunCli.DB,CodCli,Cliente,id_codigo,System.String,20,provavel,True,Paradox/BDE,identificador/vinculo,"validar em tela, ProcMon e amostra de dados"
cliente,FunCli,Ger\Dados\FunCli.DB,CodFun,CodFun,id_codigo,System.String,20,provavel,True,Paradox/BDE,identificador/vinculo,"validar em tela, ProcMon e amostra de dados"
cliente,FunCli,Ger\Dados\FunCli.DB,NomFun,NomFun,outro,System.String,80,desconhecido,True,Paradox/BDE,outro,"validar em tela, ProcMon e amostra de dados"
cliente,FunCli,Ger\Dados\FunCli.DB,EndFun,Endereco,cliente_ref,System.String,80,desconhecido,True,Paradox/BDE,identificador/vinculo,"validar em tela, ProcMon e amostra de dados"
cliente,FunCli,Ger\Dados\FunCli.DB,BaiFun,BaiFun,outro,System.String,40,desconhecido,True,Paradox/BDE,outro,"validar em tela, ProcMon e amostra de dados"
cliente,FunCli,Ger\Dados\FunCli.DB,CidFun,CidFun,outro,System.String,40,provavel,True,Paradox/BDE,outro,"validar em tela, ProcMon e amostra de dados"
cliente,FunCli,Ger\Dados\FunCli.DB,EstFun,EstFun,outro,System.String,4,desconhecido,True,Paradox/BDE,outro,"validar em tela, ProcMon e amostra de dados"
cliente,FunCli,Ger\Dados\FunCli.DB,CepFun,CEP,cliente_ref,System.String,16,desconhecido,True,Paradox/BDE,identificador/vinculo,"validar em tela, ProcMon e amostra de dados"
cliente,FunCli,Ger\Dados\FunCli.DB,DatAdm,Data,data_hora,System.DateTime,8,provavel,True,Paradox/BDE,data_hora,"validar em tela, ProcMon e amostra de dados"
cliente,FunCli,Ger\Dados\FunCli.DB,ChapaFun,ChapaFun,outro,System.String,30,desconhecido,True,Paradox/BDE,outro,"validar em tela, ProcMon e amostra de dados"
cliente,FunCli,Ger\Dados\FunCli.DB,SitFun,SitFun,status_situacao,System.String,2,desconhecido,True,Paradox/BDE,status_situacao,"validar em tela, ProcMon e amostra de dados"
cliente,FunCli,Ger\Dados\FunCli.DB,CodCenCus,CodCenCus,id_codigo,System.String,20,provavel,True,Paradox/BDE,identificador/vinculo,"validar em tela, ProcMon e amostra de dados"
cliente,FunCli,Ger\Dados\FunCli.DB,Box,Box,outro,System.String,20,desconhecido,True,Paradox/BDE,outro,"validar em tela, ProcMon e amostra de dados"
cliente,FunCli,Ger\Dados\FunCli.DB,Obs1,Obs1,texto_observacao,System.String,100,desconhecido,True,Paradox/BDE,texto_observacao,"validar em tela, ProcMon e amostra de dados"
cliente,FunCli,Ger\Dados\FunCli.DB,Obs2,Obs2,texto_observacao,System.String,100,desconhecido,True,Paradox/BDE,texto_observacao,"validar em tela, ProcMon e amostra de dados"
cliente,FunCli,Ger\Dados\FunCli.DB,Cancelado,Celular,cliente_ref,System.String,2,desconhecido,True,Paradox/BDE,identificador/vinculo,"validar em tela, ProcMon e amostra de dados"
cliente,FunCli,Ger\Dados\FunCli.DB,TamRoupa,TamRoupa,outro,System.String,10,desconhecido,True,Paradox/BDE,outro,"validar em tela, ProcMon e amostra de dados"
cliente,FunCli,Ger\Dados\FunCli.DB,Gaveta,Gaveta,outro,System.String,20,desconhecido,True,Paradox/BDE,outro,"validar em tela, ProcMon e amostra de dados"
cliente,FunCli,Ger\Dados\FunCli.DB,FemMas,FemMas,outro,System.String,2,desconhecido,True,Paradox/BDE,outro,"validar em tela, ProcMon e amostra de dados"
cliente,FunCli,Ger\Dados\FunCli.DB,Funcao,Funcao,outro,System.String,40,desconhecido,True,Paradox/BDE,outro,"validar em tela, ProcMon e amostra de dados"
cliente,FunCli,Ger\Dados\FunCli.DB,Setor,Setor,outro,System.String,40,desconhecido,True,Paradox/BDE,outro,"validar em tela, ProcMon e amostra de dados"
cliente,FunCli,Ger\Dados\FunCli.DB,Apelido,Apelido,outro,System.String,80,provavel,True,Paradox/BDE,outro,"validar em tela, ProcMon e amostra de dados"
cliente,FunCli,Ger\Dados\FunCli.DB,Chave,Chave,id_codigo,System.String,20,provavel,True,Paradox/BDE,identificador/vinculo,"validar em tela, ProcMon e amostra de dados"
cliente,FunCli,Ger\Dados\FunCli.DB,Turno,Turno,outro,System.String,20,desconhecido,True,Paradox/BDE,outro,"validar em tela, ProcMon e amostra de dados"
cliente,FunCli,Ger\Dados\FunCli.DB,Disp1,Disp1,outro,System.String,6,desconhecido,True,Paradox/BDE,outro,"validar em tela, ProcMon e amostra de dados"
cliente,FunCliCan,Ger\Dados\FunCliCan.DB,CodCli,Cliente,id_codigo,System.String,20,provavel,True,Paradox/BDE,identificador/vinculo,"validar em tela, ProcMon e amostra de dados"
cliente,FunCliCan,Ger\Dados\FunCliCan.DB,CodFun,CodFun,id_codigo,System.String,20,provavel,True,Paradox/BDE,identificador/vinculo,"validar em tela, ProcMon e amostra de dados"
cliente,FunCliCan,Ger\Dados\FunCliCan.DB,DatCan,Data,data_hora,System.DateTime,8,desconhecido,True,Paradox/BDE,data_hora,"validar em tela, ProcMon e amostra de dados"
cliente,FunCliCan,Ger\Dados\FunCliCan.DB,MotivoCan,MotivoCan,texto_observacao,System.String,200,desconhecido,True,Paradox/BDE,texto_observacao,"validar em tela, ProcMon e amostra de dados"
cliente,FunCliCan,Ger\Dados\FunCliCan.DB,CodUsuario,CodUsuario,id_codigo,System.String,20,provavel,True,Paradox/BDE,identificador/vinculo,"validar em tela, ProcMon e amostra de dados"
cliente,FunCliRou,Ger\Dados\FunCliRou.DB,CodRoupa,CodRoupa,id_codigo,System.String,40,provavel,True,Paradox/BDE,identificador/vinculo,"validar em tela, ProcMon e amostra de dados"
cliente,FunCliRou,Ger\Dados\FunCliRou.DB,CodCli,Cliente,id_codigo,System.String,20,provavel,True,Paradox/BDE,identificador/vinculo,"validar em tela, ProcMon e amostra de dados"
cliente,FunCliRou,Ger\Dados\FunCliRou.DB,CodFun,CodFun,id_codigo,System.String,20,provavel,True,Paradox/BDE,identificador/vinculo,"validar em tela, ProcMon e amostra de dados"
cliente,FunCliRou,Ger\Dados\FunCliRou.DB,CodPro,CodPro,id_codigo,System.String,6,provavel,True,Paradox/BDE,identificador/vinculo,"validar em tela, ProcMon e amostra de dados"
cliente,FunCliRou,Ger\Dados\FunCliRou.DB,SitRoupa,SitRoupa,status_situacao,System.String,2,desconhecido,True,Paradox/BDE,status_situacao,"validar em tela, ProcMon e amostra de dados"
cliente,FunCliRou,Ger\Dados\FunCliRou.DB,DatCad,Data,data_hora,System.DateTime,8,desconhecido,True,Paradox/BDE,data_hora,"validar em tela, ProcMon e amostra de dados"
cliente,FunCliRou,Ger\Dados\FunCliRou.DB,ObsRoupa,ObsRoupa,texto_observacao,System.String,60,desconhecido,True,Paradox/BDE,texto_observacao,"validar em tela, ProcMon e amostra de dados"
cliente,FunCliRou,Ger\Dados\FunCliRou.DB,CodCor,CodCor,id_codigo,System.String,6,provavel,True,Paradox/BDE,identificador/vinculo,"validar em tela, ProcMon e amostra de dados"
cliente,FunCliRou,Ger\Dados\FunCliRou.DB,Modelo,Modelo,produto_ref,System.String,20,desconhecido,True,Paradox/BDE,identificador/vinculo,"validar em tela, ProcMon e amostra de dados"
cliente,FunCliRou,Ger\Dados\FunCliRou.DB,TamRoupa,TamRoupa,outro,System.String,10,desconhecido,True,Paradox/BDE,outro,"validar em tela, ProcMon e amostra de dados"
cliente,FunCliRou,Ger\Dados\FunCliRou.DB,FatPre01,FatPre01,outro,System.String,6,desconhecido,True,Paradox/BDE,outro,"validar em tela, ProcMon e amostra de dados"
cliente,FunCliRou,Ger\Dados\FunCliRou.DB,CodDef,CodDef,id_codigo,System.String,6,provavel,True,Paradox/BDE,identificador/vinculo,"validar em tela, ProcMon e amostra de dados"
cliente,FunCliRou,Ger\Dados\FunCliRou.DB,CodTipTec,CodTipTec,id_codigo,System.String,6,provavel,True,Paradox/BDE,identificador/vinculo,"validar em tela, ProcMon e amostra de dados"
cliente,FunCliRouM,Ger\Dados\FunCliRouM.DB,CodRoupa,CodRoupa,id_codigo,System.String,40,provavel,True,Paradox/BDE,identificador/vinculo,"validar em tela, ProcMon e amostra de dados"
cliente,FunCliRouM,Ger\Dados\FunCliRouM.DB,CodClaMan,CodClaMan,id_codigo,System.String,10,provavel,True,Paradox/BDE,identificador/vinculo,"validar em tela, ProcMon e amostra de dados"
cliente,FunCliRouM,Ger\Dados\FunCliRouM.DB,DatMan,Data,data_hora,System.DateTime,8,desconhecido,True,Paradox/BDE,data_hora,"validar em tela, ProcMon e amostra de dados"
cliente,FunCliRouM,Ger\Dados\FunCliRouM.DB,CodUsuario,CodUsuario,id_codigo,System.String,20,provavel,True,Paradox/BDE,identificador/vinculo,"validar em tela, ProcMon e amostra de dados"
cliente,FunCliRouM,Ger\Dados\FunCliRouM.DB,CompMan,CompMan,outro,System.String,100,desconhecido,True,Paradox/BDE,outro,"validar em tela, ProcMon e amostra de dados"
cliente,FunCliRouM,Ger\Dados\FunCliRouM.DB,CodFun,CodFun,id_codigo,System.String,20,provavel,True,Paradox/BDE,identificador/vinculo,"validar em tela, ProcMon e amostra de dados"
cliente,FunCliRouM,Ger\Dados\FunCliRouM.DB,SitMan,SitMan,status_situacao,System.String,2,desconhecido,True,Paradox/BDE,status_situacao,"validar em tela, ProcMon e amostra de dados"
cliente,FunCliRouM,Ger\Dados\FunCliRouM.DB,CodFor,CodFor,id_codigo,System.String,20,provavel,True,Paradox/BDE,identificador/vinculo,"validar em tela, ProcMon e amostra de dados"
cliente,FunCliRouM,Ger\Dados\FunCliRouM.DB,DatRet,Data,data_hora,System.DateTime,8,desconhecido,True,Paradox/BDE,data_hora,"validar em tela, ProcMon e amostra de dados"
cliente,FunCliRouM,Ger\Dados\FunCliRouM.DB,HorRet,HorRet,outro,System.DateTime,8,desconhecido,True,Paradox/BDE,outro,"validar em tela, ProcMon e amostra de dados"
cliente,FunCliRouM,Ger\Dados\FunCliRouM.DB,RetUsuario,RetUsuario,usuario_auditoria,System.String,20,desconhecido,True,Paradox/BDE,usuario_auditoria,"validar em tela, ProcMon e amostra de dados"
cliente,FunCliRouM,Ger\Dados\FunCliRouM.DB,Cancelado,Celular,cliente_ref,System.String,2,desconhecido,True,Paradox/BDE,identificador/vinculo,"validar em tela, ProcMon e amostra de dados"
cliente,FunCliRouM,Ger\Dados\FunCliRouM.DB,BaiSaida,BaiSaida,outro,System.String,2,provavel,True,Paradox/BDE,outro,"validar em tela, ProcMon e amostra de dados"
cliente,FunCliRouM,Ger\Dados\FunCliRouM.DB,CodCli,Cliente,id_codigo,System.String,20,provavel,True,Paradox/BDE,identificador/vinculo,"validar em tela, ProcMon e amostra de dados"
cliente,FunCliRouP,Ger\Dados\FunCliRouP.DB,CodRoupa,CodRoupa,id_codigo,System.String,40,provavel,True,Paradox/BDE,identificador/vinculo,"validar em tela, ProcMon e amostra de dados"
cliente,FunCliRouP,Ger\Dados\FunCliRouP.DB,CodClaPer,CodClaPer,id_codigo,System.String,10,provavel,True,Paradox/BDE,identificador/vinculo,"validar em tela, ProcMon e amostra de dados"
cliente,FunCliRouP,Ger\Dados\FunCliRouP.DB,DatPer,Data,data_hora,System.DateTime,8,desconhecido,True,Paradox/BDE,data_hora,"validar em tela, ProcMon e amostra de dados"
cliente,FunCliRouP,Ger\Dados\FunCliRouP.DB,CodUsuario,CodUsuario,id_codigo,System.String,20,provavel,True,Paradox/BDE,identificador/vinculo,"validar em tela, ProcMon e amostra de dados"
cliente,FunCliRouP,Ger\Dados\FunCliRouP.DB,CompPer,CompPer,outro,System.String,100,desconhecido,True,Paradox/BDE,outro,"validar em tela, ProcMon e amostra de dados"
cliente,FunCliRouP,Ger\Dados\FunCliRouP.DB,CodFun,CodFun,id_codigo,System.String,20,provavel,True,Paradox/BDE,identificador/vinculo,"validar em tela, ProcMon e amostra de dados"
cliente,FunCliRouUni,Ger\Dados\FunCliRouUni.DB,CodCli,Cliente,id_codigo,System.String,20,provavel,True,Paradox/BDE,identificador/vinculo,"validar em tela, ProcMon e amostra de dados"
cliente,FunCliRouUni,Ger\Dados\FunCliRouUni.DB,CodFun,CodFun,id_codigo,System.String,20,provavel,True,Paradox/BDE,identificador/vinculo,"validar em tela, ProcMon e amostra de dados"
cliente,FunCliRouUni,Ger\Dados\FunCliRouUni.DB,CodPro,CodPro,id_codigo,System.String,6,provavel,True,Paradox/BDE,identificador/vinculo,"validar em tela, ProcMon e amostra de dados"
cliente,FunCliRouUni,Ger\Dados\FunCliRouUni.DB,TamRoupa,TamRoupa,outro,System.String,10,desconhecido,True,Paradox/BDE,outro,"validar em tela, ProcMon e amostra de dados"
cliente,FunCliRouUni,Ger\Dados\FunCliRouUni.DB,Qde,Qde,outro,System.Int32,4,desconhecido,True,Paradox/BDE,outro,"validar em tela, ProcMon e amostra de dados"
outro,GerDadCam,Ger\Dados\GerDadCam.DB,Arquivo,Arquivo,outro,System.String,60,desconhecido,True,Paradox/BDE,outro,"validar em tela, ProcMon e amostra de dados"
outro,GerDadCam,Ger\Dados\GerDadCam.DB,Campo,Campo,outro,System.String,30,desconhecido,True,Paradox/BDE,outro,"validar em tela, ProcMon e amostra de dados"
outro,GerDadCam,Ger\Dados\GerDadCam.DB,Chave1,Chave1,id_codigo,System.String,40,provavel,True,Paradox/BDE,identificador/vinculo,"validar em tela, ProcMon e amostra de dados"
outro,GerDadCam,Ger\Dados\GerDadCam.DB,Conteudo,Conteudo,outro,System.String,500,desconhecido,True,Paradox/BDE,outro,"validar em tela, ProcMon e amostra de dados"
outro,GerDadCam,Ger\Dados\GerDadCam.DB,Memo,Memo,outro,System.String,1073741824,desconhecido,True,Paradox/BDE,outro,"validar em tela, ProcMon e amostra de dados"
outro,GerDadFlex,Ger\Dados\GerDadFlex.DB,Arquivo,Arquivo,outro,System.String,60,desconhecido,True,Paradox/BDE,outro,"validar em tela, ProcMon e amostra de dados"
outro,GerDadFlex,Ger\Dados\GerDadFlex.DB,Campo,Campo,outro,System.String,30,desconhecido,True,Paradox/BDE,outro,"validar em tela, ProcMon e amostra de dados"
outro,GerDadFlex,Ger\Dados\GerDadFlex.DB,Tipo,Tipo,outro,System.String,2,desconhecido,True,Paradox/BDE,outro,"validar em tela, ProcMon e amostra de dados"
outro,GerDadFlex,Ger\Dados\GerDadFlex.DB,Tamanho,Tamanho,outro,System.String,20,desconhecido,True,Paradox/BDE,outro,"validar em tela, ProcMon e amostra de dados"
outro,GerDadFlex,Ger\Dados\GerDadFlex.DB,Cancelado,Celular,cliente_ref,System.String,2,desconhecido,True,Paradox/BDE,identificador/vinculo,"validar em tela, ProcMon e amostra de dados"
outro,GerDadFlex,Ger\Dados\GerDadFlex.DB,AbreAuto,AbreAuto,outro,System.String,2,desconhecido,True,Paradox/BDE,outro,"validar em tela, ProcMon e amostra de dados"
outro,GerDadFlex,Ger\Dados\GerDadFlex.DB,Obrigatorio,Obrigatorio,outro,System.String,2,desconhecido,True,Paradox/BDE,outro,"validar em tela, ProcMon e amostra de dados"
outro,GerDadFlex,Ger\Dados\GerDadFlex.DB,CodGruGer,CodGruGer,id_codigo,System.String,20,provavel,True,Paradox/BDE,identificador/vinculo,"validar em tela, ProcMon e amostra de dados"
outro,GerDadFlex,Ger\Dados\GerDadFlex.DB,CodOrigem,CodOrigem,id_codigo,System.String,10,provavel,True,Paradox/BDE,identificador/vinculo,"validar em tela, ProcMon e amostra de dados"
outro,GerDadFlex,Ger\Dados\GerDadFlex.DB,DesCampo,Desconto/Descricao,valor_monetario,System.String,60,desconhecido,True,Paradox/BDE,valor_monetario,"validar em tela, ProcMon e amostra de dados"
outro,GerDadGru,Ger\Dados\GerDadGru.DB,CodGruGer,CodGruGer,id_codigo,System.String,20,provavel,True,Paradox/BDE,identificador/vinculo,"validar em tela, ProcMon e amostra de dados"
outro,GerDadGru,Ger\Dados\GerDadGru.DB,DesGruGer,DesGruGer,outro,System.String,60,desconhecido,True,Paradox/BDE,outro,"validar em tela, ProcMon e amostra de dados"
outro,GerDadGru,Ger\Dados\GerDadGru.DB,Cancelado,Celular,cliente_ref,System.String,2,desconhecido,True,Paradox/BDE,identificador/vinculo,"validar em tela, ProcMon e amostra de dados"
outro,GerDadGru,Ger\Dados\GerDadGru.DB,DatCan,Data,data_hora,System.DateTime,8,desconhecido,True,Paradox/BDE,data_hora,"validar em tela, ProcMon e amostra de dados"
outro,GerDadGru,Ger\Dados\GerDadGru.DB,HorCan,HorCan,ordem_rol_ref,System.DateTime,8,desconhecido,True,Paradox/BDE,identificador/vinculo,"validar em tela, ProcMon e amostra de dados"
outro,GerDadGru,Ger\Dados\GerDadGru.DB,MotivoCan,MotivoCan,texto_observacao,System.String,100,desconhecido,True,Paradox/BDE,texto_observacao,"validar em tela, ProcMon e amostra de dados"
outro,GerDadGru,Ger\Dados\GerDadGru.DB,ObsGruGer,ObsGruGer,texto_observacao,System.String,100,desconhecido,True,Paradox/BDE,texto_observacao,"validar em tela, ProcMon e amostra de dados"
cliente,GruClientes,Ger\Dados\GruClientes.DB,GruCli,GruCli,outro,System.String,10,desconhecido,True,Paradox/BDE,outro,"validar em tela, ProcMon e amostra de dados"
cliente,GruClientes,Ger\Dados\GruClientes.DB,DesGrupo,DesGrupo,outro,System.String,60,desconhecido,True,Paradox/BDE,outro,"validar em tela, ProcMon e amostra de dados"
cliente,GruClientes,Ger\Dados\GruClientes.DB,ObsGrupo,ObsGrupo,texto_observacao,System.String,100,desconhecido,True,Paradox/BDE,texto_observacao,"validar em tela, ProcMon e amostra de dados"
cliente,GruClientes,Ger\Dados\GruClientes.DB,CorGrupo,CorGrupo,cliente_ref,System.Int32,4,desconhecido,True,Paradox/BDE,identificador/vinculo,"validar em tela, ProcMon e amostra de dados"
cliente,GruClientes,Ger\Dados\GruClientes.DB,CorGrupoF,CorGrupoF,cliente_ref,System.Int32,4,desconhecido,True,Paradox/BDE,identificador/vinculo,"validar em tela, ProcMon e amostra de dados"
cliente,GruClientes,Ger\Dados\GruClientes.DB,PrioridGru,PrioridGru,outro,System.Int32,4,provavel,True,Paradox/BDE,outro,"validar em tela, ProcMon e amostra de dados"
cliente,GruClientes,Ger\Dados\GruClientes.DB,Cancelado,Celular,cliente_ref,System.String,2,desconhecido,True,Paradox/BDE,identificador/vinculo,"validar em tela, ProcMon e amostra de dados"
cliente,GruClientes,Ger\Dados\GruClientes.DB,MotivoCan,MotivoCan,texto_observacao,System.String,100,desconhecido,True,Paradox/BDE,texto_observacao,"validar em tela, ProcMon e amostra de dados"
cliente,GruClientes,Ger\Dados\GruClientes.DB,DatCan,Data,data_hora,System.DateTime,8,desconhecido,True,Paradox/BDE,data_hora,"validar em tela, ProcMon e amostra de dados"
cliente,GruClientes,Ger\Dados\GruClientes.DB,HorCan,HorCan,ordem_rol_ref,System.DateTime,8,desconhecido,True,Paradox/BDE,identificador/vinculo,"validar em tela, ProcMon e amostra de dados"
cliente,GruClientes,Ger\Dados\GruClientes.DB,CodVenCan,CodVenCan,id_codigo,System.String,10,provavel,True,Paradox/BDE,identificador/vinculo,"validar em tela, ProcMon e amostra de dados"
cliente,GruClientes,Ger\Dados\GruClientes.DB,Desconto,Desconto/Descricao,valor_monetario,System.Double,8,desconhecido,True,Paradox/BDE,valor_monetario,"validar em tela, ProcMon e amostra de dados"
cliente,GruClientes2,Ger\Dados\GruClientes2.DB,GruCli,GruCli,outro,System.String,10,desconhecido,True,Paradox/BDE,outro,"validar em tela, ProcMon e amostra de dados"
cliente,GruClientes2,Ger\Dados\GruClientes2.DB,DesGrupo,DesGrupo,outro,System.String,60,desconhecido,True,Paradox/BDE,outro,"validar em tela, ProcMon e amostra de dados"
cliente,GruClientes2,Ger\Dados\GruClientes2.DB,ObsGrupo,ObsGrupo,texto_observacao,System.String,100,desconhecido,True,Paradox/BDE,texto_observacao,"validar em tela, ProcMon e amostra de dados"
cliente,GruClientes2,Ger\Dados\GruClientes2.DB,CorGrupo,CorGrupo,cliente_ref,System.Int32,4,desconhecido,True,Paradox/BDE,identificador/vinculo,"validar em tela, ProcMon e amostra de dados"
cliente,GruClientes2,Ger\Dados\GruClientes2.DB,CorGrupoF,CorGrupoF,cliente_ref,System.Int32,4,desconhecido,True,Paradox/BDE,identificador/vinculo,"validar em tela, ProcMon e amostra de dados"
cliente,GruClientes2,Ger\Dados\GruClientes2.DB,PrioridGru,PrioridGru,outro,System.Int32,4,provavel,True,Paradox/BDE,outro,"validar em tela, ProcMon e amostra de dados"
cliente,GruClientes2,Ger\Dados\GruClientes2.DB,Cancelado,Celular,cliente_ref,System.String,2,desconhecido,True,Paradox/BDE,identificador/vinculo,"validar em tela, ProcMon e amostra de dados"
cliente,GruClientes2,Ger\Dados\GruClientes2.DB,MotivoCan,MotivoCan,texto_observacao,System.String,100,desconhecido,True,Paradox/BDE,texto_observacao,"validar em tela, ProcMon e amostra de dados"
cliente,GruClientes2,Ger\Dados\GruClientes2.DB,DatCan,Data,data_hora,System.DateTime,8,desconhecido,True,Paradox/BDE,data_hora,"validar em tela, ProcMon e amostra de dados"
cliente,GruClientes2,Ger\Dados\GruClientes2.DB,HorCan,HorCan,ordem_rol_ref,System.DateTime,8,desconhecido,True,Paradox/BDE,identificador/vinculo,"validar em tela, ProcMon e amostra de dados"
cliente,GruClientes2,Ger\Dados\GruClientes2.DB,CodVenCan,CodVenCan,id_codigo,System.String,10,provavel,True,Paradox/BDE,identificador/vinculo,"validar em tela, ProcMon e amostra de dados"
cliente,GruClientes2,Ger\Dados\GruClientes2.DB,Desconto,Desconto/Descricao,valor_monetario,System.Double,8,desconhecido,True,Paradox/BDE,valor_monetario,"validar em tela, ProcMon e amostra de dados"
cliente,GruClientes3,Ger\Dados\GruClientes3.DB,GruCli,GruCli,outro,System.String,10,desconhecido,True,Paradox/BDE,outro,"validar em tela, ProcMon e amostra de dados"
cliente,GruClientes3,Ger\Dados\GruClientes3.DB,DesGrupo,DesGrupo,outro,System.String,60,desconhecido,True,Paradox/BDE,outro,"validar em tela, ProcMon e amostra de dados"
cliente,GruClientes3,Ger\Dados\GruClientes3.DB,ObsGrupo,ObsGrupo,texto_observacao,System.String,100,desconhecido,True,Paradox/BDE,texto_observacao,"validar em tela, ProcMon e amostra de dados"
cliente,GruClientes3,Ger\Dados\GruClientes3.DB,CorGrupo,CorGrupo,cliente_ref,System.Int32,4,desconhecido,True,Paradox/BDE,identificador/vinculo,"validar em tela, ProcMon e amostra de dados"
cliente,GruClientes3,Ger\Dados\GruClientes3.DB,CorGrupoF,CorGrupoF,cliente_ref,System.Int32,4,desconhecido,True,Paradox/BDE,identificador/vinculo,"validar em tela, ProcMon e amostra de dados"
cliente,GruClientes3,Ger\Dados\GruClientes3.DB,PrioridGru,PrioridGru,outro,System.Int32,4,provavel,True,Paradox/BDE,outro,"validar em tela, ProcMon e amostra de dados"
cliente,GruClientes3,Ger\Dados\GruClientes3.DB,Cancelado,Celular,cliente_ref,System.String,2,desconhecido,True,Paradox/BDE,identificador/vinculo,"validar em tela, ProcMon e amostra de dados"
cliente,GruClientes3,Ger\Dados\GruClientes3.DB,MotivoCan,MotivoCan,texto_observacao,System.String,100,desconhecido,True,Paradox/BDE,texto_observacao,"validar em tela, ProcMon e amostra de dados"
cliente,GruClientes3,Ger\Dados\GruClientes3.DB,DatCan,Data,data_hora,System.DateTime,8,desconhecido,True,Paradox/BDE,data_hora,"validar em tela, ProcMon e amostra de dados"
cliente,GruClientes3,Ger\Dados\GruClientes3.DB,HorCan,HorCan,ordem_rol_ref,System.DateTime,8,desconhecido,True,Paradox/BDE,identificador/vinculo,"validar em tela, ProcMon e amostra de dados"
cliente,GruClientes3,Ger\Dados\GruClientes3.DB,CodVenCan,CodVenCan,id_codigo,System.String,10,provavel,True,Paradox/BDE,identificador/vinculo,"validar em tela, ProcMon e amostra de dados"
cliente,GruClientes3,Ger\Dados\GruClientes3.DB,Desconto,Desconto/Descricao,valor_monetario,System.Double,8,desconhecido,True,Paradox/BDE,valor_monetario,"validar em tela, ProcMon e amostra de dados"
cliente,GruClientes4,Ger\Dados\GruClientes4.DB,GruCli,GruCli,outro,System.String,10,desconhecido,True,Paradox/BDE,outro,"validar em tela, ProcMon e amostra de dados"
cliente,GruClientes4,Ger\Dados\GruClientes4.DB,DesGrupo,DesGrupo,outro,System.String,60,desconhecido,True,Paradox/BDE,outro,"validar em tela, ProcMon e amostra de dados"
cliente,GruClientes4,Ger\Dados\GruClientes4.DB,ObsGrupo,ObsGrupo,texto_observacao,System.String,100,desconhecido,True,Paradox/BDE,texto_observacao,"validar em tela, ProcMon e amostra de dados"
cliente,GruClientes4,Ger\Dados\GruClientes4.DB,CorGrupo,CorGrupo,cliente_ref,System.Int32,4,desconhecido,True,Paradox/BDE,identificador/vinculo,"validar em tela, ProcMon e amostra de dados"
cliente,GruClientes4,Ger\Dados\GruClientes4.DB,CorGrupoF,CorGrupoF,cliente_ref,System.Int32,4,desconhecido,True,Paradox/BDE,identificador/vinculo,"validar em tela, ProcMon e amostra de dados"
cliente,GruClientes4,Ger\Dados\GruClientes4.DB,PrioridGru,PrioridGru,outro,System.Int32,4,provavel,True,Paradox/BDE,outro,"validar em tela, ProcMon e amostra de dados"
cliente,GruClientes4,Ger\Dados\GruClientes4.DB,Cancelado,Celular,cliente_ref,System.String,2,desconhecido,True,Paradox/BDE,identificador/vinculo,"validar em tela, ProcMon e amostra de dados"
cliente,GruClientes4,Ger\Dados\GruClientes4.DB,MotivoCan,MotivoCan,texto_observacao,System.String,100,desconhecido,True,Paradox/BDE,texto_observacao,"validar em tela, ProcMon e amostra de dados"
cliente,GruClientes4,Ger\Dados\GruClientes4.DB,DatCan,Data,data_hora,System.DateTime,8,desconhecido,True,Paradox/BDE,data_hora,"validar em tela, ProcMon e amostra de dados"
cliente,GruClientes4,Ger\Dados\GruClientes4.DB,HorCan,HorCan,ordem_rol_ref,System.DateTime,8,desconhecido,True,Paradox/BDE,identificador/vinculo,"validar em tela, ProcMon e amostra de dados"
cliente,GruClientes4,Ger\Dados\GruClientes4.DB,CodVenCan,CodVenCan,id_codigo,System.String,10,provavel,True,Paradox/BDE,identificador/vinculo,"validar em tela, ProcMon e amostra de dados"
cliente,GruClientes4,Ger\Dados\GruClientes4.DB,Desconto,Desconto/Descricao,valor_monetario,System.Double,8,desconhecido,True,Paradox/BDE,valor_monetario,"validar em tela, ProcMon e amostra de dados"
outro,GruFil,Ger\Dados\GruFil.DB,GruFil,UF,cliente_ref,System.String,10,desconhecido,True,Paradox/BDE,identificador/vinculo,"validar em tela, ProcMon e amostra de dados"
outro,GruFil,Ger\Dados\GruFil.DB,DesGruFil,UF,cliente_ref,System.String,40,desconhecido,True,Paradox/BDE,identificador/vinculo,"validar em tela, ProcMon e amostra de dados"
outro,GruFil,Ger\Dados\GruFil.DB,ObsFil,ObsFil,texto_observacao,System.String,80,desconhecido,True,Paradox/BDE,texto_observacao,"validar em tela, ProcMon e amostra de dados"
outro,GruFil,Ger\Dados\GruFil.DB,Cancelado,Celular,cliente_ref,System.String,2,desconhecido,True,Paradox/BDE,identificador/vinculo,"validar em tela, ProcMon e amostra de dados"
outro,GruFil,Ger\Dados\GruFil.DB,DatCan,Data,data_hora,System.DateTime,8,desconhecido,True,Paradox/BDE,data_hora,"validar em tela, ProcMon e amostra de dados"
outro,GruFil,Ger\Dados\GruFil.DB,MotivoCan,MotivoCan,texto_observacao,System.String,100,desconhecido,True,Paradox/BDE,texto_observacao,"validar em tela, ProcMon e amostra de dados"
outro,GruFil2,Ger\Dados\GruFil2.DB,GruFil,UF,cliente_ref,System.String,10,desconhecido,True,Paradox/BDE,identificador/vinculo,"validar em tela, ProcMon e amostra de dados"
outro,GruFil2,Ger\Dados\GruFil2.DB,DesGruFil,UF,cliente_ref,System.String,40,desconhecido,True,Paradox/BDE,identificador/vinculo,"validar em tela, ProcMon e amostra de dados"
outro,GruFil2,Ger\Dados\GruFil2.DB,ObsFil,ObsFil,texto_observacao,System.String,80,desconhecido,True,Paradox/BDE,texto_observacao,"validar em tela, ProcMon e amostra de dados"
outro,GruFil2,Ger\Dados\GruFil2.DB,Cancelado,Celular,cliente_ref,System.String,2,desconhecido,True,Paradox/BDE,identificador/vinculo,"validar em tela, ProcMon e amostra de dados"
outro,GruFil2,Ger\Dados\GruFil2.DB,DatCan,Data,data_hora,System.DateTime,8,desconhecido,True,Paradox/BDE,data_hora,"validar em tela, ProcMon e amostra de dados"
outro,GruFil2,Ger\Dados\GruFil2.DB,MotivoCan,MotivoCan,texto_observacao,System.String,100,desconhecido,True,Paradox/BDE,texto_observacao,"validar em tela, ProcMon e amostra de dados"
outro,GruFil3,Ger\Dados\GruFil3.DB,GruFil,UF,cliente_ref,System.String,10,desconhecido,True,Paradox/BDE,identificador/vinculo,"validar em tela, ProcMon e amostra de dados"
outro,GruFil3,Ger\Dados\GruFil3.DB,DesGruFil,UF,cliente_ref,System.String,40,desconhecido,True,Paradox/BDE,identificador/vinculo,"validar em tela, ProcMon e amostra de dados"
outro,GruFil3,Ger\Dados\GruFil3.DB,ObsFil,ObsFil,texto_observacao,System.String,80,desconhecido,True,Paradox/BDE,texto_observacao,"validar em tela, ProcMon e amostra de dados"
outro,GruFil3,Ger\Dados\GruFil3.DB,Cancelado,Celular,cliente_ref,System.String,2,desconhecido,True,Paradox/BDE,identificador/vinculo,"validar em tela, ProcMon e amostra de dados"
outro,GruFil3,Ger\Dados\GruFil3.DB,DatCan,Data,data_hora,System.DateTime,8,desconhecido,True,Paradox/BDE,data_hora,"validar em tela, ProcMon e amostra de dados"
outro,GruFil3,Ger\Dados\GruFil3.DB,MotivoCan,MotivoCan,texto_observacao,System.String,100,desconhecido,True,Paradox/BDE,texto_observacao,"validar em tela, ProcMon e amostra de dados"
outro,GruFor,Ger\Dados\GruFor.DB,GruFor,UF,cliente_ref,System.String,10,desconhecido,True,Paradox/BDE,identificador/vinculo,"validar em tela, ProcMon e amostra de dados"
outro,GruFor,Ger\Dados\GruFor.DB,DesGruFor,UF,cliente_ref,System.String,40,desconhecido,True,Paradox/BDE,identificador/vinculo,"validar em tela, ProcMon e amostra de dados"
outro,GruFor,Ger\Dados\GruFor.DB,ObsGruFor,UF,cliente_ref,System.String,40,desconhecido,True,Paradox/BDE,identificador/vinculo,"validar em tela, ProcMon e amostra de dados"
outro,GruFor,Ger\Dados\GruFor.DB,Cancelado,Celular,cliente_ref,System.String,2,desconhecido,True,Paradox/BDE,identificador/vinculo,"validar em tela, ProcMon e amostra de dados"
outro,GruFor,Ger\Dados\GruFor.DB,MotivoCan,MotivoCan,texto_observacao,System.String,100,desconhecido,True,Paradox/BDE,texto_observacao,"validar em tela, ProcMon e amostra de dados"
outro,GruFor,Ger\Dados\GruFor.DB,DatCan,Data,data_hora,System.DateTime,8,desconhecido,True,Paradox/BDE,data_hora,"validar em tela, ProcMon e amostra de dados"
outro,GruFor,Ger\Dados\GruFor.DB,Grupo,Grupo,outro,System.String,10,desconhecido,True,Paradox/BDE,outro,"validar em tela, ProcMon e amostra de dados"
outro,GruFor2,Ger\Dados\GruFor2.DB,GruFor,UF,cliente_ref,System.String,10,desconhecido,True,Paradox/BDE,identificador/vinculo,"validar em tela, ProcMon e amostra de dados"
outro,GruFor2,Ger\Dados\GruFor2.DB,DesGruFor,UF,cliente_ref,System.String,40,desconhecido,True,Paradox/BDE,identificador/vinculo,"validar em tela, ProcMon e amostra de dados"
outro,GruFor2,Ger\Dados\GruFor2.DB,Obs,Obs,texto_observacao,System.String,100,desconhecido,True,Paradox/BDE,texto_observacao,"validar em tela, ProcMon e amostra de dados"
outro,GruFor2,Ger\Dados\GruFor2.DB,Cancelado,Celular,cliente_ref,System.String,2,desconhecido,True,Paradox/BDE,identificador/vinculo,"validar em tela, ProcMon e amostra de dados"
outro,GruFor2,Ger\Dados\GruFor2.DB,DatCan,Data,data_hora,System.DateTime,8,desconhecido,True,Paradox/BDE,data_hora,"validar em tela, ProcMon e amostra de dados"
outro,GruFor2,Ger\Dados\GruFor2.DB,MotivoCan,MotivoCan,texto_observacao,System.String,100,desconhecido,True,Paradox/BDE,texto_observacao,"validar em tela, ProcMon e amostra de dados"
outro,GruFor2,Ger\Dados\GruFor2.DB,Grupo,Grupo,outro,System.String,10,desconhecido,True,Paradox/BDE,outro,"validar em tela, ProcMon e amostra de dados"
outro,GruFor3,Ger\Dados\GruFor3.DB,GruFor,UF,cliente_ref,System.String,10,desconhecido,True,Paradox/BDE,identificador/vinculo,"validar em tela, ProcMon e amostra de dados"
outro,GruFor3,Ger\Dados\GruFor3.DB,DesGruFor,UF,cliente_ref,System.String,40,desconhecido,True,Paradox/BDE,identificador/vinculo,"validar em tela, ProcMon e amostra de dados"
outro,GruFor3,Ger\Dados\GruFor3.DB,Obs,Obs,texto_observacao,System.String,100,desconhecido,True,Paradox/BDE,texto_observacao,"validar em tela, ProcMon e amostra de dados"
outro,GruFor3,Ger\Dados\GruFor3.DB,Cancelado,Celular,cliente_ref,System.String,2,desconhecido,True,Paradox/BDE,identificador/vinculo,"validar em tela, ProcMon e amostra de dados"
outro,GruFor3,Ger\Dados\GruFor3.DB,DatCan,Data,data_hora,System.DateTime,8,desconhecido,True,Paradox/BDE,data_hora,"validar em tela, ProcMon e amostra de dados"
outro,GruFor3,Ger\Dados\GruFor3.DB,MotivoCan,MotivoCan,texto_observacao,System.String,100,desconhecido,True,Paradox/BDE,texto_observacao,"validar em tela, ProcMon e amostra de dados"
outro,GruFor4,Ger\Dados\GruFor4.DB,GruFor,UF,cliente_ref,System.String,10,desconhecido,True,Paradox/BDE,identificador/vinculo,"validar em tela, ProcMon e amostra de dados"
outro,GruFor4,Ger\Dados\GruFor4.DB,DesGruFor,UF,cliente_ref,System.String,40,desconhecido,True,Paradox/BDE,identificador/vinculo,"validar em tela, ProcMon e amostra de dados"
outro,GruFor4,Ger\Dados\GruFor4.DB,Obs,Obs,texto_observacao,System.String,100,desconhecido,True,Paradox/BDE,texto_observacao,"validar em tela, ProcMon e amostra de dados"
outro,GruFor4,Ger\Dados\GruFor4.DB,Cancelado,Celular,cliente_ref,System.String,2,desconhecido,True,Paradox/BDE,identificador/vinculo,"validar em tela, ProcMon e amostra de dados"
outro,GruFor4,Ger\Dados\GruFor4.DB,DatCan,Data,data_hora,System.DateTime,8,desconhecido,True,Paradox/BDE,data_hora,"validar em tela, ProcMon e amostra de dados"
outro,GruFor4,Ger\Dados\GruFor4.DB,MotivoCan,MotivoCan,texto_observacao,System.String,100,desconhecido,True,Paradox/BDE,texto_observacao,"validar em tela, ProcMon e amostra de dados"
config_admin,GruMiniLav,Ger\Dados\GruMiniLav.DB,GruMiniLav,GruMiniLav,outro,System.String,10,desconhecido,True,Paradox/BDE,outro,"validar em tela, ProcMon e amostra de dados"
config_admin,GruMiniLav,Ger\Dados\GruMiniLav.DB,DesGruMiniLav,DesGruMiniLav,outro,System.String,60,desconhecido,True,Paradox/BDE,outro,"validar em tela, ProcMon e amostra de dados"
config_admin,GruMiniLav,Ger\Dados\GruMiniLav.DB,Cancelado,Celular,cliente_ref,System.String,2,desconhecido,True,Paradox/BDE,identificador/vinculo,"validar em tela, ProcMon e amostra de dados"
config_admin,GruMiniLav,Ger\Dados\GruMiniLav.DB,DatCan,Data,data_hora,System.DateTime,8,desconhecido,True,Paradox/BDE,data_hora,"validar em tela, ProcMon e amostra de dados"
config_admin,GruMiniLav,Ger\Dados\GruMiniLav.DB,MotivoCan,MotivoCan,texto_observacao,System.String,100,desconhecido,True,Paradox/BDE,texto_observacao,"validar em tela, ProcMon e amostra de dados"
outro,GruPro,Ger\Dados\GruPro.DB,GruPro,GruPro,outro,System.String,10,desconhecido,True,Paradox/BDE,outro,"validar em tela, ProcMon e amostra de dados"
outro,GruPro,Ger\Dados\GruPro.DB,DesGruPro,DesGruPro,outro,System.String,40,desconhecido,True,Paradox/BDE,outro,"validar em tela, ProcMon e amostra de dados"
outro,GruPro,Ger\Dados\GruPro.DB,obs,obs,texto_observacao,System.String,100,desconhecido,True,Paradox/BDE,texto_observacao,"validar em tela, ProcMon e amostra de dados"
outro,GruPro,Ger\Dados\GruPro.DB,Principais,Principais,outro,System.String,2,desconhecido,True,Paradox/BDE,outro,"validar em tela, ProcMon e amostra de dados"
outro,GruPro,Ger\Dados\GruPro.DB,LimQdeCon,LimQdeCon,outro,System.Int32,4,desconhecido,True,Paradox/BDE,outro,"validar em tela, ProcMon e amostra de dados"
outro,GruPro,Ger\Dados\GruPro.DB,CodPra,CodPra,id_codigo,System.String,6,provavel,True,Paradox/BDE,identificador/vinculo,"validar em tela, ProcMon e amostra de dados"
outro,GruPro,Ger\Dados\GruPro.DB,RegCodLoc,RegCodLoc,id_codigo,System.String,10,provavel,True,Paradox/BDE,identificador/vinculo,"validar em tela, ProcMon e amostra de dados"
outro,GruPro,Ger\Dados\GruPro.DB,Cancelado,Celular,cliente_ref,System.String,2,desconhecido,True,Paradox/BDE,identificador/vinculo,"validar em tela, ProcMon e amostra de dados"
outro,GruPro,Ger\Dados\GruPro.DB,DatCan,Data,data_hora,System.DateTime,8,desconhecido,True,Paradox/BDE,data_hora,"validar em tela, ProcMon e amostra de dados"
outro,GruPro,Ger\Dados\GruPro.DB,MotivoCan,MotivoCan,texto_observacao,System.String,100,desconhecido,True,Paradox/BDE,texto_observacao,"validar em tela, ProcMon e amostra de dados"
outro,GruPro,Ger\Dados\GruPro.DB,AgrGruPro,AgrGruPro,cliente_ref,System.String,40,desconhecido,True,Paradox/BDE,identificador/vinculo,"validar em tela, ProcMon e amostra de dados"
outro,GruPro,Ger\Dados\GruPro.DB,ContTing,ContTing,outro,System.String,10,desconhecido,True,Paradox/BDE,outro,"validar em tela, ProcMon e amostra de dados"
outro,GruPro,Ger\Dados\GruPro.DB,GruProTer,GruProTer,outro,System.String,20,desconhecido,True,Paradox/BDE,outro,"validar em tela, ProcMon e amostra de dados"
outro,GruPro,Ger\Dados\GruPro.DB,PedeTodCad,PedeTodCad,data_hora,System.String,2,desconhecido,True,Paradox/BDE,data_hora,"validar em tela, ProcMon e amostra de dados"
outro,GruPro,Ger\Dados\GruPro.DB,PedeTec,PedeTec,outro,System.String,2,desconhecido,True,Paradox/BDE,outro,"validar em tela, ProcMon e amostra de dados"
outro,GruPro,Ger\Dados\GruPro.DB,PedeFator,PedeFator,outro,System.String,2,desconhecido,True,Paradox/BDE,outro,"validar em tela, ProcMon e amostra de dados"
outro,GruPro,Ger\Dados\GruPro.DB,Sujidade,Sujidade,outro,System.Double,8,provavel,True,Paradox/BDE,outro,"validar em tela, ProcMon e amostra de dados"
outro,GruProces,Ger\Dados\GruProces.DB,GruProces,GruProces,outro,System.String,20,desconhecido,True,Paradox/BDE,outro,"validar em tela, ProcMon e amostra de dados"
outro,GruProces,Ger\Dados\GruProces.DB,DesGruProc,DesGruProc,outro,System.String,100,desconhecido,True,Paradox/BDE,outro,"validar em tela, ProcMon e amostra de dados"
outro,GruProces,Ger\Dados\GruProces.DB,Cancelado,Celular,cliente_ref,System.String,2,desconhecido,True,Paradox/BDE,identificador/vinculo,"validar em tela, ProcMon e amostra de dados"
outro,GruProces,Ger\Dados\GruProces.DB,MotivoCan,MotivoCan,texto_observacao,System.String,100,desconhecido,True,Paradox/BDE,texto_observacao,"validar em tela, ProcMon e amostra de dados"
outro,GruProces,Ger\Dados\GruProces.DB,DatCan,Data,data_hora,System.DateTime,8,desconhecido,True,Paradox/BDE,data_hora,"validar em tela, ProcMon e amostra de dados"
outro,GruProces,Ger\Dados\GruProces.DB,Obs,Obs,texto_observacao,System.String,200,desconhecido,True,Paradox/BDE,texto_observacao,"validar em tela, ProcMon e amostra de dados"
outro,GruProSub,Ger\Dados\GruProSub.DB,GruProSub,GruProSub,ordem_rol_ref,System.String,10,desconhecido,True,Paradox/BDE,identificador/vinculo,"validar em tela, ProcMon e amostra de dados"
outro,GruProSub,Ger\Dados\GruProSub.DB,DesProSub,Produto,produto_ref,System.String,40,desconhecido,True,Paradox/BDE,identificador/vinculo,"validar em tela, ProcMon e amostra de dados"
outro,GruProSub,Ger\Dados\GruProSub.DB,ObsProSub,ObsProSub,ordem_rol_ref,System.String,100,desconhecido,True,Paradox/BDE,identificador/vinculo,"validar em tela, ProcMon e amostra de dados"
permissao_auth,GruUsuarios,Ger\Dados\GruUsuarios.DB,GruUsuario,GruUsuario,usuario_auditoria,System.String,10,desconhecido,True,Paradox/BDE,usuario_auditoria,"validar em tela, ProcMon e amostra de dados"
permissao_auth,GruUsuarios,Ger\Dados\GruUsuarios.DB,DesGruUsu,DesGruUsu,usuario_auditoria,System.String,40,desconhecido,True,Paradox/BDE,usuario_auditoria,"validar em tela, ProcMon e amostra de dados"
permissao_auth,GruUsuarios,Ger\Dados\GruUsuarios.DB,ObsGruUsu,ObsGruUsu,usuario_auditoria,System.String,100,desconhecido,True,Paradox/BDE,usuario_auditoria,"validar em tela, ProcMon e amostra de dados"
permissao_auth,GruUsuarios,Ger\Dados\GruUsuarios.DB,Cancelado,Celular,cliente_ref,System.String,2,desconhecido,True,Paradox/BDE,identificador/vinculo,"validar em tela, ProcMon e amostra de dados"
permissao_auth,GruUsuarios,Ger\Dados\GruUsuarios.DB,MotivoCan,MotivoCan,texto_observacao,System.String,200,desconhecido,True,Paradox/BDE,texto_observacao,"validar em tela, ProcMon e amostra de dados"
permissao_auth,GruUsuarios,Ger\Dados\GruUsuarios.DB,DatCan,Data,data_hora,System.DateTime,8,desconhecido,True,Paradox/BDE,data_hora,"validar em tela, ProcMon e amostra de dados"
outro,GruVen,Ger\Dados\GruVen.DB,GruVen,GruVen,outro,System.String,10,desconhecido,True,Paradox/BDE,outro,"validar em tela, ProcMon e amostra de dados"
outro,GruVen,Ger\Dados\GruVen.DB,DesGruVen,DesGruVen,outro,System.String,60,desconhecido,True,Paradox/BDE,outro,"validar em tela, ProcMon e amostra de dados"
outro,GruVen,Ger\Dados\GruVen.DB,Obs,Obs,texto_observacao,System.String,100,desconhecido,True,Paradox/BDE,texto_observacao,"validar em tela, ProcMon e amostra de dados"
outro,GruVen,Ger\Dados\GruVen.DB,Cancelado,Celular,cliente_ref,System.String,2,desconhecido,True,Paradox/BDE,identificador/vinculo,"validar em tela, ProcMon e amostra de dados"
outro,GruVen,Ger\Dados\GruVen.DB,DatCan,Data,data_hora,System.DateTime,8,desconhecido,True,Paradox/BDE,data_hora,"validar em tela, ProcMon e amostra de dados"
outro,GruVen,Ger\Dados\GruVen.DB,MotivoCan,MotivoCan,texto_observacao,System.String,100,desconhecido,True,Paradox/BDE,texto_observacao,"validar em tela, ProcMon e amostra de dados"
outro,InteresCan,Ger\Dados\InteresCan.DB,CodInt,CodInt,id_codigo,System.String,20,provavel,True,Paradox/BDE,identificador/vinculo,"validar em tela, ProcMon e amostra de dados"
outro,InteresCan,Ger\Dados\InteresCan.DB,MotivoCan,MotivoCan,texto_observacao,System.String,200,desconhecido,True,Paradox/BDE,texto_observacao,"validar em tela, ProcMon e amostra de dados"
outro,InteresCan,Ger\Dados\InteresCan.DB,DatCan,Data,data_hora,System.DateTime,8,desconhecido,True,Paradox/BDE,data_hora,"validar em tela, ProcMon e amostra de dados"
outro,InteresCan,Ger\Dados\InteresCan.DB,Horcan,Horcan,ordem_rol_ref,System.DateTime,8,desconhecido,True,Paradox/BDE,identificador/vinculo,"validar em tela, ProcMon e amostra de dados"
outro,InteresCan,Ger\Dados\InteresCan.DB,CodUsuario,CodUsuario,id_codigo,System.String,20,provavel,True,Paradox/BDE,identificador/vinculo,"validar em tela, ProcMon e amostra de dados"
outro,InteresCan,Ger\Dados\InteresCan.DB,ExportaSAT,ExportaSAT,fiscal_documento,System.Int32,4,desconhecido,True,Paradox/BDE,fiscal_documento,"validar em tela, ProcMon e amostra de dados"
outro,InteresMar,Ger\Dados\InteresMar.DB,Marcacao,Marcacao,produto_ref,System.String,10,desconhecido,True,Paradox/BDE,identificador/vinculo,"validar em tela, ProcMon e amostra de dados"
outro,InteresMar,Ger\Dados\InteresMar.DB,DesMarca,DesMarca,produto_ref,System.String,40,desconhecido,True,Paradox/BDE,identificador/vinculo,"validar em tela, ProcMon e amostra de dados"
outro,InteresMar,Ger\Dados\InteresMar.DB,Cancelado,Celular,cliente_ref,System.String,2,desconhecido,True,Paradox/BDE,identificador/vinculo,"validar em tela, ProcMon e amostra de dados"
outro,InteresMar,Ger\Dados\InteresMar.DB,DatCan,Data,data_hora,System.DateTime,8,desconhecido,True,Paradox/BDE,data_hora,"validar em tela, ProcMon e amostra de dados"
outro,InteresMar,Ger\Dados\InteresMar.DB,MotivoCan,MotivoCan,texto_observacao,System.String,100,desconhecido,True,Paradox/BDE,texto_observacao,"validar em tela, ProcMon e amostra de dados"
outro,InteresMar,Ger\Dados\InteresMar.DB,Obs,Obs,texto_observacao,System.String,100,desconhecido,True,Paradox/BDE,texto_observacao,"validar em tela, ProcMon e amostra de dados"
outro,Interessad,Ger\Dados\Interessad.DB,CodInt,CodInt,id_codigo,System.String,20,provavel,True,Paradox/BDE,identificador/vinculo,"validar em tela, ProcMon e amostra de dados"
outro,Interessad,Ger\Dados\Interessad.DB,NomInt,NomInt,outro,System.String,80,desconhecido,True,Paradox/BDE,outro,"validar em tela, ProcMon e amostra de dados"
outro,Interessad,Ger\Dados\Interessad.DB,RazSocInt,RazSocInt,outro,System.String,80,desconhecido,True,Paradox/BDE,outro,"validar em tela, ProcMon e amostra de dados"
outro,Interessad,Ger\Dados\Interessad.DB,EndInt,Endereco,cliente_ref,System.String,80,desconhecido,True,Paradox/BDE,identificador/vinculo,"validar em tela, ProcMon e amostra de dados"
outro,Interessad,Ger\Dados\Interessad.DB,Unidade,Unidade,produto_ref,System.String,10,provavel,True,Paradox/BDE,identificador/vinculo,"validar em tela, ProcMon e amostra de dados"
outro,Interessad,Ger\Dados\Interessad.DB,CidInt,CidInt,outro,System.String,40,provavel,True,Paradox/BDE,outro,"validar em tela, ProcMon e amostra de dados"
outro,Interessad,Ger\Dados\Interessad.DB,BaiInt,BaiInt,outro,System.String,40,desconhecido,True,Paradox/BDE,outro,"validar em tela, ProcMon e amostra de dados"
outro,Interessad,Ger\Dados\Interessad.DB,EstInt,EstInt,outro,System.String,4,desconhecido,True,Paradox/BDE,outro,"validar em tela, ProcMon e amostra de dados"
outro,Interessad,Ger\Dados\Interessad.DB,CepInt,CEP,cliente_ref,System.String,18,desconhecido,True,Paradox/BDE,identificador/vinculo,"validar em tela, ProcMon e amostra de dados"
outro,Interessad,Ger\Dados\Interessad.DB,TelInt,Telefone,cliente_ref,System.String,30,desconhecido,True,Paradox/BDE,identificador/vinculo,"validar em tela, ProcMon e amostra de dados"
outro,Interessad,Ger\Dados\Interessad.DB,TelInt2,Telefone,cliente_ref,System.String,30,desconhecido,True,Paradox/BDE,identificador/vinculo,"validar em tela, ProcMon e amostra de dados"
outro,Interessad,Ger\Dados\Interessad.DB,CelInt,Celular,cliente_ref,System.String,30,desconhecido,True,Paradox/BDE,identificador/vinculo,"validar em tela, ProcMon e amostra de dados"
outro,Interessad,Ger\Dados\Interessad.DB,Contato,Contato,outro,System.String,40,desconhecido,True,Paradox/BDE,outro,"validar em tela, ProcMon e amostra de dados"
outro,Interessad,Ger\Dados\Interessad.DB,SiteInt,SiteInt,status_situacao,System.String,100,desconhecido,True,Paradox/BDE,status_situacao,"validar em tela, ProcMon e amostra de dados"
outro,Interessad,Ger\Dados\Interessad.DB,emailInt,E-mail,cliente_ref,System.String,200,desconhecido,True,Paradox/BDE,identificador/vinculo,"validar em tela, ProcMon e amostra de dados"
outro,Interessad,Ger\Dados\Interessad.DB,GruCli,GruCli,outro,System.String,10,desconhecido,True,Paradox/BDE,outro,"validar em tela, ProcMon e amostra de dados"
outro,Interessad,Ger\Dados\Interessad.DB,GruCli2,GruCli2,outro,System.String,10,desconhecido,True,Paradox/BDE,outro,"validar em tela, ProcMon e amostra de dados"
outro,Interessad,Ger\Dados\Interessad.DB,GruCli3,GruCli3,outro,System.String,10,desconhecido,True,Paradox/BDE,outro,"validar em tela, ProcMon e amostra de dados"
outro,Interessad,Ger\Dados\Interessad.DB,Roteiro,Roteiro,outro,System.String,10,desconhecido,True,Paradox/BDE,outro,"validar em tela, ProcMon e amostra de dados"
outro,Interessad,Ger\Dados\Interessad.DB,FisJurInt,FisJurInt,outro,System.String,2,desconhecido,True,Paradox/BDE,outro,"validar em tela, ProcMon e amostra de dados"
outro,Interessad,Ger\Dados\Interessad.DB,CgcInt,CgcInt,outro,System.String,24,desconhecido,True,Paradox/BDE,outro,"validar em tela, ProcMon e amostra de dados"
outro,Interessad,Ger\Dados\Interessad.DB,DigCgcInt,DigCgcInt,outro,System.String,4,desconhecido,True,Paradox/BDE,outro,"validar em tela, ProcMon e amostra de dados"
outro,Interessad,Ger\Dados\Interessad.DB,CPFInt,CPF,cliente_ref,System.String,30,desconhecido,True,Paradox/BDE,identificador/vinculo,"validar em tela, ProcMon e amostra de dados"
outro,Interessad,Ger\Dados\Interessad.DB,ArqLogInt,ArqLogInt,usuario_auditoria,System.String,400,desconhecido,True,Paradox/BDE,usuario_auditoria,"validar em tela, ProcMon e amostra de dados"
outro,Interessad,Ger\Dados\Interessad.DB,ObsInt,ObsInt,texto_observacao,System.String,200,desconhecido,True,Paradox/BDE,texto_observacao,"validar em tela, ProcMon e amostra de dados"
outro,Interessad,Ger\Dados\Interessad.DB,DatCadInt,Data,data_hora,System.DateTime,8,desconhecido,True,Paradox/BDE,data_hora,"validar em tela, ProcMon e amostra de dados"
outro,Interessad,Ger\Dados\Interessad.DB,Cancelado,Celular,cliente_ref,System.String,2,desconhecido,True,Paradox/BDE,identificador/vinculo,"validar em tela, ProcMon e amostra de dados"
outro,Interessad,Ger\Dados\Interessad.DB,CodCon,CodCon,id_codigo,System.String,10,provavel,True,Paradox/BDE,identificador/vinculo,"validar em tela, ProcMon e amostra de dados"
outro,Interessad,Ger\Dados\Interessad.DB,CodRam,CodRam,id_codigo,System.String,10,provavel,True,Paradox/BDE,identificador/vinculo,"validar em tela, ProcMon e amostra de dados"
outro,Interessad,Ger\Dados\Interessad.DB,CodVen,CodVen,id_codigo,System.String,10,provavel,True,Paradox/BDE,identificador/vinculo,"validar em tela, ProcMon e amostra de dados"
outro,Interessad,Ger\Dados\Interessad.DB,CodCli,Cliente,id_codigo,System.String,20,provavel,True,Paradox/BDE,identificador/vinculo,"validar em tela, ProcMon e amostra de dados"
outro,Interessad,Ger\Dados\Interessad.DB,ResInt,ResInt,outro,System.String,200,desconhecido,True,Paradox/BDE,outro,"validar em tela, ProcMon e amostra de dados"
outro,Interessad,Ger\Dados\Interessad.DB,GruCli4,GruCli4,outro,System.String,10,desconhecido,True,Paradox/BDE,outro,"validar em tela, ProcMon e amostra de dados"
outro,Interessad,Ger\Dados\Interessad.DB,Marcacao,Marcacao,produto_ref,System.String,10,desconhecido,True,Paradox/BDE,identificador/vinculo,"validar em tela, ProcMon e amostra de dados"
outro,Interessad,Ger\Dados\Interessad.DB,MarcaVenda,Endereco,cliente_ref,System.String,10,desconhecido,True,Paradox/BDE,identificador/vinculo,"validar em tela, ProcMon e amostra de dados"
outro,Interessad,Ger\Dados\Interessad.DB,MarcaAdm,MarcaAdm,produto_ref,System.String,10,desconhecido,True,Paradox/BDE,identificador/vinculo,"validar em tela, ProcMon e amostra de dados"
outro,Interessad,Ger\Dados\Interessad.DB,CodSit,CodSit,id_codigo,System.String,10,provavel,True,Paradox/BDE,identificador/vinculo,"validar em tela, ProcMon e amostra de dados"
outro,Interessad,Ger\Dados\Interessad.DB,ObsInt2,ObsInt2,texto_observacao,System.String,200,desconhecido,True,Paradox/BDE,texto_observacao,"validar em tela, ProcMon e amostra de dados"
outro,Interessad,Ger\Dados\Interessad.DB,CodUsuario,CodUsuario,id_codigo,System.String,20,provavel,True,Paradox/BDE,identificador/vinculo,"validar em tela, ProcMon e amostra de dados"
outro,Interessad,Ger\Dados\Interessad.DB,CodCan,CodCan,id_codigo,System.String,10,provavel,True,Paradox/BDE,identificador/vinculo,"validar em tela, ProcMon e amostra de dados"
outro,Interessad,Ger\Dados\Interessad.DB,CartaoFid,CartaoFid,outro,System.String,40,provavel,True,Paradox/BDE,outro,"validar em tela, ProcMon e amostra de dados"
outro,Interessad,Ger\Dados\Interessad.DB,ResUsuario,ResUsuario,usuario_auditoria,System.String,20,desconhecido,True,Paradox/BDE,usuario_auditoria,"validar em tela, ProcMon e amostra de dados"
outro,LigTel,Ger\Dados\LigTel.DB,Linha,Linha,outro,System.String,6,desconhecido,True,Paradox/BDE,outro,"validar em tela, ProcMon e amostra de dados"
outro,LigTel,Ger\Dados\LigTel.DB,Telefone,Telefone,cliente_ref,System.String,40,desconhecido,True,Paradox/BDE,identificador/vinculo,"validar em tela, ProcMon e amostra de dados"
outro,LigTel,Ger\Dados\LigTel.DB,Codigo,Codigo,id_codigo,System.String,20,provavel,True,Paradox/BDE,identificador/vinculo,"validar em tela, ProcMon e amostra de dados"
outro,LigTel,Ger\Dados\LigTel.DB,TipCli,TipCli,outro,System.String,2,desconhecido,True,Paradox/BDE,outro,"validar em tela, ProcMon e amostra de dados"
outro,LigTel,Ger\Dados\LigTel.DB,Obs,Obs,texto_observacao,System.String,100,desconhecido,True,Paradox/BDE,texto_observacao,"validar em tela, ProcMon e amostra de dados"
outro,LigTel,Ger\Dados\LigTel.DB,DatLig,Data,data_hora,System.DateTime,8,desconhecido,True,Paradox/BDE,data_hora,"validar em tela, ProcMon e amostra de dados"
outro,LigTel,Ger\Dados\LigTel.DB,HorLig,HorLig,outro,System.DateTime,8,desconhecido,True,Paradox/BDE,outro,"validar em tela, ProcMon e amostra de dados"
outro,LigTel,Ger\Dados\LigTel.DB,Status,Status,status_situacao,System.String,2,desconhecido,True,Paradox/BDE,status_situacao,"validar em tela, ProcMon e amostra de dados"
outro,LigTel,Ger\Dados\LigTel.DB,HorTerLig,HorTerLig,outro,System.DateTime,8,desconhecido,True,Paradox/BDE,outro,"validar em tela, ProcMon e amostra de dados"
outro,LigTel,Ger\Dados\LigTel.DB,DatTerLig,Data,data_hora,System.DateTime,8,desconhecido,True,Paradox/BDE,data_hora,"validar em tela, ProcMon e amostra de dados"
outro,MotAltDup,Ger\Dados\MotAltDup.DB,MotAltDup,MotAltDup,data_hora,System.String,6,desconhecido,True,Paradox/BDE,data_hora,"validar em tela, ProcMon e amostra de dados"
outro,MotAltDup,Ger\Dados\MotAltDup.DB,DesAltDup,DesAltDup,data_hora,System.String,60,desconhecido,True,Paradox/BDE,data_hora,"validar em tela, ProcMon e amostra de dados"
outro,MotAltDup,Ger\Dados\MotAltDup.DB,Obs,Obs,texto_observacao,System.String,200,desconhecido,True,Paradox/BDE,texto_observacao,"validar em tela, ProcMon e amostra de dados"
outro,MotAltDup,Ger\Dados\MotAltDup.DB,Cancelado,Celular,cliente_ref,System.String,2,desconhecido,True,Paradox/BDE,identificador/vinculo,"validar em tela, ProcMon e amostra de dados"
outro,MotAltDup,Ger\Dados\MotAltDup.DB,DatCan,Data,data_hora,System.DateTime,8,desconhecido,True,Paradox/BDE,data_hora,"validar em tela, ProcMon e amostra de dados"
outro,MotAltDup,Ger\Dados\MotAltDup.DB,MotivoCan,MotivoCan,texto_observacao,System.String,100,desconhecido,True,Paradox/BDE,texto_observacao,"validar em tela, ProcMon e amostra de dados"
outro,Motorista,Ger\Dados\Motorista.DB,CodMotorista,CodMotorista,id_codigo,System.String,10,provavel,True,Paradox/BDE,identificador/vinculo,"validar em tela, ProcMon e amostra de dados"
outro,Motorista,Ger\Dados\Motorista.DB,NomMotorista,NomMotorista,outro,System.String,40,desconhecido,True,Paradox/BDE,outro,"validar em tela, ProcMon e amostra de dados"
outro,Motorista,Ger\Dados\Motorista.DB,DatNas,Data,data_hora,System.DateTime,8,desconhecido,True,Paradox/BDE,data_hora,"validar em tela, ProcMon e amostra de dados"
outro,Motorista,Ger\Dados\Motorista.DB,EndMotorista,Endereco,cliente_ref,System.String,80,desconhecido,True,Paradox/BDE,identificador/vinculo,"validar em tela, ProcMon e amostra de dados"
outro,Motorista,Ger\Dados\Motorista.DB,CidMotorista,CidMotorista,outro,System.String,40,provavel,True,Paradox/BDE,outro,"validar em tela, ProcMon e amostra de dados"
outro,Motorista,Ger\Dados\Motorista.DB,EstMotorista,EstMotorista,outro,System.String,4,desconhecido,True,Paradox/BDE,outro,"validar em tela, ProcMon e amostra de dados"
auditoria_log,MovPecLavLog,Ger\Dados\MovPecLavLog.DB,Leitura,Leitura,outro,System.String,100,desconhecido,True,Paradox/BDE,outro,"validar em tela, ProcMon e amostra de dados"
auditoria_log,MovPecLavLog,Ger\Dados\MovPecLavLog.DB,DatLido,Data,data_hora,System.DateTime,8,provavel,True,Paradox/BDE,data_hora,"validar em tela, ProcMon e amostra de dados"
auditoria_log,MovPecLavLog,Ger\Dados\MovPecLavLog.DB,HorLido,HorLido,outro,System.DateTime,8,provavel,True,Paradox/BDE,outro,"validar em tela, ProcMon e amostra de dados"
auditoria_log,MovPecLavLog,Ger\Dados\MovPecLavLog.DB,CodErro,CodErro,id_codigo,System.String,6,provavel,True,Paradox/BDE,identificador/vinculo,"validar em tela, ProcMon e amostra de dados"
permissao_auth,Nivel,Ger\Dados\Nivel.DB,Tipo,Tipo,outro,System.String,6,desconhecido,True,Paradox/BDE,outro,"validar em tela, ProcMon e amostra de dados"
permissao_auth,Nivel,Ger\Dados\Nivel.DB,CodUsuario,CodUsuario,id_codigo,System.String,20,provavel,True,Paradox/BDE,identificador/vinculo,"validar em tela, ProcMon e amostra de dados"
permissao_auth,Nivel,Ger\Dados\Nivel.DB,CodFil,CodFil,id_codigo,System.String,10,provavel,True,Paradox/BDE,identificador/vinculo,"validar em tela, ProcMon e amostra de dados"
permissao_auth,Nivel,Ger\Dados\Nivel.DB,CodSistema,CodSistema,id_codigo,System.String,20,provavel,True,Paradox/BDE,identificador/vinculo,"validar em tela, ProcMon e amostra de dados"
permissao_auth,Nivel,Ger\Dados\Nivel.DB,Rotina,Rotina,outro,System.String,20,desconhecido,True,Paradox/BDE,outro,"validar em tela, ProcMon e amostra de dados"
permissao_auth,Nivel,Ger\Dados\Nivel.DB,Op,Op,outro,System.String,100,desconhecido,True,Paradox/BDE,outro,"validar em tela, ProcMon e amostra de dados"
permissao_auth,Nivel,Ger\Dados\Nivel.DB,NivelI,NivelI,outro,System.String,2,desconhecido,True,Paradox/BDE,outro,"validar em tela, ProcMon e amostra de dados"
permissao_auth,Nivel,Ger\Dados\Nivel.DB,NivelA,NivelA,outro,System.String,2,desconhecido,True,Paradox/BDE,outro,"validar em tela, ProcMon e amostra de dados"
permissao_auth,Nivel,Ger\Dados\Nivel.DB,NivelE,NivelE,outro,System.String,2,desconhecido,True,Paradox/BDE,outro,"validar em tela, ProcMon e amostra de dados"
permissao_auth,Nivel,Ger\Dados\Nivel.DB,NivelT,NivelT,outro,System.String,2,desconhecido,True,Paradox/BDE,outro,"validar em tela, ProcMon e amostra de dados"
permissao_auth,Nivel,Ger\Dados\Nivel.DB,DatCad,Data,data_hora,System.DateTime,8,desconhecido,True,Paradox/BDE,data_hora,"validar em tela, ProcMon e amostra de dados"
permissao_auth,Nivel,Ger\Dados\Nivel.DB,HorCad,HorCad,ordem_rol_ref,System.DateTime,8,desconhecido,True,Paradox/BDE,identificador/vinculo,"validar em tela, ProcMon e amostra de dados"
permissao_auth,Nivel,Ger\Dados\Nivel.DB,ResUsuario,ResUsuario,usuario_auditoria,System.String,20,desconhecido,True,Paradox/BDE,usuario_auditoria,"validar em tela, ProcMon e amostra de dados"
config_admin,NovoReg.BD,Ger\Dados\NovoReg.BD.DB,NovoReg,NovoReg,outro,System.String,2,desconhecido,True,Paradox/BDE,outro,"validar em tela, ProcMon e amostra de dados"
config_admin,NovoReg,Ger\Dados\NovoReg.DB,NovoReg,NovoReg,outro,System.String,2,desconhecido,True,Paradox/BDE,outro,"validar em tela, ProcMon e amostra de dados"
config_admin,NovoReg.db,Ger\Dados\NovoReg.db.DB,NovoReg,NovoReg,outro,System.String,2,desconhecido,True,Paradox/BDE,outro,"validar em tela, ProcMon e amostra de dados"
config_admin,NovoRegBD,Ger\Dados\NovoRegBD.DB,NovoReg,NovoReg,outro,System.String,2,desconhecido,True,Paradox/BDE,outro,"validar em tela, ProcMon e amostra de dados"
outro,PadLctoFin,Ger\Dados\PadLctoFin.DB,SeqFin,SeqFin,outro,System.Int32,4,desconhecido,True,Paradox/BDE,outro,"validar em tela, ProcMon e amostra de dados"
outro,PadLctoFin,Ger\Dados\PadLctoFin.DB,Histor,Histor,texto_observacao,System.String,200,desconhecido,True,Paradox/BDE,texto_observacao,"validar em tela, ProcMon e amostra de dados"
outro,PadLctoFin,Ger\Dados\PadLctoFin.DB,TipLan,TipLan,outro,System.String,2,desconhecido,True,Paradox/BDE,outro,"validar em tela, ProcMon e amostra de dados"
outro,PadLctoFin,Ger\Dados\PadLctoFin.DB,CodCla,CodCla,id_codigo,System.String,6,provavel,True,Paradox/BDE,identificador/vinculo,"validar em tela, ProcMon e amostra de dados"
outro,PadLctoFin,Ger\Dados\PadLctoFin.DB,CodSubC,CodSubC,id_codigo,System.String,6,provavel,True,Paradox/BDE,identificador/vinculo,"validar em tela, ProcMon e amostra de dados"
outro,PadLctoFin,Ger\Dados\PadLctoFin.DB,CodCenCus,CodCenCus,id_codigo,System.String,6,provavel,True,Paradox/BDE,identificador/vinculo,"validar em tela, ProcMon e amostra de dados"
outro,PadLctoFin,Ger\Dados\PadLctoFin.DB,CodUsuario,CodUsuario,id_codigo,System.String,20,provavel,True,Paradox/BDE,identificador/vinculo,"validar em tela, ProcMon e amostra de dados"
outro,PadLctoFin,Ger\Dados\PadLctoFin.DB,Cancelado,Celular,cliente_ref,System.String,2,desconhecido,True,Paradox/BDE,identificador/vinculo,"validar em tela, ProcMon e amostra de dados"
outro,PadLctoFin,Ger\Dados\PadLctoFin.DB,DatCan,Data,data_hora,System.DateTime,8,desconhecido,True,Paradox/BDE,data_hora,"validar em tela, ProcMon e amostra de dados"
outro,PadLctoFin,Ger\Dados\PadLctoFin.DB,MotivoCan,MotivoCan,texto_observacao,System.String,100,desconhecido,True,Paradox/BDE,texto_observacao,"validar em tela, ProcMon e amostra de dados"
outro,PadLctoFin,Ger\Dados\PadLctoFin.DB,CodFor,CodFor,id_codigo,System.String,20,provavel,True,Paradox/BDE,identificador/vinculo,"validar em tela, ProcMon e amostra de dados"
outro,PadLctoFin,Ger\Dados\PadLctoFin.DB,EmiRecibo,EmiRecibo,outro,System.String,2,desconhecido,True,Paradox/BDE,outro,"validar em tela, ProcMon e amostra de dados"
outro,ResCli,Ger\Dados\ResCli.DB,CodCli,Cliente,id_codigo,System.String,20,provavel,True,Paradox/BDE,identificador/vinculo,"validar em tela, ProcMon e amostra de dados"
outro,ResCli,Ger\Dados\ResCli.DB,CodPro,CodPro,id_codigo,System.String,10,provavel,True,Paradox/BDE,identificador/vinculo,"validar em tela, ProcMon e amostra de dados"
outro,ResCli,Ger\Dados\ResCli.DB,SeqResCli,SeqResCli,outro,System.Int32,4,desconhecido,True,Paradox/BDE,outro,"validar em tela, ProcMon e amostra de dados"
outro,ResCli,Ger\Dados\ResCli.DB,DesResPro,DesResPro,outro,System.String,100,desconhecido,True,Paradox/BDE,outro,"validar em tela, ProcMon e amostra de dados"
outro,ResCli,Ger\Dados\ResCli.DB,OrdemImp,OrdemImp,outro,System.Int32,4,desconhecido,True,Paradox/BDE,outro,"validar em tela, ProcMon e amostra de dados"
outro,Roteiros,Ger\Dados\Roteiros.DB,Roteiro,Roteiro,outro,System.String,10,desconhecido,True,Paradox/BDE,outro,"validar em tela, ProcMon e amostra de dados"
outro,Roteiros,Ger\Dados\Roteiros.DB,DesRoteiro,DesRoteiro,outro,System.String,100,desconhecido,True,Paradox/BDE,outro,"validar em tela, ProcMon e amostra de dados"
outro,Roteiros,Ger\Dados\Roteiros.DB,Valor,Valor,valor_monetario,System.String,18,provavel,True,Paradox/BDE,valor_monetario,"validar em tela, ProcMon e amostra de dados"
outro,Roteiros,Ger\Dados\Roteiros.DB,Cancelado,Celular,cliente_ref,System.String,2,desconhecido,True,Paradox/BDE,identificador/vinculo,"validar em tela, ProcMon e amostra de dados"
outro,Roteiros,Ger\Dados\Roteiros.DB,DatCan,Data,data_hora,System.DateTime,8,desconhecido,True,Paradox/BDE,data_hora,"validar em tela, ProcMon e amostra de dados"
outro,Roteiros,Ger\Dados\Roteiros.DB,MotivoCan,MotivoCan,texto_observacao,System.String,100,desconhecido,True,Paradox/BDE,texto_observacao,"validar em tela, ProcMon e amostra de dados"
outro,Roteiros,Ger\Dados\Roteiros.DB,CodAp,CodAp,id_codigo,System.Int32,4,provavel,True,Paradox/BDE,identificador/vinculo,"validar em tela, ProcMon e amostra de dados"
permissao_auth,Senhas,Ger\Dados\Senhas.DB,CodUsuario,CodUsuario,id_codigo,System.String,20,provavel,True,Paradox/BDE,identificador/vinculo,"validar em tela, ProcMon e amostra de dados"
permissao_auth,Senhas,Ger\Dados\Senhas.DB,Sistema,Sistema,outro,System.String,8,desconhecido,True,Paradox/BDE,outro,"validar em tela, ProcMon e amostra de dados"
permissao_auth,Senhas,Ger\Dados\Senhas.DB,OpcMenu,OpcMenu,outro,System.String,80,desconhecido,True,Paradox/BDE,outro,"validar em tela, ProcMon e amostra de dados"
outro,TelCont,Ger\Dados\TelCont.DB,NumTel,Telefone,id_codigo,System.String,30,provavel,True,Paradox/BDE,identificador/vinculo,"validar em tela, ProcMon e amostra de dados"
outro,TelCont,Ger\Dados\TelCont.DB,TipSat,TipSat,fiscal_documento,System.String,2,desconhecido,True,Paradox/BDE,fiscal_documento,"validar em tela, ProcMon e amostra de dados"
outro,TelCont,Ger\Dados\TelCont.DB,CodCad,CodCad,id_codigo,System.String,20,provavel,True,Paradox/BDE,identificador/vinculo,"validar em tela, ProcMon e amostra de dados"
outro,TelCont,Ger\Dados\TelCont.DB,Contato,Contato,outro,System.String,40,desconhecido,True,Paradox/BDE,outro,"validar em tela, ProcMon e amostra de dados"
outro,TelCont,Ger\Dados\TelCont.DB,Obs,Obs,texto_observacao,System.String,100,desconhecido,True,Paradox/BDE,texto_observacao,"validar em tela, ProcMon e amostra de dados"
config_admin,TelFilial,Ger\Dados\TelFilial.DB,NumTel,Telefone,id_codigo,System.String,30,provavel,True,Paradox/BDE,identificador/vinculo,"validar em tela, ProcMon e amostra de dados"
config_admin,TelFilial,Ger\Dados\TelFilial.DB,Finalidade,Finalidade,outro,System.String,60,provavel,True,Paradox/BDE,outro,"validar em tela, ProcMon e amostra de dados"
config_admin,TelFilial,Ger\Dados\TelFilial.DB,DiaVen,DiaVen,outro,System.Int32,4,desconhecido,True,Paradox/BDE,outro,"validar em tela, ProcMon e amostra de dados"
config_admin,TelFilial,Ger\Dados\TelFilial.DB,EmNome,Nome,texto_observacao,System.String,60,provavel,True,Paradox/BDE,texto_observacao,"validar em tela, ProcMon e amostra de dados"
outro,TipFil,Ger\Dados\TipFil.DB,CodTipFil,CodTipFil,id_codigo,System.String,6,provavel,True,Paradox/BDE,identificador/vinculo,"validar em tela, ProcMon e amostra de dados"
outro,TipFil,Ger\Dados\TipFil.DB,DesTipFil,DesTipFil,outro,System.String,40,desconhecido,True,Paradox/BDE,outro,"validar em tela, ProcMon e amostra de dados"
outro,TipFil,Ger\Dados\TipFil.DB,ObsTipFil,ObsTipFil,texto_observacao,System.String,80,desconhecido,True,Paradox/BDE,texto_observacao,"validar em tela, ProcMon e amostra de dados"
outro,TipFil,Ger\Dados\TipFil.DB,Cancelado,Celular,cliente_ref,System.String,2,desconhecido,True,Paradox/BDE,identificador/vinculo,"validar em tela, ProcMon e amostra de dados"
outro,TipFil,Ger\Dados\TipFil.DB,DatCan,Data,data_hora,System.DateTime,8,desconhecido,True,Paradox/BDE,data_hora,"validar em tela, ProcMon e amostra de dados"
outro,TipFil,Ger\Dados\TipFil.DB,MotivoCan,MotivoCan,texto_observacao,System.String,100,desconhecido,True,Paradox/BDE,texto_observacao,"validar em tela, ProcMon e amostra de dados"
outro,TipoExped,Ger\Dados\TipoExped.DB,CodExped,CodExped,id_codigo,System.String,2,provavel,True,Paradox/BDE,identificador/vinculo,"validar em tela, ProcMon e amostra de dados"
outro,TipoExped,Ger\Dados\TipoExped.DB,DesExped,DesExped,outro,System.String,60,desconhecido,True,Paradox/BDE,outro,"validar em tela, ProcMon e amostra de dados"
outro,Transp,Ger\Dados\Transp.DB,CodTransp,CodTransp,id_codigo,System.String,6,provavel,True,Paradox/BDE,identificador/vinculo,"validar em tela, ProcMon e amostra de dados"
outro,Transp,Ger\Dados\Transp.DB,NomTransp,NomTransp,outro,System.String,80,desconhecido,True,Paradox/BDE,outro,"validar em tela, ProcMon e amostra de dados"
outro,Transp,Ger\Dados\Transp.DB,EndTransp,Endereco,cliente_ref,System.String,80,desconhecido,True,Paradox/BDE,identificador/vinculo,"validar em tela, ProcMon e amostra de dados"
outro,Transp,Ger\Dados\Transp.DB,CidTransp,CidTransp,data_hora,System.String,40,provavel,True,Paradox/BDE,data_hora,"validar em tela, ProcMon e amostra de dados"
outro,Transp,Ger\Dados\Transp.DB,EstTransp,EstTransp,outro,System.String,4,desconhecido,True,Paradox/BDE,outro,"validar em tela, ProcMon e amostra de dados"
outro,Transp,Ger\Dados\Transp.DB,TelTransp,Telefone,cliente_ref,System.String,30,desconhecido,True,Paradox/BDE,identificador/vinculo,"validar em tela, ProcMon e amostra de dados"
outro,Transp,Ger\Dados\Transp.DB,Contato,Contato,outro,System.String,40,desconhecido,True,Paradox/BDE,outro,"validar em tela, ProcMon e amostra de dados"
outro,Transp,Ger\Dados\Transp.DB,Placa,Placa,outro,System.String,20,desconhecido,True,Paradox/BDE,outro,"validar em tela, ProcMon e amostra de dados"
outro,Transp,Ger\Dados\Transp.DB,Grupo,Grupo,outro,System.String,10,desconhecido,True,Paradox/BDE,outro,"validar em tela, ProcMon e amostra de dados"
outro,Transp,Ger\Dados\Transp.DB,FreteConta,FreteConta,outro,System.String,2,desconhecido,True,Paradox/BDE,outro,"validar em tela, ProcMon e amostra de dados"
outro,Transp,Ger\Dados\Transp.DB,CGC,CGC,outro,System.String,24,desconhecido,True,Paradox/BDE,outro,"validar em tela, ProcMon e amostra de dados"
outro,Transp,Ger\Dados\Transp.DB,DIG,DIG,outro,System.String,4,desconhecido,True,Paradox/BDE,outro,"validar em tela, ProcMon e amostra de dados"
outro,Transp,Ger\Dados\Transp.DB,INSCEST,INSCEST,outro,System.String,30,desconhecido,True,Paradox/BDE,outro,"validar em tela, ProcMon e amostra de dados"
permissao_auth,UsuaFil,Ger\Dados\UsuaFil.DB,CodUsuario,CodUsuario,id_codigo,System.String,20,provavel,True,Paradox/BDE,identificador/vinculo,"validar em tela, ProcMon e amostra de dados"
permissao_auth,UsuaFil,Ger\Dados\UsuaFil.DB,CodFil,CodFil,id_codigo,System.String,10,provavel,True,Paradox/BDE,identificador/vinculo,"validar em tela, ProcMon e amostra de dados"
permissao_auth,UsuaFil,Ger\Dados\UsuaFil.DB,Status,Status,status_situacao,System.String,2,desconhecido,True,Paradox/BDE,status_situacao,"validar em tela, ProcMon e amostra de dados"
permissao_auth,UsuaGru,Ger\Dados\UsuaGru.DB,CodUsuaGru,CodUsuaGru,id_codigo,System.String,10,provavel,True,Paradox/BDE,identificador/vinculo,"validar em tela, ProcMon e amostra de dados"
permissao_auth,UsuaGru,Ger\Dados\UsuaGru.DB,DesUsuaGru,DesUsuaGru,usuario_auditoria,System.String,60,desconhecido,True,Paradox/BDE,usuario_auditoria,"validar em tela, ProcMon e amostra de dados"
permissao_auth,UsuaGru,Ger\Dados\UsuaGru.DB,Obs,Obs,texto_observacao,System.String,200,desconhecido,True,Paradox/BDE,texto_observacao,"validar em tela, ProcMon e amostra de dados"
permissao_auth,UsuaGru,Ger\Dados\UsuaGru.DB,Cancelado,Celular,cliente_ref,System.String,2,desconhecido,True,Paradox/BDE,identificador/vinculo,"validar em tela, ProcMon e amostra de dados"
permissao_auth,UsuaGru,Ger\Dados\UsuaGru.DB,DatCan,Data,data_hora,System.DateTime,8,desconhecido,True,Paradox/BDE,data_hora,"validar em tela, ProcMon e amostra de dados"
permissao_auth,UsuaGru,Ger\Dados\UsuaGru.DB,MotivoCan,MotivoCan,texto_observacao,System.String,100,desconhecido,True,Paradox/BDE,texto_observacao,"validar em tela, ProcMon e amostra de dados"
permissao_auth,UsuaGruInt,Ger\Dados\UsuaGruInt.DB,CodUsuaGru,CodUsuaGru,id_codigo,System.String,10,provavel,True,Paradox/BDE,identificador/vinculo,"validar em tela, ProcMon e amostra de dados"
permissao_auth,UsuaGruInt,Ger\Dados\UsuaGruInt.DB,CodUsuario,CodUsuario,id_codigo,System.String,20,provavel,True,Paradox/BDE,identificador/vinculo,"validar em tela, ProcMon e amostra de dados"
permissao_auth,UsuaGruInt,Ger\Dados\UsuaGruInt.DB,DatCad,Data,data_hora,System.DateTime,8,desconhecido,True,Paradox/BDE,data_hora,"validar em tela, ProcMon e amostra de dados"
permissao_auth,UsuaGruInt,Ger\Dados\UsuaGruInt.DB,Sit,Sit,status_situacao,System.String,2,desconhecido,True,Paradox/BDE,status_situacao,"validar em tela, ProcMon e amostra de dados"
permissao_auth,Usuarios,Ger\Dados\Usuarios.DB,CodUsuario,CodUsuario,id_codigo,System.String,20,provavel,True,Paradox/BDE,identificador/vinculo,"validar em tela, ProcMon e amostra de dados"
permissao_auth,Usuarios,Ger\Dados\Usuarios.DB,NomUsuario,NomUsuario,usuario_auditoria,System.String,60,desconhecido,True,Paradox/BDE,usuario_auditoria,"validar em tela, ProcMon e amostra de dados"
permissao_auth,Usuarios,Ger\Dados\Usuarios.DB,GruUsuario,GruUsuario,usuario_auditoria,System.String,10,desconhecido,True,Paradox/BDE,usuario_auditoria,"validar em tela, ProcMon e amostra de dados"
permissao_auth,Usuarios,Ger\Dados\Usuarios.DB,TipUsuario,TipUsuario,usuario_auditoria,System.String,2,desconhecido,True,Paradox/BDE,usuario_auditoria,"validar em tela, ProcMon e amostra de dados"
permissao_auth,Usuarios,Ger\Dados\Usuarios.DB,Senha,Senha,outro,System.String,10,desconhecido,True,Paradox/BDE,outro,"validar em tela, ProcMon e amostra de dados"
permissao_auth,Usuarios,Ger\Dados\Usuarios.DB,DatCad,Data,data_hora,System.DateTime,8,desconhecido,True,Paradox/BDE,data_hora,"validar em tela, ProcMon e amostra de dados"
permissao_auth,Usuarios,Ger\Dados\Usuarios.DB,Cancelado,Celular,cliente_ref,System.String,2,desconhecido,True,Paradox/BDE,identificador/vinculo,"validar em tela, ProcMon e amostra de dados"
permissao_auth,Usuarios,Ger\Dados\Usuarios.DB,DatCan,Data,data_hora,System.DateTime,8,desconhecido,True,Paradox/BDE,data_hora,"validar em tela, ProcMon e amostra de dados"
permissao_auth,Usuarios,Ger\Dados\Usuarios.DB,UsuarioCan,UsuarioCan,usuario_auditoria,System.String,20,desconhecido,True,Paradox/BDE,usuario_auditoria,"validar em tela, ProcMon e amostra de dados"
permissao_auth,Usuarios,Ger\Dados\Usuarios.DB,MotivoCan,MotivoCan,texto_observacao,System.String,100,desconhecido,True,Paradox/BDE,texto_observacao,"validar em tela, ProcMon e amostra de dados"
permissao_auth,Usuarios,Ger\Dados\Usuarios.DB,HorCan,HorCan,ordem_rol_ref,System.DateTime,8,desconhecido,True,Paradox/BDE,identificador/vinculo,"validar em tela, ProcMon e amostra de dados"
permissao_auth,Usuarios,Ger\Dados\Usuarios.DB,CopUsuario,CopUsuario,usuario_auditoria,System.String,20,desconhecido,True,Paradox/BDE,usuario_auditoria,"validar em tela, ProcMon e amostra de dados"
permissao_auth,Usuarios,Ger\Dados\Usuarios.DB,email,E-mail,cliente_ref,System.String,400,desconhecido,True,Paradox/BDE,identificador/vinculo,"validar em tela, ProcMon e amostra de dados"
permissao_auth,Usuarios,Ger\Dados\Usuarios.DB,CodSubC,CodSubC,id_codigo,System.String,6,provavel,True,Paradox/BDE,identificador/vinculo,"validar em tela, ProcMon e amostra de dados"
permissao_auth,UsuaSis,Ger\Dados\UsuaSis.DB,CodUsuario,CodUsuario,id_codigo,System.String,20,provavel,True,Paradox/BDE,identificador/vinculo,"validar em tela, ProcMon e amostra de dados"
permissao_auth,UsuaSis,Ger\Dados\UsuaSis.DB,CodSistema,CodSistema,id_codigo,System.String,20,provavel,True,Paradox/BDE,identificador/vinculo,"validar em tela, ProcMon e amostra de dados"
permissao_auth,UsuaSis,Ger\Dados\UsuaSis.DB,Status,Status,status_situacao,System.String,2,desconhecido,True,Paradox/BDE,status_situacao,"validar em tela, ProcMon e amostra de dados"
outro,Veiculo,Ger\Dados\Veiculo.DB,Placa,Placa,outro,System.String,16,desconhecido,True,Paradox/BDE,outro,"validar em tela, ProcMon e amostra de dados"
outro,Veiculo,Ger\Dados\Veiculo.DB,Modelo,Modelo,produto_ref,System.String,20,desconhecido,True,Paradox/BDE,identificador/vinculo,"validar em tela, ProcMon e amostra de dados"
outro,Veiculo,Ger\Dados\Veiculo.DB,CodMotorista,CodMotorista,id_codigo,System.String,10,provavel,True,Paradox/BDE,identificador/vinculo,"validar em tela, ProcMon e amostra de dados"
outro,Veiculo,Ger\Dados\Veiculo.DB,Kilometragem,Kilometragem,outro,System.Int32,4,desconhecido,True,Paradox/BDE,outro,"validar em tela, ProcMon e amostra de dados"
config_admin,CadCai,Ger\Filial\CadCai.DB,SeqCai,SeqCai,outro,System.Int32,4,desconhecido,True,Paradox/BDE,outro,"validar em tela, ProcMon e amostra de dados"
config_admin,CadCai,Ger\Filial\CadCai.DB,Histor,Histor,texto_observacao,System.String,200,desconhecido,True,Paradox/BDE,texto_observacao,"validar em tela, ProcMon e amostra de dados"
config_admin,CadCai,Ger\Filial\CadCai.DB,DatLan,Data,data_hora,System.DateTime,8,desconhecido,True,Paradox/BDE,data_hora,"validar em tela, ProcMon e amostra de dados"
config_admin,CadCai,Ger\Filial\CadCai.DB,ValCai,ValCai,outro,System.Double,8,desconhecido,True,Paradox/BDE,outro,"validar em tela, ProcMon e amostra de dados"
config_admin,CadCai,Ger\Filial\CadCai.DB,TipLan,TipLan,outro,System.String,2,desconhecido,True,Paradox/BDE,outro,"validar em tela, ProcMon e amostra de dados"
config_admin,CadCai,Ger\Filial\CadCai.DB,CodCla,CodCla,id_codigo,System.String,6,provavel,True,Paradox/BDE,identificador/vinculo,"validar em tela, ProcMon e amostra de dados"
config_admin,CadCai,Ger\Filial\CadCai.DB,CodSubC,CodSubC,id_codigo,System.String,6,provavel,True,Paradox/BDE,identificador/vinculo,"validar em tela, ProcMon e amostra de dados"
config_admin,CadCai,Ger\Filial\CadCai.DB,SeqDes,SeqDes,outro,System.Int32,4,desconhecido,True,Paradox/BDE,outro,"validar em tela, ProcMon e amostra de dados"
config_admin,CadCai,Ger\Filial\CadCai.DB,TipOpe,TipOpe,outro,System.String,4,desconhecido,True,Paradox/BDE,outro,"validar em tela, ProcMon e amostra de dados"
config_admin,CadCai,Ger\Filial\CadCai.DB,CodOpe,CodOpe,id_codigo,System.Int32,4,provavel,True,Paradox/BDE,identificador/vinculo,"validar em tela, ProcMon e amostra de dados"
config_admin,CadCai,Ger\Filial\CadCai.DB,CodUsuario,CodUsuario,id_codigo,System.String,20,provavel,True,Paradox/BDE,identificador/vinculo,"validar em tela, ProcMon e amostra de dados"
config_admin,CadCai,Ger\Filial\CadCai.DB,SeqBan,SeqBan,outro,System.Int32,4,desconhecido,True,Paradox/BDE,outro,"validar em tela, ProcMon e amostra de dados"
config_admin,CadCai,Ger\Filial\CadCai.DB,NumBan,NumBan,id_codigo,System.String,20,provavel,True,Paradox/BDE,identificador/vinculo,"validar em tela, ProcMon e amostra de dados"
config_admin,CadCai,Ger\Filial\CadCai.DB,CodCenCus,CodCenCus,id_codigo,System.String,6,provavel,True,Paradox/BDE,identificador/vinculo,"validar em tela, ProcMon e amostra de dados"
config_admin,CadCai,Ger\Filial\CadCai.DB,CodClaProj,CodClaProj,id_codigo,System.String,10,provavel,True,Paradox/BDE,identificador/vinculo,"validar em tela, ProcMon e amostra de dados"
config_admin,CadCai,Ger\Filial\CadCai.DB,CodUnid,CodUnid,id_codigo,System.String,10,provavel,True,Paradox/BDE,identificador/vinculo,"validar em tela, ProcMon e amostra de dados"
config_admin,CadCai,Ger\Filial\CadCai.DB,HorLan,HorLan,outro,System.DateTime,8,desconhecido,True,Paradox/BDE,outro,"validar em tela, ProcMon e amostra de dados"
config_admin,CadDes,Ger\Filial\CadDes.DB,SeqDes,SeqDes,outro,System.Int32,4,desconhecido,True,Paradox/BDE,outro,"validar em tela, ProcMon e amostra de dados"
config_admin,CadDes,Ger\Filial\CadDes.DB,Histor,Histor,texto_observacao,System.String,100,desconhecido,True,Paradox/BDE,texto_observacao,"validar em tela, ProcMon e amostra de dados"
config_admin,CadDes,Ger\Filial\CadDes.DB,DatLan,Data,data_hora,System.DateTime,8,desconhecido,True,Paradox/BDE,data_hora,"validar em tela, ProcMon e amostra de dados"
config_admin,CadDes,Ger\Filial\CadDes.DB,ValDes,ValDes,outro,System.Double,8,desconhecido,True,Paradox/BDE,outro,"validar em tela, ProcMon e amostra de dados"
config_admin,CadDes,Ger\Filial\CadDes.DB,TipLan,TipLan,outro,System.String,2,desconhecido,True,Paradox/BDE,outro,"validar em tela, ProcMon e amostra de dados"
config_admin,CadDes,Ger\Filial\CadDes.DB,SeqCai,SeqCai,outro,System.Int32,4,desconhecido,True,Paradox/BDE,outro,"validar em tela, ProcMon e amostra de dados"
config_admin,CadDes,Ger\Filial\CadDes.DB,CodCla,CodCla,id_codigo,System.String,6,provavel,True,Paradox/BDE,identificador/vinculo,"validar em tela, ProcMon e amostra de dados"
config_admin,CadDes,Ger\Filial\CadDes.DB,CodSubC,CodSubC,id_codigo,System.String,6,provavel,True,Paradox/BDE,identificador/vinculo,"validar em tela, ProcMon e amostra de dados"
config_admin,CadDes,Ger\Filial\CadDes.DB,FixLan,FixLan,outro,System.String,2,desconhecido,True,Paradox/BDE,outro,"validar em tela, ProcMon e amostra de dados"
config_admin,CadDes,Ger\Filial\CadDes.DB,CodCenCus,CodCenCus,id_codigo,System.String,6,provavel,True,Paradox/BDE,identificador/vinculo,"validar em tela, ProcMon e amostra de dados"
config_admin,CadMaq,Ger\Filial\CadMaq.DB,CodMaq,CodMaq,id_codigo,System.String,10,provavel,True,Paradox/BDE,identificador/vinculo,"validar em tela, ProcMon e amostra de dados"
config_admin,CadMaq,Ger\Filial\CadMaq.DB,DesMaq,DesMaq,outro,System.String,60,desconhecido,True,Paradox/BDE,outro,"validar em tela, ProcMon e amostra de dados"
config_admin,CadMaq,Ger\Filial\CadMaq.DB,Cancelado,Celular,cliente_ref,System.String,2,desconhecido,True,Paradox/BDE,identificador/vinculo,"validar em tela, ProcMon e amostra de dados"
config_admin,CadMaq,Ger\Filial\CadMaq.DB,DatCan,Data,data_hora,System.DateTime,8,desconhecido,True,Paradox/BDE,data_hora,"validar em tela, ProcMon e amostra de dados"
config_admin,CadMaq,Ger\Filial\CadMaq.DB,MotivoCan,MotivoCan,texto_observacao,System.String,100,desconhecido,True,Paradox/BDE,texto_observacao,"validar em tela, ProcMon e amostra de dados"
config_admin,CadMaq,Ger\Filial\CadMaq.DB,Obs,Obs,texto_observacao,System.String,100,desconhecido,True,Paradox/BDE,texto_observacao,"validar em tela, ProcMon e amostra de dados"
config_admin,Cheque1,Ger\Filial\Cheque1.DB,Banco,Banco,outro,System.String,20,desconhecido,True,Paradox/BDE,outro,"validar em tela, ProcMon e amostra de dados"
config_admin,Cheque1,Ger\Filial\Cheque1.DB,NumChe,NumChe,id_codigo,System.Int32,4,provavel,True,Paradox/BDE,identificador/vinculo,"validar em tela, ProcMon e amostra de dados"
config_admin,Cheque1,Ger\Filial\Cheque1.DB,TipChe,TipChe,outro,System.String,2,desconhecido,True,Paradox/BDE,outro,"validar em tela, ProcMon e amostra de dados"
config_admin,Cheque1,Ger\Filial\Cheque1.DB,ValChe,ValChe,outro,System.Double,8,desconhecido,True,Paradox/BDE,outro,"validar em tela, ProcMon e amostra de dados"
config_admin,Cheque1,Ger\Filial\Cheque1.DB,SeqLan,SeqLan,outro,System.Int32,4,desconhecido,True,Paradox/BDE,outro,"validar em tela, ProcMon e amostra de dados"
config_admin,Cheque1,Ger\Filial\Cheque1.DB,ChePre,ChePre,outro,System.String,2,desconhecido,True,Paradox/BDE,outro,"validar em tela, ProcMon e amostra de dados"
config_admin,Cheque1,Ger\Filial\Cheque1.DB,DatChe,Data,data_hora,System.DateTime,8,desconhecido,True,Paradox/BDE,data_hora,"validar em tela, ProcMon e amostra de dados"
config_admin,Cheque1,Ger\Filial\Cheque1.DB,Cancelado,Celular,cliente_ref,System.String,2,desconhecido,True,Paradox/BDE,identificador/vinculo,"validar em tela, ProcMon e amostra de dados"
config_admin,Cheque1,Ger\Filial\Cheque1.DB,MotivoCanc,MotivoCanc,texto_observacao,System.String,60,desconhecido,True,Paradox/BDE,texto_observacao,"validar em tela, ProcMon e amostra de dados"
config_admin,Cheque1,Ger\Filial\Cheque1.DB,DatCanc,Data,data_hora,System.DateTime,8,desconhecido,True,Paradox/BDE,data_hora,"validar em tela, ProcMon e amostra de dados"
config_admin,Cheque1,Ger\Filial\Cheque1.DB,SeqLanPar,SeqLanPar,outro,System.Int32,4,desconhecido,True,Paradox/BDE,outro,"validar em tela, ProcMon e amostra de dados"
config_admin,Cheque1,Ger\Filial\Cheque1.DB,Nominal,Nominal,outro,System.String,80,desconhecido,True,Paradox/BDE,outro,"validar em tela, ProcMon e amostra de dados"
config_admin,Cheque1,Ger\Filial\Cheque1.DB,DatChePre,Data,data_hora,System.DateTime,8,desconhecido,True,Paradox/BDE,data_hora,"validar em tela, ProcMon e amostra de dados"
config_admin,Cheque1,Ger\Filial\Cheque1.DB,UsuarioChe,UsuarioChe,usuario_auditoria,System.String,20,desconhecido,True,Paradox/BDE,usuario_auditoria,"validar em tela, ProcMon e amostra de dados"
config_admin,Cheque1Comp,Ger\Filial\Cheque1Comp.DB,NumChe,NumChe,id_codigo,System.Int32,4,provavel,True,Paradox/BDE,identificador/vinculo,"validar em tela, ProcMon e amostra de dados"
config_admin,Cheque1Comp,Ger\Filial\Cheque1Comp.DB,SeqChe,SeqChe,outro,System.Int32,4,desconhecido,True,Paradox/BDE,outro,"validar em tela, ProcMon e amostra de dados"
config_admin,Cheque1Comp,Ger\Filial\Cheque1Comp.DB,NumTit,NumTit,id_codigo,System.Int32,4,provavel,True,Paradox/BDE,identificador/vinculo,"validar em tela, ProcMon e amostra de dados"
config_admin,Cheque1Comp,Ger\Filial\Cheque1Comp.DB,Seq,Seq,outro,System.Int32,4,desconhecido,True,Paradox/BDE,outro,"validar em tela, ProcMon e amostra de dados"
config_admin,Cheque1Comp,Ger\Filial\Cheque1Comp.DB,CodFor,CodFor,id_codigo,System.String,20,provavel,True,Paradox/BDE,identificador/vinculo,"validar em tela, ProcMon e amostra de dados"
config_admin,Cheque1Comp,Ger\Filial\Cheque1Comp.DB,CodCla,CodCla,id_codigo,System.String,6,provavel,True,Paradox/BDE,identificador/vinculo,"validar em tela, ProcMon e amostra de dados"
config_admin,Cheque1Comp,Ger\Filial\Cheque1Comp.DB,CodSubC,CodSubC,id_codigo,System.String,6,provavel,True,Paradox/BDE,identificador/vinculo,"validar em tela, ProcMon e amostra de dados"
config_admin,Cheque1Comp,Ger\Filial\Cheque1Comp.DB,ValTit,ValTit,data_hora,System.Double,8,desconhecido,True,Paradox/BDE,data_hora,"validar em tela, ProcMon e amostra de dados"
config_admin,Cheque1Comp,Ger\Filial\Cheque1Comp.DB,Obs,Obs,texto_observacao,System.String,100,desconhecido,True,Paradox/BDE,texto_observacao,"validar em tela, ProcMon e amostra de dados"
config_admin,Cheque1Comp,Ger\Filial\Cheque1Comp.DB,CodFil,CodFil,id_codigo,System.String,10,provavel,True,Paradox/BDE,identificador/vinculo,"validar em tela, ProcMon e amostra de dados"
config_admin,Cheque1Comp,Ger\Filial\Cheque1Comp.DB,CodCenCus,CodCenCus,id_codigo,System.String,6,provavel,True,Paradox/BDE,identificador/vinculo,"validar em tela, ProcMon e amostra de dados"
config_admin,Cheque2,Ger\Filial\Cheque2.DB,Banco,Banco,outro,System.String,20,desconhecido,True,Paradox/BDE,outro,"validar em tela, ProcMon e amostra de dados"
config_admin,Cheque2,Ger\Filial\Cheque2.DB,NumChe,NumChe,id_codigo,System.Int32,4,provavel,True,Paradox/BDE,identificador/vinculo,"validar em tela, ProcMon e amostra de dados"
config_admin,Cheque2,Ger\Filial\Cheque2.DB,TipChe,TipChe,outro,System.String,2,desconhecido,True,Paradox/BDE,outro,"validar em tela, ProcMon e amostra de dados"
config_admin,Cheque2,Ger\Filial\Cheque2.DB,ValChe,ValChe,outro,System.Double,8,desconhecido,True,Paradox/BDE,outro,"validar em tela, ProcMon e amostra de dados"
config_admin,Cheque2,Ger\Filial\Cheque2.DB,SeqLan,SeqLan,outro,System.Int32,4,desconhecido,True,Paradox/BDE,outro,"validar em tela, ProcMon e amostra de dados"
config_admin,Cheque2,Ger\Filial\Cheque2.DB,ChePre,ChePre,outro,System.String,2,desconhecido,True,Paradox/BDE,outro,"validar em tela, ProcMon e amostra de dados"
config_admin,Cheque2,Ger\Filial\Cheque2.DB,DatChe,Data,data_hora,System.DateTime,8,desconhecido,True,Paradox/BDE,data_hora,"validar em tela, ProcMon e amostra de dados"
config_admin,Cheque2,Ger\Filial\Cheque2.DB,Cancelado,Celular,cliente_ref,System.String,2,desconhecido,True,Paradox/BDE,identificador/vinculo,"validar em tela, ProcMon e amostra de dados"
config_admin,Cheque2,Ger\Filial\Cheque2.DB,MotivoCanc,MotivoCanc,texto_observacao,System.String,60,desconhecido,True,Paradox/BDE,texto_observacao,"validar em tela, ProcMon e amostra de dados"
config_admin,Cheque2,Ger\Filial\Cheque2.DB,DatCanc,Data,data_hora,System.DateTime,8,desconhecido,True,Paradox/BDE,data_hora,"validar em tela, ProcMon e amostra de dados"
config_admin,Cheque2,Ger\Filial\Cheque2.DB,SeqLanPar,SeqLanPar,outro,System.Int32,4,desconhecido,True,Paradox/BDE,outro,"validar em tela, ProcMon e amostra de dados"
config_admin,Cheque2,Ger\Filial\Cheque2.DB,Nominal,Nominal,outro,System.String,80,desconhecido,True,Paradox/BDE,outro,"validar em tela, ProcMon e amostra de dados"
config_admin,Cheque2,Ger\Filial\Cheque2.DB,DatChePre,Data,data_hora,System.DateTime,8,desconhecido,True,Paradox/BDE,data_hora,"validar em tela, ProcMon e amostra de dados"
config_admin,Cheque2,Ger\Filial\Cheque2.DB,UsuarioChe,UsuarioChe,usuario_auditoria,System.String,20,desconhecido,True,Paradox/BDE,usuario_auditoria,"validar em tela, ProcMon e amostra de dados"
config_admin,Cheque2Comp,Ger\Filial\Cheque2Comp.DB,NumChe,NumChe,id_codigo,System.Int32,4,provavel,True,Paradox/BDE,identificador/vinculo,"validar em tela, ProcMon e amostra de dados"
config_admin,Cheque2Comp,Ger\Filial\Cheque2Comp.DB,SeqChe,SeqChe,outro,System.Int32,4,desconhecido,True,Paradox/BDE,outro,"validar em tela, ProcMon e amostra de dados"
config_admin,Cheque2Comp,Ger\Filial\Cheque2Comp.DB,NumTit,NumTit,id_codigo,System.Int32,4,provavel,True,Paradox/BDE,identificador/vinculo,"validar em tela, ProcMon e amostra de dados"
config_admin,Cheque2Comp,Ger\Filial\Cheque2Comp.DB,Seq,Seq,outro,System.Int32,4,desconhecido,True,Paradox/BDE,outro,"validar em tela, ProcMon e amostra de dados"
config_admin,Cheque2Comp,Ger\Filial\Cheque2Comp.DB,CodFor,CodFor,id_codigo,System.String,20,provavel,True,Paradox/BDE,identificador/vinculo,"validar em tela, ProcMon e amostra de dados"
config_admin,Cheque2Comp,Ger\Filial\Cheque2Comp.DB,CodCla,CodCla,id_codigo,System.String,6,provavel,True,Paradox/BDE,identificador/vinculo,"validar em tela, ProcMon e amostra de dados"
config_admin,Cheque2Comp,Ger\Filial\Cheque2Comp.DB,CodSubC,CodSubC,id_codigo,System.String,6,provavel,True,Paradox/BDE,identificador/vinculo,"validar em tela, ProcMon e amostra de dados"
config_admin,Cheque2Comp,Ger\Filial\Cheque2Comp.DB,ValTit,ValTit,data_hora,System.Double,8,desconhecido,True,Paradox/BDE,data_hora,"validar em tela, ProcMon e amostra de dados"
config_admin,Cheque2Comp,Ger\Filial\Cheque2Comp.DB,Obs,Obs,texto_observacao,System.String,100,desconhecido,True,Paradox/BDE,texto_observacao,"validar em tela, ProcMon e amostra de dados"
config_admin,Cheque2Comp,Ger\Filial\Cheque2Comp.DB,CodFil,CodFil,id_codigo,System.String,10,provavel,True,Paradox/BDE,identificador/vinculo,"validar em tela, ProcMon e amostra de dados"
config_admin,Cheque2Comp,Ger\Filial\Cheque2Comp.DB,CodCenCus,CodCenCus,id_codigo,System.String,6,provavel,True,Paradox/BDE,identificador/vinculo,"validar em tela, ProcMon e amostra de dados"
config_admin,Cheque3,Ger\Filial\Cheque3.DB,Banco,Banco,outro,System.String,20,desconhecido,True,Paradox/BDE,outro,"validar em tela, ProcMon e amostra de dados"
config_admin,Cheque3,Ger\Filial\Cheque3.DB,NumChe,NumChe,id_codigo,System.Int32,4,provavel,True,Paradox/BDE,identificador/vinculo,"validar em tela, ProcMon e amostra de dados"
config_admin,Cheque3,Ger\Filial\Cheque3.DB,TipChe,TipChe,outro,System.String,2,desconhecido,True,Paradox/BDE,outro,"validar em tela, ProcMon e amostra de dados"
config_admin,Cheque3,Ger\Filial\Cheque3.DB,ValChe,ValChe,outro,System.Double,8,desconhecido,True,Paradox/BDE,outro,"validar em tela, ProcMon e amostra de dados"
config_admin,Cheque3,Ger\Filial\Cheque3.DB,SeqLan,SeqLan,outro,System.Int32,4,desconhecido,True,Paradox/BDE,outro,"validar em tela, ProcMon e amostra de dados"
config_admin,Cheque3,Ger\Filial\Cheque3.DB,ChePre,ChePre,outro,System.String,2,desconhecido,True,Paradox/BDE,outro,"validar em tela, ProcMon e amostra de dados"
config_admin,Cheque3,Ger\Filial\Cheque3.DB,DatChe,Data,data_hora,System.DateTime,8,desconhecido,True,Paradox/BDE,data_hora,"validar em tela, ProcMon e amostra de dados"
config_admin,Cheque3,Ger\Filial\Cheque3.DB,Cancelado,Celular,cliente_ref,System.String,2,desconhecido,True,Paradox/BDE,identificador/vinculo,"validar em tela, ProcMon e amostra de dados"
config_admin,Cheque3,Ger\Filial\Cheque3.DB,MotivoCanc,MotivoCanc,texto_observacao,System.String,60,desconhecido,True,Paradox/BDE,texto_observacao,"validar em tela, ProcMon e amostra de dados"
config_admin,Cheque3,Ger\Filial\Cheque3.DB,DatCanc,Data,data_hora,System.DateTime,8,desconhecido,True,Paradox/BDE,data_hora,"validar em tela, ProcMon e amostra de dados"
config_admin,Cheque3,Ger\Filial\Cheque3.DB,SeqLanPar,SeqLanPar,outro,System.Int32,4,desconhecido,True,Paradox/BDE,outro,"validar em tela, ProcMon e amostra de dados"
config_admin,Cheque3,Ger\Filial\Cheque3.DB,Nominal,Nominal,outro,System.String,80,desconhecido,True,Paradox/BDE,outro,"validar em tela, ProcMon e amostra de dados"
config_admin,Cheque3,Ger\Filial\Cheque3.DB,DatChePre,Data,data_hora,System.DateTime,8,desconhecido,True,Paradox/BDE,data_hora,"validar em tela, ProcMon e amostra de dados"
config_admin,Cheque3,Ger\Filial\Cheque3.DB,UsuarioChe,UsuarioChe,usuario_auditoria,System.String,20,desconhecido,True,Paradox/BDE,usuario_auditoria,"validar em tela, ProcMon e amostra de dados"
config_admin,Cheque3Comp,Ger\Filial\Cheque3Comp.DB,NumChe,NumChe,id_codigo,System.Int32,4,provavel,True,Paradox/BDE,identificador/vinculo,"validar em tela, ProcMon e amostra de dados"
config_admin,Cheque3Comp,Ger\Filial\Cheque3Comp.DB,SeqChe,SeqChe,outro,System.Int32,4,desconhecido,True,Paradox/BDE,outro,"validar em tela, ProcMon e amostra de dados"
config_admin,Cheque3Comp,Ger\Filial\Cheque3Comp.DB,NumTit,NumTit,id_codigo,System.Int32,4,provavel,True,Paradox/BDE,identificador/vinculo,"validar em tela, ProcMon e amostra de dados"
config_admin,Cheque3Comp,Ger\Filial\Cheque3Comp.DB,Seq,Seq,outro,System.Int32,4,desconhecido,True,Paradox/BDE,outro,"validar em tela, ProcMon e amostra de dados"
config_admin,Cheque3Comp,Ger\Filial\Cheque3Comp.DB,CodFor,CodFor,id_codigo,System.String,20,provavel,True,Paradox/BDE,identificador/vinculo,"validar em tela, ProcMon e amostra de dados"
config_admin,Cheque3Comp,Ger\Filial\Cheque3Comp.DB,CodCla,CodCla,id_codigo,System.String,6,provavel,True,Paradox/BDE,identificador/vinculo,"validar em tela, ProcMon e amostra de dados"
config_admin,Cheque3Comp,Ger\Filial\Cheque3Comp.DB,CodSubC,CodSubC,id_codigo,System.String,6,provavel,True,Paradox/BDE,identificador/vinculo,"validar em tela, ProcMon e amostra de dados"
config_admin,Cheque3Comp,Ger\Filial\Cheque3Comp.DB,ValTit,ValTit,data_hora,System.Double,8,desconhecido,True,Paradox/BDE,data_hora,"validar em tela, ProcMon e amostra de dados"
config_admin,Cheque3Comp,Ger\Filial\Cheque3Comp.DB,Obs,Obs,texto_observacao,System.String,100,desconhecido,True,Paradox/BDE,texto_observacao,"validar em tela, ProcMon e amostra de dados"
config_admin,Cheque3Comp,Ger\Filial\Cheque3Comp.DB,CodFil,CodFil,id_codigo,System.String,10,provavel,True,Paradox/BDE,identificador/vinculo,"validar em tela, ProcMon e amostra de dados"
config_admin,Cheque3Comp,Ger\Filial\Cheque3Comp.DB,CodCenCus,CodCenCus,id_codigo,System.String,6,provavel,True,Paradox/BDE,identificador/vinculo,"validar em tela, ProcMon e amostra de dados"
config_admin,Cheque4,Ger\Filial\Cheque4.DB,Banco,Banco,outro,System.String,20,desconhecido,True,Paradox/BDE,outro,"validar em tela, ProcMon e amostra de dados"
config_admin,Cheque4,Ger\Filial\Cheque4.DB,NumChe,NumChe,id_codigo,System.Int32,4,provavel,True,Paradox/BDE,identificador/vinculo,"validar em tela, ProcMon e amostra de dados"
config_admin,Cheque4,Ger\Filial\Cheque4.DB,TipChe,TipChe,outro,System.String,2,desconhecido,True,Paradox/BDE,outro,"validar em tela, ProcMon e amostra de dados"
config_admin,Cheque4,Ger\Filial\Cheque4.DB,ValChe,ValChe,outro,System.Double,8,desconhecido,True,Paradox/BDE,outro,"validar em tela, ProcMon e amostra de dados"
config_admin,Cheque4,Ger\Filial\Cheque4.DB,SeqLan,SeqLan,outro,System.Int32,4,desconhecido,True,Paradox/BDE,outro,"validar em tela, ProcMon e amostra de dados"
config_admin,Cheque4,Ger\Filial\Cheque4.DB,ChePre,ChePre,outro,System.String,2,desconhecido,True,Paradox/BDE,outro,"validar em tela, ProcMon e amostra de dados"
config_admin,Cheque4,Ger\Filial\Cheque4.DB,DatChe,Data,data_hora,System.DateTime,8,desconhecido,True,Paradox/BDE,data_hora,"validar em tela, ProcMon e amostra de dados"
config_admin,Cheque4,Ger\Filial\Cheque4.DB,Cancelado,Celular,cliente_ref,System.String,2,desconhecido,True,Paradox/BDE,identificador/vinculo,"validar em tela, ProcMon e amostra de dados"
config_admin,Cheque4,Ger\Filial\Cheque4.DB,MotivoCanc,MotivoCanc,texto_observacao,System.String,60,desconhecido,True,Paradox/BDE,texto_observacao,"validar em tela, ProcMon e amostra de dados"
config_admin,Cheque4,Ger\Filial\Cheque4.DB,DatCanc,Data,data_hora,System.DateTime,8,desconhecido,True,Paradox/BDE,data_hora,"validar em tela, ProcMon e amostra de dados"
config_admin,Cheque4,Ger\Filial\Cheque4.DB,SeqLanPar,SeqLanPar,outro,System.Int32,4,desconhecido,True,Paradox/BDE,outro,"validar em tela, ProcMon e amostra de dados"
config_admin,Cheque4,Ger\Filial\Cheque4.DB,Nominal,Nominal,outro,System.String,80,desconhecido,True,Paradox/BDE,outro,"validar em tela, ProcMon e amostra de dados"
config_admin,Cheque4,Ger\Filial\Cheque4.DB,DatChePre,Data,data_hora,System.DateTime,8,desconhecido,True,Paradox/BDE,data_hora,"validar em tela, ProcMon e amostra de dados"
config_admin,Cheque4,Ger\Filial\Cheque4.DB,UsuarioChe,UsuarioChe,usuario_auditoria,System.String,20,desconhecido,True,Paradox/BDE,usuario_auditoria,"validar em tela, ProcMon e amostra de dados"
config_admin,Cheque4Comp,Ger\Filial\Cheque4Comp.DB,NumChe,NumChe,id_codigo,System.Int32,4,provavel,True,Paradox/BDE,identificador/vinculo,"validar em tela, ProcMon e amostra de dados"
config_admin,Cheque4Comp,Ger\Filial\Cheque4Comp.DB,SeqChe,SeqChe,outro,System.Int32,4,desconhecido,True,Paradox/BDE,outro,"validar em tela, ProcMon e amostra de dados"
config_admin,Cheque4Comp,Ger\Filial\Cheque4Comp.DB,NumTit,NumTit,id_codigo,System.Int32,4,provavel,True,Paradox/BDE,identificador/vinculo,"validar em tela, ProcMon e amostra de dados"
config_admin,Cheque4Comp,Ger\Filial\Cheque4Comp.DB,Seq,Seq,outro,System.Int32,4,desconhecido,True,Paradox/BDE,outro,"validar em tela, ProcMon e amostra de dados"
config_admin,Cheque4Comp,Ger\Filial\Cheque4Comp.DB,CodFor,CodFor,id_codigo,System.String,20,provavel,True,Paradox/BDE,identificador/vinculo,"validar em tela, ProcMon e amostra de dados"
config_admin,Cheque4Comp,Ger\Filial\Cheque4Comp.DB,CodCla,CodCla,id_codigo,System.String,6,provavel,True,Paradox/BDE,identificador/vinculo,"validar em tela, ProcMon e amostra de dados"
config_admin,Cheque4Comp,Ger\Filial\Cheque4Comp.DB,CodSubC,CodSubC,id_codigo,System.String,6,provavel,True,Paradox/BDE,identificador/vinculo,"validar em tela, ProcMon e amostra de dados"
config_admin,Cheque4Comp,Ger\Filial\Cheque4Comp.DB,ValTit,ValTit,data_hora,System.Double,8,desconhecido,True,Paradox/BDE,data_hora,"validar em tela, ProcMon e amostra de dados"
config_admin,Cheque4Comp,Ger\Filial\Cheque4Comp.DB,Obs,Obs,texto_observacao,System.String,100,desconhecido,True,Paradox/BDE,texto_observacao,"validar em tela, ProcMon e amostra de dados"
config_admin,Cheque4Comp,Ger\Filial\Cheque4Comp.DB,CodFil,CodFil,id_codigo,System.String,10,provavel,True,Paradox/BDE,identificador/vinculo,"validar em tela, ProcMon e amostra de dados"
config_admin,Cheque4Comp,Ger\Filial\Cheque4Comp.DB,CodCenCus,CodCenCus,id_codigo,System.String,6,provavel,True,Paradox/BDE,identificador/vinculo,"validar em tela, ProcMon e amostra de dados"
config_admin,Cheque5,Ger\Filial\Cheque5.DB,Banco,Banco,outro,System.String,20,desconhecido,True,Paradox/BDE,outro,"validar em tela, ProcMon e amostra de dados"
config_admin,Cheque5,Ger\Filial\Cheque5.DB,NumChe,NumChe,id_codigo,System.Int32,4,provavel,True,Paradox/BDE,identificador/vinculo,"validar em tela, ProcMon e amostra de dados"
config_admin,Cheque5,Ger\Filial\Cheque5.DB,TipChe,TipChe,outro,System.String,2,desconhecido,True,Paradox/BDE,outro,"validar em tela, ProcMon e amostra de dados"
config_admin,Cheque5,Ger\Filial\Cheque5.DB,ValChe,ValChe,outro,System.Double,8,desconhecido,True,Paradox/BDE,outro,"validar em tela, ProcMon e amostra de dados"
config_admin,Cheque5,Ger\Filial\Cheque5.DB,SeqLan,SeqLan,outro,System.Int32,4,desconhecido,True,Paradox/BDE,outro,"validar em tela, ProcMon e amostra de dados"
config_admin,Cheque5,Ger\Filial\Cheque5.DB,ChePre,ChePre,outro,System.String,2,desconhecido,True,Paradox/BDE,outro,"validar em tela, ProcMon e amostra de dados"
config_admin,Cheque5,Ger\Filial\Cheque5.DB,DatChe,Data,data_hora,System.DateTime,8,desconhecido,True,Paradox/BDE,data_hora,"validar em tela, ProcMon e amostra de dados"
config_admin,Cheque5,Ger\Filial\Cheque5.DB,Cancelado,Celular,cliente_ref,System.String,2,desconhecido,True,Paradox/BDE,identificador/vinculo,"validar em tela, ProcMon e amostra de dados"
config_admin,Cheque5,Ger\Filial\Cheque5.DB,MotivoCanc,MotivoCanc,texto_observacao,System.String,60,desconhecido,True,Paradox/BDE,texto_observacao,"validar em tela, ProcMon e amostra de dados"
config_admin,Cheque5,Ger\Filial\Cheque5.DB,DatCanc,Data,data_hora,System.DateTime,8,desconhecido,True,Paradox/BDE,data_hora,"validar em tela, ProcMon e amostra de dados"
config_admin,Cheque5,Ger\Filial\Cheque5.DB,SeqLanPar,SeqLanPar,outro,System.Int32,4,desconhecido,True,Paradox/BDE,outro,"validar em tela, ProcMon e amostra de dados"
config_admin,Cheque5,Ger\Filial\Cheque5.DB,Nominal,Nominal,outro,System.String,80,desconhecido,True,Paradox/BDE,outro,"validar em tela, ProcMon e amostra de dados"
config_admin,Cheque5,Ger\Filial\Cheque5.DB,DatChePre,Data,data_hora,System.DateTime,8,desconhecido,True,Paradox/BDE,data_hora,"validar em tela, ProcMon e amostra de dados"
config_admin,Cheque5,Ger\Filial\Cheque5.DB,UsuarioChe,UsuarioChe,usuario_auditoria,System.String,20,desconhecido,True,Paradox/BDE,usuario_auditoria,"validar em tela, ProcMon e amostra de dados"
config_admin,Cheque5Comp,Ger\Filial\Cheque5Comp.DB,NumChe,NumChe,id_codigo,System.Int32,4,provavel,True,Paradox/BDE,identificador/vinculo,"validar em tela, ProcMon e amostra de dados"
config_admin,Cheque5Comp,Ger\Filial\Cheque5Comp.DB,SeqChe,SeqChe,outro,System.Int32,4,desconhecido,True,Paradox/BDE,outro,"validar em tela, ProcMon e amostra de dados"
config_admin,Cheque5Comp,Ger\Filial\Cheque5Comp.DB,NumTit,NumTit,id_codigo,System.Int32,4,provavel,True,Paradox/BDE,identificador/vinculo,"validar em tela, ProcMon e amostra de dados"
config_admin,Cheque5Comp,Ger\Filial\Cheque5Comp.DB,Seq,Seq,outro,System.Int32,4,desconhecido,True,Paradox/BDE,outro,"validar em tela, ProcMon e amostra de dados"
config_admin,Cheque5Comp,Ger\Filial\Cheque5Comp.DB,CodFor,CodFor,id_codigo,System.String,20,provavel,True,Paradox/BDE,identificador/vinculo,"validar em tela, ProcMon e amostra de dados"
config_admin,Cheque5Comp,Ger\Filial\Cheque5Comp.DB,CodCla,CodCla,id_codigo,System.String,6,provavel,True,Paradox/BDE,identificador/vinculo,"validar em tela, ProcMon e amostra de dados"
config_admin,Cheque5Comp,Ger\Filial\Cheque5Comp.DB,CodSubC,CodSubC,id_codigo,System.String,6,provavel,True,Paradox/BDE,identificador/vinculo,"validar em tela, ProcMon e amostra de dados"
config_admin,Cheque5Comp,Ger\Filial\Cheque5Comp.DB,ValTit,ValTit,data_hora,System.Double,8,desconhecido,True,Paradox/BDE,data_hora,"validar em tela, ProcMon e amostra de dados"
config_admin,Cheque5Comp,Ger\Filial\Cheque5Comp.DB,Obs,Obs,texto_observacao,System.String,100,desconhecido,True,Paradox/BDE,texto_observacao,"validar em tela, ProcMon e amostra de dados"
config_admin,Cheque5Comp,Ger\Filial\Cheque5Comp.DB,CodFil,CodFil,id_codigo,System.String,10,provavel,True,Paradox/BDE,identificador/vinculo,"validar em tela, ProcMon e amostra de dados"
config_admin,Cheque5Comp,Ger\Filial\Cheque5Comp.DB,CodCenCus,CodCenCus,id_codigo,System.String,6,provavel,True,Paradox/BDE,identificador/vinculo,"validar em tela, ProcMon e amostra de dados"
config_admin,Cheque6,Ger\Filial\Cheque6.DB,Banco,Banco,outro,System.String,20,desconhecido,True,Paradox/BDE,outro,"validar em tela, ProcMon e amostra de dados"
config_admin,Cheque6,Ger\Filial\Cheque6.DB,NumChe,NumChe,id_codigo,System.Int32,4,provavel,True,Paradox/BDE,identificador/vinculo,"validar em tela, ProcMon e amostra de dados"
config_admin,Cheque6,Ger\Filial\Cheque6.DB,TipChe,TipChe,outro,System.String,2,desconhecido,True,Paradox/BDE,outro,"validar em tela, ProcMon e amostra de dados"
config_admin,Cheque6,Ger\Filial\Cheque6.DB,ValChe,ValChe,outro,System.Double,8,desconhecido,True,Paradox/BDE,outro,"validar em tela, ProcMon e amostra de dados"
config_admin,Cheque6,Ger\Filial\Cheque6.DB,SeqLan,SeqLan,outro,System.Int32,4,desconhecido,True,Paradox/BDE,outro,"validar em tela, ProcMon e amostra de dados"
config_admin,Cheque6,Ger\Filial\Cheque6.DB,ChePre,ChePre,outro,System.String,2,desconhecido,True,Paradox/BDE,outro,"validar em tela, ProcMon e amostra de dados"
config_admin,Cheque6,Ger\Filial\Cheque6.DB,DatChe,Data,data_hora,System.DateTime,8,desconhecido,True,Paradox/BDE,data_hora,"validar em tela, ProcMon e amostra de dados"
config_admin,Cheque6,Ger\Filial\Cheque6.DB,Cancelado,Celular,cliente_ref,System.String,2,desconhecido,True,Paradox/BDE,identificador/vinculo,"validar em tela, ProcMon e amostra de dados"
config_admin,Cheque6,Ger\Filial\Cheque6.DB,MotivoCanc,MotivoCanc,texto_observacao,System.String,60,desconhecido,True,Paradox/BDE,texto_observacao,"validar em tela, ProcMon e amostra de dados"
config_admin,Cheque6,Ger\Filial\Cheque6.DB,DatCanc,Data,data_hora,System.DateTime,8,desconhecido,True,Paradox/BDE,data_hora,"validar em tela, ProcMon e amostra de dados"
config_admin,Cheque6,Ger\Filial\Cheque6.DB,SeqLanPar,SeqLanPar,outro,System.Int32,4,desconhecido,True,Paradox/BDE,outro,"validar em tela, ProcMon e amostra de dados"
config_admin,Cheque6,Ger\Filial\Cheque6.DB,Nominal,Nominal,outro,System.String,80,desconhecido,True,Paradox/BDE,outro,"validar em tela, ProcMon e amostra de dados"
config_admin,Cheque6,Ger\Filial\Cheque6.DB,DatChePre,Data,data_hora,System.DateTime,8,desconhecido,True,Paradox/BDE,data_hora,"validar em tela, ProcMon e amostra de dados"
config_admin,Cheque6,Ger\Filial\Cheque6.DB,UsuarioChe,UsuarioChe,usuario_auditoria,System.String,20,desconhecido,True,Paradox/BDE,usuario_auditoria,"validar em tela, ProcMon e amostra de dados"
config_admin,Cheque6Comp,Ger\Filial\Cheque6Comp.DB,NumChe,NumChe,id_codigo,System.Int32,4,provavel,True,Paradox/BDE,identificador/vinculo,"validar em tela, ProcMon e amostra de dados"
config_admin,Cheque6Comp,Ger\Filial\Cheque6Comp.DB,SeqChe,SeqChe,outro,System.Int32,4,desconhecido,True,Paradox/BDE,outro,"validar em tela, ProcMon e amostra de dados"
config_admin,Cheque6Comp,Ger\Filial\Cheque6Comp.DB,NumTit,NumTit,id_codigo,System.Int32,4,provavel,True,Paradox/BDE,identificador/vinculo,"validar em tela, ProcMon e amostra de dados"
config_admin,Cheque6Comp,Ger\Filial\Cheque6Comp.DB,Seq,Seq,outro,System.Int32,4,desconhecido,True,Paradox/BDE,outro,"validar em tela, ProcMon e amostra de dados"
config_admin,Cheque6Comp,Ger\Filial\Cheque6Comp.DB,CodFor,CodFor,id_codigo,System.String,20,provavel,True,Paradox/BDE,identificador/vinculo,"validar em tela, ProcMon e amostra de dados"
config_admin,Cheque6Comp,Ger\Filial\Cheque6Comp.DB,CodCla,CodCla,id_codigo,System.String,6,provavel,True,Paradox/BDE,identificador/vinculo,"validar em tela, ProcMon e amostra de dados"
config_admin,Cheque6Comp,Ger\Filial\Cheque6Comp.DB,CodSubC,CodSubC,id_codigo,System.String,6,provavel,True,Paradox/BDE,identificador/vinculo,"validar em tela, ProcMon e amostra de dados"
config_admin,Cheque6Comp,Ger\Filial\Cheque6Comp.DB,ValTit,ValTit,data_hora,System.Double,8,desconhecido,True,Paradox/BDE,data_hora,"validar em tela, ProcMon e amostra de dados"
config_admin,Cheque6Comp,Ger\Filial\Cheque6Comp.DB,Obs,Obs,texto_observacao,System.String,100,desconhecido,True,Paradox/BDE,texto_observacao,"validar em tela, ProcMon e amostra de dados"
config_admin,Cheque6Comp,Ger\Filial\Cheque6Comp.DB,CodFil,CodFil,id_codigo,System.String,10,provavel,True,Paradox/BDE,identificador/vinculo,"validar em tela, ProcMon e amostra de dados"
config_admin,Cheque6Comp,Ger\Filial\Cheque6Comp.DB,CodCenCus,CodCenCus,id_codigo,System.String,6,provavel,True,Paradox/BDE,identificador/vinculo,"validar em tela, ProcMon e amostra de dados"
config_admin,Cheque7,Ger\Filial\Cheque7.DB,Banco,Banco,outro,System.String,20,desconhecido,True,Paradox/BDE,outro,"validar em tela, ProcMon e amostra de dados"
config_admin,Cheque7,Ger\Filial\Cheque7.DB,NumChe,NumChe,id_codigo,System.Int32,4,provavel,True,Paradox/BDE,identificador/vinculo,"validar em tela, ProcMon e amostra de dados"
config_admin,Cheque7,Ger\Filial\Cheque7.DB,TipChe,TipChe,outro,System.String,2,desconhecido,True,Paradox/BDE,outro,"validar em tela, ProcMon e amostra de dados"
config_admin,Cheque7,Ger\Filial\Cheque7.DB,ValChe,ValChe,outro,System.Double,8,desconhecido,True,Paradox/BDE,outro,"validar em tela, ProcMon e amostra de dados"
config_admin,Cheque7,Ger\Filial\Cheque7.DB,SeqLan,SeqLan,outro,System.Int32,4,desconhecido,True,Paradox/BDE,outro,"validar em tela, ProcMon e amostra de dados"
config_admin,Cheque7,Ger\Filial\Cheque7.DB,ChePre,ChePre,outro,System.String,2,desconhecido,True,Paradox/BDE,outro,"validar em tela, ProcMon e amostra de dados"
config_admin,Cheque7,Ger\Filial\Cheque7.DB,DatChe,Data,data_hora,System.DateTime,8,desconhecido,True,Paradox/BDE,data_hora,"validar em tela, ProcMon e amostra de dados"
config_admin,Cheque7,Ger\Filial\Cheque7.DB,Cancelado,Celular,cliente_ref,System.String,2,desconhecido,True,Paradox/BDE,identificador/vinculo,"validar em tela, ProcMon e amostra de dados"
config_admin,Cheque7,Ger\Filial\Cheque7.DB,MotivoCanc,MotivoCanc,texto_observacao,System.String,60,desconhecido,True,Paradox/BDE,texto_observacao,"validar em tela, ProcMon e amostra de dados"
config_admin,Cheque7,Ger\Filial\Cheque7.DB,DatCanc,Data,data_hora,System.DateTime,8,desconhecido,True,Paradox/BDE,data_hora,"validar em tela, ProcMon e amostra de dados"
config_admin,Cheque7,Ger\Filial\Cheque7.DB,SeqLanPar,SeqLanPar,outro,System.Int32,4,desconhecido,True,Paradox/BDE,outro,"validar em tela, ProcMon e amostra de dados"
config_admin,Cheque7,Ger\Filial\Cheque7.DB,Nominal,Nominal,outro,System.String,80,desconhecido,True,Paradox/BDE,outro,"validar em tela, ProcMon e amostra de dados"
config_admin,Cheque7,Ger\Filial\Cheque7.DB,DatChePre,Data,data_hora,System.DateTime,8,desconhecido,True,Paradox/BDE,data_hora,"validar em tela, ProcMon e amostra de dados"
config_admin,Cheque7,Ger\Filial\Cheque7.DB,UsuarioChe,UsuarioChe,usuario_auditoria,System.String,20,desconhecido,True,Paradox/BDE,usuario_auditoria,"validar em tela, ProcMon e amostra de dados"
config_admin,Cheque7Comp,Ger\Filial\Cheque7Comp.DB,NumChe,NumChe,id_codigo,System.Int32,4,provavel,True,Paradox/BDE,identificador/vinculo,"validar em tela, ProcMon e amostra de dados"
config_admin,Cheque7Comp,Ger\Filial\Cheque7Comp.DB,SeqChe,SeqChe,outro,System.Int32,4,desconhecido,True,Paradox/BDE,outro,"validar em tela, ProcMon e amostra de dados"
config_admin,Cheque7Comp,Ger\Filial\Cheque7Comp.DB,NumTit,NumTit,id_codigo,System.Int32,4,provavel,True,Paradox/BDE,identificador/vinculo,"validar em tela, ProcMon e amostra de dados"
config_admin,Cheque7Comp,Ger\Filial\Cheque7Comp.DB,Seq,Seq,outro,System.Int32,4,desconhecido,True,Paradox/BDE,outro,"validar em tela, ProcMon e amostra de dados"
config_admin,Cheque7Comp,Ger\Filial\Cheque7Comp.DB,CodFor,CodFor,id_codigo,System.String,20,provavel,True,Paradox/BDE,identificador/vinculo,"validar em tela, ProcMon e amostra de dados"
config_admin,Cheque7Comp,Ger\Filial\Cheque7Comp.DB,CodCla,CodCla,id_codigo,System.String,6,provavel,True,Paradox/BDE,identificador/vinculo,"validar em tela, ProcMon e amostra de dados"
config_admin,Cheque7Comp,Ger\Filial\Cheque7Comp.DB,CodSubC,CodSubC,id_codigo,System.String,6,provavel,True,Paradox/BDE,identificador/vinculo,"validar em tela, ProcMon e amostra de dados"
config_admin,Cheque7Comp,Ger\Filial\Cheque7Comp.DB,ValTit,ValTit,data_hora,System.Double,8,desconhecido,True,Paradox/BDE,data_hora,"validar em tela, ProcMon e amostra de dados"
config_admin,Cheque7Comp,Ger\Filial\Cheque7Comp.DB,Obs,Obs,texto_observacao,System.String,100,desconhecido,True,Paradox/BDE,texto_observacao,"validar em tela, ProcMon e amostra de dados"
config_admin,Cheque7Comp,Ger\Filial\Cheque7Comp.DB,CodFil,CodFil,id_codigo,System.String,10,provavel,True,Paradox/BDE,identificador/vinculo,"validar em tela, ProcMon e amostra de dados"
config_admin,Cheque7Comp,Ger\Filial\Cheque7Comp.DB,CodCenCus,CodCenCus,id_codigo,System.String,6,provavel,True,Paradox/BDE,identificador/vinculo,"validar em tela, ProcMon e amostra de dados"
config_admin,Cheque8,Ger\Filial\Cheque8.DB,Banco,Banco,outro,System.String,20,desconhecido,True,Paradox/BDE,outro,"validar em tela, ProcMon e amostra de dados"
config_admin,Cheque8,Ger\Filial\Cheque8.DB,NumChe,NumChe,id_codigo,System.Int32,4,provavel,True,Paradox/BDE,identificador/vinculo,"validar em tela, ProcMon e amostra de dados"
config_admin,Cheque8,Ger\Filial\Cheque8.DB,TipChe,TipChe,outro,System.String,2,desconhecido,True,Paradox/BDE,outro,"validar em tela, ProcMon e amostra de dados"
config_admin,Cheque8,Ger\Filial\Cheque8.DB,ValChe,ValChe,outro,System.Double,8,desconhecido,True,Paradox/BDE,outro,"validar em tela, ProcMon e amostra de dados"
config_admin,Cheque8,Ger\Filial\Cheque8.DB,SeqLan,SeqLan,outro,System.Int32,4,desconhecido,True,Paradox/BDE,outro,"validar em tela, ProcMon e amostra de dados"
config_admin,Cheque8,Ger\Filial\Cheque8.DB,ChePre,ChePre,outro,System.String,2,desconhecido,True,Paradox/BDE,outro,"validar em tela, ProcMon e amostra de dados"
config_admin,Cheque8,Ger\Filial\Cheque8.DB,DatChe,Data,data_hora,System.DateTime,8,desconhecido,True,Paradox/BDE,data_hora,"validar em tela, ProcMon e amostra de dados"
config_admin,Cheque8,Ger\Filial\Cheque8.DB,Cancelado,Celular,cliente_ref,System.String,2,desconhecido,True,Paradox/BDE,identificador/vinculo,"validar em tela, ProcMon e amostra de dados"
config_admin,Cheque8,Ger\Filial\Cheque8.DB,MotivoCanc,MotivoCanc,texto_observacao,System.String,60,desconhecido,True,Paradox/BDE,texto_observacao,"validar em tela, ProcMon e amostra de dados"
config_admin,Cheque8,Ger\Filial\Cheque8.DB,DatCanc,Data,data_hora,System.DateTime,8,desconhecido,True,Paradox/BDE,data_hora,"validar em tela, ProcMon e amostra de dados"
config_admin,Cheque8,Ger\Filial\Cheque8.DB,SeqLanPar,SeqLanPar,outro,System.Int32,4,desconhecido,True,Paradox/BDE,outro,"validar em tela, ProcMon e amostra de dados"
config_admin,Cheque8,Ger\Filial\Cheque8.DB,Nominal,Nominal,outro,System.String,80,desconhecido,True,Paradox/BDE,outro,"validar em tela, ProcMon e amostra de dados"
config_admin,Cheque8,Ger\Filial\Cheque8.DB,DatChePre,Data,data_hora,System.DateTime,8,desconhecido,True,Paradox/BDE,data_hora,"validar em tela, ProcMon e amostra de dados"
config_admin,Cheque8,Ger\Filial\Cheque8.DB,UsuarioChe,UsuarioChe,usuario_auditoria,System.String,20,desconhecido,True,Paradox/BDE,usuario_auditoria,"validar em tela, ProcMon e amostra de dados"
config_admin,Cheque8Comp,Ger\Filial\Cheque8Comp.DB,NumChe,NumChe,id_codigo,System.Int32,4,provavel,True,Paradox/BDE,identificador/vinculo,"validar em tela, ProcMon e amostra de dados"
config_admin,Cheque8Comp,Ger\Filial\Cheque8Comp.DB,SeqChe,SeqChe,outro,System.Int32,4,desconhecido,True,Paradox/BDE,outro,"validar em tela, ProcMon e amostra de dados"
config_admin,Cheque8Comp,Ger\Filial\Cheque8Comp.DB,NumTit,NumTit,id_codigo,System.Int32,4,provavel,True,Paradox/BDE,identificador/vinculo,"validar em tela, ProcMon e amostra de dados"
config_admin,Cheque8Comp,Ger\Filial\Cheque8Comp.DB,Seq,Seq,outro,System.Int32,4,desconhecido,True,Paradox/BDE,outro,"validar em tela, ProcMon e amostra de dados"
config_admin,Cheque8Comp,Ger\Filial\Cheque8Comp.DB,CodFor,CodFor,id_codigo,System.String,20,provavel,True,Paradox/BDE,identificador/vinculo,"validar em tela, ProcMon e amostra de dados"
config_admin,Cheque8Comp,Ger\Filial\Cheque8Comp.DB,CodCla,CodCla,id_codigo,System.String,6,provavel,True,Paradox/BDE,identificador/vinculo,"validar em tela, ProcMon e amostra de dados"
config_admin,Cheque8Comp,Ger\Filial\Cheque8Comp.DB,CodSubC,CodSubC,id_codigo,System.String,6,provavel,True,Paradox/BDE,identificador/vinculo,"validar em tela, ProcMon e amostra de dados"
config_admin,Cheque8Comp,Ger\Filial\Cheque8Comp.DB,ValTit,ValTit,data_hora,System.Double,8,desconhecido,True,Paradox/BDE,data_hora,"validar em tela, ProcMon e amostra de dados"
config_admin,Cheque8Comp,Ger\Filial\Cheque8Comp.DB,Obs,Obs,texto_observacao,System.String,100,desconhecido,True,Paradox/BDE,texto_observacao,"validar em tela, ProcMon e amostra de dados"
config_admin,Cheque8Comp,Ger\Filial\Cheque8Comp.DB,CodFil,CodFil,id_codigo,System.String,10,provavel,True,Paradox/BDE,identificador/vinculo,"validar em tela, ProcMon e amostra de dados"
config_admin,Cheque8Comp,Ger\Filial\Cheque8Comp.DB,CodCenCus,CodCenCus,id_codigo,System.String,6,provavel,True,Paradox/BDE,identificador/vinculo,"validar em tela, ProcMon e amostra de dados"
config_admin,Cheque9,Ger\Filial\Cheque9.DB,Banco,Banco,outro,System.String,20,desconhecido,True,Paradox/BDE,outro,"validar em tela, ProcMon e amostra de dados"
config_admin,Cheque9,Ger\Filial\Cheque9.DB,NumChe,NumChe,id_codigo,System.Int32,4,provavel,True,Paradox/BDE,identificador/vinculo,"validar em tela, ProcMon e amostra de dados"
config_admin,Cheque9,Ger\Filial\Cheque9.DB,TipChe,TipChe,outro,System.String,2,desconhecido,True,Paradox/BDE,outro,"validar em tela, ProcMon e amostra de dados"
config_admin,Cheque9,Ger\Filial\Cheque9.DB,ValChe,ValChe,outro,System.Double,8,desconhecido,True,Paradox/BDE,outro,"validar em tela, ProcMon e amostra de dados"
config_admin,Cheque9,Ger\Filial\Cheque9.DB,SeqLan,SeqLan,outro,System.Int32,4,desconhecido,True,Paradox/BDE,outro,"validar em tela, ProcMon e amostra de dados"
config_admin,Cheque9,Ger\Filial\Cheque9.DB,ChePre,ChePre,outro,System.String,2,desconhecido,True,Paradox/BDE,outro,"validar em tela, ProcMon e amostra de dados"
config_admin,Cheque9,Ger\Filial\Cheque9.DB,DatChe,Data,data_hora,System.DateTime,8,desconhecido,True,Paradox/BDE,data_hora,"validar em tela, ProcMon e amostra de dados"
config_admin,Cheque9,Ger\Filial\Cheque9.DB,Cancelado,Celular,cliente_ref,System.String,2,desconhecido,True,Paradox/BDE,identificador/vinculo,"validar em tela, ProcMon e amostra de dados"
config_admin,Cheque9,Ger\Filial\Cheque9.DB,MotivoCanc,MotivoCanc,texto_observacao,System.String,60,desconhecido,True,Paradox/BDE,texto_observacao,"validar em tela, ProcMon e amostra de dados"
config_admin,Cheque9,Ger\Filial\Cheque9.DB,DatCanc,Data,data_hora,System.DateTime,8,desconhecido,True,Paradox/BDE,data_hora,"validar em tela, ProcMon e amostra de dados"
config_admin,Cheque9,Ger\Filial\Cheque9.DB,SeqLanPar,SeqLanPar,outro,System.Int32,4,desconhecido,True,Paradox/BDE,outro,"validar em tela, ProcMon e amostra de dados"
config_admin,Cheque9,Ger\Filial\Cheque9.DB,Nominal,Nominal,outro,System.String,80,desconhecido,True,Paradox/BDE,outro,"validar em tela, ProcMon e amostra de dados"
config_admin,Cheque9,Ger\Filial\Cheque9.DB,DatChePre,Data,data_hora,System.DateTime,8,desconhecido,True,Paradox/BDE,data_hora,"validar em tela, ProcMon e amostra de dados"
config_admin,Cheque9,Ger\Filial\Cheque9.DB,UsuarioChe,UsuarioChe,usuario_auditoria,System.String,20,desconhecido,True,Paradox/BDE,usuario_auditoria,"validar em tela, ProcMon e amostra de dados"
config_admin,Cheque9Comp,Ger\Filial\Cheque9Comp.DB,NumChe,NumChe,id_codigo,System.Int32,4,provavel,True,Paradox/BDE,identificador/vinculo,"validar em tela, ProcMon e amostra de dados"
config_admin,Cheque9Comp,Ger\Filial\Cheque9Comp.DB,SeqChe,SeqChe,outro,System.Int32,4,desconhecido,True,Paradox/BDE,outro,"validar em tela, ProcMon e amostra de dados"
config_admin,Cheque9Comp,Ger\Filial\Cheque9Comp.DB,NumTit,NumTit,id_codigo,System.Int32,4,provavel,True,Paradox/BDE,identificador/vinculo,"validar em tela, ProcMon e amostra de dados"
config_admin,Cheque9Comp,Ger\Filial\Cheque9Comp.DB,Seq,Seq,outro,System.Int32,4,desconhecido,True,Paradox/BDE,outro,"validar em tela, ProcMon e amostra de dados"
config_admin,Cheque9Comp,Ger\Filial\Cheque9Comp.DB,CodFor,CodFor,id_codigo,System.String,20,provavel,True,Paradox/BDE,identificador/vinculo,"validar em tela, ProcMon e amostra de dados"
config_admin,Cheque9Comp,Ger\Filial\Cheque9Comp.DB,CodCla,CodCla,id_codigo,System.String,6,provavel,True,Paradox/BDE,identificador/vinculo,"validar em tela, ProcMon e amostra de dados"
config_admin,Cheque9Comp,Ger\Filial\Cheque9Comp.DB,CodSubC,CodSubC,id_codigo,System.String,6,provavel,True,Paradox/BDE,identificador/vinculo,"validar em tela, ProcMon e amostra de dados"
config_admin,Cheque9Comp,Ger\Filial\Cheque9Comp.DB,ValTit,ValTit,data_hora,System.Double,8,desconhecido,True,Paradox/BDE,data_hora,"validar em tela, ProcMon e amostra de dados"
config_admin,Cheque9Comp,Ger\Filial\Cheque9Comp.DB,Obs,Obs,texto_observacao,System.String,100,desconhecido,True,Paradox/BDE,texto_observacao,"validar em tela, ProcMon e amostra de dados"
config_admin,Cheque9Comp,Ger\Filial\Cheque9Comp.DB,CodFil,CodFil,id_codigo,System.String,10,provavel,True,Paradox/BDE,identificador/vinculo,"validar em tela, ProcMon e amostra de dados"
config_admin,Cheque9Comp,Ger\Filial\Cheque9Comp.DB,CodCenCus,CodCenCus,id_codigo,System.String,6,provavel,True,Paradox/BDE,identificador/vinculo,"validar em tela, ProcMon e amostra de dados"
config_admin,CompMat,Ger\Filial\CompMat.DB,CodPro,CodPro,id_codigo,System.String,6,provavel,True,Paradox/BDE,identificador/vinculo,"validar em tela, ProcMon e amostra de dados"
config_admin,CompMat,Ger\Filial\CompMat.DB,CodMat,CodMat,id_codigo,System.String,6,provavel,True,Paradox/BDE,identificador/vinculo,"validar em tela, ProcMon e amostra de dados"
config_admin,CompMat,Ger\Filial\CompMat.DB,Quantidade,Quantidade,quantidade,System.Double,8,provavel,True,Paradox/BDE,quantidade,"validar em tela, ProcMon e amostra de dados"
produto_servico,ContaCor1,Ger\Filial\ContaCor1.DB,SeqBan,SeqBan,outro,System.Int32,4,desconhecido,True,Paradox/BDE,outro,"validar em tela, ProcMon e amostra de dados"
produto_servico,ContaCor1,Ger\Filial\ContaCor1.DB,Histor,Histor,texto_observacao,System.String,200,desconhecido,True,Paradox/BDE,texto_observacao,"validar em tela, ProcMon e amostra de dados"
produto_servico,ContaCor1,Ger\Filial\ContaCor1.DB,DatLan,Data,data_hora,System.DateTime,8,desconhecido,True,Paradox/BDE,data_hora,"validar em tela, ProcMon e amostra de dados"
produto_servico,ContaCor1,Ger\Filial\ContaCor1.DB,ValBan,ValBan,outro,System.Double,8,desconhecido,True,Paradox/BDE,outro,"validar em tela, ProcMon e amostra de dados"
produto_servico,ContaCor1,Ger\Filial\ContaCor1.DB,TipLan,TipLan,outro,System.String,2,desconhecido,True,Paradox/BDE,outro,"validar em tela, ProcMon e amostra de dados"
produto_servico,ContaCor1,Ger\Filial\ContaCor1.DB,CodCla,CodCla,id_codigo,System.String,6,provavel,True,Paradox/BDE,identificador/vinculo,"validar em tela, ProcMon e amostra de dados"
produto_servico,ContaCor1,Ger\Filial\ContaCor1.DB,CodUsuario,CodUsuario,id_codigo,System.String,20,provavel,True,Paradox/BDE,identificador/vinculo,"validar em tela, ProcMon e amostra de dados"
produto_servico,ContaCor1,Ger\Filial\ContaCor1.DB,SeqCai,SeqCai,outro,System.Int32,4,desconhecido,True,Paradox/BDE,outro,"validar em tela, ProcMon e amostra de dados"
produto_servico,ContaCor1,Ger\Filial\ContaCor1.DB,CodSubC,CodSubC,id_codigo,System.String,6,provavel,True,Paradox/BDE,identificador/vinculo,"validar em tela, ProcMon e amostra de dados"
produto_servico,ContaCor1,Ger\Filial\ContaCor1.DB,TipOpe,TipOpe,outro,System.String,4,desconhecido,True,Paradox/BDE,outro,"validar em tela, ProcMon e amostra de dados"
produto_servico,ContaCor1,Ger\Filial\ContaCor1.DB,CodCenCus,CodCenCus,id_codigo,System.String,6,provavel,True,Paradox/BDE,identificador/vinculo,"validar em tela, ProcMon e amostra de dados"
produto_servico,ContaCor1,Ger\Filial\ContaCor1.DB,CodClaProj,CodClaProj,id_codigo,System.String,10,provavel,True,Paradox/BDE,identificador/vinculo,"validar em tela, ProcMon e amostra de dados"
produto_servico,ContaCor1,Ger\Filial\ContaCor1.DB,CodUnid,CodUnid,id_codigo,System.String,10,provavel,True,Paradox/BDE,identificador/vinculo,"validar em tela, ProcMon e amostra de dados"
produto_servico,ContaCor2,Ger\Filial\ContaCor2.DB,SeqBan,SeqBan,outro,System.Int32,4,desconhecido,True,Paradox/BDE,outro,"validar em tela, ProcMon e amostra de dados"
produto_servico,ContaCor2,Ger\Filial\ContaCor2.DB,Histor,Histor,texto_observacao,System.String,200,desconhecido,True,Paradox/BDE,texto_observacao,"validar em tela, ProcMon e amostra de dados"
produto_servico,ContaCor2,Ger\Filial\ContaCor2.DB,DatLan,Data,data_hora,System.DateTime,8,desconhecido,True,Paradox/BDE,data_hora,"validar em tela, ProcMon e amostra de dados"
produto_servico,ContaCor2,Ger\Filial\ContaCor2.DB,ValBan,ValBan,outro,System.Double,8,desconhecido,True,Paradox/BDE,outro,"validar em tela, ProcMon e amostra de dados"
produto_servico,ContaCor2,Ger\Filial\ContaCor2.DB,TipLan,TipLan,outro,System.String,2,desconhecido,True,Paradox/BDE,outro,"validar em tela, ProcMon e amostra de dados"
produto_servico,ContaCor2,Ger\Filial\ContaCor2.DB,CodCla,CodCla,id_codigo,System.String,6,provavel,True,Paradox/BDE,identificador/vinculo,"validar em tela, ProcMon e amostra de dados"
produto_servico,ContaCor2,Ger\Filial\ContaCor2.DB,CodUsuario,CodUsuario,id_codigo,System.String,20,provavel,True,Paradox/BDE,identificador/vinculo,"validar em tela, ProcMon e amostra de dados"
produto_servico,ContaCor2,Ger\Filial\ContaCor2.DB,SeqCai,SeqCai,outro,System.Int32,4,desconhecido,True,Paradox/BDE,outro,"validar em tela, ProcMon e amostra de dados"
produto_servico,ContaCor2,Ger\Filial\ContaCor2.DB,CodSubC,CodSubC,id_codigo,System.String,6,provavel,True,Paradox/BDE,identificador/vinculo,"validar em tela, ProcMon e amostra de dados"
produto_servico,ContaCor2,Ger\Filial\ContaCor2.DB,TipOpe,TipOpe,outro,System.String,4,desconhecido,True,Paradox/BDE,outro,"validar em tela, ProcMon e amostra de dados"
produto_servico,ContaCor2,Ger\Filial\ContaCor2.DB,CodCenCus,CodCenCus,id_codigo,System.String,6,provavel,True,Paradox/BDE,identificador/vinculo,"validar em tela, ProcMon e amostra de dados"
produto_servico,ContaCor2,Ger\Filial\ContaCor2.DB,CodClaProj,CodClaProj,id_codigo,System.String,10,provavel,True,Paradox/BDE,identificador/vinculo,"validar em tela, ProcMon e amostra de dados"
produto_servico,ContaCor2,Ger\Filial\ContaCor2.DB,CodUnid,CodUnid,id_codigo,System.String,10,provavel,True,Paradox/BDE,identificador/vinculo,"validar em tela, ProcMon e amostra de dados"
produto_servico,ContaCor3,Ger\Filial\ContaCor3.DB,SeqBan,SeqBan,outro,System.Int32,4,desconhecido,True,Paradox/BDE,outro,"validar em tela, ProcMon e amostra de dados"
produto_servico,ContaCor3,Ger\Filial\ContaCor3.DB,Histor,Histor,texto_observacao,System.String,200,desconhecido,True,Paradox/BDE,texto_observacao,"validar em tela, ProcMon e amostra de dados"
produto_servico,ContaCor3,Ger\Filial\ContaCor3.DB,DatLan,Data,data_hora,System.DateTime,8,desconhecido,True,Paradox/BDE,data_hora,"validar em tela, ProcMon e amostra de dados"
produto_servico,ContaCor3,Ger\Filial\ContaCor3.DB,ValBan,ValBan,outro,System.Double,8,desconhecido,True,Paradox/BDE,outro,"validar em tela, ProcMon e amostra de dados"
produto_servico,ContaCor3,Ger\Filial\ContaCor3.DB,TipLan,TipLan,outro,System.String,2,desconhecido,True,Paradox/BDE,outro,"validar em tela, ProcMon e amostra de dados"
produto_servico,ContaCor3,Ger\Filial\ContaCor3.DB,CodCla,CodCla,id_codigo,System.String,6,provavel,True,Paradox/BDE,identificador/vinculo,"validar em tela, ProcMon e amostra de dados"
produto_servico,ContaCor3,Ger\Filial\ContaCor3.DB,CodUsuario,CodUsuario,id_codigo,System.String,20,provavel,True,Paradox/BDE,identificador/vinculo,"validar em tela, ProcMon e amostra de dados"
produto_servico,ContaCor3,Ger\Filial\ContaCor3.DB,SeqCai,SeqCai,outro,System.Int32,4,desconhecido,True,Paradox/BDE,outro,"validar em tela, ProcMon e amostra de dados"
produto_servico,ContaCor3,Ger\Filial\ContaCor3.DB,CodSubC,CodSubC,id_codigo,System.String,6,provavel,True,Paradox/BDE,identificador/vinculo,"validar em tela, ProcMon e amostra de dados"
produto_servico,ContaCor3,Ger\Filial\ContaCor3.DB,TipOpe,TipOpe,outro,System.String,4,desconhecido,True,Paradox/BDE,outro,"validar em tela, ProcMon e amostra de dados"
produto_servico,ContaCor3,Ger\Filial\ContaCor3.DB,CodCenCus,CodCenCus,id_codigo,System.String,6,provavel,True,Paradox/BDE,identificador/vinculo,"validar em tela, ProcMon e amostra de dados"
produto_servico,ContaCor3,Ger\Filial\ContaCor3.DB,CodClaProj,CodClaProj,id_codigo,System.String,10,provavel,True,Paradox/BDE,identificador/vinculo,"validar em tela, ProcMon e amostra de dados"
produto_servico,ContaCor3,Ger\Filial\ContaCor3.DB,CodUnid,CodUnid,id_codigo,System.String,10,provavel,True,Paradox/BDE,identificador/vinculo,"validar em tela, ProcMon e amostra de dados"
produto_servico,ContaCor4,Ger\Filial\ContaCor4.DB,SeqBan,SeqBan,outro,System.Int32,4,desconhecido,True,Paradox/BDE,outro,"validar em tela, ProcMon e amostra de dados"
produto_servico,ContaCor4,Ger\Filial\ContaCor4.DB,Histor,Histor,texto_observacao,System.String,200,desconhecido,True,Paradox/BDE,texto_observacao,"validar em tela, ProcMon e amostra de dados"
produto_servico,ContaCor4,Ger\Filial\ContaCor4.DB,DatLan,Data,data_hora,System.DateTime,8,desconhecido,True,Paradox/BDE,data_hora,"validar em tela, ProcMon e amostra de dados"
produto_servico,ContaCor4,Ger\Filial\ContaCor4.DB,ValBan,ValBan,outro,System.Double,8,desconhecido,True,Paradox/BDE,outro,"validar em tela, ProcMon e amostra de dados"
produto_servico,ContaCor4,Ger\Filial\ContaCor4.DB,TipLan,TipLan,outro,System.String,2,desconhecido,True,Paradox/BDE,outro,"validar em tela, ProcMon e amostra de dados"
produto_servico,ContaCor4,Ger\Filial\ContaCor4.DB,CodCla,CodCla,id_codigo,System.String,6,provavel,True,Paradox/BDE,identificador/vinculo,"validar em tela, ProcMon e amostra de dados"
produto_servico,ContaCor4,Ger\Filial\ContaCor4.DB,CodUsuario,CodUsuario,id_codigo,System.String,20,provavel,True,Paradox/BDE,identificador/vinculo,"validar em tela, ProcMon e amostra de dados"
produto_servico,ContaCor4,Ger\Filial\ContaCor4.DB,SeqCai,SeqCai,outro,System.Int32,4,desconhecido,True,Paradox/BDE,outro,"validar em tela, ProcMon e amostra de dados"
produto_servico,ContaCor4,Ger\Filial\ContaCor4.DB,CodSubC,CodSubC,id_codigo,System.String,6,provavel,True,Paradox/BDE,identificador/vinculo,"validar em tela, ProcMon e amostra de dados"
produto_servico,ContaCor4,Ger\Filial\ContaCor4.DB,TipOpe,TipOpe,outro,System.String,4,desconhecido,True,Paradox/BDE,outro,"validar em tela, ProcMon e amostra de dados"
produto_servico,ContaCor4,Ger\Filial\ContaCor4.DB,CodCenCus,CodCenCus,id_codigo,System.String,6,provavel,True,Paradox/BDE,identificador/vinculo,"validar em tela, ProcMon e amostra de dados"
produto_servico,ContaCor4,Ger\Filial\ContaCor4.DB,CodClaProj,CodClaProj,id_codigo,System.String,10,provavel,True,Paradox/BDE,identificador/vinculo,"validar em tela, ProcMon e amostra de dados"
produto_servico,ContaCor4,Ger\Filial\ContaCor4.DB,CodUnid,CodUnid,id_codigo,System.String,10,provavel,True,Paradox/BDE,identificador/vinculo,"validar em tela, ProcMon e amostra de dados"
produto_servico,ContaCor5,Ger\Filial\ContaCor5.DB,SeqBan,SeqBan,outro,System.Int32,4,desconhecido,True,Paradox/BDE,outro,"validar em tela, ProcMon e amostra de dados"
produto_servico,ContaCor5,Ger\Filial\ContaCor5.DB,Histor,Histor,texto_observacao,System.String,200,desconhecido,True,Paradox/BDE,texto_observacao,"validar em tela, ProcMon e amostra de dados"
produto_servico,ContaCor5,Ger\Filial\ContaCor5.DB,DatLan,Data,data_hora,System.DateTime,8,desconhecido,True,Paradox/BDE,data_hora,"validar em tela, ProcMon e amostra de dados"
produto_servico,ContaCor5,Ger\Filial\ContaCor5.DB,ValBan,ValBan,outro,System.Double,8,desconhecido,True,Paradox/BDE,outro,"validar em tela, ProcMon e amostra de dados"
produto_servico,ContaCor5,Ger\Filial\ContaCor5.DB,TipLan,TipLan,outro,System.String,2,desconhecido,True,Paradox/BDE,outro,"validar em tela, ProcMon e amostra de dados"
produto_servico,ContaCor5,Ger\Filial\ContaCor5.DB,CodCla,CodCla,id_codigo,System.String,6,provavel,True,Paradox/BDE,identificador/vinculo,"validar em tela, ProcMon e amostra de dados"
produto_servico,ContaCor5,Ger\Filial\ContaCor5.DB,CodUsuario,CodUsuario,id_codigo,System.String,20,provavel,True,Paradox/BDE,identificador/vinculo,"validar em tela, ProcMon e amostra de dados"
produto_servico,ContaCor5,Ger\Filial\ContaCor5.DB,SeqCai,SeqCai,outro,System.Int32,4,desconhecido,True,Paradox/BDE,outro,"validar em tela, ProcMon e amostra de dados"
produto_servico,ContaCor5,Ger\Filial\ContaCor5.DB,CodSubC,CodSubC,id_codigo,System.String,6,provavel,True,Paradox/BDE,identificador/vinculo,"validar em tela, ProcMon e amostra de dados"
produto_servico,ContaCor5,Ger\Filial\ContaCor5.DB,TipOpe,TipOpe,outro,System.String,4,desconhecido,True,Paradox/BDE,outro,"validar em tela, ProcMon e amostra de dados"
produto_servico,ContaCor5,Ger\Filial\ContaCor5.DB,CodCenCus,CodCenCus,id_codigo,System.String,6,provavel,True,Paradox/BDE,identificador/vinculo,"validar em tela, ProcMon e amostra de dados"
produto_servico,ContaCor5,Ger\Filial\ContaCor5.DB,CodClaProj,CodClaProj,id_codigo,System.String,10,provavel,True,Paradox/BDE,identificador/vinculo,"validar em tela, ProcMon e amostra de dados"
produto_servico,ContaCor5,Ger\Filial\ContaCor5.DB,CodUnid,CodUnid,id_codigo,System.String,10,provavel,True,Paradox/BDE,identificador/vinculo,"validar em tela, ProcMon e amostra de dados"
produto_servico,ContaCor6,Ger\Filial\ContaCor6.DB,SeqBan,SeqBan,outro,System.Int32,4,desconhecido,True,Paradox/BDE,outro,"validar em tela, ProcMon e amostra de dados"
produto_servico,ContaCor6,Ger\Filial\ContaCor6.DB,Histor,Histor,texto_observacao,System.String,200,desconhecido,True,Paradox/BDE,texto_observacao,"validar em tela, ProcMon e amostra de dados"
produto_servico,ContaCor6,Ger\Filial\ContaCor6.DB,DatLan,Data,data_hora,System.DateTime,8,desconhecido,True,Paradox/BDE,data_hora,"validar em tela, ProcMon e amostra de dados"
produto_servico,ContaCor6,Ger\Filial\ContaCor6.DB,ValBan,ValBan,outro,System.Double,8,desconhecido,True,Paradox/BDE,outro,"validar em tela, ProcMon e amostra de dados"
produto_servico,ContaCor6,Ger\Filial\ContaCor6.DB,TipLan,TipLan,outro,System.String,2,desconhecido,True,Paradox/BDE,outro,"validar em tela, ProcMon e amostra de dados"
produto_servico,ContaCor6,Ger\Filial\ContaCor6.DB,CodCla,CodCla,id_codigo,System.String,6,provavel,True,Paradox/BDE,identificador/vinculo,"validar em tela, ProcMon e amostra de dados"
produto_servico,ContaCor6,Ger\Filial\ContaCor6.DB,CodUsuario,CodUsuario,id_codigo,System.String,20,provavel,True,Paradox/BDE,identificador/vinculo,"validar em tela, ProcMon e amostra de dados"
produto_servico,ContaCor6,Ger\Filial\ContaCor6.DB,SeqCai,SeqCai,outro,System.Int32,4,desconhecido,True,Paradox/BDE,outro,"validar em tela, ProcMon e amostra de dados"
produto_servico,ContaCor6,Ger\Filial\ContaCor6.DB,CodSubC,CodSubC,id_codigo,System.String,6,provavel,True,Paradox/BDE,identificador/vinculo,"validar em tela, ProcMon e amostra de dados"
produto_servico,ContaCor6,Ger\Filial\ContaCor6.DB,TipOpe,TipOpe,outro,System.String,4,desconhecido,True,Paradox/BDE,outro,"validar em tela, ProcMon e amostra de dados"
produto_servico,ContaCor6,Ger\Filial\ContaCor6.DB,CodCenCus,CodCenCus,id_codigo,System.String,6,provavel,True,Paradox/BDE,identificador/vinculo,"validar em tela, ProcMon e amostra de dados"
produto_servico,ContaCor6,Ger\Filial\ContaCor6.DB,CodClaProj,CodClaProj,id_codigo,System.String,10,provavel,True,Paradox/BDE,identificador/vinculo,"validar em tela, ProcMon e amostra de dados"
produto_servico,ContaCor6,Ger\Filial\ContaCor6.DB,CodUnid,CodUnid,id_codigo,System.String,10,provavel,True,Paradox/BDE,identificador/vinculo,"validar em tela, ProcMon e amostra de dados"
produto_servico,ContaCor7,Ger\Filial\ContaCor7.DB,SeqBan,SeqBan,outro,System.Int32,4,desconhecido,True,Paradox/BDE,outro,"validar em tela, ProcMon e amostra de dados"
produto_servico,ContaCor7,Ger\Filial\ContaCor7.DB,Histor,Histor,texto_observacao,System.String,200,desconhecido,True,Paradox/BDE,texto_observacao,"validar em tela, ProcMon e amostra de dados"
produto_servico,ContaCor7,Ger\Filial\ContaCor7.DB,DatLan,Data,data_hora,System.DateTime,8,desconhecido,True,Paradox/BDE,data_hora,"validar em tela, ProcMon e amostra de dados"
produto_servico,ContaCor7,Ger\Filial\ContaCor7.DB,ValBan,ValBan,outro,System.Double,8,desconhecido,True,Paradox/BDE,outro,"validar em tela, ProcMon e amostra de dados"
produto_servico,ContaCor7,Ger\Filial\ContaCor7.DB,TipLan,TipLan,outro,System.String,2,desconhecido,True,Paradox/BDE,outro,"validar em tela, ProcMon e amostra de dados"
produto_servico,ContaCor7,Ger\Filial\ContaCor7.DB,CodCla,CodCla,id_codigo,System.String,6,provavel,True,Paradox/BDE,identificador/vinculo,"validar em tela, ProcMon e amostra de dados"
produto_servico,ContaCor7,Ger\Filial\ContaCor7.DB,CodUsuario,CodUsuario,id_codigo,System.String,20,provavel,True,Paradox/BDE,identificador/vinculo,"validar em tela, ProcMon e amostra de dados"
produto_servico,ContaCor7,Ger\Filial\ContaCor7.DB,SeqCai,SeqCai,outro,System.Int32,4,desconhecido,True,Paradox/BDE,outro,"validar em tela, ProcMon e amostra de dados"
produto_servico,ContaCor7,Ger\Filial\ContaCor7.DB,CodSubC,CodSubC,id_codigo,System.String,6,provavel,True,Paradox/BDE,identificador/vinculo,"validar em tela, ProcMon e amostra de dados"
produto_servico,ContaCor7,Ger\Filial\ContaCor7.DB,TipOpe,TipOpe,outro,System.String,4,desconhecido,True,Paradox/BDE,outro,"validar em tela, ProcMon e amostra de dados"
produto_servico,ContaCor7,Ger\Filial\ContaCor7.DB,CodCenCus,CodCenCus,id_codigo,System.String,6,provavel,True,Paradox/BDE,identificador/vinculo,"validar em tela, ProcMon e amostra de dados"
produto_servico,ContaCor7,Ger\Filial\ContaCor7.DB,CodClaProj,CodClaProj,id_codigo,System.String,10,provavel,True,Paradox/BDE,identificador/vinculo,"validar em tela, ProcMon e amostra de dados"
produto_servico,ContaCor7,Ger\Filial\ContaCor7.DB,CodUnid,CodUnid,id_codigo,System.String,10,provavel,True,Paradox/BDE,identificador/vinculo,"validar em tela, ProcMon e amostra de dados"
produto_servico,ContaCor8,Ger\Filial\ContaCor8.DB,SeqBan,SeqBan,outro,System.Int32,4,desconhecido,True,Paradox/BDE,outro,"validar em tela, ProcMon e amostra de dados"
produto_servico,ContaCor8,Ger\Filial\ContaCor8.DB,Histor,Histor,texto_observacao,System.String,200,desconhecido,True,Paradox/BDE,texto_observacao,"validar em tela, ProcMon e amostra de dados"
produto_servico,ContaCor8,Ger\Filial\ContaCor8.DB,DatLan,Data,data_hora,System.DateTime,8,desconhecido,True,Paradox/BDE,data_hora,"validar em tela, ProcMon e amostra de dados"
produto_servico,ContaCor8,Ger\Filial\ContaCor8.DB,ValBan,ValBan,outro,System.Double,8,desconhecido,True,Paradox/BDE,outro,"validar em tela, ProcMon e amostra de dados"
produto_servico,ContaCor8,Ger\Filial\ContaCor8.DB,TipLan,TipLan,outro,System.String,2,desconhecido,True,Paradox/BDE,outro,"validar em tela, ProcMon e amostra de dados"
produto_servico,ContaCor8,Ger\Filial\ContaCor8.DB,CodCla,CodCla,id_codigo,System.String,6,provavel,True,Paradox/BDE,identificador/vinculo,"validar em tela, ProcMon e amostra de dados"
produto_servico,ContaCor8,Ger\Filial\ContaCor8.DB,CodUsuario,CodUsuario,id_codigo,System.String,20,provavel,True,Paradox/BDE,identificador/vinculo,"validar em tela, ProcMon e amostra de dados"
produto_servico,ContaCor8,Ger\Filial\ContaCor8.DB,SeqCai,SeqCai,outro,System.Int32,4,desconhecido,True,Paradox/BDE,outro,"validar em tela, ProcMon e amostra de dados"
produto_servico,ContaCor8,Ger\Filial\ContaCor8.DB,CodSubC,CodSubC,id_codigo,System.String,6,provavel,True,Paradox/BDE,identificador/vinculo,"validar em tela, ProcMon e amostra de dados"
produto_servico,ContaCor8,Ger\Filial\ContaCor8.DB,TipOpe,TipOpe,outro,System.String,4,desconhecido,True,Paradox/BDE,outro,"validar em tela, ProcMon e amostra de dados"
produto_servico,ContaCor8,Ger\Filial\ContaCor8.DB,CodCenCus,CodCenCus,id_codigo,System.String,6,provavel,True,Paradox/BDE,identificador/vinculo,"validar em tela, ProcMon e amostra de dados"
produto_servico,ContaCor8,Ger\Filial\ContaCor8.DB,CodClaProj,CodClaProj,id_codigo,System.String,10,provavel,True,Paradox/BDE,identificador/vinculo,"validar em tela, ProcMon e amostra de dados"
produto_servico,ContaCor8,Ger\Filial\ContaCor8.DB,CodUnid,CodUnid,id_codigo,System.String,10,provavel,True,Paradox/BDE,identificador/vinculo,"validar em tela, ProcMon e amostra de dados"
produto_servico,ContaCor9,Ger\Filial\ContaCor9.DB,SeqBan,SeqBan,outro,System.Int32,4,desconhecido,True,Paradox/BDE,outro,"validar em tela, ProcMon e amostra de dados"
produto_servico,ContaCor9,Ger\Filial\ContaCor9.DB,Histor,Histor,texto_observacao,System.String,200,desconhecido,True,Paradox/BDE,texto_observacao,"validar em tela, ProcMon e amostra de dados"
produto_servico,ContaCor9,Ger\Filial\ContaCor9.DB,DatLan,Data,data_hora,System.DateTime,8,desconhecido,True,Paradox/BDE,data_hora,"validar em tela, ProcMon e amostra de dados"
produto_servico,ContaCor9,Ger\Filial\ContaCor9.DB,ValBan,ValBan,outro,System.Double,8,desconhecido,True,Paradox/BDE,outro,"validar em tela, ProcMon e amostra de dados"
produto_servico,ContaCor9,Ger\Filial\ContaCor9.DB,TipLan,TipLan,outro,System.String,2,desconhecido,True,Paradox/BDE,outro,"validar em tela, ProcMon e amostra de dados"
produto_servico,ContaCor9,Ger\Filial\ContaCor9.DB,CodCla,CodCla,id_codigo,System.String,6,provavel,True,Paradox/BDE,identificador/vinculo,"validar em tela, ProcMon e amostra de dados"
produto_servico,ContaCor9,Ger\Filial\ContaCor9.DB,CodUsuario,CodUsuario,id_codigo,System.String,20,provavel,True,Paradox/BDE,identificador/vinculo,"validar em tela, ProcMon e amostra de dados"
produto_servico,ContaCor9,Ger\Filial\ContaCor9.DB,SeqCai,SeqCai,outro,System.Int32,4,desconhecido,True,Paradox/BDE,outro,"validar em tela, ProcMon e amostra de dados"
produto_servico,ContaCor9,Ger\Filial\ContaCor9.DB,CodSubC,CodSubC,id_codigo,System.String,6,provavel,True,Paradox/BDE,identificador/vinculo,"validar em tela, ProcMon e amostra de dados"
produto_servico,ContaCor9,Ger\Filial\ContaCor9.DB,TipOpe,TipOpe,outro,System.String,4,desconhecido,True,Paradox/BDE,outro,"validar em tela, ProcMon e amostra de dados"
produto_servico,ContaCor9,Ger\Filial\ContaCor9.DB,CodCenCus,CodCenCus,id_codigo,System.String,6,provavel,True,Paradox/BDE,identificador/vinculo,"validar em tela, ProcMon e amostra de dados"
produto_servico,ContaCor9,Ger\Filial\ContaCor9.DB,CodClaProj,CodClaProj,id_codigo,System.String,10,provavel,True,Paradox/BDE,identificador/vinculo,"validar em tela, ProcMon e amostra de dados"
produto_servico,ContaCor9,Ger\Filial\ContaCor9.DB,CodUnid,CodUnid,id_codigo,System.String,10,provavel,True,Paradox/BDE,identificador/vinculo,"validar em tela, ProcMon e amostra de dados"
config_admin,ContChequeLot,Ger\Filial\ContChequeLot.DB,LoteCheque,LoteCheque,outro,System.Int32,4,desconhecido,True,Paradox/BDE,outro,"validar em tela, ProcMon e amostra de dados"
config_admin,ContChequeLot,Ger\Filial\ContChequeLot.DB,ContaCor,ContaCor,outro,System.String,10,desconhecido,True,Paradox/BDE,outro,"validar em tela, ProcMon e amostra de dados"
config_admin,ContChequeLot,Ger\Filial\ContChequeLot.DB,DatLan,Data,data_hora,System.DateTime,8,desconhecido,True,Paradox/BDE,data_hora,"validar em tela, ProcMon e amostra de dados"
config_admin,ContChequeLot,Ger\Filial\ContChequeLot.DB,HorLan,HorLan,outro,System.DateTime,8,desconhecido,True,Paradox/BDE,outro,"validar em tela, ProcMon e amostra de dados"
config_admin,ContChequeLot,Ger\Filial\ContChequeLot.DB,CodUsuario,CodUsuario,id_codigo,System.String,20,provavel,True,Paradox/BDE,identificador/vinculo,"validar em tela, ProcMon e amostra de dados"
config_admin,ContChequeLot,Ger\Filial\ContChequeLot.DB,Cancelado,Celular,cliente_ref,System.String,2,desconhecido,True,Paradox/BDE,identificador/vinculo,"validar em tela, ProcMon e amostra de dados"
config_admin,ContChequeLot,Ger\Filial\ContChequeLot.DB,MotivoCan,MotivoCan,texto_observacao,System.String,100,desconhecido,True,Paradox/BDE,texto_observacao,"validar em tela, ProcMon e amostra de dados"
config_admin,ContChequeLot,Ger\Filial\ContChequeLot.DB,DatCan,Data,data_hora,System.DateTime,8,desconhecido,True,Paradox/BDE,data_hora,"validar em tela, ProcMon e amostra de dados"
config_admin,ContChequeLot,Ger\Filial\ContChequeLot.DB,Baixa,Baixa,status_situacao,System.String,2,desconhecido,True,Paradox/BDE,status_situacao,"validar em tela, ProcMon e amostra de dados"
config_admin,ContChequeLot,Ger\Filial\ContChequeLot.DB,DatBaixa,Data,data_hora,System.DateTime,8,desconhecido,True,Paradox/BDE,data_hora,"validar em tela, ProcMon e amostra de dados"
config_admin,ContChequeLot,Ger\Filial\ContChequeLot.DB,BaiUsuario,BaiUsuario,usuario_auditoria,System.String,20,desconhecido,True,Paradox/BDE,usuario_auditoria,"validar em tela, ProcMon e amostra de dados"
config_admin,ContChequeLot,Ger\Filial\ContChequeLot.DB,ObsLote,ObsLote,texto_observacao,System.String,100,desconhecido,True,Paradox/BDE,texto_observacao,"validar em tela, ProcMon e amostra de dados"
config_admin,ContChequeRec,Ger\Filial\ContChequeRec.DB,Leitura,Leitura,outro,System.String,80,desconhecido,True,Paradox/BDE,outro,"validar em tela, ProcMon e amostra de dados"
config_admin,ContChequeRec,Ger\Filial\ContChequeRec.DB,Banco,Banco,outro,System.String,6,desconhecido,True,Paradox/BDE,outro,"validar em tela, ProcMon e amostra de dados"
config_admin,ContChequeRec,Ger\Filial\ContChequeRec.DB,Agencia,Agencia,outro,System.String,8,desconhecido,True,Paradox/BDE,outro,"validar em tela, ProcMon e amostra de dados"
config_admin,ContChequeRec,Ger\Filial\ContChequeRec.DB,Conta,Conta,outro,System.String,40,desconhecido,True,Paradox/BDE,outro,"validar em tela, ProcMon e amostra de dados"
config_admin,ContChequeRec,Ger\Filial\ContChequeRec.DB,NCheque,NCheque,outro,System.String,40,desconhecido,True,Paradox/BDE,outro,"validar em tela, ProcMon e amostra de dados"
config_admin,ContChequeRec,Ger\Filial\ContChequeRec.DB,Comp,Comp,outro,System.String,6,desconhecido,True,Paradox/BDE,outro,"validar em tela, ProcMon e amostra de dados"
config_admin,ContChequeRec,Ger\Filial\ContChequeRec.DB,Analise,Analise,outro,System.String,10,desconhecido,True,Paradox/BDE,outro,"validar em tela, ProcMon e amostra de dados"
config_admin,ContChequeRec,Ger\Filial\ContChequeRec.DB,LoteCheque,LoteCheque,outro,System.Int32,4,desconhecido,True,Paradox/BDE,outro,"validar em tela, ProcMon e amostra de dados"
config_admin,ContChequeRec,Ger\Filial\ContChequeRec.DB,NumDup,NumDup,id_codigo,System.Int32,4,provavel,True,Paradox/BDE,identificador/vinculo,"validar em tela, ProcMon e amostra de dados"
config_admin,ContChequeRec,Ger\Filial\ContChequeRec.DB,NumFat,NumFat,id_codigo,System.Int32,4,provavel,True,Paradox/BDE,identificador/vinculo,"validar em tela, ProcMon e amostra de dados"
config_admin,ContChequeRec,Ger\Filial\ContChequeRec.DB,DatLan,Data,data_hora,System.DateTime,8,desconhecido,True,Paradox/BDE,data_hora,"validar em tela, ProcMon e amostra de dados"
config_admin,ContChequeRec,Ger\Filial\ContChequeRec.DB,HorLan,HorLan,outro,System.DateTime,8,desconhecido,True,Paradox/BDE,outro,"validar em tela, ProcMon e amostra de dados"
config_admin,ContChequeRec,Ger\Filial\ContChequeRec.DB,CodUsuario,CodUsuario,id_codigo,System.String,20,provavel,True,Paradox/BDE,identificador/vinculo,"validar em tela, ProcMon e amostra de dados"
config_admin,ContChequeRec,Ger\Filial\ContChequeRec.DB,Cancelado,Celular,cliente_ref,System.String,2,desconhecido,True,Paradox/BDE,identificador/vinculo,"validar em tela, ProcMon e amostra de dados"
config_admin,ContChequeRec,Ger\Filial\ContChequeRec.DB,ValCheque,ValCheque,outro,System.Double,8,desconhecido,True,Paradox/BDE,outro,"validar em tela, ProcMon e amostra de dados"
config_admin,EncCai,Ger\Filial\EncCai.DB,DatEnc,Data,data_hora,System.DateTime,8,desconhecido,True,Paradox/BDE,data_hora,"validar em tela, ProcMon e amostra de dados"
config_admin,EncCai,Ger\Filial\EncCai.DB,Saldo,Saldo,valor_monetario,System.Double,8,desconhecido,True,Paradox/BDE,valor_monetario,"validar em tela, ProcMon e amostra de dados"
config_admin,EncCc1,Ger\Filial\EncCc1.DB,DatEnc,Data,data_hora,System.DateTime,8,desconhecido,True,Paradox/BDE,data_hora,"validar em tela, ProcMon e amostra de dados"
config_admin,EncCc1,Ger\Filial\EncCc1.DB,Saldo,Saldo,valor_monetario,System.Double,8,desconhecido,True,Paradox/BDE,valor_monetario,"validar em tela, ProcMon e amostra de dados"
config_admin,EncCc2,Ger\Filial\EncCc2.DB,DatEnc,Data,data_hora,System.DateTime,8,desconhecido,True,Paradox/BDE,data_hora,"validar em tela, ProcMon e amostra de dados"
config_admin,EncCc2,Ger\Filial\EncCc2.DB,Saldo,Saldo,valor_monetario,System.Double,8,desconhecido,True,Paradox/BDE,valor_monetario,"validar em tela, ProcMon e amostra de dados"
config_admin,EncCc3,Ger\Filial\EncCc3.DB,DatEnc,Data,data_hora,System.DateTime,8,desconhecido,True,Paradox/BDE,data_hora,"validar em tela, ProcMon e amostra de dados"
config_admin,EncCc3,Ger\Filial\EncCc3.DB,Saldo,Saldo,valor_monetario,System.Double,8,desconhecido,True,Paradox/BDE,valor_monetario,"validar em tela, ProcMon e amostra de dados"
config_admin,EncCc4,Ger\Filial\EncCc4.DB,DatEnc,Data,data_hora,System.DateTime,8,desconhecido,True,Paradox/BDE,data_hora,"validar em tela, ProcMon e amostra de dados"
config_admin,EncCc4,Ger\Filial\EncCc4.DB,Saldo,Saldo,valor_monetario,System.Double,8,desconhecido,True,Paradox/BDE,valor_monetario,"validar em tela, ProcMon e amostra de dados"
config_admin,EncCc5,Ger\Filial\EncCc5.DB,DatEnc,Data,data_hora,System.DateTime,8,desconhecido,True,Paradox/BDE,data_hora,"validar em tela, ProcMon e amostra de dados"
config_admin,EncCc5,Ger\Filial\EncCc5.DB,Saldo,Saldo,valor_monetario,System.Double,8,desconhecido,True,Paradox/BDE,valor_monetario,"validar em tela, ProcMon e amostra de dados"
config_admin,EncCc6,Ger\Filial\EncCc6.DB,DatEnc,Data,data_hora,System.DateTime,8,desconhecido,True,Paradox/BDE,data_hora,"validar em tela, ProcMon e amostra de dados"
config_admin,EncCc6,Ger\Filial\EncCc6.DB,Saldo,Saldo,valor_monetario,System.Double,8,desconhecido,True,Paradox/BDE,valor_monetario,"validar em tela, ProcMon e amostra de dados"
config_admin,EncCc7,Ger\Filial\EncCc7.DB,DatEnc,Data,data_hora,System.DateTime,8,desconhecido,True,Paradox/BDE,data_hora,"validar em tela, ProcMon e amostra de dados"
config_admin,EncCc7,Ger\Filial\EncCc7.DB,Saldo,Saldo,valor_monetario,System.Double,8,desconhecido,True,Paradox/BDE,valor_monetario,"validar em tela, ProcMon e amostra de dados"
config_admin,EncCc8,Ger\Filial\EncCc8.DB,DatEnc,Data,data_hora,System.DateTime,8,desconhecido,True,Paradox/BDE,data_hora,"validar em tela, ProcMon e amostra de dados"
config_admin,EncCc8,Ger\Filial\EncCc8.DB,Saldo,Saldo,valor_monetario,System.Double,8,desconhecido,True,Paradox/BDE,valor_monetario,"validar em tela, ProcMon e amostra de dados"
config_admin,EncCc9,Ger\Filial\EncCc9.DB,DatEnc,Data,data_hora,System.DateTime,8,desconhecido,True,Paradox/BDE,data_hora,"validar em tela, ProcMon e amostra de dados"
config_admin,EncCc9,Ger\Filial\EncCc9.DB,Saldo,Saldo,valor_monetario,System.Double,8,desconhecido,True,Paradox/BDE,valor_monetario,"validar em tela, ProcMon e amostra de dados"
config_admin,EnvEmails,Ger\Filial\EnvEmails.DB,TipSat,TipSat,fiscal_documento,System.String,2,desconhecido,True,Paradox/BDE,fiscal_documento,"validar em tela, ProcMon e amostra de dados"
config_admin,EnvEmails,Ger\Filial\EnvEmails.DB,CodSat,CodSat,id_codigo,System.String,20,provavel,True,Paradox/BDE,identificador/vinculo,"validar em tela, ProcMon e amostra de dados"
config_admin,EnvEmails,Ger\Filial\EnvEmails.DB,DatLan,Data,data_hora,System.DateTime,8,desconhecido,True,Paradox/BDE,data_hora,"validar em tela, ProcMon e amostra de dados"
config_admin,EnvEmails,Ger\Filial\EnvEmails.DB,HorLan,HorLan,outro,System.DateTime,8,desconhecido,True,Paradox/BDE,outro,"validar em tela, ProcMon e amostra de dados"
config_admin,EnvEmails,Ger\Filial\EnvEmails.DB,email,E-mail,cliente_ref,System.String,400,desconhecido,True,Paradox/BDE,identificador/vinculo,"validar em tela, ProcMon e amostra de dados"
config_admin,EnvEmails,Ger\Filial\EnvEmails.DB,Status,Status,status_situacao,System.String,2,desconhecido,True,Paradox/BDE,status_situacao,"validar em tela, ProcMon e amostra de dados"
config_admin,EnvEmails,Ger\Filial\EnvEmails.DB,DatEmi,Data,data_hora,System.DateTime,8,desconhecido,True,Paradox/BDE,data_hora,"validar em tela, ProcMon e amostra de dados"
config_admin,EnvEmails,Ger\Filial\EnvEmails.DB,HorEmi,HorEmi,outro,System.DateTime,8,desconhecido,True,Paradox/BDE,outro,"validar em tela, ProcMon e amostra de dados"
config_admin,EnvEmails,Ger\Filial\EnvEmails.DB,Obs,Obs,texto_observacao,System.String,100,desconhecido,True,Paradox/BDE,texto_observacao,"validar em tela, ProcMon e amostra de dados"
config_admin,EnvEmails,Ger\Filial\EnvEmails.DB,ObsEnvio,ObsEnvio,texto_observacao,System.String,400,desconhecido,True,Paradox/BDE,texto_observacao,"validar em tela, ProcMon e amostra de dados"
config_admin,EnvEmails,Ger\Filial\EnvEmails.DB,NomSat,NomSat,fiscal_documento,System.String,80,desconhecido,True,Paradox/BDE,fiscal_documento,"validar em tela, ProcMon e amostra de dados"
config_admin,EnvEmails,Ger\Filial\EnvEmails.DB,Contato,Contato,outro,System.String,60,desconhecido,True,Paradox/BDE,outro,"validar em tela, ProcMon e amostra de dados"
config_admin,LanOrc,Ger\Filial\LanOrc.DB,NumOrc,NumOrc,id_codigo,System.Int32,4,provavel,True,Paradox/BDE,identificador/vinculo,"validar em tela, ProcMon e amostra de dados"
config_admin,LanOrc,Ger\Filial\LanOrc.DB,CodCli,Cliente,id_codigo,System.String,20,provavel,True,Paradox/BDE,identificador/vinculo,"validar em tela, ProcMon e amostra de dados"
config_admin,LanOrc,Ger\Filial\LanOrc.DB,DatOrc,Data,ordem_rol_ref,System.DateTime,8,desconhecido,True,Paradox/BDE,identificador/vinculo,"validar em tela, ProcMon e amostra de dados"
config_admin,LanOrc,Ger\Filial\LanOrc.DB,CodVen,CodVen,id_codigo,System.String,10,provavel,True,Paradox/BDE,identificador/vinculo,"validar em tela, ProcMon e amostra de dados"
config_admin,LanOrc,Ger\Filial\LanOrc.DB,PreFinal,PreFinal,outro,System.Double,8,desconhecido,True,Paradox/BDE,outro,"validar em tela, ProcMon e amostra de dados"
config_admin,LanOrc,Ger\Filial\LanOrc.DB,ObsFat1,ObsFat1,texto_observacao,System.String,200,desconhecido,True,Paradox/BDE,texto_observacao,"validar em tela, ProcMon e amostra de dados"
config_admin,LanOrc,Ger\Filial\LanOrc.DB,ObsFat2,ObsFat2,texto_observacao,System.String,200,desconhecido,True,Paradox/BDE,texto_observacao,"validar em tela, ProcMon e amostra de dados"
config_admin,LanOrc,Ger\Filial\LanOrc.DB,ObsFat3,ObsFat3,texto_observacao,System.String,200,desconhecido,True,Paradox/BDE,texto_observacao,"validar em tela, ProcMon e amostra de dados"
config_admin,LanOrc,Ger\Filial\LanOrc.DB,ObsFat4,ObsFat4,texto_observacao,System.String,200,desconhecido,True,Paradox/BDE,texto_observacao,"validar em tela, ProcMon e amostra de dados"
config_admin,LanOrc,Ger\Filial\LanOrc.DB,ObsFat5,ObsFat5,texto_observacao,System.String,200,desconhecido,True,Paradox/BDE,texto_observacao,"validar em tela, ProcMon e amostra de dados"
config_admin,LanOrc,Ger\Filial\LanOrc.DB,ObsFat6,ObsFat6,texto_observacao,System.String,200,desconhecido,True,Paradox/BDE,texto_observacao,"validar em tela, ProcMon e amostra de dados"
config_admin,LanOrc,Ger\Filial\LanOrc.DB,ObsFat7,ObsFat7,texto_observacao,System.String,200,desconhecido,True,Paradox/BDE,texto_observacao,"validar em tela, ProcMon e amostra de dados"
config_admin,LanOrc,Ger\Filial\LanOrc.DB,ObsFat8,ObsFat8,texto_observacao,System.String,200,desconhecido,True,Paradox/BDE,texto_observacao,"validar em tela, ProcMon e amostra de dados"
config_admin,LanOrc,Ger\Filial\LanOrc.DB,ObsFat9,ObsFat9,texto_observacao,System.String,200,desconhecido,True,Paradox/BDE,texto_observacao,"validar em tela, ProcMon e amostra de dados"
config_admin,LanOrc,Ger\Filial\LanOrc.DB,ObsFinanc,ObsFinanc,texto_observacao,System.String,200,desconhecido,True,Paradox/BDE,texto_observacao,"validar em tela, ProcMon e amostra de dados"
config_admin,LanOrc,Ger\Filial\LanOrc.DB,ObsTransp,ObsTransp,texto_observacao,System.String,200,desconhecido,True,Paradox/BDE,texto_observacao,"validar em tela, ProcMon e amostra de dados"
config_admin,LanOrcPro,Ger\Filial\LanOrcPro.DB,NumOrc,NumOrc,id_codigo,System.Int32,4,provavel,True,Paradox/BDE,identificador/vinculo,"validar em tela, ProcMon e amostra de dados"
config_admin,LanOrcPro,Ger\Filial\LanOrcPro.DB,CodPro,CodPro,id_codigo,System.String,6,provavel,True,Paradox/BDE,identificador/vinculo,"validar em tela, ProcMon e amostra de dados"
config_admin,LanOrcPro,Ger\Filial\LanOrcPro.DB,Quantidade,Quantidade,quantidade,System.Int32,4,provavel,True,Paradox/BDE,quantidade,"validar em tela, ProcMon e amostra de dados"
config_admin,LanOrcPro,Ger\Filial\LanOrcPro.DB,PrePro,PrePro,outro,System.Double,8,desconhecido,True,Paradox/BDE,outro,"validar em tela, ProcMon e amostra de dados"
config_admin,LanOrcPro,Ger\Filial\LanOrcPro.DB,PreFinal,PreFinal,outro,System.Double,8,desconhecido,True,Paradox/BDE,outro,"validar em tela, ProcMon e amostra de dados"
config_admin,Material,Ger\Filial\Material.DB,CodMat,CodMat,id_codigo,System.String,6,provavel,True,Paradox/BDE,identificador/vinculo,"validar em tela, ProcMon e amostra de dados"
config_admin,Material,Ger\Filial\Material.DB,DesMat,DesMat,outro,System.String,60,desconhecido,True,Paradox/BDE,outro,"validar em tela, ProcMon e amostra de dados"
config_admin,Material,Ger\Filial\Material.DB,Unidade,Unidade,produto_ref,System.String,6,provavel,True,Paradox/BDE,identificador/vinculo,"validar em tela, ProcMon e amostra de dados"
config_admin,Material,Ger\Filial\Material.DB,Estoque,Estoque,outro,System.Double,8,desconhecido,True,Paradox/BDE,outro,"validar em tela, ProcMon e amostra de dados"
config_admin,Material,Ger\Filial\Material.DB,PreUni,PreUni,outro,System.Double,8,desconhecido,True,Paradox/BDE,outro,"validar em tela, ProcMon e amostra de dados"
config_admin,Material,Ger\Filial\Material.DB,TaxInicial,TaxInicial,outro,System.Double,8,desconhecido,True,Paradox/BDE,outro,"validar em tela, ProcMon e amostra de dados"
config_admin,Material,Ger\Filial\Material.DB,Obs,Obs,texto_observacao,System.String,200,desconhecido,True,Paradox/BDE,texto_observacao,"validar em tela, ProcMon e amostra de dados"
config_admin,Material,Ger\Filial\Material.DB,Obs2,Obs2,texto_observacao,System.String,200,desconhecido,True,Paradox/BDE,texto_observacao,"validar em tela, ProcMon e amostra de dados"
config_admin,Material,Ger\Filial\Material.DB,Obs3,Obs3,texto_observacao,System.String,200,desconhecido,True,Paradox/BDE,texto_observacao,"validar em tela, ProcMon e amostra de dados"
config_admin,Material,Ger\Filial\Material.DB,Obs4,Obs4,texto_observacao,System.String,200,desconhecido,True,Paradox/BDE,texto_observacao,"validar em tela, ProcMon e amostra de dados"
config_admin,Material,Ger\Filial\Material.DB,Obs5,Obs5,texto_observacao,System.String,200,desconhecido,True,Paradox/BDE,texto_observacao,"validar em tela, ProcMon e amostra de dados"
config_admin,Material,Ger\Filial\Material.DB,Tipo,Tipo,outro,System.String,2,desconhecido,True,Paradox/BDE,outro,"validar em tela, ProcMon e amostra de dados"
config_admin,MensagensSMS,Ger\Filial\MensagensSMS.DB,Seq,Seq,outro,System.Int32,4,desconhecido,True,Paradox/BDE,outro,"validar em tela, ProcMon e amostra de dados"
config_admin,MensagensSMS,Ger\Filial\MensagensSMS.DB,Numero,Numero,id_codigo,System.String,100,provavel,True,Paradox/BDE,identificador/vinculo,"validar em tela, ProcMon e amostra de dados"
config_admin,MensagensSMS,Ger\Filial\MensagensSMS.DB,Protocolo,Protocolo,outro,System.String,200,desconhecido,True,Paradox/BDE,outro,"validar em tela, ProcMon e amostra de dados"
config_admin,MensagensSMS,Ger\Filial\MensagensSMS.DB,Status,Status,status_situacao,System.String,60,desconhecido,True,Paradox/BDE,status_situacao,"validar em tela, ProcMon e amostra de dados"
config_admin,MensagensSMS,Ger\Filial\MensagensSMS.DB,Tipo,Tipo,outro,System.String,60,desconhecido,True,Paradox/BDE,outro,"validar em tela, ProcMon e amostra de dados"
config_admin,MensagensSMS,Ger\Filial\MensagensSMS.DB,DatCad,Data,data_hora,System.DateTime,8,desconhecido,True,Paradox/BDE,data_hora,"validar em tela, ProcMon e amostra de dados"
config_admin,MensagensSMS,Ger\Filial\MensagensSMS.DB,HorCad,HorCad,ordem_rol_ref,System.DateTime,8,desconhecido,True,Paradox/BDE,identificador/vinculo,"validar em tela, ProcMon e amostra de dados"
config_admin,MensagensSMS,Ger\Filial\MensagensSMS.DB,DatEnv,Data,data_hora,System.DateTime,8,desconhecido,True,Paradox/BDE,data_hora,"validar em tela, ProcMon e amostra de dados"
config_admin,MensagensSMS,Ger\Filial\MensagensSMS.DB,HorEnv,HorEnv,outro,System.DateTime,8,desconhecido,True,Paradox/BDE,outro,"validar em tela, ProcMon e amostra de dados"
config_admin,MensagensSMS,Ger\Filial\MensagensSMS.DB,Erro,Erro,outro,System.String,500,desconhecido,True,Paradox/BDE,outro,"validar em tela, ProcMon e amostra de dados"
config_admin,MensagensSMS,Ger\Filial\MensagensSMS.DB,Mensagem,Mensagem,outro,System.String,500,desconhecido,True,Paradox/BDE,outro,"validar em tela, ProcMon e amostra de dados"
config_admin,MensagensSMS,Ger\Filial\MensagensSMS.DB,CodErro,CodErro,id_codigo,System.String,100,provavel,True,Paradox/BDE,identificador/vinculo,"validar em tela, ProcMon e amostra de dados"
config_admin,MovConTel,Ger\Filial\MovConTel.DB,NumLinha,NumLinha,id_codigo,System.String,30,provavel,True,Paradox/BDE,identificador/vinculo,"validar em tela, ProcMon e amostra de dados"
config_admin,MovConTel,Ger\Filial\MovConTel.DB,Operadora,Operadora,usuario_auditoria,System.String,6,desconhecido,True,Paradox/BDE,usuario_auditoria,"validar em tela, ProcMon e amostra de dados"
config_admin,MovConTel,Ger\Filial\MovConTel.DB,NumTel,Telefone,id_codigo,System.String,30,provavel,True,Paradox/BDE,identificador/vinculo,"validar em tela, ProcMon e amostra de dados"
config_admin,MovConTel,Ger\Filial\MovConTel.DB,DatTel,Telefone,cliente_ref,System.DateTime,8,desconhecido,True,Paradox/BDE,identificador/vinculo,"validar em tela, ProcMon e amostra de dados"
config_admin,MovConTel,Ger\Filial\MovConTel.DB,HorTel,Telefone,cliente_ref,System.DateTime,8,desconhecido,True,Paradox/BDE,identificador/vinculo,"validar em tela, ProcMon e amostra de dados"
config_admin,MovConTel,Ger\Filial\MovConTel.DB,DurTel,Telefone,cliente_ref,System.Double,8,desconhecido,True,Paradox/BDE,identificador/vinculo,"validar em tela, ProcMon e amostra de dados"
config_admin,MovConTel,Ger\Filial\MovConTel.DB,ObsTel,Telefone,cliente_ref,System.String,100,desconhecido,True,Paradox/BDE,identificador/vinculo,"validar em tela, ProcMon e amostra de dados"
config_admin,MovConTel,Ger\Filial\MovConTel.DB,ValTel,Telefone,cliente_ref,System.Double,8,desconhecido,True,Paradox/BDE,identificador/vinculo,"validar em tela, ProcMon e amostra de dados"
config_admin,MovConTel,Ger\Filial\MovConTel.DB,TipLigacao,TipLigacao,outro,System.String,2,desconhecido,True,Paradox/BDE,outro,"validar em tela, ProcMon e amostra de dados"
config_admin,MovConTel,Ger\Filial\MovConTel.DB,DatVen,Data,data_hora,System.DateTime,8,desconhecido,True,Paradox/BDE,data_hora,"validar em tela, ProcMon e amostra de dados"
ordem_servico_rol,MovControle,Ger\Filial\MovControle.DB,CodCont,CodCont,id_codigo,System.Int32,4,provavel,True,Paradox/BDE,identificador/vinculo,"validar em tela, ProcMon e amostra de dados"
ordem_servico_rol,MovControle,Ger\Filial\MovControle.DB,Seq,Seq,outro,System.Int32,4,desconhecido,True,Paradox/BDE,outro,"validar em tela, ProcMon e amostra de dados"
ordem_servico_rol,MovControle,Ger\Filial\MovControle.DB,DatLan,Data,data_hora,System.DateTime,8,desconhecido,True,Paradox/BDE,data_hora,"validar em tela, ProcMon e amostra de dados"
ordem_servico_rol,MovControle,Ger\Filial\MovControle.DB,HorLan,HorLan,outro,System.DateTime,8,desconhecido,True,Paradox/BDE,outro,"validar em tela, ProcMon e amostra de dados"
ordem_servico_rol,MovControle,Ger\Filial\MovControle.DB,CodUsuario,CodUsuario,id_codigo,System.String,20,provavel,True,Paradox/BDE,identificador/vinculo,"validar em tela, ProcMon e amostra de dados"
ordem_servico_rol,MovControle,Ger\Filial\MovControle.DB,CodSistema,CodSistema,id_codigo,System.String,20,provavel,True,Paradox/BDE,identificador/vinculo,"validar em tela, ProcMon e amostra de dados"
ordem_servico_rol,MovControle,Ger\Filial\MovControle.DB,SeqOcor,SeqOcor,outro,System.Int32,4,desconhecido,True,Paradox/BDE,outro,"validar em tela, ProcMon e amostra de dados"
ordem_servico_rol,MovControle,Ger\Filial\MovControle.DB,Solicitacao,Solicitacao,outro,System.String,400,desconhecido,True,Paradox/BDE,outro,"validar em tela, ProcMon e amostra de dados"
ordem_servico_rol,MovControle,Ger\Filial\MovControle.DB,CodCli,Cliente,id_codigo,System.String,20,provavel,True,Paradox/BDE,identificador/vinculo,"validar em tela, ProcMon e amostra de dados"
ordem_servico_rol,MovControle,Ger\Filial\MovControle.DB,Anexo,Anexo,outro,System.String,400,desconhecido,True,Paradox/BDE,outro,"validar em tela, ProcMon e amostra de dados"
ordem_servico_rol,MovControle,Ger\Filial\MovControle.DB,Documenta,Documenta,outro,System.String,200,desconhecido,True,Paradox/BDE,outro,"validar em tela, ProcMon e amostra de dados"
ordem_servico_rol,MovControle,Ger\Filial\MovControle.DB,CodTipCon,CodTipCon,id_codigo,System.Int32,4,provavel,True,Paradox/BDE,identificador/vinculo,"validar em tela, ProcMon e amostra de dados"
ordem_servico_rol,MovControle,Ger\Filial\MovControle.DB,ObsEntrega,ObsEntrega,status_situacao,System.String,400,desconhecido,True,Paradox/BDE,status_situacao,"validar em tela, ProcMon e amostra de dados"
ordem_servico_rol,MovControle,Ger\Filial\MovControle.DB,ProcEfetuados,ProcEfetuados,ordem_rol_ref,System.String,400,desconhecido,True,Paradox/BDE,identificador/vinculo,"validar em tela, ProcMon e amostra de dados"
ordem_servico_rol,MovControle,Ger\Filial\MovControle.DB,Contato,Contato,outro,System.String,100,desconhecido,True,Paradox/BDE,outro,"validar em tela, ProcMon e amostra de dados"
ordem_servico_rol,MovControle,Ger\Filial\MovControle.DB,email,E-mail,cliente_ref,System.String,400,desconhecido,True,Paradox/BDE,identificador/vinculo,"validar em tela, ProcMon e amostra de dados"
ordem_servico_rol,MovControle,Ger\Filial\MovControle.DB,Situacao,Status,status_situacao,System.String,2,desconhecido,True,Paradox/BDE,status_situacao,"validar em tela, ProcMon e amostra de dados"
ordem_servico_rol,MovControle,Ger\Filial\MovControle.DB,DatAnalise,Data,data_hora,System.DateTime,8,provavel,True,Paradox/BDE,data_hora,"validar em tela, ProcMon e amostra de dados"
ordem_servico_rol,MovControle,Ger\Filial\MovControle.DB,HorAnalise,Hora,data_hora,System.DateTime,8,desconhecido,True,Paradox/BDE,data_hora,"validar em tela, ProcMon e amostra de dados"
ordem_servico_rol,MovControle,Ger\Filial\MovControle.DB,CodUsuarioAnal,CodUsuarioAnal,id_codigo,System.String,20,provavel,True,Paradox/BDE,identificador/vinculo,"validar em tela, ProcMon e amostra de dados"
ordem_servico_rol,MovControle,Ger\Filial\MovControle.DB,DatPrevSol,Data,data_hora,System.DateTime,8,desconhecido,True,Paradox/BDE,data_hora,"validar em tela, ProcMon e amostra de dados"
ordem_servico_rol,MovControle,Ger\Filial\MovControle.DB,DatPrevExec,Data,data_hora,System.DateTime,8,desconhecido,True,Paradox/BDE,data_hora,"validar em tela, ProcMon e amostra de dados"
ordem_servico_rol,MovControle,Ger\Filial\MovControle.DB,CodUsuarioResp,CodUsuarioResp,id_codigo,System.String,20,provavel,True,Paradox/BDE,identificador/vinculo,"validar em tela, ProcMon e amostra de dados"
ordem_servico_rol,MovControle,Ger\Filial\MovControle.DB,Conclusao,Conclusao,outro,System.String,400,desconhecido,True,Paradox/BDE,outro,"validar em tela, ProcMon e amostra de dados"
ordem_servico_rol,MovControle,Ger\Filial\MovControle.DB,DatConc,Data,data_hora,System.DateTime,8,desconhecido,True,Paradox/BDE,data_hora,"validar em tela, ProcMon e amostra de dados"
ordem_servico_rol,MovControle,Ger\Filial\MovControle.DB,HorConc,HorConc,ordem_rol_ref,System.DateTime,8,desconhecido,True,Paradox/BDE,identificador/vinculo,"validar em tela, ProcMon e amostra de dados"
ordem_servico_rol,MovControle,Ger\Filial\MovControle.DB,CodUsuarioConc,CodUsuarioConc,id_codigo,System.String,20,provavel,True,Paradox/BDE,identificador/vinculo,"validar em tela, ProcMon e amostra de dados"
ordem_servico_rol,MovControle,Ger\Filial\MovControle.DB,CodContCon,CodContCon,id_codigo,System.Int32,4,provavel,True,Paradox/BDE,identificador/vinculo,"validar em tela, ProcMon e amostra de dados"
ordem_servico_rol,MovControle,Ger\Filial\MovControle.DB,CodMelhor,CodMelhor,id_codigo,System.Int32,4,provavel,True,Paradox/BDE,identificador/vinculo,"validar em tela, ProcMon e amostra de dados"
ordem_servico_rol,MovControle,Ger\Filial\MovControle.DB,ObsMelhor,ObsMelhor,texto_observacao,System.String,400,desconhecido,True,Paradox/BDE,texto_observacao,"validar em tela, ProcMon e amostra de dados"
ordem_servico_rol,MovControle,Ger\Filial\MovControle.DB,CodUsuarioMel,CodUsuarioMel,id_codigo,System.String,20,provavel,True,Paradox/BDE,identificador/vinculo,"validar em tela, ProcMon e amostra de dados"
ordem_servico_rol,MovControle,Ger\Filial\MovControle.DB,DescAnalise,Desconto/Descricao,valor_monetario,System.String,400,desconhecido,True,Paradox/BDE,valor_monetario,"validar em tela, ProcMon e amostra de dados"
ordem_servico_rol,MovControle,Ger\Filial\MovControle.DB,CodUsuAprov,CodUsuAprov,id_codigo,System.String,20,provavel,True,Paradox/BDE,identificador/vinculo,"validar em tela, ProcMon e amostra de dados"
ordem_servico_rol,MovControle,Ger\Filial\MovControle.DB,DatAprov,Data,data_hora,System.DateTime,8,provavel,True,Paradox/BDE,data_hora,"validar em tela, ProcMon e amostra de dados"
ordem_servico_rol,MovControle,Ger\Filial\MovControle.DB,HorAprov,Hora,data_hora,System.DateTime,8,desconhecido,True,Paradox/BDE,data_hora,"validar em tela, ProcMon e amostra de dados"
ordem_servico_rol,MovControle,Ger\Filial\MovControle.DB,CodRespConclu,CodRespConclu,id_codigo,System.String,20,provavel,True,Paradox/BDE,identificador/vinculo,"validar em tela, ProcMon e amostra de dados"
ordem_servico_rol,MovControle,Ger\Filial\MovControle.DB,HorExec,HorExec,outro,System.DateTime,8,desconhecido,True,Paradox/BDE,outro,"validar em tela, ProcMon e amostra de dados"
ordem_servico_rol,MovControle,Ger\Filial\MovControle.DB,ObsAprov,ObsAprov,status_situacao,System.String,400,desconhecido,True,Paradox/BDE,status_situacao,"validar em tela, ProcMon e amostra de dados"
ordem_servico_rol,MovControle,Ger\Filial\MovControle.DB,Cancelado,Celular,cliente_ref,System.String,2,desconhecido,True,Paradox/BDE,identificador/vinculo,"validar em tela, ProcMon e amostra de dados"
ordem_servico_rol,MovControle,Ger\Filial\MovControle.DB,UsuAprov,UsuAprov,status_situacao,System.String,20,desconhecido,True,Paradox/BDE,status_situacao,"validar em tela, ProcMon e amostra de dados"
ordem_servico_rol,MovControle,Ger\Filial\MovControle.DB,DatCan,Data,data_hora,System.DateTime,8,desconhecido,True,Paradox/BDE,data_hora,"validar em tela, ProcMon e amostra de dados"
ordem_servico_rol,MovControle,Ger\Filial\MovControle.DB,HorCan,HorCan,ordem_rol_ref,System.DateTime,8,desconhecido,True,Paradox/BDE,identificador/vinculo,"validar em tela, ProcMon e amostra de dados"
ordem_servico_rol,MovControle,Ger\Filial\MovControle.DB,MotivoCan,MotivoCan,texto_observacao,System.String,100,desconhecido,True,Paradox/BDE,texto_observacao,"validar em tela, ProcMon e amostra de dados"
ordem_servico_rol,MovControle,Ger\Filial\MovControle.DB,UsuarioCan,UsuarioCan,usuario_auditoria,System.String,20,desconhecido,True,Paradox/BDE,usuario_auditoria,"validar em tela, ProcMon e amostra de dados"
ordem_servico_rol,MovControle,Ger\Filial\MovControle.DB,Status,Status,status_situacao,System.String,60,desconhecido,True,Paradox/BDE,status_situacao,"validar em tela, ProcMon e amostra de dados"
ordem_servico_rol,MovControle,Ger\Filial\MovControle.DB,Depto,Depto,outro,System.String,60,desconhecido,True,Paradox/BDE,outro,"validar em tela, ProcMon e amostra de dados"
ordem_servico_rol,MovControle,Ger\Filial\MovControle.DB,Versao,Versao,outro,System.String,20,desconhecido,True,Paradox/BDE,outro,"validar em tela, ProcMon e amostra de dados"
ordem_servico_rol,MovControle,Ger\Filial\MovControle.DB,StatusInf,Status,status_situacao,System.String,100,desconhecido,True,Paradox/BDE,status_situacao,"validar em tela, ProcMon e amostra de dados"
ordem_servico_rol,MovControle,Ger\Filial\MovControle.DB,CodUsuAprovCom,CodUsuAprovCom,id_codigo,System.String,20,provavel,True,Paradox/BDE,identificador/vinculo,"validar em tela, ProcMon e amostra de dados"
ordem_servico_rol,MovControle,Ger\Filial\MovControle.DB,StatusAprovCom,Status,status_situacao,System.String,60,desconhecido,True,Paradox/BDE,status_situacao,"validar em tela, ProcMon e amostra de dados"
ordem_servico_rol,MovControle,Ger\Filial\MovControle.DB,UsuAprovCom,UsuAprovCom,status_situacao,System.String,20,desconhecido,True,Paradox/BDE,status_situacao,"validar em tela, ProcMon e amostra de dados"
ordem_servico_rol,MovControle,Ger\Filial\MovControle.DB,DatAprovCom,Data,data_hora,System.DateTime,8,provavel,True,Paradox/BDE,data_hora,"validar em tela, ProcMon e amostra de dados"
ordem_servico_rol,MovControle,Ger\Filial\MovControle.DB,HorAprovCom,Hora,data_hora,System.DateTime,8,desconhecido,True,Paradox/BDE,data_hora,"validar em tela, ProcMon e amostra de dados"
ordem_servico_rol,MovControle,Ger\Filial\MovControle.DB,CodRespAnalise,CodRespAnalise,id_codigo,System.String,20,provavel,True,Paradox/BDE,identificador/vinculo,"validar em tela, ProcMon e amostra de dados"
ordem_servico_rol,MovControle,Ger\Filial\MovControle.DB,DatSegAna,Data,data_hora,System.DateTime,8,desconhecido,True,Paradox/BDE,data_hora,"validar em tela, ProcMon e amostra de dados"
ordem_servico_rol,MovControle,Ger\Filial\MovControle.DB,HorSegAna,HorSegAna,outro,System.DateTime,8,desconhecido,True,Paradox/BDE,outro,"validar em tela, ProcMon e amostra de dados"
ordem_servico_rol,MovControle,Ger\Filial\MovControle.DB,SegAnalise,SegAnalise,outro,System.String,400,desconhecido,True,Paradox/BDE,outro,"validar em tela, ProcMon e amostra de dados"
ordem_servico_rol,MovControle,Ger\Filial\MovControle.DB,QtdadeHorasDes,Quantidade,quantidade,System.DateTime,8,provavel,True,Paradox/BDE,quantidade,"validar em tela, ProcMon e amostra de dados"
ordem_servico_rol,MovControle,Ger\Filial\MovControle.DB,CodUsuarioConclu,CodUsuarioConclu,id_codigo,System.String,20,provavel,True,Paradox/BDE,identificador/vinculo,"validar em tela, ProcMon e amostra de dados"
ordem_servico_rol,MovControle,Ger\Filial\MovControle.DB,Prioridade,Prioridade,outro,System.String,60,provavel,True,Paradox/BDE,outro,"validar em tela, ProcMon e amostra de dados"
ordem_servico_rol,MovControle,Ger\Filial\MovControle.DB,Rotina,Rotina,outro,System.String,100,desconhecido,True,Paradox/BDE,outro,"validar em tela, ProcMon e amostra de dados"
ordem_servico_rol,MovProc,Ger\Filial\MovProc.DB,CodCad,CodCad,id_codigo,System.String,20,provavel,True,Paradox/BDE,identificador/vinculo,"validar em tela, ProcMon e amostra de dados"
ordem_servico_rol,MovProc,Ger\Filial\MovProc.DB,CodProces,CodProces,id_codigo,System.String,20,provavel,True,Paradox/BDE,identificador/vinculo,"validar em tela, ProcMon e amostra de dados"
ordem_servico_rol,MovProc,Ger\Filial\MovProc.DB,SeqProces,SeqProces,outro,System.Int32,4,desconhecido,True,Paradox/BDE,outro,"validar em tela, ProcMon e amostra de dados"
ordem_servico_rol,MovProc,Ger\Filial\MovProc.DB,SeqSat,SeqSat,fiscal_documento,System.Int32,4,desconhecido,True,Paradox/BDE,fiscal_documento,"validar em tela, ProcMon e amostra de dados"
ordem_servico_rol,MovProc,Ger\Filial\MovProc.DB,SeqOcor,SeqOcor,outro,System.Int32,4,desconhecido,True,Paradox/BDE,outro,"validar em tela, ProcMon e amostra de dados"
ordem_servico_rol,MovProc,Ger\Filial\MovProc.DB,Situacao,Status,status_situacao,System.String,2,desconhecido,True,Paradox/BDE,status_situacao,"validar em tela, ProcMon e amostra de dados"
ordem_servico_rol,MovProc,Ger\Filial\MovProc.DB,Obs,Obs,texto_observacao,System.String,400,desconhecido,True,Paradox/BDE,texto_observacao,"validar em tela, ProcMon e amostra de dados"
ordem_servico_rol,MovProc,Ger\Filial\MovProc.DB,Versao,Versao,outro,System.String,20,desconhecido,True,Paradox/BDE,outro,"validar em tela, ProcMon e amostra de dados"
ordem_servico_rol,MovProc,Ger\Filial\MovProc.DB,Prazo,Prazo,outro,System.Int32,4,desconhecido,True,Paradox/BDE,outro,"validar em tela, ProcMon e amostra de dados"
ordem_servico_rol,MovProc,Ger\Filial\MovProc.DB,DesProces,Produto,produto_ref,System.String,100,desconhecido,True,Paradox/BDE,identificador/vinculo,"validar em tela, ProcMon e amostra de dados"
ordem_servico_rol,MovProc,Ger\Filial\MovProc.DB,DatIni,Data,data_hora,System.DateTime,8,desconhecido,True,Paradox/BDE,data_hora,"validar em tela, ProcMon e amostra de dados"
ordem_servico_rol,MovProc,Ger\Filial\MovProc.DB,Resp,Resp,outro,System.String,20,desconhecido,True,Paradox/BDE,outro,"validar em tela, ProcMon e amostra de dados"
ordem_servico_rol,MovProc,Ger\Filial\MovProc.DB,TipSat,TipSat,fiscal_documento,System.String,2,desconhecido,True,Paradox/BDE,fiscal_documento,"validar em tela, ProcMon e amostra de dados"
ordem_servico_rol,MovProcItem,Ger\Filial\MovProcItem.DB,CodCad,CodCad,id_codigo,System.String,20,provavel,True,Paradox/BDE,identificador/vinculo,"validar em tela, ProcMon e amostra de dados"
ordem_servico_rol,MovProcItem,Ger\Filial\MovProcItem.DB,CodProces,CodProces,id_codigo,System.String,20,provavel,True,Paradox/BDE,identificador/vinculo,"validar em tela, ProcMon e amostra de dados"
ordem_servico_rol,MovProcItem,Ger\Filial\MovProcItem.DB,SeqProcCad,SeqProcCad,data_hora,System.Int32,4,desconhecido,True,Paradox/BDE,data_hora,"validar em tela, ProcMon e amostra de dados"
ordem_servico_rol,MovProcItem,Ger\Filial\MovProcItem.DB,Seq,Seq,outro,System.Int32,4,desconhecido,True,Paradox/BDE,outro,"validar em tela, ProcMon e amostra de dados"
ordem_servico_rol,MovProcItem,Ger\Filial\MovProcItem.DB,Situacao,Status,status_situacao,System.String,2,desconhecido,True,Paradox/BDE,status_situacao,"validar em tela, ProcMon e amostra de dados"
ordem_servico_rol,MovProcItem,Ger\Filial\MovProcItem.DB,Obs,Obs,texto_observacao,System.String,200,desconhecido,True,Paradox/BDE,texto_observacao,"validar em tela, ProcMon e amostra de dados"
ordem_servico_rol,MovProcItem,Ger\Filial\MovProcItem.DB,DesOpera,DesOpera,outro,System.String,200,desconhecido,True,Paradox/BDE,outro,"validar em tela, ProcMon e amostra de dados"
ordem_servico_rol,MovProcItem,Ger\Filial\MovProcItem.DB,TipProces,TipProces,outro,System.String,2,desconhecido,True,Paradox/BDE,outro,"validar em tela, ProcMon e amostra de dados"
ordem_servico_rol,MovProcItem,Ger\Filial\MovProcItem.DB,Ordem,Ordem,outro,System.String,30,desconhecido,True,Paradox/BDE,outro,"validar em tela, ProcMon e amostra de dados"
ordem_servico_rol,MovProcItem,Ger\Filial\MovProcItem.DB,DatFim,Data,data_hora,System.DateTime,8,desconhecido,True,Paradox/BDE,data_hora,"validar em tela, ProcMon e amostra de dados"
ordem_servico_rol,MovProcItem,Ger\Filial\MovProcItem.DB,DatConc,Data,data_hora,System.DateTime,8,desconhecido,True,Paradox/BDE,data_hora,"validar em tela, ProcMon e amostra de dados"
ordem_servico_rol,MovProcItem,Ger\Filial\MovProcItem.DB,RespConc,RespConc,outro,System.String,20,desconhecido,True,Paradox/BDE,outro,"validar em tela, ProcMon e amostra de dados"
ordem_servico_rol,MovProcItem,Ger\Filial\MovProcItem.DB,Resp,Resp,outro,System.String,20,desconhecido,True,Paradox/BDE,outro,"validar em tela, ProcMon e amostra de dados"
ordem_servico_rol,MovProcItem,Ger\Filial\MovProcItem.DB,ObsOpera,ObsOpera,texto_observacao,System.String,510,desconhecido,True,Paradox/BDE,texto_observacao,"validar em tela, ProcMon e amostra de dados"
ordem_servico_rol,MovProcItem,Ger\Filial\MovProcItem.DB,Marca,Marca,produto_ref,System.String,2,desconhecido,True,Paradox/BDE,identificador/vinculo,"validar em tela, ProcMon e amostra de dados"
config_admin,NovoReg,Ger\Filial\NovoReg.DB,NovoReg,NovoReg,outro,System.String,2,desconhecido,True,Paradox/BDE,outro,"validar em tela, ProcMon e amostra de dados"
config_admin,Ponto,Ger\Filial\Ponto.DB,CodUsuario,CodUsuario,id_codigo,System.String,20,provavel,True,Paradox/BDE,identificador/vinculo,"validar em tela, ProcMon e amostra de dados"
config_admin,Ponto,Ger\Filial\Ponto.DB,DatPonto,Data,data_hora,System.DateTime,8,desconhecido,True,Paradox/BDE,data_hora,"validar em tela, ProcMon e amostra de dados"
config_admin,Ponto,Ger\Filial\Ponto.DB,Horas,Hora,data_hora,System.DateTime,8,desconhecido,True,Paradox/BDE,data_hora,"validar em tela, ProcMon e amostra de dados"
config_admin,Ponto,Ger\Filial\Ponto.DB,Obs,Obs,texto_observacao,System.String,300,desconhecido,True,Paradox/BDE,texto_observacao,"validar em tela, ProcMon e amostra de dados"
config_admin,Ponto,Ger\Filial\Ponto.DB,SeqExporta,SeqExporta,outro,System.Int32,4,desconhecido,True,Paradox/BDE,outro,"validar em tela, ProcMon e amostra de dados"
config_admin,Ponto,Ger\Filial\Ponto.DB,PontoClas,PontoClas,outro,System.String,10,desconhecido,True,Paradox/BDE,outro,"validar em tela, ProcMon e amostra de dados"
config_admin,Ponto,Ger\Filial\Ponto.DB,HorasDia,Hora,data_hora,System.DateTime,8,desconhecido,True,Paradox/BDE,data_hora,"validar em tela, ProcMon e amostra de dados"
config_admin,PontoEnc,Ger\Filial\PontoEnc.DB,CodUsuario,CodUsuario,id_codigo,System.String,20,provavel,True,Paradox/BDE,identificador/vinculo,"validar em tela, ProcMon e amostra de dados"
config_admin,PontoEnc,Ger\Filial\PontoEnc.DB,DatEnc,Data,data_hora,System.DateTime,8,desconhecido,True,Paradox/BDE,data_hora,"validar em tela, ProcMon e amostra de dados"
config_admin,PontoEnc,Ger\Filial\PontoEnc.DB,SaldoMin,SaldoMin,valor_monetario,System.Double,8,desconhecido,True,Paradox/BDE,valor_monetario,"validar em tela, ProcMon e amostra de dados"
config_admin,PontoEnc,Ger\Filial\PontoEnc.DB,Obs,Obs,texto_observacao,System.String,400,desconhecido,True,Paradox/BDE,texto_observacao,"validar em tela, ProcMon e amostra de dados"
config_admin,ProcesMaq,Ger\Filial\ProcesMaq.DB,CodProcMaq,CodProcMaq,id_codigo,System.String,20,provavel,True,Paradox/BDE,identificador/vinculo,"validar em tela, ProcMon e amostra de dados"
config_admin,ProcesMaq,Ger\Filial\ProcesMaq.DB,CodMaq,CodMaq,id_codigo,System.String,10,provavel,True,Paradox/BDE,identificador/vinculo,"validar em tela, ProcMon e amostra de dados"
config_admin,ProcesMaq,Ger\Filial\ProcesMaq.DB,DesProcMaq,Produto,produto_ref,System.String,60,desconhecido,True,Paradox/BDE,identificador/vinculo,"validar em tela, ProcMon e amostra de dados"
config_admin,ProcesMaq,Ger\Filial\ProcesMaq.DB,Cancelado,Celular,cliente_ref,System.String,2,desconhecido,True,Paradox/BDE,identificador/vinculo,"validar em tela, ProcMon e amostra de dados"
config_admin,ProcesMaq,Ger\Filial\ProcesMaq.DB,DatCan,Data,data_hora,System.DateTime,8,desconhecido,True,Paradox/BDE,data_hora,"validar em tela, ProcMon e amostra de dados"
config_admin,ProcesMaq,Ger\Filial\ProcesMaq.DB,MotivoCan,MotivoCan,texto_observacao,System.String,100,desconhecido,True,Paradox/BDE,texto_observacao,"validar em tela, ProcMon e amostra de dados"
config_admin,ProcesMaq,Ger\Filial\ProcesMaq.DB,Obs,Obs,texto_observacao,System.String,100,desconhecido,True,Paradox/BDE,texto_observacao,"validar em tela, ProcMon e amostra de dados"
config_admin,ProcesMaqComp,Ger\Filial\ProcesMaqComp.DB,CodProcMaq,CodProcMaq,id_codigo,System.String,20,provavel,True,Paradox/BDE,identificador/vinculo,"validar em tela, ProcMon e amostra de dados"
config_admin,ProcesMaqComp,Ger\Filial\ProcesMaqComp.DB,CodMaq,CodMaq,id_codigo,System.String,10,provavel,True,Paradox/BDE,identificador/vinculo,"validar em tela, ProcMon e amostra de dados"
config_admin,ProcesMaqComp,Ger\Filial\ProcesMaqComp.DB,CodTipProc,CodTipProc,id_codigo,System.String,10,provavel,True,Paradox/BDE,identificador/vinculo,"validar em tela, ProcMon e amostra de dados"
config_admin,ProcesMaqComp,Ger\Filial\ProcesMaqComp.DB,CodUniPro,CodUniPro,id_codigo,System.String,10,provavel,True,Paradox/BDE,identificador/vinculo,"validar em tela, ProcMon e amostra de dados"
config_admin,ProcesMaqComp,Ger\Filial\ProcesMaqComp.DB,Tempo,Tempo,outro,System.DateTime,8,desconhecido,True,Paradox/BDE,outro,"validar em tela, ProcMon e amostra de dados"
config_admin,ProdComArea,Ger\Filial\ProdComArea.DB,CodPro,CodPro,id_codigo,System.String,6,provavel,True,Paradox/BDE,identificador/vinculo,"validar em tela, ProcMon e amostra de dados"
config_admin,ProdComArea,Ger\Filial\ProdComArea.DB,CodArea,CodArea,id_codigo,System.String,6,provavel,True,Paradox/BDE,identificador/vinculo,"validar em tela, ProcMon e amostra de dados"
config_admin,ProdComArea,Ger\Filial\ProdComArea.DB,Comissao,Comissao,fiscal_documento,System.Double,8,desconhecido,True,Paradox/BDE,fiscal_documento,"validar em tela, ProcMon e amostra de dados"
config_admin,ProdComArea,Ger\Filial\ProdComArea.DB,Tipo,Tipo,outro,System.String,2,desconhecido,True,Paradox/BDE,outro,"validar em tela, ProcMon e amostra de dados"
config_admin,ProdKit,Ger\Filial\ProdKit.DB,CodPro,CodPro,id_codigo,System.String,6,provavel,True,Paradox/BDE,identificador/vinculo,"validar em tela, ProcMon e amostra de dados"
config_admin,ProdKit,Ger\Filial\ProdKit.DB,CodProKit,CodProKit,id_codigo,System.String,6,provavel,True,Paradox/BDE,identificador/vinculo,"validar em tela, ProcMon e amostra de dados"
config_admin,ProdKit,Ger\Filial\ProdKit.DB,Obs,Obs,texto_observacao,System.String,100,desconhecido,True,Paradox/BDE,texto_observacao,"validar em tela, ProcMon e amostra de dados"
produto_servico,Produt,Ger\Filial\Produt.DB,CodPro,CodPro,id_codigo,System.String,6,provavel,True,Paradox/BDE,identificador/vinculo,"validar em tela, ProcMon e amostra de dados"
produto_servico,Produt,Ger\Filial\Produt.DB,DesPro,Produto,produto_ref,System.String,60,desconhecido,True,Paradox/BDE,identificador/vinculo,"validar em tela, ProcMon e amostra de dados"
produto_servico,Produt,Ger\Filial\Produt.DB,GruPro,GruPro,outro,System.String,10,desconhecido,True,Paradox/BDE,outro,"validar em tela, ProcMon e amostra de dados"
produto_servico,Produt,Ger\Filial\Produt.DB,Quant_Est,Quantidade,quantidade,System.Int32,4,desconhecido,True,Paradox/BDE,quantidade,"validar em tela, ProcMon e amostra de dados"
produto_servico,Produt,Ger\Filial\Produt.DB,Quant_Cli,Quantidade,quantidade,System.Int32,4,desconhecido,True,Paradox/BDE,quantidade,"validar em tela, ProcMon e amostra de dados"
produto_servico,Produt,Ger\Filial\Produt.DB,PrePro,PrePro,outro,System.Double,8,desconhecido,True,Paradox/BDE,outro,"validar em tela, ProcMon e amostra de dados"
produto_servico,Produt,Ger\Filial\Produt.DB,ArqImagem,ArqImagem,outro,System.String,400,desconhecido,True,Paradox/BDE,outro,"validar em tela, ProcMon e amostra de dados"
produto_servico,Produt,Ger\Filial\Produt.DB,PesoProduto,Produto,produto_ref,System.Double,8,desconhecido,True,Paradox/BDE,identificador/vinculo,"validar em tela, ProcMon e amostra de dados"
produto_servico,Produt,Ger\Filial\Produt.DB,TipoControle,ROL/OS,ordem_rol_ref,System.String,20,desconhecido,True,Paradox/BDE,identificador/vinculo,"validar em tela, ProcMon e amostra de dados"
produto_servico,Produt,Ger\Filial\Produt.DB,Unidade,Unidade,produto_ref,System.String,6,provavel,True,Paradox/BDE,identificador/vinculo,"validar em tela, ProcMon e amostra de dados"
produto_servico,Produt,Ger\Filial\Produt.DB,QdePecas,QdePecas,ordem_rol_ref,System.Int32,4,desconhecido,True,Paradox/BDE,identificador/vinculo,"validar em tela, ProcMon e amostra de dados"
produto_servico,Produt,Ger\Filial\Produt.DB,ValCom,ValCom,outro,System.Double,8,desconhecido,True,Paradox/BDE,outro,"validar em tela, ProcMon e amostra de dados"
produto_servico,Produt,Ger\Filial\Produt.DB,Pontos,Pontos,ordem_rol_ref,System.Int32,4,desconhecido,True,Paradox/BDE,identificador/vinculo,"validar em tela, ProcMon e amostra de dados"
produto_servico,Produt,Ger\Filial\Produt.DB,TipCom,TipCom,outro,System.String,2,desconhecido,True,Paradox/BDE,outro,"validar em tela, ProcMon e amostra de dados"
produto_servico,Produt,Ger\Filial\Produt.DB,ValComL,ValComL,outro,System.Double,8,desconhecido,True,Paradox/BDE,outro,"validar em tela, ProcMon e amostra de dados"
produto_servico,Produt,Ger\Filial\Produt.DB,PontosL,PontosL,ordem_rol_ref,System.Int32,4,desconhecido,True,Paradox/BDE,identificador/vinculo,"validar em tela, ProcMon e amostra de dados"
produto_servico,Produt,Ger\Filial\Produt.DB,TipComL,TipComL,outro,System.String,2,desconhecido,True,Paradox/BDE,outro,"validar em tela, ProcMon e amostra de dados"
produto_servico,Produt,Ger\Filial\Produt.DB,CodFor,CodFor,id_codigo,System.String,20,provavel,True,Paradox/BDE,identificador/vinculo,"validar em tela, ProcMon e amostra de dados"
produto_servico,Produt,Ger\Filial\Produt.DB,ComForTer,ComForTer,outro,System.Double,8,desconhecido,True,Paradox/BDE,outro,"validar em tela, ProcMon e amostra de dados"
produto_servico,Produt,Ger\Filial\Produt.DB,TipForTer,TipForTer,outro,System.String,2,desconhecido,True,Paradox/BDE,outro,"validar em tela, ProcMon e amostra de dados"
produto_servico,Produt,Ger\Filial\Produt.DB,Cancelado,Celular,cliente_ref,System.String,2,desconhecido,True,Paradox/BDE,identificador/vinculo,"validar em tela, ProcMon e amostra de dados"
produto_servico,Produt,Ger\Filial\Produt.DB,DatCan,Data,data_hora,System.DateTime,8,desconhecido,True,Paradox/BDE,data_hora,"validar em tela, ProcMon e amostra de dados"
produto_servico,Produt,Ger\Filial\Produt.DB,MotivoCan,MotivoCan,texto_observacao,System.String,100,desconhecido,True,Paradox/BDE,texto_observacao,"validar em tela, ProcMon e amostra de dados"
produto_servico,Produt,Ger\Filial\Produt.DB,GruProSub,GruProSub,ordem_rol_ref,System.String,10,desconhecido,True,Paradox/BDE,identificador/vinculo,"validar em tela, ProcMon e amostra de dados"
produto_servico,Produt,Ger\Filial\Produt.DB,PontosProd,PontosProd,ordem_rol_ref,System.Int32,4,desconhecido,True,Paradox/BDE,identificador/vinculo,"validar em tela, ProcMon e amostra de dados"
produto_servico,Produt,Ger\Filial\Produt.DB,CodProEst,CodProEst,id_codigo,System.String,40,provavel,True,Paradox/BDE,identificador/vinculo,"validar em tela, ProcMon e amostra de dados"
produto_servico,Produt,Ger\Filial\Produt.DB,CodEst,CodEst,id_codigo,System.String,10,provavel,True,Paradox/BDE,identificador/vinculo,"validar em tela, ProcMon e amostra de dados"
produto_servico,Produt,Ger\Filial\Produt.DB,TamPeca,TamPeca,ordem_rol_ref,System.Int32,4,desconhecido,True,Paradox/BDE,identificador/vinculo,"validar em tela, ProcMon e amostra de dados"
produto_servico,Produt,Ger\Filial\Produt.DB,EntSai,EntSai,outro,System.String,2,desconhecido,True,Paradox/BDE,outro,"validar em tela, ProcMon e amostra de dados"
produto_servico,Produt,Ger\Filial\Produt.DB,Promocao,Promocao,outro,System.String,6,desconhecido,True,Paradox/BDE,outro,"validar em tela, ProcMon e amostra de dados"
produto_servico,Produt,Ger\Filial\Produt.DB,CriaProQde,CriaProQde,outro,System.String,2,desconhecido,True,Paradox/BDE,outro,"validar em tela, ProcMon e amostra de dados"
produto_servico,Produt,Ger\Filial\Produt.DB,LimQdeCon,LimQdeCon,outro,System.Int32,4,desconhecido,True,Paradox/BDE,outro,"validar em tela, ProcMon e amostra de dados"
produto_servico,Produt,Ger\Filial\Produt.DB,ProdIntCS,ProdIntCS,outro,System.String,6,desconhecido,True,Paradox/BDE,outro,"validar em tela, ProcMon e amostra de dados"
produto_servico,Produt,Ger\Filial\Produt.DB,ImpPas,ImpPas,outro,System.String,2,desconhecido,True,Paradox/BDE,outro,"validar em tela, ProcMon e amostra de dados"
produto_servico,Produt,Ger\Filial\Produt.DB,CFOP,CFOP,fiscal_documento,System.String,30,desconhecido,True,Paradox/BDE,fiscal_documento,"validar em tela, ProcMon e amostra de dados"
produto_servico,Produt,Ger\Filial\Produt.DB,CFiscal,CFiscal,outro,System.String,30,desconhecido,True,Paradox/BDE,outro,"validar em tela, ProcMon e amostra de dados"
produto_servico,Produt,Ger\Filial\Produt.DB,TipImpEti,TipImpEti,fiscal_documento,System.String,2,desconhecido,True,Paradox/BDE,fiscal_documento,"validar em tela, ProcMon e amostra de dados"
produto_servico,Produt,Ger\Filial\Produt.DB,ISS,ISS,fiscal_documento,System.Double,8,desconhecido,True,Paradox/BDE,fiscal_documento,"validar em tela, ProcMon e amostra de dados"
produto_servico,Produt,Ger\Filial\Produt.DB,CodPro2,CodPro2,id_codigo,System.String,20,provavel,True,Paradox/BDE,identificador/vinculo,"validar em tela, ProcMon e amostra de dados"
produto_servico,Produt,Ger\Filial\Produt.DB,BloqAltPre,BloqAltPre,data_hora,System.String,2,desconhecido,True,Paradox/BDE,data_hora,"validar em tela, ProcMon e amostra de dados"
produto_servico,Produt,Ger\Filial\Produt.DB,CodProTer,CodProTer,id_codigo,System.String,20,provavel,True,Paradox/BDE,identificador/vinculo,"validar em tela, ProcMon e amostra de dados"
produto_servico,Produt,Ger\Filial\Produt.DB,PedeIden,PedeIden,outro,System.String,2,provavel,True,Paradox/BDE,outro,"validar em tela, ProcMon e amostra de dados"
produto_servico,Produt,Ger\Filial\Produt.DB,VidaUtil,VidaUtil,outro,System.Int32,4,provavel,True,Paradox/BDE,outro,"validar em tela, ProcMon e amostra de dados"
produto_servico,Produt,Ger\Filial\Produt.DB,TipPagTer,TipPagTer,outro,System.String,2,desconhecido,True,Paradox/BDE,outro,"validar em tela, ProcMon e amostra de dados"
produto_servico,Produt,Ger\Filial\Produt.DB,TipProces,TipProces,outro,System.Int32,4,desconhecido,True,Paradox/BDE,outro,"validar em tela, ProcMon e amostra de dados"
produto_servico,Produt,Ger\Filial\Produt.DB,ResumoProd,ResumoProd,outro,System.Boolean,1,desconhecido,True,Paradox/BDE,outro,"validar em tela, ProcMon e amostra de dados"
produto_servico,Produt,Ger\Filial\Produt.DB,FatorDev,FatorDev,outro,System.Double,8,desconhecido,True,Paradox/BDE,outro,"validar em tela, ProcMon e amostra de dados"
produto_servico,Produt,Ger\Filial\Produt.DB,ProdZero,ProdZero,outro,System.Boolean,1,desconhecido,True,Paradox/BDE,outro,"validar em tela, ProcMon e amostra de dados"
config_admin,ProdutImp,Ger\Filial\ProdutImp.DB,CodPro,CodPro,id_codigo,System.String,6,provavel,True,Paradox/BDE,identificador/vinculo,"validar em tela, ProcMon e amostra de dados"
config_admin,ProdutImp,Ger\Filial\ProdutImp.DB,Campo,Campo,outro,System.String,60,desconhecido,True,Paradox/BDE,outro,"validar em tela, ProcMon e amostra de dados"
config_admin,ProdutImp,Ger\Filial\ProdutImp.DB,Conteudo,Conteudo,outro,System.String,200,desconhecido,True,Paradox/BDE,outro,"validar em tela, ProcMon e amostra de dados"
config_admin,ProdutImp,Ger\Filial\ProdutImp.DB,Valor,Valor,valor_monetario,System.Double,8,provavel,True,Paradox/BDE,valor_monetario,"validar em tela, ProcMon e amostra de dados"
config_admin,ProFaiCom,Ger\Filial\ProFaiCom.DB,CodPro,CodPro,id_codigo,System.String,6,provavel,True,Paradox/BDE,identificador/vinculo,"validar em tela, ProcMon e amostra de dados"
config_admin,ProFaiCom,Ger\Filial\ProFaiCom.DB,CodFaiCom,CodFaiCom,id_codigo,System.String,10,provavel,True,Paradox/BDE,identificador/vinculo,"validar em tela, ProcMon e amostra de dados"
config_admin,ProFaiCom,Ger\Filial\ProFaiCom.DB,ValCom,ValCom,outro,System.Double,8,desconhecido,True,Paradox/BDE,outro,"validar em tela, ProcMon e amostra de dados"
config_admin,ProFaiCom,Ger\Filial\ProFaiCom.DB,TipFaiCom,TipFaiCom,outro,System.String,2,desconhecido,True,Paradox/BDE,outro,"validar em tela, ProcMon e amostra de dados"
config_admin,ResCli,Ger\Filial\ResCli.DB,CodCli,Cliente,id_codigo,System.String,20,provavel,True,Paradox/BDE,identificador/vinculo,"validar em tela, ProcMon e amostra de dados"
config_admin,ResCli,Ger\Filial\ResCli.DB,CodPro,CodPro,id_codigo,System.String,10,provavel,True,Paradox/BDE,identificador/vinculo,"validar em tela, ProcMon e amostra de dados"
config_admin,ResCli,Ger\Filial\ResCli.DB,SeqResCli,SeqResCli,outro,System.Int32,4,desconhecido,True,Paradox/BDE,outro,"validar em tela, ProcMon e amostra de dados"
config_admin,ResCli,Ger\Filial\ResCli.DB,DesResPro,DesResPro,outro,System.String,100,desconhecido,True,Paradox/BDE,outro,"validar em tela, ProcMon e amostra de dados"
config_admin,ResCli,Ger\Filial\ResCli.DB,OrdemImp,OrdemImp,outro,System.Int32,4,desconhecido,True,Paradox/BDE,outro,"validar em tela, ProcMon e amostra de dados"
config_admin,ResPro,Ger\Filial\ResPro.DB,CodPro,CodPro,id_codigo,System.String,10,provavel,True,Paradox/BDE,identificador/vinculo,"validar em tela, ProcMon e amostra de dados"
config_admin,ResPro,Ger\Filial\ResPro.DB,SeqResPro,SeqResPro,outro,System.Int32,4,desconhecido,True,Paradox/BDE,outro,"validar em tela, ProcMon e amostra de dados"
config_admin,ResPro,Ger\Filial\ResPro.DB,DesResPro,DesResPro,outro,System.String,100,desconhecido,True,Paradox/BDE,outro,"validar em tela, ProcMon e amostra de dados"
config_admin,ResPro,Ger\Filial\ResPro.DB,OrdemImp,OrdemImp,outro,System.Int32,4,desconhecido,True,Paradox/BDE,outro,"validar em tela, ProcMon e amostra de dados"
config_admin,ResPro,Ger\Filial\ResPro.DB,SeqExporta,SeqExporta,outro,System.Int32,4,desconhecido,True,Paradox/BDE,outro,"validar em tela, ProcMon e amostra de dados"
config_admin,tabmat,Ger\Filial\tabmat.db,Codmat,Codmat,id_codigo,System.String,6,provavel,True,Paradox/BDE,identificador/vinculo,"validar em tela, ProcMon e amostra de dados"
config_admin,tabmat,Ger\Filial\tabmat.db,Desmat,Desmat,outro,System.String,60,desconhecido,True,Paradox/BDE,outro,"validar em tela, ProcMon e amostra de dados"
config_admin,tabmat,Ger\Filial\tabmat.db,Unidade,Unidade,produto_ref,System.String,6,provavel,True,Paradox/BDE,identificador/vinculo,"validar em tela, ProcMon e amostra de dados"
config_admin,tabmat,Ger\Filial\tabmat.db,Estoque,Estoque,outro,System.Double,8,desconhecido,True,Paradox/BDE,outro,"validar em tela, ProcMon e amostra de dados"
config_admin,TimeSheet,Ger\Filial\TimeSheet.DB,SeqAtiv,SeqAtiv,outro,System.Int32,4,desconhecido,True,Paradox/BDE,outro,"validar em tela, ProcMon e amostra de dados"
config_admin,TimeSheet,Ger\Filial\TimeSheet.DB,DescAtiv,Desconto/Descricao,valor_monetario,System.String,300,desconhecido,True,Paradox/BDE,valor_monetario,"validar em tela, ProcMon e amostra de dados"
config_admin,TimeSheet,Ger\Filial\TimeSheet.DB,ProjAtiv,ProjAtiv,outro,System.String,40,desconhecido,True,Paradox/BDE,outro,"validar em tela, ProcMon e amostra de dados"
config_admin,TimeSheet,Ger\Filial\TimeSheet.DB,CodAtiv,Data,id_codigo,System.String,40,provavel,True,Paradox/BDE,identificador/vinculo,"validar em tela, ProcMon e amostra de dados"
config_admin,TimeSheet,Ger\Filial\TimeSheet.DB,DatLan,Data,data_hora,System.DateTime,8,desconhecido,True,Paradox/BDE,data_hora,"validar em tela, ProcMon e amostra de dados"
config_admin,TimeSheet,Ger\Filial\TimeSheet.DB,Duracao,Duracao,outro,System.Double,8,desconhecido,True,Paradox/BDE,outro,"validar em tela, ProcMon e amostra de dados"
config_admin,TimeSheet,Ger\Filial\TimeSheet.DB,Finalizado,Finalizado,outro,System.Boolean,1,desconhecido,True,Paradox/BDE,outro,"validar em tela, ProcMon e amostra de dados"
config_admin,TimeSheet,Ger\Filial\TimeSheet.DB,CodUsuario,CodUsuario,id_codigo,System.String,20,provavel,True,Paradox/BDE,identificador/vinculo,"validar em tela, ProcMon e amostra de dados"
produto_servico,CadPro,Importa\ESC\DADOS\CadPro.DB,CodPro,CodPro,id_codigo,System.String,10,provavel,True,Paradox/BDE,identificador/vinculo,"validar em tela, ProcMon e amostra de dados"
produto_servico,CadPro,Importa\ESC\DADOS\CadPro.DB,NomPro,NomPro,outro,System.String,60,desconhecido,True,Paradox/BDE,outro,"validar em tela, ProcMon e amostra de dados"
produto_servico,CadPro,Importa\ESC\DADOS\CadPro.DB,EndPro,Endereco,cliente_ref,System.String,60,desconhecido,True,Paradox/BDE,identificador/vinculo,"validar em tela, ProcMon e amostra de dados"
produto_servico,CadPro,Importa\ESC\DADOS\CadPro.DB,CidPro,CidPro,outro,System.String,40,provavel,True,Paradox/BDE,outro,"validar em tela, ProcMon e amostra de dados"
produto_servico,CadPro,Importa\ESC\DADOS\CadPro.DB,EstPro,EstPro,outro,System.String,4,desconhecido,True,Paradox/BDE,outro,"validar em tela, ProcMon e amostra de dados"
produto_servico,CadPro,Importa\ESC\DADOS\CadPro.DB,CepPro,CEP,cliente_ref,System.String,18,desconhecido,True,Paradox/BDE,identificador/vinculo,"validar em tela, ProcMon e amostra de dados"
produto_servico,CadPro,Importa\ESC\DADOS\CadPro.DB,TelPro,Telefone,cliente_ref,System.String,30,desconhecido,True,Paradox/BDE,identificador/vinculo,"validar em tela, ProcMon e amostra de dados"
produto_servico,CadPro,Importa\ESC\DADOS\CadPro.DB,DddPro,DddPro,outro,System.String,6,desconhecido,True,Paradox/BDE,outro,"validar em tela, ProcMon e amostra de dados"
produto_servico,CadPro,Importa\ESC\DADOS\CadPro.DB,DatNas,Data,data_hora,System.DateTime,8,desconhecido,True,Paradox/BDE,data_hora,"validar em tela, ProcMon e amostra de dados"
produto_servico,CadPro,Importa\ESC\DADOS\CadPro.DB,HorAul0,Hora,data_hora,System.Double,8,desconhecido,True,Paradox/BDE,data_hora,"validar em tela, ProcMon e amostra de dados"
produto_servico,CadPro,Importa\ESC\DADOS\CadPro.DB,HorAul,Hora,data_hora,System.Double,8,desconhecido,True,Paradox/BDE,data_hora,"validar em tela, ProcMon e amostra de dados"
produto_servico,CadPro,Importa\ESC\DADOS\CadPro.DB,HorAul2,Hora,data_hora,System.Double,8,desconhecido,True,Paradox/BDE,data_hora,"validar em tela, ProcMon e amostra de dados"
produto_servico,CadPro,Importa\ESC\DADOS\CadPro.DB,HorAul3,Hora,data_hora,System.Double,8,desconhecido,True,Paradox/BDE,data_hora,"validar em tela, ProcMon e amostra de dados"
config_admin,CadAlu,Importa\ESC\FILIAL\CadAlu.DB,CodCont,CodCont,id_codigo,System.Int32,4,provavel,True,Paradox/BDE,identificador/vinculo,"validar em tela, ProcMon e amostra de dados"
config_admin,CadAlu,Importa\ESC\FILIAL\CadAlu.DB,NomAlu,NomAlu,outro,System.String,80,desconhecido,True,Paradox/BDE,outro,"validar em tela, ProcMon e amostra de dados"
config_admin,CadAlu,Importa\ESC\FILIAL\CadAlu.DB,EndAlu,Endereco,cliente_ref,System.String,80,desconhecido,True,Paradox/BDE,identificador/vinculo,"validar em tela, ProcMon e amostra de dados"
config_admin,CadAlu,Importa\ESC\FILIAL\CadAlu.DB,CidAlu,CidAlu,outro,System.String,40,provavel,True,Paradox/BDE,outro,"validar em tela, ProcMon e amostra de dados"
config_admin,CadAlu,Importa\ESC\FILIAL\CadAlu.DB,EstAlu,EstAlu,outro,System.String,4,desconhecido,True,Paradox/BDE,outro,"validar em tela, ProcMon e amostra de dados"
config_admin,CadAlu,Importa\ESC\FILIAL\CadAlu.DB,CepAlu,CEP,cliente_ref,System.String,30,desconhecido,True,Paradox/BDE,identificador/vinculo,"validar em tela, ProcMon e amostra de dados"
config_admin,CadAlu,Importa\ESC\FILIAL\CadAlu.DB,DatNas,Data,data_hora,System.DateTime,8,desconhecido,True,Paradox/BDE,data_hora,"validar em tela, ProcMon e amostra de dados"
config_admin,CadAlu,Importa\ESC\FILIAL\CadAlu.DB,TelAluR,Telefone,cliente_ref,System.String,30,desconhecido,True,Paradox/BDE,identificador/vinculo,"validar em tela, ProcMon e amostra de dados"
config_admin,CadAlu,Importa\ESC\FILIAL\CadAlu.DB,TelAluC,Telefone,cliente_ref,System.String,30,desconhecido,True,Paradox/BDE,identificador/vinculo,"validar em tela, ProcMon e amostra de dados"
config_admin,CadAlu,Importa\ESC\FILIAL\CadAlu.DB,ComTelC,Telefone,cliente_ref,System.String,40,desconhecido,True,Paradox/BDE,identificador/vinculo,"validar em tela, ProcMon e amostra de dados"
config_admin,CadAlu,Importa\ESC\FILIAL\CadAlu.DB,AluMaior,AluMaior,outro,System.String,2,desconhecido,True,Paradox/BDE,outro,"validar em tela, ProcMon e amostra de dados"
config_admin,CadAlu,Importa\ESC\FILIAL\CadAlu.DB,CodCli,Cliente,id_codigo,System.String,20,provavel,True,Paradox/BDE,identificador/vinculo,"validar em tela, ProcMon e amostra de dados"
config_admin,CadAlu,Importa\ESC\FILIAL\CadAlu.DB,SexAlu,SexAlu,outro,System.String,2,desconhecido,True,Paradox/BDE,outro,"validar em tela, ProcMon e amostra de dados"
config_admin,CadAlu,Importa\ESC\FILIAL\CadAlu.DB,RgAlu,RgAlu,cliente_ref,System.String,30,desconhecido,True,Paradox/BDE,identificador/vinculo,"validar em tela, ProcMon e amostra de dados"
config_admin,CadAlu,Importa\ESC\FILIAL\CadAlu.DB,CicAlu,CicAlu,outro,System.String,30,desconhecido,True,Paradox/BDE,outro,"validar em tela, ProcMon e amostra de dados"
config_admin,CadAlu,Importa\ESC\FILIAL\CadAlu.DB,CodCon,CodCon,id_codigo,System.String,10,provavel,True,Paradox/BDE,identificador/vinculo,"validar em tela, ProcMon e amostra de dados"
config_admin,CadAlu,Importa\ESC\FILIAL\CadAlu.DB,DescAlu,Desconto/Descricao,valor_monetario,System.Double,8,desconhecido,True,Paradox/BDE,valor_monetario,"validar em tela, ProcMon e amostra de dados"
config_admin,CadAlu,Importa\ESC\FILIAL\CadAlu.DB,ObsAlu,ObsAlu,texto_observacao,System.String,200,desconhecido,True,Paradox/BDE,texto_observacao,"validar em tela, ProcMon e amostra de dados"
config_admin,CadAlu,Importa\ESC\FILIAL\CadAlu.DB,Cancelado,Celular,cliente_ref,System.String,2,desconhecido,True,Paradox/BDE,identificador/vinculo,"validar em tela, ProcMon e amostra de dados"
config_admin,CadAlu,Importa\ESC\FILIAL\CadAlu.DB,DatCan,Data,data_hora,System.DateTime,8,desconhecido,True,Paradox/BDE,data_hora,"validar em tela, ProcMon e amostra de dados"
config_admin,CadAlu,Importa\ESC\FILIAL\CadAlu.DB,MotivDesc,Desconto/Descricao,valor_monetario,System.String,100,desconhecido,True,Paradox/BDE,valor_monetario,"validar em tela, ProcMon e amostra de dados"
config_admin,CadAlu,Importa\ESC\FILIAL\CadAlu.DB,DescParc,Desconto/Descricao,valor_monetario,System.Double,8,desconhecido,True,Paradox/BDE,valor_monetario,"validar em tela, ProcMon e amostra de dados"
config_admin,CadAlu,Importa\ESC\FILIAL\CadAlu.DB,MotCan,MotCan,outro,System.String,100,desconhecido,True,Paradox/BDE,outro,"validar em tela, ProcMon e amostra de dados"
config_admin,CadAlu,Importa\ESC\FILIAL\CadAlu.DB,ArqFotoAlu,ArqFotoAlu,outro,System.String,200,desconhecido,True,Paradox/BDE,outro,"validar em tela, ProcMon e amostra de dados"
config_admin,CadAlu,Importa\ESC\FILIAL\CadAlu.DB,DatCad,Data,data_hora,System.DateTime,8,desconhecido,True,Paradox/BDE,data_hora,"validar em tela, ProcMon e amostra de dados"
config_admin,CadAlu,Importa\ESC\FILIAL\CadAlu.DB,BaiAlu,BaiAlu,outro,System.String,40,desconhecido,True,Paradox/BDE,outro,"validar em tela, ProcMon e amostra de dados"
config_admin,CadAul,Importa\ESC\FILIAL\CadAul.DB,CodAul,CodAul,id_codigo,System.String,10,provavel,True,Paradox/BDE,identificador/vinculo,"validar em tela, ProcMon e amostra de dados"
config_admin,CadAul,Importa\ESC\FILIAL\CadAul.DB,CodTur,CodTur,id_codigo,System.String,12,provavel,True,Paradox/BDE,identificador/vinculo,"validar em tela, ProcMon e amostra de dados"
config_admin,CadAul,Importa\ESC\FILIAL\CadAul.DB,CodPro,CodPro,id_codigo,System.String,6,provavel,True,Paradox/BDE,identificador/vinculo,"validar em tela, ProcMon e amostra de dados"
config_admin,CadAul,Importa\ESC\FILIAL\CadAul.DB,CodMat,CodMat,id_codigo,System.String,6,provavel,True,Paradox/BDE,identificador/vinculo,"validar em tela, ProcMon e amostra de dados"
config_admin,CadAul,Importa\ESC\FILIAL\CadAul.DB,Obs,Obs,texto_observacao,System.String,100,desconhecido,True,Paradox/BDE,texto_observacao,"validar em tela, ProcMon e amostra de dados"
config_admin,CadAul,Importa\ESC\FILIAL\CadAul.DB,DatAul,Data,data_hora,System.String,12,provavel,True,Paradox/BDE,data_hora,"validar em tela, ProcMon e amostra de dados"
config_admin,CadAul,Importa\ESC\FILIAL\CadAul.DB,MatDada,MatDada,outro,System.String,100,desconhecido,True,Paradox/BDE,outro,"validar em tela, ProcMon e amostra de dados"
config_admin,CadAul,Importa\ESC\FILIAL\CadAul.DB,CargHor,CargHor,cliente_ref,System.Double,8,desconhecido,True,Paradox/BDE,identificador/vinculo,"validar em tela, ProcMon e amostra de dados"
config_admin,CadAul,Importa\ESC\FILIAL\CadAul.DB,Atraso,Atraso,outro,System.String,2,desconhecido,True,Paradox/BDE,outro,"validar em tela, ProcMon e amostra de dados"
config_admin,CadAul,Importa\ESC\FILIAL\CadAul.DB,LanFal,LanFal,fiscal_documento,System.String,2,desconhecido,True,Paradox/BDE,fiscal_documento,"validar em tela, ProcMon e amostra de dados"
config_admin,CadAul,Importa\ESC\FILIAL\CadAul.DB,CodHor,CodHor,id_codigo,System.String,2,provavel,True,Paradox/BDE,identificador/vinculo,"validar em tela, ProcMon e amostra de dados"
config_admin,CadCur,Importa\ESC\FILIAL\CadCur.DB,CodCur,CodCur,id_codigo,System.String,6,provavel,True,Paradox/BDE,identificador/vinculo,"validar em tela, ProcMon e amostra de dados"
config_admin,CadCur,Importa\ESC\FILIAL\CadCur.DB,DesCur,Desconto/Descricao,valor_monetario,System.String,60,desconhecido,True,Paradox/BDE,valor_monetario,"validar em tela, ProcMon e amostra de dados"
config_admin,CadCur,Importa\ESC\FILIAL\CadCur.DB,PreReq,PreReq,outro,System.String,100,desconhecido,True,Paradox/BDE,outro,"validar em tela, ProcMon e amostra de dados"
config_admin,CadCur,Importa\ESC\FILIAL\CadCur.DB,PreReq2,PreReq2,outro,System.String,100,desconhecido,True,Paradox/BDE,outro,"validar em tela, ProcMon e amostra de dados"
config_admin,CadCur,Importa\ESC\FILIAL\CadCur.DB,Preco,Valor,valor_monetario,System.Double,8,desconhecido,True,Paradox/BDE,valor_monetario,"validar em tela, ProcMon e amostra de dados"
config_admin,CadCur,Importa\ESC\FILIAL\CadCur.DB,Obs,Obs,texto_observacao,System.String,200,desconhecido,True,Paradox/BDE,texto_observacao,"validar em tela, ProcMon e amostra de dados"
config_admin,CadInt,Importa\ESC\FILIAL\CadInt.DB,CodInt,CodInt,id_codigo,System.Int32,4,provavel,True,Paradox/BDE,identificador/vinculo,"validar em tela, ProcMon e amostra de dados"
config_admin,CadInt,Importa\ESC\FILIAL\CadInt.DB,NomInt,NomInt,outro,System.String,80,desconhecido,True,Paradox/BDE,outro,"validar em tela, ProcMon e amostra de dados"
config_admin,CadInt,Importa\ESC\FILIAL\CadInt.DB,EndInt,Endereco,cliente_ref,System.String,80,desconhecido,True,Paradox/BDE,identificador/vinculo,"validar em tela, ProcMon e amostra de dados"
config_admin,CadInt,Importa\ESC\FILIAL\CadInt.DB,CidInt,CidInt,outro,System.String,40,provavel,True,Paradox/BDE,outro,"validar em tela, ProcMon e amostra de dados"
config_admin,CadInt,Importa\ESC\FILIAL\CadInt.DB,EstInt,EstInt,outro,System.String,4,desconhecido,True,Paradox/BDE,outro,"validar em tela, ProcMon e amostra de dados"
config_admin,CadInt,Importa\ESC\FILIAL\CadInt.DB,CepInt,CEP,cliente_ref,System.String,16,desconhecido,True,Paradox/BDE,identificador/vinculo,"validar em tela, ProcMon e amostra de dados"
config_admin,CadInt,Importa\ESC\FILIAL\CadInt.DB,DatNas,Data,data_hora,System.DateTime,8,desconhecido,True,Paradox/BDE,data_hora,"validar em tela, ProcMon e amostra de dados"
config_admin,CadInt,Importa\ESC\FILIAL\CadInt.DB,TelInt,Telefone,cliente_ref,System.String,30,desconhecido,True,Paradox/BDE,identificador/vinculo,"validar em tela, ProcMon e amostra de dados"
config_admin,CadInt,Importa\ESC\FILIAL\CadInt.DB,ComTelC,Telefone,cliente_ref,System.String,40,desconhecido,True,Paradox/BDE,identificador/vinculo,"validar em tela, ProcMon e amostra de dados"
config_admin,CadInt,Importa\ESC\FILIAL\CadInt.DB,CodCur1,CodCur1,id_codigo,System.String,6,provavel,True,Paradox/BDE,identificador/vinculo,"validar em tela, ProcMon e amostra de dados"
config_admin,CadInt,Importa\ESC\FILIAL\CadInt.DB,CodCur2,CodCur2,id_codigo,System.String,6,provavel,True,Paradox/BDE,identificador/vinculo,"validar em tela, ProcMon e amostra de dados"
config_admin,CadInt,Importa\ESC\FILIAL\CadInt.DB,CodVen,CodVen,id_codigo,System.String,10,provavel,True,Paradox/BDE,identificador/vinculo,"validar em tela, ProcMon e amostra de dados"
config_admin,CadInt,Importa\ESC\FILIAL\CadInt.DB,CodCon,CodCon,id_codigo,System.String,10,provavel,True,Paradox/BDE,identificador/vinculo,"validar em tela, ProcMon e amostra de dados"
config_admin,CadInt,Importa\ESC\FILIAL\CadInt.DB,DatInt,Data,data_hora,System.DateTime,8,desconhecido,True,Paradox/BDE,data_hora,"validar em tela, ProcMon e amostra de dados"
config_admin,CadInt,Importa\ESC\FILIAL\CadInt.DB,DatCnt,Data,data_hora,System.DateTime,8,desconhecido,True,Paradox/BDE,data_hora,"validar em tela, ProcMon e amostra de dados"
config_admin,CadInt,Importa\ESC\FILIAL\CadInt.DB,Obs,Obs,texto_observacao,System.String,200,desconhecido,True,Paradox/BDE,texto_observacao,"validar em tela, ProcMon e amostra de dados"
config_admin,CadInt,Importa\ESC\FILIAL\CadInt.DB,DiaSem,DiaSem,outro,System.String,28,desconhecido,True,Paradox/BDE,outro,"validar em tela, ProcMon e amostra de dados"
config_admin,CadInt,Importa\ESC\FILIAL\CadInt.DB,HorIni,HorIni,outro,System.DateTime,8,desconhecido,True,Paradox/BDE,outro,"validar em tela, ProcMon e amostra de dados"
config_admin,CadInt,Importa\ESC\FILIAL\CadInt.DB,HorIni2,HorIni2,outro,System.DateTime,8,desconhecido,True,Paradox/BDE,outro,"validar em tela, ProcMon e amostra de dados"
config_admin,CadInt,Importa\ESC\FILIAL\CadInt.DB,HorIni3,HorIni3,outro,System.DateTime,8,desconhecido,True,Paradox/BDE,outro,"validar em tela, ProcMon e amostra de dados"
config_admin,CadInt,Importa\ESC\FILIAL\CadInt.DB,Disponib,Disponib,outro,System.String,50,desconhecido,True,Paradox/BDE,outro,"validar em tela, ProcMon e amostra de dados"
config_admin,CadInt,Importa\ESC\FILIAL\CadInt.DB,JaMatric,JaMatric,outro,System.String,2,desconhecido,True,Paradox/BDE,outro,"validar em tela, ProcMon e amostra de dados"
config_admin,CadInt,Importa\ESC\FILIAL\CadInt.DB,Grupo,Grupo,outro,System.String,10,desconhecido,True,Paradox/BDE,outro,"validar em tela, ProcMon e amostra de dados"
config_admin,CadInt,Importa\ESC\FILIAL\CadInt.DB,Presenca,Presenca,outro,System.String,2,desconhecido,True,Paradox/BDE,outro,"validar em tela, ProcMon e amostra de dados"
config_admin,CadInt,Importa\ESC\FILIAL\CadInt.DB,DatVAula,Data,data_hora,System.DateTime,8,desconhecido,True,Paradox/BDE,data_hora,"validar em tela, ProcMon e amostra de dados"
config_admin,CadInt,Importa\ESC\FILIAL\CadInt.DB,HorVAula,HorVAula,outro,System.DateTime,8,desconhecido,True,Paradox/BDE,outro,"validar em tela, ProcMon e amostra de dados"
config_admin,CadMat,Importa\ESC\FILIAL\CadMat.DB,CodMat,CodMat,id_codigo,System.String,12,provavel,True,Paradox/BDE,identificador/vinculo,"validar em tela, ProcMon e amostra de dados"
config_admin,CadMat,Importa\ESC\FILIAL\CadMat.DB,DesMat,DesMat,outro,System.String,40,desconhecido,True,Paradox/BDE,outro,"validar em tela, ProcMon e amostra de dados"
config_admin,CadMat,Importa\ESC\FILIAL\CadMat.DB,Obs,Obs,texto_observacao,System.String,200,desconhecido,True,Paradox/BDE,texto_observacao,"validar em tela, ProcMon e amostra de dados"
config_admin,CadNot,Importa\ESC\FILIAL\CadNot.DB,CodCont,CodCont,id_codigo,System.Int32,4,provavel,True,Paradox/BDE,identificador/vinculo,"validar em tela, ProcMon e amostra de dados"
config_admin,CadNot,Importa\ESC\FILIAL\CadNot.DB,CodTur,CodTur,id_codigo,System.String,12,provavel,True,Paradox/BDE,identificador/vinculo,"validar em tela, ProcMon e amostra de dados"
config_admin,CadNot,Importa\ESC\FILIAL\CadNot.DB,CodMat,CodMat,id_codigo,System.String,6,provavel,True,Paradox/BDE,identificador/vinculo,"validar em tela, ProcMon e amostra de dados"
config_admin,CadNot,Importa\ESC\FILIAL\CadNot.DB,Seq,Seq,outro,System.Int32,4,desconhecido,True,Paradox/BDE,outro,"validar em tela, ProcMon e amostra de dados"
config_admin,CadNot,Importa\ESC\FILIAL\CadNot.DB,Nota,Nota,fiscal_documento,System.Double,8,desconhecido,True,Paradox/BDE,fiscal_documento,"validar em tela, ProcMon e amostra de dados"
config_admin,CadPre,Importa\ESC\FILIAL\CadPre.DB,CodAul,CodAul,id_codigo,System.Int32,4,provavel,True,Paradox/BDE,identificador/vinculo,"validar em tela, ProcMon e amostra de dados"
config_admin,CadPre,Importa\ESC\FILIAL\CadPre.DB,CodCont,CodCont,id_codigo,System.Int32,4,provavel,True,Paradox/BDE,identificador/vinculo,"validar em tela, ProcMon e amostra de dados"
config_admin,CadPre,Importa\ESC\FILIAL\CadPre.DB,Presenca,Presenca,outro,System.String,2,desconhecido,True,Paradox/BDE,outro,"validar em tela, ProcMon e amostra de dados"
config_admin,CadRes,Importa\ESC\FILIAL\CadRes.DB,CodCont,CodCont,id_codigo,System.Int32,4,provavel,True,Paradox/BDE,identificador/vinculo,"validar em tela, ProcMon e amostra de dados"
config_admin,CadRes,Importa\ESC\FILIAL\CadRes.DB,NomRes,NomRes,outro,System.String,80,desconhecido,True,Paradox/BDE,outro,"validar em tela, ProcMon e amostra de dados"
config_admin,CadRes,Importa\ESC\FILIAL\CadRes.DB,EndRes,Endereco,cliente_ref,System.String,80,desconhecido,True,Paradox/BDE,identificador/vinculo,"validar em tela, ProcMon e amostra de dados"
config_admin,CadRes,Importa\ESC\FILIAL\CadRes.DB,CidRes,CidRes,outro,System.String,40,provavel,True,Paradox/BDE,outro,"validar em tela, ProcMon e amostra de dados"
config_admin,CadRes,Importa\ESC\FILIAL\CadRes.DB,EstRes,EstRes,outro,System.String,4,desconhecido,True,Paradox/BDE,outro,"validar em tela, ProcMon e amostra de dados"
config_admin,CadRes,Importa\ESC\FILIAL\CadRes.DB,CepRes,CEP,cliente_ref,System.String,16,desconhecido,True,Paradox/BDE,identificador/vinculo,"validar em tela, ProcMon e amostra de dados"
config_admin,CadRes,Importa\ESC\FILIAL\CadRes.DB,DatNasR,Data,data_hora,System.DateTime,8,desconhecido,True,Paradox/BDE,data_hora,"validar em tela, ProcMon e amostra de dados"
config_admin,CadRes,Importa\ESC\FILIAL\CadRes.DB,TelResR,Telefone,cliente_ref,System.String,20,desconhecido,True,Paradox/BDE,identificador/vinculo,"validar em tela, ProcMon e amostra de dados"
config_admin,CadRes,Importa\ESC\FILIAL\CadRes.DB,TelResC,Telefone,cliente_ref,System.String,20,desconhecido,True,Paradox/BDE,identificador/vinculo,"validar em tela, ProcMon e amostra de dados"
config_admin,CadRes,Importa\ESC\FILIAL\CadRes.DB,ComResC,ComResC,outro,System.String,40,desconhecido,True,Paradox/BDE,outro,"validar em tela, ProcMon e amostra de dados"
config_admin,CadRes,Importa\ESC\FILIAL\CadRes.DB,RgRes,RgRes,cliente_ref,System.String,30,desconhecido,True,Paradox/BDE,identificador/vinculo,"validar em tela, ProcMon e amostra de dados"
config_admin,CadRes,Importa\ESC\FILIAL\CadRes.DB,CicRes,CicRes,outro,System.String,30,desconhecido,True,Paradox/BDE,outro,"validar em tela, ProcMon e amostra de dados"
config_admin,CadRes,Importa\ESC\FILIAL\CadRes.DB,ObsRes,ObsRes,texto_observacao,System.String,200,desconhecido,True,Paradox/BDE,texto_observacao,"validar em tela, ProcMon e amostra de dados"
config_admin,CadRes,Importa\ESC\FILIAL\CadRes.DB,SitRes2,SitRes2,status_situacao,System.String,2,desconhecido,True,Paradox/BDE,status_situacao,"validar em tela, ProcMon e amostra de dados"
config_admin,CadRes,Importa\ESC\FILIAL\CadRes.DB,SitRes,SitRes,status_situacao,System.String,2,desconhecido,True,Paradox/BDE,status_situacao,"validar em tela, ProcMon e amostra de dados"
config_admin,CadRes,Importa\ESC\FILIAL\CadRes.DB,NomRes2,NomRes2,outro,System.String,80,desconhecido,True,Paradox/BDE,outro,"validar em tela, ProcMon e amostra de dados"
config_admin,CadRes,Importa\ESC\FILIAL\CadRes.DB,EndRes2,Endereco,cliente_ref,System.String,80,desconhecido,True,Paradox/BDE,identificador/vinculo,"validar em tela, ProcMon e amostra de dados"
config_admin,CadRes,Importa\ESC\FILIAL\CadRes.DB,CidRes2,CidRes2,outro,System.String,40,provavel,True,Paradox/BDE,outro,"validar em tela, ProcMon e amostra de dados"
config_admin,CadRes,Importa\ESC\FILIAL\CadRes.DB,EstRes2,EstRes2,outro,System.String,4,desconhecido,True,Paradox/BDE,outro,"validar em tela, ProcMon e amostra de dados"
config_admin,CadRes,Importa\ESC\FILIAL\CadRes.DB,CepRes2,CEP,cliente_ref,System.String,16,desconhecido,True,Paradox/BDE,identificador/vinculo,"validar em tela, ProcMon e amostra de dados"
config_admin,CadRes,Importa\ESC\FILIAL\CadRes.DB,DatNasR62,Data,data_hora,System.DateTime,8,desconhecido,True,Paradox/BDE,data_hora,"validar em tela, ProcMon e amostra de dados"
config_admin,CadRes,Importa\ESC\FILIAL\CadRes.DB,TelResR2,Telefone,cliente_ref,System.String,20,desconhecido,True,Paradox/BDE,identificador/vinculo,"validar em tela, ProcMon e amostra de dados"
config_admin,CadRes,Importa\ESC\FILIAL\CadRes.DB,TelResC2,Telefone,cliente_ref,System.String,20,desconhecido,True,Paradox/BDE,identificador/vinculo,"validar em tela, ProcMon e amostra de dados"
config_admin,CadRes,Importa\ESC\FILIAL\CadRes.DB,ComResC2,ComResC2,outro,System.String,40,desconhecido,True,Paradox/BDE,outro,"validar em tela, ProcMon e amostra de dados"
config_admin,CadRes,Importa\ESC\FILIAL\CadRes.DB,RgRes2,RgRes2,cliente_ref,System.String,30,desconhecido,True,Paradox/BDE,identificador/vinculo,"validar em tela, ProcMon e amostra de dados"
config_admin,CadRes,Importa\ESC\FILIAL\CadRes.DB,CicRes2,CicRes2,outro,System.String,30,desconhecido,True,Paradox/BDE,outro,"validar em tela, ProcMon e amostra de dados"
config_admin,CadRes,Importa\ESC\FILIAL\CadRes.DB,BaiRes,BaiRes,outro,System.String,40,desconhecido,True,Paradox/BDE,outro,"validar em tela, ProcMon e amostra de dados"
config_admin,CadRes,Importa\ESC\FILIAL\CadRes.DB,BaiRes2,BaiRes2,outro,System.String,40,desconhecido,True,Paradox/BDE,outro,"validar em tela, ProcMon e amostra de dados"
config_admin,CadRes,Importa\ESC\FILIAL\CadRes.DB,TelResP,Telefone,cliente_ref,System.String,30,desconhecido,True,Paradox/BDE,identificador/vinculo,"validar em tela, ProcMon e amostra de dados"
config_admin,CadRes,Importa\ESC\FILIAL\CadRes.DB,TelResP2,Telefone,cliente_ref,System.String,30,desconhecido,True,Paradox/BDE,identificador/vinculo,"validar em tela, ProcMon e amostra de dados"
config_admin,CadRes,Importa\ESC\FILIAL\CadRes.DB,NomEmp,Nome,texto_observacao,System.String,60,provavel,True,Paradox/BDE,texto_observacao,"validar em tela, ProcMon e amostra de dados"
config_admin,CadRes,Importa\ESC\FILIAL\CadRes.DB,NomEmp2,Nome,texto_observacao,System.String,60,provavel,True,Paradox/BDE,texto_observacao,"validar em tela, ProcMon e amostra de dados"
config_admin,CadRes,Importa\ESC\FILIAL\CadRes.DB,CodRam,CodRam,id_codigo,System.String,6,provavel,True,Paradox/BDE,identificador/vinculo,"validar em tela, ProcMon e amostra de dados"
config_admin,CadRes,Importa\ESC\FILIAL\CadRes.DB,CodRam2,CodRam2,id_codigo,System.String,6,provavel,True,Paradox/BDE,identificador/vinculo,"validar em tela, ProcMon e amostra de dados"
config_admin,CadTur,Importa\ESC\FILIAL\CadTur.DB,CodTur,CodTur,id_codigo,System.String,12,provavel,True,Paradox/BDE,identificador/vinculo,"validar em tela, ProcMon e amostra de dados"
config_admin,CadTur,Importa\ESC\FILIAL\CadTur.DB,DesTur,DesTur,outro,System.String,40,desconhecido,True,Paradox/BDE,outro,"validar em tela, ProcMon e amostra de dados"
config_admin,CadTur,Importa\ESC\FILIAL\CadTur.DB,CodCur,CodCur,id_codigo,System.String,6,provavel,True,Paradox/BDE,identificador/vinculo,"validar em tela, ProcMon e amostra de dados"
config_admin,CadTur,Importa\ESC\FILIAL\CadTur.DB,PreCur,PreCur,outro,System.Double,8,desconhecido,True,Paradox/BDE,outro,"validar em tela, ProcMon e amostra de dados"
config_admin,CadTur,Importa\ESC\FILIAL\CadTur.DB,QdeAlu,QdeAlu,outro,System.Int32,4,desconhecido,True,Paradox/BDE,outro,"validar em tela, ProcMon e amostra de dados"
config_admin,CadTur,Importa\ESC\FILIAL\CadTur.DB,ObsTur,ObsTur,texto_observacao,System.String,100,desconhecido,True,Paradox/BDE,texto_observacao,"validar em tela, ProcMon e amostra de dados"
config_admin,CadTur,Importa\ESC\FILIAL\CadTur.DB,DatIni,Data,data_hora,System.DateTime,8,desconhecido,True,Paradox/BDE,data_hora,"validar em tela, ProcMon e amostra de dados"
config_admin,CadTur,Importa\ESC\FILIAL\CadTur.DB,DatFim,Data,data_hora,System.DateTime,8,desconhecido,True,Paradox/BDE,data_hora,"validar em tela, ProcMon e amostra de dados"
config_admin,CadTur,Importa\ESC\FILIAL\CadTur.DB,CargHor,CargHor,cliente_ref,System.Double,8,desconhecido,True,Paradox/BDE,identificador/vinculo,"validar em tela, ProcMon e amostra de dados"
config_admin,CadTur,Importa\ESC\FILIAL\CadTur.DB,DiaSem,DiaSem,outro,System.String,28,desconhecido,True,Paradox/BDE,outro,"validar em tela, ProcMon e amostra de dados"
config_admin,CadTur,Importa\ESC\FILIAL\CadTur.DB,CodPro,CodPro,id_codigo,System.String,10,provavel,True,Paradox/BDE,identificador/vinculo,"validar em tela, ProcMon e amostra de dados"
config_admin,CadTur,Importa\ESC\FILIAL\CadTur.DB,ValMat,ValMat,outro,System.Double,8,desconhecido,True,Paradox/BDE,outro,"validar em tela, ProcMon e amostra de dados"
config_admin,CadTur,Importa\ESC\FILIAL\CadTur.DB,HorIni,HorIni,outro,System.DateTime,8,desconhecido,True,Paradox/BDE,outro,"validar em tela, ProcMon e amostra de dados"
config_admin,CadTur,Importa\ESC\FILIAL\CadTur.DB,HorFim,HorFim,outro,System.DateTime,8,desconhecido,True,Paradox/BDE,outro,"validar em tela, ProcMon e amostra de dados"
config_admin,CadTur,Importa\ESC\FILIAL\CadTur.DB,Encena,Encena,outro,System.String,2,desconhecido,True,Paradox/BDE,outro,"validar em tela, ProcMon e amostra de dados"
config_admin,CadTur,Importa\ESC\FILIAL\CadTur.DB,CodHor,CodHor,id_codigo,System.String,2,provavel,True,Paradox/BDE,identificador/vinculo,"validar em tela, ProcMon e amostra de dados"
config_admin,MovPdv,Importa\ESC\FILIAL\MovPdv.DB,CodPdv,CodPdv,id_codigo,System.String,6,provavel,True,Paradox/BDE,identificador/vinculo,"validar em tela, ProcMon e amostra de dados"
config_admin,MovPdv,Importa\ESC\FILIAL\MovPdv.DB,SeqLan,SeqLan,outro,System.Int32,4,desconhecido,True,Paradox/BDE,outro,"validar em tela, ProcMon e amostra de dados"
config_admin,MovPdv,Importa\ESC\FILIAL\MovPdv.DB,CodTur,CodTur,id_codigo,System.String,12,provavel,True,Paradox/BDE,identificador/vinculo,"validar em tela, ProcMon e amostra de dados"
config_admin,MovPdv,Importa\ESC\FILIAL\MovPdv.DB,CodCont,CodCont,id_codigo,System.Int32,4,provavel,True,Paradox/BDE,identificador/vinculo,"validar em tela, ProcMon e amostra de dados"
config_admin,MovPdv,Importa\ESC\FILIAL\MovPdv.DB,Qde,Qde,outro,System.Double,8,desconhecido,True,Paradox/BDE,outro,"validar em tela, ProcMon e amostra de dados"
config_admin,MovPdv,Importa\ESC\FILIAL\MovPdv.DB,ValorUni,Valor,valor_monetario,System.Double,8,provavel,True,Paradox/BDE,valor_monetario,"validar em tela, ProcMon e amostra de dados"
config_admin,MovPdv,Importa\ESC\FILIAL\MovPdv.DB,ValorFinal,Valor,valor_monetario,System.Double,8,provavel,True,Paradox/BDE,valor_monetario,"validar em tela, ProcMon e amostra de dados"
config_admin,MovPdv,Importa\ESC\FILIAL\MovPdv.DB,DatLan,Data,data_hora,System.DateTime,8,desconhecido,True,Paradox/BDE,data_hora,"validar em tela, ProcMon e amostra de dados"
config_admin,MovPdv,Importa\ESC\FILIAL\MovPdv.DB,Obs,Obs,texto_observacao,System.String,200,desconhecido,True,Paradox/BDE,texto_observacao,"validar em tela, ProcMon e amostra de dados"
config_admin,MovPdv,Importa\ESC\FILIAL\MovPdv.DB,NumNot,NumNot,id_codigo,System.Int32,4,provavel,True,Paradox/BDE,identificador/vinculo,"validar em tela, ProcMon e amostra de dados"
config_admin,MovPdv,Importa\ESC\FILIAL\MovPdv.DB,CodUsuario,CodUsuario,id_codigo,System.String,20,provavel,True,Paradox/BDE,identificador/vinculo,"validar em tela, ProcMon e amostra de dados"
outro,CadEst,Importa\EST\DADOS\CadEst.DB,CodEst,CodEst,id_codigo,System.String,10,provavel,True,Paradox/BDE,identificador/vinculo,"validar em tela, ProcMon e amostra de dados"
outro,CadEst,Importa\EST\DADOS\CadEst.DB,DesEst,DesEst,outro,System.String,60,desconhecido,True,Paradox/BDE,outro,"validar em tela, ProcMon e amostra de dados"
outro,CadEst,Importa\EST\DADOS\CadEst.DB,LocEst,LocEst,outro,System.String,200,desconhecido,True,Paradox/BDE,outro,"validar em tela, ProcMon e amostra de dados"
outro,CadEst,Importa\EST\DADOS\CadEst.DB,Cancelado,Celular,cliente_ref,System.String,2,desconhecido,True,Paradox/BDE,identificador/vinculo,"validar em tela, ProcMon e amostra de dados"
outro,CadEst,Importa\EST\DADOS\CadEst.DB,DatCan,Data,data_hora,System.DateTime,8,desconhecido,True,Paradox/BDE,data_hora,"validar em tela, ProcMon e amostra de dados"
outro,CadEst,Importa\EST\DADOS\CadEst.DB,MotivoCan,MotivoCan,texto_observacao,System.String,100,desconhecido,True,Paradox/BDE,texto_observacao,"validar em tela, ProcMon e amostra de dados"
estoque,ProdEst,Importa\EST\DADOS\ProdEst.DB,CodProEst,CodProEst,id_codigo,System.String,40,provavel,True,Paradox/BDE,identificador/vinculo,"validar em tela, ProcMon e amostra de dados"
estoque,ProdEst,Importa\EST\DADOS\ProdEst.DB,DesProEst,Produto,produto_ref,System.String,60,desconhecido,True,Paradox/BDE,identificador/vinculo,"validar em tela, ProcMon e amostra de dados"
estoque,ProdEst,Importa\EST\DADOS\ProdEst.DB,CodUniPro,CodUniPro,id_codigo,System.String,10,provavel,True,Paradox/BDE,identificador/vinculo,"validar em tela, ProcMon e amostra de dados"
estoque,ProdEst,Importa\EST\DADOS\ProdEst.DB,GruProEst,GruProEst,outro,System.String,10,desconhecido,True,Paradox/BDE,outro,"validar em tela, ProcMon e amostra de dados"
estoque,ProdEst,Importa\EST\DADOS\ProdEst.DB,TipConEst,TipConEst,outro,System.String,20,desconhecido,True,Paradox/BDE,outro,"validar em tela, ProcMon e amostra de dados"
estoque,ProdEst,Importa\EST\DADOS\ProdEst.DB,CodCla,CodCla,id_codigo,System.String,6,provavel,True,Paradox/BDE,identificador/vinculo,"validar em tela, ProcMon e amostra de dados"
estoque,ProdEst,Importa\EST\DADOS\ProdEst.DB,CodSubC,CodSubC,id_codigo,System.String,6,provavel,True,Paradox/BDE,identificador/vinculo,"validar em tela, ProcMon e amostra de dados"
estoque,ProdEst,Importa\EST\DADOS\ProdEst.DB,Cancelado,Celular,cliente_ref,System.String,2,desconhecido,True,Paradox/BDE,identificador/vinculo,"validar em tela, ProcMon e amostra de dados"
estoque,ProdEst,Importa\EST\DADOS\ProdEst.DB,MotivoCan,MotivoCan,texto_observacao,System.String,100,desconhecido,True,Paradox/BDE,texto_observacao,"validar em tela, ProcMon e amostra de dados"
estoque,ProdEst,Importa\EST\DADOS\ProdEst.DB,DatCan,Data,data_hora,System.DateTime,8,desconhecido,True,Paradox/BDE,data_hora,"validar em tela, ProcMon e amostra de dados"
estoque,ProdEst,Importa\EST\DADOS\ProdEst.DB,ArqImagem,ArqImagem,outro,System.String,200,desconhecido,True,Paradox/BDE,outro,"validar em tela, ProcMon e amostra de dados"
estoque,ProdEst,Importa\EST\DADOS\ProdEst.DB,CodMarEst,CodMarEst,id_codigo,System.String,10,provavel,True,Paradox/BDE,identificador/vinculo,"validar em tela, ProcMon e amostra de dados"
estoque,ProdEst,Importa\EST\DADOS\ProdEst.DB,QdeEmb,QdeEmb,outro,System.Double,8,desconhecido,True,Paradox/BDE,outro,"validar em tela, ProcMon e amostra de dados"
estoque,ProdEst,Importa\EST\DADOS\ProdEst.DB,CodCenCus,CodCenCus,id_codigo,System.String,6,provavel,True,Paradox/BDE,identificador/vinculo,"validar em tela, ProcMon e amostra de dados"
estoque,ProdEst,Importa\EST\DADOS\ProdEst.DB,CodGruEst1,CodGruEst1,id_codigo,System.String,20,provavel,True,Paradox/BDE,identificador/vinculo,"validar em tela, ProcMon e amostra de dados"
estoque,ProdEst,Importa\EST\DADOS\ProdEst.DB,CodGruEst2,CodGruEst2,id_codigo,System.String,20,provavel,True,Paradox/BDE,identificador/vinculo,"validar em tela, ProcMon e amostra de dados"
estoque,ProdEst,Importa\EST\DADOS\ProdEst.DB,CodGruEst3,CodGruEst3,id_codigo,System.String,20,provavel,True,Paradox/BDE,identificador/vinculo,"validar em tela, ProcMon e amostra de dados"
estoque,ProdEst,Importa\EST\DADOS\ProdEst.DB,CodGruEst4,CodGruEst4,id_codigo,System.String,20,provavel,True,Paradox/BDE,identificador/vinculo,"validar em tela, ProcMon e amostra de dados"
estoque,MovEst,Importa\EST\FILIAL\MovEst.DB,SeqLan,SeqLan,outro,System.Int32,4,desconhecido,True,Paradox/BDE,outro,"validar em tela, ProcMon e amostra de dados"
estoque,MovEst,Importa\EST\FILIAL\MovEst.DB,CodEst,CodEst,id_codigo,System.String,10,provavel,True,Paradox/BDE,identificador/vinculo,"validar em tela, ProcMon e amostra de dados"
estoque,MovEst,Importa\EST\FILIAL\MovEst.DB,CodProEst,CodProEst,id_codigo,System.String,20,provavel,True,Paradox/BDE,identificador/vinculo,"validar em tela, ProcMon e amostra de dados"
estoque,MovEst,Importa\EST\FILIAL\MovEst.DB,DatLan,Data,data_hora,System.DateTime,8,desconhecido,True,Paradox/BDE,data_hora,"validar em tela, ProcMon e amostra de dados"
estoque,MovEst,Importa\EST\FILIAL\MovEst.DB,Qde,Qde,outro,System.Double,8,desconhecido,True,Paradox/BDE,outro,"validar em tela, ProcMon e amostra de dados"
estoque,MovEst,Importa\EST\FILIAL\MovEst.DB,TipoES,TipoES,outro,System.String,2,desconhecido,True,Paradox/BDE,outro,"validar em tela, ProcMon e amostra de dados"
estoque,MovEst,Importa\EST\FILIAL\MovEst.DB,ValTot,ValTot,data_hora,System.Double,8,desconhecido,True,Paradox/BDE,data_hora,"validar em tela, ProcMon e amostra de dados"
estoque,MovEst,Importa\EST\FILIAL\MovEst.DB,ValUnit,ValUnit,outro,System.Double,8,desconhecido,True,Paradox/BDE,outro,"validar em tela, ProcMon e amostra de dados"
estoque,MovEst,Importa\EST\FILIAL\MovEst.DB,TipInteg,TipInteg,fiscal_documento,System.String,10,desconhecido,True,Paradox/BDE,fiscal_documento,"validar em tela, ProcMon e amostra de dados"
estoque,MovEst,Importa\EST\FILIAL\MovEst.DB,CodInteg,CodInteg,id_codigo,System.Int32,4,provavel,True,Paradox/BDE,identificador/vinculo,"validar em tela, ProcMon e amostra de dados"
estoque,MovEst,Importa\EST\FILIAL\MovEst.DB,Obs,Obs,texto_observacao,System.String,100,desconhecido,True,Paradox/BDE,texto_observacao,"validar em tela, ProcMon e amostra de dados"
estoque,MovEst,Importa\EST\FILIAL\MovEst.DB,Cancelado,Celular,cliente_ref,System.String,2,desconhecido,True,Paradox/BDE,identificador/vinculo,"validar em tela, ProcMon e amostra de dados"
estoque,MovEst,Importa\EST\FILIAL\MovEst.DB,CodUsuario,CodUsuario,id_codigo,System.String,20,provavel,True,Paradox/BDE,identificador/vinculo,"validar em tela, ProcMon e amostra de dados"
estoque,MovEst,Importa\EST\FILIAL\MovEst.DB,CodClaEst,CodClaEst,id_codigo,System.String,10,provavel,True,Paradox/BDE,identificador/vinculo,"validar em tela, ProcMon e amostra de dados"
estoque,MovEst,Importa\EST\FILIAL\MovEst.DB,SeqExporta,SeqExporta,outro,System.Int32,4,desconhecido,True,Paradox/BDE,outro,"validar em tela, ProcMon e amostra de dados"
outro,CadAdv,Lav\Dados\CadAdv.DB,SeqAdv,SeqAdv,outro,System.Int32,4,desconhecido,True,Paradox/BDE,outro,"validar em tela, ProcMon e amostra de dados"
outro,CadAdv,Lav\Dados\CadAdv.DB,Mensg,Mensg,outro,System.String,480,desconhecido,True,Paradox/BDE,outro,"validar em tela, ProcMon e amostra de dados"
outro,CadAdv,Lav\Dados\CadAdv.DB,DatIni,Data,data_hora,System.DateTime,8,desconhecido,True,Paradox/BDE,data_hora,"validar em tela, ProcMon e amostra de dados"
outro,CadAdv,Lav\Dados\CadAdv.DB,DatFim,Data,data_hora,System.DateTime,8,desconhecido,True,Paradox/BDE,data_hora,"validar em tela, ProcMon e amostra de dados"
outro,CadAdv,Lav\Dados\CadAdv.DB,Cancelado,Celular,cliente_ref,System.String,2,desconhecido,True,Paradox/BDE,identificador/vinculo,"validar em tela, ProcMon e amostra de dados"
outro,CadAdv,Lav\Dados\CadAdv.DB,DatCan,Data,data_hora,System.DateTime,8,desconhecido,True,Paradox/BDE,data_hora,"validar em tela, ProcMon e amostra de dados"
outro,CadAdv,Lav\Dados\CadAdv.DB,MotivoCan,MotivoCan,texto_observacao,System.String,100,desconhecido,True,Paradox/BDE,texto_observacao,"validar em tela, ProcMon e amostra de dados"
outro,CadAdv,Lav\Dados\CadAdv.DB,TamFont,TamFont,outro,System.Int32,4,desconhecido,True,Paradox/BDE,outro,"validar em tela, ProcMon e amostra de dados"
outro,CadAdvTip,Lav\Dados\CadAdvTip.DB,SeqAdv,SeqAdv,outro,System.Int32,4,desconhecido,True,Paradox/BDE,outro,"validar em tela, ProcMon e amostra de dados"
outro,CadAdvTip,Lav\Dados\CadAdvTip.DB,TipAdv,TipAdv,outro,System.Int32,4,desconhecido,True,Paradox/BDE,outro,"validar em tela, ProcMon e amostra de dados"
outro,CadAdvTip,Lav\Dados\CadAdvTip.DB,Obs,Obs,texto_observacao,System.String,100,desconhecido,True,Paradox/BDE,texto_observacao,"validar em tela, ProcMon e amostra de dados"
outro,CadAgrPro,Lav\Dados\CadAgrPro.DB,AgrGruPro,AgrGruPro,cliente_ref,System.String,40,desconhecido,True,Paradox/BDE,identificador/vinculo,"validar em tela, ProcMon e amostra de dados"
outro,CadAgrPro,Lav\Dados\CadAgrPro.DB,DesAgrGruPro,DesAgrGruPro,cliente_ref,System.String,80,desconhecido,True,Paradox/BDE,identificador/vinculo,"validar em tela, ProcMon e amostra de dados"
outro,CadAgrPro,Lav\Dados\CadAgrPro.DB,TipAgr,TipAgr,outro,System.String,2,desconhecido,True,Paradox/BDE,outro,"validar em tela, ProcMon e amostra de dados"
outro,CadAgrPro,Lav\Dados\CadAgrPro.DB,Cancelado,Celular,cliente_ref,System.String,2,desconhecido,True,Paradox/BDE,identificador/vinculo,"validar em tela, ProcMon e amostra de dados"
outro,CadAgrPro,Lav\Dados\CadAgrPro.DB,MotivoCanc,MotivoCanc,texto_observacao,System.String,200,desconhecido,True,Paradox/BDE,texto_observacao,"validar em tela, ProcMon e amostra de dados"
produto_servico,CadCorTer,Lav\Dados\CadCorTer.DB,CodTipTing,CodTipTing,id_codigo,System.String,10,provavel,True,Paradox/BDE,identificador/vinculo,"validar em tela, ProcMon e amostra de dados"
produto_servico,CadCorTer,Lav\Dados\CadCorTer.DB,CodCorTer,CodCorTer,id_codigo,System.String,10,provavel,True,Paradox/BDE,identificador/vinculo,"validar em tela, ProcMon e amostra de dados"
produto_servico,CadCorTer,Lav\Dados\CadCorTer.DB,DesCorTer,Desconto/Descricao,valor_monetario,System.String,60,desconhecido,True,Paradox/BDE,valor_monetario,"validar em tela, ProcMon e amostra de dados"
produto_servico,CadDefeitoGru,Lav\Dados\CadDefeitoGru.DB,CodDef,CodDef,id_codigo,System.String,6,provavel,True,Paradox/BDE,identificador/vinculo,"validar em tela, ProcMon e amostra de dados"
produto_servico,CadDefeitoGru,Lav\Dados\CadDefeitoGru.DB,GruPro,GruPro,outro,System.String,10,desconhecido,True,Paradox/BDE,outro,"validar em tela, ProcMon e amostra de dados"
outro,CadFatorGru,Lav\Dados\CadFatorGru.DB,CodFatPre,CodFatPre,id_codigo,System.String,6,provavel,True,Paradox/BDE,identificador/vinculo,"validar em tela, ProcMon e amostra de dados"
outro,CadFatorGru,Lav\Dados\CadFatorGru.DB,GruPro,GruPro,outro,System.String,10,desconhecido,True,Paradox/BDE,outro,"validar em tela, ProcMon e amostra de dados"
outro,CadFatorGru,Lav\Dados\CadFatorGru.DB,Fator,Fator,outro,System.Double,8,desconhecido,True,Paradox/BDE,outro,"validar em tela, ProcMon e amostra de dados"
outro,CadFatorGru,Lav\Dados\CadFatorGru.DB,Promocao,Promocao,outro,System.String,6,desconhecido,True,Paradox/BDE,outro,"validar em tela, ProcMon e amostra de dados"
outro,CadFitas,Lav\Dados\CadFitas.DB,DiaSem,DiaSem,outro,System.Int32,4,desconhecido,True,Paradox/BDE,outro,"validar em tela, ProcMon e amostra de dados"
outro,CadFitas,Lav\Dados\CadFitas.DB,DesSem,DesSem,outro,System.String,40,desconhecido,True,Paradox/BDE,outro,"validar em tela, ProcMon e amostra de dados"
outro,CadFitas,Lav\Dados\CadFitas.DB,Limite,Limite,outro,System.Int32,4,desconhecido,True,Paradox/BDE,outro,"validar em tela, ProcMon e amostra de dados"
outro,CadFitas,Lav\Dados\CadFitas.DB,Atual,Atual,outro,System.Int32,4,desconhecido,True,Paradox/BDE,outro,"validar em tela, ProcMon e amostra de dados"
outro,CadFitas,Lav\Dados\CadFitas.DB,CodPra,CodPra,id_codigo,System.String,6,provavel,True,Paradox/BDE,identificador/vinculo,"validar em tela, ProcMon e amostra de dados"
outro,CadFitas,Lav\Dados\CadFitas.DB,IntDiaSem,IntDiaSem,outro,System.Int32,4,desconhecido,True,Paradox/BDE,outro,"validar em tela, ProcMon e amostra de dados"
ordem_servico_rol,CadLocRol,Lav\Dados\CadLocRol.DB,CodLocRol,ROL/OS,id_codigo,System.String,10,provavel,True,Paradox/BDE,identificador/vinculo,"validar em tela, ProcMon e amostra de dados"
ordem_servico_rol,CadLocRol,Lav\Dados\CadLocRol.DB,DesLocRol,ROL/OS,ordem_rol_ref,System.String,40,desconhecido,True,Paradox/BDE,identificador/vinculo,"validar em tela, ProcMon e amostra de dados"
ordem_servico_rol,CadLocRol,Lav\Dados\CadLocRol.DB,Obs,Obs,texto_observacao,System.String,100,desconhecido,True,Paradox/BDE,texto_observacao,"validar em tela, ProcMon e amostra de dados"
ordem_servico_rol,CadLocRol,Lav\Dados\CadLocRol.DB,Cancelado,Celular,cliente_ref,System.String,2,desconhecido,True,Paradox/BDE,identificador/vinculo,"validar em tela, ProcMon e amostra de dados"
ordem_servico_rol,CadLocRol,Lav\Dados\CadLocRol.DB,MotivoCan,MotivoCan,texto_observacao,System.String,100,desconhecido,True,Paradox/BDE,texto_observacao,"validar em tela, ProcMon e amostra de dados"
ordem_servico_rol,CadLocRol,Lav\Dados\CadLocRol.DB,DatCan,Data,data_hora,System.DateTime,8,desconhecido,True,Paradox/BDE,data_hora,"validar em tela, ProcMon e amostra de dados"
produto_servico,CadMarca,Lav\Dados\CadMarca.DB,CodMar,CodMar,id_codigo,System.String,6,provavel,True,Paradox/BDE,identificador/vinculo,"validar em tela, ProcMon e amostra de dados"
produto_servico,CadMarca,Lav\Dados\CadMarca.DB,DesMar,DesMar,outro,System.String,50,desconhecido,True,Paradox/BDE,outro,"validar em tela, ProcMon e amostra de dados"
produto_servico,CadMarca,Lav\Dados\CadMarca.DB,Obs,Obs,texto_observacao,System.String,100,desconhecido,True,Paradox/BDE,texto_observacao,"validar em tela, ProcMon e amostra de dados"
produto_servico,CadMarca,Lav\Dados\CadMarca.DB,Cancelado,Celular,cliente_ref,System.String,2,desconhecido,True,Paradox/BDE,identificador/vinculo,"validar em tela, ProcMon e amostra de dados"
produto_servico,CadMarca,Lav\Dados\CadMarca.DB,MotivoCan,MotivoCan,texto_observacao,System.String,100,desconhecido,True,Paradox/BDE,texto_observacao,"validar em tela, ProcMon e amostra de dados"
produto_servico,CadMarca,Lav\Dados\CadMarca.DB,DatCan,Data,data_hora,System.DateTime,8,desconhecido,True,Paradox/BDE,data_hora,"validar em tela, ProcMon e amostra de dados"
produto_servico,CadMarca,Lav\Dados\CadMarca.DB,DesMarAbr,DesMarAbr,outro,System.String,6,desconhecido,True,Paradox/BDE,outro,"validar em tela, ProcMon e amostra de dados"
produto_servico,CadMarcaGru,Lav\Dados\CadMarcaGru.DB,CodMar,CodMar,id_codigo,System.String,6,provavel,True,Paradox/BDE,identificador/vinculo,"validar em tela, ProcMon e amostra de dados"
produto_servico,CadMarcaGru,Lav\Dados\CadMarcaGru.DB,GruPro,GruPro,outro,System.String,10,desconhecido,True,Paradox/BDE,outro,"validar em tela, ProcMon e amostra de dados"
outro,CadPas,Lav\Dados\CadPas.DB,CodPas,CodPas,id_codigo,System.String,10,provavel,True,Paradox/BDE,identificador/vinculo,"validar em tela, ProcMon e amostra de dados"
outro,CadPas,Lav\Dados\CadPas.DB,NomPas,NomPas,outro,System.String,60,desconhecido,True,Paradox/BDE,outro,"validar em tela, ProcMon e amostra de dados"
outro,CadPas,Lav\Dados\CadPas.DB,EndPas,Endereco,cliente_ref,System.String,60,desconhecido,True,Paradox/BDE,identificador/vinculo,"validar em tela, ProcMon e amostra de dados"
outro,CadPas,Lav\Dados\CadPas.DB,CidPas,CidPas,outro,System.String,40,provavel,True,Paradox/BDE,outro,"validar em tela, ProcMon e amostra de dados"
outro,CadPas,Lav\Dados\CadPas.DB,EstPas,EstPas,outro,System.String,4,desconhecido,True,Paradox/BDE,outro,"validar em tela, ProcMon e amostra de dados"
outro,CadPas,Lav\Dados\CadPas.DB,PorCom,PorCom,ordem_rol_ref,System.Double,8,desconhecido,True,Paradox/BDE,identificador/vinculo,"validar em tela, ProcMon e amostra de dados"
outro,CadPas,Lav\Dados\CadPas.DB,Cancelado,Celular,cliente_ref,System.String,2,desconhecido,True,Paradox/BDE,identificador/vinculo,"validar em tela, ProcMon e amostra de dados"
outro,CadPas,Lav\Dados\CadPas.DB,DatCan,Data,data_hora,System.DateTime,8,desconhecido,True,Paradox/BDE,data_hora,"validar em tela, ProcMon e amostra de dados"
outro,CadPas,Lav\Dados\CadPas.DB,MotivoCan,MotivoCan,texto_observacao,System.String,100,desconhecido,True,Paradox/BDE,texto_observacao,"validar em tela, ProcMon e amostra de dados"
outro,CadPas,Lav\Dados\CadPas.DB,Senha,Senha,outro,System.String,10,desconhecido,True,Paradox/BDE,outro,"validar em tela, ProcMon e amostra de dados"
outro,CadPas,Lav\Dados\CadPas.DB,CodUsuPonto,CodUsuPonto,id_codigo,System.String,20,provavel,True,Paradox/BDE,identificador/vinculo,"validar em tela, ProcMon e amostra de dados"
outro,CadQuinFat,Lav\Dados\CadQuinFat.DB,Codigo,Codigo,id_codigo,System.String,20,provavel,True,Paradox/BDE,identificador/vinculo,"validar em tela, ProcMon e amostra de dados"
outro,CadQuinFat,Lav\Dados\CadQuinFat.DB,Descricao,Desconto/Descricao,valor_monetario,System.String,140,desconhecido,True,Paradox/BDE,valor_monetario,"validar em tela, ProcMon e amostra de dados"
outro,CadQuinFat,Lav\Dados\CadQuinFat.DB,Status,Status,status_situacao,System.String,2,desconhecido,True,Paradox/BDE,status_situacao,"validar em tela, ProcMon e amostra de dados"
outro,CadSerTing,Lav\Dados\CadSerTing.DB,CodSerTin,CodSerTin,id_codigo,System.String,10,provavel,True,Paradox/BDE,identificador/vinculo,"validar em tela, ProcMon e amostra de dados"
outro,CadSerTing,Lav\Dados\CadSerTing.DB,DesSerTin,DesSerTin,outro,System.String,60,desconhecido,True,Paradox/BDE,outro,"validar em tela, ProcMon e amostra de dados"
outro,CadSerTing,Lav\Dados\CadSerTing.DB,CodInteg,CodInteg,id_codigo,System.String,10,provavel,True,Paradox/BDE,identificador/vinculo,"validar em tela, ProcMon e amostra de dados"
outro,CadSerTing,Lav\Dados\CadSerTing.DB,Cancelado,Celular,cliente_ref,System.String,2,desconhecido,True,Paradox/BDE,identificador/vinculo,"validar em tela, ProcMon e amostra de dados"
outro,CadSerTing,Lav\Dados\CadSerTing.DB,DatCan,Data,data_hora,System.DateTime,8,desconhecido,True,Paradox/BDE,data_hora,"validar em tela, ProcMon e amostra de dados"
outro,CadSerTing,Lav\Dados\CadSerTing.DB,MotivoCan,MotivoCan,texto_observacao,System.String,100,desconhecido,True,Paradox/BDE,texto_observacao,"validar em tela, ProcMon e amostra de dados"
outro,CadTipTing,Lav\Dados\CadTipTing.DB,CodTipTin,CodTipTin,id_codigo,System.String,10,provavel,True,Paradox/BDE,identificador/vinculo,"validar em tela, ProcMon e amostra de dados"
outro,CadTipTing,Lav\Dados\CadTipTing.DB,DesTipTin,DesTipTin,outro,System.String,60,desconhecido,True,Paradox/BDE,outro,"validar em tela, ProcMon e amostra de dados"
outro,CadTipTing,Lav\Dados\CadTipTing.DB,Cancelado,Celular,cliente_ref,System.String,2,desconhecido,True,Paradox/BDE,identificador/vinculo,"validar em tela, ProcMon e amostra de dados"
outro,CadTipTing,Lav\Dados\CadTipTing.DB,DatCan,Data,data_hora,System.DateTime,8,desconhecido,True,Paradox/BDE,data_hora,"validar em tela, ProcMon e amostra de dados"
outro,CadTipTing,Lav\Dados\CadTipTing.DB,MotivoCan,MotivoCan,texto_observacao,System.String,100,desconhecido,True,Paradox/BDE,texto_observacao,"validar em tela, ProcMon e amostra de dados"
outro,CadTipTing,Lav\Dados\CadTipTing.DB,CodInteg,CodInteg,id_codigo,System.String,10,provavel,True,Paradox/BDE,identificador/vinculo,"validar em tela, ProcMon e amostra de dados"
outro,Caract,Lav\Dados\Caract.DB,CodCar,CodCar,id_codigo,System.String,6,provavel,True,Paradox/BDE,identificador/vinculo,"validar em tela, ProcMon e amostra de dados"
outro,Caract,Lav\Dados\Caract.DB,DesCar,Desconto/Descricao,valor_monetario,System.String,40,desconhecido,True,Paradox/BDE,valor_monetario,"validar em tela, ProcMon e amostra de dados"
outro,Caract,Lav\Dados\Caract.DB,DesCarAbr,Desconto/Descricao,valor_monetario,System.String,6,desconhecido,True,Paradox/BDE,valor_monetario,"validar em tela, ProcMon e amostra de dados"
outro,Caract,Lav\Dados\Caract.DB,Cancelado,Celular,cliente_ref,System.String,2,desconhecido,True,Paradox/BDE,identificador/vinculo,"validar em tela, ProcMon e amostra de dados"
outro,Caract,Lav\Dados\Caract.DB,MotivoCan,MotivoCan,texto_observacao,System.String,100,desconhecido,True,Paradox/BDE,texto_observacao,"validar em tela, ProcMon e amostra de dados"
produto_servico,Cores,Lav\Dados\Cores.DB,CodCor,CodCor,id_codigo,System.String,6,provavel,True,Paradox/BDE,identificador/vinculo,"validar em tela, ProcMon e amostra de dados"
produto_servico,Cores,Lav\Dados\Cores.DB,DesCor,Desconto/Descricao,valor_monetario,System.String,60,desconhecido,True,Paradox/BDE,valor_monetario,"validar em tela, ProcMon e amostra de dados"
produto_servico,Cores,Lav\Dados\Cores.DB,NumCor,NumCor,id_codigo,System.Double,8,provavel,True,Paradox/BDE,identificador/vinculo,"validar em tela, ProcMon e amostra de dados"
produto_servico,Cores,Lav\Dados\Cores.DB,DesCorAbr,Desconto/Descricao,valor_monetario,System.String,6,desconhecido,True,Paradox/BDE,valor_monetario,"validar em tela, ProcMon e amostra de dados"
produto_servico,Cores,Lav\Dados\Cores.DB,Cancelado,Celular,cliente_ref,System.String,2,desconhecido,True,Paradox/BDE,identificador/vinculo,"validar em tela, ProcMon e amostra de dados"
produto_servico,Cores,Lav\Dados\Cores.DB,MotivoCan,MotivoCan,texto_observacao,System.String,40,desconhecido,True,Paradox/BDE,texto_observacao,"validar em tela, ProcMon e amostra de dados"
produto_servico,Cores,Lav\Dados\Cores.DB,CodCorTer,CodCorTer,id_codigo,System.String,20,provavel,True,Paradox/BDE,identificador/vinculo,"validar em tela, ProcMon e amostra de dados"
produto_servico,Defeitos,Lav\Dados\Defeitos.DB,CodDef,CodDef,id_codigo,System.String,6,provavel,True,Paradox/BDE,identificador/vinculo,"validar em tela, ProcMon e amostra de dados"
produto_servico,Defeitos,Lav\Dados\Defeitos.DB,DesDef,DesDef,outro,System.String,100,desconhecido,True,Paradox/BDE,outro,"validar em tela, ProcMon e amostra de dados"
produto_servico,Defeitos,Lav\Dados\Defeitos.DB,DesDefAbr,DesDefAbr,outro,System.String,6,desconhecido,True,Paradox/BDE,outro,"validar em tela, ProcMon e amostra de dados"
produto_servico,Defeitos,Lav\Dados\Defeitos.DB,Cancelado,Celular,cliente_ref,System.String,2,desconhecido,True,Paradox/BDE,identificador/vinculo,"validar em tela, ProcMon e amostra de dados"
produto_servico,Defeitos,Lav\Dados\Defeitos.DB,MotivoCan,MotivoCan,texto_observacao,System.String,100,desconhecido,True,Paradox/BDE,texto_observacao,"validar em tela, ProcMon e amostra de dados"
outro,Empree,Lav\Dados\Empree.DB,CodEmpree,CodEmpree,id_codigo,System.String,6,provavel,True,Paradox/BDE,identificador/vinculo,"validar em tela, ProcMon e amostra de dados"
outro,Empree,Lav\Dados\Empree.DB,DesEmpree,DesEmpree,outro,System.String,80,desconhecido,True,Paradox/BDE,outro,"validar em tela, ProcMon e amostra de dados"
outro,FatPre_C,Lav\Dados\FatPre_C.DB,CodFatPre,CodFatPre,id_codigo,System.String,6,provavel,True,Paradox/BDE,identificador/vinculo,"validar em tela, ProcMon e amostra de dados"
outro,FatPre_C,Lav\Dados\FatPre_C.DB,DesFatPre,DesFatPre,outro,System.String,60,desconhecido,True,Paradox/BDE,outro,"validar em tela, ProcMon e amostra de dados"
outro,FatPre_C,Lav\Dados\FatPre_C.DB,DiaEnt,DiaEnt,outro,System.Double,8,desconhecido,True,Paradox/BDE,outro,"validar em tela, ProcMon e amostra de dados"
outro,FatPre_C,Lav\Dados\FatPre_C.DB,Fator,Fator,outro,System.Double,8,desconhecido,True,Paradox/BDE,outro,"validar em tela, ProcMon e amostra de dados"
outro,FatPre_C,Lav\Dados\FatPre_C.DB,DesFatPreAbr,DesFatPreAbr,outro,System.String,6,desconhecido,True,Paradox/BDE,outro,"validar em tela, ProcMon e amostra de dados"
outro,FatPre_C,Lav\Dados\FatPre_C.DB,Disp,Disp,outro,System.String,6,desconhecido,True,Paradox/BDE,outro,"validar em tela, ProcMon e amostra de dados"
outro,FatPre_C,Lav\Dados\FatPre_C.DB,CodProm,CodProm,id_codigo,System.String,6,provavel,True,Paradox/BDE,identificador/vinculo,"validar em tela, ProcMon e amostra de dados"
outro,FatPre_C,Lav\Dados\FatPre_C.DB,ConPonCF,ConPonCF,outro,System.String,2,desconhecido,True,Paradox/BDE,outro,"validar em tela, ProcMon e amostra de dados"
outro,FatPre_C,Lav\Dados\FatPre_C.DB,TipFat,TipFat,outro,System.String,2,desconhecido,True,Paradox/BDE,outro,"validar em tela, ProcMon e amostra de dados"
outro,FatPre_C,Lav\Dados\FatPre_C.DB,DatIniFat,Data,data_hora,System.DateTime,8,desconhecido,True,Paradox/BDE,data_hora,"validar em tela, ProcMon e amostra de dados"
outro,FatPre_C,Lav\Dados\FatPre_C.DB,DatFimFat,Data,data_hora,System.DateTime,8,desconhecido,True,Paradox/BDE,data_hora,"validar em tela, ProcMon e amostra de dados"
outro,GruEnt,Lav\Dados\GruEnt.DB,GruEnt,GruEnt,outro,System.String,10,desconhecido,True,Paradox/BDE,outro,"validar em tela, ProcMon e amostra de dados"
outro,GruEnt,Lav\Dados\GruEnt.DB,DesGruEnt,DesGruEnt,outro,System.String,60,desconhecido,True,Paradox/BDE,outro,"validar em tela, ProcMon e amostra de dados"
outro,GruEnt,Lav\Dados\GruEnt.DB,Obs,Obs,texto_observacao,System.String,200,desconhecido,True,Paradox/BDE,texto_observacao,"validar em tela, ProcMon e amostra de dados"
outro,GruEnt,Lav\Dados\GruEnt.DB,Cancelado,Celular,cliente_ref,System.String,2,desconhecido,True,Paradox/BDE,identificador/vinculo,"validar em tela, ProcMon e amostra de dados"
outro,GruEnt,Lav\Dados\GruEnt.DB,MotivoCan,MotivoCan,texto_observacao,System.String,100,desconhecido,True,Paradox/BDE,texto_observacao,"validar em tela, ProcMon e amostra de dados"
outro,GruEnt,Lav\Dados\GruEnt.DB,DatCan,Data,data_hora,System.DateTime,8,desconhecido,True,Paradox/BDE,data_hora,"validar em tela, ProcMon e amostra de dados"
outro,GruProTer,Lav\Dados\GruProTer.DB,GruPro,GruPro,outro,System.String,10,desconhecido,True,Paradox/BDE,outro,"validar em tela, ProcMon e amostra de dados"
outro,GruProTer,Lav\Dados\GruProTer.DB,CodSerTin,CodSerTin,id_codigo,System.String,10,provavel,True,Paradox/BDE,identificador/vinculo,"validar em tela, ProcMon e amostra de dados"
outro,Prazos,Lav\Dados\Prazos.DB,CodPra,CodPra,id_codigo,System.String,6,provavel,True,Paradox/BDE,identificador/vinculo,"validar em tela, ProcMon e amostra de dados"
outro,Prazos,Lav\Dados\Prazos.DB,DesPra,DesPra,outro,System.String,40,desconhecido,True,Paradox/BDE,outro,"validar em tela, ProcMon e amostra de dados"
outro,Prazos,Lav\Dados\Prazos.DB,Fator,Fator,outro,System.Double,8,desconhecido,True,Paradox/BDE,outro,"validar em tela, ProcMon e amostra de dados"
outro,Prazos,Lav\Dados\Prazos.DB,DiaEnt,DiaEnt,outro,System.Double,8,desconhecido,True,Paradox/BDE,outro,"validar em tela, ProcMon e amostra de dados"
outro,Prazos,Lav\Dados\Prazos.DB,FitaGru,FitaGru,outro,System.String,6,desconhecido,True,Paradox/BDE,outro,"validar em tela, ProcMon e amostra de dados"
outro,Prazos,Lav\Dados\Prazos.DB,FitaLim,FitaLim,outro,System.Int32,4,desconhecido,True,Paradox/BDE,outro,"validar em tela, ProcMon e amostra de dados"
outro,Prazos,Lav\Dados\Prazos.DB,FitaAtual,FitaAtual,outro,System.Int32,4,desconhecido,True,Paradox/BDE,outro,"validar em tela, ProcMon e amostra de dados"
outro,PromCad,Lav\Dados\PromCad.DB,CodProm,CodProm,id_codigo,System.Int32,4,provavel,True,Paradox/BDE,identificador/vinculo,"validar em tela, ProcMon e amostra de dados"
outro,PromCad,Lav\Dados\PromCad.DB,DesProm,Produto,produto_ref,System.String,60,desconhecido,True,Paradox/BDE,identificador/vinculo,"validar em tela, ProcMon e amostra de dados"
outro,PromCad,Lav\Dados\PromCad.DB,FormaCred,FormaCred,outro,System.String,2,desconhecido,True,Paradox/BDE,outro,"validar em tela, ProcMon e amostra de dados"
outro,PromCad,Lav\Dados\PromCad.DB,TipCred,TipCred,outro,System.String,2,desconhecido,True,Paradox/BDE,outro,"validar em tela, ProcMon e amostra de dados"
outro,PromCad,Lav\Dados\PromCad.DB,FatPreAbat,FatPreAbat,outro,System.String,6,desconhecido,True,Paradox/BDE,outro,"validar em tela, ProcMon e amostra de dados"
outro,PromCad,Lav\Dados\PromCad.DB,Limite,Limite,outro,System.Double,8,desconhecido,True,Paradox/BDE,outro,"validar em tela, ProcMon e amostra de dados"
outro,PromCad,Lav\Dados\PromCad.DB,Aviso,Aviso,outro,System.Double,8,desconhecido,True,Paradox/BDE,outro,"validar em tela, ProcMon e amostra de dados"
outro,PromCad,Lav\Dados\PromCad.DB,CodProEnt,CodProEnt,id_codigo,System.String,6,provavel,True,Paradox/BDE,identificador/vinculo,"validar em tela, ProcMon e amostra de dados"
outro,PromCad,Lav\Dados\PromCad.DB,GruProEnt,GruProEnt,outro,System.String,10,desconhecido,True,Paradox/BDE,outro,"validar em tela, ProcMon e amostra de dados"
outro,PromCad,Lav\Dados\PromCad.DB,DatIniProm,Data,data_hora,System.DateTime,8,desconhecido,True,Paradox/BDE,data_hora,"validar em tela, ProcMon e amostra de dados"
outro,PromCad,Lav\Dados\PromCad.DB,DatFimProm,Data,data_hora,System.DateTime,8,desconhecido,True,Paradox/BDE,data_hora,"validar em tela, ProcMon e amostra de dados"
outro,PromCad,Lav\Dados\PromCad.DB,Cancelado,Celular,cliente_ref,System.String,2,desconhecido,True,Paradox/BDE,identificador/vinculo,"validar em tela, ProcMon e amostra de dados"
outro,PromCad,Lav\Dados\PromCad.DB,DatCan,Data,data_hora,System.DateTime,8,desconhecido,True,Paradox/BDE,data_hora,"validar em tela, ProcMon e amostra de dados"
outro,PromCad,Lav\Dados\PromCad.DB,MotivoCan,MotivoCan,texto_observacao,System.String,100,desconhecido,True,Paradox/BDE,texto_observacao,"validar em tela, ProcMon e amostra de dados"
outro,PromCad,Lav\Dados\PromCad.DB,MultImpRol,ROL/OS,ordem_rol_ref,System.Int32,4,desconhecido,True,Paradox/BDE,identificador/vinculo,"validar em tela, ProcMon e amostra de dados"
outro,PromCad,Lav\Dados\PromCad.DB,DatFimAba,Data,data_hora,System.DateTime,8,desconhecido,True,Paradox/BDE,data_hora,"validar em tela, ProcMon e amostra de dados"
outro,ProTipTec,Lav\Dados\ProTipTec.DB,CodPro,CodPro,id_codigo,System.String,6,provavel,True,Paradox/BDE,identificador/vinculo,"validar em tela, ProcMon e amostra de dados"
outro,ProTipTec,Lav\Dados\ProTipTec.DB,CodTipTec,CodTipTec,id_codigo,System.String,6,provavel,True,Paradox/BDE,identificador/vinculo,"validar em tela, ProcMon e amostra de dados"
outro,ProTipTec,Lav\Dados\ProTipTec.DB,Fator,Fator,outro,System.Double,8,desconhecido,True,Paradox/BDE,outro,"validar em tela, ProcMon e amostra de dados"
outro,SerLav,Lav\Dados\SerLav.DB,CodSerLav,CodSerLav,id_codigo,System.String,6,provavel,True,Paradox/BDE,identificador/vinculo,"validar em tela, ProcMon e amostra de dados"
outro,SerLav,Lav\Dados\SerLav.DB,DesSerLav,DesSerLav,outro,System.String,40,desconhecido,True,Paradox/BDE,outro,"validar em tela, ProcMon e amostra de dados"
outro,SerLav,Lav\Dados\SerLav.DB,GruSerLav,GruSerLav,outro,System.String,10,desconhecido,True,Paradox/BDE,outro,"validar em tela, ProcMon e amostra de dados"
outro,SerLav,Lav\Dados\SerLav.DB,TipoControle,ROL/OS,ordem_rol_ref,System.String,20,desconhecido,True,Paradox/BDE,identificador/vinculo,"validar em tela, ProcMon e amostra de dados"
outro,SerLav,Lav\Dados\SerLav.DB,ValCom,ValCom,outro,System.Double,8,desconhecido,True,Paradox/BDE,outro,"validar em tela, ProcMon e amostra de dados"
outro,SerLav,Lav\Dados\SerLav.DB,Pontos,Pontos,ordem_rol_ref,System.Int32,4,desconhecido,True,Paradox/BDE,identificador/vinculo,"validar em tela, ProcMon e amostra de dados"
outro,SerLav,Lav\Dados\SerLav.DB,TipCom,TipCom,outro,System.String,2,desconhecido,True,Paradox/BDE,outro,"validar em tela, ProcMon e amostra de dados"
outro,SerLav,Lav\Dados\SerLav.DB,ValComL,ValComL,outro,System.Double,8,desconhecido,True,Paradox/BDE,outro,"validar em tela, ProcMon e amostra de dados"
outro,SerLav,Lav\Dados\SerLav.DB,PontosL,PontosL,ordem_rol_ref,System.Int32,4,desconhecido,True,Paradox/BDE,identificador/vinculo,"validar em tela, ProcMon e amostra de dados"
outro,SerLav,Lav\Dados\SerLav.DB,TipComL,TipComL,outro,System.String,2,desconhecido,True,Paradox/BDE,outro,"validar em tela, ProcMon e amostra de dados"
outro,SerLav,Lav\Dados\SerLav.DB,PontosProd,PontosProd,ordem_rol_ref,System.Int32,4,desconhecido,True,Paradox/BDE,identificador/vinculo,"validar em tela, ProcMon e amostra de dados"
outro,SerLav,Lav\Dados\SerLav.DB,CalcNF,CalcNF,fiscal_documento,System.Double,8,desconhecido,True,Paradox/BDE,fiscal_documento,"validar em tela, ProcMon e amostra de dados"
outro,SerLav,Lav\Dados\SerLav.DB,CodFor,CodFor,id_codigo,System.String,20,provavel,True,Paradox/BDE,identificador/vinculo,"validar em tela, ProcMon e amostra de dados"
outro,SerLav,Lav\Dados\SerLav.DB,ComForTer,ComForTer,outro,System.Double,8,desconhecido,True,Paradox/BDE,outro,"validar em tela, ProcMon e amostra de dados"
outro,SerLav,Lav\Dados\SerLav.DB,TipForTer,TipForTer,outro,System.String,2,desconhecido,True,Paradox/BDE,outro,"validar em tela, ProcMon e amostra de dados"
outro,SerLav,Lav\Dados\SerLav.DB,Imprimir,Imprimir,outro,System.String,2,desconhecido,True,Paradox/BDE,outro,"validar em tela, ProcMon e amostra de dados"
outro,SerLav,Lav\Dados\SerLav.DB,CodSerLav2,CodSerLav2,id_codigo,System.String,20,provavel,True,Paradox/BDE,identificador/vinculo,"validar em tela, ProcMon e amostra de dados"
outro,SerLav,Lav\Dados\SerLav.DB,CodSerTer,CodSerTer,id_codigo,System.String,20,provavel,True,Paradox/BDE,identificador/vinculo,"validar em tela, ProcMon e amostra de dados"
outro,SerLav,Lav\Dados\SerLav.DB,DetSerLav,DetSerLav,outro,System.String,300,desconhecido,True,Paradox/BDE,outro,"validar em tela, ProcMon e amostra de dados"
outro,SerLav,Lav\Dados\SerLav.DB,Cancelado,Celular,cliente_ref,System.String,2,desconhecido,True,Paradox/BDE,identificador/vinculo,"validar em tela, ProcMon e amostra de dados"
outro,SerLav,Lav\Dados\SerLav.DB,TipImpEti,TipImpEti,fiscal_documento,System.String,2,desconhecido,True,Paradox/BDE,fiscal_documento,"validar em tela, ProcMon e amostra de dados"
outro,TabFat,Lav\Dados\TabFat.DB,CodTab,CodTab,id_codigo,System.String,6,provavel,True,Paradox/BDE,identificador/vinculo,"validar em tela, ProcMon e amostra de dados"
outro,TabFat,Lav\Dados\TabFat.DB,CodFatPre,CodFatPre,id_codigo,System.String,6,provavel,True,Paradox/BDE,identificador/vinculo,"validar em tela, ProcMon e amostra de dados"
outro,TabFat,Lav\Dados\TabFat.DB,DiaEnt,DiaEnt,outro,System.Double,8,desconhecido,True,Paradox/BDE,outro,"validar em tela, ProcMon e amostra de dados"
outro,TabFat,Lav\Dados\TabFat.DB,Fator,Fator,outro,System.Double,8,desconhecido,True,Paradox/BDE,outro,"validar em tela, ProcMon e amostra de dados"
outro,TabFat,Lav\Dados\TabFat.DB,DesFatPre,DesFatPre,outro,System.String,60,desconhecido,True,Paradox/BDE,outro,"validar em tela, ProcMon e amostra de dados"
outro,TabFat,Lav\Dados\TabFat.DB,TipCalculo,TipCalculo,outro,System.String,2,desconhecido,True,Paradox/BDE,outro,"validar em tela, ProcMon e amostra de dados"
outro,TabFat,Lav\Dados\TabFat.DB,Promocao,Promocao,outro,System.String,6,desconhecido,True,Paradox/BDE,outro,"validar em tela, ProcMon e amostra de dados"
outro,TabPra,Lav\Dados\TabPra.DB,CodTab,CodTab,id_codigo,System.String,6,provavel,True,Paradox/BDE,identificador/vinculo,"validar em tela, ProcMon e amostra de dados"
outro,TabPra,Lav\Dados\TabPra.DB,CodPra,CodPra,id_codigo,System.String,6,provavel,True,Paradox/BDE,identificador/vinculo,"validar em tela, ProcMon e amostra de dados"
outro,TabPra,Lav\Dados\TabPra.DB,DiaEnt,DiaEnt,outro,System.Int32,4,desconhecido,True,Paradox/BDE,outro,"validar em tela, ProcMon e amostra de dados"
outro,TabPra,Lav\Dados\TabPra.DB,Fator,Fator,outro,System.Double,8,desconhecido,True,Paradox/BDE,outro,"validar em tela, ProcMon e amostra de dados"
outro,TabPra,Lav\Dados\TabPra.DB,DesPra,DesPra,outro,System.String,60,desconhecido,True,Paradox/BDE,outro,"validar em tela, ProcMon e amostra de dados"
outro,TabPreco,Lav\Dados\TabPreco.DB,CodTab,CodTab,id_codigo,System.String,6,provavel,True,Paradox/BDE,identificador/vinculo,"validar em tela, ProcMon e amostra de dados"
outro,TabPreco,Lav\Dados\TabPreco.DB,DesTab,DesTab,outro,System.String,60,desconhecido,True,Paradox/BDE,outro,"validar em tela, ProcMon e amostra de dados"
outro,TabPreco,Lav\Dados\TabPreco.DB,CodTipTab,CodTipTab,id_codigo,System.String,6,provavel,True,Paradox/BDE,identificador/vinculo,"validar em tela, ProcMon e amostra de dados"
outro,TabPreco,Lav\Dados\TabPreco.DB,GruCli,GruCli,outro,System.String,10,desconhecido,True,Paradox/BDE,outro,"validar em tela, ProcMon e amostra de dados"
outro,TabPreco,Lav\Dados\TabPreco.DB,DatValTab,Data,data_hora,System.DateTime,8,desconhecido,True,Paradox/BDE,data_hora,"validar em tela, ProcMon e amostra de dados"
outro,TabPreco,Lav\Dados\TabPreco.DB,DescontoFat,Desconto/Descricao,valor_monetario,System.Double,8,desconhecido,True,Paradox/BDE,valor_monetario,"validar em tela, ProcMon e amostra de dados"
outro,TabPreco,Lav\Dados\TabPreco.DB,DescontoAdi,Desconto/Descricao,valor_monetario,System.Double,8,desconhecido,True,Paradox/BDE,valor_monetario,"validar em tela, ProcMon e amostra de dados"
outro,TabPreco,Lav\Dados\TabPreco.DB,Senha,Senha,outro,System.String,10,desconhecido,True,Paradox/BDE,outro,"validar em tela, ProcMon e amostra de dados"
outro,TabPreco,Lav\Dados\TabPreco.DB,ExiVlrRol,ROL/OS,ordem_rol_ref,System.String,2,desconhecido,True,Paradox/BDE,identificador/vinculo,"validar em tela, ProcMon e amostra de dados"
outro,TabPreco,Lav\Dados\TabPreco.DB,PreKg,PreKg,outro,System.Double,8,desconhecido,True,Paradox/BDE,outro,"validar em tela, ProcMon e amostra de dados"
outro,TabPreco,Lav\Dados\TabPreco.DB,TipAluProp,TipAluProp,outro,System.String,2,desconhecido,True,Paradox/BDE,outro,"validar em tela, ProcMon e amostra de dados"
outro,TabPreco,Lav\Dados\TabPreco.DB,Cancelado,Celular,cliente_ref,System.String,2,desconhecido,True,Paradox/BDE,identificador/vinculo,"validar em tela, ProcMon e amostra de dados"
outro,TabPreco,Lav\Dados\TabPreco.DB,DatCan,Data,data_hora,System.DateTime,8,desconhecido,True,Paradox/BDE,data_hora,"validar em tela, ProcMon e amostra de dados"
outro,TabPreco,Lav\Dados\TabPreco.DB,MotivoCan,MotivoCan,texto_observacao,System.String,100,desconhecido,True,Paradox/BDE,texto_observacao,"validar em tela, ProcMon e amostra de dados"
outro,TabPreco,Lav\Dados\TabPreco.DB,TipFat,TipFat,outro,System.String,2,desconhecido,True,Paradox/BDE,outro,"validar em tela, ProcMon e amostra de dados"
outro,TabPreco,Lav\Dados\TabPreco.DB,CodPra,CodPra,id_codigo,System.String,6,provavel,True,Paradox/BDE,identificador/vinculo,"validar em tela, ProcMon e amostra de dados"
outro,TabPreco,Lav\Dados\TabPreco.DB,HorCan,HorCan,ordem_rol_ref,System.DateTime,8,desconhecido,True,Paradox/BDE,identificador/vinculo,"validar em tela, ProcMon e amostra de dados"
outro,TabPreco,Lav\Dados\TabPreco.DB,CodVenCan,CodVenCan,id_codigo,System.String,10,provavel,True,Paradox/BDE,identificador/vinculo,"validar em tela, ProcMon e amostra de dados"
outro,TabPreco,Lav\Dados\TabPreco.DB,Seg,Seg,outro,System.String,2,desconhecido,True,Paradox/BDE,outro,"validar em tela, ProcMon e amostra de dados"
outro,TabPreco,Lav\Dados\TabPreco.DB,Ter,Ter,outro,System.String,2,desconhecido,True,Paradox/BDE,outro,"validar em tela, ProcMon e amostra de dados"
outro,TabPreco,Lav\Dados\TabPreco.DB,Qua,Qua,outro,System.String,2,desconhecido,True,Paradox/BDE,outro,"validar em tela, ProcMon e amostra de dados"
outro,TabPreco,Lav\Dados\TabPreco.DB,Qui,Qui,outro,System.String,2,desconhecido,True,Paradox/BDE,outro,"validar em tela, ProcMon e amostra de dados"
outro,TabPreco,Lav\Dados\TabPreco.DB,Sex,Sex,outro,System.String,2,desconhecido,True,Paradox/BDE,outro,"validar em tela, ProcMon e amostra de dados"
outro,TabPreco,Lav\Dados\TabPreco.DB,Sab,Sab,outro,System.String,2,desconhecido,True,Paradox/BDE,outro,"validar em tela, ProcMon e amostra de dados"
outro,TabPreco,Lav\Dados\TabPreco.DB,Dom,Dom,outro,System.String,2,desconhecido,True,Paradox/BDE,outro,"validar em tela, ProcMon e amostra de dados"
outro,TabPreco,Lav\Dados\TabPreco.DB,SemCliTab,SemCliTab,outro,System.String,2,desconhecido,True,Paradox/BDE,outro,"validar em tela, ProcMon e amostra de dados"
outro,TabPreco,Lav\Dados\TabPreco.DB,ObsTab,ObsTab,texto_observacao,System.String,480,desconhecido,True,Paradox/BDE,texto_observacao,"validar em tela, ProcMon e amostra de dados"
outro,TabPreco,Lav\Dados\TabPreco.DB,Isento,Isento,outro,System.String,6,desconhecido,True,Paradox/BDE,outro,"validar em tela, ProcMon e amostra de dados"
outro,TabPreco,Lav\Dados\TabPreco.DB,LibSomCred,LibSomCred,outro,System.String,2,desconhecido,True,Paradox/BDE,outro,"validar em tela, ProcMon e amostra de dados"
outro,TabPreco,Lav\Dados\TabPreco.DB,ImpAutMiniLav,ImpAutMiniLav,outro,System.String,2,desconhecido,True,Paradox/BDE,outro,"validar em tela, ProcMon e amostra de dados"
outro,TabPreco,Lav\Dados\TabPreco.DB,PesoSaldo,PesoSaldo,ordem_rol_ref,System.String,2,desconhecido,True,Paradox/BDE,identificador/vinculo,"validar em tela, ProcMon e amostra de dados"
outro,TabPreco,Lav\Dados\TabPreco.DB,CodPacote,CodPacote,id_codigo,System.String,20,provavel,True,Paradox/BDE,identificador/vinculo,"validar em tela, ProcMon e amostra de dados"
outro,TabPreco,Lav\Dados\TabPreco.DB,HabCadCli,HabCadCli,data_hora,System.Boolean,1,desconhecido,True,Paradox/BDE,data_hora,"validar em tela, ProcMon e amostra de dados"
outro,TabPro,Lav\Dados\TabPro.DB,CodTab,CodTab,id_codigo,System.String,6,provavel,True,Paradox/BDE,identificador/vinculo,"validar em tela, ProcMon e amostra de dados"
outro,TabPro,Lav\Dados\TabPro.DB,CodPro,CodPro,id_codigo,System.String,6,provavel,True,Paradox/BDE,identificador/vinculo,"validar em tela, ProcMon e amostra de dados"
outro,TabPro,Lav\Dados\TabPro.DB,PreUniVen,PreUniVen,outro,System.Double,8,desconhecido,True,Paradox/BDE,outro,"validar em tela, ProcMon e amostra de dados"
outro,TabPro,Lav\Dados\TabPro.DB,QdeEtiqueta,QdeEtiqueta,outro,System.Int32,4,desconhecido,True,Paradox/BDE,outro,"validar em tela, ProcMon e amostra de dados"
outro,TabPro,Lav\Dados\TabPro.DB,QdeFitas,QdeFitas,outro,System.Int32,4,desconhecido,True,Paradox/BDE,outro,"validar em tela, ProcMon e amostra de dados"
outro,TabPro,Lav\Dados\TabPro.DB,DesPro,Produto,produto_ref,System.String,60,desconhecido,True,Paradox/BDE,identificador/vinculo,"validar em tela, ProcMon e amostra de dados"
outro,TabPro,Lav\Dados\TabPro.DB,DesProTab,Produto,produto_ref,System.String,200,desconhecido,True,Paradox/BDE,identificador/vinculo,"validar em tela, ProcMon e amostra de dados"
outro,TabPro,Lav\Dados\TabPro.DB,PesoProdut,PesoProdut,quantidade,System.Double,8,desconhecido,True,Paradox/BDE,quantidade,"validar em tela, ProcMon e amostra de dados"
outro,TabPro,Lav\Dados\TabPro.DB,DatVen,Data,data_hora,System.DateTime,8,desconhecido,True,Paradox/BDE,data_hora,"validar em tela, ProcMon e amostra de dados"
outro,TabPro,Lav\Dados\TabPro.DB,MarTabRes,MarTabRes,outro,System.String,2,desconhecido,True,Paradox/BDE,outro,"validar em tela, ProcMon e amostra de dados"
outro,TabPro,Lav\Dados\TabPro.DB,PreServico,PreServico,outro,System.Double,8,desconhecido,True,Paradox/BDE,outro,"validar em tela, ProcMon e amostra de dados"
outro,TabPro,Lav\Dados\TabPro.DB,DescFat,Desconto/Descricao,valor_monetario,System.Double,8,desconhecido,True,Paradox/BDE,valor_monetario,"validar em tela, ProcMon e amostra de dados"
outro,TabPro,Lav\Dados\TabPro.DB,CodProces,CodProces,id_codigo,System.String,20,provavel,True,Paradox/BDE,identificador/vinculo,"validar em tela, ProcMon e amostra de dados"
outro,TabPro,Lav\Dados\TabPro.DB,DescFatTip,Desconto/Descricao,valor_monetario,System.String,2,desconhecido,True,Paradox/BDE,valor_monetario,"validar em tela, ProcMon e amostra de dados"
outro,TabPro,Lav\Dados\TabPro.DB,PesoPacote,PesoPacote,quantidade,System.Double,8,desconhecido,True,Paradox/BDE,quantidade,"validar em tela, ProcMon e amostra de dados"
outro,TabPro,Lav\Dados\TabPro.DB,TipPacote,TipPacote,outro,System.String,4,desconhecido,True,Paradox/BDE,outro,"validar em tela, ProcMon e amostra de dados"
outro,TabPro,Lav\Dados\TabPro.DB,ControleLim,ROL/OS,ordem_rol_ref,System.String,2,desconhecido,True,Paradox/BDE,identificador/vinculo,"validar em tela, ProcMon e amostra de dados"
outro,TabPro,Lav\Dados\TabPro.DB,CFOP,CFOP,fiscal_documento,System.String,30,desconhecido,True,Paradox/BDE,fiscal_documento,"validar em tela, ProcMon e amostra de dados"
outro,TabPro,Lav\Dados\TabPro.DB,CodProTer,CodProTer,id_codigo,System.String,20,provavel,True,Paradox/BDE,identificador/vinculo,"validar em tela, ProcMon e amostra de dados"
outro,TabProDesc,Lav\Dados\TabProDesc.DB,CodTab,CodTab,id_codigo,System.String,6,provavel,True,Paradox/BDE,identificador/vinculo,"validar em tela, ProcMon e amostra de dados"
outro,TabProDesc,Lav\Dados\TabProDesc.DB,CodPro,CodPro,id_codigo,System.String,6,provavel,True,Paradox/BDE,identificador/vinculo,"validar em tela, ProcMon e amostra de dados"
outro,TabProDesc,Lav\Dados\TabProDesc.DB,CodDesc,Desconto/Descricao,id_codigo,System.String,10,provavel,True,Paradox/BDE,identificador/vinculo,"validar em tela, ProcMon e amostra de dados"
outro,TabProDesc,Lav\Dados\TabProDesc.DB,Obs,Obs,texto_observacao,System.String,40,desconhecido,True,Paradox/BDE,texto_observacao,"validar em tela, ProcMon e amostra de dados"
ordem_servico_rol,TabProLim,Lav\Dados\TabProLim.DB,CodTab,CodTab,id_codigo,System.String,6,provavel,True,Paradox/BDE,identificador/vinculo,"validar em tela, ProcMon e amostra de dados"
ordem_servico_rol,TabProLim,Lav\Dados\TabProLim.DB,CodPro,CodPro,id_codigo,System.String,6,provavel,True,Paradox/BDE,identificador/vinculo,"validar em tela, ProcMon e amostra de dados"
ordem_servico_rol,TabProLim,Lav\Dados\TabProLim.DB,MesAno,MesAno,outro,System.String,12,desconhecido,True,Paradox/BDE,outro,"validar em tela, ProcMon e amostra de dados"
ordem_servico_rol,TabProLim,Lav\Dados\TabProLim.DB,QdeLim,QdeLim,outro,System.Int32,4,desconhecido,True,Paradox/BDE,outro,"validar em tela, ProcMon e amostra de dados"
ordem_servico_rol,TabProLim,Lav\Dados\TabProLim.DB,QdeAcu,QdeAcu,outro,System.Int32,4,desconhecido,True,Paradox/BDE,outro,"validar em tela, ProcMon e amostra de dados"
ordem_servico_rol,TabProLim,Lav\Dados\TabProLim.DB,QtdeAcuQuim,Quantidade,quantidade,System.Int32,4,provavel,True,Paradox/BDE,quantidade,"validar em tela, ProcMon e amostra de dados"
ordem_servico_rol,TabProLim,Lav\Dados\TabProLim.DB,Qtde1Sem,Quantidade,quantidade,System.Int32,4,provavel,True,Paradox/BDE,quantidade,"validar em tela, ProcMon e amostra de dados"
ordem_servico_rol,TabProLim,Lav\Dados\TabProLim.DB,Qtde2Sem,Quantidade,quantidade,System.Int32,4,provavel,True,Paradox/BDE,quantidade,"validar em tela, ProcMon e amostra de dados"
ordem_servico_rol,TabProLim,Lav\Dados\TabProLim.DB,Qtde3Sem,Quantidade,quantidade,System.Int32,4,provavel,True,Paradox/BDE,quantidade,"validar em tela, ProcMon e amostra de dados"
ordem_servico_rol,TabProLim,Lav\Dados\TabProLim.DB,Qtde4Sem,Quantidade,quantidade,System.Int32,4,provavel,True,Paradox/BDE,quantidade,"validar em tela, ProcMon e amostra de dados"
ordem_servico_rol,TabProLim,Lav\Dados\TabProLim.DB,Contrato,Contrato,outro,System.Double,8,desconhecido,True,Paradox/BDE,outro,"validar em tela, ProcMon e amostra de dados"
outro,TabProPrEn,Lav\Dados\TabProPrEn.DB,CodTab,CodTab,id_codigo,System.String,6,provavel,True,Paradox/BDE,identificador/vinculo,"validar em tela, ProcMon e amostra de dados"
outro,TabProPrEn,Lav\Dados\TabProPrEn.DB,CodPro,CodPro,id_codigo,System.String,6,provavel,True,Paradox/BDE,identificador/vinculo,"validar em tela, ProcMon e amostra de dados"
outro,TabProPrEn,Lav\Dados\TabProPrEn.DB,CodProm,CodProm,id_codigo,System.String,6,provavel,True,Paradox/BDE,identificador/vinculo,"validar em tela, ProcMon e amostra de dados"
outro,TabProPrEn,Lav\Dados\TabProPrEn.DB,Obs,Obs,texto_observacao,System.String,40,desconhecido,True,Paradox/BDE,texto_observacao,"validar em tela, ProcMon e amostra de dados"
outro,TabProProm,Lav\Dados\TabProProm.DB,CodTab,CodTab,id_codigo,System.String,6,provavel,True,Paradox/BDE,identificador/vinculo,"validar em tela, ProcMon e amostra de dados"
outro,TabProProm,Lav\Dados\TabProProm.DB,CodPro,CodPro,id_codigo,System.String,6,provavel,True,Paradox/BDE,identificador/vinculo,"validar em tela, ProcMon e amostra de dados"
outro,TabProProm,Lav\Dados\TabProProm.DB,CodProm,CodProm,id_codigo,System.Int32,4,provavel,True,Paradox/BDE,identificador/vinculo,"validar em tela, ProcMon e amostra de dados"
outro,TabProProm,Lav\Dados\TabProProm.DB,Obs,Obs,texto_observacao,System.String,40,desconhecido,True,Paradox/BDE,texto_observacao,"validar em tela, ProcMon e amostra de dados"
outro,TabProSer,Lav\Dados\TabProSer.DB,CodTab,CodTab,id_codigo,System.String,6,provavel,True,Paradox/BDE,identificador/vinculo,"validar em tela, ProcMon e amostra de dados"
outro,TabProSer,Lav\Dados\TabProSer.DB,CodPro,CodPro,id_codigo,System.String,6,provavel,True,Paradox/BDE,identificador/vinculo,"validar em tela, ProcMon e amostra de dados"
outro,TabProSer,Lav\Dados\TabProSer.DB,CodSerLav,CodSerLav,id_codigo,System.String,6,provavel,True,Paradox/BDE,identificador/vinculo,"validar em tela, ProcMon e amostra de dados"
outro,TabProSer,Lav\Dados\TabProSer.DB,PreUniSer,PreUniSer,outro,System.Double,8,desconhecido,True,Paradox/BDE,outro,"validar em tela, ProcMon e amostra de dados"
outro,TabProSer,Lav\Dados\TabProSer.DB,TipCom,TipCom,outro,System.String,2,desconhecido,True,Paradox/BDE,outro,"validar em tela, ProcMon e amostra de dados"
outro,TabProSer,Lav\Dados\TabProSer.DB,ValCom,ValCom,outro,System.Double,8,desconhecido,True,Paradox/BDE,outro,"validar em tela, ProcMon e amostra de dados"
outro,TipEnt,Lav\Dados\TipEnt.DB,CodTipEnt,CodTipEnt,id_codigo,System.String,2,provavel,True,Paradox/BDE,identificador/vinculo,"validar em tela, ProcMon e amostra de dados"
outro,TipEnt,Lav\Dados\TipEnt.DB,DesTipEnt,DesTipEnt,outro,System.String,60,desconhecido,True,Paradox/BDE,outro,"validar em tela, ProcMon e amostra de dados"
outro,TipEnt,Lav\Dados\TipEnt.DB,Fator,Fator,outro,System.Double,8,desconhecido,True,Paradox/BDE,outro,"validar em tela, ProcMon e amostra de dados"
outro,TipEnt,Lav\Dados\TipEnt.DB,GruEnt,GruEnt,outro,System.String,10,desconhecido,True,Paradox/BDE,outro,"validar em tela, ProcMon e amostra de dados"
outro,TipEnt,Lav\Dados\TipEnt.DB,Tipo,Tipo,outro,System.String,2,desconhecido,True,Paradox/BDE,outro,"validar em tela, ProcMon e amostra de dados"
outro,TipEnt,Lav\Dados\TipEnt.DB,QdeVias,QdeVias,outro,System.Int32,4,desconhecido,True,Paradox/BDE,outro,"validar em tela, ProcMon e amostra de dados"
outro,TipEnt,Lav\Dados\TipEnt.DB,Cancelado,Celular,cliente_ref,System.String,2,desconhecido,True,Paradox/BDE,identificador/vinculo,"validar em tela, ProcMon e amostra de dados"
outro,TipEnt,Lav\Dados\TipEnt.DB,DatCan,Data,data_hora,System.DateTime,8,desconhecido,True,Paradox/BDE,data_hora,"validar em tela, ProcMon e amostra de dados"
outro,TipEnt,Lav\Dados\TipEnt.DB,MotivoCan,MotivoCan,texto_observacao,System.String,100,desconhecido,True,Paradox/BDE,texto_observacao,"validar em tela, ProcMon e amostra de dados"
outro,TipEnt,Lav\Dados\TipEnt.DB,HorCan,HorCan,ordem_rol_ref,System.DateTime,8,desconhecido,True,Paradox/BDE,identificador/vinculo,"validar em tela, ProcMon e amostra de dados"
outro,TipEnt,Lav\Dados\TipEnt.DB,CodVenCan,CodVenCan,id_codigo,System.String,10,provavel,True,Paradox/BDE,identificador/vinculo,"validar em tela, ProcMon e amostra de dados"
outro,TipSer,Lav\Dados\TipSer.DB,CodTipSer,CodTipSer,id_codigo,System.String,2,provavel,True,Paradox/BDE,identificador/vinculo,"validar em tela, ProcMon e amostra de dados"
outro,TipSer,Lav\Dados\TipSer.DB,DesTipSer,DesTipSer,outro,System.String,30,desconhecido,True,Paradox/BDE,outro,"validar em tela, ProcMon e amostra de dados"
outro,TipSer,Lav\Dados\TipSer.DB,Cancelado,Celular,cliente_ref,System.String,2,desconhecido,True,Paradox/BDE,identificador/vinculo,"validar em tela, ProcMon e amostra de dados"
outro,TipSer,Lav\Dados\TipSer.DB,DatCan,Data,data_hora,System.DateTime,8,desconhecido,True,Paradox/BDE,data_hora,"validar em tela, ProcMon e amostra de dados"
outro,TipSer,Lav\Dados\TipSer.DB,MotivoCan,MotivoCan,texto_observacao,System.String,100,desconhecido,True,Paradox/BDE,texto_observacao,"validar em tela, ProcMon e amostra de dados"
outro,TipSer,Lav\Dados\TipSer.DB,HorCan,HorCan,ordem_rol_ref,System.DateTime,8,desconhecido,True,Paradox/BDE,identificador/vinculo,"validar em tela, ProcMon e amostra de dados"
outro,TipSer,Lav\Dados\TipSer.DB,CodVenCan,CodVenCan,id_codigo,System.String,10,provavel,True,Paradox/BDE,identificador/vinculo,"validar em tela, ProcMon e amostra de dados"
outro,TipTab,Lav\Dados\TipTab.DB,CodTipTab,CodTipTab,id_codigo,System.String,6,provavel,True,Paradox/BDE,identificador/vinculo,"validar em tela, ProcMon e amostra de dados"
outro,TipTab,Lav\Dados\TipTab.DB,DesTipTab,DesTipTab,outro,System.String,40,desconhecido,True,Paradox/BDE,outro,"validar em tela, ProcMon e amostra de dados"
outro,TipTab,Lav\Dados\TipTab.DB,DesNota,DesNota,fiscal_documento,System.String,200,desconhecido,True,Paradox/BDE,fiscal_documento,"validar em tela, ProcMon e amostra de dados"
outro,TipTab,Lav\Dados\TipTab.DB,CodNota,CodNota,id_codigo,System.String,20,provavel,True,Paradox/BDE,identificador/vinculo,"validar em tela, ProcMon e amostra de dados"
outro,TipTab,Lav\Dados\TipTab.DB,PedeCorDef,PedeCorDef,outro,System.String,2,desconhecido,True,Paradox/BDE,outro,"validar em tela, ProcMon e amostra de dados"
outro,TipTab,Lav\Dados\TipTab.DB,PedeTipEntrada,PedeTipEntrada,outro,System.String,2,desconhecido,True,Paradox/BDE,outro,"validar em tela, ProcMon e amostra de dados"
outro,TipTec,Lav\Dados\TipTec.DB,CodTipTec,CodTipTec,id_codigo,System.String,6,provavel,True,Paradox/BDE,identificador/vinculo,"validar em tela, ProcMon e amostra de dados"
outro,TipTec,Lav\Dados\TipTec.DB,DesTipTec,DesTipTec,outro,System.String,40,desconhecido,True,Paradox/BDE,outro,"validar em tela, ProcMon e amostra de dados"
outro,TipTec,Lav\Dados\TipTec.DB,Fator,Fator,outro,System.Double,8,desconhecido,True,Paradox/BDE,outro,"validar em tela, ProcMon e amostra de dados"
outro,TipTec,Lav\Dados\TipTec.DB,DesTipTecAbr,DesTipTecAbr,outro,System.String,6,desconhecido,True,Paradox/BDE,outro,"validar em tela, ProcMon e amostra de dados"
outro,TipTec,Lav\Dados\TipTec.DB,CodTipTec2,CodTipTec2,id_codigo,System.String,20,provavel,True,Paradox/BDE,identificador/vinculo,"validar em tela, ProcMon e amostra de dados"
outro,TipTec,Lav\Dados\TipTec.DB,CodTecTer,CodTecTer,id_codigo,System.String,20,provavel,True,Paradox/BDE,identificador/vinculo,"validar em tela, ProcMon e amostra de dados"
outro,TipTec,Lav\Dados\TipTec.DB,TipFat,TipFat,outro,System.String,2,desconhecido,True,Paradox/BDE,outro,"validar em tela, ProcMon e amostra de dados"
config_admin,AvisoContEti,Lav\FILIAL\AvisoContEti.DB,Rol,ROL/OS,ordem_rol_ref,System.Int32,4,desconhecido,True,Paradox/BDE,identificador/vinculo,"validar em tela, ProcMon e amostra de dados"
config_admin,AvisoContEti,Lav\FILIAL\AvisoContEti.DB,CodPro,CodPro,id_codigo,System.String,6,provavel,True,Paradox/BDE,identificador/vinculo,"validar em tela, ProcMon e amostra de dados"
config_admin,AvisoContEti,Lav\FILIAL\AvisoContEti.DB,SeqPro,SeqPro,outro,System.String,4,desconhecido,True,Paradox/BDE,outro,"validar em tela, ProcMon e amostra de dados"
config_admin,AvisoContEti,Lav\FILIAL\AvisoContEti.DB,DescAviso,Desconto/Descricao,valor_monetario,System.String,100,desconhecido,True,Paradox/BDE,valor_monetario,"validar em tela, ProcMon e amostra de dados"
config_admin,AvisoContEti,Lav\FILIAL\AvisoContEti.DB,Quantidade,Quantidade,quantidade,System.Int32,4,provavel,True,Paradox/BDE,quantidade,"validar em tela, ProcMon e amostra de dados"
config_admin,AvisoContEti,Lav\FILIAL\AvisoContEti.DB,QdeSaida,QdeSaida,outro,System.Int32,4,provavel,True,Paradox/BDE,outro,"validar em tela, ProcMon e amostra de dados"
config_admin,AvisoContEti,Lav\FILIAL\AvisoContEti.DB,Diferenca,Diferenca,outro,System.Int32,4,desconhecido,True,Paradox/BDE,outro,"validar em tela, ProcMon e amostra de dados"
config_admin,AvisoContEti,Lav\FILIAL\AvisoContEti.DB,Baixa,Baixa,status_situacao,System.String,2,desconhecido,True,Paradox/BDE,status_situacao,"validar em tela, ProcMon e amostra de dados"
config_admin,AvisoContEti,Lav\FILIAL\AvisoContEti.DB,DatBaixa,Data,data_hora,System.DateTime,8,desconhecido,True,Paradox/BDE,data_hora,"validar em tela, ProcMon e amostra de dados"
config_admin,AvisoContEti,Lav\FILIAL\AvisoContEti.DB,ObsBaixa,ObsBaixa,status_situacao,System.String,100,desconhecido,True,Paradox/BDE,status_situacao,"validar em tela, ProcMon e amostra de dados"
config_admin,AvisoContEti,Lav\FILIAL\AvisoContEti.DB,CodCli,Cliente,id_codigo,System.String,20,provavel,True,Paradox/BDE,identificador/vinculo,"validar em tela, ProcMon e amostra de dados"
config_admin,Bonus,Lav\FILIAL\Bonus.DB,Campanha,Campanha,outro,System.String,20,desconhecido,True,Paradox/BDE,outro,"validar em tela, ProcMon e amostra de dados"
config_admin,Bonus,Lav\FILIAL\Bonus.DB,Chave,Chave,id_codigo,System.String,40,provavel,True,Paradox/BDE,identificador/vinculo,"validar em tela, ProcMon e amostra de dados"
config_admin,Bonus,Lav\FILIAL\Bonus.DB,DatBon,Data,data_hora,System.DateTime,8,desconhecido,True,Paradox/BDE,data_hora,"validar em tela, ProcMon e amostra de dados"
config_admin,Bonus,Lav\FILIAL\Bonus.DB,HorBon,HorBon,outro,System.DateTime,8,desconhecido,True,Paradox/BDE,outro,"validar em tela, ProcMon e amostra de dados"
config_admin,Bonus,Lav\FILIAL\Bonus.DB,CodUsuario,CodUsuario,id_codigo,System.String,20,provavel,True,Paradox/BDE,identificador/vinculo,"validar em tela, ProcMon e amostra de dados"
config_admin,Bonus,Lav\FILIAL\Bonus.DB,CodVen,CodVen,id_codigo,System.String,10,provavel,True,Paradox/BDE,identificador/vinculo,"validar em tela, ProcMon e amostra de dados"
config_admin,Bonus,Lav\FILIAL\Bonus.DB,Obs,Obs,texto_observacao,System.String,200,desconhecido,True,Paradox/BDE,texto_observacao,"validar em tela, ProcMon e amostra de dados"
config_admin,CadGR,Lav\FILIAL\CadGR.DB,NumGR,NumGR,id_codigo,System.Int32,4,provavel,True,Paradox/BDE,identificador/vinculo,"validar em tela, ProcMon e amostra de dados"
config_admin,CadGR,Lav\FILIAL\CadGR.DB,DatLan,Data,data_hora,System.DateTime,8,desconhecido,True,Paradox/BDE,data_hora,"validar em tela, ProcMon e amostra de dados"
config_admin,CadLoc,Lav\FILIAL\CadLoc.DB,CodLoc,CodLoc,id_codigo,System.String,10,provavel,True,Paradox/BDE,identificador/vinculo,"validar em tela, ProcMon e amostra de dados"
config_admin,CadLoc,Lav\FILIAL\CadLoc.DB,DesLoc,DesLoc,outro,System.String,60,desconhecido,True,Paradox/BDE,outro,"validar em tela, ProcMon e amostra de dados"
config_admin,CadLoc,Lav\FILIAL\CadLoc.DB,TipLoc,TipLoc,outro,System.String,2,desconhecido,True,Paradox/BDE,outro,"validar em tela, ProcMon e amostra de dados"
config_admin,CadLoc,Lav\FILIAL\CadLoc.DB,Rol,ROL/OS,ordem_rol_ref,System.Int32,4,desconhecido,True,Paradox/BDE,identificador/vinculo,"validar em tela, ProcMon e amostra de dados"
config_admin,CadLoc,Lav\FILIAL\CadLoc.DB,Prioridade,Prioridade,outro,System.Int32,4,provavel,True,Paradox/BDE,outro,"validar em tela, ProcMon e amostra de dados"
config_admin,CadLoc,Lav\FILIAL\CadLoc.DB,Bloqueia,Bloqueia,status_situacao,System.String,2,desconhecido,True,Paradox/BDE,status_situacao,"validar em tela, ProcMon e amostra de dados"
config_admin,CadLoc,Lav\FILIAL\CadLoc.DB,Cancelado,Celular,cliente_ref,System.String,2,desconhecido,True,Paradox/BDE,identificador/vinculo,"validar em tela, ProcMon e amostra de dados"
config_admin,CadLoc,Lav\FILIAL\CadLoc.DB,CodPro,CodPro,id_codigo,System.String,6,provavel,True,Paradox/BDE,identificador/vinculo,"validar em tela, ProcMon e amostra de dados"
config_admin,CadLoc,Lav\FILIAL\CadLoc.DB,SeqPro,SeqPro,outro,System.String,4,desconhecido,True,Paradox/BDE,outro,"validar em tela, ProcMon e amostra de dados"
config_admin,CadLoc,Lav\FILIAL\CadLoc.DB,TamPeca,TamPeca,ordem_rol_ref,System.Int32,4,desconhecido,True,Paradox/BDE,identificador/vinculo,"validar em tela, ProcMon e amostra de dados"
config_admin,CadLoc,Lav\FILIAL\CadLoc.DB,RegCodLoc,RegCodLoc,id_codigo,System.String,10,provavel,True,Paradox/BDE,identificador/vinculo,"validar em tela, ProcMon e amostra de dados"
config_admin,CadLoc,Lav\FILIAL\CadLoc.DB,CodCli,Cliente,id_codigo,System.String,20,provavel,True,Paradox/BDE,identificador/vinculo,"validar em tela, ProcMon e amostra de dados"
config_admin,CadLocPec,Lav\FILIAL\CadLocPec.DB,Rol,ROL/OS,ordem_rol_ref,System.Int32,4,desconhecido,True,Paradox/BDE,identificador/vinculo,"validar em tela, ProcMon e amostra de dados"
config_admin,CadLocPec,Lav\FILIAL\CadLocPec.DB,CodPro,CodPro,id_codigo,System.String,6,provavel,True,Paradox/BDE,identificador/vinculo,"validar em tela, ProcMon e amostra de dados"
config_admin,CadLocPec,Lav\FILIAL\CadLocPec.DB,SeqPro,SeqPro,outro,System.String,4,desconhecido,True,Paradox/BDE,outro,"validar em tela, ProcMon e amostra de dados"
config_admin,CadLocPec,Lav\FILIAL\CadLocPec.DB,CodLoc,CodLoc,id_codigo,System.String,10,provavel,True,Paradox/BDE,identificador/vinculo,"validar em tela, ProcMon e amostra de dados"
config_admin,CadLocPec,Lav\FILIAL\CadLocPec.DB,Situacao,Status,status_situacao,System.String,2,desconhecido,True,Paradox/BDE,status_situacao,"validar em tela, ProcMon e amostra de dados"
config_admin,CadLocPec,Lav\FILIAL\CadLocPec.DB,DatPrevEnt,Data,data_hora,System.DateTime,8,desconhecido,True,Paradox/BDE,data_hora,"validar em tela, ProcMon e amostra de dados"
config_admin,CadLocPec,Lav\FILIAL\CadLocPec.DB,DatEnt,Data,data_hora,System.DateTime,8,desconhecido,True,Paradox/BDE,data_hora,"validar em tela, ProcMon e amostra de dados"
config_admin,CadLocPec,Lav\FILIAL\CadLocPec.DB,CodVen,CodVen,id_codigo,System.String,10,provavel,True,Paradox/BDE,identificador/vinculo,"validar em tela, ProcMon e amostra de dados"
config_admin,CadLocPec,Lav\FILIAL\CadLocPec.DB,HorPrevEnt,HorPrevEnt,outro,System.DateTime,8,desconhecido,True,Paradox/BDE,outro,"validar em tela, ProcMon e amostra de dados"
config_admin,CadLocPec,Lav\FILIAL\CadLocPec.DB,HorEnt,HorEnt,outro,System.DateTime,8,desconhecido,True,Paradox/BDE,outro,"validar em tela, ProcMon e amostra de dados"
config_admin,CadLocPec,Lav\FILIAL\CadLocPec.DB,NumNot,NumNot,id_codigo,System.Int32,4,provavel,True,Paradox/BDE,identificador/vinculo,"validar em tela, ProcMon e amostra de dados"
config_admin,CadLocPec,Lav\FILIAL\CadLocPec.DB,SeqExport,SeqExport,outro,System.Int32,4,desconhecido,True,Paradox/BDE,outro,"validar em tela, ProcMon e amostra de dados"
config_admin,CadLocPec,Lav\FILIAL\CadLocPec.DB,NotaFis,NotaFis,fiscal_documento,System.Int32,4,desconhecido,True,Paradox/BDE,fiscal_documento,"validar em tela, ProcMon e amostra de dados"
config_admin,CadLocPec,Lav\FILIAL\CadLocPec.DB,CodPas,CodPas,id_codigo,System.String,10,provavel,True,Paradox/BDE,identificador/vinculo,"validar em tela, ProcMon e amostra de dados"
config_admin,CadLocPec,Lav\FILIAL\CadLocPec.DB,DatPas,Data,data_hora,System.DateTime,8,desconhecido,True,Paradox/BDE,data_hora,"validar em tela, ProcMon e amostra de dados"
config_admin,CadLocPec,Lav\FILIAL\CadLocPec.DB,HorPas,HorPas,outro,System.DateTime,8,desconhecido,True,Paradox/BDE,outro,"validar em tela, ProcMon e amostra de dados"
config_admin,CadLocPec,Lav\FILIAL\CadLocPec.DB,GeraAutom,GeraAutom,outro,System.String,2,desconhecido,True,Paradox/BDE,outro,"validar em tela, ProcMon e amostra de dados"
config_admin,CadLocPec,Lav\FILIAL\CadLocPec.DB,CodVenEst,CodVenEst,id_codigo,System.String,10,provavel,True,Paradox/BDE,identificador/vinculo,"validar em tela, ProcMon e amostra de dados"
config_admin,CadLocPec,Lav\FILIAL\CadLocPec.DB,DatEst,Data,data_hora,System.DateTime,8,desconhecido,True,Paradox/BDE,data_hora,"validar em tela, ProcMon e amostra de dados"
config_admin,CadLocPec,Lav\FILIAL\CadLocPec.DB,HorEst,HorEst,outro,System.DateTime,8,desconhecido,True,Paradox/BDE,outro,"validar em tela, ProcMon e amostra de dados"
config_admin,CadLocReg,Lav\FILIAL\CadLocReg.DB,RegCodLoc,RegCodLoc,id_codigo,System.String,10,provavel,True,Paradox/BDE,identificador/vinculo,"validar em tela, ProcMon e amostra de dados"
config_admin,CadLocReg,Lav\FILIAL\CadLocReg.DB,DesReg,DesReg,outro,System.String,60,desconhecido,True,Paradox/BDE,outro,"validar em tela, ProcMon e amostra de dados"
config_admin,CadLocReg,Lav\FILIAL\CadLocReg.DB,ObsReg,ObsReg,texto_observacao,System.String,100,desconhecido,True,Paradox/BDE,texto_observacao,"validar em tela, ProcMon e amostra de dados"
config_admin,CadLocReg,Lav\FILIAL\CadLocReg.DB,Cancelado,Celular,cliente_ref,System.String,2,desconhecido,True,Paradox/BDE,identificador/vinculo,"validar em tela, ProcMon e amostra de dados"
config_admin,CadLocReg,Lav\FILIAL\CadLocReg.DB,MotivoCan,MotivoCan,texto_observacao,System.String,100,desconhecido,True,Paradox/BDE,texto_observacao,"validar em tela, ProcMon e amostra de dados"
config_admin,CadLocReg,Lav\FILIAL\CadLocReg.DB,DatCan,Data,data_hora,System.DateTime,8,desconhecido,True,Paradox/BDE,data_hora,"validar em tela, ProcMon e amostra de dados"
financeiro,CliCredito,Lav\FILIAL\CliCredito.DB,NumNot,NumNot,id_codigo,System.Int32,4,provavel,True,Paradox/BDE,identificador/vinculo,"validar em tela, ProcMon e amostra de dados"
financeiro,CliCredito,Lav\FILIAL\CliCredito.DB,CodCli,Cliente,id_codigo,System.String,20,provavel,True,Paradox/BDE,identificador/vinculo,"validar em tela, ProcMon e amostra de dados"
financeiro,CliCredito,Lav\FILIAL\CliCredito.DB,ValCre,ValCre,outro,System.Double,8,desconhecido,True,Paradox/BDE,outro,"validar em tela, ProcMon e amostra de dados"
financeiro,CliCredito,Lav\FILIAL\CliCredito.DB,DatCre,Data,data_hora,System.DateTime,8,desconhecido,True,Paradox/BDE,data_hora,"validar em tela, ProcMon e amostra de dados"
financeiro,CliCredito,Lav\FILIAL\CliCredito.DB,Integra,Integra,outro,System.Int32,4,desconhecido,True,Paradox/BDE,outro,"validar em tela, ProcMon e amostra de dados"
financeiro,CliCredito,Lav\FILIAL\CliCredito.DB,Obs,Obs,texto_observacao,System.String,100,desconhecido,True,Paradox/BDE,texto_observacao,"validar em tela, ProcMon e amostra de dados"
financeiro,CliCredito,Lav\FILIAL\CliCredito.DB,Cancelado,Celular,cliente_ref,System.String,2,desconhecido,True,Paradox/BDE,identificador/vinculo,"validar em tela, ProcMon e amostra de dados"
financeiro,CliCredito,Lav\FILIAL\CliCredito.DB,Sit,Sit,status_situacao,System.String,2,desconhecido,True,Paradox/BDE,status_situacao,"validar em tela, ProcMon e amostra de dados"
financeiro,CliCredito,Lav\FILIAL\CliCredito.DB,SeqExporta,SeqExporta,outro,System.Int32,4,desconhecido,True,Paradox/BDE,outro,"validar em tela, ProcMon e amostra de dados"
financeiro,CliCredito,Lav\FILIAL\CliCredito.DB,DatVal,Data,data_hora,System.DateTime,8,desconhecido,True,Paradox/BDE,data_hora,"validar em tela, ProcMon e amostra de dados"
financeiro,CliCredito,Lav\FILIAL\CliCredito.DB,VerVal,VerVal,outro,System.String,2,desconhecido,True,Paradox/BDE,outro,"validar em tela, ProcMon e amostra de dados"
financeiro,CliCredito,Lav\FILIAL\CliCredito.DB,CodPacote,CodPacote,id_codigo,System.String,20,provavel,True,Paradox/BDE,identificador/vinculo,"validar em tela, ProcMon e amostra de dados"
financeiro,CliCredito,Lav\FILIAL\CliCredito.DB,QdeParc,QdeParc,outro,System.Int32,4,desconhecido,True,Paradox/BDE,outro,"validar em tela, ProcMon e amostra de dados"
financeiro,CliCredito,Lav\FILIAL\CliCredito.DB,Rol,ROL/OS,ordem_rol_ref,System.Int32,4,desconhecido,True,Paradox/BDE,identificador/vinculo,"validar em tela, ProcMon e amostra de dados"
config_admin,CliPromAcu,Lav\FILIAL\CliPromAcu.DB,CodCli,Cliente,id_codigo,System.String,20,provavel,True,Paradox/BDE,identificador/vinculo,"validar em tela, ProcMon e amostra de dados"
config_admin,CliPromAcu,Lav\FILIAL\CliPromAcu.DB,CodProm,CodProm,id_codigo,System.Int32,4,provavel,True,Paradox/BDE,identificador/vinculo,"validar em tela, ProcMon e amostra de dados"
config_admin,CliPromAcu,Lav\FILIAL\CliPromAcu.DB,QdeAcum,QdeAcum,outro,System.Double,8,desconhecido,True,Paradox/BDE,outro,"validar em tela, ProcMon e amostra de dados"
config_admin,ContIdent,Lav\FILIAL\ContIdent.DB,Grupo,Grupo,outro,System.String,20,desconhecido,True,Paradox/BDE,outro,"validar em tela, ProcMon e amostra de dados"
config_admin,ContIdent,Lav\FILIAL\ContIdent.DB,Identif,Identif,id_codigo,System.String,20,provavel,True,Paradox/BDE,identificador/vinculo,"validar em tela, ProcMon e amostra de dados"
config_admin,ContIdent,Lav\FILIAL\ContIdent.DB,Rol,ROL/OS,ordem_rol_ref,System.Int32,4,desconhecido,True,Paradox/BDE,identificador/vinculo,"validar em tela, ProcMon e amostra de dados"
config_admin,ContIdent,Lav\FILIAL\ContIdent.DB,CodPro,CodPro,id_codigo,System.String,6,provavel,True,Paradox/BDE,identificador/vinculo,"validar em tela, ProcMon e amostra de dados"
config_admin,ContIdent,Lav\FILIAL\ContIdent.DB,SeqPro,SeqPro,outro,System.String,4,desconhecido,True,Paradox/BDE,outro,"validar em tela, ProcMon e amostra de dados"
ordem_servico_rol,ControleEti,Lav\FILIAL\ControleEti.DB,ControleEti,ROL/OS,ordem_rol_ref,System.String,32,desconhecido,True,Paradox/BDE,identificador/vinculo,"validar em tela, ProcMon e amostra de dados"
ordem_servico_rol,ControleEti,Lav\FILIAL\ControleEti.DB,Data,Data,data_hora,System.DateTime,8,provavel,True,Paradox/BDE,data_hora,"validar em tela, ProcMon e amostra de dados"
ordem_servico_rol,ControleEti,Lav\FILIAL\ControleEti.DB,Rol,ROL/OS,ordem_rol_ref,System.Int32,4,desconhecido,True,Paradox/BDE,identificador/vinculo,"validar em tela, ProcMon e amostra de dados"
ordem_servico_rol,ControleEti,Lav\FILIAL\ControleEti.DB,CodPro,CodPro,id_codigo,System.String,6,provavel,True,Paradox/BDE,identificador/vinculo,"validar em tela, ProcMon e amostra de dados"
ordem_servico_rol,ControleEti,Lav\FILIAL\ControleEti.DB,QdeReal,QdeReal,outro,System.Int32,4,desconhecido,True,Paradox/BDE,outro,"validar em tela, ProcMon e amostra de dados"
ordem_servico_rol,ControleEti,Lav\FILIAL\ControleEti.DB,SeqPro,SeqPro,outro,System.String,4,desconhecido,True,Paradox/BDE,outro,"validar em tela, ProcMon e amostra de dados"
ordem_servico_rol,ControleEti,Lav\FILIAL\ControleEti.DB,RolSeqPro,ROL/OS,ordem_rol_ref,System.String,22,desconhecido,True,Paradox/BDE,identificador/vinculo,"validar em tela, ProcMon e amostra de dados"
config_admin,Disp,Lav\FILIAL\Disp.DB,CodAp,CodAp,id_codigo,System.Int32,4,provavel,True,Paradox/BDE,identificador/vinculo,"validar em tela, ProcMon e amostra de dados"
config_admin,Disp,Lav\FILIAL\Disp.DB,IdAp,IdAp,id_codigo,System.String,400,provavel,True,Paradox/BDE,identificador/vinculo,"validar em tela, ProcMon e amostra de dados"
config_admin,Disp,Lav\FILIAL\Disp.DB,Descricao,Desconto/Descricao,valor_monetario,System.String,80,desconhecido,True,Paradox/BDE,valor_monetario,"validar em tela, ProcMon e amostra de dados"
config_admin,Disp,Lav\FILIAL\Disp.DB,DescAbr,Desconto/Descricao,valor_monetario,System.String,10,desconhecido,True,Paradox/BDE,valor_monetario,"validar em tela, ProcMon e amostra de dados"
config_admin,Disp,Lav\FILIAL\Disp.DB,ImpRol,ROL/OS,ordem_rol_ref,System.String,2,desconhecido,True,Paradox/BDE,identificador/vinculo,"validar em tela, ProcMon e amostra de dados"
config_admin,Disp,Lav\FILIAL\Disp.DB,CodApAbr,CodApAbr,id_codigo,System.String,10,provavel,True,Paradox/BDE,identificador/vinculo,"validar em tela, ProcMon e amostra de dados"
config_admin,Doacao,Lav\FILIAL\Doacao.DB,Doacao,Doacao,outro,System.String,10,desconhecido,True,Paradox/BDE,outro,"validar em tela, ProcMon e amostra de dados"
config_admin,Doacao,Lav\FILIAL\Doacao.DB,Rol,ROL/OS,ordem_rol_ref,System.Int32,4,desconhecido,True,Paradox/BDE,identificador/vinculo,"validar em tela, ProcMon e amostra de dados"
config_admin,Doacao,Lav\FILIAL\Doacao.DB,CodCli,Cliente,id_codigo,System.String,20,provavel,True,Paradox/BDE,identificador/vinculo,"validar em tela, ProcMon e amostra de dados"
config_admin,Doacao,Lav\FILIAL\Doacao.DB,NumNot,NumNot,id_codigo,System.Int32,4,provavel,True,Paradox/BDE,identificador/vinculo,"validar em tela, ProcMon e amostra de dados"
config_admin,Doacao,Lav\FILIAL\Doacao.DB,DatDoa,Data,data_hora,System.DateTime,8,desconhecido,True,Paradox/BDE,data_hora,"validar em tela, ProcMon e amostra de dados"
config_admin,Doacao,Lav\FILIAL\Doacao.DB,ValDoa,ValDoa,outro,System.Double,8,desconhecido,True,Paradox/BDE,outro,"validar em tela, ProcMon e amostra de dados"
config_admin,Doacao,Lav\FILIAL\Doacao.DB,Status,Status,status_situacao,System.String,2,desconhecido,True,Paradox/BDE,status_situacao,"validar em tela, ProcMon e amostra de dados"
config_admin,Doacao,Lav\FILIAL\Doacao.DB,MotCanc,MotCanc,outro,System.String,200,desconhecido,True,Paradox/BDE,outro,"validar em tela, ProcMon e amostra de dados"
config_admin,EncCaiLav,Lav\FILIAL\EncCaiLav.DB,DatEnc,Data,data_hora,System.DateTime,8,desconhecido,True,Paradox/BDE,data_hora,"validar em tela, ProcMon e amostra de dados"
config_admin,EncCaiLav,Lav\FILIAL\EncCaiLav.DB,TipEnc,TipEnc,outro,System.String,2,desconhecido,True,Paradox/BDE,outro,"validar em tela, ProcMon e amostra de dados"
config_admin,EncCaiLav,Lav\FILIAL\EncCaiLav.DB,CodUsuario,CodUsuario,id_codigo,System.String,20,provavel,True,Paradox/BDE,identificador/vinculo,"validar em tela, ProcMon e amostra de dados"
config_admin,EncCaiLav,Lav\FILIAL\EncCaiLav.DB,CodVen,CodVen,id_codigo,System.String,10,provavel,True,Paradox/BDE,identificador/vinculo,"validar em tela, ProcMon e amostra de dados"
config_admin,EncCaiLav,Lav\FILIAL\EncCaiLav.DB,Obs,Obs,texto_observacao,System.String,100,desconhecido,True,Paradox/BDE,texto_observacao,"validar em tela, ProcMon e amostra de dados"
config_admin,EncCaiLav,Lav\FILIAL\EncCaiLav.DB,HorEnc,HorEnc,outro,System.DateTime,8,desconhecido,True,Paradox/BDE,outro,"validar em tela, ProcMon e amostra de dados"
config_admin,EncCaiLav,Lav\FILIAL\EncCaiLav.DB,DatEncSis,Data,data_hora,System.DateTime,8,desconhecido,True,Paradox/BDE,data_hora,"validar em tela, ProcMon e amostra de dados"
config_admin,EncCaiLav,Lav\FILIAL\EncCaiLav.DB,SeqExporta,SeqExporta,outro,System.Int32,4,desconhecido,True,Paradox/BDE,outro,"validar em tela, ProcMon e amostra de dados"
config_admin,EncCaiLav,Lav\FILIAL\EncCaiLav.DB,HorEncIni,HorEncIni,outro,System.DateTime,8,desconhecido,True,Paradox/BDE,outro,"validar em tela, ProcMon e amostra de dados"
config_admin,EntLote,Lav\FILIAL\EntLote.DB,Seq,Seq,outro,System.Int32,4,desconhecido,True,Paradox/BDE,outro,"validar em tela, ProcMon e amostra de dados"
config_admin,EntLote,Lav\FILIAL\EntLote.DB,DataA,Data,data_hora,System.DateTime,8,provavel,True,Paradox/BDE,data_hora,"validar em tela, ProcMon e amostra de dados"
config_admin,EntLote,Lav\FILIAL\EntLote.DB,HoraA,Hora,data_hora,System.DateTime,8,desconhecido,True,Paradox/BDE,data_hora,"validar em tela, ProcMon e amostra de dados"
config_admin,EntLote,Lav\FILIAL\EntLote.DB,Usuario,Usuario,usuario_auditoria,System.String,20,desconhecido,True,Paradox/BDE,usuario_auditoria,"validar em tela, ProcMon e amostra de dados"
config_admin,EntLote,Lav\FILIAL\EntLote.DB,CodVen,CodVen,id_codigo,System.String,10,provavel,True,Paradox/BDE,identificador/vinculo,"validar em tela, ProcMon e amostra de dados"
config_admin,EntLote,Lav\FILIAL\EntLote.DB,Tipo,Tipo,outro,System.String,2,desconhecido,True,Paradox/BDE,outro,"validar em tela, ProcMon e amostra de dados"
config_admin,EntLote,Lav\FILIAL\EntLote.DB,Obs,Obs,texto_observacao,System.String,100,desconhecido,True,Paradox/BDE,texto_observacao,"validar em tela, ProcMon e amostra de dados"
config_admin,EntLote,Lav\FILIAL\EntLote.DB,DataF,Data,data_hora,System.DateTime,8,provavel,True,Paradox/BDE,data_hora,"validar em tela, ProcMon e amostra de dados"
config_admin,EntLote,Lav\FILIAL\EntLote.DB,HoraF,Hora,data_hora,System.DateTime,8,desconhecido,True,Paradox/BDE,data_hora,"validar em tela, ProcMon e amostra de dados"
config_admin,EntLote,Lav\FILIAL\EntLote.DB,CodVenF,CodVenF,id_codigo,System.String,10,provavel,True,Paradox/BDE,identificador/vinculo,"validar em tela, ProcMon e amostra de dados"
config_admin,EntLote,Lav\FILIAL\EntLote.DB,UsuarioF,UsuarioF,usuario_auditoria,System.String,20,desconhecido,True,Paradox/BDE,usuario_auditoria,"validar em tela, ProcMon e amostra de dados"
config_admin,EntLote,Lav\FILIAL\EntLote.DB,Cancelado,Celular,cliente_ref,System.String,2,desconhecido,True,Paradox/BDE,identificador/vinculo,"validar em tela, ProcMon e amostra de dados"
config_admin,EntLote,Lav\FILIAL\EntLote.DB,DatCan,Data,data_hora,System.DateTime,8,desconhecido,True,Paradox/BDE,data_hora,"validar em tela, ProcMon e amostra de dados"
config_admin,EntLote,Lav\FILIAL\EntLote.DB,MotivoCan,MotivoCan,texto_observacao,System.String,100,desconhecido,True,Paradox/BDE,texto_observacao,"validar em tela, ProcMon e amostra de dados"
config_admin,EntLote,Lav\FILIAL\EntLote.DB,CodVenCan,CodVenCan,id_codigo,System.String,10,provavel,True,Paradox/BDE,identificador/vinculo,"validar em tela, ProcMon e amostra de dados"
config_admin,EntLote,Lav\FILIAL\EntLote.DB,CodEmpree,CodEmpree,id_codigo,System.String,10,provavel,True,Paradox/BDE,identificador/vinculo,"validar em tela, ProcMon e amostra de dados"
config_admin,EntMovLote,Lav\FILIAL\EntMovLote.DB,Seq,Seq,outro,System.Int32,4,desconhecido,True,Paradox/BDE,outro,"validar em tela, ProcMon e amostra de dados"
config_admin,EntMovLote,Lav\FILIAL\EntMovLote.DB,Rol,ROL/OS,ordem_rol_ref,System.Int32,4,desconhecido,True,Paradox/BDE,identificador/vinculo,"validar em tela, ProcMon e amostra de dados"
config_admin,EntMovLote,Lav\FILIAL\EntMovLote.DB,Tipo,Tipo,outro,System.String,2,desconhecido,True,Paradox/BDE,outro,"validar em tela, ProcMon e amostra de dados"
config_admin,EntMovLote,Lav\FILIAL\EntMovLote.DB,Data,Data,data_hora,System.DateTime,8,provavel,True,Paradox/BDE,data_hora,"validar em tela, ProcMon e amostra de dados"
config_admin,EntMovLote,Lav\FILIAL\EntMovLote.DB,Hora,Hora,data_hora,System.DateTime,8,desconhecido,True,Paradox/BDE,data_hora,"validar em tela, ProcMon e amostra de dados"
config_admin,EntMovLote,Lav\FILIAL\EntMovLote.DB,CodVen,CodVen,id_codigo,System.String,10,provavel,True,Paradox/BDE,identificador/vinculo,"validar em tela, ProcMon e amostra de dados"
config_admin,EntMovLote,Lav\FILIAL\EntMovLote.DB,Quantidade,Quantidade,quantidade,System.Double,8,provavel,True,Paradox/BDE,quantidade,"validar em tela, ProcMon e amostra de dados"
config_admin,EntMovLote,Lav\FILIAL\EntMovLote.DB,Obs,Obs,texto_observacao,System.String,100,desconhecido,True,Paradox/BDE,texto_observacao,"validar em tela, ProcMon e amostra de dados"
config_admin,EntMovLote,Lav\FILIAL\EntMovLote.DB,CodEmpree,CodEmpree,id_codigo,System.String,10,provavel,True,Paradox/BDE,identificador/vinculo,"validar em tela, ProcMon e amostra de dados"
cliente,EstCli,Lav\FILIAL\EstCli.DB,CodCli,Cliente,id_codigo,System.String,20,provavel,True,Paradox/BDE,identificador/vinculo,"validar em tela, ProcMon e amostra de dados"
cliente,EstCli,Lav\FILIAL\EstCli.DB,CodPro,CodPro,id_codigo,System.String,6,provavel,True,Paradox/BDE,identificador/vinculo,"validar em tela, ProcMon e amostra de dados"
cliente,EstCli,Lav\FILIAL\EstCli.DB,DatLan,Data,data_hora,System.DateTime,8,desconhecido,True,Paradox/BDE,data_hora,"validar em tela, ProcMon e amostra de dados"
cliente,EstCli,Lav\FILIAL\EstCli.DB,CodCor,CodCor,id_codigo,System.String,6,provavel,True,Paradox/BDE,identificador/vinculo,"validar em tela, ProcMon e amostra de dados"
cliente,EstCli,Lav\FILIAL\EstCli.DB,Quant_Prev,Quantidade,quantidade,System.Double,8,desconhecido,True,Paradox/BDE,quantidade,"validar em tela, ProcMon e amostra de dados"
cliente,EstCli,Lav\FILIAL\EstCli.DB,Quant_Real,Quantidade,quantidade,System.Double,8,desconhecido,True,Paradox/BDE,quantidade,"validar em tela, ProcMon e amostra de dados"
cliente,EstCli,Lav\FILIAL\EstCli.DB,MedLan,MedLan,outro,System.Int32,4,desconhecido,True,Paradox/BDE,outro,"validar em tela, ProcMon e amostra de dados"
cliente,EstCli,Lav\FILIAL\EstCli.DB,UltLan2,UltLan2,outro,System.Int32,4,desconhecido,True,Paradox/BDE,outro,"validar em tela, ProcMon e amostra de dados"
cliente,EstCli,Lav\FILIAL\EstCli.DB,UltLan3,UltLan3,outro,System.Int32,4,desconhecido,True,Paradox/BDE,outro,"validar em tela, ProcMon e amostra de dados"
cliente,EstCli,Lav\FILIAL\EstCli.DB,UltLan4,UltLan4,outro,System.Int32,4,desconhecido,True,Paradox/BDE,outro,"validar em tela, ProcMon e amostra de dados"
cliente,EstCli,Lav\FILIAL\EstCli.DB,UltLan5,UltLan5,outro,System.Int32,4,desconhecido,True,Paradox/BDE,outro,"validar em tela, ProcMon e amostra de dados"
cliente,EstCli,Lav\FILIAL\EstCli.DB,UltLan1,UltLan1,outro,System.Int32,4,desconhecido,True,Paradox/BDE,outro,"validar em tela, ProcMon e amostra de dados"
cliente,EstCli,Lav\FILIAL\EstCli.DB,QdeMinLan,QdeMinLan,outro,System.Int32,4,desconhecido,True,Paradox/BDE,outro,"validar em tela, ProcMon e amostra de dados"
cliente,EstCli,Lav\FILIAL\EstCli.DB,QdeMaxLan,QdeMaxLan,outro,System.Int32,4,desconhecido,True,Paradox/BDE,outro,"validar em tela, ProcMon e amostra de dados"
cliente,EstCli,Lav\FILIAL\EstCli.DB,DatMinLan,Data,data_hora,System.DateTime,8,desconhecido,True,Paradox/BDE,data_hora,"validar em tela, ProcMon e amostra de dados"
cliente,EstCli,Lav\FILIAL\EstCli.DB,DatMaxLan,Data,data_hora,System.DateTime,8,desconhecido,True,Paradox/BDE,data_hora,"validar em tela, ProcMon e amostra de dados"
cliente,EstCli,Lav\FILIAL\EstCli.DB,DatUltLan1,Data,data_hora,System.DateTime,8,desconhecido,True,Paradox/BDE,data_hora,"validar em tela, ProcMon e amostra de dados"
cliente,EstCli,Lav\FILIAL\EstCli.DB,DatUltLan2,Data,data_hora,System.DateTime,8,desconhecido,True,Paradox/BDE,data_hora,"validar em tela, ProcMon e amostra de dados"
cliente,EstCli,Lav\FILIAL\EstCli.DB,DatUltLan3,Data,data_hora,System.DateTime,8,desconhecido,True,Paradox/BDE,data_hora,"validar em tela, ProcMon e amostra de dados"
cliente,EstCli,Lav\FILIAL\EstCli.DB,DatUltLan4,Data,data_hora,System.DateTime,8,desconhecido,True,Paradox/BDE,data_hora,"validar em tela, ProcMon e amostra de dados"
cliente,EstCli,Lav\FILIAL\EstCli.DB,DatUltLan5,Data,data_hora,System.DateTime,8,desconhecido,True,Paradox/BDE,data_hora,"validar em tela, ProcMon e amostra de dados"
cliente,EstCli,Lav\FILIAL\EstCli.DB,Quant_Kit,Quantidade,quantidade,System.Int32,4,desconhecido,True,Paradox/BDE,quantidade,"validar em tela, ProcMon e amostra de dados"
cliente,EstCli,Lav\FILIAL\EstCli.DB,TipDesc,Desconto/Descricao,valor_monetario,System.String,2,desconhecido,True,Paradox/BDE,valor_monetario,"validar em tela, ProcMon e amostra de dados"
cliente,EstCli,Lav\FILIAL\EstCli.DB,ValDesc,Desconto/Descricao,valor_monetario,System.Double,8,desconhecido,True,Paradox/BDE,valor_monetario,"validar em tela, ProcMon e amostra de dados"
financeiro,FecCaixa,Lav\FILIAL\FecCaixa.DB,SeqCaixa,SeqCaixa,outro,System.Int32,4,desconhecido,True,Paradox/BDE,outro,"validar em tela, ProcMon e amostra de dados"
financeiro,FecCaixa,Lav\FILIAL\FecCaixa.DB,CodUsuario,CodUsuario,id_codigo,System.String,20,provavel,True,Paradox/BDE,identificador/vinculo,"validar em tela, ProcMon e amostra de dados"
financeiro,FecCaixa,Lav\FILIAL\FecCaixa.DB,DatEnc,Data,data_hora,System.DateTime,8,desconhecido,True,Paradox/BDE,data_hora,"validar em tela, ProcMon e amostra de dados"
ordem_servico_rol,IndenRol,Lav\FILIAL\IndenRol.DB,SeqInden,SeqInden,outro,System.Int32,4,desconhecido,True,Paradox/BDE,outro,"validar em tela, ProcMon e amostra de dados"
ordem_servico_rol,IndenRol,Lav\FILIAL\IndenRol.DB,Rol,ROL/OS,ordem_rol_ref,System.Int32,4,desconhecido,True,Paradox/BDE,identificador/vinculo,"validar em tela, ProcMon e amostra de dados"
ordem_servico_rol,IndenRol,Lav\FILIAL\IndenRol.DB,CodPro,CodPro,id_codigo,System.String,6,provavel,True,Paradox/BDE,identificador/vinculo,"validar em tela, ProcMon e amostra de dados"
ordem_servico_rol,IndenRol,Lav\FILIAL\IndenRol.DB,Motivo,Motivo,texto_observacao,System.String,200,desconhecido,True,Paradox/BDE,texto_observacao,"validar em tela, ProcMon e amostra de dados"
ordem_servico_rol,IndenRol,Lav\FILIAL\IndenRol.DB,SeqCai,SeqCai,outro,System.Int32,4,desconhecido,True,Paradox/BDE,outro,"validar em tela, ProcMon e amostra de dados"
auditoria_log,LogExporta,Lav\FILIAL\LogExporta.DB,SeqExporta,SeqExporta,outro,System.Int32,4,desconhecido,True,Paradox/BDE,outro,"validar em tela, ProcMon e amostra de dados"
auditoria_log,LogExporta,Lav\FILIAL\LogExporta.DB,DesExporta,DesExporta,outro,System.String,100,desconhecido,True,Paradox/BDE,outro,"validar em tela, ProcMon e amostra de dados"
auditoria_log,LogExporta,Lav\FILIAL\LogExporta.DB,DatExporta,Data,data_hora,System.DateTime,8,desconhecido,True,Paradox/BDE,data_hora,"validar em tela, ProcMon e amostra de dados"
auditoria_log,LogExporta,Lav\FILIAL\LogExporta.DB,DatExportaFim,Data,data_hora,System.DateTime,8,desconhecido,True,Paradox/BDE,data_hora,"validar em tela, ProcMon e amostra de dados"
auditoria_log,LogExporta,Lav\FILIAL\LogExporta.DB,CodUsuario,CodUsuario,id_codigo,System.String,20,provavel,True,Paradox/BDE,identificador/vinculo,"validar em tela, ProcMon e amostra de dados"
auditoria_log,LogExporta,Lav\FILIAL\LogExporta.DB,TotLanctos,TotLanctos,ordem_rol_ref,System.Int32,4,desconhecido,True,Paradox/BDE,identificador/vinculo,"validar em tela, ProcMon e amostra de dados"
config_admin,MetasGruPro,Lav\FILIAL\MetasGruPro.DB,GruVen,GruVen,outro,System.String,10,desconhecido,True,Paradox/BDE,outro,"validar em tela, ProcMon e amostra de dados"
config_admin,MetasGruPro,Lav\FILIAL\MetasGruPro.DB,AnoMes,Nome,texto_observacao,System.String,14,provavel,True,Paradox/BDE,texto_observacao,"validar em tela, ProcMon e amostra de dados"
config_admin,MetasGruPro,Lav\FILIAL\MetasGruPro.DB,Valor,Valor,valor_monetario,System.Double,8,provavel,True,Paradox/BDE,valor_monetario,"validar em tela, ProcMon e amostra de dados"
config_admin,MetasVen,Lav\FILIAL\MetasVen.DB,GruVen,GruVen,outro,System.String,10,desconhecido,True,Paradox/BDE,outro,"validar em tela, ProcMon e amostra de dados"
config_admin,MetasVen,Lav\FILIAL\MetasVen.DB,AnoMes,Nome,texto_observacao,System.String,14,provavel,True,Paradox/BDE,texto_observacao,"validar em tela, ProcMon e amostra de dados"
config_admin,MetasVen,Lav\FILIAL\MetasVen.DB,Valor,Valor,valor_monetario,System.Double,8,provavel,True,Paradox/BDE,valor_monetario,"validar em tela, ProcMon e amostra de dados"
config_admin,MovAgenda,Lav\FILIAL\MovAgenda.DB,SeqAgenda,Endereco,cliente_ref,System.Int32,4,desconhecido,True,Paradox/BDE,identificador/vinculo,"validar em tela, ProcMon e amostra de dados"
config_admin,MovAgenda,Lav\FILIAL\MovAgenda.DB,Rol,ROL/OS,ordem_rol_ref,System.Int32,4,desconhecido,True,Paradox/BDE,identificador/vinculo,"validar em tela, ProcMon e amostra de dados"
config_admin,MovAgenda,Lav\FILIAL\MovAgenda.DB,DatAgen,Data,data_hora,System.DateTime,8,provavel,True,Paradox/BDE,data_hora,"validar em tela, ProcMon e amostra de dados"
config_admin,MovAgenda,Lav\FILIAL\MovAgenda.DB,HorAgen,Hora,data_hora,System.DateTime,8,desconhecido,True,Paradox/BDE,data_hora,"validar em tela, ProcMon e amostra de dados"
config_admin,MovAgenda,Lav\FILIAL\MovAgenda.DB,Duracao,Duracao,outro,System.DateTime,8,desconhecido,True,Paradox/BDE,outro,"validar em tela, ProcMon e amostra de dados"
config_admin,MovAgenda,Lav\FILIAL\MovAgenda.DB,CodVen,CodVen,id_codigo,System.String,10,provavel,True,Paradox/BDE,identificador/vinculo,"validar em tela, ProcMon e amostra de dados"
ordem_servico_rol,MovCab,Lav\FILIAL\MovCab.DB,ROL,ROL/OS,ordem_rol_ref,System.Int32,4,desconhecido,True,Paradox/BDE,identificador/vinculo,"validar em tela, ProcMon e amostra de dados"
ordem_servico_rol,MovCab,Lav\FILIAL\MovCab.DB,CodCli,Cliente,id_codigo,System.String,20,provavel,True,Paradox/BDE,identificador/vinculo,"validar em tela, ProcMon e amostra de dados"
ordem_servico_rol,MovCab,Lav\FILIAL\MovCab.DB,DatEntLoja,Data,data_hora,System.DateTime,8,desconhecido,True,Paradox/BDE,data_hora,"validar em tela, ProcMon e amostra de dados"
ordem_servico_rol,MovCab,Lav\FILIAL\MovCab.DB,CodTab,CodTab,id_codigo,System.String,6,provavel,True,Paradox/BDE,identificador/vinculo,"validar em tela, ProcMon e amostra de dados"
ordem_servico_rol,MovCab,Lav\FILIAL\MovCab.DB,CodTipSer,CodTipSer,id_codigo,System.String,2,provavel,True,Paradox/BDE,identificador/vinculo,"validar em tela, ProcMon e amostra de dados"
ordem_servico_rol,MovCab,Lav\FILIAL\MovCab.DB,CodTipEnt,CodTipEnt,id_codigo,System.String,2,provavel,True,Paradox/BDE,identificador/vinculo,"validar em tela, ProcMon e amostra de dados"
ordem_servico_rol,MovCab,Lav\FILIAL\MovCab.DB,CodPra,CodPra,id_codigo,System.String,6,provavel,True,Paradox/BDE,identificador/vinculo,"validar em tela, ProcMon e amostra de dados"
ordem_servico_rol,MovCab,Lav\FILIAL\MovCab.DB,NumGR,NumGR,id_codigo,System.String,20,provavel,True,Paradox/BDE,identificador/vinculo,"validar em tela, ProcMon e amostra de dados"
ordem_servico_rol,MovCab,Lav\FILIAL\MovCab.DB,NumOS,NumOS,id_codigo,System.String,14,provavel,True,Paradox/BDE,identificador/vinculo,"validar em tela, ProcMon e amostra de dados"
ordem_servico_rol,MovCab,Lav\FILIAL\MovCab.DB,DatLan,Data,data_hora,System.DateTime,8,desconhecido,True,Paradox/BDE,data_hora,"validar em tela, ProcMon e amostra de dados"
ordem_servico_rol,MovCab,Lav\FILIAL\MovCab.DB,CodVen,CodVen,id_codigo,System.String,10,provavel,True,Paradox/BDE,identificador/vinculo,"validar em tela, ProcMon e amostra de dados"
ordem_servico_rol,MovCab,Lav\FILIAL\MovCab.DB,DatEnt,Data,data_hora,System.DateTime,8,desconhecido,True,Paradox/BDE,data_hora,"validar em tela, ProcMon e amostra de dados"
ordem_servico_rol,MovCab,Lav\FILIAL\MovCab.DB,ValTot,ValTot,data_hora,System.Double,8,desconhecido,True,Paradox/BDE,data_hora,"validar em tela, ProcMon e amostra de dados"
ordem_servico_rol,MovCab,Lav\FILIAL\MovCab.DB,TotPecas,TotPecas,ordem_rol_ref,System.Int32,4,desconhecido,True,Paradox/BDE,identificador/vinculo,"validar em tela, ProcMon e amostra de dados"
ordem_servico_rol,MovCab,Lav\FILIAL\MovCab.DB,Posicao,Posicao,ordem_rol_ref,System.String,2,desconhecido,True,Paradox/BDE,identificador/vinculo,"validar em tela, ProcMon e amostra de dados"
ordem_servico_rol,MovCab,Lav\FILIAL\MovCab.DB,NumNot,NumNot,id_codigo,System.Int32,4,provavel,True,Paradox/BDE,identificador/vinculo,"validar em tela, ProcMon e amostra de dados"
ordem_servico_rol,MovCab,Lav\FILIAL\MovCab.DB,Unidade,Unidade,produto_ref,System.String,10,provavel,True,Paradox/BDE,identificador/vinculo,"validar em tela, ProcMon e amostra de dados"
ordem_servico_rol,MovCab,Lav\FILIAL\MovCab.DB,CodUsuario,CodUsuario,id_codigo,System.String,20,provavel,True,Paradox/BDE,identificador/vinculo,"validar em tela, ProcMon e amostra de dados"
ordem_servico_rol,MovCab,Lav\FILIAL\MovCab.DB,NumNotAdi,NumNotAdi,id_codigo,System.Int32,4,provavel,True,Paradox/BDE,identificador/vinculo,"validar em tela, ProcMon e amostra de dados"
ordem_servico_rol,MovCab,Lav\FILIAL\MovCab.DB,DescontoROL,ROL/OS,ordem_rol_ref,System.Double,8,desconhecido,True,Paradox/BDE,identificador/vinculo,"validar em tela, ProcMon e amostra de dados"
ordem_servico_rol,MovCab,Lav\FILIAL\MovCab.DB,ObsROL,ROL/OS,ordem_rol_ref,System.String,100,desconhecido,True,Paradox/BDE,identificador/vinculo,"validar em tela, ProcMon e amostra de dados"
ordem_servico_rol,MovCab,Lav\FILIAL\MovCab.DB,DescontoValor,Valor,valor_monetario,System.Double,8,provavel,True,Paradox/BDE,valor_monetario,"validar em tela, ProcMon e amostra de dados"
ordem_servico_rol,MovCab,Lav\FILIAL\MovCab.DB,Cancelado,Celular,cliente_ref,System.String,2,desconhecido,True,Paradox/BDE,identificador/vinculo,"validar em tela, ProcMon e amostra de dados"
ordem_servico_rol,MovCab,Lav\FILIAL\MovCab.DB,DataCanc,Data,data_hora,System.DateTime,8,provavel,True,Paradox/BDE,data_hora,"validar em tela, ProcMon e amostra de dados"
ordem_servico_rol,MovCab,Lav\FILIAL\MovCab.DB,MotivoCanc,MotivoCanc,texto_observacao,System.String,100,desconhecido,True,Paradox/BDE,texto_observacao,"validar em tela, ProcMon e amostra de dados"
ordem_servico_rol,MovCab,Lav\FILIAL\MovCab.DB,SeqExport,SeqExport,outro,System.Int32,4,desconhecido,True,Paradox/BDE,outro,"validar em tela, ProcMon e amostra de dados"
ordem_servico_rol,MovCab,Lav\FILIAL\MovCab.DB,RolAnterior,ROL/OS,ordem_rol_ref,System.Int32,4,desconhecido,True,Paradox/BDE,identificador/vinculo,"validar em tela, ProcMon e amostra de dados"
ordem_servico_rol,MovCab,Lav\FILIAL\MovCab.DB,CodCliAnterior,Cliente,id_codigo,System.String,20,provavel,True,Paradox/BDE,identificador/vinculo,"validar em tela, ProcMon e amostra de dados"
ordem_servico_rol,MovCab,Lav\FILIAL\MovCab.DB,HorLan,HorLan,outro,System.DateTime,8,desconhecido,True,Paradox/BDE,outro,"validar em tela, ProcMon e amostra de dados"
ordem_servico_rol,MovCab,Lav\FILIAL\MovCab.DB,CodLoc,CodLoc,id_codigo,System.String,10,provavel,True,Paradox/BDE,identificador/vinculo,"validar em tela, ProcMon e amostra de dados"
ordem_servico_rol,MovCab,Lav\FILIAL\MovCab.DB,CodEsp,CodEsp,id_codigo,System.String,6,provavel,True,Paradox/BDE,identificador/vinculo,"validar em tela, ProcMon e amostra de dados"
ordem_servico_rol,MovCab,Lav\FILIAL\MovCab.DB,QdeEsp,QdeEsp,outro,System.Int32,4,desconhecido,True,Paradox/BDE,outro,"validar em tela, ProcMon e amostra de dados"
ordem_servico_rol,MovCab,Lav\FILIAL\MovCab.DB,Pedidos,Pedidos,ordem_rol_ref,System.String,100,provavel,True,Paradox/BDE,identificador/vinculo,"validar em tela, ProcMon e amostra de dados"
ordem_servico_rol,MovCab,Lav\FILIAL\MovCab.DB,DesEsp,DesEsp,outro,System.String,80,desconhecido,True,Paradox/BDE,outro,"validar em tela, ProcMon e amostra de dados"
ordem_servico_rol,MovCab,Lav\FILIAL\MovCab.DB,HorEnt,HorEnt,outro,System.DateTime,8,desconhecido,True,Paradox/BDE,outro,"validar em tela, ProcMon e amostra de dados"
ordem_servico_rol,MovCab,Lav\FILIAL\MovCab.DB,CodPas,CodPas,id_codigo,System.String,10,provavel,True,Paradox/BDE,identificador/vinculo,"validar em tela, ProcMon e amostra de dados"
ordem_servico_rol,MovCab,Lav\FILIAL\MovCab.DB,DatPas,Data,data_hora,System.DateTime,8,desconhecido,True,Paradox/BDE,data_hora,"validar em tela, ProcMon e amostra de dados"
ordem_servico_rol,MovCab,Lav\FILIAL\MovCab.DB,SitRol,ROL/OS,ordem_rol_ref,System.String,2,desconhecido,True,Paradox/BDE,identificador/vinculo,"validar em tela, ProcMon e amostra de dados"
ordem_servico_rol,MovCab,Lav\FILIAL\MovCab.DB,NumNotFis,NumNotFis,id_codigo,System.Int32,4,provavel,True,Paradox/BDE,identificador/vinculo,"validar em tela, ProcMon e amostra de dados"
ordem_servico_rol,MovCab,Lav\FILIAL\MovCab.DB,FixEntrega,FixEntrega,status_situacao,System.Boolean,1,desconhecido,True,Paradox/BDE,status_situacao,"validar em tela, ProcMon e amostra de dados"
ordem_servico_rol,MovCab,Lav\FILIAL\MovCab.DB,SeqCaixa,SeqCaixa,outro,System.Int32,4,desconhecido,True,Paradox/BDE,outro,"validar em tela, ProcMon e amostra de dados"
ordem_servico_rol,MovCab,Lav\FILIAL\MovCab.DB,CodDesc,Desconto/Descricao,id_codigo,System.String,10,provavel,True,Paradox/BDE,identificador/vinculo,"validar em tela, ProcMon e amostra de dados"
ordem_servico_rol,MovCab,Lav\FILIAL\MovCab.DB,CodVenEnt,CodVenEnt,id_codigo,System.String,10,provavel,True,Paradox/BDE,identificador/vinculo,"validar em tela, ProcMon e amostra de dados"
ordem_servico_rol,MovCab,Lav\FILIAL\MovCab.DB,CodLav,CodLav,id_codigo,System.String,10,provavel,True,Paradox/BDE,identificador/vinculo,"validar em tela, ProcMon e amostra de dados"
ordem_servico_rol,MovCab,Lav\FILIAL\MovCab.DB,FitasPreFix,FitasPreFix,outro,System.String,18,desconhecido,True,Paradox/BDE,outro,"validar em tela, ProcMon e amostra de dados"
ordem_servico_rol,MovCab,Lav\FILIAL\MovCab.DB,DevNot,DevNot,outro,System.Int32,4,desconhecido,True,Paradox/BDE,outro,"validar em tela, ProcMon e amostra de dados"
ordem_servico_rol,MovCab,Lav\FILIAL\MovCab.DB,DevNotAdi,DevNotAdi,fiscal_documento,System.Int32,4,desconhecido,True,Paradox/BDE,fiscal_documento,"validar em tela, ProcMon e amostra de dados"
ordem_servico_rol,MovCab,Lav\FILIAL\MovCab.DB,CodConf,CodConf,id_codigo,System.String,10,provavel,True,Paradox/BDE,identificador/vinculo,"validar em tela, ProcMon e amostra de dados"
ordem_servico_rol,MovCab,Lav\FILIAL\MovCab.DB,PosicaoAnt,PosicaoAnt,ordem_rol_ref,System.String,2,desconhecido,True,Paradox/BDE,identificador/vinculo,"validar em tela, ProcMon e amostra de dados"
ordem_servico_rol,MovCab,Lav\FILIAL\MovCab.DB,DatEntRol,ROL/OS,ordem_rol_ref,System.DateTime,8,desconhecido,True,Paradox/BDE,identificador/vinculo,"validar em tela, ProcMon e amostra de dados"
ordem_servico_rol,MovCab,Lav\FILIAL\MovCab.DB,CenCusCli,CenCusCli,outro,System.String,10,desconhecido,True,Paradox/BDE,outro,"validar em tela, ProcMon e amostra de dados"
ordem_servico_rol,MovCab,Lav\FILIAL\MovCab.DB,RolOrc,ROL/OS,ordem_rol_ref,System.Int32,4,desconhecido,True,Paradox/BDE,identificador/vinculo,"validar em tela, ProcMon e amostra de dados"
ordem_servico_rol,MovCab,Lav\FILIAL\MovCab.DB,NumNotFisF,NumNotFisF,id_codigo,System.Int32,4,provavel,True,Paradox/BDE,identificador/vinculo,"validar em tela, ProcMon e amostra de dados"
ordem_servico_rol,MovCab,Lav\FILIAL\MovCab.DB,Lote,Lote,outro,System.Int32,4,desconhecido,True,Paradox/BDE,outro,"validar em tela, ProcMon e amostra de dados"
ordem_servico_rol,MovCab,Lav\FILIAL\MovCab.DB,HorEntRol,ROL/OS,ordem_rol_ref,System.DateTime,8,desconhecido,True,Paradox/BDE,identificador/vinculo,"validar em tela, ProcMon e amostra de dados"
ordem_servico_rol,MovCab,Lav\FILIAL\MovCab.DB,HorCan,HorCan,ordem_rol_ref,System.DateTime,8,desconhecido,True,Paradox/BDE,identificador/vinculo,"validar em tela, ProcMon e amostra de dados"
ordem_servico_rol,MovCab,Lav\FILIAL\MovCab.DB,CodVenCan,CodVenCan,id_codigo,System.String,10,provavel,True,Paradox/BDE,identificador/vinculo,"validar em tela, ProcMon e amostra de dados"
ordem_servico_rol,MovCab,Lav\FILIAL\MovCab.DB,HorPas,HorPas,outro,System.DateTime,8,desconhecido,True,Paradox/BDE,outro,"validar em tela, ProcMon e amostra de dados"
config_admin,MovCabDes,Lav\FILIAL\MovCabDes.DB,Rol,ROL/OS,ordem_rol_ref,System.Int32,4,desconhecido,True,Paradox/BDE,identificador/vinculo,"validar em tela, ProcMon e amostra de dados"
config_admin,MovCabDes,Lav\FILIAL\MovCabDes.DB,CodDesc,Desconto/Descricao,id_codigo,System.String,10,provavel,True,Paradox/BDE,identificador/vinculo,"validar em tela, ProcMon e amostra de dados"
config_admin,MovCabDes,Lav\FILIAL\MovCabDes.DB,Desconto,Desconto/Descricao,valor_monetario,System.Double,8,desconhecido,True,Paradox/BDE,valor_monetario,"validar em tela, ProcMon e amostra de dados"
config_admin,MovDesc,Lav\FILIAL\MovDesc.DB,Seq,Seq,outro,System.Int32,4,desconhecido,True,Paradox/BDE,outro,"validar em tela, ProcMon e amostra de dados"
config_admin,MovDesc,Lav\FILIAL\MovDesc.DB,CodCli,Cliente,id_codigo,System.String,20,provavel,True,Paradox/BDE,identificador/vinculo,"validar em tela, ProcMon e amostra de dados"
config_admin,MovDesc,Lav\FILIAL\MovDesc.DB,CodDesc,Desconto/Descricao,id_codigo,System.String,10,provavel,True,Paradox/BDE,identificador/vinculo,"validar em tela, ProcMon e amostra de dados"
config_admin,MovDesc,Lav\FILIAL\MovDesc.DB,RolOrigem,ROL/OS,ordem_rol_ref,System.Int32,4,desconhecido,True,Paradox/BDE,identificador/vinculo,"validar em tela, ProcMon e amostra de dados"
config_admin,MovDesc,Lav\FILIAL\MovDesc.DB,DatLan,Data,data_hora,System.DateTime,8,desconhecido,True,Paradox/BDE,data_hora,"validar em tela, ProcMon e amostra de dados"
config_admin,MovDesc,Lav\FILIAL\MovDesc.DB,RolDestino,ROL/OS,ordem_rol_ref,System.Int32,4,desconhecido,True,Paradox/BDE,identificador/vinculo,"validar em tela, ProcMon e amostra de dados"
config_admin,MovDesc,Lav\FILIAL\MovDesc.DB,DataUtilizada,Data,data_hora,System.DateTime,8,provavel,True,Paradox/BDE,data_hora,"validar em tela, ProcMon e amostra de dados"
config_admin,MovDesc,Lav\FILIAL\MovDesc.DB,Quantidade,Quantidade,quantidade,System.Int32,4,provavel,True,Paradox/BDE,quantidade,"validar em tela, ProcMon e amostra de dados"
config_admin,MovDesc,Lav\FILIAL\MovDesc.DB,CodProDestino,CodProDestino,id_codigo,System.String,6,provavel,True,Paradox/BDE,identificador/vinculo,"validar em tela, ProcMon e amostra de dados"
config_admin,MovDesc,Lav\FILIAL\MovDesc.DB,SeqProDestino,SeqProDestino,outro,System.String,4,desconhecido,True,Paradox/BDE,outro,"validar em tela, ProcMon e amostra de dados"
config_admin,MovDesc,Lav\FILIAL\MovDesc.DB,Status,Status,status_situacao,System.String,2,desconhecido,True,Paradox/BDE,status_situacao,"validar em tela, ProcMon e amostra de dados"
config_admin,MovEntSai,Lav\FILIAL\MovEntSai.DB,CodCli,Cliente,id_codigo,System.String,20,provavel,True,Paradox/BDE,identificador/vinculo,"validar em tela, ProcMon e amostra de dados"
config_admin,MovEntSai,Lav\FILIAL\MovEntSai.DB,CodPro,CodPro,id_codigo,System.String,6,provavel,True,Paradox/BDE,identificador/vinculo,"validar em tela, ProcMon e amostra de dados"
config_admin,MovEntSai,Lav\FILIAL\MovEntSai.DB,SaldoAnt,SaldoAnt,valor_monetario,System.Double,8,desconhecido,True,Paradox/BDE,valor_monetario,"validar em tela, ProcMon e amostra de dados"
config_admin,MovEntSai,Lav\FILIAL\MovEntSai.DB,SaldoAtu,SaldoAtu,valor_monetario,System.Double,8,desconhecido,True,Paradox/BDE,valor_monetario,"validar em tela, ProcMon e amostra de dados"
config_admin,MovEntSai,Lav\FILIAL\MovEntSai.DB,UltRol,ROL/OS,ordem_rol_ref,System.Int32,4,desconhecido,True,Paradox/BDE,identificador/vinculo,"validar em tela, ProcMon e amostra de dados"
config_admin,MovEntSai,Lav\FILIAL\MovEntSai.DB,UltSeq,UltSeq,outro,System.Int32,4,desconhecido,True,Paradox/BDE,outro,"validar em tela, ProcMon e amostra de dados"
estoque,MovEstLan,Lav\FILIAL\MovEstLan.DB,Sequencia,Sequencia,outro,System.Int32,4,desconhecido,True,Paradox/BDE,outro,"validar em tela, ProcMon e amostra de dados"
estoque,MovEstLan,Lav\FILIAL\MovEstLan.DB,CodTab,CodTab,id_codigo,System.String,6,provavel,True,Paradox/BDE,identificador/vinculo,"validar em tela, ProcMon e amostra de dados"
estoque,MovEstLan,Lav\FILIAL\MovEstLan.DB,CodPro,CodPro,id_codigo,System.String,6,provavel,True,Paradox/BDE,identificador/vinculo,"validar em tela, ProcMon e amostra de dados"
estoque,MovEstLan,Lav\FILIAL\MovEstLan.DB,Quantidade,Quantidade,quantidade,System.Int32,4,provavel,True,Paradox/BDE,quantidade,"validar em tela, ProcMon e amostra de dados"
estoque,MovEstLan,Lav\FILIAL\MovEstLan.DB,Tipo,Tipo,outro,System.String,2,desconhecido,True,Paradox/BDE,outro,"validar em tela, ProcMon e amostra de dados"
estoque,MovEstLan,Lav\FILIAL\MovEstLan.DB,DatLan,Data,data_hora,System.DateTime,8,desconhecido,True,Paradox/BDE,data_hora,"validar em tela, ProcMon e amostra de dados"
config_admin,MovImportacao,Lav\FILIAL\MovImportacao.DB,Seq,Seq,outro,System.Int32,4,desconhecido,True,Paradox/BDE,outro,"validar em tela, ProcMon e amostra de dados"
config_admin,MovImportacao,Lav\FILIAL\MovImportacao.DB,NumOs,NumOs,id_codigo,System.Int32,4,provavel,True,Paradox/BDE,identificador/vinculo,"validar em tela, ProcMon e amostra de dados"
config_admin,MovImportacao,Lav\FILIAL\MovImportacao.DB,CodAp,CodAp,id_codigo,System.Int32,4,provavel,True,Paradox/BDE,identificador/vinculo,"validar em tela, ProcMon e amostra de dados"
config_admin,MovImportacao,Lav\FILIAL\MovImportacao.DB,CodCli,Cliente,id_codigo,System.String,20,provavel,True,Paradox/BDE,identificador/vinculo,"validar em tela, ProcMon e amostra de dados"
config_admin,MovImportacao,Lav\FILIAL\MovImportacao.DB,DatLan,Data,data_hora,System.DateTime,8,desconhecido,True,Paradox/BDE,data_hora,"validar em tela, ProcMon e amostra de dados"
config_admin,MovImportacao,Lav\FILIAL\MovImportacao.DB,Status,Status,status_situacao,System.String,2,desconhecido,True,Paradox/BDE,status_situacao,"validar em tela, ProcMon e amostra de dados"
config_admin,MovImportacao,Lav\FILIAL\MovImportacao.DB,GerPor,GerPor,outro,System.String,40,desconhecido,True,Paradox/BDE,outro,"validar em tela, ProcMon e amostra de dados"
financeiro,MovIniCaixa,Lav\FILIAL\MovIniCaixa.DB,Data,Data,data_hora,System.DateTime,8,provavel,True,Paradox/BDE,data_hora,"validar em tela, ProcMon e amostra de dados"
financeiro,MovIniCaixa,Lav\FILIAL\MovIniCaixa.DB,Seq,Seq,outro,System.Int32,4,desconhecido,True,Paradox/BDE,outro,"validar em tela, ProcMon e amostra de dados"
financeiro,MovIniCaixa,Lav\FILIAL\MovIniCaixa.DB,Valor,Valor,valor_monetario,System.Double,8,provavel,True,Paradox/BDE,valor_monetario,"validar em tela, ProcMon e amostra de dados"
financeiro,MovIniCaixa,Lav\FILIAL\MovIniCaixa.DB,Cancelado,Celular,cliente_ref,System.String,2,desconhecido,True,Paradox/BDE,identificador/vinculo,"validar em tela, ProcMon e amostra de dados"
financeiro,MovIniCaixa,Lav\FILIAL\MovIniCaixa.DB,DatCan,Data,data_hora,System.DateTime,8,desconhecido,True,Paradox/BDE,data_hora,"validar em tela, ProcMon e amostra de dados"
financeiro,MovIniCaixa,Lav\FILIAL\MovIniCaixa.DB,MotivoCan,MotivoCan,texto_observacao,System.String,100,desconhecido,True,Paradox/BDE,texto_observacao,"validar em tela, ProcMon e amostra de dados"
produto_servico,MovItemCor,Lav\FILIAL\MovItemCor.DB,Rol,ROL/OS,ordem_rol_ref,System.Int32,4,desconhecido,True,Paradox/BDE,identificador/vinculo,"validar em tela, ProcMon e amostra de dados"
produto_servico,MovItemCor,Lav\FILIAL\MovItemCor.DB,CodPro,CodPro,id_codigo,System.String,6,provavel,True,Paradox/BDE,identificador/vinculo,"validar em tela, ProcMon e amostra de dados"
produto_servico,MovItemCor,Lav\FILIAL\MovItemCor.DB,SeqPro,SeqPro,outro,System.String,4,desconhecido,True,Paradox/BDE,outro,"validar em tela, ProcMon e amostra de dados"
produto_servico,MovItemCor,Lav\FILIAL\MovItemCor.DB,CodCor,CodCor,id_codigo,System.String,6,provavel,True,Paradox/BDE,identificador/vinculo,"validar em tela, ProcMon e amostra de dados"
produto_servico,MovItemCor,Lav\FILIAL\MovItemCor.DB,DesCor,Desconto/Descricao,valor_monetario,System.String,100,desconhecido,True,Paradox/BDE,valor_monetario,"validar em tela, ProcMon e amostra de dados"
config_admin,MovItemDef,Lav\FILIAL\MovItemDef.DB,Rol,ROL/OS,ordem_rol_ref,System.Int32,4,desconhecido,True,Paradox/BDE,identificador/vinculo,"validar em tela, ProcMon e amostra de dados"
config_admin,MovItemDef,Lav\FILIAL\MovItemDef.DB,CodPro,CodPro,id_codigo,System.String,6,provavel,True,Paradox/BDE,identificador/vinculo,"validar em tela, ProcMon e amostra de dados"
config_admin,MovItemDef,Lav\FILIAL\MovItemDef.DB,SeqPro,SeqPro,outro,System.String,4,desconhecido,True,Paradox/BDE,outro,"validar em tela, ProcMon e amostra de dados"
config_admin,MovItemDef,Lav\FILIAL\MovItemDef.DB,CodDef,CodDef,id_codigo,System.String,6,provavel,True,Paradox/BDE,identificador/vinculo,"validar em tela, ProcMon e amostra de dados"
config_admin,MovItemDef,Lav\FILIAL\MovItemDef.DB,DesDef,DesDef,outro,System.String,100,desconhecido,True,Paradox/BDE,outro,"validar em tela, ProcMon e amostra de dados"
config_admin,MovItemPac,Lav\FILIAL\MovItemPac.DB,Rol,ROL/OS,ordem_rol_ref,System.Int32,4,desconhecido,True,Paradox/BDE,identificador/vinculo,"validar em tela, ProcMon e amostra de dados"
config_admin,MovItemPac,Lav\FILIAL\MovItemPac.DB,CodPro,CodPro,id_codigo,System.String,6,provavel,True,Paradox/BDE,identificador/vinculo,"validar em tela, ProcMon e amostra de dados"
config_admin,MovItemPac,Lav\FILIAL\MovItemPac.DB,SeqPro,SeqPro,outro,System.String,4,desconhecido,True,Paradox/BDE,outro,"validar em tela, ProcMon e amostra de dados"
config_admin,MovItemPac,Lav\FILIAL\MovItemPac.DB,Seq,Seq,outro,System.Int32,4,desconhecido,True,Paradox/BDE,outro,"validar em tela, ProcMon e amostra de dados"
config_admin,MovItemPac,Lav\FILIAL\MovItemPac.DB,Status,Status,status_situacao,System.String,2,desconhecido,True,Paradox/BDE,status_situacao,"validar em tela, ProcMon e amostra de dados"
config_admin,MovItemPro,Lav\FILIAL\MovItemPro.DB,Rol,ROL/OS,ordem_rol_ref,System.Int32,4,desconhecido,True,Paradox/BDE,identificador/vinculo,"validar em tela, ProcMon e amostra de dados"
config_admin,MovItemPro,Lav\FILIAL\MovItemPro.DB,CodPro,CodPro,id_codigo,System.String,6,provavel,True,Paradox/BDE,identificador/vinculo,"validar em tela, ProcMon e amostra de dados"
config_admin,MovItemPro,Lav\FILIAL\MovItemPro.DB,SeqPro,SeqPro,outro,System.String,10,desconhecido,True,Paradox/BDE,outro,"validar em tela, ProcMon e amostra de dados"
config_admin,MovItemPro,Lav\FILIAL\MovItemPro.DB,Qde,Qde,outro,System.Int32,4,desconhecido,True,Paradox/BDE,outro,"validar em tela, ProcMon e amostra de dados"
config_admin,MovItemPro,Lav\FILIAL\MovItemPro.DB,Obs,Obs,texto_observacao,System.String,100,desconhecido,True,Paradox/BDE,texto_observacao,"validar em tela, ProcMon e amostra de dados"
config_admin,MovItemSer,Lav\FILIAL\MovItemSer.DB,Rol,ROL/OS,ordem_rol_ref,System.Int32,4,desconhecido,True,Paradox/BDE,identificador/vinculo,"validar em tela, ProcMon e amostra de dados"
config_admin,MovItemSer,Lav\FILIAL\MovItemSer.DB,CodPro,CodPro,id_codigo,System.String,6,provavel,True,Paradox/BDE,identificador/vinculo,"validar em tela, ProcMon e amostra de dados"
config_admin,MovItemSer,Lav\FILIAL\MovItemSer.DB,SeqPro,SeqPro,outro,System.String,4,desconhecido,True,Paradox/BDE,outro,"validar em tela, ProcMon e amostra de dados"
config_admin,MovItemSer,Lav\FILIAL\MovItemSer.DB,CodSerLav,CodSerLav,id_codigo,System.String,6,provavel,True,Paradox/BDE,identificador/vinculo,"validar em tela, ProcMon e amostra de dados"
config_admin,MovItemSer,Lav\FILIAL\MovItemSer.DB,Quantidade,Quantidade,quantidade,System.Int32,4,provavel,True,Paradox/BDE,quantidade,"validar em tela, ProcMon e amostra de dados"
config_admin,MovItemSer,Lav\FILIAL\MovItemSer.DB,Peso,Peso,quantidade,System.Double,8,desconhecido,True,Paradox/BDE,quantidade,"validar em tela, ProcMon e amostra de dados"
config_admin,MovItemSer,Lav\FILIAL\MovItemSer.DB,PreUniSer,PreUniSer,outro,System.Double,8,desconhecido,True,Paradox/BDE,outro,"validar em tela, ProcMon e amostra de dados"
config_admin,MovItemSer,Lav\FILIAL\MovItemSer.DB,PreFinalSer,PreFinalSer,outro,System.Double,8,desconhecido,True,Paradox/BDE,outro,"validar em tela, ProcMon e amostra de dados"
config_admin,MovItemSer,Lav\FILIAL\MovItemSer.DB,CodSerTer,CodSerTer,id_codigo,System.Int32,4,provavel,True,Paradox/BDE,identificador/vinculo,"validar em tela, ProcMon e amostra de dados"
config_admin,MovItemSer,Lav\FILIAL\MovItemSer.DB,Obs,Obs,texto_observacao,System.String,510,desconhecido,True,Paradox/BDE,texto_observacao,"validar em tela, ProcMon e amostra de dados"
config_admin,MovItemSer,Lav\FILIAL\MovItemSer.DB,ValorTerc,Valor,valor_monetario,System.Double,8,provavel,True,Paradox/BDE,valor_monetario,"validar em tela, ProcMon e amostra de dados"
config_admin,MovItemSerPro,Lav\FILIAL\MovItemSerPro.DB,Rol,ROL/OS,ordem_rol_ref,System.Int32,4,desconhecido,True,Paradox/BDE,identificador/vinculo,"validar em tela, ProcMon e amostra de dados"
config_admin,MovItemSerPro,Lav\FILIAL\MovItemSerPro.DB,CodPro,CodPro,id_codigo,System.String,6,provavel,True,Paradox/BDE,identificador/vinculo,"validar em tela, ProcMon e amostra de dados"
config_admin,MovItemSerPro,Lav\FILIAL\MovItemSerPro.DB,SeqPro,SeqPro,outro,System.String,4,desconhecido,True,Paradox/BDE,outro,"validar em tela, ProcMon e amostra de dados"
config_admin,MovItemSerPro,Lav\FILIAL\MovItemSerPro.DB,CodSerLav,CodSerLav,id_codigo,System.String,10,provavel,True,Paradox/BDE,identificador/vinculo,"validar em tela, ProcMon e amostra de dados"
config_admin,MovItemSerPro,Lav\FILIAL\MovItemSerPro.DB,CodPas,CodPas,id_codigo,System.String,10,provavel,True,Paradox/BDE,identificador/vinculo,"validar em tela, ProcMon e amostra de dados"
config_admin,MovItemSerPro,Lav\FILIAL\MovItemSerPro.DB,DatPas,Data,data_hora,System.DateTime,8,desconhecido,True,Paradox/BDE,data_hora,"validar em tela, ProcMon e amostra de dados"
config_admin,MovItemSerPro,Lav\FILIAL\MovItemSerPro.DB,CodVen,CodVen,id_codigo,System.String,10,provavel,True,Paradox/BDE,identificador/vinculo,"validar em tela, ProcMon e amostra de dados"
config_admin,MovItemSerPro,Lav\FILIAL\MovItemSerPro.DB,HorPas,HorPas,outro,System.DateTime,8,desconhecido,True,Paradox/BDE,outro,"validar em tela, ProcMon e amostra de dados"
config_admin,MovItemTin,Lav\FILIAL\MovItemTin.DB,Rol,ROL/OS,ordem_rol_ref,System.Int32,4,desconhecido,True,Paradox/BDE,identificador/vinculo,"validar em tela, ProcMon e amostra de dados"
config_admin,MovItemTin,Lav\FILIAL\MovItemTin.DB,CodPro,CodPro,id_codigo,System.String,6,provavel,True,Paradox/BDE,identificador/vinculo,"validar em tela, ProcMon e amostra de dados"
config_admin,MovItemTin,Lav\FILIAL\MovItemTin.DB,SeqPro,SeqPro,outro,System.String,4,desconhecido,True,Paradox/BDE,outro,"validar em tela, ProcMon e amostra de dados"
config_admin,MovItemTin,Lav\FILIAL\MovItemTin.DB,CodCor1,CodCor1,id_codigo,System.String,6,provavel,True,Paradox/BDE,identificador/vinculo,"validar em tela, ProcMon e amostra de dados"
config_admin,MovItemTin,Lav\FILIAL\MovItemTin.DB,CodCor2,CodCor2,id_codigo,System.String,6,provavel,True,Paradox/BDE,identificador/vinculo,"validar em tela, ProcMon e amostra de dados"
config_admin,MovItemTin,Lav\FILIAL\MovItemTin.DB,CodSerTer,CodSerTer,id_codigo,System.String,20,provavel,True,Paradox/BDE,identificador/vinculo,"validar em tela, ProcMon e amostra de dados"
config_admin,MovItemTin,Lav\FILIAL\MovItemTin.DB,CodTipTin,CodTipTin,id_codigo,System.String,10,provavel,True,Paradox/BDE,identificador/vinculo,"validar em tela, ProcMon e amostra de dados"
config_admin,MovLimite,Lav\FILIAL\MovLimite.DB,SeqLimite,SeqLimite,outro,System.Int32,4,desconhecido,True,Paradox/BDE,outro,"validar em tela, ProcMon e amostra de dados"
config_admin,MovLimite,Lav\FILIAL\MovLimite.DB,DatMesAno,Data,data_hora,System.String,12,desconhecido,True,Paradox/BDE,data_hora,"validar em tela, ProcMon e amostra de dados"
config_admin,MovLimite,Lav\FILIAL\MovLimite.DB,CanUtilizados,CanUtilizados,ordem_rol_ref,System.Int32,4,desconhecido,True,Paradox/BDE,identificador/vinculo,"validar em tela, ProcMon e amostra de dados"
config_admin,MovLimPro,Lav\FILIAL\MovLimPro.DB,DatLan,Data,data_hora,System.DateTime,8,desconhecido,True,Paradox/BDE,data_hora,"validar em tela, ProcMon e amostra de dados"
config_admin,MovLimPro,Lav\FILIAL\MovLimPro.DB,CodSerLav,CodSerLav,id_codigo,System.String,6,provavel,True,Paradox/BDE,identificador/vinculo,"validar em tela, ProcMon e amostra de dados"
config_admin,MovLimPro,Lav\FILIAL\MovLimPro.DB,QdePonLan,QdePonLan,outro,System.Int32,4,desconhecido,True,Paradox/BDE,outro,"validar em tela, ProcMon e amostra de dados"
ordem_servico_rol,MovLocRol,Lav\FILIAL\MovLocRol.DB,Rol,ROL/OS,ordem_rol_ref,System.Int32,4,desconhecido,True,Paradox/BDE,identificador/vinculo,"validar em tela, ProcMon e amostra de dados"
ordem_servico_rol,MovLocRol,Lav\FILIAL\MovLocRol.DB,CodLocRol,ROL/OS,id_codigo,System.String,10,provavel,True,Paradox/BDE,identificador/vinculo,"validar em tela, ProcMon e amostra de dados"
ordem_servico_rol,MovLocRol,Lav\FILIAL\MovLocRol.DB,DatLan,Data,data_hora,System.DateTime,8,desconhecido,True,Paradox/BDE,data_hora,"validar em tela, ProcMon e amostra de dados"
ordem_servico_rol,MovLocRol,Lav\FILIAL\MovLocRol.DB,HorLan,HorLan,outro,System.DateTime,8,desconhecido,True,Paradox/BDE,outro,"validar em tela, ProcMon e amostra de dados"
ordem_servico_rol,MovLocRol,Lav\FILIAL\MovLocRol.DB,CodVen,CodVen,id_codigo,System.String,10,provavel,True,Paradox/BDE,identificador/vinculo,"validar em tela, ProcMon e amostra de dados"
ordem_servico_rol,MovLocRol,Lav\FILIAL\MovLocRol.DB,Cancelado,Celular,cliente_ref,System.String,2,desconhecido,True,Paradox/BDE,identificador/vinculo,"validar em tela, ProcMon e amostra de dados"
ordem_servico_rol,MovLocRol,Lav\FILIAL\MovLocRol.DB,CodUsuario,CodUsuario,id_codigo,System.String,20,provavel,True,Paradox/BDE,identificador/vinculo,"validar em tela, ProcMon e amostra de dados"
config_admin,MovPacot,Lav\FILIAL\MovPacot.DB,Seq,Seq,outro,System.Int32,4,desconhecido,True,Paradox/BDE,outro,"validar em tela, ProcMon e amostra de dados"
config_admin,MovPacot,Lav\FILIAL\MovPacot.DB,CodCli,Cliente,id_codigo,System.String,20,provavel,True,Paradox/BDE,identificador/vinculo,"validar em tela, ProcMon e amostra de dados"
config_admin,MovPacot,Lav\FILIAL\MovPacot.DB,CodPacote,CodPacote,id_codigo,System.String,20,provavel,True,Paradox/BDE,identificador/vinculo,"validar em tela, ProcMon e amostra de dados"
config_admin,MovPacot,Lav\FILIAL\MovPacot.DB,GruPro,GruPro,outro,System.String,10,desconhecido,True,Paradox/BDE,outro,"validar em tela, ProcMon e amostra de dados"
config_admin,MovPacot,Lav\FILIAL\MovPacot.DB,DatIni,Data,data_hora,System.DateTime,8,desconhecido,True,Paradox/BDE,data_hora,"validar em tela, ProcMon e amostra de dados"
config_admin,MovPacot,Lav\FILIAL\MovPacot.DB,DatFim,Data,data_hora,System.DateTime,8,desconhecido,True,Paradox/BDE,data_hora,"validar em tela, ProcMon e amostra de dados"
config_admin,MovPacot,Lav\FILIAL\MovPacot.DB,MedPec,MedPec,outro,System.Double,8,desconhecido,True,Paradox/BDE,outro,"validar em tela, ProcMon e amostra de dados"
config_admin,MovPacot,Lav\FILIAL\MovPacot.DB,TotValPec,TotValPec,outro,System.Double,8,desconhecido,True,Paradox/BDE,outro,"validar em tela, ProcMon e amostra de dados"
config_admin,MovPacot,Lav\FILIAL\MovPacot.DB,TotValLcto,TotValLcto,outro,System.Double,8,desconhecido,True,Paradox/BDE,outro,"validar em tela, ProcMon e amostra de dados"
config_admin,MovPacot,Lav\FILIAL\MovPacot.DB,Cancelado,Celular,cliente_ref,System.String,2,desconhecido,True,Paradox/BDE,identificador/vinculo,"validar em tela, ProcMon e amostra de dados"
config_admin,MovPacot,Lav\FILIAL\MovPacot.DB,NumNot,NumNot,id_codigo,System.Int32,4,provavel,True,Paradox/BDE,identificador/vinculo,"validar em tela, ProcMon e amostra de dados"
config_admin,MovPacot,Lav\FILIAL\MovPacot.DB,VenctoOriginal,VenctoOriginal,data_hora,System.DateTime,8,desconhecido,True,Paradox/BDE,data_hora,"validar em tela, ProcMon e amostra de dados"
config_admin,MovPacot,Lav\FILIAL\MovPacot.DB,QtdRenovacao,Quantidade,quantidade,System.Int32,4,provavel,True,Paradox/BDE,quantidade,"validar em tela, ProcMon e amostra de dados"
config_admin,MovPecLav,Lav\FILIAL\MovPecLav.DB,CodPas,CodPas,id_codigo,System.String,10,provavel,True,Paradox/BDE,identificador/vinculo,"validar em tela, ProcMon e amostra de dados"
config_admin,MovPecLav,Lav\FILIAL\MovPecLav.DB,CodArea,CodArea,id_codigo,System.String,6,provavel,True,Paradox/BDE,identificador/vinculo,"validar em tela, ProcMon e amostra de dados"
config_admin,MovPecLav,Lav\FILIAL\MovPecLav.DB,DatLan,Data,data_hora,System.DateTime,8,desconhecido,True,Paradox/BDE,data_hora,"validar em tela, ProcMon e amostra de dados"
config_admin,MovPecLav,Lav\FILIAL\MovPecLav.DB,HorLan,HorLan,outro,System.DateTime,8,desconhecido,True,Paradox/BDE,outro,"validar em tela, ProcMon e amostra de dados"
config_admin,MovPecLav,Lav\FILIAL\MovPecLav.DB,Rol,ROL/OS,ordem_rol_ref,System.Int32,4,desconhecido,True,Paradox/BDE,identificador/vinculo,"validar em tela, ProcMon e amostra de dados"
config_admin,MovPecLav,Lav\FILIAL\MovPecLav.DB,CodPro,CodPro,id_codigo,System.String,6,provavel,True,Paradox/BDE,identificador/vinculo,"validar em tela, ProcMon e amostra de dados"
config_admin,MovPecLav,Lav\FILIAL\MovPecLav.DB,SeqPro,SeqPro,outro,System.String,4,desconhecido,True,Paradox/BDE,outro,"validar em tela, ProcMon e amostra de dados"
config_admin,MovPecLav,Lav\FILIAL\MovPecLav.DB,CodFil,CodFil,id_codigo,System.String,10,provavel,True,Paradox/BDE,identificador/vinculo,"validar em tela, ProcMon e amostra de dados"
config_admin,MovPontos,Lav\FILIAL\MovPontos.DB,Seq,Seq,outro,System.Int32,4,desconhecido,True,Paradox/BDE,outro,"validar em tela, ProcMon e amostra de dados"
config_admin,MovPontos,Lav\FILIAL\MovPontos.DB,DatLan,Data,data_hora,System.DateTime,8,desconhecido,True,Paradox/BDE,data_hora,"validar em tela, ProcMon e amostra de dados"
config_admin,MovPontos,Lav\FILIAL\MovPontos.DB,CodCli,Cliente,id_codigo,System.String,20,provavel,True,Paradox/BDE,identificador/vinculo,"validar em tela, ProcMon e amostra de dados"
config_admin,MovPontos,Lav\FILIAL\MovPontos.DB,Pontos,Pontos,ordem_rol_ref,System.Double,8,desconhecido,True,Paradox/BDE,identificador/vinculo,"validar em tela, ProcMon e amostra de dados"
config_admin,MovPontos,Lav\FILIAL\MovPontos.DB,DesPremio,DesPremio,outro,System.String,200,desconhecido,True,Paradox/BDE,outro,"validar em tela, ProcMon e amostra de dados"
config_admin,MovPontos,Lav\FILIAL\MovPontos.DB,CodVen,CodVen,id_codigo,System.String,10,provavel,True,Paradox/BDE,identificador/vinculo,"validar em tela, ProcMon e amostra de dados"
config_admin,MovRetirada,Lav\FILIAL\MovRetirada.DB,SeqRetira,SeqRetira,outro,System.Int32,4,desconhecido,True,Paradox/BDE,outro,"validar em tela, ProcMon e amostra de dados"
config_admin,MovRetirada,Lav\FILIAL\MovRetirada.DB,CodCli,Cliente,id_codigo,System.String,20,provavel,True,Paradox/BDE,identificador/vinculo,"validar em tela, ProcMon e amostra de dados"
config_admin,MovRetirada,Lav\FILIAL\MovRetirada.DB,DatLan,Data,data_hora,System.DateTime,8,desconhecido,True,Paradox/BDE,data_hora,"validar em tela, ProcMon e amostra de dados"
config_admin,MovRetirada,Lav\FILIAL\MovRetirada.DB,HorLan,HorLan,outro,System.DateTime,8,desconhecido,True,Paradox/BDE,outro,"validar em tela, ProcMon e amostra de dados"
config_admin,MovRetirada,Lav\FILIAL\MovRetirada.DB,DatRet,Data,data_hora,System.DateTime,8,desconhecido,True,Paradox/BDE,data_hora,"validar em tela, ProcMon e amostra de dados"
config_admin,MovRetirada,Lav\FILIAL\MovRetirada.DB,HorRet,HorRet,outro,System.DateTime,8,desconhecido,True,Paradox/BDE,outro,"validar em tela, ProcMon e amostra de dados"
config_admin,MovRetirada,Lav\FILIAL\MovRetirada.DB,Obs,Obs,texto_observacao,System.String,200,desconhecido,True,Paradox/BDE,texto_observacao,"validar em tela, ProcMon e amostra de dados"
config_admin,MovRetirada,Lav\FILIAL\MovRetirada.DB,CodVen,CodVen,id_codigo,System.String,10,provavel,True,Paradox/BDE,identificador/vinculo,"validar em tela, ProcMon e amostra de dados"
config_admin,MovRetirada,Lav\FILIAL\MovRetirada.DB,CodUsuario,CodUsuario,id_codigo,System.String,10,provavel,True,Paradox/BDE,identificador/vinculo,"validar em tela, ProcMon e amostra de dados"
config_admin,MovRetirada,Lav\FILIAL\MovRetirada.DB,Status,Status,status_situacao,System.String,2,desconhecido,True,Paradox/BDE,status_situacao,"validar em tela, ProcMon e amostra de dados"
config_admin,MovRetirada,Lav\FILIAL\MovRetirada.DB,Cancelado,Celular,cliente_ref,System.String,2,desconhecido,True,Paradox/BDE,identificador/vinculo,"validar em tela, ProcMon e amostra de dados"
config_admin,MovRetirada,Lav\FILIAL\MovRetirada.DB,DatCan,Data,data_hora,System.DateTime,8,desconhecido,True,Paradox/BDE,data_hora,"validar em tela, ProcMon e amostra de dados"
config_admin,MovRetirada,Lav\FILIAL\MovRetirada.DB,MotivoCan,MotivoCan,texto_observacao,System.String,100,desconhecido,True,Paradox/BDE,texto_observacao,"validar em tela, ProcMon e amostra de dados"
config_admin,MovRetirada,Lav\FILIAL\MovRetirada.DB,Rol,ROL/OS,ordem_rol_ref,System.Int32,4,desconhecido,True,Paradox/BDE,identificador/vinculo,"validar em tela, ProcMon e amostra de dados"
config_admin,MovRetirada,Lav\FILIAL\MovRetirada.DB,SeqExporta,SeqExporta,outro,System.Int32,4,desconhecido,True,Paradox/BDE,outro,"validar em tela, ProcMon e amostra de dados"
config_admin,MovRetirada,Lav\FILIAL\MovRetirada.DB,Obs2,Obs2,texto_observacao,System.String,200,desconhecido,True,Paradox/BDE,texto_observacao,"validar em tela, ProcMon e amostra de dados"
config_admin,MovRetirada,Lav\FILIAL\MovRetirada.DB,HorCan,HorCan,ordem_rol_ref,System.DateTime,8,desconhecido,True,Paradox/BDE,identificador/vinculo,"validar em tela, ProcMon e amostra de dados"
config_admin,MovRetirada,Lav\FILIAL\MovRetirada.DB,CodVenCan,CodVenCan,id_codigo,System.String,10,provavel,True,Paradox/BDE,identificador/vinculo,"validar em tela, ProcMon e amostra de dados"
config_admin,MovRetirada,Lav\FILIAL\MovRetirada.DB,ObservacaoRol,ROL/OS,ordem_rol_ref,System.String,300,desconhecido,True,Paradox/BDE,identificador/vinculo,"validar em tela, ProcMon e amostra de dados"
config_admin,MovRetirada,Lav\FILIAL\MovRetirada.DB,HorRet2,HorRet2,outro,System.DateTime,8,desconhecido,True,Paradox/BDE,outro,"validar em tela, ProcMon e amostra de dados"
config_admin,MovRetirada,Lav\FILIAL\MovRetirada.DB,CodAp,CodAp,id_codigo,System.Int32,4,provavel,True,Paradox/BDE,identificador/vinculo,"validar em tela, ProcMon e amostra de dados"
config_admin,MovRetirada,Lav\FILIAL\MovRetirada.DB,CodTab,CodTab,id_codigo,System.String,6,provavel,True,Paradox/BDE,identificador/vinculo,"validar em tela, ProcMon e amostra de dados"
config_admin,MovSaida,Lav\FILIAL\MovSaida.DB,Seq,Seq,outro,System.Int32,4,desconhecido,True,Paradox/BDE,outro,"validar em tela, ProcMon e amostra de dados"
config_admin,MovSaida,Lav\FILIAL\MovSaida.DB,CodCli,Cliente,id_codigo,System.String,20,provavel,True,Paradox/BDE,identificador/vinculo,"validar em tela, ProcMon e amostra de dados"
config_admin,MovSaida,Lav\FILIAL\MovSaida.DB,DatLan,Data,data_hora,System.DateTime,8,desconhecido,True,Paradox/BDE,data_hora,"validar em tela, ProcMon e amostra de dados"
config_admin,MovSaida,Lav\FILIAL\MovSaida.DB,Rol,ROL/OS,ordem_rol_ref,System.Int32,4,desconhecido,True,Paradox/BDE,identificador/vinculo,"validar em tela, ProcMon e amostra de dados"
config_admin,MovSaida,Lav\FILIAL\MovSaida.DB,Obs,Obs,texto_observacao,System.String,100,desconhecido,True,Paradox/BDE,texto_observacao,"validar em tela, ProcMon e amostra de dados"
config_admin,MovSaida,Lav\FILIAL\MovSaida.DB,Cancelado,Celular,cliente_ref,System.String,2,desconhecido,True,Paradox/BDE,identificador/vinculo,"validar em tela, ProcMon e amostra de dados"
config_admin,MovSaida,Lav\FILIAL\MovSaida.DB,MotivoCan,MotivoCan,texto_observacao,System.String,100,desconhecido,True,Paradox/BDE,texto_observacao,"validar em tela, ProcMon e amostra de dados"
config_admin,MovSaida,Lav\FILIAL\MovSaida.DB,DatCan,Data,data_hora,System.DateTime,8,desconhecido,True,Paradox/BDE,data_hora,"validar em tela, ProcMon e amostra de dados"
config_admin,MovSaida,Lav\FILIAL\MovSaida.DB,CodTab,CodTab,id_codigo,System.String,6,provavel,True,Paradox/BDE,identificador/vinculo,"validar em tela, ProcMon e amostra de dados"
config_admin,MovSaida,Lav\FILIAL\MovSaida.DB,HorCan,HorCan,ordem_rol_ref,System.DateTime,8,desconhecido,True,Paradox/BDE,identificador/vinculo,"validar em tela, ProcMon e amostra de dados"
config_admin,MovSaida,Lav\FILIAL\MovSaida.DB,CodVenCan,CodVenCan,id_codigo,System.String,10,provavel,True,Paradox/BDE,identificador/vinculo,"validar em tela, ProcMon e amostra de dados"
config_admin,MovSaida,Lav\FILIAL\MovSaida.DB,CodVen,CodVen,id_codigo,System.String,10,provavel,True,Paradox/BDE,identificador/vinculo,"validar em tela, ProcMon e amostra de dados"
config_admin,MovSaidaItem,Lav\FILIAL\MovSaidaItem.DB,Seq,Seq,outro,System.Int32,4,desconhecido,True,Paradox/BDE,outro,"validar em tela, ProcMon e amostra de dados"
config_admin,MovSaidaItem,Lav\FILIAL\MovSaidaItem.DB,CodPro,CodPro,id_codigo,System.String,6,provavel,True,Paradox/BDE,identificador/vinculo,"validar em tela, ProcMon e amostra de dados"
config_admin,MovSaidaItem,Lav\FILIAL\MovSaidaItem.DB,SeqPro,SeqPro,outro,System.String,4,desconhecido,True,Paradox/BDE,outro,"validar em tela, ProcMon e amostra de dados"
config_admin,MovSaidaItem,Lav\FILIAL\MovSaidaItem.DB,QdeSi,QdeSi,outro,System.Double,8,desconhecido,True,Paradox/BDE,outro,"validar em tela, ProcMon e amostra de dados"
config_admin,MovSaidaItem,Lav\FILIAL\MovSaidaItem.DB,Obs,Obs,texto_observacao,System.String,100,desconhecido,True,Paradox/BDE,texto_observacao,"validar em tela, ProcMon e amostra de dados"
config_admin,MovSaidaItem,Lav\FILIAL\MovSaidaItem.DB,SaldoAnt,SaldoAnt,valor_monetario,System.Double,8,desconhecido,True,Paradox/BDE,valor_monetario,"validar em tela, ProcMon e amostra de dados"
config_admin,MovSaidaItem,Lav\FILIAL\MovSaidaItem.DB,SaldoAtu,SaldoAtu,valor_monetario,System.Double,8,desconhecido,True,Paradox/BDE,valor_monetario,"validar em tela, ProcMon e amostra de dados"
config_admin,MovSaidaItem,Lav\FILIAL\MovSaidaItem.DB,QdePrev,QdePrev,outro,System.Double,8,desconhecido,True,Paradox/BDE,outro,"validar em tela, ProcMon e amostra de dados"
config_admin,MovSaidaItem,Lav\FILIAL\MovSaidaItem.DB,KG,KG,outro,System.Double,8,desconhecido,True,Paradox/BDE,outro,"validar em tela, ProcMon e amostra de dados"
config_admin,MovSaidaItem,Lav\FILIAL\MovSaidaItem.DB,GruPro,GruPro,outro,System.String,10,desconhecido,True,Paradox/BDE,outro,"validar em tela, ProcMon e amostra de dados"
config_admin,MovSaidaItem,Lav\FILIAL\MovSaidaItem.DB,DesPro,Produto,produto_ref,System.String,60,desconhecido,True,Paradox/BDE,identificador/vinculo,"validar em tela, ProcMon e amostra de dados"
config_admin,MovTerc,Lav\FILIAL\MovTerc.DB,CodSerTer,CodSerTer,id_codigo,System.Int32,4,provavel,True,Paradox/BDE,identificador/vinculo,"validar em tela, ProcMon e amostra de dados"
config_admin,MovTerc,Lav\FILIAL\MovTerc.DB,CodFor,CodFor,id_codigo,System.String,20,provavel,True,Paradox/BDE,identificador/vinculo,"validar em tela, ProcMon e amostra de dados"
config_admin,MovTerc,Lav\FILIAL\MovTerc.DB,DatLan,Data,data_hora,System.DateTime,8,desconhecido,True,Paradox/BDE,data_hora,"validar em tela, ProcMon e amostra de dados"
config_admin,MovTerc,Lav\FILIAL\MovTerc.DB,ComForTer,ComForTer,outro,System.Double,8,desconhecido,True,Paradox/BDE,outro,"validar em tela, ProcMon e amostra de dados"
config_admin,MovTerc,Lav\FILIAL\MovTerc.DB,TipForTer,TipForTer,outro,System.String,2,desconhecido,True,Paradox/BDE,outro,"validar em tela, ProcMon e amostra de dados"
config_admin,MovTerc,Lav\FILIAL\MovTerc.DB,CodUsuario,CodUsuario,id_codigo,System.String,10,provavel,True,Paradox/BDE,identificador/vinculo,"validar em tela, ProcMon e amostra de dados"
config_admin,MovTerc,Lav\FILIAL\MovTerc.DB,Obs,Obs,texto_observacao,System.String,100,desconhecido,True,Paradox/BDE,texto_observacao,"validar em tela, ProcMon e amostra de dados"
config_admin,MovTerc,Lav\FILIAL\MovTerc.DB,Cancelado,Celular,cliente_ref,System.String,2,desconhecido,True,Paradox/BDE,identificador/vinculo,"validar em tela, ProcMon e amostra de dados"
config_admin,MovTerc,Lav\FILIAL\MovTerc.DB,DatCan,Data,data_hora,System.DateTime,8,desconhecido,True,Paradox/BDE,data_hora,"validar em tela, ProcMon e amostra de dados"
config_admin,MovTerc,Lav\FILIAL\MovTerc.DB,MotivoCan,MotivoCan,texto_observacao,System.String,100,desconhecido,True,Paradox/BDE,texto_observacao,"validar em tela, ProcMon e amostra de dados"
config_admin,MovTerc,Lav\FILIAL\MovTerc.DB,SeqExporta,SeqExporta,outro,System.Int32,4,desconhecido,True,Paradox/BDE,outro,"validar em tela, ProcMon e amostra de dados"
config_admin,MovTerc,Lav\FILIAL\MovTerc.DB,Status,Status,status_situacao,System.String,2,desconhecido,True,Paradox/BDE,status_situacao,"validar em tela, ProcMon e amostra de dados"
config_admin,MovTerc,Lav\FILIAL\MovTerc.DB,DatPrevEnt,Data,data_hora,System.DateTime,8,desconhecido,True,Paradox/BDE,data_hora,"validar em tela, ProcMon e amostra de dados"
config_admin,MovTerc,Lav\FILIAL\MovTerc.DB,Obs1,Obs1,texto_observacao,System.String,100,desconhecido,True,Paradox/BDE,texto_observacao,"validar em tela, ProcMon e amostra de dados"
config_admin,MovTerc,Lav\FILIAL\MovTerc.DB,HorCan,HorCan,ordem_rol_ref,System.DateTime,8,desconhecido,True,Paradox/BDE,identificador/vinculo,"validar em tela, ProcMon e amostra de dados"
config_admin,MovTerc,Lav\FILIAL\MovTerc.DB,CodVenCan,CodVenCan,id_codigo,System.String,10,provavel,True,Paradox/BDE,identificador/vinculo,"validar em tela, ProcMon e amostra de dados"
config_admin,MovTerc,Lav\FILIAL\MovTerc.DB,DatBaixa,Data,data_hora,System.DateTime,8,desconhecido,True,Paradox/BDE,data_hora,"validar em tela, ProcMon e amostra de dados"
config_admin,MovTerCom,Lav\FILIAL\MovTerCom.DB,CodSerTer,CodSerTer,id_codigo,System.Int32,4,provavel,True,Paradox/BDE,identificador/vinculo,"validar em tela, ProcMon e amostra de dados"
config_admin,MovTerCom,Lav\FILIAL\MovTerCom.DB,Rol,ROL/OS,ordem_rol_ref,System.Int32,4,desconhecido,True,Paradox/BDE,identificador/vinculo,"validar em tela, ProcMon e amostra de dados"
config_admin,MovTerCom,Lav\FILIAL\MovTerCom.DB,CodPro,CodPro,id_codigo,System.String,6,provavel,True,Paradox/BDE,identificador/vinculo,"validar em tela, ProcMon e amostra de dados"
config_admin,MovTerCom,Lav\FILIAL\MovTerCom.DB,SeqPro,SeqPro,outro,System.String,4,desconhecido,True,Paradox/BDE,outro,"validar em tela, ProcMon e amostra de dados"
config_admin,MovTerCom,Lav\FILIAL\MovTerCom.DB,CodSerLav,CodSerLav,id_codigo,System.String,6,provavel,True,Paradox/BDE,identificador/vinculo,"validar em tela, ProcMon e amostra de dados"
config_admin,MovTerCom,Lav\FILIAL\MovTerCom.DB,TipCom,TipCom,outro,System.String,2,desconhecido,True,Paradox/BDE,outro,"validar em tela, ProcMon e amostra de dados"
config_admin,MovTerCom,Lav\FILIAL\MovTerCom.DB,Comissao,Comissao,fiscal_documento,System.Double,8,desconhecido,True,Paradox/BDE,fiscal_documento,"validar em tela, ProcMon e amostra de dados"
config_admin,MovTercPec,Lav\FILIAL\MovTercPec.DB,CodSerTer,CodSerTer,id_codigo,System.Int32,4,provavel,True,Paradox/BDE,identificador/vinculo,"validar em tela, ProcMon e amostra de dados"
config_admin,MovTercPec,Lav\FILIAL\MovTercPec.DB,Rol,ROL/OS,ordem_rol_ref,System.Int32,4,desconhecido,True,Paradox/BDE,identificador/vinculo,"validar em tela, ProcMon e amostra de dados"
config_admin,MovTercPec,Lav\FILIAL\MovTercPec.DB,CodPro,CodPro,id_codigo,System.String,6,provavel,True,Paradox/BDE,identificador/vinculo,"validar em tela, ProcMon e amostra de dados"
config_admin,MovTercPec,Lav\FILIAL\MovTercPec.DB,SeqPro,SeqPro,outro,System.String,4,desconhecido,True,Paradox/BDE,outro,"validar em tela, ProcMon e amostra de dados"
config_admin,MovTercPec,Lav\FILIAL\MovTercPec.DB,CodSerLav,CodSerLav,id_codigo,System.String,6,provavel,True,Paradox/BDE,identificador/vinculo,"validar em tela, ProcMon e amostra de dados"
config_admin,MovTercPec,Lav\FILIAL\MovTercPec.DB,DatEnt,Data,data_hora,System.DateTime,8,desconhecido,True,Paradox/BDE,data_hora,"validar em tela, ProcMon e amostra de dados"
config_admin,MovTercPec,Lav\FILIAL\MovTercPec.DB,HorEnt,HorEnt,outro,System.DateTime,8,desconhecido,True,Paradox/BDE,outro,"validar em tela, ProcMon e amostra de dados"
config_admin,MovTercPec,Lav\FILIAL\MovTercPec.DB,Status,Status,status_situacao,System.String,2,desconhecido,True,Paradox/BDE,status_situacao,"validar em tela, ProcMon e amostra de dados"
config_admin,MovVenItem,Lav\FILIAL\MovVenItem.DB,CodVen,CodVen,id_codigo,System.String,10,provavel,True,Paradox/BDE,identificador/vinculo,"validar em tela, ProcMon e amostra de dados"
config_admin,MovVenItem,Lav\FILIAL\MovVenItem.DB,ROL,ROL/OS,ordem_rol_ref,System.Int32,4,desconhecido,True,Paradox/BDE,identificador/vinculo,"validar em tela, ProcMon e amostra de dados"
config_admin,MovVenItem,Lav\FILIAL\MovVenItem.DB,CodPro,CodPro,id_codigo,System.String,6,provavel,True,Paradox/BDE,identificador/vinculo,"validar em tela, ProcMon e amostra de dados"
config_admin,MovVenItem,Lav\FILIAL\MovVenItem.DB,SeqPro,SeqPro,outro,System.String,4,desconhecido,True,Paradox/BDE,outro,"validar em tela, ProcMon e amostra de dados"
config_admin,MovVenItem,Lav\FILIAL\MovVenItem.DB,Data,Data,data_hora,System.DateTime,8,provavel,True,Paradox/BDE,data_hora,"validar em tela, ProcMon e amostra de dados"
config_admin,MovVenItem,Lav\FILIAL\MovVenItem.DB,NotFat,NotFat,outro,System.Int32,4,desconhecido,True,Paradox/BDE,outro,"validar em tela, ProcMon e amostra de dados"
config_admin,MovVenItem,Lav\FILIAL\MovVenItem.DB,CodFaiCom,CodFaiCom,id_codigo,System.String,10,provavel,True,Paradox/BDE,identificador/vinculo,"validar em tela, ProcMon e amostra de dados"
config_admin,MovVenItem,Lav\FILIAL\MovVenItem.DB,ValPro,ValPro,outro,System.Double,8,desconhecido,True,Paradox/BDE,outro,"validar em tela, ProcMon e amostra de dados"
config_admin,MovVenItem,Lav\FILIAL\MovVenItem.DB,Taxa,Taxa,outro,System.Double,8,desconhecido,True,Paradox/BDE,outro,"validar em tela, ProcMon e amostra de dados"
config_admin,MovVenItem,Lav\FILIAL\MovVenItem.DB,ValMat,ValMat,outro,System.Double,8,desconhecido,True,Paradox/BDE,outro,"validar em tela, ProcMon e amostra de dados"
config_admin,MovVenItem,Lav\FILIAL\MovVenItem.DB,Quantidade,Quantidade,quantidade,System.Int32,4,provavel,True,Paradox/BDE,quantidade,"validar em tela, ProcMon e amostra de dados"
config_admin,MovVenItem,Lav\FILIAL\MovVenItem.DB,ValFaiCom,ValFaiCom,outro,System.Double,8,desconhecido,True,Paradox/BDE,outro,"validar em tela, ProcMon e amostra de dados"
financeiro,NotaFisPag,Lav\FILIAL\NotaFisPag.DB,NumNotFis,NumNotFis,id_codigo,System.Int32,4,provavel,True,Paradox/BDE,identificador/vinculo,"validar em tela, ProcMon e amostra de dados"
financeiro,NotaFisPag,Lav\FILIAL\NotaFisPag.DB,TipNota,TipNota,fiscal_documento,System.String,2,desconhecido,True,Paradox/BDE,fiscal_documento,"validar em tela, ProcMon e amostra de dados"
financeiro,NotaFisPag,Lav\FILIAL\NotaFisPag.DB,Controle1,ROL/OS,ordem_rol_ref,System.Int32,4,desconhecido,True,Paradox/BDE,identificador/vinculo,"validar em tela, ProcMon e amostra de dados"
financeiro,NotaFisPag,Lav\FILIAL\NotaFisPag.DB,Controle2,ROL/OS,ordem_rol_ref,System.Int32,4,desconhecido,True,Paradox/BDE,identificador/vinculo,"validar em tela, ProcMon e amostra de dados"
financeiro,NotaFisPag,Lav\FILIAL\NotaFisPag.DB,DatEmi,Data,data_hora,System.DateTime,8,desconhecido,True,Paradox/BDE,data_hora,"validar em tela, ProcMon e amostra de dados"
financeiro,NotaFisPag,Lav\FILIAL\NotaFisPag.DB,ValNot,ValNot,outro,System.Double,8,desconhecido,True,Paradox/BDE,outro,"validar em tela, ProcMon e amostra de dados"
financeiro,NotaFisPag,Lav\FILIAL\NotaFisPag.DB,ValBasNot,ValBasNot,outro,System.Double,8,desconhecido,True,Paradox/BDE,outro,"validar em tela, ProcMon e amostra de dados"
financeiro,NotaFisPag,Lav\FILIAL\NotaFisPag.DB,PorISS,PorISS,fiscal_documento,System.Double,8,desconhecido,True,Paradox/BDE,fiscal_documento,"validar em tela, ProcMon e amostra de dados"
financeiro,NotaFisPag,Lav\FILIAL\NotaFisPag.DB,ISS,ISS,fiscal_documento,System.Double,8,desconhecido,True,Paradox/BDE,fiscal_documento,"validar em tela, ProcMon e amostra de dados"
financeiro,NotaFisPag,Lav\FILIAL\NotaFisPag.DB,Obs1,Obs1,texto_observacao,System.String,200,desconhecido,True,Paradox/BDE,texto_observacao,"validar em tela, ProcMon e amostra de dados"
financeiro,NotaFisPag,Lav\FILIAL\NotaFisPag.DB,Obs2,Obs2,texto_observacao,System.String,200,desconhecido,True,Paradox/BDE,texto_observacao,"validar em tela, ProcMon e amostra de dados"
financeiro,NotaFisPag,Lav\FILIAL\NotaFisPag.DB,Cancelado,Celular,cliente_ref,System.String,2,desconhecido,True,Paradox/BDE,identificador/vinculo,"validar em tela, ProcMon e amostra de dados"
financeiro,NotaFisPag,Lav\FILIAL\NotaFisPag.DB,DatCanc,Data,data_hora,System.DateTime,8,desconhecido,True,Paradox/BDE,data_hora,"validar em tela, ProcMon e amostra de dados"
financeiro,NotaFisPag,Lav\FILIAL\NotaFisPag.DB,MotCanc,MotCanc,outro,System.String,100,desconhecido,True,Paradox/BDE,outro,"validar em tela, ProcMon e amostra de dados"
financeiro,NotaFisPag,Lav\FILIAL\NotaFisPag.DB,HorCan,HorCan,ordem_rol_ref,System.DateTime,8,desconhecido,True,Paradox/BDE,identificador/vinculo,"validar em tela, ProcMon e amostra de dados"
financeiro,NotaFisPag,Lav\FILIAL\NotaFisPag.DB,CodVenCan,CodVenCan,id_codigo,System.String,10,provavel,True,Paradox/BDE,identificador/vinculo,"validar em tela, ProcMon e amostra de dados"
financeiro,Notas,Lav\FILIAL\Notas.DB,NumNot,NumNot,id_codigo,System.Double,8,provavel,True,Paradox/BDE,identificador/vinculo,"validar em tela, ProcMon e amostra de dados"
financeiro,Notas,Lav\FILIAL\Notas.DB,CodCli,Cliente,id_codigo,System.String,20,provavel,True,Paradox/BDE,identificador/vinculo,"validar em tela, ProcMon e amostra de dados"
financeiro,Notas,Lav\FILIAL\Notas.DB,DatEmi,Data,data_hora,System.DateTime,8,desconhecido,True,Paradox/BDE,data_hora,"validar em tela, ProcMon e amostra de dados"
financeiro,Notas,Lav\FILIAL\Notas.DB,ValNot,ValNot,outro,System.Double,8,desconhecido,True,Paradox/BDE,outro,"validar em tela, ProcMon e amostra de dados"
financeiro,Notas,Lav\FILIAL\Notas.DB,CodUsuario,CodUsuario,id_codigo,System.String,20,provavel,True,Paradox/BDE,identificador/vinculo,"validar em tela, ProcMon e amostra de dados"
financeiro,Notas,Lav\FILIAL\Notas.DB,ValBasNot,ValBasNot,outro,System.Double,8,desconhecido,True,Paradox/BDE,outro,"validar em tela, ProcMon e amostra de dados"
financeiro,Notas,Lav\FILIAL\Notas.DB,TipNota,TipNota,fiscal_documento,System.String,2,desconhecido,True,Paradox/BDE,fiscal_documento,"validar em tela, ProcMon e amostra de dados"
financeiro,Notas,Lav\FILIAL\Notas.DB,Obs,Obs,texto_observacao,System.String,200,desconhecido,True,Paradox/BDE,texto_observacao,"validar em tela, ProcMon e amostra de dados"
financeiro,Notas,Lav\FILIAL\Notas.DB,CodTransp,CodTransp,id_codigo,System.String,6,provavel,True,Paradox/BDE,identificador/vinculo,"validar em tela, ProcMon e amostra de dados"
financeiro,Notas,Lav\FILIAL\Notas.DB,Cancelada,Celular,cliente_ref,System.String,2,desconhecido,True,Paradox/BDE,identificador/vinculo,"validar em tela, ProcMon e amostra de dados"
financeiro,Notas,Lav\FILIAL\Notas.DB,DataCanc,Data,data_hora,System.DateTime,8,provavel,True,Paradox/BDE,data_hora,"validar em tela, ProcMon e amostra de dados"
financeiro,Notas,Lav\FILIAL\Notas.DB,MotivoCanc,MotivoCanc,texto_observacao,System.String,100,desconhecido,True,Paradox/BDE,texto_observacao,"validar em tela, ProcMon e amostra de dados"
financeiro,Notas,Lav\FILIAL\Notas.DB,BaseISS,BaseISS,fiscal_documento,System.Double,8,desconhecido,True,Paradox/BDE,fiscal_documento,"validar em tela, ProcMon e amostra de dados"
financeiro,Notas,Lav\FILIAL\Notas.DB,ISS,ISS,fiscal_documento,System.Double,8,desconhecido,True,Paradox/BDE,fiscal_documento,"validar em tela, ProcMon e amostra de dados"
financeiro,Notas,Lav\FILIAL\Notas.DB,CodVen,CodVen,id_codigo,System.String,10,provavel,True,Paradox/BDE,identificador/vinculo,"validar em tela, ProcMon e amostra de dados"
financeiro,Notas,Lav\FILIAL\Notas.DB,NumNotFis,NumNotFis,id_codigo,System.Int32,4,provavel,True,Paradox/BDE,identificador/vinculo,"validar em tela, ProcMon e amostra de dados"
financeiro,Notas,Lav\FILIAL\Notas.DB,Placa,Placa,outro,System.String,20,desconhecido,True,Paradox/BDE,outro,"validar em tela, ProcMon e amostra de dados"
financeiro,Notas,Lav\FILIAL\Notas.DB,CodEsp,CodEsp,id_codigo,System.String,6,provavel,True,Paradox/BDE,identificador/vinculo,"validar em tela, ProcMon e amostra de dados"
financeiro,Notas,Lav\FILIAL\Notas.DB,QdeEsp,QdeEsp,outro,System.Int32,4,desconhecido,True,Paradox/BDE,outro,"validar em tela, ProcMon e amostra de dados"
financeiro,Notas,Lav\FILIAL\Notas.DB,PesoLiq,PesoLiq,quantidade,System.Double,8,desconhecido,True,Paradox/BDE,quantidade,"validar em tela, ProcMon e amostra de dados"
financeiro,Notas,Lav\FILIAL\Notas.DB,PesoBruto,PesoBruto,quantidade,System.Double,8,desconhecido,True,Paradox/BDE,quantidade,"validar em tela, ProcMon e amostra de dados"
financeiro,Notas,Lav\FILIAL\Notas.DB,MarcaEsp,MarcaEsp,produto_ref,System.String,30,desconhecido,True,Paradox/BDE,identificador/vinculo,"validar em tela, ProcMon e amostra de dados"
financeiro,Notas,Lav\FILIAL\Notas.DB,NumeroEsp,NumeroEsp,id_codigo,System.Int32,4,provavel,True,Paradox/BDE,identificador/vinculo,"validar em tela, ProcMon e amostra de dados"
financeiro,Notas,Lav\FILIAL\Notas.DB,Pedidos,Pedidos,ordem_rol_ref,System.String,100,provavel,True,Paradox/BDE,identificador/vinculo,"validar em tela, ProcMon e amostra de dados"
financeiro,Notas,Lav\FILIAL\Notas.DB,RolPrincip,ROL/OS,ordem_rol_ref,System.Int32,4,desconhecido,True,Paradox/BDE,identificador/vinculo,"validar em tela, ProcMon e amostra de dados"
financeiro,Notas,Lav\FILIAL\Notas.DB,DesEsp,DesEsp,outro,System.String,80,desconhecido,True,Paradox/BDE,outro,"validar em tela, ProcMon e amostra de dados"
financeiro,Notas,Lav\FILIAL\Notas.DB,SeqCaixa,SeqCaixa,outro,System.Int32,4,desconhecido,True,Paradox/BDE,outro,"validar em tela, ProcMon e amostra de dados"
financeiro,Notas,Lav\FILIAL\Notas.DB,SeqExport,SeqExport,outro,System.Int32,4,desconhecido,True,Paradox/BDE,outro,"validar em tela, ProcMon e amostra de dados"
financeiro,Notas,Lav\FILIAL\Notas.DB,VlrFatLim,Valor,valor_monetario,System.Double,8,desconhecido,True,Paradox/BDE,valor_monetario,"validar em tela, ProcMon e amostra de dados"
financeiro,Notas,Lav\FILIAL\Notas.DB,NumNotFisF,NumNotFisF,id_codigo,System.Int32,4,provavel,True,Paradox/BDE,identificador/vinculo,"validar em tela, ProcMon e amostra de dados"
financeiro,Notas,Lav\FILIAL\Notas.DB,MotivoDesc,Desconto/Descricao,valor_monetario,System.String,100,desconhecido,True,Paradox/BDE,valor_monetario,"validar em tela, ProcMon e amostra de dados"
financeiro,Notas,Lav\FILIAL\Notas.DB,DadosAdic,DadosAdic,ordem_rol_ref,System.String,200,desconhecido,True,Paradox/BDE,identificador/vinculo,"validar em tela, ProcMon e amostra de dados"
financeiro,Notas,Lav\FILIAL\Notas.DB,HorPag,HorPag,outro,System.DateTime,8,desconhecido,True,Paradox/BDE,outro,"validar em tela, ProcMon e amostra de dados"
financeiro,Notas,Lav\FILIAL\Notas.DB,CupFiscal,CupFiscal,outro,System.String,16,desconhecido,True,Paradox/BDE,outro,"validar em tela, ProcMon e amostra de dados"
financeiro,Notas,Lav\FILIAL\Notas.DB,HorCan,HorCan,ordem_rol_ref,System.DateTime,8,desconhecido,True,Paradox/BDE,identificador/vinculo,"validar em tela, ProcMon e amostra de dados"
financeiro,Notas,Lav\FILIAL\Notas.DB,CodVenCan,CodVenCan,id_codigo,System.String,10,provavel,True,Paradox/BDE,identificador/vinculo,"validar em tela, ProcMon e amostra de dados"
financeiro,Notas,Lav\FILIAL\Notas.DB,CupNFiscal,CupNFiscal,fiscal_documento,System.String,16,desconhecido,True,Paradox/BDE,fiscal_documento,"validar em tela, ProcMon e amostra de dados"
config_admin,NotComp,Lav\FILIAL\NotComp.DB,NumNot,NumNot,id_codigo,System.Double,8,provavel,True,Paradox/BDE,identificador/vinculo,"validar em tela, ProcMon e amostra de dados"
config_admin,NotComp,Lav\FILIAL\NotComp.DB,Seq,Seq,outro,System.String,6,desconhecido,True,Paradox/BDE,outro,"validar em tela, ProcMon e amostra de dados"
config_admin,NotComp,Lav\FILIAL\NotComp.DB,NumFat,NumFat,id_codigo,System.Double,8,provavel,True,Paradox/BDE,identificador/vinculo,"validar em tela, ProcMon e amostra de dados"
config_admin,NotComp,Lav\FILIAL\NotComp.DB,NumDup,NumDup,id_codigo,System.Double,8,provavel,True,Paradox/BDE,identificador/vinculo,"validar em tela, ProcMon e amostra de dados"
config_admin,NotComp,Lav\FILIAL\NotComp.DB,ValComp,ValComp,outro,System.Double,8,desconhecido,True,Paradox/BDE,outro,"validar em tela, ProcMon e amostra de dados"
config_admin,NotComp,Lav\FILIAL\NotComp.DB,CodFpg,CodFpg,id_codigo,System.String,6,provavel,True,Paradox/BDE,identificador/vinculo,"validar em tela, ProcMon e amostra de dados"
config_admin,NotComp,Lav\FILIAL\NotComp.DB,NumDoc,NumDoc,id_codigo,System.String,40,provavel,True,Paradox/BDE,identificador/vinculo,"validar em tela, ProcMon e amostra de dados"
config_admin,NotComp,Lav\FILIAL\NotComp.DB,SeqCai,SeqCai,outro,System.Int32,4,desconhecido,True,Paradox/BDE,outro,"validar em tela, ProcMon e amostra de dados"
config_admin,NotComp,Lav\FILIAL\NotComp.DB,TipSeq,TipSeq,outro,System.String,2,desconhecido,True,Paradox/BDE,outro,"validar em tela, ProcMon e amostra de dados"
config_admin,NotComp,Lav\FILIAL\NotComp.DB,SeqTaxa,SeqTaxa,outro,System.Int32,4,desconhecido,True,Paradox/BDE,outro,"validar em tela, ProcMon e amostra de dados"
config_admin,NotComp,Lav\FILIAL\NotComp.DB,CompDoc,CompDoc,outro,System.String,300,desconhecido,True,Paradox/BDE,outro,"validar em tela, ProcMon e amostra de dados"
config_admin,NotComp,Lav\FILIAL\NotComp.DB,NumFatIni,NumFatIni,id_codigo,System.Double,8,provavel,True,Paradox/BDE,identificador/vinculo,"validar em tela, ProcMon e amostra de dados"
config_admin,NotFis,Lav\FILIAL\NotFis.DB,NumNotFis,NumNotFis,id_codigo,System.Int32,4,provavel,True,Paradox/BDE,identificador/vinculo,"validar em tela, ProcMon e amostra de dados"
config_admin,NotFis,Lav\FILIAL\NotFis.DB,TipNota,TipNota,fiscal_documento,System.String,2,desconhecido,True,Paradox/BDE,fiscal_documento,"validar em tela, ProcMon e amostra de dados"
config_admin,NotFis,Lav\FILIAL\NotFis.DB,Controle1,ROL/OS,ordem_rol_ref,System.Int32,4,desconhecido,True,Paradox/BDE,identificador/vinculo,"validar em tela, ProcMon e amostra de dados"
config_admin,NotFis,Lav\FILIAL\NotFis.DB,Controle2,ROL/OS,ordem_rol_ref,System.Int32,4,desconhecido,True,Paradox/BDE,identificador/vinculo,"validar em tela, ProcMon e amostra de dados"
config_admin,NotFis,Lav\FILIAL\NotFis.DB,DatEmi,Data,data_hora,System.DateTime,8,desconhecido,True,Paradox/BDE,data_hora,"validar em tela, ProcMon e amostra de dados"
config_admin,NotFis,Lav\FILIAL\NotFis.DB,ValNot,ValNot,outro,System.Double,8,desconhecido,True,Paradox/BDE,outro,"validar em tela, ProcMon e amostra de dados"
config_admin,NotFis,Lav\FILIAL\NotFis.DB,ValBasNot,ValBasNot,outro,System.Double,8,desconhecido,True,Paradox/BDE,outro,"validar em tela, ProcMon e amostra de dados"
config_admin,NotFis,Lav\FILIAL\NotFis.DB,PorISS,PorISS,fiscal_documento,System.Double,8,desconhecido,True,Paradox/BDE,fiscal_documento,"validar em tela, ProcMon e amostra de dados"
config_admin,NotFis,Lav\FILIAL\NotFis.DB,ISS,ISS,fiscal_documento,System.Double,8,desconhecido,True,Paradox/BDE,fiscal_documento,"validar em tela, ProcMon e amostra de dados"
config_admin,NotFis,Lav\FILIAL\NotFis.DB,Obs1,Obs1,texto_observacao,System.String,200,desconhecido,True,Paradox/BDE,texto_observacao,"validar em tela, ProcMon e amostra de dados"
config_admin,NotFis,Lav\FILIAL\NotFis.DB,Obs2,Obs2,texto_observacao,System.String,200,desconhecido,True,Paradox/BDE,texto_observacao,"validar em tela, ProcMon e amostra de dados"
config_admin,NotFis,Lav\FILIAL\NotFis.DB,Cancelado,Celular,cliente_ref,System.String,2,desconhecido,True,Paradox/BDE,identificador/vinculo,"validar em tela, ProcMon e amostra de dados"
config_admin,NotFis,Lav\FILIAL\NotFis.DB,DatCanc,Data,data_hora,System.DateTime,8,desconhecido,True,Paradox/BDE,data_hora,"validar em tela, ProcMon e amostra de dados"
config_admin,NotFis,Lav\FILIAL\NotFis.DB,MotCanc,MotCanc,outro,System.String,100,desconhecido,True,Paradox/BDE,outro,"validar em tela, ProcMon e amostra de dados"
config_admin,NotFis,Lav\FILIAL\NotFis.DB,HorCan,HorCan,ordem_rol_ref,System.DateTime,8,desconhecido,True,Paradox/BDE,identificador/vinculo,"validar em tela, ProcMon e amostra de dados"
config_admin,NotFis,Lav\FILIAL\NotFis.DB,CodVenCan,CodVenCan,id_codigo,System.String,10,provavel,True,Paradox/BDE,identificador/vinculo,"validar em tela, ProcMon e amostra de dados"
config_admin,NotFisConf,Lav\FILIAL\NotFisConf.DB,ID,ID,id_codigo,System.String,10,provavel,True,Paradox/BDE,identificador/vinculo,"validar em tela, ProcMon e amostra de dados"
config_admin,NotFisConf,Lav\FILIAL\NotFisConf.DB,Conteudo,Conteudo,outro,System.String,200,desconhecido,True,Paradox/BDE,outro,"validar em tela, ProcMon e amostra de dados"
config_admin,NotFisConf,Lav\FILIAL\NotFisConf.DB,Obs,Obs,texto_observacao,System.String,400,desconhecido,True,Paradox/BDE,texto_observacao,"validar em tela, ProcMon e amostra de dados"
config_admin,NotFisE,Lav\FILIAL\NotFisE.DB,SeqNfe,SeqNfe,fiscal_documento,System.Int32,4,desconhecido,True,Paradox/BDE,fiscal_documento,"validar em tela, ProcMon e amostra de dados"
config_admin,NotFisE,Lav\FILIAL\NotFisE.DB,NumNot,NumNot,id_codigo,System.Double,8,provavel,True,Paradox/BDE,identificador/vinculo,"validar em tela, ProcMon e amostra de dados"
config_admin,NotFisE,Lav\FILIAL\NotFisE.DB,CodCli,Cliente,id_codigo,System.String,20,provavel,True,Paradox/BDE,identificador/vinculo,"validar em tela, ProcMon e amostra de dados"
config_admin,NotFisE,Lav\FILIAL\NotFisE.DB,ValNot,ValNot,outro,System.Double,8,desconhecido,True,Paradox/BDE,outro,"validar em tela, ProcMon e amostra de dados"
config_admin,NotFisE,Lav\FILIAL\NotFisE.DB,DatEmi,Data,data_hora,System.DateTime,8,desconhecido,True,Paradox/BDE,data_hora,"validar em tela, ProcMon e amostra de dados"
config_admin,NotFisE,Lav\FILIAL\NotFisE.DB,SitNota,SitNota,status_situacao,System.String,2,desconhecido,True,Paradox/BDE,status_situacao,"validar em tela, ProcMon e amostra de dados"
config_admin,NotFisE,Lav\FILIAL\NotFisE.DB,Obs,Obs,texto_observacao,System.String,60,desconhecido,True,Paradox/BDE,texto_observacao,"validar em tela, ProcMon e amostra de dados"
config_admin,NotFisE,Lav\FILIAL\NotFisE.DB,SeqSit,SeqSit,status_situacao,System.Int32,4,desconhecido,True,Paradox/BDE,status_situacao,"validar em tela, ProcMon e amostra de dados"
config_admin,NotFisE,Lav\FILIAL\NotFisE.DB,DatSit,Data,data_hora,System.DateTime,8,desconhecido,True,Paradox/BDE,data_hora,"validar em tela, ProcMon e amostra de dados"
config_admin,NotFisE,Lav\FILIAL\NotFisE.DB,DatVen,Data,data_hora,System.DateTime,8,desconhecido,True,Paradox/BDE,data_hora,"validar em tela, ProcMon e amostra de dados"
config_admin,NotFisE,Lav\FILIAL\NotFisE.DB,Instrucao,Instrucao,outro,System.String,200,desconhecido,True,Paradox/BDE,outro,"validar em tela, ProcMon e amostra de dados"
config_admin,NotFisE,Lav\FILIAL\NotFisE.DB,CodVencim,CodVencim,id_codigo,System.String,6,provavel,True,Paradox/BDE,identificador/vinculo,"validar em tela, ProcMon e amostra de dados"
config_admin,NotFisE,Lav\FILIAL\NotFisE.DB,MotivoCan,MotivoCan,texto_observacao,System.String,200,desconhecido,True,Paradox/BDE,texto_observacao,"validar em tela, ProcMon e amostra de dados"
config_admin,NotFisE,Lav\FILIAL\NotFisE.DB,SeqExporta,SeqExporta,outro,System.Int32,4,desconhecido,True,Paradox/BDE,outro,"validar em tela, ProcMon e amostra de dados"
config_admin,NotFisE,Lav\FILIAL\NotFisE.DB,OmiteCpf,CPF,cliente_ref,System.String,2,desconhecido,True,Paradox/BDE,identificador/vinculo,"validar em tela, ProcMon e amostra de dados"
config_admin,NotFisE,Lav\FILIAL\NotFisE.DB,CaminhoPDF,CaminhoPDF,outro,System.String,500,desconhecido,True,Paradox/BDE,outro,"validar em tela, ProcMon e amostra de dados"
config_admin,NotFisEComp,Lav\FILIAL\NotFisEComp.DB,SeqNfe,SeqNfe,fiscal_documento,System.Int32,4,desconhecido,True,Paradox/BDE,fiscal_documento,"validar em tela, ProcMon e amostra de dados"
config_admin,NotFisEComp,Lav\FILIAL\NotFisEComp.DB,SeqPro,SeqPro,outro,System.Int32,4,desconhecido,True,Paradox/BDE,outro,"validar em tela, ProcMon e amostra de dados"
config_admin,NotFisEComp,Lav\FILIAL\NotFisEComp.DB,DesPro,Produto,produto_ref,System.String,60,desconhecido,True,Paradox/BDE,identificador/vinculo,"validar em tela, ProcMon e amostra de dados"
config_admin,NotFisEComp,Lav\FILIAL\NotFisEComp.DB,Quantidade,Quantidade,quantidade,System.Int32,4,provavel,True,Paradox/BDE,quantidade,"validar em tela, ProcMon e amostra de dados"
config_admin,NotFisEComp,Lav\FILIAL\NotFisEComp.DB,Peso,Peso,quantidade,System.Double,8,desconhecido,True,Paradox/BDE,quantidade,"validar em tela, ProcMon e amostra de dados"
config_admin,NotFisEComp,Lav\FILIAL\NotFisEComp.DB,PreUniVen,PreUniVen,outro,System.Double,8,desconhecido,True,Paradox/BDE,outro,"validar em tela, ProcMon e amostra de dados"
config_admin,NotFisEComp,Lav\FILIAL\NotFisEComp.DB,PreFinal,PreFinal,outro,System.Double,8,desconhecido,True,Paradox/BDE,outro,"validar em tela, ProcMon e amostra de dados"
config_admin,NotFisEComp,Lav\FILIAL\NotFisEComp.DB,Unidade,Unidade,produto_ref,System.String,6,provavel,True,Paradox/BDE,identificador/vinculo,"validar em tela, ProcMon e amostra de dados"
ordem_servico_rol,OrcCab,Lav\FILIAL\OrcCab.DB,ROL,ROL/OS,ordem_rol_ref,System.Int32,4,desconhecido,True,Paradox/BDE,identificador/vinculo,"validar em tela, ProcMon e amostra de dados"
ordem_servico_rol,OrcCab,Lav\FILIAL\OrcCab.DB,CodCli,Cliente,id_codigo,System.String,20,provavel,True,Paradox/BDE,identificador/vinculo,"validar em tela, ProcMon e amostra de dados"
ordem_servico_rol,OrcCab,Lav\FILIAL\OrcCab.DB,DatEntLoja,Data,data_hora,System.DateTime,8,desconhecido,True,Paradox/BDE,data_hora,"validar em tela, ProcMon e amostra de dados"
ordem_servico_rol,OrcCab,Lav\FILIAL\OrcCab.DB,CodTab,CodTab,id_codigo,System.String,6,provavel,True,Paradox/BDE,identificador/vinculo,"validar em tela, ProcMon e amostra de dados"
ordem_servico_rol,OrcCab,Lav\FILIAL\OrcCab.DB,CodTipSer,CodTipSer,id_codigo,System.String,2,provavel,True,Paradox/BDE,identificador/vinculo,"validar em tela, ProcMon e amostra de dados"
ordem_servico_rol,OrcCab,Lav\FILIAL\OrcCab.DB,CodTipEnt,CodTipEnt,id_codigo,System.String,2,provavel,True,Paradox/BDE,identificador/vinculo,"validar em tela, ProcMon e amostra de dados"
ordem_servico_rol,OrcCab,Lav\FILIAL\OrcCab.DB,CodPra,CodPra,id_codigo,System.String,6,provavel,True,Paradox/BDE,identificador/vinculo,"validar em tela, ProcMon e amostra de dados"
ordem_servico_rol,OrcCab,Lav\FILIAL\OrcCab.DB,NumGR,NumGR,id_codigo,System.String,20,provavel,True,Paradox/BDE,identificador/vinculo,"validar em tela, ProcMon e amostra de dados"
ordem_servico_rol,OrcCab,Lav\FILIAL\OrcCab.DB,NumOS,NumOS,id_codigo,System.String,14,provavel,True,Paradox/BDE,identificador/vinculo,"validar em tela, ProcMon e amostra de dados"
ordem_servico_rol,OrcCab,Lav\FILIAL\OrcCab.DB,DatLan,Data,data_hora,System.DateTime,8,desconhecido,True,Paradox/BDE,data_hora,"validar em tela, ProcMon e amostra de dados"
ordem_servico_rol,OrcCab,Lav\FILIAL\OrcCab.DB,CodVen,CodVen,id_codigo,System.String,10,provavel,True,Paradox/BDE,identificador/vinculo,"validar em tela, ProcMon e amostra de dados"
ordem_servico_rol,OrcCab,Lav\FILIAL\OrcCab.DB,DatEnt,Data,data_hora,System.DateTime,8,desconhecido,True,Paradox/BDE,data_hora,"validar em tela, ProcMon e amostra de dados"
ordem_servico_rol,OrcCab,Lav\FILIAL\OrcCab.DB,ValTot,ValTot,data_hora,System.Double,8,desconhecido,True,Paradox/BDE,data_hora,"validar em tela, ProcMon e amostra de dados"
ordem_servico_rol,OrcCab,Lav\FILIAL\OrcCab.DB,TotPecas,TotPecas,ordem_rol_ref,System.Int32,4,desconhecido,True,Paradox/BDE,identificador/vinculo,"validar em tela, ProcMon e amostra de dados"
ordem_servico_rol,OrcCab,Lav\FILIAL\OrcCab.DB,Posicao,Posicao,ordem_rol_ref,System.String,2,desconhecido,True,Paradox/BDE,identificador/vinculo,"validar em tela, ProcMon e amostra de dados"
ordem_servico_rol,OrcCab,Lav\FILIAL\OrcCab.DB,NumNot,NumNot,id_codigo,System.Int32,4,provavel,True,Paradox/BDE,identificador/vinculo,"validar em tela, ProcMon e amostra de dados"
ordem_servico_rol,OrcCab,Lav\FILIAL\OrcCab.DB,Unidade,Unidade,produto_ref,System.String,10,provavel,True,Paradox/BDE,identificador/vinculo,"validar em tela, ProcMon e amostra de dados"
ordem_servico_rol,OrcCab,Lav\FILIAL\OrcCab.DB,CodUsuario,CodUsuario,id_codigo,System.String,20,provavel,True,Paradox/BDE,identificador/vinculo,"validar em tela, ProcMon e amostra de dados"
ordem_servico_rol,OrcCab,Lav\FILIAL\OrcCab.DB,NumNotAdi,NumNotAdi,id_codigo,System.Int32,4,provavel,True,Paradox/BDE,identificador/vinculo,"validar em tela, ProcMon e amostra de dados"
ordem_servico_rol,OrcCab,Lav\FILIAL\OrcCab.DB,DescontoROL,ROL/OS,ordem_rol_ref,System.Double,8,desconhecido,True,Paradox/BDE,identificador/vinculo,"validar em tela, ProcMon e amostra de dados"
ordem_servico_rol,OrcCab,Lav\FILIAL\OrcCab.DB,ObsROL,ROL/OS,ordem_rol_ref,System.String,100,desconhecido,True,Paradox/BDE,identificador/vinculo,"validar em tela, ProcMon e amostra de dados"
ordem_servico_rol,OrcCab,Lav\FILIAL\OrcCab.DB,DescontoValor,Valor,valor_monetario,System.Double,8,provavel,True,Paradox/BDE,valor_monetario,"validar em tela, ProcMon e amostra de dados"
ordem_servico_rol,OrcCab,Lav\FILIAL\OrcCab.DB,Cancelado,Celular,cliente_ref,System.String,2,desconhecido,True,Paradox/BDE,identificador/vinculo,"validar em tela, ProcMon e amostra de dados"
ordem_servico_rol,OrcCab,Lav\FILIAL\OrcCab.DB,DataCanc,Data,data_hora,System.DateTime,8,provavel,True,Paradox/BDE,data_hora,"validar em tela, ProcMon e amostra de dados"
ordem_servico_rol,OrcCab,Lav\FILIAL\OrcCab.DB,MotivoCanc,MotivoCanc,texto_observacao,System.String,100,desconhecido,True,Paradox/BDE,texto_observacao,"validar em tela, ProcMon e amostra de dados"
ordem_servico_rol,OrcCab,Lav\FILIAL\OrcCab.DB,SeqExport,SeqExport,outro,System.Int32,4,desconhecido,True,Paradox/BDE,outro,"validar em tela, ProcMon e amostra de dados"
ordem_servico_rol,OrcCab,Lav\FILIAL\OrcCab.DB,RolAnterior,ROL/OS,ordem_rol_ref,System.Int32,4,desconhecido,True,Paradox/BDE,identificador/vinculo,"validar em tela, ProcMon e amostra de dados"
ordem_servico_rol,OrcCab,Lav\FILIAL\OrcCab.DB,CodCliAnterior,Cliente,id_codigo,System.String,20,provavel,True,Paradox/BDE,identificador/vinculo,"validar em tela, ProcMon e amostra de dados"
ordem_servico_rol,OrcCab,Lav\FILIAL\OrcCab.DB,HorLan,HorLan,outro,System.DateTime,8,desconhecido,True,Paradox/BDE,outro,"validar em tela, ProcMon e amostra de dados"
ordem_servico_rol,OrcCab,Lav\FILIAL\OrcCab.DB,CodLoc,CodLoc,id_codigo,System.String,10,provavel,True,Paradox/BDE,identificador/vinculo,"validar em tela, ProcMon e amostra de dados"
ordem_servico_rol,OrcCab,Lav\FILIAL\OrcCab.DB,CodEsp,CodEsp,id_codigo,System.String,6,provavel,True,Paradox/BDE,identificador/vinculo,"validar em tela, ProcMon e amostra de dados"
ordem_servico_rol,OrcCab,Lav\FILIAL\OrcCab.DB,QdeEsp,QdeEsp,outro,System.Int32,4,desconhecido,True,Paradox/BDE,outro,"validar em tela, ProcMon e amostra de dados"
ordem_servico_rol,OrcCab,Lav\FILIAL\OrcCab.DB,Pedidos,Pedidos,ordem_rol_ref,System.String,100,provavel,True,Paradox/BDE,identificador/vinculo,"validar em tela, ProcMon e amostra de dados"
ordem_servico_rol,OrcCab,Lav\FILIAL\OrcCab.DB,DesEsp,DesEsp,outro,System.String,80,desconhecido,True,Paradox/BDE,outro,"validar em tela, ProcMon e amostra de dados"
ordem_servico_rol,OrcCab,Lav\FILIAL\OrcCab.DB,HorEnt,HorEnt,outro,System.DateTime,8,desconhecido,True,Paradox/BDE,outro,"validar em tela, ProcMon e amostra de dados"
ordem_servico_rol,OrcCab,Lav\FILIAL\OrcCab.DB,CodPas,CodPas,id_codigo,System.String,10,provavel,True,Paradox/BDE,identificador/vinculo,"validar em tela, ProcMon e amostra de dados"
ordem_servico_rol,OrcCab,Lav\FILIAL\OrcCab.DB,DatPas,Data,data_hora,System.DateTime,8,desconhecido,True,Paradox/BDE,data_hora,"validar em tela, ProcMon e amostra de dados"
ordem_servico_rol,OrcCab,Lav\FILIAL\OrcCab.DB,SitRol,ROL/OS,ordem_rol_ref,System.String,2,desconhecido,True,Paradox/BDE,identificador/vinculo,"validar em tela, ProcMon e amostra de dados"
ordem_servico_rol,OrcCab,Lav\FILIAL\OrcCab.DB,NumNotFis,NumNotFis,id_codigo,System.Int32,4,provavel,True,Paradox/BDE,identificador/vinculo,"validar em tela, ProcMon e amostra de dados"
ordem_servico_rol,OrcCab,Lav\FILIAL\OrcCab.DB,FixEntrega,FixEntrega,status_situacao,System.Boolean,1,desconhecido,True,Paradox/BDE,status_situacao,"validar em tela, ProcMon e amostra de dados"
ordem_servico_rol,OrcCab,Lav\FILIAL\OrcCab.DB,SeqCaixa,SeqCaixa,outro,System.Int32,4,desconhecido,True,Paradox/BDE,outro,"validar em tela, ProcMon e amostra de dados"
ordem_servico_rol,OrcCab,Lav\FILIAL\OrcCab.DB,CodDesc,Desconto/Descricao,id_codigo,System.String,10,provavel,True,Paradox/BDE,identificador/vinculo,"validar em tela, ProcMon e amostra de dados"
ordem_servico_rol,OrcCab,Lav\FILIAL\OrcCab.DB,CodVenEnt,CodVenEnt,id_codigo,System.String,10,provavel,True,Paradox/BDE,identificador/vinculo,"validar em tela, ProcMon e amostra de dados"
ordem_servico_rol,OrcCab,Lav\FILIAL\OrcCab.DB,CodLav,CodLav,id_codigo,System.String,10,provavel,True,Paradox/BDE,identificador/vinculo,"validar em tela, ProcMon e amostra de dados"
ordem_servico_rol,OrcCab,Lav\FILIAL\OrcCab.DB,FitasPreFix,FitasPreFix,outro,System.String,18,desconhecido,True,Paradox/BDE,outro,"validar em tela, ProcMon e amostra de dados"
ordem_servico_rol,OrcCab,Lav\FILIAL\OrcCab.DB,DevNot,DevNot,outro,System.Int32,4,desconhecido,True,Paradox/BDE,outro,"validar em tela, ProcMon e amostra de dados"
ordem_servico_rol,OrcCab,Lav\FILIAL\OrcCab.DB,DevNotAdi,DevNotAdi,fiscal_documento,System.Int32,4,desconhecido,True,Paradox/BDE,fiscal_documento,"validar em tela, ProcMon e amostra de dados"
ordem_servico_rol,OrcCab,Lav\FILIAL\OrcCab.DB,CodConf,CodConf,id_codigo,System.String,10,provavel,True,Paradox/BDE,identificador/vinculo,"validar em tela, ProcMon e amostra de dados"
ordem_servico_rol,OrcCab,Lav\FILIAL\OrcCab.DB,PosicaoAnt,PosicaoAnt,ordem_rol_ref,System.String,2,desconhecido,True,Paradox/BDE,identificador/vinculo,"validar em tela, ProcMon e amostra de dados"
ordem_servico_rol,OrcCab,Lav\FILIAL\OrcCab.DB,DatEntRol,ROL/OS,ordem_rol_ref,System.DateTime,8,desconhecido,True,Paradox/BDE,identificador/vinculo,"validar em tela, ProcMon e amostra de dados"
ordem_servico_rol,OrcCab,Lav\FILIAL\OrcCab.DB,CenCusCli,CenCusCli,outro,System.String,10,desconhecido,True,Paradox/BDE,outro,"validar em tela, ProcMon e amostra de dados"
ordem_servico_rol,OrcCab,Lav\FILIAL\OrcCab.DB,RolOrc,ROL/OS,ordem_rol_ref,System.Int32,4,desconhecido,True,Paradox/BDE,identificador/vinculo,"validar em tela, ProcMon e amostra de dados"
ordem_servico_rol,OrcCab,Lav\FILIAL\OrcCab.DB,NumNotFisF,NumNotFisF,id_codigo,System.Int32,4,provavel,True,Paradox/BDE,identificador/vinculo,"validar em tela, ProcMon e amostra de dados"
ordem_servico_rol,OrcCab,Lav\FILIAL\OrcCab.DB,Lote,Lote,outro,System.Int32,4,desconhecido,True,Paradox/BDE,outro,"validar em tela, ProcMon e amostra de dados"
ordem_servico_rol,OrcCab,Lav\FILIAL\OrcCab.DB,HorEntRol,ROL/OS,ordem_rol_ref,System.DateTime,8,desconhecido,True,Paradox/BDE,identificador/vinculo,"validar em tela, ProcMon e amostra de dados"
ordem_servico_rol,OrcCab,Lav\FILIAL\OrcCab.DB,HorCan,HorCan,ordem_rol_ref,System.DateTime,8,desconhecido,True,Paradox/BDE,identificador/vinculo,"validar em tela, ProcMon e amostra de dados"
ordem_servico_rol,OrcCab,Lav\FILIAL\OrcCab.DB,CodVenCan,CodVenCan,id_codigo,System.String,10,provavel,True,Paradox/BDE,identificador/vinculo,"validar em tela, ProcMon e amostra de dados"
ordem_servico_rol,OrcCab,Lav\FILIAL\OrcCab.DB,HorPas,HorPas,outro,System.DateTime,8,desconhecido,True,Paradox/BDE,outro,"validar em tela, ProcMon e amostra de dados"
ordem_servico_rol,OrcItem,Lav\FILIAL\OrcItem.DB,ROL,ROL/OS,ordem_rol_ref,System.Int32,4,desconhecido,True,Paradox/BDE,identificador/vinculo,"validar em tela, ProcMon e amostra de dados"
ordem_servico_rol,OrcItem,Lav\FILIAL\OrcItem.DB,CodPro,CodPro,id_codigo,System.String,6,provavel,True,Paradox/BDE,identificador/vinculo,"validar em tela, ProcMon e amostra de dados"
ordem_servico_rol,OrcItem,Lav\FILIAL\OrcItem.DB,SeqPro,SeqPro,outro,System.String,4,desconhecido,True,Paradox/BDE,outro,"validar em tela, ProcMon e amostra de dados"
ordem_servico_rol,OrcItem,Lav\FILIAL\OrcItem.DB,CodCor,CodCor,id_codigo,System.String,6,provavel,True,Paradox/BDE,identificador/vinculo,"validar em tela, ProcMon e amostra de dados"
ordem_servico_rol,OrcItem,Lav\FILIAL\OrcItem.DB,FatPre01,FatPre01,outro,System.String,6,desconhecido,True,Paradox/BDE,outro,"validar em tela, ProcMon e amostra de dados"
ordem_servico_rol,OrcItem,Lav\FILIAL\OrcItem.DB,FatPre02,FatPre02,outro,System.String,6,desconhecido,True,Paradox/BDE,outro,"validar em tela, ProcMon e amostra de dados"
ordem_servico_rol,OrcItem,Lav\FILIAL\OrcItem.DB,FatPre03,FatPre03,outro,System.String,6,desconhecido,True,Paradox/BDE,outro,"validar em tela, ProcMon e amostra de dados"
ordem_servico_rol,OrcItem,Lav\FILIAL\OrcItem.DB,FatPre04,FatPre04,outro,System.String,6,desconhecido,True,Paradox/BDE,outro,"validar em tela, ProcMon e amostra de dados"
ordem_servico_rol,OrcItem,Lav\FILIAL\OrcItem.DB,FatPre05,FatPre05,outro,System.String,6,desconhecido,True,Paradox/BDE,outro,"validar em tela, ProcMon e amostra de dados"
ordem_servico_rol,OrcItem,Lav\FILIAL\OrcItem.DB,FatPre06,FatPre06,outro,System.String,6,desconhecido,True,Paradox/BDE,outro,"validar em tela, ProcMon e amostra de dados"
ordem_servico_rol,OrcItem,Lav\FILIAL\OrcItem.DB,Marca,Marca,produto_ref,System.String,30,desconhecido,True,Paradox/BDE,identificador/vinculo,"validar em tela, ProcMon e amostra de dados"
ordem_servico_rol,OrcItem,Lav\FILIAL\OrcItem.DB,Quantidade,Quantidade,quantidade,System.Int32,4,provavel,True,Paradox/BDE,quantidade,"validar em tela, ProcMon e amostra de dados"
ordem_servico_rol,OrcItem,Lav\FILIAL\OrcItem.DB,Peso,Peso,quantidade,System.Double,8,desconhecido,True,Paradox/BDE,quantidade,"validar em tela, ProcMon e amostra de dados"
ordem_servico_rol,OrcItem,Lav\FILIAL\OrcItem.DB,PreUniVen,PreUniVen,outro,System.Double,8,desconhecido,True,Paradox/BDE,outro,"validar em tela, ProcMon e amostra de dados"
ordem_servico_rol,OrcItem,Lav\FILIAL\OrcItem.DB,PreFinal,PreFinal,outro,System.Double,8,desconhecido,True,Paradox/BDE,outro,"validar em tela, ProcMon e amostra de dados"
ordem_servico_rol,OrcItem,Lav\FILIAL\OrcItem.DB,CodDef,CodDef,id_codigo,System.String,6,provavel,True,Paradox/BDE,identificador/vinculo,"validar em tela, ProcMon e amostra de dados"
ordem_servico_rol,OrcItem,Lav\FILIAL\OrcItem.DB,CodCar,CodCar,id_codigo,System.String,6,provavel,True,Paradox/BDE,identificador/vinculo,"validar em tela, ProcMon e amostra de dados"
ordem_servico_rol,OrcItem,Lav\FILIAL\OrcItem.DB,Obs,Obs,texto_observacao,System.String,200,desconhecido,True,Paradox/BDE,texto_observacao,"validar em tela, ProcMon e amostra de dados"
ordem_servico_rol,OrcItem,Lav\FILIAL\OrcItem.DB,CodTipTec,CodTipTec,id_codigo,System.String,6,provavel,True,Paradox/BDE,identificador/vinculo,"validar em tela, ProcMon e amostra de dados"
ordem_servico_rol,OrcItem,Lav\FILIAL\OrcItem.DB,Obs2,Obs2,texto_observacao,System.String,200,desconhecido,True,Paradox/BDE,texto_observacao,"validar em tela, ProcMon e amostra de dados"
ordem_servico_rol,OrcItem,Lav\FILIAL\OrcItem.DB,Identif,Identif,id_codigo,System.String,10,provavel,True,Paradox/BDE,identificador/vinculo,"validar em tela, ProcMon e amostra de dados"
ordem_servico_rol,OrcItem,Lav\FILIAL\OrcItem.DB,CodSerTer,CodSerTer,id_codigo,System.Int32,4,provavel,True,Paradox/BDE,identificador/vinculo,"validar em tela, ProcMon e amostra de dados"
ordem_servico_rol,OrcItem,Lav\FILIAL\OrcItem.DB,CodLoc,CodLoc,id_codigo,System.String,10,provavel,True,Paradox/BDE,identificador/vinculo,"validar em tela, ProcMon e amostra de dados"
ordem_servico_rol,OrcItem,Lav\FILIAL\OrcItem.DB,CodProces,CodProces,id_codigo,System.String,20,provavel,True,Paradox/BDE,identificador/vinculo,"validar em tela, ProcMon e amostra de dados"
ordem_servico_rol,OrcItem,Lav\FILIAL\OrcItem.DB,ValorTerc,Valor,valor_monetario,System.Double,8,provavel,True,Paradox/BDE,valor_monetario,"validar em tela, ProcMon e amostra de dados"
ordem_servico_rol,OrcItemCab,Lav\FILIAL\OrcItemCab.DB,Rol,ROL/OS,ordem_rol_ref,System.Int32,4,desconhecido,True,Paradox/BDE,identificador/vinculo,"validar em tela, ProcMon e amostra de dados"
ordem_servico_rol,OrcItemCab,Lav\FILIAL\OrcItemCab.DB,CodPro,CodPro,id_codigo,System.String,6,provavel,True,Paradox/BDE,identificador/vinculo,"validar em tela, ProcMon e amostra de dados"
ordem_servico_rol,OrcItemCab,Lav\FILIAL\OrcItemCab.DB,SeqPro,SeqPro,outro,System.String,4,desconhecido,True,Paradox/BDE,outro,"validar em tela, ProcMon e amostra de dados"
ordem_servico_rol,OrcItemCab,Lav\FILIAL\OrcItemCab.DB,RolOrc,ROL/OS,ordem_rol_ref,System.Int32,4,desconhecido,True,Paradox/BDE,identificador/vinculo,"validar em tela, ProcMon e amostra de dados"
ordem_servico_rol,OrcItemCab,Lav\FILIAL\OrcItemCab.DB,SeqProNovo,SeqProNovo,outro,System.String,4,desconhecido,True,Paradox/BDE,outro,"validar em tela, ProcMon e amostra de dados"
ordem_servico_rol,OrcItemCab,Lav\FILIAL\OrcItemCab.DB,CodProNovo,CodProNovo,id_codigo,System.String,6,provavel,True,Paradox/BDE,identificador/vinculo,"validar em tela, ProcMon e amostra de dados"
ordem_servico_rol,OrcItemCab,Lav\FILIAL\OrcItemCab.DB,Quantidade,Quantidade,quantidade,System.Int32,4,provavel,True,Paradox/BDE,quantidade,"validar em tela, ProcMon e amostra de dados"
ordem_servico_rol,OrcItemCab,Lav\FILIAL\OrcItemCab.DB,Peso,Peso,quantidade,System.Double,8,desconhecido,True,Paradox/BDE,quantidade,"validar em tela, ProcMon e amostra de dados"
ordem_servico_rol,OrcItemCab,Lav\FILIAL\OrcItemCab.DB,GruPro,GruPro,outro,System.String,10,desconhecido,True,Paradox/BDE,outro,"validar em tela, ProcMon e amostra de dados"
ordem_servico_rol,OrcItemCor,Lav\FILIAL\OrcItemCor.DB,Rol,ROL/OS,ordem_rol_ref,System.Int32,4,desconhecido,True,Paradox/BDE,identificador/vinculo,"validar em tela, ProcMon e amostra de dados"
ordem_servico_rol,OrcItemCor,Lav\FILIAL\OrcItemCor.DB,CodPro,CodPro,id_codigo,System.String,6,provavel,True,Paradox/BDE,identificador/vinculo,"validar em tela, ProcMon e amostra de dados"
ordem_servico_rol,OrcItemCor,Lav\FILIAL\OrcItemCor.DB,SeqPro,SeqPro,outro,System.String,4,desconhecido,True,Paradox/BDE,outro,"validar em tela, ProcMon e amostra de dados"
ordem_servico_rol,OrcItemCor,Lav\FILIAL\OrcItemCor.DB,CodCor,CodCor,id_codigo,System.String,6,provavel,True,Paradox/BDE,identificador/vinculo,"validar em tela, ProcMon e amostra de dados"
ordem_servico_rol,OrcItemCor,Lav\FILIAL\OrcItemCor.DB,DesCor,Desconto/Descricao,valor_monetario,System.String,100,desconhecido,True,Paradox/BDE,valor_monetario,"validar em tela, ProcMon e amostra de dados"
ordem_servico_rol,OrcItemDef,Lav\FILIAL\OrcItemDef.DB,Rol,ROL/OS,ordem_rol_ref,System.Int32,4,desconhecido,True,Paradox/BDE,identificador/vinculo,"validar em tela, ProcMon e amostra de dados"
ordem_servico_rol,OrcItemDef,Lav\FILIAL\OrcItemDef.DB,CodPro,CodPro,id_codigo,System.String,6,provavel,True,Paradox/BDE,identificador/vinculo,"validar em tela, ProcMon e amostra de dados"
ordem_servico_rol,OrcItemDef,Lav\FILIAL\OrcItemDef.DB,SeqPro,SeqPro,outro,System.String,4,desconhecido,True,Paradox/BDE,outro,"validar em tela, ProcMon e amostra de dados"
ordem_servico_rol,OrcItemDef,Lav\FILIAL\OrcItemDef.DB,CodDef,CodDef,id_codigo,System.String,6,provavel,True,Paradox/BDE,identificador/vinculo,"validar em tela, ProcMon e amostra de dados"
ordem_servico_rol,OrcItemDef,Lav\FILIAL\OrcItemDef.DB,DesDef,DesDef,outro,System.String,100,desconhecido,True,Paradox/BDE,outro,"validar em tela, ProcMon e amostra de dados"
ordem_servico_rol,OrcItemPro,Lav\FILIAL\OrcItemPro.DB,Rol,ROL/OS,ordem_rol_ref,System.Int32,4,desconhecido,True,Paradox/BDE,identificador/vinculo,"validar em tela, ProcMon e amostra de dados"
ordem_servico_rol,OrcItemPro,Lav\FILIAL\OrcItemPro.DB,CodPro,CodPro,id_codigo,System.String,6,provavel,True,Paradox/BDE,identificador/vinculo,"validar em tela, ProcMon e amostra de dados"
ordem_servico_rol,OrcItemPro,Lav\FILIAL\OrcItemPro.DB,SeqPro,SeqPro,outro,System.String,10,desconhecido,True,Paradox/BDE,outro,"validar em tela, ProcMon e amostra de dados"
ordem_servico_rol,OrcItemPro,Lav\FILIAL\OrcItemPro.DB,Qde,Qde,outro,System.Int32,4,desconhecido,True,Paradox/BDE,outro,"validar em tela, ProcMon e amostra de dados"
ordem_servico_rol,OrcItemPro,Lav\FILIAL\OrcItemPro.DB,Obs,Obs,texto_observacao,System.String,100,desconhecido,True,Paradox/BDE,texto_observacao,"validar em tela, ProcMon e amostra de dados"
ordem_servico_rol,OrcItemSer,Lav\FILIAL\OrcItemSer.DB,Rol,ROL/OS,ordem_rol_ref,System.Int32,4,desconhecido,True,Paradox/BDE,identificador/vinculo,"validar em tela, ProcMon e amostra de dados"
ordem_servico_rol,OrcItemSer,Lav\FILIAL\OrcItemSer.DB,CodPro,CodPro,id_codigo,System.String,6,provavel,True,Paradox/BDE,identificador/vinculo,"validar em tela, ProcMon e amostra de dados"
ordem_servico_rol,OrcItemSer,Lav\FILIAL\OrcItemSer.DB,SeqPro,SeqPro,outro,System.String,4,desconhecido,True,Paradox/BDE,outro,"validar em tela, ProcMon e amostra de dados"
ordem_servico_rol,OrcItemSer,Lav\FILIAL\OrcItemSer.DB,CodSerLav,CodSerLav,id_codigo,System.String,6,provavel,True,Paradox/BDE,identificador/vinculo,"validar em tela, ProcMon e amostra de dados"
ordem_servico_rol,OrcItemSer,Lav\FILIAL\OrcItemSer.DB,Quantidade,Quantidade,quantidade,System.Int32,4,provavel,True,Paradox/BDE,quantidade,"validar em tela, ProcMon e amostra de dados"
ordem_servico_rol,OrcItemSer,Lav\FILIAL\OrcItemSer.DB,Peso,Peso,quantidade,System.Double,8,desconhecido,True,Paradox/BDE,quantidade,"validar em tela, ProcMon e amostra de dados"
ordem_servico_rol,OrcItemSer,Lav\FILIAL\OrcItemSer.DB,PreUniSer,PreUniSer,outro,System.Double,8,desconhecido,True,Paradox/BDE,outro,"validar em tela, ProcMon e amostra de dados"
ordem_servico_rol,OrcItemSer,Lav\FILIAL\OrcItemSer.DB,PreFinalSer,PreFinalSer,outro,System.Double,8,desconhecido,True,Paradox/BDE,outro,"validar em tela, ProcMon e amostra de dados"
ordem_servico_rol,OrcItemSer,Lav\FILIAL\OrcItemSer.DB,CodSerTer,CodSerTer,id_codigo,System.Int32,4,provavel,True,Paradox/BDE,identificador/vinculo,"validar em tela, ProcMon e amostra de dados"
ordem_servico_rol,OrcItemSer,Lav\FILIAL\OrcItemSer.DB,Obs,Obs,texto_observacao,System.String,300,desconhecido,True,Paradox/BDE,texto_observacao,"validar em tela, ProcMon e amostra de dados"
ordem_servico_rol,OrcItemSer,Lav\FILIAL\OrcItemSer.DB,ValorTerc,Valor,valor_monetario,System.Double,8,provavel,True,Paradox/BDE,valor_monetario,"validar em tela, ProcMon e amostra de dados"
outro,AutoPecas,MAN\DADOS\AutoPecas.DB,CodPecas,CodPecas,id_codigo,System.String,10,provavel,True,Paradox/BDE,identificador/vinculo,"validar em tela, ProcMon e amostra de dados"
outro,AutoPecas,MAN\DADOS\AutoPecas.DB,DesPecas,DesPecas,ordem_rol_ref,System.String,40,desconhecido,True,Paradox/BDE,identificador/vinculo,"validar em tela, ProcMon e amostra de dados"
outro,AutoPecas,MAN\DADOS\AutoPecas.DB,KilomTroca,KilomTroca,outro,System.Int32,4,desconhecido,True,Paradox/BDE,outro,"validar em tela, ProcMon e amostra de dados"
outro,AutoPecas,MAN\DADOS\AutoPecas.DB,Tipo,Tipo,outro,System.String,20,desconhecido,True,Paradox/BDE,outro,"validar em tela, ProcMon e amostra de dados"
outro,AutoPecas,MAN\DADOS\AutoPecas.DB,GruPecas,GruPecas,ordem_rol_ref,System.String,10,desconhecido,True,Paradox/BDE,identificador/vinculo,"validar em tela, ProcMon e amostra de dados"
outro,AutoPecas,MAN\DADOS\AutoPecas.DB,DiasTroca,DiasTroca,outro,System.Int32,4,desconhecido,True,Paradox/BDE,outro,"validar em tela, ProcMon e amostra de dados"
outro,AutoPecas,MAN\DADOS\AutoPecas.DB,Cancelado,Celular,cliente_ref,System.String,2,desconhecido,True,Paradox/BDE,identificador/vinculo,"validar em tela, ProcMon e amostra de dados"
outro,AutoPecas,MAN\DADOS\AutoPecas.DB,MotivoCan,MotivoCan,texto_observacao,System.String,100,desconhecido,True,Paradox/BDE,texto_observacao,"validar em tela, ProcMon e amostra de dados"
outro,AutoPecas,MAN\DADOS\AutoPecas.DB,DatCan,Data,data_hora,System.DateTime,8,desconhecido,True,Paradox/BDE,data_hora,"validar em tela, ProcMon e amostra de dados"
outro,AutoPecas,MAN\DADOS\AutoPecas.DB,Valor,Valor,valor_monetario,System.Double,8,provavel,True,Paradox/BDE,valor_monetario,"validar em tela, ProcMon e amostra de dados"
outro,CompAutoPecas,MAN\DADOS\CompAutoPecas.DB,Situacao,Status,status_situacao,System.String,2,desconhecido,True,Paradox/BDE,status_situacao,"validar em tela, ProcMon e amostra de dados"
outro,CompAutoPecas,MAN\DADOS\CompAutoPecas.DB,CodEquipam,CodEquipam,id_codigo,System.String,16,provavel,True,Paradox/BDE,identificador/vinculo,"validar em tela, ProcMon e amostra de dados"
outro,CompAutoPecas,MAN\DADOS\CompAutoPecas.DB,CodPeca,CodPeca,id_codigo,System.String,10,provavel,True,Paradox/BDE,identificador/vinculo,"validar em tela, ProcMon e amostra de dados"
outro,CompAutoPecas,MAN\DADOS\CompAutoPecas.DB,ProximaTro,ProximaTro,outro,System.Int32,4,desconhecido,True,Paradox/BDE,outro,"validar em tela, ProcMon e amostra de dados"
outro,CompAutoPecas,MAN\DADOS\CompAutoPecas.DB,DatPrxTroc,Data,data_hora,System.DateTime,8,desconhecido,True,Paradox/BDE,data_hora,"validar em tela, ProcMon e amostra de dados"
outro,CompAutoPecas,MAN\DADOS\CompAutoPecas.DB,QdeUltLim,QdeUltLim,outro,System.Int32,4,desconhecido,True,Paradox/BDE,outro,"validar em tela, ProcMon e amostra de dados"
outro,CompAutoPecas,MAN\DADOS\CompAutoPecas.DB,Valor,Valor,valor_monetario,System.Double,8,provavel,True,Paradox/BDE,valor_monetario,"validar em tela, ProcMon e amostra de dados"
outro,Condutor,MAN\DADOS\Condutor.DB,CodCondut,CodCondut,id_codigo,System.String,10,provavel,True,Paradox/BDE,identificador/vinculo,"validar em tela, ProcMon e amostra de dados"
outro,Condutor,MAN\DADOS\Condutor.DB,NomCondut,NomCondut,outro,System.String,40,desconhecido,True,Paradox/BDE,outro,"validar em tela, ProcMon e amostra de dados"
outro,Condutor,MAN\DADOS\Condutor.DB,DatNas,Data,data_hora,System.DateTime,8,desconhecido,True,Paradox/BDE,data_hora,"validar em tela, ProcMon e amostra de dados"
outro,Condutor,MAN\DADOS\Condutor.DB,EndCondut,Endereco,cliente_ref,System.String,80,desconhecido,True,Paradox/BDE,identificador/vinculo,"validar em tela, ProcMon e amostra de dados"
outro,Condutor,MAN\DADOS\Condutor.DB,CidCondut,CidCondut,outro,System.String,40,provavel,True,Paradox/BDE,outro,"validar em tela, ProcMon e amostra de dados"
outro,Condutor,MAN\DADOS\Condutor.DB,EstCondut,EstCondut,outro,System.String,4,desconhecido,True,Paradox/BDE,outro,"validar em tela, ProcMon e amostra de dados"
outro,Condutor,MAN\DADOS\Condutor.DB,Cancelado,Celular,cliente_ref,System.String,2,desconhecido,True,Paradox/BDE,identificador/vinculo,"validar em tela, ProcMon e amostra de dados"
outro,Condutor,MAN\DADOS\Condutor.DB,MotivoCan,MotivoCan,texto_observacao,System.String,100,desconhecido,True,Paradox/BDE,texto_observacao,"validar em tela, ProcMon e amostra de dados"
outro,Condutor,MAN\DADOS\Condutor.DB,DatCan,Data,data_hora,System.DateTime,8,desconhecido,True,Paradox/BDE,data_hora,"validar em tela, ProcMon e amostra de dados"
outro,Condutor,MAN\DADOS\Condutor.DB,ObsCondut,ObsCondut,texto_observacao,System.String,200,desconhecido,True,Paradox/BDE,texto_observacao,"validar em tela, ProcMon e amostra de dados"
outro,Equipam,MAN\DADOS\Equipam.DB,CodEquipam,CodEquipam,id_codigo,System.String,16,provavel,True,Paradox/BDE,identificador/vinculo,"validar em tela, ProcMon e amostra de dados"
outro,Equipam,MAN\DADOS\Equipam.DB,DesEquipam,DesEquipam,outro,System.String,40,desconhecido,True,Paradox/BDE,outro,"validar em tela, ProcMon e amostra de dados"
outro,Equipam,MAN\DADOS\Equipam.DB,CodCondut,CodCondut,id_codigo,System.String,10,provavel,True,Paradox/BDE,identificador/vinculo,"validar em tela, ProcMon e amostra de dados"
outro,Equipam,MAN\DADOS\Equipam.DB,Kilometrag,Kilometrag,outro,System.Int32,4,desconhecido,True,Paradox/BDE,outro,"validar em tela, ProcMon e amostra de dados"
outro,Equipam,MAN\DADOS\Equipam.DB,LimKilom,LimKilom,outro,System.Int32,4,desconhecido,True,Paradox/BDE,outro,"validar em tela, ProcMon e amostra de dados"
outro,Equipam,MAN\DADOS\Equipam.DB,QdeUltLim,QdeUltLim,outro,System.Int32,4,desconhecido,True,Paradox/BDE,outro,"validar em tela, ProcMon e amostra de dados"
outro,Equipam,MAN\DADOS\Equipam.DB,Cancelado,Celular,cliente_ref,System.String,2,desconhecido,True,Paradox/BDE,identificador/vinculo,"validar em tela, ProcMon e amostra de dados"
outro,Equipam,MAN\DADOS\Equipam.DB,MotivoCan,MotivoCan,texto_observacao,System.String,100,desconhecido,True,Paradox/BDE,texto_observacao,"validar em tela, ProcMon e amostra de dados"
outro,Equipam,MAN\DADOS\Equipam.DB,DatCan,Data,data_hora,System.DateTime,8,desconhecido,True,Paradox/BDE,data_hora,"validar em tela, ProcMon e amostra de dados"
outro,Equipam,MAN\DADOS\Equipam.DB,ValCompra,ValCompra,outro,System.Double,8,desconhecido,True,Paradox/BDE,outro,"validar em tela, ProcMon e amostra de dados"
outro,Equipam,MAN\DADOS\Equipam.DB,DatCompra,Data,data_hora,System.DateTime,8,desconhecido,True,Paradox/BDE,data_hora,"validar em tela, ProcMon e amostra de dados"
outro,MovEquip,MAN\DADOS\MovEquip.DB,SeqMovEqu,SeqMovEqu,ordem_rol_ref,System.Int32,4,desconhecido,True,Paradox/BDE,identificador/vinculo,"validar em tela, ProcMon e amostra de dados"
outro,MovEquip,MAN\DADOS\MovEquip.DB,CodEquipam,CodEquipam,id_codigo,System.String,16,provavel,True,Paradox/BDE,identificador/vinculo,"validar em tela, ProcMon e amostra de dados"
outro,MovEquip,MAN\DADOS\MovEquip.DB,DatIni,Data,data_hora,System.DateTime,8,desconhecido,True,Paradox/BDE,data_hora,"validar em tela, ProcMon e amostra de dados"
outro,MovEquip,MAN\DADOS\MovEquip.DB,QdeIni,QdeIni,outro,System.Int32,4,desconhecido,True,Paradox/BDE,outro,"validar em tela, ProcMon e amostra de dados"
outro,MovEquip,MAN\DADOS\MovEquip.DB,HorIni,HorIni,outro,System.DateTime,8,desconhecido,True,Paradox/BDE,outro,"validar em tela, ProcMon e amostra de dados"
outro,MovEquip,MAN\DADOS\MovEquip.DB,QdeFim,QdeFim,outro,System.Int32,4,desconhecido,True,Paradox/BDE,outro,"validar em tela, ProcMon e amostra de dados"
outro,MovEquip,MAN\DADOS\MovEquip.DB,HorFim,HorFim,outro,System.DateTime,8,desconhecido,True,Paradox/BDE,outro,"validar em tela, ProcMon e amostra de dados"
outro,MovEquip,MAN\DADOS\MovEquip.DB,CodCondut,CodCondut,id_codigo,System.String,10,provavel,True,Paradox/BDE,identificador/vinculo,"validar em tela, ProcMon e amostra de dados"
outro,MovEquip,MAN\DADOS\MovEquip.DB,Obs1,Obs1,texto_observacao,System.String,200,desconhecido,True,Paradox/BDE,texto_observacao,"validar em tela, ProcMon e amostra de dados"
outro,MovEquip,MAN\DADOS\MovEquip.DB,Obs2,Obs2,texto_observacao,System.String,200,desconhecido,True,Paradox/BDE,texto_observacao,"validar em tela, ProcMon e amostra de dados"
outro,MovEquip,MAN\DADOS\MovEquip.DB,Cancelado,Celular,cliente_ref,System.String,2,desconhecido,True,Paradox/BDE,identificador/vinculo,"validar em tela, ProcMon e amostra de dados"
outro,MovEquip,MAN\DADOS\MovEquip.DB,DatCan,Data,data_hora,System.DateTime,8,desconhecido,True,Paradox/BDE,data_hora,"validar em tela, ProcMon e amostra de dados"
outro,MovEquip,MAN\DADOS\MovEquip.DB,MotivoCan,MotivoCan,texto_observacao,System.String,100,desconhecido,True,Paradox/BDE,texto_observacao,"validar em tela, ProcMon e amostra de dados"
outro,MovEquip,MAN\DADOS\MovEquip.DB,DatFim,Data,data_hora,System.DateTime,8,desconhecido,True,Paradox/BDE,data_hora,"validar em tela, ProcMon e amostra de dados"
outro,MovEquip,MAN\DADOS\MovEquip.DB,Status,Status,status_situacao,System.String,2,desconhecido,True,Paradox/BDE,status_situacao,"validar em tela, ProcMon e amostra de dados"
outro,MovEquip,MAN\DADOS\MovEquip.DB,QdeLimIni,QdeLimIni,outro,System.Int32,4,desconhecido,True,Paradox/BDE,outro,"validar em tela, ProcMon e amostra de dados"
outro,MovEquip,MAN\DADOS\MovEquip.DB,QdeLimFim,QdeLimFim,outro,System.Int32,4,desconhecido,True,Paradox/BDE,outro,"validar em tela, ProcMon e amostra de dados"
outro,MovTrocas,MAN\DADOS\MovTrocas.DB,SeqMovTroc,SeqMovTroc,ordem_rol_ref,System.Int32,4,desconhecido,True,Paradox/BDE,identificador/vinculo,"validar em tela, ProcMon e amostra de dados"
outro,MovTrocas,MAN\DADOS\MovTrocas.DB,CodEquipam,CodEquipam,id_codigo,System.String,16,provavel,True,Paradox/BDE,identificador/vinculo,"validar em tela, ProcMon e amostra de dados"
outro,MovTrocas,MAN\DADOS\MovTrocas.DB,CodPecas,CodPecas,id_codigo,System.String,10,provavel,True,Paradox/BDE,identificador/vinculo,"validar em tela, ProcMon e amostra de dados"
outro,MovTrocas,MAN\DADOS\MovTrocas.DB,DatLan,Data,data_hora,System.DateTime,8,desconhecido,True,Paradox/BDE,data_hora,"validar em tela, ProcMon e amostra de dados"
outro,MovTrocas,MAN\DADOS\MovTrocas.DB,Qtde,Quantidade,quantidade,System.Int32,4,provavel,True,Paradox/BDE,quantidade,"validar em tela, ProcMon e amostra de dados"
outro,MovTrocas,MAN\DADOS\MovTrocas.DB,Cancelado,Celular,cliente_ref,System.String,2,desconhecido,True,Paradox/BDE,identificador/vinculo,"validar em tela, ProcMon e amostra de dados"
outro,MovTrocas,MAN\DADOS\MovTrocas.DB,MotivoCan,MotivoCan,texto_observacao,System.String,100,desconhecido,True,Paradox/BDE,texto_observacao,"validar em tela, ProcMon e amostra de dados"
outro,MovTrocas,MAN\DADOS\MovTrocas.DB,DatCan,Data,data_hora,System.DateTime,8,desconhecido,True,Paradox/BDE,data_hora,"validar em tela, ProcMon e amostra de dados"
outro,MovTrocas,MAN\DADOS\MovTrocas.DB,Valor,Valor,valor_monetario,System.Double,8,provavel,True,Paradox/BDE,valor_monetario,"validar em tela, ProcMon e amostra de dados"
outro,MovTrocas,MAN\DADOS\MovTrocas.DB,Obs,Obs,texto_observacao,System.String,200,desconhecido,True,Paradox/BDE,texto_observacao,"validar em tela, ProcMon e amostra de dados"
outro,MovTrocas,MAN\DADOS\MovTrocas.DB,QdeLim,QdeLim,outro,System.Int32,4,desconhecido,True,Paradox/BDE,outro,"validar em tela, ProcMon e amostra de dados"
financeiro,PrevisaoPag,PAG\FILIAL\PrevisaoPag.DB,Seq,Seq,outro,System.Int32,4,desconhecido,True,Paradox/BDE,outro,"validar em tela, ProcMon e amostra de dados"
financeiro,PrevisaoPag,PAG\FILIAL\PrevisaoPag.DB,CodCla,CodCla,id_codigo,System.String,6,provavel,True,Paradox/BDE,identificador/vinculo,"validar em tela, ProcMon e amostra de dados"
financeiro,PrevisaoPag,PAG\FILIAL\PrevisaoPag.DB,CodSubC,CodSubC,id_codigo,System.String,6,provavel,True,Paradox/BDE,identificador/vinculo,"validar em tela, ProcMon e amostra de dados"
financeiro,PrevisaoPag,PAG\FILIAL\PrevisaoPag.DB,CodFor,CodFor,id_codigo,System.String,20,provavel,True,Paradox/BDE,identificador/vinculo,"validar em tela, ProcMon e amostra de dados"
financeiro,PrevisaoPag,PAG\FILIAL\PrevisaoPag.DB,Valor,Valor,valor_monetario,System.Double,8,provavel,True,Paradox/BDE,valor_monetario,"validar em tela, ProcMon e amostra de dados"
financeiro,PrevisaoPag,PAG\FILIAL\PrevisaoPag.DB,DatIni,Data,data_hora,System.DateTime,8,desconhecido,True,Paradox/BDE,data_hora,"validar em tela, ProcMon e amostra de dados"
financeiro,PrevisaoPag,PAG\FILIAL\PrevisaoPag.DB,DatFim,Data,data_hora,System.DateTime,8,desconhecido,True,Paradox/BDE,data_hora,"validar em tela, ProcMon e amostra de dados"
financeiro,PrevisaoPag,PAG\FILIAL\PrevisaoPag.DB,CodCenCus,CodCenCus,id_codigo,System.String,6,provavel,True,Paradox/BDE,identificador/vinculo,"validar em tela, ProcMon e amostra de dados"
financeiro,PrevisaoPag,PAG\FILIAL\PrevisaoPag.DB,Status,Status,status_situacao,System.String,2,desconhecido,True,Paradox/BDE,status_situacao,"validar em tela, ProcMon e amostra de dados"
financeiro,TitGru,PAG\FILIAL\TitGru.DB,SeqGru,SeqGru,outro,System.Int32,4,desconhecido,True,Paradox/BDE,outro,"validar em tela, ProcMon e amostra de dados"
financeiro,TitGru,PAG\FILIAL\TitGru.DB,CodFor,CodFor,id_codigo,System.String,20,provavel,True,Paradox/BDE,identificador/vinculo,"validar em tela, ProcMon e amostra de dados"
financeiro,TitGru,PAG\FILIAL\TitGru.DB,DatEmi,Data,data_hora,System.DateTime,8,desconhecido,True,Paradox/BDE,data_hora,"validar em tela, ProcMon e amostra de dados"
financeiro,TitGru,PAG\FILIAL\TitGru.DB,DatVen,Data,data_hora,System.DateTime,8,desconhecido,True,Paradox/BDE,data_hora,"validar em tela, ProcMon e amostra de dados"
financeiro,TitGru,PAG\FILIAL\TitGru.DB,ValTit,ValTit,data_hora,System.Double,8,desconhecido,True,Paradox/BDE,data_hora,"validar em tela, ProcMon e amostra de dados"
financeiro,TitGru,PAG\FILIAL\TitGru.DB,Obs,Obs,texto_observacao,System.String,100,desconhecido,True,Paradox/BDE,texto_observacao,"validar em tela, ProcMon e amostra de dados"
financeiro,TitGru,PAG\FILIAL\TitGru.DB,Cancelado,Celular,cliente_ref,System.String,2,desconhecido,True,Paradox/BDE,identificador/vinculo,"validar em tela, ProcMon e amostra de dados"
financeiro,TitGru,PAG\FILIAL\TitGru.DB,DatCan,Data,data_hora,System.DateTime,8,desconhecido,True,Paradox/BDE,data_hora,"validar em tela, ProcMon e amostra de dados"
financeiro,TitGru,PAG\FILIAL\TitGru.DB,MotivoCan,MotivoCan,texto_observacao,System.String,100,desconhecido,True,Paradox/BDE,texto_observacao,"validar em tela, ProcMon e amostra de dados"
financeiro,TitGruLan,PAG\FILIAL\TitGruLan.DB,SeqGru,SeqGru,outro,System.Int32,4,desconhecido,True,Paradox/BDE,outro,"validar em tela, ProcMon e amostra de dados"
financeiro,TitGruLan,PAG\FILIAL\TitGruLan.DB,SeqGruLan,SeqGruLan,outro,System.Int32,4,desconhecido,True,Paradox/BDE,outro,"validar em tela, ProcMon e amostra de dados"
financeiro,TitGruLan,PAG\FILIAL\TitGruLan.DB,CodCla,CodCla,id_codigo,System.String,6,provavel,True,Paradox/BDE,identificador/vinculo,"validar em tela, ProcMon e amostra de dados"
financeiro,TitGruLan,PAG\FILIAL\TitGruLan.DB,CodSubC,CodSubC,id_codigo,System.String,6,provavel,True,Paradox/BDE,identificador/vinculo,"validar em tela, ProcMon e amostra de dados"
financeiro,TitGruLan,PAG\FILIAL\TitGruLan.DB,CodCenCus,CodCenCus,id_codigo,System.String,10,provavel,True,Paradox/BDE,identificador/vinculo,"validar em tela, ProcMon e amostra de dados"
financeiro,TitGruLan,PAG\FILIAL\TitGruLan.DB,Valor,Valor,valor_monetario,System.Double,8,provavel,True,Paradox/BDE,valor_monetario,"validar em tela, ProcMon e amostra de dados"
financeiro,TitGruLan,PAG\FILIAL\TitGruLan.DB,Obs,Obs,texto_observacao,System.String,100,desconhecido,True,Paradox/BDE,texto_observacao,"validar em tela, ProcMon e amostra de dados"
financeiro,TitGruLan,PAG\FILIAL\TitGruLan.DB,Documento,Documento,outro,System.String,60,desconhecido,True,Paradox/BDE,outro,"validar em tela, ProcMon e amostra de dados"
financeiro,Titulos,PAG\FILIAL\Titulos.DB,NumTit,NumTit,id_codigo,System.Double,8,provavel,True,Paradox/BDE,identificador/vinculo,"validar em tela, ProcMon e amostra de dados"
financeiro,Titulos,PAG\FILIAL\Titulos.DB,Seq,Seq,outro,System.Double,8,desconhecido,True,Paradox/BDE,outro,"validar em tela, ProcMon e amostra de dados"
financeiro,Titulos,PAG\FILIAL\Titulos.DB,DatEmi,Data,data_hora,System.DateTime,8,desconhecido,True,Paradox/BDE,data_hora,"validar em tela, ProcMon e amostra de dados"
financeiro,Titulos,PAG\FILIAL\Titulos.DB,DatVen,Data,data_hora,System.DateTime,8,desconhecido,True,Paradox/BDE,data_hora,"validar em tela, ProcMon e amostra de dados"
financeiro,Titulos,PAG\FILIAL\Titulos.DB,ValTot,ValTot,data_hora,System.Double,8,desconhecido,True,Paradox/BDE,data_hora,"validar em tela, ProcMon e amostra de dados"
financeiro,Titulos,PAG\FILIAL\Titulos.DB,ValTit,ValTit,data_hora,System.Double,8,desconhecido,True,Paradox/BDE,data_hora,"validar em tela, ProcMon e amostra de dados"
financeiro,Titulos,PAG\FILIAL\Titulos.DB,Baixa,Baixa,status_situacao,System.String,2,desconhecido,True,Paradox/BDE,status_situacao,"validar em tela, ProcMon e amostra de dados"
financeiro,Titulos,PAG\FILIAL\Titulos.DB,DatPag,Data,data_hora,System.DateTime,8,desconhecido,True,Paradox/BDE,data_hora,"validar em tela, ProcMon e amostra de dados"
financeiro,Titulos,PAG\FILIAL\Titulos.DB,ValTitPag,ValTitPag,data_hora,System.Double,8,desconhecido,True,Paradox/BDE,data_hora,"validar em tela, ProcMon e amostra de dados"
financeiro,Titulos,PAG\FILIAL\Titulos.DB,CodFor,CodFor,id_codigo,System.String,20,provavel,True,Paradox/BDE,identificador/vinculo,"validar em tela, ProcMon e amostra de dados"
financeiro,Titulos,PAG\FILIAL\Titulos.DB,CodBan,CodBan,id_codigo,System.String,10,provavel,True,Paradox/BDE,identificador/vinculo,"validar em tela, ProcMon e amostra de dados"
financeiro,Titulos,PAG\FILIAL\Titulos.DB,CodAgeBan,CodAgeBan,id_codigo,System.String,10,provavel,True,Paradox/BDE,identificador/vinculo,"validar em tela, ProcMon e amostra de dados"
financeiro,Titulos,PAG\FILIAL\Titulos.DB,ConCor,ConCor,outro,System.String,20,desconhecido,True,Paradox/BDE,outro,"validar em tela, ProcMon e amostra de dados"
financeiro,Titulos,PAG\FILIAL\Titulos.DB,NumDev,NumDev,id_codigo,System.String,12,provavel,True,Paradox/BDE,identificador/vinculo,"validar em tela, ProcMon e amostra de dados"
financeiro,Titulos,PAG\FILIAL\Titulos.DB,ValDev,ValDev,outro,System.Double,8,desconhecido,True,Paradox/BDE,outro,"validar em tela, ProcMon e amostra de dados"
financeiro,Titulos,PAG\FILIAL\Titulos.DB,Obs,Obs,texto_observacao,System.String,200,desconhecido,True,Paradox/BDE,texto_observacao,"validar em tela, ProcMon e amostra de dados"
financeiro,Titulos,PAG\FILIAL\Titulos.DB,SeqCai,SeqCai,outro,System.Int32,4,desconhecido,True,Paradox/BDE,outro,"validar em tela, ProcMon e amostra de dados"
financeiro,Titulos,PAG\FILIAL\Titulos.DB,CodCla,CodCla,id_codigo,System.String,6,provavel,True,Paradox/BDE,identificador/vinculo,"validar em tela, ProcMon e amostra de dados"
financeiro,Titulos,PAG\FILIAL\Titulos.DB,SeqBan,SeqBan,outro,System.Int32,4,desconhecido,True,Paradox/BDE,outro,"validar em tela, ProcMon e amostra de dados"
financeiro,Titulos,PAG\FILIAL\Titulos.DB,NumBan,NumBan,id_codigo,System.String,2,provavel,True,Paradox/BDE,identificador/vinculo,"validar em tela, ProcMon e amostra de dados"
financeiro,Titulos,PAG\FILIAL\Titulos.DB,FixLan,FixLan,outro,System.String,2,desconhecido,True,Paradox/BDE,outro,"validar em tela, ProcMon e amostra de dados"
financeiro,Titulos,PAG\FILIAL\Titulos.DB,BanCai,BanCai,outro,System.String,20,desconhecido,True,Paradox/BDE,outro,"validar em tela, ProcMon e amostra de dados"
financeiro,Titulos,PAG\FILIAL\Titulos.DB,CompBaixa,CompBaixa,status_situacao,System.String,40,desconhecido,True,Paradox/BDE,status_situacao,"validar em tela, ProcMon e amostra de dados"
financeiro,Titulos,PAG\FILIAL\Titulos.DB,CodSubC,CodSubC,id_codigo,System.String,6,provavel,True,Paradox/BDE,identificador/vinculo,"validar em tela, ProcMon e amostra de dados"
financeiro,Titulos,PAG\FILIAL\Titulos.DB,Cancelado,Celular,cliente_ref,System.String,2,desconhecido,True,Paradox/BDE,identificador/vinculo,"validar em tela, ProcMon e amostra de dados"
financeiro,Titulos,PAG\FILIAL\Titulos.DB,MotivoCan,MotivoCan,texto_observacao,System.String,100,desconhecido,True,Paradox/BDE,texto_observacao,"validar em tela, ProcMon e amostra de dados"
financeiro,Titulos,PAG\FILIAL\Titulos.DB,CodCenCus,CodCenCus,id_codigo,System.String,6,provavel,True,Paradox/BDE,identificador/vinculo,"validar em tela, ProcMon e amostra de dados"
financeiro,Titulos,PAG\FILIAL\Titulos.DB,TipOpe,TipOpe,outro,System.String,4,desconhecido,True,Paradox/BDE,outro,"validar em tela, ProcMon e amostra de dados"
financeiro,Titulos,PAG\FILIAL\Titulos.DB,Documento,Documento,outro,System.String,60,desconhecido,True,Paradox/BDE,outro,"validar em tela, ProcMon e amostra de dados"
financeiro,Titulos,PAG\FILIAL\Titulos.DB,Obs2,Obs2,texto_observacao,System.String,200,desconhecido,True,Paradox/BDE,texto_observacao,"validar em tela, ProcMon e amostra de dados"
financeiro,Titulos,PAG\FILIAL\Titulos.DB,CodOpe,CodOpe,id_codigo,System.String,20,provavel,True,Paradox/BDE,identificador/vinculo,"validar em tela, ProcMon e amostra de dados"
financeiro,Titulos,PAG\FILIAL\Titulos.DB,CodOpeSeq,CodOpeSeq,id_codigo,System.String,20,provavel,True,Paradox/BDE,identificador/vinculo,"validar em tela, ProcMon e amostra de dados"
financeiro,Titulos,PAG\FILIAL\Titulos.DB,DatSusp,Data,data_hora,System.DateTime,8,desconhecido,True,Paradox/BDE,data_hora,"validar em tela, ProcMon e amostra de dados"
financeiro,Titulos,PAG\FILIAL\Titulos.DB,DatCan,Data,data_hora,System.DateTime,8,desconhecido,True,Paradox/BDE,data_hora,"validar em tela, ProcMon e amostra de dados"
financeiro,Titulos,PAG\FILIAL\Titulos.DB,CodClaProj,CodClaProj,id_codigo,System.String,10,provavel,True,Paradox/BDE,identificador/vinculo,"validar em tela, ProcMon e amostra de dados"
financeiro,Titulos,PAG\FILIAL\Titulos.DB,CodUnid,CodUnid,id_codigo,System.String,10,provavel,True,Paradox/BDE,identificador/vinculo,"validar em tela, ProcMon e amostra de dados"
outro,ClaManut,PEC\DADOS\ClaManut.DB,CodClaMan,CodClaMan,id_codigo,System.String,10,provavel,True,Paradox/BDE,identificador/vinculo,"validar em tela, ProcMon e amostra de dados"
outro,ClaManut,PEC\DADOS\ClaManut.DB,DesClaMan,Desconto/Descricao,valor_monetario,System.String,40,desconhecido,True,Paradox/BDE,valor_monetario,"validar em tela, ProcMon e amostra de dados"
outro,ClaManut,PEC\DADOS\ClaManut.DB,ObsClaMan,ObsClaMan,texto_observacao,System.String,60,desconhecido,True,Paradox/BDE,texto_observacao,"validar em tela, ProcMon e amostra de dados"
outro,ClaManut,PEC\DADOS\ClaManut.DB,Cancelado,Celular,cliente_ref,System.String,2,desconhecido,True,Paradox/BDE,identificador/vinculo,"validar em tela, ProcMon e amostra de dados"
outro,ClaManut,PEC\DADOS\ClaManut.DB,DatCan,Data,data_hora,System.DateTime,8,desconhecido,True,Paradox/BDE,data_hora,"validar em tela, ProcMon e amostra de dados"
outro,ClaManut,PEC\DADOS\ClaManut.DB,MotivoCan,MotivoCan,texto_observacao,System.String,100,desconhecido,True,Paradox/BDE,texto_observacao,"validar em tela, ProcMon e amostra de dados"
outro,ClaManut,PEC\DADOS\ClaManut.DB,ValCusto,ValCusto,valor_monetario,System.Double,8,desconhecido,True,Paradox/BDE,valor_monetario,"validar em tela, ProcMon e amostra de dados"
outro,ClaPerda,PEC\DADOS\ClaPerda.DB,CodClaPer,CodClaPer,id_codigo,System.String,10,provavel,True,Paradox/BDE,identificador/vinculo,"validar em tela, ProcMon e amostra de dados"
outro,ClaPerda,PEC\DADOS\ClaPerda.DB,DesClaPer,Desconto/Descricao,valor_monetario,System.String,40,desconhecido,True,Paradox/BDE,valor_monetario,"validar em tela, ProcMon e amostra de dados"
outro,ClaPerda,PEC\DADOS\ClaPerda.DB,ObsClaPer,ObsClaPer,texto_observacao,System.String,60,desconhecido,True,Paradox/BDE,texto_observacao,"validar em tela, ProcMon e amostra de dados"
outro,ClaPerda,PEC\DADOS\ClaPerda.DB,Cancelado,Celular,cliente_ref,System.String,2,desconhecido,True,Paradox/BDE,identificador/vinculo,"validar em tela, ProcMon e amostra de dados"
outro,ClaPerda,PEC\DADOS\ClaPerda.DB,DatCan,Data,data_hora,System.DateTime,8,desconhecido,True,Paradox/BDE,data_hora,"validar em tela, ProcMon e amostra de dados"
outro,ClaPerda,PEC\DADOS\ClaPerda.DB,MotivoCan,MotivoCan,texto_observacao,System.String,100,desconhecido,True,Paradox/BDE,texto_observacao,"validar em tela, ProcMon e amostra de dados"
outro,FunAfastam,PEC\DADOS\FunAfastam.DB,CodCli,Cliente,id_codigo,System.String,20,provavel,True,Paradox/BDE,identificador/vinculo,"validar em tela, ProcMon e amostra de dados"
outro,FunAfastam,PEC\DADOS\FunAfastam.DB,CodFun,CodFun,id_codigo,System.String,20,provavel,True,Paradox/BDE,identificador/vinculo,"validar em tela, ProcMon e amostra de dados"
outro,FunAfastam,PEC\DADOS\FunAfastam.DB,DatInicio,Data,data_hora,System.DateTime,8,desconhecido,True,Paradox/BDE,data_hora,"validar em tela, ProcMon e amostra de dados"
outro,FunAfastam,PEC\DADOS\FunAfastam.DB,DatFinal,Data,data_hora,System.DateTime,8,desconhecido,True,Paradox/BDE,data_hora,"validar em tela, ProcMon e amostra de dados"
outro,FunAfastam,PEC\DADOS\FunAfastam.DB,Motivo,Motivo,texto_observacao,System.String,200,desconhecido,True,Paradox/BDE,texto_observacao,"validar em tela, ProcMon e amostra de dados"
outro,FunAfastam,PEC\DADOS\FunAfastam.DB,Cancelado,Celular,cliente_ref,System.String,2,desconhecido,True,Paradox/BDE,identificador/vinculo,"validar em tela, ProcMon e amostra de dados"
outro,FunAfastam,PEC\DADOS\FunAfastam.DB,DatCanc,Data,data_hora,System.DateTime,8,desconhecido,True,Paradox/BDE,data_hora,"validar em tela, ProcMon e amostra de dados"
outro,FunAfastam,PEC\DADOS\FunAfastam.DB,MotivoCanc,MotivoCanc,texto_observacao,System.String,100,desconhecido,True,Paradox/BDE,texto_observacao,"validar em tela, ProcMon e amostra de dados"
cliente,FunCli,PEC\DADOS\FunCli.DB,CodCli,Cliente,id_codigo,System.String,20,provavel,True,Paradox/BDE,identificador/vinculo,"validar em tela, ProcMon e amostra de dados"
cliente,FunCli,PEC\DADOS\FunCli.DB,CodFun,CodFun,id_codigo,System.String,20,provavel,True,Paradox/BDE,identificador/vinculo,"validar em tela, ProcMon e amostra de dados"
cliente,FunCli,PEC\DADOS\FunCli.DB,NomFun,NomFun,outro,System.String,80,desconhecido,True,Paradox/BDE,outro,"validar em tela, ProcMon e amostra de dados"
cliente,FunCli,PEC\DADOS\FunCli.DB,EndFun,Endereco,cliente_ref,System.String,80,desconhecido,True,Paradox/BDE,identificador/vinculo,"validar em tela, ProcMon e amostra de dados"
cliente,FunCli,PEC\DADOS\FunCli.DB,BaiFun,BaiFun,outro,System.String,40,desconhecido,True,Paradox/BDE,outro,"validar em tela, ProcMon e amostra de dados"
cliente,FunCli,PEC\DADOS\FunCli.DB,CidFun,CidFun,outro,System.String,40,provavel,True,Paradox/BDE,outro,"validar em tela, ProcMon e amostra de dados"
cliente,FunCli,PEC\DADOS\FunCli.DB,EstFun,EstFun,outro,System.String,4,desconhecido,True,Paradox/BDE,outro,"validar em tela, ProcMon e amostra de dados"
cliente,FunCli,PEC\DADOS\FunCli.DB,CepFun,CEP,cliente_ref,System.String,16,desconhecido,True,Paradox/BDE,identificador/vinculo,"validar em tela, ProcMon e amostra de dados"
cliente,FunCli,PEC\DADOS\FunCli.DB,DatAdm,Data,data_hora,System.DateTime,8,provavel,True,Paradox/BDE,data_hora,"validar em tela, ProcMon e amostra de dados"
cliente,FunCli,PEC\DADOS\FunCli.DB,ChapaFun,ChapaFun,outro,System.String,30,desconhecido,True,Paradox/BDE,outro,"validar em tela, ProcMon e amostra de dados"
cliente,FunCli,PEC\DADOS\FunCli.DB,SitFun,SitFun,status_situacao,System.String,2,desconhecido,True,Paradox/BDE,status_situacao,"validar em tela, ProcMon e amostra de dados"
cliente,FunCli,PEC\DADOS\FunCli.DB,CodCenCus,CodCenCus,id_codigo,System.String,20,provavel,True,Paradox/BDE,identificador/vinculo,"validar em tela, ProcMon e amostra de dados"
cliente,FunCli,PEC\DADOS\FunCli.DB,Box,Box,outro,System.String,20,desconhecido,True,Paradox/BDE,outro,"validar em tela, ProcMon e amostra de dados"
cliente,FunCli,PEC\DADOS\FunCli.DB,Obs1,Obs1,texto_observacao,System.String,100,desconhecido,True,Paradox/BDE,texto_observacao,"validar em tela, ProcMon e amostra de dados"
cliente,FunCli,PEC\DADOS\FunCli.DB,Obs2,Obs2,texto_observacao,System.String,100,desconhecido,True,Paradox/BDE,texto_observacao,"validar em tela, ProcMon e amostra de dados"
cliente,FunCli,PEC\DADOS\FunCli.DB,Cancelado,Celular,cliente_ref,System.String,2,desconhecido,True,Paradox/BDE,identificador/vinculo,"validar em tela, ProcMon e amostra de dados"
cliente,FunCli,PEC\DADOS\FunCli.DB,TamRoupa,TamRoupa,outro,System.String,10,desconhecido,True,Paradox/BDE,outro,"validar em tela, ProcMon e amostra de dados"
cliente,FunCli,PEC\DADOS\FunCli.DB,Gaveta,Gaveta,outro,System.String,20,desconhecido,True,Paradox/BDE,outro,"validar em tela, ProcMon e amostra de dados"
cliente,FunCli,PEC\DADOS\FunCli.DB,FemMas,FemMas,outro,System.String,2,desconhecido,True,Paradox/BDE,outro,"validar em tela, ProcMon e amostra de dados"
cliente,FunCli,PEC\DADOS\FunCli.DB,Funcao,Funcao,outro,System.String,40,desconhecido,True,Paradox/BDE,outro,"validar em tela, ProcMon e amostra de dados"
cliente,FunCli,PEC\DADOS\FunCli.DB,Setor,Setor,outro,System.String,40,desconhecido,True,Paradox/BDE,outro,"validar em tela, ProcMon e amostra de dados"
cliente,FunCli,PEC\DADOS\FunCli.DB,Apelido,Apelido,outro,System.String,80,provavel,True,Paradox/BDE,outro,"validar em tela, ProcMon e amostra de dados"
cliente,FunCli,PEC\DADOS\FunCli.DB,Chave,Chave,id_codigo,System.String,20,provavel,True,Paradox/BDE,identificador/vinculo,"validar em tela, ProcMon e amostra de dados"
cliente,FunCli,PEC\DADOS\FunCli.DB,Turno,Turno,outro,System.String,20,desconhecido,True,Paradox/BDE,outro,"validar em tela, ProcMon e amostra de dados"
cliente,FunCli,PEC\DADOS\FunCli.DB,Disp1,Disp1,outro,System.String,6,desconhecido,True,Paradox/BDE,outro,"validar em tela, ProcMon e amostra de dados"
cliente,FunCliCan,PEC\DADOS\FunCliCan.DB,CodCli,Cliente,id_codigo,System.String,20,provavel,True,Paradox/BDE,identificador/vinculo,"validar em tela, ProcMon e amostra de dados"
cliente,FunCliCan,PEC\DADOS\FunCliCan.DB,CodFun,CodFun,id_codigo,System.String,20,provavel,True,Paradox/BDE,identificador/vinculo,"validar em tela, ProcMon e amostra de dados"
cliente,FunCliCan,PEC\DADOS\FunCliCan.DB,DatCan,Data,data_hora,System.DateTime,8,desconhecido,True,Paradox/BDE,data_hora,"validar em tela, ProcMon e amostra de dados"
cliente,FunCliCan,PEC\DADOS\FunCliCan.DB,MotivoCan,MotivoCan,texto_observacao,System.String,200,desconhecido,True,Paradox/BDE,texto_observacao,"validar em tela, ProcMon e amostra de dados"
cliente,FunCliCan,PEC\DADOS\FunCliCan.DB,CodUsuario,CodUsuario,id_codigo,System.String,20,provavel,True,Paradox/BDE,identificador/vinculo,"validar em tela, ProcMon e amostra de dados"
cliente,FunCliRou,PEC\DADOS\FunCliRou.DB,CodRoupa,CodRoupa,id_codigo,System.String,40,provavel,True,Paradox/BDE,identificador/vinculo,"validar em tela, ProcMon e amostra de dados"
cliente,FunCliRou,PEC\DADOS\FunCliRou.DB,CodCli,Cliente,id_codigo,System.String,20,provavel,True,Paradox/BDE,identificador/vinculo,"validar em tela, ProcMon e amostra de dados"
cliente,FunCliRou,PEC\DADOS\FunCliRou.DB,CodFun,CodFun,id_codigo,System.String,20,provavel,True,Paradox/BDE,identificador/vinculo,"validar em tela, ProcMon e amostra de dados"
cliente,FunCliRou,PEC\DADOS\FunCliRou.DB,CodPro,CodPro,id_codigo,System.String,6,provavel,True,Paradox/BDE,identificador/vinculo,"validar em tela, ProcMon e amostra de dados"
cliente,FunCliRou,PEC\DADOS\FunCliRou.DB,SitRoupa,SitRoupa,status_situacao,System.String,2,desconhecido,True,Paradox/BDE,status_situacao,"validar em tela, ProcMon e amostra de dados"
cliente,FunCliRou,PEC\DADOS\FunCliRou.DB,DatCad,Data,data_hora,System.DateTime,8,desconhecido,True,Paradox/BDE,data_hora,"validar em tela, ProcMon e amostra de dados"
cliente,FunCliRou,PEC\DADOS\FunCliRou.DB,ObsRoupa,ObsRoupa,texto_observacao,System.String,60,desconhecido,True,Paradox/BDE,texto_observacao,"validar em tela, ProcMon e amostra de dados"
cliente,FunCliRou,PEC\DADOS\FunCliRou.DB,CodCor,CodCor,id_codigo,System.String,6,provavel,True,Paradox/BDE,identificador/vinculo,"validar em tela, ProcMon e amostra de dados"
cliente,FunCliRou,PEC\DADOS\FunCliRou.DB,Modelo,Modelo,produto_ref,System.String,20,desconhecido,True,Paradox/BDE,identificador/vinculo,"validar em tela, ProcMon e amostra de dados"
cliente,FunCliRou,PEC\DADOS\FunCliRou.DB,TamRoupa,TamRoupa,outro,System.String,10,desconhecido,True,Paradox/BDE,outro,"validar em tela, ProcMon e amostra de dados"
cliente,FunCliRou,PEC\DADOS\FunCliRou.DB,FatPre01,FatPre01,outro,System.String,6,desconhecido,True,Paradox/BDE,outro,"validar em tela, ProcMon e amostra de dados"
cliente,FunCliRou,PEC\DADOS\FunCliRou.DB,CodDef,CodDef,id_codigo,System.String,6,provavel,True,Paradox/BDE,identificador/vinculo,"validar em tela, ProcMon e amostra de dados"
cliente,FunCliRou,PEC\DADOS\FunCliRou.DB,CodTipTec,CodTipTec,id_codigo,System.String,6,provavel,True,Paradox/BDE,identificador/vinculo,"validar em tela, ProcMon e amostra de dados"
cliente,FunCliRou,PEC\DADOS\FunCliRou.DB,Seq,Seq,outro,System.String,4,desconhecido,True,Paradox/BDE,outro,"validar em tela, ProcMon e amostra de dados"
cliente,FunCliRou,PEC\DADOS\FunCliRou.DB,ImpEti,ImpEti,outro,System.String,2,desconhecido,True,Paradox/BDE,outro,"validar em tela, ProcMon e amostra de dados"
cliente,FunCliRou,PEC\DADOS\FunCliRou.DB,QdeProc,QdeProc,outro,System.Int32,4,desconhecido,True,Paradox/BDE,outro,"validar em tela, ProcMon e amostra de dados"
cliente,FunCliRou,PEC\DADOS\FunCliRou.DB,VidaUtil,VidaUtil,outro,System.Int32,4,provavel,True,Paradox/BDE,outro,"validar em tela, ProcMon e amostra de dados"
cliente,FunCliRou,PEC\DADOS\FunCliRou.DB,IntAval,IntAval,outro,System.Int32,4,desconhecido,True,Paradox/BDE,outro,"validar em tela, ProcMon e amostra de dados"
cliente,FunCliRou,PEC\DADOS\FunCliRou.DB,CodFor,CodFor,id_codigo,System.String,20,provavel,True,Paradox/BDE,identificador/vinculo,"validar em tela, ProcMon e amostra de dados"
cliente,FunCliRou,PEC\DADOS\FunCliRou.DB,Valor,Valor,valor_monetario,System.Double,8,provavel,True,Paradox/BDE,valor_monetario,"validar em tela, ProcMon e amostra de dados"
cliente,FunCliRouM,PEC\DADOS\FunCliRouM.DB,CodRoupa,CodRoupa,id_codigo,System.String,40,provavel,True,Paradox/BDE,identificador/vinculo,"validar em tela, ProcMon e amostra de dados"
cliente,FunCliRouM,PEC\DADOS\FunCliRouM.DB,CodClaMan,CodClaMan,id_codigo,System.String,10,provavel,True,Paradox/BDE,identificador/vinculo,"validar em tela, ProcMon e amostra de dados"
cliente,FunCliRouM,PEC\DADOS\FunCliRouM.DB,DatMan,Data,data_hora,System.DateTime,8,desconhecido,True,Paradox/BDE,data_hora,"validar em tela, ProcMon e amostra de dados"
cliente,FunCliRouM,PEC\DADOS\FunCliRouM.DB,CodUsuario,CodUsuario,id_codigo,System.String,20,provavel,True,Paradox/BDE,identificador/vinculo,"validar em tela, ProcMon e amostra de dados"
cliente,FunCliRouM,PEC\DADOS\FunCliRouM.DB,CompMan,CompMan,outro,System.String,100,desconhecido,True,Paradox/BDE,outro,"validar em tela, ProcMon e amostra de dados"
cliente,FunCliRouM,PEC\DADOS\FunCliRouM.DB,CodFun,CodFun,id_codigo,System.String,20,provavel,True,Paradox/BDE,identificador/vinculo,"validar em tela, ProcMon e amostra de dados"
cliente,FunCliRouM,PEC\DADOS\FunCliRouM.DB,SitMan,SitMan,status_situacao,System.String,2,desconhecido,True,Paradox/BDE,status_situacao,"validar em tela, ProcMon e amostra de dados"
cliente,FunCliRouM,PEC\DADOS\FunCliRouM.DB,CodFor,CodFor,id_codigo,System.String,20,provavel,True,Paradox/BDE,identificador/vinculo,"validar em tela, ProcMon e amostra de dados"
cliente,FunCliRouM,PEC\DADOS\FunCliRouM.DB,DatRet,Data,data_hora,System.DateTime,8,desconhecido,True,Paradox/BDE,data_hora,"validar em tela, ProcMon e amostra de dados"
cliente,FunCliRouM,PEC\DADOS\FunCliRouM.DB,HorRet,HorRet,outro,System.DateTime,8,desconhecido,True,Paradox/BDE,outro,"validar em tela, ProcMon e amostra de dados"
cliente,FunCliRouM,PEC\DADOS\FunCliRouM.DB,RetUsuario,RetUsuario,usuario_auditoria,System.String,20,desconhecido,True,Paradox/BDE,usuario_auditoria,"validar em tela, ProcMon e amostra de dados"
cliente,FunCliRouM,PEC\DADOS\FunCliRouM.DB,Cancelado,Celular,cliente_ref,System.String,2,desconhecido,True,Paradox/BDE,identificador/vinculo,"validar em tela, ProcMon e amostra de dados"
cliente,FunCliRouM,PEC\DADOS\FunCliRouM.DB,BaiSaida,BaiSaida,outro,System.String,2,provavel,True,Paradox/BDE,outro,"validar em tela, ProcMon e amostra de dados"
cliente,FunCliRouM,PEC\DADOS\FunCliRouM.DB,CodCli,Cliente,id_codigo,System.String,20,provavel,True,Paradox/BDE,identificador/vinculo,"validar em tela, ProcMon e amostra de dados"
cliente,FunCliRouM,PEC\DADOS\FunCliRouM.DB,DatBaixa,Data,data_hora,System.DateTime,8,desconhecido,True,Paradox/BDE,data_hora,"validar em tela, ProcMon e amostra de dados"
cliente,FunCliRouM,PEC\DADOS\FunCliRouM.DB,HorBaixa,HorBaixa,status_situacao,System.DateTime,8,desconhecido,True,Paradox/BDE,status_situacao,"validar em tela, ProcMon e amostra de dados"
cliente,FunCliRouP,PEC\DADOS\FunCliRouP.DB,CodRoupa,CodRoupa,id_codigo,System.String,40,provavel,True,Paradox/BDE,identificador/vinculo,"validar em tela, ProcMon e amostra de dados"
cliente,FunCliRouP,PEC\DADOS\FunCliRouP.DB,CodClaPer,CodClaPer,id_codigo,System.String,10,provavel,True,Paradox/BDE,identificador/vinculo,"validar em tela, ProcMon e amostra de dados"
cliente,FunCliRouP,PEC\DADOS\FunCliRouP.DB,DatPer,Data,data_hora,System.DateTime,8,desconhecido,True,Paradox/BDE,data_hora,"validar em tela, ProcMon e amostra de dados"
cliente,FunCliRouP,PEC\DADOS\FunCliRouP.DB,CodUsuario,CodUsuario,id_codigo,System.String,20,provavel,True,Paradox/BDE,identificador/vinculo,"validar em tela, ProcMon e amostra de dados"
cliente,FunCliRouP,PEC\DADOS\FunCliRouP.DB,CompPer,CompPer,outro,System.String,100,desconhecido,True,Paradox/BDE,outro,"validar em tela, ProcMon e amostra de dados"
cliente,FunCliRouP,PEC\DADOS\FunCliRouP.DB,CodFun,CodFun,id_codigo,System.String,20,provavel,True,Paradox/BDE,identificador/vinculo,"validar em tela, ProcMon e amostra de dados"
cliente,FunCliRouUni,PEC\DADOS\FunCliRouUni.DB,CodCli,Cliente,id_codigo,System.String,20,provavel,True,Paradox/BDE,identificador/vinculo,"validar em tela, ProcMon e amostra de dados"
cliente,FunCliRouUni,PEC\DADOS\FunCliRouUni.DB,CodFun,CodFun,id_codigo,System.String,20,provavel,True,Paradox/BDE,identificador/vinculo,"validar em tela, ProcMon e amostra de dados"
cliente,FunCliRouUni,PEC\DADOS\FunCliRouUni.DB,CodPro,CodPro,id_codigo,System.String,6,provavel,True,Paradox/BDE,identificador/vinculo,"validar em tela, ProcMon e amostra de dados"
cliente,FunCliRouUni,PEC\DADOS\FunCliRouUni.DB,TamRoupa,TamRoupa,outro,System.String,10,desconhecido,True,Paradox/BDE,outro,"validar em tela, ProcMon e amostra de dados"
cliente,FunCliRouUni,PEC\DADOS\FunCliRouUni.DB,Qde,Qde,outro,System.Int32,4,desconhecido,True,Paradox/BDE,outro,"validar em tela, ProcMon e amostra de dados"
config_admin,AvisoRoupa,PEC\FILIAL\AvisoRoupa.DB,SeqAviso,SeqAviso,outro,System.Int32,4,desconhecido,True,Paradox/BDE,outro,"validar em tela, ProcMon e amostra de dados"
config_admin,AvisoRoupa,PEC\FILIAL\AvisoRoupa.DB,CodRoupa,CodRoupa,id_codigo,System.String,40,provavel,True,Paradox/BDE,identificador/vinculo,"validar em tela, ProcMon e amostra de dados"
config_admin,AvisoRoupa,PEC\FILIAL\AvisoRoupa.DB,DatLan,Data,data_hora,System.DateTime,8,desconhecido,True,Paradox/BDE,data_hora,"validar em tela, ProcMon e amostra de dados"
config_admin,AvisoRoupa,PEC\FILIAL\AvisoRoupa.DB,HorLan,HorLan,outro,System.DateTime,8,desconhecido,True,Paradox/BDE,outro,"validar em tela, ProcMon e amostra de dados"
config_admin,AvisoRoupa,PEC\FILIAL\AvisoRoupa.DB,CodUsuario,CodUsuario,id_codigo,System.String,20,provavel,True,Paradox/BDE,identificador/vinculo,"validar em tela, ProcMon e amostra de dados"
config_admin,AvisoRoupa,PEC\FILIAL\AvisoRoupa.DB,MotAviso,MotAviso,outro,System.String,200,desconhecido,True,Paradox/BDE,outro,"validar em tela, ProcMon e amostra de dados"
config_admin,AvisoRoupa,PEC\FILIAL\AvisoRoupa.DB,PosRoupa,PosRoupa,ordem_rol_ref,System.String,10,desconhecido,True,Paradox/BDE,identificador/vinculo,"validar em tela, ProcMon e amostra de dados"
config_admin,AvisoRoupa,PEC\FILIAL\AvisoRoupa.DB,ResUsuario,ResUsuario,usuario_auditoria,System.String,20,desconhecido,True,Paradox/BDE,usuario_auditoria,"validar em tela, ProcMon e amostra de dados"
config_admin,AvisoRoupa,PEC\FILIAL\AvisoRoupa.DB,GeraAlerta,GeraAlerta,outro,System.String,2,desconhecido,True,Paradox/BDE,outro,"validar em tela, ProcMon e amostra de dados"
config_admin,AvisoRoupa,PEC\FILIAL\AvisoRoupa.DB,CodClaMan,CodClaMan,id_codigo,System.String,10,provavel,True,Paradox/BDE,identificador/vinculo,"validar em tela, ProcMon e amostra de dados"
config_admin,AvisoRoupa,PEC\FILIAL\AvisoRoupa.DB,DatMan,Data,data_hora,System.DateTime,8,desconhecido,True,Paradox/BDE,data_hora,"validar em tela, ProcMon e amostra de dados"
config_admin,AvisoRoupa,PEC\FILIAL\AvisoRoupa.DB,SitAviso,SitAviso,status_situacao,System.String,2,desconhecido,True,Paradox/BDE,status_situacao,"validar em tela, ProcMon e amostra de dados"
config_admin,AvisoRoupa,PEC\FILIAL\AvisoRoupa.DB,ObsAviso,ObsAviso,texto_observacao,System.String,200,desconhecido,True,Paradox/BDE,texto_observacao,"validar em tela, ProcMon e amostra de dados"
config_admin,AvisoRoupa,PEC\FILIAL\AvisoRoupa.DB,DatProces,Data,data_hora,System.DateTime,8,desconhecido,True,Paradox/BDE,data_hora,"validar em tela, ProcMon e amostra de dados"
config_admin,AvisoRoupa,PEC\FILIAL\AvisoRoupa.DB,HorProces,HorProces,outro,System.DateTime,8,desconhecido,True,Paradox/BDE,outro,"validar em tela, ProcMon e amostra de dados"
config_admin,AvisoRoupa,PEC\FILIAL\AvisoRoupa.DB,UsuarioProces,UsuarioProces,usuario_auditoria,System.String,20,desconhecido,True,Paradox/BDE,usuario_auditoria,"validar em tela, ProcMon e amostra de dados"
auditoria_log,LogSisPec,PEC\FILIAL\LogSisPec.DB,Sequencia,Sequencia,outro,System.Int32,4,desconhecido,False,Paradox/BDE,outro,"validar em tela, ProcMon e amostra de dados"
auditoria_log,LogSisPec,PEC\FILIAL\LogSisPec.DB,CodUsuario,CodUsuario,id_codigo,System.String,20,provavel,True,Paradox/BDE,identificador/vinculo,"validar em tela, ProcMon e amostra de dados"
auditoria_log,LogSisPec,PEC\FILIAL\LogSisPec.DB,Sistema,Sistema,outro,System.String,8,desconhecido,True,Paradox/BDE,outro,"validar em tela, ProcMon e amostra de dados"
auditoria_log,LogSisPec,PEC\FILIAL\LogSisPec.DB,Data,Data,data_hora,System.DateTime,8,provavel,True,Paradox/BDE,data_hora,"validar em tela, ProcMon e amostra de dados"
auditoria_log,LogSisPec,PEC\FILIAL\LogSisPec.DB,Tipo,Tipo,outro,System.String,6,desconhecido,True,Paradox/BDE,outro,"validar em tela, ProcMon e amostra de dados"
auditoria_log,LogSisPec,PEC\FILIAL\LogSisPec.DB,Descricao1,Desconto/Descricao,valor_monetario,System.String,200,desconhecido,True,Paradox/BDE,valor_monetario,"validar em tela, ProcMon e amostra de dados"
auditoria_log,LogSisPec,PEC\FILIAL\LogSisPec.DB,Descricao2,Desconto/Descricao,valor_monetario,System.String,200,desconhecido,True,Paradox/BDE,valor_monetario,"validar em tela, ProcMon e amostra de dados"
auditoria_log,LogSisPec,PEC\FILIAL\LogSisPec.DB,SeqExporta,SeqExporta,outro,System.Int32,4,desconhecido,True,Paradox/BDE,outro,"validar em tela, ProcMon e amostra de dados"
auditoria_log,LogSisPec,PEC\FILIAL\LogSisPec.DB,Chave,Chave,id_codigo,System.String,30,provavel,True,Paradox/BDE,identificador/vinculo,"validar em tela, ProcMon e amostra de dados"
auditoria_log,LogSisPec,PEC\FILIAL\LogSisPec.DB,NomeChave,Nome,id_codigo,System.String,20,provavel,True,Paradox/BDE,identificador/vinculo,"validar em tela, ProcMon e amostra de dados"
auditoria_log,LogSisPec,PEC\FILIAL\LogSisPec.DB,CodVen,CodVen,id_codigo,System.String,10,provavel,True,Paradox/BDE,identificador/vinculo,"validar em tela, ProcMon e amostra de dados"
ordem_servico_rol,MovRoupa,PEC\FILIAL\MovRoupa.DB,CodRoupa,CodRoupa,id_codigo,System.String,40,provavel,True,Paradox/BDE,identificador/vinculo,"validar em tela, ProcMon e amostra de dados"
ordem_servico_rol,MovRoupa,PEC\FILIAL\MovRoupa.DB,DatLan,Data,data_hora,System.DateTime,8,desconhecido,True,Paradox/BDE,data_hora,"validar em tela, ProcMon e amostra de dados"
ordem_servico_rol,MovRoupa,PEC\FILIAL\MovRoupa.DB,HorLan,HorLan,outro,System.DateTime,8,desconhecido,True,Paradox/BDE,outro,"validar em tela, ProcMon e amostra de dados"
ordem_servico_rol,MovRoupa,PEC\FILIAL\MovRoupa.DB,CodUsuario,CodUsuario,id_codigo,System.String,20,provavel,True,Paradox/BDE,identificador/vinculo,"validar em tela, ProcMon e amostra de dados"
ordem_servico_rol,MovRoupa,PEC\FILIAL\MovRoupa.DB,LotRoupa,LotRoupa,outro,System.Int32,4,desconhecido,True,Paradox/BDE,outro,"validar em tela, ProcMon e amostra de dados"
ordem_servico_rol,MovRoupa,PEC\FILIAL\MovRoupa.DB,PosRoupa,PosRoupa,ordem_rol_ref,System.String,10,desconhecido,True,Paradox/BDE,identificador/vinculo,"validar em tela, ProcMon e amostra de dados"
ordem_servico_rol,MovRoupa,PEC\FILIAL\MovRoupa.DB,CodCli,Cliente,id_codigo,System.String,20,provavel,True,Paradox/BDE,identificador/vinculo,"validar em tela, ProcMon e amostra de dados"
ordem_servico_rol,MovRoupa,PEC\FILIAL\MovRoupa.DB,CodFun,CodFun,id_codigo,System.String,20,provavel,True,Paradox/BDE,identificador/vinculo,"validar em tela, ProcMon e amostra de dados"
ordem_servico_rol,MovRoupa,PEC\FILIAL\MovRoupa.DB,Lote,Lote,outro,System.Int32,4,desconhecido,True,Paradox/BDE,outro,"validar em tela, ProcMon e amostra de dados"
ordem_servico_rol,MovRoupa,PEC\FILIAL\MovRoupa.DB,CenCusCli,CenCusCli,outro,System.String,10,desconhecido,True,Paradox/BDE,outro,"validar em tela, ProcMon e amostra de dados"
ordem_servico_rol,MovRoupa,PEC\FILIAL\MovRoupa.DB,CodPra,CodPra,id_codigo,System.String,6,provavel,True,Paradox/BDE,identificador/vinculo,"validar em tela, ProcMon e amostra de dados"
ordem_servico_rol,MovRoupa,PEC\FILIAL\MovRoupa.DB,CodTipEnt,CodTipEnt,id_codigo,System.String,2,provavel,True,Paradox/BDE,identificador/vinculo,"validar em tela, ProcMon e amostra de dados"
ordem_servico_rol,MovRoupa,PEC\FILIAL\MovRoupa.DB,CodTipSer,CodTipSer,id_codigo,System.String,2,provavel,True,Paradox/BDE,identificador/vinculo,"validar em tela, ProcMon e amostra de dados"
ordem_servico_rol,MovRoupaConf,PEC\FILIAL\MovRoupaConf.DB,CodRoupa,CodRoupa,id_codigo,System.String,40,provavel,True,Paradox/BDE,identificador/vinculo,"validar em tela, ProcMon e amostra de dados"
ordem_servico_rol,MovRoupaConf,PEC\FILIAL\MovRoupaConf.DB,DatLan,Data,data_hora,System.DateTime,8,desconhecido,True,Paradox/BDE,data_hora,"validar em tela, ProcMon e amostra de dados"
ordem_servico_rol,MovRoupaConf,PEC\FILIAL\MovRoupaConf.DB,HorLan,HorLan,outro,System.DateTime,8,desconhecido,True,Paradox/BDE,outro,"validar em tela, ProcMon e amostra de dados"
ordem_servico_rol,MovRoupaConf,PEC\FILIAL\MovRoupaConf.DB,CodUsuario,CodUsuario,id_codigo,System.String,20,provavel,True,Paradox/BDE,identificador/vinculo,"validar em tela, ProcMon e amostra de dados"
ordem_servico_rol,MovRoupaConf,PEC\FILIAL\MovRoupaConf.DB,LotRoupa,LotRoupa,outro,System.Int32,4,desconhecido,True,Paradox/BDE,outro,"validar em tela, ProcMon e amostra de dados"
ordem_servico_rol,MovRoupaConf,PEC\FILIAL\MovRoupaConf.DB,PosRoupa,PosRoupa,ordem_rol_ref,System.String,10,desconhecido,True,Paradox/BDE,identificador/vinculo,"validar em tela, ProcMon e amostra de dados"
ordem_servico_rol,MovRoupaConf,PEC\FILIAL\MovRoupaConf.DB,CodCli,Cliente,id_codigo,System.String,20,provavel,True,Paradox/BDE,identificador/vinculo,"validar em tela, ProcMon e amostra de dados"
ordem_servico_rol,MovRoupaConf,PEC\FILIAL\MovRoupaConf.DB,CodFun,CodFun,id_codigo,System.String,20,provavel,True,Paradox/BDE,identificador/vinculo,"validar em tela, ProcMon e amostra de dados"
ordem_servico_rol,MovRoupaConf,PEC\FILIAL\MovRoupaConf.DB,Lote,Lote,outro,System.Int32,4,desconhecido,True,Paradox/BDE,outro,"validar em tela, ProcMon e amostra de dados"
ordem_servico_rol,MovRoupaConf,PEC\FILIAL\MovRoupaConf.DB,CenCusCli,CenCusCli,outro,System.String,10,desconhecido,True,Paradox/BDE,outro,"validar em tela, ProcMon e amostra de dados"
ordem_servico_rol,MovRoupaConf,PEC\FILIAL\MovRoupaConf.DB,CodPra,CodPra,id_codigo,System.String,6,provavel,True,Paradox/BDE,identificador/vinculo,"validar em tela, ProcMon e amostra de dados"
ordem_servico_rol,MovRoupaConf,PEC\FILIAL\MovRoupaConf.DB,CodTipEnt,CodTipEnt,id_codigo,System.String,2,provavel,True,Paradox/BDE,identificador/vinculo,"validar em tela, ProcMon e amostra de dados"
ordem_servico_rol,MovRoupaConf,PEC\FILIAL\MovRoupaConf.DB,CodTipSer,CodTipSer,id_codigo,System.String,2,provavel,True,Paradox/BDE,identificador/vinculo,"validar em tela, ProcMon e amostra de dados"
ordem_servico_rol,MovRoupaLot,PEC\FILIAL\MovRoupaLot.DB,Lote,Lote,outro,System.Int32,4,desconhecido,True,Paradox/BDE,outro,"validar em tela, ProcMon e amostra de dados"
ordem_servico_rol,MovRoupaLot,PEC\FILIAL\MovRoupaLot.DB,DatLot,Data,data_hora,System.DateTime,8,desconhecido,True,Paradox/BDE,data_hora,"validar em tela, ProcMon e amostra de dados"
ordem_servico_rol,MovRoupaLot,PEC\FILIAL\MovRoupaLot.DB,HorLot,HorLot,outro,System.DateTime,8,desconhecido,True,Paradox/BDE,outro,"validar em tela, ProcMon e amostra de dados"
ordem_servico_rol,MovRoupaLot,PEC\FILIAL\MovRoupaLot.DB,CodUsuario,CodUsuario,id_codigo,System.String,20,provavel,True,Paradox/BDE,identificador/vinculo,"validar em tela, ProcMon e amostra de dados"
ordem_servico_rol,MovRoupaLot,PEC\FILIAL\MovRoupaLot.DB,SitLot,SitLot,status_situacao,System.String,2,desconhecido,True,Paradox/BDE,status_situacao,"validar em tela, ProcMon e amostra de dados"
ordem_servico_rol,MovRoupaLot,PEC\FILIAL\MovRoupaLot.DB,DatFecLot,Data,data_hora,System.DateTime,8,desconhecido,True,Paradox/BDE,data_hora,"validar em tela, ProcMon e amostra de dados"
ordem_servico_rol,MovRoupaLot,PEC\FILIAL\MovRoupaLot.DB,HorFecLot,HorFecLot,outro,System.DateTime,8,desconhecido,True,Paradox/BDE,outro,"validar em tela, ProcMon e amostra de dados"
ordem_servico_rol,MovRoupaLot,PEC\FILIAL\MovRoupaLot.DB,CodUsuarioFec,CodUsuarioFec,id_codigo,System.String,20,provavel,True,Paradox/BDE,identificador/vinculo,"validar em tela, ProcMon e amostra de dados"
ordem_servico_rol,MovRoupaLot,PEC\FILIAL\MovRoupaLot.DB,PosRoupa,PosRoupa,ordem_rol_ref,System.String,2,desconhecido,True,Paradox/BDE,identificador/vinculo,"validar em tela, ProcMon e amostra de dados"
ordem_servico_rol,MovRoupaLot,PEC\FILIAL\MovRoupaLot.DB,LoteOrigem,LoteOrigem,outro,System.Int32,4,desconhecido,True,Paradox/BDE,outro,"validar em tela, ProcMon e amostra de dados"
ordem_servico_rol,MovRoupaLot,PEC\FILIAL\MovRoupaLot.DB,CodCli,Cliente,id_codigo,System.String,20,provavel,True,Paradox/BDE,identificador/vinculo,"validar em tela, ProcMon e amostra de dados"
ordem_servico_rol,MovRoupaLot,PEC\FILIAL\MovRoupaLot.DB,NumOS,NumOS,id_codigo,System.String,14,provavel,True,Paradox/BDE,identificador/vinculo,"validar em tela, ProcMon e amostra de dados"
ordem_servico_rol,MovRoupaLot,PEC\FILIAL\MovRoupaLot.DB,DatPrevEnt,Data,data_hora,System.DateTime,8,desconhecido,True,Paradox/BDE,data_hora,"validar em tela, ProcMon e amostra de dados"
ordem_servico_rol,MovRoupaLot,PEC\FILIAL\MovRoupaLot.DB,SitEnt,SitEnt,status_situacao,System.String,2,desconhecido,True,Paradox/BDE,status_situacao,"validar em tela, ProcMon e amostra de dados"
ordem_servico_rol,MovRoupaLot,PEC\FILIAL\MovRoupaLot.DB,UsuEnt,UsuEnt,usuario_auditoria,System.String,20,desconhecido,True,Paradox/BDE,usuario_auditoria,"validar em tela, ProcMon e amostra de dados"
ordem_servico_rol,MovRoupaLot,PEC\FILIAL\MovRoupaLot.DB,DatRealEnt,Data,data_hora,System.DateTime,8,desconhecido,True,Paradox/BDE,data_hora,"validar em tela, ProcMon e amostra de dados"
ordem_servico_rol,MovRoupaLot,PEC\FILIAL\MovRoupaLot.DB,Obs,Obs,texto_observacao,System.String,200,desconhecido,True,Paradox/BDE,texto_observacao,"validar em tela, ProcMon e amostra de dados"
ordem_servico_rol,MovRoupaLot,PEC\FILIAL\MovRoupaLot.DB,Rol,ROL/OS,ordem_rol_ref,System.Int32,4,desconhecido,True,Paradox/BDE,identificador/vinculo,"validar em tela, ProcMon e amostra de dados"
ordem_servico_rol,MovRoupaLot,PEC\FILIAL\MovRoupaLot.DB,Cancelado,Celular,cliente_ref,System.String,2,desconhecido,True,Paradox/BDE,identificador/vinculo,"validar em tela, ProcMon e amostra de dados"
ordem_servico_rol,MovRoupaLot,PEC\FILIAL\MovRoupaLot.DB,DatCan,Data,data_hora,System.DateTime,8,desconhecido,True,Paradox/BDE,data_hora,"validar em tela, ProcMon e amostra de dados"
ordem_servico_rol,MovRoupaLot,PEC\FILIAL\MovRoupaLot.DB,MotivoCan,MotivoCan,texto_observacao,System.String,100,desconhecido,True,Paradox/BDE,texto_observacao,"validar em tela, ProcMon e amostra de dados"
ordem_servico_rol,MovRoupaLot,PEC\FILIAL\MovRoupaLot.DB,CodFun,CodFun,id_codigo,System.String,20,provavel,True,Paradox/BDE,identificador/vinculo,"validar em tela, ProcMon e amostra de dados"
ordem_servico_rol,MovRoupaLot,PEC\FILIAL\MovRoupaLot.DB,CodLoc,CodLoc,id_codigo,System.String,10,provavel,True,Paradox/BDE,identificador/vinculo,"validar em tela, ProcMon e amostra de dados"
ordem_servico_rol,MovRoupaLot,PEC\FILIAL\MovRoupaLot.DB,CodTipEnt,CodTipEnt,id_codigo,System.String,6,provavel,True,Paradox/BDE,identificador/vinculo,"validar em tela, ProcMon e amostra de dados"
ordem_servico_rol,MovRoupaLot,PEC\FILIAL\MovRoupaLot.DB,Peso,Peso,quantidade,System.Double,8,desconhecido,True,Paradox/BDE,quantidade,"validar em tela, ProcMon e amostra de dados"
ordem_servico_rol,MovRoupaRol,PEC\FILIAL\MovRoupaRol.DB,Lote,Lote,outro,System.Int32,4,desconhecido,True,Paradox/BDE,outro,"validar em tela, ProcMon e amostra de dados"
ordem_servico_rol,MovRoupaRol,PEC\FILIAL\MovRoupaRol.DB,Rol,ROL/OS,ordem_rol_ref,System.Int32,4,desconhecido,True,Paradox/BDE,identificador/vinculo,"validar em tela, ProcMon e amostra de dados"
ordem_servico_rol,MovRoupaRol,PEC\FILIAL\MovRoupaRol.DB,DatBai,Data,data_hora,System.DateTime,8,desconhecido,True,Paradox/BDE,data_hora,"validar em tela, ProcMon e amostra de dados"
ordem_servico_rol,MovRoupaRol,PEC\FILIAL\MovRoupaRol.DB,HorBai,HorBai,outro,System.String,16,desconhecido,True,Paradox/BDE,outro,"validar em tela, ProcMon e amostra de dados"
financeiro,Boletos,REC\FILIAL\Boletos.DB,BanCai,BanCai,outro,System.String,60,desconhecido,True,Paradox/BDE,outro,"validar em tela, ProcMon e amostra de dados"
financeiro,Boletos,REC\FILIAL\Boletos.DB,NossoNumero,NossoNumero,id_codigo,System.String,60,provavel,True,Paradox/BDE,identificador/vinculo,"validar em tela, ProcMon e amostra de dados"
financeiro,Boletos,REC\FILIAL\Boletos.DB,DatEmi,Data,data_hora,System.DateTime,8,desconhecido,True,Paradox/BDE,data_hora,"validar em tela, ProcMon e amostra de dados"
financeiro,Boletos,REC\FILIAL\Boletos.DB,HorEmi,HorEmi,outro,System.DateTime,8,desconhecido,True,Paradox/BDE,outro,"validar em tela, ProcMon e amostra de dados"
financeiro,Boletos,REC\FILIAL\Boletos.DB,ValBol,ValBol,outro,System.Double,8,desconhecido,True,Paradox/BDE,outro,"validar em tela, ProcMon e amostra de dados"
financeiro,Boletos,REC\FILIAL\Boletos.DB,CodUsuario,CodUsuario,id_codigo,System.String,20,provavel,True,Paradox/BDE,identificador/vinculo,"validar em tela, ProcMon e amostra de dados"
financeiro,Boletos,REC\FILIAL\Boletos.DB,Cancelado,Celular,cliente_ref,System.String,2,desconhecido,True,Paradox/BDE,identificador/vinculo,"validar em tela, ProcMon e amostra de dados"
financeiro,Boletos,REC\FILIAL\Boletos.DB,SeqLot,SeqLot,outro,System.Int32,4,desconhecido,True,Paradox/BDE,outro,"validar em tela, ProcMon e amostra de dados"
financeiro,Boletos,REC\FILIAL\Boletos.DB,Banco,Banco,outro,System.String,40,desconhecido,True,Paradox/BDE,outro,"validar em tela, ProcMon e amostra de dados"
financeiro,Boletos,REC\FILIAL\Boletos.DB,Baixa,Baixa,status_situacao,System.String,2,desconhecido,True,Paradox/BDE,status_situacao,"validar em tela, ProcMon e amostra de dados"
financeiro,BoletosCan,REC\FILIAL\BoletosCan.DB,BanCai,BanCai,outro,System.String,20,desconhecido,True,Paradox/BDE,outro,"validar em tela, ProcMon e amostra de dados"
financeiro,BoletosCan,REC\FILIAL\BoletosCan.DB,NossoNumero,NossoNumero,id_codigo,System.String,40,provavel,True,Paradox/BDE,identificador/vinculo,"validar em tela, ProcMon e amostra de dados"
financeiro,BoletosCan,REC\FILIAL\BoletosCan.DB,DatCan,Data,data_hora,System.DateTime,8,desconhecido,True,Paradox/BDE,data_hora,"validar em tela, ProcMon e amostra de dados"
financeiro,BoletosCan,REC\FILIAL\BoletosCan.DB,HorCan,HorCan,ordem_rol_ref,System.DateTime,8,desconhecido,True,Paradox/BDE,identificador/vinculo,"validar em tela, ProcMon e amostra de dados"
financeiro,BoletosCan,REC\FILIAL\BoletosCan.DB,CodUsuario,CodUsuario,id_codigo,System.String,20,provavel,True,Paradox/BDE,identificador/vinculo,"validar em tela, ProcMon e amostra de dados"
financeiro,BoletosCan,REC\FILIAL\BoletosCan.DB,MotivoCan,MotivoCan,texto_observacao,System.String,200,desconhecido,True,Paradox/BDE,texto_observacao,"validar em tela, ProcMon e amostra de dados"
financeiro,BoletosDupCan,REC\FILIAL\BoletosDupCan.DB,BanCai,BanCai,outro,System.String,20,desconhecido,True,Paradox/BDE,outro,"validar em tela, ProcMon e amostra de dados"
financeiro,BoletosDupCan,REC\FILIAL\BoletosDupCan.DB,NossoNumero,NossoNumero,id_codigo,System.String,40,provavel,True,Paradox/BDE,identificador/vinculo,"validar em tela, ProcMon e amostra de dados"
financeiro,BoletosDupCan,REC\FILIAL\BoletosDupCan.DB,NumFat,NumFat,id_codigo,System.Int32,4,provavel,True,Paradox/BDE,identificador/vinculo,"validar em tela, ProcMon e amostra de dados"
financeiro,BoletosDupCan,REC\FILIAL\BoletosDupCan.DB,NumDup,NumDup,id_codigo,System.Int32,4,provavel,True,Paradox/BDE,identificador/vinculo,"validar em tela, ProcMon e amostra de dados"
financeiro,BoletosLot,REC\FILIAL\BoletosLot.DB,SeqLot,SeqLot,outro,System.Int32,4,desconhecido,True,Paradox/BDE,outro,"validar em tela, ProcMon e amostra de dados"
financeiro,BoletosLot,REC\FILIAL\BoletosLot.DB,DatEmi,Data,data_hora,System.DateTime,8,desconhecido,True,Paradox/BDE,data_hora,"validar em tela, ProcMon e amostra de dados"
financeiro,BoletosLot,REC\FILIAL\BoletosLot.DB,HorEmi,HorEmi,outro,System.DateTime,8,desconhecido,True,Paradox/BDE,outro,"validar em tela, ProcMon e amostra de dados"
financeiro,BoletosLot,REC\FILIAL\BoletosLot.DB,CodUsuario,CodUsuario,id_codigo,System.String,20,provavel,True,Paradox/BDE,identificador/vinculo,"validar em tela, ProcMon e amostra de dados"
financeiro,BoletosLot,REC\FILIAL\BoletosLot.DB,Cancelado,Celular,cliente_ref,System.String,2,desconhecido,True,Paradox/BDE,identificador/vinculo,"validar em tela, ProcMon e amostra de dados"
financeiro,BoletosLot,REC\FILIAL\BoletosLot.DB,BanCai,BanCai,outro,System.String,60,desconhecido,True,Paradox/BDE,outro,"validar em tela, ProcMon e amostra de dados"
financeiro,BoletosLot,REC\FILIAL\BoletosLot.DB,Banco,Banco,outro,System.String,40,desconhecido,True,Paradox/BDE,outro,"validar em tela, ProcMon e amostra de dados"
financeiro,BoletosLot,REC\FILIAL\BoletosLot.DB,Baixa,Baixa,status_situacao,System.String,2,desconhecido,True,Paradox/BDE,status_situacao,"validar em tela, ProcMon e amostra de dados"
fiscal,CamRecFil,REC\FILIAL\CamRecFil.DB,NumFat,NumFat,id_codigo,System.Int32,4,provavel,True,Paradox/BDE,identificador/vinculo,"validar em tela, ProcMon e amostra de dados"
fiscal,CamRecFil,REC\FILIAL\CamRecFil.DB,NumDup,NumDup,id_codigo,System.Int32,4,provavel,True,Paradox/BDE,identificador/vinculo,"validar em tela, ProcMon e amostra de dados"
fiscal,CamRecFil,REC\FILIAL\CamRecFil.DB,Arquivo,Arquivo,outro,System.String,40,desconhecido,True,Paradox/BDE,outro,"validar em tela, ProcMon e amostra de dados"
fiscal,CamRecFil,REC\FILIAL\CamRecFil.DB,Campo,Campo,outro,System.String,40,desconhecido,True,Paradox/BDE,outro,"validar em tela, ProcMon e amostra de dados"
fiscal,CamRecFil,REC\FILIAL\CamRecFil.DB,DesCampo,Desconto/Descricao,valor_monetario,System.String,100,desconhecido,True,Paradox/BDE,valor_monetario,"validar em tela, ProcMon e amostra de dados"
fiscal,CamRecFil,REC\FILIAL\CamRecFil.DB,DatLan,Data,data_hora,System.DateTime,8,desconhecido,True,Paradox/BDE,data_hora,"validar em tela, ProcMon e amostra de dados"
fiscal,CamRecFil,REC\FILIAL\CamRecFil.DB,CodUsuario,CodUsuario,id_codigo,System.String,20,provavel,True,Paradox/BDE,identificador/vinculo,"validar em tela, ProcMon e amostra de dados"
financeiro,DupBoleto,REC\FILIAL\DupBoleto.DB,Seq,Seq,outro,System.Int32,4,desconhecido,True,Paradox/BDE,outro,"validar em tela, ProcMon e amostra de dados"
financeiro,DupBoleto,REC\FILIAL\DupBoleto.DB,NumFat,NumFat,id_codigo,System.Int32,4,provavel,True,Paradox/BDE,identificador/vinculo,"validar em tela, ProcMon e amostra de dados"
financeiro,DupBoleto,REC\FILIAL\DupBoleto.DB,NumDup,NumDup,id_codigo,System.Int32,4,provavel,True,Paradox/BDE,identificador/vinculo,"validar em tela, ProcMon e amostra de dados"
financeiro,DupBoleto,REC\FILIAL\DupBoleto.DB,DatEmi,Data,data_hora,System.DateTime,8,desconhecido,True,Paradox/BDE,data_hora,"validar em tela, ProcMon e amostra de dados"
financeiro,DupBoleto,REC\FILIAL\DupBoleto.DB,CodUsuario,CodUsuario,id_codigo,System.String,20,provavel,True,Paradox/BDE,identificador/vinculo,"validar em tela, ProcMon e amostra de dados"
financeiro,DupBoleto,REC\FILIAL\DupBoleto.DB,Conta,Conta,outro,System.String,2,desconhecido,True,Paradox/BDE,outro,"validar em tela, ProcMon e amostra de dados"
financeiro,DupBoleto,REC\FILIAL\DupBoleto.DB,ValBoleto,ValBoleto,outro,System.Double,8,desconhecido,True,Paradox/BDE,outro,"validar em tela, ProcMon e amostra de dados"
financeiro,DupBoleto,REC\FILIAL\DupBoleto.DB,URLBoleto,URLBoleto,outro,System.String,510,desconhecido,True,Paradox/BDE,outro,"validar em tela, ProcMon e amostra de dados"
financeiro,DupBoleto,REC\FILIAL\DupBoleto.DB,CodBarras,CodBarras,id_codigo,System.String,200,provavel,True,Paradox/BDE,identificador/vinculo,"validar em tela, ProcMon e amostra de dados"
financeiro,DupBoleto,REC\FILIAL\DupBoleto.DB,Mensagem,Mensagem,outro,System.String,200,desconhecido,True,Paradox/BDE,outro,"validar em tela, ProcMon e amostra de dados"
financeiro,DupBoleto,REC\FILIAL\DupBoleto.DB,Status,Status,status_situacao,System.String,2,desconhecido,True,Paradox/BDE,status_situacao,"validar em tela, ProcMon e amostra de dados"
financeiro,DupBoleto,REC\FILIAL\DupBoleto.DB,Baixa,Baixa,status_situacao,System.String,2,desconhecido,True,Paradox/BDE,status_situacao,"validar em tela, ProcMon e amostra de dados"
financeiro,DupBoleto,REC\FILIAL\DupBoleto.DB,DatBaixa,Data,data_hora,System.DateTime,8,desconhecido,True,Paradox/BDE,data_hora,"validar em tela, ProcMon e amostra de dados"
financeiro,DupBoleto,REC\FILIAL\DupBoleto.DB,ValBaixa,ValBaixa,status_situacao,System.Double,8,desconhecido,True,Paradox/BDE,status_situacao,"validar em tela, ProcMon e amostra de dados"
financeiro,DupBoleto,REC\FILIAL\DupBoleto.DB,idTransacao,idTransacao,id_codigo,System.String,200,provavel,True,Paradox/BDE,identificador/vinculo,"validar em tela, ProcMon e amostra de dados"
financeiro,DupBoleto,REC\FILIAL\DupBoleto.DB,NumeroPedido,NumeroPedido,id_codigo,System.Int32,4,provavel,True,Paradox/BDE,identificador/vinculo,"validar em tela, ProcMon e amostra de dados"
config_admin,DupComp,REC\FILIAL\DupComp.DB,NumFat,NumFat,id_codigo,System.Int32,4,provavel,True,Paradox/BDE,identificador/vinculo,"validar em tela, ProcMon e amostra de dados"
config_admin,DupComp,REC\FILIAL\DupComp.DB,NumDup,NumDup,id_codigo,System.Int32,4,provavel,True,Paradox/BDE,identificador/vinculo,"validar em tela, ProcMon e amostra de dados"
config_admin,DupComp,REC\FILIAL\DupComp.DB,NomCampo,NomCampo,outro,System.String,20,desconhecido,True,Paradox/BDE,outro,"validar em tela, ProcMon e amostra de dados"
config_admin,DupComp,REC\FILIAL\DupComp.DB,Campo,Campo,outro,System.String,200,desconhecido,True,Paradox/BDE,outro,"validar em tela, ProcMon e amostra de dados"
produto_servico,DupCorrCab,REC\FILIAL\DupCorrCab.DB,NumFat,NumFat,id_codigo,System.Int32,4,provavel,True,Paradox/BDE,identificador/vinculo,"validar em tela, ProcMon e amostra de dados"
produto_servico,DupCorrCab,REC\FILIAL\DupCorrCab.DB,NumDup,NumDup,id_codigo,System.Int32,4,provavel,True,Paradox/BDE,identificador/vinculo,"validar em tela, ProcMon e amostra de dados"
produto_servico,DupCorrCab,REC\FILIAL\DupCorrCab.DB,DatCorr,Data,data_hora,System.DateTime,8,desconhecido,True,Paradox/BDE,data_hora,"validar em tela, ProcMon e amostra de dados"
produto_servico,DupCorrCab,REC\FILIAL\DupCorrCab.DB,HorCorr,HorCorr,ordem_rol_ref,System.DateTime,8,desconhecido,True,Paradox/BDE,identificador/vinculo,"validar em tela, ProcMon e amostra de dados"
produto_servico,DupCorrCab,REC\FILIAL\DupCorrCab.DB,CodUsuario,CodUsuario,id_codigo,System.String,20,provavel,True,Paradox/BDE,identificador/vinculo,"validar em tela, ProcMon e amostra de dados"
produto_servico,DupCorrCab,REC\FILIAL\DupCorrCab.DB,Cancelado,Celular,cliente_ref,System.String,2,desconhecido,True,Paradox/BDE,identificador/vinculo,"validar em tela, ProcMon e amostra de dados"
produto_servico,DupCorrCab,REC\FILIAL\DupCorrCab.DB,DatCan,Data,data_hora,System.DateTime,8,desconhecido,True,Paradox/BDE,data_hora,"validar em tela, ProcMon e amostra de dados"
produto_servico,DupCorrCab,REC\FILIAL\DupCorrCab.DB,MotivoCan,MotivoCan,texto_observacao,System.String,100,desconhecido,True,Paradox/BDE,texto_observacao,"validar em tela, ProcMon e amostra de dados"
produto_servico,DupCorrItem,REC\FILIAL\DupCorrItem.DB,NumFat,NumFat,id_codigo,System.Int32,4,provavel,True,Paradox/BDE,identificador/vinculo,"validar em tela, ProcMon e amostra de dados"
produto_servico,DupCorrItem,REC\FILIAL\DupCorrItem.DB,NumDup,NumDup,id_codigo,System.Int32,4,provavel,True,Paradox/BDE,identificador/vinculo,"validar em tela, ProcMon e amostra de dados"
produto_servico,DupCorrItem,REC\FILIAL\DupCorrItem.DB,DatCorr,Data,data_hora,System.DateTime,8,desconhecido,True,Paradox/BDE,data_hora,"validar em tela, ProcMon e amostra de dados"
produto_servico,DupCorrItem,REC\FILIAL\DupCorrItem.DB,CodCorr,CodCorr,id_codigo,System.String,4,provavel,True,Paradox/BDE,identificador/vinculo,"validar em tela, ProcMon e amostra de dados"
produto_servico,DupCorrItem,REC\FILIAL\DupCorrItem.DB,CompCorr,CompCorr,outro,System.String,100,desconhecido,True,Paradox/BDE,outro,"validar em tela, ProcMon e amostra de dados"
config_admin,DupIntTit,REC\FILIAL\DupIntTit.DB,NumFat,NumFat,id_codigo,System.Int32,4,provavel,True,Paradox/BDE,identificador/vinculo,"validar em tela, ProcMon e amostra de dados"
config_admin,DupIntTit,REC\FILIAL\DupIntTit.DB,NumDup,NumDup,id_codigo,System.Int32,4,provavel,True,Paradox/BDE,identificador/vinculo,"validar em tela, ProcMon e amostra de dados"
config_admin,DupIntTit,REC\FILIAL\DupIntTit.DB,NumTit,NumTit,id_codigo,System.Double,8,provavel,True,Paradox/BDE,identificador/vinculo,"validar em tela, ProcMon e amostra de dados"
config_admin,DupIntTit,REC\FILIAL\DupIntTit.DB,Seq,Seq,outro,System.Double,8,desconhecido,True,Paradox/BDE,outro,"validar em tela, ProcMon e amostra de dados"
config_admin,DupIntTit,REC\FILIAL\DupIntTit.DB,Status,Status,status_situacao,System.String,2,desconhecido,True,Paradox/BDE,status_situacao,"validar em tela, ProcMon e amostra de dados"
config_admin,DupIntTit,REC\FILIAL\DupIntTit.DB,Modulo,Modulo,outro,System.String,40,desconhecido,True,Paradox/BDE,outro,"validar em tela, ProcMon e amostra de dados"
financeiro,Duplicat,REC\FILIAL\Duplicat.DB,NumFat,NumFat,id_codigo,System.Int32,4,provavel,True,Paradox/BDE,identificador/vinculo,"validar em tela, ProcMon e amostra de dados"
financeiro,Duplicat,REC\FILIAL\Duplicat.DB,NumDup,NumDup,id_codigo,System.Int32,4,provavel,True,Paradox/BDE,identificador/vinculo,"validar em tela, ProcMon e amostra de dados"
financeiro,Duplicat,REC\FILIAL\Duplicat.DB,DatEmi,Data,data_hora,System.DateTime,8,desconhecido,True,Paradox/BDE,data_hora,"validar em tela, ProcMon e amostra de dados"
financeiro,Duplicat,REC\FILIAL\Duplicat.DB,DatVen,Data,data_hora,System.DateTime,8,desconhecido,True,Paradox/BDE,data_hora,"validar em tela, ProcMon e amostra de dados"
financeiro,Duplicat,REC\FILIAL\Duplicat.DB,ValFat,ValFat,outro,System.Double,8,desconhecido,True,Paradox/BDE,outro,"validar em tela, ProcMon e amostra de dados"
financeiro,Duplicat,REC\FILIAL\Duplicat.DB,ValDup,ValDup,outro,System.Double,8,desconhecido,True,Paradox/BDE,outro,"validar em tela, ProcMon e amostra de dados"
financeiro,Duplicat,REC\FILIAL\Duplicat.DB,EmiBol,EmiBol,outro,System.String,2,desconhecido,True,Paradox/BDE,outro,"validar em tela, ProcMon e amostra de dados"
financeiro,Duplicat,REC\FILIAL\Duplicat.DB,Baixa,Baixa,status_situacao,System.String,2,desconhecido,True,Paradox/BDE,status_situacao,"validar em tela, ProcMon e amostra de dados"
financeiro,Duplicat,REC\FILIAL\Duplicat.DB,DatPag,Data,data_hora,System.DateTime,8,desconhecido,True,Paradox/BDE,data_hora,"validar em tela, ProcMon e amostra de dados"
financeiro,Duplicat,REC\FILIAL\Duplicat.DB,ValDupPag,ValDupPag,outro,System.Double,8,desconhecido,True,Paradox/BDE,outro,"validar em tela, ProcMon e amostra de dados"
financeiro,Duplicat,REC\FILIAL\Duplicat.DB,CodCli,Cliente,id_codigo,System.String,20,provavel,True,Paradox/BDE,identificador/vinculo,"validar em tela, ProcMon e amostra de dados"
financeiro,Duplicat,REC\FILIAL\Duplicat.DB,EmitDup,EmitDup,outro,System.String,2,desconhecido,True,Paradox/BDE,outro,"validar em tela, ProcMon e amostra de dados"
financeiro,Duplicat,REC\FILIAL\Duplicat.DB,CodFpg,CodFpg,id_codigo,System.String,6,provavel,True,Paradox/BDE,identificador/vinculo,"validar em tela, ProcMon e amostra de dados"
financeiro,Duplicat,REC\FILIAL\Duplicat.DB,CodCpg,CodCpg,id_codigo,System.String,6,provavel,True,Paradox/BDE,identificador/vinculo,"validar em tela, ProcMon e amostra de dados"
financeiro,Duplicat,REC\FILIAL\Duplicat.DB,CodBan,CodBan,id_codigo,System.String,10,provavel,True,Paradox/BDE,identificador/vinculo,"validar em tela, ProcMon e amostra de dados"
financeiro,Duplicat,REC\FILIAL\Duplicat.DB,CodAgeBan,CodAgeBan,id_codigo,System.String,10,provavel,True,Paradox/BDE,identificador/vinculo,"validar em tela, ProcMon e amostra de dados"
financeiro,Duplicat,REC\FILIAL\Duplicat.DB,ConCor,ConCor,outro,System.String,20,desconhecido,True,Paradox/BDE,outro,"validar em tela, ProcMon e amostra de dados"
financeiro,Duplicat,REC\FILIAL\Duplicat.DB,NumDev,NumDev,id_codigo,System.String,12,provavel,True,Paradox/BDE,identificador/vinculo,"validar em tela, ProcMon e amostra de dados"
financeiro,Duplicat,REC\FILIAL\Duplicat.DB,ValDev,ValDev,outro,System.Double,8,desconhecido,True,Paradox/BDE,outro,"validar em tela, ProcMon e amostra de dados"
financeiro,Duplicat,REC\FILIAL\Duplicat.DB,Juros,Juros,ordem_rol_ref,System.Double,8,desconhecido,True,Paradox/BDE,identificador/vinculo,"validar em tela, ProcMon e amostra de dados"
financeiro,Duplicat,REC\FILIAL\Duplicat.DB,Taxas,Taxas,outro,System.Double,8,desconhecido,True,Paradox/BDE,outro,"validar em tela, ProcMon e amostra de dados"
financeiro,Duplicat,REC\FILIAL\Duplicat.DB,Descontos,Desconto/Descricao,ordem_rol_ref,System.Double,8,desconhecido,True,Paradox/BDE,identificador/vinculo,"validar em tela, ProcMon e amostra de dados"
financeiro,Duplicat,REC\FILIAL\Duplicat.DB,Obs,Obs,texto_observacao,System.String,200,desconhecido,True,Paradox/BDE,texto_observacao,"validar em tela, ProcMon e amostra de dados"
financeiro,Duplicat,REC\FILIAL\Duplicat.DB,DatCan,Data,data_hora,System.DateTime,8,desconhecido,True,Paradox/BDE,data_hora,"validar em tela, ProcMon e amostra de dados"
financeiro,Duplicat,REC\FILIAL\Duplicat.DB,ValCan,ValCan,outro,System.Double,8,desconhecido,True,Paradox/BDE,outro,"validar em tela, ProcMon e amostra de dados"
financeiro,Duplicat,REC\FILIAL\Duplicat.DB,SeqCai,SeqCai,outro,System.Int32,4,desconhecido,True,Paradox/BDE,outro,"validar em tela, ProcMon e amostra de dados"
financeiro,Duplicat,REC\FILIAL\Duplicat.DB,CodVen,CodVen,id_codigo,System.String,10,provavel,True,Paradox/BDE,identificador/vinculo,"validar em tela, ProcMon e amostra de dados"
financeiro,Duplicat,REC\FILIAL\Duplicat.DB,BanCai,BanCai,outro,System.String,20,desconhecido,True,Paradox/BDE,outro,"validar em tela, ProcMon e amostra de dados"
financeiro,Duplicat,REC\FILIAL\Duplicat.DB,CompBaixa,CompBaixa,status_situacao,System.String,40,desconhecido,True,Paradox/BDE,status_situacao,"validar em tela, ProcMon e amostra de dados"
financeiro,Duplicat,REC\FILIAL\Duplicat.DB,NumNot,NumNot,id_codigo,System.String,30,provavel,True,Paradox/BDE,identificador/vinculo,"validar em tela, ProcMon e amostra de dados"
financeiro,Duplicat,REC\FILIAL\Duplicat.DB,Obs2,Obs2,texto_observacao,System.String,400,desconhecido,True,Paradox/BDE,texto_observacao,"validar em tela, ProcMon e amostra de dados"
financeiro,Duplicat,REC\FILIAL\Duplicat.DB,FixLan,FixLan,outro,System.String,2,desconhecido,True,Paradox/BDE,outro,"validar em tela, ProcMon e amostra de dados"
financeiro,Duplicat,REC\FILIAL\Duplicat.DB,Cancelado,Celular,cliente_ref,System.String,2,desconhecido,True,Paradox/BDE,identificador/vinculo,"validar em tela, ProcMon e amostra de dados"
financeiro,Duplicat,REC\FILIAL\Duplicat.DB,NossoNumero,NossoNumero,id_codigo,System.String,40,provavel,True,Paradox/BDE,identificador/vinculo,"validar em tela, ProcMon e amostra de dados"
financeiro,Duplicat,REC\FILIAL\Duplicat.DB,CodCla,CodCla,id_codigo,System.String,6,provavel,True,Paradox/BDE,identificador/vinculo,"validar em tela, ProcMon e amostra de dados"
financeiro,Duplicat,REC\FILIAL\Duplicat.DB,CodSubC,CodSubC,id_codigo,System.String,6,provavel,True,Paradox/BDE,identificador/vinculo,"validar em tela, ProcMon e amostra de dados"
financeiro,Duplicat,REC\FILIAL\Duplicat.DB,MotivoCan,MotivoCan,texto_observacao,System.String,100,desconhecido,True,Paradox/BDE,texto_observacao,"validar em tela, ProcMon e amostra de dados"
financeiro,Duplicat,REC\FILIAL\Duplicat.DB,EmiNot,EmiNot,outro,System.String,2,desconhecido,True,Paradox/BDE,outro,"validar em tela, ProcMon e amostra de dados"
financeiro,Duplicat,REC\FILIAL\Duplicat.DB,CodCenCus,CodCenCus,id_codigo,System.String,6,provavel,True,Paradox/BDE,identificador/vinculo,"validar em tela, ProcMon e amostra de dados"
financeiro,Duplicat,REC\FILIAL\Duplicat.DB,TipOpe,TipOpe,outro,System.String,4,desconhecido,True,Paradox/BDE,outro,"validar em tela, ProcMon e amostra de dados"
financeiro,Duplicat,REC\FILIAL\Duplicat.DB,SerieNF,SerieNF,fiscal_documento,System.String,2,desconhecido,True,Paradox/BDE,fiscal_documento,"validar em tela, ProcMon e amostra de dados"
financeiro,Duplicat,REC\FILIAL\Duplicat.DB,AgrupaNota,AgrupaNota,fiscal_documento,System.String,2,desconhecido,True,Paradox/BDE,fiscal_documento,"validar em tela, ProcMon e amostra de dados"
financeiro,Duplicat,REC\FILIAL\Duplicat.DB,AgrupaBoleto,AgrupaBoleto,outro,System.String,2,desconhecido,True,Paradox/BDE,outro,"validar em tela, ProcMon e amostra de dados"
financeiro,Duplicat,REC\FILIAL\Duplicat.DB,ImpDup,ImpDup,outro,System.String,2,desconhecido,True,Paradox/BDE,outro,"validar em tela, ProcMon e amostra de dados"
financeiro,Duplicat,REC\FILIAL\Duplicat.DB,Usuario,Usuario,usuario_auditoria,System.String,20,desconhecido,True,Paradox/BDE,usuario_auditoria,"validar em tela, ProcMon e amostra de dados"
financeiro,Duplicat,REC\FILIAL\Duplicat.DB,NovaDup,NovaDup,outro,System.Int32,4,desconhecido,True,Paradox/BDE,outro,"validar em tela, ProcMon e amostra de dados"
financeiro,Duplicat,REC\FILIAL\Duplicat.DB,DatVenNot,Data,data_hora,System.DateTime,8,desconhecido,True,Paradox/BDE,data_hora,"validar em tela, ProcMon e amostra de dados"
financeiro,Duplicat,REC\FILIAL\Duplicat.DB,DatSusp,Data,data_hora,System.DateTime,8,desconhecido,True,Paradox/BDE,data_hora,"validar em tela, ProcMon e amostra de dados"
financeiro,Duplicat,REC\FILIAL\Duplicat.DB,CodOpe,CodOpe,id_codigo,System.String,20,provavel,True,Paradox/BDE,identificador/vinculo,"validar em tela, ProcMon e amostra de dados"
financeiro,Duplicat,REC\FILIAL\Duplicat.DB,CodOpeSeq,CodOpeSeq,id_codigo,System.String,20,provavel,True,Paradox/BDE,identificador/vinculo,"validar em tela, ProcMon e amostra de dados"
financeiro,Duplicat,REC\FILIAL\Duplicat.DB,SeqTaxa,SeqTaxa,outro,System.Int32,4,desconhecido,True,Paradox/BDE,outro,"validar em tela, ProcMon e amostra de dados"
financeiro,Duplicat,REC\FILIAL\Duplicat.DB,HorCan,HorCan,ordem_rol_ref,System.DateTime,8,desconhecido,True,Paradox/BDE,identificador/vinculo,"validar em tela, ProcMon e amostra de dados"
financeiro,Duplicat,REC\FILIAL\Duplicat.DB,CodVenCan,CodVenCan,id_codigo,System.String,10,provavel,True,Paradox/BDE,identificador/vinculo,"validar em tela, ProcMon e amostra de dados"
financeiro,Duplicat,REC\FILIAL\Duplicat.DB,SeqOcor,SeqOcor,outro,System.Int32,4,desconhecido,True,Paradox/BDE,outro,"validar em tela, ProcMon e amostra de dados"
financeiro,Duplicat,REC\FILIAL\Duplicat.DB,CodCliOcor,Cliente,id_codigo,System.String,20,provavel,True,Paradox/BDE,identificador/vinculo,"validar em tela, ProcMon e amostra de dados"
financeiro,Duplicat,REC\FILIAL\Duplicat.DB,Negocia,Negocia,outro,System.String,2,desconhecido,True,Paradox/BDE,outro,"validar em tela, ProcMon e amostra de dados"
financeiro,Duplicat,REC\FILIAL\Duplicat.DB,CodClaProj,CodClaProj,id_codigo,System.String,10,provavel,True,Paradox/BDE,identificador/vinculo,"validar em tela, ProcMon e amostra de dados"
financeiro,Duplicat,REC\FILIAL\Duplicat.DB,CodUnid,CodUnid,id_codigo,System.String,10,provavel,True,Paradox/BDE,identificador/vinculo,"validar em tela, ProcMon e amostra de dados"
financeiro,Duplicat,REC\FILIAL\Duplicat.DB,CodCart,CodCart,id_codigo,System.String,10,provavel,True,Paradox/BDE,identificador/vinculo,"validar em tela, ProcMon e amostra de dados"
financeiro,Duplicat,REC\FILIAL\Duplicat.DB,DesPagBol,DesPagBol,outro,System.Double,8,desconhecido,True,Paradox/BDE,outro,"validar em tela, ProcMon e amostra de dados"
config_admin,DupMotAlt,REC\FILIAL\DupMotAlt.DB,NumFat,NumFat,id_codigo,System.Int32,4,provavel,True,Paradox/BDE,identificador/vinculo,"validar em tela, ProcMon e amostra de dados"
config_admin,DupMotAlt,REC\FILIAL\DupMotAlt.DB,NumDup,NumDup,id_codigo,System.Int32,4,provavel,True,Paradox/BDE,identificador/vinculo,"validar em tela, ProcMon e amostra de dados"
config_admin,DupMotAlt,REC\FILIAL\DupMotAlt.DB,CodCli,Cliente,id_codigo,System.String,20,provavel,True,Paradox/BDE,identificador/vinculo,"validar em tela, ProcMon e amostra de dados"
config_admin,DupMotAlt,REC\FILIAL\DupMotAlt.DB,DatAlt,Data,data_hora,System.DateTime,8,provavel,True,Paradox/BDE,data_hora,"validar em tela, ProcMon e amostra de dados"
config_admin,DupMotAlt,REC\FILIAL\DupMotAlt.DB,MotAltDup,MotAltDup,data_hora,System.String,6,desconhecido,True,Paradox/BDE,data_hora,"validar em tela, ProcMon e amostra de dados"
config_admin,DupMotAlt,REC\FILIAL\DupMotAlt.DB,DiasAlt,DiasAlt,data_hora,System.Int32,4,desconhecido,True,Paradox/BDE,data_hora,"validar em tela, ProcMon e amostra de dados"
config_admin,DupMotAlt,REC\FILIAL\DupMotAlt.DB,Obs,Obs,texto_observacao,System.String,200,desconhecido,True,Paradox/BDE,texto_observacao,"validar em tela, ProcMon e amostra de dados"
config_admin,DupMotAlt,REC\FILIAL\DupMotAlt.DB,ValDup,ValDup,outro,System.Double,8,desconhecido,True,Paradox/BDE,outro,"validar em tela, ProcMon e amostra de dados"
config_admin,DupMotAlt,REC\FILIAL\DupMotAlt.DB,Usuario,Usuario,usuario_auditoria,System.String,20,desconhecido,True,Paradox/BDE,usuario_auditoria,"validar em tela, ProcMon e amostra de dados"
config_admin,DupMotAlt,REC\FILIAL\DupMotAlt.DB,DatMod,Data,data_hora,System.DateTime,8,desconhecido,True,Paradox/BDE,data_hora,"validar em tela, ProcMon e amostra de dados"
config_admin,DupReaj,REC\FILIAL\DupReaj.DB,NumFat,NumFat,id_codigo,System.Int32,4,provavel,True,Paradox/BDE,identificador/vinculo,"validar em tela, ProcMon e amostra de dados"
config_admin,DupReaj,REC\FILIAL\DupReaj.DB,NumDup,NumDup,id_codigo,System.Int32,4,provavel,True,Paradox/BDE,identificador/vinculo,"validar em tela, ProcMon e amostra de dados"
config_admin,DupReaj,REC\FILIAL\DupReaj.DB,PorcReaj,PorcReaj,ordem_rol_ref,System.Double,8,desconhecido,True,Paradox/BDE,identificador/vinculo,"validar em tela, ProcMon e amostra de dados"
config_admin,DupReaj,REC\FILIAL\DupReaj.DB,ValFinal,ValFinal,outro,System.Double,8,desconhecido,True,Paradox/BDE,outro,"validar em tela, ProcMon e amostra de dados"
config_admin,DupReaj,REC\FILIAL\DupReaj.DB,Status,Status,status_situacao,System.String,2,desconhecido,True,Paradox/BDE,status_situacao,"validar em tela, ProcMon e amostra de dados"
config_admin,FatArq,REC\FILIAL\FatArq.DB,Seq,Seq,outro,System.Int32,4,desconhecido,True,Paradox/BDE,outro,"validar em tela, ProcMon e amostra de dados"
config_admin,FatArq,REC\FILIAL\FatArq.DB,NumNot,NumNot,id_codigo,System.Int32,4,provavel,True,Paradox/BDE,identificador/vinculo,"validar em tela, ProcMon e amostra de dados"
config_admin,FatArq,REC\FILIAL\FatArq.DB,NumFat,NumFat,id_codigo,System.Int32,4,provavel,True,Paradox/BDE,identificador/vinculo,"validar em tela, ProcMon e amostra de dados"
config_admin,FatArq,REC\FILIAL\FatArq.DB,NumDup,NumDup,id_codigo,System.Int32,4,provavel,True,Paradox/BDE,identificador/vinculo,"validar em tela, ProcMon e amostra de dados"
config_admin,FatArq,REC\FILIAL\FatArq.DB,ArqFat,ArqFat,outro,System.String,510,desconhecido,True,Paradox/BDE,outro,"validar em tela, ProcMon e amostra de dados"
config_admin,FatArq,REC\FILIAL\FatArq.DB,ArqBoleto,ArqBoleto,outro,System.String,510,desconhecido,True,Paradox/BDE,outro,"validar em tela, ProcMon e amostra de dados"
config_admin,FatArq,REC\FILIAL\FatArq.DB,Status,Status,status_situacao,System.String,2,desconhecido,True,Paradox/BDE,status_situacao,"validar em tela, ProcMon e amostra de dados"
config_admin,FatArq,REC\FILIAL\FatArq.DB,EnvioEmail,E-mail,cliente_ref,System.String,2,desconhecido,True,Paradox/BDE,identificador/vinculo,"validar em tela, ProcMon e amostra de dados"
config_admin,FatArq,REC\FILIAL\FatArq.DB,DataEnvio,Data,data_hora,System.DateTime,8,provavel,True,Paradox/BDE,data_hora,"validar em tela, ProcMon e amostra de dados"
config_admin,NotFisFin,REC\FILIAL\NotFisFin.DB,Serie,Serie,fiscal_documento,System.String,10,desconhecido,True,Paradox/BDE,fiscal_documento,"validar em tela, ProcMon e amostra de dados"
config_admin,NotFisFin,REC\FILIAL\NotFisFin.DB,NotFisFin,NotFisFin,outro,System.Int32,4,desconhecido,True,Paradox/BDE,outro,"validar em tela, ProcMon e amostra de dados"
config_admin,NotFisFin,REC\FILIAL\NotFisFin.DB,DatEmi,Data,data_hora,System.DateTime,8,desconhecido,True,Paradox/BDE,data_hora,"validar em tela, ProcMon e amostra de dados"
config_admin,NotFisFin,REC\FILIAL\NotFisFin.DB,HorEmi,HorEmi,outro,System.DateTime,8,desconhecido,True,Paradox/BDE,outro,"validar em tela, ProcMon e amostra de dados"
config_admin,NotFisFin,REC\FILIAL\NotFisFin.DB,ValNota,ValNota,fiscal_documento,System.Double,8,desconhecido,True,Paradox/BDE,fiscal_documento,"validar em tela, ProcMon e amostra de dados"
config_admin,NotFisFin,REC\FILIAL\NotFisFin.DB,CodUsuario,CodUsuario,id_codigo,System.String,20,provavel,True,Paradox/BDE,identificador/vinculo,"validar em tela, ProcMon e amostra de dados"
config_admin,NotFisFin,REC\FILIAL\NotFisFin.DB,Cancelado,Celular,cliente_ref,System.String,2,desconhecido,True,Paradox/BDE,identificador/vinculo,"validar em tela, ProcMon e amostra de dados"
config_admin,NotFisFin,REC\FILIAL\NotFisFin.DB,RecISS,RecISS,fiscal_documento,System.Double,8,desconhecido,True,Paradox/BDE,fiscal_documento,"validar em tela, ProcMon e amostra de dados"
config_admin,NotFisFin,REC\FILIAL\NotFisFin.DB,RecIcms,RecIcms,fiscal_documento,System.Double,8,desconhecido,True,Paradox/BDE,fiscal_documento,"validar em tela, ProcMon e amostra de dados"
config_admin,NotFisFin,REC\FILIAL\NotFisFin.DB,RecIPI,RecIPI,fiscal_documento,System.Double,8,desconhecido,True,Paradox/BDE,fiscal_documento,"validar em tela, ProcMon e amostra de dados"
config_admin,NotFisFin,REC\FILIAL\NotFisFin.DB,Obs,Obs,texto_observacao,System.String,400,desconhecido,True,Paradox/BDE,texto_observacao,"validar em tela, ProcMon e amostra de dados"
config_admin,NotFisFinCan,REC\FILIAL\NotFisFinCan.DB,Serie,Serie,fiscal_documento,System.String,10,desconhecido,True,Paradox/BDE,fiscal_documento,"validar em tela, ProcMon e amostra de dados"
config_admin,NotFisFinCan,REC\FILIAL\NotFisFinCan.DB,NotFisFin,NotFisFin,outro,System.Int32,4,desconhecido,True,Paradox/BDE,outro,"validar em tela, ProcMon e amostra de dados"
config_admin,NotFisFinCan,REC\FILIAL\NotFisFinCan.DB,DatCan,Data,data_hora,System.DateTime,8,desconhecido,True,Paradox/BDE,data_hora,"validar em tela, ProcMon e amostra de dados"
config_admin,NotFisFinCan,REC\FILIAL\NotFisFinCan.DB,HorCan,HorCan,ordem_rol_ref,System.DateTime,8,desconhecido,True,Paradox/BDE,identificador/vinculo,"validar em tela, ProcMon e amostra de dados"
config_admin,NotFisFinCan,REC\FILIAL\NotFisFinCan.DB,CodUsuario,CodUsuario,id_codigo,System.String,20,provavel,True,Paradox/BDE,identificador/vinculo,"validar em tela, ProcMon e amostra de dados"
config_admin,NotFisFinCan,REC\FILIAL\NotFisFinCan.DB,MotivoCan,MotivoCan,texto_observacao,System.String,200,desconhecido,True,Paradox/BDE,texto_observacao,"validar em tela, ProcMon e amostra de dados"
config_admin,Remessa,REC\FILIAL\Remessa.DB,SeqConta,SeqConta,outro,System.Int32,4,desconhecido,True,Paradox/BDE,outro,"validar em tela, ProcMon e amostra de dados"
config_admin,Remessa,REC\FILIAL\Remessa.DB,Numero,Numero,id_codigo,System.Int32,4,provavel,True,Paradox/BDE,identificador/vinculo,"validar em tela, ProcMon e amostra de dados"
config_admin,Remessa,REC\FILIAL\Remessa.DB,Data,Data,data_hora,System.DateTime,8,provavel,True,Paradox/BDE,data_hora,"validar em tela, ProcMon e amostra de dados"
config_admin,Remessa,REC\FILIAL\Remessa.DB,Hora,Hora,data_hora,System.DateTime,8,desconhecido,True,Paradox/BDE,data_hora,"validar em tela, ProcMon e amostra de dados"
config_admin,Remessa,REC\FILIAL\Remessa.DB,Observacao,Observacao,texto_observacao,System.String,510,desconhecido,True,Paradox/BDE,texto_observacao,"validar em tela, ProcMon e amostra de dados"
config_admin,Remessa,REC\FILIAL\Remessa.DB,Usuario,Usuario,usuario_auditoria,System.String,20,desconhecido,True,Paradox/BDE,usuario_auditoria,"validar em tela, ProcMon e amostra de dados"
config_admin,Remessa,REC\FILIAL\Remessa.DB,DatRet,Data,data_hora,System.DateTime,8,desconhecido,True,Paradox/BDE,data_hora,"validar em tela, ProcMon e amostra de dados"
config_admin,Remessa,REC\FILIAL\Remessa.DB,HorRet,HorRet,outro,System.DateTime,8,desconhecido,True,Paradox/BDE,outro,"validar em tela, ProcMon e amostra de dados"
fiscal,ArqDocum,SAT\DADOS\ArqDocum.DB,SeqArq,SeqArq,outro,System.Int32,4,desconhecido,True,Paradox/BDE,outro,"validar em tela, ProcMon e amostra de dados"
fiscal,ArqDocum,SAT\DADOS\ArqDocum.DB,NomDocum,NomDocum,outro,System.String,200,desconhecido,True,Paradox/BDE,outro,"validar em tela, ProcMon e amostra de dados"
fiscal,ArqDocum,SAT\DADOS\ArqDocum.DB,Caminho,Caminho,outro,System.String,400,desconhecido,True,Paradox/BDE,outro,"validar em tela, ProcMon e amostra de dados"
fiscal,ArqDocum,SAT\DADOS\ArqDocum.DB,UsuarioArq,UsuarioArq,usuario_auditoria,System.String,20,desconhecido,True,Paradox/BDE,usuario_auditoria,"validar em tela, ProcMon e amostra de dados"
fiscal,ArqDocum,SAT\DADOS\ArqDocum.DB,ArqBD,ArqBD,outro,System.String,60,desconhecido,True,Paradox/BDE,outro,"validar em tela, ProcMon e amostra de dados"
fiscal,ArqDocum,SAT\DADOS\ArqDocum.DB,Obs,Obs,texto_observacao,System.String,200,desconhecido,True,Paradox/BDE,texto_observacao,"validar em tela, ProcMon e amostra de dados"
fiscal,ArqDocum,SAT\DADOS\ArqDocum.DB,TipArq,TipArq,outro,System.String,6,desconhecido,True,Paradox/BDE,outro,"validar em tela, ProcMon e amostra de dados"
fiscal,ArqDocum,SAT\DADOS\ArqDocum.DB,CaminhoDes,CaminhoDes,outro,System.String,400,desconhecido,True,Paradox/BDE,outro,"validar em tela, ProcMon e amostra de dados"
fiscal,ArqDocum,SAT\DADOS\ArqDocum.DB,PlanX,PlanX,outro,System.String,40,desconhecido,True,Paradox/BDE,outro,"validar em tela, ProcMon e amostra de dados"
fiscal,CadAjuDoc,SAT\DADOS\CadAjuDoc.DB,ArqDoc,ArqDoc,outro,System.String,400,desconhecido,True,Paradox/BDE,outro,"validar em tela, ProcMon e amostra de dados"
fiscal,CadAjuDoc,SAT\DADOS\CadAjuDoc.DB,Rotina,Rotina,outro,System.String,100,desconhecido,True,Paradox/BDE,outro,"validar em tela, ProcMon e amostra de dados"
fiscal,CadAjuDoc,SAT\DADOS\CadAjuDoc.DB,Arquivo,Arquivo,outro,System.String,100,desconhecido,True,Paradox/BDE,outro,"validar em tela, ProcMon e amostra de dados"
fiscal,CadAjuDoc,SAT\DADOS\CadAjuDoc.DB,Campo,Campo,outro,System.String,100,desconhecido,True,Paradox/BDE,outro,"validar em tela, ProcMon e amostra de dados"
fiscal,CadAjuDoc,SAT\DADOS\CadAjuDoc.DB,Obs,Obs,texto_observacao,System.String,400,desconhecido,True,Paradox/BDE,texto_observacao,"validar em tela, ProcMon e amostra de dados"
fiscal,CadAjuDoc,SAT\DADOS\CadAjuDoc.DB,Linha,Linha,outro,System.Int32,4,desconhecido,True,Paradox/BDE,outro,"validar em tela, ProcMon e amostra de dados"
fiscal,CadAjuDoc,SAT\DADOS\CadAjuDoc.DB,Coluna,Coluna,outro,System.String,10,desconhecido,True,Paradox/BDE,outro,"validar em tela, ProcMon e amostra de dados"
fiscal,CadAjuDoc,SAT\DADOS\CadAjuDoc.DB,Tipo,Tipo,outro,System.String,2,desconhecido,True,Paradox/BDE,outro,"validar em tela, ProcMon e amostra de dados"
fiscal,CadAjuDoc,SAT\DADOS\CadAjuDoc.DB,TrocaDe,TrocaDe,data_hora,System.String,100,desconhecido,True,Paradox/BDE,data_hora,"validar em tela, ProcMon e amostra de dados"
fiscal,CadClaAlt,SAT\DADOS\CadClaAlt.DB,CodClaAlt,CodClaAlt,id_codigo,System.String,10,provavel,True,Paradox/BDE,identificador/vinculo,"validar em tela, ProcMon e amostra de dados"
fiscal,CadClaAlt,SAT\DADOS\CadClaAlt.DB,DesClaAlt,Desconto/Descricao,valor_monetario,System.String,40,desconhecido,True,Paradox/BDE,valor_monetario,"validar em tela, ProcMon e amostra de dados"
fiscal,CadClaAlt,SAT\DADOS\CadClaAlt.DB,ObsClaAlt,ObsClaAlt,data_hora,System.String,40,desconhecido,True,Paradox/BDE,data_hora,"validar em tela, ProcMon e amostra de dados"
fiscal,CadClaAlt,SAT\DADOS\CadClaAlt.DB,Cancelado,Celular,cliente_ref,System.String,2,desconhecido,True,Paradox/BDE,identificador/vinculo,"validar em tela, ProcMon e amostra de dados"
fiscal,CadClaAlt,SAT\DADOS\CadClaAlt.DB,MotivoCan,MotivoCan,texto_observacao,System.String,100,desconhecido,True,Paradox/BDE,texto_observacao,"validar em tela, ProcMon e amostra de dados"
fiscal,CadClaAlt,SAT\DADOS\CadClaAlt.DB,DatCan,Data,data_hora,System.DateTime,8,desconhecido,True,Paradox/BDE,data_hora,"validar em tela, ProcMon e amostra de dados"
produto_servico,CadOcorCla,SAT\DADOS\CadOcorCla.DB,CodOcorCla,CodOcorCla,id_codigo,System.String,6,provavel,True,Paradox/BDE,identificador/vinculo,"validar em tela, ProcMon e amostra de dados"
produto_servico,CadOcorCla,SAT\DADOS\CadOcorCla.DB,DesOcorCla,DesOcorCla,ordem_rol_ref,System.String,60,desconhecido,True,Paradox/BDE,identificador/vinculo,"validar em tela, ProcMon e amostra de dados"
produto_servico,CadOcorCla,SAT\DADOS\CadOcorCla.DB,ObsOcorCla,ObsOcorCla,ordem_rol_ref,System.String,100,desconhecido,True,Paradox/BDE,identificador/vinculo,"validar em tela, ProcMon e amostra de dados"
produto_servico,CadOcorCla,SAT\DADOS\CadOcorCla.DB,Cancelado,Celular,cliente_ref,System.String,2,desconhecido,True,Paradox/BDE,identificador/vinculo,"validar em tela, ProcMon e amostra de dados"
produto_servico,CadOcorCla,SAT\DADOS\CadOcorCla.DB,MotivoCan,MotivoCan,texto_observacao,System.String,100,desconhecido,True,Paradox/BDE,texto_observacao,"validar em tela, ProcMon e amostra de dados"
produto_servico,CadOcorCla,SAT\DADOS\CadOcorCla.DB,DatCan,Data,data_hora,System.DateTime,8,desconhecido,True,Paradox/BDE,data_hora,"validar em tela, ProcMon e amostra de dados"
produto_servico,CadOcorCla,SAT\DADOS\CadOcorCla.DB,Desconto,Desconto/Descricao,valor_monetario,System.Double,8,desconhecido,True,Paradox/BDE,valor_monetario,"validar em tela, ProcMon e amostra de dados"
produto_servico,CadOcorCla,SAT\DADOS\CadOcorCla.DB,CorSatCla,CorSatCla,fiscal_documento,System.Int32,4,desconhecido,True,Paradox/BDE,fiscal_documento,"validar em tela, ProcMon e amostra de dados"
produto_servico,CadOcorCla,SAT\DADOS\CadOcorCla.DB,CorSatClaF,CorSatClaF,fiscal_documento,System.Int32,4,desconhecido,True,Paradox/BDE,fiscal_documento,"validar em tela, ProcMon e amostra de dados"
produto_servico,CadOcorCla,SAT\DADOS\CadOcorCla.DB,PrioridCor,PrioridCor,outro,System.Int32,4,provavel,True,Paradox/BDE,outro,"validar em tela, ProcMon e amostra de dados"
produto_servico,CadOcorCla,SAT\DADOS\CadOcorCla.DB,Priorid,Priorid,outro,System.Int32,4,provavel,True,Paradox/BDE,outro,"validar em tela, ProcMon e amostra de dados"
produto_servico,CadOcorSubC,SAT\DADOS\CadOcorSubC.DB,CodOcorSubC,CodOcorSubC,id_codigo,System.String,6,provavel,True,Paradox/BDE,identificador/vinculo,"validar em tela, ProcMon e amostra de dados"
produto_servico,CadOcorSubC,SAT\DADOS\CadOcorSubC.DB,DesOcorSubC,DesOcorSubC,outro,System.String,40,desconhecido,True,Paradox/BDE,outro,"validar em tela, ProcMon e amostra de dados"
produto_servico,CadOcorSubC,SAT\DADOS\CadOcorSubC.DB,ObsOcorSubC,ObsOcorSubC,texto_observacao,System.String,100,desconhecido,True,Paradox/BDE,texto_observacao,"validar em tela, ProcMon e amostra de dados"
produto_servico,CadOcorSubC,SAT\DADOS\CadOcorSubC.DB,Cancelado,Celular,cliente_ref,System.String,2,desconhecido,True,Paradox/BDE,identificador/vinculo,"validar em tela, ProcMon e amostra de dados"
produto_servico,CadOcorSubC,SAT\DADOS\CadOcorSubC.DB,MotivoCan,MotivoCan,texto_observacao,System.String,100,desconhecido,True,Paradox/BDE,texto_observacao,"validar em tela, ProcMon e amostra de dados"
produto_servico,CadOcorSubC,SAT\DADOS\CadOcorSubC.DB,DatCan,Data,data_hora,System.DateTime,8,desconhecido,True,Paradox/BDE,data_hora,"validar em tela, ProcMon e amostra de dados"
fiscal,CadSatCla,SAT\DADOS\CadSatCla.DB,CodSatCla,CodSatCla,id_codigo,System.String,6,provavel,True,Paradox/BDE,identificador/vinculo,"validar em tela, ProcMon e amostra de dados"
fiscal,CadSatCla,SAT\DADOS\CadSatCla.DB,DesSatCla,DesSatCla,fiscal_documento,System.String,40,desconhecido,True,Paradox/BDE,fiscal_documento,"validar em tela, ProcMon e amostra de dados"
fiscal,CadSatCla,SAT\DADOS\CadSatCla.DB,ObsSatCla,ObsSatCla,texto_observacao,System.String,100,desconhecido,True,Paradox/BDE,texto_observacao,"validar em tela, ProcMon e amostra de dados"
fiscal,CadSatCla,SAT\DADOS\CadSatCla.DB,CorSatCla,CorSatCla,fiscal_documento,System.Int32,4,desconhecido,True,Paradox/BDE,fiscal_documento,"validar em tela, ProcMon e amostra de dados"
fiscal,CadSatCla,SAT\DADOS\CadSatCla.DB,PrioridCor,PrioridCor,outro,System.Int32,4,provavel,True,Paradox/BDE,outro,"validar em tela, ProcMon e amostra de dados"
fiscal,CadSatCla,SAT\DADOS\CadSatCla.DB,Cancelado,Celular,cliente_ref,System.String,2,desconhecido,True,Paradox/BDE,identificador/vinculo,"validar em tela, ProcMon e amostra de dados"
fiscal,CadSatCla,SAT\DADOS\CadSatCla.DB,MotivoCan,MotivoCan,texto_observacao,System.String,100,desconhecido,True,Paradox/BDE,texto_observacao,"validar em tela, ProcMon e amostra de dados"
fiscal,CadSatCla,SAT\DADOS\CadSatCla.DB,DatCan,Data,data_hora,System.DateTime,8,desconhecido,True,Paradox/BDE,data_hora,"validar em tela, ProcMon e amostra de dados"
fiscal,CadSatCla,SAT\DADOS\CadSatCla.DB,CorSatClaF,CorSatClaF,fiscal_documento,System.Int32,4,desconhecido,True,Paradox/BDE,fiscal_documento,"validar em tela, ProcMon e amostra de dados"
fiscal,CadSatSit,SAT\DADOS\CadSatSit.DB,CodSatSit,CodSatSit,id_codigo,System.String,2,provavel,True,Paradox/BDE,identificador/vinculo,"validar em tela, ProcMon e amostra de dados"
fiscal,CadSatSit,SAT\DADOS\CadSatSit.DB,DesSatSit,DesSatSit,status_situacao,System.String,40,desconhecido,True,Paradox/BDE,status_situacao,"validar em tela, ProcMon e amostra de dados"
fiscal,CadSatSit,SAT\DADOS\CadSatSit.DB,ObsSatSit,ObsSatSit,status_situacao,System.String,100,desconhecido,True,Paradox/BDE,status_situacao,"validar em tela, ProcMon e amostra de dados"
fiscal,CadSatSit,SAT\DADOS\CadSatSit.DB,CorSatSit,CorSatSit,status_situacao,System.Int32,4,desconhecido,True,Paradox/BDE,status_situacao,"validar em tela, ProcMon e amostra de dados"
fiscal,CadSatSit,SAT\DADOS\CadSatSit.DB,PrioridCor,PrioridCor,outro,System.Int32,4,provavel,True,Paradox/BDE,outro,"validar em tela, ProcMon e amostra de dados"
fiscal,CadSatSit,SAT\DADOS\CadSatSit.DB,Cancelado,Celular,cliente_ref,System.String,2,desconhecido,True,Paradox/BDE,identificador/vinculo,"validar em tela, ProcMon e amostra de dados"
fiscal,CadSatSit,SAT\DADOS\CadSatSit.DB,MotivoCan,MotivoCan,texto_observacao,System.String,100,desconhecido,True,Paradox/BDE,texto_observacao,"validar em tela, ProcMon e amostra de dados"
fiscal,CadSatSit,SAT\DADOS\CadSatSit.DB,DatCan,Data,data_hora,System.DateTime,8,desconhecido,True,Paradox/BDE,data_hora,"validar em tela, ProcMon e amostra de dados"
fiscal,CadSatSit,SAT\DADOS\CadSatSit.DB,CorSatSitF,CorSatSitF,status_situacao,System.Int32,4,desconhecido,True,Paradox/BDE,status_situacao,"validar em tela, ProcMon e amostra de dados"
fiscal,CadSatSubC,SAT\DADOS\CadSatSubC.DB,CodSatSubC,CodSatSubC,id_codigo,System.String,6,provavel,True,Paradox/BDE,identificador/vinculo,"validar em tela, ProcMon e amostra de dados"
fiscal,CadSatSubC,SAT\DADOS\CadSatSubC.DB,DesSatSubC,DesSatSubC,fiscal_documento,System.String,40,desconhecido,True,Paradox/BDE,fiscal_documento,"validar em tela, ProcMon e amostra de dados"
fiscal,CadSatSubC,SAT\DADOS\CadSatSubC.DB,ObsSatSubC,ObsSatSubC,texto_observacao,System.String,100,desconhecido,True,Paradox/BDE,texto_observacao,"validar em tela, ProcMon e amostra de dados"
fiscal,CadSatSubC,SAT\DADOS\CadSatSubC.DB,Cancelado,Celular,cliente_ref,System.String,2,desconhecido,True,Paradox/BDE,identificador/vinculo,"validar em tela, ProcMon e amostra de dados"
fiscal,CadSatSubC,SAT\DADOS\CadSatSubC.DB,MotivoCan,MotivoCan,texto_observacao,System.String,100,desconhecido,True,Paradox/BDE,texto_observacao,"validar em tela, ProcMon e amostra de dados"
fiscal,CadSatSubC,SAT\DADOS\CadSatSubC.DB,DatCan,Data,data_hora,System.DateTime,8,desconhecido,True,Paradox/BDE,data_hora,"validar em tela, ProcMon e amostra de dados"
fiscal,CadSatTip,SAT\DADOS\CadSatTip.DB,CodSatTip,CodSatTip,id_codigo,System.String,2,provavel,True,Paradox/BDE,identificador/vinculo,"validar em tela, ProcMon e amostra de dados"
fiscal,CadSatTip,SAT\DADOS\CadSatTip.DB,DesSatTip,DesSatTip,fiscal_documento,System.String,40,desconhecido,True,Paradox/BDE,fiscal_documento,"validar em tela, ProcMon e amostra de dados"
fiscal,CadSatTip,SAT\DADOS\CadSatTip.DB,ObsSatTip,ObsSatTip,texto_observacao,System.String,100,desconhecido,True,Paradox/BDE,texto_observacao,"validar em tela, ProcMon e amostra de dados"
fiscal,CadSatTip,SAT\DADOS\CadSatTip.DB,CorSatTip,CorSatTip,fiscal_documento,System.Int32,4,desconhecido,True,Paradox/BDE,fiscal_documento,"validar em tela, ProcMon e amostra de dados"
fiscal,CadSatTip,SAT\DADOS\CadSatTip.DB,PrioridCor,PrioridCor,outro,System.Int32,4,provavel,True,Paradox/BDE,outro,"validar em tela, ProcMon e amostra de dados"
fiscal,CadSatTip,SAT\DADOS\CadSatTip.DB,Cancelado,Celular,cliente_ref,System.String,2,desconhecido,True,Paradox/BDE,identificador/vinculo,"validar em tela, ProcMon e amostra de dados"
fiscal,CadSatTip,SAT\DADOS\CadSatTip.DB,MotivoCan,MotivoCan,texto_observacao,System.String,100,desconhecido,True,Paradox/BDE,texto_observacao,"validar em tela, ProcMon e amostra de dados"
fiscal,CadSatTip,SAT\DADOS\CadSatTip.DB,DatCan,Data,data_hora,System.DateTime,8,desconhecido,True,Paradox/BDE,data_hora,"validar em tela, ProcMon e amostra de dados"
fiscal,CadSatTip,SAT\DADOS\CadSatTip.DB,CorSatTipF,CorSatTipF,fiscal_documento,System.Int32,4,desconhecido,True,Paradox/BDE,fiscal_documento,"validar em tela, ProcMon e amostra de dados"
fiscal,CadSubCAlt,SAT\DADOS\CadSubCAlt.DB,CodSubCAlt,CodSubCAlt,id_codigo,System.String,10,provavel,True,Paradox/BDE,identificador/vinculo,"validar em tela, ProcMon e amostra de dados"
fiscal,CadSubCAlt,SAT\DADOS\CadSubCAlt.DB,DesSubCAlt,DesSubCAlt,data_hora,System.String,40,desconhecido,True,Paradox/BDE,data_hora,"validar em tela, ProcMon e amostra de dados"
fiscal,CadSubCAlt,SAT\DADOS\CadSubCAlt.DB,ObsSubCAlt,ObsSubCAlt,data_hora,System.String,40,desconhecido,True,Paradox/BDE,data_hora,"validar em tela, ProcMon e amostra de dados"
fiscal,CadSubCAlt,SAT\DADOS\CadSubCAlt.DB,Cancelado,Celular,cliente_ref,System.String,2,desconhecido,True,Paradox/BDE,identificador/vinculo,"validar em tela, ProcMon e amostra de dados"
fiscal,CadSubCAlt,SAT\DADOS\CadSubCAlt.DB,MotivoCan,MotivoCan,texto_observacao,System.String,100,desconhecido,True,Paradox/BDE,texto_observacao,"validar em tela, ProcMon e amostra de dados"
fiscal,CadSubCAlt,SAT\DADOS\CadSubCAlt.DB,DatCan,Data,data_hora,System.DateTime,8,desconhecido,True,Paradox/BDE,data_hora,"validar em tela, ProcMon e amostra de dados"
fiscal,CadTipAlt,SAT\DADOS\CadTipAlt.DB,CodTipAlt,CodTipAlt,id_codigo,System.String,10,provavel,True,Paradox/BDE,identificador/vinculo,"validar em tela, ProcMon e amostra de dados"
fiscal,CadTipAlt,SAT\DADOS\CadTipAlt.DB,DesTipAlt,DesTipAlt,data_hora,System.String,40,desconhecido,True,Paradox/BDE,data_hora,"validar em tela, ProcMon e amostra de dados"
fiscal,CadTipAlt,SAT\DADOS\CadTipAlt.DB,ObsTipAlt,ObsTipAlt,data_hora,System.String,40,desconhecido,True,Paradox/BDE,data_hora,"validar em tela, ProcMon e amostra de dados"
fiscal,CadTipAlt,SAT\DADOS\CadTipAlt.DB,Cancelado,Celular,cliente_ref,System.String,2,desconhecido,True,Paradox/BDE,identificador/vinculo,"validar em tela, ProcMon e amostra de dados"
fiscal,CadTipAlt,SAT\DADOS\CadTipAlt.DB,MotivoCan,MotivoCan,texto_observacao,System.String,100,desconhecido,True,Paradox/BDE,texto_observacao,"validar em tela, ProcMon e amostra de dados"
fiscal,CadTipAlt,SAT\DADOS\CadTipAlt.DB,DatCan,Data,data_hora,System.DateTime,8,desconhecido,True,Paradox/BDE,data_hora,"validar em tela, ProcMon e amostra de dados"
fiscal,CadVer,SAT\DADOS\CadVer.DB,CodSis,CodSis,id_codigo,System.String,40,provavel,True,Paradox/BDE,identificador/vinculo,"validar em tela, ProcMon e amostra de dados"
fiscal,CadVer,SAT\DADOS\CadVer.DB,CodVer,CodVer,id_codigo,System.String,40,provavel,True,Paradox/BDE,identificador/vinculo,"validar em tela, ProcMon e amostra de dados"
fiscal,CompAlt,SAT\DADOS\CompAlt.DB,CodCompAlt,CodCompAlt,id_codigo,System.String,30,provavel,True,Paradox/BDE,identificador/vinculo,"validar em tela, ProcMon e amostra de dados"
fiscal,CompAlt,SAT\DADOS\CompAlt.DB,DesCompAlt,Desconto/Descricao,valor_monetario,System.String,30,desconhecido,True,Paradox/BDE,valor_monetario,"validar em tela, ProcMon e amostra de dados"
fiscal,CompAlt,SAT\DADOS\CompAlt.DB,Cancelado,Celular,cliente_ref,System.String,2,desconhecido,True,Paradox/BDE,identificador/vinculo,"validar em tela, ProcMon e amostra de dados"
fiscal,CompAlt,SAT\DADOS\CompAlt.DB,DatCan,Data,data_hora,System.DateTime,8,desconhecido,True,Paradox/BDE,data_hora,"validar em tela, ProcMon e amostra de dados"
fiscal,CompAlt,SAT\DADOS\CompAlt.DB,MotivoCan,MotivoCan,texto_observacao,System.String,100,desconhecido,True,Paradox/BDE,texto_observacao,"validar em tela, ProcMon e amostra de dados"
fiscal,CompAlt,SAT\DADOS\CompAlt.DB,ObsCompAlt,ObsCompAlt,data_hora,System.String,100,desconhecido,True,Paradox/BDE,data_hora,"validar em tela, ProcMon e amostra de dados"
fiscal,Documentos,SAT\DADOS\Documentos.DB,NomDoc,NomDoc,outro,System.String,60,desconhecido,True,Paradox/BDE,outro,"validar em tela, ProcMon e amostra de dados"
fiscal,Documentos,SAT\DADOS\Documentos.DB,Finalidade,Finalidade,outro,System.String,400,provavel,True,Paradox/BDE,outro,"validar em tela, ProcMon e amostra de dados"
fiscal,Documentos,SAT\DADOS\Documentos.DB,Caminho,Caminho,outro,System.String,510,desconhecido,True,Paradox/BDE,outro,"validar em tela, ProcMon e amostra de dados"
fiscal,Documentos,SAT\DADOS\Documentos.DB,Atributo,Atributo,outro,System.Int32,4,desconhecido,True,Paradox/BDE,outro,"validar em tela, ProcMon e amostra de dados"
fiscal,ErrosSat,SAT\DADOS\ErrosSat.DB,CodErro,CodErro,id_codigo,System.Int32,4,provavel,True,Paradox/BDE,identificador/vinculo,"validar em tela, ProcMon e amostra de dados"
fiscal,ErrosSat,SAT\DADOS\ErrosSat.DB,DesErro,DesErro,outro,System.String,100,desconhecido,True,Paradox/BDE,outro,"validar em tela, ProcMon e amostra de dados"
fiscal,ErrosSat,SAT\DADOS\ErrosSat.DB,DesErroCom,DesErroCom,outro,System.String,400,desconhecido,True,Paradox/BDE,outro,"validar em tela, ProcMon e amostra de dados"
fiscal,ErrosSat,SAT\DADOS\ErrosSat.DB,Solucao,Solucao,outro,System.String,1073741824,desconhecido,True,Paradox/BDE,outro,"validar em tela, ProcMon e amostra de dados"
fiscal,ErrosSat,SAT\DADOS\ErrosSat.DB,CodSatCla,CodSatCla,id_codigo,System.String,10,provavel,True,Paradox/BDE,identificador/vinculo,"validar em tela, ProcMon e amostra de dados"
fiscal,ErrosSat,SAT\DADOS\ErrosSat.DB,CodSatSubC,CodSatSubC,id_codigo,System.String,10,provavel,True,Paradox/BDE,identificador/vinculo,"validar em tela, ProcMon e amostra de dados"
fiscal,ErrosSat,SAT\DADOS\ErrosSat.DB,CodSatGru,CodSatGru,id_codigo,System.String,10,provavel,True,Paradox/BDE,identificador/vinculo,"validar em tela, ProcMon e amostra de dados"
fiscal,GruSatLan,SAT\DADOS\GruSatLan.DB,GruSat,GruSat,fiscal_documento,System.String,10,desconhecido,True,Paradox/BDE,fiscal_documento,"validar em tela, ProcMon e amostra de dados"
fiscal,GruSatLan,SAT\DADOS\GruSatLan.DB,DesGruSat,DesGruSat,fiscal_documento,System.String,60,desconhecido,True,Paradox/BDE,fiscal_documento,"validar em tela, ProcMon e amostra de dados"
fiscal,GruSatLan,SAT\DADOS\GruSatLan.DB,Obs,Obs,texto_observacao,System.String,100,desconhecido,True,Paradox/BDE,texto_observacao,"validar em tela, ProcMon e amostra de dados"
fiscal,GruSatLan,SAT\DADOS\GruSatLan.DB,DatCan,Data,data_hora,System.DateTime,8,desconhecido,True,Paradox/BDE,data_hora,"validar em tela, ProcMon e amostra de dados"
fiscal,GruSatLan,SAT\DADOS\GruSatLan.DB,Cancelado,Celular,cliente_ref,System.String,2,desconhecido,True,Paradox/BDE,identificador/vinculo,"validar em tela, ProcMon e amostra de dados"
fiscal,GruSatLan,SAT\DADOS\GruSatLan.DB,MotivoCan,MotivoCan,texto_observacao,System.String,100,desconhecido,True,Paradox/BDE,texto_observacao,"validar em tela, ProcMon e amostra de dados"
fiscal,PadMenSat,SAT\DADOS\PadMenSat.DB,SeqSatPad,SeqSatPad,fiscal_documento,System.Int32,4,desconhecido,True,Paradox/BDE,fiscal_documento,"validar em tela, ProcMon e amostra de dados"
fiscal,PadMenSat,SAT\DADOS\PadMenSat.DB,Descricao,Desconto/Descricao,valor_monetario,System.String,510,desconhecido,True,Paradox/BDE,valor_monetario,"validar em tela, ProcMon e amostra de dados"
fiscal,PadMenSat,SAT\DADOS\PadMenSat.DB,Solucao,Solucao,outro,System.String,510,desconhecido,True,Paradox/BDE,outro,"validar em tela, ProcMon e amostra de dados"
fiscal,PadMenSat,SAT\DADOS\PadMenSat.DB,CodSatCla,CodSatCla,id_codigo,System.String,6,provavel,True,Paradox/BDE,identificador/vinculo,"validar em tela, ProcMon e amostra de dados"
fiscal,PadMenSat,SAT\DADOS\PadMenSat.DB,CodSatSubC,CodSatSubC,id_codigo,System.String,6,provavel,True,Paradox/BDE,identificador/vinculo,"validar em tela, ProcMon e amostra de dados"
fiscal,PadMenSat,SAT\DADOS\PadMenSat.DB,CodErro,CodErro,id_codigo,System.Int32,4,provavel,True,Paradox/BDE,identificador/vinculo,"validar em tela, ProcMon e amostra de dados"
fiscal,PadMenSat,SAT\DADOS\PadMenSat.DB,CodUsuario,CodUsuario,id_codigo,System.String,20,provavel,True,Paradox/BDE,identificador/vinculo,"validar em tela, ProcMon e amostra de dados"
fiscal,PadMenSat,SAT\DADOS\PadMenSat.DB,Cancelado,Celular,cliente_ref,System.String,2,desconhecido,True,Paradox/BDE,identificador/vinculo,"validar em tela, ProcMon e amostra de dados"
fiscal,PadMenSat,SAT\DADOS\PadMenSat.DB,MotivoCan,MotivoCan,texto_observacao,System.String,100,desconhecido,True,Paradox/BDE,texto_observacao,"validar em tela, ProcMon e amostra de dados"
fiscal,PadMenSat,SAT\DADOS\PadMenSat.DB,DatCan,Data,data_hora,System.DateTime,8,desconhecido,True,Paradox/BDE,data_hora,"validar em tela, ProcMon e amostra de dados"
fiscal,Alteracoes,SAT\FILIAL\Alteracoes.DB,Seq,Seq,outro,System.Int32,4,desconhecido,True,Paradox/BDE,outro,"validar em tela, ProcMon e amostra de dados"
fiscal,Alteracoes,SAT\FILIAL\Alteracoes.DB,CodCli,Cliente,id_codigo,System.String,20,provavel,True,Paradox/BDE,identificador/vinculo,"validar em tela, ProcMon e amostra de dados"
fiscal,Alteracoes,SAT\FILIAL\Alteracoes.DB,DatLan,Data,data_hora,System.DateTime,8,desconhecido,True,Paradox/BDE,data_hora,"validar em tela, ProcMon e amostra de dados"
fiscal,Alteracoes,SAT\FILIAL\Alteracoes.DB,HorLan,HorLan,outro,System.DateTime,8,desconhecido,True,Paradox/BDE,outro,"validar em tela, ProcMon e amostra de dados"
fiscal,Alteracoes,SAT\FILIAL\Alteracoes.DB,CodUsuario,CodUsuario,id_codigo,System.String,20,provavel,True,Paradox/BDE,identificador/vinculo,"validar em tela, ProcMon e amostra de dados"
fiscal,Alteracoes,SAT\FILIAL\Alteracoes.DB,Sistema,Sistema,outro,System.String,30,desconhecido,True,Paradox/BDE,outro,"validar em tela, ProcMon e amostra de dados"
fiscal,Alteracoes,SAT\FILIAL\Alteracoes.DB,Rotina,Rotina,outro,System.String,30,desconhecido,True,Paradox/BDE,outro,"validar em tela, ProcMon e amostra de dados"
fiscal,Alteracoes,SAT\FILIAL\Alteracoes.DB,CodClaAlt,CodClaAlt,id_codigo,System.String,10,provavel,True,Paradox/BDE,identificador/vinculo,"validar em tela, ProcMon e amostra de dados"
fiscal,Alteracoes,SAT\FILIAL\Alteracoes.DB,Descricao,Desconto/Descricao,valor_monetario,System.String,510,desconhecido,True,Paradox/BDE,valor_monetario,"validar em tela, ProcMon e amostra de dados"
fiscal,Alteracoes,SAT\FILIAL\Alteracoes.DB,DatSolic,Data,data_hora,System.DateTime,8,desconhecido,True,Paradox/BDE,data_hora,"validar em tela, ProcMon e amostra de dados"
fiscal,Alteracoes,SAT\FILIAL\Alteracoes.DB,HorSolic,HorSolic,outro,System.DateTime,8,desconhecido,True,Paradox/BDE,outro,"validar em tela, ProcMon e amostra de dados"
fiscal,Alteracoes,SAT\FILIAL\Alteracoes.DB,CodSatTip,CodSatTip,id_codigo,System.String,2,provavel,True,Paradox/BDE,identificador/vinculo,"validar em tela, ProcMon e amostra de dados"
fiscal,Alteracoes,SAT\FILIAL\Alteracoes.DB,Contactant,Contactant,outro,System.String,30,desconhecido,True,Paradox/BDE,outro,"validar em tela, ProcMon e amostra de dados"
fiscal,Alteracoes,SAT\FILIAL\Alteracoes.DB,Situacao,Status,status_situacao,System.String,2,desconhecido,True,Paradox/BDE,status_situacao,"validar em tela, ProcMon e amostra de dados"
fiscal,Alteracoes,SAT\FILIAL\Alteracoes.DB,Prioridade,Prioridade,outro,System.Int32,4,provavel,True,Paradox/BDE,outro,"validar em tela, ProcMon e amostra de dados"
fiscal,Alteracoes,SAT\FILIAL\Alteracoes.DB,DatProm,Data,data_hora,System.DateTime,8,desconhecido,True,Paradox/BDE,data_hora,"validar em tela, ProcMon e amostra de dados"
fiscal,Alteracoes,SAT\FILIAL\Alteracoes.DB,DatSolucao,Data,data_hora,System.DateTime,8,desconhecido,True,Paradox/BDE,data_hora,"validar em tela, ProcMon e amostra de dados"
fiscal,Alteracoes,SAT\FILIAL\Alteracoes.DB,HorSolucao,HorSolucao,outro,System.DateTime,8,desconhecido,True,Paradox/BDE,outro,"validar em tela, ProcMon e amostra de dados"
fiscal,Alteracoes,SAT\FILIAL\Alteracoes.DB,UsuSolucao,UsuSolucao,usuario_auditoria,System.String,20,desconhecido,True,Paradox/BDE,usuario_auditoria,"validar em tela, ProcMon e amostra de dados"
fiscal,Alteracoes,SAT\FILIAL\Alteracoes.DB,HorTrab,HorTrab,outro,System.DateTime,8,desconhecido,True,Paradox/BDE,outro,"validar em tela, ProcMon e amostra de dados"
fiscal,AndAltSist,SAT\FILIAL\AndAltSist.DB,SeqSolAltSist,SeqSolAltSist,data_hora,System.Int32,4,desconhecido,True,Paradox/BDE,data_hora,"validar em tela, ProcMon e amostra de dados"
fiscal,AndAltSist,SAT\FILIAL\AndAltSist.DB,SeqAndAltSist,SeqAndAltSist,data_hora,System.Int32,4,desconhecido,True,Paradox/BDE,data_hora,"validar em tela, ProcMon e amostra de dados"
fiscal,AndAltSist,SAT\FILIAL\AndAltSist.DB,CodUsuario,CodUsuario,id_codigo,System.String,20,provavel,True,Paradox/BDE,identificador/vinculo,"validar em tela, ProcMon e amostra de dados"
fiscal,AndAltSist,SAT\FILIAL\AndAltSist.DB,DatInicio,Data,data_hora,System.DateTime,8,desconhecido,True,Paradox/BDE,data_hora,"validar em tela, ProcMon e amostra de dados"
fiscal,AndAltSist,SAT\FILIAL\AndAltSist.DB,HorInicio,HorInicio,outro,System.DateTime,8,desconhecido,True,Paradox/BDE,outro,"validar em tela, ProcMon e amostra de dados"
fiscal,AndAltSist,SAT\FILIAL\AndAltSist.DB,DatFinal,Data,data_hora,System.DateTime,8,desconhecido,True,Paradox/BDE,data_hora,"validar em tela, ProcMon e amostra de dados"
fiscal,AndAltSist,SAT\FILIAL\AndAltSist.DB,HorFinal,HorFinal,outro,System.DateTime,8,desconhecido,True,Paradox/BDE,outro,"validar em tela, ProcMon e amostra de dados"
fiscal,AndAltSist,SAT\FILIAL\AndAltSist.DB,Cancelado,Celular,cliente_ref,System.String,2,desconhecido,True,Paradox/BDE,identificador/vinculo,"validar em tela, ProcMon e amostra de dados"
financeiro,Anotacoes,SAT\FILIAL\Anotacoes.DB,SeqAnota,SeqAnota,fiscal_documento,System.Int32,4,desconhecido,True,Paradox/BDE,fiscal_documento,"validar em tela, ProcMon e amostra de dados"
financeiro,Anotacoes,SAT\FILIAL\Anotacoes.DB,CodUsuario,CodUsuario,id_codigo,System.String,20,provavel,True,Paradox/BDE,identificador/vinculo,"validar em tela, ProcMon e amostra de dados"
financeiro,Anotacoes,SAT\FILIAL\Anotacoes.DB,DatAnota,Data,data_hora,System.DateTime,8,provavel,True,Paradox/BDE,data_hora,"validar em tela, ProcMon e amostra de dados"
financeiro,Anotacoes,SAT\FILIAL\Anotacoes.DB,HorAnota,Hora,data_hora,System.DateTime,8,desconhecido,True,Paradox/BDE,data_hora,"validar em tela, ProcMon e amostra de dados"
financeiro,Anotacoes,SAT\FILIAL\Anotacoes.DB,DesAnota,DesAnota,fiscal_documento,System.String,400,desconhecido,True,Paradox/BDE,fiscal_documento,"validar em tela, ProcMon e amostra de dados"
financeiro,Anotacoes,SAT\FILIAL\Anotacoes.DB,SitAnota,SitAnota,status_situacao,System.String,2,desconhecido,True,Paradox/BDE,status_situacao,"validar em tela, ProcMon e amostra de dados"
financeiro,Anotacoes,SAT\FILIAL\Anotacoes.DB,DatAlerta,Data,data_hora,System.DateTime,8,provavel,True,Paradox/BDE,data_hora,"validar em tela, ProcMon e amostra de dados"
financeiro,Anotacoes,SAT\FILIAL\Anotacoes.DB,HorAlerta,Hora,data_hora,System.DateTime,8,desconhecido,True,Paradox/BDE,data_hora,"validar em tela, ProcMon e amostra de dados"
financeiro,Anotacoes,SAT\FILIAL\Anotacoes.DB,ParUsuario,ParUsuario,usuario_auditoria,System.String,20,desconhecido,True,Paradox/BDE,usuario_auditoria,"validar em tela, ProcMon e amostra de dados"
financeiro,Anotacoes,SAT\FILIAL\Anotacoes.DB,Titulo,Titulo,outro,System.String,20,desconhecido,True,Paradox/BDE,outro,"validar em tela, ProcMon e amostra de dados"
financeiro,Anotacoes,SAT\FILIAL\Anotacoes.DB,SeqExporta,SeqExporta,outro,System.Int32,4,desconhecido,True,Paradox/BDE,outro,"validar em tela, ProcMon e amostra de dados"
financeiro,Anotacoes,SAT\FILIAL\Anotacoes.DB,Vis,Vis,outro,System.Int32,4,desconhecido,True,Paradox/BDE,outro,"validar em tela, ProcMon e amostra de dados"
financeiro,Anotacoes,SAT\FILIAL\Anotacoes.DB,Lido,Lido,outro,System.String,2,provavel,True,Paradox/BDE,outro,"validar em tela, ProcMon e amostra de dados"
financeiro,Anotacoes,SAT\FILIAL\Anotacoes.DB,Importante,Importante,outro,System.String,2,desconhecido,True,Paradox/BDE,outro,"validar em tela, ProcMon e amostra de dados"
financeiro,Anotacoes,SAT\FILIAL\Anotacoes.DB,TipSat,TipSat,fiscal_documento,System.String,2,desconhecido,True,Paradox/BDE,fiscal_documento,"validar em tela, ProcMon e amostra de dados"
financeiro,Anotacoes,SAT\FILIAL\Anotacoes.DB,CodSat,CodSat,id_codigo,System.String,20,provavel,True,Paradox/BDE,identificador/vinculo,"validar em tela, ProcMon e amostra de dados"
financeiro,Anotacoes,SAT\FILIAL\Anotacoes.DB,SeqOcor,SeqOcor,outro,System.String,20,desconhecido,True,Paradox/BDE,outro,"validar em tela, ProcMon e amostra de dados"
produto_servico,CadProjSat,SAT\FILIAL\CadProjSat.DB,CodProjSat,CodProjSat,id_codigo,System.Int32,4,provavel,True,Paradox/BDE,identificador/vinculo,"validar em tela, ProcMon e amostra de dados"
produto_servico,CadProjSat,SAT\FILIAL\CadProjSat.DB,DesProjSat,Produto,produto_ref,System.String,80,desconhecido,True,Paradox/BDE,identificador/vinculo,"validar em tela, ProcMon e amostra de dados"
produto_servico,CadProjSat,SAT\FILIAL\CadProjSat.DB,TipProj,TipProj,outro,System.String,2,desconhecido,True,Paradox/BDE,outro,"validar em tela, ProcMon e amostra de dados"
produto_servico,CadProjSat,SAT\FILIAL\CadProjSat.DB,CodCli,Cliente,id_codigo,System.String,20,provavel,True,Paradox/BDE,identificador/vinculo,"validar em tela, ProcMon e amostra de dados"
produto_servico,CadProjSat,SAT\FILIAL\CadProjSat.DB,DatIni,Data,data_hora,System.DateTime,8,desconhecido,True,Paradox/BDE,data_hora,"validar em tela, ProcMon e amostra de dados"
produto_servico,CadProjSat,SAT\FILIAL\CadProjSat.DB,DatPrevFin,Data,data_hora,System.DateTime,8,desconhecido,True,Paradox/BDE,data_hora,"validar em tela, ProcMon e amostra de dados"
produto_servico,CadProjSat,SAT\FILIAL\CadProjSat.DB,DatFin,Data,data_hora,System.DateTime,8,desconhecido,True,Paradox/BDE,data_hora,"validar em tela, ProcMon e amostra de dados"
produto_servico,CadProjSat,SAT\FILIAL\CadProjSat.DB,SatPara,SatPara,fiscal_documento,System.String,20,desconhecido,True,Paradox/BDE,fiscal_documento,"validar em tela, ProcMon e amostra de dados"
produto_servico,CadProjSat,SAT\FILIAL\CadProjSat.DB,SitProj,SitProj,status_situacao,System.String,2,desconhecido,True,Paradox/BDE,status_situacao,"validar em tela, ProcMon e amostra de dados"
fiscal,LogExpSat,SAT\FILIAL\LogExpSat.DB,SeqExporta,SeqExporta,outro,System.Int32,4,desconhecido,True,Paradox/BDE,outro,"validar em tela, ProcMon e amostra de dados"
fiscal,LogExpSat,SAT\FILIAL\LogExpSat.DB,DesExporta,DesExporta,outro,System.String,100,desconhecido,True,Paradox/BDE,outro,"validar em tela, ProcMon e amostra de dados"
fiscal,LogExpSat,SAT\FILIAL\LogExpSat.DB,DatExporta,Data,data_hora,System.DateTime,8,desconhecido,True,Paradox/BDE,data_hora,"validar em tela, ProcMon e amostra de dados"
fiscal,LogExpSat,SAT\FILIAL\LogExpSat.DB,CodUsuario,CodUsuario,id_codigo,System.String,20,provavel,True,Paradox/BDE,identificador/vinculo,"validar em tela, ProcMon e amostra de dados"
fiscal,LogExpSat,SAT\FILIAL\LogExpSat.DB,TotLanctos,TotLanctos,ordem_rol_ref,System.Int32,4,desconhecido,True,Paradox/BDE,identificador/vinculo,"validar em tela, ProcMon e amostra de dados"
fiscal,LogExpSat,SAT\FILIAL\LogExpSat.DB,SitExporta,SitExporta,status_situacao,System.String,2,desconhecido,True,Paradox/BDE,status_situacao,"validar em tela, ProcMon e amostra de dados"
fiscal,LogExpSat,SAT\FILIAL\LogExpSat.DB,TipExporta,TipExporta,outro,System.String,6,desconhecido,True,Paradox/BDE,outro,"validar em tela, ProcMon e amostra de dados"
fiscal,LogImpSat,SAT\FILIAL\LogImpSat.DB,SeqImporta,SeqImporta,outro,System.Int32,4,desconhecido,True,Paradox/BDE,outro,"validar em tela, ProcMon e amostra de dados"
fiscal,LogImpSat,SAT\FILIAL\LogImpSat.DB,DesImporta,DesImporta,outro,System.String,100,desconhecido,True,Paradox/BDE,outro,"validar em tela, ProcMon e amostra de dados"
fiscal,LogImpSat,SAT\FILIAL\LogImpSat.DB,DatImporta,Data,data_hora,System.DateTime,8,desconhecido,True,Paradox/BDE,data_hora,"validar em tela, ProcMon e amostra de dados"
fiscal,LogImpSat,SAT\FILIAL\LogImpSat.DB,CodUsuario,CodUsuario,id_codigo,System.String,20,provavel,True,Paradox/BDE,identificador/vinculo,"validar em tela, ProcMon e amostra de dados"
fiscal,LogImpSat,SAT\FILIAL\LogImpSat.DB,TotLanctos,TotLanctos,ordem_rol_ref,System.Int32,4,desconhecido,True,Paradox/BDE,identificador/vinculo,"validar em tela, ProcMon e amostra de dados"
ordem_servico_rol,MovProcAnexo,SAT\FILIAL\MovProcAnexo.DB,CodProces,CodProces,id_codigo,System.String,20,provavel,True,Paradox/BDE,identificador/vinculo,"validar em tela, ProcMon e amostra de dados"
ordem_servico_rol,MovProcAnexo,SAT\FILIAL\MovProcAnexo.DB,SeqProcCad,SeqProcCad,data_hora,System.Int32,4,desconhecido,True,Paradox/BDE,data_hora,"validar em tela, ProcMon e amostra de dados"
ordem_servico_rol,MovProcAnexo,SAT\FILIAL\MovProcAnexo.DB,Seq,Seq,outro,System.Int32,4,desconhecido,True,Paradox/BDE,outro,"validar em tela, ProcMon e amostra de dados"
ordem_servico_rol,MovProcAnexo,SAT\FILIAL\MovProcAnexo.DB,Anexo,Anexo,outro,System.String,400,desconhecido,True,Paradox/BDE,outro,"validar em tela, ProcMon e amostra de dados"
ordem_servico_rol,MovProcAnexo,SAT\FILIAL\MovProcAnexo.DB,DescAnexo,Desconto/Descricao,valor_monetario,System.String,60,desconhecido,True,Paradox/BDE,valor_monetario,"validar em tela, ProcMon e amostra de dados"
ordem_servico_rol,MovProcAnexo,SAT\FILIAL\MovProcAnexo.DB,Rotina,Rotina,outro,System.String,20,desconhecido,True,Paradox/BDE,outro,"validar em tela, ProcMon e amostra de dados"
ordem_servico_rol,MovProces,SAT\FILIAL\MovProces.DB,CodProces,CodProces,id_codigo,System.String,20,provavel,True,Paradox/BDE,identificador/vinculo,"validar em tela, ProcMon e amostra de dados"
ordem_servico_rol,MovProces,SAT\FILIAL\MovProces.DB,SeqProces,SeqProces,outro,System.Int32,4,desconhecido,True,Paradox/BDE,outro,"validar em tela, ProcMon e amostra de dados"
ordem_servico_rol,MovProces,SAT\FILIAL\MovProces.DB,CodCad,CodCad,id_codigo,System.String,20,provavel,True,Paradox/BDE,identificador/vinculo,"validar em tela, ProcMon e amostra de dados"
ordem_servico_rol,MovProces,SAT\FILIAL\MovProces.DB,TipSat,TipSat,fiscal_documento,System.String,2,desconhecido,True,Paradox/BDE,fiscal_documento,"validar em tela, ProcMon e amostra de dados"
ordem_servico_rol,MovProces,SAT\FILIAL\MovProces.DB,SeqSat,SeqSat,fiscal_documento,System.Int32,4,desconhecido,True,Paradox/BDE,fiscal_documento,"validar em tela, ProcMon e amostra de dados"
ordem_servico_rol,MovProces,SAT\FILIAL\MovProces.DB,SeqOcor,SeqOcor,outro,System.Int32,4,desconhecido,True,Paradox/BDE,outro,"validar em tela, ProcMon e amostra de dados"
ordem_servico_rol,MovProces,SAT\FILIAL\MovProces.DB,Situacao,Status,status_situacao,System.String,2,desconhecido,True,Paradox/BDE,status_situacao,"validar em tela, ProcMon e amostra de dados"
ordem_servico_rol,MovProces,SAT\FILIAL\MovProces.DB,Obs,Obs,texto_observacao,System.String,400,desconhecido,True,Paradox/BDE,texto_observacao,"validar em tela, ProcMon e amostra de dados"
ordem_servico_rol,MovProces,SAT\FILIAL\MovProces.DB,Versao,Versao,outro,System.String,20,desconhecido,True,Paradox/BDE,outro,"validar em tela, ProcMon e amostra de dados"
ordem_servico_rol,MovProces,SAT\FILIAL\MovProces.DB,Prazo,Prazo,outro,System.Int32,4,desconhecido,True,Paradox/BDE,outro,"validar em tela, ProcMon e amostra de dados"
ordem_servico_rol,MovProces,SAT\FILIAL\MovProces.DB,DesProces,Produto,produto_ref,System.String,100,desconhecido,True,Paradox/BDE,identificador/vinculo,"validar em tela, ProcMon e amostra de dados"
ordem_servico_rol,MovProces,SAT\FILIAL\MovProces.DB,DatIni,Data,data_hora,System.DateTime,8,desconhecido,True,Paradox/BDE,data_hora,"validar em tela, ProcMon e amostra de dados"
ordem_servico_rol,MovProces,SAT\FILIAL\MovProces.DB,Resp,Resp,outro,System.String,20,desconhecido,True,Paradox/BDE,outro,"validar em tela, ProcMon e amostra de dados"
ordem_servico_rol,MovProcesIt,SAT\FILIAL\MovProcesIt.DB,CodProces,CodProces,id_codigo,System.String,20,provavel,True,Paradox/BDE,identificador/vinculo,"validar em tela, ProcMon e amostra de dados"
ordem_servico_rol,MovProcesIt,SAT\FILIAL\MovProcesIt.DB,SeqProcCad,SeqProcCad,data_hora,System.Int32,4,desconhecido,True,Paradox/BDE,data_hora,"validar em tela, ProcMon e amostra de dados"
ordem_servico_rol,MovProcesIt,SAT\FILIAL\MovProcesIt.DB,Seq,Seq,outro,System.Int32,4,desconhecido,True,Paradox/BDE,outro,"validar em tela, ProcMon e amostra de dados"
ordem_servico_rol,MovProcesIt,SAT\FILIAL\MovProcesIt.DB,Ordem,Ordem,outro,System.String,30,desconhecido,True,Paradox/BDE,outro,"validar em tela, ProcMon e amostra de dados"
ordem_servico_rol,MovProcesIt,SAT\FILIAL\MovProcesIt.DB,Situacao,Status,status_situacao,System.String,2,desconhecido,True,Paradox/BDE,status_situacao,"validar em tela, ProcMon e amostra de dados"
ordem_servico_rol,MovProcesIt,SAT\FILIAL\MovProcesIt.DB,Obs,Obs,texto_observacao,System.String,400,desconhecido,True,Paradox/BDE,texto_observacao,"validar em tela, ProcMon e amostra de dados"
ordem_servico_rol,MovProcesIt,SAT\FILIAL\MovProcesIt.DB,DesOpera,DesOpera,outro,System.String,200,desconhecido,True,Paradox/BDE,outro,"validar em tela, ProcMon e amostra de dados"
ordem_servico_rol,MovProcesIt,SAT\FILIAL\MovProcesIt.DB,TipProces,TipProces,outro,System.String,2,desconhecido,True,Paradox/BDE,outro,"validar em tela, ProcMon e amostra de dados"
ordem_servico_rol,MovProcesIt,SAT\FILIAL\MovProcesIt.DB,DatFim,Data,data_hora,System.DateTime,8,desconhecido,True,Paradox/BDE,data_hora,"validar em tela, ProcMon e amostra de dados"
ordem_servico_rol,MovProcesIt,SAT\FILIAL\MovProcesIt.DB,DatConc,Data,data_hora,System.DateTime,8,desconhecido,True,Paradox/BDE,data_hora,"validar em tela, ProcMon e amostra de dados"
ordem_servico_rol,MovProcesIt,SAT\FILIAL\MovProcesIt.DB,RespConc,RespConc,outro,System.String,20,desconhecido,True,Paradox/BDE,outro,"validar em tela, ProcMon e amostra de dados"
ordem_servico_rol,MovProcesIt,SAT\FILIAL\MovProcesIt.DB,Resp,Resp,outro,System.String,20,desconhecido,True,Paradox/BDE,outro,"validar em tela, ProcMon e amostra de dados"
ordem_servico_rol,MovProcesIt,SAT\FILIAL\MovProcesIt.DB,ObsOpera,ObsOpera,texto_observacao,System.String,510,desconhecido,True,Paradox/BDE,texto_observacao,"validar em tela, ProcMon e amostra de dados"
ordem_servico_rol,MovProcesIt,SAT\FILIAL\MovProcesIt.DB,Marca,Marca,produto_ref,System.String,2,desconhecido,True,Paradox/BDE,identificador/vinculo,"validar em tela, ProcMon e amostra de dados"
ordem_servico_rol,MovProcesIt,SAT\FILIAL\MovProcesIt.DB,Obrigatorio,Obrigatorio,outro,System.String,2,desconhecido,True,Paradox/BDE,outro,"validar em tela, ProcMon e amostra de dados"
ordem_servico_rol,MovProcesIt,SAT\FILIAL\MovProcesIt.DB,Responsavel,Responsavel,usuario_auditoria,System.String,20,desconhecido,True,Paradox/BDE,usuario_auditoria,"validar em tela, ProcMon e amostra de dados"
fiscal,MovSatAle,SAT\FILIAL\MovSatAle.DB,SeqAlerta,SeqAlerta,outro,System.Int32,4,desconhecido,True,Paradox/BDE,outro,"validar em tela, ProcMon e amostra de dados"
fiscal,MovSatAle,SAT\FILIAL\MovSatAle.DB,TipSat,TipSat,fiscal_documento,System.String,2,desconhecido,True,Paradox/BDE,fiscal_documento,"validar em tela, ProcMon e amostra de dados"
fiscal,MovSatAle,SAT\FILIAL\MovSatAle.DB,CodSat,CodSat,id_codigo,System.String,20,provavel,True,Paradox/BDE,identificador/vinculo,"validar em tela, ProcMon e amostra de dados"
fiscal,MovSatAle,SAT\FILIAL\MovSatAle.DB,SeqSat,SeqSat,fiscal_documento,System.Int32,4,desconhecido,True,Paradox/BDE,fiscal_documento,"validar em tela, ProcMon e amostra de dados"
fiscal,MovSatAle,SAT\FILIAL\MovSatAle.DB,DatLan,Data,data_hora,System.DateTime,8,desconhecido,True,Paradox/BDE,data_hora,"validar em tela, ProcMon e amostra de dados"
fiscal,MovSatAle,SAT\FILIAL\MovSatAle.DB,HorLan,HorLan,outro,System.DateTime,8,desconhecido,True,Paradox/BDE,outro,"validar em tela, ProcMon e amostra de dados"
fiscal,MovSatAle,SAT\FILIAL\MovSatAle.DB,CodUsuario,CodUsuario,id_codigo,System.String,20,provavel,True,Paradox/BDE,identificador/vinculo,"validar em tela, ProcMon e amostra de dados"
fiscal,MovSatAle,SAT\FILIAL\MovSatAle.DB,DatAlerta,Data,data_hora,System.DateTime,8,provavel,True,Paradox/BDE,data_hora,"validar em tela, ProcMon e amostra de dados"
fiscal,MovSatAle,SAT\FILIAL\MovSatAle.DB,HorAlerta,Hora,data_hora,System.DateTime,8,desconhecido,True,Paradox/BDE,data_hora,"validar em tela, ProcMon e amostra de dados"
fiscal,MovSatAle,SAT\FILIAL\MovSatAle.DB,SitAlerta,SitAlerta,status_situacao,System.String,2,desconhecido,True,Paradox/BDE,status_situacao,"validar em tela, ProcMon e amostra de dados"
fiscal,MovSatAle,SAT\FILIAL\MovSatAle.DB,ExportaSAT,ExportaSAT,fiscal_documento,System.Int32,4,desconhecido,True,Paradox/BDE,fiscal_documento,"validar em tela, ProcMon e amostra de dados"
fiscal,MovSatAle,SAT\FILIAL\MovSatAle.DB,CodSatTip,CodSatTip,id_codigo,System.String,2,provavel,True,Paradox/BDE,identificador/vinculo,"validar em tela, ProcMon e amostra de dados"
fiscal,MovSatAle,SAT\FILIAL\MovSatAle.DB,Importante,Importante,outro,System.String,2,desconhecido,True,Paradox/BDE,outro,"validar em tela, ProcMon e amostra de dados"
fiscal,MovSatAle,SAT\FILIAL\MovSatAle.DB,Lido,Lido,outro,System.String,2,provavel,True,Paradox/BDE,outro,"validar em tela, ProcMon e amostra de dados"
fiscal,MovSatAle,SAT\FILIAL\MovSatAle.DB,Reuniao,Reuniao,outro,System.String,2,desconhecido,True,Paradox/BDE,outro,"validar em tela, ProcMon e amostra de dados"
fiscal,MovSatAle,SAT\FILIAL\MovSatAle.DB,UsuarioReu,UsuarioReu,usuario_auditoria,System.String,20,desconhecido,True,Paradox/BDE,usuario_auditoria,"validar em tela, ProcMon e amostra de dados"
fiscal,MovSatCli,SAT\FILIAL\MovSatCli.DB,SeqSatCli,SeqSatCli,fiscal_documento,System.Int32,4,desconhecido,True,Paradox/BDE,fiscal_documento,"validar em tela, ProcMon e amostra de dados"
fiscal,MovSatCli,SAT\FILIAL\MovSatCli.DB,CodCli,Cliente,id_codigo,System.String,20,provavel,True,Paradox/BDE,identificador/vinculo,"validar em tela, ProcMon e amostra de dados"
fiscal,MovSatCli,SAT\FILIAL\MovSatCli.DB,DatLan,Data,data_hora,System.DateTime,8,desconhecido,True,Paradox/BDE,data_hora,"validar em tela, ProcMon e amostra de dados"
fiscal,MovSatCli,SAT\FILIAL\MovSatCli.DB,HorLan,HorLan,outro,System.DateTime,8,desconhecido,True,Paradox/BDE,outro,"validar em tela, ProcMon e amostra de dados"
fiscal,MovSatCli,SAT\FILIAL\MovSatCli.DB,CodSatTip,CodSatTip,id_codigo,System.String,2,provavel,True,Paradox/BDE,identificador/vinculo,"validar em tela, ProcMon e amostra de dados"
fiscal,MovSatCli,SAT\FILIAL\MovSatCli.DB,Descricao,Desconto/Descricao,valor_monetario,System.String,510,desconhecido,True,Paradox/BDE,valor_monetario,"validar em tela, ProcMon e amostra de dados"
fiscal,MovSatCli,SAT\FILIAL\MovSatCli.DB,CodSatSit,CodSatSit,id_codigo,System.String,2,provavel,True,Paradox/BDE,identificador/vinculo,"validar em tela, ProcMon e amostra de dados"
fiscal,MovSatCli,SAT\FILIAL\MovSatCli.DB,CodUsuario,CodUsuario,id_codigo,System.String,20,provavel,True,Paradox/BDE,identificador/vinculo,"validar em tela, ProcMon e amostra de dados"
fiscal,MovSatCli,SAT\FILIAL\MovSatCli.DB,SatPara,SatPara,fiscal_documento,System.String,20,desconhecido,True,Paradox/BDE,fiscal_documento,"validar em tela, ProcMon e amostra de dados"
fiscal,MovSatCli,SAT\FILIAL\MovSatCli.DB,Contactant,Contactant,outro,System.String,30,desconhecido,True,Paradox/BDE,outro,"validar em tela, ProcMon e amostra de dados"
fiscal,MovSatCli,SAT\FILIAL\MovSatCli.DB,Contactad,Contactad,outro,System.String,30,desconhecido,True,Paradox/BDE,outro,"validar em tela, ProcMon e amostra de dados"
fiscal,MovSatCli,SAT\FILIAL\MovSatCli.DB,CodSatCla,CodSatCla,id_codigo,System.String,6,provavel,True,Paradox/BDE,identificador/vinculo,"validar em tela, ProcMon e amostra de dados"
fiscal,MovSatCli,SAT\FILIAL\MovSatCli.DB,Cancelado,Celular,cliente_ref,System.String,2,desconhecido,True,Paradox/BDE,identificador/vinculo,"validar em tela, ProcMon e amostra de dados"
fiscal,MovSatCli,SAT\FILIAL\MovSatCli.DB,DatSolucao,Data,data_hora,System.DateTime,8,desconhecido,True,Paradox/BDE,data_hora,"validar em tela, ProcMon e amostra de dados"
fiscal,MovSatCli,SAT\FILIAL\MovSatCli.DB,HorSolucao,HorSolucao,outro,System.DateTime,8,desconhecido,True,Paradox/BDE,outro,"validar em tela, ProcMon e amostra de dados"
fiscal,MovSatCli,SAT\FILIAL\MovSatCli.DB,ExportaSat,ExportaSat,fiscal_documento,System.Int32,4,desconhecido,True,Paradox/BDE,fiscal_documento,"validar em tela, ProcMon e amostra de dados"
fiscal,MovSatCli,SAT\FILIAL\MovSatCli.DB,CodSatSubC,CodSatSubC,id_codigo,System.String,6,provavel,True,Paradox/BDE,identificador/vinculo,"validar em tela, ProcMon e amostra de dados"
fiscal,MovSatCli,SAT\FILIAL\MovSatCli.DB,DatPrevSol,Data,data_hora,System.DateTime,8,desconhecido,True,Paradox/BDE,data_hora,"validar em tela, ProcMon e amostra de dados"
fiscal,MovSatCli,SAT\FILIAL\MovSatCli.DB,HorPrevSol,HorPrevSol,outro,System.DateTime,8,desconhecido,True,Paradox/BDE,outro,"validar em tela, ProcMon e amostra de dados"
fiscal,MovSatCli,SAT\FILIAL\MovSatCli.DB,CodSatTipS,CodSatTipS,id_codigo,System.String,2,provavel,True,Paradox/BDE,identificador/vinculo,"validar em tela, ProcMon e amostra de dados"
fiscal,MovSatCli,SAT\FILIAL\MovSatCli.DB,UsuSolucao,UsuSolucao,usuario_auditoria,System.String,20,desconhecido,True,Paradox/BDE,usuario_auditoria,"validar em tela, ProcMon e amostra de dados"
fiscal,MovSatCli,SAT\FILIAL\MovSatCli.DB,Solucao,Solucao,outro,System.String,510,desconhecido,True,Paradox/BDE,outro,"validar em tela, ProcMon e amostra de dados"
fiscal,MovSatCli,SAT\FILIAL\MovSatCli.DB,SeqOcor,SeqOcor,outro,System.Int32,4,desconhecido,True,Paradox/BDE,outro,"validar em tela, ProcMon e amostra de dados"
fiscal,MovSatCli,SAT\FILIAL\MovSatCli.DB,TipContato,TipContato,outro,System.String,2,desconhecido,True,Paradox/BDE,outro,"validar em tela, ProcMon e amostra de dados"
fiscal,MovSatCli,SAT\FILIAL\MovSatCli.DB,CodSatGru,CodSatGru,id_codigo,System.String,10,provavel,True,Paradox/BDE,identificador/vinculo,"validar em tela, ProcMon e amostra de dados"
fiscal,MovSatCli,SAT\FILIAL\MovSatCli.DB,NumNotSat,NumNotSat,id_codigo,System.Int32,4,provavel,True,Paradox/BDE,identificador/vinculo,"validar em tela, ProcMon e amostra de dados"
fiscal,MovSatCli,SAT\FILIAL\MovSatCli.DB,CodErro,CodErro,id_codigo,System.Int32,4,provavel,True,Paradox/BDE,identificador/vinculo,"validar em tela, ProcMon e amostra de dados"
fiscal,MovSatCli,SAT\FILIAL\MovSatCli.DB,DatLanFim,Data,data_hora,System.DateTime,8,desconhecido,True,Paradox/BDE,data_hora,"validar em tela, ProcMon e amostra de dados"
fiscal,MovSatCli,SAT\FILIAL\MovSatCli.DB,HorLanFim,HorLanFim,fiscal_documento,System.DateTime,8,desconhecido,True,Paradox/BDE,fiscal_documento,"validar em tela, ProcMon e amostra de dados"
fiscal,MovSatCli,SAT\FILIAL\MovSatCli.DB,HorPrevSolF,HorPrevSolF,outro,System.DateTime,8,desconhecido,True,Paradox/BDE,outro,"validar em tela, ProcMon e amostra de dados"
fiscal,MovSatCli,SAT\FILIAL\MovSatCli.DB,CodSatPad,CodSatPad,id_codigo,System.Int32,4,provavel,True,Paradox/BDE,identificador/vinculo,"validar em tela, ProcMon e amostra de dados"
fiscal,MovSatCli,SAT\FILIAL\MovSatCli.DB,CodProces,CodProces,id_codigo,System.String,20,provavel,True,Paradox/BDE,identificador/vinculo,"validar em tela, ProcMon e amostra de dados"
fiscal,MovSatCli,SAT\FILIAL\MovSatCli.DB,SeqProcCad,SeqProcCad,data_hora,System.Int32,4,desconhecido,True,Paradox/BDE,data_hora,"validar em tela, ProcMon e amostra de dados"
produto_servico,MovSatCliOcor,SAT\FILIAL\MovSatCliOcor.DB,CodCli,Cliente,id_codigo,System.String,20,provavel,True,Paradox/BDE,identificador/vinculo,"validar em tela, ProcMon e amostra de dados"
produto_servico,MovSatCliOcor,SAT\FILIAL\MovSatCliOcor.DB,SeqOcor,SeqOcor,outro,System.Int32,4,desconhecido,True,Paradox/BDE,outro,"validar em tela, ProcMon e amostra de dados"
produto_servico,MovSatCliOcor,SAT\FILIAL\MovSatCliOcor.DB,SitOcor,SitOcor,status_situacao,System.String,2,desconhecido,True,Paradox/BDE,status_situacao,"validar em tela, ProcMon e amostra de dados"
produto_servico,MovSatCliOcor,SAT\FILIAL\MovSatCliOcor.DB,CodUsuario,CodUsuario,id_codigo,System.String,20,provavel,True,Paradox/BDE,identificador/vinculo,"validar em tela, ProcMon e amostra de dados"
produto_servico,MovSatCliOcor,SAT\FILIAL\MovSatCliOcor.DB,Obs,Obs,texto_observacao,System.String,500,desconhecido,True,Paradox/BDE,texto_observacao,"validar em tela, ProcMon e amostra de dados"
produto_servico,MovSatCliOcor,SAT\FILIAL\MovSatCliOcor.DB,DatLan,Data,data_hora,System.DateTime,8,desconhecido,True,Paradox/BDE,data_hora,"validar em tela, ProcMon e amostra de dados"
produto_servico,MovSatCliOcor,SAT\FILIAL\MovSatCliOcor.DB,HorLan,HorLan,outro,System.DateTime,8,desconhecido,True,Paradox/BDE,outro,"validar em tela, ProcMon e amostra de dados"
produto_servico,MovSatCliOcor,SAT\FILIAL\MovSatCliOcor.DB,DatPrevSol,Data,data_hora,System.DateTime,8,desconhecido,True,Paradox/BDE,data_hora,"validar em tela, ProcMon e amostra de dados"
produto_servico,MovSatCliOcor,SAT\FILIAL\MovSatCliOcor.DB,DatSol,Data,data_hora,System.DateTime,8,desconhecido,True,Paradox/BDE,data_hora,"validar em tela, ProcMon e amostra de dados"
produto_servico,MovSatCliOcor,SAT\FILIAL\MovSatCliOcor.DB,HorSol,HorSol,outro,System.DateTime,8,desconhecido,True,Paradox/BDE,outro,"validar em tela, ProcMon e amostra de dados"
produto_servico,MovSatCliOcor,SAT\FILIAL\MovSatCliOcor.DB,SatPara,SatPara,fiscal_documento,System.String,20,desconhecido,True,Paradox/BDE,fiscal_documento,"validar em tela, ProcMon e amostra de dados"
produto_servico,MovSatCliOcor,SAT\FILIAL\MovSatCliOcor.DB,DatAlerta,Data,data_hora,System.DateTime,8,provavel,True,Paradox/BDE,data_hora,"validar em tela, ProcMon e amostra de dados"
produto_servico,MovSatCliOcor,SAT\FILIAL\MovSatCliOcor.DB,HorAlerta,Hora,data_hora,System.DateTime,8,desconhecido,True,Paradox/BDE,data_hora,"validar em tela, ProcMon e amostra de dados"
produto_servico,MovSatCliOcor,SAT\FILIAL\MovSatCliOcor.DB,DatPrevOri,Data,data_hora,System.DateTime,8,desconhecido,True,Paradox/BDE,data_hora,"validar em tela, ProcMon e amostra de dados"
produto_servico,MovSatCliOcor,SAT\FILIAL\MovSatCliOcor.DB,CodOcorCla,CodOcorCla,id_codigo,System.String,6,provavel,True,Paradox/BDE,identificador/vinculo,"validar em tela, ProcMon e amostra de dados"
produto_servico,MovSatCliOcor,SAT\FILIAL\MovSatCliOcor.DB,CodOcorSubC,CodOcorSubC,id_codigo,System.String,6,provavel,True,Paradox/BDE,identificador/vinculo,"validar em tela, ProcMon e amostra de dados"
produto_servico,MovSatCliOcor,SAT\FILIAL\MovSatCliOcor.DB,Importante,Importante,outro,System.String,510,desconhecido,True,Paradox/BDE,outro,"validar em tela, ProcMon e amostra de dados"
produto_servico,MovSatCliOcor,SAT\FILIAL\MovSatCliOcor.DB,BloqVisual,BloqVisual,status_situacao,System.String,2,desconhecido,True,Paradox/BDE,status_situacao,"validar em tela, ProcMon e amostra de dados"
produto_servico,MovSatCliOcor,SAT\FILIAL\MovSatCliOcor.DB,ValOcor,ValOcor,outro,System.Double,8,desconhecido,True,Paradox/BDE,outro,"validar em tela, ProcMon e amostra de dados"
produto_servico,MovSatCliOcor,SAT\FILIAL\MovSatCliOcor.DB,CodProces,CodProces,id_codigo,System.String,20,provavel,True,Paradox/BDE,identificador/vinculo,"validar em tela, ProcMon e amostra de dados"
produto_servico,MovSatCliOcor,SAT\FILIAL\MovSatCliOcor.DB,SeqProcCad,SeqProcCad,data_hora,System.Int32,4,desconhecido,True,Paradox/BDE,data_hora,"validar em tela, ProcMon e amostra de dados"
fiscal,MovSatCliPro,SAT\FILIAL\MovSatCliPro.DB,SeqSatCli,SeqSatCli,fiscal_documento,System.Int32,4,desconhecido,True,Paradox/BDE,fiscal_documento,"validar em tela, ProcMon e amostra de dados"
fiscal,MovSatCliPro,SAT\FILIAL\MovSatCliPro.DB,CodPro,CodPro,id_codigo,System.String,10,provavel,True,Paradox/BDE,identificador/vinculo,"validar em tela, ProcMon e amostra de dados"
fiscal,MovSatCliPro,SAT\FILIAL\MovSatCliPro.DB,Descricao,Desconto/Descricao,valor_monetario,System.String,200,desconhecido,True,Paradox/BDE,valor_monetario,"validar em tela, ProcMon e amostra de dados"
fiscal,MovSatCliPro,SAT\FILIAL\MovSatCliPro.DB,ValUnit,ValUnit,outro,System.Double,8,desconhecido,True,Paradox/BDE,outro,"validar em tela, ProcMon e amostra de dados"
fiscal,MovSatCliPro,SAT\FILIAL\MovSatCliPro.DB,Qde,Qde,outro,System.Double,8,desconhecido,True,Paradox/BDE,outro,"validar em tela, ProcMon e amostra de dados"
fiscal,MovSatCliPro,SAT\FILIAL\MovSatCliPro.DB,ValFinal,ValFinal,outro,System.Double,8,desconhecido,True,Paradox/BDE,outro,"validar em tela, ProcMon e amostra de dados"
fiscal,MovSatEmail,SAT\FILIAL\MovSatEmail.DB,TipSat,TipSat,fiscal_documento,System.String,2,desconhecido,True,Paradox/BDE,fiscal_documento,"validar em tela, ProcMon e amostra de dados"
fiscal,MovSatEmail,SAT\FILIAL\MovSatEmail.DB,CodSat,CodSat,id_codigo,System.String,20,provavel,True,Paradox/BDE,identificador/vinculo,"validar em tela, ProcMon e amostra de dados"
fiscal,MovSatEmail,SAT\FILIAL\MovSatEmail.DB,DatLan,Data,data_hora,System.DateTime,8,desconhecido,True,Paradox/BDE,data_hora,"validar em tela, ProcMon e amostra de dados"
fiscal,MovSatEmail,SAT\FILIAL\MovSatEmail.DB,HorLan,HorLan,outro,System.DateTime,8,desconhecido,True,Paradox/BDE,outro,"validar em tela, ProcMon e amostra de dados"
fiscal,MovSatEmail,SAT\FILIAL\MovSatEmail.DB,CodUsuario,CodUsuario,id_codigo,System.String,20,provavel,True,Paradox/BDE,identificador/vinculo,"validar em tela, ProcMon e amostra de dados"
fiscal,MovSatEmail,SAT\FILIAL\MovSatEmail.DB,DatEnv,Data,data_hora,System.DateTime,8,desconhecido,True,Paradox/BDE,data_hora,"validar em tela, ProcMon e amostra de dados"
fiscal,MovSatEmail,SAT\FILIAL\MovSatEmail.DB,HorEnv,HorEnv,outro,System.DateTime,8,desconhecido,True,Paradox/BDE,outro,"validar em tela, ProcMon e amostra de dados"
fiscal,MovSatEmail,SAT\FILIAL\MovSatEmail.DB,Email,E-mail,cliente_ref,System.String,400,desconhecido,True,Paradox/BDE,identificador/vinculo,"validar em tela, ProcMon e amostra de dados"
fiscal,MovSatEmail,SAT\FILIAL\MovSatEmail.DB,Status,Status,status_situacao,System.String,6,desconhecido,True,Paradox/BDE,status_situacao,"validar em tela, ProcMon e amostra de dados"
fiscal,MovSatEmail,SAT\FILIAL\MovSatEmail.DB,Obs,Obs,texto_observacao,System.String,400,desconhecido,True,Paradox/BDE,texto_observacao,"validar em tela, ProcMon e amostra de dados"
fiscal,MovSatEmail,SAT\FILIAL\MovSatEmail.DB,Titulo,Titulo,outro,System.String,400,desconhecido,True,Paradox/BDE,outro,"validar em tela, ProcMon e amostra de dados"
fiscal,MovSatEmail,SAT\FILIAL\MovSatEmail.DB,Nome,Nome,texto_observacao,System.String,80,provavel,True,Paradox/BDE,texto_observacao,"validar em tela, ProcMon e amostra de dados"
fiscal,MovSatExec,SAT\FILIAL\MovSatExec.DB,TipSat,TipSat,fiscal_documento,System.String,2,desconhecido,True,Paradox/BDE,fiscal_documento,"validar em tela, ProcMon e amostra de dados"
fiscal,MovSatExec,SAT\FILIAL\MovSatExec.DB,CodSat,CodSat,id_codigo,System.String,20,provavel,True,Paradox/BDE,identificador/vinculo,"validar em tela, ProcMon e amostra de dados"
fiscal,MovSatExec,SAT\FILIAL\MovSatExec.DB,SeqSat,SeqSat,fiscal_documento,System.Int32,4,desconhecido,True,Paradox/BDE,fiscal_documento,"validar em tela, ProcMon e amostra de dados"
fiscal,MovSatExec,SAT\FILIAL\MovSatExec.DB,CodOpeExe,CodOpeExe,id_codigo,System.String,10,provavel,True,Paradox/BDE,identificador/vinculo,"validar em tela, ProcMon e amostra de dados"
fiscal,MovSatExec,SAT\FILIAL\MovSatExec.DB,SeqExe,SeqExe,outro,System.Int32,4,desconhecido,True,Paradox/BDE,outro,"validar em tela, ProcMon e amostra de dados"
fiscal,MovSatExec,SAT\FILIAL\MovSatExec.DB,TipComando,TipComando,outro,System.String,10,desconhecido,True,Paradox/BDE,outro,"validar em tela, ProcMon e amostra de dados"
fiscal,MovSatExec,SAT\FILIAL\MovSatExec.DB,Comando,Comando,outro,System.String,400,desconhecido,True,Paradox/BDE,outro,"validar em tela, ProcMon e amostra de dados"
fiscal,MovSatExec,SAT\FILIAL\MovSatExec.DB,Parametros,Parametros,ordem_rol_ref,System.String,400,desconhecido,True,Paradox/BDE,identificador/vinculo,"validar em tela, ProcMon e amostra de dados"
fiscal,MovSatFor,SAT\FILIAL\MovSatFor.DB,SeqSatFor,SeqSatFor,fiscal_documento,System.Int32,4,desconhecido,True,Paradox/BDE,fiscal_documento,"validar em tela, ProcMon e amostra de dados"
fiscal,MovSatFor,SAT\FILIAL\MovSatFor.DB,CodFor,CodFor,id_codigo,System.String,20,provavel,True,Paradox/BDE,identificador/vinculo,"validar em tela, ProcMon e amostra de dados"
fiscal,MovSatFor,SAT\FILIAL\MovSatFor.DB,DatLan,Data,data_hora,System.DateTime,8,desconhecido,True,Paradox/BDE,data_hora,"validar em tela, ProcMon e amostra de dados"
fiscal,MovSatFor,SAT\FILIAL\MovSatFor.DB,HorLan,HorLan,outro,System.DateTime,8,desconhecido,True,Paradox/BDE,outro,"validar em tela, ProcMon e amostra de dados"
fiscal,MovSatFor,SAT\FILIAL\MovSatFor.DB,CodSatTip,CodSatTip,id_codigo,System.String,2,provavel,True,Paradox/BDE,identificador/vinculo,"validar em tela, ProcMon e amostra de dados"
fiscal,MovSatFor,SAT\FILIAL\MovSatFor.DB,Descricao,Desconto/Descricao,valor_monetario,System.String,510,desconhecido,True,Paradox/BDE,valor_monetario,"validar em tela, ProcMon e amostra de dados"
fiscal,MovSatFor,SAT\FILIAL\MovSatFor.DB,CodSatSit,CodSatSit,id_codigo,System.String,2,provavel,True,Paradox/BDE,identificador/vinculo,"validar em tela, ProcMon e amostra de dados"
fiscal,MovSatFor,SAT\FILIAL\MovSatFor.DB,CodUsuario,CodUsuario,id_codigo,System.String,20,provavel,True,Paradox/BDE,identificador/vinculo,"validar em tela, ProcMon e amostra de dados"
fiscal,MovSatFor,SAT\FILIAL\MovSatFor.DB,SatPara,SatPara,fiscal_documento,System.String,20,desconhecido,True,Paradox/BDE,fiscal_documento,"validar em tela, ProcMon e amostra de dados"
fiscal,MovSatFor,SAT\FILIAL\MovSatFor.DB,Contactant,Contactant,outro,System.String,30,desconhecido,True,Paradox/BDE,outro,"validar em tela, ProcMon e amostra de dados"
fiscal,MovSatFor,SAT\FILIAL\MovSatFor.DB,Contactad,Contactad,outro,System.String,30,desconhecido,True,Paradox/BDE,outro,"validar em tela, ProcMon e amostra de dados"
fiscal,MovSatFor,SAT\FILIAL\MovSatFor.DB,CodSatCla,CodSatCla,id_codigo,System.String,6,provavel,True,Paradox/BDE,identificador/vinculo,"validar em tela, ProcMon e amostra de dados"
fiscal,MovSatFor,SAT\FILIAL\MovSatFor.DB,Cancelado,Celular,cliente_ref,System.String,2,desconhecido,True,Paradox/BDE,identificador/vinculo,"validar em tela, ProcMon e amostra de dados"
fiscal,MovSatFor,SAT\FILIAL\MovSatFor.DB,DatSolucao,Data,data_hora,System.DateTime,8,desconhecido,True,Paradox/BDE,data_hora,"validar em tela, ProcMon e amostra de dados"
fiscal,MovSatFor,SAT\FILIAL\MovSatFor.DB,HorSolucao,HorSolucao,outro,System.DateTime,8,desconhecido,True,Paradox/BDE,outro,"validar em tela, ProcMon e amostra de dados"
fiscal,MovSatFor,SAT\FILIAL\MovSatFor.DB,ExportaSAT,ExportaSAT,fiscal_documento,System.Int32,4,desconhecido,True,Paradox/BDE,fiscal_documento,"validar em tela, ProcMon e amostra de dados"
fiscal,MovSatFor,SAT\FILIAL\MovSatFor.DB,CodSatSubC,CodSatSubC,id_codigo,System.String,6,provavel,True,Paradox/BDE,identificador/vinculo,"validar em tela, ProcMon e amostra de dados"
fiscal,MovSatFor,SAT\FILIAL\MovSatFor.DB,DatPrevSol,Data,data_hora,System.DateTime,8,desconhecido,True,Paradox/BDE,data_hora,"validar em tela, ProcMon e amostra de dados"
fiscal,MovSatFor,SAT\FILIAL\MovSatFor.DB,HorPrevSol,HorPrevSol,outro,System.DateTime,8,desconhecido,True,Paradox/BDE,outro,"validar em tela, ProcMon e amostra de dados"
fiscal,MovSatFor,SAT\FILIAL\MovSatFor.DB,CodSatTipS,CodSatTipS,id_codigo,System.String,2,provavel,True,Paradox/BDE,identificador/vinculo,"validar em tela, ProcMon e amostra de dados"
fiscal,MovSatFor,SAT\FILIAL\MovSatFor.DB,UsuSolucao,UsuSolucao,usuario_auditoria,System.String,20,desconhecido,True,Paradox/BDE,usuario_auditoria,"validar em tela, ProcMon e amostra de dados"
fiscal,MovSatFor,SAT\FILIAL\MovSatFor.DB,Solucao,Solucao,outro,System.String,510,desconhecido,True,Paradox/BDE,outro,"validar em tela, ProcMon e amostra de dados"
fiscal,MovSatFor,SAT\FILIAL\MovSatFor.DB,SeqOcor,SeqOcor,outro,System.Int32,4,desconhecido,True,Paradox/BDE,outro,"validar em tela, ProcMon e amostra de dados"
fiscal,MovSatFor,SAT\FILIAL\MovSatFor.DB,TipContato,TipContato,outro,System.String,2,desconhecido,True,Paradox/BDE,outro,"validar em tela, ProcMon e amostra de dados"
fiscal,MovSatFor,SAT\FILIAL\MovSatFor.DB,CodSatGru,CodSatGru,id_codigo,System.String,10,provavel,True,Paradox/BDE,identificador/vinculo,"validar em tela, ProcMon e amostra de dados"
fiscal,MovSatFor,SAT\FILIAL\MovSatFor.DB,CodErro,CodErro,id_codigo,System.Int32,4,provavel,True,Paradox/BDE,identificador/vinculo,"validar em tela, ProcMon e amostra de dados"
fiscal,MovSatFor,SAT\FILIAL\MovSatFor.DB,DatLanFim,Data,data_hora,System.DateTime,8,desconhecido,True,Paradox/BDE,data_hora,"validar em tela, ProcMon e amostra de dados"
fiscal,MovSatFor,SAT\FILIAL\MovSatFor.DB,HorLanFim,HorLanFim,fiscal_documento,System.DateTime,8,desconhecido,True,Paradox/BDE,fiscal_documento,"validar em tela, ProcMon e amostra de dados"
fiscal,MovSatFor,SAT\FILIAL\MovSatFor.DB,HorPrevSolF,HorPrevSolF,outro,System.DateTime,8,desconhecido,True,Paradox/BDE,outro,"validar em tela, ProcMon e amostra de dados"
fiscal,MovSatFor,SAT\FILIAL\MovSatFor.DB,CodSatPad,CodSatPad,id_codigo,System.Int32,4,provavel,True,Paradox/BDE,identificador/vinculo,"validar em tela, ProcMon e amostra de dados"
fiscal,MovSatFor,SAT\FILIAL\MovSatFor.DB,CodProces,CodProces,id_codigo,System.String,20,provavel,True,Paradox/BDE,identificador/vinculo,"validar em tela, ProcMon e amostra de dados"
fiscal,MovSatFor,SAT\FILIAL\MovSatFor.DB,SeqProcCad,SeqProcCad,data_hora,System.Int32,4,desconhecido,True,Paradox/BDE,data_hora,"validar em tela, ProcMon e amostra de dados"
produto_servico,MovSatForOcor,SAT\FILIAL\MovSatForOcor.DB,CodFor,CodFor,id_codigo,System.String,20,provavel,True,Paradox/BDE,identificador/vinculo,"validar em tela, ProcMon e amostra de dados"
produto_servico,MovSatForOcor,SAT\FILIAL\MovSatForOcor.DB,SeqOcor,SeqOcor,outro,System.Int32,4,desconhecido,True,Paradox/BDE,outro,"validar em tela, ProcMon e amostra de dados"
produto_servico,MovSatForOcor,SAT\FILIAL\MovSatForOcor.DB,SitOcor,SitOcor,status_situacao,System.String,2,desconhecido,True,Paradox/BDE,status_situacao,"validar em tela, ProcMon e amostra de dados"
produto_servico,MovSatForOcor,SAT\FILIAL\MovSatForOcor.DB,CodUsuario,CodUsuario,id_codigo,System.String,20,provavel,True,Paradox/BDE,identificador/vinculo,"validar em tela, ProcMon e amostra de dados"
produto_servico,MovSatForOcor,SAT\FILIAL\MovSatForOcor.DB,Obs,Obs,texto_observacao,System.String,500,desconhecido,True,Paradox/BDE,texto_observacao,"validar em tela, ProcMon e amostra de dados"
produto_servico,MovSatForOcor,SAT\FILIAL\MovSatForOcor.DB,DatLan,Data,data_hora,System.DateTime,8,desconhecido,True,Paradox/BDE,data_hora,"validar em tela, ProcMon e amostra de dados"
produto_servico,MovSatForOcor,SAT\FILIAL\MovSatForOcor.DB,HorLan,HorLan,outro,System.DateTime,8,desconhecido,True,Paradox/BDE,outro,"validar em tela, ProcMon e amostra de dados"
produto_servico,MovSatForOcor,SAT\FILIAL\MovSatForOcor.DB,DatPrevSol,Data,data_hora,System.DateTime,8,desconhecido,True,Paradox/BDE,data_hora,"validar em tela, ProcMon e amostra de dados"
produto_servico,MovSatForOcor,SAT\FILIAL\MovSatForOcor.DB,DatSol,Data,data_hora,System.DateTime,8,desconhecido,True,Paradox/BDE,data_hora,"validar em tela, ProcMon e amostra de dados"
produto_servico,MovSatForOcor,SAT\FILIAL\MovSatForOcor.DB,HorSol,HorSol,outro,System.DateTime,8,desconhecido,True,Paradox/BDE,outro,"validar em tela, ProcMon e amostra de dados"
produto_servico,MovSatForOcor,SAT\FILIAL\MovSatForOcor.DB,SatPara,SatPara,fiscal_documento,System.String,20,desconhecido,True,Paradox/BDE,fiscal_documento,"validar em tela, ProcMon e amostra de dados"
produto_servico,MovSatForOcor,SAT\FILIAL\MovSatForOcor.DB,DatAlerta,Data,data_hora,System.DateTime,8,provavel,True,Paradox/BDE,data_hora,"validar em tela, ProcMon e amostra de dados"
produto_servico,MovSatForOcor,SAT\FILIAL\MovSatForOcor.DB,HorAlerta,Hora,data_hora,System.DateTime,8,desconhecido,True,Paradox/BDE,data_hora,"validar em tela, ProcMon e amostra de dados"
produto_servico,MovSatForOcor,SAT\FILIAL\MovSatForOcor.DB,DatPrevOri,Data,data_hora,System.DateTime,8,desconhecido,True,Paradox/BDE,data_hora,"validar em tela, ProcMon e amostra de dados"
produto_servico,MovSatForOcor,SAT\FILIAL\MovSatForOcor.DB,CodOcorCla,CodOcorCla,id_codigo,System.String,6,provavel,True,Paradox/BDE,identificador/vinculo,"validar em tela, ProcMon e amostra de dados"
produto_servico,MovSatForOcor,SAT\FILIAL\MovSatForOcor.DB,CodOcorSubC,CodOcorSubC,id_codigo,System.String,6,provavel,True,Paradox/BDE,identificador/vinculo,"validar em tela, ProcMon e amostra de dados"
produto_servico,MovSatForOcor,SAT\FILIAL\MovSatForOcor.DB,Importante,Importante,outro,System.String,510,desconhecido,True,Paradox/BDE,outro,"validar em tela, ProcMon e amostra de dados"
produto_servico,MovSatForOcor,SAT\FILIAL\MovSatForOcor.DB,BloqVisual,BloqVisual,status_situacao,System.String,2,desconhecido,True,Paradox/BDE,status_situacao,"validar em tela, ProcMon e amostra de dados"
produto_servico,MovSatForOcor,SAT\FILIAL\MovSatForOcor.DB,ValOcor,ValOcor,outro,System.Double,8,desconhecido,True,Paradox/BDE,outro,"validar em tela, ProcMon e amostra de dados"
produto_servico,MovSatForOcor,SAT\FILIAL\MovSatForOcor.DB,CodProces,CodProces,id_codigo,System.String,20,provavel,True,Paradox/BDE,identificador/vinculo,"validar em tela, ProcMon e amostra de dados"
produto_servico,MovSatForOcor,SAT\FILIAL\MovSatForOcor.DB,SeqProcCad,SeqProcCad,data_hora,System.Int32,4,desconhecido,True,Paradox/BDE,data_hora,"validar em tela, ProcMon e amostra de dados"
fiscal,MovSatInt,SAT\FILIAL\MovSatInt.DB,SeqSatInt,SeqSatInt,fiscal_documento,System.Int32,4,desconhecido,True,Paradox/BDE,fiscal_documento,"validar em tela, ProcMon e amostra de dados"
fiscal,MovSatInt,SAT\FILIAL\MovSatInt.DB,CodInt,CodInt,id_codigo,System.String,20,provavel,True,Paradox/BDE,identificador/vinculo,"validar em tela, ProcMon e amostra de dados"
fiscal,MovSatInt,SAT\FILIAL\MovSatInt.DB,DatLan,Data,data_hora,System.DateTime,8,desconhecido,True,Paradox/BDE,data_hora,"validar em tela, ProcMon e amostra de dados"
fiscal,MovSatInt,SAT\FILIAL\MovSatInt.DB,HorLan,HorLan,outro,System.DateTime,8,desconhecido,True,Paradox/BDE,outro,"validar em tela, ProcMon e amostra de dados"
fiscal,MovSatInt,SAT\FILIAL\MovSatInt.DB,CodSatTip,CodSatTip,id_codigo,System.String,2,provavel,True,Paradox/BDE,identificador/vinculo,"validar em tela, ProcMon e amostra de dados"
fiscal,MovSatInt,SAT\FILIAL\MovSatInt.DB,Descricao,Desconto/Descricao,valor_monetario,System.String,510,desconhecido,True,Paradox/BDE,valor_monetario,"validar em tela, ProcMon e amostra de dados"
fiscal,MovSatInt,SAT\FILIAL\MovSatInt.DB,CodSatSit,CodSatSit,id_codigo,System.String,2,provavel,True,Paradox/BDE,identificador/vinculo,"validar em tela, ProcMon e amostra de dados"
fiscal,MovSatInt,SAT\FILIAL\MovSatInt.DB,CodUsuario,CodUsuario,id_codigo,System.String,20,provavel,True,Paradox/BDE,identificador/vinculo,"validar em tela, ProcMon e amostra de dados"
fiscal,MovSatInt,SAT\FILIAL\MovSatInt.DB,SatPara,SatPara,fiscal_documento,System.String,20,desconhecido,True,Paradox/BDE,fiscal_documento,"validar em tela, ProcMon e amostra de dados"
fiscal,MovSatInt,SAT\FILIAL\MovSatInt.DB,Contactant,Contactant,outro,System.String,30,desconhecido,True,Paradox/BDE,outro,"validar em tela, ProcMon e amostra de dados"
fiscal,MovSatInt,SAT\FILIAL\MovSatInt.DB,Contactad,Contactad,outro,System.String,30,desconhecido,True,Paradox/BDE,outro,"validar em tela, ProcMon e amostra de dados"
fiscal,MovSatInt,SAT\FILIAL\MovSatInt.DB,CodSatCla,CodSatCla,id_codigo,System.String,6,provavel,True,Paradox/BDE,identificador/vinculo,"validar em tela, ProcMon e amostra de dados"
fiscal,MovSatInt,SAT\FILIAL\MovSatInt.DB,Cancelado,Celular,cliente_ref,System.String,2,desconhecido,True,Paradox/BDE,identificador/vinculo,"validar em tela, ProcMon e amostra de dados"
fiscal,MovSatInt,SAT\FILIAL\MovSatInt.DB,DatSolucao,Data,data_hora,System.DateTime,8,desconhecido,True,Paradox/BDE,data_hora,"validar em tela, ProcMon e amostra de dados"
fiscal,MovSatInt,SAT\FILIAL\MovSatInt.DB,HorSolucao,HorSolucao,outro,System.DateTime,8,desconhecido,True,Paradox/BDE,outro,"validar em tela, ProcMon e amostra de dados"
fiscal,MovSatInt,SAT\FILIAL\MovSatInt.DB,ExportaSat,ExportaSat,fiscal_documento,System.Int32,4,desconhecido,True,Paradox/BDE,fiscal_documento,"validar em tela, ProcMon e amostra de dados"
fiscal,MovSatInt,SAT\FILIAL\MovSatInt.DB,CodSatSubC,CodSatSubC,id_codigo,System.String,6,provavel,True,Paradox/BDE,identificador/vinculo,"validar em tela, ProcMon e amostra de dados"
fiscal,MovSatInt,SAT\FILIAL\MovSatInt.DB,DatPrevSol,Data,data_hora,System.DateTime,8,desconhecido,True,Paradox/BDE,data_hora,"validar em tela, ProcMon e amostra de dados"
fiscal,MovSatInt,SAT\FILIAL\MovSatInt.DB,HorPrevSol,HorPrevSol,outro,System.DateTime,8,desconhecido,True,Paradox/BDE,outro,"validar em tela, ProcMon e amostra de dados"
fiscal,MovSatInt,SAT\FILIAL\MovSatInt.DB,CodSatTipS,CodSatTipS,id_codigo,System.String,2,provavel,True,Paradox/BDE,identificador/vinculo,"validar em tela, ProcMon e amostra de dados"
fiscal,MovSatInt,SAT\FILIAL\MovSatInt.DB,UsuSolucao,UsuSolucao,usuario_auditoria,System.String,20,desconhecido,True,Paradox/BDE,usuario_auditoria,"validar em tela, ProcMon e amostra de dados"
fiscal,MovSatInt,SAT\FILIAL\MovSatInt.DB,Solucao,Solucao,outro,System.String,510,desconhecido,True,Paradox/BDE,outro,"validar em tela, ProcMon e amostra de dados"
fiscal,MovSatInt,SAT\FILIAL\MovSatInt.DB,SeqOcor,SeqOcor,outro,System.Int32,4,desconhecido,True,Paradox/BDE,outro,"validar em tela, ProcMon e amostra de dados"
fiscal,MovSatInt,SAT\FILIAL\MovSatInt.DB,TipContato,TipContato,outro,System.String,2,desconhecido,True,Paradox/BDE,outro,"validar em tela, ProcMon e amostra de dados"
fiscal,MovSatInt,SAT\FILIAL\MovSatInt.DB,CodSatGru,CodSatGru,id_codigo,System.String,10,provavel,True,Paradox/BDE,identificador/vinculo,"validar em tela, ProcMon e amostra de dados"
fiscal,MovSatInt,SAT\FILIAL\MovSatInt.DB,CodErro,CodErro,id_codigo,System.Int32,4,provavel,True,Paradox/BDE,identificador/vinculo,"validar em tela, ProcMon e amostra de dados"
fiscal,MovSatInt,SAT\FILIAL\MovSatInt.DB,DatLanFim,Data,data_hora,System.DateTime,8,desconhecido,True,Paradox/BDE,data_hora,"validar em tela, ProcMon e amostra de dados"
fiscal,MovSatInt,SAT\FILIAL\MovSatInt.DB,HorLanFim,HorLanFim,fiscal_documento,System.DateTime,8,desconhecido,True,Paradox/BDE,fiscal_documento,"validar em tela, ProcMon e amostra de dados"
fiscal,MovSatInt,SAT\FILIAL\MovSatInt.DB,HorPrevSolF,HorPrevSolF,outro,System.DateTime,8,desconhecido,True,Paradox/BDE,outro,"validar em tela, ProcMon e amostra de dados"
fiscal,MovSatInt,SAT\FILIAL\MovSatInt.DB,CodSatPad,CodSatPad,id_codigo,System.Int32,4,provavel,True,Paradox/BDE,identificador/vinculo,"validar em tela, ProcMon e amostra de dados"
fiscal,MovSatInt,SAT\FILIAL\MovSatInt.DB,CodProces,CodProces,id_codigo,System.String,20,provavel,True,Paradox/BDE,identificador/vinculo,"validar em tela, ProcMon e amostra de dados"
fiscal,MovSatInt,SAT\FILIAL\MovSatInt.DB,SeqProcCad,SeqProcCad,data_hora,System.Int32,4,desconhecido,True,Paradox/BDE,data_hora,"validar em tela, ProcMon e amostra de dados"
produto_servico,MovSatIntOcor,SAT\FILIAL\MovSatIntOcor.DB,CodInt,CodInt,id_codigo,System.String,20,provavel,True,Paradox/BDE,identificador/vinculo,"validar em tela, ProcMon e amostra de dados"
produto_servico,MovSatIntOcor,SAT\FILIAL\MovSatIntOcor.DB,SeqOcor,SeqOcor,outro,System.Int32,4,desconhecido,True,Paradox/BDE,outro,"validar em tela, ProcMon e amostra de dados"
produto_servico,MovSatIntOcor,SAT\FILIAL\MovSatIntOcor.DB,SitOcor,SitOcor,status_situacao,System.String,2,desconhecido,True,Paradox/BDE,status_situacao,"validar em tela, ProcMon e amostra de dados"
produto_servico,MovSatIntOcor,SAT\FILIAL\MovSatIntOcor.DB,CodUsuario,CodUsuario,id_codigo,System.String,20,provavel,True,Paradox/BDE,identificador/vinculo,"validar em tela, ProcMon e amostra de dados"
produto_servico,MovSatIntOcor,SAT\FILIAL\MovSatIntOcor.DB,Obs,Obs,texto_observacao,System.String,510,desconhecido,True,Paradox/BDE,texto_observacao,"validar em tela, ProcMon e amostra de dados"
produto_servico,MovSatIntOcor,SAT\FILIAL\MovSatIntOcor.DB,DatLan,Data,data_hora,System.DateTime,8,desconhecido,True,Paradox/BDE,data_hora,"validar em tela, ProcMon e amostra de dados"
produto_servico,MovSatIntOcor,SAT\FILIAL\MovSatIntOcor.DB,HorLan,HorLan,outro,System.DateTime,8,desconhecido,True,Paradox/BDE,outro,"validar em tela, ProcMon e amostra de dados"
produto_servico,MovSatIntOcor,SAT\FILIAL\MovSatIntOcor.DB,DatPrevSol,Data,data_hora,System.DateTime,8,desconhecido,True,Paradox/BDE,data_hora,"validar em tela, ProcMon e amostra de dados"
produto_servico,MovSatIntOcor,SAT\FILIAL\MovSatIntOcor.DB,DatSol,Data,data_hora,System.DateTime,8,desconhecido,True,Paradox/BDE,data_hora,"validar em tela, ProcMon e amostra de dados"
produto_servico,MovSatIntOcor,SAT\FILIAL\MovSatIntOcor.DB,HorSol,HorSol,outro,System.DateTime,8,desconhecido,True,Paradox/BDE,outro,"validar em tela, ProcMon e amostra de dados"
produto_servico,MovSatIntOcor,SAT\FILIAL\MovSatIntOcor.DB,SatPara,SatPara,fiscal_documento,System.String,20,desconhecido,True,Paradox/BDE,fiscal_documento,"validar em tela, ProcMon e amostra de dados"
produto_servico,MovSatIntOcor,SAT\FILIAL\MovSatIntOcor.DB,DatAlerta,Data,data_hora,System.DateTime,8,provavel,True,Paradox/BDE,data_hora,"validar em tela, ProcMon e amostra de dados"
produto_servico,MovSatIntOcor,SAT\FILIAL\MovSatIntOcor.DB,HorAlerta,Hora,data_hora,System.DateTime,8,desconhecido,True,Paradox/BDE,data_hora,"validar em tela, ProcMon e amostra de dados"
produto_servico,MovSatIntOcor,SAT\FILIAL\MovSatIntOcor.DB,DatPrevOri,Data,data_hora,System.DateTime,8,desconhecido,True,Paradox/BDE,data_hora,"validar em tela, ProcMon e amostra de dados"
produto_servico,MovSatIntOcor,SAT\FILIAL\MovSatIntOcor.DB,CodOcorCla,CodOcorCla,id_codigo,System.String,6,provavel,True,Paradox/BDE,identificador/vinculo,"validar em tela, ProcMon e amostra de dados"
produto_servico,MovSatIntOcor,SAT\FILIAL\MovSatIntOcor.DB,CodOcorSubC,CodOcorSubC,id_codigo,System.String,6,provavel,True,Paradox/BDE,identificador/vinculo,"validar em tela, ProcMon e amostra de dados"
produto_servico,MovSatIntOcor,SAT\FILIAL\MovSatIntOcor.DB,Importante,Importante,outro,System.String,510,desconhecido,True,Paradox/BDE,outro,"validar em tela, ProcMon e amostra de dados"
produto_servico,MovSatIntOcor,SAT\FILIAL\MovSatIntOcor.DB,BloqVisual,BloqVisual,status_situacao,System.String,2,desconhecido,True,Paradox/BDE,status_situacao,"validar em tela, ProcMon e amostra de dados"
produto_servico,MovSatIntOcor,SAT\FILIAL\MovSatIntOcor.DB,ValOcor,ValOcor,outro,System.Double,8,desconhecido,True,Paradox/BDE,outro,"validar em tela, ProcMon e amostra de dados"
produto_servico,MovSatIntOcor,SAT\FILIAL\MovSatIntOcor.DB,CodProces,CodProces,id_codigo,System.String,20,provavel,True,Paradox/BDE,identificador/vinculo,"validar em tela, ProcMon e amostra de dados"
produto_servico,MovSatIntOcor,SAT\FILIAL\MovSatIntOcor.DB,SeqProcCad,SeqProcCad,data_hora,System.Int32,4,desconhecido,True,Paradox/BDE,data_hora,"validar em tela, ProcMon e amostra de dados"
financeiro,NotaSat,SAT\FILIAL\NotaSat.DB,NumNotSat,NumNotSat,id_codigo,System.Int32,4,provavel,True,Paradox/BDE,identificador/vinculo,"validar em tela, ProcMon e amostra de dados"
financeiro,NotaSat,SAT\FILIAL\NotaSat.DB,CodCli,Cliente,id_codigo,System.String,20,provavel,True,Paradox/BDE,identificador/vinculo,"validar em tela, ProcMon e amostra de dados"
financeiro,NotaSat,SAT\FILIAL\NotaSat.DB,DatEmi,Data,data_hora,System.DateTime,8,desconhecido,True,Paradox/BDE,data_hora,"validar em tela, ProcMon e amostra de dados"
financeiro,NotaSat,SAT\FILIAL\NotaSat.DB,ValNot,ValNot,outro,System.Double,8,desconhecido,True,Paradox/BDE,outro,"validar em tela, ProcMon e amostra de dados"
financeiro,NotaSat,SAT\FILIAL\NotaSat.DB,CodUsuario,CodUsuario,id_codigo,System.String,20,provavel,True,Paradox/BDE,identificador/vinculo,"validar em tela, ProcMon e amostra de dados"
financeiro,NotaSat,SAT\FILIAL\NotaSat.DB,ValBasNot,ValBasNot,outro,System.Double,8,desconhecido,True,Paradox/BDE,outro,"validar em tela, ProcMon e amostra de dados"
financeiro,NotaSat,SAT\FILIAL\NotaSat.DB,TipNota,TipNota,fiscal_documento,System.String,2,desconhecido,True,Paradox/BDE,fiscal_documento,"validar em tela, ProcMon e amostra de dados"
financeiro,NotaSat,SAT\FILIAL\NotaSat.DB,Obs,Obs,texto_observacao,System.String,200,desconhecido,True,Paradox/BDE,texto_observacao,"validar em tela, ProcMon e amostra de dados"
financeiro,NotaSat,SAT\FILIAL\NotaSat.DB,Cancelada,Celular,cliente_ref,System.String,2,desconhecido,True,Paradox/BDE,identificador/vinculo,"validar em tela, ProcMon e amostra de dados"
financeiro,NotaSat,SAT\FILIAL\NotaSat.DB,HorEmi,HorEmi,outro,System.DateTime,8,desconhecido,True,Paradox/BDE,outro,"validar em tela, ProcMon e amostra de dados"
financeiro,NotaSatCanc,SAT\FILIAL\NotaSatCanc.DB,NumNotSat,NumNotSat,id_codigo,System.Int32,4,provavel,True,Paradox/BDE,identificador/vinculo,"validar em tela, ProcMon e amostra de dados"
financeiro,NotaSatCanc,SAT\FILIAL\NotaSatCanc.DB,DatCan,Data,data_hora,System.DateTime,8,desconhecido,True,Paradox/BDE,data_hora,"validar em tela, ProcMon e amostra de dados"
financeiro,NotaSatCanc,SAT\FILIAL\NotaSatCanc.DB,HorCan,HorCan,ordem_rol_ref,System.DateTime,8,desconhecido,True,Paradox/BDE,identificador/vinculo,"validar em tela, ProcMon e amostra de dados"
financeiro,NotaSatCanc,SAT\FILIAL\NotaSatCanc.DB,MotivoCan,MotivoCan,texto_observacao,System.String,200,desconhecido,True,Paradox/BDE,texto_observacao,"validar em tela, ProcMon e amostra de dados"
financeiro,NotaSatCanc,SAT\FILIAL\NotaSatCanc.DB,CodUsuario,CodUsuario,id_codigo,System.String,20,provavel,True,Paradox/BDE,identificador/vinculo,"validar em tela, ProcMon e amostra de dados"
fiscal,NotCompSat,SAT\FILIAL\NotCompSat.DB,NumNotSat,NumNotSat,id_codigo,System.Int32,4,provavel,True,Paradox/BDE,identificador/vinculo,"validar em tela, ProcMon e amostra de dados"
fiscal,NotCompSat,SAT\FILIAL\NotCompSat.DB,Seq,Seq,outro,System.Int32,4,desconhecido,True,Paradox/BDE,outro,"validar em tela, ProcMon e amostra de dados"
fiscal,NotCompSat,SAT\FILIAL\NotCompSat.DB,NumFat,NumFat,id_codigo,System.Double,8,provavel,True,Paradox/BDE,identificador/vinculo,"validar em tela, ProcMon e amostra de dados"
fiscal,NotCompSat,SAT\FILIAL\NotCompSat.DB,NumDup,NumDup,id_codigo,System.Double,8,provavel,True,Paradox/BDE,identificador/vinculo,"validar em tela, ProcMon e amostra de dados"
fiscal,NotCompSat,SAT\FILIAL\NotCompSat.DB,ValComp,ValComp,outro,System.Double,8,desconhecido,True,Paradox/BDE,outro,"validar em tela, ProcMon e amostra de dados"
fiscal,NotCompSat,SAT\FILIAL\NotCompSat.DB,CodFpg,CodFpg,id_codigo,System.String,6,provavel,True,Paradox/BDE,identificador/vinculo,"validar em tela, ProcMon e amostra de dados"
fiscal,NotCompSat,SAT\FILIAL\NotCompSat.DB,NumDoc,NumDoc,id_codigo,System.String,40,provavel,True,Paradox/BDE,identificador/vinculo,"validar em tela, ProcMon e amostra de dados"
fiscal,NotCompSat,SAT\FILIAL\NotCompSat.DB,SeqCai,SeqCai,outro,System.Int32,4,desconhecido,True,Paradox/BDE,outro,"validar em tela, ProcMon e amostra de dados"
fiscal,NotCompSat,SAT\FILIAL\NotCompSat.DB,TipSeq,TipSeq,outro,System.String,2,desconhecido,True,Paradox/BDE,outro,"validar em tela, ProcMon e amostra de dados"
fiscal,SatFilCam,SAT\FILIAL\SatFilCam.DB,Arquivo,Arquivo,outro,System.String,60,desconhecido,True,Paradox/BDE,outro,"validar em tela, ProcMon e amostra de dados"
fiscal,SatFilCam,SAT\FILIAL\SatFilCam.DB,Campo,Campo,outro,System.String,30,desconhecido,True,Paradox/BDE,outro,"validar em tela, ProcMon e amostra de dados"
fiscal,SatFilCam,SAT\FILIAL\SatFilCam.DB,Chave1,Chave1,id_codigo,System.String,40,provavel,True,Paradox/BDE,identificador/vinculo,"validar em tela, ProcMon e amostra de dados"
fiscal,SatFilCam,SAT\FILIAL\SatFilCam.DB,Conteudo,Conteudo,outro,System.String,500,desconhecido,True,Paradox/BDE,outro,"validar em tela, ProcMon e amostra de dados"
fiscal,SatFilCam,SAT\FILIAL\SatFilCam.DB,Memo,Memo,outro,System.String,1073741824,desconhecido,True,Paradox/BDE,outro,"validar em tela, ProcMon e amostra de dados"
fiscal,SolAltCli,SAT\FILIAL\SolAltCli.DB,CodSat,CodSat,id_codigo,System.String,20,provavel,True,Paradox/BDE,identificador/vinculo,"validar em tela, ProcMon e amostra de dados"
fiscal,SolAltCli,SAT\FILIAL\SolAltCli.DB,TipSat,TipSat,fiscal_documento,System.String,2,desconhecido,True,Paradox/BDE,fiscal_documento,"validar em tela, ProcMon e amostra de dados"
fiscal,SolAltCli,SAT\FILIAL\SolAltCli.DB,SeqSat,SeqSat,fiscal_documento,System.Int32,4,desconhecido,True,Paradox/BDE,fiscal_documento,"validar em tela, ProcMon e amostra de dados"
fiscal,SolAltCli,SAT\FILIAL\SolAltCli.DB,SeqSolAltSist,SeqSolAltSist,data_hora,System.Int32,4,desconhecido,True,Paradox/BDE,data_hora,"validar em tela, ProcMon e amostra de dados"
fiscal,SolAltCli,SAT\FILIAL\SolAltCli.DB,Obs,Obs,texto_observacao,System.String,200,desconhecido,True,Paradox/BDE,texto_observacao,"validar em tela, ProcMon e amostra de dados"
fiscal,SolAltCli,SAT\FILIAL\SolAltCli.DB,Cancelado,Celular,cliente_ref,System.String,2,desconhecido,True,Paradox/BDE,identificador/vinculo,"validar em tela, ProcMon e amostra de dados"
fiscal,SolAltCli,SAT\FILIAL\SolAltCli.DB,DatProment,Data,data_hora,System.DateTime,8,desconhecido,True,Paradox/BDE,data_hora,"validar em tela, ProcMon e amostra de dados"
fiscal,SolAltCli,SAT\FILIAL\SolAltCli.DB,DatAviCli,Data,data_hora,System.DateTime,8,provavel,True,Paradox/BDE,data_hora,"validar em tela, ProcMon e amostra de dados"
fiscal,SolAltCli,SAT\FILIAL\SolAltCli.DB,ContatoCli,ContatoCli,outro,System.String,40,desconhecido,True,Paradox/BDE,outro,"validar em tela, ProcMon e amostra de dados"
fiscal,SolAltCli,SAT\FILIAL\SolAltCli.DB,UsuarioCli,UsuarioCli,usuario_auditoria,System.String,20,desconhecido,True,Paradox/BDE,usuario_auditoria,"validar em tela, ProcMon e amostra de dados"
fiscal,SolAltCliCan,SAT\FILIAL\SolAltCliCan.DB,TipSat,TipSat,fiscal_documento,System.String,2,desconhecido,True,Paradox/BDE,fiscal_documento,"validar em tela, ProcMon e amostra de dados"
fiscal,SolAltCliCan,SAT\FILIAL\SolAltCliCan.DB,SeqSat,SeqSat,fiscal_documento,System.Int32,4,desconhecido,True,Paradox/BDE,fiscal_documento,"validar em tela, ProcMon e amostra de dados"
fiscal,SolAltCliCan,SAT\FILIAL\SolAltCliCan.DB,CodSat,CodSat,id_codigo,System.String,20,provavel,True,Paradox/BDE,identificador/vinculo,"validar em tela, ProcMon e amostra de dados"
fiscal,SolAltCliCan,SAT\FILIAL\SolAltCliCan.DB,SeqSolAltSist,SeqSolAltSist,data_hora,System.Int32,4,desconhecido,True,Paradox/BDE,data_hora,"validar em tela, ProcMon e amostra de dados"
fiscal,SolAltCliCan,SAT\FILIAL\SolAltCliCan.DB,DatCan,Data,data_hora,System.DateTime,8,desconhecido,True,Paradox/BDE,data_hora,"validar em tela, ProcMon e amostra de dados"
fiscal,SolAltCliCan,SAT\FILIAL\SolAltCliCan.DB,HorCan,HorCan,ordem_rol_ref,System.DateTime,8,desconhecido,True,Paradox/BDE,identificador/vinculo,"validar em tela, ProcMon e amostra de dados"
fiscal,SolAltCliCan,SAT\FILIAL\SolAltCliCan.DB,MotivoCan,MotivoCan,texto_observacao,System.String,200,desconhecido,True,Paradox/BDE,texto_observacao,"validar em tela, ProcMon e amostra de dados"
fiscal,SolAltCliCan,SAT\FILIAL\SolAltCliCan.DB,CodUsuario,CodUsuario,id_codigo,System.String,20,provavel,True,Paradox/BDE,identificador/vinculo,"validar em tela, ProcMon e amostra de dados"
fiscal,SolAltCliCan,SAT\FILIAL\SolAltCliCan.DB,Contato,Contato,outro,System.String,40,desconhecido,True,Paradox/BDE,outro,"validar em tela, ProcMon e amostra de dados"
fiscal,SolAltSist,SAT\FILIAL\SolAltSist.DB,SeqSolAltSist,SeqSolAltSist,data_hora,System.Int32,4,desconhecido,True,Paradox/BDE,data_hora,"validar em tela, ProcMon e amostra de dados"
fiscal,SolAltSist,SAT\FILIAL\SolAltSist.DB,DesSolAltSist,DesSolAltSist,data_hora,System.String,400,desconhecido,True,Paradox/BDE,data_hora,"validar em tela, ProcMon e amostra de dados"
fiscal,SolAltSist,SAT\FILIAL\SolAltSist.DB,CodClaAlt,CodClaAlt,id_codigo,System.String,10,provavel,True,Paradox/BDE,identificador/vinculo,"validar em tela, ProcMon e amostra de dados"
fiscal,SolAltSist,SAT\FILIAL\SolAltSist.DB,CodSubCAlt,CodSubCAlt,id_codigo,System.String,10,provavel,True,Paradox/BDE,identificador/vinculo,"validar em tela, ProcMon e amostra de dados"
fiscal,SolAltSist,SAT\FILIAL\SolAltSist.DB,CodTipAlt,CodTipAlt,id_codigo,System.String,10,provavel,True,Paradox/BDE,identificador/vinculo,"validar em tela, ProcMon e amostra de dados"
fiscal,SolAltSist,SAT\FILIAL\SolAltSist.DB,CodSat,CodSat,id_codigo,System.String,20,provavel,True,Paradox/BDE,identificador/vinculo,"validar em tela, ProcMon e amostra de dados"
fiscal,SolAltSist,SAT\FILIAL\SolAltSist.DB,DiasPrevDes,DiasPrevDes,outro,System.Int32,4,desconhecido,True,Paradox/BDE,outro,"validar em tela, ProcMon e amostra de dados"
fiscal,SolAltSist,SAT\FILIAL\SolAltSist.DB,HorPrevDes,HorPrevDes,outro,System.DateTime,8,desconhecido,True,Paradox/BDE,outro,"validar em tela, ProcMon e amostra de dados"
fiscal,SolAltSist,SAT\FILIAL\SolAltSist.DB,CodUsuario,CodUsuario,id_codigo,System.String,20,provavel,True,Paradox/BDE,identificador/vinculo,"validar em tela, ProcMon e amostra de dados"
fiscal,SolAltSist,SAT\FILIAL\SolAltSist.DB,ResUsuario,ResUsuario,usuario_auditoria,System.String,20,desconhecido,True,Paradox/BDE,usuario_auditoria,"validar em tela, ProcMon e amostra de dados"
fiscal,SolAltSist,SAT\FILIAL\SolAltSist.DB,DatSolucao,Data,data_hora,System.DateTime,8,desconhecido,True,Paradox/BDE,data_hora,"validar em tela, ProcMon e amostra de dados"
fiscal,SolAltSist,SAT\FILIAL\SolAltSist.DB,HorSolucao,HorSolucao,outro,System.DateTime,8,desconhecido,True,Paradox/BDE,outro,"validar em tela, ProcMon e amostra de dados"
fiscal,SolAltSist,SAT\FILIAL\SolAltSist.DB,SitAlteracao,SitAlteracao,data_hora,System.String,2,desconhecido,True,Paradox/BDE,data_hora,"validar em tela, ProcMon e amostra de dados"
fiscal,SolAltSist,SAT\FILIAL\SolAltSist.DB,TipSat,TipSat,fiscal_documento,System.String,2,desconhecido,True,Paradox/BDE,fiscal_documento,"validar em tela, ProcMon e amostra de dados"
fiscal,SolAltSist,SAT\FILIAL\SolAltSist.DB,DatPrevIni,Data,data_hora,System.DateTime,8,desconhecido,True,Paradox/BDE,data_hora,"validar em tela, ProcMon e amostra de dados"
fiscal,SolAltSist,SAT\FILIAL\SolAltSist.DB,Finalidade,Finalidade,outro,System.String,400,provavel,True,Paradox/BDE,outro,"validar em tela, ProcMon e amostra de dados"
fiscal,SolAltSist,SAT\FILIAL\SolAltSist.DB,DatAnalise,Data,data_hora,System.DateTime,8,provavel,True,Paradox/BDE,data_hora,"validar em tela, ProcMon e amostra de dados"
fiscal,SolAltSist,SAT\FILIAL\SolAltSist.DB,UsuAnalise,UsuAnalise,usuario_auditoria,System.String,20,desconhecido,True,Paradox/BDE,usuario_auditoria,"validar em tela, ProcMon e amostra de dados"
fiscal,SolAltSist,SAT\FILIAL\SolAltSist.DB,DesAnalise,DesAnalise,outro,System.String,510,desconhecido,True,Paradox/BDE,outro,"validar em tela, ProcMon e amostra de dados"
fiscal,SolAltSist,SAT\FILIAL\SolAltSist.DB,ObsAnalise,ObsAnalise,texto_observacao,System.String,510,desconhecido,True,Paradox/BDE,texto_observacao,"validar em tela, ProcMon e amostra de dados"
fiscal,SolAltSist,SAT\FILIAL\SolAltSist.DB,DatPrevFin,Data,data_hora,System.DateTime,8,desconhecido,True,Paradox/BDE,data_hora,"validar em tela, ProcMon e amostra de dados"
fiscal,SolAltSist,SAT\FILIAL\SolAltSist.DB,ObsResolvido,ObsResolvido,texto_observacao,System.String,510,provavel,True,Paradox/BDE,texto_observacao,"validar em tela, ProcMon e amostra de dados"
fiscal,SolAltSist,SAT\FILIAL\SolAltSist.DB,UsuSolucao,UsuSolucao,usuario_auditoria,System.String,20,desconhecido,True,Paradox/BDE,usuario_auditoria,"validar em tela, ProcMon e amostra de dados"
fiscal,SolAltSist,SAT\FILIAL\SolAltSist.DB,CodCompAlt,CodCompAlt,id_codigo,System.String,30,provavel,True,Paradox/BDE,identificador/vinculo,"validar em tela, ProcMon e amostra de dados"
fiscal,SolAltSist,SAT\FILIAL\SolAltSist.DB,Importante,Importante,outro,System.String,2,desconhecido,True,Paradox/BDE,outro,"validar em tela, ProcMon e amostra de dados"
fiscal,SolAltSist,SAT\FILIAL\SolAltSist.DB,DatCad,Data,data_hora,System.DateTime,8,desconhecido,True,Paradox/BDE,data_hora,"validar em tela, ProcMon e amostra de dados"
fiscal,SolAltSist,SAT\FILIAL\SolAltSist.DB,Nivel,Nivel,outro,System.Int32,4,desconhecido,True,Paradox/BDE,outro,"validar em tela, ProcMon e amostra de dados"
fiscal,SolAltSist,SAT\FILIAL\SolAltSist.DB,DatPrevAnal,Data,data_hora,System.DateTime,8,desconhecido,True,Paradox/BDE,data_hora,"validar em tela, ProcMon e amostra de dados"
fiscal,SolAltSist,SAT\FILIAL\SolAltSist.DB,HorPrevAnal,HorPrevAnal,outro,System.DateTime,8,desconhecido,True,Paradox/BDE,outro,"validar em tela, ProcMon e amostra de dados"
fiscal,SolAltSist,SAT\FILIAL\SolAltSist.DB,DatPrevAtu,Data,data_hora,System.DateTime,8,desconhecido,True,Paradox/BDE,data_hora,"validar em tela, ProcMon e amostra de dados"
fiscal,SolAltSist,SAT\FILIAL\SolAltSist.DB,CodCliAnd,Cliente,id_codigo,System.String,20,provavel,True,Paradox/BDE,identificador/vinculo,"validar em tela, ProcMon e amostra de dados"
fiscal,SolAltSist,SAT\FILIAL\SolAltSist.DB,SeqOcorAnd,SeqOcorAnd,outro,System.Int32,4,desconhecido,True,Paradox/BDE,outro,"validar em tela, ProcMon e amostra de dados"
fiscal,SolAltSist,SAT\FILIAL\SolAltSist.DB,HorReaDes,HorReaDes,outro,System.Int32,4,desconhecido,True,Paradox/BDE,outro,"validar em tela, ProcMon e amostra de dados"
fiscal,SolAltSist,SAT\FILIAL\SolAltSist.DB,CodProSat,CodProSat,id_codigo,System.Int32,4,provavel,True,Paradox/BDE,identificador/vinculo,"validar em tela, ProcMon e amostra de dados"
fiscal,SolAltSist,SAT\FILIAL\SolAltSist.DB,CustomOrigem,CustomOrigem,valor_monetario,System.String,10,desconhecido,True,Paradox/BDE,valor_monetario,"validar em tela, ProcMon e amostra de dados"
fiscal,SolAltSist,SAT\FILIAL\SolAltSist.DB,UsuTeste,UsuTeste,usuario_auditoria,System.String,20,desconhecido,True,Paradox/BDE,usuario_auditoria,"validar em tela, ProcMon e amostra de dados"
fiscal,SolAltSistCan,SAT\FILIAL\SolAltSistCan.DB,SeqSolAltSist,SeqSolAltSist,data_hora,System.Int32,4,desconhecido,True,Paradox/BDE,data_hora,"validar em tela, ProcMon e amostra de dados"
fiscal,SolAltSistCan,SAT\FILIAL\SolAltSistCan.DB,DatCan,Data,data_hora,System.DateTime,8,desconhecido,True,Paradox/BDE,data_hora,"validar em tela, ProcMon e amostra de dados"
fiscal,SolAltSistCan,SAT\FILIAL\SolAltSistCan.DB,HorCan,HorCan,ordem_rol_ref,System.DateTime,8,desconhecido,True,Paradox/BDE,identificador/vinculo,"validar em tela, ProcMon e amostra de dados"
fiscal,SolAltSistCan,SAT\FILIAL\SolAltSistCan.DB,MotivoCan,MotivoCan,texto_observacao,System.String,200,desconhecido,True,Paradox/BDE,texto_observacao,"validar em tela, ProcMon e amostra de dados"
fiscal,SolAltSistCan,SAT\FILIAL\SolAltSistCan.DB,CodUsuario,CodUsuario,id_codigo,System.String,20,provavel,True,Paradox/BDE,identificador/vinculo,"validar em tela, ProcMon e amostra de dados"
fiscal,SolAltSistTest,SAT\FILIAL\SolAltSistTest.DB,SeqSolAltSist,SeqSolAltSist,data_hora,System.Int32,4,desconhecido,True,Paradox/BDE,data_hora,"validar em tela, ProcMon e amostra de dados"
fiscal,SolAltSistTest,SAT\FILIAL\SolAltSistTest.DB,SeqTest,SeqTest,outro,System.Int32,4,desconhecido,True,Paradox/BDE,outro,"validar em tela, ProcMon e amostra de dados"
fiscal,SolAltSistTest,SAT\FILIAL\SolAltSistTest.DB,SitTeste,SitTeste,status_situacao,System.String,2,desconhecido,True,Paradox/BDE,status_situacao,"validar em tela, ProcMon e amostra de dados"
fiscal,SolAltSistTest,SAT\FILIAL\SolAltSistTest.DB,Cancelado,Celular,cliente_ref,System.String,2,desconhecido,True,Paradox/BDE,identificador/vinculo,"validar em tela, ProcMon e amostra de dados"
fiscal,SolAltSistTest,SAT\FILIAL\SolAltSistTest.DB,ResUsuario,ResUsuario,usuario_auditoria,System.String,20,desconhecido,True,Paradox/BDE,usuario_auditoria,"validar em tela, ProcMon e amostra de dados"
fiscal,SolAltSistTest,SAT\FILIAL\SolAltSistTest.DB,CodFil,CodFil,id_codigo,System.String,10,provavel,True,Paradox/BDE,identificador/vinculo,"validar em tela, ProcMon e amostra de dados"
fiscal,SolAltSistTest,SAT\FILIAL\SolAltSistTest.DB,NomFil,NomFil,outro,System.String,40,desconhecido,True,Paradox/BDE,outro,"validar em tela, ProcMon e amostra de dados"
fiscal,SolAltSistTest,SAT\FILIAL\SolAltSistTest.DB,Equipamentos,Equipamentos,ordem_rol_ref,System.String,200,desconhecido,True,Paradox/BDE,identificador/vinculo,"validar em tela, ProcMon e amostra de dados"
fiscal,SolAltSistTest,SAT\FILIAL\SolAltSistTest.DB,DatEnt,Data,data_hora,System.DateTime,8,desconhecido,True,Paradox/BDE,data_hora,"validar em tela, ProcMon e amostra de dados"
fiscal,SolAltSistTest,SAT\FILIAL\SolAltSistTest.DB,HorEnt,HorEnt,outro,System.DateTime,8,desconhecido,True,Paradox/BDE,outro,"validar em tela, ProcMon e amostra de dados"
fiscal,SolAltSistTest,SAT\FILIAL\SolAltSistTest.DB,DatExe,Data,data_hora,System.DateTime,8,desconhecido,True,Paradox/BDE,data_hora,"validar em tela, ProcMon e amostra de dados"
fiscal,SolAltSistTest,SAT\FILIAL\SolAltSistTest.DB,HorExe,HorExe,outro,System.DateTime,8,desconhecido,True,Paradox/BDE,outro,"validar em tela, ProcMon e amostra de dados"
fiscal,SolAltSistTest,SAT\FILIAL\SolAltSistTest.DB,Obs,Obs,texto_observacao,System.String,510,desconhecido,True,Paradox/BDE,texto_observacao,"validar em tela, ProcMon e amostra de dados"
fiscal,SolAltSistTest,SAT\FILIAL\SolAltSistTest.DB,QdeTest,QdeTest,outro,System.Int32,4,desconhecido,True,Paradox/BDE,outro,"validar em tela, ProcMon e amostra de dados"
ordem_servico_rol,MovTriCab,TRI\FILIAL\MovTriCab.DB,SeqLan,SeqLan,outro,System.Int32,4,desconhecido,True,Paradox/BDE,outro,"validar em tela, ProcMon e amostra de dados"
ordem_servico_rol,MovTriCab,TRI\FILIAL\MovTriCab.DB,DatLan,Data,data_hora,System.DateTime,8,desconhecido,True,Paradox/BDE,data_hora,"validar em tela, ProcMon e amostra de dados"
ordem_servico_rol,MovTriCab,TRI\FILIAL\MovTriCab.DB,CodVen,CodVen,id_codigo,System.String,10,provavel,True,Paradox/BDE,identificador/vinculo,"validar em tela, ProcMon e amostra de dados"
ordem_servico_rol,MovTriCab,TRI\FILIAL\MovTriCab.DB,CodCli,Cliente,id_codigo,System.String,20,provavel,True,Paradox/BDE,identificador/vinculo,"validar em tela, ProcMon e amostra de dados"
ordem_servico_rol,MovTriCab,TRI\FILIAL\MovTriCab.DB,CodTab,CodTab,id_codigo,System.String,6,provavel,True,Paradox/BDE,identificador/vinculo,"validar em tela, ProcMon e amostra de dados"
ordem_servico_rol,MovTriCab,TRI\FILIAL\MovTriCab.DB,HorLan,HorLan,outro,System.DateTime,8,desconhecido,True,Paradox/BDE,outro,"validar em tela, ProcMon e amostra de dados"
ordem_servico_rol,MovTriCab,TRI\FILIAL\MovTriCab.DB,Cancelado,Celular,cliente_ref,System.String,2,desconhecido,True,Paradox/BDE,identificador/vinculo,"validar em tela, ProcMon e amostra de dados"
ordem_servico_rol,MovTriCab,TRI\FILIAL\MovTriCab.DB,DatCan,Data,data_hora,System.DateTime,8,desconhecido,True,Paradox/BDE,data_hora,"validar em tela, ProcMon e amostra de dados"
ordem_servico_rol,MovTriCab,TRI\FILIAL\MovTriCab.DB,MotivoCan,MotivoCan,texto_observacao,System.String,100,desconhecido,True,Paradox/BDE,texto_observacao,"validar em tela, ProcMon e amostra de dados"
ordem_servico_rol,MovTriCab,TRI\FILIAL\MovTriCab.DB,SitLot,SitLot,status_situacao,System.String,2,desconhecido,True,Paradox/BDE,status_situacao,"validar em tela, ProcMon e amostra de dados"
ordem_servico_rol,MovTriCab,TRI\FILIAL\MovTriCab.DB,DatFecLot,Data,data_hora,System.DateTime,8,desconhecido,True,Paradox/BDE,data_hora,"validar em tela, ProcMon e amostra de dados"
ordem_servico_rol,MovTriCab,TRI\FILIAL\MovTriCab.DB,HorFecLot,HorFecLot,outro,System.String,16,desconhecido,True,Paradox/BDE,outro,"validar em tela, ProcMon e amostra de dados"
ordem_servico_rol,MovTriCab,TRI\FILIAL\MovTriCab.DB,CodUsuarioFec,CodUsuarioFec,id_codigo,System.String,20,provavel,True,Paradox/BDE,identificador/vinculo,"validar em tela, ProcMon e amostra de dados"
ordem_servico_rol,MovTriCab,TRI\FILIAL\MovTriCab.DB,DatEnt,Data,data_hora,System.DateTime,8,desconhecido,True,Paradox/BDE,data_hora,"validar em tela, ProcMon e amostra de dados"
ordem_servico_rol,MovTriCab,TRI\FILIAL\MovTriCab.DB,CodInt,CodInt,id_codigo,System.Int32,4,provavel,True,Paradox/BDE,identificador/vinculo,"validar em tela, ProcMon e amostra de dados"
ordem_servico_rol,MovTriCab,TRI\FILIAL\MovTriCab.DB,Obs,Obs,texto_observacao,System.String,100,desconhecido,True,Paradox/BDE,texto_observacao,"validar em tela, ProcMon e amostra de dados"
ordem_servico_rol,MovTriItem,TRI\FILIAL\MovTriItem.DB,SeqLan,SeqLan,outro,System.Int32,4,desconhecido,True,Paradox/BDE,outro,"validar em tela, ProcMon e amostra de dados"
ordem_servico_rol,MovTriItem,TRI\FILIAL\MovTriItem.DB,Seq,Seq,outro,System.Int32,4,desconhecido,True,Paradox/BDE,outro,"validar em tela, ProcMon e amostra de dados"
ordem_servico_rol,MovTriItem,TRI\FILIAL\MovTriItem.DB,Data,Data,data_hora,System.DateTime,8,provavel,True,Paradox/BDE,data_hora,"validar em tela, ProcMon e amostra de dados"
ordem_servico_rol,MovTriItem,TRI\FILIAL\MovTriItem.DB,CodPro,CodPro,id_codigo,System.String,6,provavel,True,Paradox/BDE,identificador/vinculo,"validar em tela, ProcMon e amostra de dados"
ordem_servico_rol,MovTriItem,TRI\FILIAL\MovTriItem.DB,Quantidade,Quantidade,quantidade,System.Int32,4,provavel,True,Paradox/BDE,quantidade,"validar em tela, ProcMon e amostra de dados"
ordem_servico_rol,MovTriItem,TRI\FILIAL\MovTriItem.DB,Obs,Obs,texto_observacao,System.String,100,desconhecido,True,Paradox/BDE,texto_observacao,"validar em tela, ProcMon e amostra de dados"
ordem_servico_rol,MovTriRolCab,TRI\FILIAL\MovTriRolCab.DB,SeqLotRol,ROL/OS,ordem_rol_ref,System.Int32,4,desconhecido,True,Paradox/BDE,identificador/vinculo,"validar em tela, ProcMon e amostra de dados"
ordem_servico_rol,MovTriRolCab,TRI\FILIAL\MovTriRolCab.DB,SeqRol,ROL/OS,ordem_rol_ref,System.Int32,4,desconhecido,True,Paradox/BDE,identificador/vinculo,"validar em tela, ProcMon e amostra de dados"
ordem_servico_rol,MovTriRolCab,TRI\FILIAL\MovTriRolCab.DB,DatLan,Data,data_hora,System.DateTime,8,desconhecido,True,Paradox/BDE,data_hora,"validar em tela, ProcMon e amostra de dados"
ordem_servico_rol,MovTriRolCab,TRI\FILIAL\MovTriRolCab.DB,NumOS,NumOS,id_codigo,System.String,16,provavel,True,Paradox/BDE,identificador/vinculo,"validar em tela, ProcMon e amostra de dados"
ordem_servico_rol,MovTriRolCab,TRI\FILIAL\MovTriRolCab.DB,CodCli,Cliente,id_codigo,System.String,20,provavel,True,Paradox/BDE,identificador/vinculo,"validar em tela, ProcMon e amostra de dados"
ordem_servico_rol,MovTriRolCab,TRI\FILIAL\MovTriRolCab.DB,CodTab,CodTab,id_codigo,System.String,6,provavel,True,Paradox/BDE,identificador/vinculo,"validar em tela, ProcMon e amostra de dados"
ordem_servico_rol,MovTriRolCab,TRI\FILIAL\MovTriRolCab.DB,DatFecLot,Data,data_hora,System.DateTime,8,desconhecido,True,Paradox/BDE,data_hora,"validar em tela, ProcMon e amostra de dados"
ordem_servico_rol,MovTriRolCab,TRI\FILIAL\MovTriRolCab.DB,HorFecLot,HorFecLot,outro,System.DateTime,8,desconhecido,True,Paradox/BDE,outro,"validar em tela, ProcMon e amostra de dados"
ordem_servico_rol,MovTriRolCab,TRI\FILIAL\MovTriRolCab.DB,CodUsuarioFec,CodUsuarioFec,id_codigo,System.String,20,provavel,True,Paradox/BDE,identificador/vinculo,"validar em tela, ProcMon e amostra de dados"
ordem_servico_rol,MovTriRolCab,TRI\FILIAL\MovTriRolCab.DB,CodIntTri,CodIntTri,id_codigo,System.Int32,4,provavel,True,Paradox/BDE,identificador/vinculo,"validar em tela, ProcMon e amostra de dados"
ordem_servico_rol,MovTriRolCab,TRI\FILIAL\MovTriRolCab.DB,Cancelado,Celular,cliente_ref,System.String,2,desconhecido,True,Paradox/BDE,identificador/vinculo,"validar em tela, ProcMon e amostra de dados"
ordem_servico_rol,MovTriRolCab,TRI\FILIAL\MovTriRolCab.DB,DatCan,Data,data_hora,System.DateTime,8,desconhecido,True,Paradox/BDE,data_hora,"validar em tela, ProcMon e amostra de dados"
ordem_servico_rol,MovTriRolCab,TRI\FILIAL\MovTriRolCab.DB,MotivoCan,MotivoCan,texto_observacao,System.String,100,desconhecido,True,Paradox/BDE,texto_observacao,"validar em tela, ProcMon e amostra de dados"
ordem_servico_rol,MovTriRolCab,TRI\FILIAL\MovTriRolCab.DB,Obs,Obs,texto_observacao,System.String,100,desconhecido,True,Paradox/BDE,texto_observacao,"validar em tela, ProcMon e amostra de dados"
ordem_servico_rol,MovTriRolItem,TRI\FILIAL\MovTriRolItem.DB,SeqLotRol,ROL/OS,ordem_rol_ref,System.Int32,4,desconhecido,True,Paradox/BDE,identificador/vinculo,"validar em tela, ProcMon e amostra de dados"
ordem_servico_rol,MovTriRolItem,TRI\FILIAL\MovTriRolItem.DB,SeqRol,ROL/OS,ordem_rol_ref,System.Int32,4,desconhecido,True,Paradox/BDE,identificador/vinculo,"validar em tela, ProcMon e amostra de dados"
ordem_servico_rol,MovTriRolItem,TRI\FILIAL\MovTriRolItem.DB,Seq,Seq,outro,System.Int32,4,desconhecido,True,Paradox/BDE,outro,"validar em tela, ProcMon e amostra de dados"
ordem_servico_rol,MovTriRolItem,TRI\FILIAL\MovTriRolItem.DB,Data,Data,data_hora,System.DateTime,8,provavel,True,Paradox/BDE,data_hora,"validar em tela, ProcMon e amostra de dados"
ordem_servico_rol,MovTriRolItem,TRI\FILIAL\MovTriRolItem.DB,CodPro,CodPro,id_codigo,System.String,6,provavel,True,Paradox/BDE,identificador/vinculo,"validar em tela, ProcMon e amostra de dados"
ordem_servico_rol,MovTriRolItem,TRI\FILIAL\MovTriRolItem.DB,Quantidade,Quantidade,quantidade,System.Int32,4,provavel,True,Paradox/BDE,quantidade,"validar em tela, ProcMon e amostra de dados"
ordem_servico_rol,MovTriRolItem,TRI\FILIAL\MovTriRolItem.DB,Obs,Obs,texto_observacao,System.String,100,desconhecido,True,Paradox/BDE,texto_observacao,"validar em tela, ProcMon e amostra de dados"
ordem_servico_rol,MovTriRolLot,TRI\FILIAL\MovTriRolLot.DB,SeqLotRol,ROL/OS,ordem_rol_ref,System.Int32,4,desconhecido,True,Paradox/BDE,identificador/vinculo,"validar em tela, ProcMon e amostra de dados"
ordem_servico_rol,MovTriRolLot,TRI\FILIAL\MovTriRolLot.DB,DatChe,Data,data_hora,System.DateTime,8,desconhecido,True,Paradox/BDE,data_hora,"validar em tela, ProcMon e amostra de dados"
ordem_servico_rol,MovTriRolLot,TRI\FILIAL\MovTriRolLot.DB,CodCondut,CodCondut,id_codigo,System.String,10,provavel,True,Paradox/BDE,identificador/vinculo,"validar em tela, ProcMon e amostra de dados"
ordem_servico_rol,MovTriRolLot,TRI\FILIAL\MovTriRolLot.DB,Disponivel1,Disponivel1,outro,System.String,16,desconhecido,True,Paradox/BDE,outro,"validar em tela, ProcMon e amostra de dados"
ordem_servico_rol,MovTriRolLot,TRI\FILIAL\MovTriRolLot.DB,Disponivel2,Disponivel2,outro,System.String,20,desconhecido,True,Paradox/BDE,outro,"validar em tela, ProcMon e amostra de dados"
ordem_servico_rol,MovTriRolLot,TRI\FILIAL\MovTriRolLot.DB,Disponivel3,Disponivel3,outro,System.String,6,desconhecido,True,Paradox/BDE,outro,"validar em tela, ProcMon e amostra de dados"
ordem_servico_rol,MovTriRolLot,TRI\FILIAL\MovTriRolLot.DB,Cancelado,Celular,cliente_ref,System.String,2,desconhecido,True,Paradox/BDE,identificador/vinculo,"validar em tela, ProcMon e amostra de dados"
ordem_servico_rol,MovTriRolLot,TRI\FILIAL\MovTriRolLot.DB,DatCan,Data,data_hora,System.DateTime,8,desconhecido,True,Paradox/BDE,data_hora,"validar em tela, ProcMon e amostra de dados"
ordem_servico_rol,MovTriRolLot,TRI\FILIAL\MovTriRolLot.DB,MotivoCan,MotivoCan,texto_observacao,System.String,100,desconhecido,True,Paradox/BDE,texto_observacao,"validar em tela, ProcMon e amostra de dados"
ordem_servico_rol,MovTriRolLot,TRI\FILIAL\MovTriRolLot.DB,SitLot,SitLot,status_situacao,System.String,2,desconhecido,True,Paradox/BDE,status_situacao,"validar em tela, ProcMon e amostra de dados"
ordem_servico_rol,MovTriRolLot,TRI\FILIAL\MovTriRolLot.DB,DatFecLot,Data,data_hora,System.DateTime,8,desconhecido,True,Paradox/BDE,data_hora,"validar em tela, ProcMon e amostra de dados"
ordem_servico_rol,MovTriRolLot,TRI\FILIAL\MovTriRolLot.DB,HorFecLot,HorFecLot,outro,System.String,16,desconhecido,True,Paradox/BDE,outro,"validar em tela, ProcMon e amostra de dados"
ordem_servico_rol,MovTriRolLot,TRI\FILIAL\MovTriRolLot.DB,CodUsuarioFec,CodUsuarioFec,id_codigo,System.String,20,provavel,True,Paradox/BDE,identificador/vinculo,"validar em tela, ProcMon e amostra de dados"
