RelativePath,Extensao,TamanhoBytes,UltimaAlteracao,AreaProvavel,PossibilidadeSubstituicao
Figuras\001.jpg,.jpg,2875,2000-12-04T11:22:00,logos/figuras,"alta, desde que caminho/configuracao seja preservado ou migrado"
Figuras\008.jpg,.jpg,2854,2000-11-29T09:24:48,logos/figuras,"alta, desde que caminho/configuracao seja preservado ou migrado"
Figuras\021.jpg,.jpg,2962,2000-11-29T09:29:06,logos/figuras,"alta, desde que caminho/configuracao seja preservado ou migrado"
Figuras\024.jpg,.jpg,2268,2000-11-29T09:36:00,logos/figuras,"alta, desde que caminho/configuracao seja preservado ou migrado"
Figuras\027.jpg,.jpg,2656,2000-11-29T09:38:32,logos/figuras,"alta, desde que caminho/configuracao seja preservado ou migrado"
Figuras\028.jpg,.jpg,3310,2000-12-13T09:21:32,logos/figuras,"alta, desde que caminho/configuracao seja preservado ou migrado"
Figuras\029.jpg,.jpg,1774,2000-12-13T11:09:22,logos/figuras,"alta, desde que caminho/configuracao seja preservado ou migrado"
Figuras\031.jpg,.jpg,3339,2000-11-29T09:40:06,logos/figuras,"alta, desde que caminho/configuracao seja preservado ou migrado"
Figuras\033.jpg,.jpg,2287,2000-11-30T05:07:28,logos/figuras,"alta, desde que caminho/configuracao seja preservado ou migrado"
Figuras\036.jpg,.jpg,2048,2000-11-29T09:41:32,logos/figuras,"alta, desde que caminho/configuracao seja preservado ou migrado"
Figuras\038.jpg,.jpg,2565,2000-12-04T07:35:54,logos/figuras,"alta, desde que caminho/configuracao seja preservado ou migrado"
Figuras\041.jpg,.jpg,2932,2000-11-29T09:42:46,logos/figuras,"alta, desde que caminho/configuracao seja preservado ou migrado"
Figuras\070.jpg,.jpg,2972,2000-11-29T10:43:50,logos/figuras,"alta, desde que caminho/configuracao seja preservado ou migrado"
Figuras\104.jpg,.jpg,3591,2000-12-08T11:17:52,logos/figuras,"alta, desde que caminho/configuracao seja preservado ou migrado"
Figuras\151.jpg,.jpg,3878,2000-12-04T10:52:18,logos/figuras,"alta, desde que caminho/configuracao seja preservado ou migrado"
Figuras\231.jpg,.jpg,2384,2000-12-04T11:17:14,logos/figuras,"alta, desde que caminho/configuracao seja preservado ou migrado"
Figuras\237.jpg,.jpg,2353,2000-12-18T09:29:48,logos/figuras,"alta, desde que caminho/configuracao seja preservado ou migrado"
Figuras\244.jpg,.jpg,2820,2000-12-04T10:33:42,logos/figuras,"alta, desde que caminho/configuracao seja preservado ou migrado"
Figuras\246.jpg,.jpg,3214,2002-10-05T04:19:08,logos/figuras,"alta, desde que caminho/configuracao seja preservado ou migrado"
Figuras\263.jpg,.jpg,3762,2002-10-05T04:38:56,logos/figuras,"alta, desde que caminho/configuracao seja preservado ou migrado"
Figuras\275.jpg,.jpg,2402,2000-12-08T11:06:14,logos/figuras,"alta, desde que caminho/configuracao seja preservado ou migrado"
Figuras\291.jpg,.jpg,2485,2000-12-13T09:43:02,logos/figuras,"alta, desde que caminho/configuracao seja preservado ou migrado"
Figuras\320.jpg,.jpg,2460,2000-12-13T11:04:22,logos/figuras,"alta, desde que caminho/configuracao seja preservado ou migrado"
Figuras\341.jpg,.jpg,2619,2000-12-05T05:49:02,logos/figuras,"alta, desde que caminho/configuracao seja preservado ou migrado"
Figuras\347.jpg,.jpg,3378,2000-12-07T11:16:14,logos/figuras,"alta, desde que caminho/configuracao seja preservado ou migrado"
Figuras\353.jpg,.jpg,2749,2000-11-29T09:48:18,logos/figuras,"alta, desde que caminho/configuracao seja preservado ou migrado"
Figuras\356.jpg,.jpg,2402,2000-12-08T11:06:14,logos/figuras,"alta, desde que caminho/configuracao seja preservado ou migrado"
Figuras\389.jpg,.jpg,3183,2000-11-29T09:48:44,logos/figuras,"alta, desde que caminho/configuracao seja preservado ou migrado"
Figuras\392.jpg,.jpg,3372,2000-12-04T11:30:10,logos/figuras,"alta, desde que caminho/configuracao seja preservado ou migrado"
Figuras\399.jpg,.jpg,2890,2000-11-29T11:20:44,logos/figuras,"alta, desde que caminho/configuracao seja preservado ou migrado"
Figuras\409.jpg,.jpg,2799,2000-11-29T10:14:52,logos/figuras,"alta, desde que caminho/configuracao seja preservado ou migrado"
Figuras\422.jpg,.jpg,3284,2000-12-05T06:13:34,logos/figuras,"alta, desde que caminho/configuracao seja preservado ou migrado"
Figuras\424.jpg,.jpg,2749,2000-11-29T09:50:40,logos/figuras,"alta, desde que caminho/configuracao seja preservado ou migrado"
Figuras\453.jpg,.jpg,2838,2000-12-13T08:43:30,logos/figuras,"alta, desde que caminho/configuracao seja preservado ou migrado"
Figuras\479.jpg,.jpg,2610,2000-11-29T09:51:40,logos/figuras,"alta, desde que caminho/configuracao seja preservado ou migrado"
Figuras\600.jpg,.jpg,2706,2002-10-05T05:33:40,logos/figuras,"alta, desde que caminho/configuracao seja preservado ou migrado"
Figuras\604.jpg,.jpg,2838,2002-10-05T05:32:46,logos/figuras,"alta, desde que caminho/configuracao seja preservado ou migrado"
Figuras\610.jpg,.jpg,2335,2002-10-05T05:36:30,logos/figuras,"alta, desde que caminho/configuracao seja preservado ou migrado"
Figuras\623.jpg,.jpg,3353,2002-10-05T05:34:20,logos/figuras,"alta, desde que caminho/configuracao seja preservado ou migrado"
Figuras\633.jpg,.jpg,3103,2002-10-05T05:35:00,logos/figuras,"alta, desde que caminho/configuracao seja preservado ou migrado"
Figuras\637.jpg,.jpg,2660,2002-10-05T05:35:40,logos/figuras,"alta, desde que caminho/configuracao seja preservado ou migrado"
Figuras\641.jpg,.jpg,3096,2001-02-06T06:54:22,logos/figuras,"alta, desde que caminho/configuracao seja preservado ou migrado"
Figuras\702.jpg,.jpg,3496,2003-01-15T15:00:12,logos/figuras,"alta, desde que caminho/configuracao seja preservado ou migrado"
Figuras\707.jpg,.jpg,2749,2002-10-05T04:40:08,logos/figuras,"alta, desde que caminho/configuracao seja preservado ou migrado"
Figuras\721.jpg,.jpg,2261,2002-10-05T04:05:26,logos/figuras,"alta, desde que caminho/configuracao seja preservado ou migrado"
Figuras\738.jpg,.jpg,3254,2003-05-19T11:31:50,logos/figuras,"alta, desde que caminho/configuracao seja preservado ou migrado"
Figuras\741.jpg,.jpg,2648,2002-10-05T05:16:04,logos/figuras,"alta, desde que caminho/configuracao seja preservado ou migrado"
Figuras\745.jpg,.jpg,3564,2000-12-04T07:33:08,logos/figuras,"alta, desde que caminho/configuracao seja preservado ou migrado"
Figuras\748.jpg,.jpg,2638,2000-12-13T06:54:42,logos/figuras,"alta, desde que caminho/configuracao seja preservado ou migrado"
Figuras\749.jpg,.jpg,3072,2000-12-13T08:17:08,logos/figuras,"alta, desde que caminho/configuracao seja preservado ou migrado"
Figuras\756.jpg,.jpg,3145,2000-11-29T09:24:06,logos/figuras,"alta, desde que caminho/configuracao seja preservado ou migrado"
Figuras\a.gif,.gif,39,1999-10-15T04:49:30,logos/figuras,"alta, desde que caminho/configuracao seja preservado ou migrado"
Figuras\b.gif,.gif,39,1999-10-15T04:49:30,logos/figuras,"alta, desde que caminho/configuracao seja preservado ou migrado"
Figuras\BannerCBX.gif,.gif,27137,2002-06-23T08:49:38,logos/figuras,"alta, desde que caminho/configuracao seja preservado ou migrado"
Figuras\Bermuda.BMP,.bmp,51844,1997-05-26T06:15:48,logos/figuras,"alta, desde que caminho/configuracao seja preservado ou migrado"
Figuras\Blusa.BMP,.bmp,47564,1997-05-26T06:21:00,logos/figuras,"alta, desde que caminho/configuracao seja preservado ou migrado"
Figuras\c.gif,.gif,43,1999-10-15T04:49:32,logos/figuras,"alta, desde que caminho/configuracao seja preservado ou migrado"
Figuras\Calcinha.BMP,.bmp,51416,1997-05-26T06:34:28,logos/figuras,"alta, desde que caminho/configuracao seja preservado ou migrado"
Figuras\Calça Jeans.BMP,.bmp,54412,1997-05-26T06:22:00,logos/figuras,"alta, desde que caminho/configuracao seja preservado ou migrado"
Figuras\Calça Social.BMP,.bmp,95500,1997-05-26T16:00:42,logos/figuras,"alta, desde que caminho/configuracao seja preservado ou migrado"
Figuras\Camisa.BMP,.bmp,64256,1997-05-26T06:43:06,logos/figuras,"alta, desde que caminho/configuracao seja preservado ou migrado"
Figuras\Camiseta Polo.BMP,.bmp,51416,1997-05-26T06:47:18,logos/figuras,"alta, desde que caminho/configuracao seja preservado ou migrado"
Figuras\Camiseta.BMP,.bmp,47992,1997-05-26T06:49:44,logos/figuras,"alta, desde que caminho/configuracao seja preservado ou migrado"
Figuras\ConjMol.BMP,.bmp,62972,1997-05-26T15:36:08,logos/figuras,"alta, desde que caminho/configuracao seja preservado ou migrado"
Figuras\Cueca.BMP,.bmp,53984,1997-05-26T06:51:08,logos/figuras,"alta, desde que caminho/configuracao seja preservado ou migrado"
Figuras\d.gif,.gif,43,1999-10-15T04:49:30,logos/figuras,"alta, desde que caminho/configuracao seja preservado ou migrado"
Figuras\FotoTesteEquipe.bmp,.bmp,230454,2009-01-26T12:49:46,logos/figuras,"alta, desde que caminho/configuracao seja preservado ou migrado"
Figuras\Fronha.BMP,.bmp,44996,1997-05-26T06:52:32,logos/figuras,"alta, desde que caminho/configuracao seja preservado ou migrado"
Figuras\Gravata.BMP,.bmp,74956,1997-05-26T06:58:32,logos/figuras,"alta, desde que caminho/configuracao seja preservado ou migrado"
Figuras\Jaqueta Jeans.BMP,.bmp,57836,1997-05-26T06:59:02,logos/figuras,"alta, desde que caminho/configuracao seja preservado ou migrado"
Figuras\Lenço.BMP,.bmp,101972,1997-05-26T06:05:00,logos/figuras,"alta, desde que caminho/configuracao seja preservado ou migrado"
Figuras\Lençol.BMP,.bmp,42428,1997-05-26T07:03:52,logos/figuras,"alta, desde que caminho/configuracao seja preservado ou migrado"
Figuras\LogoDemo.Bmp,.bmp,28294,2000-02-16T21:20:32,logos/figuras,"alta, desde que caminho/configuracao seja preservado ou migrado"
Figuras\LogoDemostração.BMP,.bmp,1359516,2004-02-16T15:21:36,logos/figuras,"alta, desde que caminho/configuracao seja preservado ou migrado"
Figuras\LogoEquipe.bmp,.bmp,1359516,2004-02-18T16:21:46,logos/figuras,"alta, desde que caminho/configuracao seja preservado ou migrado"
Figuras\Macacão.BMP,.bmp,54412,1997-05-26T07:04:44,logos/figuras,"alta, desde que caminho/configuracao seja preservado ou migrado"
Figuras\Meia.BMP,.bmp,63828,1997-05-26T15:16:08,logos/figuras,"alta, desde que caminho/configuracao seja preservado ou migrado"
Figuras\MiniSaia.BMP,.bmp,50132,1997-05-26T07:29:40,logos/figuras,"alta, desde que caminho/configuracao seja preservado ou migrado"
Figuras\Servicos086.bmp,.bmp,17912,2011-02-08T14:21:40,logos/figuras,"alta, desde que caminho/configuracao seja preservado ou migrado"
Figuras\Servicos087.bmp,.bmp,17912,2011-02-08T14:21:40,logos/figuras,"alta, desde que caminho/configuracao seja preservado ou migrado"
Figuras\Servicos088.bmp,.bmp,17912,2011-02-09T07:09:00,logos/figuras,"alta, desde que caminho/configuracao seja preservado ou migrado"
Figuras\Servicos089.bmp,.bmp,17912,2011-02-09T09:53:26,logos/figuras,"alta, desde que caminho/configuracao seja preservado ou migrado"
Figuras\Short.BMP,.bmp,42428,1997-05-26T07:32:02,logos/figuras,"alta, desde que caminho/configuracao seja preservado ou migrado"
Figuras\Sutiem.BMP,.bmp,49276,1997-05-26T15:23:42,logos/figuras,"alta, desde que caminho/configuracao seja preservado ou migrado"
Figuras\Tapete.BMP,.bmp,38576,1997-05-26T15:09:08,logos/figuras,"alta, desde que caminho/configuracao seja preservado ou migrado"
Figuras\Tela Controle de peça.BMP,.bmp,783320,2004-02-16T20:15:04,logos/figuras,"alta, desde que caminho/configuracao seja preservado ou migrado"
Figuras\Tela Controle de Peças.BMP,.bmp,783320,2004-02-16T20:15:32,logos/figuras,"alta, desde que caminho/configuracao seja preservado ou migrado"
Figuras\Tela Estoque.BMP,.bmp,783320,2004-02-16T19:21:20,logos/figuras,"alta, desde que caminho/configuracao seja preservado ou migrado"
Figuras\Tela Financeiro.BMP,.bmp,783320,2004-02-16T12:33:54,logos/figuras,"alta, desde que caminho/configuracao seja preservado ou migrado"
Figuras\Tela Franquias.BMP,.bmp,783320,2004-02-18T19:09:48,logos/figuras,"alta, desde que caminho/configuracao seja preservado ou migrado"
Figuras\Tela PCP.BMP,.bmp,783320,2004-02-18T18:56:02,logos/figuras,"alta, desde que caminho/configuracao seja preservado ou migrado"
Figuras\Tela Recepção.BMP,.bmp,191310,2013-05-07T08:37:32,logos/figuras,"alta, desde que caminho/configuracao seja preservado ou migrado"
Figuras\Tenis.BMP,.bmp,47992,1997-05-26T07:55:28,logos/figuras,"alta, desde que caminho/configuracao seja preservado ou migrado"
Figuras\Toalha de Rosto.BMP,.bmp,58692,1997-05-26T08:03:12,logos/figuras,"alta, desde que caminho/configuracao seja preservado ou migrado"
Figuras\Toalha.BMP,.bmp,51844,1997-05-26T08:04:54,logos/figuras,"alta, desde que caminho/configuracao seja preservado ou migrado"
Figuras\VAZIO.bmp,.bmp,430,2002-07-19T12:00:46,logos/figuras,"alta, desde que caminho/configuracao seja preservado ou migrado"
Figuras\Vestido.BMP,.bmp,71104,1997-05-26T08:07:12,logos/figuras,"alta, desde que caminho/configuracao seja preservado ou migrado"
Figuras\Lavfacil\anula.bmp,.bmp,12952,2006-06-05T20:18:26,logos/figuras,"alta, desde que caminho/configuracao seja preservado ou migrado"
Figuras\Lavfacil\BotAdiarDia.bmp,.bmp,15432,2007-06-19T11:35:08,logos/figuras,"alta, desde que caminho/configuracao seja preservado ou migrado"
Figuras\Lavfacil\BotAutorizadoCliente.bmp,.bmp,14576,2009-10-14T09:35:22,logos/figuras,"alta, desde que caminho/configuracao seja preservado ou migrado"
Figuras\Lavfacil\BotServicos.bmp,.bmp,11720,2006-12-28T16:23:46,logos/figuras,"alta, desde que caminho/configuracao seja preservado ou migrado"
Figuras\Lavfacil\BotTapeteFranja.bmp,.bmp,14096,2009-10-14T10:08:30,logos/figuras,"alta, desde que caminho/configuracao seja preservado ou migrado"
Figuras\Lavfacil\Caracteristica001.bmp,.bmp,14096,2006-09-21T10:44:24,logos/figuras,"alta, desde que caminho/configuracao seja preservado ou migrado"
Figuras\Lavfacil\Caracteristica002.bmp,.bmp,14096,2006-09-21T10:31:06,logos/figuras,"alta, desde que caminho/configuracao seja preservado ou migrado"
Figuras\Lavfacil\Caracteristica003.bmp,.bmp,14096,2006-09-21T10:45:34,logos/figuras,"alta, desde que caminho/configuracao seja preservado ou migrado"
Figuras\Lavfacil\Caracteristica004.bmp,.bmp,14096,2010-11-22T08:43:00,logos/figuras,"alta, desde que caminho/configuracao seja preservado ou migrado"
Figuras\Lavfacil\Caracteristica005.bmp,.bmp,14096,2006-09-21T10:31:24,logos/figuras,"alta, desde que caminho/configuracao seja preservado ou migrado"
Figuras\Lavfacil\Caracteristica006.bmp,.bmp,14096,2006-09-21T10:33:20,logos/figuras,"alta, desde que caminho/configuracao seja preservado ou migrado"
Figuras\Lavfacil\Caracteristica007.bmp,.bmp,14096,2006-09-21T10:34:50,logos/figuras,"alta, desde que caminho/configuracao seja preservado ou migrado"
Figuras\Lavfacil\Caracteristica008.bmp,.bmp,14096,2006-09-21T10:35:38,logos/figuras,"alta, desde que caminho/configuracao seja preservado ou migrado"
Figuras\Lavfacil\Caracteristica009.bmp,.bmp,14096,2006-09-21T10:35:20,logos/figuras,"alta, desde que caminho/configuracao seja preservado ou migrado"
Figuras\Lavfacil\Caracteristica010.bmp,.bmp,14096,2007-11-22T14:08:42,logos/figuras,"alta, desde que caminho/configuracao seja preservado ou migrado"
Figuras\Lavfacil\Caracteristica011.bmp,.bmp,14096,2007-11-22T14:21:18,logos/figuras,"alta, desde que caminho/configuracao seja preservado ou migrado"
Figuras\Lavfacil\Caracteristica012.bmp,.bmp,14096,2007-11-23T09:46:38,logos/figuras,"alta, desde que caminho/configuracao seja preservado ou migrado"
Figuras\Lavfacil\Caracteristica013.bmp,.bmp,14096,2007-11-26T09:45:44,logos/figuras,"alta, desde que caminho/configuracao seja preservado ou migrado"
Figuras\Lavfacil\Caracteristica014.bmp,.bmp,14096,2007-11-23T08:37:50,logos/figuras,"alta, desde que caminho/configuracao seja preservado ou migrado"
Figuras\Lavfacil\Caracteristica015.bmp,.bmp,14096,2007-11-23T09:11:26,logos/figuras,"alta, desde que caminho/configuracao seja preservado ou migrado"
Figuras\Lavfacil\Caracteristica016.bmp,.bmp,14096,2006-09-21T10:35:56,logos/figuras,"alta, desde que caminho/configuracao seja preservado ou migrado"
Figuras\Lavfacil\Caracteristica017.bmp,.bmp,14096,2006-09-21T10:36:14,logos/figuras,"alta, desde que caminho/configuracao seja preservado ou migrado"
Figuras\Lavfacil\Caracteristica018.bmp,.bmp,14096,2006-09-21T10:36:28,logos/figuras,"alta, desde que caminho/configuracao seja preservado ou migrado"
Figuras\Lavfacil\Caracteristica019.bmp,.bmp,14096,2006-09-21T10:30:06,logos/figuras,"alta, desde que caminho/configuracao seja preservado ou migrado"
Figuras\Lavfacil\Caracteristica020.bmp,.bmp,14096,2007-11-23T09:14:26,logos/figuras,"alta, desde que caminho/configuracao seja preservado ou migrado"
Figuras\Lavfacil\Caracteristica021.bmp,.bmp,14096,2007-11-23T09:05:12,logos/figuras,"alta, desde que caminho/configuracao seja preservado ou migrado"
Figuras\Lavfacil\Caracteristica022.bmp,.bmp,14096,2007-11-26T10:29:04,logos/figuras,"alta, desde que caminho/configuracao seja preservado ou migrado"
Figuras\Lavfacil\Caracteristica023.bmp,.bmp,14096,2006-09-21T09:08:04,logos/figuras,"alta, desde que caminho/configuracao seja preservado ou migrado"
Figuras\Lavfacil\Caracteristica024.bmp,.bmp,13880,2009-12-28T05:01:52,logos/figuras,"alta, desde que caminho/configuracao seja preservado ou migrado"
Figuras\Lavfacil\Caracteristica100.bmp,.bmp,14096,2006-09-21T09:50:40,logos/figuras,"alta, desde que caminho/configuracao seja preservado ou migrado"
Figuras\Lavfacil\Cor001.bmp,.bmp,14096,2006-09-21T10:15:06,logos/figuras,"alta, desde que caminho/configuracao seja preservado ou migrado"
Figuras\Lavfacil\Cor002.bmp,.bmp,14096,2006-09-21T10:14:30,logos/figuras,"alta, desde que caminho/configuracao seja preservado ou migrado"
Figuras\Lavfacil\Cor003.bmp,.bmp,14096,2006-09-21T10:14:10,logos/figuras,"alta, desde que caminho/configuracao seja preservado ou migrado"
Figuras\Lavfacil\Cor004.bmp,.bmp,14096,2006-09-21T10:13:52,logos/figuras,"alta, desde que caminho/configuracao seja preservado ou migrado"
Figuras\Lavfacil\Cor005.bmp,.bmp,14096,2006-09-21T10:13:30,logos/figuras,"alta, desde que caminho/configuracao seja preservado ou migrado"
Figuras\Lavfacil\Cor006.bmp,.bmp,14096,2006-09-21T10:13:08,logos/figuras,"alta, desde que caminho/configuracao seja preservado ou migrado"
Figuras\Lavfacil\Cor007.bmp,.bmp,14096,2006-09-21T10:12:40,logos/figuras,"alta, desde que caminho/configuracao seja preservado ou migrado"
Figuras\Lavfacil\Cor008.bmp,.bmp,14096,2006-09-21T10:12:20,logos/figuras,"alta, desde que caminho/configuracao seja preservado ou migrado"
Figuras\Lavfacil\Cor009.bmp,.bmp,14096,2006-09-21T10:11:50,logos/figuras,"alta, desde que caminho/configuracao seja preservado ou migrado"
Figuras\Lavfacil\Cor010.bmp,.bmp,14096,2006-09-21T10:11:26,logos/figuras,"alta, desde que caminho/configuracao seja preservado ou migrado"
Figuras\Lavfacil\Cor011.bmp,.bmp,14096,2006-09-21T10:11:06,logos/figuras,"alta, desde que caminho/configuracao seja preservado ou migrado"
Figuras\Lavfacil\Cor012.bmp,.bmp,14096,2006-09-21T10:10:32,logos/figuras,"alta, desde que caminho/configuracao seja preservado ou migrado"
Figuras\Lavfacil\Cor013.bmp,.bmp,14096,2006-09-21T10:10:10,logos/figuras,"alta, desde que caminho/configuracao seja preservado ou migrado"
Figuras\Lavfacil\Cor014.bmp,.bmp,14096,2006-09-21T10:09:50,logos/figuras,"alta, desde que caminho/configuracao seja preservado ou migrado"
Figuras\Lavfacil\Cor015.bmp,.bmp,14096,2006-09-21T10:09:22,logos/figuras,"alta, desde que caminho/configuracao seja preservado ou migrado"
Figuras\Lavfacil\Cor016.bmp,.bmp,14096,2006-09-21T10:08:52,logos/figuras,"alta, desde que caminho/configuracao seja preservado ou migrado"
Figuras\Lavfacil\Cor017.bmp,.bmp,14096,2006-09-21T10:08:32,logos/figuras,"alta, desde que caminho/configuracao seja preservado ou migrado"
Figuras\Lavfacil\Cor018.bmp,.bmp,14096,2006-09-21T10:08:04,logos/figuras,"alta, desde que caminho/configuracao seja preservado ou migrado"
Figuras\Lavfacil\Cor019.bmp,.bmp,14096,2006-09-21T10:35:38,logos/figuras,"alta, desde que caminho/configuracao seja preservado ou migrado"
Figuras\Lavfacil\Cor020.bmp,.bmp,14096,2006-09-21T10:35:56,logos/figuras,"alta, desde que caminho/configuracao seja preservado ou migrado"
Figuras\Lavfacil\Cor021.bmp,.bmp,14096,2006-09-21T10:06:40,logos/figuras,"alta, desde que caminho/configuracao seja preservado ou migrado"
Figuras\Lavfacil\Cor022.bmp,.bmp,14096,2006-09-21T10:05:56,logos/figuras,"alta, desde que caminho/configuracao seja preservado ou migrado"
Figuras\Lavfacil\Cor023.bmp,.bmp,14096,2006-09-21T10:16:18,logos/figuras,"alta, desde que caminho/configuracao seja preservado ou migrado"
Figuras\Lavfacil\cor024.bmp,.bmp,14096,2006-09-21T09:18:22,logos/figuras,"alta, desde que caminho/configuracao seja preservado ou migrado"
Figuras\Lavfacil\Cor025.bmp,.bmp,14096,2006-09-21T10:22:14,logos/figuras,"alta, desde que caminho/configuracao seja preservado ou migrado"
Figuras\Lavfacil\Cor026.bmp,.bmp,14096,2006-09-21T10:03:12,logos/figuras,"alta, desde que caminho/configuracao seja preservado ou migrado"
Figuras\Lavfacil\Cor027.bmp,.bmp,14096,2006-09-21T10:02:26,logos/figuras,"alta, desde que caminho/configuracao seja preservado ou migrado"
Figuras\Lavfacil\cor028.bmp,.bmp,14096,2006-09-21T09:16:16,logos/figuras,"alta, desde que caminho/configuracao seja preservado ou migrado"
Figuras\Lavfacil\Cor029.bmp,.bmp,14096,2006-09-21T09:20:26,logos/figuras,"alta, desde que caminho/configuracao seja preservado ou migrado"
Figuras\Lavfacil\Cor030.bmp,.bmp,14096,2006-09-21T09:07:20,logos/figuras,"alta, desde que caminho/configuracao seja preservado ou migrado"
Figuras\Lavfacil\Cor031.bmp,.bmp,10638,2010-05-04T12:17:58,logos/figuras,"alta, desde que caminho/configuracao seja preservado ou migrado"
Figuras\Lavfacil\Cor032.bmp,.bmp,14096,2006-09-21T10:31:24,logos/figuras,"alta, desde que caminho/configuracao seja preservado ou migrado"
Figuras\Lavfacil\Cor033.bmp,.bmp,14096,2006-09-21T10:31:06,logos/figuras,"alta, desde que caminho/configuracao seja preservado ou migrado"
Figuras\Lavfacil\Cor034.bmp,.bmp,10638,2010-05-04T12:10:32,logos/figuras,"alta, desde que caminho/configuracao seja preservado ou migrado"
Figuras\Lavfacil\Cor035.bmp,.bmp,10638,2010-05-04T11:57:12,logos/figuras,"alta, desde que caminho/configuracao seja preservado ou migrado"
Figuras\Lavfacil\Cor036.bmp,.bmp,14096,2007-11-22T14:24:44,logos/figuras,"alta, desde que caminho/configuracao seja preservado ou migrado"
Figuras\Lavfacil\Cor037.bmp,.bmp,10638,2010-05-04T11:56:02,logos/figuras,"alta, desde que caminho/configuracao seja preservado ou migrado"
Figuras\Lavfacil\Cor038.bmp,.bmp,14096,2006-09-21T10:35:56,logos/figuras,"alta, desde que caminho/configuracao seja preservado ou migrado"
Figuras\Lavfacil\Cor039.bmp,.bmp,14096,2006-09-21T10:11:26,logos/figuras,"alta, desde que caminho/configuracao seja preservado ou migrado"
Figuras\Lavfacil\Cor040.bmp,.bmp,14096,2006-09-21T10:13:08,logos/figuras,"alta, desde que caminho/configuracao seja preservado ou migrado"
Figuras\Lavfacil\Cor041.bmp,.bmp,14096,2006-09-21T10:14:30,logos/figuras,"alta, desde que caminho/configuracao seja preservado ou migrado"
Figuras\Lavfacil\Cor042.bmp,.bmp,14096,2007-11-22T14:08:42,logos/figuras,"alta, desde que caminho/configuracao seja preservado ou migrado"
Figuras\Lavfacil\Cor043.bmp,.bmp,14096,2006-09-21T10:34:50,logos/figuras,"alta, desde que caminho/configuracao seja preservado ou migrado"
Figuras\Lavfacil\Cor044.bmp,.bmp,14096,2006-09-21T10:36:14,logos/figuras,"alta, desde que caminho/configuracao seja preservado ou migrado"
Figuras\Lavfacil\Cor045.bmp,.bmp,14096,2007-11-23T08:37:50,logos/figuras,"alta, desde que caminho/configuracao seja preservado ou migrado"
Figuras\Lavfacil\Cor100.bmp,.bmp,14096,2006-09-21T10:50:38,logos/figuras,"alta, desde que caminho/configuracao seja preservado ou migrado"
Figuras\Lavfacil\Def001.bmp,.bmp,14576,2009-10-07T09:41:14,logos/figuras,"alta, desde que caminho/configuracao seja preservado ou migrado"
Figuras\Lavfacil\def002.bmp,.bmp,13880,2006-08-14T10:03:04,logos/figuras,"alta, desde que caminho/configuracao seja preservado ou migrado"
Figuras\Lavfacil\def003.bmp,.bmp,13880,2006-08-14T10:03:04,logos/figuras,"alta, desde que caminho/configuracao seja preservado ou migrado"
Figuras\Lavfacil\def004.bmp,.bmp,13880,2006-08-14T10:03:04,logos/figuras,"alta, desde que caminho/configuracao seja preservado ou migrado"
Figuras\Lavfacil\def005.bmp,.bmp,13880,2006-08-14T10:03:04,logos/figuras,"alta, desde que caminho/configuracao seja preservado ou migrado"
Figuras\Lavfacil\def006.bmp,.bmp,13880,2006-08-14T10:03:06,logos/figuras,"alta, desde que caminho/configuracao seja preservado ou migrado"
Figuras\Lavfacil\def007.bmp,.bmp,13880,2006-08-14T10:03:06,logos/figuras,"alta, desde que caminho/configuracao seja preservado ou migrado"
Figuras\Lavfacil\def008.bmp,.bmp,13880,2006-08-14T10:03:06,logos/figuras,"alta, desde que caminho/configuracao seja preservado ou migrado"
Figuras\Lavfacil\def009.bmp,.bmp,13880,2006-08-14T10:03:06,logos/figuras,"alta, desde que caminho/configuracao seja preservado ou migrado"
Figuras\Lavfacil\def010.bmp,.bmp,13880,2006-08-14T10:03:06,logos/figuras,"alta, desde que caminho/configuracao seja preservado ou migrado"
Figuras\Lavfacil\def011.bmp,.bmp,13880,2006-08-14T10:03:06,logos/figuras,"alta, desde que caminho/configuracao seja preservado ou migrado"
Figuras\Lavfacil\def012.bmp,.bmp,13880,2006-08-14T10:03:06,logos/figuras,"alta, desde que caminho/configuracao seja preservado ou migrado"
Figuras\Lavfacil\def013.bmp,.bmp,13880,2006-08-14T10:03:06,logos/figuras,"alta, desde que caminho/configuracao seja preservado ou migrado"
Figuras\Lavfacil\def014.bmp,.bmp,13880,2006-08-14T10:03:06,logos/figuras,"alta, desde que caminho/configuracao seja preservado ou migrado"
Figuras\Lavfacil\def015.bmp,.bmp,13880,2006-08-14T10:03:06,logos/figuras,"alta, desde que caminho/configuracao seja preservado ou migrado"
Figuras\Lavfacil\def016.bmp,.bmp,14096,2006-08-29T18:31:56,logos/figuras,"alta, desde que caminho/configuracao seja preservado ou migrado"
Figuras\Lavfacil\def017.bmp,.bmp,16340,2007-11-23T13:11:52,logos/figuras,"alta, desde que caminho/configuracao seja preservado ou migrado"
Figuras\Lavfacil\Def018.bmp,.bmp,14576,2009-10-07T09:39:22,logos/figuras,"alta, desde que caminho/configuracao seja preservado ou migrado"
Figuras\Lavfacil\def019.bmp,.bmp,14096,2006-08-29T18:30:18,logos/figuras,"alta, desde que caminho/configuracao seja preservado ou migrado"
Figuras\Lavfacil\def020.bmp,.bmp,14096,2006-08-29T17:33:34,logos/figuras,"alta, desde que caminho/configuracao seja preservado ou migrado"
Figuras\Lavfacil\Def021.bmp,.bmp,13880,2006-08-09T17:18:14,logos/figuras,"alta, desde que caminho/configuracao seja preservado ou migrado"
Figuras\Lavfacil\def022.bmp,.bmp,13880,2006-08-14T10:03:06,logos/figuras,"alta, desde que caminho/configuracao seja preservado ou migrado"
Figuras\Lavfacil\def023.bmp,.bmp,13880,2006-08-14T10:03:06,logos/figuras,"alta, desde que caminho/configuracao seja preservado ou migrado"
Figuras\Lavfacil\def024.bmp,.bmp,14096,2006-08-29T18:29:50,logos/figuras,"alta, desde que caminho/configuracao seja preservado ou migrado"
Figuras\Lavfacil\def025.bmp,.bmp,13880,2006-08-25T19:09:20,logos/figuras,"alta, desde que caminho/configuracao seja preservado ou migrado"
Figuras\Lavfacil\def026.bmp,.bmp,14096,2006-08-29T18:30:52,logos/figuras,"alta, desde que caminho/configuracao seja preservado ou migrado"
Figuras\Lavfacil\def027.bmp,.bmp,14096,2006-08-29T18:32:40,logos/figuras,"alta, desde que caminho/configuracao seja preservado ou migrado"
Figuras\Lavfacil\def028.bmp,.bmp,13880,2006-08-14T10:03:08,logos/figuras,"alta, desde que caminho/configuracao seja preservado ou migrado"
Figuras\Lavfacil\def029.bmp,.bmp,13880,2009-05-05T07:50:00,logos/figuras,"alta, desde que caminho/configuracao seja preservado ou migrado"
Figuras\Lavfacil\def030.bmp,.bmp,13880,2009-05-05T07:50:00,logos/figuras,"alta, desde que caminho/configuracao seja preservado ou migrado"
Figuras\Lavfacil\def031.bmp,.bmp,13880,2009-05-05T07:50:00,logos/figuras,"alta, desde que caminho/configuracao seja preservado ou migrado"
Figuras\Lavfacil\Def032.bmp,.bmp,14576,2009-10-07T09:40:54,logos/figuras,"alta, desde que caminho/configuracao seja preservado ou migrado"
Figuras\Lavfacil\Def033.bmp,.bmp,14576,2009-10-07T09:40:02,logos/figuras,"alta, desde que caminho/configuracao seja preservado ou migrado"
Figuras\Lavfacil\Def034.bmp,.bmp,14096,2009-10-14T10:08:28,logos/figuras,"alta, desde que caminho/configuracao seja preservado ou migrado"
Figuras\Lavfacil\Def035.bmp,.bmp,14576,2009-10-07T09:45:56,logos/figuras,"alta, desde que caminho/configuracao seja preservado ou migrado"
Figuras\Lavfacil\Def036.bmp,.bmp,14576,2009-10-07T09:36:42,logos/figuras,"alta, desde que caminho/configuracao seja preservado ou migrado"
Figuras\Lavfacil\Def037.bmp,.bmp,14576,2009-10-07T09:38:02,logos/figuras,"alta, desde que caminho/configuracao seja preservado ou migrado"
Figuras\Lavfacil\Def038.bmp,.bmp,14576,2009-10-13T10:26:32,logos/figuras,"alta, desde que caminho/configuracao seja preservado ou migrado"
Figuras\Lavfacil\Def039.bmp,.bmp,14576,2009-10-13T10:26:00,logos/figuras,"alta, desde que caminho/configuracao seja preservado ou migrado"
Figuras\Lavfacil\Def040.bmp,.bmp,14576,2009-10-07T09:36:04,logos/figuras,"alta, desde que caminho/configuracao seja preservado ou migrado"
Figuras\Lavfacil\Def041.bmp,.bmp,14576,2009-10-07T10:02:20,logos/figuras,"alta, desde que caminho/configuracao seja preservado ou migrado"
Figuras\Lavfacil\Def042.bmp,.bmp,10422,2009-12-22T10:46:20,logos/figuras,"alta, desde que caminho/configuracao seja preservado ou migrado"
Figuras\Lavfacil\Def043.bmp,.bmp,14576,2009-10-07T09:44:42,logos/figuras,"alta, desde que caminho/configuracao seja preservado ou migrado"
Figuras\Lavfacil\Def044.bmp,.bmp,14576,2009-10-07T09:42:30,logos/figuras,"alta, desde que caminho/configuracao seja preservado ou migrado"
Figuras\Lavfacil\Def045.bmp,.bmp,14576,2009-10-14T09:43:38,logos/figuras,"alta, desde que caminho/configuracao seja preservado ou migrado"
Figuras\Lavfacil\Def046.bmp,.bmp,14576,2009-10-13T10:25:34,logos/figuras,"alta, desde que caminho/configuracao seja preservado ou migrado"
Figuras\Lavfacil\Def047.bmp,.bmp,14576,2009-10-14T09:53:36,logos/figuras,"alta, desde que caminho/configuracao seja preservado ou migrado"
Figuras\Lavfacil\Def048.bmp,.bmp,14840,2011-03-29T15:23:48,logos/figuras,"alta, desde que caminho/configuracao seja preservado ou migrado"
Figuras\Lavfacil\Def049.bmp,.bmp,14576,2009-10-07T09:38:32,logos/figuras,"alta, desde que caminho/configuracao seja preservado ou migrado"
Figuras\Lavfacil\Def050.bmp,.bmp,13880,2011-03-31T15:53:00,logos/figuras,"alta, desde que caminho/configuracao seja preservado ou migrado"
Figuras\Lavfacil\Def07a.bmp,.bmp,14576,2009-10-07T09:38:02,logos/figuras,"alta, desde que caminho/configuracao seja preservado ou migrado"
Figuras\Lavfacil\Def100.bmp,.bmp,14096,2006-09-21T09:50:40,logos/figuras,"alta, desde que caminho/configuracao seja preservado ou migrado"
Figuras\Lavfacil\Def995.bmp,.bmp,14096,2011-03-28T14:46:16,logos/figuras,"alta, desde que caminho/configuracao seja preservado ou migrado"
Figuras\Lavfacil\Def996.bmp,.bmp,14096,2011-03-28T14:46:16,logos/figuras,"alta, desde que caminho/configuracao seja preservado ou migrado"
Figuras\Lavfacil\Def997.bmp,.bmp,14096,2011-03-28T14:45:44,logos/figuras,"alta, desde que caminho/configuracao seja preservado ou migrado"
Figuras\Lavfacil\Def999.bmp,.bmp,14096,2011-03-28T14:46:14,logos/figuras,"alta, desde que caminho/configuracao seja preservado ou migrado"
Figuras\Lavfacil\Fat001.bmp,.bmp,14096,2010-04-22T11:03:40,logos/figuras,"alta, desde que caminho/configuracao seja preservado ou migrado"
Figuras\Lavfacil\Fat002.bmp,.bmp,14096,2010-04-22T11:03:40,logos/figuras,"alta, desde que caminho/configuracao seja preservado ou migrado"
Figuras\Lavfacil\Fat003.bmp,.bmp,14096,2010-04-22T11:03:40,logos/figuras,"alta, desde que caminho/configuracao seja preservado ou migrado"
Figuras\Lavfacil\Fat004.bmp,.bmp,14096,2010-04-22T11:03:40,logos/figuras,"alta, desde que caminho/configuracao seja preservado ou migrado"
Figuras\Lavfacil\Fat005.bmp,.bmp,14096,2010-04-22T11:03:40,logos/figuras,"alta, desde que caminho/configuracao seja preservado ou migrado"
Figuras\Lavfacil\FatCab.bmp,.bmp,17912,2007-11-23T10:20:16,logos/figuras,"alta, desde que caminho/configuracao seja preservado ou migrado"
Figuras\Lavfacil\FatCOR.bmp,.bmp,14096,2006-08-29T10:54:04,logos/figuras,"alta, desde que caminho/configuracao seja preservado ou migrado"
Figuras\Lavfacil\FatCRI.bmp,.bmp,14096,2006-08-29T15:36:42,logos/figuras,"alta, desde que caminho/configuracao seja preservado ou migrado"
Figuras\Lavfacil\FatEnt.bmp,.bmp,14096,2006-08-29T09:38:08,logos/figuras,"alta, desde que caminho/configuracao seja preservado ou migrado"
Figuras\Lavfacil\FatExp.bmp,.bmp,14096,2010-04-22T11:52:56,logos/figuras,"alta, desde que caminho/configuracao seja preservado ou migrado"
Figuras\Lavfacil\FatFES.bmp,.bmp,14096,2006-08-29T14:36:40,logos/figuras,"alta, desde que caminho/configuracao seja preservado ou migrado"
Figuras\Lavfacil\FatFun.bmp,.bmp,17912,2007-11-23T13:28:44,logos/figuras,"alta, desde que caminho/configuracao seja preservado ou migrado"
Figuras\Lavfacil\FatInd.bmp,.bmp,14096,2006-09-11T12:30:32,logos/figuras,"alta, desde que caminho/configuracao seja preservado ou migrado"
Figuras\Lavfacil\FatNOR.bmp,.bmp,14096,2006-08-29T09:01:08,logos/figuras,"alta, desde que caminho/configuracao seja preservado ou migrado"
Figuras\Lavfacil\Fatpr2.bmp,.bmp,14096,2007-06-29T09:28:36,logos/figuras,"alta, desde que caminho/configuracao seja preservado ou migrado"
Figuras\Lavfacil\Fatpr3.bmp,.bmp,14096,2007-06-29T09:29:44,logos/figuras,"alta, desde que caminho/configuracao seja preservado ou migrado"
Figuras\Lavfacil\FatPRC.bmp,.bmp,14096,2010-04-26T16:48:00,logos/figuras,"alta, desde que caminho/configuracao seja preservado ou migrado"
Figuras\Lavfacil\FatPRO.bmp,.bmp,14096,2010-04-26T16:48:00,logos/figuras,"alta, desde que caminho/configuracao seja preservado ou migrado"
Figuras\Lavfacil\FatRCS.bmp,.bmp,17912,2010-06-21T14:45:00,logos/figuras,"alta, desde que caminho/configuracao seja preservado ou migrado"
Figuras\Lavfacil\FatREL.bmp,.bmp,14096,2006-08-29T09:40:46,logos/figuras,"alta, desde que caminho/configuracao seja preservado ou migrado"
Figuras\Lavfacil\FatREP.bmp,.bmp,14096,2006-08-29T09:27:18,logos/figuras,"alta, desde que caminho/configuracao seja preservado ou migrado"
Figuras\Lavfacil\FatRET.bmp,.bmp,14096,2006-08-29T14:17:28,logos/figuras,"alta, desde que caminho/configuracao seja preservado ou migrado"
Figuras\Lavfacil\FatRPS.bmp,.bmp,14096,2009-12-28T05:01:56,logos/figuras,"alta, desde que caminho/configuracao seja preservado ou migrado"
Figuras\Lavfacil\FatRSA.bmp,.bmp,17912,2010-06-21T14:45:00,logos/figuras,"alta, desde que caminho/configuracao seja preservado ou migrado"
Figuras\Lavfacil\FatSLA.bmp,.bmp,14096,2006-08-29T09:50:56,logos/figuras,"alta, desde que caminho/configuracao seja preservado ou migrado"
Figuras\Lavfacil\FatSPC.bmp,.bmp,11054,2010-05-14T07:52:30,logos/figuras,"alta, desde que caminho/configuracao seja preservado ou migrado"
Figuras\Lavfacil\FatSPS.bmp,.bmp,14096,2006-08-29T09:00:54,logos/figuras,"alta, desde que caminho/configuracao seja preservado ou migrado"
Figuras\Lavfacil\FatUNI.bmp,.bmp,17912,2009-12-28T05:01:56,logos/figuras,"alta, desde que caminho/configuracao seja preservado ou migrado"
Figuras\Lavfacil\FPag001.bmp,.bmp,14096,2006-09-21T15:19:06,logos/figuras,"alta, desde que caminho/configuracao seja preservado ou migrado"
Figuras\Lavfacil\FPag002.bmp,.bmp,14096,2006-09-21T15:19:26,logos/figuras,"alta, desde que caminho/configuracao seja preservado ou migrado"
Figuras\Lavfacil\FPag003.bmp,.bmp,9830,2011-03-30T07:32:24,logos/figuras,"alta, desde que caminho/configuracao seja preservado ou migrado"
Figuras\Lavfacil\FPag004.bmp,.bmp,14096,2006-09-21T15:42:44,logos/figuras,"alta, desde que caminho/configuracao seja preservado ou migrado"
Figuras\Lavfacil\FPag005.bmp,.bmp,14096,2006-09-21T15:42:34,logos/figuras,"alta, desde que caminho/configuracao seja preservado ou migrado"
Figuras\Lavfacil\FPag006.bmp,.bmp,14096,2006-09-21T15:42:24,logos/figuras,"alta, desde que caminho/configuracao seja preservado ou migrado"
Figuras\Lavfacil\FPag007.bmp,.bmp,14096,2006-09-21T15:42:14,logos/figuras,"alta, desde que caminho/configuracao seja preservado ou migrado"
Figuras\Lavfacil\FPag008.bmp,.bmp,14096,2006-09-21T15:41:46,logos/figuras,"alta, desde que caminho/configuracao seja preservado ou migrado"
Figuras\Lavfacil\FPag009.bmp,.bmp,14096,2006-09-11T13:30:32,logos/figuras,"alta, desde que caminho/configuracao seja preservado ou migrado"
Figuras\Lavfacil\FPag010.bmp,.bmp,14096,2006-09-11T13:03:04,logos/figuras,"alta, desde que caminho/configuracao seja preservado ou migrado"
Figuras\Lavfacil\FPag011.bmp,.bmp,14096,2006-08-25T19:24:20,logos/figuras,"alta, desde que caminho/configuracao seja preservado ou migrado"
Figuras\Lavfacil\FPag0111.bmp,.bmp,14096,2009-12-28T05:01:56,logos/figuras,"alta, desde que caminho/configuracao seja preservado ou migrado"
Figuras\Lavfacil\FPag014.bmp,.bmp,14096,2007-11-23T14:38:18,logos/figuras,"alta, desde que caminho/configuracao seja preservado ou migrado"
Figuras\Lavfacil\FPag015.bmp,.bmp,14096,2007-11-23T14:49:30,logos/figuras,"alta, desde que caminho/configuracao seja preservado ou migrado"
Figuras\Lavfacil\FPag016.bmp,.bmp,9830,2011-03-30T07:31:18,logos/figuras,"alta, desde que caminho/configuracao seja preservado ou migrado"
Figuras\Lavfacil\FPag017.bmp,.bmp,10638,2014-04-07T14:00:42,logos/figuras,"alta, desde que caminho/configuracao seja preservado ou migrado"
Figuras\Lavfacil\FPag100.bmp,.bmp,14096,2006-09-21T15:21:32,logos/figuras,"alta, desde que caminho/configuracao seja preservado ou migrado"
Figuras\Lavfacil\Fpag980.bmp,.bmp,14096,2010-04-22T11:52:56,logos/figuras,"alta, desde que caminho/configuracao seja preservado ou migrado"
Figuras\Lavfacil\FPag990.bmp,.bmp,14096,2006-08-25T19:24:20,logos/figuras,"alta, desde que caminho/configuracao seja preservado ou migrado"
Figuras\Lavfacil\FPag998.bmp,.bmp,14096,2006-08-25T20:25:00,logos/figuras,"alta, desde que caminho/configuracao seja preservado ou migrado"
Figuras\Lavfacil\FPag999.bmp,.bmp,14096,2006-09-21T14:21:10,logos/figuras,"alta, desde que caminho/configuracao seja preservado ou migrado"
Figuras\Lavfacil\GruPro00001.bmp,.bmp,13880,2006-08-09T12:46:08,logos/figuras,"alta, desde que caminho/configuracao seja preservado ou migrado"
Figuras\Lavfacil\GruPro00002.bmp,.bmp,14096,2006-09-21T15:37:00,logos/figuras,"alta, desde que caminho/configuracao seja preservado ou migrado"
Figuras\Lavfacil\GruPro00003.bmp,.bmp,14096,2006-09-21T09:45:28,logos/figuras,"alta, desde que caminho/configuracao seja preservado ou migrado"
Figuras\Lavfacil\GruPro00004.bmp,.bmp,14096,2006-09-21T15:15:26,logos/figuras,"alta, desde que caminho/configuracao seja preservado ou migrado"
Figuras\Lavfacil\Grupro00005.bmp,.bmp,14096,2007-08-24T16:36:08,logos/figuras,"alta, desde que caminho/configuracao seja preservado ou migrado"
Figuras\Lavfacil\Grupro00006.bmp,.bmp,12950,2011-08-18T08:04:02,logos/figuras,"alta, desde que caminho/configuracao seja preservado ou migrado"
Figuras\Lavfacil\grupro00007.bmp,.bmp,14096,2006-09-21T09:44:14,logos/figuras,"alta, desde que caminho/configuracao seja preservado ou migrado"
Figuras\Lavfacil\grupro00008.bmp,.bmp,14096,2006-09-21T09:47:12,logos/figuras,"alta, desde que caminho/configuracao seja preservado ou migrado"
Figuras\Lavfacil\grupro00009.bmp,.bmp,14096,2006-09-21T16:25:36,logos/figuras,"alta, desde que caminho/configuracao seja preservado ou migrado"
Figuras\Lavfacil\grupro00010.bmp,.bmp,14096,2006-09-21T16:36:02,logos/figuras,"alta, desde que caminho/configuracao seja preservado ou migrado"
Figuras\Lavfacil\grupro00011.bmp,.bmp,14096,2006-09-21T16:32:44,logos/figuras,"alta, desde que caminho/configuracao seja preservado ou migrado"
Figuras\Lavfacil\GruPro00012.bmp,.bmp,10422,2007-10-15T05:14:26,logos/figuras,"alta, desde que caminho/configuracao seja preservado ou migrado"
Figuras\Lavfacil\grupro00013.BMP,.bmp,10640,2006-09-13T12:08:24,logos/figuras,"alta, desde que caminho/configuracao seja preservado ou migrado"
Figuras\Lavfacil\Grupro00014.bmp,.bmp,14094,2011-08-18T07:31:38,logos/figuras,"alta, desde que caminho/configuracao seja preservado ou migrado"
Figuras\Lavfacil\grupro00015.bmp,.bmp,14096,2006-09-21T14:22:18,logos/figuras,"alta, desde que caminho/configuracao seja preservado ou migrado"
Figuras\Lavfacil\grupro00016.bmp,.bmp,14096,2006-09-21T16:22:38,logos/figuras,"alta, desde que caminho/configuracao seja preservado ou migrado"
Figuras\Lavfacil\grupro00017.bmp,.bmp,14096,2006-09-21T16:22:56,logos/figuras,"alta, desde que caminho/configuracao seja preservado ou migrado"
Figuras\Lavfacil\Grupro00018.bmp,.bmp,14096,2006-08-28T19:32:38,logos/figuras,"alta, desde que caminho/configuracao seja preservado ou migrado"
Figuras\Lavfacil\grupro00019.bmp,.bmp,14096,2006-09-21T14:35:46,logos/figuras,"alta, desde que caminho/configuracao seja preservado ou migrado"
Figuras\Lavfacil\Grupro00020.bmp,.bmp,14096,2006-09-21T09:49:02,logos/figuras,"alta, desde que caminho/configuracao seja preservado ou migrado"
Figuras\Lavfacil\grupro00021.bmp,.bmp,14096,2006-09-21T16:35:30,logos/figuras,"alta, desde que caminho/configuracao seja preservado ou migrado"
Figuras\Lavfacil\GruPro00022.bmp,.bmp,10638,2008-05-23T05:42:02,logos/figuras,"alta, desde que caminho/configuracao seja preservado ou migrado"
Figuras\Lavfacil\GruPro00023.bmp,.bmp,14096,2006-08-25T11:04:10,logos/figuras,"alta, desde que caminho/configuracao seja preservado ou migrado"
Figuras\Lavfacil\Grupro00024.BMP,.bmp,9830,2008-09-25T12:22:18,logos/figuras,"alta, desde que caminho/configuracao seja preservado ou migrado"
Figuras\Lavfacil\grupro00025.bmp,.bmp,14096,2006-09-21T16:35:18,logos/figuras,"alta, desde que caminho/configuracao seja preservado ou migrado"
Figuras\Lavfacil\GruPro00026.bmp,.bmp,10638,2008-08-19T09:16:30,logos/figuras,"alta, desde que caminho/configuracao seja preservado ou migrado"
Figuras\Lavfacil\grupro00027.bmp,.bmp,14096,2006-09-21T14:23:22,logos/figuras,"alta, desde que caminho/configuracao seja preservado ou migrado"
Figuras\Lavfacil\Grupro00028.bmp,.bmp,14096,2006-09-21T14:34:58,logos/figuras,"alta, desde que caminho/configuracao seja preservado ou migrado"
Figuras\Lavfacil\grupro00029.bmp,.bmp,9830,2011-06-20T08:48:20,logos/figuras,"alta, desde que caminho/configuracao seja preservado ou migrado"
Figuras\Lavfacil\grupro00030.bmp,.bmp,14096,2006-09-11T15:30:50,logos/figuras,"alta, desde que caminho/configuracao seja preservado ou migrado"
Figuras\Lavfacil\Grupro00031.bmp,.bmp,14096,2006-09-05T14:39:34,logos/figuras,"alta, desde que caminho/configuracao seja preservado ou migrado"
Figuras\Lavfacil\GruPro00032.BMP,.bmp,10640,2006-09-13T12:14:18,logos/figuras,"alta, desde que caminho/configuracao seja preservado ou migrado"
Figuras\Lavfacil\Grupro00033.BMP,.bmp,14576,2007-08-15T16:14:38,logos/figuras,"alta, desde que caminho/configuracao seja preservado ou migrado"
Figuras\Lavfacil\gruPro00034.bmp,.bmp,9830,2011-08-22T12:09:50,logos/figuras,"alta, desde que caminho/configuracao seja preservado ou migrado"
Figuras\Lavfacil\grupro00035.bmp,.bmp,9830,2011-08-22T12:09:46,logos/figuras,"alta, desde que caminho/configuracao seja preservado ou migrado"
Figuras\Lavfacil\grupro00036.bmp,.bmp,9830,2011-08-22T12:09:42,logos/figuras,"alta, desde que caminho/configuracao seja preservado ou migrado"
Figuras\Lavfacil\grupro00037.bmp,.bmp,9830,2011-08-22T12:09:38,logos/figuras,"alta, desde que caminho/configuracao seja preservado ou migrado"
Figuras\Lavfacil\GruPro00038.bmp,.bmp,14096,2006-09-21T13:15:26,logos/figuras,"alta, desde que caminho/configuracao seja preservado ou migrado"
Figuras\Lavfacil\Grupro00039.bmp,.bmp,14096,2006-09-08T09:08:02,logos/figuras,"alta, desde que caminho/configuracao seja preservado ou migrado"
Figuras\Lavfacil\grupro00040.bmp,.bmp,14096,2006-09-21T07:49:02,logos/figuras,"alta, desde que caminho/configuracao seja preservado ou migrado"
Figuras\Lavfacil\grupro00041.bmp,.bmp,14096,2006-09-21T07:47:14,logos/figuras,"alta, desde que caminho/configuracao seja preservado ou migrado"
Figuras\Lavfacil\GruPro00042.BMP,.bmp,10640,2006-09-11T16:44:34,logos/figuras,"alta, desde que caminho/configuracao seja preservado ou migrado"
Figuras\Lavfacil\grupro00043.bmp,.bmp,14096,2006-09-21T14:22:18,logos/figuras,"alta, desde que caminho/configuracao seja preservado ou migrado"
Figuras\Lavfacil\grupro00044.bmp,.bmp,14096,2006-09-21T14:25:36,logos/figuras,"alta, desde que caminho/configuracao seja preservado ou migrado"
Figuras\Lavfacil\grupro00045.bmp,.bmp,14096,2006-09-21T14:36:02,logos/figuras,"alta, desde que caminho/configuracao seja preservado ou migrado"
Figuras\Lavfacil\GruPro00046.bmp,.bmp,14096,2006-09-21T15:08:16,logos/figuras,"alta, desde que caminho/configuracao seja preservado ou migrado"
Figuras\Lavfacil\grupro00047.bmp,.bmp,14096,2006-09-21T14:35:18,logos/figuras,"alta, desde que caminho/configuracao seja preservado ou migrado"
Figuras\Lavfacil\Grupro00048.bmp,.bmp,14094,2008-01-22T07:55:52,logos/figuras,"alta, desde que caminho/configuracao seja preservado ou migrado"
Figuras\Lavfacil\GruPro00051.bmp,.bmp,14096,2010-04-26T16:48:00,logos/figuras,"alta, desde que caminho/configuracao seja preservado ou migrado"
Figuras\Lavfacil\Marca  Sem Marca.bmp,.bmp,14096,2006-09-21T09:50:38,logos/figuras,"alta, desde que caminho/configuracao seja preservado ou migrado"
Figuras\Lavfacil\Marca DIGITAR MARCA+.bmp,.bmp,10638,2010-04-23T09:05:04,logos/figuras,"alta, desde que caminho/configuracao seja preservado ou migrado"
Figuras\Lavfacil\MarcaAdidas.bmp,.bmp,10638,2010-04-22T13:26:48,logos/figuras,"alta, desde que caminho/configuracao seja preservado ou migrado"
Figuras\Lavfacil\MarcaAdio.bmp,.bmp,10638,2010-09-14T07:10:48,logos/figuras,"alta, desde que caminho/configuracao seja preservado ou migrado"
Figuras\Lavfacil\MarcaADJI.bmp,.bmp,10638,2010-04-23T07:49:44,logos/figuras,"alta, desde que caminho/configuracao seja preservado ou migrado"
Figuras\Lavfacil\MarcaAkkar.bmp,.bmp,10638,2011-03-29T14:25:40,logos/figuras,"alta, desde que caminho/configuracao seja preservado ou migrado"
Figuras\Lavfacil\MarcaAll Star.bmp,.bmp,14096,2011-01-11T05:54:58,logos/figuras,"alta, desde que caminho/configuracao seja preservado ou migrado"
Figuras\Lavfacil\MarcaAltenburg.bmp,.bmp,10442,2010-08-11T13:39:28,logos/figuras,"alta, desde que caminho/configuracao seja preservado ou migrado"
Figuras\Lavfacil\MarcaAndRocket.bmp,.bmp,14096,2011-01-11T04:57:40,logos/figuras,"alta, desde que caminho/configuracao seja preservado ou migrado"
Figuras\Lavfacil\MarcaAny Any.bmp,.bmp,10638,2010-04-23T07:51:58,logos/figuras,"alta, desde que caminho/configuracao seja preservado ou migrado"
Figuras\Lavfacil\MarcaAramis.bmp,.bmp,10638,2011-03-29T08:54:20,logos/figuras,"alta, desde que caminho/configuracao seja preservado ou migrado"
Figuras\Lavfacil\MarcaArezzo.bmp,.bmp,10638,2010-04-22T12:58:38,logos/figuras,"alta, desde que caminho/configuracao seja preservado ou migrado"
Figuras\Lavfacil\MarcaArtex.bmp,.bmp,10442,2010-08-11T12:39:32,logos/figuras,"alta, desde que caminho/configuracao seja preservado ou migrado"
Figuras\Lavfacil\MarcaAsics.bmp,.bmp,10638,2011-03-18T13:33:02,logos/figuras,"alta, desde que caminho/configuracao seja preservado ou migrado"
Figuras\Lavfacil\MarcaAuthentic Feet.bmp,.bmp,10638,2010-04-23T08:23:16,logos/figuras,"alta, desde que caminho/configuracao seja preservado ou migrado"
Figuras\Lavfacil\MarcaAvanzzo.bmp,.bmp,10638,2011-03-21T06:45:30,logos/figuras,"alta, desde que caminho/configuracao seja preservado ou migrado"
Figuras\Lavfacil\MarcaBad Cat.bmp,.bmp,10638,2010-09-14T09:31:48,logos/figuras,"alta, desde que caminho/configuracao seja preservado ou migrado"
Figuras\Lavfacil\MarcaBanana Republic.bmp,.bmp,10638,2011-04-01T12:19:44,logos/figuras,"alta, desde que caminho/configuracao seja preservado ou migrado"
Figuras\Lavfacil\MarcaBarred´s.bmp,.bmp,10638,2010-09-14T11:04:32,logos/figuras,"alta, desde que caminho/configuracao seja preservado ou migrado"
Figuras\Lavfacil\MarcaBayard.bmp,.bmp,10638,2010-09-14T11:06:54,logos/figuras,"alta, desde que caminho/configuracao seja preservado ou migrado"
Figuras\Lavfacil\MarcaBlue Man.bmp,.bmp,10638,2011-01-22T07:52:00,logos/figuras,"alta, desde que caminho/configuracao seja preservado ou migrado"
Figuras\Lavfacil\MarcaBon Ton.bmp,.bmp,10442,2010-08-11T13:42:36,logos/figuras,"alta, desde que caminho/configuracao seja preservado ou migrado"
Figuras\Lavfacil\MarcaBrooksfield.bmp,.bmp,10638,2010-04-22T12:50:22,logos/figuras,"alta, desde que caminho/configuracao seja preservado ou migrado"
Figuras\Lavfacil\MarcaBuddemeyer.bmp,.bmp,10638,2011-03-18T13:58:26,logos/figuras,"alta, desde que caminho/configuracao seja preservado ou migrado"
Figuras\Lavfacil\MarcaBuettner.bmp,.bmp,10638,2010-08-11T12:22:20,logos/figuras,"alta, desde que caminho/configuracao seja preservado ou migrado"
Figuras\Lavfacil\MarcaBugBee.bmp,.bmp,10638,2010-09-14T11:35:46,logos/figuras,"alta, desde que caminho/configuracao seja preservado ou migrado"
Figuras\Lavfacil\MarcaC&A.bmp,.bmp,10638,2010-04-23T07:37:44,logos/figuras,"alta, desde que caminho/configuracao seja preservado ou migrado"
Figuras\Lavfacil\MarcaCalfat.bmp,.bmp,10442,2010-08-11T14:02:28,logos/figuras,"alta, desde que caminho/configuracao seja preservado ou migrado"
Figuras\Lavfacil\MarcaCALVIN KLAIN.bmp,.bmp,10638,2010-04-23T07:42:12,logos/figuras,"alta, desde que caminho/configuracao seja preservado ou migrado"
Figuras\Lavfacil\MarcaCalvin Klein.bmp,.bmp,10638,2010-04-23T07:42:12,logos/figuras,"alta, desde que caminho/configuracao seja preservado ou migrado"
Figuras\Lavfacil\MarcaCasa das Calcinhas.bmp,.bmp,10638,2010-09-14T11:14:24,logos/figuras,"alta, desde que caminho/configuracao seja preservado ou migrado"
Figuras\Lavfacil\MarcaCasa Moyses.bmp,.bmp,10638,2011-03-18T14:03:06,logos/figuras,"alta, desde que caminho/configuracao seja preservado ou migrado"
Figuras\Lavfacil\MarcaCasa.bmp,.bmp,10638,2011-03-16T06:36:46,logos/figuras,"alta, desde que caminho/configuracao seja preservado ou migrado"
Figuras\Lavfacil\MarcaCativa Kids.bmp,.bmp,10638,2010-09-14T11:34:28,logos/figuras,"alta, desde que caminho/configuracao seja preservado ou migrado"
Figuras\Lavfacil\MarcaCavalera.bmp,.bmp,10638,2010-04-23T08:27:58,logos/figuras,"alta, desde que caminho/configuracao seja preservado ou migrado"
Figuras\Lavfacil\MarcaCentral Surf.bmp,.bmp,10638,2010-09-14T07:28:38,logos/figuras,"alta, desde que caminho/configuracao seja preservado ou migrado"
Figuras\Lavfacil\MarcaCia das Flores.bmp,.bmp,10638,2010-09-14T11:15:50,logos/figuras,"alta, desde que caminho/configuracao seja preservado ou migrado"
Figuras\Lavfacil\MarcaCNS.bmp,.bmp,10638,2010-04-23T07:45:54,logos/figuras,"alta, desde que caminho/configuracao seja preservado ou migrado"
Figuras\Lavfacil\MarcaCokau.bmp,.bmp,10638,2010-04-23T07:57:44,logos/figuras,"alta, desde que caminho/configuracao seja preservado ou migrado"
Figuras\Lavfacil\MarcaColcci.bmp,.bmp,10638,2010-04-23T08:26:36,logos/figuras,"alta, desde que caminho/configuracao seja preservado ou migrado"
Figuras\Lavfacil\MarcaColombo.bmp,.bmp,10638,2011-03-25T12:27:56,logos/figuras,"alta, desde que caminho/configuracao seja preservado ou migrado"
Figuras\Lavfacil\MarcaCopa & Cia.bmp,.bmp,10442,2010-08-11T12:46:28,logos/figuras,"alta, desde que caminho/configuracao seja preservado ou migrado"
Figuras\Lavfacil\MarcaCor de Rosa.bmp,.bmp,10638,2011-03-29T14:20:40,logos/figuras,"alta, desde que caminho/configuracao seja preservado ou migrado"
Figuras\Lavfacil\MarcaCori.bmp,.bmp,14096,2011-02-15T08:18:34,logos/figuras,"alta, desde que caminho/configuracao seja preservado ou migrado"
Figuras\Lavfacil\MarcaCrawford.bmp,.bmp,14096,2011-02-15T07:52:36,logos/figuras,"alta, desde que caminho/configuracao seja preservado ou migrado"
Figuras\Lavfacil\MarcaCriatiff.bmp,.bmp,10638,2010-09-14T11:31:10,logos/figuras,"alta, desde que caminho/configuracao seja preservado ou migrado"
Figuras\Lavfacil\MarcaCriativa.bmp,.bmp,10638,2010-09-14T11:32:04,logos/figuras,"alta, desde que caminho/configuracao seja preservado ou migrado"
Figuras\Lavfacil\MarcaDaslu.bmp,.bmp,10638,2010-04-22T14:07:52,logos/figuras,"alta, desde que caminho/configuracao seja preservado ou migrado"
Figuras\Lavfacil\MarcaDC Shoes.bmp,.bmp,10638,2010-09-14T13:34:12,logos/figuras,"alta, desde que caminho/configuracao seja preservado ou migrado"
Figuras\Lavfacil\MarcaDeny.bmp,.bmp,10638,2010-09-14T09:50:24,logos/figuras,"alta, desde que caminho/configuracao seja preservado ou migrado"
Figuras\Lavfacil\MarcaDiadora.bmp,.bmp,14096,2011-01-11T04:59:54,logos/figuras,"alta, desde que caminho/configuracao seja preservado ou migrado"
Figuras\Lavfacil\MarcaDiesel.bmp,.bmp,10638,2010-04-23T07:31:04,logos/figuras,"alta, desde que caminho/configuracao seja preservado ou migrado"
Figuras\Lavfacil\MarcaDohler.bmp,.bmp,10442,2010-08-11T13:01:44,logos/figuras,"alta, desde que caminho/configuracao seja preservado ou migrado"
Figuras\Lavfacil\MarcaDolce Gabbana.bmp,.bmp,10638,2010-04-22T12:55:36,logos/figuras,"alta, desde que caminho/configuracao seja preservado ou migrado"
Figuras\Lavfacil\MarcaDonna Karan.bmp,.bmp,10638,2010-09-14T09:54:02,logos/figuras,"alta, desde que caminho/configuracao seja preservado ou migrado"
Figuras\Lavfacil\MarcaDorinho's.bmp,.bmp,10638,2011-03-31T14:40:30,logos/figuras,"alta, desde que caminho/configuracao seja preservado ou migrado"
Figuras\Lavfacil\MarcaDu Omo.bmp,.bmp,14096,2011-02-21T08:43:26,logos/figuras,"alta, desde que caminho/configuracao seja preservado ou migrado"
Figuras\Lavfacil\MarcaDudalina.bmp,.bmp,10638,2011-03-28T09:09:36,logos/figuras,"alta, desde que caminho/configuracao seja preservado ou migrado"
Figuras\Lavfacil\MarcaDuoflex.bmp,.bmp,10442,2010-08-11T13:20:04,logos/figuras,"alta, desde que caminho/configuracao seja preservado ou migrado"
Figuras\Lavfacil\MarcaDzarm.bmp,.bmp,10638,2010-09-14T11:33:36,logos/figuras,"alta, desde que caminho/configuracao seja preservado ou migrado"
Figuras\Lavfacil\MarcaECKO.bmp,.bmp,10638,2010-04-23T07:48:10,logos/figuras,"alta, desde que caminho/configuracao seja preservado ou migrado"
Figuras\Lavfacil\MarcaElement.bmp,.bmp,14096,2011-01-11T05:02:58,logos/figuras,"alta, desde que caminho/configuracao seja preservado ou migrado"
Figuras\Lavfacil\MarcaEllus.bmp,.bmp,10638,2010-04-23T08:30:10,logos/figuras,"alta, desde que caminho/configuracao seja preservado ou migrado"
Figuras\Lavfacil\MarcaEmporio Armani.bmp,.bmp,10638,2010-04-23T07:22:18,logos/figuras,"alta, desde que caminho/configuracao seja preservado ou migrado"
Figuras\Lavfacil\MarcaEnckounit.bmp,.bmp,14096,2011-01-11T05:08:24,logos/figuras,"alta, desde que caminho/configuracao seja preservado ou migrado"
Figuras\Lavfacil\MarcaErmenegildo Zegna.bmp,.bmp,10638,2010-04-22T15:06:10,logos/figuras,"alta, desde que caminho/configuracao seja preservado ou migrado"
Figuras\Lavfacil\MarcaErva Doce.bmp,.bmp,10638,2010-09-14T13:06:58,logos/figuras,"alta, desde que caminho/configuracao seja preservado ou migrado"
Figuras\Lavfacil\MarcaEverlast.bmp,.bmp,10638,2010-04-23T08:31:34,logos/figuras,"alta, desde que caminho/configuracao seja preservado ou migrado"
Figuras\Lavfacil\MarcaFairmont.bmp,.bmp,10638,2010-09-14T10:03:14,logos/figuras,"alta, desde que caminho/configuracao seja preservado ou migrado"
Figuras\Lavfacil\MarcaFibrasca.bmp,.bmp,10442,2010-08-11T14:04:06,logos/figuras,"alta, desde que caminho/configuracao seja preservado ou migrado"
Figuras\Lavfacil\MarcaFila.bmp,.bmp,14096,2011-01-11T05:10:22,logos/figuras,"alta, desde que caminho/configuracao seja preservado ou migrado"
Figuras\Lavfacil\MarcaFillity.bmp,.bmp,14096,2011-02-16T12:46:46,logos/figuras,"alta, desde que caminho/configuracao seja preservado ou migrado"
Figuras\Lavfacil\MarcaForum.bmp,.bmp,10638,2011-03-28T14:47:28,logos/figuras,"alta, desde que caminho/configuracao seja preservado ou migrado"
Figuras\Lavfacil\MarcaGap.bmp,.bmp,10638,2010-04-23T07:59:18,logos/figuras,"alta, desde que caminho/configuracao seja preservado ou migrado"
Figuras\Lavfacil\MarcaGarbo.bmp,.bmp,10638,2011-03-28T09:15:38,logos/figuras,"alta, desde que caminho/configuracao seja preservado ou migrado"
Figuras\Lavfacil\MarcaGregory.bmp,.bmp,10638,2011-03-30T13:19:30,logos/figuras,"alta, desde que caminho/configuracao seja preservado ou migrado"
Figuras\Lavfacil\MarcaGuarana Brasil.bmp,.bmp,10638,2010-04-23T07:54:40,logos/figuras,"alta, desde que caminho/configuracao seja preservado ou migrado"
Figuras\Lavfacil\MarcaGucci.bmp,.bmp,10638,2010-04-23T07:44:54,logos/figuras,"alta, desde que caminho/configuracao seja preservado ou migrado"
Figuras\Lavfacil\MarcaGuess.bmp,.bmp,10638,2010-04-23T08:32:52,logos/figuras,"alta, desde que caminho/configuracao seja preservado ou migrado"
Figuras\Lavfacil\MarcaHarry's.bmp,.bmp,10638,2011-03-30T15:26:24,logos/figuras,"alta, desde que caminho/configuracao seja preservado ou migrado"
Figuras\Lavfacil\MarcaHering.bmp,.bmp,10638,2010-04-23T07:39:30,logos/figuras,"alta, desde que caminho/configuracao seja preservado ou migrado"
Figuras\Lavfacil\MarcaHugo Boss.bmp,.bmp,10638,2010-04-22T12:59:54,logos/figuras,"alta, desde que caminho/configuracao seja preservado ou migrado"
Figuras\Lavfacil\MarcaIndividual.bmp,.bmp,10638,2011-03-28T09:19:58,logos/figuras,"alta, desde que caminho/configuracao seja preservado ou migrado"
Figuras\Lavfacil\MarcaJoao Andante.bmp,.bmp,10638,2010-09-14T11:38:52,logos/figuras,"alta, desde que caminho/configuracao seja preservado ou migrado"
Figuras\Lavfacil\MarcaJovitex.bmp,.bmp,10442,2010-08-11T14:07:34,logos/figuras,"alta, desde que caminho/configuracao seja preservado ou migrado"
Figuras\Lavfacil\MarcaKacyumara.bmp,.bmp,10442,2010-08-11T14:09:56,logos/figuras,"alta, desde que caminho/configuracao seja preservado ou migrado"
Figuras\Lavfacil\MarcaKappa.bmp,.bmp,10638,2010-04-23T08:34:04,logos/figuras,"alta, desde que caminho/configuracao seja preservado ou migrado"
Figuras\Lavfacil\MarcaKarsten.bmp,.bmp,10442,2010-08-11T12:54:46,logos/figuras,"alta, desde que caminho/configuracao seja preservado ou migrado"
Figuras\Lavfacil\MarcaKhelf.bmp,.bmp,10638,2010-09-14T11:41:44,logos/figuras,"alta, desde que caminho/configuracao seja preservado ou migrado"
Figuras\Lavfacil\MarcaLacoste.bmp,.bmp,10638,2010-04-22T16:01:02,logos/figuras,"alta, desde que caminho/configuracao seja preservado ou migrado"
Figuras\Lavfacil\MarcaLe Lis BLanc.bmp,.bmp,10638,2010-04-22T14:27:56,logos/figuras,"alta, desde que caminho/configuracao seja preservado ou migrado"
Figuras\Lavfacil\MarcaLee.bmp,.bmp,10638,2010-04-22T13:03:12,logos/figuras,"alta, desde que caminho/configuracao seja preservado ou migrado"
Figuras\Lavfacil\MarcaLepper.bmp,.bmp,10442,2010-08-11T13:15:04,logos/figuras,"alta, desde que caminho/configuracao seja preservado ou migrado"
Figuras\Lavfacil\MarcaLevis.bmp,.bmp,10638,2010-04-22T13:02:00,logos/figuras,"alta, desde que caminho/configuracao seja preservado ou migrado"
Figuras\Lavfacil\MarcaLilica & Tiger.bmp,.bmp,10638,2010-09-14T13:06:24,logos/figuras,"alta, desde que caminho/configuracao seja preservado ou migrado"
Figuras\Lavfacil\MarcaLotto.bmp,.bmp,14096,2011-01-11T05:14:52,logos/figuras,"alta, desde que caminho/configuracao seja preservado ou migrado"
Figuras\Lavfacil\MarcaLtna.bmp,.bmp,10638,2011-03-25T14:55:34,logos/figuras,"alta, desde que caminho/configuracao seja preservado ou migrado"
Figuras\Lavfacil\MarcaLuigi Bertolli.bmp,.bmp,10638,2010-04-23T06:56:32,logos/figuras,"alta, desde que caminho/configuracao seja preservado ou migrado"
Figuras\Lavfacil\MarcaM Martan.bmp,.bmp,10638,2010-04-23T08:36:10,logos/figuras,"alta, desde que caminho/configuracao seja preservado ou migrado"
Figuras\Lavfacil\MarcaM. Officer.bmp,.bmp,10638,2010-04-22T15:56:08,logos/figuras,"alta, desde que caminho/configuracao seja preservado ou migrado"
Figuras\Lavfacil\MarcaMandi.bmp,.bmp,10638,2011-03-29T15:25:28,logos/figuras,"alta, desde que caminho/configuracao seja preservado ou migrado"
Figuras\Lavfacil\MarcaMarciano.bmp,.bmp,10638,2011-03-31T13:44:18,logos/figuras,"alta, desde que caminho/configuracao seja preservado ou migrado"
Figuras\Lavfacil\MarcaMaresia.bmp,.bmp,10638,2010-09-14T13:15:24,logos/figuras,"alta, desde que caminho/configuracao seja preservado ou migrado"
Figuras\Lavfacil\MarcaMarie Claire.bmp,.bmp,10638,2011-03-31T13:27:50,logos/figuras,"alta, desde que caminho/configuracao seja preservado ou migrado"
Figuras\Lavfacil\MarcaMarisol.bmp,.bmp,10638,2010-09-14T13:16:18,logos/figuras,"alta, desde que caminho/configuracao seja preservado ou migrado"
Figuras\Lavfacil\MarcaMarlene Enxovais.bmp,.bmp,10638,2011-03-16T06:23:46,logos/figuras,"alta, desde que caminho/configuracao seja preservado ou migrado"
Figuras\Lavfacil\MarcaMash.bmp,.bmp,10638,2011-03-16T06:34:00,logos/figuras,"alta, desde que caminho/configuracao seja preservado ou migrado"
Figuras\Lavfacil\MarcaMiss Victoria.bmp,.bmp,10638,2011-03-30T11:37:02,logos/figuras,"alta, desde que caminho/configuracao seja preservado ou migrado"
Figuras\Lavfacil\MarcaMizuno.bmp,.bmp,14096,2011-01-11T05:56:02,logos/figuras,"alta, desde que caminho/configuracao seja preservado ou migrado"
Figuras\Lavfacil\MarcaMr Kitsch.bmp,.bmp,10638,2011-03-25T12:32:14,logos/figuras,"alta, desde que caminho/configuracao seja preservado ou migrado"
Figuras\Lavfacil\MarcaNews Balance.bmp,.bmp,14096,2011-01-11T05:19:20,logos/figuras,"alta, desde que caminho/configuracao seja preservado ou migrado"
Figuras\Lavfacil\MarcaNicoboco.bmp,.bmp,10638,2010-09-14T13:17:52,logos/figuras,"alta, desde que caminho/configuracao seja preservado ou migrado"
Figuras\Lavfacil\MarcaNike.bmp,.bmp,14096,2011-01-11T05:20:26,logos/figuras,"alta, desde que caminho/configuracao seja preservado ou migrado"
Figuras\Lavfacil\MarcaNovad.bmp,.bmp,10638,2011-03-29T11:22:36,logos/figuras,"alta, desde que caminho/configuracao seja preservado ou migrado"
Figuras\Lavfacil\MarcaOakley.bmp,.bmp,14096,2011-01-11T05:21:40,logos/figuras,"alta, desde que caminho/configuracao seja preservado ou migrado"
Figuras\Lavfacil\MarcaOlympikus.bmp,.bmp,14096,2011-01-11T05:26:42,logos/figuras,"alta, desde que caminho/configuracao seja preservado ou migrado"
Figuras\Lavfacil\MarcaOnbongo.bmp,.bmp,10638,2010-09-14T13:20:36,logos/figuras,"alta, desde que caminho/configuracao seja preservado ou migrado"
Figuras\Lavfacil\MarcaOpera Rock.bmp,.bmp,10638,2010-04-22T15:25:46,logos/figuras,"alta, desde que caminho/configuracao seja preservado ou migrado"
Figuras\Lavfacil\MarcaPakalolo.bmp,.bmp,10638,2010-09-14T13:27:04,logos/figuras,"alta, desde que caminho/configuracao seja preservado ou migrado"
Figuras\Lavfacil\MarcaPenalty.bmp,.bmp,14096,2011-01-11T05:27:50,logos/figuras,"alta, desde que caminho/configuracao seja preservado ou migrado"
Figuras\Lavfacil\MarcaPierre Cardin.bmp,.bmp,10638,2010-09-14T13:26:12,logos/figuras,"alta, desde que caminho/configuracao seja preservado ou migrado"
Figuras\Lavfacil\MarcaPlasma.bmp,.bmp,14096,2011-01-11T05:29:32,logos/figuras,"alta, desde que caminho/configuracao seja preservado ou migrado"
Figuras\Lavfacil\MarcaPlumasul.bmp,.bmp,10442,2010-08-11T13:24:02,logos/figuras,"alta, desde que caminho/configuracao seja preservado ou migrado"
Figuras\Lavfacil\MarcaPolo By Kim.bmp,.bmp,10638,2010-04-23T09:20:56,logos/figuras,"alta, desde que caminho/configuracao seja preservado ou migrado"
Figuras\Lavfacil\MarcaPuma.bmp,.bmp,14096,2011-01-11T05:30:36,logos/figuras,"alta, desde que caminho/configuracao seja preservado ou migrado"
Figuras\Lavfacil\MarcaQuiksilver.bmp,.bmp,10638,2010-09-14T10:14:30,logos/figuras,"alta, desde que caminho/configuracao seja preservado ou migrado"
Figuras\Lavfacil\MarcaRainha.bmp,.bmp,14096,2011-01-11T05:31:32,logos/figuras,"alta, desde que caminho/configuracao seja preservado ou migrado"
Figuras\Lavfacil\MarcaRauph Lauren.bmp,.bmp,10638,2010-09-14T10:12:00,logos/figuras,"alta, desde que caminho/configuracao seja preservado ou migrado"
Figuras\Lavfacil\MarcaRednose.bmp,.bmp,14096,2011-01-11T05:48:54,logos/figuras,"alta, desde que caminho/configuracao seja preservado ou migrado"
Figuras\Lavfacil\MarcaReebok.bmp,.bmp,14096,2011-01-11T05:51:20,logos/figuras,"alta, desde que caminho/configuracao seja preservado ou migrado"
Figuras\Lavfacil\MarcaRicardo Almeida.bmp,.bmp,10638,2010-04-22T15:19:54,logos/figuras,"alta, desde que caminho/configuracao seja preservado ou migrado"
Figuras\Lavfacil\MarcaRichards.bmp,.bmp,14096,2011-02-16T12:24:42,logos/figuras,"alta, desde que caminho/configuracao seja preservado ou migrado"
Figuras\Lavfacil\MarcaRip Curl.bmp,.bmp,14096,2011-01-11T05:57:22,logos/figuras,"alta, desde que caminho/configuracao seja preservado ou migrado"
Figuras\Lavfacil\MarcaSantista.bmp,.bmp,10442,2010-08-11T12:49:08,logos/figuras,"alta, desde que caminho/configuracao seja preservado ou migrado"
Figuras\Lavfacil\MarcaSao Carlos.bmp,.bmp,10442,2010-08-11T13:07:14,logos/figuras,"alta, desde que caminho/configuracao seja preservado ou migrado"
Figuras\Lavfacil\MarcaScavone.bmp,.bmp,10442,2010-08-11T13:26:42,logos/figuras,"alta, desde que caminho/configuracao seja preservado ou migrado"
Figuras\Lavfacil\MarcaShoulder.bmp,.bmp,10638,2010-04-23T07:18:56,logos/figuras,"alta, desde que caminho/configuracao seja preservado ou migrado"
Figuras\Lavfacil\MarcaSiberian.bmp,.bmp,10638,2011-03-25T12:38:28,logos/figuras,"alta, desde que caminho/configuracao seja preservado ou migrado"
Figuras\Lavfacil\MarcaSidewalk.bmp,.bmp,10638,2010-09-14T13:30:10,logos/figuras,"alta, desde que caminho/configuracao seja preservado ou migrado"
Figuras\Lavfacil\MarcaSquare.bmp,.bmp,10638,2010-04-22T14:47:30,logos/figuras,"alta, desde que caminho/configuracao seja preservado ou migrado"
Figuras\Lavfacil\MarcaSultan.bmp,.bmp,10638,2011-03-25T12:14:30,logos/figuras,"alta, desde que caminho/configuracao seja preservado ou migrado"
Figuras\Lavfacil\MarcaTable.bmp,.bmp,10442,2010-08-11T12:58:06,logos/figuras,"alta, desde que caminho/configuracao seja preservado ou migrado"
Figuras\Lavfacil\MarcaTeka.bmp,.bmp,10442,2010-08-11T14:14:20,logos/figuras,"alta, desde que caminho/configuracao seja preservado ou migrado"
Figuras\Lavfacil\MarcaTimberland.bmp,.bmp,14096,2011-02-16T12:32:02,logos/figuras,"alta, desde que caminho/configuracao seja preservado ou migrado"
Figuras\Lavfacil\MarcaTNG.bmp,.bmp,10638,2010-04-22T13:18:36,logos/figuras,"alta, desde que caminho/configuracao seja preservado ou migrado"
Figuras\Lavfacil\MarcaTommy Hylifgier.bmp,.bmp,10638,2010-04-22T14:56:00,logos/figuras,"alta, desde que caminho/configuracao seja preservado ou migrado"
Figuras\Lavfacil\MarcaTopper.bmp,.bmp,14096,2011-01-11T05:59:14,logos/figuras,"alta, desde que caminho/configuracao seja preservado ou migrado"
Figuras\Lavfacil\MarcaTrembala.bmp,.bmp,10638,2010-09-14T10:08:14,logos/figuras,"alta, desde que caminho/configuracao seja preservado ou migrado"
Figuras\Lavfacil\MarcaTrussardi.bmp,.bmp,10442,2010-08-11T14:17:00,logos/figuras,"alta, desde que caminho/configuracao seja preservado ou migrado"
Figuras\Lavfacil\MarcaTweed.bmp,.bmp,14096,2011-02-16T12:58:38,logos/figuras,"alta, desde que caminho/configuracao seja preservado ou migrado"
Figuras\Lavfacil\MarcaTyrol.bmp,.bmp,10638,2010-09-14T10:06:48,logos/figuras,"alta, desde que caminho/configuracao seja preservado ou migrado"
Figuras\Lavfacil\MarcaUmbro.bmp,.bmp,14096,2011-01-11T06:00:16,logos/figuras,"alta, desde que caminho/configuracao seja preservado ou migrado"
Figuras\Lavfacil\Marcavazio.bmp,.bmp,14096,2006-09-21T10:31:24,logos/figuras,"alta, desde que caminho/configuracao seja preservado ou migrado"
Figuras\Lavfacil\MarcaVia Veneto.bmp,.bmp,10638,2010-04-23T07:28:26,logos/figuras,"alta, desde que caminho/configuracao seja preservado ou migrado"
Figuras\Lavfacil\MarcaVila Romana.bmp,.bmp,10638,2010-04-22T15:33:42,logos/figuras,"alta, desde que caminho/configuracao seja preservado ou migrado"
Figuras\Lavfacil\MarcaVioleta.bmp,.bmp,10638,2010-09-14T11:02:36,logos/figuras,"alta, desde que caminho/configuracao seja preservado ou migrado"
Figuras\Lavfacil\MarcaVive Leroa.bmp,.bmp,10638,2011-04-26T11:43:36,logos/figuras,"alta, desde que caminho/configuracao seja preservado ou migrado"
Figuras\Lavfacil\MarcaVolcom.bmp,.bmp,10638,2010-09-14T13:35:06,logos/figuras,"alta, desde que caminho/configuracao seja preservado ou migrado"
Figuras\Lavfacil\MarcaVR.bmp,.bmp,10638,2011-03-25T13:03:14,logos/figuras,"alta, desde que caminho/configuracao seja preservado ou migrado"
Figuras\Lavfacil\MarcaWilson.bmp,.bmp,14096,2011-01-11T06:01:44,logos/figuras,"alta, desde que caminho/configuracao seja preservado ou migrado"
Figuras\Lavfacil\MarcaWrangler.bmp,.bmp,10638,2011-01-22T08:32:28,logos/figuras,"alta, desde que caminho/configuracao seja preservado ou migrado"
Figuras\Lavfacil\MarcaYves Saint Laurence.bmp,.bmp,10638,2011-01-22T08:13:54,logos/figuras,"alta, desde que caminho/configuracao seja preservado ou migrado"
Figuras\Lavfacil\MarcaZara.bmp,.bmp,10638,2010-04-22T13:44:36,logos/figuras,"alta, desde que caminho/configuracao seja preservado ou migrado"
Figuras\Lavfacil\MarcaZelo.bmp,.bmp,10638,2011-03-16T06:28:08,logos/figuras,"alta, desde que caminho/configuracao seja preservado ou migrado"
Figuras\Lavfacil\MarcaZoomp.bmp,.bmp,10638,2010-04-23T09:22:40,logos/figuras,"alta, desde que caminho/configuracao seja preservado ou migrado"
Figuras\Lavfacil\MarcaZorba.bmp,.bmp,10638,2011-03-16T06:31:20,logos/figuras,"alta, desde que caminho/configuracao seja preservado ou migrado"
Figuras\Lavfacil\prazo0.bmp,.bmp,13880,2006-08-14T11:00:40,logos/figuras,"alta, desde que caminho/configuracao seja preservado ou migrado"
Figuras\Lavfacil\prazo1.bmp,.bmp,14096,2006-09-20T08:10:22,logos/figuras,"alta, desde que caminho/configuracao seja preservado ou migrado"
Figuras\Lavfacil\prazo10.bmp,.bmp,13880,2006-08-14T11:00:40,logos/figuras,"alta, desde que caminho/configuracao seja preservado ou migrado"
Figuras\Lavfacil\prazo11.bmp,.bmp,13880,2006-08-14T11:00:40,logos/figuras,"alta, desde que caminho/configuracao seja preservado ou migrado"
Figuras\Lavfacil\prazo12.bmp,.bmp,13880,2006-08-14T11:00:40,logos/figuras,"alta, desde que caminho/configuracao seja preservado ou migrado"
Figuras\Lavfacil\prazo13.bmp,.bmp,13880,2006-08-14T11:00:40,logos/figuras,"alta, desde que caminho/configuracao seja preservado ou migrado"
Figuras\Lavfacil\prazo14.bmp,.bmp,13880,2006-08-14T11:00:40,logos/figuras,"alta, desde que caminho/configuracao seja preservado ou migrado"
Figuras\Lavfacil\prazo15.bmp,.bmp,13880,2006-08-14T11:00:40,logos/figuras,"alta, desde que caminho/configuracao seja preservado ou migrado"
Figuras\Lavfacil\prazo16.bmp,.bmp,13880,2006-08-14T11:00:40,logos/figuras,"alta, desde que caminho/configuracao seja preservado ou migrado"
Figuras\Lavfacil\prazo17.bmp,.bmp,13880,2006-08-14T11:00:40,logos/figuras,"alta, desde que caminho/configuracao seja preservado ou migrado"
Figuras\Lavfacil\prazo18.bmp,.bmp,13880,2006-08-14T11:00:42,logos/figuras,"alta, desde que caminho/configuracao seja preservado ou migrado"
Figuras\Lavfacil\prazo19.bmp,.bmp,13880,2006-08-14T11:00:42,logos/figuras,"alta, desde que caminho/configuracao seja preservado ou migrado"
Figuras\Lavfacil\prazo2.bmp,.bmp,13880,2006-08-14T11:00:42,logos/figuras,"alta, desde que caminho/configuracao seja preservado ou migrado"
Figuras\Lavfacil\prazo20.bmp,.bmp,13880,2006-08-14T11:00:42,logos/figuras,"alta, desde que caminho/configuracao seja preservado ou migrado"
Figuras\Lavfacil\prazo3.bmp,.bmp,13880,2006-08-14T11:00:42,logos/figuras,"alta, desde que caminho/configuracao seja preservado ou migrado"
Figuras\Lavfacil\prazo4.bmp,.bmp,13880,2006-08-14T11:00:42,logos/figuras,"alta, desde que caminho/configuracao seja preservado ou migrado"
Figuras\Lavfacil\prazo5.bmp,.bmp,13880,2006-08-14T11:00:42,logos/figuras,"alta, desde que caminho/configuracao seja preservado ou migrado"
Figuras\Lavfacil\prazo6.bmp,.bmp,13880,2006-08-14T11:00:42,logos/figuras,"alta, desde que caminho/configuracao seja preservado ou migrado"
Figuras\Lavfacil\prazo7.bmp,.bmp,13880,2006-08-14T11:00:42,logos/figuras,"alta, desde que caminho/configuracao seja preservado ou migrado"
Figuras\Lavfacil\prazo8.bmp,.bmp,13880,2006-08-14T11:00:42,logos/figuras,"alta, desde que caminho/configuracao seja preservado ou migrado"
Figuras\Lavfacil\prazo9.bmp,.bmp,13880,2006-08-14T11:00:42,logos/figuras,"alta, desde que caminho/configuracao seja preservado ou migrado"
Figuras\Lavfacil\Prod001.bmp,.bmp,14096,2006-09-21T15:38:18,logos/figuras,"alta, desde que caminho/configuracao seja preservado ou migrado"
Figuras\Lavfacil\Prod002.bmp,.bmp,14096,2006-09-21T15:22:10,logos/figuras,"alta, desde que caminho/configuracao seja preservado ou migrado"
Figuras\Lavfacil\Prod003.BMP,.bmp,10640,2006-09-13T15:25:46,logos/figuras,"alta, desde que caminho/configuracao seja preservado ou migrado"
Figuras\Lavfacil\Prod004.bmp,.bmp,14096,2006-09-21T16:40:10,logos/figuras,"alta, desde que caminho/configuracao seja preservado ou migrado"
Figuras\Lavfacil\Prod005.bmp,.bmp,14096,2006-09-21T16:43:56,logos/figuras,"alta, desde que caminho/configuracao seja preservado ou migrado"
Figuras\Lavfacil\Prod006.bmp,.bmp,14096,2006-09-21T15:15:14,logos/figuras,"alta, desde que caminho/configuracao seja preservado ou migrado"
Figuras\Lavfacil\Prod007.BMP,.bmp,10640,2006-09-11T18:44:36,logos/figuras,"alta, desde que caminho/configuracao seja preservado ou migrado"
Figuras\Lavfacil\Prod008.BMP,.bmp,14096,2006-08-25T12:27:54,logos/figuras,"alta, desde que caminho/configuracao seja preservado ou migrado"
Figuras\Lavfacil\Prod009.bmp,.bmp,14096,2006-09-08T11:08:04,logos/figuras,"alta, desde que caminho/configuracao seja preservado ou migrado"
Figuras\Lavfacil\Prod010.bmp,.bmp,14096,2006-08-25T14:20:50,logos/figuras,"alta, desde que caminho/configuracao seja preservado ou migrado"
Figuras\Lavfacil\Prod011.bmp,.bmp,9830,2011-08-18T11:23:32,logos/figuras,"alta, desde que caminho/configuracao seja preservado ou migrado"
Figuras\Lavfacil\Prod012.bmp,.bmp,14576,2007-08-15T16:16:14,logos/figuras,"alta, desde que caminho/configuracao seja preservado ou migrado"
Figuras\Lavfacil\Prod013.bmp,.bmp,9830,2011-08-18T10:59:54,logos/figuras,"alta, desde que caminho/configuracao seja preservado ou migrado"
Figuras\Lavfacil\Prod014.BMP,.bmp,10640,2006-09-11T18:43:26,logos/figuras,"alta, desde que caminho/configuracao seja preservado ou migrado"
Figuras\Lavfacil\Prod015.bmp,.bmp,14096,2006-09-21T17:22:26,logos/figuras,"alta, desde que caminho/configuracao seja preservado ou migrado"
Figuras\Lavfacil\Prod016.bmp,.bmp,10638,2007-08-25T11:05:18,logos/figuras,"alta, desde que caminho/configuracao seja preservado ou migrado"
Figuras\Lavfacil\prod017.bmp,.bmp,14096,2006-09-21T17:08:54,logos/figuras,"alta, desde que caminho/configuracao seja preservado ou migrado"
Figuras\Lavfacil\Prod018.bmp,.bmp,14096,2006-09-21T16:47:58,logos/figuras,"alta, desde que caminho/configuracao seja preservado ou migrado"
Figuras\Lavfacil\Prod019.bmp,.bmp,14096,2006-08-25T15:15:56,logos/figuras,"alta, desde que caminho/configuracao seja preservado ou migrado"
Figuras\Lavfacil\prod020.bmp,.bmp,10638,2007-08-07T12:20:48,logos/figuras,"alta, desde que caminho/configuracao seja preservado ou migrado"
Figuras\Lavfacil\Prod021.BMP,.bmp,10640,2006-09-08T18:31:14,logos/figuras,"alta, desde que caminho/configuracao seja preservado ou migrado"
Figuras\Lavfacil\Prod022.bmp,.bmp,14096,2006-09-25T20:19:56,logos/figuras,"alta, desde que caminho/configuracao seja preservado ou migrado"
Figuras\Lavfacil\Prod023.BMP,.bmp,10640,2006-09-18T08:37:44,logos/figuras,"alta, desde que caminho/configuracao seja preservado ou migrado"
Figuras\Lavfacil\Prod024.bmp,.bmp,14096,2006-08-27T15:45:46,logos/figuras,"alta, desde que caminho/configuracao seja preservado ou migrado"
Figuras\Lavfacil\Prod025.bmp,.bmp,14096,2006-08-28T19:08:06,logos/figuras,"alta, desde que caminho/configuracao seja preservado ou migrado"
Figuras\Lavfacil\Prod026.bmp,.bmp,11054,2007-08-25T10:45:00,logos/figuras,"alta, desde que caminho/configuracao seja preservado ou migrado"
Figuras\Lavfacil\Prod027.bmp,.bmp,14576,2007-08-09T17:47:42,logos/figuras,"alta, desde que caminho/configuracao seja preservado ou migrado"
Figuras\Lavfacil\Prod028.bmp,.bmp,14576,2007-08-09T17:47:22,logos/figuras,"alta, desde que caminho/configuracao seja preservado ou migrado"
Figuras\Lavfacil\Prod029.BMP,.bmp,10640,2006-09-08T18:26:26,logos/figuras,"alta, desde que caminho/configuracao seja preservado ou migrado"
Figuras\Lavfacil\Prod030.bmp,.bmp,10638,2007-08-07T12:22:32,logos/figuras,"alta, desde que caminho/configuracao seja preservado ou migrado"
Figuras\Lavfacil\Prod031.bmp,.bmp,14096,2006-08-28T11:06:56,logos/figuras,"alta, desde que caminho/configuracao seja preservado ou migrado"
Figuras\Lavfacil\Prod032.bmp,.bmp,14576,2007-08-07T10:13:18,logos/figuras,"alta, desde que caminho/configuracao seja preservado ou migrado"
Figuras\Lavfacil\Prod033.bmp,.bmp,10638,2007-11-21T13:14:24,logos/figuras,"alta, desde que caminho/configuracao seja preservado ou migrado"
Figuras\Lavfacil\Prod034.bmp,.bmp,14576,2007-08-08T15:34:50,logos/figuras,"alta, desde que caminho/configuracao seja preservado ou migrado"
Figuras\Lavfacil\Prod035.bmp,.bmp,14576,2007-08-07T10:13:18,logos/figuras,"alta, desde que caminho/configuracao seja preservado ou migrado"
Figuras\Lavfacil\Prod036.bmp,.bmp,10638,2008-06-27T19:04:40,logos/figuras,"alta, desde que caminho/configuracao seja preservado ou migrado"
Figuras\Lavfacil\Prod037.bmp,.bmp,14096,2006-08-28T19:10:24,logos/figuras,"alta, desde que caminho/configuracao seja preservado ou migrado"
Figuras\Lavfacil\prod038.bmp,.bmp,14096,2006-09-21T16:44:42,logos/figuras,"alta, desde que caminho/configuracao seja preservado ou migrado"
Figuras\Lavfacil\Prod039.bmp,.bmp,14576,2007-08-07T08:24:16,logos/figuras,"alta, desde que caminho/configuracao seja preservado ou migrado"
Figuras\Lavfacil\Prod040.bmp,.bmp,14576,2007-08-08T18:02:08,logos/figuras,"alta, desde que caminho/configuracao seja preservado ou migrado"
Figuras\Lavfacil\Prod041.bmp,.bmp,9830,2007-08-07T11:40:48,logos/figuras,"alta, desde que caminho/configuracao seja preservado ou migrado"
Figuras\Lavfacil\Prod042.bmp,.bmp,14096,2006-09-21T16:54:44,logos/figuras,"alta, desde que caminho/configuracao seja preservado ou migrado"
Figuras\Lavfacil\Prod043.BMP,.bmp,10640,2006-09-26T10:35:30,logos/figuras,"alta, desde que caminho/configuracao seja preservado ou migrado"
Figuras\Lavfacil\Prod044.bmp,.bmp,14576,2007-08-07T10:25:00,logos/figuras,"alta, desde que caminho/configuracao seja preservado ou migrado"
Figuras\Lavfacil\Prod045.bmp,.bmp,14576,2007-08-13T18:26:28,logos/figuras,"alta, desde que caminho/configuracao seja preservado ou migrado"
Figuras\Lavfacil\Prod046.bmp,.bmp,14576,2007-08-15T18:17:12,logos/figuras,"alta, desde que caminho/configuracao seja preservado ou migrado"
Figuras\Lavfacil\Prod047.BMP,.bmp,10640,2006-09-13T12:08:24,logos/figuras,"alta, desde que caminho/configuracao seja preservado ou migrado"
Figuras\Lavfacil\Prod048.bmp,.bmp,14096,2006-09-25T10:22:12,logos/figuras,"alta, desde que caminho/configuracao seja preservado ou migrado"
Figuras\Lavfacil\Prod049.bmp,.bmp,14096,2006-08-25T17:03:02,logos/figuras,"alta, desde que caminho/configuracao seja preservado ou migrado"
Figuras\Lavfacil\Prod050.bmp,.bmp,14576,2007-08-07T10:48:40,logos/figuras,"alta, desde que caminho/configuracao seja preservado ou migrado"
Figuras\Lavfacil\Prod051.bmp,.bmp,10638,2009-12-22T12:41:32,logos/figuras,"alta, desde que caminho/configuracao seja preservado ou migrado"
Figuras\Lavfacil\Prod052.bmp,.bmp,14096,2008-07-29T09:31:22,logos/figuras,"alta, desde que caminho/configuracao seja preservado ou migrado"
Figuras\Lavfacil\Prod053.BMP,.bmp,10640,2006-09-13T14:38:24,logos/figuras,"alta, desde que caminho/configuracao seja preservado ou migrado"
Figuras\Lavfacil\Prod054.bmp,.bmp,14576,2007-08-13T18:14:46,logos/figuras,"alta, desde que caminho/configuracao seja preservado ou migrado"
Figuras\Lavfacil\Prod055.bmp,.bmp,14576,2007-08-24T21:25:22,logos/figuras,"alta, desde que caminho/configuracao seja preservado ou migrado"
Figuras\Lavfacil\Prod056.bmp,.bmp,10638,2007-08-24T19:31:08,logos/figuras,"alta, desde que caminho/configuracao seja preservado ou migrado"
Figuras\Lavfacil\Prod057.bmp,.bmp,14096,2006-08-25T11:59:40,logos/figuras,"alta, desde que caminho/configuracao seja preservado ou migrado"
Figuras\Lavfacil\Prod058.bmp,.bmp,14096,2008-07-29T09:30:42,logos/figuras,"alta, desde que caminho/configuracao seja preservado ou migrado"
Figuras\Lavfacil\Prod059.bmp,.bmp,14096,2008-07-29T09:28:28,logos/figuras,"alta, desde que caminho/configuracao seja preservado ou migrado"
Figuras\Lavfacil\Prod060.bmp,.bmp,14576,2007-08-15T18:16:58,logos/figuras,"alta, desde que caminho/configuracao seja preservado ou migrado"
Figuras\Lavfacil\Prod061.bmp,.bmp,14576,2007-08-07T10:12:30,logos/figuras,"alta, desde que caminho/configuracao seja preservado ou migrado"
Figuras\Lavfacil\Prod062.bmp,.bmp,14576,2007-08-07T10:15:52,logos/figuras,"alta, desde que caminho/configuracao seja preservado ou migrado"
Figuras\Lavfacil\Prod063.bmp,.bmp,14576,2007-08-07T11:02:46,logos/figuras,"alta, desde que caminho/configuracao seja preservado ou migrado"
Figuras\Lavfacil\Prod064.bmp,.bmp,14576,2007-08-07T11:02:08,logos/figuras,"alta, desde que caminho/configuracao seja preservado ou migrado"
Figuras\Lavfacil\Prod065.bmp,.bmp,14096,2006-08-27T11:36:12,logos/figuras,"alta, desde que caminho/configuracao seja preservado ou migrado"
Figuras\Lavfacil\Prod066.bmp,.bmp,14096,2006-09-21T16:56:54,logos/figuras,"alta, desde que caminho/configuracao seja preservado ou migrado"
Figuras\Lavfacil\Prod067.bmp,.bmp,14576,2007-08-07T10:52:06,logos/figuras,"alta, desde que caminho/configuracao seja preservado ou migrado"
Figuras\Lavfacil\Prod068.bmp,.bmp,14576,2007-08-08T15:25:44,logos/figuras,"alta, desde que caminho/configuracao seja preservado ou migrado"
Figuras\Lavfacil\Prod069.bmp,.bmp,10640,2006-09-19T07:53:16,logos/figuras,"alta, desde que caminho/configuracao seja preservado ou migrado"
Figuras\Lavfacil\Prod070.bmp,.bmp,10638,2011-08-18T13:04:26,logos/figuras,"alta, desde que caminho/configuracao seja preservado ou migrado"
Figuras\Lavfacil\Prod071.bmp,.bmp,14096,2006-09-21T10:11:30,logos/figuras,"alta, desde que caminho/configuracao seja preservado ou migrado"
Figuras\Lavfacil\Prod072.bmp,.bmp,14576,2007-08-14T18:49:22,logos/figuras,"alta, desde que caminho/configuracao seja preservado ou migrado"
Figuras\Lavfacil\Prod073.bmp,.bmp,14576,2007-08-15T11:02:30,logos/figuras,"alta, desde que caminho/configuracao seja preservado ou migrado"
Figuras\Lavfacil\Prod074.bmp,.bmp,14576,2007-08-14T18:49:06,logos/figuras,"alta, desde que caminho/configuracao seja preservado ou migrado"
Figuras\Lavfacil\Prod075.bmp,.bmp,10638,2007-08-07T12:22:32,logos/figuras,"alta, desde que caminho/configuracao seja preservado ou migrado"
Figuras\Lavfacil\Prod076.bmp,.bmp,14576,2007-08-09T17:46:14,logos/figuras,"alta, desde que caminho/configuracao seja preservado ou migrado"
Figuras\Lavfacil\Prod077.bmp,.bmp,14096,2006-09-08T11:09:46,logos/figuras,"alta, desde que caminho/configuracao seja preservado ou migrado"
Figuras\Lavfacil\Prod078.bmp,.bmp,14096,2006-09-21T15:26:16,logos/figuras,"alta, desde que caminho/configuracao seja preservado ou migrado"
Figuras\Lavfacil\Prod079.bmp,.bmp,14576,2007-08-08T15:26:22,logos/figuras,"alta, desde que caminho/configuracao seja preservado ou migrado"
Figuras\Lavfacil\Prod080.bmp,.bmp,14096,2006-09-21T16:48:52,logos/figuras,"alta, desde que caminho/configuracao seja preservado ou migrado"
Figuras\Lavfacil\Prod081.BMP,.bmp,10640,2006-09-13T14:16:16,logos/figuras,"alta, desde que caminho/configuracao seja preservado ou migrado"
Figuras\Lavfacil\prod082.bmp,.bmp,10638,2009-05-19T10:56:46,logos/figuras,"alta, desde que caminho/configuracao seja preservado ou migrado"
Figuras\Lavfacil\Prod083.BMP,.bmp,10640,2006-09-13T14:13:24,logos/figuras,"alta, desde que caminho/configuracao seja preservado ou migrado"
Figuras\Lavfacil\Prod084.bmp,.bmp,11054,2011-08-18T14:46:34,logos/figuras,"alta, desde que caminho/configuracao seja preservado ou migrado"
Figuras\Lavfacil\Prod085.bmp,.bmp,14576,2007-08-13T18:25:26,logos/figuras,"alta, desde que caminho/configuracao seja preservado ou migrado"
Figuras\Lavfacil\Prod086.BMP,.bmp,10640,2006-09-08T17:58:02,logos/figuras,"alta, desde que caminho/configuracao seja preservado ou migrado"
Figuras\Lavfacil\Prod087.bmp,.bmp,14096,2006-08-25T14:27:18,logos/figuras,"alta, desde que caminho/configuracao seja preservado ou migrado"
Figuras\Lavfacil\Prod088.BMP,.bmp,10640,2006-09-13T16:18:32,logos/figuras,"alta, desde que caminho/configuracao seja preservado ou migrado"
Figuras\Lavfacil\Prod089.bmp,.bmp,14096,2006-08-25T14:27:52,logos/figuras,"alta, desde que caminho/configuracao seja preservado ou migrado"
Figuras\Lavfacil\Prod090.BMP,.bmp,10640,2006-09-18T10:55:14,logos/figuras,"alta, desde que caminho/configuracao seja preservado ou migrado"
Figuras\Lavfacil\Prod091.bmp,.bmp,14096,2006-08-25T17:01:38,logos/figuras,"alta, desde que caminho/configuracao seja preservado ou migrado"
Figuras\Lavfacil\Prod092.bmp,.bmp,14096,2006-09-21T15:27:04,logos/figuras,"alta, desde que caminho/configuracao seja preservado ou migrado"
Figuras\Lavfacil\Prod093.bmp,.bmp,14576,2007-08-14T18:49:38,logos/figuras,"alta, desde que caminho/configuracao seja preservado ou migrado"
Figuras\Lavfacil\Prod094.bmp,.bmp,14096,2011-03-17T07:13:12,logos/figuras,"alta, desde que caminho/configuracao seja preservado ou migrado"
Figuras\Lavfacil\Prod095.BMP,.bmp,10638,2008-08-19T11:18:04,logos/figuras,"alta, desde que caminho/configuracao seja preservado ou migrado"
Figuras\Lavfacil\Prod096.bmp,.bmp,10638,2007-07-09T15:36:08,logos/figuras,"alta, desde que caminho/configuracao seja preservado ou migrado"
Figuras\Lavfacil\Prod097.bmp,.bmp,14096,2006-09-21T10:06:52,logos/figuras,"alta, desde que caminho/configuracao seja preservado ou migrado"
Figuras\Lavfacil\Prod098.bmp,.bmp,14576,2007-08-07T10:16:28,logos/figuras,"alta, desde que caminho/configuracao seja preservado ou migrado"
Figuras\Lavfacil\Prod099.bmp,.bmp,14576,2007-08-13T18:25:46,logos/figuras,"alta, desde que caminho/configuracao seja preservado ou migrado"
Figuras\Lavfacil\Prod100.bmp,.bmp,14096,2006-09-05T15:47:44,logos/figuras,"alta, desde que caminho/configuracao seja preservado ou migrado"
Figuras\Lavfacil\Prod101.BMP,.bmp,10640,2006-09-11T18:59:28,logos/figuras,"alta, desde que caminho/configuracao seja preservado ou migrado"
Figuras\Lavfacil\Prod102.bmp,.bmp,14096,2006-09-25T10:26:14,logos/figuras,"alta, desde que caminho/configuracao seja preservado ou migrado"
Figuras\Lavfacil\Prod103.bmp,.bmp,14096,2006-09-21T09:56:50,logos/figuras,"alta, desde que caminho/configuracao seja preservado ou migrado"
Figuras\Lavfacil\Prod104.bmp,.bmp,14096,2006-09-08T18:37:24,logos/figuras,"alta, desde que caminho/configuracao seja preservado ou migrado"
Figuras\Lavfacil\Prod105.BMP,.bmp,10638,2009-05-19T10:58:34,logos/figuras,"alta, desde que caminho/configuracao seja preservado ou migrado"
Figuras\Lavfacil\Prod106.bmp,.bmp,14576,2007-08-13T16:25:46,logos/figuras,"alta, desde que caminho/configuracao seja preservado ou migrado"
Figuras\Lavfacil\Prod107.bmp,.bmp,14096,2006-08-25T19:00:00,logos/figuras,"alta, desde que caminho/configuracao seja preservado ou migrado"
Figuras\Lavfacil\Prod108.bmp,.bmp,14096,2006-08-25T15:13:02,logos/figuras,"alta, desde que caminho/configuracao seja preservado ou migrado"
Figuras\Lavfacil\Prod109.bmp,.bmp,14096,2006-08-28T09:58:34,logos/figuras,"alta, desde que caminho/configuracao seja preservado ou migrado"
Figuras\Lavfacil\Prod110.bmp,.bmp,14576,2007-08-09T17:45:50,logos/figuras,"alta, desde que caminho/configuracao seja preservado ou migrado"
Figuras\Lavfacil\Prod111.bmp,.bmp,14096,2006-09-21T16:45:42,logos/figuras,"alta, desde que caminho/configuracao seja preservado ou migrado"
Figuras\Lavfacil\Prod112.bmp,.bmp,14096,2006-09-21T17:28:28,logos/figuras,"alta, desde que caminho/configuracao seja preservado ou migrado"
Figuras\Lavfacil\Prod113.bmp,.bmp,14576,2007-08-13T18:14:20,logos/figuras,"alta, desde que caminho/configuracao seja preservado ou migrado"
Figuras\Lavfacil\Prod114.bmp,.bmp,11054,2011-08-18T14:46:08,logos/figuras,"alta, desde que caminho/configuracao seja preservado ou migrado"
Figuras\Lavfacil\Prod115.bmp,.bmp,14096,2006-08-27T13:37:40,logos/figuras,"alta, desde que caminho/configuracao seja preservado ou migrado"
Figuras\Lavfacil\Prod116.bmp,.bmp,10638,2007-08-24T23:42:22,logos/figuras,"alta, desde que caminho/configuracao seja preservado ou migrado"
Figuras\Lavfacil\Prod117.bmp,.bmp,13446,2011-03-07T11:08:54,logos/figuras,"alta, desde que caminho/configuracao seja preservado ou migrado"
Figuras\Lavfacil\Prod118.bmp,.bmp,14096,2006-09-21T15:10:10,logos/figuras,"alta, desde que caminho/configuracao seja preservado ou migrado"
Figuras\Lavfacil\Prod119.bmp,.bmp,14576,2007-08-07T09:48:44,logos/figuras,"alta, desde que caminho/configuracao seja preservado ou migrado"
Figuras\Lavfacil\Prod120.bmp,.bmp,14096,2006-09-21T16:54:16,logos/figuras,"alta, desde que caminho/configuracao seja preservado ou migrado"
Figuras\Lavfacil\Prod121.bmp,.bmp,14576,2007-08-13T10:13:26,logos/figuras,"alta, desde que caminho/configuracao seja preservado ou migrado"
Figuras\Lavfacil\Prod122.bmp,.bmp,14096,2006-08-25T13:06:20,logos/figuras,"alta, desde que caminho/configuracao seja preservado ou migrado"
Figuras\Lavfacil\Prod123.BMP,.bmp,10640,2006-09-13T14:22:28,logos/figuras,"alta, desde que caminho/configuracao seja preservado ou migrado"
Figuras\Lavfacil\Prod124.bmp,.bmp,14096,2006-09-21T16:54:16,logos/figuras,"alta, desde que caminho/configuracao seja preservado ou migrado"
Figuras\Lavfacil\prod125.bmp,.bmp,12952,2006-06-05T15:06:14,logos/figuras,"alta, desde que caminho/configuracao seja preservado ou migrado"
Figuras\Lavfacil\Prod126.bmp,.bmp,10638,2008-04-29T11:57:06,logos/figuras,"alta, desde que caminho/configuracao seja preservado ou migrado"
Figuras\Lavfacil\Prod127.bmp,.bmp,14576,2007-08-14T12:34:14,logos/figuras,"alta, desde que caminho/configuracao seja preservado ou migrado"
Figuras\Lavfacil\Prod128.bmp,.bmp,11054,2009-03-03T17:35:18,logos/figuras,"alta, desde que caminho/configuracao seja preservado ou migrado"
Figuras\Lavfacil\Prod129.bmp,.bmp,14096,2006-09-04T15:10:24,logos/figuras,"alta, desde que caminho/configuracao seja preservado ou migrado"
Figuras\Lavfacil\Prod130.bmp,.bmp,14576,2007-08-15T18:19:48,logos/figuras,"alta, desde que caminho/configuracao seja preservado ou migrado"
Figuras\Lavfacil\Prod131.BMP,.bmp,10640,2006-09-13T14:21:36,logos/figuras,"alta, desde que caminho/configuracao seja preservado ou migrado"
Figuras\Lavfacil\Prod132.bmp,.bmp,14576,2007-08-15T16:50:34,logos/figuras,"alta, desde que caminho/configuracao seja preservado ou migrado"
Figuras\Lavfacil\Prod133.bmp,.bmp,9830,2011-06-20T09:50:56,logos/figuras,"alta, desde que caminho/configuracao seja preservado ou migrado"
Figuras\Lavfacil\Prod134.BMP,.bmp,14096,2008-07-29T09:29:20,logos/figuras,"alta, desde que caminho/configuracao seja preservado ou migrado"
Figuras\Lavfacil\Prod135.bmp,.bmp,14096,2008-07-29T09:25:40,logos/figuras,"alta, desde que caminho/configuracao seja preservado ou migrado"
Figuras\Lavfacil\Prod136.bmp,.bmp,14096,2008-07-29T09:27:32,logos/figuras,"alta, desde que caminho/configuracao seja preservado ou migrado"
Figuras\Lavfacil\Prod137.bmp,.bmp,14096,2008-07-29T09:23:34,logos/figuras,"alta, desde que caminho/configuracao seja preservado ou migrado"
Figuras\Lavfacil\Prod138.bmp,.bmp,14096,2008-07-29T09:22:32,logos/figuras,"alta, desde que caminho/configuracao seja preservado ou migrado"
Figuras\Lavfacil\Prod139.BMP,.bmp,14096,2008-07-29T09:34:36,logos/figuras,"alta, desde que caminho/configuracao seja preservado ou migrado"
Figuras\Lavfacil\Prod140.BMP,.bmp,14096,2008-07-29T09:33:06,logos/figuras,"alta, desde que caminho/configuracao seja preservado ou migrado"
Figuras\Lavfacil\Prod141.bmp,.bmp,14096,2008-07-29T09:33:44,logos/figuras,"alta, desde que caminho/configuracao seja preservado ou migrado"
Figuras\Lavfacil\Prod142.bmp,.bmp,14096,2008-07-29T09:19:16,logos/figuras,"alta, desde que caminho/configuracao seja preservado ou migrado"
Figuras\Lavfacil\Prod143.bmp,.bmp,14096,2008-07-29T09:20:10,logos/figuras,"alta, desde que caminho/configuracao seja preservado ou migrado"
Figuras\Lavfacil\Prod144.bmp,.bmp,14096,2008-07-10T05:45:12,logos/figuras,"alta, desde que caminho/configuracao seja preservado ou migrado"
Figuras\Lavfacil\Prod145.bmp,.bmp,14096,2008-07-10T05:45:12,logos/figuras,"alta, desde que caminho/configuracao seja preservado ou migrado"
Figuras\Lavfacil\Prod146.bmp,.bmp,14096,2008-07-29T08:54:58,logos/figuras,"alta, desde que caminho/configuracao seja preservado ou migrado"
Figuras\Lavfacil\Prod147.bmp,.bmp,14096,2008-07-25T09:32:46,logos/figuras,"alta, desde que caminho/configuracao seja preservado ou migrado"
Figuras\Lavfacil\Prod148.bmp,.bmp,14096,2008-07-25T09:33:24,logos/figuras,"alta, desde que caminho/configuracao seja preservado ou migrado"
Figuras\Lavfacil\Prod149.bmp,.bmp,14096,2008-07-25T09:34:02,logos/figuras,"alta, desde que caminho/configuracao seja preservado ou migrado"
Figuras\Lavfacil\Prod150.bmp,.bmp,14096,2008-07-25T09:34:28,logos/figuras,"alta, desde que caminho/configuracao seja preservado ou migrado"
Figuras\Lavfacil\Prod151.bmp,.bmp,14096,2008-07-10T05:45:12,logos/figuras,"alta, desde que caminho/configuracao seja preservado ou migrado"
Figuras\Lavfacil\Prod152.bmp,.bmp,14096,2008-07-29T09:11:42,logos/figuras,"alta, desde que caminho/configuracao seja preservado ou migrado"
Figuras\Lavfacil\Prod153.bmp,.bmp,14096,2008-07-29T09:14:04,logos/figuras,"alta, desde que caminho/configuracao seja preservado ou migrado"
Figuras\Lavfacil\Prod154.bmp,.bmp,14096,2008-07-29T09:35:56,logos/figuras,"alta, desde que caminho/configuracao seja preservado ou migrado"
Figuras\Lavfacil\Prod155.bmp,.bmp,14096,2008-07-29T08:53:46,logos/figuras,"alta, desde que caminho/configuracao seja preservado ou migrado"
Figuras\Lavfacil\Prod156.bmp,.bmp,14096,2008-07-25T07:25:02,logos/figuras,"alta, desde que caminho/configuracao seja preservado ou migrado"
Figuras\Lavfacil\Prod157.bmp,.bmp,14096,2008-07-25T07:37:42,logos/figuras,"alta, desde que caminho/configuracao seja preservado ou migrado"
Figuras\Lavfacil\Prod158.bmp,.bmp,14096,2008-07-29T08:56:26,logos/figuras,"alta, desde que caminho/configuracao seja preservado ou migrado"
Figuras\Lavfacil\Prod159.bmp,.bmp,14096,2008-07-25T07:22:52,logos/figuras,"alta, desde que caminho/configuracao seja preservado ou migrado"
Figuras\Lavfacil\Prod160.bmp,.bmp,14096,2008-07-25T07:21:54,logos/figuras,"alta, desde que caminho/configuracao seja preservado ou migrado"
Figuras\Lavfacil\Prod161.bmp,.bmp,14096,2008-07-10T05:45:12,logos/figuras,"alta, desde que caminho/configuracao seja preservado ou migrado"
Figuras\Lavfacil\Prod162.bmp,.bmp,14096,2008-07-25T07:20:52,logos/figuras,"alta, desde que caminho/configuracao seja preservado ou migrado"
Figuras\Lavfacil\Prod163.bmp,.bmp,14096,2008-07-10T05:45:12,logos/figuras,"alta, desde que caminho/configuracao seja preservado ou migrado"
Figuras\Lavfacil\Prod164.bmp,.bmp,14096,2008-07-10T05:45:12,logos/figuras,"alta, desde que caminho/configuracao seja preservado ou migrado"
Figuras\Lavfacil\Prod165.bmp,.bmp,14096,2008-07-10T05:45:12,logos/figuras,"alta, desde que caminho/configuracao seja preservado ou migrado"
Figuras\Lavfacil\Prod166.bmp,.bmp,14096,2008-07-10T05:45:12,logos/figuras,"alta, desde que caminho/configuracao seja preservado ou migrado"
Figuras\Lavfacil\Prod167.bmp,.bmp,14096,2008-07-25T07:38:28,logos/figuras,"alta, desde que caminho/configuracao seja preservado ou migrado"
Figuras\Lavfacil\Prod168.BMP,.bmp,10640,2006-09-21T10:05:32,logos/figuras,"alta, desde que caminho/configuracao seja preservado ou migrado"
Figuras\Lavfacil\Prod169.bmp,.bmp,14096,2006-09-04T15:07:22,logos/figuras,"alta, desde que caminho/configuracao seja preservado ou migrado"
Figuras\Lavfacil\Prod170.bmp,.bmp,14096,2006-09-04T15:10:56,logos/figuras,"alta, desde que caminho/configuracao seja preservado ou migrado"
Figuras\Lavfacil\PROD171.bmp,.bmp,14096,2006-08-25T17:00:42,logos/figuras,"alta, desde que caminho/configuracao seja preservado ou migrado"
Figuras\Lavfacil\Prod172.bmp,.bmp,10638,2008-08-19T09:16:28,logos/figuras,"alta, desde que caminho/configuracao seja preservado ou migrado"
Figuras\Lavfacil\Prod173.BMP,.bmp,10640,2006-09-11T16:07:06,logos/figuras,"alta, desde que caminho/configuracao seja preservado ou migrado"
Figuras\Lavfacil\Prod174.bmp,.bmp,14096,2006-09-25T08:43:20,logos/figuras,"alta, desde que caminho/configuracao seja preservado ou migrado"
Figuras\Lavfacil\Prod175.bmp,.bmp,9830,2011-08-18T08:18:38,logos/figuras,"alta, desde que caminho/configuracao seja preservado ou migrado"
Figuras\Lavfacil\Prod176.bmp,.bmp,14096,2006-09-25T08:25:18,logos/figuras,"alta, desde que caminho/configuracao seja preservado ou migrado"
Figuras\Lavfacil\Prod177.bmp,.bmp,10638,2009-06-24T12:48:48,logos/figuras,"alta, desde que caminho/configuracao seja preservado ou migrado"
Figuras\Lavfacil\Prod178.bmp,.bmp,10638,2011-08-18T07:24:42,logos/figuras,"alta, desde que caminho/configuracao seja preservado ou migrado"
Figuras\Lavfacil\Prod179.BMP,.bmp,14096,2007-11-26T08:16:38,logos/figuras,"alta, desde que caminho/configuracao seja preservado ou migrado"
Figuras\Lavfacil\Prod180.bmp,.bmp,14576,2007-08-09T15:51:40,logos/figuras,"alta, desde que caminho/configuracao seja preservado ou migrado"
Figuras\Lavfacil\Prod181.bmp,.bmp,10638,2008-12-08T13:12:48,logos/figuras,"alta, desde que caminho/configuracao seja preservado ou migrado"
Figuras\Lavfacil\Prod182.bmp,.bmp,10638,2008-12-08T13:13:32,logos/figuras,"alta, desde que caminho/configuracao seja preservado ou migrado"
Figuras\Lavfacil\Prod183.bmp,.bmp,10638,2008-04-18T13:31:32,logos/figuras,"alta, desde que caminho/configuracao seja preservado ou migrado"
Figuras\Lavfacil\Prod184.bmp,.bmp,14096,2006-09-06T16:42:46,logos/figuras,"alta, desde que caminho/configuracao seja preservado ou migrado"
Figuras\Lavfacil\Prod185.bmp,.bmp,14096,2007-09-24T06:21:52,logos/figuras,"alta, desde que caminho/configuracao seja preservado ou migrado"
Figuras\Lavfacil\Prod186.bmp,.bmp,10638,2008-04-18T10:42:16,logos/figuras,"alta, desde que caminho/configuracao seja preservado ou migrado"
Figuras\Lavfacil\Prod187.bmp,.bmp,14096,2011-03-17T07:13:12,logos/figuras,"alta, desde que caminho/configuracao seja preservado ou migrado"
Figuras\Lavfacil\Prod188.bmp,.bmp,10638,2007-08-07T13:18:54,logos/figuras,"alta, desde que caminho/configuracao seja preservado ou migrado"
Figuras\Lavfacil\prod189.bmp,.bmp,14576,2007-08-15T16:14:22,logos/figuras,"alta, desde que caminho/configuracao seja preservado ou migrado"
Figuras\Lavfacil\Prod190.bmp,.bmp,14096,2006-09-21T15:27:30,logos/figuras,"alta, desde que caminho/configuracao seja preservado ou migrado"
Figuras\Lavfacil\Prod191.bmp,.bmp,14096,2006-09-21T15:29:22,logos/figuras,"alta, desde que caminho/configuracao seja preservado ou migrado"
Figuras\Lavfacil\Prod192.bmp,.bmp,14096,2006-09-21T15:29:06,logos/figuras,"alta, desde que caminho/configuracao seja preservado ou migrado"
Figuras\Lavfacil\Prod193.bmp,.bmp,14096,2006-09-04T15:04:30,logos/figuras,"alta, desde que caminho/configuracao seja preservado ou migrado"
Figuras\Lavfacil\Prod194.bmp,.bmp,10638,2010-06-21T14:13:02,logos/figuras,"alta, desde que caminho/configuracao seja preservado ou migrado"
Figuras\Lavfacil\Prod195.bmp,.bmp,14096,2007-09-24T06:21:54,logos/figuras,"alta, desde que caminho/configuracao seja preservado ou migrado"
Figuras\Lavfacil\Prod196.bmp,.bmp,10640,2006-09-08T16:33:56,logos/figuras,"alta, desde que caminho/configuracao seja preservado ou migrado"
Figuras\Lavfacil\Prod197.bmp,.bmp,14096,2006-09-21T14:22:18,logos/figuras,"alta, desde que caminho/configuracao seja preservado ou migrado"
Figuras\Lavfacil\Prod198.bmp,.bmp,14096,2006-09-21T14:54:18,logos/figuras,"alta, desde que caminho/configuracao seja preservado ou migrado"
Figuras\Lavfacil\Prod199.bmp,.bmp,14096,2006-09-21T15:08:54,logos/figuras,"alta, desde que caminho/configuracao seja preservado ou migrado"
Figuras\Lavfacil\Prod200.bmp,.bmp,10422,2011-04-06T08:14:18,logos/figuras,"alta, desde que caminho/configuracao seja preservado ou migrado"
Figuras\Lavfacil\Prod201.bmp,.bmp,14576,2007-08-09T15:47:42,logos/figuras,"alta, desde que caminho/configuracao seja preservado ou migrado"
Figuras\Lavfacil\Prod202.bmp,.bmp,14096,2006-09-21T14:54:16,logos/figuras,"alta, desde que caminho/configuracao seja preservado ou migrado"
Figuras\Lavfacil\prod203.bmp,.bmp,14096,2006-08-25T17:01:08,logos/figuras,"alta, desde que caminho/configuracao seja preservado ou migrado"
Figuras\Lavfacil\Prod204.Bmp,.bmp,13880,2006-08-09T10:44:52,logos/figuras,"alta, desde que caminho/configuracao seja preservado ou migrado"
Figuras\Lavfacil\Prod205.bmp,.bmp,14096,2006-09-21T14:39:34,logos/figuras,"alta, desde que caminho/configuracao seja preservado ou migrado"
Figuras\Lavfacil\Prod206.bmp,.bmp,14096,2006-09-21T15:20:26,logos/figuras,"alta, desde que caminho/configuracao seja preservado ou migrado"
Figuras\Lavfacil\prod207.bmp,.bmp,14096,2007-10-18T05:22:38,logos/figuras,"alta, desde que caminho/configuracao seja preservado ou migrado"
Figuras\Lavfacil\Prod208.bmp,.bmp,14096,2006-09-21T13:15:26,logos/figuras,"alta, desde que caminho/configuracao seja preservado ou migrado"
Figuras\Lavfacil\Prod209.bmp,.bmp,10638,2008-06-13T16:02:14,logos/figuras,"alta, desde que caminho/configuracao seja preservado ou migrado"
Figuras\Lavfacil\Prod210.BMP,.bmp,10640,2006-09-13T12:08:24,logos/figuras,"alta, desde que caminho/configuracao seja preservado ou migrado"
Figuras\Lavfacil\Prod211.bmp,.bmp,14096,2006-09-06T09:08:50,logos/figuras,"alta, desde que caminho/configuracao seja preservado ou migrado"
Figuras\Lavfacil\Prod212.bmp,.bmp,14096,2006-09-05T13:56:04,logos/figuras,"alta, desde que caminho/configuracao seja preservado ou migrado"
Figuras\Lavfacil\Prod213.bmp,.bmp,14096,2006-09-21T15:08:16,logos/figuras,"alta, desde que caminho/configuracao seja preservado ou migrado"
Figuras\Lavfacil\Prod214.bmp,.bmp,10640,2006-09-11T17:29:22,logos/figuras,"alta, desde que caminho/configuracao seja preservado ou migrado"
Figuras\Lavfacil\Prod215.bmp,.bmp,14096,2006-09-06T07:58:14,logos/figuras,"alta, desde que caminho/configuracao seja preservado ou migrado"
Figuras\Lavfacil\Prod216.bmp,.bmp,14096,2006-08-28T19:32:38,logos/figuras,"alta, desde que caminho/configuracao seja preservado ou migrado"
Figuras\Lavfacil\Prod217.bmp,.bmp,14096,2006-09-21T14:39:34,logos/figuras,"alta, desde que caminho/configuracao seja preservado ou migrado"
Figuras\Lavfacil\Prod218.bmp,.bmp,9830,2011-03-30T15:16:10,logos/figuras,"alta, desde que caminho/configuracao seja preservado ou migrado"
Figuras\Lavfacil\Prod219.bmp,.bmp,14096,2006-09-21T14:43:54,logos/figuras,"alta, desde que caminho/configuracao seja preservado ou migrado"
Figuras\Lavfacil\Prod220.bmp,.bmp,14096,2006-09-21T13:15:26,logos/figuras,"alta, desde que caminho/configuracao seja preservado ou migrado"
Figuras\Lavfacil\Prod221.bmp,.bmp,14096,2006-09-06T07:58:14,logos/figuras,"alta, desde que caminho/configuracao seja preservado ou migrado"
Figuras\Lavfacil\Prod222.bmp,.bmp,10640,2006-09-11T17:30:04,logos/figuras,"alta, desde que caminho/configuracao seja preservado ou migrado"
Figuras\Lavfacil\Prod223.bmp,.bmp,10640,2006-09-13T12:08:24,logos/figuras,"alta, desde que caminho/configuracao seja preservado ou migrado"
Figuras\Lavfacil\Prod224.BMP,.bmp,14096,2006-09-06T09:08:50,logos/figuras,"alta, desde que caminho/configuracao seja preservado ou migrado"
Figuras\Lavfacil\Prod225.bmp,.bmp,14096,2006-09-05T13:56:06,logos/figuras,"alta, desde que caminho/configuracao seja preservado ou migrado"
Figuras\Lavfacil\Prod226.bmp,.bmp,14576,2007-08-08T16:02:08,logos/figuras,"alta, desde que caminho/configuracao seja preservado ou migrado"
Figuras\Lavfacil\Prod227.bmp,.bmp,14096,2006-09-05T13:49:22,logos/figuras,"alta, desde que caminho/configuracao seja preservado ou migrado"
Figuras\Lavfacil\Prod228.bmp,.bmp,14096,2006-08-28T17:32:36,logos/figuras,"alta, desde que caminho/configuracao seja preservado ou migrado"
Figuras\Lavfacil\Prod229.bmp,.bmp,10638,2011-08-18T08:49:24,logos/figuras,"alta, desde que caminho/configuracao seja preservado ou migrado"
Figuras\Lavfacil\Prod230.bmp,.bmp,10638,2008-06-13T16:02:14,logos/figuras,"alta, desde que caminho/configuracao seja preservado ou migrado"
Figuras\Lavfacil\Prod231.bmp,.bmp,14096,2006-09-21T15:20:28,logos/figuras,"alta, desde que caminho/configuracao seja preservado ou migrado"
Figuras\Lavfacil\Prod232.bmp,.bmp,13446,2011-03-07T11:35:48,logos/figuras,"alta, desde que caminho/configuracao seja preservado ou migrado"
Figuras\Lavfacil\Prod233.BMP,.bmp,10640,2006-09-13T12:17:42,logos/figuras,"alta, desde que caminho/configuracao seja preservado ou migrado"
Figuras\Lavfacil\prod235.bmp,.bmp,14096,2006-09-21T15:26:34,logos/figuras,"alta, desde que caminho/configuracao seja preservado ou migrado"
Figuras\Lavfacil\Prod236.bmp,.bmp,14096,2006-09-08T09:09:06,logos/figuras,"alta, desde que caminho/configuracao seja preservado ou migrado"
Figuras\Lavfacil\Prod237.BMP,.bmp,10640,2006-09-11T17:12:36,logos/figuras,"alta, desde que caminho/configuracao seja preservado ou migrado"
Figuras\Lavfacil\Prod238.bmp,.bmp,14096,2006-09-08T09:10:50,logos/figuras,"alta, desde que caminho/configuracao seja preservado ou migrado"
Figuras\Lavfacil\Prod239.BMP,.bmp,10640,2006-09-11T17:07:48,logos/figuras,"alta, desde que caminho/configuracao seja preservado ou migrado"
Figuras\Lavfacil\Prod240.bmp,.bmp,14096,2006-08-25T11:04:10,logos/figuras,"alta, desde que caminho/configuracao seja preservado ou migrado"
Figuras\Lavfacil\Prod241.BMP,.bmp,10640,2006-09-11T17:04:34,logos/figuras,"alta, desde que caminho/configuracao seja preservado ou migrado"
Figuras\Lavfacil\Prod242.bmp,.bmp,14096,2006-09-25T08:25:48,logos/figuras,"alta, desde que caminho/configuracao seja preservado ou migrado"
Figuras\Lavfacil\Prod243.bmp,.bmp,14096,2006-09-25T08:26:56,logos/figuras,"alta, desde que caminho/configuracao seja preservado ou migrado"
Figuras\Lavfacil\Prod244.bmp,.bmp,14096,2006-08-25T11:27:54,logos/figuras,"alta, desde que caminho/configuracao seja preservado ou migrado"
Figuras\Lavfacil\Prod245.bmp,.bmp,14096,2006-09-08T10:25:54,logos/figuras,"alta, desde que caminho/configuracao seja preservado ou migrado"
Figuras\Lavfacil\Prod246.bmp,.bmp,14096,2006-09-21T15:26:26,logos/figuras,"alta, desde que caminho/configuracao seja preservado ou migrado"
Figuras\Lavfacil\Prod247.bmp,.bmp,14096,2006-09-21T15:26:14,logos/figuras,"alta, desde que caminho/configuracao seja preservado ou migrado"
Figuras\Lavfacil\Prod249.BMP,.bmp,10640,2006-09-13T12:15:20,logos/figuras,"alta, desde que caminho/configuracao seja preservado ou migrado"
Figuras\Lavfacil\Prod250.bmp,.bmp,14576,2007-08-07T07:52:08,logos/figuras,"alta, desde que caminho/configuracao seja preservado ou migrado"
Figuras\Lavfacil\Prod251.bmp,.bmp,11054,2007-09-24T11:50:48,logos/figuras,"alta, desde que caminho/configuracao seja preservado ou migrado"
Figuras\Lavfacil\Prod252.bmp,.bmp,14096,2006-09-21T15:24:26,logos/figuras,"alta, desde que caminho/configuracao seja preservado ou migrado"
Figuras\Lavfacil\Prod256.bmp,.bmp,14096,2006-08-31T16:59:20,logos/figuras,"alta, desde que caminho/configuracao seja preservado ou migrado"
Figuras\Lavfacil\Prod257.bmp,.bmp,14096,2006-08-31T16:58:50,logos/figuras,"alta, desde que caminho/configuracao seja preservado ou migrado"
Figuras\Lavfacil\Prod258.bmp,.bmp,14096,2006-08-31T16:56:38,logos/figuras,"alta, desde que caminho/configuracao seja preservado ou migrado"
Figuras\Lavfacil\Prod259.BMP,.bmp,10640,2006-09-13T12:10:40,logos/figuras,"alta, desde que caminho/configuracao seja preservado ou migrado"
Figuras\Lavfacil\Prod260.bmp,.bmp,14096,2006-08-25T13:13:02,logos/figuras,"alta, desde que caminho/configuracao seja preservado ou migrado"
Figuras\Lavfacil\Prod261.bmp,.bmp,14096,2006-08-25T17:00:42,logos/figuras,"alta, desde que caminho/configuracao seja preservado ou migrado"
Figuras\Lavfacil\Prod262.bmp,.bmp,14096,2006-08-28T09:08:36,logos/figuras,"alta, desde que caminho/configuracao seja preservado ou migrado"
Figuras\Lavfacil\Prod263.bmp,.bmp,14096,2006-09-05T14:21:56,logos/figuras,"alta, desde que caminho/configuracao seja preservado ou migrado"
Figuras\Lavfacil\Prod264.bmp,.bmp,14096,2006-09-05T14:21:30,logos/figuras,"alta, desde que caminho/configuracao seja preservado ou migrado"
Figuras\Lavfacil\Prod265.bmp,.bmp,14096,2006-09-05T14:39:34,logos/figuras,"alta, desde que caminho/configuracao seja preservado ou migrado"
Figuras\Lavfacil\Prod266.bmp,.bmp,14096,2006-08-25T15:17:50,logos/figuras,"alta, desde que caminho/configuracao seja preservado ou migrado"
Figuras\Lavfacil\Prod267.bmp,.bmp,14096,2006-09-21T15:24:10,logos/figuras,"alta, desde que caminho/configuracao seja preservado ou migrado"
Figuras\Lavfacil\Prod268.BMP,.bmp,10640,2006-09-19T09:48:04,logos/figuras,"alta, desde que caminho/configuracao seja preservado ou migrado"
Figuras\Lavfacil\Prod270.bmp,.bmp,10638,2007-07-09T12:36:08,logos/figuras,"alta, desde que caminho/configuracao seja preservado ou migrado"
Figuras\Lavfacil\Prod271.bmp,.bmp,14096,2006-08-25T15:17:14,logos/figuras,"alta, desde que caminho/configuracao seja preservado ou migrado"
Figuras\Lavfacil\Prod274.bmp,.bmp,14096,2006-09-21T07:44:14,logos/figuras,"alta, desde que caminho/configuracao seja preservado ou migrado"
Figuras\Lavfacil\Prod275.bmp,.bmp,14096,2007-09-24T06:21:54,logos/figuras,"alta, desde que caminho/configuracao seja preservado ou migrado"
Figuras\Lavfacil\Prod276.bmp,.bmp,14096,2006-08-25T15:17:14,logos/figuras,"alta, desde que caminho/configuracao seja preservado ou migrado"
Figuras\Lavfacil\Prod277.bmp,.bmp,13446,2011-03-07T08:13:46,logos/figuras,"alta, desde que caminho/configuracao seja preservado ou migrado"
Figuras\Lavfacil\Prod278.bmp,.bmp,14840,2011-01-06T20:49:14,logos/figuras,"alta, desde que caminho/configuracao seja preservado ou migrado"
Figuras\Lavfacil\Prod279.bmp,.bmp,10638,2011-03-17T09:21:52,logos/figuras,"alta, desde que caminho/configuracao seja preservado ou migrado"
Figuras\Lavfacil\Prod280.bmp,.bmp,14576,2011-03-17T09:22:30,logos/figuras,"alta, desde que caminho/configuracao seja preservado ou migrado"
Figuras\Lavfacil\Prod281.bmp,.bmp,10638,2011-03-17T09:32:26,logos/figuras,"alta, desde que caminho/configuracao seja preservado ou migrado"
Figuras\Lavfacil\Prod282.bmp,.bmp,14096,2006-09-21T09:49:02,logos/figuras,"alta, desde que caminho/configuracao seja preservado ou migrado"
Figuras\Lavfacil\Prod283.bmp,.bmp,10422,2011-04-06T08:11:06,logos/figuras,"alta, desde que caminho/configuracao seja preservado ou migrado"
Figuras\Lavfacil\Prod284.bmp,.bmp,10422,2011-04-06T08:12:04,logos/figuras,"alta, desde que caminho/configuracao seja preservado ou migrado"
Figuras\Lavfacil\Prod285.BMP,.bmp,14096,2006-08-25T17:51:52,logos/figuras,"alta, desde que caminho/configuracao seja preservado ou migrado"
Figuras\Lavfacil\Prod286.bmp,.bmp,9830,2011-03-17T09:50:26,logos/figuras,"alta, desde que caminho/configuracao seja preservado ou migrado"
Figuras\Lavfacil\Prod287.bmp,.bmp,9806,2011-03-17T09:50:56,logos/figuras,"alta, desde que caminho/configuracao seja preservado ou migrado"
Figuras\Lavfacil\Prod288.BMP,.bmp,10640,2011-03-17T09:15:30,logos/figuras,"alta, desde que caminho/configuracao seja preservado ou migrado"
Figuras\Lavfacil\Prod289.bmp,.bmp,14096,2011-03-29T15:12:54,logos/figuras,"alta, desde que caminho/configuracao seja preservado ou migrado"
Figuras\Lavfacil\Prod290.bmp,.bmp,14096,2006-09-08T15:37:26,logos/figuras,"alta, desde que caminho/configuracao seja preservado ou migrado"
Figuras\Lavfacil\Prod291.bmp,.bmp,14576,2007-08-15T16:14:38,logos/figuras,"alta, desde que caminho/configuracao seja preservado ou migrado"
Figuras\Lavfacil\Prod292.bmp,.bmp,11054,2011-08-18T08:49:14,logos/figuras,"alta, desde que caminho/configuracao seja preservado ou migrado"
Figuras\Lavfacil\Prod293.bmp,.bmp,14096,2006-08-25T14:06:48,logos/figuras,"alta, desde que caminho/configuracao seja preservado ou migrado"
Figuras\Lavfacil\Prod294.bmp,.bmp,11054,2011-03-29T11:17:26,logos/figuras,"alta, desde que caminho/configuracao seja preservado ou migrado"
Figuras\Lavfacil\Prod295.bmp,.bmp,9830,2011-06-20T09:46:04,logos/figuras,"alta, desde que caminho/configuracao seja preservado ou migrado"
Figuras\Lavfacil\Prod296.bmp,.bmp,9830,2011-06-20T09:37:40,logos/figuras,"alta, desde que caminho/configuracao seja preservado ou migrado"
Figuras\Lavfacil\Prod297.bmp,.bmp,9830,2011-06-20T09:20:22,logos/figuras,"alta, desde que caminho/configuracao seja preservado ou migrado"
Figuras\Lavfacil\Prod298.bmp,.bmp,9830,2011-06-20T09:15:56,logos/figuras,"alta, desde que caminho/configuracao seja preservado ou migrado"
Figuras\Lavfacil\Prod299.bmp,.bmp,9830,2011-06-20T10:11:30,logos/figuras,"alta, desde que caminho/configuracao seja preservado ou migrado"
Figuras\Lavfacil\Prod300.BMP,.bmp,10640,2006-09-18T10:51:54,logos/figuras,"alta, desde que caminho/configuracao seja preservado ou migrado"
Figuras\Lavfacil\Prod301.BMP,.bmp,10640,2006-09-18T11:45:34,logos/figuras,"alta, desde que caminho/configuracao seja preservado ou migrado"
Figuras\Lavfacil\prod302.bmp,.bmp,14096,2006-09-21T17:27:30,logos/figuras,"alta, desde que caminho/configuracao seja preservado ou migrado"
Figuras\Lavfacil\Prod303.bmp,.bmp,14096,2006-09-21T16:52:52,logos/figuras,"alta, desde que caminho/configuracao seja preservado ou migrado"
Figuras\Lavfacil\Prod304.bmp,.bmp,9830,2011-06-20T10:30:00,logos/figuras,"alta, desde que caminho/configuracao seja preservado ou migrado"
Figuras\Lavfacil\Prod305.bmp,.bmp,10638,2007-08-07T14:02:38,logos/figuras,"alta, desde que caminho/configuracao seja preservado ou migrado"
Figuras\Lavfacil\Prod306.bmp,.bmp,14576,2007-08-09T10:14:50,logos/figuras,"alta, desde que caminho/configuracao seja preservado ou migrado"
Figuras\Lavfacil\Prod307.bmp,.bmp,10638,2007-08-25T10:58:34,logos/figuras,"alta, desde que caminho/configuracao seja preservado ou migrado"
Figuras\Lavfacil\Prod308.bmp,.bmp,14096,2006-09-21T17:29:08,logos/figuras,"alta, desde que caminho/configuracao seja preservado ou migrado"
Figuras\Lavfacil\Prod309.bmp,.bmp,10422,2011-04-06T08:09:32,logos/figuras,"alta, desde que caminho/configuracao seja preservado ou migrado"
Figuras\Lavfacil\Prod310.bmp,.bmp,14096,2006-09-21T16:50:12,logos/figuras,"alta, desde que caminho/configuracao seja preservado ou migrado"
Figuras\Lavfacil\Prod311.bmp,.bmp,14096,2006-09-21T16:52:24,logos/figuras,"alta, desde que caminho/configuracao seja preservado ou migrado"
Figuras\Lavfacil\Prod312.bmp,.bmp,14576,2007-08-09T10:22:02,logos/figuras,"alta, desde que caminho/configuracao seja preservado ou migrado"
Figuras\Lavfacil\Prod313.bmp,.bmp,14096,2006-09-21T16:53:24,logos/figuras,"alta, desde que caminho/configuracao seja preservado ou migrado"
Figuras\Lavfacil\Prod314.bmp,.bmp,14096,2006-09-21T16:46:52,logos/figuras,"alta, desde que caminho/configuracao seja preservado ou migrado"
Figuras\Lavfacil\Prod315.bmp,.bmp,10422,2007-08-07T12:25:36,logos/figuras,"alta, desde que caminho/configuracao seja preservado ou migrado"
Figuras\Lavfacil\Prod316.bmp,.bmp,9830,2011-06-20T10:05:44,logos/figuras,"alta, desde que caminho/configuracao seja preservado ou migrado"
Figuras\Lavfacil\Prod317.bmp,.bmp,11054,2011-08-18T06:41:10,logos/figuras,"alta, desde que caminho/configuracao seja preservado ou migrado"
Figuras\Lavfacil\Prod318.BMP,.bmp,10422,2007-08-07T13:43:48,logos/figuras,"alta, desde que caminho/configuracao seja preservado ou migrado"
Figuras\Lavfacil\Prod319.bmp,.bmp,14576,2007-08-09T17:52:08,logos/figuras,"alta, desde que caminho/configuracao seja preservado ou migrado"
Figuras\Lavfacil\Prod320.bmp,.bmp,10638,2011-08-18T06:48:26,logos/figuras,"alta, desde que caminho/configuracao seja preservado ou migrado"
Figuras\Lavfacil\Prod321.bmp,.bmp,14096,2006-09-21T17:26:28,logos/figuras,"alta, desde que caminho/configuracao seja preservado ou migrado"
Figuras\Lavfacil\Prod322.bmp,.bmp,14096,2006-09-21T17:26:16,logos/figuras,"alta, desde que caminho/configuracao seja preservado ou migrado"
Figuras\Lavfacil\Prod323.bmp,.bmp,14096,2006-09-21T17:27:04,logos/figuras,"alta, desde que caminho/configuracao seja preservado ou migrado"
Figuras\Lavfacil\Prod324.bmp,.bmp,14096,2007-08-08T12:01:26,logos/figuras,"alta, desde que caminho/configuracao seja preservado ou migrado"
Figuras\Lavfacil\Prod325.bmp,.bmp,11054,2011-08-18T07:16:08,logos/figuras,"alta, desde que caminho/configuracao seja preservado ou migrado"
Figuras\Lavfacil\Prod326.bmp,.bmp,10638,2007-08-25T10:57:42,logos/figuras,"alta, desde que caminho/configuracao seja preservado ou migrado"
Figuras\Lavfacil\Prod327.bmp,.bmp,10638,2008-04-28T09:24:00,logos/figuras,"alta, desde que caminho/configuracao seja preservado ou migrado"
Figuras\Lavfacil\Prod328.bmp,.bmp,9830,2011-08-18T08:02:48,logos/figuras,"alta, desde que caminho/configuracao seja preservado ou migrado"
Figuras\Lavfacil\Prod329.BMP,.bmp,10640,2006-09-18T10:54:36,logos/figuras,"alta, desde que caminho/configuracao seja preservado ou migrado"
Figuras\Lavfacil\Prod330.bmp,.bmp,10638,2011-08-18T07:41:18,logos/figuras,"alta, desde que caminho/configuracao seja preservado ou migrado"
Figuras\Lavfacil\Prod331.bmp,.bmp,10638,2011-08-18T07:42:14,logos/figuras,"alta, desde que caminho/configuracao seja preservado ou migrado"
Figuras\Lavfacil\Prod332.BMP,.bmp,10640,2011-01-07T09:28:40,logos/figuras,"alta, desde que caminho/configuracao seja preservado ou migrado"
Figuras\Lavfacil\Prod333.bmp,.bmp,14096,2006-08-25T17:17:52,logos/figuras,"alta, desde que caminho/configuracao seja preservado ou migrado"
Figuras\Lavfacil\Prod334.bmp,.bmp,14096,2006-09-21T16:50:38,logos/figuras,"alta, desde que caminho/configuracao seja preservado ou migrado"
Figuras\Lavfacil\Prod335.bmp,.bmp,14576,2007-08-13T10:12:32,logos/figuras,"alta, desde que caminho/configuracao seja preservado ou migrado"
Figuras\Lavfacil\Prod336.bmp,.bmp,14096,2006-09-08T11:14:06,logos/figuras,"alta, desde que caminho/configuracao seja preservado ou migrado"
Figuras\Lavfacil\Prod337.bmp,.bmp,14096,2006-09-21T16:51:46,logos/figuras,"alta, desde que caminho/configuracao seja preservado ou migrado"
Figuras\Lavfacil\Prod338.bmp,.bmp,14096,2006-08-27T16:14:02,logos/figuras,"alta, desde que caminho/configuracao seja preservado ou migrado"
Figuras\Lavfacil\Prod339.bmp,.bmp,14576,2007-08-09T10:22:28,logos/figuras,"alta, desde que caminho/configuracao seja preservado ou migrado"
Figuras\Lavfacil\Prod340.bmp,.bmp,14576,2007-08-09T10:16:40,logos/figuras,"alta, desde que caminho/configuracao seja preservado ou migrado"
Figuras\Lavfacil\Prod341.bmp,.bmp,14576,2007-08-09T10:21:30,logos/figuras,"alta, desde que caminho/configuracao seja preservado ou migrado"
Figuras\Lavfacil\Prod342.bmp,.bmp,14096,2006-09-21T15:20:56,logos/figuras,"alta, desde que caminho/configuracao seja preservado ou migrado"
Figuras\Lavfacil\Prod343.bmp,.bmp,9830,2011-08-18T13:18:34,logos/figuras,"alta, desde que caminho/configuracao seja preservado ou migrado"
Figuras\Lavfacil\Prod344.bmp,.bmp,14576,2007-08-14T14:54:50,logos/figuras,"alta, desde que caminho/configuracao seja preservado ou migrado"
Figuras\Lavfacil\Prod345.bmp,.bmp,14576,2007-08-09T10:15:24,logos/figuras,"alta, desde que caminho/configuracao seja preservado ou migrado"
Figuras\Lavfacil\Prod346.bmp,.bmp,14576,2007-08-09T10:15:50,logos/figuras,"alta, desde que caminho/configuracao seja preservado ou migrado"
Figuras\Lavfacil\Prod347.bmp,.bmp,10638,2007-08-25T10:59:26,logos/figuras,"alta, desde que caminho/configuracao seja preservado ou migrado"
Figuras\Lavfacil\Prod348.bmp,.bmp,14096,2006-09-06T15:40:30,logos/figuras,"alta, desde que caminho/configuracao seja preservado ou migrado"
Figuras\Lavfacil\Prod349.bmp,.bmp,10638,2007-10-15T13:30:04,logos/figuras,"alta, desde que caminho/configuracao seja preservado ou migrado"
Figuras\Lavfacil\Prod350.bmp,.bmp,14096,2006-09-21T17:27:44,logos/figuras,"alta, desde que caminho/configuracao seja preservado ou migrado"
Figuras\Lavfacil\Prod351.bmp,.bmp,9830,2011-08-18T08:32:20,logos/figuras,"alta, desde que caminho/configuracao seja preservado ou migrado"
Figuras\Lavfacil\Prod352.bmp,.bmp,9830,2011-08-18T08:35:44,logos/figuras,"alta, desde que caminho/configuracao seja preservado ou migrado"
Figuras\Lavfacil\Prod353.bmp,.bmp,10638,2007-08-07T11:32:56,logos/figuras,"alta, desde que caminho/configuracao seja preservado ou migrado"
Figuras\Lavfacil\Prod354.bmp,.bmp,14096,2006-09-04T19:37:52,logos/figuras,"alta, desde que caminho/configuracao seja preservado ou migrado"
Figuras\Lavfacil\Prod355.bmp,.bmp,14576,2007-08-13T18:25:04,logos/figuras,"alta, desde que caminho/configuracao seja preservado ou migrado"
Figuras\Lavfacil\Prod356.bmp,.bmp,14576,2007-08-13T18:24:26,logos/figuras,"alta, desde que caminho/configuracao seja preservado ou migrado"
Figuras\Lavfacil\Prod357.bmp,.bmp,14576,2007-08-14T12:34:28,logos/figuras,"alta, desde que caminho/configuracao seja preservado ou migrado"
Figuras\Lavfacil\Prod358.bmp,.bmp,14576,2007-08-14T12:33:18,logos/figuras,"alta, desde que caminho/configuracao seja preservado ou migrado"
Figuras\Lavfacil\Prod359.bmp,.bmp,11054,2007-08-24T23:45:48,logos/figuras,"alta, desde que caminho/configuracao seja preservado ou migrado"
Figuras\Lavfacil\Prod360.bmp,.bmp,14096,2006-09-21T16:59:34,logos/figuras,"alta, desde que caminho/configuracao seja preservado ou migrado"
Figuras\Lavfacil\Prod361.bmp,.bmp,10638,2007-08-24T21:03:50,logos/figuras,"alta, desde que caminho/configuracao seja preservado ou migrado"
Figuras\Lavfacil\Prod362.bmp,.bmp,14096,2006-09-08T11:11:16,logos/figuras,"alta, desde que caminho/configuracao seja preservado ou migrado"
Figuras\Lavfacil\prod363.bmp,.bmp,10638,2011-08-18T08:12:16,logos/figuras,"alta, desde que caminho/configuracao seja preservado ou migrado"
Figuras\Lavfacil\Prod364.bmp,.bmp,10638,2007-08-07T12:08:02,logos/figuras,"alta, desde que caminho/configuracao seja preservado ou migrado"
Figuras\Lavfacil\Prod365.bmp,.bmp,14096,2006-09-21T17:00:30,logos/figuras,"alta, desde que caminho/configuracao seja preservado ou migrado"
Figuras\Lavfacil\Prod366.bmp,.bmp,10638,2007-08-07T09:38:36,logos/figuras,"alta, desde que caminho/configuracao seja preservado ou migrado"
Figuras\Lavfacil\prod367.bmp,.bmp,14096,2006-09-08T11:07:38,logos/figuras,"alta, desde que caminho/configuracao seja preservado ou migrado"
Figuras\Lavfacil\Prod368.bmp,.bmp,13880,2006-08-09T10:50:26,logos/figuras,"alta, desde que caminho/configuracao seja preservado ou migrado"
Figuras\Lavfacil\Prod369.bmp,.bmp,14096,2006-09-06T17:49:24,logos/figuras,"alta, desde que caminho/configuracao seja preservado ou migrado"
Figuras\Lavfacil\Prod370.bmp,.bmp,14096,2006-09-04T18:35:26,logos/figuras,"alta, desde que caminho/configuracao seja preservado ou migrado"
Figuras\Lavfacil\Prod371.BMP,.bmp,10640,2006-09-18T10:55:56,logos/figuras,"alta, desde que caminho/configuracao seja preservado ou migrado"
Figuras\Lavfacil\Prod372.bmp,.bmp,14576,2007-08-09T17:51:12,logos/figuras,"alta, desde que caminho/configuracao seja preservado ou migrado"
Figuras\Lavfacil\Prod373.bmp,.bmp,14576,2007-08-13T18:28:06,logos/figuras,"alta, desde que caminho/configuracao seja preservado ou migrado"
Figuras\Lavfacil\Prod374.bmp,.bmp,14576,2007-08-14T18:46:40,logos/figuras,"alta, desde que caminho/configuracao seja preservado ou migrado"
Figuras\Lavfacil\Prod375.bmp,.bmp,14576,2007-08-14T18:47:26,logos/figuras,"alta, desde que caminho/configuracao seja preservado ou migrado"
Figuras\Lavfacil\Prod376.bmp,.bmp,14576,2007-08-14T18:47:02,logos/figuras,"alta, desde que caminho/configuracao seja preservado ou migrado"
Figuras\Lavfacil\Prod377.bmp,.bmp,14576,2007-08-13T18:24:48,logos/figuras,"alta, desde que caminho/configuracao seja preservado ou migrado"
Figuras\Lavfacil\Prod378.bmp,.bmp,14576,2007-08-13T18:11:46,logos/figuras,"alta, desde que caminho/configuracao seja preservado ou migrado"
Figuras\Lavfacil\Prod379.bmp,.bmp,14576,2007-08-14T12:33:42,logos/figuras,"alta, desde que caminho/configuracao seja preservado ou migrado"
Figuras\Lavfacil\Prod380.bmp,.bmp,14576,2007-08-13T10:13:52,logos/figuras,"alta, desde que caminho/configuracao seja preservado ou migrado"
Figuras\Lavfacil\Prod381.bmp,.bmp,14096,2006-09-06T16:06:54,logos/figuras,"alta, desde que caminho/configuracao seja preservado ou migrado"
Figuras\Lavfacil\Prod382.bmp,.bmp,10638,2007-08-07T12:08:48,logos/figuras,"alta, desde que caminho/configuracao seja preservado ou migrado"
Figuras\Lavfacil\Prod383.bmp,.bmp,10640,2011-01-07T09:25:14,logos/figuras,"alta, desde que caminho/configuracao seja preservado ou migrado"
Figuras\Lavfacil\prod384.bmp,.bmp,10638,2011-08-18T08:11:08,logos/figuras,"alta, desde que caminho/configuracao seja preservado ou migrado"
Figuras\Lavfacil\Prod385.bmp,.bmp,14576,2007-08-08T15:51:40,logos/figuras,"alta, desde que caminho/configuracao seja preservado ou migrado"
Figuras\Lavfacil\Prod386.bmp,.bmp,10640,2011-01-07T10:36:18,logos/figuras,"alta, desde que caminho/configuracao seja preservado ou migrado"
Figuras\Lavfacil\Prod387.bmp,.bmp,14096,2006-09-21T15:24:10,logos/figuras,"alta, desde que caminho/configuracao seja preservado ou migrado"
Figuras\Lavfacil\Prod388.bmp,.bmp,9830,2011-06-21T07:05:24,logos/figuras,"alta, desde que caminho/configuracao seja preservado ou migrado"
Figuras\Lavfacil\Prod389.bmp,.bmp,9830,2011-06-21T06:52:56,logos/figuras,"alta, desde que caminho/configuracao seja preservado ou migrado"
Figuras\Lavfacil\Prod391.bmp,.bmp,9830,2011-08-18T14:20:50,logos/figuras,"alta, desde que caminho/configuracao seja preservado ou migrado"
Figuras\Lavfacil\Prod392.bmp,.bmp,9830,2011-09-06T11:15:14,logos/figuras,"alta, desde que caminho/configuracao seja preservado ou migrado"
Figuras\Lavfacil\Prod393.bmp,.bmp,9830,2011-09-06T11:16:28,logos/figuras,"alta, desde que caminho/configuracao seja preservado ou migrado"
Figuras\Lavfacil\Prod394.bmp,.bmp,14096,2006-09-21T14:34:58,logos/figuras,"alta, desde que caminho/configuracao seja preservado ou migrado"
Figuras\Lavfacil\Prod395.bmp,.bmp,10638,2007-08-25T10:46:00,logos/figuras,"alta, desde que caminho/configuracao seja preservado ou migrado"
Figuras\Lavfacil\Prod396.bmp,.bmp,10638,2007-08-25T10:52:36,logos/figuras,"alta, desde que caminho/configuracao seja preservado ou migrado"
Figuras\Lavfacil\Prod397.bmp,.bmp,9830,2011-08-18T14:17:30,logos/figuras,"alta, desde que caminho/configuracao seja preservado ou migrado"
Figuras\Lavfacil\Prod398.bmp,.bmp,9830,2011-08-18T09:04:12,logos/figuras,"alta, desde que caminho/configuracao seja preservado ou migrado"
Figuras\Lavfacil\Prod399.bmp,.bmp,14096,2006-08-28T07:59:58,logos/figuras,"alta, desde que caminho/configuracao seja preservado ou migrado"
Figuras\Lavfacil\Prod400.bmp,.bmp,10638,2011-08-18T14:54:12,logos/figuras,"alta, desde que caminho/configuracao seja preservado ou migrado"
Figuras\Lavfacil\Prod401.bmp,.bmp,14096,2006-08-25T14:06:48,logos/figuras,"alta, desde que caminho/configuracao seja preservado ou migrado"
Figuras\Lavfacil\Prod402.bmp,.bmp,10638,2007-08-25T11:04:00,logos/figuras,"alta, desde que caminho/configuracao seja preservado ou migrado"
Figuras\Lavfacil\Prod403.bmp,.bmp,14096,2006-08-27T11:39:30,logos/figuras,"alta, desde que caminho/configuracao seja preservado ou migrado"
Figuras\Lavfacil\Prod404.bmp,.bmp,9830,2011-08-18T12:20:04,logos/figuras,"alta, desde que caminho/configuracao seja preservado ou migrado"
Figuras\Lavfacil\Prod405.bmp,.bmp,9830,2011-08-18T13:45:46,logos/figuras,"alta, desde que caminho/configuracao seja preservado ou migrado"
Figuras\Lavfacil\Prod406.bmp,.bmp,10638,2011-05-04T13:29:38,logos/figuras,"alta, desde que caminho/configuracao seja preservado ou migrado"
Figuras\Lavfacil\Prod407.bmp,.bmp,14576,2007-08-07T10:51:14,logos/figuras,"alta, desde que caminho/configuracao seja preservado ou migrado"
Figuras\Lavfacil\Prod408.bmp,.bmp,10638,2007-08-24T16:21:00,logos/figuras,"alta, desde que caminho/configuracao seja preservado ou migrado"
Figuras\Lavfacil\Prod409.BMP,.bmp,10640,2006-09-19T07:55:26,logos/figuras,"alta, desde que caminho/configuracao seja preservado ou migrado"
Figuras\Lavfacil\Prod411.bmp,.bmp,14096,2006-09-08T10:46:04,logos/figuras,"alta, desde que caminho/configuracao seja preservado ou migrado"
Figuras\Lavfacil\Prod417.bmp,.bmp,10638,2011-08-18T06:32:54,logos/figuras,"alta, desde que caminho/configuracao seja preservado ou migrado"
Figuras\Lavfacil\Prod418.BMP,.bmp,10640,2006-09-19T07:52:44,logos/figuras,"alta, desde que caminho/configuracao seja preservado ou migrado"
Figuras\Lavfacil\Prod419.bmp,.bmp,11054,2009-08-31T15:20:38,logos/figuras,"alta, desde que caminho/configuracao seja preservado ou migrado"
Figuras\Lavfacil\Prod420.bmp,.bmp,11054,2007-08-09T19:43:14,logos/figuras,"alta, desde que caminho/configuracao seja preservado ou migrado"
Figuras\Lavfacil\Prod421.bmp,.bmp,10638,2011-08-18T06:29:46,logos/figuras,"alta, desde que caminho/configuracao seja preservado ou migrado"
Figuras\Lavfacil\Prod422.bmp,.bmp,10638,2008-05-23T06:36:30,logos/figuras,"alta, desde que caminho/configuracao seja preservado ou migrado"
Figuras\Lavfacil\Prod423.bmp,.bmp,10638,2008-05-23T06:52:24,logos/figuras,"alta, desde que caminho/configuracao seja preservado ou migrado"
Figuras\Lavfacil\Prod424.bmp,.bmp,9830,2011-08-18T12:30:22,logos/figuras,"alta, desde que caminho/configuracao seja preservado ou migrado"
Figuras\Lavfacil\Prod425.bmp,.bmp,14096,2006-09-21T15:08:16,logos/figuras,"alta, desde que caminho/configuracao seja preservado ou migrado"
Figuras\Lavfacil\Prod426.bmp,.bmp,10638,2011-08-18T12:58:30,logos/figuras,"alta, desde que caminho/configuracao seja preservado ou migrado"
Figuras\Lavfacil\Prod427.bmp,.bmp,14096,2006-08-31T16:57:44,logos/figuras,"alta, desde que caminho/configuracao seja preservado ou migrado"
Figuras\Lavfacil\Prod428.bmp,.bmp,14096,2006-08-25T13:04:10,logos/figuras,"alta, desde que caminho/configuracao seja preservado ou migrado"
Figuras\Lavfacil\Prod429.bmp,.bmp,14096,2006-08-31T16:59:20,logos/figuras,"alta, desde que caminho/configuracao seja preservado ou migrado"
Figuras\Lavfacil\Prod430.bmp,.bmp,14096,2006-09-21T15:10:54,logos/figuras,"alta, desde que caminho/configuracao seja preservado ou migrado"
Figuras\Lavfacil\Prod431.bmp,.bmp,10638,2011-08-18T07:45:46,logos/figuras,"alta, desde que caminho/configuracao seja preservado ou migrado"
Figuras\Lavfacil\Prod432.bmp,.bmp,10638,2011-08-18T11:55:58,logos/figuras,"alta, desde que caminho/configuracao seja preservado ou migrado"
Figuras\Lavfacil\Prod433.bmp,.bmp,10638,2011-08-18T07:40:06,logos/figuras,"alta, desde que caminho/configuracao seja preservado ou migrado"
Figuras\Lavfacil\Prod434.bmp,.bmp,10638,2007-08-24T17:06:00,logos/figuras,"alta, desde que caminho/configuracao seja preservado ou migrado"
Figuras\Lavfacil\Prod435.bmp,.bmp,14096,2006-09-06T09:08:50,logos/figuras,"alta, desde que caminho/configuracao seja preservado ou migrado"
Figuras\Lavfacil\Prod436.bmp,.bmp,10638,2011-08-18T07:56:56,logos/figuras,"alta, desde que caminho/configuracao seja preservado ou migrado"
Figuras\Lavfacil\Prod437.bmp,.bmp,10638,2007-10-05T08:51:56,logos/figuras,"alta, desde que caminho/configuracao seja preservado ou migrado"
Figuras\Lavfacil\Prod438.bmp,.bmp,10638,2011-08-18T06:54:48,logos/figuras,"alta, desde que caminho/configuracao seja preservado ou migrado"
Figuras\Lavfacil\Prod439.bmp,.bmp,10638,2011-08-18T07:26:58,logos/figuras,"alta, desde que caminho/configuracao seja preservado ou migrado"
Figuras\Lavfacil\Prod440.bmp,.bmp,10638,2011-08-18T06:57:08,logos/figuras,"alta, desde que caminho/configuracao seja preservado ou migrado"
Figuras\Lavfacil\Prod441.bmp,.bmp,11054,2011-08-18T06:36:44,logos/figuras,"alta, desde que caminho/configuracao seja preservado ou migrado"
Figuras\Lavfacil\Prod442.bmp,.bmp,10640,2006-09-26T08:39:26,logos/figuras,"alta, desde que caminho/configuracao seja preservado ou migrado"
Figuras\Lavfacil\Prod443.bmp,.bmp,14576,2007-08-09T15:52:08,logos/figuras,"alta, desde que caminho/configuracao seja preservado ou migrado"
Figuras\Lavfacil\Prod444.bmp,.bmp,10638,2007-08-24T13:57:06,logos/figuras,"alta, desde que caminho/configuracao seja preservado ou migrado"
Figuras\Lavfacil\Prod445.bmp,.bmp,11054,2011-08-18T07:00:50,logos/figuras,"alta, desde que caminho/configuracao seja preservado ou migrado"
Figuras\Lavfacil\Prod446.bmp,.bmp,11054,2011-08-18T08:40:56,logos/figuras,"alta, desde que caminho/configuracao seja preservado ou migrado"
Figuras\Lavfacil\Prod447.bmp,.bmp,10638,2011-08-18T08:39:10,logos/figuras,"alta, desde que caminho/configuracao seja preservado ou migrado"
Figuras\Lavfacil\Prod448.bmp,.bmp,11054,2011-08-18T13:51:34,logos/figuras,"alta, desde que caminho/configuracao seja preservado ou migrado"
Figuras\Lavfacil\Prod449.bmp,.bmp,11054,2007-08-24T23:29:30,logos/figuras,"alta, desde que caminho/configuracao seja preservado ou migrado"
Figuras\Lavfacil\Prod4490.bmp,.bmp,11054,2007-08-24T23:29:30,logos/figuras,"alta, desde que caminho/configuracao seja preservado ou migrado"
Figuras\Lavfacil\Prod450.bmp,.bmp,13880,2006-08-09T10:46:08,logos/figuras,"alta, desde que caminho/configuracao seja preservado ou migrado"
Figuras\Lavfacil\Prod451.bmp,.bmp,13880,2006-08-09T10:46:08,logos/figuras,"alta, desde que caminho/configuracao seja preservado ou migrado"
Figuras\Lavfacil\prod452.bmp,.bmp,10638,2007-08-09T18:52:00,logos/figuras,"alta, desde que caminho/configuracao seja preservado ou migrado"
Figuras\Lavfacil\Prod453.bmp,.bmp,13880,2006-08-09T10:46:08,logos/figuras,"alta, desde que caminho/configuracao seja preservado ou migrado"
Figuras\Lavfacil\Prod454.bmp,.bmp,13880,2006-08-09T10:46:08,logos/figuras,"alta, desde que caminho/configuracao seja preservado ou migrado"
Figuras\Lavfacil\prod455.bmp,.bmp,14096,2006-08-28T19:10:24,logos/figuras,"alta, desde que caminho/configuracao seja preservado ou migrado"
Figuras\Lavfacil\Prod456.bmp,.bmp,13880,2006-08-09T10:46:08,logos/figuras,"alta, desde que caminho/configuracao seja preservado ou migrado"
Figuras\Lavfacil\Prod457.bmp,.bmp,13880,2006-08-09T10:46:08,logos/figuras,"alta, desde que caminho/configuracao seja preservado ou migrado"
Figuras\Lavfacil\Prod459.bmp,.bmp,13880,2006-08-09T10:46:08,logos/figuras,"alta, desde que caminho/configuracao seja preservado ou migrado"
Figuras\Lavfacil\Prod460.bmp,.bmp,13880,2006-08-09T10:46:08,logos/figuras,"alta, desde que caminho/configuracao seja preservado ou migrado"
Figuras\Lavfacil\Prod461.bmp,.bmp,13880,2006-08-09T10:46:08,logos/figuras,"alta, desde que caminho/configuracao seja preservado ou migrado"
Figuras\Lavfacil\Prod462.bmp,.bmp,13880,2006-08-09T10:46:08,logos/figuras,"alta, desde que caminho/configuracao seja preservado ou migrado"
Figuras\Lavfacil\Prod465.bmp,.bmp,13880,2006-08-09T10:46:08,logos/figuras,"alta, desde que caminho/configuracao seja preservado ou migrado"
Figuras\Lavfacil\Prod466.bmp,.bmp,13880,2006-08-09T10:46:08,logos/figuras,"alta, desde que caminho/configuracao seja preservado ou migrado"
Figuras\Lavfacil\Prod467.bmp,.bmp,13880,2006-08-09T10:46:08,logos/figuras,"alta, desde que caminho/configuracao seja preservado ou migrado"
Figuras\Lavfacil\Prod468.bmp,.bmp,13880,2006-08-09T10:46:08,logos/figuras,"alta, desde que caminho/configuracao seja preservado ou migrado"
Figuras\Lavfacil\Prod469.bmp,.bmp,13880,2006-08-09T10:46:08,logos/figuras,"alta, desde que caminho/configuracao seja preservado ou migrado"
Figuras\Lavfacil\Prod470.bmp,.bmp,13880,2006-08-09T10:46:08,logos/figuras,"alta, desde que caminho/configuracao seja preservado ou migrado"
Figuras\Lavfacil\Prod472.bmp,.bmp,13880,2006-08-09T10:46:08,logos/figuras,"alta, desde que caminho/configuracao seja preservado ou migrado"
Figuras\Lavfacil\Prod475.bmp,.bmp,14576,2007-08-25T11:06:30,logos/figuras,"alta, desde que caminho/configuracao seja preservado ou migrado"
Figuras\Lavfacil\Prod476.bmp,.bmp,10638,2007-08-24T23:06:08,logos/figuras,"alta, desde que caminho/configuracao seja preservado ou migrado"
Figuras\Lavfacil\Prod477.bmp,.bmp,13880,2006-08-09T10:46:08,logos/figuras,"alta, desde que caminho/configuracao seja preservado ou migrado"
Figuras\Lavfacil\Prod478.bmp,.bmp,13880,2006-08-09T10:46:08,logos/figuras,"alta, desde que caminho/configuracao seja preservado ou migrado"
Figuras\Lavfacil\Prod479.bmp,.bmp,13880,2006-08-09T10:46:08,logos/figuras,"alta, desde que caminho/configuracao seja preservado ou migrado"
Figuras\Lavfacil\Prod480.bmp,.bmp,13880,2006-08-09T10:46:08,logos/figuras,"alta, desde que caminho/configuracao seja preservado ou migrado"
Figuras\Lavfacil\Prod481.bmp,.bmp,13880,2006-08-09T10:46:08,logos/figuras,"alta, desde que caminho/configuracao seja preservado ou migrado"
Figuras\Lavfacil\Prod482.bmp,.bmp,14576,2007-08-14T18:49:22,logos/figuras,"alta, desde que caminho/configuracao seja preservado ou migrado"
Figuras\Lavfacil\Prod483.bmp,.bmp,13880,2006-08-09T10:46:08,logos/figuras,"alta, desde que caminho/configuracao seja preservado ou migrado"
Figuras\Lavfacil\Prod484.bmp,.bmp,13880,2006-08-09T10:46:08,logos/figuras,"alta, desde que caminho/configuracao seja preservado ou migrado"
Figuras\Lavfacil\Prod485.bmp,.bmp,14096,2006-08-25T17:01:36,logos/figuras,"alta, desde que caminho/configuracao seja preservado ou migrado"
Figuras\Lavfacil\Prod486.bmp,.bmp,13880,2006-08-09T10:46:08,logos/figuras,"alta, desde que caminho/configuracao seja preservado ou migrado"
Figuras\Lavfacil\Prod487.bmp,.bmp,13880,2006-08-09T10:46:08,logos/figuras,"alta, desde que caminho/configuracao seja preservado ou migrado"
Figuras\Lavfacil\Prod488.bmp,.bmp,13880,2006-08-09T10:46:08,logos/figuras,"alta, desde que caminho/configuracao seja preservado ou migrado"
Figuras\Lavfacil\Prod489.bmp,.bmp,13880,2006-08-09T10:46:08,logos/figuras,"alta, desde que caminho/configuracao seja preservado ou migrado"
Figuras\Lavfacil\prod491.bmp,.bmp,14096,2006-09-21T17:08:54,logos/figuras,"alta, desde que caminho/configuracao seja preservado ou migrado"
Figuras\Lavfacil\Prod492.bmp,.bmp,13880,2006-08-09T10:46:08,logos/figuras,"alta, desde que caminho/configuracao seja preservado ou migrado"
Figuras\Lavfacil\Prod493.bmp,.bmp,14096,2006-09-21T14:39:34,logos/figuras,"alta, desde que caminho/configuracao seja preservado ou migrado"
Figuras\Lavfacil\Prod494.bmp,.bmp,14096,2006-09-21T14:39:34,logos/figuras,"alta, desde que caminho/configuracao seja preservado ou migrado"
Figuras\Lavfacil\Prod495.bmp,.bmp,10638,2010-05-04T09:37:38,logos/figuras,"alta, desde que caminho/configuracao seja preservado ou migrado"
Figuras\Lavfacil\Prod496.BMP,.bmp,10640,2006-09-11T16:46:52,logos/figuras,"alta, desde que caminho/configuracao seja preservado ou migrado"
Figuras\Lavfacil\Prod497.bmp,.bmp,10638,2011-06-20T13:26:52,logos/figuras,"alta, desde que caminho/configuracao seja preservado ou migrado"
Figuras\Lavfacil\Prod498.bmp,.bmp,14576,2007-08-07T11:02:08,logos/figuras,"alta, desde que caminho/configuracao seja preservado ou migrado"
Figuras\Lavfacil\Prod499.bmp,.bmp,10638,2011-08-18T07:11:42,logos/figuras,"alta, desde que caminho/configuracao seja preservado ou migrado"
Figuras\Lavfacil\Prod500.bmp,.bmp,10638,2011-08-18T07:06:20,logos/figuras,"alta, desde que caminho/configuracao seja preservado ou migrado"
Figuras\Lavfacil\Prod501.bmp,.bmp,14096,2006-09-21T07:44:14,logos/figuras,"alta, desde que caminho/configuracao seja preservado ou migrado"
Figuras\Lavfacil\Prod502.bmp,.bmp,10640,2006-09-08T16:33:56,logos/figuras,"alta, desde que caminho/configuracao seja preservado ou migrado"
Figuras\Lavfacil\Prod503.bmp,.bmp,14096,2006-08-25T14:20:50,logos/figuras,"alta, desde que caminho/configuracao seja preservado ou migrado"
Figuras\Lavfacil\Prod504.BMP,.bmp,14096,2006-09-21T15:38:18,logos/figuras,"alta, desde que caminho/configuracao seja preservado ou migrado"
Figuras\Lavfacil\Prod505.bmp,.bmp,14096,2006-09-21T14:36:02,logos/figuras,"alta, desde que caminho/configuracao seja preservado ou migrado"
Figuras\Lavfacil\Prod506.bmp,.bmp,14096,2006-09-21T16:40:10,logos/figuras,"alta, desde que caminho/configuracao seja preservado ou migrado"
Figuras\Lavfacil\Prod507.bmp,.bmp,14096,2006-08-27T11:36:12,logos/figuras,"alta, desde que caminho/configuracao seja preservado ou migrado"
Figuras\Lavfacil\Prod508.bmp,.bmp,14096,2006-09-21T16:44:42,logos/figuras,"alta, desde que caminho/configuracao seja preservado ou migrado"
Figuras\Lavfacil\Prod509.bmp,.bmp,14096,2006-08-28T09:58:34,logos/figuras,"alta, desde que caminho/configuracao seja preservado ou migrado"
Figuras\Lavfacil\Prod510.bmp,.bmp,14096,2006-08-25T17:29:08,logos/figuras,"alta, desde que caminho/configuracao seja preservado ou migrado"
Figuras\Lavfacil\Prod511.bmp,.bmp,14576,2007-08-13T16:25:46,logos/figuras,"alta, desde que caminho/configuracao seja preservado ou migrado"
Figuras\Lavfacil\Prod512.bmp,.bmp,14096,2011-03-17T07:13:12,logos/figuras,"alta, desde que caminho/configuracao seja preservado ou migrado"
Figuras\Lavfacil\Prod513.bmp,.bmp,14096,2006-09-21T14:22:18,logos/figuras,"alta, desde que caminho/configuracao seja preservado ou migrado"
Figuras\Lavfacil\Prod514.bmp,.bmp,14576,2007-08-09T17:46:38,logos/figuras,"alta, desde que caminho/configuracao seja preservado ou migrado"
Figuras\Lavfacil\Prod515.bmp,.bmp,13448,2012-10-17T15:34:52,logos/figuras,"alta, desde que caminho/configuracao seja preservado ou migrado"
Figuras\Lavfacil\Prod516.bmp,.bmp,13448,2012-10-17T15:34:52,logos/figuras,"alta, desde que caminho/configuracao seja preservado ou migrado"
Figuras\Lavfacil\Prod517.bmp,.bmp,13448,2012-10-17T15:34:52,logos/figuras,"alta, desde que caminho/configuracao seja preservado ou migrado"
Figuras\Lavfacil\Prod518.bmp,.bmp,13448,2012-10-17T15:34:52,logos/figuras,"alta, desde que caminho/configuracao seja preservado ou migrado"
Figuras\Lavfacil\Prod519.bmp,.bmp,10638,2007-08-25T00:07:36,logos/figuras,"alta, desde que caminho/configuracao seja preservado ou migrado"
Figuras\Lavfacil\Prod520.bmp,.bmp,10638,2007-08-24T17:09:00,logos/figuras,"alta, desde que caminho/configuracao seja preservado ou migrado"
Figuras\Lavfacil\Prod521.bmp,.bmp,14096,2006-09-05T14:39:34,logos/figuras,"alta, desde que caminho/configuracao seja preservado ou migrado"
Figuras\Lavfacil\Prod521a.bmp,.bmp,11054,2007-08-24T22:51:46,logos/figuras,"alta, desde que caminho/configuracao seja preservado ou migrado"
Figuras\Lavfacil\Prod521b.bmp,.bmp,11054,2007-08-24T22:51:46,logos/figuras,"alta, desde que caminho/configuracao seja preservado ou migrado"
Figuras\Lavfacil\Prod522.bmp,.bmp,9830,2011-08-18T10:59:54,logos/figuras,"alta, desde que caminho/configuracao seja preservado ou migrado"
Figuras\Lavfacil\Prod523.bmp,.bmp,10422,2013-08-29T15:21:54,logos/figuras,"alta, desde que caminho/configuracao seja preservado ou migrado"
Figuras\Lavfacil\Prod523a.bmp,.bmp,10638,2007-08-24T19:23:18,logos/figuras,"alta, desde que caminho/configuracao seja preservado ou migrado"
Figuras\Lavfacil\Prod524.bmp,.bmp,14096,2006-08-31T16:57:44,logos/figuras,"alta, desde que caminho/configuracao seja preservado ou migrado"
Figuras\Lavfacil\Prod525.bmp,.bmp,10638,2011-08-18T07:06:20,logos/figuras,"alta, desde que caminho/configuracao seja preservado ou migrado"
Figuras\Lavfacil\Prod526.bmp,.bmp,10638,2007-08-24T19:17:00,logos/figuras,"alta, desde que caminho/configuracao seja preservado ou migrado"
Figuras\Lavfacil\Prod527.bmp,.bmp,14576,2007-08-08T18:12:26,logos/figuras,"alta, desde que caminho/configuracao seja preservado ou migrado"
Figuras\Lavfacil\Prod528.bmp,.bmp,14096,2006-08-27T11:36:12,logos/figuras,"alta, desde que caminho/configuracao seja preservado ou migrado"
Figuras\Lavfacil\Prod529.bmp,.bmp,13880,2006-08-09T10:46:08,logos/figuras,"alta, desde que caminho/configuracao seja preservado ou migrado"
Figuras\Lavfacil\Prod530.bmp,.bmp,13880,2006-08-09T10:46:08,logos/figuras,"alta, desde que caminho/configuracao seja preservado ou migrado"
Figuras\Lavfacil\Prod531.bmp,.bmp,14096,2006-09-21T16:51:46,logos/figuras,"alta, desde que caminho/configuracao seja preservado ou migrado"
Figuras\Lavfacil\Prod532.bmp,.bmp,10638,2007-08-24T13:55:40,logos/figuras,"alta, desde que caminho/configuracao seja preservado ou migrado"
Figuras\Lavfacil\Prod533.bmp,.bmp,10638,2013-09-13T13:38:12,logos/figuras,"alta, desde que caminho/configuracao seja preservado ou migrado"
Figuras\Lavfacil\Prod534.bmp,.bmp,14096,2006-08-25T14:27:18,logos/figuras,"alta, desde que caminho/configuracao seja preservado ou migrado"
Figuras\Lavfacil\Prod535.bmp,.bmp,9830,2008-09-25T11:22:18,logos/figuras,"alta, desde que caminho/configuracao seja preservado ou migrado"
Figuras\Lavfacil\Prod536.bmp,.bmp,14094,2008-01-22T07:55:52,logos/figuras,"alta, desde que caminho/configuracao seja preservado ou migrado"
Figuras\Lavfacil\Prod537.bmp,.bmp,10640,2006-09-13T11:08:24,logos/figuras,"alta, desde que caminho/configuracao seja preservado ou migrado"
Figuras\Lavfacil\Prod538.bmp,.bmp,14096,2006-08-25T10:04:10,logos/figuras,"alta, desde que caminho/configuracao seja preservado ou migrado"
Figuras\Lavfacil\Prod539.bmp,.bmp,14096,2006-08-25T12:06:20,logos/figuras,"alta, desde que caminho/configuracao seja preservado ou migrado"
Figuras\Lavfacil\Prod540.bmp,.bmp,14096,2007-09-24T05:21:52,logos/figuras,"alta, desde que caminho/configuracao seja preservado ou migrado"
Figuras\Lavfacil\Prod541.bmp,.bmp,14096,2013-10-22T06:32:14,logos/figuras,"alta, desde que caminho/configuracao seja preservado ou migrado"
Figuras\Lavfacil\Prod542.bmp,.bmp,14096,2006-08-25T10:01:48,logos/figuras,"alta, desde que caminho/configuracao seja preservado ou migrado"
Figuras\Lavfacil\Prod543.BMP,.bmp,14096,2006-08-25T12:27:20,logos/figuras,"alta, desde que caminho/configuracao seja preservado ou migrado"
Figuras\Lavfacil\Prod544.bmp,.bmp,10640,2006-09-13T11:13:26,logos/figuras,"alta, desde que caminho/configuracao seja preservado ou migrado"
Figuras\Lavfacil\Prod545.BMP,.bmp,10640,2006-09-13T11:13:26,logos/figuras,"alta, desde que caminho/configuracao seja preservado ou migrado"
Figuras\Lavfacil\Prod546.bmp,.bmp,14096,2006-08-27T11:36:12,logos/figuras,"alta, desde que caminho/configuracao seja preservado ou migrado"
Figuras\Lavfacil\Prod547.bmp,.bmp,13446,2011-03-07T09:34:44,logos/figuras,"alta, desde que caminho/configuracao seja preservado ou migrado"
Figuras\Lavfacil\Prod548.BMP,.bmp,10640,2006-09-13T11:13:26,logos/figuras,"alta, desde que caminho/configuracao seja preservado ou migrado"
Figuras\Lavfacil\Prod549.bmp,.bmp,14096,2006-09-21T16:40:10,logos/figuras,"alta, desde que caminho/configuracao seja preservado ou migrado"
Figuras\Lavfacil\Prod550.bmp,.bmp,14096,2006-09-05T14:39:34,logos/figuras,"alta, desde que caminho/configuracao seja preservado ou migrado"
Figuras\Lavfacil\Prod551.bmp,.bmp,10638,2011-08-18T07:06:20,logos/figuras,"alta, desde que caminho/configuracao seja preservado ou migrado"
Figuras\Lavfacil\Prod552.BMP,.bmp,10640,2006-09-18T11:45:34,logos/figuras,"alta, desde que caminho/configuracao seja preservado ou migrado"
Figuras\Lavfacil\Prod553.BMP,.bmp,10640,2006-09-18T10:51:54,logos/figuras,"alta, desde que caminho/configuracao seja preservado ou migrado"
Figuras\Lavfacil\Prod554.bmp,.bmp,10640,2011-01-07T09:25:14,logos/figuras,"alta, desde que caminho/configuracao seja preservado ou migrado"
Figuras\Lavfacil\Prod555.BMP,.bmp,10640,2006-09-18T10:54:36,logos/figuras,"alta, desde que caminho/configuracao seja preservado ou migrado"
Figuras\Lavfacil\Prod556.BMP,.bmp,10640,2006-09-18T10:55:14,logos/figuras,"alta, desde que caminho/configuracao seja preservado ou migrado"
Figuras\Lavfacil\Prod557.bmp,.bmp,10640,2011-01-07T09:28:40,logos/figuras,"alta, desde que caminho/configuracao seja preservado ou migrado"
Figuras\Lavfacil\Prod558.bmp,.bmp,14096,2006-09-21T15:10:10,logos/figuras,"alta, desde que caminho/configuracao seja preservado ou migrado"
Figuras\Lavfacil\Prod560.bmp,.bmp,10422,2014-04-03T08:30:44,logos/figuras,"alta, desde que caminho/configuracao seja preservado ou migrado"
Figuras\Lavfacil\Prod561.bmp,.bmp,14096,2012-10-09T15:33:52,logos/figuras,"alta, desde que caminho/configuracao seja preservado ou migrado"
Figuras\Lavfacil\prod561_altera.bmp,.bmp,10638,2007-08-24T21:23:42,logos/figuras,"alta, desde que caminho/configuracao seja preservado ou migrado"
Figuras\Lavfacil\Prod566.bmp,.bmp,14096,2007-11-26T10:32:38,logos/figuras,"alta, desde que caminho/configuracao seja preservado ou migrado"
Figuras\Lavfacil\Prod567.bmp,.bmp,14576,2007-08-14T18:48:10,logos/figuras,"alta, desde que caminho/configuracao seja preservado ou migrado"
Figuras\Lavfacil\Prod572.bmp,.bmp,14576,2007-08-14T18:48:28,logos/figuras,"alta, desde que caminho/configuracao seja preservado ou migrado"
Figuras\Lavfacil\Prod574.bmp,.bmp,9830,2011-03-30T15:40:40,logos/figuras,"alta, desde que caminho/configuracao seja preservado ou migrado"
Figuras\Lavfacil\prod575.bmp,.bmp,9830,2007-08-24T22:11:20,logos/figuras,"alta, desde que caminho/configuracao seja preservado ou migrado"
Figuras\Lavfacil\prod576.bmp,.bmp,9830,2007-08-24T15:30:50,logos/figuras,"alta, desde que caminho/configuracao seja preservado ou migrado"
Figuras\Lavfacil\Prod577.bmp,.bmp,11054,2007-08-24T23:14:16,logos/figuras,"alta, desde que caminho/configuracao seja preservado ou migrado"
Figuras\Lavfacil\Prod578.bmp,.bmp,10638,2007-08-24T16:24:12,logos/figuras,"alta, desde que caminho/configuracao seja preservado ou migrado"
Figuras\Lavfacil\Prod579.bmp,.bmp,14096,2007-08-24T22:31:34,logos/figuras,"alta, desde que caminho/configuracao seja preservado ou migrado"
Figuras\Lavfacil\Prod580.bmp,.bmp,10638,2007-08-24T22:32:06,logos/figuras,"alta, desde que caminho/configuracao seja preservado ou migrado"
Figuras\Lavfacil\Prod581.bmp,.bmp,10638,2007-08-24T22:32:44,logos/figuras,"alta, desde que caminho/configuracao seja preservado ou migrado"
Figuras\Lavfacil\Prod582.bmp,.bmp,11054,2009-05-20T09:33:14,logos/figuras,"alta, desde que caminho/configuracao seja preservado ou migrado"
Figuras\Lavfacil\Prod583.bmp,.bmp,14096,2006-09-21T17:10:10,logos/figuras,"alta, desde que caminho/configuracao seja preservado ou migrado"
Figuras\Lavfacil\prod585.bmp,.bmp,10638,2009-12-22T13:35:46,logos/figuras,"alta, desde que caminho/configuracao seja preservado ou migrado"
Figuras\Lavfacil\prod586.BMP,.bmp,10640,2006-09-13T13:08:24,logos/figuras,"alta, desde que caminho/configuracao seja preservado ou migrado"
Figuras\Lavfacil\prod587.bmp,.bmp,10638,2009-05-20T12:24:02,logos/figuras,"alta, desde que caminho/configuracao seja preservado ou migrado"
Figuras\Lavfacil\prod588.bmp,.bmp,10638,2009-05-20T12:24:54,logos/figuras,"alta, desde que caminho/configuracao seja preservado ou migrado"
Figuras\Lavfacil\prod589.bmp,.bmp,10638,2009-05-20T12:27:38,logos/figuras,"alta, desde que caminho/configuracao seja preservado ou migrado"
Figuras\Lavfacil\prod590.bmp,.bmp,10638,2009-05-20T12:27:10,logos/figuras,"alta, desde que caminho/configuracao seja preservado ou migrado"
Figuras\Lavfacil\Prod595.bmp,.bmp,10638,2007-08-24T15:28:02,logos/figuras,"alta, desde que caminho/configuracao seja preservado ou migrado"
Figuras\Lavfacil\Prod600.bmp,.bmp,10422,2007-10-15T05:14:26,logos/figuras,"alta, desde que caminho/configuracao seja preservado ou migrado"
Figuras\Lavfacil\prod601.bmp,.bmp,14096,2006-09-21T15:20:38,logos/figuras,"alta, desde que caminho/configuracao seja preservado ou migrado"
Figuras\Lavfacil\prod602.bmp,.bmp,14096,2006-09-21T15:20:26,logos/figuras,"alta, desde que caminho/configuracao seja preservado ou migrado"
Figuras\Lavfacil\prod608.bmp,.bmp,14096,2006-09-21T15:17:48,logos/figuras,"alta, desde que caminho/configuracao seja preservado ou migrado"
Figuras\Lavfacil\Prod609.bmp,.bmp,14096,2006-09-21T15:17:28,logos/figuras,"alta, desde que caminho/configuracao seja preservado ou migrado"
Figuras\Lavfacil\Prod610.BMP,.bmp,10638,2011-08-18T14:05:14,logos/figuras,"alta, desde que caminho/configuracao seja preservado ou migrado"
Figuras\Lavfacil\Prod611.BMP,.bmp,10640,2006-09-11T19:25:12,logos/figuras,"alta, desde que caminho/configuracao seja preservado ou migrado"
Figuras\Lavfacil\Prod613.bmp,.bmp,14096,2006-09-21T15:16:12,logos/figuras,"alta, desde que caminho/configuracao seja preservado ou migrado"
Figuras\Lavfacil\Prod614.bmp,.bmp,10638,2007-08-24T22:57:08,logos/figuras,"alta, desde que caminho/configuracao seja preservado ou migrado"
Figuras\Lavfacil\Prod615.bmp,.bmp,11054,2007-08-24T16:26:42,logos/figuras,"alta, desde que caminho/configuracao seja preservado ou migrado"
Figuras\Lavfacil\Prod616.bmp,.bmp,11054,2007-08-24T16:27:18,logos/figuras,"alta, desde que caminho/configuracao seja preservado ou migrado"
Figuras\Lavfacil\Prod617.bmp,.bmp,14576,2007-08-15T16:15:36,logos/figuras,"alta, desde que caminho/configuracao seja preservado ou migrado"
Figuras\Lavfacil\Prod618.bmp,.bmp,14096,2006-09-21T15:12:28,logos/figuras,"alta, desde que caminho/configuracao seja preservado ou migrado"
Figuras\Lavfacil\Prod619.bmp,.bmp,10638,2010-06-21T11:11:38,logos/figuras,"alta, desde que caminho/configuracao seja preservado ou migrado"
Figuras\Lavfacil\Prod620.bmp,.bmp,14096,2006-08-25T17:01:36,logos/figuras,"alta, desde que caminho/configuracao seja preservado ou migrado"
Figuras\Lavfacil\Prod623.bmp,.bmp,10638,2007-08-24T16:59:58,logos/figuras,"alta, desde que caminho/configuracao seja preservado ou migrado"
Figuras\Lavfacil\Prod699.bmp,.bmp,14096,2006-09-21T15:12:04,logos/figuras,"alta, desde que caminho/configuracao seja preservado ou migrado"
Figuras\Lavfacil\Prod700.bmp,.bmp,14096,2006-09-04T17:01:22,logos/figuras,"alta, desde que caminho/configuracao seja preservado ou migrado"
Figuras\Lavfacil\Prod701.bmp,.bmp,14096,2006-09-04T17:10:56,logos/figuras,"alta, desde que caminho/configuracao seja preservado ou migrado"
Figuras\Lavfacil\Prod702.bmp,.bmp,14096,2006-09-04T17:03:04,logos/figuras,"alta, desde que caminho/configuracao seja preservado ou migrado"
Figuras\Lavfacil\Prod703.bmp,.bmp,14096,2007-08-15T12:19:02,logos/figuras,"alta, desde que caminho/configuracao seja preservado ou migrado"
Figuras\Lavfacil\Prod704.bmp,.bmp,14096,2006-09-04T17:09:24,logos/figuras,"alta, desde que caminho/configuracao seja preservado ou migrado"
Figuras\Lavfacil\Prod705.bmp,.bmp,14096,2007-08-15T12:35:12,logos/figuras,"alta, desde que caminho/configuracao seja preservado ou migrado"
Figuras\Lavfacil\Prod706.bmp,.bmp,14096,2006-09-04T17:04:30,logos/figuras,"alta, desde que caminho/configuracao seja preservado ou migrado"
Figuras\Lavfacil\Prod707.bmp,.bmp,14096,2006-09-04T17:05:58,logos/figuras,"alta, desde que caminho/configuracao seja preservado ou migrado"
Figuras\Lavfacil\Prod708.bmp,.bmp,14096,2006-09-04T17:07:00,logos/figuras,"alta, desde que caminho/configuracao seja preservado ou migrado"
Figuras\Lavfacil\Prod709.bmp,.bmp,14096,2006-09-04T17:55:20,logos/figuras,"alta, desde que caminho/configuracao seja preservado ou migrado"
Figuras\Lavfacil\Prod710.bmp,.bmp,14096,2006-08-25T11:37:22,logos/figuras,"alta, desde que caminho/configuracao seja preservado ou migrado"
Figuras\Lavfacil\Prod711.BMP,.bmp,10640,2006-09-13T12:38:24,logos/figuras,"alta, desde que caminho/configuracao seja preservado ou migrado"
Figuras\Lavfacil\Prod712.bmp,.bmp,14096,2006-09-04T17:06:40,logos/figuras,"alta, desde que caminho/configuracao seja preservado ou migrado"
Figuras\Lavfacil\Prod713.bmp,.bmp,14096,2006-09-04T17:02:42,logos/figuras,"alta, desde que caminho/configuracao seja preservado ou migrado"
Figuras\Lavfacil\Prod714.bmp,.bmp,14096,2007-08-15T12:01:46,logos/figuras,"alta, desde que caminho/configuracao seja preservado ou migrado"
Figuras\Lavfacil\Prod715.bmp,.bmp,14096,2007-08-15T16:23:56,logos/figuras,"alta, desde que caminho/configuracao seja preservado ou migrado"
Figuras\Lavfacil\Prod716.bmp,.bmp,14096,2007-08-15T16:20:02,logos/figuras,"alta, desde que caminho/configuracao seja preservado ou migrado"
Figuras\Lavfacil\Prod717.bmp,.bmp,10638,2009-03-03T15:57:44,logos/figuras,"alta, desde que caminho/configuracao seja preservado ou migrado"
Figuras\Lavfacil\Prod718.bmp,.bmp,10638,2008-04-28T16:12:54,logos/figuras,"alta, desde que caminho/configuracao seja preservado ou migrado"
Figuras\Lavfacil\Prod740.bmp,.bmp,14576,2007-08-09T10:21:04,logos/figuras,"alta, desde que caminho/configuracao seja preservado ou migrado"
Figuras\Lavfacil\Prod750.bmp,.bmp,13880,2007-09-24T05:21:56,logos/figuras,"alta, desde que caminho/configuracao seja preservado ou migrado"
Figuras\Lavfacil\Prod751.bmp,.bmp,17912,2007-11-23T05:57:58,logos/figuras,"alta, desde que caminho/configuracao seja preservado ou migrado"
Figuras\Lavfacil\Prod752.bmp,.bmp,13880,2011-03-28T14:32:12,logos/figuras,"alta, desde que caminho/configuracao seja preservado ou migrado"
Figuras\Lavfacil\Prod800.bmp,.bmp,13446,2011-03-07T12:11:30,logos/figuras,"alta, desde que caminho/configuracao seja preservado ou migrado"
Figuras\Lavfacil\Prod801.bmp,.bmp,14576,2007-08-09T10:16:16,logos/figuras,"alta, desde que caminho/configuracao seja preservado ou migrado"
Figuras\Lavfacil\Prod802.BMP,.bmp,10640,2006-09-11T19:17:22,logos/figuras,"alta, desde que caminho/configuracao seja preservado ou migrado"
Figuras\Lavfacil\Prod803.bmp,.bmp,14576,2007-08-08T18:03:14,logos/figuras,"alta, desde que caminho/configuracao seja preservado ou migrado"
Figuras\Lavfacil\Prod804.BMP,.bmp,10640,2006-09-11T18:48:52,logos/figuras,"alta, desde que caminho/configuracao seja preservado ou migrado"
Figuras\Lavfacil\Prod805.BMP,.bmp,10640,2006-09-11T19:01:34,logos/figuras,"alta, desde que caminho/configuracao seja preservado ou migrado"
Figuras\Lavfacil\Prod806.BMP,.bmp,10640,2006-09-11T18:36:34,logos/figuras,"alta, desde que caminho/configuracao seja preservado ou migrado"
Figuras\Lavfacil\Prod807.bmp,.bmp,14096,2006-08-25T13:04:10,logos/figuras,"alta, desde que caminho/configuracao seja preservado ou migrado"
Figuras\Lavfacil\Prod808.BMP,.bmp,10640,2006-09-11T18:39:44,logos/figuras,"alta, desde que caminho/configuracao seja preservado ou migrado"
Figuras\Lavfacil\Prod809.bmp,.bmp,10638,2007-08-24T22:42:50,logos/figuras,"alta, desde que caminho/configuracao seja preservado ou migrado"
Figuras\Lavfacil\Prod810.bmp,.bmp,14096,2006-09-21T17:20:38,logos/figuras,"alta, desde que caminho/configuracao seja preservado ou migrado"
Figuras\Lavfacil\Prod811.bmp,.bmp,14576,2007-08-15T18:16:36,logos/figuras,"alta, desde que caminho/configuracao seja preservado ou migrado"
Figuras\Lavfacil\Prod812.bmp,.bmp,14096,2006-08-25T13:07:22,logos/figuras,"alta, desde que caminho/configuracao seja preservado ou migrado"
Figuras\Lavfacil\Prod813.bmp,.bmp,14576,2007-08-14T18:48:10,logos/figuras,"alta, desde que caminho/configuracao seja preservado ou migrado"
Figuras\Lavfacil\Prod814.BMP,.bmp,10640,2006-09-11T19:11:22,logos/figuras,"alta, desde que caminho/configuracao seja preservado ou migrado"
Figuras\Lavfacil\Prod815.BMP,.bmp,10640,2006-09-11T19:25:56,logos/figuras,"alta, desde que caminho/configuracao seja preservado ou migrado"
Figuras\Lavfacil\Prod816.bmp,.bmp,14576,2007-08-08T18:12:26,logos/figuras,"alta, desde que caminho/configuracao seja preservado ou migrado"
Figuras\Lavfacil\Prod817.bmp,.bmp,14576,2007-08-07T09:48:10,logos/figuras,"alta, desde que caminho/configuracao seja preservado ou migrado"
Figuras\Lavfacil\Prod818.BMP,.bmp,14096,2007-08-25T11:07:02,logos/figuras,"alta, desde que caminho/configuracao seja preservado ou migrado"
Figuras\Lavfacil\Prod819.bmp,.bmp,14576,2007-08-09T17:47:02,logos/figuras,"alta, desde que caminho/configuracao seja preservado ou migrado"
Figuras\Lavfacil\Prod820.bmp,.bmp,14576,2007-08-08T18:19:08,logos/figuras,"alta, desde que caminho/configuracao seja preservado ou migrado"
Figuras\Lavfacil\Prod850.bmp,.bmp,17912,2007-07-18T12:12:42,logos/figuras,"alta, desde que caminho/configuracao seja preservado ou migrado"
Figuras\Lavfacil\Prod851.bmp,.bmp,17912,2007-07-18T12:32:24,logos/figuras,"alta, desde que caminho/configuracao seja preservado ou migrado"
Figuras\Lavfacil\Prod852.bmp,.bmp,17912,2007-07-20T10:46:54,logos/figuras,"alta, desde que caminho/configuracao seja preservado ou migrado"
Figuras\Lavfacil\Prod900.bmp,.bmp,13446,2011-03-07T07:38:24,logos/figuras,"alta, desde que caminho/configuracao seja preservado ou migrado"
Figuras\Lavfacil\Prod901.bmp,.bmp,17912,2007-07-23T10:21:54,logos/figuras,"alta, desde que caminho/configuracao seja preservado ou migrado"
Figuras\Lavfacil\Prod902.bmp,.bmp,17912,2007-07-18T12:33:54,logos/figuras,"alta, desde que caminho/configuracao seja preservado ou migrado"
Figuras\Lavfacil\Prod903.bmp,.bmp,17912,2007-07-19T11:12:52,logos/figuras,"alta, desde que caminho/configuracao seja preservado ou migrado"
Figuras\Lavfacil\Prod904.bmp,.bmp,17912,2007-07-19T11:08:30,logos/figuras,"alta, desde que caminho/configuracao seja preservado ou migrado"
Figuras\Lavfacil\Prod905.bmp,.bmp,17912,2007-08-09T11:01:54,logos/figuras,"alta, desde que caminho/configuracao seja preservado ou migrado"
Figuras\Lavfacil\Prod906.bmp,.bmp,17912,2007-07-18T12:33:10,logos/figuras,"alta, desde que caminho/configuracao seja preservado ou migrado"
Figuras\Lavfacil\Prod907.bmp,.bmp,17912,2007-07-19T10:35:20,logos/figuras,"alta, desde que caminho/configuracao seja preservado ou migrado"
Figuras\Lavfacil\Prod908.bmp,.bmp,17912,2007-07-19T10:33:30,logos/figuras,"alta, desde que caminho/configuracao seja preservado ou migrado"
Figuras\Lavfacil\Prod909.bmp,.bmp,13446,2011-03-07T07:20:30,logos/figuras,"alta, desde que caminho/configuracao seja preservado ou migrado"
Figuras\Lavfacil\Prod910.bmp,.bmp,17912,2007-07-18T18:28:08,logos/figuras,"alta, desde que caminho/configuracao seja preservado ou migrado"
Figuras\Lavfacil\Prod911.bmp,.bmp,17912,2007-07-19T10:39:40,logos/figuras,"alta, desde que caminho/configuracao seja preservado ou migrado"
Figuras\Lavfacil\Prod912.bmp,.bmp,17912,2007-07-19T10:44:50,logos/figuras,"alta, desde que caminho/configuracao seja preservado ou migrado"
Figuras\Lavfacil\Prod913.bmp,.bmp,17912,2007-08-09T11:21:10,logos/figuras,"alta, desde que caminho/configuracao seja preservado ou migrado"
Figuras\Lavfacil\Prod914.bmp,.bmp,17912,2007-07-19T11:56:38,logos/figuras,"alta, desde que caminho/configuracao seja preservado ou migrado"
Figuras\Lavfacil\Prod915.bmp,.bmp,17912,2007-07-19T11:45:58,logos/figuras,"alta, desde que caminho/configuracao seja preservado ou migrado"
Figuras\Lavfacil\Prod916.bmp,.bmp,17912,2007-07-19T12:05:12,logos/figuras,"alta, desde que caminho/configuracao seja preservado ou migrado"
Figuras\Lavfacil\Prod917.bmp,.bmp,17912,2007-07-16T12:19:00,logos/figuras,"alta, desde que caminho/configuracao seja preservado ou migrado"
Figuras\Lavfacil\Prod918.bmp,.bmp,17912,2007-07-16T12:38:46,logos/figuras,"alta, desde que caminho/configuracao seja preservado ou migrado"
Figuras\Lavfacil\Prod919.bmp,.bmp,17912,2007-07-18T15:23:54,logos/figuras,"alta, desde que caminho/configuracao seja preservado ou migrado"
Figuras\Lavfacil\Prod920.bmp,.bmp,17912,2007-07-18T15:20:06,logos/figuras,"alta, desde que caminho/configuracao seja preservado ou migrado"
Figuras\Lavfacil\Prod921.bmp,.bmp,17912,2007-07-18T15:33:22,logos/figuras,"alta, desde que caminho/configuracao seja preservado ou migrado"
Figuras\Lavfacil\Prod922.bmp,.bmp,17912,2007-07-19T12:00:16,logos/figuras,"alta, desde que caminho/configuracao seja preservado ou migrado"
Figuras\Lavfacil\Prod923.bmp,.bmp,17912,2007-08-08T12:05:36,logos/figuras,"alta, desde que caminho/configuracao seja preservado ou migrado"
Figuras\Lavfacil\Prod924.bmp,.bmp,17912,2007-07-19T10:54:16,logos/figuras,"alta, desde que caminho/configuracao seja preservado ou migrado"
Figuras\Lavfacil\Prod925.bmp,.bmp,17912,2007-07-16T12:28:46,logos/figuras,"alta, desde que caminho/configuracao seja preservado ou migrado"
Figuras\Lavfacil\Prod926.bmp,.bmp,17912,2007-07-19T16:53:36,logos/figuras,"alta, desde que caminho/configuracao seja preservado ou migrado"
Figuras\Lavfacil\Prod927.bmp,.bmp,17912,2007-07-18T10:17:10,logos/figuras,"alta, desde que caminho/configuracao seja preservado ou migrado"
Figuras\Lavfacil\Prod928.bmp,.bmp,17912,2007-07-18T15:41:06,logos/figuras,"alta, desde que caminho/configuracao seja preservado ou migrado"
Figuras\Lavfacil\Prod929.bmp,.bmp,17912,2007-07-20T11:52:30,logos/figuras,"alta, desde que caminho/configuracao seja preservado ou migrado"
Figuras\Lavfacil\Prod930.bmp,.bmp,13446,2011-03-07T08:55:10,logos/figuras,"alta, desde que caminho/configuracao seja preservado ou migrado"
Figuras\Lavfacil\Prod931.bmp,.bmp,17912,2007-07-20T11:36:10,logos/figuras,"alta, desde que caminho/configuracao seja preservado ou migrado"
Figuras\Lavfacil\Prod932.bmp,.bmp,17912,2007-07-20T11:45:08,logos/figuras,"alta, desde que caminho/configuracao seja preservado ou migrado"
Figuras\Lavfacil\Prod933.bmp,.bmp,17912,2007-07-20T11:25:42,logos/figuras,"alta, desde que caminho/configuracao seja preservado ou migrado"
Figuras\Lavfacil\Prod934.bmp,.bmp,17912,2007-07-20T11:56:04,logos/figuras,"alta, desde que caminho/configuracao seja preservado ou migrado"
Figuras\Lavfacil\Prod935.bmp,.bmp,17912,2007-07-20T12:09:14,logos/figuras,"alta, desde que caminho/configuracao seja preservado ou migrado"
Figuras\Lavfacil\Prod936.bmp,.bmp,17912,2007-07-23T11:33:34,logos/figuras,"alta, desde que caminho/configuracao seja preservado ou migrado"
Figuras\Lavfacil\Prod937.bmp,.bmp,13446,2011-03-07T12:05:06,logos/figuras,"alta, desde que caminho/configuracao seja preservado ou migrado"
Figuras\Lavfacil\Prod938.bmp,.bmp,17912,2007-07-23T10:49:02,logos/figuras,"alta, desde que caminho/configuracao seja preservado ou migrado"
Figuras\Lavfacil\Prod939.bmp,.bmp,17912,2007-08-08T12:05:36,logos/figuras,"alta, desde que caminho/configuracao seja preservado ou migrado"
Figuras\Lavfacil\Prod940.bmp,.bmp,17912,2007-07-20T12:21:00,logos/figuras,"alta, desde que caminho/configuracao seja preservado ou migrado"
Figuras\Lavfacil\Prod941.bmp,.bmp,17912,2007-07-23T11:21:50,logos/figuras,"alta, desde que caminho/configuracao seja preservado ou migrado"
Figuras\Lavfacil\Prod942.bmp,.bmp,17912,2007-07-23T11:27:48,logos/figuras,"alta, desde que caminho/configuracao seja preservado ou migrado"
Figuras\Lavfacil\Prod943.bmp,.bmp,17912,2007-07-20T12:05:00,logos/figuras,"alta, desde que caminho/configuracao seja preservado ou migrado"
Figuras\Lavfacil\Prod944.bmp,.bmp,17912,2007-07-23T12:03:32,logos/figuras,"alta, desde que caminho/configuracao seja preservado ou migrado"
Figuras\Lavfacil\Prod945.bmp,.bmp,13446,2011-03-07T09:34:44,logos/figuras,"alta, desde que caminho/configuracao seja preservado ou migrado"
Figuras\Lavfacil\Prod946.bmp,.bmp,17912,2007-07-23T11:44:12,logos/figuras,"alta, desde que caminho/configuracao seja preservado ou migrado"
Figuras\Lavfacil\Prod947.bmp,.bmp,17912,2007-07-23T16:04:12,logos/figuras,"alta, desde que caminho/configuracao seja preservado ou migrado"
Figuras\Lavfacil\Prod948.bmp,.bmp,17912,2007-07-23T15:56:30,logos/figuras,"alta, desde que caminho/configuracao seja preservado ou migrado"
Figuras\Lavfacil\Prod949.bmp,.bmp,17912,2007-07-23T16:04:10,logos/figuras,"alta, desde que caminho/configuracao seja preservado ou migrado"
Figuras\Lavfacil\Prod950.bmp,.bmp,17912,2007-07-23T15:10:16,logos/figuras,"alta, desde que caminho/configuracao seja preservado ou migrado"
Figuras\Lavfacil\Prod951.bmp,.bmp,17912,2007-07-20T16:21:02,logos/figuras,"alta, desde que caminho/configuracao seja preservado ou migrado"
Figuras\Lavfacil\Prod952.bmp,.bmp,17912,2007-07-20T16:25:26,logos/figuras,"alta, desde que caminho/configuracao seja preservado ou migrado"
Figuras\Lavfacil\Prod953.bmp,.bmp,17912,2007-07-20T18:25:50,logos/figuras,"alta, desde que caminho/configuracao seja preservado ou migrado"
Figuras\Lavfacil\Prod954.bmp,.bmp,13446,2011-03-07T09:13:42,logos/figuras,"alta, desde que caminho/configuracao seja preservado ou migrado"
Figuras\Lavfacil\Prod955.bmp,.bmp,17912,2007-07-20T18:23:06,logos/figuras,"alta, desde que caminho/configuracao seja preservado ou migrado"
Figuras\Lavfacil\Prod956.bmp,.bmp,17912,2007-07-20T10:52:12,logos/figuras,"alta, desde que caminho/configuracao seja preservado ou migrado"
Figuras\Lavfacil\Prod957.bmp,.bmp,17912,2007-07-20T10:00:18,logos/figuras,"alta, desde que caminho/configuracao seja preservado ou migrado"
Figuras\Lavfacil\Prod958.bmp,.bmp,17912,2007-07-20T09:50:46,logos/figuras,"alta, desde que caminho/configuracao seja preservado ou migrado"
Figuras\Lavfacil\Prod959.bmp,.bmp,13446,2011-03-07T09:31:30,logos/figuras,"alta, desde que caminho/configuracao seja preservado ou migrado"
Figuras\Lavfacil\Prod960.bmp,.bmp,13446,2011-03-07T08:50:02,logos/figuras,"alta, desde que caminho/configuracao seja preservado ou migrado"
Figuras\Lavfacil\Prod961.bmp,.bmp,17912,2007-07-20T11:00:16,logos/figuras,"alta, desde que caminho/configuracao seja preservado ou migrado"
Figuras\Lavfacil\Prod962.bmp,.bmp,17912,2007-07-23T10:18:22,logos/figuras,"alta, desde que caminho/configuracao seja preservado ou migrado"
Figuras\Lavfacil\Prod963.bmp,.bmp,17912,2007-07-23T10:08:42,logos/figuras,"alta, desde que caminho/configuracao seja preservado ou migrado"
Figuras\Lavfacil\Prod964.bmp,.bmp,17912,2007-07-23T10:07:50,logos/figuras,"alta, desde que caminho/configuracao seja preservado ou migrado"
Figuras\Lavfacil\Prod965.bmp,.bmp,17912,2007-07-23T10:06:54,logos/figuras,"alta, desde que caminho/configuracao seja preservado ou migrado"
Figuras\Lavfacil\Prod966.bmp,.bmp,17912,2007-07-23T10:05:50,logos/figuras,"alta, desde que caminho/configuracao seja preservado ou migrado"
Figuras\Lavfacil\Prod967.bmp,.bmp,13446,2011-03-07T11:30:18,logos/figuras,"alta, desde que caminho/configuracao seja preservado ou migrado"
Figuras\Lavfacil\Prod968.bmp,.bmp,13446,2011-03-07T09:17:12,logos/figuras,"alta, desde que caminho/configuracao seja preservado ou migrado"
Figuras\Lavfacil\Prod969.bmp,.bmp,17912,2007-07-20T17:39:22,logos/figuras,"alta, desde que caminho/configuracao seja preservado ou migrado"
Figuras\Lavfacil\Prod970.bmp,.bmp,17912,2007-07-19T17:57:38,logos/figuras,"alta, desde que caminho/configuracao seja preservado ou migrado"
Figuras\Lavfacil\Prod971.bmp,.bmp,17912,2007-07-19T18:05:14,logos/figuras,"alta, desde que caminho/configuracao seja preservado ou migrado"
Figuras\Lavfacil\Prod972.bmp,.bmp,17912,2007-07-19T17:34:28,logos/figuras,"alta, desde que caminho/configuracao seja preservado ou migrado"
Figuras\Lavfacil\Prod973.bmp,.bmp,17912,2007-07-19T17:29:46,logos/figuras,"alta, desde que caminho/configuracao seja preservado ou migrado"
Figuras\Lavfacil\Prod974.bmp,.bmp,17912,2007-07-19T17:51:44,logos/figuras,"alta, desde que caminho/configuracao seja preservado ou migrado"
Figuras\Lavfacil\Prod975.bmp,.bmp,17912,2007-07-19T17:24:10,logos/figuras,"alta, desde que caminho/configuracao seja preservado ou migrado"
Figuras\Lavfacil\Prod976.bmp,.bmp,13446,2011-03-07T07:06:18,logos/figuras,"alta, desde que caminho/configuracao seja preservado ou migrado"
Figuras\Lavfacil\Prod977.bmp,.bmp,17912,2007-08-08T11:26:18,logos/figuras,"alta, desde que caminho/configuracao seja preservado ou migrado"
Figuras\Lavfacil\Prod978.bmp,.bmp,17912,2007-07-19T17:12:26,logos/figuras,"alta, desde que caminho/configuracao seja preservado ou migrado"
Figuras\Lavfacil\Prod979.bmp,.bmp,17912,2007-07-19T17:59:12,logos/figuras,"alta, desde que caminho/configuracao seja preservado ou migrado"
Figuras\Lavfacil\Prod980.bmp,.bmp,13446,2011-03-07T08:18:30,logos/figuras,"alta, desde que caminho/configuracao seja preservado ou migrado"
Figuras\Lavfacil\Prod981.bmp,.bmp,17912,2007-07-18T17:43:24,logos/figuras,"alta, desde que caminho/configuracao seja preservado ou migrado"
Figuras\Lavfacil\Prod982.bmp,.bmp,17912,2007-07-18T17:58:52,logos/figuras,"alta, desde que caminho/configuracao seja preservado ou migrado"
Figuras\Lavfacil\Prod983.bmp,.bmp,17912,2007-07-18T16:05:54,logos/figuras,"alta, desde que caminho/configuracao seja preservado ou migrado"
Figuras\Lavfacil\Prod984.bmp,.bmp,17912,2007-07-18T17:53:54,logos/figuras,"alta, desde que caminho/configuracao seja preservado ou migrado"
Figuras\Lavfacil\Prod985.bmp,.bmp,14096,2006-09-04T15:55:20,logos/figuras,"alta, desde que caminho/configuracao seja preservado ou migrado"
Figuras\Lavfacil\Prod986.bmp,.bmp,17912,2007-07-18T17:47:26,logos/figuras,"alta, desde que caminho/configuracao seja preservado ou migrado"
Figuras\Lavfacil\Prod987.bmp,.bmp,17912,2007-07-23T10:35:46,logos/figuras,"alta, desde que caminho/configuracao seja preservado ou migrado"
Figuras\Lavfacil\Prod988.bmp,.bmp,13446,2011-03-07T09:20:56,logos/figuras,"alta, desde que caminho/configuracao seja preservado ou migrado"
Figuras\Lavfacil\Prod989.bmp,.bmp,13446,2011-03-07T08:09:32,logos/figuras,"alta, desde que caminho/configuracao seja preservado ou migrado"
Figuras\Lavfacil\Prod990.bmp,.bmp,13446,2011-03-07T09:10:12,logos/figuras,"alta, desde que caminho/configuracao seja preservado ou migrado"
Figuras\Lavfacil\Prod991.bmp,.bmp,13446,2011-03-07T09:25:04,logos/figuras,"alta, desde que caminho/configuracao seja preservado ou migrado"
Figuras\Lavfacil\Prod992.bmp,.bmp,13446,2011-03-07T09:42:46,logos/figuras,"alta, desde que caminho/configuracao seja preservado ou migrado"
Figuras\Lavfacil\Prod993.bmp,.bmp,13446,2011-03-07T12:02:14,logos/figuras,"alta, desde que caminho/configuracao seja preservado ou migrado"
Figuras\Lavfacil\Prod994.bmp,.bmp,17912,2007-07-16T12:21:46,logos/figuras,"alta, desde que caminho/configuracao seja preservado ou migrado"
Figuras\Lavfacil\Prod995.bmp,.bmp,13446,2011-03-07T07:53:00,logos/figuras,"alta, desde que caminho/configuracao seja preservado ou migrado"
Figuras\Lavfacil\Prod996.bmp,.bmp,13446,2011-03-07T11:55:48,logos/figuras,"alta, desde que caminho/configuracao seja preservado ou migrado"
Figuras\Lavfacil\Prod997.bmp,.bmp,17912,2007-07-18T12:15:16,logos/figuras,"alta, desde que caminho/configuracao seja preservado ou migrado"
Figuras\Lavfacil\Prod998.bmp,.bmp,17912,2007-07-16T12:21:44,logos/figuras,"alta, desde que caminho/configuracao seja preservado ou migrado"
Figuras\Lavfacil\Prod999.bmp,.bmp,13880,2006-08-09T10:46:08,logos/figuras,"alta, desde que caminho/configuracao seja preservado ou migrado"
Figuras\Lavfacil\Prod999a.bmp,.bmp,10638,2007-08-25T11:11:02,logos/figuras,"alta, desde que caminho/configuracao seja preservado ou migrado"
Figuras\Lavfacil\Servico.bmp,.bmp,14096,2006-09-21T14:29:32,logos/figuras,"alta, desde que caminho/configuracao seja preservado ou migrado"
Figuras\Lavfacil\Servicos001.bmp,.bmp,17912,2011-01-24T11:55:14,logos/figuras,"alta, desde que caminho/configuracao seja preservado ou migrado"
Figuras\Lavfacil\Servicos002.bmp,.bmp,17912,2011-01-24T11:54:20,logos/figuras,"alta, desde que caminho/configuracao seja preservado ou migrado"
Figuras\Lavfacil\Servicos003.bmp,.bmp,17912,2011-01-24T11:51:20,logos/figuras,"alta, desde que caminho/configuracao seja preservado ou migrado"
Figuras\Lavfacil\Servicos004.bmp,.bmp,17912,2011-01-24T11:53:46,logos/figuras,"alta, desde que caminho/configuracao seja preservado ou migrado"
Figuras\Lavfacil\Servicos005.bmp,.bmp,17912,2011-01-24T11:51:50,logos/figuras,"alta, desde que caminho/configuracao seja preservado ou migrado"
Figuras\Lavfacil\Servicos006.bmp,.bmp,17912,2011-01-24T11:52:22,logos/figuras,"alta, desde que caminho/configuracao seja preservado ou migrado"
Figuras\Lavfacil\Servicos007.bmp,.bmp,17912,2011-02-09T08:03:12,logos/figuras,"alta, desde que caminho/configuracao seja preservado ou migrado"
Figuras\Lavfacil\Servicos008.bmp,.bmp,17912,2011-02-09T07:07:18,logos/figuras,"alta, desde que caminho/configuracao seja preservado ou migrado"
Figuras\Lavfacil\Servicos009.bmp,.bmp,17912,2011-02-08T14:22:58,logos/figuras,"alta, desde que caminho/configuracao seja preservado ou migrado"
Figuras\Lavfacil\Servicos010.bmp,.bmp,17912,2011-02-08T14:06:54,logos/figuras,"alta, desde que caminho/configuracao seja preservado ou migrado"
Figuras\Lavfacil\Servicos011.bmp,.bmp,17912,2011-02-08T13:48:50,logos/figuras,"alta, desde que caminho/configuracao seja preservado ou migrado"
Figuras\Lavfacil\Servicos012.bmp,.bmp,17912,2011-02-09T07:45:52,logos/figuras,"alta, desde que caminho/configuracao seja preservado ou migrado"
Figuras\Lavfacil\Servicos013.bmp,.bmp,17912,2011-02-08T13:42:28,logos/figuras,"alta, desde que caminho/configuracao seja preservado ou migrado"
Figuras\Lavfacil\Servicos014.bmp,.bmp,17912,2011-02-08T15:08:28,logos/figuras,"alta, desde que caminho/configuracao seja preservado ou migrado"
Figuras\Lavfacil\Servicos015.bmp,.bmp,17912,2011-02-09T07:49:08,logos/figuras,"alta, desde que caminho/configuracao seja preservado ou migrado"
Figuras\Lavfacil\Servicos016.bmp,.bmp,17912,2011-02-08T15:19:54,logos/figuras,"alta, desde que caminho/configuracao seja preservado ou migrado"
Figuras\Lavfacil\Servicos017.bmp,.bmp,17912,2011-02-08T13:38:38,logos/figuras,"alta, desde que caminho/configuracao seja preservado ou migrado"
Figuras\Lavfacil\Servicos018.bmp,.bmp,17912,2011-02-09T07:52:18,logos/figuras,"alta, desde que caminho/configuracao seja preservado ou migrado"
Figuras\Lavfacil\Servicos019.bmp,.bmp,17912,2011-02-09T08:30:58,logos/figuras,"alta, desde que caminho/configuracao seja preservado ou migrado"
Figuras\Lavfacil\Servicos020.bmp,.bmp,17912,2011-02-09T09:21:40,logos/figuras,"alta, desde que caminho/configuracao seja preservado ou migrado"
Figuras\Lavfacil\Servicos021.bmp,.bmp,17912,2011-02-09T09:44:46,logos/figuras,"alta, desde que caminho/configuracao seja preservado ou migrado"
Figuras\Lavfacil\Servicos022.bmp,.bmp,17912,2011-02-09T08:09:00,logos/figuras,"alta, desde que caminho/configuracao seja preservado ou migrado"
Figuras\Lavfacil\Servicos023.bmp,.bmp,17912,2011-02-09T10:06:50,logos/figuras,"alta, desde que caminho/configuracao seja preservado ou migrado"
Figuras\Lavfacil\Servicos024.bmp,.bmp,17912,2011-02-09T10:21:32,logos/figuras,"alta, desde que caminho/configuracao seja preservado ou migrado"
Figuras\Lavfacil\Servicos025.bmp,.bmp,17912,2011-02-09T12:53:04,logos/figuras,"alta, desde que caminho/configuracao seja preservado ou migrado"
Figuras\Lavfacil\Servicos026.bmp,.bmp,17912,2011-02-09T13:01:28,logos/figuras,"alta, desde que caminho/configuracao seja preservado ou migrado"
Figuras\Lavfacil\Servicos027.bmp,.bmp,17912,2011-02-09T11:12:16,logos/figuras,"alta, desde que caminho/configuracao seja preservado ou migrado"
Figuras\Lavfacil\Servicos028.bmp,.bmp,17912,2011-02-09T12:01:38,logos/figuras,"alta, desde que caminho/configuracao seja preservado ou migrado"
Figuras\Lavfacil\Servicos029.bmp,.bmp,17912,2011-02-09T12:04:12,logos/figuras,"alta, desde que caminho/configuracao seja preservado ou migrado"
Figuras\Lavfacil\Servicos030.bmp,.bmp,17912,2011-02-09T10:30:26,logos/figuras,"alta, desde que caminho/configuracao seja preservado ou migrado"
Figuras\Lavfacil\Servicos031.bmp,.bmp,17912,2011-02-09T13:17:52,logos/figuras,"alta, desde que caminho/configuracao seja preservado ou migrado"
Figuras\Lavfacil\Servicos032.bmp,.bmp,17912,2011-02-09T13:09:16,logos/figuras,"alta, desde que caminho/configuracao seja preservado ou migrado"
Figuras\Lavfacil\Servicos033.bmp,.bmp,17912,2011-02-08T06:57:06,logos/figuras,"alta, desde que caminho/configuracao seja preservado ou migrado"
Figuras\Lavfacil\Servicos034.bmp,.bmp,17912,2011-01-24T11:50:30,logos/figuras,"alta, desde que caminho/configuracao seja preservado ou migrado"
Figuras\Lavfacil\Servicos035.bmp,.bmp,17912,2011-01-24T11:55:58,logos/figuras,"alta, desde que caminho/configuracao seja preservado ou migrado"
Figuras\Lavfacil\Servicos036.bmp,.bmp,17912,2011-02-09T09:07:50,logos/figuras,"alta, desde que caminho/configuracao seja preservado ou migrado"
Figuras\Lavfacil\Servicos037.bmp,.bmp,17912,2011-01-24T11:49:00,logos/figuras,"alta, desde que caminho/configuracao seja preservado ou migrado"
Figuras\Lavfacil\Servicos038.bmp,.bmp,17912,2011-02-09T11:58:26,logos/figuras,"alta, desde que caminho/configuracao seja preservado ou migrado"
Figuras\Lavfacil\Servicos039.bmp,.bmp,17912,2011-02-09T09:53:26,logos/figuras,"alta, desde que caminho/configuracao seja preservado ou migrado"
Figuras\Lavfacil\Servicos040.bmp,.bmp,17912,2011-02-09T10:07:22,logos/figuras,"alta, desde que caminho/configuracao seja preservado ou migrado"
Figuras\Lavfacil\Servicos041.bmp,.bmp,17912,2011-02-09T10:07:48,logos/figuras,"alta, desde que caminho/configuracao seja preservado ou migrado"
Figuras\Lavfacil\Servicos042.bmp,.bmp,17912,2011-02-09T12:31:50,logos/figuras,"alta, desde que caminho/configuracao seja preservado ou migrado"
Figuras\Lavfacil\Servicos043.bmp,.bmp,17912,2011-02-09T12:32:28,logos/figuras,"alta, desde que caminho/configuracao seja preservado ou migrado"
Figuras\Lavfacil\Servicos044.bmp,.bmp,17912,2011-02-09T10:33:48,logos/figuras,"alta, desde que caminho/configuracao seja preservado ou migrado"
Figuras\Lavfacil\Servicos045.bmp,.bmp,17912,2011-02-09T10:20:50,logos/figuras,"alta, desde que caminho/configuracao seja preservado ou migrado"
Figuras\Lavfacil\Servicos046.bmp,.bmp,17912,2011-02-08T13:21:40,logos/figuras,"alta, desde que caminho/configuracao seja preservado ou migrado"
Figuras\Lavfacil\Servicos047.bmp,.bmp,17912,2011-02-08T13:35:26,logos/figuras,"alta, desde que caminho/configuracao seja preservado ou migrado"
Figuras\Lavfacil\Servicos048.bmp,.bmp,17912,2011-02-08T14:17:40,logos/figuras,"alta, desde que caminho/configuracao seja preservado ou migrado"
Figuras\Lavfacil\Servicos049.bmp,.bmp,17912,2011-03-10T11:22:50,logos/figuras,"alta, desde que caminho/configuracao seja preservado ou migrado"
Figuras\Lavfacil\Servicos050.bmp,.bmp,13446,2011-04-06T07:29:58,logos/figuras,"alta, desde que caminho/configuracao seja preservado ou migrado"
Figuras\Lavfacil\Servicos052.bmp,.bmp,13446,2011-04-07T06:37:46,logos/figuras,"alta, desde que caminho/configuracao seja preservado ou migrado"
Figuras\Lavfacil\Servicos053.bmp,.bmp,13446,2011-04-06T10:17:38,logos/figuras,"alta, desde que caminho/configuracao seja preservado ou migrado"
Figuras\Lavfacil\Servicos054.bmp,.bmp,11032,2013-01-22T08:13:14,logos/figuras,"alta, desde que caminho/configuracao seja preservado ou migrado"
Figuras\Lavfacil\Servicos055.bmp,.bmp,13446,2011-04-07T11:46:04,logos/figuras,"alta, desde que caminho/configuracao seja preservado ou migrado"
Figuras\Lavfacil\Servicos057.bmp,.bmp,17912,2011-01-24T11:55:14,logos/figuras,"alta, desde que caminho/configuracao seja preservado ou migrado"
Figuras\Lavfacil\Servicos058.bmp,.bmp,17912,2011-02-08T06:57:06,logos/figuras,"alta, desde que caminho/configuracao seja preservado ou migrado"
Figuras\Lavfacil\Servicos061.bmp,.bmp,17912,2011-03-29T12:21:12,logos/figuras,"alta, desde que caminho/configuracao seja preservado ou migrado"
Figuras\Lavfacil\servicos062.bmp,.bmp,13446,2011-09-12T06:32:38,logos/figuras,"alta, desde que caminho/configuracao seja preservado ou migrado"
Figuras\Lavfacil\servicos063.bmp,.bmp,13446,2011-09-12T06:25:16,logos/figuras,"alta, desde que caminho/configuracao seja preservado ou migrado"
Figuras\Lavfacil\servicos064.bmp,.bmp,13446,2011-09-12T06:27:22,logos/figuras,"alta, desde que caminho/configuracao seja preservado ou migrado"
Figuras\Lavfacil\Servicos065.bmp,.bmp,13446,2011-04-07T06:46:20,logos/figuras,"alta, desde que caminho/configuracao seja preservado ou migrado"
Figuras\Lavfacil\Servicos066.bmp,.bmp,13446,2011-04-07T07:31:04,logos/figuras,"alta, desde que caminho/configuracao seja preservado ou migrado"
Figuras\Lavfacil\Servicos067.bmp,.bmp,13446,2011-04-06T09:54:52,logos/figuras,"alta, desde que caminho/configuracao seja preservado ou migrado"
Figuras\Lavfacil\Servicos068.bmp,.bmp,13448,2013-03-13T13:30:54,logos/figuras,"alta, desde que caminho/configuracao seja preservado ou migrado"
Figuras\Lavfacil\servicos069.bmp,.bmp,13448,2012-10-17T15:34:52,logos/figuras,"alta, desde que caminho/configuracao seja preservado ou migrado"
Figuras\Lavfacil\Servicos070.bmp,.bmp,13446,2013-08-28T09:01:08,logos/figuras,"alta, desde que caminho/configuracao seja preservado ou migrado"
Figuras\Lavfacil\Servicos071.bmp,.bmp,13446,2013-08-28T09:16:20,logos/figuras,"alta, desde que caminho/configuracao seja preservado ou migrado"
Figuras\Lavfacil\Servicos071a.bmp,.bmp,17912,2011-01-24T11:50:30,logos/figuras,"alta, desde que caminho/configuracao seja preservado ou migrado"
Figuras\Lavfacil\Servicos072.bmp,.bmp,13446,2013-08-29T14:35:20,logos/figuras,"alta, desde que caminho/configuracao seja preservado ou migrado"
Figuras\Lavfacil\Servicos072a.bmp,.bmp,13446,2011-04-06T09:51:36,logos/figuras,"alta, desde que caminho/configuracao seja preservado ou migrado"
Figuras\Lavfacil\Servicos073.bmp,.bmp,13446,2013-08-29T14:36:14,logos/figuras,"alta, desde que caminho/configuracao seja preservado ou migrado"
Figuras\Lavfacil\Servicos073a.bmp,.bmp,17912,2011-01-24T11:51:20,logos/figuras,"alta, desde que caminho/configuracao seja preservado ou migrado"
Figuras\Lavfacil\Servicos074.bmp,.bmp,13446,2013-08-29T14:50:14,logos/figuras,"alta, desde que caminho/configuracao seja preservado ou migrado"
Figuras\Lavfacil\Servicos075.bmp,.bmp,13446,2013-08-29T14:50:48,logos/figuras,"alta, desde que caminho/configuracao seja preservado ou migrado"
Figuras\Lavfacil\Servicos075A.bmp,.bmp,13446,2011-04-07T07:32:16,logos/figuras,"alta, desde que caminho/configuracao seja preservado ou migrado"
Figuras\Lavfacil\Servicos076.bmp,.bmp,13446,2013-08-29T14:51:22,logos/figuras,"alta, desde que caminho/configuracao seja preservado ou migrado"
Figuras\Lavfacil\Servicos076a.bmp,.bmp,13446,2011-04-07T09:24:42,logos/figuras,"alta, desde que caminho/configuracao seja preservado ou migrado"
Figuras\Lavfacil\Servicos077.bmp,.bmp,13446,2013-08-29T14:53:40,logos/figuras,"alta, desde que caminho/configuracao seja preservado ou migrado"
Figuras\Lavfacil\Servicos078.bmp,.bmp,13446,2013-08-29T14:53:54,logos/figuras,"alta, desde que caminho/configuracao seja preservado ou migrado"
Figuras\Lavfacil\Servicos078a.bmp,.bmp,13446,2011-04-07T09:16:22,logos/figuras,"alta, desde que caminho/configuracao seja preservado ou migrado"
Figuras\Lavfacil\Servicos079.bmp,.bmp,13446,2013-08-29T14:54:06,logos/figuras,"alta, desde que caminho/configuracao seja preservado ou migrado"
Figuras\Lavfacil\Servicos080.bmp,.bmp,13446,2013-08-29T15:01:20,logos/figuras,"alta, desde que caminho/configuracao seja preservado ou migrado"
Figuras\Lavfacil\Servicos081.bmp,.bmp,13446,2013-08-29T15:01:58,logos/figuras,"alta, desde que caminho/configuracao seja preservado ou migrado"
Figuras\Lavfacil\Servicos082.bmp,.bmp,13446,2013-08-29T15:02:24,logos/figuras,"alta, desde que caminho/configuracao seja preservado ou migrado"
Figuras\Lavfacil\Servicos083.bmp,.bmp,17912,2011-02-09T09:21:40,logos/figuras,"alta, desde que caminho/configuracao seja preservado ou migrado"
Figuras\Lavfacil\Servicos084.bmp,.bmp,13448,2012-10-17T15:34:52,logos/figuras,"alta, desde que caminho/configuracao seja preservado ou migrado"
Figuras\Lavfacil\Servicos085.bmp,.bmp,13446,2013-09-11T08:19:06,logos/figuras,"alta, desde que caminho/configuracao seja preservado ou migrado"
Figuras\Lavfacil\Servicos086.bmp,.bmp,17912,2011-02-08T14:21:40,logos/figuras,"alta, desde que caminho/configuracao seja preservado ou migrado"
Figuras\Lavfacil\Servicos087.bmp,.bmp,17912,2011-02-08T14:21:40,logos/figuras,"alta, desde que caminho/configuracao seja preservado ou migrado"
Figuras\Lavfacil\Servicos088.bmp,.bmp,17912,2007-07-19T17:24:10,logos/figuras,"alta, desde que caminho/configuracao seja preservado ou migrado"
Figuras\Lavfacil\Servicos089.bmp,.bmp,14096,2006-08-29T09:01:08,logos/figuras,"alta, desde que caminho/configuracao seja preservado ou migrado"
Figuras\Lavfacil\Servicos0892.bmp,.bmp,17912,2011-02-09T09:53:26,logos/figuras,"alta, desde que caminho/configuracao seja preservado ou migrado"
Figuras\Lavfacil\Servicos092.bmp,.bmp,13446,2011-04-05T12:09:06,logos/figuras,"alta, desde que caminho/configuracao seja preservado ou migrado"
Figuras\Lavfacil\Servicos093.bmp,.bmp,13446,2011-04-06T10:39:54,logos/figuras,"alta, desde que caminho/configuracao seja preservado ou migrado"
Figuras\Lavfacil\Servicos094.bmp,.bmp,13446,2011-04-06T14:32:04,logos/figuras,"alta, desde que caminho/configuracao seja preservado ou migrado"
Figuras\Lavfacil\Servicos095.bmp,.bmp,13446,2011-04-06T14:26:20,logos/figuras,"alta, desde que caminho/configuracao seja preservado ou migrado"
Figuras\Lavfacil\Servicos097.bmp,.bmp,13446,2011-04-05T12:09:34,logos/figuras,"alta, desde que caminho/configuracao seja preservado ou migrado"
Figuras\Lavfacil\Servicos098.bmp,.bmp,17912,2011-02-08T13:38:38,logos/figuras,"alta, desde que caminho/configuracao seja preservado ou migrado"
Figuras\Lavfacil\Servicos100.bmp,.bmp,14096,2013-05-27T12:56:50,logos/figuras,"alta, desde que caminho/configuracao seja preservado ou migrado"
Figuras\Lavfacil\Servicos101.bmp,.bmp,14096,2013-05-27T12:56:50,logos/figuras,"alta, desde que caminho/configuracao seja preservado ou migrado"
Figuras\Lavfacil\Servicos102.bmp,.bmp,14096,2013-05-28T13:37:16,logos/figuras,"alta, desde que caminho/configuracao seja preservado ou migrado"
Figuras\Lavfacil\Servicos103.bmp,.bmp,14096,2008-07-25T06:20:52,logos/figuras,"alta, desde que caminho/configuracao seja preservado ou migrado"
Figuras\Lavfacil\Servicos104.bmp,.bmp,14096,2013-05-23T11:50:36,logos/figuras,"alta, desde que caminho/configuracao seja preservado ou migrado"
Figuras\Lavfacil\Servicos105.bmp,.bmp,14096,2013-05-23T11:50:36,logos/figuras,"alta, desde que caminho/configuracao seja preservado ou migrado"
Figuras\Lavfacil\Servicos106.bmp,.bmp,14096,2013-05-23T11:50:36,logos/figuras,"alta, desde que caminho/configuracao seja preservado ou migrado"
Figuras\Lavfacil\Servicos107.bmp,.bmp,14096,2013-05-23T11:50:36,logos/figuras,"alta, desde que caminho/configuracao seja preservado ou migrado"
Figuras\Lavfacil\Servicos108.bmp,.bmp,14096,2013-05-23T11:50:36,logos/figuras,"alta, desde que caminho/configuracao seja preservado ou migrado"
Figuras\Lavfacil\Servicos109.bmp,.bmp,14096,2013-05-23T11:50:36,logos/figuras,"alta, desde que caminho/configuracao seja preservado ou migrado"
Figuras\Lavfacil\Servicos110.bmp,.bmp,14096,2008-07-25T06:25:02,logos/figuras,"alta, desde que caminho/configuracao seja preservado ou migrado"
Figuras\Lavfacil\Servicos111.bmp,.bmp,14096,2008-07-25T06:25:02,logos/figuras,"alta, desde que caminho/configuracao seja preservado ou migrado"
Figuras\Lavfacil\Servicos112.bmp,.bmp,14096,2008-07-29T07:53:46,logos/figuras,"alta, desde que caminho/configuracao seja preservado ou migrado"
Figuras\Lavfacil\Servicos113.bmp,.bmp,14096,2013-05-20T07:42:34,logos/figuras,"alta, desde que caminho/configuracao seja preservado ou migrado"
Figuras\Lavfacil\Servicos114.bmp,.bmp,14096,2013-05-23T11:50:36,logos/figuras,"alta, desde que caminho/configuracao seja preservado ou migrado"
Figuras\Lavfacil\Servicos115.bmp,.bmp,14096,2013-05-23T11:50:36,logos/figuras,"alta, desde que caminho/configuracao seja preservado ou migrado"
Figuras\Lavfacil\Servicos116.bmp,.bmp,14096,2013-05-23T11:50:36,logos/figuras,"alta, desde que caminho/configuracao seja preservado ou migrado"
Figuras\Lavfacil\Servicos117.bmp,.bmp,14096,2013-05-23T11:50:36,logos/figuras,"alta, desde que caminho/configuracao seja preservado ou migrado"
Figuras\Lavfacil\Servicos118.bmp,.bmp,14096,2013-05-23T11:40:32,logos/figuras,"alta, desde que caminho/configuracao seja preservado ou migrado"
Figuras\Lavfacil\Servicos119.bmp,.bmp,14096,2013-05-23T11:46:28,logos/figuras,"alta, desde que caminho/configuracao seja preservado ou migrado"
Figuras\Lavfacil\Servicos120.bmp,.bmp,14096,2013-05-23T11:50:36,logos/figuras,"alta, desde que caminho/configuracao seja preservado ou migrado"
Figuras\Lavfacil\Servicos121.bmp,.bmp,14096,2013-05-23T11:50:36,logos/figuras,"alta, desde que caminho/configuracao seja preservado ou migrado"
Figuras\Lavfacil\Servicos122.bmp,.bmp,14096,2013-05-23T11:50:36,logos/figuras,"alta, desde que caminho/configuracao seja preservado ou migrado"
Figuras\Lavfacil\Servicos123.bmp,.bmp,14096,2013-05-23T11:50:36,logos/figuras,"alta, desde que caminho/configuracao seja preservado ou migrado"
Figuras\Lavfacil\Servicos124.bmp,.bmp,14096,2013-05-23T11:50:36,logos/figuras,"alta, desde que caminho/configuracao seja preservado ou migrado"
Figuras\Lavfacil\Servicos125.bmp,.bmp,14096,2013-05-23T11:50:36,logos/figuras,"alta, desde que caminho/configuracao seja preservado ou migrado"
Figuras\Lavfacil\Servicos126.bmp,.bmp,14096,2013-05-23T11:50:36,logos/figuras,"alta, desde que caminho/configuracao seja preservado ou migrado"
Figuras\Lavfacil\Servicos127.bmp,.bmp,14096,2013-05-23T11:50:36,logos/figuras,"alta, desde que caminho/configuracao seja preservado ou migrado"
Figuras\Lavfacil\Servicos128.bmp,.bmp,14096,2013-05-23T11:50:36,logos/figuras,"alta, desde que caminho/configuracao seja preservado ou migrado"
Figuras\Lavfacil\Servicos129.bmp,.bmp,14096,2013-05-23T11:50:36,logos/figuras,"alta, desde que caminho/configuracao seja preservado ou migrado"
Figuras\Lavfacil\Servicos130.bmp,.bmp,14096,2013-05-23T11:50:36,logos/figuras,"alta, desde que caminho/configuracao seja preservado ou migrado"
Figuras\Lavfacil\Servicos131.bmp,.bmp,14096,2013-05-27T11:48:06,logos/figuras,"alta, desde que caminho/configuracao seja preservado ou migrado"
Figuras\Lavfacil\Servicos132.bmp,.bmp,14096,2013-05-27T11:47:32,logos/figuras,"alta, desde que caminho/configuracao seja preservado ou migrado"
Figuras\Lavfacil\Servicos133.bmp,.bmp,14096,2013-05-27T12:11:42,logos/figuras,"alta, desde que caminho/configuracao seja preservado ou migrado"
Figuras\Lavfacil\Servicos134.bmp,.bmp,14096,2013-05-23T11:50:36,logos/figuras,"alta, desde que caminho/configuracao seja preservado ou migrado"
Figuras\Lavfacil\Servicos135.bmp,.bmp,14096,2013-05-23T11:50:36,logos/figuras,"alta, desde que caminho/configuracao seja preservado ou migrado"
Figuras\Lavfacil\Servicos136.bmp,.bmp,14096,2013-05-23T11:50:36,logos/figuras,"alta, desde que caminho/configuracao seja preservado ou migrado"
Figuras\Lavfacil\Servicos137.bmp,.bmp,14096,2013-05-23T11:50:36,logos/figuras,"alta, desde que caminho/configuracao seja preservado ou migrado"
Figuras\Lavfacil\Servicos138.bmp,.bmp,14096,2013-05-20T11:48:20,logos/figuras,"alta, desde que caminho/configuracao seja preservado ou migrado"
Figuras\Lavfacil\Servicos139.bmp,.bmp,14096,2013-05-27T08:29:12,logos/figuras,"alta, desde que caminho/configuracao seja preservado ou migrado"
Figuras\Lavfacil\Servicos140.bmp,.bmp,14096,2013-05-20T11:48:20,logos/figuras,"alta, desde que caminho/configuracao seja preservado ou migrado"
Figuras\Lavfacil\Servicos141.bmp,.bmp,14096,2013-05-20T11:48:20,logos/figuras,"alta, desde que caminho/configuracao seja preservado ou migrado"
Figuras\Lavfacil\Servicos142.bmp,.bmp,14096,2013-05-27T08:29:12,logos/figuras,"alta, desde que caminho/configuracao seja preservado ou migrado"
Figuras\Lavfacil\Servicos143.bmp,.bmp,14096,2013-05-27T08:29:12,logos/figuras,"alta, desde que caminho/configuracao seja preservado ou migrado"
Figuras\Lavfacil\Servicos144.bmp,.bmp,14096,2013-05-23T11:50:36,logos/figuras,"alta, desde que caminho/configuracao seja preservado ou migrado"
Figuras\Lavfacil\Servicos145.bmp,.bmp,14096,2013-05-23T11:50:36,logos/figuras,"alta, desde que caminho/configuracao seja preservado ou migrado"
Figuras\Lavfacil\Servicos146.bmp,.bmp,14096,2013-05-23T11:50:36,logos/figuras,"alta, desde que caminho/configuracao seja preservado ou migrado"
Figuras\Lavfacil\Servicos147.bmp,.bmp,14096,2013-05-23T11:50:36,logos/figuras,"alta, desde que caminho/configuracao seja preservado ou migrado"
Figuras\Lavfacil\Servicos148.bmp,.bmp,14096,2013-05-23T11:50:36,logos/figuras,"alta, desde que caminho/configuracao seja preservado ou migrado"
Figuras\Lavfacil\Servicos149.bmp,.bmp,14096,2013-05-23T11:50:36,logos/figuras,"alta, desde que caminho/configuracao seja preservado ou migrado"
Figuras\Lavfacil\Servicos150.bmp,.bmp,14096,2008-07-25T06:20:52,logos/figuras,"alta, desde que caminho/configuracao seja preservado ou migrado"
Figuras\Lavfacil\Servicos151.bmp,.bmp,14096,2013-05-27T07:00:10,logos/figuras,"alta, desde que caminho/configuracao seja preservado ou migrado"
Figuras\Lavfacil\Servicos152.bmp,.bmp,14096,2013-05-27T07:00:10,logos/figuras,"alta, desde que caminho/configuracao seja preservado ou migrado"
Figuras\Lavfacil\Servicos153.bmp,.bmp,14096,2013-05-27T07:00:10,logos/figuras,"alta, desde que caminho/configuracao seja preservado ou migrado"
Figuras\Lavfacil\Servicos154.bmp,.bmp,14096,2008-07-25T06:25:02,logos/figuras,"alta, desde que caminho/configuracao seja preservado ou migrado"
Figuras\Lavfacil\Servicos155.bmp,.bmp,14096,2008-07-25T06:25:02,logos/figuras,"alta, desde que caminho/configuracao seja preservado ou migrado"
Figuras\Lavfacil\Servicos156.bmp,.bmp,14096,2008-07-29T07:53:46,logos/figuras,"alta, desde que caminho/configuracao seja preservado ou migrado"
Figuras\Lavfacil\Servicos157.bmp,.bmp,14096,2013-05-20T07:42:34,logos/figuras,"alta, desde que caminho/configuracao seja preservado ou migrado"
Figuras\Lavfacil\Servicos158.bmp,.bmp,14096,2013-05-27T07:00:10,logos/figuras,"alta, desde que caminho/configuracao seja preservado ou migrado"
Figuras\Lavfacil\Servicos159.bmp,.bmp,14096,2013-05-27T07:00:10,logos/figuras,"alta, desde que caminho/configuracao seja preservado ou migrado"
Figuras\Lavfacil\Servicos160.bmp,.bmp,14096,2008-07-25T06:22:52,logos/figuras,"alta, desde que caminho/configuracao seja preservado ou migrado"
Figuras\Lavfacil\Servicos161.bmp,.bmp,14096,2013-05-27T07:00:10,logos/figuras,"alta, desde que caminho/configuracao seja preservado ou migrado"
Figuras\Lavfacil\Servicos162.bmp,.bmp,14096,2013-05-27T08:29:12,logos/figuras,"alta, desde que caminho/configuracao seja preservado ou migrado"
Figuras\Lavfacil\Servicos163.bmp,.bmp,14096,2013-05-27T07:00:10,logos/figuras,"alta, desde que caminho/configuracao seja preservado ou migrado"
Figuras\Lavfacil\Servicos164.bmp,.bmp,14096,2013-05-27T08:29:12,logos/figuras,"alta, desde que caminho/configuracao seja preservado ou migrado"
Figuras\Lavfacil\Servicos165.bmp,.bmp,14096,2013-05-27T07:00:10,logos/figuras,"alta, desde que caminho/configuracao seja preservado ou migrado"
Figuras\Lavfacil\Servicos166.bmp,.bmp,14096,2013-05-27T08:29:12,logos/figuras,"alta, desde que caminho/configuracao seja preservado ou migrado"
Figuras\Lavfacil\Servicos167.bmp,.bmp,14096,2013-05-27T07:00:10,logos/figuras,"alta, desde que caminho/configuracao seja preservado ou migrado"
Figuras\Lavfacil\Servicos168.bmp,.bmp,14096,2008-07-25T06:21:54,logos/figuras,"alta, desde que caminho/configuracao seja preservado ou migrado"
Figuras\Lavfacil\Servicos169.bmp,.bmp,14096,2008-07-25T06:21:54,logos/figuras,"alta, desde que caminho/configuracao seja preservado ou migrado"
Figuras\Lavfacil\Servicos170.bmp,.bmp,14096,2013-05-27T07:00:10,logos/figuras,"alta, desde que caminho/configuracao seja preservado ou migrado"
Figuras\Lavfacil\Servicos171.bmp,.bmp,14096,2013-05-27T12:11:42,logos/figuras,"alta, desde que caminho/configuracao seja preservado ou migrado"
Figuras\Lavfacil\Servicos172.bmp,.bmp,14096,2013-05-27T07:00:10,logos/figuras,"alta, desde que caminho/configuracao seja preservado ou migrado"
Figuras\Lavfacil\Servicos173.bmp,.bmp,14096,2013-05-27T07:00:10,logos/figuras,"alta, desde que caminho/configuracao seja preservado ou migrado"
Figuras\Lavfacil\Servicos174.bmp,.bmp,14096,2013-05-27T07:55:34,logos/figuras,"alta, desde que caminho/configuracao seja preservado ou migrado"
Figuras\Lavfacil\Servicos175.bmp,.bmp,14096,2013-05-27T08:14:42,logos/figuras,"alta, desde que caminho/configuracao seja preservado ou migrado"
Figuras\Lavfacil\Servicos176.bmp,.bmp,14096,2013-05-27T08:14:42,logos/figuras,"alta, desde que caminho/configuracao seja preservado ou migrado"
Figuras\Lavfacil\Servicos177.bmp,.bmp,14096,2013-05-27T08:19:14,logos/figuras,"alta, desde que caminho/configuracao seja preservado ou migrado"
Figuras\Lavfacil\Servicos178.bmp,.bmp,14096,2013-05-27T07:00:10,logos/figuras,"alta, desde que caminho/configuracao seja preservado ou migrado"
Figuras\Lavfacil\Servicos179.bmp,.bmp,14096,2013-05-27T07:00:10,logos/figuras,"alta, desde que caminho/configuracao seja preservado ou migrado"
Figuras\Lavfacil\Servicos180.bmp,.bmp,14096,2013-06-02T13:05:42,logos/figuras,"alta, desde que caminho/configuracao seja preservado ou migrado"
Figuras\Lavfacil\Servicos181.bmp,.bmp,14096,2013-10-22T07:14:04,logos/figuras,"alta, desde que caminho/configuracao seja preservado ou migrado"
Figuras\Lavfacil\Servicos182.bmp,.bmp,14096,2013-10-22T07:14:04,logos/figuras,"alta, desde que caminho/configuracao seja preservado ou migrado"
Figuras\Lavfacil\Servicos183.bmp,.bmp,14096,2013-10-22T07:14:04,logos/figuras,"alta, desde que caminho/configuracao seja preservado ou migrado"
Figuras\Lavfacil\Servicos184.bmp,.bmp,14096,2013-10-22T07:14:04,logos/figuras,"alta, desde que caminho/configuracao seja preservado ou migrado"
Figuras\Lavfacil\Servicos185.bmp,.bmp,14096,2013-10-22T07:14:04,logos/figuras,"alta, desde que caminho/configuracao seja preservado ou migrado"
Figuras\Lavfacil\Servicos186.bmp,.bmp,14096,2013-10-22T07:14:04,logos/figuras,"alta, desde que caminho/configuracao seja preservado ou migrado"
Figuras\Lavfacil\Servicos187.bmp,.bmp,14096,2013-10-22T07:14:04,logos/figuras,"alta, desde que caminho/configuracao seja preservado ou migrado"
Figuras\Lavfacil\Servicos188.bmp,.bmp,14096,2013-10-22T07:14:04,logos/figuras,"alta, desde que caminho/configuracao seja preservado ou migrado"
Figuras\Lavfacil\Servicos189.bmp,.bmp,14096,2013-10-22T07:14:04,logos/figuras,"alta, desde que caminho/configuracao seja preservado ou migrado"
Figuras\Lavfacil\Servicos190.bmp,.bmp,14096,2013-10-22T07:14:04,logos/figuras,"alta, desde que caminho/configuracao seja preservado ou migrado"
Figuras\Lavfacil\Servicos191.bmp,.bmp,14096,2013-10-22T07:14:04,logos/figuras,"alta, desde que caminho/configuracao seja preservado ou migrado"
Figuras\Lavfacil\Servicos192.bmp,.bmp,14096,2013-10-22T07:21:22,logos/figuras,"alta, desde que caminho/configuracao seja preservado ou migrado"
Figuras\Lavfacil\Servicos193.bmp,.bmp,14096,2008-07-29T07:53:46,logos/figuras,"alta, desde que caminho/configuracao seja preservado ou migrado"
Figuras\Lavfacil\Servicos194.bmp,.bmp,14096,2013-05-20T07:42:34,logos/figuras,"alta, desde que caminho/configuracao seja preservado ou migrado"
Figuras\Lavfacil\Servicos195.bmp,.bmp,14096,2013-05-29T08:21:12,logos/figuras,"alta, desde que caminho/configuracao seja preservado ou migrado"
Figuras\Lavfacil\Servicos196.bmp,.bmp,14096,2013-06-02T13:22:24,logos/figuras,"alta, desde que caminho/configuracao seja preservado ou migrado"
Figuras\Lavfacil\Servicos197.bmp,.bmp,14096,2013-05-29T08:22:36,logos/figuras,"alta, desde que caminho/configuracao seja preservado ou migrado"
Figuras\Lavfacil\Servicos198.bmp,.bmp,14096,2013-05-28T08:20:08,logos/figuras,"alta, desde que caminho/configuracao seja preservado ou migrado"
Figuras\Lavfacil\Servicos199.bmp,.bmp,14096,2013-05-28T08:19:42,logos/figuras,"alta, desde que caminho/configuracao seja preservado ou migrado"
Figuras\Lavfacil\Servicos200.bmp,.bmp,14096,2013-05-28T08:19:18,logos/figuras,"alta, desde que caminho/configuracao seja preservado ou migrado"
Figuras\Lavfacil\Servicos201.bmp,.bmp,14096,2013-10-22T07:21:22,logos/figuras,"alta, desde que caminho/configuracao seja preservado ou migrado"
Figuras\Lavfacil\Servicos202.bmp,.bmp,14096,2013-05-27T08:50:14,logos/figuras,"alta, desde que caminho/configuracao seja preservado ou migrado"
Figuras\Lavfacil\Servicos203.bmp,.bmp,14096,2013-05-27T08:51:44,logos/figuras,"alta, desde que caminho/configuracao seja preservado ou migrado"
Figuras\Lavfacil\Servicos204.bmp,.bmp,14096,2013-05-27T08:51:08,logos/figuras,"alta, desde que caminho/configuracao seja preservado ou migrado"
Figuras\Lavfacil\Servicos205.bmp,.bmp,14096,2013-05-29T06:41:42,logos/figuras,"alta, desde que caminho/configuracao seja preservado ou migrado"
Figuras\Lavfacil\Servicos206.bmp,.bmp,14096,2013-10-22T07:21:22,logos/figuras,"alta, desde que caminho/configuracao seja preservado ou migrado"
Figuras\Lavfacil\Servicos207.bmp,.bmp,14096,2013-05-29T06:53:00,logos/figuras,"alta, desde que caminho/configuracao seja preservado ou migrado"
Figuras\Lavfacil\Servicos208.bmp,.bmp,14096,2013-10-22T07:21:22,logos/figuras,"alta, desde que caminho/configuracao seja preservado ou migrado"
Figuras\Lavfacil\Servicos209.bmp,.bmp,14096,2013-05-29T06:30:44,logos/figuras,"alta, desde que caminho/configuracao seja preservado ou migrado"
Figuras\Lavfacil\Servicos210.bmp,.bmp,14096,2013-05-29T06:30:44,logos/figuras,"alta, desde que caminho/configuracao seja preservado ou migrado"
Figuras\Lavfacil\Servicos211.bmp,.bmp,14096,2013-05-28T08:20:08,logos/figuras,"alta, desde que caminho/configuracao seja preservado ou migrado"
Figuras\Lavfacil\Servicos212.bmp,.bmp,14096,2013-05-28T08:19:42,logos/figuras,"alta, desde que caminho/configuracao seja preservado ou migrado"
Figuras\Lavfacil\Servicos213.bmp,.bmp,14096,2013-05-28T08:19:18,logos/figuras,"alta, desde que caminho/configuracao seja preservado ou migrado"
Figuras\Lavfacil\Servicos214.bmp,.bmp,14096,2013-10-22T07:21:22,logos/figuras,"alta, desde que caminho/configuracao seja preservado ou migrado"
Figuras\Lavfacil\Servicos215.bmp,.bmp,14096,2013-10-22T07:21:22,logos/figuras,"alta, desde que caminho/configuracao seja preservado ou migrado"
Figuras\Lavfacil\Servicos216.bmp,.bmp,14096,2013-10-22T07:21:22,logos/figuras,"alta, desde que caminho/configuracao seja preservado ou migrado"
Figuras\Lavfacil\Servicos217.bmp,.bmp,14096,2013-10-22T07:26:40,logos/figuras,"alta, desde que caminho/configuracao seja preservado ou migrado"
Figuras\Lavfacil\Servicos218.bmp,.bmp,14096,2013-10-22T07:26:40,logos/figuras,"alta, desde que caminho/configuracao seja preservado ou migrado"
Figuras\Lavfacil\Servicos219.bmp,.bmp,14096,2013-10-22T07:26:40,logos/figuras,"alta, desde que caminho/configuracao seja preservado ou migrado"
Figuras\Lavfacil\Servicos220.bmp,.bmp,14096,2013-10-22T07:26:40,logos/figuras,"alta, desde que caminho/configuracao seja preservado ou migrado"
Figuras\Lavfacil\Servicos221.bmp,.bmp,14096,2013-10-22T07:26:40,logos/figuras,"alta, desde que caminho/configuracao seja preservado ou migrado"
Figuras\Lavfacil\Servicos222.bmp,.bmp,14096,2013-10-22T07:26:40,logos/figuras,"alta, desde que caminho/configuracao seja preservado ou migrado"
Figuras\Lavfacil\Servicos223.bmp,.bmp,14096,2013-10-22T07:26:40,logos/figuras,"alta, desde que caminho/configuracao seja preservado ou migrado"
Figuras\Lavfacil\Servicos224.bmp,.bmp,14096,2013-10-22T07:26:40,logos/figuras,"alta, desde que caminho/configuracao seja preservado ou migrado"
Figuras\Lavfacil\Servicos225.bmp,.bmp,14096,2013-10-22T07:30:54,logos/figuras,"alta, desde que caminho/configuracao seja preservado ou migrado"
Figuras\Lavfacil\Servicos226.bmp,.bmp,14096,2013-10-22T07:30:54,logos/figuras,"alta, desde que caminho/configuracao seja preservado ou migrado"
Figuras\Lavfacil\Servicos227.bmp,.bmp,14096,2013-10-22T07:30:54,logos/figuras,"alta, desde que caminho/configuracao seja preservado ou migrado"
Figuras\Lavfacil\Servicos228.bmp,.bmp,14096,2013-10-22T07:30:54,logos/figuras,"alta, desde que caminho/configuracao seja preservado ou migrado"
Figuras\Lavfacil\Servicos229.bmp,.bmp,14096,2013-10-22T07:30:54,logos/figuras,"alta, desde que caminho/configuracao seja preservado ou migrado"
Figuras\Lavfacil\Servicos230.bmp,.bmp,14096,2013-10-22T07:30:54,logos/figuras,"alta, desde que caminho/configuracao seja preservado ou migrado"
Figuras\Lavfacil\Servicos231.bmp,.bmp,14096,2013-10-22T07:30:54,logos/figuras,"alta, desde que caminho/configuracao seja preservado ou migrado"
Figuras\Lavfacil\Servicos232.bmp,.bmp,14096,2013-10-22T07:30:54,logos/figuras,"alta, desde que caminho/configuracao seja preservado ou migrado"
Figuras\Lavfacil\Servicos233.bmp,.bmp,14096,2013-10-22T07:30:54,logos/figuras,"alta, desde que caminho/configuracao seja preservado ou migrado"
Figuras\Lavfacil\Servicos234.bmp,.bmp,14096,2013-10-22T07:30:54,logos/figuras,"alta, desde que caminho/configuracao seja preservado ou migrado"
Figuras\Lavfacil\Servicos235.bmp,.bmp,14096,2013-10-22T07:30:54,logos/figuras,"alta, desde que caminho/configuracao seja preservado ou migrado"
Figuras\Lavfacil\Servicos236.bmp,.bmp,14096,2013-10-22T07:30:54,logos/figuras,"alta, desde que caminho/configuracao seja preservado ou migrado"
Figuras\Lavfacil\Servicos237.bmp,.bmp,14096,2013-05-27T11:53:20,logos/figuras,"alta, desde que caminho/configuracao seja preservado ou migrado"
Figuras\Lavfacil\Servicos238.bmp,.bmp,14096,2013-05-27T11:53:20,logos/figuras,"alta, desde que caminho/configuracao seja preservado ou migrado"
Figuras\Lavfacil\Servicos239.bmp,.bmp,14096,2013-05-27T11:53:20,logos/figuras,"alta, desde que caminho/configuracao seja preservado ou migrado"
Figuras\Lavfacil\Servicos240.bmp,.bmp,14096,2013-05-27T11:53:20,logos/figuras,"alta, desde que caminho/configuracao seja preservado ou migrado"
Figuras\Lavfacil\Servicos241.bmp,.bmp,14096,2013-05-27T11:53:20,logos/figuras,"alta, desde que caminho/configuracao seja preservado ou migrado"
Figuras\Lavfacil\Servicos242.bmp,.bmp,14096,2013-05-27T11:53:20,logos/figuras,"alta, desde que caminho/configuracao seja preservado ou migrado"
Figuras\Lavfacil\Servicos243.bmp,.bmp,14096,2006-08-29T09:01:08,logos/figuras,"alta, desde que caminho/configuracao seja preservado ou migrado"
Figuras\Lavfacil\Servicos243a.bmp,.bmp,13446,2011-04-05T12:43:50,logos/figuras,"alta, desde que caminho/configuracao seja preservado ou migrado"
Figuras\Lavfacil\Servicos244.bmp,.bmp,13446,2011-04-07T11:13:54,logos/figuras,"alta, desde que caminho/configuracao seja preservado ou migrado"
Figuras\Lavfacil\Servicos245.bmp,.bmp,13446,2011-06-29T15:30:24,logos/figuras,"alta, desde que caminho/configuracao seja preservado ou migrado"
Figuras\Lavfacil\Servicos246.bmp,.bmp,13446,2011-04-07T06:37:46,logos/figuras,"alta, desde que caminho/configuracao seja preservado ou migrado"
Figuras\Lavfacil\Servicos247.bmp,.bmp,13446,2011-04-07T11:24:16,logos/figuras,"alta, desde que caminho/configuracao seja preservado ou migrado"
Figuras\Lavfacil\Servicos248.bmp,.bmp,17912,2011-02-09T08:09:00,logos/figuras,"alta, desde que caminho/configuracao seja preservado ou migrado"
Figuras\Lavfacil\Servicos250.bmp,.bmp,13446,2011-04-05T12:43:50,logos/figuras,"alta, desde que caminho/configuracao seja preservado ou migrado"
Figuras\Lavfacil\Servicos999.bmp,.bmp,13448,2012-10-17T15:34:52,logos/figuras,"alta, desde que caminho/configuracao seja preservado ou migrado"
Figuras\Lavfacil\Tab001.bmp,.bmp,14096,2006-08-29T09:40:46,logos/figuras,"alta, desde que caminho/configuracao seja preservado ou migrado"
Figuras\Lavfacil\Tab002.bmp,.bmp,10640,2006-09-13T14:08:24,logos/figuras,"alta, desde que caminho/configuracao seja preservado ou migrado"
Figuras\Lavfacil\Tab003.bmp,.bmp,10638,2007-05-15T06:22:40,logos/figuras,"alta, desde que caminho/configuracao seja preservado ou migrado"
Figuras\Lavfacil\Tab004.bmp,.bmp,13880,2006-08-09T10:55:38,logos/figuras,"alta, desde que caminho/configuracao seja preservado ou migrado"
Figuras\Lavfacil\Tab005.BMP,.bmp,10640,2006-09-13T12:14:18,logos/figuras,"alta, desde que caminho/configuracao seja preservado ou migrado"
Figuras\Lavfacil\Tab006.bmp,.bmp,9830,2011-06-21T07:13:58,logos/figuras,"alta, desde que caminho/configuracao seja preservado ou migrado"
Figuras\Lavfacil\Tecido001.bmp,.bmp,14096,2006-09-21T14:34:58,logos/figuras,"alta, desde que caminho/configuracao seja preservado ou migrado"
Figuras\Lavfacil\Tecido002.bmp,.bmp,10638,2011-09-20T12:49:32,logos/figuras,"alta, desde que caminho/configuracao seja preservado ou migrado"
Figuras\Lavfacil\Tecido003.bmp,.bmp,9830,2011-09-20T13:40:34,logos/figuras,"alta, desde que caminho/configuracao seja preservado ou migrado"
Figuras\Lavfacil\Tecido004.bmp,.bmp,9830,2011-09-20T13:04:42,logos/figuras,"alta, desde que caminho/configuracao seja preservado ou migrado"
Figuras\Lavfacil\Tecido005.bmp,.bmp,9830,2011-09-20T13:45:20,logos/figuras,"alta, desde que caminho/configuracao seja preservado ou migrado"
Figuras\Lavfacil\Tecido006.bmp,.bmp,9830,2011-09-20T13:24:26,logos/figuras,"alta, desde que caminho/configuracao seja preservado ou migrado"
Figuras\Lavfacil\Tecido007.bmp,.bmp,9830,2011-09-20T13:49:04,logos/figuras,"alta, desde que caminho/configuracao seja preservado ou migrado"
Figuras\Lavfacil\Tecido008.bmp,.bmp,9830,2011-09-20T13:55:46,logos/figuras,"alta, desde que caminho/configuracao seja preservado ou migrado"
Figuras\Lavfacil\Tecido009.bmp,.bmp,9830,2011-09-20T14:05:24,logos/figuras,"alta, desde que caminho/configuracao seja preservado ou migrado"
Figuras\Lavfacil\Tecido010.bmp,.bmp,9830,2011-09-20T14:03:26,logos/figuras,"alta, desde que caminho/configuracao seja preservado ou migrado"
Figuras\Lavfacil\Tecido011.bmp,.bmp,9830,2011-09-20T14:10:32,logos/figuras,"alta, desde que caminho/configuracao seja preservado ou migrado"
Figuras\Lavfacil\Tecido012.bmp,.bmp,9830,2011-09-20T14:02:14,logos/figuras,"alta, desde que caminho/configuracao seja preservado ou migrado"
Figuras\Lavfacil\Tecido100.bmp,.bmp,14096,2006-09-21T08:50:40,logos/figuras,"alta, desde que caminho/configuracao seja preservado ou migrado"
Figuras\Lavfacil\Tela Franquia  LavTouch.bmp,.bmp,256554,2013-08-07T09:46:20,logos/figuras,"alta, desde que caminho/configuracao seja preservado ou migrado"
Figuras\Lavfacil\Tela Franquia Facil.bmp,.bmp,107062,2011-07-15T13:28:02,logos/figuras,"alta, desde que caminho/configuracao seja preservado ou migrado"
Figuras\Lavfacil\Tela Franquia Financeiro.bmp,.bmp,253878,2011-07-15T14:44:10,logos/figuras,"alta, desde que caminho/configuracao seja preservado ou migrado"
Figuras\Lavfacil\Tela Franquia LavSoft.bmp,.bmp,202686,2011-07-15T14:36:56,logos/figuras,"alta, desde que caminho/configuracao seja preservado ou migrado"
Figuras\Lavfacil\TipEntD.bmp,.bmp,13880,2006-09-21T09:41:02,logos/figuras,"alta, desde que caminho/configuracao seja preservado ou migrado"
Figuras\Lavfacil\TipEntE.bmp,.bmp,13880,2006-09-21T09:38:08,logos/figuras,"alta, desde que caminho/configuracao seja preservado ou migrado"
Figuras\Lavfacil\TipEntR.bmp,.bmp,13880,2006-09-21T09:35:50,logos/figuras,"alta, desde que caminho/configuracao seja preservado ou migrado"
Figuras\Lavfacil\vazio.bmp,.bmp,14096,2006-09-21T17:29:32,logos/figuras,"alta, desde que caminho/configuracao seja preservado ou migrado"
Figuras\PretoBranco\001.jpg,.jpg,1990,2002-08-26T09:18:00,logos/figuras,"alta, desde que caminho/configuracao seja preservado ou migrado"
Figuras\PretoBranco\008.jpg,.jpg,2220,2002-08-26T09:18:24,logos/figuras,"alta, desde que caminho/configuracao seja preservado ou migrado"
Figuras\PretoBranco\021.jpg,.jpg,2267,2002-08-26T09:19:14,logos/figuras,"alta, desde que caminho/configuracao seja preservado ou migrado"
Figuras\PretoBranco\024.jpg,.jpg,1668,2002-08-26T09:26:54,logos/figuras,"alta, desde que caminho/configuracao seja preservado ou migrado"
Figuras\PretoBranco\027.jpg,.jpg,1848,2002-08-26T09:26:50,logos/figuras,"alta, desde que caminho/configuracao seja preservado ou migrado"
Figuras\PretoBranco\028.jpg,.jpg,2388,2002-08-26T09:26:44,logos/figuras,"alta, desde que caminho/configuracao seja preservado ou migrado"
Figuras\PretoBranco\029.jpg,.jpg,1279,2002-08-26T09:26:36,logos/figuras,"alta, desde que caminho/configuracao seja preservado ou migrado"
Figuras\PretoBranco\031.jpg,.jpg,2792,2002-08-26T09:26:26,logos/figuras,"alta, desde que caminho/configuracao seja preservado ou migrado"
Figuras\PretoBranco\033.jpg,.jpg,1887,2002-08-26T09:26:20,logos/figuras,"alta, desde que caminho/configuracao seja preservado ou migrado"
Figuras\PretoBranco\036.jpg,.jpg,1590,2002-08-26T09:26:14,logos/figuras,"alta, desde que caminho/configuracao seja preservado ou migrado"
Figuras\PretoBranco\038.jpg,.jpg,1929,2002-08-26T09:26:08,logos/figuras,"alta, desde que caminho/configuracao seja preservado ou migrado"
Figuras\PretoBranco\041.jpg,.jpg,2244,2002-08-26T09:26:04,logos/figuras,"alta, desde que caminho/configuracao seja preservado ou migrado"
Figuras\PretoBranco\070.jpg,.jpg,2215,2002-08-26T09:25:58,logos/figuras,"alta, desde que caminho/configuracao seja preservado ou migrado"
Figuras\PretoBranco\104.jpg,.jpg,2572,2002-08-26T09:25:50,logos/figuras,"alta, desde que caminho/configuracao seja preservado ou migrado"
Figuras\PretoBranco\151.jpg,.jpg,2961,2002-08-26T09:25:46,logos/figuras,"alta, desde que caminho/configuracao seja preservado ou migrado"
Figuras\PretoBranco\231.jpg,.jpg,1867,2002-08-26T09:23:18,logos/figuras,"alta, desde que caminho/configuracao seja preservado ou migrado"
Figuras\PretoBranco\237.jpg,.jpg,1889,2002-08-26T09:23:02,logos/figuras,"alta, desde que caminho/configuracao seja preservado ou migrado"
Figuras\PretoBranco\244.jpg,.jpg,2240,2002-08-26T09:22:56,logos/figuras,"alta, desde que caminho/configuracao seja preservado ou migrado"
Figuras\PretoBranco\246.jpg,.jpg,2699,2002-10-05T04:19:20,logos/figuras,"alta, desde que caminho/configuracao seja preservado ou migrado"
Figuras\PretoBranco\263.jpg,.jpg,3125,2002-10-05T04:39:04,logos/figuras,"alta, desde que caminho/configuracao seja preservado ou migrado"
Figuras\PretoBranco\275.jpg,.jpg,1922,2002-08-26T09:22:44,logos/figuras,"alta, desde que caminho/configuracao seja preservado ou migrado"
Figuras\PretoBranco\291.jpg,.jpg,2127,2002-08-26T09:22:38,logos/figuras,"alta, desde que caminho/configuracao seja preservado ou migrado"
Figuras\PretoBranco\320.jpg,.jpg,1926,2002-08-26T09:22:16,logos/figuras,"alta, desde que caminho/configuracao seja preservado ou migrado"
Figuras\PretoBranco\341.jpg,.jpg,2135,2002-08-26T09:22:06,logos/figuras,"alta, desde que caminho/configuracao seja preservado ou migrado"
Figuras\PretoBranco\347.jpg,.jpg,3023,2002-08-26T09:21:38,logos/figuras,"alta, desde que caminho/configuracao seja preservado ou migrado"
Figuras\PretoBranco\353.jpg,.jpg,2094,2002-08-26T09:21:34,logos/figuras,"alta, desde que caminho/configuracao seja preservado ou migrado"
Figuras\PretoBranco\356.jpg,.jpg,1922,2002-08-26T09:21:28,logos/figuras,"alta, desde que caminho/configuracao seja preservado ou migrado"
Figuras\PretoBranco\389.jpg,.jpg,2564,2002-08-26T09:21:18,logos/figuras,"alta, desde que caminho/configuracao seja preservado ou migrado"
Figuras\PretoBranco\392.jpg,.jpg,2930,2002-08-26T09:21:08,logos/figuras,"alta, desde que caminho/configuracao seja preservado ou migrado"
Figuras\PretoBranco\399.jpg,.jpg,2317,2002-08-26T09:20:58,logos/figuras,"alta, desde que caminho/configuracao seja preservado ou migrado"
Figuras\PretoBranco\409.jpg,.jpg,2437,2002-08-26T09:20:52,logos/figuras,"alta, desde que caminho/configuracao seja preservado ou migrado"
Figuras\PretoBranco\422.jpg,.jpg,2686,2002-08-26T09:20:44,logos/figuras,"alta, desde que caminho/configuracao seja preservado ou migrado"
Figuras\PretoBranco\424.jpg,.jpg,2094,2002-08-26T09:20:36,logos/figuras,"alta, desde que caminho/configuracao seja preservado ou migrado"
Figuras\PretoBranco\453.jpg,.jpg,2056,2003-01-15T13:17:40,logos/figuras,"alta, desde que caminho/configuracao seja preservado ou migrado"
Figuras\PretoBranco\479.jpg,.jpg,2002,2002-08-26T09:20:22,logos/figuras,"alta, desde que caminho/configuracao seja preservado ou migrado"
Figuras\PretoBranco\600.jpg,.jpg,2320,2002-10-05T05:33:48,logos/figuras,"alta, desde que caminho/configuracao seja preservado ou migrado"
Figuras\PretoBranco\604.jpg,.jpg,2193,2002-10-05T05:33:10,logos/figuras,"alta, desde que caminho/configuracao seja preservado ou migrado"
Figuras\PretoBranco\610.jpg,.jpg,1697,2002-10-05T05:36:40,logos/figuras,"alta, desde que caminho/configuracao seja preservado ou migrado"
Figuras\PretoBranco\623.jpg,.jpg,2672,2002-10-05T05:34:30,logos/figuras,"alta, desde que caminho/configuracao seja preservado ou migrado"
Figuras\PretoBranco\633.jpg,.jpg,2326,2002-10-05T05:35:08,logos/figuras,"alta, desde que caminho/configuracao seja preservado ou migrado"
Figuras\PretoBranco\637.jpg,.jpg,2023,2002-10-05T05:35:48,logos/figuras,"alta, desde que caminho/configuracao seja preservado ou migrado"
Figuras\PretoBranco\641.jpg,.jpg,2516,2002-08-26T09:20:10,logos/figuras,"alta, desde que caminho/configuracao seja preservado ou migrado"
Figuras\PretoBranco\702.jpg,.jpg,2706,2003-01-15T15:00:34,logos/figuras,"alta, desde que caminho/configuracao seja preservado ou migrado"
Figuras\PretoBranco\707.jpg,.jpg,2108,2002-10-05T04:40:18,logos/figuras,"alta, desde que caminho/configuracao seja preservado ou migrado"
Figuras\PretoBranco\721.jpg,.jpg,1761,2002-10-05T04:05:44,logos/figuras,"alta, desde que caminho/configuracao seja preservado ou migrado"
Figuras\PretoBranco\738.jpg,.jpg,2567,2003-05-19T11:32:20,logos/figuras,"alta, desde que caminho/configuracao seja preservado ou migrado"
Figuras\PretoBranco\741.jpg,.jpg,1925,2002-10-05T05:16:22,logos/figuras,"alta, desde que caminho/configuracao seja preservado ou migrado"
Figuras\PretoBranco\745.jpg,.jpg,2462,2002-08-26T09:19:42,logos/figuras,"alta, desde que caminho/configuracao seja preservado ou migrado"
Figuras\PretoBranco\748.jpg,.jpg,1822,2002-08-26T09:19:28,logos/figuras,"alta, desde que caminho/configuracao seja preservado ou migrado"
Figuras\PretoBranco\749.jpg,.jpg,2703,2003-01-15T13:17:50,logos/figuras,"alta, desde que caminho/configuracao seja preservado ou migrado"
Figuras\PretoBranco\756.jpg,.jpg,2505,2002-08-26T09:27:00,logos/figuras,"alta, desde que caminho/configuracao seja preservado ou migrado"
Importa\Figuras\Bermuda.BMP,.bmp,51844,1997-05-26T09:15:48,logos/figuras,"alta, desde que caminho/configuracao seja preservado ou migrado"
Importa\Figuras\Blusa.BMP,.bmp,47564,1997-05-26T09:21:00,logos/figuras,"alta, desde que caminho/configuracao seja preservado ou migrado"
Importa\Figuras\Calcinha.BMP,.bmp,51416,1997-05-26T09:34:28,logos/figuras,"alta, desde que caminho/configuracao seja preservado ou migrado"
Importa\Figuras\Calça Jeans.BMP,.bmp,54412,1997-05-26T09:22:00,logos/figuras,"alta, desde que caminho/configuracao seja preservado ou migrado"
Importa\Figuras\Calça Social.BMP,.bmp,95500,1997-05-26T19:00:42,logos/figuras,"alta, desde que caminho/configuracao seja preservado ou migrado"
Importa\Figuras\Camisa.BMP,.bmp,64256,1997-05-26T09:43:06,logos/figuras,"alta, desde que caminho/configuracao seja preservado ou migrado"
Importa\Figuras\Camiseta Polo.BMP,.bmp,51416,1997-05-26T09:47:18,logos/figuras,"alta, desde que caminho/configuracao seja preservado ou migrado"
Importa\Figuras\Camiseta.BMP,.bmp,47992,1997-05-26T09:49:44,logos/figuras,"alta, desde que caminho/configuracao seja preservado ou migrado"
Importa\Figuras\ConjMol.BMP,.bmp,62972,1997-05-26T18:36:08,logos/figuras,"alta, desde que caminho/configuracao seja preservado ou migrado"
Importa\Figuras\Cueca.BMP,.bmp,53984,1997-05-26T09:51:08,logos/figuras,"alta, desde que caminho/configuracao seja preservado ou migrado"
Importa\Figuras\Fronha.BMP,.bmp,44996,1997-05-26T09:52:32,logos/figuras,"alta, desde que caminho/configuracao seja preservado ou migrado"
Importa\Figuras\Gravata.BMP,.bmp,74956,1997-05-26T09:58:32,logos/figuras,"alta, desde que caminho/configuracao seja preservado ou migrado"
Importa\Figuras\Jaqueta Jeans.BMP,.bmp,57836,1997-05-26T09:59:02,logos/figuras,"alta, desde que caminho/configuracao seja preservado ou migrado"
Importa\Figuras\Lenço.BMP,.bmp,101972,1997-05-26T09:05:00,logos/figuras,"alta, desde que caminho/configuracao seja preservado ou migrado"
Importa\Figuras\Lençol.BMP,.bmp,42428,1997-05-26T10:03:52,logos/figuras,"alta, desde que caminho/configuracao seja preservado ou migrado"
Importa\Figuras\LogoDemo.Bmp,.bmp,28294,2000-02-16T21:20:32,logos/figuras,"alta, desde que caminho/configuracao seja preservado ou migrado"
Importa\Figuras\LogoEquipe.bmp,.bmp,10306,1999-08-13T13:30:46,logos/figuras,"alta, desde que caminho/configuracao seja preservado ou migrado"
Importa\Figuras\Macacão.BMP,.bmp,54412,1997-05-26T10:04:44,logos/figuras,"alta, desde que caminho/configuracao seja preservado ou migrado"
Importa\Figuras\Meia.BMP,.bmp,63828,1997-05-26T18:16:08,logos/figuras,"alta, desde que caminho/configuracao seja preservado ou migrado"
Importa\Figuras\MiniSaia.BMP,.bmp,50132,1997-05-26T10:29:40,logos/figuras,"alta, desde que caminho/configuracao seja preservado ou migrado"
Importa\Figuras\Short.BMP,.bmp,42428,1997-05-26T10:32:02,logos/figuras,"alta, desde que caminho/configuracao seja preservado ou migrado"
Importa\Figuras\Sutiem.BMP,.bmp,49276,1997-05-26T18:23:42,logos/figuras,"alta, desde que caminho/configuracao seja preservado ou migrado"
Importa\Figuras\Tapete.BMP,.bmp,38576,1997-05-26T18:09:08,logos/figuras,"alta, desde que caminho/configuracao seja preservado ou migrado"
Importa\Figuras\Tenis.BMP,.bmp,47992,1997-05-26T10:55:28,logos/figuras,"alta, desde que caminho/configuracao seja preservado ou migrado"
Importa\Figuras\Toalha de Rosto.BMP,.bmp,58692,1997-05-26T11:03:12,logos/figuras,"alta, desde que caminho/configuracao seja preservado ou migrado"
Importa\Figuras\Toalha.BMP,.bmp,51844,1997-05-26T11:04:54,logos/figuras,"alta, desde que caminho/configuracao seja preservado ou migrado"
Importa\Figuras\Vestido.BMP,.bmp,71104,1997-05-26T11:07:12,logos/figuras,"alta, desde que caminho/configuracao seja preservado ou migrado"
