Executavel,ArquivoLayout,Indice,TamanhoBytes,ComponentesTPrefix,TiposMaisFrequentes,PossuiQuery,PossuiGrid,PossuiMenu,PossuiRelatorio
Estoque,D:\AtelieProd\MOD\docs\02-arquitetura-legada\layouts-telas\Estoque.tpf0.1.txt,1,47150,39,Tn:7; TT:3; TP:3; Tcommaaccent:2; TPF0:1; TF:1; TnV:1; TK:1,nao,nao,nao,nao
Estoque,D:\AtelieProd\MOD\docs\02-arquitetura-legada\layouts-telas\Estoque.tpf0.10.txt,10,38275,527,Top:153; TabOrder:61; TLabel:44; Transparent:30; TEdit:26; TMenuItem:18; TStringField:17; TPanel:15,sim,sim,sim,sim
Estoque,D:\AtelieProd\MOD\docs\02-arquitetura-legada\layouts-telas\Estoque.tpf0.11.txt,11,38497,517,Top:151; TabOrder:58; TLabel:45; Transparent:31; TEdit:24; TStringField:17; TPanel:15; TMenuItem:14,sim,sim,sim,nao
Estoque,D:\AtelieProd\MOD\docs\02-arquitetura-legada\layouts-telas\Estoque.tpf0.12.txt,12,36515,463,Top:134; TabOrder:50; TLabel:41; Transparent:31; TEdit:21; TStringField:17; TPanel:15; Text:12,sim,sim,sim,nao
Estoque,D:\AtelieProd\MOD\docs\02-arquitetura-legada\layouts-telas\Estoque.tpf0.13.txt,13,31459,294,Top:89; TabOrder:33; Transparent:33; TLabel:31; TEdit:20; Text:12; TdE:8; TX:7,nao,nao,sim,nao
Estoque,D:\AtelieProd\MOD\docs\02-arquitetura-legada\layouts-telas\Estoque.tpf0.14.txt,14,32174,252,Top:77; TLabel:28; TabOrder:26; Transparent:21; TEdit:15; TMenuItem:10; TSpeedButton:6; TX:6,nao,sim,sim,nao
Estoque,D:\AtelieProd\MOD\docs\02-arquitetura-legada\layouts-telas\Estoque.tpf0.15.txt,15,36823,364,Top:113; TabOrder:50; TLabel:40; Transparent:31; TEdit:20; TPanel:13; TitleFont:10; TSpeedButton:8,nao,sim,sim,nao
Estoque,D:\AtelieProd\MOD\docs\02-arquitetura-legada\layouts-telas\Estoque.tpf0.16.txt,16,42753,529,Top:109; TStringField:51; TabOrder:44; TLabel:33; TMenuItem:29; Transparent:22; TEdit:16; TIntegerField:12,sim,sim,sim,nao
Estoque,D:\AtelieProd\MOD\docs\02-arquitetura-legada\layouts-telas\Estoque.tpf0.17.txt,17,41047,520,Top:103; TStringField:53; TabOrder:38; TMenuItem:27; TLabel:25; Transparent:23; TPanel:13; TIntegerField:12,sim,sim,sim,nao
Estoque,D:\AtelieProd\MOD\docs\02-arquitetura-legada\layouts-telas\Estoque.tpf0.18.txt,18,32064,283,Top:78; TabOrder:27; TLabel:18; Transparent:10; TEdit:10; TitleFont:10; TStringField:9; TX:8,nao,sim,sim,nao
Estoque,D:\AtelieProd\MOD\docs\02-arquitetura-legada\layouts-telas\Estoque.tpf0.2.txt,2,19422,203,Top:66; TLabel:22; TabOrder:15; Transparent:14; TSpeedButton:10; TMenuItem:10; TEdit:6; TitleFont:5,nao,sim,sim,nao
Estoque,D:\AtelieProd\MOD\docs\02-arquitetura-legada\layouts-telas\Estoque.tpf0.3.txt,3,16432,122,Top:39; TLabel:15; Transparent:14; TabOrder:11; TEdit:6; TPanel:3; TX:3; TMenuItem:3,nao,nao,sim,nao
Estoque,D:\AtelieProd\MOD\docs\02-arquitetura-legada\layouts-telas\Estoque.tpf0.4.txt,4,9740,16,Top:6; TPanel:2; TabOrder:2; TLabel:2; TPF0:1; TCEP_FM:1; TextHeight:1; TAnimatedImage:1,nao,nao,nao,nao
Estoque,D:\AtelieProd\MOD\docs\02-arquitetura-legada\layouts-telas\Estoque.tpf0.5.txt,5,33201,390,Top:87; TStringField:35; TabOrder:24; TLabel:24; Transparent:22; TMenuItem:15; TitleFont:10; TDataSource:9,sim,sim,sim,nao
Estoque,D:\AtelieProd\MOD\docs\02-arquitetura-legada\layouts-telas\Estoque.tpf0.6.txt,6,64121,802,Top:248; TabOrder:111; TLabel:99; Transparent:89; TEdit:40; TitleFont:25; TDBLookupCombo:24; TBevel:18,sim,sim,sim,nao
Estoque,D:\AtelieProd\MOD\docs\02-arquitetura-legada\layouts-telas\Estoque.tpf0.7.txt,7,33877,466,TStringField:90; Top:64; TMenuItem:42; TTable:14; TabOrder:9; Transparent:8; TBooleanField:8; TLabel:7,sim,sim,sim,nao
Estoque,D:\AtelieProd\MOD\docs\02-arquitetura-legada\layouts-telas\Estoque.tpf0.8.txt,8,45075,807,Top:250; TabOrder:111; TLabel:89; TEdit:60; Text:37; Transparent:25; TMenuItem:24; TStringField:17,sim,sim,sim,sim
Estoque,D:\AtelieProd\MOD\docs\02-arquitetura-legada\layouts-telas\Estoque.tpf0.9.txt,9,47104,862,Top:268; TabOrder:125; TLabel:94; TEdit:66; Text:48; Transparent:29; TMenuItem:20; TStringField:17,sim,sim,sim,sim
LavFacilLan,D:\AtelieProd\MOD\docs\02-arquitetura-legada\layouts-telas\LavFacilLan.tpf0.1.txt,1,46822,52,Ti:10; TT:8; TU:3; Tcommaaccent:2; TPF0:1; TxS:1; TnV:1; TyV:1,nao,nao,nao,nao
LavFacilLan,D:\AtelieProd\MOD\docs\02-arquitetura-legada\layouts-telas\LavFacilLan.tpf0.10.txt,10,9740,16,Top:6; TPanel:2; TabOrder:2; TLabel:2; TPF0:1; TCEP_FM:1; TextHeight:1; TAnimatedImage:1,nao,nao,nao,nao
LavFacilLan,D:\AtelieProd\MOD\docs\02-arquitetura-legada\layouts-telas\LavFacilLan.tpf0.100.txt,100,34581,435,Top:126; TabOrder:37; TLabel:23; TTable:21; Transparent:19; TMenuItem:15; TDataSource:11; TBevel:8,sim,sim,sim,nao
LavFacilLan,D:\AtelieProd\MOD\docs\02-arquitetura-legada\layouts-telas\LavFacilLan.tpf0.101.txt,101,33277,401,Top:114; TabOrder:32; TTable:21; TLabel:19; Transparent:19; TMenuItem:13; TDataSource:11; TX:8,sim,sim,sim,nao
LavFacilLan,D:\AtelieProd\MOD\docs\02-arquitetura-legada\layouts-telas\LavFacilLan.tpf0.102.txt,102,28295,241,Top:69; TabOrder:16; TLabel:14; TMenuItem:11; Transparent:10; TTable:7; TSpeedButton:7; TX:7,nao,nao,sim,nao
LavFacilLan,D:\AtelieProd\MOD\docs\02-arquitetura-legada\layouts-telas\LavFacilLan.tpf0.103.txt,103,26248,208,Top:58; TLabel:13; TabOrder:12; Transparent:10; TMenuItem:9; TX:8; TSpeedButton:7; TStringField:6,nao,nao,sim,nao
LavFacilLan,D:\AtelieProd\MOD\docs\02-arquitetura-legada\layouts-telas\LavFacilLan.tpf0.104.txt,104,36229,341,Top:114; TabOrder:40; TLabel:39; TMenuItem:14; Transparent:13; TEdit:13; Text:7; TPF0:6,nao,nao,sim,nao
LavFacilLan,D:\AtelieProd\MOD\docs\02-arquitetura-legada\layouts-telas\LavFacilLan.tpf0.105.txt,105,34721,317,Top:105; TabOrder:37; TLabel:35; Transparent:13; TEdit:13; TMenuItem:12; Text:7; TdE:6,nao,nao,sim,nao
LavFacilLan,D:\AtelieProd\MOD\docs\02-arquitetura-legada\layouts-telas\LavFacilLan.tpf0.106.txt,106,39695,429,Top:130; TabOrder:47; TLabel:34; TPanel:17; TTable:13; TEdit:13; Transparent:12; TStringField:12,nao,nao,sim,nao
LavFacilLan,D:\AtelieProd\MOD\docs\02-arquitetura-legada\layouts-telas\LavFacilLan.tpf0.107.txt,107,40537,480,Top:150; TabOrder:47; TLabel:46; Transparent:24; TPanel:18; TSpeedButton:17; TEdit:13; TTable:12,nao,nao,sim,nao
LavFacilLan,D:\AtelieProd\MOD\docs\02-arquitetura-legada\layouts-telas\LavFacilLan.tpf0.108.txt,108,40161,471,Top:147; TabOrder:46; TLabel:45; Transparent:24; TPanel:18; TSpeedButton:17; TEdit:12; TTable:12,nao,nao,sim,nao
LavFacilLan,D:\AtelieProd\MOD\docs\02-arquitetura-legada\layouts-telas\LavFacilLan.tpf0.109.txt,109,32755,336,Top:99; Transparent:24; TabOrder:23; TLabel:23; TPanel:18; TSpeedButton:18; TTable:12; TStringField:12,nao,nao,sim,nao
LavFacilLan,D:\AtelieProd\MOD\docs\02-arquitetura-legada\layouts-telas\LavFacilLan.tpf0.11.txt,11,33201,390,Top:87; TStringField:35; TabOrder:24; TLabel:24; Transparent:22; TMenuItem:15; TitleFont:10; TDataSource:9,sim,sim,sim,nao
LavFacilLan,D:\AtelieProd\MOD\docs\02-arquitetura-legada\layouts-telas\LavFacilLan.tpf0.110.txt,110,29354,221,Top:75; TabOrder:21; Transparent:20; TPanel:19; TSpeedButton:19; TLabel:19; TImage:11; TX:7,nao,nao,sim,nao
LavFacilLan,D:\AtelieProd\MOD\docs\02-arquitetura-legada\layouts-telas\LavFacilLan.tpf0.111.txt,111,26747,95,Top:32; Transparent:11; TLabel:10; TSpeedButton:10; TabOrder:7; TPanel:6; TImage:3; TX:3,nao,nao,sim,nao
LavFacilLan,D:\AtelieProd\MOD\docs\02-arquitetura-legada\layouts-telas\LavFacilLan.tpf0.112.txt,112,39000,553,Top:141; TMenuItem:56; TabOrder:45; TLabel:28; TStringField:27; TTable:20; TPanel:14; Transparent:11,sim,sim,sim,sim
LavFacilLan,D:\AtelieProd\MOD\docs\02-arquitetura-legada\layouts-telas\LavFacilLan.tpf0.113.txt,113,42650,619,Top:159; TabOrder:57; TMenuItem:52; TLabel:39; TStringField:27; Transparent:24; TTable:20; TComboBox:13,sim,sim,sim,sim
LavFacilLan,D:\AtelieProd\MOD\docs\02-arquitetura-legada\layouts-telas\LavFacilLan.tpf0.114.txt,114,42221,592,Top:148; TMenuItem:52; TabOrder:51; TLabel:35; TStringField:27; Transparent:24; TTable:20; TComboBox:13,sim,sim,sim,sim
LavFacilLan,D:\AtelieProd\MOD\docs\02-arquitetura-legada\layouts-telas\LavFacilLan.tpf0.115.txt,115,41752,553,Top:138; TMenuItem:45; TLabel:44; TabOrder:37; Transparent:35; TStringField:25; TTable:19; TComboBox:13,sim,sim,sim,nao
LavFacilLan,D:\AtelieProd\MOD\docs\02-arquitetura-legada\layouts-telas\LavFacilLan.tpf0.116.txt,116,52484,695,Top:187; TabOrder:87; TLabel:66; Transparent:61; TEdit:40; TStringField:25; TComboBox:17; TMenuItem:16,nao,sim,sim,nao
LavFacilLan,D:\AtelieProd\MOD\docs\02-arquitetura-legada\layouts-telas\LavFacilLan.tpf0.117.txt,117,55238,765,Top:206; TabOrder:98; TLabel:72; Transparent:68; TEdit:47; TStringField:25; TComboBox:18; TMenuItem:16,sim,sim,sim,nao
LavFacilLan,D:\AtelieProd\MOD\docs\02-arquitetura-legada\layouts-telas\LavFacilLan.tpf0.118.txt,118,53803,686,Top:208; TabOrder:98; TLabel:83; Transparent:82; TEdit:47; TComboBox:18; Text:16; TMaskEdit:9,sim,sim,sim,nao
LavFacilLan,D:\AtelieProd\MOD\docs\02-arquitetura-legada\layouts-telas\LavFacilLan.tpf0.119.txt,119,50314,616,Top:183; TabOrder:87; Transparent:81; TLabel:74; TEdit:45; TComboBox:16; Text:14; TMaskEdit:9,sim,sim,sim,nao
LavFacilLan,D:\AtelieProd\MOD\docs\02-arquitetura-legada\layouts-telas\LavFacilLan.tpf0.12.txt,12,64121,802,Top:248; TabOrder:111; TLabel:99; Transparent:89; TEdit:40; TitleFont:25; TDBLookupCombo:24; TBevel:18,sim,sim,sim,nao
LavFacilLan,D:\AtelieProd\MOD\docs\02-arquitetura-legada\layouts-telas\LavFacilLan.tpf0.120.txt,120,40000,180,Top:55; TabOrder:20; TLabel:17; TPanel:15; Transparent:11; TSpeedButton:8; TitleFont:5; TImage:4,nao,sim,nao,nao
LavFacilLan,D:\AtelieProd\MOD\docs\02-arquitetura-legada\layouts-telas\LavFacilLan.tpf0.121.txt,121,41788,414,Top:119; TabOrder:41; TLabel:31; Transparent:31; TitleFont:20; TCheckBox:20; Title:10; TImage:8,sim,sim,sim,nao
LavFacilLan,D:\AtelieProd\MOD\docs\02-arquitetura-legada\layouts-telas\LavFacilLan.tpf0.122.txt,122,31311,340,Top:85; TabOrder:35; TMenuItem:22; TitleFont:15; TEdit:14; TStringField:12; Text:10; TLabel:9,sim,sim,sim,sim
LavFacilLan,D:\AtelieProd\MOD\docs\02-arquitetura-legada\layouts-telas\LavFacilLan.tpf0.123.txt,123,30450,315,Top:77; TabOrder:28; TMenuItem:22; TitleFont:15; TEdit:13; TStringField:12; Text:10; TLabel:9,sim,sim,sim,sim
LavFacilLan,D:\AtelieProd\MOD\docs\02-arquitetura-legada\layouts-telas\LavFacilLan.tpf0.124.txt,124,24436,291,Top:72; TabOrder:24; TMenuItem:19; TitleFont:15; TLabel:13; TStringField:12; TEdit:12; Text:10,sim,sim,sim,sim
LavFacilLan,D:\AtelieProd\MOD\docs\02-arquitetura-legada\layouts-telas\LavFacilLan.tpf0.125.txt,125,40965,791,Top:258; TabOrder:143; TButton:47; TLabel:45; TEdit:31; Transparent:24; Text:21; TCheckBox:19,sim,sim,sim,sim
LavFacilLan,D:\AtelieProd\MOD\docs\02-arquitetura-legada\layouts-telas\LavFacilLan.tpf0.126.txt,126,41718,781,Top:255; TabOrder:138; TButton:46; TLabel:42; Transparent:31; TEdit:29; Text:21; Times:21,sim,sim,sim,sim
LavFacilLan,D:\AtelieProd\MOD\docs\02-arquitetura-legada\layouts-telas\LavFacilLan.tpf0.127.txt,127,61590,979,Top:321; TabOrder:124; Transparent:86; TQRLabel:53; TButton:46; Times:44; TLabel:42; TQRShape:24,sim,sim,nao,sim
LavFacilLan,D:\AtelieProd\MOD\docs\02-arquitetura-legada\layouts-telas\LavFacilLan.tpf0.128.txt,128,86503,1214,Top:391; Transparent:138; TabOrder:123; TQRLabel:84; Times:65; TButton:45; TLabel:37; TQRShape:35,sim,sim,nao,sim
LavFacilLan,D:\AtelieProd\MOD\docs\02-arquitetura-legada\layouts-telas\LavFacilLan.tpf0.129.txt,129,86768,1090,Top:343; Transparent:154; TQRLabel:97; TabOrder:80; Times:69; TButton:39; TQRShape:36; TQRDBText:32,sim,sim,nao,sim
LavFacilLan,D:\AtelieProd\MOD\docs\02-arquitetura-legada\layouts-telas\LavFacilLan.tpf0.13.txt,13,33877,466,TStringField:90; Top:64; TMenuItem:42; TTable:14; TabOrder:9; Transparent:8; TBooleanField:8; TLabel:7,sim,sim,sim,nao
LavFacilLan,D:\AtelieProd\MOD\docs\02-arquitetura-legada\layouts-telas\LavFacilLan.tpf0.130.txt,130,86688,1055,Top:331; Transparent:158; TQRLabel:101; Times:69; TabOrder:67; TQRShape:37; TButton:33; TQRDBText:32,sim,sim,nao,sim
LavFacilLan,D:\AtelieProd\MOD\docs\02-arquitetura-legada\layouts-telas\LavFacilLan.tpf0.131.txt,131,86662,1015,Top:317; Transparent:160; TQRLabel:101; Times:69; TabOrder:57; TQRShape:37; TQRDBText:32; TButton:31,sim,sim,nao,sim
LavFacilLan,D:\AtelieProd\MOD\docs\02-arquitetura-legada\layouts-telas\LavFacilLan.tpf0.132.txt,132,86342,901,Top:276; Transparent:171; TQRLabel:109; Times:69; TQRShape:44; TOUUUUU:34; TQRDBText:33; TQRBand:26,nao,sim,nao,sim
LavFacilLan,D:\AtelieProd\MOD\docs\02-arquitetura-legada\layouts-telas\LavFacilLan.tpf0.133.txt,133,86340,864,Top:265; Transparent:172; TQRLabel:112; Times:69; TQRShape:44; TOUUUUU:34; TQRDBText:33; TQRBand:26,nao,sim,nao,sim
LavFacilLan,D:\AtelieProd\MOD\docs\02-arquitetura-legada\layouts-telas\LavFacilLan.tpf0.134.txt,134,86168,870,Top:270; Transparent:171; TQRLabel:117; Times:58; TQRShape:56; TOUUUUU:41; TQRDBText:27; TQRBand:22,nao,sim,nao,sim
LavFacilLan,D:\AtelieProd\MOD\docs\02-arquitetura-legada\layouts-telas\LavFacilLan.tpf0.135.txt,135,86173,881,Top:274; Transparent:171; TQRLabel:109; Times:85; TQRShape:47; TQRDBText:32; TOUUUUU:29; TQRBand:25,sim,sim,nao,sim
LavFacilLan,D:\AtelieProd\MOD\docs\02-arquitetura-legada\layouts-telas\LavFacilLan.tpf0.136.txt,136,85906,865,Top:270; Transparent:175; TQRLabel:118; Times:76; TQRShape:43; TQRDBText:34; TOUUUUU:29; TQRBand:22,sim,sim,nao,sim
LavFacilLan,D:\AtelieProd\MOD\docs\02-arquitetura-legada\layouts-telas\LavFacilLan.tpf0.137.txt,137,85834,842,Top:268; Transparent:176; TQRLabel:122; Times:62; TQRShape:44; TQRDBText:30; TOUUUUU:24; TQRBand:19,sim,sim,nao,sim
LavFacilLan,D:\AtelieProd\MOD\docs\02-arquitetura-legada\layouts-telas\LavFacilLan.tpf0.138.txt,138,86229,826,Top:254; Transparent:188; TQRLabel:135; Times:69; TQRDBText:36; TQRShape:20; TQRBand:16; TQRSysData:15,sim,sim,nao,sim
LavFacilLan,D:\AtelieProd\MOD\docs\02-arquitetura-legada\layouts-telas\LavFacilLan.tpf0.139.txt,139,86199,806,Top:249; Transparent:194; TQRLabel:143; Times:50; TQRDBText:37; TQRShape:19; TQRBand:13; TQRSysData:10,sim,sim,nao,sim
LavFacilLan,D:\AtelieProd\MOD\docs\02-arquitetura-legada\layouts-telas\LavFacilLan.tpf0.14.txt,14,30892,213,Top:67; Transparent:26; TLabel:24; TabOrder:23; TEdit:12; TSpeedButton:9; TPanel:6; TX:6,nao,nao,sim,nao
LavFacilLan,D:\AtelieProd\MOD\docs\02-arquitetura-legada\layouts-telas\LavFacilLan.tpf0.140.txt,140,86156,765,Top:241; Transparent:198; TQRLabel:156; TQRDBText:29; Times:26; TQRShape:20; Tb_Clientes:10; TQRMemo:9,nao,sim,nao,sim
LavFacilLan,D:\AtelieProd\MOD\docs\02-arquitetura-legada\layouts-telas\LavFacilLan.tpf0.141.txt,141,86166,762,Top:241; Transparent:196; TQRLabel:155; TQRDBText:28; Times:22; TQRShape:20; Tb_Clientes:10; Tb_MovTmpIt:9,nao,sim,nao,sim
LavFacilLan,D:\AtelieProd\MOD\docs\02-arquitetura-legada\layouts-telas\LavFacilLan.tpf0.142.txt,142,85887,789,Top:252; Transparent:195; TQRLabel:156; TQRShape:32; TQRDBText:26; TOUUUUU:19; Times:17; Tb_Clientes:13,nao,sim,nao,sim
LavFacilLan,D:\AtelieProd\MOD\docs\02-arquitetura-legada\layouts-telas\LavFacilLan.tpf0.143.txt,143,85948,804,Top:253; Transparent:196; TQRLabel:165; TQRShape:37; Times:33; TOUUUUU:23; TQRDBText:21; Tb_Clientes:13,nao,sim,nao,sim
LavFacilLan,D:\AtelieProd\MOD\docs\02-arquitetura-legada\layouts-telas\LavFacilLan.tpf0.144.txt,144,86272,803,Top:255; Transparent:186; TQRLabel:151; TQRShape:46; Times:42; TQRDBText:26; Tb_Clientes:17; TOUUUUU:15,nao,sim,nao,sim
LavFacilLan,D:\AtelieProd\MOD\docs\02-arquitetura-legada\layouts-telas\LavFacilLan.tpf0.145.txt,145,86320,773,Top:253; Transparent:177; TQRLabel:139; Times:47; TQRShape:40; TQRDBText:25; TQRBand:17; Tb_Clientes:10,nao,sim,nao,sim
LavFacilLan,D:\AtelieProd\MOD\docs\02-arquitetura-legada\layouts-telas\LavFacilLan.tpf0.146.txt,146,86173,756,Top:254; Transparent:169; TQRLabel:122; TQRShape:41; Times:37; TQRDBText:32; TQRBand:23; TQRSysData:15,nao,sim,nao,sim
LavFacilLan,D:\AtelieProd\MOD\docs\02-arquitetura-legada\layouts-telas\LavFacilLan.tpf0.147.txt,147,86096,776,Top:252; Transparent:180; TQRLabel:122; Times:50; TQRShape:34; TQRDBText:32; TQRBand:21; TQRSysData:15,nao,sim,nao,sim
LavFacilLan,D:\AtelieProd\MOD\docs\02-arquitetura-legada\layouts-telas\LavFacilLan.tpf0.148.txt,148,85813,773,Top:252; Transparent:186; TQRLabel:140; Times:45; TQRShape:35; TQRDBText:24; TQRBand:15; TQRSysData:12,nao,sim,nao,sim
LavFacilLan,D:\AtelieProd\MOD\docs\02-arquitetura-legada\layouts-telas\LavFacilLan.tpf0.149.txt,149,85938,776,Top:251; Transparent:194; TQRLabel:149; Times:44; TQRShape:33; TQRDBText:23; TQRBand:12; TQRSysData:11,nao,sim,nao,sim
LavFacilLan,D:\AtelieProd\MOD\docs\02-arquitetura-legada\layouts-telas\LavFacilLan.tpf0.15.txt,15,41079,176,Top:54; TabOrder:20; TLabel:17; TPanel:15; Transparent:11; TSpeedButton:7; TitleFont:5; TImage:4,nao,sim,sim,nao
LavFacilLan,D:\AtelieProd\MOD\docs\02-arquitetura-legada\layouts-telas\LavFacilLan.tpf0.150.txt,150,85684,767,Top:249; Transparent:207; TQRLabel:173; Times:33; TQRShape:30; TQRMemo:15; TQRDBText:14; Tb_MovRetirada:8,nao,sim,nao,sim
LavFacilLan,D:\AtelieProd\MOD\docs\02-arquitetura-legada\layouts-telas\LavFacilLan.tpf0.151.txt,151,85391,734,Top:253; Transparent:212; TQRLabel:197; TQRShape:35; TQRMemo:15; TUUUUU:12; TQRBand:2; TQRImage:2,nao,sim,nao,sim
LavFacilLan,D:\AtelieProd\MOD\docs\02-arquitetura-legada\layouts-telas\LavFacilLan.tpf0.152.txt,152,75287,823,Top:263; Transparent:133; TQRLabel:89; Times:73; TQRShape:45; TToolButton:31; TQRDBText:31; TOUUUUU:25,nao,sim,sim,sim
LavFacilLan,D:\AtelieProd\MOD\docs\02-arquitetura-legada\layouts-telas\LavFacilLan.tpf0.153.txt,153,75307,814,Top:259; Transparent:133; TQRLabel:89; Times:73; TQRShape:45; TToolButton:31; TQRDBText:31; TOUUUUU:25,nao,sim,sim,sim
LavFacilLan,D:\AtelieProd\MOD\docs\02-arquitetura-legada\layouts-telas\LavFacilLan.tpf0.154.txt,154,75281,791,Top:240; Transparent:133; TQRLabel:89; Times:73; TQRShape:45; TQRDBText:31; TOUUUUU:25; TMenuItem:21,nao,sim,sim,sim
LavFacilLan,D:\AtelieProd\MOD\docs\02-arquitetura-legada\layouts-telas\LavFacilLan.tpf0.155.txt,155,65098,690,Top:210; Transparent:114; TQRLabel:79; Times:55; TQRShape:42; TOUUUUU:25; TQRDBText:25; TMenuItem:21,nao,sim,sim,sim
LavFacilLan,D:\AtelieProd\MOD\docs\02-arquitetura-legada\layouts-telas\LavFacilLan.tpf0.156.txt,156,59180,617,Top:197; Transparent:96; TQRLabel:68; TQRShape:40; Times:26; TMenuItem:21; TQRDBText:17; TOUUUUU:15,nao,sim,sim,sim
LavFacilLan,D:\AtelieProd\MOD\docs\02-arquitetura-legada\layouts-telas\LavFacilLan.tpf0.157.txt,157,57062,628,Top:193; Transparent:92; TQRLabel:59; Times:35; TQRShape:30; TMenuItem:21; TQRDBText:18; TToolButton:15,sim,sim,sim,sim
LavFacilLan,D:\AtelieProd\MOD\docs\02-arquitetura-legada\layouts-telas\LavFacilLan.tpf0.158.txt,158,42222,460,Top:131; Transparent:60; Times:34; TQRLabel:34; TMenuItem:21; TToolButton:15; TabOrder:14; Tb_GeraTmpAnal:14,sim,sim,sim,sim
LavFacilLan,D:\AtelieProd\MOD\docs\02-arquitetura-legada\layouts-telas\LavFacilLan.tpf0.159.txt,159,48846,503,Top:152; Transparent:65; Times:35; TQRLabel:34; TabOrder:31; TLabel:15; Tb_GeraTmpAnal:14; TQRDBText:13,sim,sim,sim,sim
LavFacilLan,D:\AtelieProd\MOD\docs\02-arquitetura-legada\layouts-telas\LavFacilLan.tpf0.16.txt,16,32875,314,Top:98; TabOrder:31; TLabel:24; Transparent:22; TMenuItem:14; TTable:10; TSpeedButton:9; TPanel:8,nao,sim,sim,nao
LavFacilLan,D:\AtelieProd\MOD\docs\02-arquitetura-legada\layouts-telas\LavFacilLan.tpf0.160.txt,160,40764,412,Top:120; Transparent:43; Times:32; TabOrder:31; TLabel:16; Tb_GeraTmpAnal:14; TQRLabel:14; TQRDBText:13,sim,sim,sim,sim
LavFacilLan,D:\AtelieProd\MOD\docs\02-arquitetura-legada\layouts-telas\LavFacilLan.tpf0.161.txt,161,33874,334,Top:108; TabOrder:39; TLabel:34; Transparent:17; TSpeedButton:13; TPanel:8; TEdit:6; TRadioButton:6,sim,nao,sim,sim
LavFacilLan,D:\AtelieProd\MOD\docs\02-arquitetura-legada\layouts-telas\LavFacilLan.tpf0.162.txt,162,39513,424,Top:134; TabOrder:50; TLabel:36; TSpeedButton:15; Transparent:13; TMenuItem:12; TPanel:10; TTable:7,sim,nao,sim,sim
LavFacilLan,D:\AtelieProd\MOD\docs\02-arquitetura-legada\layouts-telas\LavFacilLan.tpf0.163.txt,163,37381,326,Top:103; TLabel:30; TabOrder:28; TSpeedButton:14; Transparent:13; TMenuItem:12; TPanel:10; TTable:7,sim,nao,sim,sim
LavFacilLan,D:\AtelieProd\MOD\docs\02-arquitetura-legada\layouts-telas\LavFacilLan.tpf0.164.txt,164,36894,317,Top:100; TLabel:29; TabOrder:27; TSpeedButton:14; Transparent:13; TMenuItem:12; TPanel:10; TTable:7,sim,nao,sim,nao
LavFacilLan,D:\AtelieProd\MOD\docs\02-arquitetura-legada\layouts-telas\LavFacilLan.tpf0.165.txt,165,28740,168,Top:58; TLabel:20; Transparent:14; TSpeedButton:12; TMenuItem:11; TabOrder:9; TPanel:7; TdE:6,nao,nao,sim,nao
LavFacilLan,D:\AtelieProd\MOD\docs\02-arquitetura-legada\layouts-telas\LavFacilLan.tpf0.166.txt,166,25481,122,Top:41; TLabel:14; Transparent:14; TSpeedButton:10; TdE:6; TMenuItem:6; TImage:4; TabOrder:4,nao,nao,sim,nao
LavFacilLan,D:\AtelieProd\MOD\docs\02-arquitetura-legada\layouts-telas\LavFacilLan.tpf0.167.txt,167,18412,42,Top:18; TSpeedButton:15; TPF0:1; TTecladoAlfanumerico:1; TecladoAlfanumerico:1; Teclado:1; TextHeight:1; TImage:1,nao,nao,sim,nao
LavFacilLan,D:\AtelieProd\MOD\docs\02-arquitetura-legada\layouts-telas\LavFacilLan.tpf0.168.txt,168,16392,35,Top:15; TSpeedButton:12; TPF0:1; TTecladoNumerico:1; TecladoNumerico:1; Teclado:1; TextHeight:1; TImage:1,nao,nao,nao,nao
LavFacilLan,D:\AtelieProd\MOD\docs\02-arquitetura-legada\layouts-telas\LavFacilLan.tpf0.169.txt,169,32324,302,Top:90; TabOrder:29; TLabel:27; TEdit:15; Transparent:14; Text:14; TSpeedButton:13; TX:12,nao,sim,sim,nao
LavFacilLan,D:\AtelieProd\MOD\docs\02-arquitetura-legada\layouts-telas\LavFacilLan.tpf0.17.txt,17,30653,237,Top:60; TabOrder:19; TLabel:12; TStringField:11; Transparent:9; TMenuItem:9; TPanel:8; TdE:6,nao,sim,sim,nao
LavFacilLan,D:\AtelieProd\MOD\docs\02-arquitetura-legada\layouts-telas\LavFacilLan.tpf0.170.txt,170,32379,284,Top:85; TabOrder:28; TLabel:26; TEdit:14; Text:14; TSpeedButton:13; Transparent:13; TMenuItem:10,nao,sim,sim,nao
LavFacilLan,D:\AtelieProd\MOD\docs\02-arquitetura-legada\layouts-telas\LavFacilLan.tpf0.171.txt,171,34389,320,Top:85; TabOrder:28; TLabel:25; TMenuItem:17; TEdit:14; Text:14; TSpeedButton:14; Transparent:12,nao,sim,sim,nao
LavFacilLan,D:\AtelieProd\MOD\docs\02-arquitetura-legada\layouts-telas\LavFacilLan.tpf0.172.txt,172,32004,232,Top:59; TMenuItem:17; TLabel:15; TSpeedButton:14; TabOrder:14; Transparent:12; TStringField:9; TX:8,nao,sim,sim,nao
LavFacilLan,D:\AtelieProd\MOD\docs\02-arquitetura-legada\layouts-telas\LavFacilLan.tpf0.173.txt,173,29819,194,Top:46; TLabel:12; Transparent:12; TSpeedButton:11; TMenuItem:11; TabOrder:10; TStringField:9; TX:8,nao,sim,sim,nao
LavFacilLan,D:\AtelieProd\MOD\docs\02-arquitetura-legada\layouts-telas\LavFacilLan.tpf0.174.txt,174,17157,118,Top:24; TStringField:9; TSpeedButton:8; TMenuItem:7; TFloatField:6; TabOrder:5; TitleFont:5; TLabel:5,nao,sim,sim,nao
LavFacilLan,D:\AtelieProd\MOD\docs\02-arquitetura-legada\layouts-telas\LavFacilLan.tpf0.18.txt,18,33703,332,Top:70; TStringField:26; TabOrder:21; TLabel:18; Transparent:16; TIntegerField:9; TPanel:8; TMenuItem:8,nao,sim,sim,sim
LavFacilLan,D:\AtelieProd\MOD\docs\02-arquitetura-legada\layouts-telas\LavFacilLan.tpf0.19.txt,19,47723,825,Top:234; TabOrder:61; TTable:55; TLabel:47; TableType:32; Transparent:29; TMenuItem:22; TStringField:20,sim,sim,sim,sim
LavFacilLan,D:\AtelieProd\MOD\docs\02-arquitetura-legada\layouts-telas\LavFacilLan.tpf0.2.txt,2,36312,225,Top:69; Transparent:26; TLabel:24; TabOrder:19; TSpeedButton:12; TPanel:9; TImage:8; Text:4,nao,nao,sim,nao
LavFacilLan,D:\AtelieProd\MOD\docs\02-arquitetura-legada\layouts-telas\LavFacilLan.tpf0.20.txt,20,48002,825,Top:233; TabOrder:66; TTable:55; TLabel:44; TableType:32; Transparent:29; TEdit:22; TStringField:20,sim,sim,sim,sim
LavFacilLan,D:\AtelieProd\MOD\docs\02-arquitetura-legada\layouts-telas\LavFacilLan.tpf0.21.txt,21,43269,741,Top:224; TabOrder:75; TTable:52; TLabel:38; TableType:32; TEdit:23; Transparent:22; TDataSource:18,sim,sim,sim,sim
LavFacilLan,D:\AtelieProd\MOD\docs\02-arquitetura-legada\layouts-telas\LavFacilLan.tpf0.22.txt,22,40670,686,Top:208; TabOrder:68; TTable:52; TLabel:34; TableType:32; TEdit:18; TDataSource:18; Transparent:17,sim,sim,sim,sim
LavFacilLan,D:\AtelieProd\MOD\docs\02-arquitetura-legada\layouts-telas\LavFacilLan.tpf0.23.txt,23,38992,631,Top:190; TabOrder:60; TTable:52; TableType:32; TLabel:30; TDataSource:18; Transparent:17; TEdit:15,sim,sim,sim,sim
LavFacilLan,D:\AtelieProd\MOD\docs\02-arquitetura-legada\layouts-telas\LavFacilLan.tpf0.24.txt,24,34779,474,Top:95; TStringField:60; TabOrder:48; TLabel:21; TEdit:19; Transparent:18; TFloatField:15; TPanel:10,nao,nao,sim,nao
LavFacilLan,D:\AtelieProd\MOD\docs\02-arquitetura-legada\layouts-telas\LavFacilLan.tpf0.25.txt,25,31459,294,Top:89; TabOrder:33; Transparent:33; TLabel:31; TEdit:20; Text:12; TdE:8; TX:7,nao,nao,sim,nao
LavFacilLan,D:\AtelieProd\MOD\docs\02-arquitetura-legada\layouts-telas\LavFacilLan.tpf0.26.txt,26,35172,315,Top:95; TabOrder:36; Transparent:35; TLabel:32; TEdit:11; TImage:8; TMenuItem:8; TJPEGImage:6,nao,nao,sim,nao
LavFacilLan,D:\AtelieProd\MOD\docs\02-arquitetura-legada\layouts-telas\LavFacilLan.tpf0.27.txt,27,35141,321,Top:96; TabOrder:39; Transparent:33; TLabel:31; TitleFont:10; TImage:8; TEdit:8; TSpeedButton:7,nao,sim,sim,nao
LavFacilLan,D:\AtelieProd\MOD\docs\02-arquitetura-legada\layouts-telas\LavFacilLan.tpf0.28.txt,28,37138,311,Top:86; TabOrder:32; Transparent:27; TLabel:24; TitleFont:10; TStringField:10; TImage:8; TSpeedButton:7,sim,sim,sim,nao
LavFacilLan,D:\AtelieProd\MOD\docs\02-arquitetura-legada\layouts-telas\LavFacilLan.tpf0.29.txt,29,36154,404,Top:84; TabOrder:36; TStringField:36; Transparent:24; TLabel:23; TitleFont:15; TPanel:13; TEdit:9,nao,sim,sim,nao
LavFacilLan,D:\AtelieProd\MOD\docs\02-arquitetura-legada\layouts-telas\LavFacilLan.tpf0.3.txt,3,35976,227,Top:78; TabOrder:26; Transparent:24; TLabel:23; TPanel:23; TSpeedButton:15; TImage:11; TJPEGImageN:9,nao,nao,sim,nao
LavFacilLan,D:\AtelieProd\MOD\docs\02-arquitetura-legada\layouts-telas\LavFacilLan.tpf0.30.txt,30,41108,526,Top:101; TStringField:53; TabOrder:39; TMenuItem:27; TLabel:24; Transparent:22; TitleFont:15; TPanel:12,sim,sim,sim,nao
LavFacilLan,D:\AtelieProd\MOD\docs\02-arquitetura-legada\layouts-telas\LavFacilLan.tpf0.31.txt,31,27159,239,Top:72; TabOrder:31; TLabel:24; Transparent:22; TitleFont:10; TPanel:10; TEdit:9; TSpeedButton:9,nao,sim,sim,nao
LavFacilLan,D:\AtelieProd\MOD\docs\02-arquitetura-legada\layouts-telas\LavFacilLan.tpf0.32.txt,32,30931,292,Top:93; TabOrder:32; Transparent:26; TPanel:25; TLabel:23; TSpeedButton:15; TitleFont:10; TImage:8,sim,sim,sim,nao
LavFacilLan,D:\AtelieProd\MOD\docs\02-arquitetura-legada\layouts-telas\LavFacilLan.tpf0.33.txt,33,30051,242,Top:80; TabOrder:28; Transparent:25; TPanel:25; TLabel:23; TSpeedButton:17; TImage:7; TitleFont:5,nao,sim,sim,nao
LavFacilLan,D:\AtelieProd\MOD\docs\02-arquitetura-legada\layouts-telas\LavFacilLan.tpf0.34.txt,34,31493,266,Top:53; TStringField:18; TabOrder:17; TitleFont:15; TMenuItem:14; TPanel:8; TLabel:8; TSpeedButton:7,sim,sim,sim,nao
LavFacilLan,D:\AtelieProd\MOD\docs\02-arquitetura-legada\layouts-telas\LavFacilLan.tpf0.35.txt,35,36656,433,Top:116; TabOrder:40; TLabel:30; TitleFont:20; Title:20; Transparent:19; TStringField:16; TPanel:14,sim,sim,sim,sim
LavFacilLan,D:\AtelieProd\MOD\docs\02-arquitetura-legada\layouts-telas\LavFacilLan.tpf0.36.txt,36,37285,545,Top:120; TMenuItem:45; TabOrder:35; TLabel:32; TStringField:26; Transparent:21; Title:20; TTable:16,sim,sim,sim,sim
LavFacilLan,D:\AtelieProd\MOD\docs\02-arquitetura-legada\layouts-telas\LavFacilLan.tpf0.37.txt,37,32341,397,Top:78; TMenuItem:37; TStringField:25; Transparent:24; TLabel:22; TabOrder:16; TTable:13; TitleFont:10,nao,sim,sim,nao
LavFacilLan,D:\AtelieProd\MOD\docs\02-arquitetura-legada\layouts-telas\LavFacilLan.tpf0.38.txt,38,31001,190,Top:59; TabOrder:19; Transparent:8; TLabel:8; TdE:8; TImage:7; TX:7; TSpeedButton:6,nao,sim,sim,nao
LavFacilLan,D:\AtelieProd\MOD\docs\02-arquitetura-legada\layouts-telas\LavFacilLan.tpf0.39.txt,39,32476,285,Top:84; TTable:22; TMenuItem:21; TabOrder:18; TLabel:13; Transparent:12; TX:9; TdE:8,nao,nao,sim,nao
LavFacilLan,D:\AtelieProd\MOD\docs\02-arquitetura-legada\layouts-telas\LavFacilLan.tpf0.4.txt,4,30606,660,Top:153; TStringField:46; TTable:42; TabOrder:28; TLabel:26; TableType:23; TDataSource:22; TableName:22,sim,sim,sim,nao
LavFacilLan,D:\AtelieProd\MOD\docs\02-arquitetura-legada\layouts-telas\LavFacilLan.tpf0.40.txt,40,37943,601,Top:105; TStringField:58; TTable:34; TIntegerField:28; TMenuItem:24; TabOrder:20; TLabel:15; TitleFont:15,nao,sim,sim,nao
LavFacilLan,D:\AtelieProd\MOD\docs\02-arquitetura-legada\layouts-telas\LavFacilLan.tpf0.41.txt,41,38256,602,Top:105; TStringField:58; TTable:34; TIntegerField:28; TMenuItem:22; Transparent:21; TLabel:20; TabOrder:18,nao,sim,sim,nao
LavFacilLan,D:\AtelieProd\MOD\docs\02-arquitetura-legada\layouts-telas\LavFacilLan.tpf0.42.txt,42,41752,507,Top:74; TStringField:58; TIntegerField:28; Transparent:18; TLabel:16; TTable:16; TitleFont:15; TtP:14,nao,sim,sim,nao
LavFacilLan,D:\AtelieProd\MOD\docs\02-arquitetura-legada\layouts-telas\LavFacilLan.tpf0.43.txt,43,35196,212,Top:57; Transparent:17; TLabel:15; TabOrder:14; TtP:14; TImage:6; TSpeedButton:6; TX:6,nao,sim,sim,nao
LavFacilLan,D:\AtelieProd\MOD\docs\02-arquitetura-legada\layouts-telas\LavFacilLan.tpf0.44.txt,44,39526,348,Top:87; Transparent:22; TLabel:21; TtP:14; TStringField:14; TabOrder:13; TMenuItem:13; TSpeedButton:12,nao,sim,sim,nao
LavFacilLan,D:\AtelieProd\MOD\docs\02-arquitetura-legada\layouts-telas\LavFacilLan.tpf0.45.txt,45,32114,349,Top:97; TLabel:26; Transparent:26; TSpeedButton:20; TStringField:14; TabOrder:13; TTable:11; TMenuItem:11,nao,sim,sim,nao
LavFacilLan,D:\AtelieProd\MOD\docs\02-arquitetura-legada\layouts-telas\LavFacilLan.tpf0.46.txt,46,27443,252,Top:78; Transparent:24; TLabel:23; TSpeedButton:21; TTable:7; TDataSource:7; TabOrder:6; TMenuItem:6,nao,sim,sim,nao
LavFacilLan,D:\AtelieProd\MOD\docs\02-arquitetura-legada\layouts-telas\LavFacilLan.tpf0.47.txt,47,23711,154,Top:54; Transparent:24; TLabel:20; TSpeedButton:20; TImage:5; TDBText:5; TX:4; Tb:3,nao,nao,sim,nao
LavFacilLan,D:\AtelieProd\MOD\docs\02-arquitetura-legada\layouts-telas\LavFacilLan.tpf0.48.txt,48,34098,389,Top:122; TLabel:49; TabOrder:33; TPanel:12; TMenuItem:12; TTable:11; TitleFont:10; Transparent:9,sim,sim,sim,nao
LavFacilLan,D:\AtelieProd\MOD\docs\02-arquitetura-legada\layouts-telas\LavFacilLan.tpf0.49.txt,49,31883,322,Top:100; TLabel:44; TabOrder:16; Transparent:16; TTable:11; TitleFont:10; TPanel:10; TSpeedButton:10,sim,sim,sim,nao
LavFacilLan,D:\AtelieProd\MOD\docs\02-arquitetura-legada\layouts-telas\LavFacilLan.tpf0.5.txt,5,29973,648,Top:149; TStringField:46; TTable:42; TabOrder:27; TLabel:25; TableType:23; TDataSource:22; TableName:22,sim,sim,sim,nao
LavFacilLan,D:\AtelieProd\MOD\docs\02-arquitetura-legada\layouts-telas\LavFacilLan.tpf0.50.txt,50,32079,255,Top:88; TLabel:36; Transparent:34; TSpeedButton:24; TabOrder:8; TX:7; TImage:6; TMenuItem:6,nao,sim,sim,nao
LavFacilLan,D:\AtelieProd\MOD\docs\02-arquitetura-legada\layouts-telas\LavFacilLan.tpf0.51.txt,51,39208,425,Top:124; TabOrder:39; TLabel:33; TMenuItem:32; Transparent:31; TSpeedButton:23; TCheckBox:10; TCALLookUpCombo:9,nao,sim,sim,nao
LavFacilLan,D:\AtelieProd\MOD\docs\02-arquitetura-legada\layouts-telas\LavFacilLan.tpf0.52.txt,52,34967,351,Top:99; TabOrder:39; TLabel:38; Transparent:38; TEdit:19; Text:18; TitleFont:15; TCheckBox:9,nao,sim,sim,nao
LavFacilLan,D:\AtelieProd\MOD\docs\02-arquitetura-legada\layouts-telas\LavFacilLan.tpf0.53.txt,53,39962,438,Top:126; Transparent:50; TLabel:47; TabOrder:46; TEdit:20; Text:19; TMenuItem:13; TitleFont:10,sim,sim,sim,nao
LavFacilLan,D:\AtelieProd\MOD\docs\02-arquitetura-legada\layouts-telas\LavFacilLan.tpf0.54.txt,54,31734,265,Top:74; TabOrder:21; Transparent:21; TLabel:18; TMenuItem:15; TitleFont:10; TPanel:8; TSpeedButton:7,sim,sim,sim,nao
LavFacilLan,D:\AtelieProd\MOD\docs\02-arquitetura-legada\layouts-telas\LavFacilLan.tpf0.55.txt,55,32939,254,Top:82; TLabel:31; Transparent:30; TabOrder:23; TPanel:8; TSpeedButton:7; TEdit:6; TDBLookupCombo:6,nao,nao,sim,nao
LavFacilLan,D:\AtelieProd\MOD\docs\02-arquitetura-legada\layouts-telas\LavFacilLan.tpf0.56.txt,56,31970,236,Top:76; Transparent:30; TLabel:29; TabOrder:21; TPanel:8; TSpeedButton:7; TDBLookupCombo:6; TImage:5,nao,nao,sim,nao
LavFacilLan,D:\AtelieProd\MOD\docs\02-arquitetura-legada\layouts-telas\LavFacilLan.tpf0.57.txt,57,33505,202,Top:67; TLabel:31; Transparent:29; TabOrder:12; TSpeedButton:9; TBevel:6; TMenuItem:6; TEdit:5,nao,nao,sim,nao
LavFacilLan,D:\AtelieProd\MOD\docs\02-arquitetura-legada\layouts-telas\LavFacilLan.tpf0.58.txt,58,43566,413,Top:123; TabOrder:54; TLabel:28; Transparent:24; TStringField:17; TSpeedButton:15; TCALEdit:14; TPanel:11,nao,sim,sim,nao
LavFacilLan,D:\AtelieProd\MOD\docs\02-arquitetura-legada\layouts-telas\LavFacilLan.tpf0.59.txt,59,42629,409,Top:130; TabOrder:65; TLabel:37; Transparent:31; TPanel:22; TSpeedButton:15; TCALEdit:15; Text:9,nao,nao,sim,nao
LavFacilLan,D:\AtelieProd\MOD\docs\02-arquitetura-legada\layouts-telas\LavFacilLan.tpf0.6.txt,6,29154,635,Top:144; TStringField:46; TTable:42; TabOrder:27; TLabel:25; TableType:23; TDataSource:22; TableName:22,sim,sim,sim,nao
LavFacilLan,D:\AtelieProd\MOD\docs\02-arquitetura-legada\layouts-telas\LavFacilLan.tpf0.60.txt,60,31188,233,Top:65; Transparent:19; TabOrder:19; TLabel:18; TMenuItem:9; TSpeedButton:7; TEdit:7; TX:7,nao,nao,sim,nao
LavFacilLan,D:\AtelieProd\MOD\docs\02-arquitetura-legada\layouts-telas\LavFacilLan.tpf0.61.txt,61,32650,248,Top:72; TLabel:29; Transparent:29; TabOrder:16; TEdit:8; TSpeedButton:8; TX:8; TIC:7,nao,nao,sim,nao
LavFacilLan,D:\AtelieProd\MOD\docs\02-arquitetura-legada\layouts-telas\LavFacilLan.tpf0.62.txt,62,32929,355,Top:89; TabOrder:31; TLabel:19; Transparent:19; TStringField:19; TEdit:15; TitleFont:15; TMenuItem:10,nao,sim,sim,nao
LavFacilLan,D:\AtelieProd\MOD\docs\02-arquitetura-legada\layouts-telas\LavFacilLan.tpf0.63.txt,63,28210,293,Top:73; TabOrder:26; TitleFont:20; TStringField:18; TEdit:17; TLabel:9; Transparent:9; TMenuItem:8,sim,sim,sim,nao
LavFacilLan,D:\AtelieProd\MOD\docs\02-arquitetura-legada\layouts-telas\LavFacilLan.tpf0.64.txt,64,27743,288,Top:68; TabOrder:22; TStringField:22; TitleFont:20; TEdit:13; TTable:8; TableName:8; TLabel:8,sim,sim,sim,nao
LavFacilLan,D:\AtelieProd\MOD\docs\02-arquitetura-legada\layouts-telas\LavFacilLan.tpf0.65.txt,65,26024,203,Top:54; TabOrder:15; TitleFont:15; TEdit:9; TLabel:9; Transparent:9; TStringField:8; TMenuItem:8,sim,sim,sim,nao
LavFacilLan,D:\AtelieProd\MOD\docs\02-arquitetura-legada\layouts-telas\LavFacilLan.tpf0.66.txt,66,24186,150,Top:39; TitleFont:15; TabOrder:10; TMenuItem:8; TLabel:7; Transparent:7; TdE:6; TSpeedButton:6,nao,sim,sim,nao
LavFacilLan,D:\AtelieProd\MOD\docs\02-arquitetura-legada\layouts-telas\LavFacilLan.tpf0.67.txt,67,26000,160,Top:42; TitleFont:20; TMenuItem:12; TLabel:9; Transparent:9; TX:9; TabOrder:8; TdE:7,nao,sim,sim,nao
LavFacilLan,D:\AtelieProd\MOD\docs\02-arquitetura-legada\layouts-telas\LavFacilLan.tpf0.68.txt,68,26065,164,Top:42; TitleFont:20; TMenuItem:12; TLabel:9; Transparent:9; TX:9; TabOrder:8; TdE:7,nao,sim,sim,nao
LavFacilLan,D:\AtelieProd\MOD\docs\02-arquitetura-legada\layouts-telas\LavFacilLan.tpf0.69.txt,69,26162,169,Top:43; TitleFont:20; TMenuItem:12; TLabel:11; Transparent:11; TX:9; TabOrder:8; TdE:7,nao,sim,sim,nao
LavFacilLan,D:\AtelieProd\MOD\docs\02-arquitetura-legada\layouts-telas\LavFacilLan.tpf0.7.txt,7,26069,554,Top:117; TStringField:46; TTable:40; TabOrder:23; TableType:23; TableName:22; TDataSource:20; TLabel:18,sim,sim,sim,nao
LavFacilLan,D:\AtelieProd\MOD\docs\02-arquitetura-legada\layouts-telas\LavFacilLan.tpf0.70.txt,70,26525,177,Top:45; TitleFont:20; Transparent:13; TLabel:12; TMenuItem:12; TX:9; TabOrder:8; TdE:6,nao,sim,sim,nao
LavFacilLan,D:\AtelieProd\MOD\docs\02-arquitetura-legada\layouts-telas\LavFacilLan.tpf0.71.txt,71,28929,191,Top:54; Transparent:17; TitleFont:15; TLabel:15; TabOrder:14; TMenuItem:8; TSpeedButton:7; TdE:6,nao,sim,sim,nao
LavFacilLan,D:\AtelieProd\MOD\docs\02-arquitetura-legada\layouts-telas\LavFacilLan.tpf0.72.txt,72,29155,196,Top:60; Transparent:20; TabOrder:19; TLabel:18; TitleFont:10; TPanel:10; TSpeedButton:7; TX:7,nao,sim,sim,nao
LavFacilLan,D:\AtelieProd\MOD\docs\02-arquitetura-legada\layouts-telas\LavFacilLan.tpf0.73.txt,73,32773,263,Top:66; TStringField:31; TabOrder:19; Transparent:17; TLabel:16; TIntegerField:12; TPanel:10; TSpeedButton:7,sim,sim,sim,nao
LavFacilLan,D:\AtelieProd\MOD\docs\02-arquitetura-legada\layouts-telas\LavFacilLan.tpf0.74.txt,74,33820,261,Top:81; TLabel:41; Transparent:41; TabOrder:20; TSpeedButton:8; TX:8; TPanel:7; TEdit:5,sim,sim,sim,nao
LavFacilLan,D:\AtelieProd\MOD\docs\02-arquitetura-legada\layouts-telas\LavFacilLan.tpf0.75.txt,75,36416,420,Top:115; TLabel:36; TabOrder:32; Transparent:22; TStringField:18; TAction:16; TPanel:11; TX:10,nao,sim,sim,nao
LavFacilLan,D:\AtelieProd\MOD\docs\02-arquitetura-legada\layouts-telas\LavFacilLan.tpf0.76.txt,76,33992,425,Top:112; TabOrder:35; TLabel:27; TMenuItem:25; TStringField:18; TAction:16; TitleFont:15; TPanel:12,nao,sim,sim,nao
LavFacilLan,D:\AtelieProd\MOD\docs\02-arquitetura-legada\layouts-telas\LavFacilLan.tpf0.77.txt,77,28495,324,Top:99; TabOrder:29; TLabel:27; TMenuItem:20; TAction:16; TPanel:10; TitleFont:10; TToolButton:8,nao,sim,sim,nao
LavFacilLan,D:\AtelieProd\MOD\docs\02-arquitetura-legada\layouts-telas\LavFacilLan.tpf0.78.txt,78,28399,284,Top:78; TMenuItem:25; TabOrder:24; TLabel:20; TAction:16; TitleFont:10; TPanel:9; TToolButton:8,nao,sim,sim,nao
LavFacilLan,D:\AtelieProd\MOD\docs\02-arquitetura-legada\layouts-telas\LavFacilLan.tpf0.79.txt,79,24045,148,Top:43; TLabel:16; TitleFont:10; TSpeedButton:8; TMenuItem:8; Transparent:7; TabOrder:7; TStringField:5,nao,sim,sim,nao
LavFacilLan,D:\AtelieProd\MOD\docs\02-arquitetura-legada\layouts-telas\LavFacilLan.tpf0.8.txt,8,23259,464,Top:99; TTable:39; TStringField:33; TableType:23; TableName:21; TDataSource:19; TLabel:15; Transparent:14,sim,nao,sim,nao
LavFacilLan,D:\AtelieProd\MOD\docs\02-arquitetura-legada\layouts-telas\LavFacilLan.tpf0.80.txt,80,28820,191,Top:55; TLabel:24; Transparent:18; TImage:10; TSpeedButton:8; TMenuItem:8; TabOrder:5; TitleFont:5,nao,sim,sim,nao
LavFacilLan,D:\AtelieProd\MOD\docs\02-arquitetura-legada\layouts-telas\LavFacilLan.tpf0.81.txt,81,28837,189,Top:56; Transparent:22; TLabel:18; TMenuItem:12; TImage:10; TSpeedButton:8; TabOrder:8; TitleFont:5,nao,sim,sim,nao
LavFacilLan,D:\AtelieProd\MOD\docs\02-arquitetura-legada\layouts-telas\LavFacilLan.tpf0.82.txt,82,37336,455,Top:138; TLabel:70; Transparent:69; TabOrder:37; TMenuItem:12; TDateEdit:9; TDBLookupCombo:8; Tipo:8,sim,sim,sim,sim
LavFacilLan,D:\AtelieProd\MOD\docs\02-arquitetura-legada\layouts-telas\LavFacilLan.tpf0.83.txt,83,56300,1126,Top:251; TabOrder:71; Transparent:69; TLabel:67; TStringField:67; TMenuItem:64; TTable:49; TDataSource:37,sim,nao,sim,sim
LavFacilLan,D:\AtelieProd\MOD\docs\02-arquitetura-legada\layouts-telas\LavFacilLan.tpf0.84.txt,84,57233,1200,Top:264; TStringField:82; TabOrder:69; Transparent:64; TMenuItem:64; TLabel:63; TTable:61; TDataSource:45,sim,nao,sim,sim
LavFacilLan,D:\AtelieProd\MOD\docs\02-arquitetura-legada\layouts-telas\LavFacilLan.tpf0.85.txt,85,57792,1280,Top:280; TStringField:94; TTable:77; TabOrder:69; TMenuItem:64; Transparent:55; TLabel:54; TDataSource:49,sim,sim,sim,sim
LavFacilLan,D:\AtelieProd\MOD\docs\02-arquitetura-legada\layouts-telas\LavFacilLan.tpf0.86.txt,86,25154,95,Top:28; Transparent:10; TSpeedButton:10; TLabel:9; TitleFont:5; TabOrder:3; To:3; TImage:2,nao,sim,nao,nao
LavFacilLan,D:\AtelieProd\MOD\docs\02-arquitetura-legada\layouts-telas\LavFacilLan.tpf0.87.txt,87,24902,126,Top:39; TLabel:15; Transparent:12; TabOrder:10; TSpeedButton:9; TitleFont:5; TPanel:4; Tcc:3,nao,sim,nao,nao
LavFacilLan,D:\AtelieProd\MOD\docs\02-arquitetura-legada\layouts-telas\LavFacilLan.tpf0.88.txt,88,32634,387,Top:75; TStringField:38; TTable:30; TMenuItem:26; TableType:14; TIntegerField:11; TableName:10; TabOrder:8,sim,sim,sim,sim
LavFacilLan,D:\AtelieProd\MOD\docs\02-arquitetura-legada\layouts-telas\LavFacilLan.tpf0.89.txt,89,37775,419,Top:129; TTable:66; TLabel:18; TabOrder:16; Transparent:16; TitleFont:10; TPanel:9; TSpeedButton:7,sim,sim,sim,sim
LavFacilLan,D:\AtelieProd\MOD\docs\02-arquitetura-legada\layouts-telas\LavFacilLan.tpf0.9.txt,9,16485,358,Top:66; TTable:38; TStringField:33; TableType:23; TableName:21; TDataSource:19; TIntegerField:7; TFloatField:6,sim,nao,nao,nao
LavFacilLan,D:\AtelieProd\MOD\docs\02-arquitetura-legada\layouts-telas\LavFacilLan.tpf0.90.txt,90,35698,392,Top:123; TTable:66; TLabel:19; Transparent:17; TabOrder:14; TPanel:8; TSpeedButton:8; TImage:5,sim,sim,sim,sim
LavFacilLan,D:\AtelieProd\MOD\docs\02-arquitetura-legada\layouts-telas\LavFacilLan.tpf0.91.txt,91,33039,165,Top:46; TLabel:15; TabOrder:12; Transparent:12; TPanel:8; TSpeedButton:8; TitleFont:5; TX:5,sim,sim,sim,sim
LavFacilLan,D:\AtelieProd\MOD\docs\02-arquitetura-legada\layouts-telas\LavFacilLan.tpf0.92.txt,92,35849,442,Top:123; TMenuItem:36; TTable:32; TLabel:20; Transparent:20; TDataSource:19; TabOrder:15; TableName:14,sim,nao,sim,sim
LavFacilLan,D:\AtelieProd\MOD\docs\02-arquitetura-legada\layouts-telas\LavFacilLan.tpf0.93.txt,93,40121,436,Top:140; TabOrder:51; TLabel:36; Transparent:23; TSpeedButton:17; TLabeledEdit:10; TPanel:8; TImage:8,nao,sim,sim,sim
LavFacilLan,D:\AtelieProd\MOD\docs\02-arquitetura-legada\layouts-telas\LavFacilLan.tpf0.94.txt,94,38950,561,Top:158; TabOrder:47; TLabel:28; TMenuItem:24; TTable:21; TSpeedButton:17; TStringField:17; Transparent:13,sim,sim,sim,sim
LavFacilLan,D:\AtelieProd\MOD\docs\02-arquitetura-legada\layouts-telas\LavFacilLan.tpf0.95.txt,95,39618,579,Top:162; TabOrder:61; TLabel:38; TTable:21; TMenuItem:19; TStringField:17; TitleFont:15; Transparent:13,sim,sim,sim,nao
LavFacilLan,D:\AtelieProd\MOD\docs\02-arquitetura-legada\layouts-telas\LavFacilLan.tpf0.96.txt,96,37880,538,Top:148; TabOrder:49; TLabel:37; TTable:21; TMenuItem:19; TStringField:17; TitleFont:15; Transparent:13,sim,sim,sim,nao
LavFacilLan,D:\AtelieProd\MOD\docs\02-arquitetura-legada\layouts-telas\LavFacilLan.tpf0.97.txt,97,36220,487,Top:130; TabOrder:38; TLabel:31; TTable:21; TMenuItem:19; TStringField:17; TitleFont:15; Transparent:13,sim,sim,sim,nao
LavFacilLan,D:\AtelieProd\MOD\docs\02-arquitetura-legada\layouts-telas\LavFacilLan.tpf0.98.txt,98,38033,443,Top:127; TabOrder:51; TLabel:35; Transparent:19; TEdit:16; TitleFont:15; TStringField:15; TSpeedButton:11,sim,sim,sim,nao
LavFacilLan,D:\AtelieProd\MOD\docs\02-arquitetura-legada\layouts-telas\LavFacilLan.tpf0.99.txt,99,41525,580,Top:162; TabOrder:51; TLabel:32; TTable:23; TMenuItem:21; TStringField:18; Transparent:17; TitleFont:15,sim,sim,sim,nao
LavSoft,D:\AtelieProd\MOD\docs\02-arquitetura-legada\layouts-telas\LavSoft.tpf0.1.txt,1,89812,27,Tb:12; TPF0:1; TbA:1; ThI:1; TEb:1; TIb:1; TMb:1; TlsSetValue:1,nao,nao,nao,sim
LavSoft,D:\AtelieProd\MOD\docs\02-arquitetura-legada\layouts-telas\LavSoft.tpf0.10.txt,10,56856,1113,Top:248; TStringField:92; TabOrder:91; TTable:51; TLabel:39; TableType:38; TDataSource:25; TMenuItem:24,sim,sim,sim,sim
LavSoft,D:\AtelieProd\MOD\docs\02-arquitetura-legada\layouts-telas\LavSoft.tpf0.100.txt,100,84533,1460,Top:420; TabOrder:189; TLabel:114; TStringField:52; TPanel:43; TMenuItem:41; TDBLookupCombo:39; TTable:35,sim,sim,sim,sim
LavSoft,D:\AtelieProd\MOD\docs\02-arquitetura-legada\layouts-telas\LavSoft.tpf0.101.txt,101,84831,1467,Top:425; TabOrder:186; TLabel:118; TStringField:52; TPanel:43; TMenuItem:39; TDBLookupCombo:38; TTable:35,sim,sim,sim,sim
LavSoft,D:\AtelieProd\MOD\docs\02-arquitetura-legada\layouts-telas\LavSoft.tpf0.102.txt,102,86548,1882,Top:450; TabOrder:178; TStringField:153; TLabel:84; TTable:82; TMenuItem:70; TDataSource:58; TableName:52,sim,sim,sim,sim
LavSoft,D:\AtelieProd\MOD\docs\02-arquitetura-legada\layouts-telas\LavSoft.tpf0.103.txt,103,86804,1922,Top:461; TabOrder:190; TStringField:153; TLabel:84; TTable:82; TMenuItem:73; TDataSource:58; TableName:52,sim,sim,sim,sim
LavSoft,D:\AtelieProd\MOD\docs\02-arquitetura-legada\layouts-telas\LavSoft.tpf0.104.txt,104,87019,1908,Top:466; TabOrder:195; TStringField:153; TLabel:91; TTable:74; TMenuItem:71; TDataSource:55; TPanel:52,sim,sim,sim,sim
LavSoft,D:\AtelieProd\MOD\docs\02-arquitetura-legada\layouts-telas\LavSoft.tpf0.105.txt,105,87049,1900,Top:455; TStringField:169; TabOrder:166; TLabel:107; TMenuItem:75; TTable:74; TDataSource:52; TableName:41,sim,sim,sim,sim
LavSoft,D:\AtelieProd\MOD\docs\02-arquitetura-legada\layouts-telas\LavSoft.tpf0.106.txt,106,87040,1917,Top:438; TStringField:176; TabOrder:161; TLabel:98; TTable:82; TMenuItem:66; TDataSource:50; TableName:49,sim,sim,sim,sim
LavSoft,D:\AtelieProd\MOD\docs\02-arquitetura-legada\layouts-telas\LavSoft.tpf0.107.txt,107,87572,1912,Top:439; TStringField:176; TabOrder:152; TLabel:112; TTable:80; TMenuItem:67; TableName:49; TDataSource:48,sim,sim,sim,sim
LavSoft,D:\AtelieProd\MOD\docs\02-arquitetura-legada\layouts-telas\LavSoft.tpf0.108.txt,108,85129,1479,Top:394; TabOrder:170; TLabel:112; TStringField:75; TitleFont:48; TMenuItem:44; TEdit:42; Text:33,sim,sim,sim,nao
LavSoft,D:\AtelieProd\MOD\docs\02-arquitetura-legada\layouts-telas\LavSoft.tpf0.109.txt,109,85002,1496,Top:396; TabOrder:177; TLabel:112; TStringField:79; TitleFont:44; TEdit:42; TTable:35; TMenuItem:35,sim,sim,sim,nao
LavSoft,D:\AtelieProd\MOD\docs\02-arquitetura-legada\layouts-telas\LavSoft.tpf0.11.txt,11,54980,1073,Top:235; TStringField:92; TabOrder:83; TTable:51; TableType:38; TLabel:36; TDataSource:25; TFloatField:22,sim,sim,sim,sim
LavSoft,D:\AtelieProd\MOD\docs\02-arquitetura-legada\layouts-telas\LavSoft.tpf0.110.txt,110,85109,1513,Top:377; TabOrder:161; TLabel:109; TStringField:97; TitleFont:44; TEdit:39; TTable:38; TMenuItem:35,sim,sim,sim,nao
LavSoft,D:\AtelieProd\MOD\docs\02-arquitetura-legada\layouts-telas\LavSoft.tpf0.111.txt,111,85665,1660,Top:380; TabOrder:144; TStringField:102; TLabel:98; TMenuItem:66; TTable:59; TableName:48; TDataSource:40,sim,sim,sim,nao
LavSoft,D:\AtelieProd\MOD\docs\02-arquitetura-legada\layouts-telas\LavSoft.tpf0.112.txt,112,85044,1680,Top:382; TabOrder:137; TStringField:103; TLabel:93; TMenuItem:73; TTable:66; TableName:47; TDataSource:44,sim,sim,sim,nao
LavSoft,D:\AtelieProd\MOD\docs\02-arquitetura-legada\layouts-telas\LavSoft.tpf0.113.txt,113,83657,1418,Top:365; TabOrder:144; TLabel:101; TMenuItem:73; TStringField:56; TEdit:47; TitleFont:40; TTable:39,sim,sim,sim,nao
LavSoft,D:\AtelieProd\MOD\docs\02-arquitetura-legada\layouts-telas\LavSoft.tpf0.114.txt,114,83985,1477,Top:373; TabOrder:143; TLabel:102; TMenuItem:83; TStringField:63; TEdit:46; TTable:45; TitleFont:40,sim,sim,sim,nao
LavSoft,D:\AtelieProd\MOD\docs\02-arquitetura-legada\layouts-telas\LavSoft.tpf0.115.txt,115,84265,1488,Top:379; TabOrder:144; TLabel:108; TMenuItem:81; TStringField:63; TEdit:51; TTable:45; TitleFont:40,sim,sim,sim,nao
LavSoft,D:\AtelieProd\MOD\docs\02-arquitetura-legada\layouts-telas\LavSoft.tpf0.116.txt,116,84347,1600,Top:395; TabOrder:143; TLabel:101; TStringField:86; TMenuItem:84; TTable:60; TEdit:46; TDataSource:43,sim,sim,sim,nao
LavSoft,D:\AtelieProd\MOD\docs\02-arquitetura-legada\layouts-telas\LavSoft.tpf0.117.txt,117,84499,1629,Top:402; TabOrder:148; TLabel:101; TStringField:86; TMenuItem:86; TTable:63; TEdit:46; TDataSource:44,sim,sim,sim,nao
LavSoft,D:\AtelieProd\MOD\docs\02-arquitetura-legada\layouts-telas\LavSoft.tpf0.118.txt,118,80624,1254,Top:340; TabOrder:116; TMenuItem:97; TLabel:96; TitleFont:52; TStringField:47; TEdit:39; TSpeedButton:36,sim,sim,sim,nao
LavSoft,D:\AtelieProd\MOD\docs\02-arquitetura-legada\layouts-telas\LavSoft.tpf0.119.txt,119,80409,1249,Top:335; TabOrder:112; TMenuItem:98; TLabel:92; TitleFont:52; TStringField:50; TSpeedButton:39; TEdit:38,sim,sim,sim,nao
LavSoft,D:\AtelieProd\MOD\docs\02-arquitetura-legada\layouts-telas\LavSoft.tpf0.12.txt,12,52852,1034,Top:219; TStringField:92; TabOrder:76; TTable:50; TableType:38; TLabel:30; TDataSource:25; TFloatField:22,sim,sim,sim,sim
LavSoft,D:\AtelieProd\MOD\docs\02-arquitetura-legada\layouts-telas\LavSoft.tpf0.120.txt,120,80231,1238,Top:331; TabOrder:111; TMenuItem:96; TLabel:89; TitleFont:56; TStringField:50; TSpeedButton:41; TEdit:36,sim,sim,sim,nao
LavSoft,D:\AtelieProd\MOD\docs\02-arquitetura-legada\layouts-telas\LavSoft.tpf0.121.txt,121,80020,1247,Top:324; TabOrder:104; TMenuItem:102; TLabel:83; TStringField:59; TitleFont:56; TSpeedButton:45; TTable:35,sim,sim,sim,nao
LavSoft,D:\AtelieProd\MOD\docs\02-arquitetura-legada\layouts-telas\LavSoft.tpf0.122.txt,122,79720,1240,Top:317; TMenuItem:108; TabOrder:99; TLabel:75; TitleFont:60; TStringField:59; TSpeedButton:48; TTable:36,sim,sim,sim,nao
LavSoft,D:\AtelieProd\MOD\docs\02-arquitetura-legada\layouts-telas\LavSoft.tpf0.123.txt,123,79121,1229,Top:302; TMenuItem:131; TabOrder:90; TLabel:65; TitleFont:64; TStringField:59; TSpeedButton:52; TTable:36,sim,sim,sim,nao
LavSoft,D:\AtelieProd\MOD\docs\02-arquitetura-legada\layouts-telas\LavSoft.tpf0.124.txt,124,79748,1251,Top:283; TMenuItem:183; TabOrder:81; TitleFont:64; TStringField:59; TLabel:58; TSpeedButton:52; TTable:36,sim,sim,sim,nao
LavSoft,D:\AtelieProd\MOD\docs\02-arquitetura-legada\layouts-telas\LavSoft.tpf0.125.txt,125,80443,1301,Top:260; TMenuItem:189; TStringField:102; TabOrder:75; TitleFont:56; TLabel:54; TSpeedButton:48; TTable:31,sim,sim,sim,nao
LavSoft,D:\AtelieProd\MOD\docs\02-arquitetura-legada\layouts-telas\LavSoft.tpf0.126.txt,126,80958,1551,Top:257; TMenuItem:187; TStringField:172; TabOrder:54; TTable:53; TitleFont:52; TSpeedButton:48; TDataSource:34,sim,sim,sim,nao
LavSoft,D:\AtelieProd\MOD\docs\02-arquitetura-legada\layouts-telas\LavSoft.tpf0.127.txt,127,80472,1491,Top:246; TMenuItem:190; TStringField:160; TitleFont:52; TTable:52; TSpeedButton:51; TabOrder:48; TableType:34,sim,sim,sim,nao
LavSoft,D:\AtelieProd\MOD\docs\02-arquitetura-legada\layouts-telas\LavSoft.tpf0.128.txt,128,79832,1420,Top:225; TMenuItem:190; TStringField:160; TSpeedButton:56; TitleFont:48; TTable:47; TabOrder:42; TDataSource:30,sim,sim,sim,nao
LavSoft,D:\AtelieProd\MOD\docs\02-arquitetura-legada\layouts-telas\LavSoft.tpf0.129.txt,129,79619,1395,Top:220; TMenuItem:189; TStringField:160; TSpeedButton:61; TTable:45; TitleFont:44; TabOrder:35; TableType:30,sim,sim,sim,nao
LavSoft,D:\AtelieProd\MOD\docs\02-arquitetura-legada\layouts-telas\LavSoft.tpf0.13.txt,13,48914,979,Top:207; TStringField:90; TabOrder:73; TTable:49; TableType:37; TLabel:30; TDataSource:24; TFloatField:22,sim,sim,sim,sim
LavSoft,D:\AtelieProd\MOD\docs\02-arquitetura-legada\layouts-telas\LavSoft.tpf0.130.txt,130,79732,1388,Top:218; TMenuItem:194; TStringField:159; TSpeedButton:61; TitleFont:44; TTable:43; TabOrder:36; TableType:30,sim,sim,sim,nao
LavSoft,D:\AtelieProd\MOD\docs\02-arquitetura-legada\layouts-telas\LavSoft.tpf0.131.txt,131,79737,1387,Top:218; TMenuItem:192; TStringField:159; TSpeedButton:61; TitleFont:44; TTable:43; TabOrder:36; TableType:30,sim,sim,sim,nao
LavSoft,D:\AtelieProd\MOD\docs\02-arquitetura-legada\layouts-telas\LavSoft.tpf0.132.txt,132,79950,1411,Top:219; TMenuItem:192; TStringField:166; TSpeedButton:59; TTable:45; TitleFont:44; TabOrder:36; TableType:31,sim,sim,sim,nao
LavSoft,D:\AtelieProd\MOD\docs\02-arquitetura-legada\layouts-telas\LavSoft.tpf0.133.txt,133,79666,1385,Top:222; TMenuItem:187; TStringField:157; TSpeedButton:61; TitleFont:44; TTable:44; TabOrder:36; TableType:31,sim,sim,sim,nao
LavSoft,D:\AtelieProd\MOD\docs\02-arquitetura-legada\layouts-telas\LavSoft.tpf0.134.txt,134,79597,1389,Top:224; TMenuItem:191; TStringField:155; TSpeedButton:61; TTable:48; TitleFont:44; TabOrder:37; TDataSource:31,sim,sim,sim,nao
LavSoft,D:\AtelieProd\MOD\docs\02-arquitetura-legada\layouts-telas\LavSoft.tpf0.135.txt,135,79476,1364,Top:215; TMenuItem:194; TStringField:150; TSpeedButton:62; TTable:49; TitleFont:44; TabOrder:37; TDataSource:32,sim,sim,sim,nao
LavSoft,D:\AtelieProd\MOD\docs\02-arquitetura-legada\layouts-telas\LavSoft.tpf0.136.txt,136,79461,1350,Top:215; TMenuItem:194; TStringField:141; TSpeedButton:62; TTable:48; TitleFont:47; TabOrder:38; TDataSource:32,sim,sim,sim,nao
LavSoft,D:\AtelieProd\MOD\docs\02-arquitetura-legada\layouts-telas\LavSoft.tpf0.137.txt,137,79890,1405,Top:212; TMenuItem:196; TStringField:173; TSpeedButton:60; TTable:48; TitleFont:44; TabOrder:37; TDataSource:32,sim,sim,sim,nao
LavSoft,D:\AtelieProd\MOD\docs\02-arquitetura-legada\layouts-telas\LavSoft.tpf0.138.txt,138,75871,1002,Top:211; TMenuItem:149; TSpeedButton:78; TitleFont:60; TStringField:60; TabOrder:44; Title:30; TTable:29,sim,sim,sim,nao
LavSoft,D:\AtelieProd\MOD\docs\02-arquitetura-legada\layouts-telas\LavSoft.tpf0.139.txt,139,75849,1012,Top:215; TMenuItem:147; TSpeedButton:75; TitleFont:60; TStringField:60; TabOrder:47; TTable:29; Title:27,sim,sim,sim,sim
LavSoft,D:\AtelieProd\MOD\docs\02-arquitetura-legada\layouts-telas\LavSoft.tpf0.14.txt,14,48846,974,Top:205; TStringField:90; TabOrder:73; TTable:49; TableType:37; TLabel:30; TDataSource:24; TFloatField:22,sim,sim,sim,sim
LavSoft,D:\AtelieProd\MOD\docs\02-arquitetura-legada\layouts-telas\LavSoft.tpf0.140.txt,140,76586,1034,Top:230; TMenuItem:138; TSpeedButton:72; TStringField:60; TabOrder:57; TitleFont:56; TTable:28; Title:25,sim,sim,sim,sim
LavSoft,D:\AtelieProd\MOD\docs\02-arquitetura-legada\layouts-telas\LavSoft.tpf0.141.txt,141,77619,1056,Top:245; TMenuItem:126; TabOrder:73; TSpeedButton:67; TStringField:60; TitleFont:52; TTable:27; TLabel:23,sim,sim,sim,sim
LavSoft,D:\AtelieProd\MOD\docs\02-arquitetura-legada\layouts-telas\LavSoft.tpf0.142.txt,142,78539,1094,Top:260; TMenuItem:118; TabOrder:84; TSpeedButton:62; TStringField:60; TitleFont:52; TLabel:36; TTable:26,sim,sim,sim,sim
LavSoft,D:\AtelieProd\MOD\docs\02-arquitetura-legada\layouts-telas\LavSoft.tpf0.143.txt,143,79232,1226,Top:307; TMenuItem:112; TabOrder:89; TStringField:58; TSpeedButton:57; TTable:52; TitleFont:48; TDataSource:39,sim,sim,sim,sim
LavSoft,D:\AtelieProd\MOD\docs\02-arquitetura-legada\layouts-telas\LavSoft.tpf0.144.txt,144,79466,1265,Top:331; TMenuItem:104; TabOrder:93; TLabel:60; TStringField:58; TSpeedButton:53; TTable:51; TitleFont:44,sim,sim,sim,sim
LavSoft,D:\AtelieProd\MOD\docs\02-arquitetura-legada\layouts-telas\LavSoft.tpf0.145.txt,145,80543,1295,Top:340; TabOrder:112; TMenuItem:92; TLabel:66; TStringField:58; TSpeedButton:48; TTable:46; TitleFont:40,sim,sim,sim,sim
LavSoft,D:\AtelieProd\MOD\docs\02-arquitetura-legada\layouts-telas\LavSoft.tpf0.146.txt,146,81212,1363,Top:372; TabOrder:133; TLabel:87; TMenuItem:81; TStringField:58; TTable:44; TSpeedButton:43; TitleFont:36,sim,sim,sim,sim
LavSoft,D:\AtelieProd\MOD\docs\02-arquitetura-legada\layouts-telas\LavSoft.tpf0.147.txt,147,82334,1399,Top:381; TabOrder:146; TLabel:87; TMenuItem:73; TStringField:63; TTable:46; TSpeedButton:38; TDataSource:35,sim,sim,sim,sim
LavSoft,D:\AtelieProd\MOD\docs\02-arquitetura-legada\layouts-telas\LavSoft.tpf0.148.txt,148,83286,1484,Top:388; TabOrder:143; TLabel:87; TMenuItem:79; TStringField:72; TTable:50; TDataSource:42; TableName:36,sim,sim,sim,sim
LavSoft,D:\AtelieProd\MOD\docs\02-arquitetura-legada\layouts-telas\LavSoft.tpf0.149.txt,149,84243,1478,Top:370; TabOrder:141; TMenuItem:127; TLabel:87; TStringField:72; TTable:45; TDataSource:38; TableName:31,sim,sim,sim,sim
LavSoft,D:\AtelieProd\MOD\docs\02-arquitetura-legada\layouts-telas\LavSoft.tpf0.15.txt,15,48567,967,Top:203; TStringField:90; TabOrder:72; TTable:49; TableType:37; TLabel:30; TDataSource:24; TFloatField:22,sim,sim,sim,sim
LavSoft,D:\AtelieProd\MOD\docs\02-arquitetura-legada\layouts-telas\LavSoft.tpf0.150.txt,150,85256,1655,Top:392; TabOrder:138; TMenuItem:124; TStringField:102; TLabel:87; TTable:63; TDataSource:53; TableName:45,sim,sim,sim,sim
LavSoft,D:\AtelieProd\MOD\docs\02-arquitetura-legada\layouts-telas\LavSoft.tpf0.151.txt,151,86236,1829,Top:423; TabOrder:135; TStringField:135; TMenuItem:115; TTable:88; TLabel:87; TDataSource:67; TableName:54,sim,sim,sim,sim
LavSoft,D:\AtelieProd\MOD\docs\02-arquitetura-legada\layouts-telas\LavSoft.tpf0.152.txt,152,86979,1944,Top:466; TabOrder:141; TStringField:140; TTable:109; TMenuItem:98; TLabel:96; TDataSource:72; TableName:60,sim,sim,sim,sim
LavSoft,D:\AtelieProd\MOD\docs\02-arquitetura-legada\layouts-telas\LavSoft.tpf0.153.txt,153,87321,1957,Top:475; TabOrder:159; TStringField:136; TTable:109; TLabel:96; TMenuItem:88; TDataSource:73; TableName:60,sim,sim,sim,sim
LavSoft,D:\AtelieProd\MOD\docs\02-arquitetura-legada\layouts-telas\LavSoft.tpf0.154.txt,154,87646,2018,Top:492; TabOrder:156; TStringField:138; TTable:126; TLabel:96; TMenuItem:86; TDataSource:78; TableName:64,sim,sim,sim,sim
LavSoft,D:\AtelieProd\MOD\docs\02-arquitetura-legada\layouts-telas\LavSoft.tpf0.155.txt,155,87636,2129,Top:409; TStringField:214; TMenuItem:152; TTable:130; TabOrder:110; TLabel:68; TDataSource:65; TableName:58,sim,sim,sim,sim
LavSoft,D:\AtelieProd\MOD\docs\02-arquitetura-legada\layouts-telas\LavSoft.tpf0.156.txt,156,85389,1968,Top:327; TMenuItem:230; TStringField:188; TTable:112; TabOrder:75; TableName:45; TDataSource:44; TableType:41,sim,sim,sim,sim
LavSoft,D:\AtelieProd\MOD\docs\02-arquitetura-legada\layouts-telas\LavSoft.tpf0.157.txt,157,85712,2115,Top:319; TMenuItem:240; TStringField:224; TTable:130; TabOrder:51; TableType:50; TableName:48; TDataSource:44,sim,sim,sim,sim
LavSoft,D:\AtelieProd\MOD\docs\02-arquitetura-legada\layouts-telas\LavSoft.tpf0.158.txt,158,82059,1829,Top:331; TMenuItem:199; TStringField:149; TTable:101; TabOrder:72; TitleFont:44; TDataSource:42; TableType:42,sim,sim,sim,sim
LavSoft,D:\AtelieProd\MOD\docs\02-arquitetura-legada\layouts-telas\LavSoft.tpf0.159.txt,159,82104,1896,Top:361; TMenuItem:203; TStringField:140; TTable:115; TabOrder:74; TDataSource:56; TableName:53; TableType:52,sim,sim,sim,sim
LavSoft,D:\AtelieProd\MOD\docs\02-arquitetura-legada\layouts-telas\LavSoft.tpf0.16.txt,16,44570,855,Top:185; TStringField:75; TabOrder:65; TTable:46; TableType:37; TLabel:26; TDataSource:23; TFloatField:20,sim,sim,sim,sim
LavSoft,D:\AtelieProd\MOD\docs\02-arquitetura-legada\layouts-telas\LavSoft.tpf0.160.txt,160,82146,1942,Top:405; TMenuItem:193; TStringField:132; TTable:125; TabOrder:98; TDataSource:58; TLabel:53; TableName:50,sim,sim,sim,sim
LavSoft,D:\AtelieProd\MOD\docs\02-arquitetura-legada\layouts-telas\LavSoft.tpf0.161.txt,161,81488,1951,Top:472; TMenuItem:148; TTable:130; TabOrder:125; TStringField:87; TLabel:71; TDataSource:70; TableName:55,sim,sim,sim,sim
LavSoft,D:\AtelieProd\MOD\docs\02-arquitetura-legada\layouts-telas\LavSoft.tpf0.162.txt,162,81533,1955,Top:459; TMenuItem:163; TTable:138; TabOrder:111; TStringField:90; TDataSource:74; TLabel:61; TableName:57,sim,sim,sim,sim
LavSoft,D:\AtelieProd\MOD\docs\02-arquitetura-legada\layouts-telas\LavSoft.tpf0.163.txt,163,81205,1907,Top:448; TMenuItem:160; TTable:130; TabOrder:111; TStringField:90; TDataSource:72; TLabel:59; TableName:56,sim,sim,sim,sim
LavSoft,D:\AtelieProd\MOD\docs\02-arquitetura-legada\layouts-telas\LavSoft.tpf0.164.txt,164,80123,1733,Top:427; TMenuItem:155; TabOrder:111; TTable:107; TDataSource:74; TStringField:57; TLabel:57; TableName:54,sim,sim,sim,sim
LavSoft,D:\AtelieProd\MOD\docs\02-arquitetura-legada\layouts-telas\LavSoft.tpf0.165.txt,165,80358,1728,Top:421; TMenuItem:170; TabOrder:108; TTable:107; TDataSource:73; TLabel:57; TStringField:56; TableName:54,sim,sim,sim,sim
LavSoft,D:\AtelieProd\MOD\docs\02-arquitetura-legada\layouts-telas\LavSoft.tpf0.166.txt,166,80703,1734,Top:418; TMenuItem:201; TabOrder:106; TTable:105; TDataSource:74; TableName:58; TLabel:57; TStringField:52,sim,sim,sim,sim
LavSoft,D:\AtelieProd\MOD\docs\02-arquitetura-legada\layouts-telas\LavSoft.tpf0.167.txt,167,80639,1777,Top:441; TMenuItem:193; TTable:117; TabOrder:106; TDataSource:80; TableName:59; TLabel:57; TStringField:46,sim,sim,sim,sim
LavSoft,D:\AtelieProd\MOD\docs\02-arquitetura-legada\layouts-telas\LavSoft.tpf0.168.txt,168,80501,1763,Top:432; TMenuItem:199; TTable:117; TabOrder:99; TDataSource:80; TableName:59; TLabel:52; TStringField:48,sim,sim,sim,sim
LavSoft,D:\AtelieProd\MOD\docs\02-arquitetura-legada\layouts-telas\LavSoft.tpf0.169.txt,169,80495,1766,Top:432; TMenuItem:199; TTable:117; TabOrder:99; TDataSource:80; TableName:59; TLabel:52; TStringField:48,sim,sim,sim,sim
LavSoft,D:\AtelieProd\MOD\docs\02-arquitetura-legada\layouts-telas\LavSoft.tpf0.17.txt,17,36053,511,Top:88; TStringField:70; TabOrder:46; TFloatField:20; TLabel:16; TZ:16; TEdit:13; Text:13,nao,sim,sim,nao
LavSoft,D:\AtelieProd\MOD\docs\02-arquitetura-legada\layouts-telas\LavSoft.tpf0.170.txt,170,80208,1725,Top:414; TMenuItem:198; TTable:117; TabOrder:89; TDataSource:80; TableName:59; TStringField:48; TableType:46,sim,sim,sim,sim
LavSoft,D:\AtelieProd\MOD\docs\02-arquitetura-legada\layouts-telas\LavSoft.tpf0.171.txt,171,79580,1556,Top:378; TMenuItem:189; TTable:94; TabOrder:89; TDataSource:61; TSpeedButton:45; TableName:44; TLabel:43,sim,sim,sim,sim
LavSoft,D:\AtelieProd\MOD\docs\02-arquitetura-legada\layouts-telas\LavSoft.tpf0.172.txt,172,80072,1583,Top:366; TMenuItem:197; TTable:93; TabOrder:85; TDataSource:61; TStringField:55; TableName:45; TSpeedButton:43,sim,sim,sim,sim
LavSoft,D:\AtelieProd\MOD\docs\02-arquitetura-legada\layouts-telas\LavSoft.tpf0.173.txt,173,79001,1578,Top:369; TMenuItem:186; TabOrder:85; TTable:85; TDataSource:58; TStringField:54; TableName:47; TLabel:46,sim,sim,sim,sim
LavSoft,D:\AtelieProd\MOD\docs\02-arquitetura-legada\layouts-telas\LavSoft.tpf0.174.txt,174,79030,1588,Top:376; TMenuItem:186; TabOrder:85; TTable:80; TDataSource:55; TStringField:54; TLabel:53; TableName:43,sim,sim,sim,sim
LavSoft,D:\AtelieProd\MOD\docs\02-arquitetura-legada\layouts-telas\LavSoft.tpf0.175.txt,175,78444,1571,Top:375; TMenuItem:179; TabOrder:102; TTable:75; TStringField:52; TLabel:51; TDataSource:47; TSpeedButton:42,sim,sim,sim,sim
LavSoft,D:\AtelieProd\MOD\docs\02-arquitetura-legada\layouts-telas\LavSoft.tpf0.176.txt,176,78625,1478,Top:365; TMenuItem:183; TabOrder:89; TTable:66; TSpeedButton:42; TDataSource:41; TitleFont:40; TLabel:37,sim,sim,sim,sim
LavSoft,D:\AtelieProd\MOD\docs\02-arquitetura-legada\layouts-telas\LavSoft.tpf0.177.txt,177,78534,1447,Top:368; TMenuItem:168; TabOrder:97; TTable:58; TLabel:44; TSpeedButton:41; TDataSource:37; TitleFont:36,sim,sim,sim,sim
LavSoft,D:\AtelieProd\MOD\docs\02-arquitetura-legada\layouts-telas\LavSoft.tpf0.178.txt,178,73774,1386,Top:353; TMenuItem:159; TabOrder:93; TTable:55; TLabel:43; TSpeedButton:36; TDataSource:34; TitleFont:32,sim,sim,sim,sim
LavSoft,D:\AtelieProd\MOD\docs\02-arquitetura-legada\layouts-telas\LavSoft.tpf0.179.txt,179,60958,1122,Top:304; TabOrder:90; TMenuItem:89; TLabel:43; TTable:36; TSpeedButton:30; TitleFont:28; TStringField:27,sim,sim,sim,sim
LavSoft,D:\AtelieProd\MOD\docs\02-arquitetura-legada\layouts-telas\LavSoft.tpf0.18.txt,18,20213,36,TZ:16; Top:4; TitleFont:4; TabOrder:2; TPF0:1; TFC_AjudaEquipe:1; TextHeight:1; TDBGrid:1,nao,sim,nao,nao
LavSoft,D:\AtelieProd\MOD\docs\02-arquitetura-legada\layouts-telas\LavSoft.tpf0.180.txt,180,56326,1056,Top:291; TabOrder:87; TMenuItem:81; TLabel:43; TTable:34; TSpeedButton:25; TitleFont:24; TStringField:22,sim,sim,sim,sim
LavSoft,D:\AtelieProd\MOD\docs\02-arquitetura-legada\layouts-telas\LavSoft.tpf0.181.txt,181,51889,1006,Top:279; TabOrder:84; TMenuItem:73; TLabel:43; TTable:33; TStringField:22; TSpeedButton:20; TitleFont:20,sim,sim,sim,sim
LavSoft,D:\AtelieProd\MOD\docs\02-arquitetura-legada\layouts-telas\LavSoft.tpf0.182.txt,182,47323,951,Top:267; TabOrder:81; TMenuItem:65; TLabel:43; TTable:32; TStringField:22; TDataSource:19; TableName:17,sim,sim,sim,sim
LavSoft,D:\AtelieProd\MOD\docs\02-arquitetura-legada\layouts-telas\LavSoft.tpf0.183.txt,183,42797,892,Top:255; TabOrder:78; TMenuItem:57; TLabel:43; TTable:31; TStringField:22; TDataSource:18; TableName:16,sim,sim,sim,sim
LavSoft,D:\AtelieProd\MOD\docs\02-arquitetura-legada\layouts-telas\LavSoft.tpf0.184.txt,184,38174,839,Top:243; TabOrder:75; TMenuItem:47; TLabel:43; TTable:30; TStringField:22; TDataSource:17; TableName:15,sim,sim,sim,sim
LavSoft,D:\AtelieProd\MOD\docs\02-arquitetura-legada\layouts-telas\LavSoft.tpf0.185.txt,185,31686,715,Top:226; TabOrder:72; TLabel:43; TMenuItem:36; TTable:26; TDataSource:14; TBitBtn:13; Times:13,sim,sim,sim,sim
LavSoft,D:\AtelieProd\MOD\docs\02-arquitetura-legada\layouts-telas\LavSoft.tpf0.186.txt,186,29890,690,Top:218; TabOrder:70; TLabel:39; TMenuItem:36; TTable:26; TDataSource:14; Times:13; TQuery:12,sim,sim,sim,sim
LavSoft,D:\AtelieProd\MOD\docs\02-arquitetura-legada\layouts-telas\LavSoft.tpf0.187.txt,187,29337,674,Top:212; TabOrder:68; TLabel:36; TMenuItem:36; TTable:26; TDataSource:14; Times:13; TQuery:12,sim,sim,sim,sim
LavSoft,D:\AtelieProd\MOD\docs\02-arquitetura-legada\layouts-telas\LavSoft.tpf0.188.txt,188,27800,624,Top:194; TabOrder:58; TMenuItem:36; TLabel:30; TTable:26; TDataSource:14; Times:13; TQuery:12,sim,sim,sim,sim
LavSoft,D:\AtelieProd\MOD\docs\02-arquitetura-legada\layouts-telas\LavSoft.tpf0.189.txt,189,27262,598,Top:184; TabOrder:58; TMenuItem:36; TLabel:30; TTable:23; TDataSource:14; Times:13; TBitBtn:12,sim,sim,sim,sim
LavSoft,D:\AtelieProd\MOD\docs\02-arquitetura-legada\layouts-telas\LavSoft.tpf0.19.txt,19,84778,1461,Top:468; TabOrder:201; TLabel:140; TEdit:76; TMenuItem:59; TTable:39; TBitBtn:35; TDataSource:30,sim,sim,sim,sim
LavSoft,D:\AtelieProd\MOD\docs\02-arquitetura-legada\layouts-telas\LavSoft.tpf0.190.txt,190,25168,556,Top:169; TabOrder:52; TMenuItem:34; TLabel:26; TTable:23; TDataSource:14; Times:13; TQRLabel:12,sim,sim,sim,sim
LavSoft,D:\AtelieProd\MOD\docs\02-arquitetura-legada\layouts-telas\LavSoft.tpf0.191.txt,191,16525,295,Top:92; TabOrder:27; TMenuItem:24; TLabel:13; Times:13; TQRLabel:12; TBitBtn:7; TQRDBText:7,sim,nao,sim,sim
LavSoft,D:\AtelieProd\MOD\docs\02-arquitetura-legada\layouts-telas\LavSoft.tpf0.192.txt,192,12545,224,Top:74; TabOrder:16; Times:13; TQRLabel:12; TLabel:10; TMenuItem:7; TQRDBText:7; TTable:5,sim,nao,sim,sim
LavSoft,D:\AtelieProd\MOD\docs\02-arquitetura-legada\layouts-telas\LavSoft.tpf0.193.txt,193,10230,188,Top:63; Times:13; TQRLabel:12; TabOrder:12; TLabel:9; TQRDBText:7; TMenuItem:5; Tipo:4,sim,nao,sim,sim
LavSoft,D:\AtelieProd\MOD\docs\02-arquitetura-legada\layouts-telas\LavSoft.tpf0.194.txt,194,5373,101,Top:30; TabOrder:12; TLabel:9; TMenuItem:5; TTable:3; TPF0:2; TextHeight:2; Tipo:2,nao,nao,sim,sim
LavSoft,D:\AtelieProd\MOD\docs\02-arquitetura-legada\layouts-telas\LavSoft.tpf0.195.txt,195,354,7,Top:2; TPF0:1; TF_Senha:1; TextHeight:1; TImage:1; TBitmap:1,nao,nao,sim,nao
LavSoft,D:\AtelieProd\MOD\docs\02-arquitetura-legada\layouts-telas\LavSoft.tpf0.196.txt,196,48849,965,Top:250; TTable:71; TabOrder:66; TableType:45; TLabel:41; TableName:31; TTT:29; TStringField:27,nao,sim,sim,sim
LavSoft,D:\AtelieProd\MOD\docs\02-arquitetura-legada\layouts-telas\LavSoft.tpf0.197.txt,197,47448,940,Top:241; TTable:71; TabOrder:63; TableType:45; TLabel:37; TableName:31; TTT:29; TStringField:27,nao,sim,sim,sim
LavSoft,D:\AtelieProd\MOD\docs\02-arquitetura-legada\layouts-telas\LavSoft.tpf0.198.txt,198,45226,719,Top:162; TMenuItem:75; TabOrder:51; TLabel:29; TTT:29; TStringField:27; TTable:24; TableName:18,nao,sim,sim,sim
LavSoft,D:\AtelieProd\MOD\docs\02-arquitetura-legada\layouts-telas\LavSoft.tpf0.199.txt,199,45918,666,TMenuItem:130; Top:127; TabOrder:40; TTT:29; TStringField:27; TLabel:21; TTable:17; TableName:15,nao,sim,sim,sim
LavSoft,D:\AtelieProd\MOD\docs\02-arquitetura-legada\layouts-telas\LavSoft.tpf0.2.txt,2,82727,1987,Top:504; TabOrder:177; TStringField:114; TLabel:103; TTable:96; TMenuItem:62; TableType:59; TEdit:53,sim,sim,sim,sim
LavSoft,D:\AtelieProd\MOD\docs\02-arquitetura-legada\layouts-telas\LavSoft.tpf0.20.txt,20,85042,1469,Top:479; TabOrder:195; TLabel:156; TEdit:76; TMenuItem:54; TTable:39; TBitBtn:33; TDataSource:30,sim,sim,sim,sim
LavSoft,D:\AtelieProd\MOD\docs\02-arquitetura-legada\layouts-telas\LavSoft.tpf0.200.txt,200,46372,669,TMenuItem:149; Top:119; TabOrder:35; TTT:29; TStringField:27; TLabel:21; TTable:16; TableName:15,nao,sim,sim,sim
LavSoft,D:\AtelieProd\MOD\docs\02-arquitetura-legada\layouts-telas\LavSoft.tpf0.201.txt,201,46379,664,TMenuItem:153; Top:116; TabOrder:34; TTT:29; TStringField:27; TLabel:20; TTable:16; TableName:15,nao,sim,sim,sim
LavSoft,D:\AtelieProd\MOD\docs\02-arquitetura-legada\layouts-telas\LavSoft.tpf0.202.txt,202,46743,640,TMenuItem:202; Top:93; TTT:29; TabOrder:28; TStringField:19; TLabel:17; TSpeedButton:13; TPanel:11,nao,sim,sim,sim
LavSoft,D:\AtelieProd\MOD\docs\02-arquitetura-legada\layouts-telas\LavSoft.tpf0.203.txt,203,46788,628,TMenuItem:216; Top:82; TTT:29; TabOrder:23; TStringField:19; TLabel:13; TSpeedButton:13; TPanel:10,nao,sim,sim,sim
LavSoft,D:\AtelieProd\MOD\docs\02-arquitetura-legada\layouts-telas\LavSoft.tpf0.204.txt,204,47116,646,TMenuItem:243; Top:84; TTT:29; TabOrder:19; TStringField:16; TSpeedButton:12; TLabel:11; Title:10,sim,sim,sim,sim
LavSoft,D:\AtelieProd\MOD\docs\02-arquitetura-legada\layouts-telas\LavSoft.tpf0.205.txt,205,47091,663,TMenuItem:243; Top:89; TTT:29; TabOrder:20; TStringField:16; TTable:13; TSpeedButton:12; Title:10,sim,sim,sim,sim
LavSoft,D:\AtelieProd\MOD\docs\02-arquitetura-legada\layouts-telas\LavSoft.tpf0.206.txt,206,47303,687,TMenuItem:243; Top:117; TTT:29; TabOrder:29; TLabel:24; TSpeedButton:13; TTable:13; TEdit:10,sim,sim,sim,sim
LavSoft,D:\AtelieProd\MOD\docs\02-arquitetura-legada\layouts-telas\LavSoft.tpf0.207.txt,207,89203,1691,Top:680; TQRLabel:271; TQRShape:230; Times:106; Transparent:77; TQRDBText:35; TabOrder:25; TLabel:22,sim,sim,sim,sim
LavSoft,D:\AtelieProd\MOD\docs\02-arquitetura-legada\layouts-telas\LavSoft.tpf0.208.txt,208,89166,1691,Top:684; TQRLabel:271; TQRShape:241; Times:106; Transparent:77; TQRDBText:36; TLabel:22; TabOrder:18,sim,sim,sim,sim
LavSoft,D:\AtelieProd\MOD\docs\02-arquitetura-legada\layouts-telas\LavSoft.tpf0.209.txt,209,89270,1695,Top:689; TQRLabel:273; TQRShape:248; Times:106; Transparent:77; TQRDBText:37; TLabel:21; TQRBand:18,sim,sim,sim,sim
LavSoft,D:\AtelieProd\MOD\docs\02-arquitetura-legada\layouts-telas\LavSoft.tpf0.21.txt,21,85642,1464,Top:484; TabOrder:208; TLabel:156; TEdit:82; TMenuItem:54; TTable:36; TBitBtn:31; TDataSource:27,sim,sim,sim,sim
LavSoft,D:\AtelieProd\MOD\docs\02-arquitetura-legada\layouts-telas\LavSoft.tpf0.210.txt,210,89520,1670,Top:683; TQRLabel:293; TQRShape:251; Times:110; Transparent:80; TQRDBText:38; TQRBand:19; TQRDBCalc:16,sim,sim,sim,sim
LavSoft,D:\AtelieProd\MOD\docs\02-arquitetura-legada\layouts-telas\LavSoft.tpf0.211.txt,211,89549,1613,Top:680; TQRLabel:297; TQRShape:252; Times:124; Transparent:81; TQRDBText:44; TQRBand:23; TQRSysData:17,nao,nao,nao,sim
LavSoft,D:\AtelieProd\MOD\docs\02-arquitetura-legada\layouts-telas\LavSoft.tpf0.212.txt,212,89668,1578,Top:667; TQRLabel:280; TQRShape:241; Times:116; Transparent:84; TQRDBText:61; TQRBand:22; TQRSysData:19,nao,nao,nao,sim
LavSoft,D:\AtelieProd\MOD\docs\02-arquitetura-legada\layouts-telas\LavSoft.tpf0.213.txt,213,89567,1592,Top:664; TQRLabel:280; TQRShape:195; Times:149; TQRDBText:79; TQRBand:37; Transparent:37; TQRSysData:22,nao,nao,nao,sim
LavSoft,D:\AtelieProd\MOD\docs\02-arquitetura-legada\layouts-telas\LavSoft.tpf0.214.txt,214,89639,1600,Top:648; TQRLabel:296; TQRShape:183; Times:152; Transparent:76; TQRDBText:76; TQRBand:36; TQRSysData:23,nao,nao,nao,sim
LavSoft,D:\AtelieProd\MOD\docs\02-arquitetura-legada\layouts-telas\LavSoft.tpf0.215.txt,215,89701,1582,Top:616; TQRLabel:292; Times:192; TQRShape:141; TQRDBText:82; Transparent:77; TQRBand:40; TQRSysData:24,nao,nao,nao,sim
LavSoft,D:\AtelieProd\MOD\docs\02-arquitetura-legada\layouts-telas\LavSoft.tpf0.216.txt,216,89744,1616,Top:635; TQRLabel:306; Times:196; TQRShape:164; TQRDBText:76; Transparent:73; TQRBand:37; TQRMemo:23,nao,nao,nao,sim
LavSoft,D:\AtelieProd\MOD\docs\02-arquitetura-legada\layouts-telas\LavSoft.tpf0.217.txt,217,89688,1648,Top:646; TQRLabel:309; Times:203; TQRShape:182; Transparent:73; TQRDBText:67; TQRBand:36; TQRMemo:23,nao,nao,nao,sim
LavSoft,D:\AtelieProd\MOD\docs\02-arquitetura-legada\layouts-telas\LavSoft.tpf0.218.txt,218,89567,1698,Top:675; TQRLabel:307; TQRShape:223; Times:201; Transparent:72; TQRDBText:66; TQRBand:35; TQRMemo:22,nao,nao,nao,sim
LavSoft,D:\AtelieProd\MOD\docs\02-arquitetura-legada\layouts-telas\LavSoft.tpf0.219.txt,219,88033,1944,Top:859; TQRShape:515; TQRLabel:261; Times:92; Transparent:70; TQRBand:28; TQRMemo:22; TQRDBText:20,nao,nao,nao,sim
LavSoft,D:\AtelieProd\MOD\docs\02-arquitetura-legada\layouts-telas\LavSoft.tpf0.22.txt,22,86418,1481,Top:491; TabOrder:222; TLabel:160; TEdit:82; TMenuItem:50; Text:32; TBitBtn:30; TPanel:30,sim,sim,sim,sim
LavSoft,D:\AtelieProd\MOD\docs\02-arquitetura-legada\layouts-telas\LavSoft.tpf0.220.txt,220,87326,2083,Top:945; TQRShape:657; TQRLabel:227; Times:82; Transparent:57; TQRMemo:22; TQRBand:21; TQRDBText:14,nao,nao,nao,sim
LavSoft,D:\AtelieProd\MOD\docs\02-arquitetura-legada\layouts-telas\LavSoft.tpf0.221.txt,221,87305,2075,Top:953; TQRShape:677; TQRLabel:208; Times:81; Transparent:56; TQRMemo:22; TQRBand:14; TQRSysData:9,nao,nao,nao,sim
LavSoft,D:\AtelieProd\MOD\docs\02-arquitetura-legada\layouts-telas\LavSoft.tpf0.222.txt,222,87184,2090,Top:972; TQRShape:716; TQRLabel:207; Times:81; Transparent:34; TQRBand:15; TQRSysData:9; TQRDBText:9,nao,nao,nao,sim
LavSoft,D:\AtelieProd\MOD\docs\02-arquitetura-legada\layouts-telas\LavSoft.tpf0.223.txt,223,87175,2096,Top:976; TQRShape:725; TQRLabel:215; Times:77; Transparent:39; TQRBand:13; TQRSysData:7; TImage:6,nao,nao,nao,sim
LavSoft,D:\AtelieProd\MOD\docs\02-arquitetura-legada\layouts-telas\LavSoft.tpf0.224.txt,224,87357,2073,Top:967; TQRShape:701; TQRLabel:195; Times:66; Transparent:43; TQRBand:22; TQRSysData:15; TQRDBText:15,nao,nao,nao,sim
LavSoft,D:\AtelieProd\MOD\docs\02-arquitetura-legada\layouts-telas\LavSoft.tpf0.225.txt,225,89632,1532,Top:659; TQRLabel:314; TQRShape:201; Times:86; Transparent:79; TQRBand:39; TQRDBText:29; TQRSysData:27,nao,nao,nao,sim
LavSoft,D:\AtelieProd\MOD\docs\02-arquitetura-legada\layouts-telas\LavSoft.tpf0.226.txt,226,89802,1544,Top:636; TQRLabel:327; Times:154; TQRShape:132; Transparent:48; TQRDBText:45; TQRBand:40; TQRSysData:33,nao,nao,nao,sim
LavSoft,D:\AtelieProd\MOD\docs\02-arquitetura-legada\layouts-telas\LavSoft.tpf0.227.txt,227,89772,1529,Top:631; TQRLabel:324; Times:153; TQRShape:133; TQRDBText:47; Transparent:46; TQRBand:37; TQRSysData:30,nao,nao,nao,sim
LavSoft,D:\AtelieProd\MOD\docs\02-arquitetura-legada\layouts-telas\LavSoft.tpf0.228.txt,228,89804,1506,Top:631; TQRLabel:333; TQRShape:139; Times:130; Transparent:44; TQRDBText:41; TQRBand:33; TQRSysData:27,nao,nao,nao,sim
LavSoft,D:\AtelieProd\MOD\docs\02-arquitetura-legada\layouts-telas\LavSoft.tpf0.229.txt,229,89752,1527,Top:638; TQRLabel:347; TQRShape:138; Times:136; TQRDBText:42; Transparent:42; TQRBand:29; TQRSysData:23,nao,nao,nao,sim
LavSoft,D:\AtelieProd\MOD\docs\02-arquitetura-legada\layouts-telas\LavSoft.tpf0.23.txt,23,86592,1502,Top:498; TabOrder:228; TLabel:161; TEdit:86; TMenuItem:48; Text:36; TPanel:31; TDBLookupCombo:30,sim,sim,sim,sim
LavSoft,D:\AtelieProd\MOD\docs\02-arquitetura-legada\layouts-telas\LavSoft.tpf0.230.txt,230,90030,1495,Top:591; TQRLabel:363; Times:204; TQRShape:70; TQRDBText:56; TQRBand:28; TQRSysData:23; Transparent:23,nao,nao,nao,sim
LavSoft,D:\AtelieProd\MOD\docs\02-arquitetura-legada\layouts-telas\LavSoft.tpf0.231.txt,231,90060,1530,Top:584; TQRLabel:357; Times:259; TQRDBText:65; TQRShape:61; TQRBand:25; TQRSysData:22; TImage:22,nao,nao,nao,sim
LavSoft,D:\AtelieProd\MOD\docs\02-arquitetura-legada\layouts-telas\LavSoft.tpf0.232.txt,232,90248,1553,Top:580; TQRLabel:364; Times:290; TQRDBText:67; TQRShape:58; TImage:21; TQRBand:20; TQRMemo:20,nao,nao,nao,sim
LavSoft,D:\AtelieProd\MOD\docs\02-arquitetura-legada\layouts-telas\LavSoft.tpf0.233.txt,233,90272,1545,Top:575; TQRLabel:364; Times:288; TQRDBText:69; TQRShape:58; TImage:21; TQRMemo:21; TQRBand:20,nao,nao,nao,sim
LavSoft,D:\AtelieProd\MOD\docs\02-arquitetura-legada\layouts-telas\LavSoft.tpf0.234.txt,234,90121,1562,Top:574; TQRLabel:363; Times:305; TQRDBText:65; TQRShape:58; TQRBand:22; TQRMemo:20; TImage:19,nao,nao,nao,sim
LavSoft,D:\AtelieProd\MOD\docs\02-arquitetura-legada\layouts-telas\LavSoft.tpf0.235.txt,235,90175,1574,Top:582; TQRLabel:356; Times:287; TQRDBText:64; TQRShape:62; Transparent:35; TQRBand:30; TQRSysData:20,nao,nao,nao,sim
LavSoft,D:\AtelieProd\MOD\docs\02-arquitetura-legada\layouts-telas\LavSoft.tpf0.236.txt,236,90146,1564,Top:592; TQRLabel:341; Times:248; TQRShape:71; TQRDBText:53; Transparent:42; TQRBand:41; TQRSysData:28,nao,nao,nao,sim
LavSoft,D:\AtelieProd\MOD\docs\02-arquitetura-legada\layouts-telas\LavSoft.tpf0.237.txt,237,90118,1550,Top:595; TQRLabel:338; Times:230; TQRShape:75; Transparent:47; TQRBand:46; TQRDBText:40; TQRSysData:34,nao,nao,nao,sim
LavSoft,D:\AtelieProd\MOD\docs\02-arquitetura-legada\layouts-telas\LavSoft.tpf0.238.txt,238,89674,1553,Top:603; TQRLabel:308; Times:224; TQRShape:94; TQRBand:53; TQRSysData:42; TQRDBText:42; Transparent:42,nao,nao,nao,sim
LavSoft,D:\AtelieProd\MOD\docs\02-arquitetura-legada\layouts-telas\LavSoft.tpf0.239.txt,239,89508,1587,Top:633; TQRLabel:303; Times:189; TQRShape:126; Transparent:59; TQRBand:55; TQRDBText:46; TQRSysData:41,nao,nao,nao,sim
LavSoft,D:\AtelieProd\MOD\docs\02-arquitetura-legada\layouts-telas\LavSoft.tpf0.24.txt,24,86509,1530,Top:496; TabOrder:228; TLabel:154; TEdit:80; TMenuItem:45; Text:35; TTable:32; TPanel:32,sim,sim,sim,sim
LavSoft,D:\AtelieProd\MOD\docs\02-arquitetura-legada\layouts-telas\LavSoft.tpf0.240.txt,240,89507,1547,Top:625; TQRLabel:289; Times:167; TQRShape:134; Transparent:58; TQRBand:54; TQRDBText:47; TQRSysData:42,nao,nao,nao,sim
LavSoft,D:\AtelieProd\MOD\docs\02-arquitetura-legada\layouts-telas\LavSoft.tpf0.241.txt,241,89333,1580,Top:646; TQRLabel:303; Times:161; TQRShape:147; Transparent:53; TQRDBText:53; TQRBand:51; TQRSysData:39,nao,nao,nao,sim
LavSoft,D:\AtelieProd\MOD\docs\02-arquitetura-legada\layouts-telas\LavSoft.tpf0.242.txt,242,89285,1555,Top:650; TQRLabel:320; TQRShape:156; Times:148; TQRDBText:49; TQRBand:45; Transparent:42; TQRSysData:36,nao,nao,nao,sim
LavSoft,D:\AtelieProd\MOD\docs\02-arquitetura-legada\layouts-telas\LavSoft.tpf0.243.txt,243,89316,1552,Top:645; TQRLabel:316; Times:153; TQRShape:152; TQRDBText:53; TQRBand:45; Transparent:43; TQRSysData:38,nao,nao,nao,sim
LavSoft,D:\AtelieProd\MOD\docs\02-arquitetura-legada\layouts-telas\LavSoft.tpf0.244.txt,244,89344,1532,Top:643; TQRLabel:314; TQRShape:151; Times:144; TQRDBText:55; TQRBand:45; Transparent:39; TQRSysData:37,nao,nao,nao,sim
LavSoft,D:\AtelieProd\MOD\docs\02-arquitetura-legada\layouts-telas\LavSoft.tpf0.245.txt,245,89297,1537,Top:655; TQRLabel:324; TQRShape:152; Times:114; TQRDBText:55; Transparent:53; TQRBand:46; TQRSysData:36,nao,nao,nao,sim
LavSoft,D:\AtelieProd\MOD\docs\02-arquitetura-legada\layouts-telas\LavSoft.tpf0.246.txt,246,89312,1534,Top:659; TQRLabel:335; TQRShape:152; Times:98; Transparent:60; TQRDBText:57; TQRBand:42; TQRSysData:32,nao,nao,nao,sim
LavSoft,D:\AtelieProd\MOD\docs\02-arquitetura-legada\layouts-telas\LavSoft.tpf0.247.txt,247,89805,1531,Top:667; TQRLabel:353; TQRShape:151; Times:77; Transparent:65; TQRDBText:59; TQRBand:41; TQRSysData:29,nao,nao,nao,sim
LavSoft,D:\AtelieProd\MOD\docs\02-arquitetura-legada\layouts-telas\LavSoft.tpf0.248.txt,248,89766,1533,Top:673; TQRLabel:355; TQRShape:157; Transparent:70; Times:65; TQRDBText:54; TQRBand:42; TQRSysData:29,nao,nao,nao,sim
LavSoft,D:\AtelieProd\MOD\docs\02-arquitetura-legada\layouts-telas\LavSoft.tpf0.249.txt,249,89952,1454,Top:636; TQRLabel:359; TQRShape:108; Times:71; Transparent:55; TQRDBText:51; TQRBand:46; TQRSysData:30,nao,nao,nao,sim
LavSoft,D:\AtelieProd\MOD\docs\02-arquitetura-legada\layouts-telas\LavSoft.tpf0.25.txt,25,86845,1611,Top:500; TabOrder:223; TLabel:150; TEdit:77; TMenuItem:50; TTable:41; Text:35; TStringField:35,sim,sim,sim,sim
LavSoft,D:\AtelieProd\MOD\docs\02-arquitetura-legada\layouts-telas\LavSoft.tpf0.250.txt,250,89915,1439,Top:642; TQRLabel:374; TQRShape:111; Times:52; Transparent:51; TQRBand:45; TQRDBText:44; TQRSysData:27,nao,nao,nao,sim
LavSoft,D:\AtelieProd\MOD\docs\02-arquitetura-legada\layouts-telas\LavSoft.tpf0.251.txt,251,89957,1479,Top:626; TQRLabel:368; Times:112; TQRShape:73; Transparent:55; TQRDBText:53; TQRBand:47; TQRSysData:31,nao,nao,nao,sim
LavSoft,D:\AtelieProd\MOD\docs\02-arquitetura-legada\layouts-telas\LavSoft.tpf0.252.txt,252,89903,1496,Top:632; TQRLabel:364; Times:112; TQRShape:86; Transparent:59; TQRDBText:52; TQRBand:45; TQRSysData:33,nao,nao,nao,sim
LavSoft,D:\AtelieProd\MOD\docs\02-arquitetura-legada\layouts-telas\LavSoft.tpf0.253.txt,253,89973,1506,Top:628; TQRLabel:345; Times:136; TQRShape:95; TQRDBText:51; Transparent:47; TQRBand:46; TQRSysData:36,nao,nao,nao,sim
LavSoft,D:\AtelieProd\MOD\docs\02-arquitetura-legada\layouts-telas\LavSoft.tpf0.254.txt,254,89855,1529,Top:633; TQRLabel:343; Times:135; TQRShape:114; Transparent:64; TQRBand:45; TQRDBText:45; TQRSysData:35,nao,nao,nao,sim
LavSoft,D:\AtelieProd\MOD\docs\02-arquitetura-legada\layouts-telas\LavSoft.tpf0.255.txt,255,89969,1536,Top:615; TQRLabel:354; Times:131; Transparent:114; TQRShape:104; TQRBand:40; TQRDBText:39; TQRSysData:32,nao,nao,nao,sim
LavSoft,D:\AtelieProd\MOD\docs\02-arquitetura-legada\layouts-telas\LavSoft.tpf0.256.txt,256,89873,1556,Top:628; TQRLabel:362; TQRShape:130; Transparent:127; Times:117; TQRDBText:35; TQRBand:34; TQRSysData:27,nao,nao,nao,sim
LavSoft,D:\AtelieProd\MOD\docs\02-arquitetura-legada\layouts-telas\LavSoft.tpf0.257.txt,257,89785,1573,Top:620; TQRLabel:345; Transparent:137; Times:136; TQRShape:130; TQRDBText:43; TQRBand:34; TQRSysData:29,nao,nao,nao,sim
LavSoft,D:\AtelieProd\MOD\docs\02-arquitetura-legada\layouts-telas\LavSoft.tpf0.258.txt,258,89830,1547,Top:605; TQRLabel:319; Transparent:137; Times:134; TQRShape:123; TQRDBText:61; TQRBand:35; TQRSysData:26,nao,nao,nao,sim
LavSoft,D:\AtelieProd\MOD\docs\02-arquitetura-legada\layouts-telas\LavSoft.tpf0.259.txt,259,89771,1531,Top:601; TQRLabel:313; Transparent:136; TQRShape:124; Times:123; TQRDBText:61; TQRBand:36; TQRSysData:24,nao,nao,nao,sim
LavSoft,D:\AtelieProd\MOD\docs\02-arquitetura-legada\layouts-telas\LavSoft.tpf0.26.txt,26,86828,1653,Top:503; TabOrder:221; TLabel:146; TEdit:73; TMenuItem:48; TStringField:45; TTable:44; TDataSource:37,sim,sim,sim,sim
LavSoft,D:\AtelieProd\MOD\docs\02-arquitetura-legada\layouts-telas\LavSoft.tpf0.260.txt,260,89933,1494,Top:577; TQRLabel:284; Transparent:153; TQRShape:124; Times:120; TQRDBText:62; TQRBand:40; TQRSysData:25,nao,nao,nao,sim
LavSoft,D:\AtelieProd\MOD\docs\02-arquitetura-legada\layouts-telas\LavSoft.tpf0.261.txt,261,90082,1494,Top:565; TQRLabel:282; Transparent:151; Times:146; TQRShape:111; TQRDBText:64; TQRBand:40; TQRSysData:25,nao,nao,nao,sim
LavSoft,D:\AtelieProd\MOD\docs\02-arquitetura-legada\layouts-telas\LavSoft.tpf0.262.txt,262,90080,1508,Top:565; TQRLabel:277; Transparent:158; Times:149; TQRShape:116; TQRDBText:69; TQRBand:37; TQRSysData:23,nao,nao,nao,sim
LavSoft,D:\AtelieProd\MOD\docs\02-arquitetura-legada\layouts-telas\LavSoft.tpf0.263.txt,263,90029,1512,Top:571; TQRLabel:288; Transparent:163; Times:134; TQRShape:117; TQRDBText:67; TQRBand:36; TQRSysData:22,nao,nao,nao,sim
LavSoft,D:\AtelieProd\MOD\docs\02-arquitetura-legada\layouts-telas\LavSoft.tpf0.264.txt,264,89801,1495,Top:542; Times:258; TQRLabel:232; TQRDBText:105; Transparent:71; TQRShape:70; TQRBand:48; TQRSysData:37,nao,nao,nao,sim
LavSoft,D:\AtelieProd\MOD\docs\02-arquitetura-legada\layouts-telas\LavSoft.tpf0.265.txt,265,89960,1492,Top:544; Times:261; TQRLabel:232; TQRDBText:106; TQRShape:70; Transparent:61; TQRBand:47; TQRSysData:36,nao,nao,nao,sim
LavSoft,D:\AtelieProd\MOD\docs\02-arquitetura-legada\layouts-telas\LavSoft.tpf0.266.txt,266,89973,1511,Top:547; Times:274; TQRLabel:241; TQRDBText:102; TQRShape:70; Transparent:62; TQRBand:46; TQRSysData:36,nao,nao,nao,sim
LavSoft,D:\AtelieProd\MOD\docs\02-arquitetura-legada\layouts-telas\LavSoft.tpf0.267.txt,267,89830,1525,Top:550; Times:283; TQRLabel:240; TQRDBText:105; TQRShape:71; Transparent:63; TQRBand:46; TQRSysData:37,nao,nao,nao,sim
LavSoft,D:\AtelieProd\MOD\docs\02-arquitetura-legada\layouts-telas\LavSoft.tpf0.268.txt,268,89842,1547,Top:554; Times:288; TQRLabel:243; TQRDBText:96; TQRShape:73; Transparent:63; TQRBand:46; TQRSysData:37,nao,nao,nao,sim
LavSoft,D:\AtelieProd\MOD\docs\02-arquitetura-legada\layouts-telas\LavSoft.tpf0.269.txt,269,89696,1548,Top:555; Times:286; TQRLabel:245; TQRDBText:94; TQRShape:74; Transparent:65; TQRBand:46; TQRSysData:38,nao,nao,nao,sim
LavSoft,D:\AtelieProd\MOD\docs\02-arquitetura-legada\layouts-telas\LavSoft.tpf0.27.txt,27,87017,1649,Top:500; TabOrder:220; TLabel:144; TEdit:70; TMenuItem:45; TStringField:45; TTable:44; TDataSource:37,sim,sim,sim,sim
LavSoft,D:\AtelieProd\MOD\docs\02-arquitetura-legada\layouts-telas\LavSoft.tpf0.270.txt,270,89886,1563,Top:557; Times:303; TQRLabel:247; TQRDBText:93; TQRShape:73; Transparent:60; TQRBand:46; TQRSysData:42,nao,nao,nao,sim
LavSoft,D:\AtelieProd\MOD\docs\02-arquitetura-legada\layouts-telas\LavSoft.tpf0.271.txt,271,89888,1536,Top:554; Times:293; TQRLabel:250; TQRDBText:89; TQRShape:72; Transparent:52; TQRBand:48; TQRSysData:41,nao,nao,nao,sim
LavSoft,D:\AtelieProd\MOD\docs\02-arquitetura-legada\layouts-telas\LavSoft.tpf0.272.txt,272,89918,1512,Top:544; Times:296; TQRLabel:262; TQRDBText:89; TQRShape:54; TQRBand:49; Transparent:47; TQRSysData:38,nao,nao,nao,sim
LavSoft,D:\AtelieProd\MOD\docs\02-arquitetura-legada\layouts-telas\LavSoft.tpf0.273.txt,273,90004,1489,Top:537; Times:298; TQRLabel:252; TQRDBText:91; TQRShape:51; TQRBand:49; Transparent:41; TQRSysData:35,nao,nao,nao,sim
LavSoft,D:\AtelieProd\MOD\docs\02-arquitetura-legada\layouts-telas\LavSoft.tpf0.274.txt,274,90130,1480,Top:536; Times:288; TQRLabel:254; TQRDBText:85; TQRBand:52; TQRShape:47; Transparent:40; TQRSysData:33,nao,nao,nao,sim
LavSoft,D:\AtelieProd\MOD\docs\02-arquitetura-legada\layouts-telas\LavSoft.tpf0.275.txt,275,90268,1473,Top:533; Times:289; TQRLabel:259; TQRDBText:81; TQRBand:52; TQRShape:43; Transparent:36; TQRSysData:30,nao,nao,nao,sim
LavSoft,D:\AtelieProd\MOD\docs\02-arquitetura-legada\layouts-telas\LavSoft.tpf0.276.txt,276,90362,1491,Top:536; Times:284; TQRLabel:268; TQRDBText:82; TQRBand:52; Transparent:49; TQRShape:40; TQRSysData:28,nao,nao,nao,sim
LavSoft,D:\AtelieProd\MOD\docs\02-arquitetura-legada\layouts-telas\LavSoft.tpf0.277.txt,277,90472,1476,Top:533; Times:285; TQRLabel:277; TQRDBText:81; TQRBand:51; Transparent:47; TQRShape:37; TQRSysData:25,nao,nao,nao,sim
LavSoft,D:\AtelieProd\MOD\docs\02-arquitetura-legada\layouts-telas\LavSoft.tpf0.278.txt,278,90503,1489,Top:519; TQRLabel:309; Times:278; TQRDBText:81; TQRBand:58; Transparent:49; TQRShape:41; TQRSysData:25,nao,nao,nao,sim
LavSoft,D:\AtelieProd\MOD\docs\02-arquitetura-legada\layouts-telas\LavSoft.tpf0.279.txt,279,90658,1485,Top:519; TQRLabel:306; Times:280; TQRDBText:88; TQRBand:60; Transparent:46; TQRShape:42; TQRSysData:22,nao,nao,nao,sim
LavSoft,D:\AtelieProd\MOD\docs\02-arquitetura-legada\layouts-telas\LavSoft.tpf0.28.txt,28,87355,1645,Top:501; TabOrder:226; TLabel:143; TEdit:65; TStringField:45; TMenuItem:43; TTable:42; TPanel:41,sim,sim,sim,sim
LavSoft,D:\AtelieProd\MOD\docs\02-arquitetura-legada\layouts-telas\LavSoft.tpf0.280.txt,280,90620,1491,Top:523; TQRLabel:307; Times:281; TQRDBText:85; TQRBand:62; TQRShape:42; Transparent:40; TQRSysData:22,nao,nao,nao,sim
LavSoft,D:\AtelieProd\MOD\docs\02-arquitetura-legada\layouts-telas\LavSoft.tpf0.281.txt,281,90633,1504,Top:521; TQRLabel:299; Times:295; TQRDBText:89; TQRBand:64; TQRShape:44; Transparent:39; TQRSysData:22,nao,nao,nao,sim
LavSoft,D:\AtelieProd\MOD\docs\02-arquitetura-legada\layouts-telas\LavSoft.tpf0.282.txt,282,90605,1513,Top:528; TQRLabel:319; Times:289; TQRDBText:85; TQRBand:58; TQRShape:43; Transparent:40; TQRSysData:22,nao,nao,nao,sim
LavSoft,D:\AtelieProd\MOD\docs\02-arquitetura-legada\layouts-telas\LavSoft.tpf0.283.txt,283,90550,1514,Top:533; TQRLabel:315; Times:282; TQRDBText:83; TQRBand:60; TQRShape:55; Transparent:43; TQRSysData:23,nao,nao,nao,sim
LavSoft,D:\AtelieProd\MOD\docs\02-arquitetura-legada\layouts-telas\LavSoft.tpf0.284.txt,284,90579,1536,Top:550; TQRLabel:322; Times:255; TQRShape:92; TQRDBText:73; Transparent:69; TQRBand:54; TQRSysData:18,nao,nao,nao,sim
LavSoft,D:\AtelieProd\MOD\docs\02-arquitetura-legada\layouts-telas\LavSoft.tpf0.285.txt,285,90269,1608,Top:593; TQRLabel:337; Times:187; TQRShape:158; Transparent:133; TQRDBText:56; TQRBand:45; TQRSysData:15,nao,nao,nao,sim
LavSoft,D:\AtelieProd\MOD\docs\02-arquitetura-legada\layouts-telas\LavSoft.tpf0.286.txt,286,90338,1587,Top:608; TQRLabel:314; Times:187; TQRShape:160; Transparent:141; TQRDBText:50; TQRBand:36; TImage:13,nao,nao,nao,sim
LavSoft,D:\AtelieProd\MOD\docs\02-arquitetura-legada\layouts-telas\LavSoft.tpf0.287.txt,287,90179,1627,Top:625; TQRLabel:332; TQRShape:193; Transparent:182; Times:157; TQRDBText:38; TQRBand:27; Total:10,nao,nao,nao,sim
LavSoft,D:\AtelieProd\MOD\docs\02-arquitetura-legada\layouts-telas\LavSoft.tpf0.288.txt,288,89981,1689,Top:664; TQRLabel:346; TQRShape:251; Transparent:238; Times:100; TQRDBText:25; TQRBand:18; TImage:7,nao,nao,nao,sim
LavSoft,D:\AtelieProd\MOD\docs\02-arquitetura-legada\layouts-telas\LavSoft.tpf0.289.txt,289,89681,1783,Top:709; TQRLabel:347; TQRShape:331; Transparent:321; Times:34; TQRDBText:10; TQRBand:9; TImage:4,nao,nao,nao,sim
LavSoft,D:\AtelieProd\MOD\docs\02-arquitetura-legada\layouts-telas\LavSoft.tpf0.29.txt,29,87727,1665,Top:495; TabOrder:223; TLabel:143; TEdit:65; TStringField:60; TMenuItem:50; TPanel:41; TTable:41,sim,sim,sim,sim
LavSoft,D:\AtelieProd\MOD\docs\02-arquitetura-legada\layouts-telas\LavSoft.tpf0.290.txt,290,89524,1817,Top:726; TQRLabel:361; TQRShape:357; Transparent:354; Times:4; TQRBand:3; TImage:2; Total:2,nao,nao,nao,sim
LavSoft,D:\AtelieProd\MOD\docs\02-arquitetura-legada\layouts-telas\LavSoft.tpf0.291.txt,291,90246,1522,Top:578; TQRLabel:288; Times:239; TQRShape:89; TQRDBText:74; Transparent:51; TQRBand:46; TQRSysData:30,nao,nao,nao,sim
LavSoft,D:\AtelieProd\MOD\docs\02-arquitetura-legada\layouts-telas\LavSoft.tpf0.292.txt,292,90222,1528,Top:578; TQRLabel:283; Times:250; TQRShape:95; TQRDBText:79; Transparent:50; TQRBand:44; TQRSysData:30,nao,nao,nao,sim
LavSoft,D:\AtelieProd\MOD\docs\02-arquitetura-legada\layouts-telas\LavSoft.tpf0.293.txt,293,90363,1537,Top:575; TQRLabel:288; Times:259; TQRShape:91; TQRDBText:81; Transparent:49; TQRBand:43; TQRSysData:28,nao,nao,nao,sim
LavSoft,D:\AtelieProd\MOD\docs\02-arquitetura-legada\layouts-telas\LavSoft.tpf0.294.txt,294,90365,1539,Top:575; TQRLabel:298; Times:257; TQRShape:90; TQRDBText:78; Transparent:48; TQRBand:41; TQRSysData:26,nao,nao,nao,sim
LavSoft,D:\AtelieProd\MOD\docs\02-arquitetura-legada\layouts-telas\LavSoft.tpf0.295.txt,295,90278,1556,Top:579; TQRLabel:304; Times:253; TQRShape:90; TQRDBText:73; Transparent:48; TQRBand:43; Tag:36,nao,nao,nao,sim
LavSoft,D:\AtelieProd\MOD\docs\02-arquitetura-legada\layouts-telas\LavSoft.tpf0.296.txt,296,90616,1526,Top:532; Times:307; TQRLabel:278; TQRDBText:78; TQRBand:53; Transparent:52; TQRShape:42; Tag:41,nao,nao,nao,sim
LavSoft,D:\AtelieProd\MOD\docs\02-arquitetura-legada\layouts-telas\LavSoft.tpf0.297.txt,297,90599,1533,Top:536; Times:295; TQRLabel:282; TQRDBText:66; Transparent:57; TQRBand:56; TQRShape:43; Tag:41,nao,nao,nao,sim
LavSoft,D:\AtelieProd\MOD\docs\02-arquitetura-legada\layouts-telas\LavSoft.tpf0.298.txt,298,90607,1528,Top:533; Times:300; TQRLabel:281; TQRDBText:66; TQRBand:57; Transparent:56; TQRShape:45; Tag:41,nao,nao,nao,sim
LavSoft,D:\AtelieProd\MOD\docs\02-arquitetura-legada\layouts-telas\LavSoft.tpf0.299.txt,299,90609,1536,Top:533; Times:307; TQRLabel:287; Transparent:59; TQRDBText:59; TQRBand:56; TQRShape:46; Tag:41,nao,nao,nao,sim
LavSoft,D:\AtelieProd\MOD\docs\02-arquitetura-legada\layouts-telas\LavSoft.tpf0.3.txt,3,82738,1998,Top:500; TabOrder:176; TStringField:122; TLabel:102; TTable:96; TMenuItem:62; TableType:59; TEdit:53,sim,sim,sim,sim
LavSoft,D:\AtelieProd\MOD\docs\02-arquitetura-legada\layouts-telas\LavSoft.tpf0.30.txt,30,88095,1728,Top:493; TabOrder:218; TLabel:139; TStringField:78; TEdit:62; TMenuItem:56; TTable:45; TPanel:41,sim,sim,sim,sim
LavSoft,D:\AtelieProd\MOD\docs\02-arquitetura-legada\layouts-telas\LavSoft.tpf0.300.txt,300,90619,1534,Top:534; Times:307; TQRLabel:295; TQRBand:55; TQRDBText:54; Transparent:54; TQRShape:49; Tag:41,nao,nao,nao,sim
LavSoft,D:\AtelieProd\MOD\docs\02-arquitetura-legada\layouts-telas\LavSoft.tpf0.301.txt,301,90590,1536,Top:549; TQRLabel:293; Times:281; TQRShape:62; TQRBand:59; Transparent:53; TQRDBText:41; Tag:41,nao,nao,nao,sim
LavSoft,D:\AtelieProd\MOD\docs\02-arquitetura-legada\layouts-telas\LavSoft.tpf0.302.txt,302,90507,1543,Top:564; TQRLabel:287; Times:270; TQRShape:81; TQRBand:57; Transparent:53; TQRSysData:43; TQRDBText:41,nao,nao,nao,sim
LavSoft,D:\AtelieProd\MOD\docs\02-arquitetura-legada\layouts-telas\LavSoft.tpf0.303.txt,303,90559,1529,Top:562; Times:276; TQRLabel:272; TQRShape:83; Transparent:58; TQRBand:57; TQRDBText:50; TQRSysData:45,nao,nao,nao,sim
LavSoft,D:\AtelieProd\MOD\docs\02-arquitetura-legada\layouts-telas\LavSoft.tpf0.304.txt,304,90539,1559,Top:573; Times:283; TQRLabel:274; TQRShape:99; Transparent:66; TQRBand:53; TQRSysData:47; TQRDBText:43,nao,nao,nao,sim
LavSoft,D:\AtelieProd\MOD\docs\02-arquitetura-legada\layouts-telas\LavSoft.tpf0.305.txt,305,90430,1584,Top:586; TQRLabel:283; Times:281; TQRShape:117; Transparent:73; TQRBand:48; TQRDBText:43; TQRSysData:42,nao,nao,nao,sim
LavSoft,D:\AtelieProd\MOD\docs\02-arquitetura-legada\layouts-telas\LavSoft.tpf0.306.txt,306,90455,1582,Top:584; TQRLabel:286; Times:276; TQRShape:119; Transparent:80; TQRBand:46; TQRDBText:42; TQRSysData:38,nao,nao,nao,sim
LavSoft,D:\AtelieProd\MOD\docs\02-arquitetura-legada\layouts-telas\LavSoft.tpf0.307.txt,307,90357,1623,Top:617; TQRLabel:288; Times:251; TQRShape:166; Transparent:85; TQRBand:42; TQRDBText:38; TQRSysData:36,nao,nao,nao,sim
LavSoft,D:\AtelieProd\MOD\docs\02-arquitetura-legada\layouts-telas\LavSoft.tpf0.308.txt,308,90214,1624,Top:640; TQRLabel:317; Times:210; TQRShape:174; Transparent:83; TQRBand:38; TQRDBText:37; TQRSysData:31,nao,nao,nao,sim
LavSoft,D:\AtelieProd\MOD\docs\02-arquitetura-legada\layouts-telas\LavSoft.tpf0.309.txt,309,90109,1624,Top:652; TQRLabel:347; Times:194; TQRShape:172; Transparent:82; TQRDBText:34; TQRBand:33; TQRSysData:28,nao,nao,nao,sim
LavSoft,D:\AtelieProd\MOD\docs\02-arquitetura-legada\layouts-telas\LavSoft.tpf0.31.txt,31,87673,1689,Top:474; TabOrder:230; TLabel:145; TStringField:93; TEdit:64; TPanel:54; TMenuItem:50; TDBLookupCombo:34,sim,sim,sim,nao
LavSoft,D:\AtelieProd\MOD\docs\02-arquitetura-legada\layouts-telas\LavSoft.tpf0.310.txt,310,89895,1630,Top:665; TQRLabel:385; Times:175; TQRShape:169; Transparent:86; TQRDBText:31; TQRBand:28; TQRSysData:23,nao,nao,nao,sim
LavSoft,D:\AtelieProd\MOD\docs\02-arquitetura-legada\layouts-telas\LavSoft.tpf0.311.txt,311,89744,1620,Top:668; TQRLabel:438; Times:153; TQRShape:138; Transparent:99; TQRBand:24; TQRDBText:23; TQRSysData:20,nao,nao,nao,sim
LavSoft,D:\AtelieProd\MOD\docs\02-arquitetura-legada\layouts-telas\LavSoft.tpf0.312.txt,312,89656,1634,Top:685; TQRLabel:454; TQRShape:154; Times:138; Transparent:98; TQRBand:21; TQRDBText:20; TQRSysData:15,nao,nao,nao,sim
LavSoft,D:\AtelieProd\MOD\docs\02-arquitetura-legada\layouts-telas\LavSoft.tpf0.313.txt,313,89584,1641,Top:695; TQRLabel:483; TQRShape:153; Times:125; Transparent:103; TQRDBText:16; TQRBand:16; TQRSysData:10,nao,nao,nao,sim
LavSoft,D:\AtelieProd\MOD\docs\02-arquitetura-legada\layouts-telas\LavSoft.tpf0.314.txt,314,89360,1652,Top:709; TQRLabel:481; TQRShape:167; Times:103; Transparent:103; TQRMemo:16; TQRBand:12; TQRSysData:10,nao,nao,nao,sim
LavSoft,D:\AtelieProd\MOD\docs\02-arquitetura-legada\layouts-telas\LavSoft.tpf0.315.txt,315,89139,1614,Top:708; TQRLabel:453; TQRShape:159; Times:80; Transparent:75; TQRDBText:21; TQRMemo:18; TQRBand:17,nao,nao,sim,sim
LavSoft,D:\AtelieProd\MOD\docs\02-arquitetura-legada\layouts-telas\LavSoft.tpf0.316.txt,316,87063,1628,Top:564; TabOrder:191; TLabel:100; Times:74; TQRLabel:70; TCheckBox:67; TQRShape:55; TEdit:53,sim,nao,sim,sim
LavSoft,D:\AtelieProd\MOD\docs\02-arquitetura-legada\layouts-telas\LavSoft.tpf0.317.txt,317,87174,1617,Top:563; TabOrder:207; TLabel:124; TCheckBox:82; TQRLabel:58; Times:54; TEdit:53; Text:42,sim,nao,sim,sim
LavSoft,D:\AtelieProd\MOD\docs\02-arquitetura-legada\layouts-telas\LavSoft.tpf0.318.txt,318,87251,1605,Top:555; TabOrder:231; TLabel:128; TCheckBox:85; TEdit:60; TQRLabel:50; Text:44; Times:40,sim,nao,sim,sim
LavSoft,D:\AtelieProd\MOD\docs\02-arquitetura-legada\layouts-telas\LavSoft.tpf0.319.txt,319,87472,1587,Top:536; TabOrder:270; TLabel:130; TCheckBox:107; TEdit:67; Text:46; TQRLabel:28; TMenuItem:28,sim,nao,sim,sim
LavSoft,D:\AtelieProd\MOD\docs\02-arquitetura-legada\layouts-telas\LavSoft.tpf0.32.txt,32,86696,1745,Top:432; TabOrder:204; TLabel:121; TStringField:115; TMenuItem:94; TPanel:59; TEdit:40; TitleFont:36,sim,sim,sim,nao
LavSoft,D:\AtelieProd\MOD\docs\02-arquitetura-legada\layouts-telas\LavSoft.tpf0.320.txt,320,87411,1582,Top:538; TabOrder:287; TLabel:158; TCheckBox:108; TEdit:81; Text:49; TMenuItem:28; TBevel:27,sim,nao,sim,sim
LavSoft,D:\AtelieProd\MOD\docs\02-arquitetura-legada\layouts-telas\LavSoft.tpf0.321.txt,321,88017,1591,Top:545; TabOrder:301; TLabel:157; TCheckBox:116; TEdit:96; Text:51; TBevel:27; TMenuItem:23,sim,nao,sim,sim
LavSoft,D:\AtelieProd\MOD\docs\02-arquitetura-legada\layouts-telas\LavSoft.tpf0.322.txt,322,88311,1567,Top:552; TabOrder:290; TLabel:189; TCheckBox:115; TEdit:96; Text:49; TBevel:28; TRadioGroup:20,sim,nao,sim,sim
LavSoft,D:\AtelieProd\MOD\docs\02-arquitetura-legada\layouts-telas\LavSoft.tpf0.323.txt,323,88949,1578,Top:554; TabOrder:324; TLabel:177; TEdit:130; TCheckBox:124; Text:64; TBevel:27; TComboBox:23,nao,nao,sim,sim
LavSoft,D:\AtelieProd\MOD\docs\02-arquitetura-legada\layouts-telas\LavSoft.tpf0.324.txt,324,89569,1601,Top:560; TabOrder:335; TLabel:177; TEdit:135; TCheckBox:132; Text:67; TBevel:26; TComboBox:26,nao,nao,sim,sim
LavSoft,D:\AtelieProd\MOD\docs\02-arquitetura-legada\layouts-telas\LavSoft.tpf0.325.txt,325,89560,1593,Top:562; TabOrder:332; TLabel:183; TEdit:135; TCheckBox:132; Text:67; TBevel:26; TComboBox:26,nao,nao,sim,sim
LavSoft,D:\AtelieProd\MOD\docs\02-arquitetura-legada\layouts-telas\LavSoft.tpf0.326.txt,326,89782,1583,Top:563; TabOrder:323; TLabel:199; TCheckBox:132; TEdit:131; Text:66; TBevel:26; TComboBox:26,nao,nao,sim,sim
LavSoft,D:\AtelieProd\MOD\docs\02-arquitetura-legada\layouts-telas\LavSoft.tpf0.327.txt,327,90224,1599,Top:567; TabOrder:331; TLabel:197; TEdit:134; TCheckBox:132; Text:73; TComboBox:32; TBevel:26,nao,nao,sim,sim
LavSoft,D:\AtelieProd\MOD\docs\02-arquitetura-legada\layouts-telas\LavSoft.tpf0.328.txt,328,6462,113,Top:24; TMenuItem:13; TStringField:9; TabOrder:8; TSpeedButton:6; TFloatField:6; TBitBtn:4; TitleFont:4,nao,sim,sim,nao
LavSoft,D:\AtelieProd\MOD\docs\02-arquitetura-legada\layouts-telas\LavSoft.tpf0.329.txt,329,4334,75,Top:11; TStringField:9; TMenuItem:7; TFloatField:6; TabOrder:4; TitleFont:4; TSpeedButton:3; TBitBtn:2,nao,sim,sim,nao
LavSoft,D:\AtelieProd\MOD\docs\02-arquitetura-legada\layouts-telas\LavSoft.tpf0.33.txt,33,84773,1900,Top:392; TStringField:163; TabOrder:156; TMenuItem:149; TTable:77; TLabel:72; TPanel:56; TitleFont:52,sim,sim,sim,nao
LavSoft,D:\AtelieProd\MOD\docs\02-arquitetura-legada\layouts-telas\LavSoft.tpf0.34.txt,34,84771,1898,Top:392; TStringField:163; TabOrder:156; TMenuItem:149; TTable:77; TLabel:73; TPanel:56; TitleFont:52,sim,sim,sim,nao
LavSoft,D:\AtelieProd\MOD\docs\02-arquitetura-legada\layouts-telas\LavSoft.tpf0.35.txt,35,82898,1774,Top:402; TabOrder:162; TMenuItem:141; TStringField:112; TLabel:77; TTable:75; TPanel:50; TBitBtn:46,sim,sim,sim,sim
LavSoft,D:\AtelieProd\MOD\docs\02-arquitetura-legada\layouts-telas\LavSoft.tpf0.36.txt,36,82996,1771,Top:402; TabOrder:161; TMenuItem:140; TStringField:112; TLabel:77; TTable:75; TPanel:51; TBitBtn:45,sim,sim,sim,sim
LavSoft,D:\AtelieProd\MOD\docs\02-arquitetura-legada\layouts-telas\LavSoft.tpf0.37.txt,37,82691,1644,Top:426; TabOrder:148; TMenuItem:105; TLabel:100; TTable:81; TStringField:80; TBitBtn:43; TEdit:40,sim,sim,sim,sim
LavSoft,D:\AtelieProd\MOD\docs\02-arquitetura-legada\layouts-telas\LavSoft.tpf0.38.txt,38,82760,1564,Top:435; TabOrder:156; TLabel:110; TMenuItem:91; TTable:72; TStringField:59; TEdit:48; TBitBtn:43,sim,sim,sim,sim
LavSoft,D:\AtelieProd\MOD\docs\02-arquitetura-legada\layouts-telas\LavSoft.tpf0.39.txt,39,82357,1514,Top:434; TabOrder:159; TLabel:110; TMenuItem:89; TTable:69; TEdit:48; TStringField:46; TBitBtn:44,sim,sim,sim,sim
LavSoft,D:\AtelieProd\MOD\docs\02-arquitetura-legada\layouts-telas\LavSoft.tpf0.4.txt,4,82568,2030,Top:486; TabOrder:176; TStringField:138; TLabel:97; TTable:96; TableType:61; TMenuItem:55; TEdit:53,sim,sim,sim,sim
LavSoft,D:\AtelieProd\MOD\docs\02-arquitetura-legada\layouts-telas\LavSoft.tpf0.40.txt,40,82669,1554,Top:445; TabOrder:157; TLabel:110; TMenuItem:89; TTable:77; TEdit:47; TBitBtn:43; TStringField:33,sim,sim,sim,sim
LavSoft,D:\AtelieProd\MOD\docs\02-arquitetura-legada\layouts-telas\LavSoft.tpf0.41.txt,41,82813,1458,Top:467; TabOrder:167; TLabel:135; TEdit:64; TTable:63; TMenuItem:60; TBitBtn:41; TDataSource:29,sim,sim,sim,sim
LavSoft,D:\AtelieProd\MOD\docs\02-arquitetura-legada\layouts-telas\LavSoft.tpf0.42.txt,42,82964,1461,Top:473; TabOrder:165; TLabel:144; TEdit:64; TTable:63; TMenuItem:59; TBitBtn:40; TDataSource:29,sim,sim,sim,sim
LavSoft,D:\AtelieProd\MOD\docs\02-arquitetura-legada\layouts-telas\LavSoft.tpf0.43.txt,43,82971,1458,Top:469; TabOrder:168; TLabel:140; TEdit:65; TTable:63; TMenuItem:57; TBitBtn:39; TDataSource:29,sim,sim,sim,sim
LavSoft,D:\AtelieProd\MOD\docs\02-arquitetura-legada\layouts-telas\LavSoft.tpf0.44.txt,44,83335,1459,Top:467; TabOrder:170; TLabel:135; TTable:63; TMenuItem:60; TEdit:59; TBitBtn:37; TDataSource:29,sim,sim,sim,sim
LavSoft,D:\AtelieProd\MOD\docs\02-arquitetura-legada\layouts-telas\LavSoft.tpf0.45.txt,45,83479,1425,Top:459; TabOrder:170; TLabel:139; TMenuItem:63; TEdit:60; TTable:58; TBitBtn:37; Text:25,sim,sim,sim,nao
LavSoft,D:\AtelieProd\MOD\docs\02-arquitetura-legada\layouts-telas\LavSoft.tpf0.46.txt,46,83597,1427,Top:459; TabOrder:170; TLabel:139; TMenuItem:63; TEdit:61; TTable:58; TBitBtn:37; Text:26,sim,sim,sim,nao
LavSoft,D:\AtelieProd\MOD\docs\02-arquitetura-legada\layouts-telas\LavSoft.tpf0.47.txt,47,83386,1420,Top:457; TabOrder:170; TLabel:138; TMenuItem:63; TEdit:61; TTable:58; TBitBtn:38; Text:26,sim,sim,sim,nao
LavSoft,D:\AtelieProd\MOD\docs\02-arquitetura-legada\layouts-telas\LavSoft.tpf0.48.txt,48,84148,1433,Top:462; TabOrder:168; TLabel:143; TMenuItem:63; TEdit:60; TTable:59; TBitBtn:36; Text:26,sim,sim,sim,nao
LavSoft,D:\AtelieProd\MOD\docs\02-arquitetura-legada\layouts-telas\LavSoft.tpf0.49.txt,49,83278,1346,Top:435; TabOrder:163; TLabel:139; TEdit:59; TMenuItem:43; TTable:39; TBitBtn:33; Text:26,sim,sim,sim,nao
LavSoft,D:\AtelieProd\MOD\docs\02-arquitetura-legada\layouts-telas\LavSoft.tpf0.5.txt,5,76796,1694,Top:431; TabOrder:176; TStringField:105; TLabel:97; TTable:62; TMenuItem:55; TEdit:53; Text:51,sim,sim,sim,sim
LavSoft,D:\AtelieProd\MOD\docs\02-arquitetura-legada\layouts-telas\LavSoft.tpf0.50.txt,50,83165,1345,Top:432; TabOrder:161; TLabel:138; TEdit:57; TMenuItem:41; TTable:39; TBitBtn:31; TitleFont:28,sim,sim,sim,nao
LavSoft,D:\AtelieProd\MOD\docs\02-arquitetura-legada\layouts-telas\LavSoft.tpf0.51.txt,51,83250,1301,Top:418; TabOrder:163; TLabel:132; TEdit:60; TMenuItem:39; TBitBtn:31; TTable:29; TitleFont:28,nao,sim,sim,nao
LavSoft,D:\AtelieProd\MOD\docs\02-arquitetura-legada\layouts-telas\LavSoft.tpf0.52.txt,52,83287,1359,Top:438; TabOrder:168; TLabel:135; TEdit:56; TMenuItem:39; TTable:34; TitleFont:32; TBitBtn:30,sim,sim,sim,nao
LavSoft,D:\AtelieProd\MOD\docs\02-arquitetura-legada\layouts-telas\LavSoft.tpf0.53.txt,53,82994,1328,Top:427; TabOrder:171; TLabel:132; TEdit:57; TMenuItem:39; TBitBtn:32; TTable:30; Text:30,sim,sim,sim,nao
LavSoft,D:\AtelieProd\MOD\docs\02-arquitetura-legada\layouts-telas\LavSoft.tpf0.54.txt,54,83354,1379,Top:420; TabOrder:167; TLabel:129; TEdit:55; TMenuItem:37; TStringField:33; TTable:31; TBitBtn:30,sim,sim,sim,nao
LavSoft,D:\AtelieProd\MOD\docs\02-arquitetura-legada\layouts-telas\LavSoft.tpf0.55.txt,55,83752,1412,Top:402; TabOrder:161; TLabel:120; TStringField:61; TMenuItem:56; TEdit:54; Text:30; TBitBtn:28,sim,sim,sim,sim
LavSoft,D:\AtelieProd\MOD\docs\02-arquitetura-legada\layouts-telas\LavSoft.tpf0.56.txt,56,84408,1478,Top:410; TabOrder:159; TLabel:123; TStringField:61; TMenuItem:58; TEdit:54; TTable:34; Text:30,sim,sim,sim,sim
LavSoft,D:\AtelieProd\MOD\docs\02-arquitetura-legada\layouts-telas\LavSoft.tpf0.57.txt,57,83856,1482,Top:407; TabOrder:158; TLabel:117; TMenuItem:61; TStringField:61; TEdit:49; TTable:38; TBitBtn:31,sim,sim,sim,sim
LavSoft,D:\AtelieProd\MOD\docs\02-arquitetura-legada\layouts-telas\LavSoft.tpf0.58.txt,58,83751,1479,Top:404; TabOrder:158; TLabel:115; TMenuItem:61; TStringField:61; TEdit:49; TTable:38; TBitBtn:31,sim,sim,sim,sim
LavSoft,D:\AtelieProd\MOD\docs\02-arquitetura-legada\layouts-telas\LavSoft.tpf0.59.txt,59,83789,1517,Top:409; TabOrder:152; TLabel:112; TStringField:66; TMenuItem:65; TEdit:48; TTable:45; TDataSource:34,sim,sim,sim,sim
LavSoft,D:\AtelieProd\MOD\docs\02-arquitetura-legada\layouts-telas\LavSoft.tpf0.6.txt,6,71955,1559,Top:400; TabOrder:168; TStringField:92; TLabel:89; TTable:54; TEdit:52; Text:49; TMenuItem:42,sim,sim,sim,sim
LavSoft,D:\AtelieProd\MOD\docs\02-arquitetura-legada\layouts-telas\LavSoft.tpf0.60.txt,60,83197,1397,Top:384; TabOrder:147; TLabel:117; TMenuItem:63; TStringField:59; TEdit:56; TBitBtn:32; TTable:32,sim,sim,sim,sim
LavSoft,D:\AtelieProd\MOD\docs\02-arquitetura-legada\layouts-telas\LavSoft.tpf0.61.txt,61,83546,1442,Top:387; TabOrder:148; TLabel:114; TStringField:66; TMenuItem:65; TEdit:56; TTable:35; TitleFont:32,sim,sim,sim,sim
LavSoft,D:\AtelieProd\MOD\docs\02-arquitetura-legada\layouts-telas\LavSoft.tpf0.62.txt,62,83723,1485,Top:395; TabOrder:140; TLabel:109; TStringField:75; TMenuItem:60; TEdit:42; TTable:38; TitleFont:32,sim,sim,sim,sim
LavSoft,D:\AtelieProd\MOD\docs\02-arquitetura-legada\layouts-telas\LavSoft.tpf0.63.txt,63,83119,1484,Top:392; TabOrder:150; TLabel:97; TStringField:75; TMenuItem:55; TEdit:40; TTable:38; TitleFont:36,sim,sim,sim,sim
LavSoft,D:\AtelieProd\MOD\docs\02-arquitetura-legada\layouts-telas\LavSoft.tpf0.64.txt,64,83386,1536,Top:392; TabOrder:147; TLabel:98; TStringField:93; TMenuItem:51; TTable:40; TEdit:37; TitleFont:36,sim,sim,sim,sim
LavSoft,D:\AtelieProd\MOD\docs\02-arquitetura-legada\layouts-telas\LavSoft.tpf0.65.txt,65,83778,1609,Top:380; TabOrder:141; TStringField:130; TLabel:92; TMenuItem:49; TTable:41; TitleFont:36; TEdit:33,sim,sim,sim,sim
LavSoft,D:\AtelieProd\MOD\docs\02-arquitetura-legada\layouts-telas\LavSoft.tpf0.66.txt,66,84113,1692,Top:376; TStringField:156; TabOrder:135; TLabel:88; TMenuItem:51; TTable:44; TitleFont:36; TDataSource:36,sim,sim,sim,sim
LavSoft,D:\AtelieProd\MOD\docs\02-arquitetura-legada\layouts-telas\LavSoft.tpf0.67.txt,67,86488,2003,Top:354; TStringField:264; TMenuItem:117; TabOrder:115; TLabel:76; TTable:59; TDataSource:46; TFloatField:41,sim,sim,sim,sim
LavSoft,D:\AtelieProd\MOD\docs\02-arquitetura-legada\layouts-telas\LavSoft.tpf0.68.txt,68,86950,2222,Top:426; TStringField:257; TTable:113; TabOrder:104; TMenuItem:95; TLabel:80; TDataSource:67; TableName:63,sim,sim,sim,nao
LavSoft,D:\AtelieProd\MOD\docs\02-arquitetura-legada\layouts-telas\LavSoft.tpf0.69.txt,69,87438,2237,Top:434; TStringField:257; TTable:109; TabOrder:107; TMenuItem:96; TLabel:89; TDataSource:65; TableName:63,sim,sim,sim,nao
LavSoft,D:\AtelieProd\MOD\docs\02-arquitetura-legada\layouts-telas\LavSoft.tpf0.7.txt,7,68002,1419,Top:354; TabOrder:142; TStringField:92; TLabel:77; TTable:54; TMenuItem:38; TableType:38; TEdit:35,sim,sim,sim,sim
LavSoft,D:\AtelieProd\MOD\docs\02-arquitetura-legada\layouts-telas\LavSoft.tpf0.70.txt,70,87716,2262,Top:445; TStringField:257; TabOrder:110; TTable:109; TLabel:99; TMenuItem:94; TDataSource:65; TableName:63,sim,sim,sim,nao
LavSoft,D:\AtelieProd\MOD\docs\02-arquitetura-legada\layouts-telas\LavSoft.tpf0.71.txt,71,87744,2274,Top:443; TStringField:259; TTable:113; TabOrder:112; TLabel:96; TMenuItem:90; TableName:63; TDataSource:60,sim,sim,sim,nao
LavSoft,D:\AtelieProd\MOD\docs\02-arquitetura-legada\layouts-telas\LavSoft.tpf0.72.txt,72,87816,2282,Top:447; TStringField:259; TTable:113; TabOrder:108; TLabel:102; TMenuItem:92; TableName:63; TDataSource:60,sim,sim,sim,nao
LavSoft,D:\AtelieProd\MOD\docs\02-arquitetura-legada\layouts-telas\LavSoft.tpf0.73.txt,73,88074,2290,Top:459; TStringField:259; TTable:113; TLabel:103; TabOrder:99; TMenuItem:90; TableName:63; TDataSource:60,sim,sim,sim,nao
LavSoft,D:\AtelieProd\MOD\docs\02-arquitetura-legada\layouts-telas\LavSoft.tpf0.74.txt,74,88545,2259,Top:471; TStringField:241; TabOrder:128; TTable:106; TLabel:102; TMenuItem:96; TableName:58; TDataSource:54,sim,sim,sim,nao
LavSoft,D:\AtelieProd\MOD\docs\02-arquitetura-legada\layouts-telas\LavSoft.tpf0.75.txt,75,84617,1433,Top:443; TabOrder:169; TLabel:145; TMenuItem:96; TEdit:52; TSpeedButton:34; TitleFont:32; Text:30,sim,sim,sim,sim
LavSoft,D:\AtelieProd\MOD\docs\02-arquitetura-legada\layouts-telas\LavSoft.tpf0.76.txt,76,84356,1402,Top:438; TabOrder:151; TLabel:148; TMenuItem:92; TSpeedButton:46; TEdit:45; TitleFont:32; TTable:29,sim,sim,sim,sim
LavSoft,D:\AtelieProd\MOD\docs\02-arquitetura-legada\layouts-telas\LavSoft.tpf0.77.txt,77,84551,1347,Top:422; TabOrder:174; TLabel:124; TMenuItem:90; TEdit:59; TSpeedButton:46; Text:40; TitleFont:28,sim,sim,sim,sim
LavSoft,D:\AtelieProd\MOD\docs\02-arquitetura-legada\layouts-telas\LavSoft.tpf0.78.txt,78,84052,1345,Top:424; TabOrder:179; TLabel:124; TMenuItem:86; TEdit:59; TSpeedButton:45; Text:40; TPanel:29,sim,sim,sim,sim
LavSoft,D:\AtelieProd\MOD\docs\02-arquitetura-legada\layouts-telas\LavSoft.tpf0.79.txt,79,83097,1541,Top:391; TabOrder:154; TLabel:110; TStringField:89; TMenuItem:79; TEdit:50; Text:40; TTable:40,sim,sim,sim,sim
LavSoft,D:\AtelieProd\MOD\docs\02-arquitetura-legada\layouts-telas\LavSoft.tpf0.8.txt,8,62424,1265,Top:300; TabOrder:117; TStringField:92; TTable:54; TLabel:53; TableType:38; TMenuItem:35; TEdit:27,sim,sim,sim,sim
LavSoft,D:\AtelieProd\MOD\docs\02-arquitetura-legada\layouts-telas\LavSoft.tpf0.80.txt,80,83505,1618,Top:391; TabOrder:151; TStringField:113; TLabel:110; TMenuItem:75; TEdit:50; TTable:42; Text:40,sim,sim,sim,sim
LavSoft,D:\AtelieProd\MOD\docs\02-arquitetura-legada\layouts-telas\LavSoft.tpf0.81.txt,81,83064,1694,Top:401; TabOrder:141; TStringField:125; TLabel:95; TMenuItem:78; TTable:70; TableName:41; TEdit:39,sim,sim,sim,sim
LavSoft,D:\AtelieProd\MOD\docs\02-arquitetura-legada\layouts-telas\LavSoft.tpf0.82.txt,82,83683,1755,Top:408; TabOrder:146; TStringField:143; TLabel:90; TTable:73; TMenuItem:70; TEdit:48; TableName:46,sim,sim,sim,sim
LavSoft,D:\AtelieProd\MOD\docs\02-arquitetura-legada\layouts-telas\LavSoft.tpf0.83.txt,83,83833,1764,Top:407; TabOrder:147; TStringField:143; TLabel:88; TTable:73; TMenuItem:70; TEdit:47; TableName:46,sim,sim,sim,sim
LavSoft,D:\AtelieProd\MOD\docs\02-arquitetura-legada\layouts-telas\LavSoft.tpf0.84.txt,84,83833,1750,Top:403; TabOrder:145; TStringField:137; TLabel:88; TTable:71; TMenuItem:68; TEdit:48; TitleFont:44,sim,sim,sim,sim
LavSoft,D:\AtelieProd\MOD\docs\02-arquitetura-legada\layouts-telas\LavSoft.tpf0.85.txt,85,83998,1759,Top:415; TStringField:137; TabOrder:136; TLabel:109; TTable:71; TMenuItem:62; TitleFont:44; TableName:44,sim,sim,sim,sim
LavSoft,D:\AtelieProd\MOD\docs\02-arquitetura-legada\layouts-telas\LavSoft.tpf0.86.txt,86,84493,1736,Top:413; TabOrder:157; TStringField:137; TLabel:97; TTable:67; TEdit:55; TableName:44; TMenuItem:39,nao,sim,sim,nao
LavSoft,D:\AtelieProd\MOD\docs\02-arquitetura-legada\layouts-telas\LavSoft.tpf0.87.txt,87,84511,1716,Top:406; TabOrder:155; TStringField:137; TLabel:96; TTable:67; TEdit:55; TableName:44; TitleFont:40,nao,sim,sim,nao
LavSoft,D:\AtelieProd\MOD\docs\02-arquitetura-legada\layouts-telas\LavSoft.tpf0.88.txt,88,84489,1725,Top:402; TabOrder:158; TStringField:133; TLabel:96; TTable:62; TEdit:56; TitleFont:48; TableName:39,sim,sim,sim,nao
LavSoft,D:\AtelieProd\MOD\docs\02-arquitetura-legada\layouts-telas\LavSoft.tpf0.89.txt,89,85574,1413,Top:423; TabOrder:208; TLabel:118; TitleFont:48; TEdit:45; TPanel:43; TDBLookupCombo:40; TStringField:35,sim,sim,sim,sim
LavSoft,D:\AtelieProd\MOD\docs\02-arquitetura-legada\layouts-telas\LavSoft.tpf0.9.txt,9,58155,1139,Top:256; TabOrder:97; TStringField:92; TTable:51; TLabel:39; TableType:38; TMenuItem:27; TDataSource:25,sim,sim,sim,sim
LavSoft,D:\AtelieProd\MOD\docs\02-arquitetura-legada\layouts-telas\LavSoft.tpf0.90.txt,90,85328,1391,Top:413; TabOrder:203; TLabel:115; TitleFont:48; TPanel:43; TEdit:42; TDBLookupCombo:40; TStringField:35,sim,sim,sim,sim
LavSoft,D:\AtelieProd\MOD\docs\02-arquitetura-legada\layouts-telas\LavSoft.tpf0.91.txt,91,85660,1450,Top:416; TabOrder:197; TLabel:112; TitleFont:48; TStringField:43; TMenuItem:42; TPanel:42; TEdit:40,sim,sim,sim,sim
LavSoft,D:\AtelieProd\MOD\docs\02-arquitetura-legada\layouts-telas\LavSoft.tpf0.92.txt,92,85994,1550,Top:419; TabOrder:191; TLabel:105; TStringField:70; TitleFont:48; TPanel:42; TMenuItem:40; TDBLookupCombo:39,sim,sim,sim,sim
LavSoft,D:\AtelieProd\MOD\docs\02-arquitetura-legada\layouts-telas\LavSoft.tpf0.93.txt,93,85528,1498,Top:416; TabOrder:188; TLabel:110; TStringField:56; TitleFont:44; TPanel:42; TMenuItem:40; TDBLookupCombo:39,sim,sim,sim,sim
LavSoft,D:\AtelieProd\MOD\docs\02-arquitetura-legada\layouts-telas\LavSoft.tpf0.94.txt,94,85301,1481,Top:415; TabOrder:190; TLabel:110; TStringField:52; TPanel:42; TitleFont:40; TMenuItem:40; TDBLookupCombo:39,sim,sim,sim,sim
LavSoft,D:\AtelieProd\MOD\docs\02-arquitetura-legada\layouts-telas\LavSoft.tpf0.95.txt,95,85276,1487,Top:419; TabOrder:189; TLabel:110; TStringField:52; TPanel:42; TMenuItem:41; TDBLookupCombo:39; TitleFont:36,sim,sim,sim,sim
LavSoft,D:\AtelieProd\MOD\docs\02-arquitetura-legada\layouts-telas\LavSoft.tpf0.96.txt,96,85131,1483,Top:419; TabOrder:189; TLabel:111; TStringField:52; TPanel:42; TMenuItem:41; TDBLookupCombo:39; TTable:35,sim,sim,sim,sim
LavSoft,D:\AtelieProd\MOD\docs\02-arquitetura-legada\layouts-telas\LavSoft.tpf0.97.txt,97,84880,1475,Top:418; TabOrder:189; TLabel:111; TStringField:52; TPanel:42; TMenuItem:41; TDBLookupCombo:39; TTable:35,sim,sim,sim,sim
LavSoft,D:\AtelieProd\MOD\docs\02-arquitetura-legada\layouts-telas\LavSoft.tpf0.98.txt,98,84706,1467,Top:417; TabOrder:189; TLabel:111; TStringField:52; TPanel:42; TMenuItem:41; TDBLookupCombo:39; TTable:35,sim,sim,sim,sim
LavSoft,D:\AtelieProd\MOD\docs\02-arquitetura-legada\layouts-telas\LavSoft.tpf0.99.txt,99,84542,1464,Top:418; TabOrder:190; TLabel:111; TStringField:52; TPanel:43; TMenuItem:41; TDBLookupCombo:39; TTable:35,sim,sim,sim,sim
