"Executavel","Form","TableName","DatabaseName","FieldName","DataSource","DataSet","Texto"
"LavSoft","","","","","",""," and  (EXTRACT(MONTH FROM DatNas) = "
"LavSoft","","","","","",""," And (EXTRACT(MONTH FROM C.DatNas) ="
"LavSoft","","","","","",""," and (EXTRACT(YEAR FROM DatNas) > 1900)"
"LavSoft","","","","","",""," Atualizando SQL"
"LavSoft","","","","","",""," From  """
"LavSoft","","","","","",""," From """
"LavSoft","","","","","",""," From "":"
"LavSoft","","","","","",""," Select * from """
"LavSoft","","","","","",""," Select * from "":"
"LavSoft","","","","","",""," SELECT COUNT(CODVEN) AS QUANTIDADE FROM """
"LavSoft","","","","","",""," Select D.CodDef, D.DesDef "
"LavSoft","","","","","",""," Select D.CodDef, D.DesDef, DG.CodDef, DG.GruPro "
"LavSoft","","","","","",""," Select FP.CodFatPre, FP.DesFatPre "
"LavSoft","","","","","",""," Select FP.CodFatPre, FP.DesFatPre, FG.CodFatPre, FG.GruPro, FG.Fator, FG.Promocao "
"LavSoft","","","","","",""," Select MA.CodMar, MA.DesMar, MA.Cancelado "
"LavSoft","","","","","",""," Select MA.CodMar, MA.DesMar, MA.Cancelado, MG.CodMar, MG.GruPro "
"LavSoft","","","","","","","-Select * From ""C:\Equipexe\Lav\Filial\MovCab"""
"LavSoft","","","","","","",",from   ""c:\EquipExe\Lav\Filial\movcab""    M,"
"LavSoft","","","","","","",",from   ""c:\EquipExe\Lav\Filial\NotFis""    N,"
"LavSoft","","","","","","",",Select * From 'C:\EquipExe\Ger\Dados\LogSis'"
"LavSoft","","","","","","",".select * from ""z:\equipexe\ger\filial\cheque1"""
"LavSoft","","","","","","","'from   ""c:\EquipExe\Lav\Filial\Notas""N,"
"LavSoft","","","","","","",")from   ""c:\EquipExe\Pag\Filial\Titulos"" T"
"LavSoft","","","","","","","*from   ""c:\EquipExe\Lav\Filial\MovItem"" I,"
"LavSoft","","","","","","","*from   ""c:\EquipExe\Lav\Filial\Notas""   N,"
"LavSoft","","","","","","","*from   ""c:\EquipExe\Rec\Filial\Duplicat"" D"
"LavSoft","","","","","","","*Select*From""C:\EquipExe\Lav\Filial\MovCab"""
"LavSoft","","","","","","","/Select * From ""C:\EquipExe\Lav\Dados\TabPro"" T,"
"LavSoft","","","","","","","/Select * from ""C:\EquipExe\Lav\Filial\MovCab"" M"
"LavSoft","","","","","","","&Field '%s' is not of the expected type3Cannot convert field '%s' to a floating point value-Cannot convert field '%s' to an integer valueE%g is not a valid value for field '%s'. The allowed range is %g to %g0'%s' is not a valid integer value for field '%s'7'%s' is not a valid floating point value for field '%s'0'%s' is not a valid boolean value for field '%s'""Dataset not in edit or insert mode.Source and destination tables are incompatible!Cannot modify a read-only dataset"
"LavSoft","","","","","","","0Select * from ""c:\EquipExe\Ger\Dados\Clientes"" C"
"LavSoft","","","","","","","1Select * From 'c:\Equipexe\Lav\Filial\MovItem' I,"
"LavSoft","","","","","","","2-Preenche DataBaseName"
"LavSoft","","","","","","","2-Preenche TableName"
"LavSoft","","","","","","","2-Preenche TableName: "
"LavSoft","","","","","","","5Select * From ""c:\EquipExe\Lav\Filial\MovItem""    I, "
"LavSoft","","","","","","","5Select * From ""C:\EquipExe\Rec\Filial\Duplicat.Db"" D,"
"LavSoft","","","","","","","as - abrindo CadLocPec SQL"
"LavSoft","","","","","","","as - Rodando CadLocPec SQL "
"LavSoft","","","","","","","Attempt to mix objs from diff ses"
"LavSoft","","","","","","","AutoSelect"
"LavSoft","","","","","","","AutoSelect$"
"LavSoft","","","","","","","AutoSelectH"
"LavSoft","","","","","","","BDE error $%.4x3Unable to use duplicate DataSource and LookupSource2LookupSource must be connected to TTable component*%s must be the lookup table's active index!;Input;Output;Input/Output;Result%Must have a valid field type selected""Parameter '%s' truncated on output"
"LavSoft","","","","","","","C.TelCli2 = (SELECT T.TelCli2 from """
"LavSoft","","","","","","","C.TelCli3 = (SELECT T.TelCli3 from """
"LavSoft","","","","","","","ChangedTableName"
"LavSoft","","","","","","","cio da montagem do SQL"
"LavSoft","","","","","","","crSQLWait"
"LavSoft","","","","","","","Custom Colors+Operation not supported on selected printer.There is no default printer currently selected"
"LavSoft","","","","","","","Data too large for Bind Buffer#Requested DataSets is not Avaliable"
"LavSoft","","","","","","","DatabaseName"
"LavSoft","","","","","","","DataSet"
"LavSoft","","","","","","","DataSource"
"LavSoft","","","","","","","DataSource cannot be changed"
"LavSoft","","","","","","","DataSource|ZD"
"LavSoft","","","","","","","DataSource1"
"LavSoft","","","","","","","DataSource1H"
"LavSoft","","","","","","","DataSource2"
"LavSoft","","","","","","","DataSourcexQA"
"LavSoft","","","","","","","Delete all selected records?"
"LavSoft","","","","","","","Delete from '"
"LavSoft","","","","","","","Delete From """
"LavSoft","","","","","","","dgAlwaysShowSelection"
"LavSoft","","","","","","","dgMultiSelect"
"LavSoft","","","","","","","dgRowSelect"
"LavSoft","","","","","","","digo, NomFor as Fornecedor From """
"LavSoft","","","","","","","digo, NomFor as Fornecedor From "":"
"LavSoft","","","","","","","ds_PromCadSelect"
"LavSoft","","","","","","","dsSelected"
"LavSoft","","","","","","","Duplicate CardId found""An error returned from DDE  ($0%x)/DDE Error - conversation not established ($0%x)0Error occurred when DDE ran out of memory ($0%x)""Unable to connect DDE conversation"
"LavSoft","","","","","","","Ed_Sql"
"LavSoft","","","","","","","Ed_SQl0"
"LavSoft","","","","","","","Edit Report...1Component requires a later version of ReportSmith(Unable to obtain Version details from %s""Unable to load ReportSmith DLL: %s2The requested Reportsmith file '%s' does not exist"
"LavSoft","","","","","","","ExtendedSelect"
"LavSoft","","","","","","","Field '%s' has no dataset1Cannot perform this operation on an empty dataset"
"LavSoft","","","","","","","FieldName"
"LavSoft","","","","","","","FieldNameH"
"LavSoft","","","","","","","Filtros - Fecha, Limpa e Coloca Select na Query"
"LavSoft","","","","","","","Filtros - Fim do SQL"
"LavSoft","","","","","","","Filtros - Inicio SQL"
"LavSoft","","","","","","","Filtros - SQL - "
"LavSoft","","","","","","","Frm_ProcessaSql"
"LavSoft","","","","","","","from            "":"
"LavSoft","","","","","","","From      """
"LavSoft","","","","","","","From      "":"
"LavSoft","","","","","","","From   """
"LavSoft","","","","","","","from   "":"
"LavSoft","","","","","","","From  """
"LavSoft","","","","","","","From  "":"
"LavSoft","","","","","","","From """
"LavSoft","","","","","","","From "":"
"LavSoft","","","","","","","from"""
"LavSoft","","","","","","","FromIndex"
"LavSoft","","","","","","","FromPageH"
"LavSoft","","","","","","","GetFirstSelection"
"LavSoft","","","","","","","HideSelection"
"LavSoft","","","","","","","HideSelectionH"
"LavSoft","","","","","","","IndexFieldNames"
"LavSoft","","","","","","","InheritsFrom"
"LavSoft","","","","","","","Invalid DataSet Requested"
"LavSoft","","","","","","","Invalid field registration7Field '%s', from the Detail Fields list, must be linked"
"LavSoft","","","","","","","Invalid selection"
"LavSoft","","","","","","","Invalid variant type or size7Must select at least one key field and one update field1Update SQL statements not generated, exit anyway?&Unable to determine field names for %s"
"LavSoft","","","","","","","KeyViolTableName"
"LavSoft","","","","","","","LookupDataSet"
"LavSoft","","","","","","","mc_ProcessaSql"
"LavSoft","","","","","","","Missing TableName property"
"LavSoft","","","","","","","MontaRelatorioSQL"
"LavSoft","","","","","","","MoveSelected"
"LavSoft","","","","","","","MultiSelect"
"LavSoft","","","","","","","No DataSets Avaliable"
"LavSoft","","","","","","","No SQL statement available"
"LavSoft","","","","","","","ofAllowMultiSelect"
"LavSoft","","","","","","","Passthru SQL connection not share"
"LavSoft","","","","","","","poSelection"
"LavSoft","","","","","","","Printer selected is not valid"
"LavSoft","","","","","","","ProblemTableName"
"LavSoft","","","","","","","prSelection"
"LavSoft","","","","","","","QRLF_RelFreCliSQL"
"LavSoft","","","","","","","Qry_AtualizaSQL"
"LavSoft","","","","","","","Roda SQL"
"LavSoft","","","","","","","Select "
"LavSoft","","","","","","","Select  P.*, I.Rol, M.Rol, I.CodPro, R.CodPro, M.CodPas, P.CodPas,"
"LavSoft","","","","","","","Select (O.Rol)as Entrada, (O.CodCli) as Cliente, O.DatLan,O.DatEnt,O.NumOS, O.RolOrc, O.Cancelado,OI.Rol, (OI.CodPro)as CodPro, OI.SeqPro, OI.Quantidade, OI.CodLoc, (OI.Peso)as PesoEnt,C.CodCli, C.Unidade,C.EndCli,C.NomCli,M.Rol ,(M.DatLan)as DatSaida,MI.Rol, MI.CodPro,P.DesPro, MI.SeqPro, (MI.Quantidade)as Saida,(MI.PreUniVen)as Unitario, (MI.PreFinal) as total, (MI.Peso)As PesoSai,P.CodPro, P.TipoControle, sum(OI.Quantidade-MI.Quantidade)as Saldo, sum(OI.Peso-MI.Peso)As PesoSaldo"
"LavSoft","","","","","","","Select (O.Rol)as Entrada, (O.CodCli) as Cliente, O.DatLan,O.DatEnt,O.NumOS, O.RolOrc, O.Cancelado,OI.Rol, (OI.CodPro)as CodPro, OI.SeqPro, OI.Quantidade, OI.CodLoc, OI.CodCor, (OI.Peso)as PesoEnt,C.CodCli, C.Unidade,C.EndCli,C.NomCli,P.CodPro, P.TipoControle, P.DesPro, sum(OI.Quantidade)as Saldo, sum(OI.Peso)As PesoSaldo"
"LavSoft","","","","","","","Select *"
"LavSoft","","","","","","","Select * "
"LavSoft","","","","","","","Select *  From   """
"LavSoft","","","","","","","Select *  From   "":"
"LavSoft","","","","","","","Select * From"
"LavSoft","","","","","","","Select * From "
"LavSoft","","","","","","","Select * From   """
"LavSoft","","","","","","","Select * From   "":"
"LavSoft","","","","","","","Select * from '"
"LavSoft","","","","","","","Select * From """
"LavSoft","","","","","","","Select * From "":"
"LavSoft","","","","","","","Select * From ""C:\EquipExe\Importa\TrocaPro.Dbf"" "
"LavSoft","","","","","","","Select * from movcab"
"LavSoft","","","","","","","select * from MovSaida"
"LavSoft","","","","","","","Select a Date"
"LavSoft","","","","","","","Select C.*, extract( day from C.datnas) As DiaAniver,extract( Month from C.datnas) As MesAniver From   """
"LavSoft","","","","","","","Select C.*, extract( day from C.datnas) As DiaAniver,extract( Month from C.datnas) As MesAniver From   "":"
"LavSoft","","","","","","","Select C.CodCli,Max(M.DatLan),C.NomCli, C.EndCli, C.TelCli, C.Unidade, C.Contato From   """
"LavSoft","","","","","","","Select C.CodCli,Max(M.DatLan),C.NomCli, C.EndCli, C.TelCli, C.Unidade, C.Contato From   "":"
"LavSoft","","","","","","","SELECT C.CodVen , SUM(T.ValTitPag) as ValPag from "
"LavSoft","","","","","","","SELECT C.NomCli ,C.CodCli ,C.DatCad ,AVG(M.ValTot)as MediaPorRol, SUM(M.ValTot)as total, "
"LavSoft","","","","","","","Select CL.DatPas,M.CodPro,CL.CodPas,Count (M.CodPro) as TotPecas"
"LavSoft","","","","","","","SELECT CodCli, Sum(Quant_Real) as Total, AVG(MedLan) as MedLan, NomCli FROM """
"LavSoft","","","","","","","SELECT CodCli, Sum(Quant_Real) as Total, AVG(MedLan) as MedLan, NomCli FROM "":"
"LavSoft","","","","","","","Select CodFatPre as Codigo, DesFatPre as Descricao"
"LavSoft","","","","","","","SELECT CodFil as Codigo, NomFil as Filial FROM """
"LavSoft","","","","","","","Select CodFil as Codigo, NomFil as Nome From"
"LavSoft","","","","","","","Select CodFor as C"
"LavSoft","","","","","","","Select CodFor as Codigo, NomFor as Nome From"
"LavSoft","","","","","","","Select CodigoTPV as Codigo, DescTPV as Descricao, Obs "
"LavSoft","","","","","","","Select CodPro as Codigo, DesPro as Descricao"
"LavSoft","","","","","","","Select CodPro, Sum(MI.QdeSi) as Quant, Sum(MI.KG) as Peso"
"LavSoft","","","","","","","Select CodPro, Sum(MI.Quantidade) as Quant, Sum(MI.Peso) as Peso"
"LavSoft","","","","","","","Select CodPro,DesPro,Marca,CodCar,CodDef,GruPro,SeqPro,Rol,CodCli,NomCli,CodTipEnt,Identif,DatEnt,CodPas,NomPas,EndPas,CidPas,EstPas,CodCor,Quantidade,TipCom,ValCom,PreFinal,TipoControle,Pontos"
"LavSoft","","","","","","","Select CodPro,DesPro,Marca,CodCar,CodDef,GruPro,SeqPro,Rol,CodCli,NomCli,CodTipEnt,Identif,DatEnt,CodPas,NomPas,EndPas,CidPas,EstPas,CodCor,Quantidade,TipCom,ValCom,PreFinal,TipoControle,Pontos "
"LavSoft","","","","","","","Select CodSerLav as Codigo, DesSerLav as Descricao,SeqPro as Seq  From """
"LavSoft","","","","","","","Select CodSerTer, DatLan From """
"LavSoft","","","","","","","Select CodTab as Codigo, DesTab as Descricao From"
"LavSoft","","","","","","","Select CodTab,CodPro From """
"LavSoft","","","","","","","Select CodUsuario as Codigo, NomUsuario as Nome From"
"LavSoft","","","","","","","Select Count(DatEnt) as Total From """
"LavSoft","","","","","","","Select Count(Rol) as TotRol From "
"LavSoft","","","","","","","Select datemi, Sum(faturado) as faturado, Sum(rols) as rols, Sum(pecas) as pecas from"
"LavSoft","","","","","","","Select Directory"
"LavSoft","","","","","","","SELECT Distinct(I.CodSerTer) as Terceirizacao, F.NomFor as Fornecedor FROM "
"LavSoft","","","","","","","Select extract( day from C.datnas) As DiaAniver,extract( Month from C.datnas) As MesAniver , C.* From   """
"LavSoft","","","","","","","Select extract( day from C.datnas) As DiaAniver,extract( Month from C.datnas) As MesAniver , C.* From   "":"
"LavSoft","","","","","","","Select GruPro as Codigo, DesGruPro as Descricao"
"LavSoft","","","","","","","Select GruSerLav As Grupo From"
"LavSoft","","","","","","","Select GruSerLav From """
"LavSoft","","","","","","","Select I.Rol,I.Quantidade,I.CodPro,I.SeqPro,P.CodPro,G.GruPro,I.PreFinal From """
"LavSoft","","","","","","","Select I.Rol,I.Quantidade,I.CodPro,I.SeqPro,P.CodPro,T.CodTab,I.PreFinal,M.CodTab,M.Rol From """
"LavSoft","","","","","","","Select L.CodLoc as Local, L.Rol, p.DesPro as Descri"
"LavSoft","","","","","","","Select M.*,C.* ,V.* ,P.*,T.*, B.CodTipTab, R.CodTipTab, R.CodTab "
"LavSoft","","","","","","","Select M.*,N.*,C.CodCli,C.EndCli,C.NomCli"
"LavSoft","","","","","","","Select M.CodCli,"
"LavSoft","","","","","","","Select M.CodSerTer as Controle, M.DatLan as Data, "
"LavSoft","","","","","","","Select M.ROL, M.CODCLI, M.CODVEN, M.CODTAB, M.CODTIPSER, M.CODTIPENT , M.NUMGR, M.NUMOS, M.DATLAN, M.DATENT, M.VALTOT, M.TOTPECAS, M.POSICAO, M.NUMNOT, M.NUMNOTADI, M.UNIDADE, M.CODUSUARIO, M.DESCONTOROL, M.DESCONTOVALOR, M.CANCELADO, M.HORLAN, M.CODLOC, M.HORENT, M.SITROL, M.NUMNOTFIS, M.DATENTROL, M.HORENTROL, "
"LavSoft","","","","","","","Select M.ROL, M.DATLAN, M.DATENT, M.DATENTROL, M.POSICAO, M.HORLAN, M.HORENT, M.HORENTROL, M.NUMGR, M.NUMOS, M.CODCLI, M.CODVEN, M.CODCONF, M.CODTIPSER, M.CANCELADO, M.SITROL, M.CODCONF, M.VALTOT, M.UNIDADE, M.CODLOC, M.TOTPECAS, M.CODTAB, M.CENCUSCLI ,M.OBSROL, M.NUMNOTFIS, M.DESCONTOROL, M.DESCONTOVALOR, M.NUMNOT, M.NUMNOTADI,M.CODVENCAN"
"LavSoft","","","","","","","Select MC.DatPas,M.CodPro,MC.CodPas,Count (M.CodPro) as TotPecas"
"LavSoft","","","","","","","Select MC.DatPas,M.CodPro,MC.CodPas,M.Quantidade as TotPecas"
"LavSoft","","","","","","","select MovCab.RolOrc, MovCab.Rol, MovCab.DatLan, MovItem.CodPro, MovItem.FatPre01, MovItem.Quantidade from"
"LavSoft","","","","","","","select MovEstLan.Quantidade from"
"LavSoft","","","","","","","Select MV.CodVen, MV.ROL, GP.GruPro, MV.CodPro, MV.SeqPro, MV.Data, MV.CodFaiCom,MV.ValPro, FC.DesFaiCom, FC.TipFaiCom,FC.ValCom  MV.Taxa, MV.ValMat, MV.Quantidade,MV.ValFaiCom, MC.ROL,MC.Cancelado,MC.NumNotAdi,MC.NumNot,MC.ValTot, GP.DesGruPro,  C.NomCli"
"LavSoft","","","","","","","Select NumNot, DatEmi, Obs, ValNot From """
"LavSoft","","","","","","","Select NumNot, DatEmi, Obs, ValNot From "":"
"LavSoft","","","","","","","select OrcCab.RolOrc, OrcCab.Rol, OrcCab.DatLan, OrcItem.CodPro, OrcItem.FatPre01, OrcItem.Quantidade from"
"LavSoft","","","","","","","Select P.DesPro,M.CenCusCli,P.GruPro,I.Rol,I.CodPro,I.CodLoc,I.Obs,I.FatPre01,"
"LavSoft","","","","","","","Select Rol,CodPro,SeqPro, CodSerTer, Sum(ValorTerc) as Valor From "
"LavSoft","","","","","","","Select Rol,CodPro,SeqPro, Sum(PreFinal) as PreFinal From """
"LavSoft","","","","","","","Select Rol,CodPro,SeqPro, Sum(PreFinalSer) as PreFinal From """
"LavSoft","","","","","","","Select Rol,CodPro,SeqPro,CodSerTer,Identif,Quantidade, Sum(ValorTerc) as Valor From "
"LavSoft","","","","","","","Select Seq, Data, Valor, Cancelado From"
"LavSoft","","","","","","","Select Seq,CodPro From """
"LavSoft","","","","","","","Select Seq,CodPro,SeqPro From """
"LavSoft","","","","","","","Select SeqFin as Seq, Histor, TipLan as Tipo From"
"LavSoft","","","","","","","Select SeqRetira, CodCli, DatRet, HorRet, NomCli, Status, EndCli "
"LavSoft","","","","","","","Select Sum(I.Quantidade) as TotQde From """
"LavSoft","","","","","","","Select Sum(ValDup) as Total, CodCli From """
"LavSoft","","","","","","","Select Sum(ValDup) as Total, CodCli From "":"
"LavSoft","","","","","","","Select Sum(ValNot) as Total From "
"LavSoft","","","","","","","Select Sum(ValTot) as Total From """
"LavSoft","","","","","","","select T.CodFor, T.CodSerTer, T.DatBaixa, P.DesPro, P.ComForTer, P.TipoControle, F.NomFor, T.DatLan, M.DatEntRol, T.DatPrevEnt,CodPro,SeqPro,"
"LavSoft","","","","","","","select T.CodFor, T.CodSerTer, T.DatBaixa, P.DesPro, P.ComForTer, P.TipPagTer, P.TipoControle, F.NomFor, T.DatLan, M.DatEntRol, T.DatPrevEnt,CodPro,SeqPro,"
"LavSoft","","","","","","","select TabPro.CodTab, TabPro.CodPro, Produt.DesPro, TabPro.PreUniVen, TabProLim.QdeLim, TabProLim.QdeAcu, TabProLim.MesAno from"
"LavSoft","","","","","","","SelectClipRgn"
"LavSoft","","","","","","","SelectObject"
"LavSoft","","","","","","","SelectPalette"
"LavSoft","","","","","","","Session name missing1Cannot perform this operation on an open database2Cannot perform this operation on a closed database,Database handle owned by a different session0Cannot perform this operation on an open dataset1Cannot perform this operation on a closed dataset2Cannot perform this operation on an active session"
"LavSoft","","","","","","","Sistema Configurado com BD SQL, "
"LavSoft","","","","","","","SQL Directory""\software\borland\ReportSmith\3.00"
"LavSoft","","","","","","","SQL.Strings"
"LavSoft","","","","","","","SQLCompatible"
"LavSoft","","","","","","","StringFromCLSID"
"LavSoft","","","","","","","Table '%s' cannot be opened@The MasterSource property of '%s' must be linked to a DataSource%Unable to open the MasterSource Table/Grid requested to display more than 256 columns"
"LavSoft","","","","","","","TableName"
"LavSoft","","","","","","","TableNametSD"
"LavSoft","","","","","","","Tb_ClientesCidCli.FieldName"
"LavSoft","","","","","","","Tb_PromCadSelect"
"LavSoft","","","","","","","Tb_PromCadSelectAviso"
"LavSoft","","","","","","","Tb_PromCadSelectAviso$"
"LavSoft","","","","","","","Tb_PromCadSelectCancelado"
"LavSoft","","","","","","","Tb_PromCadSelectCancelado8"
"LavSoft","","","","","","","Tb_PromCadSelectCodProEnt"
"LavSoft","","","","","","","Tb_PromCadSelectCodProEnt("
"LavSoft","","","","","","","Tb_PromCadSelectCodProm"
"LavSoft","","","","","","","Tb_PromCadSelectDatCan"
"LavSoft","","","","","","","Tb_PromCadSelectDatCan<"
"LavSoft","","","","","","","Tb_PromCadSelectDatFimProm"
"LavSoft","","","","","","","Tb_PromCadSelectDatFimProm4"
"LavSoft","","","","","","","Tb_PromCadSelectDatIniProm"
"LavSoft","","","","","","","Tb_PromCadSelectDatIniProm0"
"LavSoft","","","","","","","Tb_PromCadSelectDesProm"
"LavSoft","","","","","","","Tb_PromCadSelectFatPreAbat"
"LavSoft","","","","","","","Tb_PromCadSelectFormaCred"
"LavSoft","","","","","","","Tb_PromCadSelectGruProEnt"
"LavSoft","","","","","","","Tb_PromCadSelectGruProEnt,"
"LavSoft","","","","","","","Tb_PromCadSelectLimite"
"LavSoft","","","","","","","Tb_PromCadSelectLimite "
"LavSoft","","","","","","","Tb_PromCadSelectMotivoCan"
"LavSoft","","","","","","","Tb_PromCadSelectMotivoCan@"
"LavSoft","","","","","","","Tb_PromCadSelectTipCred"
"LavSoft","","","","","","","TDataSet"
"LavSoft","","","","","","","TDataSetErrorEvent"
"LavSoft","","","","","","","TDataSetNotifyEvent"
"LavSoft","","","","","","","TDataSetUpdateObject"
"LavSoft","","","","","","","TDataSource"
"LavSoft","","","","","","","TDataSourceLink"
"LavSoft","","","","","","","TDBDataSet"
"LavSoft","","","","","","","TDBDataSetL"
"LavSoft","","","","","","","TFRM_PROCESSASQL"
"LavSoft","","","","","","","TQRLF_RelFreCliSQL"
"LavSoft","","","","","","","TSelectDateDlg"
"LavSoft","","","","","","","U_QRelFreCliSQL"
"LavSoft","","","","","","","UpdateSQL &Editor..."
"LavSoft","","","","","","","VerifAcumulosSQL"
"LavSoft","","","","","","","WindowFromPoint"
"LavFacilLan","","","","","",""," And (EXTRACT(MONTH FROM C.DatNas) ="
"LavFacilLan","","","","","",""," d.description AS REMARKS FROM pg_class c "
"LavFacilLan","","","","","",""," From "
"LavFacilLan","","","","","",""," From       """
"LavFacilLan","","","","","",""," From       "":"
"LavFacilLan","","","","","",""," From     """
"LavFacilLan","","","","","",""," From  """
"LavFacilLan","","","","","",""," from """
"LavFacilLan","","","","","",""," From "":"
"LavFacilLan","","","","","",""," FROM %s M"
"LavFacilLan","","","","","",""," FROM pg_catalog.pg_namespace n, pg_catalog.pg_class ct, pg_catalog.pg_class ci, pg_catalog.pg_attribute a, pg_catalog.pg_index i "
"LavFacilLan","","","","","",""," FROM pg_catalog.pg_namespace n, pg_catalog.pg_class ct, pg_catalog.pg_class ci, pg_catalog.pg_index i, pg_catalog.pg_attribute a, pg_catalog.pg_am am "
"LavFacilLan","","","","","",""," FROM pg_catalog.pg_namespace n, pg_catalog.pg_proc p  "
"LavFacilLan","","","","","",""," FROM pg_catalog.pg_namespace n1 JOIN pg_catalog.pg_class c1 ON (c1.relnamespace = n1.oid) JOIN pg_catalog.pg_index i ON (c1.oid=i.indrelid) JOIN pg_catalog.pg_class ic ON (i.indexrelid=ic.oid) JOIN pg_catalog.pg_attribute a ON (ic.oid=a.attrelid), pg_catalog.pg_namespace n2  JOIN pg_catalog.pg_class c2 ON (c2.relnamespace=n2.oid),  pg_catalog.pg_trigger t1 JOIN pg_catalog.pg_proc p1 ON (t1.tgfoid=p1.oid), pg_catalog.pg_trigger t2  JOIN pg_catalog.pg_proc p2 ON (t2.tgfoid=p2.oid) "
"LavFacilLan","","","","","",""," FROM pg_class c1 JOIN pg_index i ON (c1.oid=i.indrelid)  JOIN pg_class ic ON (i.indexrelid=ic.oid) JOIN pg_attribute a ON (ic.oid=a.attrelid), pg_class c2, pg_trigger t1  JOIN pg_proc p1 ON (t1.tgfoid=p1.oid), pg_trigger t2  JOIN pg_proc p2 ON (t2.tgfoid=p2.oid) "
"LavFacilLan","","","","","",""," FROM pg_class ct, pg_class ci, pg_attribute a, pg_index i "
"LavFacilLan","","","","","",""," FROM pg_class ct, pg_class ci, pg_index i, pg_attribute a, pg_am am "
"LavFacilLan","","","","","",""," FROM pg_proc p LEFT JOIN pg_description d ON (p.oid=d.objoid) "
"LavFacilLan","","","","","",""," FROM pg_proc p WHERE p.proname LIKE '"
"LavFacilLan","","","","","",""," FROM RDB$DATABASE"
"LavFacilLan","","","","","",""," NULL AS REMARKS FROM pg_class c WHERE true "
"LavFacilLan","","","","","",""," Select    MC.DatLan, MC.HorLan, MC.DatEnt, MC.NumOS, MC.SitRol, MC.NumNot, MC.Cancelado, MC.Posicao,   CP.Rol, CP.CodPro, CP.CodVenEst, CP.DatEst, CP.HorEst,CP.Situacao,CP.DatEst,    PD.DesPro,    MI.Identif, MI.CodLoc,    CL.NomCli,                VE.NomVen, VE.CodVen"
"LavFacilLan","","","","","",""," Select    MC.Rol, MC.Posicao, MC.DatLan, MC.DatEntRol, MC.DatEnt, MC.Unidade, MC.NumOS, MC.NumGR, MC.CodTab,   MC.ValTot, MC.DescontoROL, MC.DescontoValor,   MC.CodLoc as CodLocRol, MC.CodVen, MC.SitRol, MC.CodCli, MC.HorEnt, MC.CodTipEnt, MC.CenCusCli,   MI.Rol, MI.CodPro,  MI.SeqPro, MI.CodCor, MI.CodDef, MI.Identif, MI.Quantidade, MI.PreUniVen, MI.PreFinal, MI.Peso, MI.Obs,    CP.Rol, CP.CodPro, CP.SeqPro, CP.Situacao, CP.CodLoc as CodLocPec, CP.NumNot as NumNotPec,    CL.Roteiro, CL.CodEmpree, CL.BaiCli, CL.CepCli, CL.NomCli, CL.CodCli, CL.EndCli, CL.EndEntCli,    CO.CodCor, CO.DesCor,    TP.CodTab, TP.DesTab, TP.CodTipTab,    CV.CodVen, CV.NomVen,    PD.CodPro, PD.DesPro, PD.TipoControle,    MS.Rol, MS.CodPro,MS.SeqPro, MS.CodSerLav, MS.Obs, MS.Peso as PesoSer, MS.Quantidade as QtdSer,    SL.CodSerLav, SL.DesSerLav "
"LavFacilLan","","","","","",""," Select    MC.Rol,MC.DatLan, MC.HorLan, MC.DatEnt, MC.NumOS, MC.SitRol, MC.NumNot, MC.Cancelado, MC.Posicao"
"LavFacilLan","","","","","",""," SELECT a.RDB$RELATION_NAME, a.RDB$FIELD_NAME, a.RDB$FIELD_POSITION, a.RDB$NULL_FLAG, a.RDB$DEFAULT_VALUE, b. RDB$FIELD_LENGTH, b.RDB$FIELD_SCALE, c.RDB$TYPE_NAME, b.RDB$FIELD_TYPE, b.RDB$FIELD_SUB_TYPE, b.RDB$DESCRIPTION, b.RDB$CHARACTER_LENGTH, b.RDB$FIELD_PRECISION, a.RDB$DEFAULT_SOURCE, b.RDB$DEFAULT_SOURCE as RDB$DEFAULT_SOURCE_DOMAIN FROM RDB$RELATION_FIELDS a JOIN RDB$FIELDS b ON (b.RDB$FIELD_NAME = a.RDB$FIELD_SOURCE) LEFT JOIN RDB$TYPES c ON (b.RDB$FIELD_TYPE = c.RDB$TYPE and c.RDB$FIELD_NAME = 'RDB$FIELD_TYPE')"
"LavFacilLan","","","","","",""," Select DF.CodDef, DF.DesDef, DG.CodDef, DG.GruPro "
"LavFacilLan","","","","","",""," Select FP.CodFatPre, FC.DesFatPre"
"LavFacilLan","","","","","",""," Select FP.CodFatPre, FP.DesFatPre, FG.CodFatPre, FG.GruPro "
"LavFacilLan","","","","","",""," SELECT I.RDB$RELATION_NAME, I.RDB$UNIQUE_FLAG, I.RDB$INDEX_NAME, ISGMT.RDB$FIELD_POSITION,"
"LavFacilLan","","","","","",""," Select LP.DatLan, LP.CodSerLav, LP.QdePonLan,         MC.Rol, MC.TotPecas"
"LavFacilLan","","","","","",""," SELECT M.Rol, C.NomCli, M.DatLan, M.%s as OS"
"LavFacilLan","","","","","",""," Select MA.CodMar, MA.DesMar, MA.Cancelado, MG.CodMar, MG.GruPro "
"LavFacilLan","","","","","",""," SELECT NULL AS TABLE_CAT, n.nspname AS TABLE_SCHEM, c.relname AS TABLE_NAME,   CASE (n.nspname LIKE 'pg\\_%')   OR (n.nspname='information_schema') WHEN true THEN CASE n.nspname    WHEN 'pg_catalog' THEN CASE c.relkind      WHEN 'r' THEN 'SYSTEM TABLE'     WHEN 'v' THEN 'SYSTEM VIEW'      WHEN 'i' THEN 'SYSTEM INDEX'      ELSE NULL    END    WHEN 'information_schema' THEN CASE c.relkind      WHEN 'r' THEN 'SYSTEM TABLE'     WHEN 'v' THEN 'SYSTEM VIEW'      WHEN 'i' THEN 'SYSTEM INDEX'      ELSE NULL    END    WHEN 'pg_toast' THEN CASE c.relkind      WHEN 'r' THEN 'SYSTEM TOAST TABLE'      WHEN 'i' THEN 'SYSTEM TOAST INDEX'      ELSE NULL    END    ELSE CASE c.relkind "
"LavFacilLan","","","","","",""," SELECT null as TABLE_CAT, null as TABLE_SCHEM, a.RDB$RELATION_NAME as TABLE_NAME, b.RDB$FIELD_NAME as COLUMN_NAME, b.RDB$FIELD_POSITION+1 as KEY_SEQ, a.RDB$INDEX_NAME as PK_NAME FROM RDB$RELATION_CONSTRAINTS a JOIN RDB$INDEX_SEGMENTS b ON (a.RDB$INDEX_NAME = b.RDB$INDEX_NAME) WHERE  RDB$CONSTRAINT_TYPE = 'PRIMARY KEY'"
"LavFacilLan","","","","","",""," SELECT P.RDB$PROCEDURE_NAME, PP.RDB$PARAMETER_NAME, PP.RDB$PARAMETER_TYPE, F.RDB$FIELD_TYPE, F.RDB$FIELD_SUB_TYPE, F.RDB$FIELD_SCALE, F.RDB$FIELD_LENGTH, F.RDB$NULL_FLAG, PP.RDB$DESCRIPTION, F.RDB$FIELD_PRECISION, F.RDB$NULL_FLAG  FROM RDB$PROCEDURES P JOIN RDB$PROCEDURE_PARAMETERS PP ON P.RDB$PROCEDURE_NAME = PP.RDB$PROCEDURE_NAME  JOIN RDB$FIELDS F ON PP.RDB$FIELD_SOURCE = F.RDB$FIELD_NAME "
"LavFacilLan","","","","","",""," SELECT P.RDB$PROCEDURE_NAME, PP.RDB$PARAMETER_NAME, PP.RDB$PARAMETER_TYPE, F.RDB$FIELD_TYPE, F.RDB$FIELD_SUB_TYPE, F.RDB$FIELD_SCALE, F.RDB$FIELD_LENGTH, F.RDB$NULL_FLAG, PP.RDB$DESCRIPTION, F.RDB$FIELD_SCALE as RDB$FIELD_PRECISION, F.RDB$NULL_FLAG FROM RDB$PROCEDURES P JOIN RDB$PROCEDURE_PARAMETERS PP ON P.RDB$PROCEDURE_NAME=PP.RDB$PROCEDURE_NAME JOIN RDB$FIELDS F ON PP.RDB$FIELD_SOURCE=F.RDB$FIELD_NAME "
"LavFacilLan","","","","","",""," SELECT RC_PRIM.RDB$RELATION_NAME,  IS_PRIM.RDB$FIELD_NAME,  RC_FOR.RDB$RELATION_NAME,  IS_FOR.RDB$FIELD_NAME,  IS_FOR.RDB$FIELD_POSITION,  REFC_PRIM.RDB$UPDATE_RULE,  REFC_PRIM.RDB$DELETE_RULE,  RC_FOR.RDB$CONSTRAINT_NAME,  RC_PRIM.RDB$CONSTRAINT_NAME  FROM RDB$RELATION_CONSTRAINTS RC_FOR, RDB$REF_CONSTRAINTS REFC_FOR,  RDB$RELATION_CONSTRAINTS RC_PRIM, RDB$REF_CONSTRAINTS REFC_PRIM,  RDB$INDEX_SEGMENTS IS_PRIM, RDB$INDEX_SEGMENTS IS_FOR  WHERE RC_PRIM.RDB$CONSTRAINT_TYPE = 'PRIMARY KEY' and "
"LavFacilLan","","","","","",""," SELECT RDB$TYPE, RDB$TYPE_NAME FROM RDB$TYPES  WHERE RDB$FIELD_NAME = 'RDB$FIELD_TYPE' "
"LavFacilLan","","","","","",""," SELECT Rol FROM MovCab M WHERE"
"LavFacilLan","","","","","",""," SELECT t.typlen FROM pg_catalog.pg_type t, pg_catalog.pg_namespace n WHERE t.typnamespace=n.oid AND t.typname='name' AND n.nspname='pg_catalog' "
"LavFacilLan","","","","","",""," SELECT t1.typlen/t2.typlen FROM "
"LavFacilLan","","","","","",""," SELECT typlen FROM pg_type WHERE typname='name' "
"LavFacilLan","","","","","",""," SELECT typname FROM pg_catalog.pg_type "
"LavFacilLan","","","","","",""," SELECT typname FROM pg_type "
"LavFacilLan","","","","","",""," The SQL: %s; "
"LavFacilLan","","","","","",""," Where C.Email = ( Select E.Email From "
"LavFacilLan","","","","","","","_QPixmap_convertFromImage"
"LavFacilLan","","","","","","","_QWidget_mapFromGlobal"
"LavFacilLan","","","","","","","- 01 TmpSQL"
"LavFacilLan","","","","","","","-Select * From ""C:\EquipExe\Lav\Filial\MovCab"""
"LavFacilLan","","","","","","","-Select * From ""S:\EquipExe\Lav\Filial\MovCab"""
"LavFacilLan","","","","","","","-ZDbcSqLiteResultSet"
"LavFacilLan","","","","","","",",from   ""c:\EquipExe\Lav\Filial\movcab""    M,"
"LavFacilLan","","","","","","",",insert,update,delete,select,drop,create,from,set,values,where,order,group,by,having,into,as,table,index,primary,key,on,is,null,char,varchar,integer,number,"
"LavFacilLan","","","","","","","!IBSQLMonitor"
"LavFacilLan","","","","","","","!MSSQL TransIsolation=ReadCommited"
"LavFacilLan","","","","","","","!No Stored Procedure Name assigned<use ExecProc for Procedure; use TQuery for Select procedures"
"LavFacilLan","","","","","","","'from   ""c:\EquipExe\Lav\Filial\Notas""N,"
"LavFacilLan","","","","","","","'ZDbcSqLiteStatement"
"LavFacilLan","","","","","","","""SqlConst"
"LavFacilLan","","","","","","","""SQLPASSTHRU MODE=SHARED AUTOCOMMIT"
"LavFacilLan","","","","","","",") From """
"LavFacilLan","","","","","","",")from   ""c:\EquipExe\Pag\Filial\Titulos"" T"
"LavFacilLan","","","","","","","[ZPlainPostgreSqlDriver"
"LavFacilLan","","","","","","","]ddUOGSJFromxvtutssqnlkhhhefecdcaba^a`^gedljiljiklj,kj9lknjgQMG!"
"LavFacilLan","","","","","","","*Can't write to a read-only resource streamECheckSynchronize called from thread $%x, which is NOT the main thread"
"LavFacilLan","","","","","","","*from   ""c:\EquipExe\Lav\Filial\MovItem"" I,"
"LavFacilLan","","","","","","","*from   ""c:\EquipExe\Rec\Filial\Duplicat"" D"
"LavFacilLan","","","","","","","*Select*From""C:\EquipExe\Lav\Filial\MovCab"""
"LavFacilLan","","","","","","","*ZSqLiteToken"
"LavFacilLan","","","","","","","/Select * From ""C:\EquipExe\Lav\Dados\TabPro"" T,"
"LavFacilLan","","","","","","","0Select * From ""C:\Equipexe\Ger\Dados\Clientes"" C"
"LavFacilLan","","","","","","","1Select * From 'c:\Equipexe\Lav\Filial\MovItem' I,"
"LavFacilLan","","","","","","","4You must be in ShowCheckbox mode to set to this date#Failed to set calendar date or time%Failed to set maximum selection range$Failed to set calendar min/max range%Failed to set calendar selected range"
"LavFacilLan","","","","","","","6ZSqLiteAnalyser"
"LavFacilLan","","","","","","","7This version is not is no supported isc_encode_sql_date7This version is not is no supported isc_encode_sql_time<This version is not is no supported isc_encode_sql_timestamp7This version is not is no supported isc_decode_sql_date7This version is not is no supported isc_decode_sql_time<This version is not is no supported isc_decode_sql_timestamp"
"LavFacilLan","","","","","","","9ZDbcMySqlMetadata"
"LavFacilLan","","","","","","","a - Fim do SQL"
"LavFacilLan","","","","","","","a - Inicio SQL"
"LavFacilLan","","","","","","","ALL,AND,AS,BETWEEN,BY,CASE,CHECK,COLLATE,COMMIT,CONSTRAINT,CREATE,DEFAULT,DEFERRABLE,DELETE,DISTINCT,DROP,ELSE,EXCEPT,FOREIGN,FROM,GLOB,GROUP,HAVING,IN,INDEX,INSERT,INTERSECT,INTO,IS,ISNULL,JOIN,LIKE,LIMIT,NOT,NOTNULL,NULL,ON,OR,ORDER,PRIMARY,REFERENCES,ROLLBACK,SELECT,SET,TABLE,THEN,TRANSACTION,UNION,UNIQUE,UPDATE,USING,VALUES,WHEN,WHERE,ABORT,AFTER,ASC,ATTACH,BEFORE,BEGIN,DEFERRED,CASCADE,CLUSTER,CONFLICT,COPY,CROSS,DATABASE,DELIMITERS,DESC,DETACH,EACH,END,EXPLAIN,FAIL,FOR,FULL,IGNORE,IMMEDIATE,INITIALLY,INNER,INSTEAD,KEY,LEFT,MATCH,NATURAL,OF,OFFSET,OUTER,PRAGMA,RAISE,REPLACE,RESTRICT,RIGHT,ROW,STATEMENT,TEMP,TEMPORARY,TRIGGER,VACUUM,VIEW"
"LavFacilLan","","","","","","","Auto Select"
"LavFacilLan","","","","","","","AutoSelect"
"LavFacilLan","","","","","","","AutoSelect@"
"LavFacilLan","","","","","","","AutoSelectX"
"LavFacilLan","","","","","","","AvailableDatasets"
"LavFacilLan","","","","","","","AvailableDatasetsClick"
"LavFacilLan","","","","","","","BDE error $%.4x3Unable to use duplicate DataSource and LookupSource2LookupSource must be connected to TTable component"
"LavFacilLan","","","","","","","C:\Temp\Sql.txt"
"LavFacilLan","","","","","","","Can not connect to SQL server"
"LavFacilLan","","","","","","","Can not open a ResultSet Datasource makes a circular link"
"LavFacilLan","","","","","","","Cannot drag a form""An error returned from DDE  ($0%x)/DDE Error - conversation not established ($0%x)0Error occurred when DDE ran out of memory ($0%x)""Unable to connect DDE conversation"
"LavFacilLan","","","","","","","cdsSelected"
"LavFacilLan","","","","","","","ChildWindowFromPoint"
"LavFacilLan","","","","","","","CLSIDFromProgID"
"LavFacilLan","","","","","","","Column lists do not match8Column types don't match. (From index: %d; To index: %d)_Can't end a shared transaction unless it is forced and equal to the transaction's TimeoutAction"
"LavFacilLan","","","","","","","crSQLWait"
"LavFacilLan","","","","","","","cZPlainPostgreSql72"
"LavFacilLan","","","","","","","DatabaseName"
"LavFacilLan","","","","","","","DataSet"
"LavFacilLan","","","","","","","Dataset closed"
"LavFacilLan","","","","","","","Dataset open"
"LavFacilLan","","","","","","","DataSetField"
"LavFacilLan","","","","","","","DataSetFieldT2K"
"LavFacilLan","","","","","","","DataSource"
"LavFacilLan","","","","","","","DataSource cannot be changed*Nested datasets cannot have a MasterSource0Cannot perform this operation on an open dataset""Dataset not in edit or insert mode1Cannot perform this operation on a closed dataset1Cannot perform this operation on an empty dataset!Cannot modify a read-only dataset#Nested dataset must inherit from %s(Filter expression incorrectly terminated"
"LavFacilLan","","","","","","","DataSource1"
"LavFacilLan","","","","","","","DataSourceT2K"
"LavFacilLan","","","","","","","DAYOFWEEK,WEEKDAY,DAYOFMONTH,DAYOFYEAR,MONTH,DAYNAME,MONTHNAME,QUARTER,WEEK,YEAR,HOUR,MINUTE,SECOND,PERIOD_ADD,PERIOD_DIFF,TO_DAYS,FROM_DAYS,DATE_FORMAT,TIME_FORMAT,CURDATE,CURRENT_DATE,CURTIME,CURRENT_TIME,NOW,SYSDATE,CURRENT_TIMESTAMP,UNIX_TIMESTAMP,FROM_UNIXTIME,SEC_TO_TIME,TIME_TO_SEC"
"LavFacilLan","","","","","","","dbsqlexec"
"LavFacilLan","","","","","","","dbsqlok"
"LavFacilLan","","","","","","","dbsqlsend"
"LavFacilLan","","","","","","","Delete all selected records?"
"LavFacilLan","","","","","","","Delete all selected records?%Operation not allowed in a DBCtrlGrid&Control cannot be used in a DBCtrlGrid(Property already defined by lookup field/Grid requested to display more than 256 columns"
"LavFacilLan","","","","","","","Delete From """
"LavFacilLan","","","","","","","Delete From "":"
"LavFacilLan","","","","","","","DELETE FROM %s"
"LavFacilLan","","","","","","","Delete From dbCadFpgData Where (Not (CodFpg is null))"
"LavFacilLan","","","","","","","Delete From dbClientesCompData Where (Not CodCli is null) or (Not(CodCli=""""))"
"LavFacilLan","","","","","","","Delete From dbClientesData Where (Not (CodCli is null)) or (Not(CodCli=""""))"
"LavFacilLan","","","","","","","Delete From dbCoresData Where (Not (CodCor is null))"
"LavFacilLan","","","","","","","Delete From dbDefeitoData Where (Not (CodDef is null))"
"LavFacilLan","","","","","","","Delete From dbMovCabData Where (Not (NumOS is null))"
"LavFacilLan","","","","","","","Delete From dbMovItemCorData Where (Not (NumOS is null))"
"LavFacilLan","","","","","","","Delete From dbMovItemData Where (Not (NumOS is null))"
"LavFacilLan","","","","","","","Delete From dbMovItemDefData Where (Not (NumOS is null))"
"LavFacilLan","","","","","","","Delete From dbMovItemSerData Where (Not (NumOS is null))"
"LavFacilLan","","","","","","","Delete From dbNotasData Where (Not (NumNot is null))"
"LavFacilLan","","","","","","","Delete From dbNotCompData Where (Not (NumNot is null))"
"LavFacilLan","","","","","","","Delete From dbRolsAbertoData Where (Not (CodCli is null)) or (Not(CodCli=""""))"
"LavFacilLan","","","","","","","Delete From dbTabCliData Where (Not (CodCli is null))"
"LavFacilLan","","","","","","","Delete From dbTabProData Where (Not (CodTab is null)) or (Not(CodTab=""""))"
"LavFacilLan","","","","","","","Delete From dbTabProSerData Where (Not (CodTab is null)) or (Not(CodTab=""""))"
"LavFacilLan","","","","","","","DeleteSQL"
"LavFacilLan","","","","","","","dgAlwaysShowSelection"
"LavFacilLan","","","","","","","dgMultiSelect"
"LavFacilLan","","","","","","","dgRowSelect"
"LavFacilLan","","","","","","","DISCONNECT FROM ""%s"""
"LavFacilLan","","","","","","","Docked control must have a name%Error removing control from dock tree"
"LavFacilLan","","","","","","","DriverName=MSSQL"
"LavFacilLan","","","","","","","dsSelected"
"LavFacilLan","","","","","","","ELSE NULL    END  END  WHEN false THEN CASE c.relkind    WHEN 'r' THEN 'TABLE'    WHEN 'i' THEN 'INDEX'    WHEN 'S' THEN 'SEQUENCE'    WHEN 'v' THEN 'VIEW'    ELSE NULL  END  ELSE NULL  END  AS TABLE_TYPE, d.description AS REMARKS  FROM pg_catalog.pg_namespace n, pg_catalog.pg_class c  LEFT JOIN pg_catalog.pg_description d ON (c.oid = d.objoid AND d.objsubid = 0)  LEFT JOIN pg_catalog.pg_class dc ON (d.classoid=dc.oid AND dc.relname='pg_class') LEFT JOIN pg_catalog.pg_namespace dn ON (dn.oid=dc.relnamespace AND dn.nspname='pg_catalog')  WHERE c.relnamespace = n.oid "
"LavFacilLan","","","","","","","Empty query3Cannot ""open"" a non-select statement. Use ExecQuery"
"LavFacilLan","","","","","","","Empty SQL Statement"
"LavFacilLan","","","","","","","Error creating cursor handle/ReferenceTableName not specified for field '%s'8Cannot use array of Field values with Expression Indices"
"LavFacilLan","","","","","","","Error loading MIDAS.DLL)No fields defined.  Cannot create dataset+Connection not allowed to TConnectionBroker ParentConnection is not assigned""Record or field constraint failed."
"LavFacilLan","","","","","","","Execute not supported: %sfField '%s' is not the correct type of calculated field to be used in an aggregate, use an internalcalc1Operation not allowed on a unidirectional dataset"
"LavFacilLan","","","","","","","ExtendedSelect"
"LavFacilLan","","","","","","","ExtendedSelect0"
"LavFacilLan","","","","","","","ExtSelectClipRgn"
"LavFacilLan","","","","","","","eZPlainMySql320"
"LavFacilLan","","","","","","","EZSQLException"
"LavFacilLan","","","","","","","EZSQLThrowable"
"LavFacilLan","","","","","","","Field '%s' has no dataset1Field '%s' cannot be a calculated or lookup field"
"LavFacilLan","","","","","","","FieldName"
"LavFacilLan","","","","","","","Fieldname %s exceeds %d chars"
"LavFacilLan","","","","","","","FileIconsSelectItem"
"LavFacilLan","","","","","","","Filtros - Gera SQL"
"LavFacilLan","","","","","","","Finalize SQLite VM"
"LavFacilLan","","","","","","","FROM"
"LavFacilLan","","","","","","","From "
"LavFacilLan","","","","","","","FROM   ':"
"LavFacilLan","","","","","","","From   """
"LavFacilLan","","","","","","","From   "":"
"LavFacilLan","","","","","","","From  """
"LavFacilLan","","","","","","","From  "":"
"LavFacilLan","","","","","","","FROM '"
"LavFacilLan","","","","","","","from """
"LavFacilLan","","","","","","","From "":"
"LavFacilLan","","","","","","","From MovCab M Left Join "
"LavFacilLan","","","","","","","FromDictionary"
"LavFacilLan","","","","","","","FromED"
"LavFacilLan","","","","","","","FromIndex"
"LavFacilLan","","","","","","","FromLabel"
"LavFacilLan","","","","","","","FromPage"
"LavFacilLan","","","","","","","ftDataSet"
"LavFacilLan","","","","","","","gdSelected"
"LavFacilLan","","","","","","","GetFirstSelection"
"LavFacilLan","","","","","","","getSQLDriverMSSQL"
"LavFacilLan","","","","","","","goDrawFocusSelected"
"LavFacilLan","","","","","","","GravaComSql"
"LavFacilLan","","","","","","","GravaComSqlPag"
"LavFacilLan","","","","","","","GravaItemComSql"
"LavFacilLan","","","","","","","HideSelection"
"LavFacilLan","","","","","","","IB.SQL.MONITOR.Mutex4_1"
"LavFacilLan","","","","","","","IB.SQL.MONITOR.ReadEvent4_1"
"LavFacilLan","","","","","","","IB.SQL.MONITOR.ReadFinishedEvent4_1"
"LavFacilLan","","","","","","","IB.SQL.MONITOR.SharedMem4_1"
"LavFacilLan","","","","","","","IB.SQL.MONITOR.WriteEvent4_1"
"LavFacilLan","","","","","","","IB.SQL.MONITOR.WriteFinishedEvent4_1"
"LavFacilLan","","","","","","","IBCustomDataSet"
"LavFacilLan","","","","","","","IBSQL Closed"
"LavFacilLan","","","","","","","IBSQL Open"
"LavFacilLan","","","","","","","If you load database from file, existing memory database will be cleared!"
"LavFacilLan","","","","","","","IHelpSelector"
"LavFacilLan","","","","","","","ILsqLf"
"LavFacilLan","","","","","","","IndexFieldNames"
"LavFacilLan","","","","","","","InsertSQL"
"LavFacilLan","","","","","","","Invalid format type for BCD$Could not parse SQL TimeStamp string"
"LavFacilLan","","","","","","","Invalid ImageList Index)Failed to read ImageList data from stream(Failed to write ImageList data to stream"
"LavFacilLan","","","","","","","Invalid SQL date/time values"
"LavFacilLan","","","","","","","isc_decode_sql_date"
"LavFacilLan","","","","","","","isc_decode_sql_time"
"LavFacilLan","","","","","","","isc_dpb_set_db_sql_dialect"
"LavFacilLan","","","","","","","isc_dpb_sql_dialect"
"LavFacilLan","","","","","","","isc_dpb_sql_role_name"
"LavFacilLan","","","","","","","isc_dsql_alloc_statement2"
"LavFacilLan","","","","","","","isc_dsql_allocate_statement"
"LavFacilLan","","","","","","","isc_dsql_describe"
"LavFacilLan","","","","","","","isc_dsql_describe_bind"
"LavFacilLan","","","","","","","isc_dsql_execute"
"LavFacilLan","","","","","","","isc_dsql_execute_immediate"
"LavFacilLan","","","","","","","isc_dsql_execute2"
"LavFacilLan","","","","","","","isc_dsql_fetch"
"LavFacilLan","","","","","","","isc_dsql_free_statement"
"LavFacilLan","","","","","","","isc_dsql_prepare"
"LavFacilLan","","","","","","","isc_dsql_set_cursor_name"
"LavFacilLan","","","","","","","isc_dsql_sql_info"
"LavFacilLan","","","","","","","isc_encode_sql_date"
"LavFacilLan","","","","","","","isc_encode_sql_time"
"LavFacilLan","","","","","","","isc_sql_interprete"
"LavFacilLan","","","","","","","isc_sqlcode"
"LavFacilLan","","","","","","","ISGMT.RDB$FIELD_NAME, I.RDB$INDEX_TYPE, I.RDB$SEGMENT_COUNT, COUNT (DISTINCT P.RDB$PAGE_NUMBER)  FROM RDB$INDICES I JOIN RDB$INDEX_SEGMENTS ISGMT ON I.RDB$INDEX_NAME = ISGMT.RDB$INDEX_NAME JOIN RDB$RELATIONS R ON (R.RDB$RELATION_NAME = I.RDB$RELATION_NAME) JOIN RDB$PAGES P ON (P.RDB$RELATION_ID = R.RDB$RELATION_ID AND P.RDB$PAGE_TYPE = 7 OR P.RDB$PAGE_TYPE = 6) WHERE "
"LavFacilLan","","","","","","","ISQLConnection"
"LavFacilLan","","","","","","","ISQLDriver"
"LavFacilLan","","","","","","","ISQLMetaData"
"LavFacilLan","","","","","","","isSelected"
"LavFacilLan","","","","","","","IZDbcSqLite"
"LavFacilLan","","","","","","","IZMySQLPlainDriver"
"LavFacilLan","","","","","","","IZParamsSQLDA"
"LavFacilLan","","","","","","","IZPostgreSQLPlainDriver"
"LavFacilLan","","","","","","","IZResultSQLDA"
"LavFacilLan","","","","","","","IZSQLDA"
"LavFacilLan","","","","","","","IZSQLitePlainDriver"
"LavFacilLan","","","","","","","KZDbcMySqlStatement"
"LavFacilLan","","","","","","","LAST_INSERT_ROWID,SQLITE_VERSION,TYPEOF"
"LavFacilLan","","","","","","","libmysql320.dll"
"LavFacilLan","","","","","","","libmysql323.dll"
"LavFacilLan","","","","","","","libmysql40.dll"
"LavFacilLan","","","","","","","libmysql41.dll"
"LavFacilLan","","","","","","","LookupDataSet"
"LavFacilLan","","","","","","","MaxSelectRange"
"LavFacilLan","","","","","","","method not supported$Insufficient data for Content-Length&Error reading from Mime Request Stream"
"LavFacilLan","","","","","","","Missing DataSetField property"
"LavFacilLan","","","","","","","Missing TableName property"
"LavFacilLan","","","","","","","ModifySQL"
"LavFacilLan","","","","","","","MonitorFromPoint"
"LavFacilLan","","","","","","","MonitorFromRect"
"LavFacilLan","","","","","","","MonitorFromWindow"
"LavFacilLan","","","","","","","MOrder QuickReport 3.0 Professional or download free updates from our web site"
"LavFacilLan","","","","","","","MoveSelected"
"LavFacilLan","","","","","","","MS SQL"
"LavFacilLan","","","","","","","MSDASQL"
"LavFacilLan","","","","","","","MSDASQL.1"
"LavFacilLan","","","","","","","mssql"
"LavFacilLan","","","","","","","MultiSelect"
"LavFacilLan","","","","","","","mysql"
"LavFacilLan","","","","","","","mysql_add_slave"
"LavFacilLan","","","","","","","mysql_affected_rows"
"LavFacilLan","","","","","","","mysql_change_user"
"LavFacilLan","","","","","","","mysql_character_set_name"
"LavFacilLan","","","","","","","mysql_close"
"LavFacilLan","","","","","","","mysql_connect"
"LavFacilLan","","","","","","","mysql_create_db"
"LavFacilLan","","","","","","","mysql_data_seek"
"LavFacilLan","","","","","","","mysql_debug"
"LavFacilLan","","","","","","","mysql_disable_reads_from_master"
"LavFacilLan","","","","","","","mysql_disable_rpl_parse"
"LavFacilLan","","","","","","","mysql_drop_db"
"LavFacilLan","","","","","","","mysql_dump_debug_info"
"LavFacilLan","","","","","","","mysql_enable_reads_from_master"
"LavFacilLan","","","","","","","mysql_enable_rpl_parse"
"LavFacilLan","","","","","","","mysql_eof"
"LavFacilLan","","","","","","","mysql_errno"
"LavFacilLan","","","","","","","mysql_error"
"LavFacilLan","","","","","","","mysql_escape_string"
"LavFacilLan","","","","","","","mysql_fetch_field"
"LavFacilLan","","","","","","","mysql_fetch_field_direct"
"LavFacilLan","","","","","","","mysql_fetch_fields"
"LavFacilLan","","","","","","","mysql_fetch_lengths"
"LavFacilLan","","","","","","","mysql_fetch_row"
"LavFacilLan","","","","","","","mysql_field_count"
"LavFacilLan","","","","","","","mysql_field_seek"
"LavFacilLan","","","","","","","mysql_field_tell"
"LavFacilLan","","","","","","","mysql_free_result"
"LavFacilLan","","","","","","","mysql_get_client_info"
"LavFacilLan","","","","","","","mysql_get_client_version"
"LavFacilLan","","","","","","","mysql_get_host_info"
"LavFacilLan","","","","","","","mysql_get_proto_info"
"LavFacilLan","","","","","","","mysql_get_server_info"
"LavFacilLan","","","","","","","mysql_get_server_version"
"LavFacilLan","","","","","","","mysql_info"
"LavFacilLan","","","","","","","mysql_init"
"LavFacilLan","","","","","","","mysql_insert_id"
"LavFacilLan","","","","","","","mysql_kill"
"LavFacilLan","","","","","","","mysql_list_dbs"
"LavFacilLan","","","","","","","mysql_list_fields"
"LavFacilLan","","","","","","","mysql_list_processes"
"LavFacilLan","","","","","","","mysql_list_tables"
"LavFacilLan","","","","","","","mysql_manager_close"
"LavFacilLan","","","","","","","mysql_manager_command"
"LavFacilLan","","","","","","","mysql_manager_connect"
"LavFacilLan","","","","","","","mysql_manager_fetch_line"
"LavFacilLan","","","","","","","mysql_manager_init"
"LavFacilLan","","","","","","","mysql_master_query"
"LavFacilLan","","","","","","","mysql_master_send_query"
"LavFacilLan","","","","","","","mysql_num_fields"
"LavFacilLan","","","","","","","mysql_num_rows"
"LavFacilLan","","","","","","","mysql_options"
"LavFacilLan","","","","","","","mysql_ping"
"LavFacilLan","","","","","","","mysql_query"
"LavFacilLan","","","","","","","mysql_read_query_result"
"LavFacilLan","","","","","","","mysql_reads_from_master_enabled"
"LavFacilLan","","","","","","","mysql_real_connect"
"LavFacilLan","","","","","","","mysql_real_escape_string"
"LavFacilLan","","","","","","","mysql_real_query"
"LavFacilLan","","","","","","","mysql_refresh"
"LavFacilLan","","","","","","","mysql_row_seek"
"LavFacilLan","","","","","","","mysql_row_tell"
"LavFacilLan","","","","","","","mysql_rpl_parse_enabled"
"LavFacilLan","","","","","","","mysql_rpl_probe"
"LavFacilLan","","","","","","","mysql_rpl_query_type"
"LavFacilLan","","","","","","","mysql_select_db"
"LavFacilLan","","","","","","","mysql_send_query"
"LavFacilLan","","","","","","","mysql_server_end"
"LavFacilLan","","","","","","","mysql_server_init"
"LavFacilLan","","","","","","","mysql_set_master"
"LavFacilLan","","","","","","","mysql_set_server_option"
"LavFacilLan","","","","","","","mysql_shutdown"
"LavFacilLan","","","","","","","mysql_slave_query"
"LavFacilLan","","","","","","","mysql_slave_send_query"
"LavFacilLan","","","","","","","mysql_sqlstate"
"LavFacilLan","","","","","","","mysql_ssl_set"
"LavFacilLan","","","","","","","mysql_stat"
"LavFacilLan","","","","","","","mysql_store_result"
"LavFacilLan","","","","","","","mysql_thread_end"
"LavFacilLan","","","","","","","mysql_thread_id"
"LavFacilLan","","","","","","","mysql_thread_init"
"LavFacilLan","","","","","","","mysql_thread_safe"
"LavFacilLan","","","","","","","mysql_use_result"
"LavFacilLan","","","","","","","mysql_warning_count"
"LavFacilLan","","","","","","","mysql-3.20"
"LavFacilLan","","","","","","","mysql-3.23"
"LavFacilLan","","","","","","","mysql-4.0"
"LavFacilLan","","","","","","","mysql-4.1"
"LavFacilLan","","","","","","","mysql01.lavsoft.com.br"
"LavFacilLan","","","","","","","mZDbcMySql"
"LavFacilLan","","","","","","","Native dblib driver for MS SQL 7+"
"LavFacilLan","","","","","","","Native Plain Driver for MySQL 3.20+"
"LavFacilLan","","","","","","","Native Plain Driver for MySQL 3.23+"
"LavFacilLan","","","","","","","Native Plain Driver for MySQL 4.0+"
"LavFacilLan","","","","","","","Native Plain Driver for MySQL 4.1+"
"LavFacilLan","","","","","","","Native Plain Driver for PostgreSQL 6.5+"
"LavFacilLan","","","","","","","Native Plain Driver for PostgreSQL 7.2+"
"LavFacilLan","","","","","","","Native Plain Driver for PostgreSQL 7.3+"
"LavFacilLan","","","","","","","Native Plain Driver for PostgreSQL 7.4+"
"LavFacilLan","","","","","","","Native Plain Driver for SQLite 2.8"
"LavFacilLan","","","","","","","NBioAPI_GetFIRFromHandle"
"LavFacilLan","","","","","","","NBioAPI_GetHeaderFromHandle"
"LavFacilLan","","","","","","","NBioAPI_GetTextFIRFromHandle"
"LavFacilLan","","","","","","","NBioAPI_IdentifyDataFromIndexSearchDB"
"LavFacilLan","","","","","","","NBioAPI_LoadIndexSearchDBFromFile"
"LavFacilLan","","","","","","","NBioAPI_RemoveDataFromIndexSearchDB"
"LavFacilLan","","","","","","","No Install Options selected"
"LavFacilLan","","","","","","","No matching DOM Vendor: ""%s""<Selected DOM Vendor does not support this property or method;Property or Method ""%s"" is not supported by DOM Vendor ""%s"""
"LavFacilLan","","","","","","","No SQL statement available"
"LavFacilLan","","","","","","","No WSDL or URL property was set in the THTTPRIO component. You must set the WSDL or URL property before invoking the Web ServiceMUnable to retrieve the URL endpoint for Service/Port '%s'/'%s' from WSDL '%s'HDatatype of TypeKind: %s not supported as argument for remote invocationRMust enable multiref output for objects when serializing a graph of objects - (%s)\Conversion from class %s to SOAP is not supported - SOAP classes must derive from TRemotable>Internal error: data type kind %s not expected in this context"
"LavFacilLan","","","","","","","Not in edit mode-Cannot insert into dataset. (No insert query)%Cannot post. (No update/insert query) Cannot update. (No update query)-Cannot delete from dataset. (No delete query)"
"LavFacilLan","","","","","","","NZMySqlToken"
"LavFacilLan","","","","","","","o Com Banco SQL"
"LavFacilLan","","","","","","","o,L.Data,L.Descricao2 as Hora,L.Chave as Sequencia,L.Sequencia as Log,L.Tipo From"""
"LavFacilLan","","","","","","","OCIDateTimeFromText"
"LavFacilLan","","","","","","","OCILobLoadFromFile"
"LavFacilLan","","","","","","","odSelected"
"LavFacilLan","","","","","","","ofAllowMultiSelect"
"LavFacilLan","","","","","","","OnItemSelectedT"
"LavFacilLan","","","","","","","OnSelect"
"LavFacilLan","","","","","","","OnSelectAuthorization,"
"LavFacilLan","","","","","","","OnSelectionChange"
"LavFacilLan","","","","","","","OnSelectItem"
"LavFacilLan","","","","","","","OnSelectProxyAuthorization"
"LavFacilLan","","","","","","","OrdenaPorSql"
"LavFacilLan","","","","","","","poSelection"
"LavFacilLan","","","","","","","postgresql"
"LavFacilLan","","","","","","","postgresql-6.5"
"LavFacilLan","","","","","","","postgresql-7.2"
"LavFacilLan","","","","","","","postgresql-7.3"
"LavFacilLan","","","","","","","postgresql-7.4"
"LavFacilLan","","","","","","","Printer selected is not valid"
"LavFacilLan","","","","","","","ProgIDFromCLSID"
"LavFacilLan","","","","","","","Provider=SQLOLEDB.1;Password="
"LavFacilLan","","","","","","","Provider=SQLOLEDB.1;Password=D8cmSG9HZe;Persist Security Info=True;User ID=administrador;Initial Catalog=lavsoft1;Data Source=lavsoft1.cz66jlef2chy.sa-east-1.rds.amazonaws.com"
"LavFacilLan","","","","","","","Provider=SQLOLEDB.1;Password=Lavs018jun10;Persist Security Info=True;User ID=lavsoft1;Initial Catalog=lavsoft1;Data Source=187.45.196.10"
"LavFacilLan","","","","","","","prSelection"
"LavFacilLan","","","","","","","QZDbcMySqlResultSet"
"LavFacilLan","","","","","","","recvfrom"
"LavFacilLan","","","","","","","ReferenceTableName"
"LavFacilLan","","","","","","","Row buffer is not assigned&Column with index %d is not accessable6Convertion is not possible for column %d from %s to %s4Can not access blob record in column %d with type %s"
"LavFacilLan","","","","","","","RowSelect"
"LavFacilLan","","","","","","","rSqlTimSt"
"LavFacilLan","","","","","","","SELECT"
"LavFacilLan","","","","","","","SELECT "
"LavFacilLan","","","","","","","Select  M.DatRet, M.HorRet,M.HorRet2,M.Obs, C.NomCli, V.CodVen , V.NomVen"
"LavFacilLan","","","","","","","SELECT '"
"LavFacilLan","","","","","","","SELECT ''::text AS TABLE_SCHEM ORDER BY TABLE_SCHEM"
"LavFacilLan","","","","","","","SELECT @@IDENTITY"
"LavFacilLan","","","","","","","select @@rowcount"
"LavFacilLan","","","","","","","Select *"
"LavFacilLan","","","","","","","Select * "
"LavFacilLan","","","","","","","Select *  "
"LavFacilLan","","","","","","","Select *  From dbMovitemData Where (NumOS="
"LavFacilLan","","","","","","","Select * From"
"LavFacilLan","","","","","","","Select * From "
"LavFacilLan","","","","","","","Select * From   """
"LavFacilLan","","","","","","","Select * From   "":"
"LavFacilLan","","","","","","","Select * From """
"LavFacilLan","","","","","","","Select * From "":"
"LavFacilLan","","","","","","","Select * from ""CliCredito"""
"LavFacilLan","","","","","","","Select * from CliContato where CodCli ='"
"LavFacilLan","","","","","","","Select * From dbCadFPGData Order By UniqueID"
"LavFacilLan","","","","","","","Select * From dbClientesCompData Order By UniqueID"
"LavFacilLan","","","","","","","select * from dbClientesData "
"LavFacilLan","","","","","","","Select * From dbClientesData     Order By UniqueID"
"LavFacilLan","","","","","","","Select * From dbClientesData Order By UniqueID"
"LavFacilLan","","","","","","","Select * From dbCoresData Order By UniqueID"
"LavFacilLan","","","","","","","Select * From dbDefeitoData Order By UniqueID"
"LavFacilLan","","","","","","","Select * From dbMovCabData order by NumOS"
"LavFacilLan","","","","","","","Select * From dbMovCabData Order By UniqueID"
"LavFacilLan","","","","","","","Select * From dbMovItemData Order By UniqueID"
"LavFacilLan","","","","","","","Select * From dbMovItemSerData Order By UniqueID"
"LavFacilLan","","","","","","","Select * From dbNotasData order by UniqueID"
"LavFacilLan","","","","","","","Select * From dbNotCompData Order By UniqueID"
"LavFacilLan","","","","","","","Select * From dbParametrosData order by CodSis, CodVar"
"LavFacilLan","","","","","","","Select * From dbTabCliData Order By UniqueID"
"LavFacilLan","","","","","","","Select * From dbTabProData Order By UniqueID"
"LavFacilLan","","","","","","","Select * From dbTabProSerData Order By UniqueID"
"LavFacilLan","","","","","","","SELECT * FROM MensagensSMS where Status = :ParStatus"
"LavFacilLan","","","","","","","Select * from movcab"
"LavFacilLan","","","","","","","Select 1 as Quantidade, M.CodCli, M.CodVen,M.ObsRol, M.CodConf, M.Rol, M.CodTab, M.CodTipEnt, M.CodTipSer, M.Cancelado, M.SitRol, M.HorEnt, M.DescontoRol, M.DescontoValor, M.CodUsuario, M.DatLan, M.DataCanc, M.DatEnt, M.DatEntRol, M.NumOS, M.Unidade, M.NumGR, M.Posicao, M.NumNotFis, M.CenCusCli, M.CodLoc, M.TotPecas,M.ValTot, C.CodCli, C.BaiCli, C.FisJur, C.Roteiro, C.CodEmpree, C.GruCli, C.GruCli2, C.GruCli3, C.GruCli4, C.Seg, C.Ter, C.Qua, C.Qui, C.Sex, C.Sab, C.Dom, C.NomCli, C.CepCli, C.EndCli, V.CodVen, V.NomVen, V.GruVen, P.CodPas,L.CodPro,MI.SeqPro,MI.Rol,MI.Quantidade"
"LavFacilLan","","","","","","","Select a Date"
"LavFacilLan","","","","","","","SELECT a.attname,a.atttypid FROM pg_catalog.pg_attribute a WHERE a.attrelid=%s ORDER BY a.attnum"
"LavFacilLan","","","","","","","SELECT a.RDB$RELATION_NAME, a.RDB$FIELD_NAME, a.RDB$FIELD_POSITION, a.RDB$NULL_FLAG, b. RDB$FIELD_LENGTH, b.RDB$FIELD_SCALE, c.RDB$TYPE_NAME, b.RDB$FIELD_TYPE, b.RDB$FIELD_SUB_TYPE, b.RDB$DESCRIPTION, b.RDB$CHARACTER_LENGTH, b.RDB$FIELD_SCALE as RDB$FIELD_PRECISION, a.RDB$DEFAULT_SOURCE, b.RDB$DEFAULT_SOURCE as RDB$DEFAULT_SOURCE_DOMAIN FROM RDB$RELATION_FIELDS a JOIN RDB$FIELDS b ON (b.RDB$FIELD_NAME = a.RDB$FIELD_SOURCE) LEFT JOIN RDB$TYPES c ON b.RDB$FIELD_TYPE = c.RDB$TYPE and c.RDB$FIELD_NAME = 'RDB$FIELD_TYPE'"
"LavFacilLan","","","","","","","SELECT a.RDB$USER, a.RDB$GRANTOR, a.RDB$PRIVILEGE, a.RDB$GRANT_OPTION, a.RDB$RELATION_NAME FROM RDB$USER_PRIVILEGES a, RDB$TYPES b WHERE a.RDB$OBJECT_TYPE = b.RDB$TYPE AND  b.RDB$TYPE_NAME IN ('RELATION', 'VIEW', 'COMPUTED_FIELD', 'FIELD' ) AND a.RDB$FIELD_NAME IS NULL "
"LavFacilLan","","","","","","","SELECT a.RDB$USER, a.RDB$GRANTOR, a.RDB$PRIVILEGE, a.RDB$GRANT_OPTION, a.RDB$RELATION_NAME, a.RDB$FIELD_NAME  FROM RDB$USER_PRIVILEGES a, RDB$TYPES b  WHERE a.RDB$OBJECT_TYPE = b.RDB$TYPE AND "
"LavFacilLan","","","","","","","Select AllLFatal error: Cannot create application object in a shared object or library.>Fatal error: Cannot create more than one TApplication instance"
"LavFacilLan","","","","","","","select c.* from syscolumns c inner join sysobjects o on (o.id = c.id) where o.name = %s and c.number = %s order by colid"
"LavFacilLan","","","","","","","Select C.CodPacote, C.DesPacote, C.Cancelado, P.ValTotPac "
"LavFacilLan","","","","","","","select c.colid, c.name, c.type, c.prec, c.scale, c.colstat, c.status, c.iscomputed from syscolumns c inner join sysobjects o on (o.id = c.id) where o.name = %s order by colid"
"LavFacilLan","","","","","","","select c.colid, c.name, c.type, c.prec, c.scale, c.status from syscolumns c inner join sysobjects o on (o.id = c.id) where o.name = %s order by colid"
"LavFacilLan","","","","","","","SELECT c.host, c.db, t.grantor, c.user, c.table_name, c.column_name, c.column_priv FROM mysql.columns_priv c, mysql.tables_priv t WHERE c.host=t.host AND c.db=t.db AND c.table_name=t.table_name AND c.db='%s' AND c.table_name='%s' AND c.column_name LIKE '%s'"
"LavFacilLan","","","","","","","Select C.NumFat, C.NumDup, C.NumNot, "
"LavFacilLan","","","","","","","Select CodCenCus as Codigo, DesCenCus as Descricao From """
"LavFacilLan","","","","","","","Select CodCla as Codigo, DesCla as Descricao From """
"LavFacilLan","","","","","","","Select CodCli as C"
"LavFacilLan","","","","","","","Select CodFil as Codigo, NomFil as Nome From"
"LavFacilLan","","","","","","","Select CodFor as Codigo, NomFor as Nome From"
"LavFacilLan","","","","","","","Select CodFor, NomFor From """
"LavFacilLan","","","","","","","Select CodFpg as Codigo, DesFpg as Descricao "
"LavFacilLan","","","","","","","Select CodigoTPV as Codigo, DescTPV as Descricao, Obs "
"LavFacilLan","","","","","","","Select CodPro, DesPro, DesProTab From """
"LavFacilLan","","","","","","","Select CodSerTer, DatLan From "
"LavFacilLan","","","","","","","Select CodSubC as Codigo, DesSubC as Descricao From """
"LavFacilLan","","","","","","","Select CodUsuario as Codigo, NomUsuario as Nome From"
"LavFacilLan","","","","","","","Select CodVen as Codigo, NomVen as Nome From"
"LavFacilLan","","","","","","","Select Count(DatEnt) as Total From """
"LavFacilLan","","","","","","","Select Count(Rol) as TotRol From "
"LavFacilLan","","","","","","","SELECT D.CodCli, D.Baixa, D.Cancelado, D.DatVen, D.ValDup, D.NumFat "
"LavFacilLan","","","","","","","Select D.DatDoa, D.ValDoa  from """
"LavFacilLan","","","","","","","Select dataset"
"LavFacilLan","","","","","","","SELECT datname AS TABLE_CAT FROM pg_catalog.pg_database ORDER BY TABLE_CAT"
"LavFacilLan","","","","","","","SELECT datname AS TABLE_CAT FROM pg_database ORDER BY TABLE_CAT"
"LavFacilLan","","","","","","","SELECT DISTINCT (M.CODCLI),C.*  FROM """
"LavFacilLan","","","","","","","SELECT DISTINCT a.RDB$RELATION_NAME, b.RDB$SYSTEM_FLAG, b.RDB$VIEW_CONTEXT, a.RDB$VIEW_SOURCE FROM RDB$RELATIONS a JOIN RDB$RELATION_FIELDS b ON a.RDB$RELATION_NAME=b.RDB$RELATION_NAME"
"LavFacilLan","","","","","","","SELECT DISTINCT n1.nspname as pnspname,n2.nspname as fnspname, "
"LavFacilLan","","","","","","","SELECT DISTINCT NULL::text as pnspname, NULL::text as fnspname, "
"LavFacilLan","","","","","","","select E.CodCli, P.CodPro, P.DesPro, E.Quant_Prev, E.Quant_Real"
"LavFacilLan","","","","","","","Select FisJur ,Count(FisJur) AS Fisica From """
"LavFacilLan","","","","","","","Select function"
"LavFacilLan","","","","","","","Select GetDate()"
"LavFacilLan","","","","","","","Select GruSerLav As Grupo From"
"LavFacilLan","","","","","","","Select GruSerLav From """
"LavFacilLan","","","","","","","Select GruVen as Codigo, DesGruVen as Grupo"
"LavFacilLan","","","","","","","Select GS.DesGruSerLav as Grupo, Sum(MI.Quantidade) as Quantidade, Sum(MI.PreFinal) as Valor "
"LavFacilLan","","","","","","","SELECT host,db,table_name,grantor,user,table_priv from mysql.tables_priv WHERE db='%s' AND table_name LIKE '%s'"
"LavFacilLan","","","","","","","Select I.CodPro as Produto, P.DesPro as Descri"
"LavFacilLan","","","","","","","Select I.Rol, I.CodPro, I.SeqPro, I.CodSerLav, "
"LavFacilLan","","","","","","","Select L.CodLoc as Local, L.Rol, p.DesPro as Descri"
"LavFacilLan","","","","","","","Select L.CodVen as Vendedor,L.Descricao1 as Descri"
"LavFacilLan","","","","","","","SELECT LAST_INSERT_ID()"
"LavFacilLan","","","","","","","SELECT LAST_INSERT_ROWID()"
"LavFacilLan","","","","","","","Select M.CodCli,"
"LavFacilLan","","","","","","","Select M.CodCli, M.CodVen,M.ObsRol, M.CodConf, M.Rol, M.CodTab, M.CodTipEnt, M.CodTipSer, M.Cancelado, M.SitRol, M.HorEnt, M.DescontoRol, M.DescontoValor, M.CodUsuario, M.DatLan, M.DataCanc, M.DatEnt, M.DatEntRol, M.NumOS, M.Unidade, M.NumGR, M.Posicao, M.NumNotFis, M.CenCusCli, M.CodLoc, M.TotPecas,M.ValTot, C.CodCli, C.BaiCli, C.FisJur, C.Roteiro, C.CodEmpree, C.GruCli, C.GruCli2, C.GruCli3, C.GruCli4, C.Seg, C.Ter, C.Qua, C.Qui, C.Sex, C.Sab, C.Dom, C.NomCli, C.CepCli, C.EndCli, V.CodVen, V.NomVen, V.GruVen, P.CodPas,C.TelCli"
"LavFacilLan","","","","","","","Select M.CodPacote, M.TotValPec, M.TotValLcto, M.DatFim, M.GruPro From "
"LavFacilLan","","","","","","","Select M.Numero, M.DatEnv, M.HorEnv, M.Status, M.Erro, M.CodErro, M.Mensagem, M.Tipo, M.Protocolo from """
"LavFacilLan","","","","","","","SELECT M.Rol, M.CodCli, M.Cancelado, M.DatLan, M.ValTot, M.DescontoRol, M.DescontoValor, TotPecas, M.NumOs, M.Posicao, M.NumNot, M.NumNotAdi"
"LavFacilLan","","","","","","","Select M.ROl, M.CodPro, M.SeqPro, M.Quantidade "
"LavFacilLan","","","","","","","Select M.Rol, M.DatLan, M.CodCli, D.CodDesc, D.Desconto"
"LavFacilLan","","","","","","","Select M.Rol,M.Cancelado,I.CodPro,I.SeqPro,I.Identif,I.Rol "
"LavFacilLan","","","","","","","Select M.ValTot, M.DescontoRol, M.DescontoValor, M.NumNot, M.NumNotAdi,N.ValBasNot, "
"LavFacilLan","","","","","","","Select MAX("
"LavFacilLan","","","","","","","SELECT n.nspname,c.relname,a.attname,a.atttypid,a.attnotnull,a.atttypmod,a.attlen,a.attnum,def.adsrc,dsc.description  FROM pg_catalog.pg_namespace n  JOIN pg_catalog.pg_class c ON (c.relnamespace = n.oid)  JOIN pg_catalog.pg_attribute a ON (a.attrelid=c.oid)  LEFT JOIN pg_catalog.pg_attrdef def ON (a.attrelid=def.adrelid AND a.attnum = def.adnum) LEFT JOIN pg_catalog.pg_description dsc ON (c.oid=dsc.objoid AND a.attnum = dsc.objsubid)  LEFT JOIN pg_catalog.pg_class dc ON (dc.oid=dsc.classoid AND dc.relname='pg_class') LEFT JOIN pg_catalog.pg_namespace dn ON (dc.relnamespace=dn.oid AND dn.nspname='pg_catalog')  WHERE a.attnum > 0 AND NOT a.attisdropped "
"LavFacilLan","","","","","","","SELECT n.nspname,c.relname,u.usename,c.relacl  FROM pg_catalog.pg_namespace n, pg_catalog.pg_class c, pg_catalog.pg_user u WHERE c.relnamespace = n.oid  AND u.usesysid = c.relowner AND c.relkind = 'r' "
"LavFacilLan","","","","","","","SELECT n.nspname,c.relname,u.usename,c.relacl,a.attname  FROM pg_catalog.pg_namespace n, pg_catalog.pg_class c, pg_catalog.pg_user u, pg_catalog.pg_attribute a  WHERE c.relnamespace = n.oid AND u.usesysid = c.relowner  AND c.oid = a.attrelid AND c.relkind = 'r'  AND a.attnum > 0 AND NOT a.attisdropped "
"LavFacilLan","","","","","","","SELECT n.nspname,p.proname,p.prorettype,p.proargtypes,t.typtype,t.typrelid FROM pg_catalog.pg_proc p, pg_catalog.pg_namespace n, pg_catalog.pg_type t WHERE p.pronamespace=n.oid AND p.prorettype=t.oid"
"LavFacilLan","","","","","","","select name as TABLE_OWNER from sysusers where islogin = 1"
"LavFacilLan","","","","","","","SELECT nspname AS TABLE_SCHEM FROM pg_catalog.pg_namespace WHERE nspname <> 'pg_toast' AND nspname NOT LIKE 'pg\\_temp\\_%' ORDER BY TABLE_SCHEM"
"LavFacilLan","","","","","","","SELECT NULL AS nspname,p.proname,p.prorettype,p.proargtypes,t.typtype,t.typrelid FROM pg_proc p, pg_type t WHERE p.prorettype=t.oid AND p.proname LIKE '"
"LavFacilLan","","","","","","","SELECT NULL AS PROCEDURE_CAT, n.nspname AS PROCEDURE_SCHEM, p.proname AS PROCEDURE_NAME, NULL AS RESERVED1, NULL AS RESERVED2, NULL AS RESERVED3, d.description AS REMARKS, "
"LavFacilLan","","","","","","","SELECT NULL AS PROCEDURE_CAT, NULL AS PROCEDURE_SCHEM, p.proname AS PROCEDURE_NAME, NULL AS RESERVED1, NULL AS RESERVED2, NULL AS RESERVED3, d.description AS REMARKS, "
"LavFacilLan","","","","","","","SELECT NULL AS PROCEDURE_CAT, NULL AS PROCEDURE_SCHEM, p.proname AS PROCEDURE_NAME, NULL AS RESERVED1, NULL AS RESERVED2, NULL AS RESERVED3, NULL AS REMARKS, "
"LavFacilLan","","","","","","","SELECT NULL AS TABLE_CAT, A.OWNER AS TABLE_SCHEM, A.TABLE_NAME, B.COLUMN_NAME, B.COLUMN_POSITION AS KEY_SEQ, A.INDEX_NAME AS PK_NAME FROM ALL_INDEXES A, ALL_IND_COLUMNS B WHERE A.OWNER=B.INDEX_OWNER AND A.INDEX_NAME=B.INDEX_NAME AND A.TABLE_OWNER=B.TABLE_OWNER AND A.TABLE_NAME=B.TABLE_NAME AND A.UNIQUENESS='UNIQUE' AND A.GENERATED='Y' AND A.INDEX_NAME LIKE 'SYS_%'"
"LavFacilLan","","","","","","","SELECT NULL AS TABLE_CAT, n.nspname AS TABLE_SCHEM, "
"LavFacilLan","","","","","","","SELECT NULL AS TABLE_CAT, NULL AS TABLE_SCHEM, "
"LavFacilLan","","","","","","","SELECT NULL AS TABLE_CAT, NULL AS TABLE_SCHEM, c.relname AS TABLE_NAME, "
"LavFacilLan","","","","","","","SELECT NULL AS TABLE_CAT, OWNER AS TABLE_SCHEM, SYNONYM_NAME AS TABLE_NAME, 'SYNONYM' AS TABLE_TYPE, NULL AS REMARKS FROM SYS.ALL_SYNONYMS WHERE OWNER LIKE '"
"LavFacilLan","","","","","","","SELECT NULL AS TABLE_CAT, OWNER AS TABLE_SCHEM, TABLE_NAME, 'TABLE' AS TABLE_TYPE, NULL AS REMARKS FROM SYS.ALL_TABLES WHERE OWNER LIKE '"
"LavFacilLan","","","","","","","SELECT NULL AS TABLE_CAT, OWNER AS TABLE_SCHEM, VIEW_NAME AS TABLE_NAME, 'VIEW' AS TABLE_TYPE, NULL AS REMARKS FROM SYS.ALL_VIEWS WHERE OWNER LIKE '"
"LavFacilLan","","","","","","","SELECT NULL AS TABLE_CAT, SEQUENCE_OWNER AS TABLE_SCHEM, SEQUENCE_NAME AS TABLE_NAME, 'SEQUENCE' AS TABLE_TYPE, NULL AS REMARKS FROM SYS.ALL_SEQUENCES WHERE SEQUENCE_OWNER LIKE '"
"LavFacilLan","","","","","","","SELECT NULL AS TABLE_CAT, TABLE_SCHEMA AS TABLE_SCHEM, TABLE_NAME, COLUMN_NAME, GRANTOR, GRANTEE, PRIVILEGE, GRANTABLE AS IS_GRANTABLE FROM SYS.ALL_COL_PRIVS WHERE"
"LavFacilLan","","","","","","","SELECT NULL AS TABLE_CAT, TABLE_SCHEMA AS TABLE_SCHEM, TABLE_NAME, GRANTOR, GRANTEE, PRIVILEGE, GRANTABLE AS IS_GRANTABLE FROM SYS.ALL_TAB_PRIVS WHERE TABLE_SCHEMA LIKE '"
"LavFacilLan","","","","","","","SELECT NULL, A.OWNER, A.TABLE_NAME, A.UNIQUENESS, NULL, A.INDEX_NAME, 3, B.COLUMN_POSITION, B.COLUMN_NAME, B.DESCEND, 0, 0, NULL FROM ALL_INDEXES A, ALL_IND_COLUMNS B WHERE A.OWNER=B.INDEX_OWNER AND A.INDEX_NAME=B.INDEX_NAME AND A.TABLE_OWNER=B.TABLE_OWNER AND A.TABLE_NAME=B.TABLE_NAME"
"LavFacilLan","","","","","","","SELECT NULL, OWNER, TABLE_NAME, COLUMN_NAME, NULL, DATA_TYPE, DATA_LENGTH, NULL, DATA_PRECISION, DATA_SCALE, NULLABLE, NULL, DATA_DEFAULT, NULL, NULL, NULL, COLUMN_ID, NULLABLE FROM SYS.ALL_TAB_COLUMNS WHERE OWNER LIKE '"
"LavFacilLan","","","","","","","SELECT NULL::text AS nspname,c.relname,a.attname,a.atttypid,a.attnotnull,a.atttypmod,a.attlen,a.attnum,def.adsrc,dsc.description  FROM pg_class c JOIN pg_attribute a ON (a.attrelid=c.oid)  LEFT JOIN pg_attrdef def ON (a.attrelid=def.adrelid AND a.attnum = def.adnum) LEFT JOIN pg_description dsc ON (a.oid=dsc.objoid) WHERE a.attnum > 0 "
"LavFacilLan","","","","","","","SELECT NULL::text AS nspname,c.relname,a.attname,a.atttypid,a.attnotnull,a.atttypmod,a.attlen,a.attnum,def.adsrc,dsc.description  FROM pg_class c JOIN pg_attribute a ON (a.attrelid=c.oid)  LEFT JOIN pg_attrdef def ON (a.attrelid=def.adrelid AND a.attnum = def.adnum) LEFT JOIN pg_description dsc ON (c.oid=dsc.objoid AND a.attnum = dsc.objsubid)  LEFT JOIN pg_class dc ON (dc.oid=dsc.classoid AND dc.relname='pg_class') WHERE a.attnum > 0 "
"LavFacilLan","","","","","","","SELECT NULL::text AS nspname,c.relname,a.attname,a.atttypid,a.attnotnull,a.atttypmod,a.attlen,a.attnum,NULL AS adsrc,NULL AS description FROM pg_class c, pg_attribute a  WHERE a.attrelid=c.oid AND a.attnum > 0 "
"LavFacilLan","","","","","","","SELECT NULL::text AS nspname,c.relname,u.usename,c.relacl  FROM pg_class c, pg_user u WHERE u.usesysid = c.relowner  AND c.relkind = 'r' "
"LavFacilLan","","","","","","","SELECT NULL::text AS nspname,c.relname,u.usename,c.relacl,a.attname FROM pg_class c, pg_user u,pg_attribute a  WHERE u.usesysid = c.relowner AND c.oid = a.attrelid  AND a.attnum > 0 AND c.relkind = 'r' "
"LavFacilLan","","","","","","","Select NumNot, DatEmi, Obs, ValNot From """
"LavFacilLan","","","","","","","Select NumNot,ValCre from ""CliCredito"" Where NumNot='"
"LavFacilLan","","","","","","","Select O.ROl, O.CodPro, O.SeqPro, O.Quantidade "
"LavFacilLan","","","","","","","SELECT oid, typname FROM pg_type WHERE oid<10000"
"LavFacilLan","","","","","","","SELECT oid, typname, typbasetype FROM pg_type WHERE oid<10000 OR typbasetype<>0 ORDER BY oid"
"LavFacilLan","","","","","","","SELECT P.CodPro, M.CodPro, M.CodCli, M.CodPro, M.Quant_Real, M.Quant_Prev, M.MedLan, P.DesPro "
"LavFacilLan","","","","","","","Select P.DesPro,P.GruPro,I.Rol,I.CodPro,I.CodLoc,I.Obs,I.FatPre01,"
"LavFacilLan","","","","","","","SELECT RDB$FIELD_NAME FROM RDB$RELATION_FIELDS  WHERE RDB$RELATION_NAME = '"
"LavFacilLan","","","","","","","SELECT RDB$PROCEDURE_NAME, RDB$PROCEDURE_OUTPUTS, RDB$DESCRIPTION FROM RDB$PROCEDURES"
"LavFacilLan","","","","","","","SELECT RELC_PRIM.RDB$RELATION_NAME,  IS_PRIM.RDB$FIELD_NAME,  RELC_FOR.RDB$RELATION_NAME,  IS_FOR.RDB$FIELD_NAME,  IS_FOR.RDB$FIELD_POSITION,  REFC_PRIM.RDB$UPDATE_RULE,  REFC_PRIM.RDB$DELETE_RULE,  RELC_FOR.RDB$CONSTRAINT_NAME,  RELC_PRIM.RDB$CONSTRAINT_NAME  FROM RDB$RELATION_CONSTRAINTS RELC_FOR, RDB$REF_CONSTRAINTS REFC_FOR,  RDB$RELATION_CONSTRAINTS RELC_PRIM, RDB$REF_CONSTRAINTS REFC_PRIM,  RDB$INDEX_SEGMENTS IS_PRIM,  RDB$INDEX_SEGMENTS IS_FOR  WHERE RELC_FOR.RDB$CONSTRAINT_TYPE = 'FOREIGN KEY' AND "
"LavFacilLan","","","","","","","SELECT rol as RolOrc, DatLan, ValTot, ObsRol as Descricao FROM "
"LavFacilLan","","","","","","","Select Rol, NumNot, NumNotAdi "
"LavFacilLan","","","","","","","SELECT Rol, ValTot, SitRol, DescontoRol, DescontoValor"
"LavFacilLan","","","","","","","Select S.DesSerLav as Servi"
"LavFacilLan","","","","","","","Select Seq, Data, Valor, Cancelado From"
"LavFacilLan","","","","","","","Select SeqFin as Seq, Histor, TipLan as Tipo From"
"LavFacilLan","","","","","","","Select SeqRetira, CodCli, DatRet, HorRet, NomCli, Status, Roteiro "
"LavFacilLan","","","","","","","Select sigla_UF From """
"LavFacilLan","","","","","","","Select Sum(I.Quantidade) as TotQde From """
"LavFacilLan","","","","","","","Select Sum(ValNot) as Total From "
"LavFacilLan","","","","","","","Select Sum(ValTot) as Total From """
"LavFacilLan","","","","","","","Select Sum(ValTot) as Total From "":"
"LavFacilLan","","","","","","","Select T.CodTab,T.CodPro,T.CodSerLav,S.CodSerLav,S.DesSerLav,T.PreUniSer,S.GruSerLav "
"LavFacilLan","","","","","","","Select UniqueID as Registro From dbMovCabData"
"LavFacilLan","","","","","","","SELECT USERNAME AS TABLE_SCHEM FROM SYS.ALL_USERS"
"LavFacilLan","","","","","","","Select variable"
"LavFacilLan","","","","","","","SELECT VERSION()"
"LavFacilLan","","","","","","","SELECT version(), CASE WHEN pg_encoding_to_char(1)='SQL_ASCII' THEN 'UNKNOWN' ELSE getdatabaseencoding() END"
"LavFacilLan","","","","","","","SelectClipRgn"
"LavFacilLan","","","","","","","Selected"
"LavFacilLan","","","","","","","Selected Printer"
"LavFacilLan","","","","","","","SelectedImageIndex"
"LavFacilLan","","","","","","","Selection"
"LavFacilLan","","","","","","","SelectionED"
"LavFacilLan","","","","","","","SelectionEDKeyPress"
"LavFacilLan","","","","","","","SelectionLabel"
"LavFacilLan","","","","","","","SelectionRB"
"LavFacilLan","","","","","","","SelectionRBClick"
"LavFacilLan","","","","","","","selectNode"
"LavFacilLan","","","","","","","selectNodes"
"LavFacilLan","","","","","","","SelectObject"
"LavFacilLan","","","","","","","SelectPalette"
"LavFacilLan","","","","","","","set_db_sql_dialect"
"LavFacilLan","","","","","","","SHOW COLUMNS FROM %s.%s LIKE '%s'"
"LavFacilLan","","","","","","","SHOW INDEX FROM %s.%s"
"LavFacilLan","","","","","","","SHOW KEYS FROM %s.%s"
"LavFacilLan","","","","","","","SHOW TABLE STATUS FROM %s"
"LavFacilLan","","","","","","","SHOW TABLE STATUS FROM %s LIKE '%s'"
"LavFacilLan","","","","","","","SHOW TABLES FROM %s LIKE '%s'"
"LavFacilLan","","","","","","","SQL Dialect Invalid"
"LavFacilLan","","","","","","","SQL Error: %s List capacity out of bounds (%d)"
"LavFacilLan","","","","","","","SQL Error: %s. Error Code: %d. %s"
"LavFacilLan","","","","","","","SQL Error: Error mapping failed*DBX Error: No Mapping for Error Code Found2dbExpress Error: Insufficient Memory for Operation"
"LavFacilLan","","","","","","","SQL not supported: %s"
"LavFacilLan","","","","","","","SQL Parse Error:"
"LavFacilLan","","","","","","","SQL Query is empty""Cannot execute more then one query-Operation is not allowed in FORWARD ONLY mode*Operation is not allowed in READ ONLY mode+Operation is not allowed for closed dataset No more records in the ResultSet"
"LavFacilLan","","","","","","","SQL_ARRAY"
"LavFacilLan","","","","","","","SQL_BIG_RESULT"
"LavFacilLan","","","","","","","SQL_BLOB"
"LavFacilLan","","","","","","","SQL_BOOLEAN"
"LavFacilLan","","","","","","","SQL_BUFFER_RESULT"
"LavFacilLan","","","","","","","SQL_D_FLOAT"
"LavFacilLan","","","","","","","SQL_DATA_TYPE"
"LavFacilLan","","","","","","","SQL_DATETIME_SUB"
"LavFacilLan","","","","","","","sql_dialect"
"LavFacilLan","","","","","","","SQL_DOUBLE"
"LavFacilLan","","","","","","","SQL_FLOAT"
"LavFacilLan","","","","","","","SQL_INT64"
"LavFacilLan","","","","","","","SQL_LONG"
"LavFacilLan","","","","","","","SQL_QUAD"
"LavFacilLan","","","","","","","sql_role_name"
"LavFacilLan","","","","","","","SQL_SHORT"
"LavFacilLan","","","","","","","SQL_SMALL_RESULT"
"LavFacilLan","","","","","","","SQL_TEXT"
"LavFacilLan","","","","","","","SQL_TIMESTAMP"
"LavFacilLan","","","","","","","SQL_TYPE_DATE"
"LavFacilLan","","","","","","","SQL_TYPE_TIME"
"LavFacilLan","","","","","","","SQL_VARYING"
"LavFacilLan","","","","","","","SQL.Strings"
"LavFacilLan","","","","","","","SqlDialect"
"LavFacilLan","","","","","","","SQLDialect=3"
"LavFacilLan","","","","","","","SqlExpr"
"LavFacilLan","","","","","","","SQLEXPRESS"
"LavFacilLan","","","","","","","SQLHourGlass"
"LavFacilLan","","","","","","","SQLite"
"LavFacilLan","","","","","","","sqlite_aggregate_context"
"LavFacilLan","","","","","","","sqlite_aggregate_count"
"LavFacilLan","","","","","","","sqlite_bind"
"LavFacilLan","","","","","","","sqlite_busy_handler"
"LavFacilLan","","","","","","","sqlite_busy_timeout"
"LavFacilLan","","","","","","","sqlite_changes"
"LavFacilLan","","","","","","","sqlite_close"
"LavFacilLan","","","","","","","sqlite_commit_hook"
"LavFacilLan","","","","","","","sqlite_compile"
"LavFacilLan","","","","","","","sqlite_complete"
"LavFacilLan","","","","","","","sqlite_create_aggregate"
"LavFacilLan","","","","","","","sqlite_create_function"
"LavFacilLan","","","","","","","sqlite_error_string"
"LavFacilLan","","","","","","","sqlite_exec"
"LavFacilLan","","","","","","","sqlite_finalize"
"LavFacilLan","","","","","","","sqlite_free_table"
"LavFacilLan","","","","","","","sqlite_freemem"
"LavFacilLan","","","","","","","sqlite_function_type"
"LavFacilLan","","","","","","","sqlite_get_table"
"LavFacilLan","","","","","","","sqlite_interrupt"
"LavFacilLan","","","","","","","sqlite_last_insert_rowid"
"LavFacilLan","","","","","","","sqlite_last_statement_changes"
"LavFacilLan","","","","","","","sqlite_libencoding"
"LavFacilLan","","","","","","","sqlite_libversion"
"LavFacilLan","","","","","","","SQLITE_MASTER WHERE "
"LavFacilLan","","","","","","","sqlite_open"
"LavFacilLan","","","","","","","sqlite_open_encrypted"
"LavFacilLan","","","","","","","sqlite_progress_handler"
"LavFacilLan","","","","","","","sqlite_rekey"
"LavFacilLan","","","","","","","sqlite_reset"
"LavFacilLan","","","","","","","sqlite_set_authorizer"
"LavFacilLan","","","","","","","sqlite_set_result_double"
"LavFacilLan","","","","","","","sqlite_set_result_error"
"LavFacilLan","","","","","","","sqlite_set_result_int"
"LavFacilLan","","","","","","","sqlite_set_result_string"
"LavFacilLan","","","","","","","sqlite_step"
"LavFacilLan","","","","","","","sqlite_trace"
"LavFacilLan","","","","","","","sqlite_user_data"
"LavFacilLan","","","","","","","sqlite-2.8"
"LavFacilLan","","","","","","","sqlite.dll"
"LavFacilLan","","","","","","","SQLOLEDB.1"
"LavFacilLan","","","","","","","SQLQRYMODE="
"LavFacilLan","","","","","","","SqlRegistro"
"LavFacilLan","","","","","","","SQLTimeStamp"
"LavFacilLan","","","","","","","SqlTimSt"
"LavFacilLan","","","","","","","StringFromCLSID"
"LavFacilLan","","","","","","","TableName"
"LavFacilLan","","","","","","","TADODataSet"
"LavFacilLan","","","","","","","TADODataSetT"
"LavFacilLan","","","","","","","TBDEDataSet"
"LavFacilLan","","","","","","","TBDEDataSetp"
"LavFacilLan","","","","","","","TClientDataSet"
"LavFacilLan","","","","","","","TCustomADODataSet"
"LavFacilLan","","","","","","","TCustomADODataSet\"
"LavFacilLan","","","","","","","TCustomADODataSetL"
"LavFacilLan","","","","","","","TCustomClientDataSet"
"LavFacilLan","","","","","","","TCustomMultiSelectListControl"
"LavFacilLan","","","","","","","TDataSet"
"LavFacilLan","","","","","","","TDataSetErrorEvent"
"LavFacilLan","","","","","","","TDataSetField"
"LavFacilLan","","","","","","","TDataSetField\#K"
"LavFacilLan","","","","","","","TDataSetNotifyEvent"
"LavFacilLan","","","","","","","TDataSetUpdateObject"
"LavFacilLan","","","","","","","TDataSource"
"LavFacilLan","","","","","","","TDataSourceLink"
"LavFacilLan","","","","","","","TDataSourceLink "
"LavFacilLan","","","","","","","TDataSourceLinkh"
"LavFacilLan","","","","","","","TDataSourceX2K"
"LavFacilLan","","","","","","","TDBDataSet"
"LavFacilLan","","","","","","","Text exceeds memo capacity+Operation not supported on selected printer.There is no default printer currently selected/Menu '%s' is already being used by another form"
"LavFacilLan","","","","","","","The credentials supplied were not complete, and could not be verified. Additional information can be returned from the context.4The context data must be renegotiated with the peer.'The target principal name is incorrect.:There is no LSA mode context associated with this context.8The clocks on the client and server machines are skewed.;The certificate chain was issued by an untrusted authority."
"LavFacilLan","","","","","","","TIdOnSelectAuthorization"
"LavFacilLan","","","","","","","TItemSelectedEvent"
"LavFacilLan","","","","","","","TLVSelectItemEvent"
"LavFacilLan","","","","","","","TRAVEDATAFIELD.GETFIELDNAME"
"LavFacilLan","","","","","","","TRAVEDATAFIELD.SETFIELDNAME"
"LavFacilLan","","","","","","","TRaveFieldNamex"
"LavFacilLan","","","","","","","TSelectDateDlg"
"LavFacilLan","","","","","","","TSQLConnection"
"LavFacilLan","","","","","","","TSQLConnectionLoginEvent"
"LavFacilLan","","","","","","","TSQLTimeStampData"
"LavFacilLan","","","","","","","TSQLTimeStampData(rJ"
"LavFacilLan","","","","","","","TSQLTimeStampField"
"LavFacilLan","","","","","","","TSQLTimeStampField@"
"LavFacilLan","","","","","","","TSQLTimeStampVariantType"
"LavFacilLan","","","","","","","TZAbstractDataset"
"LavFacilLan","","","","","","","TZAbstractDatasetp"
"LavFacilLan","","","","","","","TZAbstractRODataset"
"LavFacilLan","","","","","","","TZDatasetOption"
"LavFacilLan","","","","","","","TZDatasetOptions"
"LavFacilLan","","","","","","","TZDBLibMSSQL7PlainDriver"
"LavFacilLan","","","","","","","TZGenericSQLQuoteState"
"LavFacilLan","","","","","","","TZGenericSQLSymbolStateP"
"LavFacilLan","","","","","","","TZGenericSQLTokenizer"
"LavFacilLan","","","","","","","TZGenericSQLWordState"
"LavFacilLan","","","","","","","TZMsSqlDatabaseMetadataU"
"LavFacilLan","","","","","","","TZMSSqlNativeLibraryLoader"
"LavFacilLan","","","","","","","TZMySQL320PlainDriver"
"LavFacilLan","","","","","","","TZMySQL323PlainDriver"
"LavFacilLan","","","","","","","TZMySQL40PlainDriver"
"LavFacilLan","","","","","","","TZMySQL41PlainDriver"
"LavFacilLan","","","","","","","TZMySQLCachedResolverU"
"LavFacilLan","","","","","","","TZMySQLCommentState"
"LavFacilLan","","","","","","","TZMySQLConnectionU"
"LavFacilLan","","","","","","","TZMySQLDatabaseMetadata"
"LavFacilLan","","","","","","","TZMySQLDriver"
"LavFacilLan","","","","","","","TZMySQLNativeLibraryLoader"
"LavFacilLan","","","","","","","TZMySQLNumberState"
"LavFacilLan","","","","","","","TZMySQLPreparedStatement"
"LavFacilLan","","","","","","","TZMySQLQuoteState"
"LavFacilLan","","","","","","","TZMySQLResultSet"
"LavFacilLan","","","","","","","TZMySQLResultSetMetadata"
"LavFacilLan","","","","","","","TZMySQLStatement"
"LavFacilLan","","","","","","","TZMySQLStatementAnalyser"
"LavFacilLan","","","","","","","TZMySQLSymbolState"
"LavFacilLan","","","","","","","TZMySQLTokenizer"
"LavFacilLan","","","","","","","TZMySQLWordState"
"LavFacilLan","","","","","","","TZParamsSQLDA"
"LavFacilLan","","","","","","","TZPostgreSQL65PlainDriver"
"LavFacilLan","","","","","","","TZPostgreSQL72PlainDriver"
"LavFacilLan","","","","","","","TZPostgreSQL73PlainDriver"
"LavFacilLan","","","","","","","TZPostgreSQL74PlainDriver"
"LavFacilLan","","","","","","","TZPostgreSQLBlob"
"LavFacilLan","","","","","","","TZPostgreSQLCachedResolver"
"LavFacilLan","","","","","","","TZPostgreSQLCommentState"
"LavFacilLan","","","","","","","TZPostgreSQLConnection"
"LavFacilLan","","","","","","","TZPostgreSQLDatabaseMetadata"
"LavFacilLan","","","","","","","TZPostgreSQLDriver"
"LavFacilLan","","","","","","","TZPostgreSQLNativeLibraryLoaderU"
"LavFacilLan","","","","","","","TZPostgreSQLNumberStatex"
"LavFacilLan","","","","","","","TZPostgreSQLPreparedStatement"
"LavFacilLan","","","","","","","TZPostgreSQLQuoteState"
"LavFacilLan","","","","","","","TZPostgreSQLResultSet"
"LavFacilLan","","","","","","","TZPostgreSQLStatement"
"LavFacilLan","","","","","","","TZPostgreSQLStatementAnalyser"
"LavFacilLan","","","","","","","TZPostgreSQLSymbolState"
"LavFacilLan","","","","","","","TZPostgreSQLTokenizer"
"LavFacilLan","","","","","","","TZPostgreSQLWordState"
"LavFacilLan","","","","","","","TZResultSQLDA"
"LavFacilLan","","","","","","","TZSelectSchema"
"LavFacilLan","","","","","","","TZSQLDA"
"LavFacilLan","","","","","","","TZSQLite28PlainDriver"
"LavFacilLan","","","","","","","TZSQLiteCachedResolver"
"LavFacilLan","","","","","","","TZSQLiteCommentState"
"LavFacilLan","","","","","","","TZSQLiteConnection"
"LavFacilLan","","","","","","","TZSQLiteDatabaseMetadata"
"LavFacilLan","","","","","","","TZSQLiteDriver"
"LavFacilLan","","","","","","","TZSQLiteNativeLibraryLoaderU"
"LavFacilLan","","","","","","","TZSQLiteNumberStatexo{"
"LavFacilLan","","","","","","","TZSQLitePreparedStatementU"
"LavFacilLan","","","","","","","TZSQLiteQuoteState"
"LavFacilLan","","","","","","","TZSQLiteResultSet"
"LavFacilLan","","","","","","","TZSQLiteResultSetMetadata"
"LavFacilLan","","","","","","","TZSQLiteStatement"
"LavFacilLan","","","","","","","TZSQLiteStatementAnalyser"
"LavFacilLan","","","","","","","TZSQLiteSymbolState"
"LavFacilLan","","","","","","","TZSQLiteTokenizer"
"LavFacilLan","","","","","","","TZSQLiteWordState"
"LavFacilLan","","","","","","","TZSQLStatement"
"LavFacilLan","","","","","","","TZSQLStrings"
"LavFacilLan","","","","","","","TZSQLType"
"LavFacilLan","","","","","","","TZSQLTypeArray"
"LavFacilLan","","","","","","","TZUpdateSQL"
"LavFacilLan","","","","","","","TZUpdateSQLPz}"
"LavFacilLan","","","","","","","UDataset does not support bookmarks, which are required for multi-record data controls"
"LavFacilLan","","","","","","","Unexpected Output buffer valueXGeneric ServiceStart not applicable: Use Specific Procedures to set configuration params'SQL Monitor Instance is already present"
"LavFacilLan","","","","","","","Unknown SQL Data type (%d)"
"LavFacilLan","","","","","","","Unsupported data type/Convertion error for field ""%s"" to SQLType ""%s"""
"LavFacilLan","","","","","","","Unsupported operation)No dynamic library from the list %s found"
"LavFacilLan","","","","","","","use Open for a Select Statement"
"LavFacilLan","","","","","","","UZPlainMySql40"
"LavFacilLan","","","","","","","VarBoolFromStr"
"LavFacilLan","","","","","","","VarBstrFromBool"
"LavFacilLan","","","","","","","VarBstrFromCy"
"LavFacilLan","","","","","","","VarBstrFromDate"
"LavFacilLan","","","","","","","VarCyFromStr"
"LavFacilLan","","","","","","","VarDateFromStr"
"LavFacilLan","","","","","","","VarI4FromStr"
"LavFacilLan","","","","","","","VarR4FromStr"
"LavFacilLan","","","","","","","VarR8FromStr"
"LavFacilLan","","","","","","","VerifAcumulosSQL"
"LavFacilLan","","","","","","","wIBSQL"
"LavFacilLan","","","","","","","WindowFromPoint"
"LavFacilLan","","","","","","","WSAAsyncSelect"
"LavFacilLan","","","","","","","WSAEventSelect"
"LavFacilLan","","","","","","","WSARecvFrom"
"LavFacilLan","","","","","","","XSQLDA index out of range"
"LavFacilLan","","","","","","","XSQLDA name does not exist (%s)"
"LavFacilLan","","","","","","","XX CodingLLength from Encryptionkey is invalid."
"LavFacilLan","","","","","","","yZDbcPostgreSqlUtils"
"LavFacilLan","","","","","","","ZAbstractDataset"
"LavFacilLan","","","","","","","ZAbstractDataset@"
"LavFacilLan","","","","","","","ZAbstractRODataset"
"LavFacilLan","","","","","","","ZConn_Mysql"
"LavFacilLan","","","","","","","ZDataset"
"LavFacilLan","","","","","","","ZDatasetUtils"
"LavFacilLan","","","","","","","ZDbcDbLibMsSqlMetadata"
"LavFacilLan","","","","","","","ZDbcMySqlUtils"
"LavFacilLan","","","","","","","ZDbcPostgreSql"
"LavFacilLan","","","","","","","ZDbcPostgreSqlMetadata"
"LavFacilLan","","","","","","","ZDbcPostgreSqlResultSet"
"LavFacilLan","","","","","","","ZDbcPostgreSqlStatement"
"LavFacilLan","","","","","","","ZDbcSqLiteMetadata"
"LavFacilLan","","","","","","","ZDbcSqLiteUtils"
"LavFacilLan","","","","","","","Zeos Database Connectivity Driver for Microsoft SQL Server"
"LavFacilLan","","","","","","","Zeos Database Connectivity Driver for MySQL"
"LavFacilLan","","","","","","","Zeos Database Connectivity Driver for PostgreSQL"
"LavFacilLan","","","","","","","Zeos Database Connectivity Driver for SQLite"
"LavFacilLan","","","","","","","ZGenericSqlAnalyser"
"LavFacilLan","","","","","","","ZGenericSqlToken"
"LavFacilLan","","","","","","","ZPlainDbLibMsSql7"
"LavFacilLan","","","","","","","ZPlainMySql323"
"LavFacilLan","","","","","","","ZPlainMySql41"
"LavFacilLan","","","","","","","ZPlainMySqlDriver"
"LavFacilLan","","","","","","","ZPlainMySqlDriver3"
"LavFacilLan","","","","","","","ZPlainPostgreSql65"
"LavFacilLan","","","","","","","ZPlainPostgreSql73"
"LavFacilLan","","","","","","","ZPlainPostgreSql74"
"LavFacilLan","","","","","","","ZPlainPostgreSqlDriver>"
"LavFacilLan","","","","","","","ZPlainSqLite28"
"LavFacilLan","","","","","","","ZPlainSqLiteDriver"
"LavFacilLan","","","","","","","ZPlainSqLiteDriver%"
"LavFacilLan","","","","","","","ZPostgreSqlAnalyser"
"LavFacilLan","","","","","","","ZPostgreSqlToken"
"LavFacilLan","","","","","","","ZQry_MySQL"
"LavFacilLan","","","","","","","ZSelectSchema"
"LavFacilLan","","","","","","","ZSqlStrings"
"LavFacilLan","","","","","","","ZSqlUpdate"
"LavFacilLan","","","","","","","ZZMySqlAnalyser"
"Estoque","","","","","",""," And (EXTRACT(MONTH FROM C.DatNas) ="
"Estoque","","","","","",""," d.description AS REMARKS FROM pg_class c "
"Estoque","","","","","",""," FROM "
"Estoque","","","","","",""," from """
"Estoque","","","","","",""," from "":"
"Estoque","","","","","",""," FROM pg_catalog.pg_namespace n, pg_catalog.pg_class ct, pg_catalog.pg_class ci, pg_catalog.pg_attribute a, pg_catalog.pg_index i "
"Estoque","","","","","",""," FROM pg_catalog.pg_namespace n, pg_catalog.pg_class ct, pg_catalog.pg_class ci, pg_catalog.pg_index i, pg_catalog.pg_attribute a, pg_catalog.pg_am am "
"Estoque","","","","","",""," FROM pg_catalog.pg_namespace n, pg_catalog.pg_proc p  "
"Estoque","","","","","",""," FROM pg_catalog.pg_namespace n1 JOIN pg_catalog.pg_class c1 ON (c1.relnamespace = n1.oid) JOIN pg_catalog.pg_index i ON (c1.oid=i.indrelid) JOIN pg_catalog.pg_class ic ON (i.indexrelid=ic.oid) JOIN pg_catalog.pg_attribute a ON (ic.oid=a.attrelid), pg_catalog.pg_namespace n2  JOIN pg_catalog.pg_class c2 ON (c2.relnamespace=n2.oid),  pg_catalog.pg_trigger t1 JOIN pg_catalog.pg_proc p1 ON (t1.tgfoid=p1.oid), pg_catalog.pg_trigger t2  JOIN pg_catalog.pg_proc p2 ON (t2.tgfoid=p2.oid) "
"Estoque","","","","","",""," FROM pg_class c1 JOIN pg_index i ON (c1.oid=i.indrelid)  JOIN pg_class ic ON (i.indexrelid=ic.oid) JOIN pg_attribute a ON (ic.oid=a.attrelid), pg_class c2, pg_trigger t1  JOIN pg_proc p1 ON (t1.tgfoid=p1.oid), pg_trigger t2  JOIN pg_proc p2 ON (t2.tgfoid=p2.oid) "
"Estoque","","","","","",""," FROM pg_class ct, pg_class ci, pg_attribute a, pg_index i "
"Estoque","","","","","",""," FROM pg_class ct, pg_class ci, pg_index i, pg_attribute a, pg_am am "
"Estoque","","","","","",""," FROM pg_proc p LEFT JOIN pg_description d ON (p.oid=d.objoid) "
"Estoque","","","","","",""," FROM pg_proc p WHERE p.proname LIKE '"
"Estoque","","","","","",""," FROM RDB$DATABASE"
"Estoque","","","","","",""," NULL AS REMARKS FROM pg_class c WHERE true "
"Estoque","","","","","",""," SELECT a.RDB$RELATION_NAME, a.RDB$FIELD_NAME, a.RDB$FIELD_POSITION, a.RDB$NULL_FLAG, a.RDB$DEFAULT_VALUE, b. RDB$FIELD_LENGTH, b.RDB$FIELD_SCALE, c.RDB$TYPE_NAME, b.RDB$FIELD_TYPE, b.RDB$FIELD_SUB_TYPE, b.RDB$DESCRIPTION, b.RDB$CHARACTER_LENGTH, b.RDB$FIELD_PRECISION, a.RDB$DEFAULT_SOURCE, b.RDB$DEFAULT_SOURCE as RDB$DEFAULT_SOURCE_DOMAIN FROM RDB$RELATION_FIELDS a JOIN RDB$FIELDS b ON (b.RDB$FIELD_NAME = a.RDB$FIELD_SOURCE) LEFT JOIN RDB$TYPES c ON (b.RDB$FIELD_TYPE = c.RDB$TYPE and c.RDB$FIELD_NAME = 'RDB$FIELD_TYPE')"
"Estoque","","","","","",""," SELECT I.RDB$RELATION_NAME, I.RDB$UNIQUE_FLAG, I.RDB$INDEX_NAME, ISGMT.RDB$FIELD_POSITION,"
"Estoque","","","","","",""," SELECT NULL AS TABLE_CAT, n.nspname AS TABLE_SCHEM, c.relname AS TABLE_NAME,   CASE (n.nspname LIKE 'pg\\_%')   OR (n.nspname='information_schema') WHEN true THEN CASE n.nspname    WHEN 'pg_catalog' THEN CASE c.relkind      WHEN 'r' THEN 'SYSTEM TABLE'     WHEN 'v' THEN 'SYSTEM VIEW'      WHEN 'i' THEN 'SYSTEM INDEX'      ELSE NULL    END    WHEN 'information_schema' THEN CASE c.relkind      WHEN 'r' THEN 'SYSTEM TABLE'     WHEN 'v' THEN 'SYSTEM VIEW'      WHEN 'i' THEN 'SYSTEM INDEX'      ELSE NULL    END    WHEN 'pg_toast' THEN CASE c.relkind      WHEN 'r' THEN 'SYSTEM TOAST TABLE'      WHEN 'i' THEN 'SYSTEM TOAST INDEX'      ELSE NULL    END    ELSE CASE c.relkind "
"Estoque","","","","","",""," SELECT null as TABLE_CAT, null as TABLE_SCHEM, a.RDB$RELATION_NAME as TABLE_NAME, b.RDB$FIELD_NAME as COLUMN_NAME, b.RDB$FIELD_POSITION+1 as KEY_SEQ, a.RDB$INDEX_NAME as PK_NAME FROM RDB$RELATION_CONSTRAINTS a JOIN RDB$INDEX_SEGMENTS b ON (a.RDB$INDEX_NAME = b.RDB$INDEX_NAME) WHERE  RDB$CONSTRAINT_TYPE = 'PRIMARY KEY'"
"Estoque","","","","","",""," SELECT P.RDB$PROCEDURE_NAME, PP.RDB$PARAMETER_NAME, PP.RDB$PARAMETER_TYPE, F.RDB$FIELD_TYPE, F.RDB$FIELD_SUB_TYPE, F.RDB$FIELD_SCALE, F.RDB$FIELD_LENGTH, F.RDB$NULL_FLAG, PP.RDB$DESCRIPTION, F.RDB$FIELD_PRECISION, F.RDB$NULL_FLAG  FROM RDB$PROCEDURES P JOIN RDB$PROCEDURE_PARAMETERS PP ON P.RDB$PROCEDURE_NAME = PP.RDB$PROCEDURE_NAME  JOIN RDB$FIELDS F ON PP.RDB$FIELD_SOURCE = F.RDB$FIELD_NAME "
"Estoque","","","","","",""," SELECT P.RDB$PROCEDURE_NAME, PP.RDB$PARAMETER_NAME, PP.RDB$PARAMETER_TYPE, F.RDB$FIELD_TYPE, F.RDB$FIELD_SUB_TYPE, F.RDB$FIELD_SCALE, F.RDB$FIELD_LENGTH, F.RDB$NULL_FLAG, PP.RDB$DESCRIPTION, F.RDB$FIELD_SCALE as RDB$FIELD_PRECISION, F.RDB$NULL_FLAG FROM RDB$PROCEDURES P JOIN RDB$PROCEDURE_PARAMETERS PP ON P.RDB$PROCEDURE_NAME=PP.RDB$PROCEDURE_NAME JOIN RDB$FIELDS F ON PP.RDB$FIELD_SOURCE=F.RDB$FIELD_NAME "
"Estoque","","","","","",""," SELECT RC_PRIM.RDB$RELATION_NAME,  IS_PRIM.RDB$FIELD_NAME,  RC_FOR.RDB$RELATION_NAME,  IS_FOR.RDB$FIELD_NAME,  IS_FOR.RDB$FIELD_POSITION,  REFC_PRIM.RDB$UPDATE_RULE,  REFC_PRIM.RDB$DELETE_RULE,  RC_FOR.RDB$CONSTRAINT_NAME,  RC_PRIM.RDB$CONSTRAINT_NAME  FROM RDB$RELATION_CONSTRAINTS RC_FOR, RDB$REF_CONSTRAINTS REFC_FOR,  RDB$RELATION_CONSTRAINTS RC_PRIM, RDB$REF_CONSTRAINTS REFC_PRIM,  RDB$INDEX_SEGMENTS IS_PRIM, RDB$INDEX_SEGMENTS IS_FOR  WHERE RC_PRIM.RDB$CONSTRAINT_TYPE = 'PRIMARY KEY' and "
"Estoque","","","","","",""," SELECT RDB$TYPE, RDB$TYPE_NAME FROM RDB$TYPES  WHERE RDB$FIELD_NAME = 'RDB$FIELD_TYPE' "
"Estoque","","","","","",""," SELECT t.typlen FROM pg_catalog.pg_type t, pg_catalog.pg_namespace n WHERE t.typnamespace=n.oid AND t.typname='name' AND n.nspname='pg_catalog' "
"Estoque","","","","","",""," SELECT t1.typlen/t2.typlen FROM "
"Estoque","","","","","",""," SELECT typlen FROM pg_type WHERE typname='name' "
"Estoque","","","","","",""," SELECT typname FROM pg_catalog.pg_type "
"Estoque","","","","","",""," SELECT typname FROM pg_type "
"Estoque","","","","","",""," The SQL: %s; "
"Estoque","","","","","",""," Where C.Email = ( Select E.Email From "
"Estoque","","","","","","","-ZDbcSqLiteResultSet"
"Estoque","","","","","","",",insert,update,delete,select,drop,create,from,set,values,where,order,group,by,having,into,as,table,index,primary,key,on,is,null,char,varchar,integer,number,"
"Estoque","","","","","","","'ZDbcSqLiteStatement"
"Estoque","","","","","","","""Dataset not in edit or insert mode1Cannot perform this operation on a closed dataset1Cannot perform this operation on an empty dataset!Cannot modify a read-only dataset#Nested dataset must inherit from %s(Filter expression incorrectly terminated"
"Estoque","","","","","","","""SqlConst"
"Estoque","","","","","","",") From """
"Estoque","","","","","","","[ZPlainPostgreSqlDriver"
"Estoque","","","","","","","]ddUOGSJFromxvtutssqnlkhhhefecdcaba^a`^gedljiljiklj,kj9lknjgQMG!"
"Estoque","","","","","","","*Can't write to a read-only resource streamECheckSynchronize called from thread $%x, which is NOT the main thread"
"Estoque","","","","","","","*ZSqLiteToken"
"Estoque","","","","","","","<This version is not is no supported isc_encode_sql_timestamp7This version is not is no supported isc_decode_sql_date7This version is not is no supported isc_decode_sql_time<This version is not is no supported isc_decode_sql_timestamp"
"Estoque","","","","","","","0Select * From ""C:\Equipexe\Est\Dados\ProdEst.db"""
"Estoque","","","","","","","0Select * From ""C:\Equipexe\Est\Filial\MovEst"" M,"
"Estoque","","","","","","","0Select * From ""C:\Equipexe\Ger\Dados\Clientes"" C"
"Estoque","","","","","","","1Select * From ""C:\Equipexe\Ger\Dados\Forneced.db"""
"Estoque","","","","","","","2Select * from ""C:\EquipExe\Est\Dados\EstMinMax"" M,"
"Estoque","","","","","","","4Select *  From 's:\EquipExe\Est\Filial\PedCompra' P,"
"Estoque","","","","","","","6ZSqLiteAnalyser"
"Estoque","","","","","","","9ZDbcMySqlMetadata"
"Estoque","","","","","","","ALL,AND,AS,BETWEEN,BY,CASE,CHECK,COLLATE,COMMIT,CONSTRAINT,CREATE,DEFAULT,DEFERRABLE,DELETE,DISTINCT,DROP,ELSE,EXCEPT,FOREIGN,FROM,GLOB,GROUP,HAVING,IN,INDEX,INSERT,INTERSECT,INTO,IS,ISNULL,JOIN,LIKE,LIMIT,NOT,NOTNULL,NULL,ON,OR,ORDER,PRIMARY,REFERENCES,ROLLBACK,SELECT,SET,TABLE,THEN,TRANSACTION,UNION,UNIQUE,UPDATE,USING,VALUES,WHEN,WHERE,ABORT,AFTER,ASC,ATTACH,BEFORE,BEGIN,DEFERRED,CASCADE,CLUSTER,CONFLICT,COPY,CROSS,DATABASE,DELIMITERS,DESC,DETACH,EACH,END,EXPLAIN,FAIL,FOR,FULL,IGNORE,IMMEDIATE,INITIALLY,INNER,INSTEAD,KEY,LEFT,MATCH,NATURAL,OF,OFFSET,OUTER,PRAGMA,RAISE,REPLACE,RESTRICT,RIGHT,ROW,STATEMENT,TEMP,TEMPORARY,TRIGGER,VACUUM,VIEW"
"Estoque","","","","","","","Auto Select"
"Estoque","","","","","","","AutoSelect"
"Estoque","","","","","","","AutoSelect@"
"Estoque","","","","","","","AutoSelect<"
"Estoque","","","","","","","AvailableDatasets"
"Estoque","","","","","","","AvailableDatasetsClick"
"Estoque","","","","","","","BDE error $%.4x3Unable to use duplicate DataSource and LookupSource2LookupSource must be connected to TTable component*%s must be the lookup table's active index"
"Estoque","","","","","","","bVarriSql"
"Estoque","","","","","","","Can not connect to SQL server"
"Estoque","","","","","","","Can not open a ResultSet Datasource makes a circular link"
"Estoque","","","","","","","cdsSelected"
"Estoque","","","","","","","crSQLWait"
"Estoque","","","","","","","cZPlainPostgreSql72"
"Estoque","","","","","","","DatabaseName"
"Estoque","","","","","","","DataSet"
"Estoque","","","","","","","DataSetField"
"Estoque","","","","","","","DataSetS"
"Estoque","","","","","","","DataSetT"
"Estoque","","","","","","","DataSource"
"Estoque","","","","","","","DataSource cannot be changed*Nested datasets cannot have a MasterSource0Cannot perform this operation on an open dataset"
"Estoque","","","","","","","DataSource1"
"Estoque","","","","","","","Date is less than minimum of %s4You must be in ShowCheckbox mode to set to this date#Failed to set calendar date or time%Failed to set maximum selection range$Failed to set calendar min/max range%Failed to set calendar selected range"
"Estoque","","","","","","","DAYOFWEEK,WEEKDAY,DAYOFMONTH,DAYOFYEAR,MONTH,DAYNAME,MONTHNAME,QUARTER,WEEK,YEAR,HOUR,MINUTE,SECOND,PERIOD_ADD,PERIOD_DIFF,TO_DAYS,FROM_DAYS,DATE_FORMAT,TIME_FORMAT,CURDATE,CURRENT_DATE,CURTIME,CURRENT_TIME,NOW,SYSDATE,CURRENT_TIMESTAMP,UNIX_TIMESTAMP,FROM_UNIXTIME,SEC_TO_TIME,TIME_TO_SEC"
"Estoque","","","","","","","dbsqlexec"
"Estoque","","","","","","","dbsqlok"
"Estoque","","","","","","","dbsqlsend"
"Estoque","","","","","","","Delete all selected records?"
"Estoque","","","","","","","Delete all selected records?%Operation not allowed in a DBCtrlGrid(Property already defined by lookup field/Grid requested to display more than 256 columns"
"Estoque","","","","","","","DELETE FROM %s"
"Estoque","","","","","","","DeleteSQLT"
"Estoque","","","","","","","dgAlwaysShowSelection"
"Estoque","","","","","","","dgMultiSelect"
"Estoque","","","","","","","dgRowSelect"
"Estoque","","","","","","","DISCONNECT FROM ""%s"""
"Estoque","","","","","","","Docked control must have a name%Error removing control from dock tree"
"Estoque","","","","","","","dsSelected"
"Estoque","","","","","","","Ed_Sql"
"Estoque","","","","","","","Ed_Sqlp"
"Estoque","","","","","","","ELSE NULL    END  END  WHEN false THEN CASE c.relkind    WHEN 'r' THEN 'TABLE'    WHEN 'i' THEN 'INDEX'    WHEN 'S' THEN 'SEQUENCE'    WHEN 'v' THEN 'VIEW'    ELSE NULL  END  ELSE NULL  END  AS TABLE_TYPE, d.description AS REMARKS  FROM pg_catalog.pg_namespace n, pg_catalog.pg_class c  LEFT JOIN pg_catalog.pg_description d ON (c.oid = d.objoid AND d.objsubid = 0)  LEFT JOIN pg_catalog.pg_class dc ON (d.classoid=dc.oid AND dc.relname='pg_class') LEFT JOIN pg_catalog.pg_namespace dn ON (dn.oid=dc.relnamespace AND dn.nspname='pg_catalog')  WHERE c.relnamespace = n.oid "
"Estoque","","","","","","","Error creating cursor handle/ReferenceTableName not specified for field '%s'8Cannot use array of Field values with Expression Indices"
"Estoque","","","","","","","Error loading MIDAS.DLL)No fields defined.  Cannot create dataset+Connection not allowed to TConnectionBroker ParentConnection is not assigned""Record or field constraint failed."
"Estoque","","","","","","","Execute not supported: %sfField '%s' is not the correct type of calculated field to be used in an aggregate, use an internalcalc1Operation not allowed on a unidirectional dataset"
"Estoque","","","","","","","ExtendedSelect"
"Estoque","","","","","","","ExtSelectClipRgn"
"Estoque","","","","","","","eZPlainMySql320"
"Estoque","","","","","","","EZSQLException"
"Estoque","","","","","","","EZSQLThrowable"
"Estoque","","","","","","","Field '%s' has no dataset1Field '%s' cannot be a calculated or lookup field"
"Estoque","","","","","","","FieldName"
"Estoque","","","","","","","Fieldname %s exceeds %d chars"
"Estoque","","","","","","","FINALIZE SQLite VM"
"Estoque","","","","","","","FROM"
"Estoque","","","","","","","From '"
"Estoque","","","","","","","From """
"Estoque","","","","","","","From "":"
"Estoque","","","","","","","From MovCab M Left Join "
"Estoque","","","","","","","FromDictionary"
"Estoque","","","","","","","FromED"
"Estoque","","","","","","","FromED8"
"Estoque","","","","","","","FromIndex"
"Estoque","","","","","","","FromLabel"
"Estoque","","","","","","","FromLabel4"
"Estoque","","","","","","","FromPage"
"Estoque","","","","","","","ftDataSet"
"Estoque","","","","","","","gdSelected"
"Estoque","","","","","","","goDrawFocusSelected"
"Estoque","","","","","","","HideSelection"
"Estoque","","","","","","","HideSelectionH"
"Estoque","","","","","","","HideSelectionp"
"Estoque","","","","","","","IHelpSelector"
"Estoque","","","","","","","IndexFieldNames"
"Estoque","","","","","","","IndexFieldNamesT"
"Estoque","","","","","","","InsertSQLT"
"Estoque","","","","","","","Invalid Enum Value&Missing Connection or ConnectionString0Filter property cannot be used for detail tablesUDataset does not support bookmarks, which are required for multi-record data controls"
"Estoque","","","","","","","Invalid format type for BCD$Could not parse SQL TimeStamp string"
"Estoque","","","","","","","Invalid ImageList Index)Failed to read ImageList data from stream(Failed to write ImageList data to stream$Error creating window device context"
"Estoque","","","","","","","Invalid SQL date/time values"
"Estoque","","","","","","","isc_decode_sql_date"
"Estoque","","","","","","","isc_decode_sql_time"
"Estoque","","","","","","","isc_dpb_set_db_sql_dialect"
"Estoque","","","","","","","isc_dpb_sql_dialect"
"Estoque","","","","","","","isc_dpb_sql_role_name"
"Estoque","","","","","","","isc_dsql_alloc_statement2"
"Estoque","","","","","","","isc_dsql_allocate_statement"
"Estoque","","","","","","","isc_dsql_describe"
"Estoque","","","","","","","isc_dsql_describe_bind"
"Estoque","","","","","","","isc_dsql_execute"
"Estoque","","","","","","","isc_dsql_execute_immediate"
"Estoque","","","","","","","isc_dsql_execute2"
"Estoque","","","","","","","isc_dsql_fetch"
"Estoque","","","","","","","isc_dsql_free_statement"
"Estoque","","","","","","","isc_dsql_prepare"
"Estoque","","","","","","","isc_dsql_set_cursor_name"
"Estoque","","","","","","","isc_dsql_sql_info"
"Estoque","","","","","","","isc_encode_sql_date"
"Estoque","","","","","","","isc_encode_sql_time"
"Estoque","","","","","","","isc_sql_interprete"
"Estoque","","","","","","","isc_sqlcode"
"Estoque","","","","","","","ISGMT.RDB$FIELD_NAME, I.RDB$INDEX_TYPE, I.RDB$SEGMENT_COUNT, COUNT (DISTINCT P.RDB$PAGE_NUMBER)  FROM RDB$INDICES I JOIN RDB$INDEX_SEGMENTS ISGMT ON I.RDB$INDEX_NAME = ISGMT.RDB$INDEX_NAME JOIN RDB$RELATIONS R ON (R.RDB$RELATION_NAME = I.RDB$RELATION_NAME) JOIN RDB$PAGES P ON (P.RDB$RELATION_ID = R.RDB$RELATION_ID AND P.RDB$PAGE_TYPE = 7 OR P.RDB$PAGE_TYPE = 6) WHERE "
"Estoque","","","","","","","IZDbcSqLite"
"Estoque","","","","","","","IZMySQLPlainDriver"
"Estoque","","","","","","","IZParamsSQLDA"
"Estoque","","","","","","","IZPostgreSQLPlainDriver"
"Estoque","","","","","","","IZResultSQLDA"
"Estoque","","","","","","","IZSQLDA"
"Estoque","","","","","","","IZSQLitePlainDriver"
"Estoque","","","","","","","KZDbcMySqlStatement"
"Estoque","","","","","","","LAST_INSERT_ROWID,SQLITE_VERSION,TYPEOF"
"Estoque","","","","","","","libmysql320.dll"
"Estoque","","","","","","","libmysql323.dll"
"Estoque","","","","","","","libmysql40.dll"
"Estoque","","","","","","","libmysql41.dll"
"Estoque","","","","","","","LookupDataSet"
"Estoque","","","","","","","method not supported$Insufficient data for Content-Length&Error reading from Mime Request Stream"
"Estoque","","","","","","","Missing DataSetField property"
"Estoque","","","","","","","Missing TableName property"
"Estoque","","","","","","","ModifySQLd5J"
"Estoque","","","","","","","MonitorFromPoint"
"Estoque","","","","","","","MonitorFromRect"
"Estoque","","","","","","","MonitorFromWindow"
"Estoque","","","","","","","MOrder QuickReport 3.0 Professional or download free updates from our web site"
"Estoque","","","","","","","MS SQL"
"Estoque","","","","","","","MSDASQL"
"Estoque","","","","","","","MSDASQL.1"
"Estoque","","","","","","","mssql"
"Estoque","","","","","","","MultiSelect"
"Estoque","","","","","","","mysql"
"Estoque","","","","","","","mysql_add_slave"
"Estoque","","","","","","","mysql_affected_rows"
"Estoque","","","","","","","mysql_change_user"
"Estoque","","","","","","","mysql_character_set_name"
"Estoque","","","","","","","mysql_close"
"Estoque","","","","","","","mysql_connect"
"Estoque","","","","","","","mysql_create_db"
"Estoque","","","","","","","mysql_data_seek"
"Estoque","","","","","","","mysql_debug"
"Estoque","","","","","","","mysql_disable_reads_from_master"
"Estoque","","","","","","","mysql_disable_rpl_parse"
"Estoque","","","","","","","mysql_drop_db"
"Estoque","","","","","","","mysql_dump_debug_info"
"Estoque","","","","","","","mysql_enable_reads_from_master"
"Estoque","","","","","","","mysql_enable_rpl_parse"
"Estoque","","","","","","","mysql_eof"
"Estoque","","","","","","","mysql_errno"
"Estoque","","","","","","","mysql_error"
"Estoque","","","","","","","mysql_escape_string"
"Estoque","","","","","","","mysql_fetch_field"
"Estoque","","","","","","","mysql_fetch_field_direct"
"Estoque","","","","","","","mysql_fetch_fields"
"Estoque","","","","","","","mysql_fetch_lengths"
"Estoque","","","","","","","mysql_fetch_row"
"Estoque","","","","","","","mysql_field_count"
"Estoque","","","","","","","mysql_field_seek"
"Estoque","","","","","","","mysql_field_tell"
"Estoque","","","","","","","mysql_free_result"
"Estoque","","","","","","","mysql_get_client_info"
"Estoque","","","","","","","mysql_get_client_version"
"Estoque","","","","","","","mysql_get_host_info"
"Estoque","","","","","","","mysql_get_proto_info"
"Estoque","","","","","","","mysql_get_server_info"
"Estoque","","","","","","","mysql_get_server_version"
"Estoque","","","","","","","mysql_info"
"Estoque","","","","","","","mysql_init"
"Estoque","","","","","","","mysql_insert_id"
"Estoque","","","","","","","mysql_kill"
"Estoque","","","","","","","mysql_list_dbs"
"Estoque","","","","","","","mysql_list_fields"
"Estoque","","","","","","","mysql_list_processes"
"Estoque","","","","","","","mysql_list_tables"
"Estoque","","","","","","","mysql_manager_close"
"Estoque","","","","","","","mysql_manager_command"
"Estoque","","","","","","","mysql_manager_connect"
"Estoque","","","","","","","mysql_manager_fetch_line"
"Estoque","","","","","","","mysql_manager_init"
"Estoque","","","","","","","mysql_master_query"
"Estoque","","","","","","","mysql_master_send_query"
"Estoque","","","","","","","mysql_num_fields"
"Estoque","","","","","","","mysql_num_rows"
"Estoque","","","","","","","mysql_options"
"Estoque","","","","","","","mysql_ping"
"Estoque","","","","","","","mysql_query"
"Estoque","","","","","","","mysql_read_query_result"
"Estoque","","","","","","","mysql_reads_from_master_enabled"
"Estoque","","","","","","","mysql_real_connect"
"Estoque","","","","","","","mysql_real_escape_string"
"Estoque","","","","","","","mysql_real_query"
"Estoque","","","","","","","mysql_refresh"
"Estoque","","","","","","","mysql_row_seek"
"Estoque","","","","","","","mysql_row_tell"
"Estoque","","","","","","","mysql_rpl_parse_enabled"
"Estoque","","","","","","","mysql_rpl_probe"
"Estoque","","","","","","","mysql_rpl_query_type"
"Estoque","","","","","","","mysql_select_db"
"Estoque","","","","","","","mysql_send_query"
"Estoque","","","","","","","mysql_server_end"
"Estoque","","","","","","","mysql_server_init"
"Estoque","","","","","","","mysql_set_master"
"Estoque","","","","","","","mysql_set_server_option"
"Estoque","","","","","","","mysql_shutdown"
"Estoque","","","","","","","mysql_slave_query"
"Estoque","","","","","","","mysql_slave_send_query"
"Estoque","","","","","","","mysql_sqlstate"
"Estoque","","","","","","","mysql_ssl_set"
"Estoque","","","","","","","mysql_stat"
"Estoque","","","","","","","mysql_store_result"
"Estoque","","","","","","","mysql_thread_end"
"Estoque","","","","","","","mysql_thread_id"
"Estoque","","","","","","","mysql_thread_init"
"Estoque","","","","","","","mysql_thread_safe"
"Estoque","","","","","","","mysql_use_result"
"Estoque","","","","","","","mysql_warning_count"
"Estoque","","","","","","","mysql-3.20"
"Estoque","","","","","","","mysql-3.23"
"Estoque","","","","","","","mysql-4.0"
"Estoque","","","","","","","mysql-4.1"
"Estoque","","","","","","","mysql01.lavsoft.com.br"
"Estoque","","","","","","","mZDbcMySql"
"Estoque","","","","","","","Native dblib driver for MS SQL 7+"
"Estoque","","","","","","","Native Plain Driver for MySQL 3.20+"
"Estoque","","","","","","","Native Plain Driver for MySQL 3.23+"
"Estoque","","","","","","","Native Plain Driver for MySQL 4.0+"
"Estoque","","","","","","","Native Plain Driver for MySQL 4.1+"
"Estoque","","","","","","","Native Plain Driver for PostgreSQL 6.5+"
"Estoque","","","","","","","Native Plain Driver for PostgreSQL 7.2+"
"Estoque","","","","","","","Native Plain Driver for PostgreSQL 7.3+"
"Estoque","","","","","","","Native Plain Driver for PostgreSQL 7.4+"
"Estoque","","","","","","","Native Plain Driver for SQLite 2.8"
"Estoque","","","","","","","No matching DOM Vendor: ""%s""<Selected DOM Vendor does not support this property or method;Property or Method ""%s"" is not supported by DOM Vendor ""%s"""
"Estoque","","","","","","","No SQL statement available"
"Estoque","","","","","","","No WSDL or URL property was set in the THTTPRIO component. You must set the WSDL or URL property before invoking the Web ServiceMUnable to retrieve the URL endpoint for Service/Port '%s'/'%s' from WSDL '%s'HDatatype of TypeKind: %s not supported as argument for remote invocationRMust enable multiref output for objects when serializing a graph of objects - (%s)\Conversion from class %s to SOAP is not supported - SOAP classes must derive from TRemotable>Internal error: data type kind %s not expected in this contextNReceived content of invalid Content-Type setting: %s - SOAP expects ""text/xml"""
"Estoque","","","","","","","NZMySqlToken"
"Estoque","","","","","","","o, CodigoTPV as Codigo, Obs From """
"Estoque","","","","","","","OCIDateTimeFromText"
"Estoque","","","","","","","OCILobLoadFromFile"
"Estoque","","","","","","","odSelected"
"Estoque","","","","","","","ofAllowMultiSelect"
"Estoque","","","","","","","OnSelect("
"Estoque","","","","","","","OnSelectAuthorizationPSd"
"Estoque","","","","","","","OnSelectionChange"
"Estoque","","","","","","","OnSelectionChange("
"Estoque","","","","","","","OnSelectProxyAuthorization"
"Estoque","","","","","","","poSelection"
"Estoque","","","","","","","PostgreSQL"
"Estoque","","","","","","","postgresql-6.5"
"Estoque","","","","","","","postgresql-7.2"
"Estoque","","","","","","","postgresql-7.3"
"Estoque","","","","","","","postgresql-7.4"
"Estoque","","","","","","","Printer selected is not valid"
"Estoque","","","","","","","ProgIDFromCLSID"
"Estoque","","","","","","","Provider=SQLOLEDB.1;Password="
"Estoque","","","","","","","Provider=SQLOLEDB.1;Password=D8cmSG9HZe;Persist Security Info=True;User ID=administrador;Initial Catalog=lavsoft1;Data Source=lavsoft1.cz66jlef2chy.sa-east-1.rds.amazonaws.com"
"Estoque","","","","","","","Provider=SQLOLEDB.1;Password=Lavs018jun10;Persist Security Info=True;User ID=lavsoft1;Initial Catalog=lavsoft1;Data Source=187.45.196.10"
"Estoque","","","","","","","prSelection"
"Estoque","","","","","","","QZDbcMySqlResultSet"
"Estoque","","","","","","","recvfrom"
"Estoque","","","","","","","ReferenceTableName"
"Estoque","","","","","","","Row buffer is not assigned&Column with index %d is not accessable6Convertion is not possible for column %d from %s to %s4Can not access blob record in column %d with type %s"
"Estoque","","","","","","","rSqlTimSt"
"Estoque","","","","","","","SELECT"
"Estoque","","","","","","","SELECT "
"Estoque","","","","","","","SELECT '"
"Estoque","","","","","","","SELECT ''::text AS TABLE_SCHEM ORDER BY TABLE_SCHEM"
"Estoque","","","","","","","SELECT @@IDENTITY"
"Estoque","","","","","","","select @@rowcount"
"Estoque","","","","","","","Select *  From """
"Estoque","","","","","","","SELECT * FROM "
"Estoque","","","","","","","Select * From   """
"Estoque","","","","","","","Select * From   "":"
"Estoque","","","","","","","Select * From """
"Estoque","","","","","","","Select * From "":"
"Estoque","","","","","","","Select * from CliContato where CodCli ='"
"Estoque","","","","","","","Select a Date"
"Estoque","","","","","","","SELECT a.attname,a.atttypid FROM pg_catalog.pg_attribute a WHERE a.attrelid=%s ORDER BY a.attnum"
"Estoque","","","","","","","SELECT a.RDB$RELATION_NAME, a.RDB$FIELD_NAME, a.RDB$FIELD_POSITION, a.RDB$NULL_FLAG, b. RDB$FIELD_LENGTH, b.RDB$FIELD_SCALE, c.RDB$TYPE_NAME, b.RDB$FIELD_TYPE, b.RDB$FIELD_SUB_TYPE, b.RDB$DESCRIPTION, b.RDB$CHARACTER_LENGTH, b.RDB$FIELD_SCALE as RDB$FIELD_PRECISION, a.RDB$DEFAULT_SOURCE, b.RDB$DEFAULT_SOURCE as RDB$DEFAULT_SOURCE_DOMAIN FROM RDB$RELATION_FIELDS a JOIN RDB$FIELDS b ON (b.RDB$FIELD_NAME = a.RDB$FIELD_SOURCE) LEFT JOIN RDB$TYPES c ON b.RDB$FIELD_TYPE = c.RDB$TYPE and c.RDB$FIELD_NAME = 'RDB$FIELD_TYPE'"
"Estoque","","","","","","","SELECT a.RDB$USER, a.RDB$GRANTOR, a.RDB$PRIVILEGE, a.RDB$GRANT_OPTION, a.RDB$RELATION_NAME FROM RDB$USER_PRIVILEGES a, RDB$TYPES b WHERE a.RDB$OBJECT_TYPE = b.RDB$TYPE AND  b.RDB$TYPE_NAME IN ('RELATION', 'VIEW', 'COMPUTED_FIELD', 'FIELD' ) AND a.RDB$FIELD_NAME IS NULL "
"Estoque","","","","","","","SELECT a.RDB$USER, a.RDB$GRANTOR, a.RDB$PRIVILEGE, a.RDB$GRANT_OPTION, a.RDB$RELATION_NAME, a.RDB$FIELD_NAME  FROM RDB$USER_PRIVILEGES a, RDB$TYPES b  WHERE a.RDB$OBJECT_TYPE = b.RDB$TYPE AND "
"Estoque","","","","","","","select c.* from syscolumns c inner join sysobjects o on (o.id = c.id) where o.name = %s and c.number = %s order by colid"
"Estoque","","","","","","","select c.colid, c.name, c.type, c.prec, c.scale, c.colstat, c.status, c.iscomputed from syscolumns c inner join sysobjects o on (o.id = c.id) where o.name = %s order by colid"
"Estoque","","","","","","","select c.colid, c.name, c.type, c.prec, c.scale, c.status from syscolumns c inner join sysobjects o on (o.id = c.id) where o.name = %s order by colid"
"Estoque","","","","","","","SELECT c.host, c.db, t.grantor, c.user, c.table_name, c.column_name, c.column_priv FROM mysql.columns_priv c, mysql.tables_priv t WHERE c.host=t.host AND c.db=t.db AND c.table_name=t.table_name AND c.db='%s' AND c.table_name='%s' AND c.column_name LIKE '%s'"
"Estoque","","","","","","","Select CodEst,CodProEst "
"Estoque","","","","","","","Select CodTabEst,CodProEst,DesProEst,PreUni,Moeda From """
"Estoque","","","","","","","SELECT D.CodCli, D.Baixa, D.Cancelado, D.DatVen, D.ValDup, D.NumFat "
"Estoque","","","","","","","Select dataset"
"Estoque","","","","","","","SELECT datname AS TABLE_CAT FROM pg_catalog.pg_database ORDER BY TABLE_CAT"
"Estoque","","","","","","","SELECT datname AS TABLE_CAT FROM pg_database ORDER BY TABLE_CAT"
"Estoque","","","","","","","Select DescTPV as Descri"
"Estoque","","","","","","","SELECT DISTINCT a.RDB$RELATION_NAME, b.RDB$SYSTEM_FLAG, b.RDB$VIEW_CONTEXT, a.RDB$VIEW_SOURCE FROM RDB$RELATIONS a JOIN RDB$RELATION_FIELDS b ON a.RDB$RELATION_NAME=b.RDB$RELATION_NAME"
"Estoque","","","","","","","SELECT DISTINCT n1.nspname as pnspname,n2.nspname as fnspname, "
"Estoque","","","","","","","SELECT DISTINCT NULL::text as pnspname, NULL::text as fnspname, "
"Estoque","","","","","","","Select function"
"Estoque","","","","","","","SELECT host,db,table_name,grantor,user,table_priv from mysql.tables_priv WHERE db='%s' AND table_name LIKE '%s'"
"Estoque","","","","","","","SELECT LAST_INSERT_ID()"
"Estoque","","","","","","","SELECT LAST_INSERT_ROWID()"
"Estoque","","","","","","","Select M.CodKit, C.DesKit, F.NomFun, M.DatLan From """
"Estoque","","","","","","","SELECT M.Rol, M.CodCli, M.Cancelado, M.DatLan, M.ValTot, M.DescontoRol, M.DescontoValor, TotPecas, M.NumOs, M.Posicao, M.NumNot, M.NumNotAdi"
"Estoque","","","","","","","Select M.ValTot, M.DescontoRol, M.DescontoValor, M.NumNot, M.NumNotAdi,N.ValBasNot, "
"Estoque","","","","","","","Select MAX("
"Estoque","","","","","","","Select Max(DatConf), Qde, ValUnit From """
"Estoque","","","","","","","SELECT n.nspname,c.relname,a.attname,a.atttypid,a.attnotnull,a.atttypmod,a.attlen,a.attnum,def.adsrc,dsc.description  FROM pg_catalog.pg_namespace n  JOIN pg_catalog.pg_class c ON (c.relnamespace = n.oid)  JOIN pg_catalog.pg_attribute a ON (a.attrelid=c.oid)  LEFT JOIN pg_catalog.pg_attrdef def ON (a.attrelid=def.adrelid AND a.attnum = def.adnum) LEFT JOIN pg_catalog.pg_description dsc ON (c.oid=dsc.objoid AND a.attnum = dsc.objsubid)  LEFT JOIN pg_catalog.pg_class dc ON (dc.oid=dsc.classoid AND dc.relname='pg_class') LEFT JOIN pg_catalog.pg_namespace dn ON (dc.relnamespace=dn.oid AND dn.nspname='pg_catalog')  WHERE a.attnum > 0 AND NOT a.attisdropped "
"Estoque","","","","","","","SELECT n.nspname,c.relname,u.usename,c.relacl  FROM pg_catalog.pg_namespace n, pg_catalog.pg_class c, pg_catalog.pg_user u WHERE c.relnamespace = n.oid  AND u.usesysid = c.relowner AND c.relkind = 'r' "
"Estoque","","","","","","","SELECT n.nspname,c.relname,u.usename,c.relacl,a.attname  FROM pg_catalog.pg_namespace n, pg_catalog.pg_class c, pg_catalog.pg_user u, pg_catalog.pg_attribute a  WHERE c.relnamespace = n.oid AND u.usesysid = c.relowner  AND c.oid = a.attrelid AND c.relkind = 'r'  AND a.attnum > 0 AND NOT a.attisdropped "
"Estoque","","","","","","","SELECT n.nspname,p.proname,p.prorettype,p.proargtypes,t.typtype,t.typrelid FROM pg_catalog.pg_proc p, pg_catalog.pg_namespace n, pg_catalog.pg_type t WHERE p.pronamespace=n.oid AND p.prorettype=t.oid"
"Estoque","","","","","","","select name as TABLE_OWNER from sysusers where islogin = 1"
"Estoque","","","","","","","SELECT nspname AS TABLE_SCHEM FROM pg_catalog.pg_namespace WHERE nspname <> 'pg_toast' AND nspname NOT LIKE 'pg\\_temp\\_%' ORDER BY TABLE_SCHEM"
"Estoque","","","","","","","SELECT NULL AS nspname,p.proname,p.prorettype,p.proargtypes,t.typtype,t.typrelid FROM pg_proc p, pg_type t WHERE p.prorettype=t.oid AND p.proname LIKE '"
"Estoque","","","","","","","SELECT NULL AS PROCEDURE_CAT, n.nspname AS PROCEDURE_SCHEM, p.proname AS PROCEDURE_NAME, NULL AS RESERVED1, NULL AS RESERVED2, NULL AS RESERVED3, d.description AS REMARKS, "
"Estoque","","","","","","","SELECT NULL AS PROCEDURE_CAT, NULL AS PROCEDURE_SCHEM, p.proname AS PROCEDURE_NAME, NULL AS RESERVED1, NULL AS RESERVED2, NULL AS RESERVED3, d.description AS REMARKS, "
"Estoque","","","","","","","SELECT NULL AS PROCEDURE_CAT, NULL AS PROCEDURE_SCHEM, p.proname AS PROCEDURE_NAME, NULL AS RESERVED1, NULL AS RESERVED2, NULL AS RESERVED3, NULL AS REMARKS, "
"Estoque","","","","","","","SELECT NULL AS TABLE_CAT, A.OWNER AS TABLE_SCHEM, A.TABLE_NAME, B.COLUMN_NAME, B.COLUMN_POSITION AS KEY_SEQ, A.INDEX_NAME AS PK_NAME FROM ALL_INDEXES A, ALL_IND_COLUMNS B WHERE A.OWNER=B.INDEX_OWNER AND A.INDEX_NAME=B.INDEX_NAME AND A.TABLE_OWNER=B.TABLE_OWNER AND A.TABLE_NAME=B.TABLE_NAME AND A.UNIQUENESS='UNIQUE' AND A.GENERATED='Y' AND A.INDEX_NAME LIKE 'SYS_%'"
"Estoque","","","","","","","SELECT NULL AS TABLE_CAT, n.nspname AS TABLE_SCHEM, "
"Estoque","","","","","","","SELECT NULL AS TABLE_CAT, NULL AS TABLE_SCHEM, "
"Estoque","","","","","","","SELECT NULL AS TABLE_CAT, NULL AS TABLE_SCHEM, c.relname AS TABLE_NAME, "
"Estoque","","","","","","","SELECT NULL AS TABLE_CAT, OWNER AS TABLE_SCHEM, SYNONYM_NAME AS TABLE_NAME, 'SYNONYM' AS TABLE_TYPE, NULL AS REMARKS FROM SYS.ALL_SYNONYMS WHERE OWNER LIKE '"
"Estoque","","","","","","","SELECT NULL AS TABLE_CAT, OWNER AS TABLE_SCHEM, TABLE_NAME, 'TABLE' AS TABLE_TYPE, NULL AS REMARKS FROM SYS.ALL_TABLES WHERE OWNER LIKE '"
"Estoque","","","","","","","SELECT NULL AS TABLE_CAT, OWNER AS TABLE_SCHEM, VIEW_NAME AS TABLE_NAME, 'VIEW' AS TABLE_TYPE, NULL AS REMARKS FROM SYS.ALL_VIEWS WHERE OWNER LIKE '"
"Estoque","","","","","","","SELECT NULL AS TABLE_CAT, SEQUENCE_OWNER AS TABLE_SCHEM, SEQUENCE_NAME AS TABLE_NAME, 'SEQUENCE' AS TABLE_TYPE, NULL AS REMARKS FROM SYS.ALL_SEQUENCES WHERE SEQUENCE_OWNER LIKE '"
"Estoque","","","","","","","SELECT NULL AS TABLE_CAT, TABLE_SCHEMA AS TABLE_SCHEM, TABLE_NAME, COLUMN_NAME, GRANTOR, GRANTEE, PRIVILEGE, GRANTABLE AS IS_GRANTABLE FROM SYS.ALL_COL_PRIVS WHERE"
"Estoque","","","","","","","SELECT NULL AS TABLE_CAT, TABLE_SCHEMA AS TABLE_SCHEM, TABLE_NAME, GRANTOR, GRANTEE, PRIVILEGE, GRANTABLE AS IS_GRANTABLE FROM SYS.ALL_TAB_PRIVS WHERE TABLE_SCHEMA LIKE '"
"Estoque","","","","","","","SELECT NULL, A.OWNER, A.TABLE_NAME, A.UNIQUENESS, NULL, A.INDEX_NAME, 3, B.COLUMN_POSITION, B.COLUMN_NAME, B.DESCEND, 0, 0, NULL FROM ALL_INDEXES A, ALL_IND_COLUMNS B WHERE A.OWNER=B.INDEX_OWNER AND A.INDEX_NAME=B.INDEX_NAME AND A.TABLE_OWNER=B.TABLE_OWNER AND A.TABLE_NAME=B.TABLE_NAME"
"Estoque","","","","","","","SELECT NULL, OWNER, TABLE_NAME, COLUMN_NAME, NULL, DATA_TYPE, DATA_LENGTH, NULL, DATA_PRECISION, DATA_SCALE, NULLABLE, NULL, DATA_DEFAULT, NULL, NULL, NULL, COLUMN_ID, NULLABLE FROM SYS.ALL_TAB_COLUMNS WHERE OWNER LIKE '"
"Estoque","","","","","","","SELECT NULL::text AS nspname,c.relname,a.attname,a.atttypid,a.attnotnull,a.atttypmod,a.attlen,a.attnum,def.adsrc,dsc.description  FROM pg_class c JOIN pg_attribute a ON (a.attrelid=c.oid)  LEFT JOIN pg_attrdef def ON (a.attrelid=def.adrelid AND a.attnum = def.adnum) LEFT JOIN pg_description dsc ON (a.oid=dsc.objoid) WHERE a.attnum > 0 "
"Estoque","","","","","","","SELECT NULL::text AS nspname,c.relname,a.attname,a.atttypid,a.attnotnull,a.atttypmod,a.attlen,a.attnum,def.adsrc,dsc.description  FROM pg_class c JOIN pg_attribute a ON (a.attrelid=c.oid)  LEFT JOIN pg_attrdef def ON (a.attrelid=def.adrelid AND a.attnum = def.adnum) LEFT JOIN pg_description dsc ON (c.oid=dsc.objoid AND a.attnum = dsc.objsubid)  LEFT JOIN pg_class dc ON (dc.oid=dsc.classoid AND dc.relname='pg_class') WHERE a.attnum > 0 "
"Estoque","","","","","","","SELECT NULL::text AS nspname,c.relname,a.attname,a.atttypid,a.attnotnull,a.atttypmod,a.attlen,a.attnum,NULL AS adsrc,NULL AS description FROM pg_class c, pg_attribute a  WHERE a.attrelid=c.oid AND a.attnum > 0 "
"Estoque","","","","","","","SELECT NULL::text AS nspname,c.relname,u.usename,c.relacl  FROM pg_class c, pg_user u WHERE u.usesysid = c.relowner  AND c.relkind = 'r' "
"Estoque","","","","","","","SELECT NULL::text AS nspname,c.relname,u.usename,c.relacl,a.attname FROM pg_class c, pg_user u,pg_attribute a  WHERE u.usesysid = c.relowner AND c.oid = a.attrelid  AND a.attnum > 0 AND c.relkind = 'r' "
"Estoque","","","","","","","Select NumNot,ValCre from ""CliCredito"" Where NumNot='"
"Estoque","","","","","","","SELECT oid, typname FROM pg_type WHERE oid<10000"
"Estoque","","","","","","","SELECT oid, typname, typbasetype FROM pg_type WHERE oid<10000 OR typbasetype<>0 ORDER BY oid"
"Estoque","","","","","","","SELECT P.CodPro, M.CodPro, M.CodCli, M.CodPro, M.Quant_Real, M.Quant_Prev, M.MedLan, P.DesPro "
"Estoque","","","","","","","Select P.DesProEst,E.CodProEst,P.CodProEst,E.CodEst From """
"Estoque","","","","","","","Select P.DesProEst,P.CodProEst From """
"Estoque","","","","","","","SELECT RDB$FIELD_NAME FROM RDB$RELATION_FIELDS  WHERE RDB$RELATION_NAME = '"
"Estoque","","","","","","","SELECT RDB$PROCEDURE_NAME, RDB$PROCEDURE_OUTPUTS, RDB$DESCRIPTION FROM RDB$PROCEDURES"
"Estoque","","","","","","","SELECT RELC_PRIM.RDB$RELATION_NAME,  IS_PRIM.RDB$FIELD_NAME,  RELC_FOR.RDB$RELATION_NAME,  IS_FOR.RDB$FIELD_NAME,  IS_FOR.RDB$FIELD_POSITION,  REFC_PRIM.RDB$UPDATE_RULE,  REFC_PRIM.RDB$DELETE_RULE,  RELC_FOR.RDB$CONSTRAINT_NAME,  RELC_PRIM.RDB$CONSTRAINT_NAME  FROM RDB$RELATION_CONSTRAINTS RELC_FOR, RDB$REF_CONSTRAINTS REFC_FOR,  RDB$RELATION_CONSTRAINTS RELC_PRIM, RDB$REF_CONSTRAINTS REFC_PRIM,  RDB$INDEX_SEGMENTS IS_PRIM,  RDB$INDEX_SEGMENTS IS_FOR  WHERE RELC_FOR.RDB$CONSTRAINT_TYPE = 'FOREIGN KEY' AND "
"Estoque","","","","","","","Select SeqPed, DatPed, CodFor, Cancelado, NotFisPed, ValTotal, CodEst, CodVen, Obs"
"Estoque","","","","","","","Select sigla_UF From """
"Estoque","","","","","","","Select T.CodProEst AS CODIGO, P.DesProEst AS DESCRICAO, T.PreUni AS VALOR, T.CodTabEst AS TABELA,P.CodProEst From """
"Estoque","","","","","","","SELECT USERNAME AS TABLE_SCHEM FROM SYS.ALL_USERS"
"Estoque","","","","","","","Select variable"
"Estoque","","","","","","","SELECT VERSION()"
"Estoque","","","","","","","SELECT version(), CASE WHEN pg_encoding_to_char(1)='SQL_ASCII' THEN 'UNKNOWN' ELSE getdatabaseencoding() END"
"Estoque","","","","","","","SelectClipRgn"
"Estoque","","","","","","","Selected"
"Estoque","","","","","","","Selected Printer"
"Estoque","","","","","","","Selection"
"Estoque","","","","","","","SelectionED"
"Estoque","","","","","","","SelectionEDH"
"Estoque","","","","","","","SelectionEDKeyPress"
"Estoque","","","","","","","SelectionLabel"
"Estoque","","","","","","","SelectionLabelD"
"Estoque","","","","","","","SelectionRB"
"Estoque","","","","","","","SelectionRB,"
"Estoque","","","","","","","SelectionRBClick"
"Estoque","","","","","","","selectNode"
"Estoque","","","","","","","selectNodes"
"Estoque","","","","","","","SelectObject"
"Estoque","","","","","","","SelectPalette"
"Estoque","","","","","","","SHOW COLUMNS FROM %s.%s LIKE '%s'"
"Estoque","","","","","","","SHOW INDEX FROM %s.%s"
"Estoque","","","","","","","SHOW KEYS FROM %s.%s"
"Estoque","","","","","","","SHOW TABLE STATUS FROM %s"
"Estoque","","","","","","","SHOW TABLE STATUS FROM %s LIKE '%s'"
"Estoque","","","","","","","SHOW TABLES FROM %s LIKE '%s'"
"Estoque","","","","","","","soAllowPrintFromPreview"
"Estoque","","","","","","","SQL Error: %s List capacity out of bounds (%d)"
"Estoque","","","","","","","SQL Error: %s. Error Code: %d. %s"
"Estoque","","","","","","","SQL not supported: %s"
"Estoque","","","","","","","SQL Query is empty""Cannot execute more then one query-Operation is not allowed in FORWARD ONLY mode*Operation is not allowed in READ ONLY mode+Operation is not allowed for closed dataset No more records in the ResultSet"
"Estoque","","","","","","","SQL_ARRAY"
"Estoque","","","","","","","SQL_BIG_RESULT"
"Estoque","","","","","","","SQL_BLOB"
"Estoque","","","","","","","SQL_BOOLEAN"
"Estoque","","","","","","","SQL_BUFFER_RESULT"
"Estoque","","","","","","","SQL_D_FLOAT"
"Estoque","","","","","","","SQL_DATA_TYPE"
"Estoque","","","","","","","SQL_DATETIME_SUB"
"Estoque","","","","","","","SQL_DOUBLE"
"Estoque","","","","","","","SQL_FLOAT"
"Estoque","","","","","","","SQL_INT64"
"Estoque","","","","","","","SQL_LONG"
"Estoque","","","","","","","SQL_QUAD"
"Estoque","","","","","","","SQL_SHORT"
"Estoque","","","","","","","SQL_SMALL_RESULT"
"Estoque","","","","","","","SQL_TEXT"
"Estoque","","","","","","","SQL_TIMESTAMP"
"Estoque","","","","","","","SQL_TYPE_DATE"
"Estoque","","","","","","","SQL_TYPE_TIME"
"Estoque","","","","","","","SQL_VARYING"
"Estoque","","","","","","","SQL.Strings"
"Estoque","","","","","","","SQLd5J"
"Estoque","","","","","","","SqlExpr"
"Estoque","","","","","","","SQLEXPRESS"
"Estoque","","","","","","","SQLHourGlass"
"Estoque","","","","","","","sqlite"
"Estoque","","","","","","","sqlite_aggregate_context"
"Estoque","","","","","","","sqlite_aggregate_count"
"Estoque","","","","","","","sqlite_bind"
"Estoque","","","","","","","sqlite_busy_handler"
"Estoque","","","","","","","sqlite_busy_timeout"
"Estoque","","","","","","","sqlite_changes"
"Estoque","","","","","","","sqlite_close"
"Estoque","","","","","","","sqlite_commit_hook"
"Estoque","","","","","","","sqlite_compile"
"Estoque","","","","","","","sqlite_complete"
"Estoque","","","","","","","sqlite_create_aggregate"
"Estoque","","","","","","","sqlite_create_function"
"Estoque","","","","","","","sqlite_error_string"
"Estoque","","","","","","","sqlite_exec"
"Estoque","","","","","","","sqlite_finalize"
"Estoque","","","","","","","sqlite_free_table"
"Estoque","","","","","","","sqlite_freemem"
"Estoque","","","","","","","sqlite_function_type"
"Estoque","","","","","","","sqlite_get_table"
"Estoque","","","","","","","sqlite_interrupt"
"Estoque","","","","","","","sqlite_last_insert_rowid"
"Estoque","","","","","","","sqlite_last_statement_changes"
"Estoque","","","","","","","sqlite_libencoding"
"Estoque","","","","","","","sqlite_libversion"
"Estoque","","","","","","","SQLITE_MASTER WHERE "
"Estoque","","","","","","","sqlite_open"
"Estoque","","","","","","","sqlite_open_encrypted"
"Estoque","","","","","","","sqlite_progress_handler"
"Estoque","","","","","","","sqlite_rekey"
"Estoque","","","","","","","sqlite_reset"
"Estoque","","","","","","","sqlite_set_authorizer"
"Estoque","","","","","","","sqlite_set_result_double"
"Estoque","","","","","","","sqlite_set_result_error"
"Estoque","","","","","","","sqlite_set_result_int"
"Estoque","","","","","","","sqlite_set_result_string"
"Estoque","","","","","","","sqlite_step"
"Estoque","","","","","","","sqlite_trace"
"Estoque","","","","","","","sqlite_user_data"
"Estoque","","","","","","","sqlite-2.8"
"Estoque","","","","","","","sqlite.dll"
"Estoque","","","","","","","SQLOLEDB.1"
"Estoque","","","","","","","SqlRegistro"
"Estoque","","","","","","","SQLTimeStamp"
"Estoque","","","","","","","SqlTimSt"
"Estoque","","","","","","","StringFromCLSID"
"Estoque","","","","","","","TableName"
"Estoque","","","","","","","TADODataSet"
"Estoque","","","","","","","TADODataSet(UQ"
"Estoque","","","","","","","TBDEDataSet"
"Estoque","","","","","","","TBDEDataSet4 L"
"Estoque","","","","","","","TClientDataSet"
"Estoque","","","","","","","TCustomADODataSet"
"Estoque","","","","","","","TCustomClientDataSet"
"Estoque","","","","","","","TCustomClientDataSetHzP"
"Estoque","","","","","","","TCustomMultiSelectListControl"
"Estoque","","","","","","","TDataSet"
"Estoque","","","","","","","TDataSetErrorEvent"
"Estoque","","","","","","","TDataSetField"
"Estoque","","","","","","","TDataSetNotifyEvent"
"Estoque","","","","","","","TDataSetUpdateObject"
"Estoque","","","","","","","TDataSetUpdateObjectd"
"Estoque","","","","","","","TDataSource"
"Estoque","","","","","","","TDataSourceLink"
"Estoque","","","","","","","TDataSourceLink|]K"
"Estoque","","","","","","","TDBDataSet"
"Estoque","","","","","","","Text exceeds memo capacity+Operation not supported on selected printer.There is no default printer currently selected"
"Estoque","","","","","","","The credentials supplied were not complete, and could not be verified. Additional information can be returned from the context.4The context data must be renegotiated with the peer.'The target principal name is incorrect.:There is no LSA mode context associated with this context.8The clocks on the client and server machines are skewed.;The certificate chain was issued by an untrusted authority.7The message received was unexpected or badly formatted.;An unknown error occurred while processing the certificate."
"Estoque","","","","","","","TIdOnSelectAuthorization"
"Estoque","","","","","","","TRAVEDATAFIELD.GETFIELDNAME"
"Estoque","","","","","","","TRAVEDATAFIELD.SETFIELDNAME"
"Estoque","","","","","","","TRaveFieldName"
"Estoque","","","","","","","TRvCustomDataSetConnection"
"Estoque","","","","","","","TRvDataSetConnection"
"Estoque","","","","","","","TRvDataSetConnection,1w"
"Estoque","","","","","","","TSelectDateDlg"
"Estoque","","","","","","","TSQLTimeStampData"
"Estoque","","","","","","","TSQLTimeStampField"
"Estoque","","","","","","","TSQLTimeStampVariantType"
"Estoque","","","","","","","TZAbstractDataset"
"Estoque","","","","","","","TZAbstractDataseth"
"Estoque","","","","","","","TZAbstractRODataset"
"Estoque","","","","","","","TZDatasetOption"
"Estoque","","","","","","","TZDatasetOptions"
"Estoque","","","","","","","TZDBLibMSSQL7PlainDriver"
"Estoque","","","","","","","TZGenericSQLQuoteState"
"Estoque","","","","","","","TZGenericSQLSymbolStateH"
"Estoque","","","","","","","TZGenericSQLTokenizer"
"Estoque","","","","","","","TZGenericSQLWordState"
"Estoque","","","","","","","TZMsSqlDatabaseMetadataU"
"Estoque","","","","","","","TZMSSqlNativeLibraryLoader"
"Estoque","","","","","","","TZMySQL320PlainDriver"
"Estoque","","","","","","","TZMySQL323PlainDriver"
"Estoque","","","","","","","TZMySQL40PlainDriver"
"Estoque","","","","","","","TZMySQL41PlainDriver"
"Estoque","","","","","","","TZMySQLCachedResolverU"
"Estoque","","","","","","","TZMySQLCommentState"
"Estoque","","","","","","","TZMySQLConnectionU"
"Estoque","","","","","","","TZMySQLDatabaseMetadata"
"Estoque","","","","","","","TZMySQLDriver"
"Estoque","","","","","","","TZMySQLNativeLibraryLoader"
"Estoque","","","","","","","TZMySQLNumberState"
"Estoque","","","","","","","TZMySQLPreparedStatement"
"Estoque","","","","","","","TZMySQLQuoteState"
"Estoque","","","","","","","TZMySQLResultSet"
"Estoque","","","","","","","TZMySQLResultSetMetadata"
"Estoque","","","","","","","TZMySQLStatement"
"Estoque","","","","","","","TZMySQLStatementAnalyser"
"Estoque","","","","","","","TZMySQLSymbolState"
"Estoque","","","","","","","TZMySQLTokenizer"
"Estoque","","","","","","","TZMySQLWordState"
"Estoque","","","","","","","TZParamsSQLDA"
"Estoque","","","","","","","TZPostgreSQL65PlainDriver"
"Estoque","","","","","","","TZPostgreSQL72PlainDriver"
"Estoque","","","","","","","TZPostgreSQL73PlainDriver"
"Estoque","","","","","","","TZPostgreSQL74PlainDriver"
"Estoque","","","","","","","TZPostgreSQLBlob"
"Estoque","","","","","","","TZPostgreSQLCachedResolver"
"Estoque","","","","","","","TZPostgreSQLCommentState"
"Estoque","","","","","","","TZPostgreSQLConnection"
"Estoque","","","","","","","TZPostgreSQLDatabaseMetadata"
"Estoque","","","","","","","TZPostgreSQLDriver"
"Estoque","","","","","","","TZPostgreSQLNativeLibraryLoaderU"
"Estoque","","","","","","","TZPostgreSQLNumberStatep"
"Estoque","","","","","","","TZPostgreSQLPreparedStatement"
"Estoque","","","","","","","TZPostgreSQLQuoteState"
"Estoque","","","","","","","TZPostgreSQLResultSet"
"Estoque","","","","","","","TZPostgreSQLStatement"
"Estoque","","","","","","","TZPostgreSQLStatementAnalyser"
"Estoque","","","","","","","TZPostgreSQLSymbolState"
"Estoque","","","","","","","TZPostgreSQLTokenizer"
"Estoque","","","","","","","TZPostgreSQLWordState"
"Estoque","","","","","","","TZResultSQLDA"
"Estoque","","","","","","","TZSelectSchema"
"Estoque","","","","","","","TZSQLDA"
"Estoque","","","","","","","TZSQLite28PlainDriver"
"Estoque","","","","","","","TZSQLiteCachedResolver"
"Estoque","","","","","","","TZSQLiteCommentState"
"Estoque","","","","","","","TZSQLiteConnection"
"Estoque","","","","","","","TZSQLiteDatabaseMetadata"
"Estoque","","","","","","","TZSQLiteDriver"
"Estoque","","","","","","","TZSQLiteNativeLibraryLoaderU"
"Estoque","","","","","","","TZSQLiteNumberStatep"
"Estoque","","","","","","","TZSQLitePreparedStatementU"
"Estoque","","","","","","","TZSQLiteQuoteState"
"Estoque","","","","","","","TZSQLiteResultSet"
"Estoque","","","","","","","TZSQLiteResultSetMetadata"
"Estoque","","","","","","","TZSQLiteStatement"
"Estoque","","","","","","","TZSQLiteStatementAnalyser"
"Estoque","","","","","","","TZSQLiteSymbolState"
"Estoque","","","","","","","TZSQLiteTokenizer"
"Estoque","","","","","","","TZSQLiteWordState"
"Estoque","","","","","","","TZSQLStatement"
"Estoque","","","","","","","TZSQLStrings"
"Estoque","","","","","","","TZSQLType"
"Estoque","","","","","","","TZSQLTypeArray"
"Estoque","","","","","","","TZUpdateSQL"
"Estoque","","","","","","","TZUpdateSQLH"
"Estoque","","","","","","","Unsupported data type/Convertion error for field ""%s"" to SQLType ""%s"""
"Estoque","","","","","","","Unsupported operation)No dynamic library from the list %s found7This version is not is no supported isc_encode_sql_date7This version is not is no supported isc_encode_sql_time"
"Estoque","","","","","","","UZPlainMySql40"
"Estoque","","","","","","","VarBoolFromStr"
"Estoque","","","","","","","VarBstrFromBool"
"Estoque","","","","","","","VarBstrFromCy"
"Estoque","","","","","","","VarBstrFromDate"
"Estoque","","","","","","","VarCyFromStr"
"Estoque","","","","","","","VarDateFromStr"
"Estoque","","","","","","","VarI4FromStr"
"Estoque","","","","","","","VarR4FromStr"
"Estoque","","","","","","","VarR8FromStr"
"Estoque","","","","","","","WindowFromPoint"
"Estoque","","","","","","","WSAAsyncSelect"
"Estoque","","","","","","","WSAEventSelect"
"Estoque","","","","","","","WSARecvFrom"
"Estoque","","","","","","","XX CodingLLength from Encryptionkey is invalid."
"Estoque","","","","","","","yZDbcPostgreSqlUtils"
"Estoque","","","","","","","ZAbstractDataset"
"Estoque","","","","","","","ZAbstractDataset8"
"Estoque","","","","","","","ZAbstractRODataset"
"Estoque","","","","","","","ZConn_Mysql"
"Estoque","","","","","","","ZDataset"
"Estoque","","","","","","","ZDatasetUtils"
"Estoque","","","","","","","ZDbcDbLibMsSqlMetadata"
"Estoque","","","","","","","ZDbcMySqlUtils"
"Estoque","","","","","","","ZDbcPostgreSql"
"Estoque","","","","","","","ZDbcPostgreSqlMetadata"
"Estoque","","","","","","","ZDbcPostgreSqlResultSet"
"Estoque","","","","","","","ZDbcPostgreSqlStatement"
"Estoque","","","","","","","ZDbcSqLiteMetadata"
"Estoque","","","","","","","ZDbcSqLiteUtils"
"Estoque","","","","","","","Zeos Database Connectivity Driver for Microsoft SQL Server"
"Estoque","","","","","","","Zeos Database Connectivity Driver for MySQL"
"Estoque","","","","","","","Zeos Database Connectivity Driver for PostgreSQL"
"Estoque","","","","","","","Zeos Database Connectivity Driver for SQLite"
"Estoque","","","","","","","ZGenericSqlAnalyser"
"Estoque","","","","","","","ZGenericSqlToken"
"Estoque","","","","","","","ZPlainDbLibMsSql7"
"Estoque","","","","","","","ZPlainMySql323"
"Estoque","","","","","","","ZPlainMySql41"
"Estoque","","","","","","","ZPlainMySqlDriver"
"Estoque","","","","","","","ZPlainMySqlDriver3"
"Estoque","","","","","","","ZPlainPostgreSql65"
"Estoque","","","","","","","ZPlainPostgreSql73"
"Estoque","","","","","","","ZPlainPostgreSql74"
"Estoque","","","","","","","ZPlainPostgreSqlDriver>"
"Estoque","","","","","","","ZPlainSqLite28"
"Estoque","","","","","","","ZPlainSqLiteDriver"
"Estoque","","","","","","","ZPlainSqLiteDriver%"
"Estoque","","","","","","","ZPostgreSqlAnalyser"
"Estoque","","","","","","","ZPostgreSqlToken"
"Estoque","","","","","","","ZQry_MySQL"
"Estoque","","","","","","","ZSelectSchema"
"Estoque","","","","","","","ZSqlStrings"
"Estoque","","","","","","","ZSqlUpdate"
"Estoque","","","","","","","ZZMySqlAnalyser"
"Financeiro","","","","","","",",Select * From ""C:\EquipExe\Ger\Dados\CadCla"""
"Financeiro","","","","","","",".There is no default printer currently selected/Menu '%s' is already being used by another form"
"Financeiro","","","","","","","""SqlConst"
"Financeiro","","","","","","",") From """
"Financeiro","","","","","","","]ddUOGSJFromxvtutssqnlkhhhefecdcaba^a`^gedljiljiklj,kj9lknjgQMG!"
"Financeiro","","","","","","","0Cannot perform this operation on an open dataset""Dataset not in edit or insert mode1Cannot perform this operation on a closed dataset1Cannot perform this operation on an empty dataset!Cannot modify a read-only dataset#Nested dataset must inherit from %s(Filter expression incorrectly terminated"
"Financeiro","","","","","","","0Select * From ""C:\Equipexe\Ger\Dados\Clientes"" C"
"Financeiro","","","","","","","1Select * From ""C:\Equipexe\Ger\Dados\Forneced.db"""
"Financeiro","","","","","","","3Select * From ""z:\EquipExe\Rec\Filial\Duplicat"" D, "
"Financeiro","","","","","","","AutoSelect"
"Financeiro","","","","","","","AutoSelect("
"Financeiro","","","","","","","AutoSelectD"
"Financeiro","","","","","","","AvailableDatasets"
"Financeiro","","","","","","","AvailableDatasetsClick"
"Financeiro","","","","","","","BDE error $%.4x3Unable to use duplicate DataSource and LookupSource2LookupSource must be connected to TTable component*%s must be the lookup table's active index"
"Financeiro","","","","","","","cdsSelected"
"Financeiro","","","","","","","CLSIDFromProgID"
"Financeiro","","","","","","","crSQLWait"
"Financeiro","","","","","","","DatabaseName"
"Financeiro","","","","","","","DataSet"
"Financeiro","","","","","","","DataSetField"
"Financeiro","","","","","","","DataSetPRQ"
"Financeiro","","","","","","","DataSett"
"Financeiro","","","","","","","DataSource"
"Financeiro","","","","","","","DataSource cannot be changed*Nested datasets cannot have a MasterSource"
"Financeiro","","","","","","","DataSource0SF"
"Financeiro","","","","","","","DataSourceD"
"Financeiro","","","","","","","Date is less than minimum of %s4You must be in ShowCheckbox mode to set to this date#Failed to set calendar date or time%Failed to set maximum selection range$Failed to set calendar min/max range%Failed to set calendar selected range"
"Financeiro","","","","","","","Delete all selected records?"
"Financeiro","","","","","","","Delete all selected records?%Operation not allowed in a DBCtrlGrid(Property already defined by lookup field"
"Financeiro","","","","","","","Delete From """
"Financeiro","","","","","","","dgAlwaysShowSelection"
"Financeiro","","","","","","","dgMultiSelect"
"Financeiro","","","","","","","dgRowSelect"
"Financeiro","","","","","","","Docked control must have a name%Error removing control from dock tree"
"Financeiro","","","","","","","dsSelected"
"Financeiro","","","","","","","ECheckSynchronize called from thread $%x, which is NOT the main thread"
"Financeiro","","","","","","","Ed_Sql"
"Financeiro","","","","","","","EmailFrom"
"Financeiro","","","","","","","Error creating cursor handle/ReferenceTableName not specified for field '%s'"
"Financeiro","","","","","","","Error loading MIDAS.DLL)No fields defined.  Cannot create dataset+Connection not allowed to TConnectionBroker ParentConnection is not assigned""Record or field constraint failed."
"Financeiro","","","","","","","Execute not supported: %sfField '%s' is not the correct type of calculated field to be used in an aggregate, use an internalcalc1Operation not allowed on a unidirectional dataset"
"Financeiro","","","","","","","ExtendedSelect"
"Financeiro","","","","","","","Field '%s' has no dataset1Field '%s' cannot be a calculated or lookup field"
"Financeiro","","","","","","","FieldName"
"Financeiro","","","","","","","Fieldname %s exceeds %d chars"
"Financeiro","","","","","","","FROM"
"Financeiro","","","","","","","From   """
"Financeiro","","","","","","","From """
"Financeiro","","","","","","","FromDictionary"
"Financeiro","","","","","","","FromIndex"
"Financeiro","","","","","","","FromPageT"
"Financeiro","","","","","","","ftDataSet"
"Financeiro","","","","","","","gdSelected"
"Financeiro","","","","","","","goDrawFocusSelected"
"Financeiro","","","","","","","HideSelection"
"Financeiro","","","","","","","HideSelection`hF"
"Financeiro","","","","","","","IHelpSelector"
"Financeiro","","","","","","","IndexFieldNames"
"Financeiro","","","","","","","IndexFieldNamest"
"Financeiro","","","","","","","Invalid format type for BCD$Could not parse SQL TimeStamp string"
"Financeiro","","","","","","","Invalid ImageList Index)Failed to read ImageList data from stream(Failed to write ImageList data to stream$Error creating window device context"
"Financeiro","","","","","","","Invalid SQL date/time values"
"Financeiro","","","","","","","LookupDataSet"
"Financeiro","","","","","","","Missing DataSetField property"
"Financeiro","","","","","","","Missing TableName property"
"Financeiro","","","","","","","MonitorFromPoint"
"Financeiro","","","","","","","MonitorFromRect"
"Financeiro","","","","","","","MonitorFromWindow"
"Financeiro","","","","","","","MOrder QuickReport 3.0 Professional or download free updates from our web site"
"Financeiro","","","","","","","MultiSelect"
"Financeiro","","","","","","","No SQL statement available"
"Financeiro","","","","","","","odSelected"
"Financeiro","","","","","","","ofAllowMultiSelect"
"Financeiro","","","","","","","OnSelect@`F"
"Financeiro","","","","","","","OnSelectionChange"
"Financeiro","","","","","","","poSelection"
"Financeiro","","","","","","","Printer selected is not valid"
"Financeiro","","","","","","","ProgIDFromCLSID"
"Financeiro","","","","","","","prSelection"
"Financeiro","","","","","","","ReferenceTableNameT"
"Financeiro","","","","","","","rSqlTimSt"
"Financeiro","","","","","","","SELECT"
"Financeiro","","","","","","","Select *"
"Financeiro","","","","","","","Select * From   """
"Financeiro","","","","","","","Select * From   "":"
"Financeiro","","","","","","","Select * from """
"Financeiro","","","","","","","Select * from CliContato where CodCli ='"
"Financeiro","","","","","","","Select a Date"
"Financeiro","","","","","","","Select CodCenCus as Codigo, DesCenCus as Descricao From """
"Financeiro","","","","","","","Select CodCla as Codigo, DesCla as Descricao From """
"Financeiro","","","","","","","Select CodSubC as Codigo, DesSubC as Descricao From """
"Financeiro","","","","","","","Select Count(*) From """
"Financeiro","","","","","","","Select dataset"
"Financeiro","","","","","","","Select function"
"Financeiro","","","","","","","Select Leitura,LoteCheque From """
"Financeiro","","","","","","","Select MAX("
"Financeiro","","","","","","","Select SeqLot, DatEmi "
"Financeiro","","","","","","","Select sigla_UF From """
"Financeiro","","","","","","","Select variable"
"Financeiro","","","","","","","SelectClipRgn"
"Financeiro","","","","","","","Selected"
"Financeiro","","","","","","","SelectObject"
"Financeiro","","","","","","","SelectPalette"
"Financeiro","","","","","","","SQL not supported: %s"
"Financeiro","","","","","","","SQL.Strings"
"Financeiro","","","","","","","Sql1"
"Financeiro","","","","","","","Sql1Click"
"Financeiro","","","","","","","Sql1I"
"Financeiro","","","","","","","SqlExpr"
"Financeiro","","","","","","","SQLHourGlass"
"Financeiro","","","","","","","SqlRegistro"
"Financeiro","","","","","","","SQLTimeStamp"
"Financeiro","","","","","","","SqlTimSt"
"Financeiro","","","","","","","StringFromCLSID"
"Financeiro","","","","","","","TableName"
"Financeiro","","","","","","","TBDEDataSet"
"Financeiro","","","","","","","TBDEDataSet`IK"
"Financeiro","","","","","","","TClientDataSet"
"Financeiro","","","","","","","TClientDataSetl:N"
"Financeiro","","","","","","","TCustomClientDataSet"
"Financeiro","","","","","","","TCustomMultiSelectListControl"
"Financeiro","","","","","","","TDataSet"
"Financeiro","","","","","","","TDataSetErrorEvent"
"Financeiro","","","","","","","TDataSetField"
"Financeiro","","","","","","","TDataSetFieldL"
"Financeiro","","","","","","","TDataSetNotifyEvent"
"Financeiro","","","","","","","TDataSetUpdateObject"
"Financeiro","","","","","","","TDataSource"
"Financeiro","","","","","","","TDataSourceH"
"Financeiro","","","","","","","TDataSourceLink"
"Financeiro","","","","","","","TDataSourceLink$"
"Financeiro","","","","","","","TDataSourceLinkd"
"Financeiro","","","","","","","TDBDataSet"
"Financeiro","","","","","","","Text exceeds memo capacity+Operation not supported on selected printer"
"Financeiro","","","","","","","TSelectDateDlg"
"Financeiro","","","","","","","TSQLTimeStampData"
"Financeiro","","","","","","","TSQLTimeStampField"
"Financeiro","","","","","","","TSQLTimeStampField0"
"Financeiro","","","","","","","TSQLTimeStampVariantType"
"Financeiro","","","","","","","VarBoolFromStr"
"Financeiro","","","","","","","VarBstrFromBool"
"Financeiro","","","","","","","VarBstrFromCy"
"Financeiro","","","","","","","VarBstrFromDate"
"Financeiro","","","","","","","VarCyFromStr"
"Financeiro","","","","","","","VarDateFromStr"
"Financeiro","","","","","","","VarI4FromStr"
"Financeiro","","","","","","","VarR4FromStr"
"Financeiro","","","","","","","VarR8FromStr"
"Financeiro","","","","","","","WindowFromPoint"
"NFE","","","","","",""," - Dock zone has no controlLError loading dock zone from the stream. Expecting version %d, but found %d."
"NFE","","","","","","","[0x0019]: No table found([0x001A] Missing parameter marker in SQL"
"NFE","","","","","","","%JvDataSourceIntf"
"NFE","","","","","","","%s is not a valid BCD value$Could not parse SQL TimeStamp string"
"NFE","","","","","","","ADataSet"
"NFE","","","","","","","ADataSources"
"NFE","","","","","","","AsDataSet"
"NFE","","","","","","","ASQLTimeStamp"
"NFE","","","","","","","ASQLTimeStampOffset"
"NFE","","","","","","","AssignHelpSelector"
"NFE","","","","","","","AsSQLTimeStamp$"
"NFE","","","","","","","AsSQLTimeStampOffset"
"NFE","","","","","","","AutoSelect"
"NFE","","","","","","","Bits index out of range*Can't write to a read-only resource streamECheckSynchronize called from thread $%x, which is NOT the main thread"
"NFE","","","","","","","cbscSQL"
"NFE","","","","","","","ccVariationSelector"
"NFE","","","","","","","ChangedTableName"
"NFE","","","","","","","CheckFieldName"
"NFE","","","","","","","CheckFieldNames"
"NFE","","","","","","","ClearSelection"
"NFE","","","","","","","CloseDataSets"
"NFE","","","","","","","CLSIDFromProgID"
"NFE","","","","","","","CopyFrom"
"NFE","","","","","","","CopySelection"
"NFE","","","","","","","CreateFromID"
"NFE","","","","","","","crSQLWait"
"NFE","","","","","","","CurrentRowSelected"
"NFE","","","","","","","Data.SqlConst"
"NFE","","","","","","","Data.SqlExpr"
"NFE","","","","","","","Data.SqlTimSt"
"NFE","","","","","","","DatabaseName"
"NFE","","","","","","","DataSet"
"NFE","","","","","","","DataSetConnected"
"NFE","","","","","","","DataSetCount"
"NFE","","","","","","","DataSetField"
"NFE","","","","","","","DataSets"
"NFE","","","","","","","DataSource"
"NFE","","","","","","","DataSource cannot be changed0Cannot perform this operation on an open dataset""Dataset not in edit or insert mode1Cannot perform this operation on a closed dataset1Cannot perform this operation on an empty dataset!Cannot modify a read-only dataset#Nested dataset must inherit from %s(Filter expression incorrectly terminated"
"NFE","","","","","","","DataSourceFixed"
"NFE","","","","","","","DataSourcesmB"
"NFE","","","","","","","DBISQLSTR"
"NFE","","","","","","","Dbx.SQL"
"NFE","","","","","","","dcrSQLWait"
"NFE","","","","","","","deDataSetChange"
"NFE","","","","","","","deDataSetScroll"
"NFE","","","","","","","Delete all selected records?%Operation not allowed in a DBCtrlGrid(Property already defined by lookup field/Grid requested to display more than 256 columns"
"NFE","","","","","","","DeleteSelected"
"NFE","","","","","","","DerivedFrom"
"NFE","","","","","","","Deselect"
"NFE","","","","","","","DetailDataSet"
"NFE","","","","","","","dgAlwaysShowSelection"
"NFE","","","","","","","dgMultiSelect"
"NFE","","","","","","","dgRowSelect"
"NFE","","","","","","","Docked control must have a name%Error removing control from dock tree"
"NFE","","","","","","","Driver could not be properly initialized.  Client library may be missing, not installed properly, of the wrong version, or the driver may be missing from the system path."
"NFE","","","","","","","dsSelected"
"NFE","","","","","","","Error creating cursor handle.Source and destination tables are incompatible/ReferenceTableName not specified for field '%s'8Cannot use array of Field values with Expression Indices"
"NFE","","","","","","","ExecSQL"
"NFE","","","","","","","Executar SQL"
"NFE","","","","","","","ExecutarSQL1"
"NFE","","","","","","","ExecutarSQL10"
"NFE","","","","","","","ExecutarSQL1Click"
"NFE","","","","","","","Execute not supportedfField '%s' is not the correct type of calculated field to be used in an aggregate, use an internalcalc1Operation not allowed on a unidirectional dataset"
"NFE","","","","","","","ExtendedSelect"
"NFE","","","","","","","FAutoSelect"
"NFE","","","","","","","FChangedTableName"
"NFE","","","","","","","FDatabaseName"
"NFE","","","","","","","FDataFieldName"
"NFE","","","","","","","FDataSet"
"NFE","","","","","","","FDataSetField"
"NFE","","","","","","","FDataSets"
"NFE","","","","","","","FDataSource"
"NFE","","","","","","","FDataSourceFixed"
"NFE","","","","","","","FDataSources"
"NFE","","","","","","","fdoAllowMultiSelect"
"NFE","","","","","","","FExecSQL"
"NFE","","","","","","","FExtendedSelect"
"NFE","","","","","","","FFieldName"
"NFE","","","","","","","FFieldNameHashValue"
"NFE","","","","","","","FFieldNames"
"NFE","","","","","","","FFromDictionary"
"NFE","","","","","","","FHelpSelector"
"NFE","","","","","","","FHideSelection"
"NFE","","","","","","","Field '%s' has no dataset1Field '%s' cannot be a calculated or lookup field"
"NFE","","","","","","","FieldName"
"NFE","","","","","","","FieldNamedpV"
"NFE","","","","","","","FieldNames"
"NFE","","","","","","","FKeyFieldName"
"NFE","","","","","","","FKeySelected"
"NFE","","","","","","","FKeyViolTableName"
"NFE","","","","","","","FLayoutFromDataset"
"NFE","","","","","","","FListFieldName"
"NFE","","","","","","","FLookupDataSet"
"NFE","","","","","","","FMaxSelectRange"
"NFE","","","","","","","FMultiSelect"
"NFE","","","","","","","FNativeTableName"
"NFE","","","","","","","FNestedDataSet"
"NFE","","","","","","","FNestedDatasetClass"
"NFE","","","","","","","FNestedDataSets"
"NFE","","","","","","","FOnSelect"
"NFE","","","","","","","FOnSelectionChange"
"NFE","","","","","","","FOwnedDataSet"
"NFE","","","","","","","FParentDataSet"
"NFE","","","","","","","FProblemTableName"
"NFE","","","","","","","FReferenceTableName"
"NFE","","","","","","","FROM"
"NFE","","","","","","","From """
"NFE","","","","","","","FromAnsi"
"NFE","","","","","","","FromArray"
"NFE","","","","","","","FromBeginning"
"NFE","","","","","","","FromDays"
"NFE","","","","","","","FromDictionary"
"NFE","","","","","","","FromEnd"
"NFE","","","","","","","FromHours"
"NFE","","","","","","","FromIndex"
"NFE","","","","","","","FromMilliseconds"
"NFE","","","","","","","FromMinutes"
"NFE","","","","","","","FromOrdinal"
"NFE","","","","","","","FromSeconds"
"NFE","","","","","","","FromTicks"
"NFE","","","","","","","FromUnicode"
"NFE","","","","","","","FromVariant"
"NFE","","","","","","","FSaveSelection"
"NFE","","","","","","","FSelectedImageIndex"
"NFE","","","","","","","FSelectedItem"
"NFE","","","","","","","FSelectFirstItem"
"NFE","","","","","","","FSelecting"
"NFE","","","","","","","FSelectionAnchor"
"NFE","","","","","","","FSQL"
"NFE","","","","","","","FSQLBased"
"NFE","","","","","","","FSQLBinary"
"NFE","","","","","","","FSQLHourGlass"
"NFE","","","","","","","FTableName"
"NFE","","","","","","","ftDataSet"
"NFE","","","","","","","gdRowSelected"
"NFE","","","","","","","gdSelected"
"NFE","","","","","","","GetClassFromIntfInfo"
"NFE","","","","","","","GetDatabaseNames"
"NFE","","","","","","","GetDataSet"
"NFE","","","","","","","GetDetailDataSets"
"NFE","","","","","","","GetFieldNames"
"NFE","","","","","","","GetInterfaceInfoFromName"
"NFE","","","","","","","GetInvokableObjectFromClass"
"NFE","","","","","","","GetNameFromLCID"
"NFE","","","","","","","GetNameFromLocaleID"
"NFE","","","","","","","GetSelected"
"NFE","","","","","","","GetTableNames"
"NFE","","","","","","","GetValueFromIndex"
"NFE","","","","","","","GetVarTypeFromXSD"
"NFE","","","","","","","goDrawFocusSelected"
"NFE","","","","","","","goRangeSelect"
"NFE","","","","","","","goRowSelect"
"NFE","","","","","","","gsSelecting"
"NFE","","","","","","","HideSelection"
"NFE","","","","","","","hwndFrom"
"NFE","","","","","","","idFrom"
"NFE","","","","","","","IDOMNodeSelect"
"NFE","","","","","","","IHelpSelector"
"NFE","","","","","","","IJvDataSource"
"NFE","","","","","","","Index '%s' not found#Failed to set calendar date or time%Failed to set maximum selection range$Failed to set calendar min/max range%Failed to set calendar selected range"
"NFE","","","","","","","IndexFieldNamestGD"
"NFE","","","","","","","InheritsFrom"
"NFE","","","","","","","Invalid ImageList Index)Failed to read ImageList data from stream"
"NFE","","","","","","","Invalid SQL date/time valuesZCannot enable AutoSessionName property with more than one session on a form or data-module^Cannot add a session to the form or data-module while session '%s' has AutoSessionName enabled ')' or ',' expected but %s found Expression expected but %s found0Field '%s' cannot be used in a filter expression#NULL only allowed with '=' and '<>'"
"NFE","","","","","","","IsSQLBased"
"NFE","","","","","","","JvDataSourceIntf"
"NFE","","","","","","","JvDataSourceIntfS"
"NFE","","","","","","","KeyViolTableNametGD"
"NFE","","","","","","","LoadFromClipboardFormat"
"NFE","","","","","","","LoadFromFile"
"NFE","","","","","","","LoadFromResource"
"NFE","","","","","","","LoadFromResourceID"
"NFE","","","","","","","LoadFromResourceName"
"NFE","","","","","","","LoadFromStream"
"NFE","","","","","","","LoadFromXML"
"NFE","","","","","","","LookupDataSet"
"NFE","","","","","","","lrFromFile"
"NFE","","","","","","","method not supported%Method not permitted in TSoapDataList$Insufficient data for Content-Length&Error reading from Mime Request Stream"
"NFE","","","","","","","Missing DataSetField property"
"NFE","","","","","","","Missing TableName property"
"NFE","","","","","","","Mm_Sql"
"NFE","","","","","","","Mm_Sql4"
"NFE","","","","","","","MonitorFromPoint"
"NFE","","","","","","","MonitorFromRect"
"NFE","","","","","","","MonitorFromWindow"
"NFE","","","","","","","MoveSelection"
"NFE","","","","","","","MultiSelect"
"NFE","","","","","","","NameFromLCID"
"NFE","","","","","","","NameFromLocaleID"
"NFE","","","","","","","NestedDataSet"
"NFE","","","","","","","NewTableName"
"NFE","","","","","","","No matching DOM Vendor: ""%s""<Selected DOM Vendor does not support this property or method"
"NFE","","","","","","","No SQL statement available"
"NFE","","","","","","","No WSDL or URL property was set in the THTTPRIO component. You must set the WSDL or URL property before invoking the Web ServiceMUnable to retrieve the URL endpoint for Service/Port '%s'/'%s' from WSDL '%s'HDatatype of TypeKind: %s not supported as argument for remote invocationRMust enable multiref output for objects when serializing a graph of objects - (%s)\Conversion from class %s to SOAP is not supported - SOAP classes must derive from TRemotableFInternal error: data type kind %s cannot be converted to and from textNReceived content of invalid Content-Type setting: %s - SOAP expects ""text/xml""$Array Node: %s has too many elements+DocumentElement %s:%s expected, %s:%s found$Element of Array type %s has no RTTI"
"NFE","","","","","","","odSelected"
"NFE","","","","","","","ofAllowMultiSelect"
"NFE","","","","","","","OnSelect"
"NFE","","","","","","","OnSelectionChange"
"NFE","","","","","","","OnSelectionChangeP"
"NFE","","","","","","","OnSelectionChangeTeN"
"NFE","","","","","","","OriginalFieldName"
"NFE","","","","","","","ParseSQL"
"NFE","","","","","","","PasteFromClipboard"
"NFE","","","","","","","PData.SqlConst"
"NFE","","","","","","","poFieldNameGiven"
"NFE","","","","","","","Printer selected is not valid"
"NFE","","","","","","","ProblemTableName"
"NFE","","","","","","","ProgIDFromCLSID"
"NFE","","","","","","","Qry_Sql"
"NFE","","","","","","","Qry_Sql8"
"NFE","","","","","","","ReferenceTableName"
"NFE","","","","","","","SELECT"
"NFE","","","","","","","Select * From """
"NFE","","","","","","","Select a Date-%0:s - Enter a date between ""%1:s"" and ""%2:s"" %0:s - Enter a date after ""%1:s""!%0:s - Enter a date before ""%1:s"""
"NFE","","","","","","","select n.numnot, n.codcli, n.datemi, n.valnot, c.CpfCli, c.nomcli, c.endcli, c.cidcli, c.estcli, c.cepcli, c.cgccli, c.digcli, c.insestcli, c.insmuncli, c.baicli, c.razsoccli, c.email from"
"NFE","","","","","","","select n.SitNota, n.SeqSit, n.DatSit, n.SeqNfe, n.numnot, n.codcli,n.datemi, n.valnot,n.OmiteCpf,"
"NFE","","","","","","","SelectAll"
"NFE","","","","","","","SelectClipRgn"
"NFE","","","","","","","Selected"
"NFE","","","","","","","SelectedField"
"NFE","","","","","","","SelectedImageIndex"
"NFE","","","","","","","SelectedIndex"
"NFE","","","","","","","SelectedItem"
"NFE","","","","","","","SelectedRows"
"NFE","","","","","","","SelectGesture"
"NFE","","","","","","","Selection background"
"NFE","","","","","","","Selection text"
"NFE","","","","","","","SelectNextPage"
"NFE","","","","","","","SelectObject"
"NFE","","","","","","","Selector"
"NFE","","","","","","","SelectPalette"
"NFE","","","","","","","SetDataSet"
"NFE","","","","","","","SetSelected"
"NFE","","","","","","","SetValueFromIndex"
"NFE","","","","","","","sfCatgeoryButtonsCategoryNormal!sfCatgeoryButtonsCategorySelected"
"NFE","","","","","","","sfCatgeoryButtonsSelected"
"NFE","","","","","","","sfComboBoxItemSelected"
"NFE","","","","","","","sfEditBoxTextSelected"
"NFE","","","","","","","sfGridItemSelected"
"NFE","","","","","","","sfListItemTextSelected"
"NFE","","","","","","","sfMenuItemTextSelected"
"NFE","","","","","","","sfPopupMenuItemTextSelected"
"NFE","","","","","","","sfToolItemTextSelected"
"NFE","","","","","","","sfTreeItemTextSelected"
"NFE","","","","","","","SHCreateItemFromParsingName"
"NFE","","","","","","","SQL not supported"
"NFE","","","","","","","SQL.Strings"
"NFE","","","","","","","SQLBinary"
"NFE","","","","","","","SQLHourGlass"
"NFE","","","","","","","SQLText"
"NFE","","","","","","","SQLTimeStamp"
"NFE","","","","","","","SQLTimeStampOffset"
"NFE","","","","","","","StringFromCLSID"
"NFE","","","","","","","szSQLExprCustom"
"NFE","","","","","","","szSQLExprImport"
"NFE","","","","","","","TableName"
"NFE","","","","","","","TableName@"
"NFE","","","","","","","TBDEDataSet"
"NFE","","","","","","","TBDEDataSet6"
"NFE","","","","","","","tbsTabSelected"
"NFE","","","","","","","tcbButtonSelected"
"NFE","","","","","","","tcbCategorySelected"
"NFE","","","","","","","TCustomMultiSelectListControl"
"NFE","","","","","","","TCustomMultiSelectListControlt"
"NFE","","","","","","","TDataSet"
"NFE","","","","","","","TDataSet(SW"
"NFE","","","","","","","TDataSet6"
"NFE","","","","","","","TDataSetClassHjW"
"NFE","","","","","","","TDataSetDesigner`/W"
"NFE","","","","","","","TDataSetDesigner7"
"NFE","","","","","","","TDataSetErrorEvent"
"NFE","","","","","","","TDataSetField"
"NFE","","","","","","","TDataSetField6"
"NFE","","","","","","","TDataSetNotifyEvent"
"NFE","","","","","","","TDataSetState"
"NFE","","","","","","","TDataSetUpdateObject4"
"NFE","","","","","","","TDataSetUpdateObject9"
"NFE","","","","","","","TDataSource"
"NFE","","","","","","","TDataSource6"
"NFE","","","","","","","TDataSourceLink&"
"NFE","","","","","","","TDataSourceLinkXi\"
"NFE","","","","","","","TDBDataSet"
"NFE","","","","","","","TDBDataSet6"
"NFE","","","","","","","tdbDateTextSelected"
"NFE","","","","","","","tebHeaderPinSelectedHot"
"NFE","","","","","","","tebHeaderPinSelectedNormal"
"NFE","","","","","","","tebHeaderPinSelectedPressed"
"NFE","","","","","","","teEditTextSelected"
"NFE","","","","","","","Text exceeds memo capacity+Operation not supported on selected printer.There is no default printer currently selected/Menu '%s' is already being used by another form"
"NFE","","","","","","","tgCellRowSelectedCenter"
"NFE","","","","","","","tgCellRowSelectedLeft"
"NFE","","","","","","","tgCellRowSelectedRight"
"NFE","","","","","","","tgCellSelected"
"NFE","","","","","","","tgClassicCellRowSelectedCenter"
"NFE","","","","","","","tgClassicCellRowSelectedLeft"
"NFE","","","","","","","tgClassicCellRowSelectedRight"
"NFE","","","","","","","tgClassicCellSelected"
"NFE","","","","","","","tgGradientCellRowSelectedCenter"
"NFE","","","","","","","tgGradientCellRowSelectedLeft"
"NFE","","","","","","","tgGradientCellRowSelectedRight"
"NFE","","","","","","","tgGradientCellSelected"
"NFE","","","","","","","TJvSelectDateDlg"
"NFE","","","","","","","tlGroupHeaderCloseSelected"
"NFE","","","","","","","tlGroupHeaderCloseSelectedHot$tlGroupHeaderCloseSelectedNotFocused'tlGroupHeaderCloseSelectedNotFocusedHot tlGroupHeaderCloseMixedSelection#tlGroupHeaderCloseMixedSelectionHot"
"NFE","","","","","","","tlGroupHeaderLineCloseSelected!tlGroupHeaderLineCloseSelectedHot(tlGroupHeaderLineCloseSelectedNotFocused+tlGroupHeaderLineCloseSelectedNotFocusedHot$tlGroupHeaderLineCloseMixedSelection'tlGroupHeaderLineCloseMixedSelectionHot"
"NFE","","","","","","","tlGroupHeaderLineOpenSelected tlGroupHeaderLineOpenSelectedHot'tlGroupHeaderLineOpenSelectedNotFocused*tlGroupHeaderLineOpenSelectedNotFocusedHot#tlGroupHeaderLineOpenMixedSelection&tlGroupHeaderLineOpenMixedSelectionHot"
"NFE","","","","","","","tlGroupHeaderOpenMixedSelection""tlGroupHeaderOpenMixedSelectionHot"
"NFE","","","","","","","tlGroupHeaderOpenSelected"
"NFE","","","","","","","tlGroupHeaderOpenSelectedHot#tlGroupHeaderOpenSelectedNotFocused&tlGroupHeaderOpenSelectedNotFocusedHot"
"NFE","","","","","","","tlListItemHotSelected"
"NFE","","","","","","","tlListItemSelected"
"NFE","","","","","","","tlListItemSelectedNotFocus"
"NFE","","","","","","","tmcGridCellBackgroundHot tmcGridCellBackgroundSelectedHot'tmcGridCellBackgroundSelectedNotFocused"
"NFE","","","","","","","tmcGridCellBackgroundSelected"
"NFE","","","","","","","tmMenuItemSelected"
"NFE","","","","","","","tpDockPanelHorzSelected"
"NFE","","","","","","","tpDockPanelVertSelected"
"NFE","","","","","","","TryLoadFromResource"
"NFE","","","","","","","tspMoreProgramsTabSelected"
"NFE","","","","","","","tspOpenBoxSelected"
"NFE","","","","","","","tspSoftwareExplorerSelected"
"NFE","","","","","","","TSQLTimeStamp"
"NFE","","","","","","","TSQLTimeStampData6"
"NFE","","","","","","","TSQLTimeStampDatap"
"NFE","","","","","","","TSQLTimeStampField"
"NFE","","","","","","","TSQLTimeStampField6"
"NFE","","","","","","","TSQLTimeStampOffset"
"NFE","","","","","","","TSQLTimeStampOffsetData"
"NFE","","","","","","","TSQLTimeStampOffsetData6"
"NFE","","","","","","","TSQLTimeStampOffsetField"
"NFE","","","","","","","TSQLTimeStampOffsetField6"
"NFE","","","","","","","TSQLTimeStampOffsetVariantType\"
"NFE","","","","","","","TSQLTimeStampOffsetVariantType0"
"NFE","","","","","","","TSQLTimeStampVariantType0"
"NFE","","","","","","","TSQLTimeStampVariantTypeT"
"NFE","","","","","","","ttItemHotSelected"
"NFE","","","","","","","ttItemSelected"
"NFE","","","","","","","ttItemSelectedNotFocus"
"NFE","","","","","","","ttTabItemBothEdgeSelected"
"NFE","","","","","","","ttTabItemLeftEdgeSelected"
"NFE","","","","","","","ttTabItemRightEdgeSelected"
"NFE","","","","","","","ttTabItemSelected"
"NFE","","","","","","","ttTopTabItemBothEdgeSelected"
"NFE","","","","","","","ttTopTabItemLeftEdgeSelected"
"NFE","","","","","","","ttTopTabItemRightEdgeSelected"
"NFE","","","","","","","ttTopTabItemSelected"
"NFE","","","","","","","UnselectGesture"
"NFE","","","","","","","ValueFromIndex"
"NFE","","","","","","","VarBoolFromStr"
"NFE","","","","","","","VarBstrFromBool"
"NFE","","","","","","","VarBstrFromCy"
"NFE","","","","","","","VarBstrFromDate"
"NFE","","","","","","","VarCyFromStr"
"NFE","","","","","","","VarDateFromStr"
"NFE","","","","","","","VarI4FromStr"
"NFE","","","","","","","Variation Selectors"
"NFE","","","","","","","Variation Selectors Supplement"
"NFE","","","","","","","VarR4FromStr"
"NFE","","","","","","","VarR8FromStr"
"NFE","","","","","","","WindowFromPoint"
"SAT","","","","","","","       From """
"SAT","","","","","","","       From "":"
"SAT","","","","","","","  From """
"SAT","","","","","","","  From "":"
"SAT","","","","","",""," and (EXTRACT(MONTH FROM C.DatNas) = "
"SAT","","","","","",""," and (EXTRACT(MONTH FROM X.DatCad) = "
"SAT","","","","","",""," and (EXTRACT(MONTH FROM X.DatCadInt) = "
"SAT","","","","","",""," and (EXTRACT(YEAR FROM C.DatNas) > 1900)"
"SAT","","","","","",""," and (EXTRACT(YEAR FROM X.DatCad) > 1900)"
"SAT","","","","","",""," and (EXTRACT(YEAR FROM X.DatCadInt) > 1900)"
"SAT","","","","","",""," From   """
"SAT","","","","","",""," From   "":"
"SAT","","","","","",""," From """
"SAT","","","","","",""," From "":"
"SAT","","","","","",""," Select CodUsuario From """
"SAT","","","","","",""," Select CodUsuario From "":"
"SAT","","","","","","","_QPixmap_convertFromImage"
"SAT","","","","","","","_QWidget_mapFromGlobal"
"SAT","","","","","","","-Select * From ""C:\Equipexe\Ger\Dados\Erros"" E"
"SAT","","","","","","",", Marcacao FROM """
"SAT","","","","","","",", Marcacao FROM "":"
"SAT","","","","","","",",Count(*) FROM """
"SAT","","","","","","","!IBSQLMonitor"
"SAT","","","","","","",".select * from ':ParadoxXInterbase:MovSatCli' M"
"SAT","","","","","","",".Select * From "":ParadoxXInterbase:MovSatAle"" A"
"SAT","","","","","","",".Select * From ""C:\Equipexe\Ger\Dados\Clientes"""
"SAT","","","","","","","'TWordApplicationMailMergeDataSourceLoad"
"SAT","","","","","","","""SqlConst"
"SAT","","","","","","","""SQLPASSTHRU MODE=SHARED AUTOCOMMIT"
"SAT","","","","","","",") From """
"SAT","","","","","","","]ddUOGSJFromxvtutssqnlkhhhefecdcaba^a`^gedljiljiklj,kj9lknjgQMG!"
"SAT","","","","","","","*Can't write to a read-only resource streamECheckSynchronize called from thread $%x, which is NOT the main thread"
"SAT","","","","","","","#Nested dataset must inherit from %s(Filter expression incorrectly terminated"
"SAT","","","","","","","%TWordApplicationWindowSelectionChange"
"SAT","","","","","","","+TWordApplicationMailMergeDataSourceValidate"
"SAT","","","","","","","0Select * From ""C:\Equipexe\Ger\Dados\Clientes"" C"
"SAT","","","","","","","0Select * From ""C:\Equipexe\Ger\Dados\Interessad"""
"SAT","","","","","","","0Select * From ""Z:\Equipexe\Sat\Filial\MovSatInt"""
"SAT","","","","","","","1Select * From ""C:\Equipexe\Ger\Dados\Forneced.db"""
"SAT","","","","","","","2Select *  From ':ParadoxXInterbase:SolAltCli'  C, "
"SAT","","","","","","","2Select * From ""C:\Equipexe\Sat\Filial\Anotacoes"" A"
"SAT","","","","","","","2Select * From ""C:\Equipexe\Sat\Filial\MovSatAle"" A"
"SAT","","","","","","","3Select * From 'S:\EquipExe\Sat\Filial\MovSatCli'  M"
"SAT","","","","","","","3Select * From 'z:\EquipExe\Sat\Filial\SolAltCli' A,"
"SAT","","","","","","","3Select * From "":ParadoxXInterbase:MovSatCliOcor"" M,"
"SAT","","","","","","","5Select * From   ""S:\Equipexe\Ger\Dados\Interessad""  I"
"SAT","","","","","","","5Select * From   ""Z:\Equipexe\Ger\Dados\Interessad""  I"
"SAT","","","","","","","Auto Select"
"SAT","","","","","","","AutoSelect"
"SAT","","","","","","","AutoSelect("
"SAT","","","","","","","AvailableDatasets"
"SAT","","","","","","","AvailableDatasetsClick"
"SAT","","","","","","","BDE error $%.4x3Unable to use duplicate DataSource and LookupSource2LookupSource must be connected to TTable component*%s must be the lookup table's active index"
"SAT","","","","","","","cdsSelected"
"SAT","","","","","","","ChangedTableName"
"SAT","","","","","","","ChildWindowFromPoint"
"SAT","","","","","","","ClientDataSet1"
"SAT","","","","","","","ClientDataSet1p"
"SAT","","","","","","","CLSIDFromProgID"
"SAT","","","","","","","Column lists do not match8Column types don't match. (From index: %d; To index: %d)_Can't end a shared transaction unless it is forced and equal to the transaction's TimeoutAction"
"SAT","","","","","","","crSQLWait"
"SAT","","","","","","","DatabaseName"
"SAT","","","","","","","DatabaseName "
"SAT","","","","","","","DatabaseName<"
"SAT","","","","","","","DataSet"
"SAT","","","","","","","DataSet "
"SAT","","","","","","","Dataset closed"
"SAT","","","","","","","Dataset open"
"SAT","","","","","","","DataSet<"
"SAT","","","","","","","DataSetField"
"SAT","","","","","","","DataSetField$4K"
"SAT","","","","","","","DataSetS"
"SAT","","","","","","","DataSource"
"SAT","","","","","","","DataSource "
"SAT","","","","","","","DataSource 5G"
"SAT","","","","","","","DataSource cannot be changed*Nested datasets cannot have a MasterSource0Cannot perform this operation on an open dataset""Dataset not in edit or insert mode1Cannot perform this operation on a closed dataset1Cannot perform this operation on an empty dataset!Cannot modify a read-only dataset"
"SAT","","","","","","","DataSource@:K"
"SAT","","","","","","","DataSource$4K"
"SAT","","","","","","","DataSource1"
"SAT","","","","","","","DataSource1t"
"SAT","","","","","","","DataSources"
"SAT","","","","","","","Date is less than minimum of %s4You must be in ShowCheckbox mode to set to this date#Failed to set calendar date or time%Failed to set maximum selection range$Failed to set calendar min/max range%Failed to set calendar selected range"
"SAT","","","","","","","DBSQLDialect"
"SAT","","","","","","","Delete all selected records?"
"SAT","","","","","","","Delete all selected records?%Operation not allowed in a DBCtrlGrid(Property already defined by lookup field/Grid requested to display more than 256 columns"
"SAT","","","","","","","delete from "
"SAT","","","","","","","DeleteSQL<"
"SAT","","","","","","","dgAlwaysShowSelection"
"SAT","","","","","","","dgMultiSelect"
"SAT","","","","","","","dgRowSelect"
"SAT","","","","","","","Docked control must have a name%Error removing control from dock tree"
"SAT","","","","","","","dsSelected"
"SAT","","","","","","","Ed_PesqLancto"
"SAT","","","","","","","Ed_PesqLcto"
"SAT","","","","","","","Ed_PesqLogin"
"SAT","","","","","","","Ed_Sql"
"SAT","","","","","","","Empty query3Cannot ""open"" a non-select statement. Use ExecQuery"
"SAT","","","","","","","Empty SQL Statement"
"SAT","","","","","","","Error creating cursor handle/ReferenceTableName not specified for field '%s'8Cannot use array of Field values with Expression Indices"
"SAT","","","","","","","Error loading MIDAS.DLL)No fields defined.  Cannot create dataset+Connection not allowed to TConnectionBroker ParentConnection is not assigned""Record or field constraint failed."
"SAT","","","","","","","Execute not supported: %sfField '%s' is not the correct type of calculated field to be used in an aggregate, use an internalcalc1Operation not allowed on a unidirectional dataset"
"SAT","","","","","","","ExtendedSelect8"
"SAT","","","","","","","extract(Month from DatCan) as Mes"
"SAT","","","","","","","ExtSelectClipRgn"
"SAT","","","","","","","Field '%s' has no dataset1Field '%s' cannot be a calculated or lookup field"
"SAT","","","","","","","FieldName"
"SAT","","","","","","","FieldName "
"SAT","","","","","","","Fieldname %s exceeds %d chars"
"SAT","","","","","","","FieldName8"
"SAT","","","","","","","FileIconsSelectItem"
"SAT","","","","","","","FiltraEstatSql"
"SAT","","","","","","","First Legend Value must be > 0.Legend Color Width must be between 0 and 100 %%No ParentChart to validate DataSource"
"SAT","","","","","","","FROM"
"SAT","","","","","","","From   """
"SAT","","","","","","","From   "":"
"SAT","","","","","","","From  """
"SAT","","","","","","","From  "":"
"SAT","","","","","","","From """
"SAT","","","","","","","From "":"
"SAT","","","","","","","FromDictionary "
"SAT","","","","","","","FromED"
"SAT","","","","","","","FromED8"
"SAT","","","","","","","FromIndex"
"SAT","","","","","","","FromLabel"
"SAT","","","","","","","FromLabel4"
"SAT","","","","","","","FromPageT"
"SAT","","","","","","","FromState"
"SAT","","","","","","","ftDataSet"
"SAT","","","","","","","gdFromBottomLeft"
"SAT","","","","","","","gdFromCenter"
"SAT","","","","","","","gdFromTopLeft"
"SAT","","","","","","","gdSelected"
"SAT","","","","","","","goDrawFocusSelected"
"SAT","","","","","","","HideSelection"
"SAT","","","","","","","HideSelectionPJG"
"SAT","","","","","","","HideSelectionx<G"
"SAT","","","","","","","IB.SQL.MONITOR.Mutex4_1"
"SAT","","","","","","","IB.SQL.MONITOR.ReadEvent4_1"
"SAT","","","","","","","IB.SQL.MONITOR.ReadFinishedEvent4_1"
"SAT","","","","","","","IB.SQL.MONITOR.SharedMem4_1"
"SAT","","","","","","","IB.SQL.MONITOR.WriteEvent4_1"
"SAT","","","","","","","IB.SQL.MONITOR.WriteFinishedEvent4_1"
"SAT","","","","","","","IBCustomDataSet"
"SAT","","","","","","","IBCustomDataSet+"
"SAT","","","","","","","IBCustomDataSet|"
"SAT","","","","","","","IBSQL"
"SAT","","","","","","","IBSQL Closed"
"SAT","","","","","","","IBSQL Open"
"SAT","","","","","","","IBSQLMonitor"
"SAT","","","","","","","If you load database from file, existing memory database will be cleared!"
"SAT","","","","","","","IHelpSelector"
"SAT","","","","","","","IIBSQLMonitorHook"
"SAT","","","","","","","IndexFieldNames"
"SAT","","","","","","","IndexFieldNames "
"SAT","","","","","","","IndexFieldNames<"
"SAT","","","","","","","InsertSQL<"
"SAT","","","","","","","Invalid Enum Value&Missing Connection or ConnectionString0Filter property cannot be used for detail tablesUDataset does not support bookmarks, which are required for multi-record data controls"
"SAT","","","","","","","Invalid format type for BCD$Could not parse SQL TimeStamp string"
"SAT","","","","","","","Invalid ImageList Index)Failed to read ImageList data from stream(Failed to write ImageList data to stream$Error creating window device context"
"SAT","","","","","","","Invalid SQL date/time values"
"SAT","","","","","","","isc_decode_sql_date"
"SAT","","","","","","","isc_decode_sql_time"
"SAT","","","","","","","isc_dsql_alloc_statement2"
"SAT","","","","","","","isc_dsql_describe"
"SAT","","","","","","","isc_dsql_describe_bind"
"SAT","","","","","","","isc_dsql_execute"
"SAT","","","","","","","isc_dsql_execute_immediate"
"SAT","","","","","","","isc_dsql_execute2"
"SAT","","","","","","","isc_dsql_fetch"
"SAT","","","","","","","isc_dsql_free_statement"
"SAT","","","","","","","isc_dsql_prepare"
"SAT","","","","","","","isc_dsql_set_cursor_name"
"SAT","","","","","","","isc_dsql_sql_info"
"SAT","","","","","","","isc_encode_sql_date"
"SAT","","","","","","","isc_encode_sql_time"
"SAT","","","","","","","isc_encode_sql_timestamp"
"SAT","","","","","","","isc_sql_interprete"
"SAT","","","","","","","isc_sqlcode"
"SAT","","","","","","","ISelect A.CodSat,CodCli,nomCli From 'z:\EquipExe\Sat\Filial\SolAltCli'  A,"
"SAT","","","","","","","isSelected"
"SAT","","","","","","","KeyViolTableName<"
"SAT","","","","","","","LookupDataSet "
"SAT","","","","","","","MaxSelectRange"
"SAT","","","","","","","Missing DataSetField property"
"SAT","","","","","","","Missing TableName property"
"SAT","","","","","","","ModifySQL"
"SAT","","","","","","","MonitorFromPoint"
"SAT","","","","","","","MonitorFromRect"
"SAT","","","","","","","MonitorFromWindow"
"SAT","","","","","","","Monta Direto SQL"
"SAT","","","","","","","MontaDiretoSQL1"
"SAT","","","","","","","MOrder QuickReport 3.0 Professional or download free updates from our web site"
"SAT","","","","","","","MSDASQL"
"SAT","","","","","","","MSDASQL.1"
"SAT","","","","","","","MultiSelect"
"SAT","","","","","","","NBioAPI_GetFIRFromHandle"
"SAT","","","","","","","NBioAPI_GetHeaderFromHandle"
"SAT","","","","","","","NBioAPI_GetTextFIRFromHandle"
"SAT","","","","","","","NBioAPI_IdentifyDataFromIndexSearchDB"
"SAT","","","","","","","NBioAPI_LoadIndexSearchDBFromFile"
"SAT","","","","","","","NBioAPI_RemoveDataFromIndexSearchDB"
"SAT","","","","","","","No Install Options selected"
"SAT","","","","","","","No SQL statement available"
"SAT","","","","","%s&FillSampleValues NumValues must be > 0*%s Angle must be between 0 and 359 degrees#DateTime Axis cannot be Logarithmic2Logarithmic Axis Min and Max values should be >= 0*Labels Separation % must be greater than 0","","No valid DataSource: %s&FillSampleValues NumValues must be > 0*%s Angle must be between 0 and 359 degrees#DateTime Axis cannot be Logarithmic2Logarithmic Axis Min and Max values should be >= 0*Labels Separation % must be greater than 0"
"SAT","","","","","","","Not in edit mode-Cannot insert into dataset. (No insert query)%Cannot post. (No update/insert query) Cannot update. (No update query)-Cannot delete from dataset. (No delete query)&Cannot refresh row. (No refresh query)"
"SAT","","","","","","","odSelected"
"SAT","","","","","","","ofAllowMultiSelect"
"SAT","","","","","","","OnItemSelected"
"SAT","","","","","","","OnMailMergeDataSourceLoad"
"SAT","","","","","","","OnMailMergeDataSourceValidatep"
"SAT","","","","","","","OnSelect0BG"
"SAT","","","","","","","OnSelectionChange|"
"SAT","","","","","","","OnSelectItem"
"SAT","","","","","","","OnSelectItem0BG"
"SAT","","","","","","","OnSQLChanging"
"SAT","","","","","","","OnWindowSelectionChange@"
"SAT","","","","","","","poSelection"
"SAT","","","","","","","Printer selected is not valid"
"SAT","","","","","","","ProblemTableNameT"
"SAT","","","","","","","ProgIDFromCLSID"
"SAT","","","","","","","prSelection"
"SAT","","","","","","","RDB$DB_KEY as IBX_INTERNAL_DBKEY from "
"SAT","","","","","","","recvfrom"
"SAT","","","","","","","ReferenceTableNameT"
"SAT","","","","","","","RefreshSQL"
"SAT","","","","","","","RefreshSQL<"
"SAT","","","","","","","Required Param value not set!No Stored Procedure Name assigned<use ExecProc for Procedure; use TQuery for Select procedures"
"SAT","","","","","","","RowSelect"
"SAT","","","","","","","rSqlTimSt"
"SAT","","","","","","","RvDataSetConnection1"
"SAT","","","","","","","SELECT"
"SAT","","","","","","","Select "
"SAT","","","","","","","Select *  From """
"SAT","","","","","","","Select *  From "":"
"SAT","","","","","","","Select * From "
"SAT","","","","","","","Select * From    """
"SAT","","","","","","","Select * From    "":"
"SAT","","","","","","","Select * From   """
"SAT","","","","","","","Select * From   "":"
"SAT","","","","","","","Select * From """
"SAT","","","","","","","Select * From "":"
"SAT","","","","","","","Select * from CliContato where CodCli ='"
"SAT","","","","","","","select * from solaltsist"
"SAT","","","","","","","Select a Date"
"SAT","","","","","","","Select A.CodSat,CodCli,nomCli From """
"SAT","","","","","","","Select A.CodSat,CodCli,nomCli From "":"
"SAT","","","","","","","Select AllLFatal error: Cannot create application object in a shared object or library.>Fatal error: Cannot create more than one TApplication instance"
"SAT","","","","","","","Select CepInt,Roteiro,NomInt,EndInt,BaiInt,TelInt,TelInt2,CepInt,CodInt,GruCli2,EmailInt,Contato From "
"SAT","","","","","","","Select CodSatTip,CodSatSit,DatLan,HorLan "
"SAT","","","","","","","Select CodSatTip,CodSatSit,DatLan,HorLan,CodOcorCla,CodOcorSubC "
"SAT","","","","","","","Select CodSatTip,CodSatSit,DatSolucao,HorLan "
"SAT","","","","","","","Select CodSatTip,CodSatSit,DatSolucao,HorLan,CodOcorCla,CodOcorSubC "
"SAT","","","","","","","Select Count(*) as Qde,Roteiro "
"SAT","","","","","","","Select Count(*) From   """
"SAT","","","","","","","Select Count(*) From   "":"
"SAT","","","","","","","Select DatAlerta,HorAlerta "
"SAT","","","","","","","Select DatAlerta,HorAlerta,CodSat,SeqSat,Cod"
"SAT","","","","","","","Select dataset"
"SAT","","","","","","","Select DatLan,CodSatTip From   """
"SAT","","","","","","","Select DatLan,CodSatTip From   "":"
"SAT","","","","","","","Select Descricao,Solucao,TipContato,SeqOcor,CodSatCla,CodSatSubC,CodSatTip,CodSatSit,DatLan,HorLan "
"SAT","","","","","","","Select Descricao,Solucao,TipContato,SeqOcor,CodSatCla,CodSatSubC,CodSatTip,CodSatSit,DatLan,HorLan,CodOcorCla,CodOcorSubC "
"SAT","","","","","","","Select extract( day from C.datnas), C.*,S.*  From "
"SAT","","","","","","","Select F.RDB$COMPUTED_BLR, F.RDB$DEFAULT_VALUE, R.RDB$FIELD_NAME from RDB$RELATION_FIELDS R, RDB$FIELDS F where R.RDB$RELATION_NAME = :RELATION and R.RDB$FIELD_SOURCE = F.RDB$FIELD_NAME and ((not F.RDB$COMPUTED_BLR is NULL) or      (not F.RDB$DEFAULT_VALUE is NULL)) "
"SAT","","","","","","","Select function"
"SAT","","","","","","","SELECT GEN_ID(%s, %d) FROM RDB$DATABASE"
"SAT","","","","","","","Select GetDate()"
"SAT","","","","","","","Select I.RDB$INDEX_NAME, I.RDB$UNIQUE_FLAG, I.RDB$INDEX_TYPE, I.RDB$SEGMENT_COUNT, S.RDB$FIELD_NAME from RDB$INDICES I, RDB$INDEX_SEGMENTS S where I.RDB$INDEX_NAME = S.RDB$INDEX_NAME and I.RDB$RELATION_NAME = '"
"SAT","","","","","","","Select M.Cod"
"SAT","","","","","","","Select M.HorPrevSol,M.HorPrevSolF,M.SatPara,M.CodSatTipS,M.DatPrevSol,M.Descricao,M.Solucao,C."
"SAT","","","","","","","Select M.Obs,M.Cod"
"SAT","","","","","","","Select MAX("
"SAT","","","","","","","Select NumFat,NumDup,CodCla,CodSubC,DatEmi,DatVen,SeqOcor,CodCliOcor,SerieNF,NossoNumero,Cancelado,DatPag,FixLan,"
"SAT","","","","","","","Select NumTit,Seq,CodCla,CodSubC,DatEmi,DatVen,Baixa,ValTit,Cancelado,DatPag,"
"SAT","","","","","","","Select R.RDB$FIELD_NAME, R.RDB$FIELD_POSITION, F.RDB$COMPUTED_BLR, F.RDB$DEFAULT_VALUE, F.RDB$NULL_FLAG, F.RDB$FIELD_LENGTH, F.RDB$FIELD_SCALE, F.RDB$FIELD_TYPE, F.RDB$FIELD_SUB_TYPE, F.RDB$EXTERNAL_LENGTH, F.RDB$EXTERNAL_SCALE, F.RDB$EXTERNAL_TYPE from RDB$RELATION_FIELDS R, RDB$FIELDS F where R.RDB$RELATION_NAME = '"
"SAT","","","","","","","select RDB$DB_KEY as IBX_INTERNAL_DBKEY from "
"SAT","","","","","","","Select RDB$FIELD_NAME from RDB$INDEX_SEGMENTS where RDB$INDEX_NAME = '"
"SAT","","","","","","","Select RDB$SYSTEM_FLAG, RDB$DBKEY_LENGTH from RDB$RELATIONS where RDB$RELATION_NAME = '"
"SAT","","","","","","","Select SeqAlerta,TipSat,CodSat,SeqSat,DatLan,CodUsuario From """
"SAT","","","","","","","Select sigla_UF From """
"SAT","","","","","","","Select USER from RDB$RELATIONS where RDB$RELATION_NAME = '"
"SAT","","","","","","","Select variable"
"SAT","","","","","","","Select W.DesOcorCla as Grupo, Z.CodOcorCla as Codigo, Y.DesOcorSubC as Descricao, Count(Z.CodOcorSubC) as Qde From """
"SAT","","","","","","","Select W.DesOcorCla as Grupo, Z.CodOcorCla as Codigo, Y.DesOcorSubC as Descricao, Count(Z.CodOcorSubC) as Qde From "":"
"SAT","","","","","","","Select Y.DesOcorSubC as Grupo, Z.CodOcorCla as Codigo, W.DesOcorCla as Descricao, Count(Z.CodOcorCla) as Qde From """
"SAT","","","","","","","Select Y.DesOcorSubC as Grupo, Z.CodOcorCla as Codigo, W.DesOcorCla as Descricao, Count(Z.CodOcorCla) as Qde From "":"
"SAT","","","","","","","Select Y.ObsOcorCla as Grupo, Z.CodOcorCla as Codigo, Y.DesOcorCla as Descricao, Count(Z.CodOcorCla) as Qde From """
"SAT","","","","","","","Select Y.ObsOcorCla as Grupo, Z.CodOcorCla as Codigo, Y.DesOcorCla as Descricao, Count(Z.CodOcorCla) as Qde From "":"
"SAT","","","","","","","Select Y.ObsOcorSubC as Grupo, Z.CodOcorSubC as Codigo, Y.DesOcorSubC as Descricao, Count(Z.CodOcorSubC) as Qde From """
"SAT","","","","","","","Select Y.ObsOcorSubC as Grupo, Z.CodOcorSubC as Codigo, Y.DesOcorSubC as Descricao, Count(Z.CodOcorSubC) as Qde From "":"
"SAT","","","","","","","SelectClipRgn"
"SAT","","","","","","","Selected"
"SAT","","","","","","","Selected Printer"
"SAT","","","","","","","SelectedImageIndex"
"SAT","","","","","","","Selection"
"SAT","","","","","","","SelectionED"
"SAT","","","","","","","SelectionEDH"
"SAT","","","","","","","SelectionEDKeyPress"
"SAT","","","","","","","SelectionLabel"
"SAT","","","","","","","SelectionLabelD"
"SAT","","","","","","","SelectionRB"
"SAT","","","","","","","SelectionRB,"
"SAT","","","","","","","SelectionRBClick"
"SAT","","","","","","","SelectObject"
"SAT","","","","","","","SelectPalette"
"SAT","","","","","","","SelectSQL<"
"SAT","","","","","","","set_db_sql_dialect"
"SAT","","","","","","","soAllowPrintFromPreview"
"SAT","","","","","","","SQL Dialect Invalid"
"SAT","","","","","","","SQL not supported: %s"
"SAT","","","","","","","SQL Parse Error:"
"SAT","","","","","","","sql_dialect"
"SAT","","","","","","","sql_role_name"
"SAT","","","","","","","SQL.Strings"
"SAT","","","","","","","SQLCODE: "
"SAT","","","","","","","SQLDialectT"
"SAT","","","","","","","SqlExpr"
"SAT","","","","","","","SQLHourGlass0"
"SAT","","","","","","","SQLQRYMODE="
"SAT","","","","","","","SqlRegistro"
"SAT","","","","","","","SQLTimeStamp"
"SAT","","","","","","","SqlTimSt"
"SAT","","","","","","","stica - SQL"
"SAT","","","","","","","StringFromCLSID"
"SAT","","","","","","","TableName"
"SAT","","","","","","","TableName4"
"SAT","","","","","","","TADODataSet"
"SAT","","","","","","","TADODataSet 8R"
"SAT","","","","","","","TBDEDataSet"
"SAT","","","","","","","TClientDataSet"
"SAT","","","","","","","TCustomADODataSet"
"SAT","","","","","","","TCustomClientDataSet"
"SAT","","","","","","","TCustomMultiSelectListControl"
"SAT","","","","","","","TDataSet"
"SAT","","","","","","","TDataSetErrorEvent"
"SAT","","","","","","","TDataSetField"
"SAT","","","","","","","TDataSetField,%K"
"SAT","","","","","","","TDataSetNotifyEvent"
"SAT","","","","","","","TDataSetUpdateObject"
"SAT","","","","","","","TDataSource"
"SAT","","","","","","","TDataSource(4K"
"SAT","","","","","","","TDataSourceLink"
"SAT","","","","","","","TDataSourceLink("
"SAT","","","","","","","TDBChartDataSource"
"SAT","","","","","","","TDBDataSet"
"SAT","","","","","","","Text exceeds memo capacity+Operation not supported on selected printer.There is no default printer currently selected/Menu '%s' is already being used by another form"
"SAT","","","","","","","TIBCustomDataSet"
"SAT","","","","","","","TIBCustomDataSet|"
"SAT","","","","","","","TIBDataSet"
"SAT","","","","","","","TIBDataSetUpdateObject"
"SAT","","","","","","","TIBDataSetUpdateObjectx"
"SAT","","","","","","","TIBSQL"
"SAT","","","","","","","TIBSQL8fX"
"SAT","","","","","","","TIBSQLMonitorHook"
"SAT","","","","","","","TIBXSQLDA8fX"
"SAT","","","","","","","TIBXSQLVAR"
"SAT","","","","","","","TIBXSQLVARArray"
"SAT","","","","","","","TItemSelectedEvent"
"SAT","","","","","","","TListOfDataSources"
"SAT","","","","","","","TLVSelectItemEvent"
"SAT","","","","","","","TRAVEDATAFIELD.GETFIELDNAME"
"SAT","","","","","","","TRAVEDATAFIELD.SETFIELDNAME"
"SAT","","","","","","","TRaveFieldName"
"SAT","","","","","","","TRvCustomDataSetConnection"
"SAT","","","","","","","TRvCustomDataSetConnection4"
"SAT","","","","","","","TRvDataSetConnection"
"SAT","","","","","","","TRvDataSetConnectionD"
"SAT","","","","","","","TSelectDateDlg"
"SAT","","","","","","","TSQLTimeStampData"
"SAT","","","","","","","TSQLTimeStampField"
"SAT","","","","","","","TSQLTimeStampVariantType"
"SAT","","","","","","","Unexpected Output buffer valueXGeneric ServiceStart not applicable: Use Specific Procedures to set configuration params'SQL Monitor Instance is already present"
"SAT","","","","","","","Unknown SQL Data type (%d)4Invalid column index (index exceeds permitted range)7Invalid parameter index (index exceeds permitted range)"
"SAT","","","","","","","use Open for a Select Statement"
"SAT","","","","","","","VarBoolFromStr"
"SAT","","","","","","","VarBstrFromBool"
"SAT","","","","","","","VarBstrFromCy"
"SAT","","","","","","","VarBstrFromDate"
"SAT","","","","","","","VarCyFromStr"
"SAT","","","","","","","VarDateFromStr"
"SAT","","","","","","","VarI4FromStr"
"SAT","","","","","","","VarR4FromStr"
"SAT","","","","","","","VarR8FromStr"
"SAT","","","","","","","wIBSQL"
"SAT","","","","","","","WindowFromPoint"
"SAT","","","","","","","WordSelection"
"SAT","","","","","","","WSAAsyncSelect"
"SAT","","","","","","","WSAEventSelect"
"SAT","","","","","","","WSARecvFrom"
"SAT","","","","","","","XSQLDA index out of range"
"SAT","","","","","","","XSQLDA name does not exist (%s)"
"Senhas","","","","","","","""SqlConst"
"Senhas","","","","","","","]ddUOGSJFromxvtutssqnlkhhhefecdcaba^a`^gedljiljiklj,kj9lknjgQMG!"
"Senhas","","","","","","","$Could not parse SQL TimeStamp string"
"Senhas","","","","","","","AutoSelect"
"Senhas","","","","","","","AutoSelect("
"Senhas","","","","","","","AutoSelect$rB"
"Senhas","","","","","","","AvailableDatasets"
"Senhas","","","","","","","AvailableDatasetsClick"
"Senhas","","","","","","","BDE error $%.4x3Unable to use duplicate DataSource and LookupSource2LookupSource must be connected to TTable component*%s must be the lookup table's active index"
"Senhas","","","","","","","Bits index out of range*Can't write to a read-only resource streamECheckSynchronize called from thread $%x, which is NOT the main thread"
"Senhas","","","","","","","Cannot open clipboard+Operation not supported on selected printer.There is no default printer currently selected/Menu '%s' is already being used by another form"
"Senhas","","","","","","","cdsSelected"
"Senhas","","","","","","","crSQLWait"
"Senhas","","","","","","","DatabaseName"
"Senhas","","","","","","","DataSet"
"Senhas","","","","","","","DataSetField"
"Senhas","","","","","","","DataSource"
"Senhas","","","","","","","DataSource cannot be changed0Cannot perform this operation on an open dataset""Dataset not in edit or insert mode1Cannot perform this operation on a closed dataset1Cannot perform this operation on an empty dataset!Cannot modify a read-only dataset#Nested dataset must inherit from %s(Filter expression incorrectly terminated"
"Senhas","","","","","","","DataSource("
"Senhas","","","","","","","DataSource0"
"Senhas","","","","","","","Delete all selected records?%Operation not allowed in a DBCtrlGrid(Property already defined by lookup field/Grid requested to display more than 256 columns"
"Senhas","","","","","","","dgAlwaysShowSelection"
"Senhas","","","","","","","dgMultiSelect"
"Senhas","","","","","","","dgRowSelect"
"Senhas","","","","","","","Docked control must have a name%Error removing control from dock tree"
"Senhas","","","","","","","dsSelected"
"Senhas","","","","","","","Error creating cursor handle/ReferenceTableName not specified for field '%s'8Cannot use array of Field values with Expression Indices"
"Senhas","","","","","","","Execute not supported: %sfField '%s' is not the correct type of calculated field to be used in an aggregate, use an internalcalc1Operation not allowed on a unidirectional dataset"
"Senhas","","","","","","","Field '%s' has no dataset1Field '%s' cannot be a calculated or lookup field"
"Senhas","","","","","","","FieldName"
"Senhas","","","","","","","FROM"
"Senhas","","","","","","","FromDictionary"
"Senhas","","","","","","","FromIndex"
"Senhas","","","","","","","FromPageT"
"Senhas","","","","","","","ftDataSet"
"Senhas","","","","","","","gdSelected"
"Senhas","","","","","","","goDrawFocusSelected"
"Senhas","","","","","","","HideSelectionH"
"Senhas","","","","","","","HideSelectionp"
"Senhas","","","","","","","IHelpSelector"
"Senhas","","","","","","","IndexFieldNames"
"Senhas","","","","","","","Invalid ImageList Index)Failed to read ImageList data from stream(Failed to write ImageList data to stream$Error creating window device context"
"Senhas","","","","","","","Invalid SQL date/time values"
"Senhas","","","","","","","LookupDataSet"
"Senhas","","","","","","","Missing DataSetField property"
"Senhas","","","","","","","Missing TableName property"
"Senhas","","","","","","","MonitorFromPoint"
"Senhas","","","","","","","MonitorFromRect"
"Senhas","","","","","","","MonitorFromWindow"
"Senhas","","","","","","","MOrder QuickReport 3.0 Professional or download free updates from our web site"
"Senhas","","","","","","","No SQL statement available"
"Senhas","","","","","","","odSelected"
"Senhas","","","","","","","ofAllowMultiSelect"
"Senhas","","","","","","","OnSelect("
"Senhas","","","","","","","OnSelectionChange$"
"Senhas","","","","","","","poSelection"
"Senhas","","","","","","","Printer selected is not valid"
"Senhas","","","","","","","ProgIDFromCLSID"
"Senhas","","","","","","","prSelection"
"Senhas","","","","","","","ReferenceTableNameT"
"Senhas","","","","","","","rSqlTimSt"
"Senhas","","","","","","","SELECT"
"Senhas","","","","","","","Select * From """
"Senhas","","","","","","","Select a Date"
"Senhas","","","","","","","Select dataset"
"Senhas","","","","","","","Select function"
"Senhas","","","","","","","Select variable"
"Senhas","","","","","","","SelectClipRgn"
"Senhas","","","","","","","Selected"
"Senhas","","","","","","","SelectObject"
"Senhas","","","","","","","SelectPalette"
"Senhas","","","","","","","SQL not supported: %s"
"Senhas","","","","","","","SqlExpr"
"Senhas","","","","","","","SQLHourGlass"
"Senhas","","","","","","","SQLTimeStamp"
"Senhas","","","","","","","SqlTimSt"
"Senhas","","","","","","","StringFromCLSID"
"Senhas","","","","","","","TableName"
"Senhas","","","","","","","TableNameh"
"Senhas","","","","","","","TBDEDataSet"
"Senhas","","","","","","","TCustomMultiSelectListControl"
"Senhas","","","","","","","TDataSet"
"Senhas","","","","","","","TDataSetErrorEvent"
"Senhas","","","","","","","TDataSetField"
"Senhas","","","","","","","TDataSetField4"
"Senhas","","","","","","","TDataSetNotifyEvent"
"Senhas","","","","","","","TDataSetUpdateObject"
"Senhas","","","","","","","TDataSetUpdateObjectH"
"Senhas","","","","","","","TDataSource"
"Senhas","","","","","","","TDataSource,"
"Senhas","","","","","","","TDataSourceLink"
"Senhas","","","","","","","TDataSourceLinkHBL"
"Senhas","","","","","","","TDBDataSet"
"Senhas","","","","","","","TSelectDateDlg"
"Senhas","","","","","","","TSelectDateDlgH"
"Senhas","","","","","","","TSQLTimeStampData"
"Senhas","","","","","","","TSQLTimeStampData03H"
"Senhas","","","","","","","TSQLTimeStampField"
"Senhas","","","","","","","TSQLTimeStampVariantType"
"Senhas","","","","","","","VarBoolFromStr"
"Senhas","","","","","","","VarBstrFromBool"
"Senhas","","","","","","","VarBstrFromCy"
"Senhas","","","","","","","VarBstrFromDate"
"Senhas","","","","","","","VarCyFromStr"
"Senhas","","","","","","","VarDateFromStr"
"Senhas","","","","","","","VarI4FromStr"
"Senhas","","","","","","","VarR4FromStr"
"Senhas","","","","","","","VarR8FromStr"
"Senhas","","","","","","","WindowFromPoint"
