"FullName","DirectoryName","Name","Extension","Length","LastWriteTime"
"D:\AtelieProd\Equipexe\CEP\DADOS\CEP_LOG.DB","D:\AtelieProd\Equipexe\CEP\DADOS","CEP_LOG.DB",".DB","2048","15/01/2019 15:52:52"
"D:\AtelieProd\Equipexe\CEP\DADOS\CEP_LOG.PX","D:\AtelieProd\Equipexe\CEP\DADOS","CEP_LOG.PX",".PX","2048","15/01/2019 15:52:52"
"D:\AtelieProd\Equipexe\CEP\DADOS\CEP_LOG.XG0","D:\AtelieProd\Equipexe\CEP\DADOS","CEP_LOG.XG0",".XG0","34816","15/01/2019 15:52:52"
"D:\AtelieProd\Equipexe\CEP\DADOS\CEP_LOG.XG1","D:\AtelieProd\Equipexe\CEP\DADOS","CEP_LOG.XG1",".XG1","34816","15/01/2019 15:52:52"
"D:\AtelieProd\Equipexe\CEP\DADOS\CEP_LOG.YG0","D:\AtelieProd\Equipexe\CEP\DADOS","CEP_LOG.YG0",".YG0","4096","15/01/2019 15:52:52"
"D:\AtelieProd\Equipexe\CEP\DADOS\CEP_LOG.YG1","D:\AtelieProd\Equipexe\CEP\DADOS","CEP_LOG.YG1",".YG1","4096","15/01/2019 15:52:52"
"D:\AtelieProd\Equipexe\ESC\DADOS\CadPro.DB","D:\AtelieProd\Equipexe\ESC\DADOS","CadPro.DB",".DB","2048","15/01/2019 15:52:44"
"D:\AtelieProd\Equipexe\ESC\DADOS\CadPro.PX","D:\AtelieProd\Equipexe\ESC\DADOS","CadPro.PX",".PX","2048","15/01/2019 15:52:44"
"D:\AtelieProd\Equipexe\ESC\DADOS\CadPro.XG0","D:\AtelieProd\Equipexe\ESC\DADOS","CadPro.XG0",".XG0","34816","15/01/2019 15:52:44"
"D:\AtelieProd\Equipexe\ESC\DADOS\CadPro.YG0","D:\AtelieProd\Equipexe\ESC\DADOS","CadPro.YG0",".YG0","4096","15/01/2019 15:52:44"
"D:\AtelieProd\Equipexe\ESC\FILIAL\CadAlu.DB","D:\AtelieProd\Equipexe\ESC\FILIAL","CadAlu.DB",".DB","2048","15/01/2019 15:52:26"
"D:\AtelieProd\Equipexe\ESC\FILIAL\CadAlu.PX","D:\AtelieProd\Equipexe\ESC\FILIAL","CadAlu.PX",".PX","2048","15/01/2019 15:52:26"
"D:\AtelieProd\Equipexe\ESC\FILIAL\CadAlu.XG0","D:\AtelieProd\Equipexe\ESC\FILIAL","CadAlu.XG0",".XG0","34816","15/01/2019 15:52:26"
"D:\AtelieProd\Equipexe\ESC\FILIAL\CadAlu.YG0","D:\AtelieProd\Equipexe\ESC\FILIAL","CadAlu.YG0",".YG0","4096","15/01/2019 15:52:26"
"D:\AtelieProd\Equipexe\ESC\FILIAL\CadAul.DB","D:\AtelieProd\Equipexe\ESC\FILIAL","CadAul.DB",".DB","2048","15/01/2019 15:52:26"
"D:\AtelieProd\Equipexe\ESC\FILIAL\CadAul.PX","D:\AtelieProd\Equipexe\ESC\FILIAL","CadAul.PX",".PX","2048","15/01/2019 15:52:26"
"D:\AtelieProd\Equipexe\ESC\FILIAL\CadCur.DB","D:\AtelieProd\Equipexe\ESC\FILIAL","CadCur.DB",".DB","2048","15/01/2019 15:52:30"
"D:\AtelieProd\Equipexe\ESC\FILIAL\CadCur.PX","D:\AtelieProd\Equipexe\ESC\FILIAL","CadCur.PX",".PX","2048","15/01/2019 15:52:30"
"D:\AtelieProd\Equipexe\ESC\FILIAL\CadInt.DB","D:\AtelieProd\Equipexe\ESC\FILIAL","CadInt.DB",".DB","2048","15/01/2019 15:52:36"
"D:\AtelieProd\Equipexe\ESC\FILIAL\CadInt.PX","D:\AtelieProd\Equipexe\ESC\FILIAL","CadInt.PX",".PX","2048","15/01/2019 15:52:36"
"D:\AtelieProd\Equipexe\ESC\FILIAL\CadInt.XG0","D:\AtelieProd\Equipexe\ESC\FILIAL","CadInt.XG0",".XG0","34816","15/01/2019 15:52:36"
"D:\AtelieProd\Equipexe\ESC\FILIAL\CadInt.YG0","D:\AtelieProd\Equipexe\ESC\FILIAL","CadInt.YG0",".YG0","4096","15/01/2019 15:52:36"
"D:\AtelieProd\Equipexe\ESC\FILIAL\CadMat.DB","D:\AtelieProd\Equipexe\ESC\FILIAL","CadMat.DB",".DB","2048","15/01/2019 15:52:40"
"D:\AtelieProd\Equipexe\ESC\FILIAL\CadMat.PX","D:\AtelieProd\Equipexe\ESC\FILIAL","CadMat.PX",".PX","2048","15/01/2019 15:52:40"
"D:\AtelieProd\Equipexe\ESC\FILIAL\CadMat.XG0","D:\AtelieProd\Equipexe\ESC\FILIAL","CadMat.XG0",".XG0","34816","15/01/2019 15:52:40"
"D:\AtelieProd\Equipexe\ESC\FILIAL\CadMat.YG0","D:\AtelieProd\Equipexe\ESC\FILIAL","CadMat.YG0",".YG0","4096","15/01/2019 15:52:40"
"D:\AtelieProd\Equipexe\ESC\FILIAL\CadMatComp.DB","D:\AtelieProd\Equipexe\ESC\FILIAL","CadMatComp.DB",".DB","2048","15/01/2019 15:52:40"
"D:\AtelieProd\Equipexe\ESC\FILIAL\CadMatComp.PX","D:\AtelieProd\Equipexe\ESC\FILIAL","CadMatComp.PX",".PX","2048","15/01/2019 15:52:40"
"D:\AtelieProd\Equipexe\ESC\FILIAL\CadMatComp.XG0","D:\AtelieProd\Equipexe\ESC\FILIAL","CadMatComp.XG0",".XG0","34816","15/01/2019 15:52:40"
"D:\AtelieProd\Equipexe\ESC\FILIAL\CadMatComp.YG0","D:\AtelieProd\Equipexe\ESC\FILIAL","CadMatComp.YG0",".YG0","4096","15/01/2019 15:52:40"
"D:\AtelieProd\Equipexe\ESC\FILIAL\CadNot.DB","D:\AtelieProd\Equipexe\ESC\FILIAL","CadNot.DB",".DB","2048","15/01/2019 15:52:42"
"D:\AtelieProd\Equipexe\ESC\FILIAL\CadNot.PX","D:\AtelieProd\Equipexe\ESC\FILIAL","CadNot.PX",".PX","2048","15/01/2019 15:52:42"
"D:\AtelieProd\Equipexe\ESC\FILIAL\CadNot.XG0","D:\AtelieProd\Equipexe\ESC\FILIAL","CadNot.XG0",".XG0","34816","15/01/2019 15:52:42"
"D:\AtelieProd\Equipexe\ESC\FILIAL\CadNot.YG0","D:\AtelieProd\Equipexe\ESC\FILIAL","CadNot.YG0",".YG0","4096","15/01/2019 15:52:42"
"D:\AtelieProd\Equipexe\ESC\FILIAL\CadPre.DB","D:\AtelieProd\Equipexe\ESC\FILIAL","CadPre.DB",".DB","2048","15/01/2019 15:52:42"
"D:\AtelieProd\Equipexe\ESC\FILIAL\CadPre.PX","D:\AtelieProd\Equipexe\ESC\FILIAL","CadPre.PX",".PX","2048","15/01/2019 15:52:42"
"D:\AtelieProd\Equipexe\ESC\FILIAL\CadPre.XG0","D:\AtelieProd\Equipexe\ESC\FILIAL","CadPre.XG0",".XG0","34816","15/01/2019 15:52:42"
"D:\AtelieProd\Equipexe\ESC\FILIAL\CadPre.XG1","D:\AtelieProd\Equipexe\ESC\FILIAL","CadPre.XG1",".XG1","34816","15/01/2019 15:52:42"
"D:\AtelieProd\Equipexe\ESC\FILIAL\CadPre.YG0","D:\AtelieProd\Equipexe\ESC\FILIAL","CadPre.YG0",".YG0","4096","15/01/2019 15:52:42"
"D:\AtelieProd\Equipexe\ESC\FILIAL\CadPre.YG1","D:\AtelieProd\Equipexe\ESC\FILIAL","CadPre.YG1",".YG1","4096","15/01/2019 15:52:42"
"D:\AtelieProd\Equipexe\ESC\FILIAL\CadRes.DB","D:\AtelieProd\Equipexe\ESC\FILIAL","CadRes.DB",".DB","2048","15/01/2019 15:52:44"
"D:\AtelieProd\Equipexe\ESC\FILIAL\CadRes.PX","D:\AtelieProd\Equipexe\ESC\FILIAL","CadRes.PX",".PX","2048","15/01/2019 15:52:44"
"D:\AtelieProd\Equipexe\ESC\FILIAL\CadTur.DB","D:\AtelieProd\Equipexe\ESC\FILIAL","CadTur.DB",".DB","2048","15/01/2019 15:52:48"
"D:\AtelieProd\Equipexe\ESC\FILIAL\CadTur.PX","D:\AtelieProd\Equipexe\ESC\FILIAL","CadTur.PX",".PX","2048","15/01/2019 15:52:48"
"D:\AtelieProd\Equipexe\ESC\FILIAL\CadTur.XG0","D:\AtelieProd\Equipexe\ESC\FILIAL","CadTur.XG0",".XG0","34816","15/01/2019 15:52:48"
"D:\AtelieProd\Equipexe\ESC\FILIAL\CadTur.YG0","D:\AtelieProd\Equipexe\ESC\FILIAL","CadTur.YG0",".YG0","4096","15/01/2019 15:52:48"
"D:\AtelieProd\Equipexe\ESC\FILIAL\CompTurmas.DB","D:\AtelieProd\Equipexe\ESC\FILIAL","CompTurmas.DB",".DB","2048","15/01/2019 15:53:02"
"D:\AtelieProd\Equipexe\ESC\FILIAL\CompTurmas.PX","D:\AtelieProd\Equipexe\ESC\FILIAL","CompTurmas.PX",".PX","2048","15/01/2019 15:53:02"
"D:\AtelieProd\Equipexe\ESC\FILIAL\CompTurmas.XG0","D:\AtelieProd\Equipexe\ESC\FILIAL","CompTurmas.XG0",".XG0","34816","15/01/2019 15:53:02"
"D:\AtelieProd\Equipexe\ESC\FILIAL\CompTurmas.XG1","D:\AtelieProd\Equipexe\ESC\FILIAL","CompTurmas.XG1",".XG1","34816","15/01/2019 15:53:02"
"D:\AtelieProd\Equipexe\ESC\FILIAL\CompTurmas.YG0","D:\AtelieProd\Equipexe\ESC\FILIAL","CompTurmas.YG0",".YG0","4096","15/01/2019 15:53:02"
"D:\AtelieProd\Equipexe\ESC\FILIAL\CompTurmas.YG1","D:\AtelieProd\Equipexe\ESC\FILIAL","CompTurmas.YG1",".YG1","4096","15/01/2019 15:53:02"
"D:\AtelieProd\Equipexe\ESC\FILIAL\MovPdv.DB","D:\AtelieProd\Equipexe\ESC\FILIAL","MovPdv.DB",".DB","2048","15/01/2019 15:53:54"
"D:\AtelieProd\Equipexe\ESC\FILIAL\MovPdv.PX","D:\AtelieProd\Equipexe\ESC\FILIAL","MovPdv.PX",".PX","2048","15/01/2019 15:53:54"
"D:\AtelieProd\Equipexe\ESC\FILIAL\MovPdv.XG0","D:\AtelieProd\Equipexe\ESC\FILIAL","MovPdv.XG0",".XG0","34816","15/01/2019 15:53:54"
"D:\AtelieProd\Equipexe\ESC\FILIAL\MovPdv.XG1","D:\AtelieProd\Equipexe\ESC\FILIAL","MovPdv.XG1",".XG1","34816","15/01/2019 15:53:54"
"D:\AtelieProd\Equipexe\ESC\FILIAL\MovPdv.YG0","D:\AtelieProd\Equipexe\ESC\FILIAL","MovPdv.YG0",".YG0","4096","15/01/2019 15:53:54"
"D:\AtelieProd\Equipexe\ESC\FILIAL\MovPdv.YG1","D:\AtelieProd\Equipexe\ESC\FILIAL","MovPdv.YG1",".YG1","4096","15/01/2019 15:53:54"
"D:\AtelieProd\Equipexe\ESC\FILIAL\NotasEsc.DB","D:\AtelieProd\Equipexe\ESC\FILIAL","NotasEsc.DB",".DB","2048","15/01/2019 15:54:16"
"D:\AtelieProd\Equipexe\ESC\FILIAL\NotasEsc.PX","D:\AtelieProd\Equipexe\ESC\FILIAL","NotasEsc.PX",".PX","2048","15/01/2019 15:54:16"
"D:\AtelieProd\Equipexe\ESC\FILIAL\NotasEsc.XG0","D:\AtelieProd\Equipexe\ESC\FILIAL","NotasEsc.XG0",".XG0","34816","15/01/2019 15:54:16"
"D:\AtelieProd\Equipexe\ESC\FILIAL\NotasEsc.XG1","D:\AtelieProd\Equipexe\ESC\FILIAL","NotasEsc.XG1",".XG1","34816","15/01/2019 15:54:16"
"D:\AtelieProd\Equipexe\ESC\FILIAL\NotasEsc.YG0","D:\AtelieProd\Equipexe\ESC\FILIAL","NotasEsc.YG0",".YG0","4096","15/01/2019 15:54:16"
"D:\AtelieProd\Equipexe\ESC\FILIAL\NotasEsc.YG1","D:\AtelieProd\Equipexe\ESC\FILIAL","NotasEsc.YG1",".YG1","4096","15/01/2019 15:54:16"
"D:\AtelieProd\Equipexe\ESC\FILIAL\NotCompEsc.DB","D:\AtelieProd\Equipexe\ESC\FILIAL","NotCompEsc.DB",".DB","2048","15/01/2019 15:54:16"
"D:\AtelieProd\Equipexe\ESC\FILIAL\NotCompEsc.PX","D:\AtelieProd\Equipexe\ESC\FILIAL","NotCompEsc.PX",".PX","2048","15/01/2019 15:54:16"
"D:\AtelieProd\Equipexe\ESC\FILIAL\NotCompEsc.XG0","D:\AtelieProd\Equipexe\ESC\FILIAL","NotCompEsc.XG0",".XG0","34816","15/01/2019 15:54:16"
"D:\AtelieProd\Equipexe\ESC\FILIAL\NotCompEsc.YG0","D:\AtelieProd\Equipexe\ESC\FILIAL","NotCompEsc.YG0",".YG0","4096","15/01/2019 15:54:16"
"D:\AtelieProd\Equipexe\EST\DADOS\CadClaEst.DB","D:\AtelieProd\Equipexe\EST\DADOS","CadClaEst.DB",".DB","2048","15/01/2019 15:52:28"
"D:\AtelieProd\Equipexe\EST\DADOS\CadClaEst.PX","D:\AtelieProd\Equipexe\EST\DADOS","CadClaEst.PX",".PX","2048","15/01/2019 15:52:28"
"D:\AtelieProd\Equipexe\EST\DADOS\CadClaEst.XG0","D:\AtelieProd\Equipexe\EST\DADOS","CadClaEst.XG0",".XG0","34816","15/01/2019 15:52:28"
"D:\AtelieProd\Equipexe\EST\DADOS\CadClaEst.YG0","D:\AtelieProd\Equipexe\EST\DADOS","CadClaEst.YG0",".YG0","4096","15/01/2019 15:52:28"
"D:\AtelieProd\Equipexe\EST\DADOS\CadClasFis.DB","D:\AtelieProd\Equipexe\EST\DADOS","CadClasFis.DB",".DB","2048","15/01/2019 15:52:28"
"D:\AtelieProd\Equipexe\EST\DADOS\CadClasFis.PX","D:\AtelieProd\Equipexe\EST\DADOS","CadClasFis.PX",".PX","2048","15/01/2019 15:52:28"
"D:\AtelieProd\Equipexe\EST\DADOS\CadClasFis.XG0","D:\AtelieProd\Equipexe\EST\DADOS","CadClasFis.XG0",".XG0","34816","15/01/2019 15:52:28"
"D:\AtelieProd\Equipexe\EST\DADOS\CadClasFis.YG0","D:\AtelieProd\Equipexe\EST\DADOS","CadClasFis.YG0",".YG0","4096","15/01/2019 15:52:28"
"D:\AtelieProd\Equipexe\EST\DADOS\CadEst.DB","D:\AtelieProd\Equipexe\EST\DADOS","CadEst.DB",".DB","2048","15/01/2019 15:52:32"
"D:\AtelieProd\Equipexe\EST\DADOS\CadEst.PX","D:\AtelieProd\Equipexe\EST\DADOS","CadEst.PX",".PX","2048","15/01/2019 15:52:32"
"D:\AtelieProd\Equipexe\EST\DADOS\CadEst.XG0","D:\AtelieProd\Equipexe\EST\DADOS","CadEst.XG0",".XG0","34816","15/01/2019 15:52:32"
"D:\AtelieProd\Equipexe\EST\DADOS\CadEst.YG0","D:\AtelieProd\Equipexe\EST\DADOS","CadEst.YG0",".YG0","4096","15/01/2019 15:52:32"
"D:\AtelieProd\Equipexe\EST\DADOS\CadFunEst.DB","D:\AtelieProd\Equipexe\EST\DADOS","CadFunEst.DB",".DB","2048","15/01/2019 15:52:34"
"D:\AtelieProd\Equipexe\EST\DADOS\CadFunEst.PX","D:\AtelieProd\Equipexe\EST\DADOS","CadFunEst.PX",".PX","2048","15/01/2019 15:52:34"
"D:\AtelieProd\Equipexe\EST\DADOS\CadGruEst1.DB","D:\AtelieProd\Equipexe\EST\DADOS","CadGruEst1.DB",".DB","2048","15/01/2019 15:52:34"
"D:\AtelieProd\Equipexe\EST\DADOS\CadGruEst1.PX","D:\AtelieProd\Equipexe\EST\DADOS","CadGruEst1.PX",".PX","2048","15/01/2019 15:52:34"
"D:\AtelieProd\Equipexe\EST\DADOS\CadGruEst1.XG0","D:\AtelieProd\Equipexe\EST\DADOS","CadGruEst1.XG0",".XG0","34816","15/01/2019 15:52:34"
"D:\AtelieProd\Equipexe\EST\DADOS\CadGruEst1.YG0","D:\AtelieProd\Equipexe\EST\DADOS","CadGruEst1.YG0",".YG0","4096","15/01/2019 15:52:34"
"D:\AtelieProd\Equipexe\EST\DADOS\CadGruEst2.DB","D:\AtelieProd\Equipexe\EST\DADOS","CadGruEst2.DB",".DB","2048","15/01/2019 15:52:34"
"D:\AtelieProd\Equipexe\EST\DADOS\CadGruEst2.PX","D:\AtelieProd\Equipexe\EST\DADOS","CadGruEst2.PX",".PX","2048","15/01/2019 15:52:34"
"D:\AtelieProd\Equipexe\EST\DADOS\CadGruEst2.XG0","D:\AtelieProd\Equipexe\EST\DADOS","CadGruEst2.XG0",".XG0","34816","15/01/2019 15:52:34"
"D:\AtelieProd\Equipexe\EST\DADOS\CadGruEst2.YG0","D:\AtelieProd\Equipexe\EST\DADOS","CadGruEst2.YG0",".YG0","4096","15/01/2019 15:52:34"
"D:\AtelieProd\Equipexe\EST\DADOS\CadGruEst3.DB","D:\AtelieProd\Equipexe\EST\DADOS","CadGruEst3.DB",".DB","2048","15/01/2019 15:52:36"
"D:\AtelieProd\Equipexe\EST\DADOS\CadGruEst3.PX","D:\AtelieProd\Equipexe\EST\DADOS","CadGruEst3.PX",".PX","2048","15/01/2019 15:52:36"
"D:\AtelieProd\Equipexe\EST\DADOS\CadGruEst3.XG0","D:\AtelieProd\Equipexe\EST\DADOS","CadGruEst3.XG0",".XG0","34816","15/01/2019 15:52:36"
"D:\AtelieProd\Equipexe\EST\DADOS\CadGruEst3.YG0","D:\AtelieProd\Equipexe\EST\DADOS","CadGruEst3.YG0",".YG0","4096","15/01/2019 15:52:36"
"D:\AtelieProd\Equipexe\EST\DADOS\CadGruEst4.DB","D:\AtelieProd\Equipexe\EST\DADOS","CadGruEst4.DB",".DB","2048","15/01/2019 15:52:36"
"D:\AtelieProd\Equipexe\EST\DADOS\CadGruEst4.PX","D:\AtelieProd\Equipexe\EST\DADOS","CadGruEst4.PX",".PX","2048","15/01/2019 15:52:36"
"D:\AtelieProd\Equipexe\EST\DADOS\CadGruEst4.XG0","D:\AtelieProd\Equipexe\EST\DADOS","CadGruEst4.XG0",".XG0","34816","15/01/2019 15:52:36"
"D:\AtelieProd\Equipexe\EST\DADOS\CadGruEst4.YG0","D:\AtelieProd\Equipexe\EST\DADOS","CadGruEst4.YG0",".YG0","4096","15/01/2019 15:52:36"
"D:\AtelieProd\Equipexe\EST\DADOS\CadKit.DB","D:\AtelieProd\Equipexe\EST\DADOS","CadKit.DB",".DB","2048","15/01/2019 15:52:36"
"D:\AtelieProd\Equipexe\EST\DADOS\CadKit.PX","D:\AtelieProd\Equipexe\EST\DADOS","CadKit.PX",".PX","2048","15/01/2019 15:52:36"
"D:\AtelieProd\Equipexe\EST\DADOS\CadKit.XG0","D:\AtelieProd\Equipexe\EST\DADOS","CadKit.XG0",".XG0","34816","15/01/2019 15:52:36"
"D:\AtelieProd\Equipexe\EST\DADOS\CadKit.YG0","D:\AtelieProd\Equipexe\EST\DADOS","CadKit.YG0",".YG0","4096","15/01/2019 15:52:36"
"D:\AtelieProd\Equipexe\EST\DADOS\CadLocEst.DB","D:\AtelieProd\Equipexe\EST\DADOS","CadLocEst.DB",".DB","2048","15/01/2019 15:52:36"
"D:\AtelieProd\Equipexe\EST\DADOS\CadLocEst.PX","D:\AtelieProd\Equipexe\EST\DADOS","CadLocEst.PX",".PX","2048","15/01/2019 15:52:36"
"D:\AtelieProd\Equipexe\EST\DADOS\CadLocEst.XG0","D:\AtelieProd\Equipexe\EST\DADOS","CadLocEst.XG0",".XG0","34816","15/01/2019 15:52:36"
"D:\AtelieProd\Equipexe\EST\DADOS\CadLocEst.YG0","D:\AtelieProd\Equipexe\EST\DADOS","CadLocEst.YG0",".YG0","4096","15/01/2019 15:52:36"
"D:\AtelieProd\Equipexe\EST\DADOS\CadUniPro.DB","D:\AtelieProd\Equipexe\EST\DADOS","CadUniPro.DB",".DB","2048","15/01/2019 15:52:48"
"D:\AtelieProd\Equipexe\EST\DADOS\CadUniPro.PX","D:\AtelieProd\Equipexe\EST\DADOS","CadUniPro.PX",".PX","2048","15/01/2019 15:52:48"
"D:\AtelieProd\Equipexe\EST\DADOS\CadUniPro.XG0","D:\AtelieProd\Equipexe\EST\DADOS","CadUniPro.XG0",".XG0","34816","15/01/2019 15:52:50"
"D:\AtelieProd\Equipexe\EST\DADOS\CadUniPro.YG0","D:\AtelieProd\Equipexe\EST\DADOS","CadUniPro.YG0",".YG0","4096","15/01/2019 15:52:50"
"D:\AtelieProd\Equipexe\EST\DADOS\EstMinMax.DB","D:\AtelieProd\Equipexe\EST\DADOS","EstMinMax.DB",".DB","2048","15/01/2019 15:53:18"
"D:\AtelieProd\Equipexe\EST\DADOS\EstMinMax.PX","D:\AtelieProd\Equipexe\EST\DADOS","EstMinMax.PX",".PX","2048","15/01/2019 15:53:18"
"D:\AtelieProd\Equipexe\EST\DADOS\EstMinMax.XG0","D:\AtelieProd\Equipexe\EST\DADOS","EstMinMax.XG0",".XG0","34816","15/01/2019 15:53:18"
"D:\AtelieProd\Equipexe\EST\DADOS\EstMinMax.YG0","D:\AtelieProd\Equipexe\EST\DADOS","EstMinMax.YG0",".YG0","4096","15/01/2019 15:53:18"
"D:\AtelieProd\Equipexe\EST\DADOS\GruProEst.DB","D:\AtelieProd\Equipexe\EST\DADOS","GruProEst.DB",".DB","2048","15/01/2019 15:53:28"
"D:\AtelieProd\Equipexe\EST\DADOS\GruProEst.PX","D:\AtelieProd\Equipexe\EST\DADOS","GruProEst.PX",".PX","2048","15/01/2019 15:53:28"
"D:\AtelieProd\Equipexe\EST\DADOS\GruProEst.XG0","D:\AtelieProd\Equipexe\EST\DADOS","GruProEst.XG0",".XG0","34816","15/01/2019 15:53:28"
"D:\AtelieProd\Equipexe\EST\DADOS\GruProEst.YG0","D:\AtelieProd\Equipexe\EST\DADOS","GruProEst.YG0",".YG0","4096","15/01/2019 15:53:28"
"D:\AtelieProd\Equipexe\EST\DADOS\Legislacao.DB","D:\AtelieProd\Equipexe\EST\DADOS","Legislacao.DB",".DB","2048","15/01/2019 15:53:30"
"D:\AtelieProd\Equipexe\EST\DADOS\Legislacao.PX","D:\AtelieProd\Equipexe\EST\DADOS","Legislacao.PX",".PX","2048","15/01/2019 15:53:30"
"D:\AtelieProd\Equipexe\EST\DADOS\Legislacao.XG0","D:\AtelieProd\Equipexe\EST\DADOS","Legislacao.XG0",".XG0","34816","15/01/2019 15:53:30"
"D:\AtelieProd\Equipexe\EST\DADOS\Legislacao.YG0","D:\AtelieProd\Equipexe\EST\DADOS","Legislacao.YG0",".YG0","4096","15/01/2019 15:53:30"
"D:\AtelieProd\Equipexe\EST\DADOS\MarcasEst.DB","D:\AtelieProd\Equipexe\EST\DADOS","MarcasEst.DB",".DB","2048","15/01/2019 15:53:34"
"D:\AtelieProd\Equipexe\EST\DADOS\MarcasEst.PX","D:\AtelieProd\Equipexe\EST\DADOS","MarcasEst.PX",".PX","2048","15/01/2019 15:53:34"
"D:\AtelieProd\Equipexe\EST\DADOS\MarcasEst.XG0","D:\AtelieProd\Equipexe\EST\DADOS","MarcasEst.XG0",".XG0","34816","15/01/2019 15:53:34"
"D:\AtelieProd\Equipexe\EST\DADOS\MarcasEst.YG0","D:\AtelieProd\Equipexe\EST\DADOS","MarcasEst.YG0",".YG0","4096","15/01/2019 15:53:34"
"D:\AtelieProd\Equipexe\EST\DADOS\ProdEst.DB","D:\AtelieProd\Equipexe\EST\DADOS","ProdEst.DB",".DB","2048","15/01/2019 15:54:30"
"D:\AtelieProd\Equipexe\EST\DADOS\ProdEst.PX","D:\AtelieProd\Equipexe\EST\DADOS","ProdEst.PX",".PX","2048","15/01/2019 15:54:30"
"D:\AtelieProd\Equipexe\EST\DADOS\ProdEst.XG0","D:\AtelieProd\Equipexe\EST\DADOS","ProdEst.XG0",".XG0","34816","15/01/2019 15:54:30"
"D:\AtelieProd\Equipexe\EST\DADOS\ProdEst.YG0","D:\AtelieProd\Equipexe\EST\DADOS","ProdEst.YG0",".YG0","4096","15/01/2019 15:54:30"
"D:\AtelieProd\Equipexe\EST\DADOS\ProdEstKit.DB","D:\AtelieProd\Equipexe\EST\DADOS","ProdEstKit.DB",".DB","2048","15/01/2019 15:54:30"
"D:\AtelieProd\Equipexe\EST\DADOS\ProdEstKit.PX","D:\AtelieProd\Equipexe\EST\DADOS","ProdEstKit.PX",".PX","2048","15/01/2019 15:54:30"
"D:\AtelieProd\Equipexe\EST\DADOS\ProdEstPac.DB","D:\AtelieProd\Equipexe\EST\DADOS","ProdEstPac.DB",".DB","2048","15/01/2019 15:54:30"
"D:\AtelieProd\Equipexe\EST\DADOS\ProdEstPac.PX","D:\AtelieProd\Equipexe\EST\DADOS","ProdEstPac.PX",".PX","2048","15/01/2019 15:54:30"
"D:\AtelieProd\Equipexe\EST\DADOS\ProdEstPac.XG0","D:\AtelieProd\Equipexe\EST\DADOS","ProdEstPac.XG0",".XG0","34816","15/01/2019 15:54:30"
"D:\AtelieProd\Equipexe\EST\DADOS\ProdEstPac.YG0","D:\AtelieProd\Equipexe\EST\DADOS","ProdEstPac.YG0",".YG0","4096","15/01/2019 15:54:30"
"D:\AtelieProd\Equipexe\EST\DADOS\ProEstKit.DB","D:\AtelieProd\Equipexe\EST\DADOS","ProEstKit.DB",".DB","2048","04/11/2008 10:03:30"
"D:\AtelieProd\Equipexe\EST\DADOS\ProEstKit.PX","D:\AtelieProd\Equipexe\EST\DADOS","ProEstKit.PX",".PX","2048","04/11/2008 10:03:30"
"D:\AtelieProd\Equipexe\EST\DADOS\TabPrecoEst.DB","D:\AtelieProd\Equipexe\EST\DADOS","TabPrecoEst.DB",".DB","2048","15/01/2019 15:54:36"
"D:\AtelieProd\Equipexe\EST\DADOS\TabPrecoEst.PX","D:\AtelieProd\Equipexe\EST\DADOS","TabPrecoEst.PX",".PX","2048","15/01/2019 15:54:36"
"D:\AtelieProd\Equipexe\EST\DADOS\TabPrecoEst.XG0","D:\AtelieProd\Equipexe\EST\DADOS","TabPrecoEst.XG0",".XG0","34816","15/01/2019 15:54:36"
"D:\AtelieProd\Equipexe\EST\DADOS\TabPrecoEst.YG0","D:\AtelieProd\Equipexe\EST\DADOS","TabPrecoEst.YG0",".YG0","4096","15/01/2019 15:54:36"
"D:\AtelieProd\Equipexe\EST\DADOS\TabProdEst.DB","D:\AtelieProd\Equipexe\EST\DADOS","TabProdEst.DB",".DB","2048","15/01/2019 15:54:38"
"D:\AtelieProd\Equipexe\EST\DADOS\TabProdEst.PX","D:\AtelieProd\Equipexe\EST\DADOS","TabProdEst.PX",".PX","2048","15/01/2019 15:54:38"
"D:\AtelieProd\Equipexe\EST\DADOS\TpVendas.DB","D:\AtelieProd\Equipexe\EST\DADOS","TpVendas.DB",".DB","2048","15/01/2019 15:54:42"
"D:\AtelieProd\Equipexe\EST\DADOS\TpVendas.PX","D:\AtelieProd\Equipexe\EST\DADOS","TpVendas.PX",".PX","2048","15/01/2019 15:54:42"
"D:\AtelieProd\Equipexe\EST\DADOS\TpVendas.XG0","D:\AtelieProd\Equipexe\EST\DADOS","TpVendas.XG0",".XG0","34816","15/01/2019 15:54:42"
"D:\AtelieProd\Equipexe\EST\DADOS\TpVendas.YG0","D:\AtelieProd\Equipexe\EST\DADOS","TpVendas.YG0",".YG0","4096","15/01/2019 15:54:42"
"D:\AtelieProd\Equipexe\EST\FILIAL\CliContEst.DB","D:\AtelieProd\Equipexe\EST\FILIAL","CliContEst.DB",".DB","2048","15/01/2019 15:52:56"
"D:\AtelieProd\Equipexe\EST\FILIAL\CliContEst.PX","D:\AtelieProd\Equipexe\EST\FILIAL","CliContEst.PX",".PX","2048","15/01/2019 15:52:56"
"D:\AtelieProd\Equipexe\EST\FILIAL\CliContEst.XG0","D:\AtelieProd\Equipexe\EST\FILIAL","CliContEst.XG0",".XG0","34816","15/01/2019 15:52:56"
"D:\AtelieProd\Equipexe\EST\FILIAL\CliContEst.YG0","D:\AtelieProd\Equipexe\EST\FILIAL","CliContEst.YG0",".YG0","4096","15/01/2019 15:52:56"
"D:\AtelieProd\Equipexe\EST\FILIAL\MovEst.DB","D:\AtelieProd\Equipexe\EST\FILIAL","MovEst.DB",".DB","34816","15/01/2019 15:53:42"
"D:\AtelieProd\Equipexe\EST\FILIAL\MovEst.PX","D:\AtelieProd\Equipexe\EST\FILIAL","MovEst.PX",".PX","4096","15/01/2019 15:53:42"
"D:\AtelieProd\Equipexe\EST\FILIAL\MovEst.XG0","D:\AtelieProd\Equipexe\EST\FILIAL","MovEst.XG0",".XG0","34816","15/01/2019 15:53:42"
"D:\AtelieProd\Equipexe\EST\FILIAL\MovEst.XG1","D:\AtelieProd\Equipexe\EST\FILIAL","MovEst.XG1",".XG1","34816","15/01/2019 15:53:42"
"D:\AtelieProd\Equipexe\EST\FILIAL\MovEst.YG0","D:\AtelieProd\Equipexe\EST\FILIAL","MovEst.YG0",".YG0","4096","15/01/2019 15:53:42"
"D:\AtelieProd\Equipexe\EST\FILIAL\MovEst.YG1","D:\AtelieProd\Equipexe\EST\FILIAL","MovEst.YG1",".YG1","4096","15/01/2019 15:53:42"
"D:\AtelieProd\Equipexe\EST\FILIAL\MovEstCan.DB","D:\AtelieProd\Equipexe\EST\FILIAL","MovEstCan.DB",".DB","2048","15/01/2019 15:53:42"
"D:\AtelieProd\Equipexe\EST\FILIAL\MovEstCan.PX","D:\AtelieProd\Equipexe\EST\FILIAL","MovEstCan.PX",".PX","2048","15/01/2019 15:53:42"
"D:\AtelieProd\Equipexe\EST\FILIAL\MovEstCan.XG0","D:\AtelieProd\Equipexe\EST\FILIAL","MovEstCan.XG0",".XG0","34816","15/01/2019 15:53:42"
"D:\AtelieProd\Equipexe\EST\FILIAL\MovEstCan.YG0","D:\AtelieProd\Equipexe\EST\FILIAL","MovEstCan.YG0",".YG0","4096","15/01/2019 15:53:42"
"D:\AtelieProd\Equipexe\EST\FILIAL\MovEstEnc.DB","D:\AtelieProd\Equipexe\EST\FILIAL","MovEstEnc.DB",".DB","2048","15/01/2019 15:53:42"
"D:\AtelieProd\Equipexe\EST\FILIAL\MovEstEnc.PX","D:\AtelieProd\Equipexe\EST\FILIAL","MovEstEnc.PX",".PX","2048","15/01/2019 15:53:42"
"D:\AtelieProd\Equipexe\EST\FILIAL\MovEstEnc.XG0","D:\AtelieProd\Equipexe\EST\FILIAL","MovEstEnc.XG0",".XG0","34816","15/01/2019 15:53:42"
"D:\AtelieProd\Equipexe\EST\FILIAL\MovEstEnc.XG1","D:\AtelieProd\Equipexe\EST\FILIAL","MovEstEnc.XG1",".XG1","34816","15/01/2019 15:53:42"
"D:\AtelieProd\Equipexe\EST\FILIAL\MovEstEnc.YG0","D:\AtelieProd\Equipexe\EST\FILIAL","MovEstEnc.YG0",".YG0","4096","15/01/2019 15:53:42"
"D:\AtelieProd\Equipexe\EST\FILIAL\MovEstEnc.YG1","D:\AtelieProd\Equipexe\EST\FILIAL","MovEstEnc.YG1",".YG1","4096","15/01/2019 15:53:42"
"D:\AtelieProd\Equipexe\EST\FILIAL\MovKit.DB","D:\AtelieProd\Equipexe\EST\FILIAL","MovKit.DB",".DB","2048","15/01/2019 15:53:52"
"D:\AtelieProd\Equipexe\EST\FILIAL\MovKit.PX","D:\AtelieProd\Equipexe\EST\FILIAL","MovKit.PX",".PX","2048","15/01/2019 15:53:52"
"D:\AtelieProd\Equipexe\EST\FILIAL\PedComItem.DB","D:\AtelieProd\Equipexe\EST\FILIAL","PedComItem.DB",".DB","2048","15/01/2019 15:54:24"
"D:\AtelieProd\Equipexe\EST\FILIAL\PedComItem.PX","D:\AtelieProd\Equipexe\EST\FILIAL","PedComItem.PX",".PX","2048","15/01/2019 15:54:24"
"D:\AtelieProd\Equipexe\EST\FILIAL\PedComItem.XG0","D:\AtelieProd\Equipexe\EST\FILIAL","PedComItem.XG0",".XG0","34816","15/01/2019 15:54:24"
"D:\AtelieProd\Equipexe\EST\FILIAL\PedComItem.XG1","D:\AtelieProd\Equipexe\EST\FILIAL","PedComItem.XG1",".XG1","34816","15/01/2019 15:54:24"
"D:\AtelieProd\Equipexe\EST\FILIAL\PedComItem.YG0","D:\AtelieProd\Equipexe\EST\FILIAL","PedComItem.YG0",".YG0","4096","15/01/2019 15:54:24"
"D:\AtelieProd\Equipexe\EST\FILIAL\PedComItem.YG1","D:\AtelieProd\Equipexe\EST\FILIAL","PedComItem.YG1",".YG1","4096","15/01/2019 15:54:24"
"D:\AtelieProd\Equipexe\EST\FILIAL\PedCompra.DB","D:\AtelieProd\Equipexe\EST\FILIAL","PedCompra.DB",".DB","2048","15/01/2019 15:54:24"
"D:\AtelieProd\Equipexe\EST\FILIAL\PedCompra.PX","D:\AtelieProd\Equipexe\EST\FILIAL","PedCompra.PX",".PX","2048","15/01/2019 15:54:24"
"D:\AtelieProd\Equipexe\EST\FILIAL\PedCompra.XG0","D:\AtelieProd\Equipexe\EST\FILIAL","PedCompra.XG0",".XG0","34816","15/01/2019 15:54:24"
"D:\AtelieProd\Equipexe\EST\FILIAL\PedCompra.XG1","D:\AtelieProd\Equipexe\EST\FILIAL","PedCompra.XG1",".XG1","34816","15/01/2019 15:54:24"
"D:\AtelieProd\Equipexe\EST\FILIAL\PedCompra.YG0","D:\AtelieProd\Equipexe\EST\FILIAL","PedCompra.YG0",".YG0","4096","15/01/2019 15:54:24"
"D:\AtelieProd\Equipexe\EST\FILIAL\PedCompra.YG1","D:\AtelieProd\Equipexe\EST\FILIAL","PedCompra.YG1",".YG1","4096","15/01/2019 15:54:24"
"D:\AtelieProd\Equipexe\EST\FILIAL\PedCompraCanc.DB","D:\AtelieProd\Equipexe\EST\FILIAL","PedCompraCanc.DB",".DB","2048","15/01/2019 15:54:24"
"D:\AtelieProd\Equipexe\EST\FILIAL\PedCompraCanc.PX","D:\AtelieProd\Equipexe\EST\FILIAL","PedCompraCanc.PX",".PX","2048","15/01/2019 15:54:24"
"D:\AtelieProd\Equipexe\EST\FILIAL\PedCompraCanc.XG0","D:\AtelieProd\Equipexe\EST\FILIAL","PedCompraCanc.XG0",".XG0","34816","15/01/2019 15:54:24"
"D:\AtelieProd\Equipexe\EST\FILIAL\PedCompraCanc.YG0","D:\AtelieProd\Equipexe\EST\FILIAL","PedCompraCanc.YG0",".YG0","4096","15/01/2019 15:54:24"
"D:\AtelieProd\Equipexe\EST\FILIAL\PedConf.DB","D:\AtelieProd\Equipexe\EST\FILIAL","PedConf.DB",".DB","2048","15/01/2019 15:54:24"
"D:\AtelieProd\Equipexe\EST\FILIAL\PedConf.PX","D:\AtelieProd\Equipexe\EST\FILIAL","PedConf.PX",".PX","2048","15/01/2019 15:54:24"
"D:\AtelieProd\Equipexe\EST\FILIAL\PedConf.XG0","D:\AtelieProd\Equipexe\EST\FILIAL","PedConf.XG0",".XG0","34816","15/01/2019 15:54:24"
"D:\AtelieProd\Equipexe\EST\FILIAL\PedConf.XG1","D:\AtelieProd\Equipexe\EST\FILIAL","PedConf.XG1",".XG1","34816","15/01/2019 15:54:24"
"D:\AtelieProd\Equipexe\EST\FILIAL\PedConf.YG0","D:\AtelieProd\Equipexe\EST\FILIAL","PedConf.YG0",".YG0","4096","15/01/2019 15:54:24"
"D:\AtelieProd\Equipexe\EST\FILIAL\PedConf.YG1","D:\AtelieProd\Equipexe\EST\FILIAL","PedConf.YG1",".YG1","4096","15/01/2019 15:54:24"
"D:\AtelieProd\Equipexe\EST\FILIAL\PedConfItem.DB","D:\AtelieProd\Equipexe\EST\FILIAL","PedConfItem.DB",".DB","2048","15/01/2019 15:54:24"
"D:\AtelieProd\Equipexe\EST\FILIAL\PedConfItem.PX","D:\AtelieProd\Equipexe\EST\FILIAL","PedConfItem.PX",".PX","2048","15/01/2019 15:54:24"
"D:\AtelieProd\Equipexe\EST\FILIAL\PedConfItem.XG0","D:\AtelieProd\Equipexe\EST\FILIAL","PedConfItem.XG0",".XG0","34816","15/01/2019 15:54:24"
"D:\AtelieProd\Equipexe\EST\FILIAL\PedConfItem.YG0","D:\AtelieProd\Equipexe\EST\FILIAL","PedConfItem.YG0",".YG0","4096","15/01/2019 15:54:24"
"D:\AtelieProd\Equipexe\EST\FILIAL\PedConfItemICMS.DB","D:\AtelieProd\Equipexe\EST\FILIAL","PedConfItemICMS.DB",".DB","2048","15/01/2019 15:54:24"
"D:\AtelieProd\Equipexe\EST\FILIAL\PedConfItemICMS.PX","D:\AtelieProd\Equipexe\EST\FILIAL","PedConfItemICMS.PX",".PX","2048","15/01/2019 15:54:24"
"D:\AtelieProd\Equipexe\EST\FILIAL\PedVenConf.DB","D:\AtelieProd\Equipexe\EST\FILIAL","PedVenConf.DB",".DB","2048","15/01/2019 15:54:26"
"D:\AtelieProd\Equipexe\EST\FILIAL\PedVenConf.PX","D:\AtelieProd\Equipexe\EST\FILIAL","PedVenConf.PX",".PX","2048","15/01/2019 15:54:26"
"D:\AtelieProd\Equipexe\EST\FILIAL\PedVenConf.XG0","D:\AtelieProd\Equipexe\EST\FILIAL","PedVenConf.XG0",".XG0","34816","15/01/2019 15:54:26"
"D:\AtelieProd\Equipexe\EST\FILIAL\PedVenConf.XG1","D:\AtelieProd\Equipexe\EST\FILIAL","PedVenConf.XG1",".XG1","34816","15/01/2019 15:54:26"
"D:\AtelieProd\Equipexe\EST\FILIAL\PedVenConf.YG0","D:\AtelieProd\Equipexe\EST\FILIAL","PedVenConf.YG0",".YG0","4096","15/01/2019 15:54:26"
"D:\AtelieProd\Equipexe\EST\FILIAL\PedVenConf.YG1","D:\AtelieProd\Equipexe\EST\FILIAL","PedVenConf.YG1",".YG1","4096","15/01/2019 15:54:26"
"D:\AtelieProd\Equipexe\EST\FILIAL\PedVenConfItem.DB","D:\AtelieProd\Equipexe\EST\FILIAL","PedVenConfItem.DB",".DB","2048","15/01/2019 15:54:26"
"D:\AtelieProd\Equipexe\EST\FILIAL\PedVenConfItem.PX","D:\AtelieProd\Equipexe\EST\FILIAL","PedVenConfItem.PX",".PX","2048","15/01/2019 15:54:26"
"D:\AtelieProd\Equipexe\EST\FILIAL\PedVenConfItem.XG0","D:\AtelieProd\Equipexe\EST\FILIAL","PedVenConfItem.XG0",".XG0","34816","15/01/2019 15:54:26"
"D:\AtelieProd\Equipexe\EST\FILIAL\PedVenConfItem.YG0","D:\AtelieProd\Equipexe\EST\FILIAL","PedVenConfItem.YG0",".YG0","4096","15/01/2019 15:54:26"
"D:\AtelieProd\Equipexe\EST\FILIAL\PedVenda.DB","D:\AtelieProd\Equipexe\EST\FILIAL","PedVenda.DB",".DB","2048","15/01/2019 15:54:26"
"D:\AtelieProd\Equipexe\EST\FILIAL\PedVenda.PX","D:\AtelieProd\Equipexe\EST\FILIAL","PedVenda.PX",".PX","2048","15/01/2019 15:54:26"
"D:\AtelieProd\Equipexe\EST\FILIAL\PedVenda.XG0","D:\AtelieProd\Equipexe\EST\FILIAL","PedVenda.XG0",".XG0","34816","15/01/2019 15:54:26"
"D:\AtelieProd\Equipexe\EST\FILIAL\PedVenda.XG1","D:\AtelieProd\Equipexe\EST\FILIAL","PedVenda.XG1",".XG1","34816","15/01/2019 15:54:26"
"D:\AtelieProd\Equipexe\EST\FILIAL\PedVenda.YG0","D:\AtelieProd\Equipexe\EST\FILIAL","PedVenda.YG0",".YG0","4096","15/01/2019 15:54:26"
"D:\AtelieProd\Equipexe\EST\FILIAL\PedVenda.YG1","D:\AtelieProd\Equipexe\EST\FILIAL","PedVenda.YG1",".YG1","4096","15/01/2019 15:54:26"
"D:\AtelieProd\Equipexe\EST\FILIAL\PedVendaCanc.DB","D:\AtelieProd\Equipexe\EST\FILIAL","PedVendaCanc.DB",".DB","2048","15/01/2019 15:54:26"
"D:\AtelieProd\Equipexe\EST\FILIAL\PedVendaCanc.PX","D:\AtelieProd\Equipexe\EST\FILIAL","PedVendaCanc.PX",".PX","2048","15/01/2019 15:54:26"
"D:\AtelieProd\Equipexe\EST\FILIAL\PedVendaCanc.XG0","D:\AtelieProd\Equipexe\EST\FILIAL","PedVendaCanc.XG0",".XG0","34816","15/01/2019 15:54:26"
"D:\AtelieProd\Equipexe\EST\FILIAL\PedVendaCanc.YG0","D:\AtelieProd\Equipexe\EST\FILIAL","PedVendaCanc.YG0",".YG0","4096","15/01/2019 15:54:26"
"D:\AtelieProd\Equipexe\EST\FILIAL\PedVenItem.DB","D:\AtelieProd\Equipexe\EST\FILIAL","PedVenItem.DB",".DB","2048","15/01/2019 15:54:26"
"D:\AtelieProd\Equipexe\EST\FILIAL\PedVenItem.PX","D:\AtelieProd\Equipexe\EST\FILIAL","PedVenItem.PX",".PX","2048","15/01/2019 15:54:26"
"D:\AtelieProd\Equipexe\EST\FILIAL\PedVenItem.XG0","D:\AtelieProd\Equipexe\EST\FILIAL","PedVenItem.XG0",".XG0","34816","15/01/2019 15:54:26"
"D:\AtelieProd\Equipexe\EST\FILIAL\PedVenItem.XG1","D:\AtelieProd\Equipexe\EST\FILIAL","PedVenItem.XG1",".XG1","34816","15/01/2019 15:54:26"
"D:\AtelieProd\Equipexe\EST\FILIAL\PedVenItem.YG0","D:\AtelieProd\Equipexe\EST\FILIAL","PedVenItem.YG0",".YG0","4096","15/01/2019 15:54:26"
"D:\AtelieProd\Equipexe\EST\FILIAL\PedVenItem.YG1","D:\AtelieProd\Equipexe\EST\FILIAL","PedVenItem.YG1",".YG1","4096","15/01/2019 15:54:26"
"D:\AtelieProd\Equipexe\Estruturas\ArqLavSoft.DB","D:\AtelieProd\Equipexe\Estruturas","ArqLavSoft.DB",".DB","67584","20/03/2018 17:17:16"
"D:\AtelieProd\Equipexe\Estruturas\ArqLavSoft.PX","D:\AtelieProd\Equipexe\Estruturas","ArqLavSoft.PX",".PX","4096","20/03/2018 17:17:16"
"D:\AtelieProd\Equipexe\Estruturas\CamLavSoft.DB","D:\AtelieProd\Equipexe\Estruturas","CamLavSoft.DB",".DB","360448","16/04/2018 08:29:38"
"D:\AtelieProd\Equipexe\Estruturas\CamLavSoft.PX","D:\AtelieProd\Equipexe\Estruturas","CamLavSoft.PX",".PX","12288","16/04/2018 08:29:38"
"D:\AtelieProd\Equipexe\Estruturas\CamLavSoft.XG0","D:\AtelieProd\Equipexe\Estruturas","CamLavSoft.XG0",".XG0","319488","16/04/2018 08:29:38"
"D:\AtelieProd\Equipexe\Estruturas\CamLavSoft.XG1","D:\AtelieProd\Equipexe\Estruturas","CamLavSoft.XG1",".XG1","288768","16/04/2018 08:29:38"
"D:\AtelieProd\Equipexe\Estruturas\CamLavSoft.YG0","D:\AtelieProd\Equipexe\Estruturas","CamLavSoft.YG0",".YG0","16384","16/04/2018 08:29:38"
"D:\AtelieProd\Equipexe\Estruturas\CamLavSoft.YG1","D:\AtelieProd\Equipexe\Estruturas","CamLavSoft.YG1",".YG1","16384","16/04/2018 08:29:38"
"D:\AtelieProd\Equipexe\Estruturas\Familia.DB","D:\AtelieProd\Equipexe\Estruturas","Familia.DB",".DB","4096","24/11/2006 11:52:28"
"D:\AtelieProd\Equipexe\Estruturas\Familia.PX","D:\AtelieProd\Equipexe\Estruturas","Familia.PX",".PX","4096","24/11/2006 11:52:26"
"D:\AtelieProd\Equipexe\Estruturas\GruOp.DB","D:\AtelieProd\Equipexe\Estruturas","GruOp.DB",".DB","10240","02/07/2014 11:40:38"
"D:\AtelieProd\Equipexe\Estruturas\GruOp.PX","D:\AtelieProd\Equipexe\Estruturas","GruOp.PX",".PX","4096","02/07/2014 11:40:38"
"D:\AtelieProd\Equipexe\Estruturas\IndLavSoft.DB","D:\AtelieProd\Equipexe\Estruturas","IndLavSoft.DB",".DB","163840","11/04/2018 17:29:42"
"D:\AtelieProd\Equipexe\Estruturas\IndLavSoft.PX","D:\AtelieProd\Equipexe\Estruturas","IndLavSoft.PX",".PX","8192","11/04/2018 17:29:42"
"D:\AtelieProd\Equipexe\Estruturas\IndLavSoft.XG0","D:\AtelieProd\Equipexe\Estruturas","IndLavSoft.XG0",".XG0","59392","11/04/2018 17:29:42"
"D:\AtelieProd\Equipexe\Estruturas\IndLavSoft.XG1","D:\AtelieProd\Equipexe\Estruturas","IndLavSoft.XG1",".XG1","61440","11/04/2018 17:29:42"
"D:\AtelieProd\Equipexe\Estruturas\IndLavSoft.YG0","D:\AtelieProd\Equipexe\Estruturas","IndLavSoft.YG0",".YG0","4096","11/04/2018 17:29:42"
"D:\AtelieProd\Equipexe\Estruturas\IndLavSoft.YG1","D:\AtelieProd\Equipexe\Estruturas","IndLavSoft.YG1",".YG1","4096","11/04/2018 17:29:42"
"D:\AtelieProd\Equipexe\Estruturas\Inis.DB","D:\AtelieProd\Equipexe\Estruturas","Inis.DB",".DB","419840","14/01/2013 10:47:48"
"D:\AtelieProd\Equipexe\Estruturas\Inis.PX","D:\AtelieProd\Equipexe\Estruturas","Inis.PX",".PX","36864","14/01/2013 10:47:48"
"D:\AtelieProd\Equipexe\Estruturas\Inis.XG0","D:\AtelieProd\Equipexe\Estruturas","Inis.XG0",".XG0","231424","14/01/2013 10:47:48"
"D:\AtelieProd\Equipexe\Estruturas\Inis.XG1","D:\AtelieProd\Equipexe\Estruturas","Inis.XG1",".XG1","196608","14/01/2013 10:47:48"
"D:\AtelieProd\Equipexe\Estruturas\Inis.YG0","D:\AtelieProd\Equipexe\Estruturas","Inis.YG0",".YG0","28672","14/01/2013 10:47:48"
"D:\AtelieProd\Equipexe\Estruturas\Inis.YG1","D:\AtelieProd\Equipexe\Estruturas","Inis.YG1",".YG1","20480","14/01/2013 10:47:48"
"D:\AtelieProd\Equipexe\Estruturas\Janela.DB","D:\AtelieProd\Equipexe\Estruturas","Janela.DB",".DB","65536","18/06/2013 14:12:26"
"D:\AtelieProd\Equipexe\Estruturas\Janela.PX","D:\AtelieProd\Equipexe\Estruturas","Janela.PX",".PX","8192","18/06/2013 14:12:26"
"D:\AtelieProd\Equipexe\Estruturas\MigraNuvem.DB","D:\AtelieProd\Equipexe\Estruturas","MigraNuvem.DB",".DB","77824","04/01/2017 14:10:32"
"D:\AtelieProd\Equipexe\Estruturas\MigraNuvem.PX","D:\AtelieProd\Equipexe\Estruturas","MigraNuvem.PX",".PX","4096","19/02/2015 15:39:50"
"D:\AtelieProd\Equipexe\Estruturas\Municipios.DB","D:\AtelieProd\Equipexe\Estruturas","Municipios.DB",".DB","817152","02/08/2017 10:19:28"
"D:\AtelieProd\Equipexe\Estruturas\Municipios.PX","D:\AtelieProd\Equipexe\Estruturas","Municipios.PX",".PX","12288","02/08/2017 10:19:28"
"D:\AtelieProd\Equipexe\Estruturas\Municipios.XG0","D:\AtelieProd\Equipexe\Estruturas","Municipios.XG0",".XG0","520192","02/08/2017 10:19:28"
"D:\AtelieProd\Equipexe\Estruturas\Municipios.YG0","D:\AtelieProd\Equipexe\Estruturas","Municipios.YG0",".YG0","30720","02/08/2017 10:19:28"
"D:\AtelieProd\Equipexe\Estruturas\NFeConf.DB","D:\AtelieProd\Equipexe\Estruturas","NFeConf.DB",".DB","4096","14/09/2010 10:28:12"
"D:\AtelieProd\Equipexe\Estruturas\NFeConf.PX","D:\AtelieProd\Equipexe\Estruturas","NFeConf.PX",".PX","4096","14/09/2010 10:28:12"
"D:\AtelieProd\Equipexe\Estruturas\Op_teste.db","D:\AtelieProd\Equipexe\Estruturas","Op_teste.db",".db","26624","08/10/2007 14:52:14"
"D:\AtelieProd\Equipexe\Estruturas\Op_teste.PX","D:\AtelieProd\Equipexe\Estruturas","Op_teste.PX",".PX","4096","08/10/2007 14:52:14"
"D:\AtelieProd\Equipexe\Estruturas\Op.DB","D:\AtelieProd\Equipexe\Estruturas","Op.DB",".DB","221184","24/04/2017 14:23:18"
"D:\AtelieProd\Equipexe\Estruturas\Op.PX","D:\AtelieProd\Equipexe\Estruturas","Op.PX",".PX","36864","24/04/2017 14:23:18"
"D:\AtelieProd\Equipexe\Estruturas\Op.XG0","D:\AtelieProd\Equipexe\Estruturas","Op.XG0",".XG0","217088","24/04/2017 14:23:18"
"D:\AtelieProd\Equipexe\Estruturas\Op.YG0","D:\AtelieProd\Equipexe\Estruturas","Op.YG0",".YG0","53248","24/04/2017 14:23:18"
"D:\AtelieProd\Equipexe\Estruturas\Op1.DB","D:\AtelieProd\Equipexe\Estruturas","Op1.DB",".DB","321536","17/09/2012 12:48:22"
"D:\AtelieProd\Equipexe\Estruturas\Parametros.DB","D:\AtelieProd\Equipexe\Estruturas","Parametros.DB",".DB","1198080","02/04/2015 13:18:30"
"D:\AtelieProd\Equipexe\Estruturas\Parametros.PX","D:\AtelieProd\Equipexe\Estruturas","Parametros.PX",".PX","14336","02/04/2015 13:18:30"
"D:\AtelieProd\Equipexe\Estruturas\Parametros.XG0","D:\AtelieProd\Equipexe\Estruturas","Parametros.XG0",".XG0","182272","02/04/2015 13:18:30"
"D:\AtelieProd\Equipexe\Estruturas\Parametros.XG1","D:\AtelieProd\Equipexe\Estruturas","Parametros.XG1",".XG1","116736","02/04/2015 13:18:30"
"D:\AtelieProd\Equipexe\Estruturas\Parametros.YG0","D:\AtelieProd\Equipexe\Estruturas","Parametros.YG0",".YG0","4096","02/04/2015 13:18:30"
"D:\AtelieProd\Equipexe\Estruturas\Parametros.YG1","D:\AtelieProd\Equipexe\Estruturas","Parametros.YG1",".YG1","4096","02/04/2015 13:18:30"
"D:\AtelieProd\Equipexe\Estruturas\ParamGrupo.db","D:\AtelieProd\Equipexe\Estruturas","ParamGrupo.db",".db","4096","15/04/2009 16:23:12"
"D:\AtelieProd\Equipexe\Estruturas\ParamGrupo.PX","D:\AtelieProd\Equipexe\Estruturas","ParamGrupo.PX",".PX","4096","15/04/2009 16:23:22"
"D:\AtelieProd\Equipexe\Estruturas\ParamGrupo.XG0","D:\AtelieProd\Equipexe\Estruturas","ParamGrupo.XG0",".XG0","4096","15/04/2009 16:23:22"
"D:\AtelieProd\Equipexe\Estruturas\ParamGrupo.YG0","D:\AtelieProd\Equipexe\Estruturas","ParamGrupo.YG0",".YG0","4096","28/12/2003 22:18:06"
"D:\AtelieProd\Equipexe\Estruturas\ParamOpcao.DB","D:\AtelieProd\Equipexe\Estruturas","ParamOpcao.DB",".DB","133120","11/02/2013 15:20:06"
"D:\AtelieProd\Equipexe\Estruturas\ParamOpcao.PX","D:\AtelieProd\Equipexe\Estruturas","ParamOpcao.PX",".PX","24576","11/02/2013 15:20:06"
"D:\AtelieProd\Equipexe\Estruturas\ParamOpcao.XG0","D:\AtelieProd\Equipexe\Estruturas","ParamOpcao.XG0",".XG0","186368","11/02/2013 15:20:06"
"D:\AtelieProd\Equipexe\Estruturas\ParamOpcao.YG0","D:\AtelieProd\Equipexe\Estruturas","ParamOpcao.YG0",".YG0","51200","11/02/2013 15:20:06"
"D:\AtelieProd\Equipexe\Estruturas\resttemp.DB","D:\AtelieProd\Equipexe\Estruturas","resttemp.DB",".DB","3368960","15/02/2014 08:58:10"
"D:\AtelieProd\Equipexe\Estruturas\resttemp.PX","D:\AtelieProd\Equipexe\Estruturas","resttemp.PX",".PX","428032","15/02/2014 08:58:10"
"D:\AtelieProd\Equipexe\Estruturas\resttemp.XG0","D:\AtelieProd\Equipexe\Estruturas","resttemp.XG0",".XG0","0","15/02/2014 08:58:02"
"D:\AtelieProd\Equipexe\Estruturas\Sistemas.DB","D:\AtelieProd\Equipexe\Estruturas","Sistemas.DB",".DB","24576","11/02/2017 10:30:40"
"D:\AtelieProd\Equipexe\Estruturas\Sistemas.PX","D:\AtelieProd\Equipexe\Estruturas","Sistemas.PX",".PX","4096","11/02/2017 10:30:40"
"D:\AtelieProd\Equipexe\Estruturas\Sistemas.XG0","D:\AtelieProd\Equipexe\Estruturas","Sistemas.XG0",".XG0","4096","11/02/2017 10:30:40"
"D:\AtelieProd\Equipexe\Estruturas\Sistemas.YG0","D:\AtelieProd\Equipexe\Estruturas","Sistemas.YG0",".YG0","4096","11/02/2017 10:30:40"
"D:\AtelieProd\Equipexe\Estruturas\TipAdv.db","D:\AtelieProd\Equipexe\Estruturas","TipAdv.db",".db","6144","06/02/2013 10:18:48"
"D:\AtelieProd\Equipexe\Estruturas\TipAdv.PX","D:\AtelieProd\Equipexe\Estruturas","TipAdv.PX",".PX","4096","06/02/2013 10:18:48"
"D:\AtelieProd\Equipexe\Estruturas\Traducao.DB","D:\AtelieProd\Equipexe\Estruturas","Traducao.DB",".DB","3438592","16/11/2015 15:39:58"
"D:\AtelieProd\Equipexe\Estruturas\Traducao.PX","D:\AtelieProd\Equipexe\Estruturas","Traducao.PX",".PX","432128","09/11/2015 16:51:28"
"D:\AtelieProd\Equipexe\Estruturas\Traducao.XG0","D:\AtelieProd\Equipexe\Estruturas","Traducao.XG0",".XG0","1075200","09/11/2015 16:51:28"
"D:\AtelieProd\Equipexe\Estruturas\Traducao.XG1","D:\AtelieProd\Equipexe\Estruturas","Traducao.XG1",".XG1","989184","09/11/2015 16:51:28"
"D:\AtelieProd\Equipexe\Estruturas\Traducao.YG0","D:\AtelieProd\Equipexe\Estruturas","Traducao.YG0",".YG0","172032","09/11/2015 16:51:28"
"D:\AtelieProd\Equipexe\Estruturas\Traducao.YG1","D:\AtelieProd\Equipexe\Estruturas","Traducao.YG1",".YG1","231424","09/11/2015 16:51:28"
"D:\AtelieProd\Equipexe\Exe\VERIFY.DB","D:\AtelieProd\Equipexe\Exe","VERIFY.DB",".DB","34816","08/12/2014 09:47:10"
"D:\AtelieProd\Equipexe\Figuras\CliExpEmpExp00001.DBF","D:\AtelieProd\Equipexe\Figuras","CliExpEmpExp00001.DBF",".DBF","98","11/01/2026 09:08:34"
"D:\AtelieProd\Equipexe\Figuras\CliExpGruExp00001.DBF","D:\AtelieProd\Equipexe\Figuras","CliExpGruExp00001.DBF",".DBF","499","11/01/2026 09:08:34"
"D:\AtelieProd\Equipexe\Figuras\CliExpGruExp200001.DBF","D:\AtelieProd\Equipexe\Figuras","CliExpGruExp200001.DBF",".DBF","322","11/01/2026 09:08:34"
"D:\AtelieProd\Equipexe\Figuras\CliExpGruExp300001.DBF","D:\AtelieProd\Equipexe\Figuras","CliExpGruExp300001.DBF",".DBF","322","11/01/2026 09:08:34"
"D:\AtelieProd\Equipexe\Figuras\CliExpGruExp400001.DBF","D:\AtelieProd\Equipexe\Figuras","CliExpGruExp400001.DBF",".DBF","322","11/01/2026 09:08:34"
"D:\AtelieProd\Equipexe\Figuras\Thumbs.db","D:\AtelieProd\Equipexe\Figuras","Thumbs.db",".db","107008","13/08/2010 12:44:40"
"D:\AtelieProd\Equipexe\Figuras\Lavfacil\Thumbs.db","D:\AtelieProd\Equipexe\Figuras\Lavfacil","Thumbs.db",".db","9204224","16/09/2016 12:33:58"
"D:\AtelieProd\Equipexe\Figuras\PretoBranco\Thumbs.db","D:\AtelieProd\Equipexe\Figuras\PretoBranco","Thumbs.db",".db","6144","05/03/2009 09:41:58"
"D:\AtelieProd\Equipexe\Filiais\MOVANTIGA\CEP\DADOS\CEP_LOG.DB","D:\AtelieProd\Equipexe\Filiais\MOVANTIGA\CEP\DADOS","CEP_LOG.DB",".DB","2048","15/01/2019 15:55:16"
"D:\AtelieProd\Equipexe\Filiais\MOVANTIGA\CEP\DADOS\CEP_LOG.PX","D:\AtelieProd\Equipexe\Filiais\MOVANTIGA\CEP\DADOS","CEP_LOG.PX",".PX","2048","15/01/2019 15:55:16"
"D:\AtelieProd\Equipexe\Filiais\MOVANTIGA\CEP\DADOS\CEP_LOG.XG0","D:\AtelieProd\Equipexe\Filiais\MOVANTIGA\CEP\DADOS","CEP_LOG.XG0",".XG0","34816","15/01/2019 15:55:16"
"D:\AtelieProd\Equipexe\Filiais\MOVANTIGA\CEP\DADOS\CEP_LOG.XG1","D:\AtelieProd\Equipexe\Filiais\MOVANTIGA\CEP\DADOS","CEP_LOG.XG1",".XG1","34816","15/01/2019 15:55:16"
"D:\AtelieProd\Equipexe\Filiais\MOVANTIGA\CEP\DADOS\CEP_LOG.YG0","D:\AtelieProd\Equipexe\Filiais\MOVANTIGA\CEP\DADOS","CEP_LOG.YG0",".YG0","4096","15/01/2019 15:55:16"
"D:\AtelieProd\Equipexe\Filiais\MOVANTIGA\CEP\DADOS\CEP_LOG.YG1","D:\AtelieProd\Equipexe\Filiais\MOVANTIGA\CEP\DADOS","CEP_LOG.YG1",".YG1","4096","15/01/2019 15:55:16"
"D:\AtelieProd\Equipexe\Filiais\MOVANTIGA\ESC\DADOS\CadPro.DB","D:\AtelieProd\Equipexe\Filiais\MOVANTIGA\ESC\DADOS","CadPro.DB",".DB","2048","15/01/2019 15:55:06"
"D:\AtelieProd\Equipexe\Filiais\MOVANTIGA\ESC\DADOS\CadPro.PX","D:\AtelieProd\Equipexe\Filiais\MOVANTIGA\ESC\DADOS","CadPro.PX",".PX","2048","15/01/2019 15:55:06"
"D:\AtelieProd\Equipexe\Filiais\MOVANTIGA\ESC\DADOS\CadPro.XG0","D:\AtelieProd\Equipexe\Filiais\MOVANTIGA\ESC\DADOS","CadPro.XG0",".XG0","34816","15/01/2019 15:55:06"
"D:\AtelieProd\Equipexe\Filiais\MOVANTIGA\ESC\DADOS\CadPro.YG0","D:\AtelieProd\Equipexe\Filiais\MOVANTIGA\ESC\DADOS","CadPro.YG0",".YG0","4096","15/01/2019 15:55:06"
"D:\AtelieProd\Equipexe\Filiais\MOVANTIGA\ESC\FILIAL\CadAlu.DB","D:\AtelieProd\Equipexe\Filiais\MOVANTIGA\ESC\FILIAL","CadAlu.DB",".DB","2048","15/01/2019 15:54:50"
"D:\AtelieProd\Equipexe\Filiais\MOVANTIGA\ESC\FILIAL\CadAlu.PX","D:\AtelieProd\Equipexe\Filiais\MOVANTIGA\ESC\FILIAL","CadAlu.PX",".PX","2048","15/01/2019 15:54:50"
"D:\AtelieProd\Equipexe\Filiais\MOVANTIGA\ESC\FILIAL\CadAlu.XG0","D:\AtelieProd\Equipexe\Filiais\MOVANTIGA\ESC\FILIAL","CadAlu.XG0",".XG0","34816","15/01/2019 15:54:50"
"D:\AtelieProd\Equipexe\Filiais\MOVANTIGA\ESC\FILIAL\CadAlu.YG0","D:\AtelieProd\Equipexe\Filiais\MOVANTIGA\ESC\FILIAL","CadAlu.YG0",".YG0","4096","15/01/2019 15:54:50"
"D:\AtelieProd\Equipexe\Filiais\MOVANTIGA\ESC\FILIAL\CadAul.DB","D:\AtelieProd\Equipexe\Filiais\MOVANTIGA\ESC\FILIAL","CadAul.DB",".DB","2048","15/01/2019 15:54:50"
"D:\AtelieProd\Equipexe\Filiais\MOVANTIGA\ESC\FILIAL\CadAul.PX","D:\AtelieProd\Equipexe\Filiais\MOVANTIGA\ESC\FILIAL","CadAul.PX",".PX","2048","15/01/2019 15:54:50"
"D:\AtelieProd\Equipexe\Filiais\MOVANTIGA\ESC\FILIAL\CadCur.DB","D:\AtelieProd\Equipexe\Filiais\MOVANTIGA\ESC\FILIAL","CadCur.DB",".DB","2048","15/01/2019 15:54:56"
"D:\AtelieProd\Equipexe\Filiais\MOVANTIGA\ESC\FILIAL\CadCur.PX","D:\AtelieProd\Equipexe\Filiais\MOVANTIGA\ESC\FILIAL","CadCur.PX",".PX","2048","15/01/2019 15:54:56"
"D:\AtelieProd\Equipexe\Filiais\MOVANTIGA\ESC\FILIAL\CadInt.DB","D:\AtelieProd\Equipexe\Filiais\MOVANTIGA\ESC\FILIAL","CadInt.DB",".DB","2048","15/01/2019 15:55:00"
"D:\AtelieProd\Equipexe\Filiais\MOVANTIGA\ESC\FILIAL\CadInt.PX","D:\AtelieProd\Equipexe\Filiais\MOVANTIGA\ESC\FILIAL","CadInt.PX",".PX","2048","15/01/2019 15:55:00"
"D:\AtelieProd\Equipexe\Filiais\MOVANTIGA\ESC\FILIAL\CadInt.XG0","D:\AtelieProd\Equipexe\Filiais\MOVANTIGA\ESC\FILIAL","CadInt.XG0",".XG0","34816","15/01/2019 15:55:00"
"D:\AtelieProd\Equipexe\Filiais\MOVANTIGA\ESC\FILIAL\CadInt.YG0","D:\AtelieProd\Equipexe\Filiais\MOVANTIGA\ESC\FILIAL","CadInt.YG0",".YG0","4096","15/01/2019 15:55:00"
"D:\AtelieProd\Equipexe\Filiais\MOVANTIGA\ESC\FILIAL\CadMat.DB","D:\AtelieProd\Equipexe\Filiais\MOVANTIGA\ESC\FILIAL","CadMat.DB",".DB","2048","15/01/2019 15:55:04"
"D:\AtelieProd\Equipexe\Filiais\MOVANTIGA\ESC\FILIAL\CadMat.PX","D:\AtelieProd\Equipexe\Filiais\MOVANTIGA\ESC\FILIAL","CadMat.PX",".PX","2048","15/01/2019 15:55:04"
"D:\AtelieProd\Equipexe\Filiais\MOVANTIGA\ESC\FILIAL\CadMat.XG0","D:\AtelieProd\Equipexe\Filiais\MOVANTIGA\ESC\FILIAL","CadMat.XG0",".XG0","34816","15/01/2019 15:55:04"
"D:\AtelieProd\Equipexe\Filiais\MOVANTIGA\ESC\FILIAL\CadMat.YG0","D:\AtelieProd\Equipexe\Filiais\MOVANTIGA\ESC\FILIAL","CadMat.YG0",".YG0","4096","15/01/2019 15:55:04"
"D:\AtelieProd\Equipexe\Filiais\MOVANTIGA\ESC\FILIAL\CadMatComp.DB","D:\AtelieProd\Equipexe\Filiais\MOVANTIGA\ESC\FILIAL","CadMatComp.DB",".DB","2048","15/01/2019 15:55:04"
"D:\AtelieProd\Equipexe\Filiais\MOVANTIGA\ESC\FILIAL\CadMatComp.PX","D:\AtelieProd\Equipexe\Filiais\MOVANTIGA\ESC\FILIAL","CadMatComp.PX",".PX","2048","15/01/2019 15:55:04"
"D:\AtelieProd\Equipexe\Filiais\MOVANTIGA\ESC\FILIAL\CadMatComp.XG0","D:\AtelieProd\Equipexe\Filiais\MOVANTIGA\ESC\FILIAL","CadMatComp.XG0",".XG0","34816","15/01/2019 15:55:04"
"D:\AtelieProd\Equipexe\Filiais\MOVANTIGA\ESC\FILIAL\CadMatComp.YG0","D:\AtelieProd\Equipexe\Filiais\MOVANTIGA\ESC\FILIAL","CadMatComp.YG0",".YG0","4096","15/01/2019 15:55:04"
"D:\AtelieProd\Equipexe\Filiais\MOVANTIGA\ESC\FILIAL\CadNot.DB","D:\AtelieProd\Equipexe\Filiais\MOVANTIGA\ESC\FILIAL","CadNot.DB",".DB","2048","15/01/2019 15:55:04"
"D:\AtelieProd\Equipexe\Filiais\MOVANTIGA\ESC\FILIAL\CadNot.PX","D:\AtelieProd\Equipexe\Filiais\MOVANTIGA\ESC\FILIAL","CadNot.PX",".PX","2048","15/01/2019 15:55:04"
"D:\AtelieProd\Equipexe\Filiais\MOVANTIGA\ESC\FILIAL\CadNot.XG0","D:\AtelieProd\Equipexe\Filiais\MOVANTIGA\ESC\FILIAL","CadNot.XG0",".XG0","34816","15/01/2019 15:55:04"
"D:\AtelieProd\Equipexe\Filiais\MOVANTIGA\ESC\FILIAL\CadNot.YG0","D:\AtelieProd\Equipexe\Filiais\MOVANTIGA\ESC\FILIAL","CadNot.YG0",".YG0","4096","15/01/2019 15:55:04"
"D:\AtelieProd\Equipexe\Filiais\MOVANTIGA\ESC\FILIAL\CadPre.DB","D:\AtelieProd\Equipexe\Filiais\MOVANTIGA\ESC\FILIAL","CadPre.DB",".DB","2048","15/01/2019 15:55:06"
"D:\AtelieProd\Equipexe\Filiais\MOVANTIGA\ESC\FILIAL\CadPre.PX","D:\AtelieProd\Equipexe\Filiais\MOVANTIGA\ESC\FILIAL","CadPre.PX",".PX","2048","15/01/2019 15:55:06"
"D:\AtelieProd\Equipexe\Filiais\MOVANTIGA\ESC\FILIAL\CadPre.XG0","D:\AtelieProd\Equipexe\Filiais\MOVANTIGA\ESC\FILIAL","CadPre.XG0",".XG0","34816","15/01/2019 15:55:06"
"D:\AtelieProd\Equipexe\Filiais\MOVANTIGA\ESC\FILIAL\CadPre.XG1","D:\AtelieProd\Equipexe\Filiais\MOVANTIGA\ESC\FILIAL","CadPre.XG1",".XG1","34816","15/01/2019 15:55:06"
"D:\AtelieProd\Equipexe\Filiais\MOVANTIGA\ESC\FILIAL\CadPre.YG0","D:\AtelieProd\Equipexe\Filiais\MOVANTIGA\ESC\FILIAL","CadPre.YG0",".YG0","4096","15/01/2019 15:55:06"
"D:\AtelieProd\Equipexe\Filiais\MOVANTIGA\ESC\FILIAL\CadPre.YG1","D:\AtelieProd\Equipexe\Filiais\MOVANTIGA\ESC\FILIAL","CadPre.YG1",".YG1","4096","15/01/2019 15:55:06"
"D:\AtelieProd\Equipexe\Filiais\MOVANTIGA\ESC\FILIAL\CadRes.DB","D:\AtelieProd\Equipexe\Filiais\MOVANTIGA\ESC\FILIAL","CadRes.DB",".DB","2048","15/01/2019 15:55:08"
"D:\AtelieProd\Equipexe\Filiais\MOVANTIGA\ESC\FILIAL\CadRes.PX","D:\AtelieProd\Equipexe\Filiais\MOVANTIGA\ESC\FILIAL","CadRes.PX",".PX","2048","15/01/2019 15:55:08"
"D:\AtelieProd\Equipexe\Filiais\MOVANTIGA\ESC\FILIAL\CadTur.DB","D:\AtelieProd\Equipexe\Filiais\MOVANTIGA\ESC\FILIAL","CadTur.DB",".DB","2048","15/01/2019 15:55:12"
"D:\AtelieProd\Equipexe\Filiais\MOVANTIGA\ESC\FILIAL\CadTur.PX","D:\AtelieProd\Equipexe\Filiais\MOVANTIGA\ESC\FILIAL","CadTur.PX",".PX","2048","15/01/2019 15:55:12"
"D:\AtelieProd\Equipexe\Filiais\MOVANTIGA\ESC\FILIAL\CadTur.XG0","D:\AtelieProd\Equipexe\Filiais\MOVANTIGA\ESC\FILIAL","CadTur.XG0",".XG0","34816","15/01/2019 15:55:14"
"D:\AtelieProd\Equipexe\Filiais\MOVANTIGA\ESC\FILIAL\CadTur.YG0","D:\AtelieProd\Equipexe\Filiais\MOVANTIGA\ESC\FILIAL","CadTur.YG0",".YG0","4096","15/01/2019 15:55:14"
"D:\AtelieProd\Equipexe\Filiais\MOVANTIGA\ESC\FILIAL\CompTurmas.DB","D:\AtelieProd\Equipexe\Filiais\MOVANTIGA\ESC\FILIAL","CompTurmas.DB",".DB","2048","15/01/2019 15:55:26"
"D:\AtelieProd\Equipexe\Filiais\MOVANTIGA\ESC\FILIAL\CompTurmas.PX","D:\AtelieProd\Equipexe\Filiais\MOVANTIGA\ESC\FILIAL","CompTurmas.PX",".PX","2048","15/01/2019 15:55:26"
"D:\AtelieProd\Equipexe\Filiais\MOVANTIGA\ESC\FILIAL\CompTurmas.XG0","D:\AtelieProd\Equipexe\Filiais\MOVANTIGA\ESC\FILIAL","CompTurmas.XG0",".XG0","34816","15/01/2019 15:55:26"
"D:\AtelieProd\Equipexe\Filiais\MOVANTIGA\ESC\FILIAL\CompTurmas.XG1","D:\AtelieProd\Equipexe\Filiais\MOVANTIGA\ESC\FILIAL","CompTurmas.XG1",".XG1","34816","15/01/2019 15:55:26"
"D:\AtelieProd\Equipexe\Filiais\MOVANTIGA\ESC\FILIAL\CompTurmas.YG0","D:\AtelieProd\Equipexe\Filiais\MOVANTIGA\ESC\FILIAL","CompTurmas.YG0",".YG0","4096","15/01/2019 15:55:26"
"D:\AtelieProd\Equipexe\Filiais\MOVANTIGA\ESC\FILIAL\CompTurmas.YG1","D:\AtelieProd\Equipexe\Filiais\MOVANTIGA\ESC\FILIAL","CompTurmas.YG1",".YG1","4096","15/01/2019 15:55:26"
"D:\AtelieProd\Equipexe\Filiais\MOVANTIGA\ESC\FILIAL\MovPdv.DB","D:\AtelieProd\Equipexe\Filiais\MOVANTIGA\ESC\FILIAL","MovPdv.DB",".DB","2048","15/01/2019 15:56:46"
"D:\AtelieProd\Equipexe\Filiais\MOVANTIGA\ESC\FILIAL\MovPdv.PX","D:\AtelieProd\Equipexe\Filiais\MOVANTIGA\ESC\FILIAL","MovPdv.PX",".PX","2048","15/01/2019 15:56:46"
"D:\AtelieProd\Equipexe\Filiais\MOVANTIGA\ESC\FILIAL\MovPdv.XG0","D:\AtelieProd\Equipexe\Filiais\MOVANTIGA\ESC\FILIAL","MovPdv.XG0",".XG0","34816","15/01/2019 15:56:46"
"D:\AtelieProd\Equipexe\Filiais\MOVANTIGA\ESC\FILIAL\MovPdv.XG1","D:\AtelieProd\Equipexe\Filiais\MOVANTIGA\ESC\FILIAL","MovPdv.XG1",".XG1","34816","15/01/2019 15:56:46"
"D:\AtelieProd\Equipexe\Filiais\MOVANTIGA\ESC\FILIAL\MovPdv.YG0","D:\AtelieProd\Equipexe\Filiais\MOVANTIGA\ESC\FILIAL","MovPdv.YG0",".YG0","4096","15/01/2019 15:56:46"
"D:\AtelieProd\Equipexe\Filiais\MOVANTIGA\ESC\FILIAL\MovPdv.YG1","D:\AtelieProd\Equipexe\Filiais\MOVANTIGA\ESC\FILIAL","MovPdv.YG1",".YG1","4096","15/01/2019 15:56:46"
"D:\AtelieProd\Equipexe\Filiais\MOVANTIGA\ESC\FILIAL\NotasEsc.DB","D:\AtelieProd\Equipexe\Filiais\MOVANTIGA\ESC\FILIAL","NotasEsc.DB",".DB","2048","15/01/2019 15:57:08"
"D:\AtelieProd\Equipexe\Filiais\MOVANTIGA\ESC\FILIAL\NotasEsc.PX","D:\AtelieProd\Equipexe\Filiais\MOVANTIGA\ESC\FILIAL","NotasEsc.PX",".PX","2048","15/01/2019 15:57:08"
"D:\AtelieProd\Equipexe\Filiais\MOVANTIGA\ESC\FILIAL\NotasEsc.XG0","D:\AtelieProd\Equipexe\Filiais\MOVANTIGA\ESC\FILIAL","NotasEsc.XG0",".XG0","34816","15/01/2019 15:57:08"
"D:\AtelieProd\Equipexe\Filiais\MOVANTIGA\ESC\FILIAL\NotasEsc.XG1","D:\AtelieProd\Equipexe\Filiais\MOVANTIGA\ESC\FILIAL","NotasEsc.XG1",".XG1","34816","15/01/2019 15:57:08"
"D:\AtelieProd\Equipexe\Filiais\MOVANTIGA\ESC\FILIAL\NotasEsc.YG0","D:\AtelieProd\Equipexe\Filiais\MOVANTIGA\ESC\FILIAL","NotasEsc.YG0",".YG0","4096","15/01/2019 15:57:08"
"D:\AtelieProd\Equipexe\Filiais\MOVANTIGA\ESC\FILIAL\NotasEsc.YG1","D:\AtelieProd\Equipexe\Filiais\MOVANTIGA\ESC\FILIAL","NotasEsc.YG1",".YG1","4096","15/01/2019 15:57:08"
"D:\AtelieProd\Equipexe\Filiais\MOVANTIGA\ESC\FILIAL\NotCompEsc.DB","D:\AtelieProd\Equipexe\Filiais\MOVANTIGA\ESC\FILIAL","NotCompEsc.DB",".DB","2048","15/01/2019 15:57:08"
"D:\AtelieProd\Equipexe\Filiais\MOVANTIGA\ESC\FILIAL\NotCompEsc.PX","D:\AtelieProd\Equipexe\Filiais\MOVANTIGA\ESC\FILIAL","NotCompEsc.PX",".PX","2048","15/01/2019 15:57:08"
"D:\AtelieProd\Equipexe\Filiais\MOVANTIGA\ESC\FILIAL\NotCompEsc.XG0","D:\AtelieProd\Equipexe\Filiais\MOVANTIGA\ESC\FILIAL","NotCompEsc.XG0",".XG0","34816","15/01/2019 15:57:08"
"D:\AtelieProd\Equipexe\Filiais\MOVANTIGA\ESC\FILIAL\NotCompEsc.YG0","D:\AtelieProd\Equipexe\Filiais\MOVANTIGA\ESC\FILIAL","NotCompEsc.YG0",".YG0","4096","15/01/2019 15:57:08"
"D:\AtelieProd\Equipexe\Filiais\MOVANTIGA\EST\DADOS\CadClaEst.DB","D:\AtelieProd\Equipexe\Filiais\MOVANTIGA\EST\DADOS","CadClaEst.DB",".DB","2048","15/01/2019 15:54:52"
"D:\AtelieProd\Equipexe\Filiais\MOVANTIGA\EST\DADOS\CadClaEst.PX","D:\AtelieProd\Equipexe\Filiais\MOVANTIGA\EST\DADOS","CadClaEst.PX",".PX","2048","15/01/2019 15:54:52"
"D:\AtelieProd\Equipexe\Filiais\MOVANTIGA\EST\DADOS\CadClaEst.XG0","D:\AtelieProd\Equipexe\Filiais\MOVANTIGA\EST\DADOS","CadClaEst.XG0",".XG0","34816","15/01/2019 15:54:52"
"D:\AtelieProd\Equipexe\Filiais\MOVANTIGA\EST\DADOS\CadClaEst.YG0","D:\AtelieProd\Equipexe\Filiais\MOVANTIGA\EST\DADOS","CadClaEst.YG0",".YG0","4096","15/01/2019 15:54:52"
"D:\AtelieProd\Equipexe\Filiais\MOVANTIGA\EST\DADOS\CadClasFis.DB","D:\AtelieProd\Equipexe\Filiais\MOVANTIGA\EST\DADOS","CadClasFis.DB",".DB","2048","15/01/2019 15:54:54"
"D:\AtelieProd\Equipexe\Filiais\MOVANTIGA\EST\DADOS\CadClasFis.PX","D:\AtelieProd\Equipexe\Filiais\MOVANTIGA\EST\DADOS","CadClasFis.PX",".PX","2048","15/01/2019 15:54:54"
"D:\AtelieProd\Equipexe\Filiais\MOVANTIGA\EST\DADOS\CadClasFis.XG0","D:\AtelieProd\Equipexe\Filiais\MOVANTIGA\EST\DADOS","CadClasFis.XG0",".XG0","34816","15/01/2019 15:54:54"
"D:\AtelieProd\Equipexe\Filiais\MOVANTIGA\EST\DADOS\CadClasFis.YG0","D:\AtelieProd\Equipexe\Filiais\MOVANTIGA\EST\DADOS","CadClasFis.YG0",".YG0","4096","15/01/2019 15:54:54"
"D:\AtelieProd\Equipexe\Filiais\MOVANTIGA\EST\DADOS\CadEst.DB","D:\AtelieProd\Equipexe\Filiais\MOVANTIGA\EST\DADOS","CadEst.DB",".DB","2048","15/01/2019 15:54:58"
"D:\AtelieProd\Equipexe\Filiais\MOVANTIGA\EST\DADOS\CadEst.PX","D:\AtelieProd\Equipexe\Filiais\MOVANTIGA\EST\DADOS","CadEst.PX",".PX","2048","15/01/2019 15:54:58"
"D:\AtelieProd\Equipexe\Filiais\MOVANTIGA\EST\DADOS\CadEst.XG0","D:\AtelieProd\Equipexe\Filiais\MOVANTIGA\EST\DADOS","CadEst.XG0",".XG0","34816","15/01/2019 15:54:58"
"D:\AtelieProd\Equipexe\Filiais\MOVANTIGA\EST\DADOS\CadEst.YG0","D:\AtelieProd\Equipexe\Filiais\MOVANTIGA\EST\DADOS","CadEst.YG0",".YG0","4096","15/01/2019 15:54:58"
"D:\AtelieProd\Equipexe\Filiais\MOVANTIGA\EST\DADOS\CadFunEst.DB","D:\AtelieProd\Equipexe\Filiais\MOVANTIGA\EST\DADOS","CadFunEst.DB",".DB","2048","15/01/2019 15:54:58"
"D:\AtelieProd\Equipexe\Filiais\MOVANTIGA\EST\DADOS\CadFunEst.PX","D:\AtelieProd\Equipexe\Filiais\MOVANTIGA\EST\DADOS","CadFunEst.PX",".PX","2048","15/01/2019 15:54:58"
"D:\AtelieProd\Equipexe\Filiais\MOVANTIGA\EST\DADOS\CadGruEst1.DB","D:\AtelieProd\Equipexe\Filiais\MOVANTIGA\EST\DADOS","CadGruEst1.DB",".DB","2048","15/01/2019 15:55:00"
"D:\AtelieProd\Equipexe\Filiais\MOVANTIGA\EST\DADOS\CadGruEst1.PX","D:\AtelieProd\Equipexe\Filiais\MOVANTIGA\EST\DADOS","CadGruEst1.PX",".PX","2048","15/01/2019 15:55:00"
"D:\AtelieProd\Equipexe\Filiais\MOVANTIGA\EST\DADOS\CadGruEst1.XG0","D:\AtelieProd\Equipexe\Filiais\MOVANTIGA\EST\DADOS","CadGruEst1.XG0",".XG0","34816","15/01/2019 15:55:00"
"D:\AtelieProd\Equipexe\Filiais\MOVANTIGA\EST\DADOS\CadGruEst1.YG0","D:\AtelieProd\Equipexe\Filiais\MOVANTIGA\EST\DADOS","CadGruEst1.YG0",".YG0","4096","15/01/2019 15:55:00"
"D:\AtelieProd\Equipexe\Filiais\MOVANTIGA\EST\DADOS\CadGruEst2.DB","D:\AtelieProd\Equipexe\Filiais\MOVANTIGA\EST\DADOS","CadGruEst2.DB",".DB","2048","15/01/2019 15:55:00"
"D:\AtelieProd\Equipexe\Filiais\MOVANTIGA\EST\DADOS\CadGruEst2.PX","D:\AtelieProd\Equipexe\Filiais\MOVANTIGA\EST\DADOS","CadGruEst2.PX",".PX","2048","15/01/2019 15:55:00"
"D:\AtelieProd\Equipexe\Filiais\MOVANTIGA\EST\DADOS\CadGruEst2.XG0","D:\AtelieProd\Equipexe\Filiais\MOVANTIGA\EST\DADOS","CadGruEst2.XG0",".XG0","34816","15/01/2019 15:55:00"
"D:\AtelieProd\Equipexe\Filiais\MOVANTIGA\EST\DADOS\CadGruEst2.YG0","D:\AtelieProd\Equipexe\Filiais\MOVANTIGA\EST\DADOS","CadGruEst2.YG0",".YG0","4096","15/01/2019 15:55:00"
"D:\AtelieProd\Equipexe\Filiais\MOVANTIGA\EST\DADOS\CadGruEst3.DB","D:\AtelieProd\Equipexe\Filiais\MOVANTIGA\EST\DADOS","CadGruEst3.DB",".DB","2048","15/01/2019 15:55:00"
"D:\AtelieProd\Equipexe\Filiais\MOVANTIGA\EST\DADOS\CadGruEst3.PX","D:\AtelieProd\Equipexe\Filiais\MOVANTIGA\EST\DADOS","CadGruEst3.PX",".PX","2048","15/01/2019 15:55:00"
"D:\AtelieProd\Equipexe\Filiais\MOVANTIGA\EST\DADOS\CadGruEst3.XG0","D:\AtelieProd\Equipexe\Filiais\MOVANTIGA\EST\DADOS","CadGruEst3.XG0",".XG0","34816","15/01/2019 15:55:00"
"D:\AtelieProd\Equipexe\Filiais\MOVANTIGA\EST\DADOS\CadGruEst3.YG0","D:\AtelieProd\Equipexe\Filiais\MOVANTIGA\EST\DADOS","CadGruEst3.YG0",".YG0","4096","15/01/2019 15:55:00"
"D:\AtelieProd\Equipexe\Filiais\MOVANTIGA\EST\DADOS\CadGruEst4.DB","D:\AtelieProd\Equipexe\Filiais\MOVANTIGA\EST\DADOS","CadGruEst4.DB",".DB","2048","15/01/2019 15:55:00"
"D:\AtelieProd\Equipexe\Filiais\MOVANTIGA\EST\DADOS\CadGruEst4.PX","D:\AtelieProd\Equipexe\Filiais\MOVANTIGA\EST\DADOS","CadGruEst4.PX",".PX","2048","15/01/2019 15:55:00"
"D:\AtelieProd\Equipexe\Filiais\MOVANTIGA\EST\DADOS\CadGruEst4.XG0","D:\AtelieProd\Equipexe\Filiais\MOVANTIGA\EST\DADOS","CadGruEst4.XG0",".XG0","34816","15/01/2019 15:55:00"
"D:\AtelieProd\Equipexe\Filiais\MOVANTIGA\EST\DADOS\CadGruEst4.YG0","D:\AtelieProd\Equipexe\Filiais\MOVANTIGA\EST\DADOS","CadGruEst4.YG0",".YG0","4096","15/01/2019 15:55:00"
"D:\AtelieProd\Equipexe\Filiais\MOVANTIGA\EST\DADOS\CadKit.DB","D:\AtelieProd\Equipexe\Filiais\MOVANTIGA\EST\DADOS","CadKit.DB",".DB","2048","15/01/2019 15:55:00"
"D:\AtelieProd\Equipexe\Filiais\MOVANTIGA\EST\DADOS\CadKit.PX","D:\AtelieProd\Equipexe\Filiais\MOVANTIGA\EST\DADOS","CadKit.PX",".PX","2048","15/01/2019 15:55:00"
"D:\AtelieProd\Equipexe\Filiais\MOVANTIGA\EST\DADOS\CadKit.XG0","D:\AtelieProd\Equipexe\Filiais\MOVANTIGA\EST\DADOS","CadKit.XG0",".XG0","34816","15/01/2019 15:55:00"
"D:\AtelieProd\Equipexe\Filiais\MOVANTIGA\EST\DADOS\CadKit.YG0","D:\AtelieProd\Equipexe\Filiais\MOVANTIGA\EST\DADOS","CadKit.YG0",".YG0","4096","15/01/2019 15:55:00"
"D:\AtelieProd\Equipexe\Filiais\MOVANTIGA\EST\DADOS\CadLocEst.DB","D:\AtelieProd\Equipexe\Filiais\MOVANTIGA\EST\DADOS","CadLocEst.DB",".DB","2048","15/01/2019 15:55:02"
"D:\AtelieProd\Equipexe\Filiais\MOVANTIGA\EST\DADOS\CadLocEst.PX","D:\AtelieProd\Equipexe\Filiais\MOVANTIGA\EST\DADOS","CadLocEst.PX",".PX","2048","15/01/2019 15:55:02"
"D:\AtelieProd\Equipexe\Filiais\MOVANTIGA\EST\DADOS\CadLocEst.XG0","D:\AtelieProd\Equipexe\Filiais\MOVANTIGA\EST\DADOS","CadLocEst.XG0",".XG0","34816","15/01/2019 15:55:02"
"D:\AtelieProd\Equipexe\Filiais\MOVANTIGA\EST\DADOS\CadLocEst.YG0","D:\AtelieProd\Equipexe\Filiais\MOVANTIGA\EST\DADOS","CadLocEst.YG0",".YG0","4096","15/01/2019 15:55:02"
"D:\AtelieProd\Equipexe\Filiais\MOVANTIGA\EST\DADOS\CadUniPro.DB","D:\AtelieProd\Equipexe\Filiais\MOVANTIGA\EST\DADOS","CadUniPro.DB",".DB","2048","15/01/2019 15:55:14"
"D:\AtelieProd\Equipexe\Filiais\MOVANTIGA\EST\DADOS\CadUniPro.PX","D:\AtelieProd\Equipexe\Filiais\MOVANTIGA\EST\DADOS","CadUniPro.PX",".PX","2048","15/01/2019 15:55:14"
"D:\AtelieProd\Equipexe\Filiais\MOVANTIGA\EST\DADOS\CadUniPro.XG0","D:\AtelieProd\Equipexe\Filiais\MOVANTIGA\EST\DADOS","CadUniPro.XG0",".XG0","34816","15/01/2019 15:55:14"
"D:\AtelieProd\Equipexe\Filiais\MOVANTIGA\EST\DADOS\CadUniPro.YG0","D:\AtelieProd\Equipexe\Filiais\MOVANTIGA\EST\DADOS","CadUniPro.YG0",".YG0","4096","15/01/2019 15:55:14"
"D:\AtelieProd\Equipexe\Filiais\MOVANTIGA\EST\DADOS\EstMinMax.DB","D:\AtelieProd\Equipexe\Filiais\MOVANTIGA\EST\DADOS","EstMinMax.DB",".DB","2048","15/01/2019 15:56:00"
"D:\AtelieProd\Equipexe\Filiais\MOVANTIGA\EST\DADOS\EstMinMax.PX","D:\AtelieProd\Equipexe\Filiais\MOVANTIGA\EST\DADOS","EstMinMax.PX",".PX","2048","15/01/2019 15:56:00"
"D:\AtelieProd\Equipexe\Filiais\MOVANTIGA\EST\DADOS\EstMinMax.XG0","D:\AtelieProd\Equipexe\Filiais\MOVANTIGA\EST\DADOS","EstMinMax.XG0",".XG0","34816","15/01/2019 15:56:00"
"D:\AtelieProd\Equipexe\Filiais\MOVANTIGA\EST\DADOS\EstMinMax.YG0","D:\AtelieProd\Equipexe\Filiais\MOVANTIGA\EST\DADOS","EstMinMax.YG0",".YG0","4096","15/01/2019 15:56:00"
"D:\AtelieProd\Equipexe\Filiais\MOVANTIGA\EST\DADOS\GruProEst.DB","D:\AtelieProd\Equipexe\Filiais\MOVANTIGA\EST\DADOS","GruProEst.DB",".DB","2048","15/01/2019 15:56:10"
"D:\AtelieProd\Equipexe\Filiais\MOVANTIGA\EST\DADOS\GruProEst.PX","D:\AtelieProd\Equipexe\Filiais\MOVANTIGA\EST\DADOS","GruProEst.PX",".PX","2048","15/01/2019 15:56:10"
"D:\AtelieProd\Equipexe\Filiais\MOVANTIGA\EST\DADOS\GruProEst.XG0","D:\AtelieProd\Equipexe\Filiais\MOVANTIGA\EST\DADOS","GruProEst.XG0",".XG0","34816","15/01/2019 15:56:12"
"D:\AtelieProd\Equipexe\Filiais\MOVANTIGA\EST\DADOS\GruProEst.YG0","D:\AtelieProd\Equipexe\Filiais\MOVANTIGA\EST\DADOS","GruProEst.YG0",".YG0","4096","15/01/2019 15:56:12"
"D:\AtelieProd\Equipexe\Filiais\MOVANTIGA\EST\DADOS\Legislacao.DB","D:\AtelieProd\Equipexe\Filiais\MOVANTIGA\EST\DADOS","Legislacao.DB",".DB","2048","15/01/2019 15:56:14"
"D:\AtelieProd\Equipexe\Filiais\MOVANTIGA\EST\DADOS\Legislacao.PX","D:\AtelieProd\Equipexe\Filiais\MOVANTIGA\EST\DADOS","Legislacao.PX",".PX","2048","15/01/2019 15:56:14"
"D:\AtelieProd\Equipexe\Filiais\MOVANTIGA\EST\DADOS\Legislacao.XG0","D:\AtelieProd\Equipexe\Filiais\MOVANTIGA\EST\DADOS","Legislacao.XG0",".XG0","34816","15/01/2019 15:56:14"
"D:\AtelieProd\Equipexe\Filiais\MOVANTIGA\EST\DADOS\Legislacao.YG0","D:\AtelieProd\Equipexe\Filiais\MOVANTIGA\EST\DADOS","Legislacao.YG0",".YG0","4096","15/01/2019 15:56:14"
"D:\AtelieProd\Equipexe\Filiais\MOVANTIGA\EST\DADOS\MarcasEst.DB","D:\AtelieProd\Equipexe\Filiais\MOVANTIGA\EST\DADOS","MarcasEst.DB",".DB","2048","15/01/2019 15:56:18"
"D:\AtelieProd\Equipexe\Filiais\MOVANTIGA\EST\DADOS\MarcasEst.PX","D:\AtelieProd\Equipexe\Filiais\MOVANTIGA\EST\DADOS","MarcasEst.PX",".PX","2048","15/01/2019 15:56:18"
"D:\AtelieProd\Equipexe\Filiais\MOVANTIGA\EST\DADOS\MarcasEst.XG0","D:\AtelieProd\Equipexe\Filiais\MOVANTIGA\EST\DADOS","MarcasEst.XG0",".XG0","34816","15/01/2019 15:56:18"
"D:\AtelieProd\Equipexe\Filiais\MOVANTIGA\EST\DADOS\MarcasEst.YG0","D:\AtelieProd\Equipexe\Filiais\MOVANTIGA\EST\DADOS","MarcasEst.YG0",".YG0","4096","15/01/2019 15:56:18"
"D:\AtelieProd\Equipexe\Filiais\MOVANTIGA\EST\DADOS\ProdEst.DB","D:\AtelieProd\Equipexe\Filiais\MOVANTIGA\EST\DADOS","ProdEst.DB",".DB","2048","15/01/2019 15:57:22"
"D:\AtelieProd\Equipexe\Filiais\MOVANTIGA\EST\DADOS\ProdEst.PX","D:\AtelieProd\Equipexe\Filiais\MOVANTIGA\EST\DADOS","ProdEst.PX",".PX","2048","15/01/2019 15:57:22"
"D:\AtelieProd\Equipexe\Filiais\MOVANTIGA\EST\DADOS\ProdEst.XG0","D:\AtelieProd\Equipexe\Filiais\MOVANTIGA\EST\DADOS","ProdEst.XG0",".XG0","34816","15/01/2019 15:57:24"
"D:\AtelieProd\Equipexe\Filiais\MOVANTIGA\EST\DADOS\ProdEst.YG0","D:\AtelieProd\Equipexe\Filiais\MOVANTIGA\EST\DADOS","ProdEst.YG0",".YG0","4096","15/01/2019 15:57:24"
"D:\AtelieProd\Equipexe\Filiais\MOVANTIGA\EST\DADOS\ProdEstKit.DB","D:\AtelieProd\Equipexe\Filiais\MOVANTIGA\EST\DADOS","ProdEstKit.DB",".DB","2048","15/01/2019 15:57:24"
"D:\AtelieProd\Equipexe\Filiais\MOVANTIGA\EST\DADOS\ProdEstKit.PX","D:\AtelieProd\Equipexe\Filiais\MOVANTIGA\EST\DADOS","ProdEstKit.PX",".PX","2048","15/01/2019 15:57:24"
"D:\AtelieProd\Equipexe\Filiais\MOVANTIGA\EST\DADOS\ProdEstPac.DB","D:\AtelieProd\Equipexe\Filiais\MOVANTIGA\EST\DADOS","ProdEstPac.DB",".DB","2048","15/01/2019 15:57:24"
"D:\AtelieProd\Equipexe\Filiais\MOVANTIGA\EST\DADOS\ProdEstPac.PX","D:\AtelieProd\Equipexe\Filiais\MOVANTIGA\EST\DADOS","ProdEstPac.PX",".PX","2048","15/01/2019 15:57:24"
"D:\AtelieProd\Equipexe\Filiais\MOVANTIGA\EST\DADOS\ProdEstPac.XG0","D:\AtelieProd\Equipexe\Filiais\MOVANTIGA\EST\DADOS","ProdEstPac.XG0",".XG0","34816","15/01/2019 15:57:24"
"D:\AtelieProd\Equipexe\Filiais\MOVANTIGA\EST\DADOS\ProdEstPac.YG0","D:\AtelieProd\Equipexe\Filiais\MOVANTIGA\EST\DADOS","ProdEstPac.YG0",".YG0","4096","15/01/2019 15:57:24"
"D:\AtelieProd\Equipexe\Filiais\MOVANTIGA\EST\DADOS\ProEstKit.DB","D:\AtelieProd\Equipexe\Filiais\MOVANTIGA\EST\DADOS","ProEstKit.DB",".DB","2048","04/11/2008 10:03:30"
"D:\AtelieProd\Equipexe\Filiais\MOVANTIGA\EST\DADOS\ProEstKit.PX","D:\AtelieProd\Equipexe\Filiais\MOVANTIGA\EST\DADOS","ProEstKit.PX",".PX","2048","04/11/2008 10:03:30"
"D:\AtelieProd\Equipexe\Filiais\MOVANTIGA\EST\DADOS\TabPrecoEst.DB","D:\AtelieProd\Equipexe\Filiais\MOVANTIGA\EST\DADOS","TabPrecoEst.DB",".DB","2048","15/01/2019 15:57:32"
"D:\AtelieProd\Equipexe\Filiais\MOVANTIGA\EST\DADOS\TabPrecoEst.PX","D:\AtelieProd\Equipexe\Filiais\MOVANTIGA\EST\DADOS","TabPrecoEst.PX",".PX","2048","15/01/2019 15:57:32"
"D:\AtelieProd\Equipexe\Filiais\MOVANTIGA\EST\DADOS\TabPrecoEst.XG0","D:\AtelieProd\Equipexe\Filiais\MOVANTIGA\EST\DADOS","TabPrecoEst.XG0",".XG0","34816","15/01/2019 15:57:32"
"D:\AtelieProd\Equipexe\Filiais\MOVANTIGA\EST\DADOS\TabPrecoEst.YG0","D:\AtelieProd\Equipexe\Filiais\MOVANTIGA\EST\DADOS","TabPrecoEst.YG0",".YG0","4096","15/01/2019 15:57:32"
"D:\AtelieProd\Equipexe\Filiais\MOVANTIGA\EST\DADOS\TabProdEst.DB","D:\AtelieProd\Equipexe\Filiais\MOVANTIGA\EST\DADOS","TabProdEst.DB",".DB","2048","15/01/2019 15:57:34"
"D:\AtelieProd\Equipexe\Filiais\MOVANTIGA\EST\DADOS\TabProdEst.PX","D:\AtelieProd\Equipexe\Filiais\MOVANTIGA\EST\DADOS","TabProdEst.PX",".PX","2048","15/01/2019 15:57:34"
"D:\AtelieProd\Equipexe\Filiais\MOVANTIGA\EST\DADOS\TpVendas.DB","D:\AtelieProd\Equipexe\Filiais\MOVANTIGA\EST\DADOS","TpVendas.DB",".DB","2048","15/01/2019 15:57:42"
"D:\AtelieProd\Equipexe\Filiais\MOVANTIGA\EST\DADOS\TpVendas.PX","D:\AtelieProd\Equipexe\Filiais\MOVANTIGA\EST\DADOS","TpVendas.PX",".PX","2048","15/01/2019 15:57:42"
"D:\AtelieProd\Equipexe\Filiais\MOVANTIGA\EST\DADOS\TpVendas.XG0","D:\AtelieProd\Equipexe\Filiais\MOVANTIGA\EST\DADOS","TpVendas.XG0",".XG0","34816","15/01/2019 15:57:42"
"D:\AtelieProd\Equipexe\Filiais\MOVANTIGA\EST\DADOS\TpVendas.YG0","D:\AtelieProd\Equipexe\Filiais\MOVANTIGA\EST\DADOS","TpVendas.YG0",".YG0","4096","15/01/2019 15:57:42"
"D:\AtelieProd\Equipexe\Filiais\MOVANTIGA\EST\FILIAL\CliContEst.DB","D:\AtelieProd\Equipexe\Filiais\MOVANTIGA\EST\FILIAL","CliContEst.DB",".DB","2048","15/01/2019 15:55:22"
"D:\AtelieProd\Equipexe\Filiais\MOVANTIGA\EST\FILIAL\CliContEst.PX","D:\AtelieProd\Equipexe\Filiais\MOVANTIGA\EST\FILIAL","CliContEst.PX",".PX","2048","15/01/2019 15:55:22"
"D:\AtelieProd\Equipexe\Filiais\MOVANTIGA\EST\FILIAL\CliContEst.XG0","D:\AtelieProd\Equipexe\Filiais\MOVANTIGA\EST\FILIAL","CliContEst.XG0",".XG0","34816","15/01/2019 15:55:22"
"D:\AtelieProd\Equipexe\Filiais\MOVANTIGA\EST\FILIAL\CliContEst.YG0","D:\AtelieProd\Equipexe\Filiais\MOVANTIGA\EST\FILIAL","CliContEst.YG0",".YG0","4096","15/01/2019 15:55:22"
"D:\AtelieProd\Equipexe\Filiais\MOVANTIGA\EST\FILIAL\MovEst.DB","D:\AtelieProd\Equipexe\Filiais\MOVANTIGA\EST\FILIAL","MovEst.DB",".DB","34816","15/01/2019 15:56:34"
"D:\AtelieProd\Equipexe\Filiais\MOVANTIGA\EST\FILIAL\MovEst.PX","D:\AtelieProd\Equipexe\Filiais\MOVANTIGA\EST\FILIAL","MovEst.PX",".PX","4096","15/01/2019 15:56:34"
"D:\AtelieProd\Equipexe\Filiais\MOVANTIGA\EST\FILIAL\MovEst.XG0","D:\AtelieProd\Equipexe\Filiais\MOVANTIGA\EST\FILIAL","MovEst.XG0",".XG0","34816","15/01/2019 15:56:34"
"D:\AtelieProd\Equipexe\Filiais\MOVANTIGA\EST\FILIAL\MovEst.XG1","D:\AtelieProd\Equipexe\Filiais\MOVANTIGA\EST\FILIAL","MovEst.XG1",".XG1","34816","15/01/2019 15:56:34"
"D:\AtelieProd\Equipexe\Filiais\MOVANTIGA\EST\FILIAL\MovEst.YG0","D:\AtelieProd\Equipexe\Filiais\MOVANTIGA\EST\FILIAL","MovEst.YG0",".YG0","4096","15/01/2019 15:56:34"
"D:\AtelieProd\Equipexe\Filiais\MOVANTIGA\EST\FILIAL\MovEst.YG1","D:\AtelieProd\Equipexe\Filiais\MOVANTIGA\EST\FILIAL","MovEst.YG1",".YG1","4096","15/01/2019 15:56:34"
"D:\AtelieProd\Equipexe\Filiais\MOVANTIGA\EST\FILIAL\MovEstCan.DB","D:\AtelieProd\Equipexe\Filiais\MOVANTIGA\EST\FILIAL","MovEstCan.DB",".DB","2048","15/01/2019 15:56:34"
"D:\AtelieProd\Equipexe\Filiais\MOVANTIGA\EST\FILIAL\MovEstCan.PX","D:\AtelieProd\Equipexe\Filiais\MOVANTIGA\EST\FILIAL","MovEstCan.PX",".PX","2048","15/01/2019 15:56:34"
"D:\AtelieProd\Equipexe\Filiais\MOVANTIGA\EST\FILIAL\MovEstCan.XG0","D:\AtelieProd\Equipexe\Filiais\MOVANTIGA\EST\FILIAL","MovEstCan.XG0",".XG0","34816","15/01/2019 15:56:34"
"D:\AtelieProd\Equipexe\Filiais\MOVANTIGA\EST\FILIAL\MovEstCan.YG0","D:\AtelieProd\Equipexe\Filiais\MOVANTIGA\EST\FILIAL","MovEstCan.YG0",".YG0","4096","15/01/2019 15:56:34"
"D:\AtelieProd\Equipexe\Filiais\MOVANTIGA\EST\FILIAL\MovEstEnc.DB","D:\AtelieProd\Equipexe\Filiais\MOVANTIGA\EST\FILIAL","MovEstEnc.DB",".DB","2048","15/01/2019 15:56:34"
"D:\AtelieProd\Equipexe\Filiais\MOVANTIGA\EST\FILIAL\MovEstEnc.PX","D:\AtelieProd\Equipexe\Filiais\MOVANTIGA\EST\FILIAL","MovEstEnc.PX",".PX","2048","15/01/2019 15:56:34"
"D:\AtelieProd\Equipexe\Filiais\MOVANTIGA\EST\FILIAL\MovEstEnc.XG0","D:\AtelieProd\Equipexe\Filiais\MOVANTIGA\EST\FILIAL","MovEstEnc.XG0",".XG0","34816","15/01/2019 15:56:34"
"D:\AtelieProd\Equipexe\Filiais\MOVANTIGA\EST\FILIAL\MovEstEnc.XG1","D:\AtelieProd\Equipexe\Filiais\MOVANTIGA\EST\FILIAL","MovEstEnc.XG1",".XG1","34816","15/01/2019 15:56:34"
"D:\AtelieProd\Equipexe\Filiais\MOVANTIGA\EST\FILIAL\MovEstEnc.YG0","D:\AtelieProd\Equipexe\Filiais\MOVANTIGA\EST\FILIAL","MovEstEnc.YG0",".YG0","4096","15/01/2019 15:56:34"
"D:\AtelieProd\Equipexe\Filiais\MOVANTIGA\EST\FILIAL\MovEstEnc.YG1","D:\AtelieProd\Equipexe\Filiais\MOVANTIGA\EST\FILIAL","MovEstEnc.YG1",".YG1","4096","15/01/2019 15:56:34"
"D:\AtelieProd\Equipexe\Filiais\MOVANTIGA\EST\FILIAL\MovKit.DB","D:\AtelieProd\Equipexe\Filiais\MOVANTIGA\EST\FILIAL","MovKit.DB",".DB","2048","15/01/2019 15:56:42"
"D:\AtelieProd\Equipexe\Filiais\MOVANTIGA\EST\FILIAL\MovKit.PX","D:\AtelieProd\Equipexe\Filiais\MOVANTIGA\EST\FILIAL","MovKit.PX",".PX","2048","15/01/2019 15:56:42"
"D:\AtelieProd\Equipexe\Filiais\MOVANTIGA\EST\FILIAL\PedComItem.DB","D:\AtelieProd\Equipexe\Filiais\MOVANTIGA\EST\FILIAL","PedComItem.DB",".DB","2048","15/01/2019 15:57:16"
"D:\AtelieProd\Equipexe\Filiais\MOVANTIGA\EST\FILIAL\PedComItem.PX","D:\AtelieProd\Equipexe\Filiais\MOVANTIGA\EST\FILIAL","PedComItem.PX",".PX","2048","15/01/2019 15:57:16"
"D:\AtelieProd\Equipexe\Filiais\MOVANTIGA\EST\FILIAL\PedComItem.XG0","D:\AtelieProd\Equipexe\Filiais\MOVANTIGA\EST\FILIAL","PedComItem.XG0",".XG0","34816","15/01/2019 15:57:16"
"D:\AtelieProd\Equipexe\Filiais\MOVANTIGA\EST\FILIAL\PedComItem.XG1","D:\AtelieProd\Equipexe\Filiais\MOVANTIGA\EST\FILIAL","PedComItem.XG1",".XG1","34816","15/01/2019 15:57:16"
"D:\AtelieProd\Equipexe\Filiais\MOVANTIGA\EST\FILIAL\PedComItem.YG0","D:\AtelieProd\Equipexe\Filiais\MOVANTIGA\EST\FILIAL","PedComItem.YG0",".YG0","4096","15/01/2019 15:57:16"
"D:\AtelieProd\Equipexe\Filiais\MOVANTIGA\EST\FILIAL\PedComItem.YG1","D:\AtelieProd\Equipexe\Filiais\MOVANTIGA\EST\FILIAL","PedComItem.YG1",".YG1","4096","15/01/2019 15:57:16"
"D:\AtelieProd\Equipexe\Filiais\MOVANTIGA\EST\FILIAL\PedCompra.DB","D:\AtelieProd\Equipexe\Filiais\MOVANTIGA\EST\FILIAL","PedCompra.DB",".DB","2048","15/01/2019 15:57:16"
"D:\AtelieProd\Equipexe\Filiais\MOVANTIGA\EST\FILIAL\PedCompra.PX","D:\AtelieProd\Equipexe\Filiais\MOVANTIGA\EST\FILIAL","PedCompra.PX",".PX","2048","15/01/2019 15:57:16"
"D:\AtelieProd\Equipexe\Filiais\MOVANTIGA\EST\FILIAL\PedCompra.XG0","D:\AtelieProd\Equipexe\Filiais\MOVANTIGA\EST\FILIAL","PedCompra.XG0",".XG0","34816","15/01/2019 15:57:16"
"D:\AtelieProd\Equipexe\Filiais\MOVANTIGA\EST\FILIAL\PedCompra.XG1","D:\AtelieProd\Equipexe\Filiais\MOVANTIGA\EST\FILIAL","PedCompra.XG1",".XG1","34816","15/01/2019 15:57:16"
"D:\AtelieProd\Equipexe\Filiais\MOVANTIGA\EST\FILIAL\PedCompra.YG0","D:\AtelieProd\Equipexe\Filiais\MOVANTIGA\EST\FILIAL","PedCompra.YG0",".YG0","4096","15/01/2019 15:57:16"
"D:\AtelieProd\Equipexe\Filiais\MOVANTIGA\EST\FILIAL\PedCompra.YG1","D:\AtelieProd\Equipexe\Filiais\MOVANTIGA\EST\FILIAL","PedCompra.YG1",".YG1","4096","15/01/2019 15:57:16"
"D:\AtelieProd\Equipexe\Filiais\MOVANTIGA\EST\FILIAL\PedCompraCanc.DB","D:\AtelieProd\Equipexe\Filiais\MOVANTIGA\EST\FILIAL","PedCompraCanc.DB",".DB","2048","15/01/2019 15:57:16"
"D:\AtelieProd\Equipexe\Filiais\MOVANTIGA\EST\FILIAL\PedCompraCanc.PX","D:\AtelieProd\Equipexe\Filiais\MOVANTIGA\EST\FILIAL","PedCompraCanc.PX",".PX","2048","15/01/2019 15:57:16"
"D:\AtelieProd\Equipexe\Filiais\MOVANTIGA\EST\FILIAL\PedCompraCanc.XG0","D:\AtelieProd\Equipexe\Filiais\MOVANTIGA\EST\FILIAL","PedCompraCanc.XG0",".XG0","34816","15/01/2019 15:57:16"
"D:\AtelieProd\Equipexe\Filiais\MOVANTIGA\EST\FILIAL\PedCompraCanc.YG0","D:\AtelieProd\Equipexe\Filiais\MOVANTIGA\EST\FILIAL","PedCompraCanc.YG0",".YG0","4096","15/01/2019 15:57:16"
"D:\AtelieProd\Equipexe\Filiais\MOVANTIGA\EST\FILIAL\PedConf.DB","D:\AtelieProd\Equipexe\Filiais\MOVANTIGA\EST\FILIAL","PedConf.DB",".DB","2048","15/01/2019 15:57:18"
"D:\AtelieProd\Equipexe\Filiais\MOVANTIGA\EST\FILIAL\PedConf.PX","D:\AtelieProd\Equipexe\Filiais\MOVANTIGA\EST\FILIAL","PedConf.PX",".PX","2048","15/01/2019 15:57:18"
"D:\AtelieProd\Equipexe\Filiais\MOVANTIGA\EST\FILIAL\PedConf.XG0","D:\AtelieProd\Equipexe\Filiais\MOVANTIGA\EST\FILIAL","PedConf.XG0",".XG0","34816","15/01/2019 15:57:18"
"D:\AtelieProd\Equipexe\Filiais\MOVANTIGA\EST\FILIAL\PedConf.XG1","D:\AtelieProd\Equipexe\Filiais\MOVANTIGA\EST\FILIAL","PedConf.XG1",".XG1","34816","15/01/2019 15:57:18"
"D:\AtelieProd\Equipexe\Filiais\MOVANTIGA\EST\FILIAL\PedConf.YG0","D:\AtelieProd\Equipexe\Filiais\MOVANTIGA\EST\FILIAL","PedConf.YG0",".YG0","4096","15/01/2019 15:57:18"
"D:\AtelieProd\Equipexe\Filiais\MOVANTIGA\EST\FILIAL\PedConf.YG1","D:\AtelieProd\Equipexe\Filiais\MOVANTIGA\EST\FILIAL","PedConf.YG1",".YG1","4096","15/01/2019 15:57:18"
"D:\AtelieProd\Equipexe\Filiais\MOVANTIGA\EST\FILIAL\PedConfItem.DB","D:\AtelieProd\Equipexe\Filiais\MOVANTIGA\EST\FILIAL","PedConfItem.DB",".DB","2048","15/01/2019 15:57:18"
"D:\AtelieProd\Equipexe\Filiais\MOVANTIGA\EST\FILIAL\PedConfItem.PX","D:\AtelieProd\Equipexe\Filiais\MOVANTIGA\EST\FILIAL","PedConfItem.PX",".PX","2048","15/01/2019 15:57:18"
"D:\AtelieProd\Equipexe\Filiais\MOVANTIGA\EST\FILIAL\PedConfItem.XG0","D:\AtelieProd\Equipexe\Filiais\MOVANTIGA\EST\FILIAL","PedConfItem.XG0",".XG0","34816","15/01/2019 15:57:18"
"D:\AtelieProd\Equipexe\Filiais\MOVANTIGA\EST\FILIAL\PedConfItem.YG0","D:\AtelieProd\Equipexe\Filiais\MOVANTIGA\EST\FILIAL","PedConfItem.YG0",".YG0","4096","15/01/2019 15:57:18"
"D:\AtelieProd\Equipexe\Filiais\MOVANTIGA\EST\FILIAL\PedConfItemICMS.DB","D:\AtelieProd\Equipexe\Filiais\MOVANTIGA\EST\FILIAL","PedConfItemICMS.DB",".DB","2048","15/01/2019 15:57:18"
"D:\AtelieProd\Equipexe\Filiais\MOVANTIGA\EST\FILIAL\PedConfItemICMS.PX","D:\AtelieProd\Equipexe\Filiais\MOVANTIGA\EST\FILIAL","PedConfItemICMS.PX",".PX","2048","15/01/2019 15:57:18"
"D:\AtelieProd\Equipexe\Filiais\MOVANTIGA\EST\FILIAL\PedVenConf.DB","D:\AtelieProd\Equipexe\Filiais\MOVANTIGA\EST\FILIAL","PedVenConf.DB",".DB","2048","15/01/2019 15:57:18"
"D:\AtelieProd\Equipexe\Filiais\MOVANTIGA\EST\FILIAL\PedVenConf.PX","D:\AtelieProd\Equipexe\Filiais\MOVANTIGA\EST\FILIAL","PedVenConf.PX",".PX","2048","15/01/2019 15:57:18"
"D:\AtelieProd\Equipexe\Filiais\MOVANTIGA\EST\FILIAL\PedVenConf.XG0","D:\AtelieProd\Equipexe\Filiais\MOVANTIGA\EST\FILIAL","PedVenConf.XG0",".XG0","34816","15/01/2019 15:57:18"
"D:\AtelieProd\Equipexe\Filiais\MOVANTIGA\EST\FILIAL\PedVenConf.XG1","D:\AtelieProd\Equipexe\Filiais\MOVANTIGA\EST\FILIAL","PedVenConf.XG1",".XG1","34816","15/01/2019 15:57:18"
"D:\AtelieProd\Equipexe\Filiais\MOVANTIGA\EST\FILIAL\PedVenConf.YG0","D:\AtelieProd\Equipexe\Filiais\MOVANTIGA\EST\FILIAL","PedVenConf.YG0",".YG0","4096","15/01/2019 15:57:18"
"D:\AtelieProd\Equipexe\Filiais\MOVANTIGA\EST\FILIAL\PedVenConf.YG1","D:\AtelieProd\Equipexe\Filiais\MOVANTIGA\EST\FILIAL","PedVenConf.YG1",".YG1","4096","15/01/2019 15:57:18"
"D:\AtelieProd\Equipexe\Filiais\MOVANTIGA\EST\FILIAL\PedVenConfItem.DB","D:\AtelieProd\Equipexe\Filiais\MOVANTIGA\EST\FILIAL","PedVenConfItem.DB",".DB","2048","15/01/2019 15:57:18"
"D:\AtelieProd\Equipexe\Filiais\MOVANTIGA\EST\FILIAL\PedVenConfItem.PX","D:\AtelieProd\Equipexe\Filiais\MOVANTIGA\EST\FILIAL","PedVenConfItem.PX",".PX","2048","15/01/2019 15:57:18"
"D:\AtelieProd\Equipexe\Filiais\MOVANTIGA\EST\FILIAL\PedVenConfItem.XG0","D:\AtelieProd\Equipexe\Filiais\MOVANTIGA\EST\FILIAL","PedVenConfItem.XG0",".XG0","34816","15/01/2019 15:57:18"
"D:\AtelieProd\Equipexe\Filiais\MOVANTIGA\EST\FILIAL\PedVenConfItem.YG0","D:\AtelieProd\Equipexe\Filiais\MOVANTIGA\EST\FILIAL","PedVenConfItem.YG0",".YG0","4096","15/01/2019 15:57:18"
"D:\AtelieProd\Equipexe\Filiais\MOVANTIGA\EST\FILIAL\PedVenda.DB","D:\AtelieProd\Equipexe\Filiais\MOVANTIGA\EST\FILIAL","PedVenda.DB",".DB","2048","15/01/2019 15:57:18"
"D:\AtelieProd\Equipexe\Filiais\MOVANTIGA\EST\FILIAL\PedVenda.PX","D:\AtelieProd\Equipexe\Filiais\MOVANTIGA\EST\FILIAL","PedVenda.PX",".PX","2048","15/01/2019 15:57:18"
"D:\AtelieProd\Equipexe\Filiais\MOVANTIGA\EST\FILIAL\PedVenda.XG0","D:\AtelieProd\Equipexe\Filiais\MOVANTIGA\EST\FILIAL","PedVenda.XG0",".XG0","34816","15/01/2019 15:57:18"
"D:\AtelieProd\Equipexe\Filiais\MOVANTIGA\EST\FILIAL\PedVenda.XG1","D:\AtelieProd\Equipexe\Filiais\MOVANTIGA\EST\FILIAL","PedVenda.XG1",".XG1","34816","15/01/2019 15:57:18"
"D:\AtelieProd\Equipexe\Filiais\MOVANTIGA\EST\FILIAL\PedVenda.YG0","D:\AtelieProd\Equipexe\Filiais\MOVANTIGA\EST\FILIAL","PedVenda.YG0",".YG0","4096","15/01/2019 15:57:18"
"D:\AtelieProd\Equipexe\Filiais\MOVANTIGA\EST\FILIAL\PedVenda.YG1","D:\AtelieProd\Equipexe\Filiais\MOVANTIGA\EST\FILIAL","PedVenda.YG1",".YG1","4096","15/01/2019 15:57:18"
"D:\AtelieProd\Equipexe\Filiais\MOVANTIGA\EST\FILIAL\PedVendaCanc.DB","D:\AtelieProd\Equipexe\Filiais\MOVANTIGA\EST\FILIAL","PedVendaCanc.DB",".DB","2048","15/01/2019 15:57:18"
"D:\AtelieProd\Equipexe\Filiais\MOVANTIGA\EST\FILIAL\PedVendaCanc.PX","D:\AtelieProd\Equipexe\Filiais\MOVANTIGA\EST\FILIAL","PedVendaCanc.PX",".PX","2048","15/01/2019 15:57:18"
"D:\AtelieProd\Equipexe\Filiais\MOVANTIGA\EST\FILIAL\PedVendaCanc.XG0","D:\AtelieProd\Equipexe\Filiais\MOVANTIGA\EST\FILIAL","PedVendaCanc.XG0",".XG0","34816","15/01/2019 15:57:18"
"D:\AtelieProd\Equipexe\Filiais\MOVANTIGA\EST\FILIAL\PedVendaCanc.YG0","D:\AtelieProd\Equipexe\Filiais\MOVANTIGA\EST\FILIAL","PedVendaCanc.YG0",".YG0","4096","15/01/2019 15:57:18"
"D:\AtelieProd\Equipexe\Filiais\MOVANTIGA\EST\FILIAL\PedVenItem.DB","D:\AtelieProd\Equipexe\Filiais\MOVANTIGA\EST\FILIAL","PedVenItem.DB",".DB","2048","15/01/2019 15:57:20"
"D:\AtelieProd\Equipexe\Filiais\MOVANTIGA\EST\FILIAL\PedVenItem.PX","D:\AtelieProd\Equipexe\Filiais\MOVANTIGA\EST\FILIAL","PedVenItem.PX",".PX","2048","15/01/2019 15:57:20"
"D:\AtelieProd\Equipexe\Filiais\MOVANTIGA\EST\FILIAL\PedVenItem.XG0","D:\AtelieProd\Equipexe\Filiais\MOVANTIGA\EST\FILIAL","PedVenItem.XG0",".XG0","34816","15/01/2019 15:57:20"
"D:\AtelieProd\Equipexe\Filiais\MOVANTIGA\EST\FILIAL\PedVenItem.XG1","D:\AtelieProd\Equipexe\Filiais\MOVANTIGA\EST\FILIAL","PedVenItem.XG1",".XG1","34816","15/01/2019 15:57:20"
"D:\AtelieProd\Equipexe\Filiais\MOVANTIGA\EST\FILIAL\PedVenItem.YG0","D:\AtelieProd\Equipexe\Filiais\MOVANTIGA\EST\FILIAL","PedVenItem.YG0",".YG0","4096","15/01/2019 15:57:20"
"D:\AtelieProd\Equipexe\Filiais\MOVANTIGA\EST\FILIAL\PedVenItem.YG1","D:\AtelieProd\Equipexe\Filiais\MOVANTIGA\EST\FILIAL","PedVenItem.YG1",".YG1","4096","15/01/2019 15:57:20"
"D:\AtelieProd\Equipexe\Filiais\MOVANTIGA\GER\DADOS\AjustaCad.DB","D:\AtelieProd\Equipexe\Filiais\MOVANTIGA\GER\DADOS","AjustaCad.DB",".DB","2048","15/01/2019 15:54:44"
"D:\AtelieProd\Equipexe\Filiais\MOVANTIGA\GER\DADOS\AjustaCad.PX","D:\AtelieProd\Equipexe\Filiais\MOVANTIGA\GER\DADOS","AjustaCad.PX",".PX","2048","15/01/2019 15:54:44"
"D:\AtelieProd\Equipexe\Filiais\MOVANTIGA\GER\DADOS\AjustaCad.XG0","D:\AtelieProd\Equipexe\Filiais\MOVANTIGA\GER\DADOS","AjustaCad.XG0",".XG0","34816","15/01/2019 15:54:44"
"D:\AtelieProd\Equipexe\Filiais\MOVANTIGA\GER\DADOS\AjustaCad.YG0","D:\AtelieProd\Equipexe\Filiais\MOVANTIGA\GER\DADOS","AjustaCad.YG0",".YG0","4096","15/01/2019 15:54:44"
"D:\AtelieProd\Equipexe\Filiais\MOVANTIGA\GER\DADOS\AutoPecas.DB","D:\AtelieProd\Equipexe\Filiais\MOVANTIGA\GER\DADOS","AutoPecas.DB",".DB","4096","19/11/1999 17:40:52"
"D:\AtelieProd\Equipexe\Filiais\MOVANTIGA\GER\DADOS\AutoPecas.PX","D:\AtelieProd\Equipexe\Filiais\MOVANTIGA\GER\DADOS","AutoPecas.PX",".PX","4096","19/11/1999 17:40:52"
"D:\AtelieProd\Equipexe\Filiais\MOVANTIGA\GER\DADOS\AutoPecas.XG0","D:\AtelieProd\Equipexe\Filiais\MOVANTIGA\GER\DADOS","AutoPecas.XG0",".XG0","4096","19/11/1999 17:40:52"
"D:\AtelieProd\Equipexe\Filiais\MOVANTIGA\GER\DADOS\AutoPecas.YG0","D:\AtelieProd\Equipexe\Filiais\MOVANTIGA\GER\DADOS","AutoPecas.YG0",".YG0","4096","19/11/1999 17:40:52"
"D:\AtelieProd\Equipexe\Filiais\MOVANTIGA\GER\DADOS\Backup.DB","D:\AtelieProd\Equipexe\Filiais\MOVANTIGA\GER\DADOS","Backup.DB",".DB","30541824","03/11/2008 09:56:14"
"D:\AtelieProd\Equipexe\Filiais\MOVANTIGA\GER\DADOS\BlackList.DB","D:\AtelieProd\Equipexe\Filiais\MOVANTIGA\GER\DADOS","BlackList.DB",".DB","2048","15/01/2019 15:54:46"
"D:\AtelieProd\Equipexe\Filiais\MOVANTIGA\GER\DADOS\BlackList.PX","D:\AtelieProd\Equipexe\Filiais\MOVANTIGA\GER\DADOS","BlackList.PX",".PX","2048","15/01/2019 15:54:46"
"D:\AtelieProd\Equipexe\Filiais\MOVANTIGA\GER\DADOS\BlackList.XG0","D:\AtelieProd\Equipexe\Filiais\MOVANTIGA\GER\DADOS","BlackList.XG0",".XG0","34816","15/01/2019 15:54:46"
"D:\AtelieProd\Equipexe\Filiais\MOVANTIGA\GER\DADOS\BlackList.YG0","D:\AtelieProd\Equipexe\Filiais\MOVANTIGA\GER\DADOS","BlackList.YG0",".YG0","4096","15/01/2019 15:54:46"
"D:\AtelieProd\Equipexe\Filiais\MOVANTIGA\GER\DADOS\CadArea.DB","D:\AtelieProd\Equipexe\Filiais\MOVANTIGA\GER\DADOS","CadArea.DB",".DB","2048","15/01/2019 15:54:50"
"D:\AtelieProd\Equipexe\Filiais\MOVANTIGA\GER\DADOS\CadArea.PX","D:\AtelieProd\Equipexe\Filiais\MOVANTIGA\GER\DADOS","CadArea.PX",".PX","2048","15/01/2019 15:54:50"
"D:\AtelieProd\Equipexe\Filiais\MOVANTIGA\GER\DADOS\CadArea.XG0","D:\AtelieProd\Equipexe\Filiais\MOVANTIGA\GER\DADOS","CadArea.XG0",".XG0","34816","15/01/2019 15:54:50"
"D:\AtelieProd\Equipexe\Filiais\MOVANTIGA\GER\DADOS\CadArea.YG0","D:\AtelieProd\Equipexe\Filiais\MOVANTIGA\GER\DADOS","CadArea.YG0",".YG0","4096","15/01/2019 15:54:50"
"D:\AtelieProd\Equipexe\Filiais\MOVANTIGA\GER\DADOS\CadCart.DB","D:\AtelieProd\Equipexe\Filiais\MOVANTIGA\GER\DADOS","CadCart.DB",".DB","2048","15/01/2019 15:54:52"
"D:\AtelieProd\Equipexe\Filiais\MOVANTIGA\GER\DADOS\CadCart.PX","D:\AtelieProd\Equipexe\Filiais\MOVANTIGA\GER\DADOS","CadCart.PX",".PX","2048","15/01/2019 15:54:52"
"D:\AtelieProd\Equipexe\Filiais\MOVANTIGA\GER\DADOS\CadCart.XG0","D:\AtelieProd\Equipexe\Filiais\MOVANTIGA\GER\DADOS","CadCart.XG0",".XG0","34816","15/01/2019 15:54:52"
"D:\AtelieProd\Equipexe\Filiais\MOVANTIGA\GER\DADOS\CadCart.YG0","D:\AtelieProd\Equipexe\Filiais\MOVANTIGA\GER\DADOS","CadCart.YG0",".YG0","4096","15/01/2019 15:54:52"
"D:\AtelieProd\Equipexe\Filiais\MOVANTIGA\GER\DADOS\CadCenCus.DB","D:\AtelieProd\Equipexe\Filiais\MOVANTIGA\GER\DADOS","CadCenCus.DB",".DB","2048","15/01/2019 15:54:52"
"D:\AtelieProd\Equipexe\Filiais\MOVANTIGA\GER\DADOS\CadCenCus.PX","D:\AtelieProd\Equipexe\Filiais\MOVANTIGA\GER\DADOS","CadCenCus.PX",".PX","2048","15/01/2019 15:54:52"
"D:\AtelieProd\Equipexe\Filiais\MOVANTIGA\GER\DADOS\CadCenCus.XG0","D:\AtelieProd\Equipexe\Filiais\MOVANTIGA\GER\DADOS","CadCenCus.XG0",".XG0","34816","15/01/2019 15:54:52"
"D:\AtelieProd\Equipexe\Filiais\MOVANTIGA\GER\DADOS\CadCenCus.XG1","D:\AtelieProd\Equipexe\Filiais\MOVANTIGA\GER\DADOS","CadCenCus.XG1",".XG1","34816","15/01/2019 15:54:52"
"D:\AtelieProd\Equipexe\Filiais\MOVANTIGA\GER\DADOS\CadCenCus.YG0","D:\AtelieProd\Equipexe\Filiais\MOVANTIGA\GER\DADOS","CadCenCus.YG0",".YG0","4096","15/01/2019 15:54:52"
"D:\AtelieProd\Equipexe\Filiais\MOVANTIGA\GER\DADOS\CadCenCus.YG1","D:\AtelieProd\Equipexe\Filiais\MOVANTIGA\GER\DADOS","CadCenCus.YG1",".YG1","4096","15/01/2019 15:54:52"
"D:\AtelieProd\Equipexe\Filiais\MOVANTIGA\GER\DADOS\CadCla.DB","D:\AtelieProd\Equipexe\Filiais\MOVANTIGA\GER\DADOS","CadCla.DB",".DB","34816","15/01/2019 15:54:52"
"D:\AtelieProd\Equipexe\Filiais\MOVANTIGA\GER\DADOS\CadCla.PX","D:\AtelieProd\Equipexe\Filiais\MOVANTIGA\GER\DADOS","CadCla.PX",".PX","4096","15/01/2019 15:54:52"
"D:\AtelieProd\Equipexe\Filiais\MOVANTIGA\GER\DADOS\CadCla.XG0","D:\AtelieProd\Equipexe\Filiais\MOVANTIGA\GER\DADOS","CadCla.XG0",".XG0","34816","15/01/2019 15:54:52"
"D:\AtelieProd\Equipexe\Filiais\MOVANTIGA\GER\DADOS\CadCla.YG0","D:\AtelieProd\Equipexe\Filiais\MOVANTIGA\GER\DADOS","CadCla.YG0",".YG0","4096","15/01/2019 15:54:52"
"D:\AtelieProd\Equipexe\Filiais\MOVANTIGA\GER\DADOS\CadClaAlt.DB","D:\AtelieProd\Equipexe\Filiais\MOVANTIGA\GER\DADOS","CadClaAlt.DB",".DB","2048","12/12/2002 13:06:26"
"D:\AtelieProd\Equipexe\Filiais\MOVANTIGA\GER\DADOS\CadClaAlt.PX","D:\AtelieProd\Equipexe\Filiais\MOVANTIGA\GER\DADOS","CadClaAlt.PX",".PX","2048","12/12/2002 13:06:26"
"D:\AtelieProd\Equipexe\Filiais\MOVANTIGA\GER\DADOS\CadClaAlt.XG0","D:\AtelieProd\Equipexe\Filiais\MOVANTIGA\GER\DADOS","CadClaAlt.XG0",".XG0","4096","12/12/2002 13:06:26"
"D:\AtelieProd\Equipexe\Filiais\MOVANTIGA\GER\DADOS\CadClaAlt.YG0","D:\AtelieProd\Equipexe\Filiais\MOVANTIGA\GER\DADOS","CadClaAlt.YG0",".YG0","4096","12/12/2002 13:06:26"
"D:\AtelieProd\Equipexe\Filiais\MOVANTIGA\GER\DADOS\CadClaProc.DB","D:\AtelieProd\Equipexe\Filiais\MOVANTIGA\GER\DADOS","CadClaProc.DB",".DB","2048","15/01/2019 15:54:52"
"D:\AtelieProd\Equipexe\Filiais\MOVANTIGA\GER\DADOS\CadClaProc.PX","D:\AtelieProd\Equipexe\Filiais\MOVANTIGA\GER\DADOS","CadClaProc.PX",".PX","2048","15/01/2019 15:54:52"
"D:\AtelieProd\Equipexe\Filiais\MOVANTIGA\GER\DADOS\CadClaProj.DB","D:\AtelieProd\Equipexe\Filiais\MOVANTIGA\GER\DADOS","CadClaProj.DB",".DB","2048","15/01/2019 15:54:52"
"D:\AtelieProd\Equipexe\Filiais\MOVANTIGA\GER\DADOS\CadClaProj.PX","D:\AtelieProd\Equipexe\Filiais\MOVANTIGA\GER\DADOS","CadClaProj.PX",".PX","2048","15/01/2019 15:54:52"
"D:\AtelieProd\Equipexe\Filiais\MOVANTIGA\GER\DADOS\CadClaProj.XG0","D:\AtelieProd\Equipexe\Filiais\MOVANTIGA\GER\DADOS","CadClaProj.XG0",".XG0","34816","15/01/2019 15:54:52"
"D:\AtelieProd\Equipexe\Filiais\MOVANTIGA\GER\DADOS\CadClaProj.YG0","D:\AtelieProd\Equipexe\Filiais\MOVANTIGA\GER\DADOS","CadClaProj.YG0",".YG0","4096","15/01/2019 15:54:52"
"D:\AtelieProd\Equipexe\Filiais\MOVANTIGA\GER\DADOS\CadClaSub.DB","D:\AtelieProd\Equipexe\Filiais\MOVANTIGA\GER\DADOS","CadClaSub.DB",".DB","34816","15/01/2019 15:54:54"
"D:\AtelieProd\Equipexe\Filiais\MOVANTIGA\GER\DADOS\CadClaSub.PX","D:\AtelieProd\Equipexe\Filiais\MOVANTIGA\GER\DADOS","CadClaSub.PX",".PX","4096","15/01/2019 15:54:54"
"D:\AtelieProd\Equipexe\Filiais\MOVANTIGA\GER\DADOS\CadClaSub.XG0","D:\AtelieProd\Equipexe\Filiais\MOVANTIGA\GER\DADOS","CadClaSub.XG0",".XG0","34816","15/01/2019 15:54:54"
"D:\AtelieProd\Equipexe\Filiais\MOVANTIGA\GER\DADOS\CadClaSub.YG0","D:\AtelieProd\Equipexe\Filiais\MOVANTIGA\GER\DADOS","CadClaSub.YG0",".YG0","4096","15/01/2019 15:54:54"
"D:\AtelieProd\Equipexe\Filiais\MOVANTIGA\GER\DADOS\CadCon.DB","D:\AtelieProd\Equipexe\Filiais\MOVANTIGA\GER\DADOS","CadCon.DB",".DB","2048","15/01/2019 15:54:54"
"D:\AtelieProd\Equipexe\Filiais\MOVANTIGA\GER\DADOS\CadCon.PX","D:\AtelieProd\Equipexe\Filiais\MOVANTIGA\GER\DADOS","CadCon.PX",".PX","2048","15/01/2019 15:54:54"
"D:\AtelieProd\Equipexe\Filiais\MOVANTIGA\GER\DADOS\CadCon.XG0","D:\AtelieProd\Equipexe\Filiais\MOVANTIGA\GER\DADOS","CadCon.XG0",".XG0","34816","15/01/2019 15:54:54"
"D:\AtelieProd\Equipexe\Filiais\MOVANTIGA\GER\DADOS\CadCon.YG0","D:\AtelieProd\Equipexe\Filiais\MOVANTIGA\GER\DADOS","CadCon.YG0",".YG0","4096","15/01/2019 15:54:54"
"D:\AtelieProd\Equipexe\Filiais\MOVANTIGA\GER\DADOS\CadCont.DB","D:\AtelieProd\Equipexe\Filiais\MOVANTIGA\GER\DADOS","CadCont.DB",".DB","2048","15/01/2019 15:54:54"
"D:\AtelieProd\Equipexe\Filiais\MOVANTIGA\GER\DADOS\CadCont.PX","D:\AtelieProd\Equipexe\Filiais\MOVANTIGA\GER\DADOS","CadCont.PX",".PX","2048","15/01/2019 15:54:54"
"D:\AtelieProd\Equipexe\Filiais\MOVANTIGA\GER\DADOS\CadCont.XG0","D:\AtelieProd\Equipexe\Filiais\MOVANTIGA\GER\DADOS","CadCont.XG0",".XG0","34816","15/01/2019 15:54:54"
"D:\AtelieProd\Equipexe\Filiais\MOVANTIGA\GER\DADOS\CadCont.YG0","D:\AtelieProd\Equipexe\Filiais\MOVANTIGA\GER\DADOS","CadCont.YG0",".YG0","4096","15/01/2019 15:54:54"
"D:\AtelieProd\Equipexe\Filiais\MOVANTIGA\GER\DADOS\CadContCon.DB","D:\AtelieProd\Equipexe\Filiais\MOVANTIGA\GER\DADOS","CadContCon.DB",".DB","2048","15/01/2019 15:54:54"
"D:\AtelieProd\Equipexe\Filiais\MOVANTIGA\GER\DADOS\CadContCon.PX","D:\AtelieProd\Equipexe\Filiais\MOVANTIGA\GER\DADOS","CadContCon.PX",".PX","2048","15/01/2019 15:54:54"
"D:\AtelieProd\Equipexe\Filiais\MOVANTIGA\GER\DADOS\CadContCon.XG0","D:\AtelieProd\Equipexe\Filiais\MOVANTIGA\GER\DADOS","CadContCon.XG0",".XG0","34816","15/01/2019 15:54:54"
"D:\AtelieProd\Equipexe\Filiais\MOVANTIGA\GER\DADOS\CadContCon.YG0","D:\AtelieProd\Equipexe\Filiais\MOVANTIGA\GER\DADOS","CadContCon.YG0",".YG0","4096","15/01/2019 15:54:54"
"D:\AtelieProd\Equipexe\Filiais\MOVANTIGA\GER\DADOS\CadCpg.DB","D:\AtelieProd\Equipexe\Filiais\MOVANTIGA\GER\DADOS","CadCpg.DB",".DB","34816","15/01/2019 15:54:54"
"D:\AtelieProd\Equipexe\Filiais\MOVANTIGA\GER\DADOS\CadCpg.PX","D:\AtelieProd\Equipexe\Filiais\MOVANTIGA\GER\DADOS","CadCpg.PX",".PX","4096","15/01/2019 15:54:54"
"D:\AtelieProd\Equipexe\Filiais\MOVANTIGA\GER\DADOS\CadCpg.XG0","D:\AtelieProd\Equipexe\Filiais\MOVANTIGA\GER\DADOS","CadCpg.XG0",".XG0","34816","15/01/2019 15:54:54"
"D:\AtelieProd\Equipexe\Filiais\MOVANTIGA\GER\DADOS\CadCpg.YG0","D:\AtelieProd\Equipexe\Filiais\MOVANTIGA\GER\DADOS","CadCpg.YG0",".YG0","4096","15/01/2019 15:54:54"
"D:\AtelieProd\Equipexe\Filiais\MOVANTIGA\GER\DADOS\CadDesatCli.DB","D:\AtelieProd\Equipexe\Filiais\MOVANTIGA\GER\DADOS","CadDesatCli.DB",".DB","2048","15/01/2019 15:54:56"
"D:\AtelieProd\Equipexe\Filiais\MOVANTIGA\GER\DADOS\CadDesatCli.PX","D:\AtelieProd\Equipexe\Filiais\MOVANTIGA\GER\DADOS","CadDesatCli.PX",".PX","2048","15/01/2019 15:54:56"
"D:\AtelieProd\Equipexe\Filiais\MOVANTIGA\GER\DADOS\CadDesc.DB","D:\AtelieProd\Equipexe\Filiais\MOVANTIGA\GER\DADOS","CadDesc.DB",".DB","2048","15/01/2019 15:54:56"
"D:\AtelieProd\Equipexe\Filiais\MOVANTIGA\GER\DADOS\CadDesc.PX","D:\AtelieProd\Equipexe\Filiais\MOVANTIGA\GER\DADOS","CadDesc.PX",".PX","2048","15/01/2019 15:54:56"
"D:\AtelieProd\Equipexe\Filiais\MOVANTIGA\GER\DADOS\CadDesc.XG0","D:\AtelieProd\Equipexe\Filiais\MOVANTIGA\GER\DADOS","CadDesc.XG0",".XG0","34816","15/01/2019 15:54:56"
"D:\AtelieProd\Equipexe\Filiais\MOVANTIGA\GER\DADOS\CadDesc.YG0","D:\AtelieProd\Equipexe\Filiais\MOVANTIGA\GER\DADOS","CadDesc.YG0",".YG0","4096","15/01/2019 15:54:56"
"D:\AtelieProd\Equipexe\Filiais\MOVANTIGA\GER\DADOS\CadDescDia.DB","D:\AtelieProd\Equipexe\Filiais\MOVANTIGA\GER\DADOS","CadDescDia.DB",".DB","2048","15/01/2019 15:54:56"
"D:\AtelieProd\Equipexe\Filiais\MOVANTIGA\GER\DADOS\CadDescDia.PX","D:\AtelieProd\Equipexe\Filiais\MOVANTIGA\GER\DADOS","CadDescDia.PX",".PX","2048","15/01/2019 15:54:56"
"D:\AtelieProd\Equipexe\Filiais\MOVANTIGA\GER\DADOS\CadDescGru.DB","D:\AtelieProd\Equipexe\Filiais\MOVANTIGA\GER\DADOS","CadDescGru.DB",".DB","2048","15/01/2019 15:54:56"
"D:\AtelieProd\Equipexe\Filiais\MOVANTIGA\GER\DADOS\CadDescGru.PX","D:\AtelieProd\Equipexe\Filiais\MOVANTIGA\GER\DADOS","CadDescGru.PX",".PX","2048","15/01/2019 15:54:56"
"D:\AtelieProd\Equipexe\Filiais\MOVANTIGA\GER\DADOS\CadDescGru.XG0","D:\AtelieProd\Equipexe\Filiais\MOVANTIGA\GER\DADOS","CadDescGru.XG0",".XG0","34816","15/01/2019 15:54:56"
"D:\AtelieProd\Equipexe\Filiais\MOVANTIGA\GER\DADOS\CadDescGru.YG0","D:\AtelieProd\Equipexe\Filiais\MOVANTIGA\GER\DADOS","CadDescGru.YG0",".YG0","4096","15/01/2019 15:54:56"
"D:\AtelieProd\Equipexe\Filiais\MOVANTIGA\GER\DADOS\CadDescProd.DB","D:\AtelieProd\Equipexe\Filiais\MOVANTIGA\GER\DADOS","CadDescProd.DB",".DB","2048","15/01/2019 15:54:56"
"D:\AtelieProd\Equipexe\Filiais\MOVANTIGA\GER\DADOS\CadDescProd.PX","D:\AtelieProd\Equipexe\Filiais\MOVANTIGA\GER\DADOS","CadDescProd.PX",".PX","2048","15/01/2019 15:54:56"
"D:\AtelieProd\Equipexe\Filiais\MOVANTIGA\GER\DADOS\CadDescProd.XG0","D:\AtelieProd\Equipexe\Filiais\MOVANTIGA\GER\DADOS","CadDescProd.XG0",".XG0","34816","15/01/2019 15:54:56"
"D:\AtelieProd\Equipexe\Filiais\MOVANTIGA\GER\DADOS\CadDescProd.YG0","D:\AtelieProd\Equipexe\Filiais\MOVANTIGA\GER\DADOS","CadDescProd.YG0",".YG0","4096","15/01/2019 15:54:56"
"D:\AtelieProd\Equipexe\Filiais\MOVANTIGA\GER\DADOS\CadDescTipEnt.DB","D:\AtelieProd\Equipexe\Filiais\MOVANTIGA\GER\DADOS","CadDescTipEnt.DB",".DB","2048","15/01/2019 15:54:56"
"D:\AtelieProd\Equipexe\Filiais\MOVANTIGA\GER\DADOS\CadDescTipEnt.PX","D:\AtelieProd\Equipexe\Filiais\MOVANTIGA\GER\DADOS","CadDescTipEnt.PX",".PX","2048","15/01/2019 15:54:56"
"D:\AtelieProd\Equipexe\Filiais\MOVANTIGA\GER\DADOS\CadDescTipEnt.XG0","D:\AtelieProd\Equipexe\Filiais\MOVANTIGA\GER\DADOS","CadDescTipEnt.XG0",".XG0","34816","15/01/2019 15:54:56"
"D:\AtelieProd\Equipexe\Filiais\MOVANTIGA\GER\DADOS\CadDescTipEnt.YG0","D:\AtelieProd\Equipexe\Filiais\MOVANTIGA\GER\DADOS","CadDescTipEnt.YG0",".YG0","4096","15/01/2019 15:54:56"
"D:\AtelieProd\Equipexe\Filiais\MOVANTIGA\GER\DADOS\CadFaiCom.DB","D:\AtelieProd\Equipexe\Filiais\MOVANTIGA\GER\DADOS","CadFaiCom.DB",".DB","2048","15/01/2019 15:54:58"
"D:\AtelieProd\Equipexe\Filiais\MOVANTIGA\GER\DADOS\CadFaiCom.PX","D:\AtelieProd\Equipexe\Filiais\MOVANTIGA\GER\DADOS","CadFaiCom.PX",".PX","2048","15/01/2019 15:54:58"
"D:\AtelieProd\Equipexe\Filiais\MOVANTIGA\GER\DADOS\CadFaiCom.XG0","D:\AtelieProd\Equipexe\Filiais\MOVANTIGA\GER\DADOS","CadFaiCom.XG0",".XG0","34816","15/01/2019 15:54:58"
"D:\AtelieProd\Equipexe\Filiais\MOVANTIGA\GER\DADOS\CadFaiCom.YG0","D:\AtelieProd\Equipexe\Filiais\MOVANTIGA\GER\DADOS","CadFaiCom.YG0",".YG0","4096","15/01/2019 15:54:58"
"D:\AtelieProd\Equipexe\Filiais\MOVANTIGA\GER\DADOS\CadFaixa.DB","D:\AtelieProd\Equipexe\Filiais\MOVANTIGA\GER\DADOS","CadFaixa.DB",".DB","2048","15/01/2019 15:54:58"
"D:\AtelieProd\Equipexe\Filiais\MOVANTIGA\GER\DADOS\CadFaixa.PX","D:\AtelieProd\Equipexe\Filiais\MOVANTIGA\GER\DADOS","CadFaixa.PX",".PX","2048","15/01/2019 15:54:58"
"D:\AtelieProd\Equipexe\Filiais\MOVANTIGA\GER\DADOS\CadFpg.DB","D:\AtelieProd\Equipexe\Filiais\MOVANTIGA\GER\DADOS","CadFpg.DB",".DB","34816","15/01/2019 15:54:58"
"D:\AtelieProd\Equipexe\Filiais\MOVANTIGA\GER\DADOS\CadFpg.PX","D:\AtelieProd\Equipexe\Filiais\MOVANTIGA\GER\DADOS","CadFpg.PX",".PX","4096","15/01/2019 15:54:58"
"D:\AtelieProd\Equipexe\Filiais\MOVANTIGA\GER\DADOS\CadFpg.XG0","D:\AtelieProd\Equipexe\Filiais\MOVANTIGA\GER\DADOS","CadFpg.XG0",".XG0","34816","15/01/2019 15:54:58"
"D:\AtelieProd\Equipexe\Filiais\MOVANTIGA\GER\DADOS\CadFpg.YG0","D:\AtelieProd\Equipexe\Filiais\MOVANTIGA\GER\DADOS","CadFpg.YG0",".YG0","4096","15/01/2019 15:54:58"
"D:\AtelieProd\Equipexe\Filiais\MOVANTIGA\GER\DADOS\CadGruSerLav.DB","D:\AtelieProd\Equipexe\Filiais\MOVANTIGA\GER\DADOS","CadGruSerLav.DB",".DB","2048","15/01/2019 15:55:00"
"D:\AtelieProd\Equipexe\Filiais\MOVANTIGA\GER\DADOS\CadGruSerLav.PX","D:\AtelieProd\Equipexe\Filiais\MOVANTIGA\GER\DADOS","CadGruSerLav.PX",".PX","2048","15/01/2019 15:55:00"
"D:\AtelieProd\Equipexe\Filiais\MOVANTIGA\GER\DADOS\CadInd.DB","D:\AtelieProd\Equipexe\Filiais\MOVANTIGA\GER\DADOS","CadInd.DB",".DB","2048","15/01/2019 15:55:00"
"D:\AtelieProd\Equipexe\Filiais\MOVANTIGA\GER\DADOS\CadInd.PX","D:\AtelieProd\Equipexe\Filiais\MOVANTIGA\GER\DADOS","CadInd.PX",".PX","2048","15/01/2019 15:55:00"
"D:\AtelieProd\Equipexe\Filiais\MOVANTIGA\GER\DADOS\CadInd.XG0","D:\AtelieProd\Equipexe\Filiais\MOVANTIGA\GER\DADOS","CadInd.XG0",".XG0","34816","15/01/2019 15:55:00"
"D:\AtelieProd\Equipexe\Filiais\MOVANTIGA\GER\DADOS\CadInd.YG0","D:\AtelieProd\Equipexe\Filiais\MOVANTIGA\GER\DADOS","CadInd.YG0",".YG0","4096","15/01/2019 15:55:00"
"D:\AtelieProd\Equipexe\Filiais\MOVANTIGA\GER\DADOS\CadMarca.DB","D:\AtelieProd\Equipexe\Filiais\MOVANTIGA\GER\DADOS","CadMarca.DB",".DB","2048","12/02/2003 00:05:30"
"D:\AtelieProd\Equipexe\Filiais\MOVANTIGA\GER\DADOS\CadMarca.PX","D:\AtelieProd\Equipexe\Filiais\MOVANTIGA\GER\DADOS","CadMarca.PX",".PX","2048","12/02/2003 00:05:30"
"D:\AtelieProd\Equipexe\Filiais\MOVANTIGA\GER\DADOS\CadMarca.XG0","D:\AtelieProd\Equipexe\Filiais\MOVANTIGA\GER\DADOS","CadMarca.XG0",".XG0","4096","12/02/2003 00:05:30"
"D:\AtelieProd\Equipexe\Filiais\MOVANTIGA\GER\DADOS\CadMarca.YG0","D:\AtelieProd\Equipexe\Filiais\MOVANTIGA\GER\DADOS","CadMarca.YG0",".YG0","4096","12/02/2003 00:05:30"
"D:\AtelieProd\Equipexe\Filiais\MOVANTIGA\GER\DADOS\CadMelhor.DB","D:\AtelieProd\Equipexe\Filiais\MOVANTIGA\GER\DADOS","CadMelhor.DB",".DB","2048","15/01/2019 15:55:04"
"D:\AtelieProd\Equipexe\Filiais\MOVANTIGA\GER\DADOS\CadMelhor.PX","D:\AtelieProd\Equipexe\Filiais\MOVANTIGA\GER\DADOS","CadMelhor.PX",".PX","2048","15/01/2019 15:55:04"
"D:\AtelieProd\Equipexe\Filiais\MOVANTIGA\GER\DADOS\CadMelhor.XG0","D:\AtelieProd\Equipexe\Filiais\MOVANTIGA\GER\DADOS","CadMelhor.XG0",".XG0","34816","15/01/2019 15:55:04"
"D:\AtelieProd\Equipexe\Filiais\MOVANTIGA\GER\DADOS\CadMelhor.XG1","D:\AtelieProd\Equipexe\Filiais\MOVANTIGA\GER\DADOS","CadMelhor.XG1",".XG1","34816","15/01/2019 15:55:04"
"D:\AtelieProd\Equipexe\Filiais\MOVANTIGA\GER\DADOS\CadMelhor.YG0","D:\AtelieProd\Equipexe\Filiais\MOVANTIGA\GER\DADOS","CadMelhor.YG0",".YG0","4096","15/01/2019 15:55:04"
"D:\AtelieProd\Equipexe\Filiais\MOVANTIGA\GER\DADOS\CadMelhor.YG1","D:\AtelieProd\Equipexe\Filiais\MOVANTIGA\GER\DADOS","CadMelhor.YG1",".YG1","4096","15/01/2019 15:55:04"
"D:\AtelieProd\Equipexe\Filiais\MOVANTIGA\GER\DADOS\CadPacot.DB","D:\AtelieProd\Equipexe\Filiais\MOVANTIGA\GER\DADOS","CadPacot.DB",".DB","2048","15/01/2019 15:55:06"
"D:\AtelieProd\Equipexe\Filiais\MOVANTIGA\GER\DADOS\CadPacot.PX","D:\AtelieProd\Equipexe\Filiais\MOVANTIGA\GER\DADOS","CadPacot.PX",".PX","2048","15/01/2019 15:55:06"
"D:\AtelieProd\Equipexe\Filiais\MOVANTIGA\GER\DADOS\CadPacot.XG0","D:\AtelieProd\Equipexe\Filiais\MOVANTIGA\GER\DADOS","CadPacot.XG0",".XG0","34816","15/01/2019 15:55:06"
"D:\AtelieProd\Equipexe\Filiais\MOVANTIGA\GER\DADOS\CadPacot.YG0","D:\AtelieProd\Equipexe\Filiais\MOVANTIGA\GER\DADOS","CadPacot.YG0",".YG0","4096","15/01/2019 15:55:06"
"D:\AtelieProd\Equipexe\Filiais\MOVANTIGA\GER\DADOS\CadPacotGru.DB","D:\AtelieProd\Equipexe\Filiais\MOVANTIGA\GER\DADOS","CadPacotGru.DB",".DB","2048","15/01/2019 15:55:06"
"D:\AtelieProd\Equipexe\Filiais\MOVANTIGA\GER\DADOS\CadPacotGru.PX","D:\AtelieProd\Equipexe\Filiais\MOVANTIGA\GER\DADOS","CadPacotGru.PX",".PX","2048","15/01/2019 15:55:06"
"D:\AtelieProd\Equipexe\Filiais\MOVANTIGA\GER\DADOS\CadPdv.DB","D:\AtelieProd\Equipexe\Filiais\MOVANTIGA\GER\DADOS","CadPdv.DB",".DB","34816","15/01/2019 15:55:06"
"D:\AtelieProd\Equipexe\Filiais\MOVANTIGA\GER\DADOS\CadPdv.PX","D:\AtelieProd\Equipexe\Filiais\MOVANTIGA\GER\DADOS","CadPdv.PX",".PX","4096","15/01/2019 15:55:06"
"D:\AtelieProd\Equipexe\Filiais\MOVANTIGA\GER\DADOS\CadPdv.XG0","D:\AtelieProd\Equipexe\Filiais\MOVANTIGA\GER\DADOS","CadPdv.XG0",".XG0","34816","15/01/2019 15:55:06"
"D:\AtelieProd\Equipexe\Filiais\MOVANTIGA\GER\DADOS\CadPdv.YG0","D:\AtelieProd\Equipexe\Filiais\MOVANTIGA\GER\DADOS","CadPdv.YG0",".YG0","4096","15/01/2019 15:55:06"
"D:\AtelieProd\Equipexe\Filiais\MOVANTIGA\GER\DADOS\CadProcAnexo.DB","D:\AtelieProd\Equipexe\Filiais\MOVANTIGA\GER\DADOS","CadProcAnexo.DB",".DB","2048","15/01/2019 15:55:08"
"D:\AtelieProd\Equipexe\Filiais\MOVANTIGA\GER\DADOS\CadProcAnexo.PX","D:\AtelieProd\Equipexe\Filiais\MOVANTIGA\GER\DADOS","CadProcAnexo.PX",".PX","2048","15/01/2019 15:55:08"
"D:\AtelieProd\Equipexe\Filiais\MOVANTIGA\GER\DADOS\CadProcAnexo.XG0","D:\AtelieProd\Equipexe\Filiais\MOVANTIGA\GER\DADOS","CadProcAnexo.XG0",".XG0","34816","15/01/2019 15:55:08"
"D:\AtelieProd\Equipexe\Filiais\MOVANTIGA\GER\DADOS\CadProcAnexo.YG0","D:\AtelieProd\Equipexe\Filiais\MOVANTIGA\GER\DADOS","CadProcAnexo.YG0",".YG0","4096","15/01/2019 15:55:08"
"D:\AtelieProd\Equipexe\Filiais\MOVANTIGA\GER\DADOS\CadProces.DB","D:\AtelieProd\Equipexe\Filiais\MOVANTIGA\GER\DADOS","CadProces.DB",".DB","2048","15/01/2019 15:55:08"
"D:\AtelieProd\Equipexe\Filiais\MOVANTIGA\GER\DADOS\CadProces.PX","D:\AtelieProd\Equipexe\Filiais\MOVANTIGA\GER\DADOS","CadProces.PX",".PX","2048","15/01/2019 15:55:08"
"D:\AtelieProd\Equipexe\Filiais\MOVANTIGA\GER\DADOS\CadProces.XG0","D:\AtelieProd\Equipexe\Filiais\MOVANTIGA\GER\DADOS","CadProces.XG0",".XG0","34816","15/01/2019 15:55:08"
"D:\AtelieProd\Equipexe\Filiais\MOVANTIGA\GER\DADOS\CadProces.YG0","D:\AtelieProd\Equipexe\Filiais\MOVANTIGA\GER\DADOS","CadProces.YG0",".YG0","4096","15/01/2019 15:55:08"
"D:\AtelieProd\Equipexe\Filiais\MOVANTIGA\GER\DADOS\CadProcesAlt.DB","D:\AtelieProd\Equipexe\Filiais\MOVANTIGA\GER\DADOS","CadProcesAlt.DB",".DB","2048","15/01/2019 15:55:08"
"D:\AtelieProd\Equipexe\Filiais\MOVANTIGA\GER\DADOS\CadProcesAlt.PX","D:\AtelieProd\Equipexe\Filiais\MOVANTIGA\GER\DADOS","CadProcesAlt.PX",".PX","2048","15/01/2019 15:55:08"
"D:\AtelieProd\Equipexe\Filiais\MOVANTIGA\GER\DADOS\CadProcItem.DB","D:\AtelieProd\Equipexe\Filiais\MOVANTIGA\GER\DADOS","CadProcItem.DB",".DB","2048","15/01/2019 15:55:08"
"D:\AtelieProd\Equipexe\Filiais\MOVANTIGA\GER\DADOS\CadProcItem.PX","D:\AtelieProd\Equipexe\Filiais\MOVANTIGA\GER\DADOS","CadProcItem.PX",".PX","2048","15/01/2019 15:55:08"
"D:\AtelieProd\Equipexe\Filiais\MOVANTIGA\GER\DADOS\CadProcItem.XG0","D:\AtelieProd\Equipexe\Filiais\MOVANTIGA\GER\DADOS","CadProcItem.XG0",".XG0","34816","15/01/2019 15:55:08"
"D:\AtelieProd\Equipexe\Filiais\MOVANTIGA\GER\DADOS\CadProcItem.YG0","D:\AtelieProd\Equipexe\Filiais\MOVANTIGA\GER\DADOS","CadProcItem.YG0",".YG0","4096","15/01/2019 15:55:08"
"D:\AtelieProd\Equipexe\Filiais\MOVANTIGA\GER\DADOS\CadProducao.DB","D:\AtelieProd\Equipexe\Filiais\MOVANTIGA\GER\DADOS","CadProducao.DB",".DB","2048","15/01/2019 15:55:08"
"D:\AtelieProd\Equipexe\Filiais\MOVANTIGA\GER\DADOS\CadProducao.PX","D:\AtelieProd\Equipexe\Filiais\MOVANTIGA\GER\DADOS","CadProducao.PX",".PX","2048","15/01/2019 15:55:08"
"D:\AtelieProd\Equipexe\Filiais\MOVANTIGA\GER\DADOS\CadProducao.XG0","D:\AtelieProd\Equipexe\Filiais\MOVANTIGA\GER\DADOS","CadProducao.XG0",".XG0","34816","15/01/2019 15:55:08"
"D:\AtelieProd\Equipexe\Filiais\MOVANTIGA\GER\DADOS\CadProducao.YG0","D:\AtelieProd\Equipexe\Filiais\MOVANTIGA\GER\DADOS","CadProducao.YG0",".YG0","4096","15/01/2019 15:55:08"
"D:\AtelieProd\Equipexe\Filiais\MOVANTIGA\GER\DADOS\CadRam.DB","D:\AtelieProd\Equipexe\Filiais\MOVANTIGA\GER\DADOS","CadRam.DB",".DB","2048","15/01/2019 15:55:08"
"D:\AtelieProd\Equipexe\Filiais\MOVANTIGA\GER\DADOS\CadRam.PX","D:\AtelieProd\Equipexe\Filiais\MOVANTIGA\GER\DADOS","CadRam.PX",".PX","2048","15/01/2019 15:55:08"
"D:\AtelieProd\Equipexe\Filiais\MOVANTIGA\GER\DADOS\CadRam.XG0","D:\AtelieProd\Equipexe\Filiais\MOVANTIGA\GER\DADOS","CadRam.XG0",".XG0","34816","15/01/2019 15:55:08"
"D:\AtelieProd\Equipexe\Filiais\MOVANTIGA\GER\DADOS\CadRam.YG0","D:\AtelieProd\Equipexe\Filiais\MOVANTIGA\GER\DADOS","CadRam.YG0",".YG0","4096","15/01/2019 15:55:08"
"D:\AtelieProd\Equipexe\Filiais\MOVANTIGA\GER\DADOS\CadSistema.DB","D:\AtelieProd\Equipexe\Filiais\MOVANTIGA\GER\DADOS","CadSistema.DB",".DB","2048","15/01/2019 15:55:10"
"D:\AtelieProd\Equipexe\Filiais\MOVANTIGA\GER\DADOS\CadSistema.PX","D:\AtelieProd\Equipexe\Filiais\MOVANTIGA\GER\DADOS","CadSistema.PX",".PX","2048","15/01/2019 15:55:10"
"D:\AtelieProd\Equipexe\Filiais\MOVANTIGA\GER\DADOS\CadSistema.XG0","D:\AtelieProd\Equipexe\Filiais\MOVANTIGA\GER\DADOS","CadSistema.XG0",".XG0","34816","15/01/2019 15:55:10"
"D:\AtelieProd\Equipexe\Filiais\MOVANTIGA\GER\DADOS\CadSistema.YG0","D:\AtelieProd\Equipexe\Filiais\MOVANTIGA\GER\DADOS","CadSistema.YG0",".YG0","4096","15/01/2019 15:55:10"
"D:\AtelieProd\Equipexe\Filiais\MOVANTIGA\GER\DADOS\CadSit.DB","D:\AtelieProd\Equipexe\Filiais\MOVANTIGA\GER\DADOS","CadSit.DB",".DB","2048","15/01/2019 15:55:12"
"D:\AtelieProd\Equipexe\Filiais\MOVANTIGA\GER\DADOS\CadSit.PX","D:\AtelieProd\Equipexe\Filiais\MOVANTIGA\GER\DADOS","CadSit.PX",".PX","2048","15/01/2019 15:55:12"
"D:\AtelieProd\Equipexe\Filiais\MOVANTIGA\GER\DADOS\CadSit.XG0","D:\AtelieProd\Equipexe\Filiais\MOVANTIGA\GER\DADOS","CadSit.XG0",".XG0","34816","15/01/2019 15:55:12"
"D:\AtelieProd\Equipexe\Filiais\MOVANTIGA\GER\DADOS\CadSit.YG0","D:\AtelieProd\Equipexe\Filiais\MOVANTIGA\GER\DADOS","CadSit.YG0",".YG0","4096","15/01/2019 15:55:12"
"D:\AtelieProd\Equipexe\Filiais\MOVANTIGA\GER\DADOS\CadSubC.DB","D:\AtelieProd\Equipexe\Filiais\MOVANTIGA\GER\DADOS","CadSubC.DB",".DB","34816","15/01/2019 15:55:12"
"D:\AtelieProd\Equipexe\Filiais\MOVANTIGA\GER\DADOS\CadSubC.PX","D:\AtelieProd\Equipexe\Filiais\MOVANTIGA\GER\DADOS","CadSubC.PX",".PX","4096","15/01/2019 15:55:12"
"D:\AtelieProd\Equipexe\Filiais\MOVANTIGA\GER\DADOS\CadSubC.XG0","D:\AtelieProd\Equipexe\Filiais\MOVANTIGA\GER\DADOS","CadSubC.XG0",".XG0","34816","15/01/2019 15:55:12"
"D:\AtelieProd\Equipexe\Filiais\MOVANTIGA\GER\DADOS\CadSubC.YG0","D:\AtelieProd\Equipexe\Filiais\MOVANTIGA\GER\DADOS","CadSubC.YG0",".YG0","4096","15/01/2019 15:55:12"
"D:\AtelieProd\Equipexe\Filiais\MOVANTIGA\GER\DADOS\CadTipCon.DB","D:\AtelieProd\Equipexe\Filiais\MOVANTIGA\GER\DADOS","CadTipCon.DB",".DB","2048","15/01/2019 15:55:12"
"D:\AtelieProd\Equipexe\Filiais\MOVANTIGA\GER\DADOS\CadTipCon.PX","D:\AtelieProd\Equipexe\Filiais\MOVANTIGA\GER\DADOS","CadTipCon.PX",".PX","2048","15/01/2019 15:55:12"
"D:\AtelieProd\Equipexe\Filiais\MOVANTIGA\GER\DADOS\CadTipCon.XG0","D:\AtelieProd\Equipexe\Filiais\MOVANTIGA\GER\DADOS","CadTipCon.XG0",".XG0","34816","15/01/2019 15:55:12"
"D:\AtelieProd\Equipexe\Filiais\MOVANTIGA\GER\DADOS\CadTipCon.XG1","D:\AtelieProd\Equipexe\Filiais\MOVANTIGA\GER\DADOS","CadTipCon.XG1",".XG1","34816","15/01/2019 15:55:12"
"D:\AtelieProd\Equipexe\Filiais\MOVANTIGA\GER\DADOS\CadTipCon.YG0","D:\AtelieProd\Equipexe\Filiais\MOVANTIGA\GER\DADOS","CadTipCon.YG0",".YG0","4096","15/01/2019 15:55:12"
"D:\AtelieProd\Equipexe\Filiais\MOVANTIGA\GER\DADOS\CadTipCon.YG1","D:\AtelieProd\Equipexe\Filiais\MOVANTIGA\GER\DADOS","CadTipCon.YG1",".YG1","4096","15/01/2019 15:55:12"
"D:\AtelieProd\Equipexe\Filiais\MOVANTIGA\GER\DADOS\CadTipProc.DB","D:\AtelieProd\Equipexe\Filiais\MOVANTIGA\GER\DADOS","CadTipProc.DB",".DB","2048","15/01/2019 15:55:12"
"D:\AtelieProd\Equipexe\Filiais\MOVANTIGA\GER\DADOS\CadTipProc.PX","D:\AtelieProd\Equipexe\Filiais\MOVANTIGA\GER\DADOS","CadTipProc.PX",".PX","2048","15/01/2019 15:55:12"
"D:\AtelieProd\Equipexe\Filiais\MOVANTIGA\GER\DADOS\CadTipProc.XG0","D:\AtelieProd\Equipexe\Filiais\MOVANTIGA\GER\DADOS","CadTipProc.XG0",".XG0","34816","15/01/2019 15:55:12"
"D:\AtelieProd\Equipexe\Filiais\MOVANTIGA\GER\DADOS\CadTipProc.YG0","D:\AtelieProd\Equipexe\Filiais\MOVANTIGA\GER\DADOS","CadTipProc.YG0",".YG0","4096","15/01/2019 15:55:12"
"D:\AtelieProd\Equipexe\Filiais\MOVANTIGA\GER\DADOS\CadUnid.DB","D:\AtelieProd\Equipexe\Filiais\MOVANTIGA\GER\DADOS","CadUnid.DB",".DB","2048","15/01/2019 15:55:14"
"D:\AtelieProd\Equipexe\Filiais\MOVANTIGA\GER\DADOS\CadUnid.PX","D:\AtelieProd\Equipexe\Filiais\MOVANTIGA\GER\DADOS","CadUnid.PX",".PX","2048","15/01/2019 15:55:14"
"D:\AtelieProd\Equipexe\Filiais\MOVANTIGA\GER\DADOS\CadUnid.XG0","D:\AtelieProd\Equipexe\Filiais\MOVANTIGA\GER\DADOS","CadUnid.XG0",".XG0","34816","15/01/2019 15:55:14"
"D:\AtelieProd\Equipexe\Filiais\MOVANTIGA\GER\DADOS\CadUnid.YG0","D:\AtelieProd\Equipexe\Filiais\MOVANTIGA\GER\DADOS","CadUnid.YG0",".YG0","4096","15/01/2019 15:55:14"
"D:\AtelieProd\Equipexe\Filiais\MOVANTIGA\GER\DADOS\CadVen.DB","D:\AtelieProd\Equipexe\Filiais\MOVANTIGA\GER\DADOS","CadVen.DB",".DB","34816","15/01/2019 15:55:14"
"D:\AtelieProd\Equipexe\Filiais\MOVANTIGA\GER\DADOS\CadVen.PX","D:\AtelieProd\Equipexe\Filiais\MOVANTIGA\GER\DADOS","CadVen.PX",".PX","4096","15/01/2019 15:55:14"
"D:\AtelieProd\Equipexe\Filiais\MOVANTIGA\GER\DADOS\CadVen.XG0","D:\AtelieProd\Equipexe\Filiais\MOVANTIGA\GER\DADOS","CadVen.XG0",".XG0","34816","15/01/2019 15:55:14"
"D:\AtelieProd\Equipexe\Filiais\MOVANTIGA\GER\DADOS\CadVen.XG1","D:\AtelieProd\Equipexe\Filiais\MOVANTIGA\GER\DADOS","CadVen.XG1",".XG1","34816","15/01/2019 15:55:14"
"D:\AtelieProd\Equipexe\Filiais\MOVANTIGA\GER\DADOS\CadVen.YG0","D:\AtelieProd\Equipexe\Filiais\MOVANTIGA\GER\DADOS","CadVen.YG0",".YG0","4096","15/01/2019 15:55:14"
"D:\AtelieProd\Equipexe\Filiais\MOVANTIGA\GER\DADOS\CadVen.YG1","D:\AtelieProd\Equipexe\Filiais\MOVANTIGA\GER\DADOS","CadVen.YG1",".YG1","4096","15/01/2019 15:55:14"
"D:\AtelieProd\Equipexe\Filiais\MOVANTIGA\GER\DADOS\CadVenPro.DB","D:\AtelieProd\Equipexe\Filiais\MOVANTIGA\GER\DADOS","CadVenPro.DB",".DB","2048","15/01/2019 15:55:14"
"D:\AtelieProd\Equipexe\Filiais\MOVANTIGA\GER\DADOS\CadVenPro.PX","D:\AtelieProd\Equipexe\Filiais\MOVANTIGA\GER\DADOS","CadVenPro.PX",".PX","2048","15/01/2019 15:55:14"
"D:\AtelieProd\Equipexe\Filiais\MOVANTIGA\GER\DADOS\CadVenPro.XG0","D:\AtelieProd\Equipexe\Filiais\MOVANTIGA\GER\DADOS","CadVenPro.XG0",".XG0","34816","15/01/2019 15:55:14"
"D:\AtelieProd\Equipexe\Filiais\MOVANTIGA\GER\DADOS\CadVenPro.YG0","D:\AtelieProd\Equipexe\Filiais\MOVANTIGA\GER\DADOS","CadVenPro.YG0",".YG0","4096","15/01/2019 15:55:14"
"D:\AtelieProd\Equipexe\Filiais\MOVANTIGA\GER\DADOS\CaminhosFlex.DB","D:\AtelieProd\Equipexe\Filiais\MOVANTIGA\GER\DADOS","CaminhosFlex.DB",".DB","2048","15/01/2019 15:55:14"
"D:\AtelieProd\Equipexe\Filiais\MOVANTIGA\GER\DADOS\CaminhosFlex.PX","D:\AtelieProd\Equipexe\Filiais\MOVANTIGA\GER\DADOS","CaminhosFlex.PX",".PX","2048","15/01/2019 15:55:14"
"D:\AtelieProd\Equipexe\Filiais\MOVANTIGA\GER\DADOS\CenCus.DB","D:\AtelieProd\Equipexe\Filiais\MOVANTIGA\GER\DADOS","CenCus.DB",".DB","2048","26/09/2001 16:09:50"
"D:\AtelieProd\Equipexe\Filiais\MOVANTIGA\GER\DADOS\CenCus.PX","D:\AtelieProd\Equipexe\Filiais\MOVANTIGA\GER\DADOS","CenCus.PX",".PX","2048","26/09/2001 16:09:50"
"D:\AtelieProd\Equipexe\Filiais\MOVANTIGA\GER\DADOS\CenCus.XG0","D:\AtelieProd\Equipexe\Filiais\MOVANTIGA\GER\DADOS","CenCus.XG0",".XG0","4096","26/09/2001 16:09:52"
"D:\AtelieProd\Equipexe\Filiais\MOVANTIGA\GER\DADOS\CenCus.YG0","D:\AtelieProd\Equipexe\Filiais\MOVANTIGA\GER\DADOS","CenCus.YG0",".YG0","4096","26/09/2001 16:09:52"
"D:\AtelieProd\Equipexe\Filiais\MOVANTIGA\GER\DADOS\CenCusCli.DB","D:\AtelieProd\Equipexe\Filiais\MOVANTIGA\GER\DADOS","CenCusCli.DB",".DB","2048","15/01/2019 15:55:16"
"D:\AtelieProd\Equipexe\Filiais\MOVANTIGA\GER\DADOS\CenCusCli.PX","D:\AtelieProd\Equipexe\Filiais\MOVANTIGA\GER\DADOS","CenCusCli.PX",".PX","2048","15/01/2019 15:55:16"
"D:\AtelieProd\Equipexe\Filiais\MOVANTIGA\GER\DADOS\CenCusCli.XG0","D:\AtelieProd\Equipexe\Filiais\MOVANTIGA\GER\DADOS","CenCusCli.XG0",".XG0","34816","15/01/2019 15:55:16"
"D:\AtelieProd\Equipexe\Filiais\MOVANTIGA\GER\DADOS\CenCusCli.XG1","D:\AtelieProd\Equipexe\Filiais\MOVANTIGA\GER\DADOS","CenCusCli.XG1",".XG1","34816","15/01/2019 15:55:16"
"D:\AtelieProd\Equipexe\Filiais\MOVANTIGA\GER\DADOS\CenCusCli.YG0","D:\AtelieProd\Equipexe\Filiais\MOVANTIGA\GER\DADOS","CenCusCli.YG0",".YG0","4096","15/01/2019 15:55:16"
"D:\AtelieProd\Equipexe\Filiais\MOVANTIGA\GER\DADOS\CenCusCli.YG1","D:\AtelieProd\Equipexe\Filiais\MOVANTIGA\GER\DADOS","CenCusCli.YG1",".YG1","4096","15/01/2019 15:55:16"
"D:\AtelieProd\Equipexe\Filiais\MOVANTIGA\GER\DADOS\Cep.DB","D:\AtelieProd\Equipexe\Filiais\MOVANTIGA\GER\DADOS","Cep.DB",".DB","2048","15/01/2019 15:55:16"
"D:\AtelieProd\Equipexe\Filiais\MOVANTIGA\GER\DADOS\Cep.PX","D:\AtelieProd\Equipexe\Filiais\MOVANTIGA\GER\DADOS","Cep.PX",".PX","2048","15/01/2019 15:55:16"
"D:\AtelieProd\Equipexe\Filiais\MOVANTIGA\GER\DADOS\Cheque1.DB","D:\AtelieProd\Equipexe\Filiais\MOVANTIGA\GER\DADOS","Cheque1.DB",".DB","4096","14/03/2003 17:43:58"
"D:\AtelieProd\Equipexe\Filiais\MOVANTIGA\GER\DADOS\ClaManut.DB","D:\AtelieProd\Equipexe\Filiais\MOVANTIGA\GER\DADOS","ClaManut.DB",".DB","2048","29/03/2005 16:25:12"
"D:\AtelieProd\Equipexe\Filiais\MOVANTIGA\GER\DADOS\ClaManut.PX","D:\AtelieProd\Equipexe\Filiais\MOVANTIGA\GER\DADOS","ClaManut.PX",".PX","2048","29/03/2005 16:25:12"
"D:\AtelieProd\Equipexe\Filiais\MOVANTIGA\GER\DADOS\ClaManut.XG0","D:\AtelieProd\Equipexe\Filiais\MOVANTIGA\GER\DADOS","ClaManut.XG0",".XG0","4096","29/03/2005 16:25:12"
"D:\AtelieProd\Equipexe\Filiais\MOVANTIGA\GER\DADOS\ClaManut.YG0","D:\AtelieProd\Equipexe\Filiais\MOVANTIGA\GER\DADOS","ClaManut.YG0",".YG0","4096","29/03/2005 16:25:12"
"D:\AtelieProd\Equipexe\Filiais\MOVANTIGA\GER\DADOS\ClaPerda.DB","D:\AtelieProd\Equipexe\Filiais\MOVANTIGA\GER\DADOS","ClaPerda.DB",".DB","2048","29/03/2005 16:25:12"
"D:\AtelieProd\Equipexe\Filiais\MOVANTIGA\GER\DADOS\ClaPerda.PX","D:\AtelieProd\Equipexe\Filiais\MOVANTIGA\GER\DADOS","ClaPerda.PX",".PX","2048","29/03/2005 16:25:12"
"D:\AtelieProd\Equipexe\Filiais\MOVANTIGA\GER\DADOS\ClaPerda.XG0","D:\AtelieProd\Equipexe\Filiais\MOVANTIGA\GER\DADOS","ClaPerda.XG0",".XG0","4096","29/03/2005 16:25:12"
"D:\AtelieProd\Equipexe\Filiais\MOVANTIGA\GER\DADOS\ClaPerda.YG0","D:\AtelieProd\Equipexe\Filiais\MOVANTIGA\GER\DADOS","ClaPerda.YG0",".YG0","4096","29/03/2005 16:25:12"
"D:\AtelieProd\Equipexe\Filiais\MOVANTIGA\GER\DADOS\CliComissao.DB","D:\AtelieProd\Equipexe\Filiais\MOVANTIGA\GER\DADOS","CliComissao.DB",".DB","2048","15/01/2019 15:55:20"
"D:\AtelieProd\Equipexe\Filiais\MOVANTIGA\GER\DADOS\CliComissao.PX","D:\AtelieProd\Equipexe\Filiais\MOVANTIGA\GER\DADOS","CliComissao.PX",".PX","2048","15/01/2019 15:55:20"
"D:\AtelieProd\Equipexe\Filiais\MOVANTIGA\GER\DADOS\CliComissao.XG0","D:\AtelieProd\Equipexe\Filiais\MOVANTIGA\GER\DADOS","CliComissao.XG0",".XG0","34816","15/01/2019 15:55:20"
"D:\AtelieProd\Equipexe\Filiais\MOVANTIGA\GER\DADOS\CliComissao.XG1","D:\AtelieProd\Equipexe\Filiais\MOVANTIGA\GER\DADOS","CliComissao.XG1",".XG1","34816","15/01/2019 15:55:20"
"D:\AtelieProd\Equipexe\Filiais\MOVANTIGA\GER\DADOS\CliComissao.YG0","D:\AtelieProd\Equipexe\Filiais\MOVANTIGA\GER\DADOS","CliComissao.YG0",".YG0","4096","15/01/2019 15:55:20"
"D:\AtelieProd\Equipexe\Filiais\MOVANTIGA\GER\DADOS\CliComissao.YG1","D:\AtelieProd\Equipexe\Filiais\MOVANTIGA\GER\DADOS","CliComissao.YG1",".YG1","4096","15/01/2019 15:55:20"
"D:\AtelieProd\Equipexe\Filiais\MOVANTIGA\GER\DADOS\CliCont.DB","D:\AtelieProd\Equipexe\Filiais\MOVANTIGA\GER\DADOS","CliCont.DB",".DB","34816","15/01/2019 15:55:20"
"D:\AtelieProd\Equipexe\Filiais\MOVANTIGA\GER\DADOS\CliCont.PX","D:\AtelieProd\Equipexe\Filiais\MOVANTIGA\GER\DADOS","CliCont.PX",".PX","4096","15/01/2019 15:55:20"
"D:\AtelieProd\Equipexe\Filiais\MOVANTIGA\GER\DADOS\CliContato.DB","D:\AtelieProd\Equipexe\Filiais\MOVANTIGA\GER\DADOS","CliContato.DB",".DB","2048","15/01/2019 15:55:20"
"D:\AtelieProd\Equipexe\Filiais\MOVANTIGA\GER\DADOS\CliContato.PX","D:\AtelieProd\Equipexe\Filiais\MOVANTIGA\GER\DADOS","CliContato.PX",".PX","2048","15/01/2019 15:55:20"
"D:\AtelieProd\Equipexe\Filiais\MOVANTIGA\GER\DADOS\CliContato.XG0","D:\AtelieProd\Equipexe\Filiais\MOVANTIGA\GER\DADOS","CliContato.XG0",".XG0","34816","15/01/2019 15:55:20"
"D:\AtelieProd\Equipexe\Filiais\MOVANTIGA\GER\DADOS\CliContato.YG0","D:\AtelieProd\Equipexe\Filiais\MOVANTIGA\GER\DADOS","CliContato.YG0",".YG0","4096","15/01/2019 15:55:20"
"D:\AtelieProd\Equipexe\Filiais\MOVANTIGA\GER\DADOS\ClienMar.DB","D:\AtelieProd\Equipexe\Filiais\MOVANTIGA\GER\DADOS","ClienMar.DB",".DB","2048","15/01/2019 15:55:22"
"D:\AtelieProd\Equipexe\Filiais\MOVANTIGA\GER\DADOS\ClienMar.PX","D:\AtelieProd\Equipexe\Filiais\MOVANTIGA\GER\DADOS","ClienMar.PX",".PX","2048","15/01/2019 15:55:22"
"D:\AtelieProd\Equipexe\Filiais\MOVANTIGA\GER\DADOS\ClienMar.XG0","D:\AtelieProd\Equipexe\Filiais\MOVANTIGA\GER\DADOS","ClienMar.XG0",".XG0","34816","15/01/2019 15:55:22"
"D:\AtelieProd\Equipexe\Filiais\MOVANTIGA\GER\DADOS\ClienMar.YG0","D:\AtelieProd\Equipexe\Filiais\MOVANTIGA\GER\DADOS","ClienMar.YG0",".YG0","4096","15/01/2019 15:55:22"
"D:\AtelieProd\Equipexe\Filiais\MOVANTIGA\GER\DADOS\Clientes.DB","D:\AtelieProd\Equipexe\Filiais\MOVANTIGA\GER\DADOS","Clientes.DB",".DB","4397056","15/01/2019 15:55:24"
"D:\AtelieProd\Equipexe\Filiais\MOVANTIGA\GER\DADOS\Clientes.PX","D:\AtelieProd\Equipexe\Filiais\MOVANTIGA\GER\DADOS","Clientes.PX",".PX","8192","15/01/2019 15:55:24"
"D:\AtelieProd\Equipexe\Filiais\MOVANTIGA\GER\DADOS\Clientes.XG0","D:\AtelieProd\Equipexe\Filiais\MOVANTIGA\GER\DADOS","Clientes.XG0",".XG0","133120","15/01/2019 15:55:24"
"D:\AtelieProd\Equipexe\Filiais\MOVANTIGA\GER\DADOS\Clientes.XG1","D:\AtelieProd\Equipexe\Filiais\MOVANTIGA\GER\DADOS","Clientes.XG1",".XG1","67584","15/01/2019 15:55:24"
"D:\AtelieProd\Equipexe\Filiais\MOVANTIGA\GER\DADOS\Clientes.YG0","D:\AtelieProd\Equipexe\Filiais\MOVANTIGA\GER\DADOS","Clientes.YG0",".YG0","4096","15/01/2019 15:55:24"
"D:\AtelieProd\Equipexe\Filiais\MOVANTIGA\GER\DADOS\Clientes.YG1","D:\AtelieProd\Equipexe\Filiais\MOVANTIGA\GER\DADOS","Clientes.YG1",".YG1","4096","15/01/2019 15:55:24"
"D:\AtelieProd\Equipexe\Filiais\MOVANTIGA\GER\DADOS\ClientesInt.DB","D:\AtelieProd\Equipexe\Filiais\MOVANTIGA\GER\DADOS","ClientesInt.DB",".DB","2048","15/01/2019 15:55:24"
"D:\AtelieProd\Equipexe\Filiais\MOVANTIGA\GER\DADOS\ClientesInt.PX","D:\AtelieProd\Equipexe\Filiais\MOVANTIGA\GER\DADOS","ClientesInt.PX",".PX","2048","15/01/2019 15:55:24"
"D:\AtelieProd\Equipexe\Filiais\MOVANTIGA\GER\DADOS\ClientesInt.XG0","D:\AtelieProd\Equipexe\Filiais\MOVANTIGA\GER\DADOS","ClientesInt.XG0",".XG0","34816","15/01/2019 15:55:24"
"D:\AtelieProd\Equipexe\Filiais\MOVANTIGA\GER\DADOS\ClientesInt.YG0","D:\AtelieProd\Equipexe\Filiais\MOVANTIGA\GER\DADOS","ClientesInt.YG0",".YG0","4096","15/01/2019 15:55:24"
"D:\AtelieProd\Equipexe\Filiais\MOVANTIGA\GER\DADOS\ClientesObs.DB","D:\AtelieProd\Equipexe\Filiais\MOVANTIGA\GER\DADOS","ClientesObs.DB",".DB","2048","15/01/2019 15:55:24"
"D:\AtelieProd\Equipexe\Filiais\MOVANTIGA\GER\DADOS\ClientesObs.PX","D:\AtelieProd\Equipexe\Filiais\MOVANTIGA\GER\DADOS","ClientesObs.PX",".PX","2048","15/01/2019 15:55:24"
"D:\AtelieProd\Equipexe\Filiais\MOVANTIGA\GER\DADOS\CliPecLav.DB","D:\AtelieProd\Equipexe\Filiais\MOVANTIGA\GER\DADOS","CliPecLav.DB",".DB","2048","15/01/2019 15:55:24"
"D:\AtelieProd\Equipexe\Filiais\MOVANTIGA\GER\DADOS\CliPecLav.PX","D:\AtelieProd\Equipexe\Filiais\MOVANTIGA\GER\DADOS","CliPecLav.PX",".PX","2048","15/01/2019 15:55:24"
"D:\AtelieProd\Equipexe\Filiais\MOVANTIGA\GER\DADOS\CliPecLav.XG0","D:\AtelieProd\Equipexe\Filiais\MOVANTIGA\GER\DADOS","CliPecLav.XG0",".XG0","34816","15/01/2019 15:55:24"
"D:\AtelieProd\Equipexe\Filiais\MOVANTIGA\GER\DADOS\CliPecLav.YG0","D:\AtelieProd\Equipexe\Filiais\MOVANTIGA\GER\DADOS","CliPecLav.YG0",".YG0","4096","15/01/2019 15:55:24"
"D:\AtelieProd\Equipexe\Filiais\MOVANTIGA\GER\DADOS\CompAutoPecas.DB","D:\AtelieProd\Equipexe\Filiais\MOVANTIGA\GER\DADOS","CompAutoPecas.DB",".DB","2048","06/11/1999 15:13:20"
"D:\AtelieProd\Equipexe\Filiais\MOVANTIGA\GER\DADOS\CompAutoPecas.PX","D:\AtelieProd\Equipexe\Filiais\MOVANTIGA\GER\DADOS","CompAutoPecas.PX",".PX","2048","06/11/1999 15:13:20"
"D:\AtelieProd\Equipexe\Filiais\MOVANTIGA\GER\DADOS\CompAutoPecas.XG0","D:\AtelieProd\Equipexe\Filiais\MOVANTIGA\GER\DADOS","CompAutoPecas.XG0",".XG0","4096","06/11/1999 15:13:20"
"D:\AtelieProd\Equipexe\Filiais\MOVANTIGA\GER\DADOS\CompAutoPecas.YG0","D:\AtelieProd\Equipexe\Filiais\MOVANTIGA\GER\DADOS","CompAutoPecas.YG0",".YG0","4096","06/11/1999 15:13:20"
"D:\AtelieProd\Equipexe\Filiais\MOVANTIGA\GER\DADOS\Cores.DB","D:\AtelieProd\Equipexe\Filiais\MOVANTIGA\GER\DADOS","Cores.DB",".DB","34816","15/01/2019 15:55:30"
"D:\AtelieProd\Equipexe\Filiais\MOVANTIGA\GER\DADOS\Cores.PX","D:\AtelieProd\Equipexe\Filiais\MOVANTIGA\GER\DADOS","Cores.PX",".PX","4096","15/01/2019 15:55:30"
"D:\AtelieProd\Equipexe\Filiais\MOVANTIGA\GER\DADOS\Cores.XG0","D:\AtelieProd\Equipexe\Filiais\MOVANTIGA\GER\DADOS","Cores.XG0",".XG0","34816","15/01/2019 15:55:30"
"D:\AtelieProd\Equipexe\Filiais\MOVANTIGA\GER\DADOS\Cores.XG1","D:\AtelieProd\Equipexe\Filiais\MOVANTIGA\GER\DADOS","Cores.XG1",".XG1","34816","15/01/2019 15:55:30"
"D:\AtelieProd\Equipexe\Filiais\MOVANTIGA\GER\DADOS\Cores.YG0","D:\AtelieProd\Equipexe\Filiais\MOVANTIGA\GER\DADOS","Cores.YG0",".YG0","4096","15/01/2019 15:55:30"
"D:\AtelieProd\Equipexe\Filiais\MOVANTIGA\GER\DADOS\Cores.YG1","D:\AtelieProd\Equipexe\Filiais\MOVANTIGA\GER\DADOS","Cores.YG1",".YG1","4096","15/01/2019 15:55:30"
"D:\AtelieProd\Equipexe\Filiais\MOVANTIGA\GER\DADOS\David.DB","D:\AtelieProd\Equipexe\Filiais\MOVANTIGA\GER\DADOS","David.DB",".DB","6144","08/01/2002 15:19:20"
"D:\AtelieProd\Equipexe\Filiais\MOVANTIGA\GER\DADOS\David.PX","D:\AtelieProd\Equipexe\Filiais\MOVANTIGA\GER\DADOS","David.PX",".PX","4096","24/08/2001 17:01:40"
"D:\AtelieProd\Equipexe\Filiais\MOVANTIGA\GER\DADOS\EncProg.DB","D:\AtelieProd\Equipexe\Filiais\MOVANTIGA\GER\DADOS","EncProg.DB",".DB","2048","15/01/2019 15:55:58"
"D:\AtelieProd\Equipexe\Filiais\MOVANTIGA\GER\DADOS\EncProg.PX","D:\AtelieProd\Equipexe\Filiais\MOVANTIGA\GER\DADOS","EncProg.PX",".PX","2048","15/01/2019 15:55:58"
"D:\AtelieProd\Equipexe\Filiais\MOVANTIGA\GER\DADOS\EncProg.XG0","D:\AtelieProd\Equipexe\Filiais\MOVANTIGA\GER\DADOS","EncProg.XG0",".XG0","34816","15/01/2019 15:55:58"
"D:\AtelieProd\Equipexe\Filiais\MOVANTIGA\GER\DADOS\EncProg.XG1","D:\AtelieProd\Equipexe\Filiais\MOVANTIGA\GER\DADOS","EncProg.XG1",".XG1","34816","15/01/2019 15:55:58"
"D:\AtelieProd\Equipexe\Filiais\MOVANTIGA\GER\DADOS\EncProg.YG0","D:\AtelieProd\Equipexe\Filiais\MOVANTIGA\GER\DADOS","EncProg.YG0",".YG0","4096","15/01/2019 15:55:58"
"D:\AtelieProd\Equipexe\Filiais\MOVANTIGA\GER\DADOS\EncProg.YG1","D:\AtelieProd\Equipexe\Filiais\MOVANTIGA\GER\DADOS","EncProg.YG1",".YG1","4096","15/01/2019 15:55:58"
"D:\AtelieProd\Equipexe\Filiais\MOVANTIGA\GER\DADOS\Equipe.DB","D:\AtelieProd\Equipexe\Filiais\MOVANTIGA\GER\DADOS","Equipe.DB",".DB","34816","15/01/2019 15:55:58"
"D:\AtelieProd\Equipexe\Filiais\MOVANTIGA\GER\DADOS\Equipe.PX","D:\AtelieProd\Equipexe\Filiais\MOVANTIGA\GER\DADOS","Equipe.PX",".PX","4096","15/01/2019 15:55:58"
"D:\AtelieProd\Equipexe\Filiais\MOVANTIGA\GER\DADOS\Erros.DB","D:\AtelieProd\Equipexe\Filiais\MOVANTIGA\GER\DADOS","Erros.DB",".DB","2048","15/01/2019 15:56:00"
"D:\AtelieProd\Equipexe\Filiais\MOVANTIGA\GER\DADOS\Erros.MB","D:\AtelieProd\Equipexe\Filiais\MOVANTIGA\GER\DADOS","Erros.MB",".MB","4096","15/01/2019 15:56:00"
"D:\AtelieProd\Equipexe\Filiais\MOVANTIGA\GER\DADOS\Erros.PX","D:\AtelieProd\Equipexe\Filiais\MOVANTIGA\GER\DADOS","Erros.PX",".PX","2048","15/01/2019 15:56:00"
"D:\AtelieProd\Equipexe\Filiais\MOVANTIGA\GER\DADOS\Erros.XG0","D:\AtelieProd\Equipexe\Filiais\MOVANTIGA\GER\DADOS","Erros.XG0",".XG0","34816","15/01/2019 15:56:00"
"D:\AtelieProd\Equipexe\Filiais\MOVANTIGA\GER\DADOS\Erros.YG0","D:\AtelieProd\Equipexe\Filiais\MOVANTIGA\GER\DADOS","Erros.YG0",".YG0","4096","15/01/2019 15:56:00"
"D:\AtelieProd\Equipexe\Filiais\MOVANTIGA\GER\DADOS\Especie.DB","D:\AtelieProd\Equipexe\Filiais\MOVANTIGA\GER\DADOS","Especie.DB",".DB","34816","15/01/2019 15:56:00"
"D:\AtelieProd\Equipexe\Filiais\MOVANTIGA\GER\DADOS\Especie.PX","D:\AtelieProd\Equipexe\Filiais\MOVANTIGA\GER\DADOS","Especie.PX",".PX","4096","15/01/2019 15:56:00"
"D:\AtelieProd\Equipexe\Filiais\MOVANTIGA\GER\DADOS\Especie.XG0","D:\AtelieProd\Equipexe\Filiais\MOVANTIGA\GER\DADOS","Especie.XG0",".XG0","34816","15/01/2019 15:56:00"
"D:\AtelieProd\Equipexe\Filiais\MOVANTIGA\GER\DADOS\Especie.YG0","D:\AtelieProd\Equipexe\Filiais\MOVANTIGA\GER\DADOS","Especie.YG0",".YG0","4096","15/01/2019 15:56:00"
"D:\AtelieProd\Equipexe\Filiais\MOVANTIGA\GER\DADOS\EstatLavSoft.DB","D:\AtelieProd\Equipexe\Filiais\MOVANTIGA\GER\DADOS","EstatLavSoft.DB",".DB","2048","15/01/2019 15:56:00"
"D:\AtelieProd\Equipexe\Filiais\MOVANTIGA\GER\DADOS\EstatLavSoft.PX","D:\AtelieProd\Equipexe\Filiais\MOVANTIGA\GER\DADOS","EstatLavSoft.PX",".PX","2048","15/01/2019 15:56:00"
"D:\AtelieProd\Equipexe\Filiais\MOVANTIGA\GER\DADOS\EstatLavSoft.XG0","D:\AtelieProd\Equipexe\Filiais\MOVANTIGA\GER\DADOS","EstatLavSoft.XG0",".XG0","34816","15/01/2019 15:56:00"
"D:\AtelieProd\Equipexe\Filiais\MOVANTIGA\GER\DADOS\EstatLavSoft.YG0","D:\AtelieProd\Equipexe\Filiais\MOVANTIGA\GER\DADOS","EstatLavSoft.YG0",".YG0","4096","15/01/2019 15:56:00"
"D:\AtelieProd\Equipexe\Filiais\MOVANTIGA\GER\DADOS\Feriados.DB","D:\AtelieProd\Equipexe\Filiais\MOVANTIGA\GER\DADOS","Feriados.DB",".DB","34816","15/01/2019 15:56:02"
"D:\AtelieProd\Equipexe\Filiais\MOVANTIGA\GER\DADOS\Feriados.PX","D:\AtelieProd\Equipexe\Filiais\MOVANTIGA\GER\DADOS","Feriados.PX",".PX","4096","15/01/2019 15:56:02"
"D:\AtelieProd\Equipexe\Filiais\MOVANTIGA\GER\DADOS\Feriados.XG0","D:\AtelieProd\Equipexe\Filiais\MOVANTIGA\GER\DADOS","Feriados.XG0",".XG0","34816","15/01/2019 15:56:02"
"D:\AtelieProd\Equipexe\Filiais\MOVANTIGA\GER\DADOS\Feriados.YG0","D:\AtelieProd\Equipexe\Filiais\MOVANTIGA\GER\DADOS","Feriados.YG0",".YG0","4096","15/01/2019 15:56:02"
"D:\AtelieProd\Equipexe\Filiais\MOVANTIGA\GER\DADOS\Filiais.DB","D:\AtelieProd\Equipexe\Filiais\MOVANTIGA\GER\DADOS","Filiais.DB",".DB","34816","15/01/2019 15:56:02"
"D:\AtelieProd\Equipexe\Filiais\MOVANTIGA\GER\DADOS\Filiais.PX","D:\AtelieProd\Equipexe\Filiais\MOVANTIGA\GER\DADOS","Filiais.PX",".PX","4096","15/01/2019 15:56:02"
"D:\AtelieProd\Equipexe\Filiais\MOVANTIGA\GER\DADOS\Filiais.XG0","D:\AtelieProd\Equipexe\Filiais\MOVANTIGA\GER\DADOS","Filiais.XG0",".XG0","34816","15/01/2019 15:56:02"
"D:\AtelieProd\Equipexe\Filiais\MOVANTIGA\GER\DADOS\Filiais.XG1","D:\AtelieProd\Equipexe\Filiais\MOVANTIGA\GER\DADOS","Filiais.XG1",".XG1","34816","15/01/2019 15:56:02"
"D:\AtelieProd\Equipexe\Filiais\MOVANTIGA\GER\DADOS\Filiais.YG0","D:\AtelieProd\Equipexe\Filiais\MOVANTIGA\GER\DADOS","Filiais.YG0",".YG0","4096","15/01/2019 15:56:02"
"D:\AtelieProd\Equipexe\Filiais\MOVANTIGA\GER\DADOS\Filiais.YG1","D:\AtelieProd\Equipexe\Filiais\MOVANTIGA\GER\DADOS","Filiais.YG1",".YG1","4096","15/01/2019 15:56:02"
"D:\AtelieProd\Equipexe\Filiais\MOVANTIGA\GER\DADOS\ForCont.DB","D:\AtelieProd\Equipexe\Filiais\MOVANTIGA\GER\DADOS","ForCont.DB",".DB","2048","15/01/2019 15:56:02"
"D:\AtelieProd\Equipexe\Filiais\MOVANTIGA\GER\DADOS\ForCont.PX","D:\AtelieProd\Equipexe\Filiais\MOVANTIGA\GER\DADOS","ForCont.PX",".PX","2048","15/01/2019 15:56:02"
"D:\AtelieProd\Equipexe\Filiais\MOVANTIGA\GER\DADOS\Forneced.DB","D:\AtelieProd\Equipexe\Filiais\MOVANTIGA\GER\DADOS","Forneced.DB",".DB","34816","15/01/2019 15:56:02"
"D:\AtelieProd\Equipexe\Filiais\MOVANTIGA\GER\DADOS\Forneced.PX","D:\AtelieProd\Equipexe\Filiais\MOVANTIGA\GER\DADOS","Forneced.PX",".PX","4096","15/01/2019 15:56:02"
"D:\AtelieProd\Equipexe\Filiais\MOVANTIGA\GER\DADOS\Forneced.XG0","D:\AtelieProd\Equipexe\Filiais\MOVANTIGA\GER\DADOS","Forneced.XG0",".XG0","34816","15/01/2019 15:56:02"
"D:\AtelieProd\Equipexe\Filiais\MOVANTIGA\GER\DADOS\Forneced.XG1","D:\AtelieProd\Equipexe\Filiais\MOVANTIGA\GER\DADOS","Forneced.XG1",".XG1","34816","15/01/2019 15:56:02"
"D:\AtelieProd\Equipexe\Filiais\MOVANTIGA\GER\DADOS\Forneced.YG0","D:\AtelieProd\Equipexe\Filiais\MOVANTIGA\GER\DADOS","Forneced.YG0",".YG0","4096","15/01/2019 15:56:02"
"D:\AtelieProd\Equipexe\Filiais\MOVANTIGA\GER\DADOS\Forneced.YG1","D:\AtelieProd\Equipexe\Filiais\MOVANTIGA\GER\DADOS","Forneced.YG1",".YG1","4096","15/01/2019 15:56:02"
"D:\AtelieProd\Equipexe\Filiais\MOVANTIGA\GER\DADOS\FornecMar.DB","D:\AtelieProd\Equipexe\Filiais\MOVANTIGA\GER\DADOS","FornecMar.DB",".DB","2048","15/01/2019 15:56:02"
"D:\AtelieProd\Equipexe\Filiais\MOVANTIGA\GER\DADOS\FornecMar.PX","D:\AtelieProd\Equipexe\Filiais\MOVANTIGA\GER\DADOS","FornecMar.PX",".PX","2048","15/01/2019 15:56:02"
"D:\AtelieProd\Equipexe\Filiais\MOVANTIGA\GER\DADOS\FornecMar.XG0","D:\AtelieProd\Equipexe\Filiais\MOVANTIGA\GER\DADOS","FornecMar.XG0",".XG0","34816","15/01/2019 15:56:02"
"D:\AtelieProd\Equipexe\Filiais\MOVANTIGA\GER\DADOS\FornecMar.YG0","D:\AtelieProd\Equipexe\Filiais\MOVANTIGA\GER\DADOS","FornecMar.YG0",".YG0","4096","15/01/2019 15:56:02"
"D:\AtelieProd\Equipexe\Filiais\MOVANTIGA\GER\DADOS\FunAfastam.DB","D:\AtelieProd\Equipexe\Filiais\MOVANTIGA\GER\DADOS","FunAfastam.DB",".DB","2048","29/03/2005 16:25:18"
"D:\AtelieProd\Equipexe\Filiais\MOVANTIGA\GER\DADOS\FunAfastam.PX","D:\AtelieProd\Equipexe\Filiais\MOVANTIGA\GER\DADOS","FunAfastam.PX",".PX","2048","29/03/2005 16:25:18"
"D:\AtelieProd\Equipexe\Filiais\MOVANTIGA\GER\DADOS\FunAfastam.XG0","D:\AtelieProd\Equipexe\Filiais\MOVANTIGA\GER\DADOS","FunAfastam.XG0",".XG0","4096","29/03/2005 16:25:18"
"D:\AtelieProd\Equipexe\Filiais\MOVANTIGA\GER\DADOS\FunAfastam.YG0","D:\AtelieProd\Equipexe\Filiais\MOVANTIGA\GER\DADOS","FunAfastam.YG0",".YG0","4096","29/03/2005 16:25:18"
"D:\AtelieProd\Equipexe\Filiais\MOVANTIGA\GER\DADOS\FunCli.DB","D:\AtelieProd\Equipexe\Filiais\MOVANTIGA\GER\DADOS","FunCli.DB",".DB","2048","09/11/2005 17:42:08"
"D:\AtelieProd\Equipexe\Filiais\MOVANTIGA\GER\DADOS\FunCli.PX","D:\AtelieProd\Equipexe\Filiais\MOVANTIGA\GER\DADOS","FunCli.PX",".PX","2048","09/11/2005 17:42:08"
"D:\AtelieProd\Equipexe\Filiais\MOVANTIGA\GER\DADOS\FunCli.XG0","D:\AtelieProd\Equipexe\Filiais\MOVANTIGA\GER\DADOS","FunCli.XG0",".XG0","4096","09/11/2005 17:42:08"
"D:\AtelieProd\Equipexe\Filiais\MOVANTIGA\GER\DADOS\FunCli.XG1","D:\AtelieProd\Equipexe\Filiais\MOVANTIGA\GER\DADOS","FunCli.XG1",".XG1","4096","09/11/2005 17:42:08"
"D:\AtelieProd\Equipexe\Filiais\MOVANTIGA\GER\DADOS\FunCli.YG0","D:\AtelieProd\Equipexe\Filiais\MOVANTIGA\GER\DADOS","FunCli.YG0",".YG0","4096","09/11/2005 17:42:08"
"D:\AtelieProd\Equipexe\Filiais\MOVANTIGA\GER\DADOS\FunCli.YG1","D:\AtelieProd\Equipexe\Filiais\MOVANTIGA\GER\DADOS","FunCli.YG1",".YG1","4096","09/11/2005 17:42:08"
"D:\AtelieProd\Equipexe\Filiais\MOVANTIGA\GER\DADOS\FunCliCan.DB","D:\AtelieProd\Equipexe\Filiais\MOVANTIGA\GER\DADOS","FunCliCan.DB",".DB","2048","29/03/2005 16:25:20"
"D:\AtelieProd\Equipexe\Filiais\MOVANTIGA\GER\DADOS\FunCliCan.PX","D:\AtelieProd\Equipexe\Filiais\MOVANTIGA\GER\DADOS","FunCliCan.PX",".PX","2048","29/03/2005 16:25:20"
"D:\AtelieProd\Equipexe\Filiais\MOVANTIGA\GER\DADOS\FunCliCan.XG0","D:\AtelieProd\Equipexe\Filiais\MOVANTIGA\GER\DADOS","FunCliCan.XG0",".XG0","4096","29/03/2005 16:25:20"
"D:\AtelieProd\Equipexe\Filiais\MOVANTIGA\GER\DADOS\FunCliCan.YG0","D:\AtelieProd\Equipexe\Filiais\MOVANTIGA\GER\DADOS","FunCliCan.YG0",".YG0","4096","29/03/2005 16:25:20"
"D:\AtelieProd\Equipexe\Filiais\MOVANTIGA\GER\DADOS\FunCliRou.DB","D:\AtelieProd\Equipexe\Filiais\MOVANTIGA\GER\DADOS","FunCliRou.DB",".DB","2048","09/11/2005 17:42:10"
"D:\AtelieProd\Equipexe\Filiais\MOVANTIGA\GER\DADOS\FunCliRou.PX","D:\AtelieProd\Equipexe\Filiais\MOVANTIGA\GER\DADOS","FunCliRou.PX",".PX","2048","09/11/2005 17:42:10"
"D:\AtelieProd\Equipexe\Filiais\MOVANTIGA\GER\DADOS\FunCliRou.XG0","D:\AtelieProd\Equipexe\Filiais\MOVANTIGA\GER\DADOS","FunCliRou.XG0",".XG0","4096","09/11/2005 17:42:10"
"D:\AtelieProd\Equipexe\Filiais\MOVANTIGA\GER\DADOS\FunCliRou.XG1","D:\AtelieProd\Equipexe\Filiais\MOVANTIGA\GER\DADOS","FunCliRou.XG1",".XG1","4096","09/11/2005 17:42:10"
"D:\AtelieProd\Equipexe\Filiais\MOVANTIGA\GER\DADOS\FunCliRou.YG0","D:\AtelieProd\Equipexe\Filiais\MOVANTIGA\GER\DADOS","FunCliRou.YG0",".YG0","4096","09/11/2005 17:42:10"
"D:\AtelieProd\Equipexe\Filiais\MOVANTIGA\GER\DADOS\FunCliRou.YG1","D:\AtelieProd\Equipexe\Filiais\MOVANTIGA\GER\DADOS","FunCliRou.YG1",".YG1","4096","09/11/2005 17:42:10"
"D:\AtelieProd\Equipexe\Filiais\MOVANTIGA\GER\DADOS\FunCliRouM.DB","D:\AtelieProd\Equipexe\Filiais\MOVANTIGA\GER\DADOS","FunCliRouM.DB",".DB","2048","16/05/2005 07:17:58"
"D:\AtelieProd\Equipexe\Filiais\MOVANTIGA\GER\DADOS\FunCliRouM.PX","D:\AtelieProd\Equipexe\Filiais\MOVANTIGA\GER\DADOS","FunCliRouM.PX",".PX","2048","16/05/2005 07:17:58"
"D:\AtelieProd\Equipexe\Filiais\MOVANTIGA\GER\DADOS\FunCliRouM.XG0","D:\AtelieProd\Equipexe\Filiais\MOVANTIGA\GER\DADOS","FunCliRouM.XG0",".XG0","4096","16/05/2005 07:17:58"
"D:\AtelieProd\Equipexe\Filiais\MOVANTIGA\GER\DADOS\FunCliRouM.XG1","D:\AtelieProd\Equipexe\Filiais\MOVANTIGA\GER\DADOS","FunCliRouM.XG1",".XG1","4096","16/05/2005 07:17:58"
"D:\AtelieProd\Equipexe\Filiais\MOVANTIGA\GER\DADOS\FunCliRouM.YG0","D:\AtelieProd\Equipexe\Filiais\MOVANTIGA\GER\DADOS","FunCliRouM.YG0",".YG0","4096","16/05/2005 07:17:58"
"D:\AtelieProd\Equipexe\Filiais\MOVANTIGA\GER\DADOS\FunCliRouM.YG1","D:\AtelieProd\Equipexe\Filiais\MOVANTIGA\GER\DADOS","FunCliRouM.YG1",".YG1","4096","16/05/2005 07:17:58"
"D:\AtelieProd\Equipexe\Filiais\MOVANTIGA\GER\DADOS\FunCliRouP.DB","D:\AtelieProd\Equipexe\Filiais\MOVANTIGA\GER\DADOS","FunCliRouP.DB",".DB","2048","29/03/2005 16:25:20"
"D:\AtelieProd\Equipexe\Filiais\MOVANTIGA\GER\DADOS\FunCliRouP.PX","D:\AtelieProd\Equipexe\Filiais\MOVANTIGA\GER\DADOS","FunCliRouP.PX",".PX","2048","29/03/2005 16:25:20"
"D:\AtelieProd\Equipexe\Filiais\MOVANTIGA\GER\DADOS\FunCliRouP.XG0","D:\AtelieProd\Equipexe\Filiais\MOVANTIGA\GER\DADOS","FunCliRouP.XG0",".XG0","4096","29/03/2005 16:25:20"
"D:\AtelieProd\Equipexe\Filiais\MOVANTIGA\GER\DADOS\FunCliRouP.YG0","D:\AtelieProd\Equipexe\Filiais\MOVANTIGA\GER\DADOS","FunCliRouP.YG0",".YG0","4096","29/03/2005 16:25:20"
"D:\AtelieProd\Equipexe\Filiais\MOVANTIGA\GER\DADOS\FunCliRouUni.DB","D:\AtelieProd\Equipexe\Filiais\MOVANTIGA\GER\DADOS","FunCliRouUni.DB",".DB","2048","29/03/2005 16:25:20"
"D:\AtelieProd\Equipexe\Filiais\MOVANTIGA\GER\DADOS\FunCliRouUni.PX","D:\AtelieProd\Equipexe\Filiais\MOVANTIGA\GER\DADOS","FunCliRouUni.PX",".PX","2048","29/03/2005 16:25:20"
"D:\AtelieProd\Equipexe\Filiais\MOVANTIGA\GER\DADOS\GerDadCam.DB","D:\AtelieProd\Equipexe\Filiais\MOVANTIGA\GER\DADOS","GerDadCam.DB",".DB","34816","15/01/2019 15:56:06"
"D:\AtelieProd\Equipexe\Filiais\MOVANTIGA\GER\DADOS\GerDadCam.MB","D:\AtelieProd\Equipexe\Filiais\MOVANTIGA\GER\DADOS","GerDadCam.MB",".MB","4096","15/01/2019 15:56:06"
"D:\AtelieProd\Equipexe\Filiais\MOVANTIGA\GER\DADOS\GerDadCam.PX","D:\AtelieProd\Equipexe\Filiais\MOVANTIGA\GER\DADOS","GerDadCam.PX",".PX","4096","15/01/2019 15:56:06"
"D:\AtelieProd\Equipexe\Filiais\MOVANTIGA\GER\DADOS\GerDadFlex.DB","D:\AtelieProd\Equipexe\Filiais\MOVANTIGA\GER\DADOS","GerDadFlex.DB",".DB","2048","15/01/2019 15:56:06"
"D:\AtelieProd\Equipexe\Filiais\MOVANTIGA\GER\DADOS\GerDadFlex.PX","D:\AtelieProd\Equipexe\Filiais\MOVANTIGA\GER\DADOS","GerDadFlex.PX",".PX","2048","15/01/2019 15:56:06"
"D:\AtelieProd\Equipexe\Filiais\MOVANTIGA\GER\DADOS\GerDadFlex.XG0","D:\AtelieProd\Equipexe\Filiais\MOVANTIGA\GER\DADOS","GerDadFlex.XG0",".XG0","34816","15/01/2019 15:56:06"
"D:\AtelieProd\Equipexe\Filiais\MOVANTIGA\GER\DADOS\GerDadFlex.XG1","D:\AtelieProd\Equipexe\Filiais\MOVANTIGA\GER\DADOS","GerDadFlex.XG1",".XG1","34816","15/01/2019 15:56:06"
"D:\AtelieProd\Equipexe\Filiais\MOVANTIGA\GER\DADOS\GerDadFlex.YG0","D:\AtelieProd\Equipexe\Filiais\MOVANTIGA\GER\DADOS","GerDadFlex.YG0",".YG0","4096","15/01/2019 15:56:06"
"D:\AtelieProd\Equipexe\Filiais\MOVANTIGA\GER\DADOS\GerDadFlex.YG1","D:\AtelieProd\Equipexe\Filiais\MOVANTIGA\GER\DADOS","GerDadFlex.YG1",".YG1","4096","15/01/2019 15:56:06"
"D:\AtelieProd\Equipexe\Filiais\MOVANTIGA\GER\DADOS\GerDadGru.DB","D:\AtelieProd\Equipexe\Filiais\MOVANTIGA\GER\DADOS","GerDadGru.DB",".DB","2048","15/01/2019 15:56:06"
"D:\AtelieProd\Equipexe\Filiais\MOVANTIGA\GER\DADOS\GerDadGru.PX","D:\AtelieProd\Equipexe\Filiais\MOVANTIGA\GER\DADOS","GerDadGru.PX",".PX","2048","15/01/2019 15:56:06"
"D:\AtelieProd\Equipexe\Filiais\MOVANTIGA\GER\DADOS\GerDadGru.XG0","D:\AtelieProd\Equipexe\Filiais\MOVANTIGA\GER\DADOS","GerDadGru.XG0",".XG0","34816","15/01/2019 15:56:06"
"D:\AtelieProd\Equipexe\Filiais\MOVANTIGA\GER\DADOS\GerDadGru.YG0","D:\AtelieProd\Equipexe\Filiais\MOVANTIGA\GER\DADOS","GerDadGru.YG0",".YG0","4096","15/01/2019 15:56:06"
"D:\AtelieProd\Equipexe\Filiais\MOVANTIGA\GER\DADOS\GruClientes.DB","D:\AtelieProd\Equipexe\Filiais\MOVANTIGA\GER\DADOS","GruClientes.DB",".DB","34816","15/01/2019 15:56:06"
"D:\AtelieProd\Equipexe\Filiais\MOVANTIGA\GER\DADOS\GruClientes.PX","D:\AtelieProd\Equipexe\Filiais\MOVANTIGA\GER\DADOS","GruClientes.PX",".PX","4096","15/01/2019 15:56:06"
"D:\AtelieProd\Equipexe\Filiais\MOVANTIGA\GER\DADOS\GruClientes.XG0","D:\AtelieProd\Equipexe\Filiais\MOVANTIGA\GER\DADOS","GruClientes.XG0",".XG0","34816","15/01/2019 15:56:06"
"D:\AtelieProd\Equipexe\Filiais\MOVANTIGA\GER\DADOS\GruClientes.YG0","D:\AtelieProd\Equipexe\Filiais\MOVANTIGA\GER\DADOS","GruClientes.YG0",".YG0","4096","15/01/2019 15:56:06"
"D:\AtelieProd\Equipexe\Filiais\MOVANTIGA\GER\DADOS\GruClientes2.DB","D:\AtelieProd\Equipexe\Filiais\MOVANTIGA\GER\DADOS","GruClientes2.DB",".DB","2048","15/01/2019 15:56:06"
"D:\AtelieProd\Equipexe\Filiais\MOVANTIGA\GER\DADOS\GruClientes2.PX","D:\AtelieProd\Equipexe\Filiais\MOVANTIGA\GER\DADOS","GruClientes2.PX",".PX","2048","15/01/2019 15:56:06"
"D:\AtelieProd\Equipexe\Filiais\MOVANTIGA\GER\DADOS\GruClientes2.XG0","D:\AtelieProd\Equipexe\Filiais\MOVANTIGA\GER\DADOS","GruClientes2.XG0",".XG0","34816","15/01/2019 15:56:08"
"D:\AtelieProd\Equipexe\Filiais\MOVANTIGA\GER\DADOS\GruClientes2.YG0","D:\AtelieProd\Equipexe\Filiais\MOVANTIGA\GER\DADOS","GruClientes2.YG0",".YG0","4096","15/01/2019 15:56:08"
"D:\AtelieProd\Equipexe\Filiais\MOVANTIGA\GER\DADOS\GruClientes3.DB","D:\AtelieProd\Equipexe\Filiais\MOVANTIGA\GER\DADOS","GruClientes3.DB",".DB","2048","15/01/2019 15:56:08"
"D:\AtelieProd\Equipexe\Filiais\MOVANTIGA\GER\DADOS\GruClientes3.PX","D:\AtelieProd\Equipexe\Filiais\MOVANTIGA\GER\DADOS","GruClientes3.PX",".PX","2048","15/01/2019 15:56:08"
"D:\AtelieProd\Equipexe\Filiais\MOVANTIGA\GER\DADOS\GruClientes3.XG0","D:\AtelieProd\Equipexe\Filiais\MOVANTIGA\GER\DADOS","GruClientes3.XG0",".XG0","34816","15/01/2019 15:56:08"
"D:\AtelieProd\Equipexe\Filiais\MOVANTIGA\GER\DADOS\GruClientes3.YG0","D:\AtelieProd\Equipexe\Filiais\MOVANTIGA\GER\DADOS","GruClientes3.YG0",".YG0","4096","15/01/2019 15:56:08"
"D:\AtelieProd\Equipexe\Filiais\MOVANTIGA\GER\DADOS\GruClientes4.DB","D:\AtelieProd\Equipexe\Filiais\MOVANTIGA\GER\DADOS","GruClientes4.DB",".DB","2048","15/01/2019 15:56:08"
"D:\AtelieProd\Equipexe\Filiais\MOVANTIGA\GER\DADOS\GruClientes4.PX","D:\AtelieProd\Equipexe\Filiais\MOVANTIGA\GER\DADOS","GruClientes4.PX",".PX","2048","15/01/2019 15:56:08"
"D:\AtelieProd\Equipexe\Filiais\MOVANTIGA\GER\DADOS\GruClientes4.XG0","D:\AtelieProd\Equipexe\Filiais\MOVANTIGA\GER\DADOS","GruClientes4.XG0",".XG0","34816","15/01/2019 15:56:08"
"D:\AtelieProd\Equipexe\Filiais\MOVANTIGA\GER\DADOS\GruClientes4.YG0","D:\AtelieProd\Equipexe\Filiais\MOVANTIGA\GER\DADOS","GruClientes4.YG0",".YG0","4096","15/01/2019 15:56:08"
"D:\AtelieProd\Equipexe\Filiais\MOVANTIGA\GER\DADOS\GruFil.DB","D:\AtelieProd\Equipexe\Filiais\MOVANTIGA\GER\DADOS","GruFil.DB",".DB","2048","15/01/2019 15:56:08"
"D:\AtelieProd\Equipexe\Filiais\MOVANTIGA\GER\DADOS\GruFil.PX","D:\AtelieProd\Equipexe\Filiais\MOVANTIGA\GER\DADOS","GruFil.PX",".PX","2048","15/01/2019 15:56:08"
"D:\AtelieProd\Equipexe\Filiais\MOVANTIGA\GER\DADOS\GruFil.XG0","D:\AtelieProd\Equipexe\Filiais\MOVANTIGA\GER\DADOS","GruFil.XG0",".XG0","34816","15/01/2019 15:56:08"
"D:\AtelieProd\Equipexe\Filiais\MOVANTIGA\GER\DADOS\GruFil.YG0","D:\AtelieProd\Equipexe\Filiais\MOVANTIGA\GER\DADOS","GruFil.YG0",".YG0","4096","15/01/2019 15:56:08"
"D:\AtelieProd\Equipexe\Filiais\MOVANTIGA\GER\DADOS\GruFil2.DB","D:\AtelieProd\Equipexe\Filiais\MOVANTIGA\GER\DADOS","GruFil2.DB",".DB","2048","15/01/2019 15:56:08"
"D:\AtelieProd\Equipexe\Filiais\MOVANTIGA\GER\DADOS\GruFil2.PX","D:\AtelieProd\Equipexe\Filiais\MOVANTIGA\GER\DADOS","GruFil2.PX",".PX","2048","15/01/2019 15:56:08"
"D:\AtelieProd\Equipexe\Filiais\MOVANTIGA\GER\DADOS\GruFil2.XG0","D:\AtelieProd\Equipexe\Filiais\MOVANTIGA\GER\DADOS","GruFil2.XG0",".XG0","34816","15/01/2019 15:56:08"
"D:\AtelieProd\Equipexe\Filiais\MOVANTIGA\GER\DADOS\GruFil2.YG0","D:\AtelieProd\Equipexe\Filiais\MOVANTIGA\GER\DADOS","GruFil2.YG0",".YG0","4096","15/01/2019 15:56:08"
"D:\AtelieProd\Equipexe\Filiais\MOVANTIGA\GER\DADOS\GruFil3.DB","D:\AtelieProd\Equipexe\Filiais\MOVANTIGA\GER\DADOS","GruFil3.DB",".DB","2048","15/01/2019 15:56:08"
"D:\AtelieProd\Equipexe\Filiais\MOVANTIGA\GER\DADOS\GruFil3.PX","D:\AtelieProd\Equipexe\Filiais\MOVANTIGA\GER\DADOS","GruFil3.PX",".PX","2048","15/01/2019 15:56:08"
"D:\AtelieProd\Equipexe\Filiais\MOVANTIGA\GER\DADOS\GruFil3.XG0","D:\AtelieProd\Equipexe\Filiais\MOVANTIGA\GER\DADOS","GruFil3.XG0",".XG0","34816","15/01/2019 15:56:08"
"D:\AtelieProd\Equipexe\Filiais\MOVANTIGA\GER\DADOS\GruFil3.YG0","D:\AtelieProd\Equipexe\Filiais\MOVANTIGA\GER\DADOS","GruFil3.YG0",".YG0","4096","15/01/2019 15:56:08"
"D:\AtelieProd\Equipexe\Filiais\MOVANTIGA\GER\DADOS\GruFor.DB","D:\AtelieProd\Equipexe\Filiais\MOVANTIGA\GER\DADOS","GruFor.DB",".DB","34816","15/01/2019 15:56:10"
"D:\AtelieProd\Equipexe\Filiais\MOVANTIGA\GER\DADOS\GruFor.PX","D:\AtelieProd\Equipexe\Filiais\MOVANTIGA\GER\DADOS","GruFor.PX",".PX","4096","15/01/2019 15:56:10"
"D:\AtelieProd\Equipexe\Filiais\MOVANTIGA\GER\DADOS\GruFor.XG0","D:\AtelieProd\Equipexe\Filiais\MOVANTIGA\GER\DADOS","GruFor.XG0",".XG0","34816","15/01/2019 15:56:10"
"D:\AtelieProd\Equipexe\Filiais\MOVANTIGA\GER\DADOS\GruFor.YG0","D:\AtelieProd\Equipexe\Filiais\MOVANTIGA\GER\DADOS","GruFor.YG0",".YG0","4096","15/01/2019 15:56:10"
"D:\AtelieProd\Equipexe\Filiais\MOVANTIGA\GER\DADOS\GruFor2.DB","D:\AtelieProd\Equipexe\Filiais\MOVANTIGA\GER\DADOS","GruFor2.DB",".DB","2048","15/01/2019 15:56:10"
"D:\AtelieProd\Equipexe\Filiais\MOVANTIGA\GER\DADOS\GruFor2.PX","D:\AtelieProd\Equipexe\Filiais\MOVANTIGA\GER\DADOS","GruFor2.PX",".PX","2048","15/01/2019 15:56:10"
"D:\AtelieProd\Equipexe\Filiais\MOVANTIGA\GER\DADOS\GruFor2.XG0","D:\AtelieProd\Equipexe\Filiais\MOVANTIGA\GER\DADOS","GruFor2.XG0",".XG0","34816","15/01/2019 15:56:10"
"D:\AtelieProd\Equipexe\Filiais\MOVANTIGA\GER\DADOS\GruFor2.YG0","D:\AtelieProd\Equipexe\Filiais\MOVANTIGA\GER\DADOS","GruFor2.YG0",".YG0","4096","15/01/2019 15:56:10"
"D:\AtelieProd\Equipexe\Filiais\MOVANTIGA\GER\DADOS\GruFor3.DB","D:\AtelieProd\Equipexe\Filiais\MOVANTIGA\GER\DADOS","GruFor3.DB",".DB","2048","15/01/2019 15:56:10"
"D:\AtelieProd\Equipexe\Filiais\MOVANTIGA\GER\DADOS\GruFor3.PX","D:\AtelieProd\Equipexe\Filiais\MOVANTIGA\GER\DADOS","GruFor3.PX",".PX","2048","15/01/2019 15:56:10"
"D:\AtelieProd\Equipexe\Filiais\MOVANTIGA\GER\DADOS\GruFor3.XG0","D:\AtelieProd\Equipexe\Filiais\MOVANTIGA\GER\DADOS","GruFor3.XG0",".XG0","34816","15/01/2019 15:56:10"
"D:\AtelieProd\Equipexe\Filiais\MOVANTIGA\GER\DADOS\GruFor3.YG0","D:\AtelieProd\Equipexe\Filiais\MOVANTIGA\GER\DADOS","GruFor3.YG0",".YG0","4096","15/01/2019 15:56:10"
"D:\AtelieProd\Equipexe\Filiais\MOVANTIGA\GER\DADOS\GruFor4.DB","D:\AtelieProd\Equipexe\Filiais\MOVANTIGA\GER\DADOS","GruFor4.DB",".DB","2048","15/01/2019 15:56:10"
"D:\AtelieProd\Equipexe\Filiais\MOVANTIGA\GER\DADOS\GruFor4.PX","D:\AtelieProd\Equipexe\Filiais\MOVANTIGA\GER\DADOS","GruFor4.PX",".PX","2048","15/01/2019 15:56:10"
"D:\AtelieProd\Equipexe\Filiais\MOVANTIGA\GER\DADOS\GruFor4.XG0","D:\AtelieProd\Equipexe\Filiais\MOVANTIGA\GER\DADOS","GruFor4.XG0",".XG0","34816","15/01/2019 15:56:10"
"D:\AtelieProd\Equipexe\Filiais\MOVANTIGA\GER\DADOS\GruFor4.YG0","D:\AtelieProd\Equipexe\Filiais\MOVANTIGA\GER\DADOS","GruFor4.YG0",".YG0","4096","15/01/2019 15:56:10"
"D:\AtelieProd\Equipexe\Filiais\MOVANTIGA\GER\DADOS\GruMiniLav.DB","D:\AtelieProd\Equipexe\Filiais\MOVANTIGA\GER\DADOS","GruMiniLav.DB",".DB","2048","15/01/2019 15:56:10"
"D:\AtelieProd\Equipexe\Filiais\MOVANTIGA\GER\DADOS\GruMiniLav.PX","D:\AtelieProd\Equipexe\Filiais\MOVANTIGA\GER\DADOS","GruMiniLav.PX",".PX","2048","15/01/2019 15:56:10"
"D:\AtelieProd\Equipexe\Filiais\MOVANTIGA\GER\DADOS\GruMiniLav.XG0","D:\AtelieProd\Equipexe\Filiais\MOVANTIGA\GER\DADOS","GruMiniLav.XG0",".XG0","34816","15/01/2019 15:56:10"
"D:\AtelieProd\Equipexe\Filiais\MOVANTIGA\GER\DADOS\GruMiniLav.YG0","D:\AtelieProd\Equipexe\Filiais\MOVANTIGA\GER\DADOS","GruMiniLav.YG0",".YG0","4096","15/01/2019 15:56:10"
"D:\AtelieProd\Equipexe\Filiais\MOVANTIGA\GER\DADOS\GruPro.DB","D:\AtelieProd\Equipexe\Filiais\MOVANTIGA\GER\DADOS","GruPro.DB",".DB","34816","15/01/2019 15:56:10"
"D:\AtelieProd\Equipexe\Filiais\MOVANTIGA\GER\DADOS\GruPro.PX","D:\AtelieProd\Equipexe\Filiais\MOVANTIGA\GER\DADOS","GruPro.PX",".PX","4096","15/01/2019 15:56:10"
"D:\AtelieProd\Equipexe\Filiais\MOVANTIGA\GER\DADOS\GruPro.XG0","D:\AtelieProd\Equipexe\Filiais\MOVANTIGA\GER\DADOS","GruPro.XG0",".XG0","34816","15/01/2019 15:56:10"
"D:\AtelieProd\Equipexe\Filiais\MOVANTIGA\GER\DADOS\GruPro.YG0","D:\AtelieProd\Equipexe\Filiais\MOVANTIGA\GER\DADOS","GruPro.YG0",".YG0","4096","15/01/2019 15:56:10"
"D:\AtelieProd\Equipexe\Filiais\MOVANTIGA\GER\DADOS\GruProces.DB","D:\AtelieProd\Equipexe\Filiais\MOVANTIGA\GER\DADOS","GruProces.DB",".DB","2048","15/01/2019 15:56:10"
"D:\AtelieProd\Equipexe\Filiais\MOVANTIGA\GER\DADOS\GruProces.PX","D:\AtelieProd\Equipexe\Filiais\MOVANTIGA\GER\DADOS","GruProces.PX",".PX","2048","15/01/2019 15:56:10"
"D:\AtelieProd\Equipexe\Filiais\MOVANTIGA\GER\DADOS\GruProSub.DB","D:\AtelieProd\Equipexe\Filiais\MOVANTIGA\GER\DADOS","GruProSub.DB",".DB","2048","15/01/2019 15:56:12"
"D:\AtelieProd\Equipexe\Filiais\MOVANTIGA\GER\DADOS\GruProSub.PX","D:\AtelieProd\Equipexe\Filiais\MOVANTIGA\GER\DADOS","GruProSub.PX",".PX","2048","15/01/2019 15:56:12"
"D:\AtelieProd\Equipexe\Filiais\MOVANTIGA\GER\DADOS\GruProSub.XG0","D:\AtelieProd\Equipexe\Filiais\MOVANTIGA\GER\DADOS","GruProSub.XG0",".XG0","34816","15/01/2019 15:56:12"
"D:\AtelieProd\Equipexe\Filiais\MOVANTIGA\GER\DADOS\GruProSub.YG0","D:\AtelieProd\Equipexe\Filiais\MOVANTIGA\GER\DADOS","GruProSub.YG0",".YG0","4096","15/01/2019 15:56:12"
"D:\AtelieProd\Equipexe\Filiais\MOVANTIGA\GER\DADOS\GruUsuarios.DB","D:\AtelieProd\Equipexe\Filiais\MOVANTIGA\GER\DADOS","GruUsuarios.DB",".DB","2048","15/01/2019 15:56:12"
"D:\AtelieProd\Equipexe\Filiais\MOVANTIGA\GER\DADOS\GruUsuarios.PX","D:\AtelieProd\Equipexe\Filiais\MOVANTIGA\GER\DADOS","GruUsuarios.PX",".PX","2048","15/01/2019 15:56:12"
"D:\AtelieProd\Equipexe\Filiais\MOVANTIGA\GER\DADOS\GruUsuarios.XG0","D:\AtelieProd\Equipexe\Filiais\MOVANTIGA\GER\DADOS","GruUsuarios.XG0",".XG0","34816","15/01/2019 15:56:12"
"D:\AtelieProd\Equipexe\Filiais\MOVANTIGA\GER\DADOS\GruUsuarios.YG0","D:\AtelieProd\Equipexe\Filiais\MOVANTIGA\GER\DADOS","GruUsuarios.YG0",".YG0","4096","15/01/2019 15:56:12"
"D:\AtelieProd\Equipexe\Filiais\MOVANTIGA\GER\DADOS\GruVen.DB","D:\AtelieProd\Equipexe\Filiais\MOVANTIGA\GER\DADOS","GruVen.DB",".DB","34816","15/01/2019 15:56:12"
"D:\AtelieProd\Equipexe\Filiais\MOVANTIGA\GER\DADOS\GruVen.PX","D:\AtelieProd\Equipexe\Filiais\MOVANTIGA\GER\DADOS","GruVen.PX",".PX","4096","15/01/2019 15:56:12"
"D:\AtelieProd\Equipexe\Filiais\MOVANTIGA\GER\DADOS\GruVen.XG0","D:\AtelieProd\Equipexe\Filiais\MOVANTIGA\GER\DADOS","GruVen.XG0",".XG0","34816","15/01/2019 15:56:12"
"D:\AtelieProd\Equipexe\Filiais\MOVANTIGA\GER\DADOS\GruVen.XG1","D:\AtelieProd\Equipexe\Filiais\MOVANTIGA\GER\DADOS","GruVen.XG1",".XG1","34816","15/01/2019 15:56:12"
"D:\AtelieProd\Equipexe\Filiais\MOVANTIGA\GER\DADOS\GruVen.YG0","D:\AtelieProd\Equipexe\Filiais\MOVANTIGA\GER\DADOS","GruVen.YG0",".YG0","4096","15/01/2019 15:56:12"
"D:\AtelieProd\Equipexe\Filiais\MOVANTIGA\GER\DADOS\GruVen.YG1","D:\AtelieProd\Equipexe\Filiais\MOVANTIGA\GER\DADOS","GruVen.YG1",".YG1","4096","15/01/2019 15:56:12"
"D:\AtelieProd\Equipexe\Filiais\MOVANTIGA\GER\DADOS\InteresCan.DB","D:\AtelieProd\Equipexe\Filiais\MOVANTIGA\GER\DADOS","InteresCan.DB",".DB","2048","15/01/2019 15:56:14"
"D:\AtelieProd\Equipexe\Filiais\MOVANTIGA\GER\DADOS\InteresCan.PX","D:\AtelieProd\Equipexe\Filiais\MOVANTIGA\GER\DADOS","InteresCan.PX",".PX","2048","15/01/2019 15:56:14"
"D:\AtelieProd\Equipexe\Filiais\MOVANTIGA\GER\DADOS\InteresCan.XG0","D:\AtelieProd\Equipexe\Filiais\MOVANTIGA\GER\DADOS","InteresCan.XG0",".XG0","34816","15/01/2019 15:56:14"
"D:\AtelieProd\Equipexe\Filiais\MOVANTIGA\GER\DADOS\InteresCan.YG0","D:\AtelieProd\Equipexe\Filiais\MOVANTIGA\GER\DADOS","InteresCan.YG0",".YG0","4096","15/01/2019 15:56:14"
"D:\AtelieProd\Equipexe\Filiais\MOVANTIGA\GER\DADOS\InteresMar.DB","D:\AtelieProd\Equipexe\Filiais\MOVANTIGA\GER\DADOS","InteresMar.DB",".DB","2048","15/01/2019 15:56:14"
"D:\AtelieProd\Equipexe\Filiais\MOVANTIGA\GER\DADOS\InteresMar.PX","D:\AtelieProd\Equipexe\Filiais\MOVANTIGA\GER\DADOS","InteresMar.PX",".PX","2048","15/01/2019 15:56:14"
"D:\AtelieProd\Equipexe\Filiais\MOVANTIGA\GER\DADOS\InteresMar.XG0","D:\AtelieProd\Equipexe\Filiais\MOVANTIGA\GER\DADOS","InteresMar.XG0",".XG0","34816","15/01/2019 15:56:14"
"D:\AtelieProd\Equipexe\Filiais\MOVANTIGA\GER\DADOS\InteresMar.YG0","D:\AtelieProd\Equipexe\Filiais\MOVANTIGA\GER\DADOS","InteresMar.YG0",".YG0","4096","15/01/2019 15:56:14"
"D:\AtelieProd\Equipexe\Filiais\MOVANTIGA\GER\DADOS\Interessad.DB","D:\AtelieProd\Equipexe\Filiais\MOVANTIGA\GER\DADOS","Interessad.DB",".DB","2048","15/01/2019 15:56:14"
"D:\AtelieProd\Equipexe\Filiais\MOVANTIGA\GER\DADOS\Interessad.PX","D:\AtelieProd\Equipexe\Filiais\MOVANTIGA\GER\DADOS","Interessad.PX",".PX","2048","15/01/2019 15:56:14"
"D:\AtelieProd\Equipexe\Filiais\MOVANTIGA\GER\DADOS\Interessad.XG0","D:\AtelieProd\Equipexe\Filiais\MOVANTIGA\GER\DADOS","Interessad.XG0",".XG0","34816","15/01/2019 15:56:14"
"D:\AtelieProd\Equipexe\Filiais\MOVANTIGA\GER\DADOS\Interessad.XG1","D:\AtelieProd\Equipexe\Filiais\MOVANTIGA\GER\DADOS","Interessad.XG1",".XG1","34816","15/01/2019 15:56:14"
"D:\AtelieProd\Equipexe\Filiais\MOVANTIGA\GER\DADOS\Interessad.YG0","D:\AtelieProd\Equipexe\Filiais\MOVANTIGA\GER\DADOS","Interessad.YG0",".YG0","4096","15/01/2019 15:56:14"
"D:\AtelieProd\Equipexe\Filiais\MOVANTIGA\GER\DADOS\Interessad.YG1","D:\AtelieProd\Equipexe\Filiais\MOVANTIGA\GER\DADOS","Interessad.YG1",".YG1","4096","15/01/2019 15:56:14"
"D:\AtelieProd\Equipexe\Filiais\MOVANTIGA\GER\DADOS\LigTel.DB","D:\AtelieProd\Equipexe\Filiais\MOVANTIGA\GER\DADOS","LigTel.DB",".DB","2048","15/01/2019 15:56:16"
"D:\AtelieProd\Equipexe\Filiais\MOVANTIGA\GER\DADOS\LigTel.PX","D:\AtelieProd\Equipexe\Filiais\MOVANTIGA\GER\DADOS","LigTel.PX",".PX","2048","15/01/2019 15:56:16"
"D:\AtelieProd\Equipexe\Filiais\MOVANTIGA\GER\DADOS\LogSis.DB","D:\AtelieProd\Equipexe\Filiais\MOVANTIGA\GER\DADOS","LogSis.DB",".DB","9996288","15/01/2019 15:56:18"
"D:\AtelieProd\Equipexe\Filiais\MOVANTIGA\GER\DADOS\LogSis.PX","D:\AtelieProd\Equipexe\Filiais\MOVANTIGA\GER\DADOS","LogSis.PX",".PX","8192","15/01/2019 15:56:18"
"D:\AtelieProd\Equipexe\Filiais\MOVANTIGA\GER\DADOS\LogSis.XG0","D:\AtelieProd\Equipexe\Filiais\MOVANTIGA\GER\DADOS","LogSis.XG0",".XG0","395264","15/01/2019 15:56:18"
"D:\AtelieProd\Equipexe\Filiais\MOVANTIGA\GER\DADOS\LogSis.YG0","D:\AtelieProd\Equipexe\Filiais\MOVANTIGA\GER\DADOS","LogSis.YG0",".YG0","4096","15/01/2019 15:56:18"
"D:\AtelieProd\Equipexe\Filiais\MOVANTIGA\GER\DADOS\MotAltDup.DB","D:\AtelieProd\Equipexe\Filiais\MOVANTIGA\GER\DADOS","MotAltDup.DB",".DB","2048","15/01/2019 15:56:20"
"D:\AtelieProd\Equipexe\Filiais\MOVANTIGA\GER\DADOS\MotAltDup.PX","D:\AtelieProd\Equipexe\Filiais\MOVANTIGA\GER\DADOS","MotAltDup.PX",".PX","2048","15/01/2019 15:56:20"
"D:\AtelieProd\Equipexe\Filiais\MOVANTIGA\GER\DADOS\MotAltDup.XG0","D:\AtelieProd\Equipexe\Filiais\MOVANTIGA\GER\DADOS","MotAltDup.XG0",".XG0","34816","15/01/2019 15:56:20"
"D:\AtelieProd\Equipexe\Filiais\MOVANTIGA\GER\DADOS\MotAltDup.YG0","D:\AtelieProd\Equipexe\Filiais\MOVANTIGA\GER\DADOS","MotAltDup.YG0",".YG0","4096","15/01/2019 15:56:20"
"D:\AtelieProd\Equipexe\Filiais\MOVANTIGA\GER\DADOS\Motorista.DB","D:\AtelieProd\Equipexe\Filiais\MOVANTIGA\GER\DADOS","Motorista.DB",".DB","4096","06/11/1999 15:15:14"
"D:\AtelieProd\Equipexe\Filiais\MOVANTIGA\GER\DADOS\Motorista.PX","D:\AtelieProd\Equipexe\Filiais\MOVANTIGA\GER\DADOS","Motorista.PX",".PX","4096","06/11/1999 15:15:14"
"D:\AtelieProd\Equipexe\Filiais\MOVANTIGA\GER\DADOS\Motorista.XG0","D:\AtelieProd\Equipexe\Filiais\MOVANTIGA\GER\DADOS","Motorista.XG0",".XG0","4096","06/11/1999 15:15:14"
"D:\AtelieProd\Equipexe\Filiais\MOVANTIGA\GER\DADOS\Motorista.YG0","D:\AtelieProd\Equipexe\Filiais\MOVANTIGA\GER\DADOS","Motorista.YG0",".YG0","4096","06/11/1999 15:15:14"
"D:\AtelieProd\Equipexe\Filiais\MOVANTIGA\GER\DADOS\MovPecLavLog.DB","D:\AtelieProd\Equipexe\Filiais\MOVANTIGA\GER\DADOS","MovPecLavLog.DB",".DB","2048","15/01/2019 15:56:46"
"D:\AtelieProd\Equipexe\Filiais\MOVANTIGA\GER\DADOS\MovPecLavLog.PX","D:\AtelieProd\Equipexe\Filiais\MOVANTIGA\GER\DADOS","MovPecLavLog.PX",".PX","2048","15/01/2019 15:56:46"
"D:\AtelieProd\Equipexe\Filiais\MOVANTIGA\GER\DADOS\MovPecLavLog.XG0","D:\AtelieProd\Equipexe\Filiais\MOVANTIGA\GER\DADOS","MovPecLavLog.XG0",".XG0","34816","15/01/2019 15:56:46"
"D:\AtelieProd\Equipexe\Filiais\MOVANTIGA\GER\DADOS\MovPecLavLog.YG0","D:\AtelieProd\Equipexe\Filiais\MOVANTIGA\GER\DADOS","MovPecLavLog.YG0",".YG0","4096","15/01/2019 15:56:46"
"D:\AtelieProd\Equipexe\Filiais\MOVANTIGA\GER\DADOS\Nivel.DB","D:\AtelieProd\Equipexe\Filiais\MOVANTIGA\GER\DADOS","Nivel.DB",".DB","67584","15/01/2019 15:57:04"
"D:\AtelieProd\Equipexe\Filiais\MOVANTIGA\GER\DADOS\Nivel.PX","D:\AtelieProd\Equipexe\Filiais\MOVANTIGA\GER\DADOS","Nivel.PX",".PX","4096","15/01/2019 15:57:04"
"D:\AtelieProd\Equipexe\Filiais\MOVANTIGA\GER\DADOS\Nivel.XG0","D:\AtelieProd\Equipexe\Filiais\MOVANTIGA\GER\DADOS","Nivel.XG0",".XG0","67584","15/01/2019 15:57:04"
"D:\AtelieProd\Equipexe\Filiais\MOVANTIGA\GER\DADOS\Nivel.XG1","D:\AtelieProd\Equipexe\Filiais\MOVANTIGA\GER\DADOS","Nivel.XG1",".XG1","67584","15/01/2019 15:57:04"
"D:\AtelieProd\Equipexe\Filiais\MOVANTIGA\GER\DADOS\Nivel.YG0","D:\AtelieProd\Equipexe\Filiais\MOVANTIGA\GER\DADOS","Nivel.YG0",".YG0","4096","15/01/2019 15:57:04"
"D:\AtelieProd\Equipexe\Filiais\MOVANTIGA\GER\DADOS\Nivel.YG1","D:\AtelieProd\Equipexe\Filiais\MOVANTIGA\GER\DADOS","Nivel.YG1",".YG1","4096","15/01/2019 15:57:04"
"D:\AtelieProd\Equipexe\Filiais\MOVANTIGA\GER\DADOS\NovoReg.BD.DB","D:\AtelieProd\Equipexe\Filiais\MOVANTIGA\GER\DADOS","NovoReg.BD.DB",".DB","2048","14/06/2005 08:45:48"
"D:\AtelieProd\Equipexe\Filiais\MOVANTIGA\GER\DADOS\NovoReg.DB","D:\AtelieProd\Equipexe\Filiais\MOVANTIGA\GER\DADOS","NovoReg.DB",".DB","2048","18/10/2004 13:09:44"
"D:\AtelieProd\Equipexe\Filiais\MOVANTIGA\GER\DADOS\NovoReg.db.DB","D:\AtelieProd\Equipexe\Filiais\MOVANTIGA\GER\DADOS","NovoReg.db.DB",".DB","2048","14/06/2005 08:45:48"
"D:\AtelieProd\Equipexe\Filiais\MOVANTIGA\GER\DADOS\NovoRegBD.DB","D:\AtelieProd\Equipexe\Filiais\MOVANTIGA\GER\DADOS","NovoRegBD.DB",".DB","2048","15/01/2019 15:57:12"
"D:\AtelieProd\Equipexe\Filiais\MOVANTIGA\GER\DADOS\PadLctoFin.DB","D:\AtelieProd\Equipexe\Filiais\MOVANTIGA\GER\DADOS","PadLctoFin.DB",".DB","2048","15/01/2019 15:57:16"
"D:\AtelieProd\Equipexe\Filiais\MOVANTIGA\GER\DADOS\PadLctoFin.PX","D:\AtelieProd\Equipexe\Filiais\MOVANTIGA\GER\DADOS","PadLctoFin.PX",".PX","2048","15/01/2019 15:57:16"
"D:\AtelieProd\Equipexe\Filiais\MOVANTIGA\GER\DADOS\ResCli.DB","D:\AtelieProd\Equipexe\Filiais\MOVANTIGA\GER\DADOS","ResCli.DB",".DB","2048","22/03/2001 23:55:40"
"D:\AtelieProd\Equipexe\Filiais\MOVANTIGA\GER\DADOS\ResCli.PX","D:\AtelieProd\Equipexe\Filiais\MOVANTIGA\GER\DADOS","ResCli.PX",".PX","2048","22/03/2001 23:55:40"
"D:\AtelieProd\Equipexe\Filiais\MOVANTIGA\GER\DADOS\ResCli.XG0","D:\AtelieProd\Equipexe\Filiais\MOVANTIGA\GER\DADOS","ResCli.XG0",".XG0","4096","22/03/2001 23:55:40"
"D:\AtelieProd\Equipexe\Filiais\MOVANTIGA\GER\DADOS\ResCli.YG0","D:\AtelieProd\Equipexe\Filiais\MOVANTIGA\GER\DADOS","ResCli.YG0",".YG0","4096","22/03/2001 23:55:40"
"D:\AtelieProd\Equipexe\Filiais\MOVANTIGA\GER\DADOS\Roteiros.DB","D:\AtelieProd\Equipexe\Filiais\MOVANTIGA\GER\DADOS","Roteiros.DB",".DB","2048","15/01/2019 15:57:26"
"D:\AtelieProd\Equipexe\Filiais\MOVANTIGA\GER\DADOS\Roteiros.PX","D:\AtelieProd\Equipexe\Filiais\MOVANTIGA\GER\DADOS","Roteiros.PX",".PX","2048","15/01/2019 15:57:26"
"D:\AtelieProd\Equipexe\Filiais\MOVANTIGA\GER\DADOS\Roteiros.XG0","D:\AtelieProd\Equipexe\Filiais\MOVANTIGA\GER\DADOS","Roteiros.XG0",".XG0","34816","15/01/2019 15:57:26"
"D:\AtelieProd\Equipexe\Filiais\MOVANTIGA\GER\DADOS\Roteiros.YG0","D:\AtelieProd\Equipexe\Filiais\MOVANTIGA\GER\DADOS","Roteiros.YG0",".YG0","4096","15/01/2019 15:57:26"
"D:\AtelieProd\Equipexe\Filiais\MOVANTIGA\GER\DADOS\Senhas.DB","D:\AtelieProd\Equipexe\Filiais\MOVANTIGA\GER\DADOS","Senhas.DB",".DB","2048","15/01/2019 15:57:26"
"D:\AtelieProd\Equipexe\Filiais\MOVANTIGA\GER\DADOS\Senhas.PX","D:\AtelieProd\Equipexe\Filiais\MOVANTIGA\GER\DADOS","Senhas.PX",".PX","2048","15/01/2019 15:57:26"
"D:\AtelieProd\Equipexe\Filiais\MOVANTIGA\GER\DADOS\Senhas.XG0","D:\AtelieProd\Equipexe\Filiais\MOVANTIGA\GER\DADOS","Senhas.XG0",".XG0","34816","15/01/2019 15:57:26"
"D:\AtelieProd\Equipexe\Filiais\MOVANTIGA\GER\DADOS\Senhas.YG0","D:\AtelieProd\Equipexe\Filiais\MOVANTIGA\GER\DADOS","Senhas.YG0",".YG0","4096","15/01/2019 15:57:26"
"D:\AtelieProd\Equipexe\Filiais\MOVANTIGA\GER\DADOS\TelCont.DB","D:\AtelieProd\Equipexe\Filiais\MOVANTIGA\GER\DADOS","TelCont.DB",".DB","2048","15/01/2019 15:57:36"
"D:\AtelieProd\Equipexe\Filiais\MOVANTIGA\GER\DADOS\TelCont.PX","D:\AtelieProd\Equipexe\Filiais\MOVANTIGA\GER\DADOS","TelCont.PX",".PX","2048","15/01/2019 15:57:36"
"D:\AtelieProd\Equipexe\Filiais\MOVANTIGA\GER\DADOS\TelFilial.DB","D:\AtelieProd\Equipexe\Filiais\MOVANTIGA\GER\DADOS","TelFilial.DB",".DB","2048","15/01/2019 15:57:36"
"D:\AtelieProd\Equipexe\Filiais\MOVANTIGA\GER\DADOS\TelFilial.PX","D:\AtelieProd\Equipexe\Filiais\MOVANTIGA\GER\DADOS","TelFilial.PX",".PX","2048","15/01/2019 15:57:36"
"D:\AtelieProd\Equipexe\Filiais\MOVANTIGA\GER\DADOS\TipFil.DB","D:\AtelieProd\Equipexe\Filiais\MOVANTIGA\GER\DADOS","TipFil.DB",".DB","2048","15/01/2019 15:57:38"
"D:\AtelieProd\Equipexe\Filiais\MOVANTIGA\GER\DADOS\TipFil.PX","D:\AtelieProd\Equipexe\Filiais\MOVANTIGA\GER\DADOS","TipFil.PX",".PX","2048","15/01/2019 15:57:38"
"D:\AtelieProd\Equipexe\Filiais\MOVANTIGA\GER\DADOS\TipFil.XG0","D:\AtelieProd\Equipexe\Filiais\MOVANTIGA\GER\DADOS","TipFil.XG0",".XG0","34816","15/01/2019 15:57:38"
"D:\AtelieProd\Equipexe\Filiais\MOVANTIGA\GER\DADOS\TipFil.YG0","D:\AtelieProd\Equipexe\Filiais\MOVANTIGA\GER\DADOS","TipFil.YG0",".YG0","4096","15/01/2019 15:57:38"
"D:\AtelieProd\Equipexe\Filiais\MOVANTIGA\GER\DADOS\TipoExped.DB","D:\AtelieProd\Equipexe\Filiais\MOVANTIGA\GER\DADOS","TipoExped.DB",".DB","2048","15/01/2019 15:57:38"
"D:\AtelieProd\Equipexe\Filiais\MOVANTIGA\GER\DADOS\TipoExped.PX","D:\AtelieProd\Equipexe\Filiais\MOVANTIGA\GER\DADOS","TipoExped.PX",".PX","2048","15/01/2019 15:57:38"
"D:\AtelieProd\Equipexe\Filiais\MOVANTIGA\GER\DADOS\TipoExped.XG0","D:\AtelieProd\Equipexe\Filiais\MOVANTIGA\GER\DADOS","TipoExped.XG0",".XG0","34816","15/01/2019 15:57:38"
"D:\AtelieProd\Equipexe\Filiais\MOVANTIGA\GER\DADOS\TipoExped.YG0","D:\AtelieProd\Equipexe\Filiais\MOVANTIGA\GER\DADOS","TipoExped.YG0",".YG0","4096","15/01/2019 15:57:38"
"D:\AtelieProd\Equipexe\Filiais\MOVANTIGA\GER\DADOS\Transp.DB","D:\AtelieProd\Equipexe\Filiais\MOVANTIGA\GER\DADOS","Transp.DB",".DB","2048","15/01/2019 15:57:42"
"D:\AtelieProd\Equipexe\Filiais\MOVANTIGA\GER\DADOS\Transp.PX","D:\AtelieProd\Equipexe\Filiais\MOVANTIGA\GER\DADOS","Transp.PX",".PX","2048","15/01/2019 15:57:42"
"D:\AtelieProd\Equipexe\Filiais\MOVANTIGA\GER\DADOS\Transp.XG0","D:\AtelieProd\Equipexe\Filiais\MOVANTIGA\GER\DADOS","Transp.XG0",".XG0","34816","15/01/2019 15:57:42"
"D:\AtelieProd\Equipexe\Filiais\MOVANTIGA\GER\DADOS\Transp.YG0","D:\AtelieProd\Equipexe\Filiais\MOVANTIGA\GER\DADOS","Transp.YG0",".YG0","4096","15/01/2019 15:57:42"
"D:\AtelieProd\Equipexe\Filiais\MOVANTIGA\GER\DADOS\UsuaFil.DB","D:\AtelieProd\Equipexe\Filiais\MOVANTIGA\GER\DADOS","UsuaFil.DB",".DB","2048","15/01/2019 15:57:42"
"D:\AtelieProd\Equipexe\Filiais\MOVANTIGA\GER\DADOS\UsuaFil.PX","D:\AtelieProd\Equipexe\Filiais\MOVANTIGA\GER\DADOS","UsuaFil.PX",".PX","2048","15/01/2019 15:57:42"
"D:\AtelieProd\Equipexe\Filiais\MOVANTIGA\GER\DADOS\UsuaFil.XG0","D:\AtelieProd\Equipexe\Filiais\MOVANTIGA\GER\DADOS","UsuaFil.XG0",".XG0","34816","15/01/2019 15:57:42"
"D:\AtelieProd\Equipexe\Filiais\MOVANTIGA\GER\DADOS\UsuaFil.XG1","D:\AtelieProd\Equipexe\Filiais\MOVANTIGA\GER\DADOS","UsuaFil.XG1",".XG1","34816","15/01/2019 15:57:42"
"D:\AtelieProd\Equipexe\Filiais\MOVANTIGA\GER\DADOS\UsuaFil.YG0","D:\AtelieProd\Equipexe\Filiais\MOVANTIGA\GER\DADOS","UsuaFil.YG0",".YG0","4096","15/01/2019 15:57:42"
"D:\AtelieProd\Equipexe\Filiais\MOVANTIGA\GER\DADOS\UsuaFil.YG1","D:\AtelieProd\Equipexe\Filiais\MOVANTIGA\GER\DADOS","UsuaFil.YG1",".YG1","4096","15/01/2019 15:57:42"
"D:\AtelieProd\Equipexe\Filiais\MOVANTIGA\GER\DADOS\UsuaGru.DB","D:\AtelieProd\Equipexe\Filiais\MOVANTIGA\GER\DADOS","UsuaGru.DB",".DB","2048","15/01/2019 15:57:42"
"D:\AtelieProd\Equipexe\Filiais\MOVANTIGA\GER\DADOS\UsuaGru.PX","D:\AtelieProd\Equipexe\Filiais\MOVANTIGA\GER\DADOS","UsuaGru.PX",".PX","2048","15/01/2019 15:57:42"
"D:\AtelieProd\Equipexe\Filiais\MOVANTIGA\GER\DADOS\UsuaGru.XG0","D:\AtelieProd\Equipexe\Filiais\MOVANTIGA\GER\DADOS","UsuaGru.XG0",".XG0","34816","15/01/2019 15:57:42"
"D:\AtelieProd\Equipexe\Filiais\MOVANTIGA\GER\DADOS\UsuaGru.YG0","D:\AtelieProd\Equipexe\Filiais\MOVANTIGA\GER\DADOS","UsuaGru.YG0",".YG0","4096","15/01/2019 15:57:42"
"D:\AtelieProd\Equipexe\Filiais\MOVANTIGA\GER\DADOS\UsuaGruInt.DB","D:\AtelieProd\Equipexe\Filiais\MOVANTIGA\GER\DADOS","UsuaGruInt.DB",".DB","2048","15/01/2019 15:57:44"
"D:\AtelieProd\Equipexe\Filiais\MOVANTIGA\GER\DADOS\UsuaGruInt.PX","D:\AtelieProd\Equipexe\Filiais\MOVANTIGA\GER\DADOS","UsuaGruInt.PX",".PX","2048","15/01/2019 15:57:44"
"D:\AtelieProd\Equipexe\Filiais\MOVANTIGA\GER\DADOS\UsuaGruInt.XG0","D:\AtelieProd\Equipexe\Filiais\MOVANTIGA\GER\DADOS","UsuaGruInt.XG0",".XG0","34816","15/01/2019 15:57:44"
"D:\AtelieProd\Equipexe\Filiais\MOVANTIGA\GER\DADOS\UsuaGruInt.XG1","D:\AtelieProd\Equipexe\Filiais\MOVANTIGA\GER\DADOS","UsuaGruInt.XG1",".XG1","34816","15/01/2019 15:57:44"
"D:\AtelieProd\Equipexe\Filiais\MOVANTIGA\GER\DADOS\UsuaGruInt.YG0","D:\AtelieProd\Equipexe\Filiais\MOVANTIGA\GER\DADOS","UsuaGruInt.YG0",".YG0","4096","15/01/2019 15:57:44"
"D:\AtelieProd\Equipexe\Filiais\MOVANTIGA\GER\DADOS\UsuaGruInt.YG1","D:\AtelieProd\Equipexe\Filiais\MOVANTIGA\GER\DADOS","UsuaGruInt.YG1",".YG1","4096","15/01/2019 15:57:44"
"D:\AtelieProd\Equipexe\Filiais\MOVANTIGA\GER\DADOS\Usuarios.DB","D:\AtelieProd\Equipexe\Filiais\MOVANTIGA\GER\DADOS","Usuarios.DB",".DB","34816","15/01/2019 15:57:44"
"D:\AtelieProd\Equipexe\Filiais\MOVANTIGA\GER\DADOS\Usuarios.PX","D:\AtelieProd\Equipexe\Filiais\MOVANTIGA\GER\DADOS","Usuarios.PX",".PX","4096","15/01/2019 15:57:44"
"D:\AtelieProd\Equipexe\Filiais\MOVANTIGA\GER\DADOS\Usuarios.XG0","D:\AtelieProd\Equipexe\Filiais\MOVANTIGA\GER\DADOS","Usuarios.XG0",".XG0","34816","15/01/2019 15:57:44"
"D:\AtelieProd\Equipexe\Filiais\MOVANTIGA\GER\DADOS\Usuarios.XG1","D:\AtelieProd\Equipexe\Filiais\MOVANTIGA\GER\DADOS","Usuarios.XG1",".XG1","34816","15/01/2019 15:57:44"
"D:\AtelieProd\Equipexe\Filiais\MOVANTIGA\GER\DADOS\Usuarios.YG0","D:\AtelieProd\Equipexe\Filiais\MOVANTIGA\GER\DADOS","Usuarios.YG0",".YG0","4096","15/01/2019 15:57:44"
"D:\AtelieProd\Equipexe\Filiais\MOVANTIGA\GER\DADOS\Usuarios.YG1","D:\AtelieProd\Equipexe\Filiais\MOVANTIGA\GER\DADOS","Usuarios.YG1",".YG1","4096","15/01/2019 15:57:44"
"D:\AtelieProd\Equipexe\Filiais\MOVANTIGA\GER\DADOS\UsuaSis.DB","D:\AtelieProd\Equipexe\Filiais\MOVANTIGA\GER\DADOS","UsuaSis.DB",".DB","34816","15/01/2019 15:57:44"
"D:\AtelieProd\Equipexe\Filiais\MOVANTIGA\GER\DADOS\UsuaSis.PX","D:\AtelieProd\Equipexe\Filiais\MOVANTIGA\GER\DADOS","UsuaSis.PX",".PX","4096","15/01/2019 15:57:44"
"D:\AtelieProd\Equipexe\Filiais\MOVANTIGA\GER\DADOS\UsuaSis.XG0","D:\AtelieProd\Equipexe\Filiais\MOVANTIGA\GER\DADOS","UsuaSis.XG0",".XG0","34816","15/01/2019 15:57:44"
"D:\AtelieProd\Equipexe\Filiais\MOVANTIGA\GER\DADOS\UsuaSis.XG1","D:\AtelieProd\Equipexe\Filiais\MOVANTIGA\GER\DADOS","UsuaSis.XG1",".XG1","34816","15/01/2019 15:57:44"
"D:\AtelieProd\Equipexe\Filiais\MOVANTIGA\GER\DADOS\UsuaSis.YG0","D:\AtelieProd\Equipexe\Filiais\MOVANTIGA\GER\DADOS","UsuaSis.YG0",".YG0","4096","15/01/2019 15:57:44"
"D:\AtelieProd\Equipexe\Filiais\MOVANTIGA\GER\DADOS\UsuaSis.YG1","D:\AtelieProd\Equipexe\Filiais\MOVANTIGA\GER\DADOS","UsuaSis.YG1",".YG1","4096","15/01/2019 15:57:44"
"D:\AtelieProd\Equipexe\Filiais\MOVANTIGA\GER\DADOS\Veiculo.DB","D:\AtelieProd\Equipexe\Filiais\MOVANTIGA\GER\DADOS","Veiculo.DB",".DB","4096","29/08/2005 11:24:04"
"D:\AtelieProd\Equipexe\Filiais\MOVANTIGA\GER\DADOS\Veiculo.PX","D:\AtelieProd\Equipexe\Filiais\MOVANTIGA\GER\DADOS","Veiculo.PX",".PX","4096","29/08/2005 11:24:04"
"D:\AtelieProd\Equipexe\Filiais\MOVANTIGA\GER\DADOS\Veiculo.XG0","D:\AtelieProd\Equipexe\Filiais\MOVANTIGA\GER\DADOS","Veiculo.XG0",".XG0","4096","29/08/2005 11:24:04"
"D:\AtelieProd\Equipexe\Filiais\MOVANTIGA\GER\DADOS\Veiculo.YG0","D:\AtelieProd\Equipexe\Filiais\MOVANTIGA\GER\DADOS","Veiculo.YG0",".YG0","4096","29/08/2005 11:24:04"
"D:\AtelieProd\Equipexe\Filiais\MOVANTIGA\GER\FILIAL\CadCai.DB","D:\AtelieProd\Equipexe\Filiais\MOVANTIGA\GER\FILIAL","CadCai.DB",".DB","2328576","15/01/2019 15:54:50"
"D:\AtelieProd\Equipexe\Filiais\MOVANTIGA\GER\FILIAL\CadCai.PX","D:\AtelieProd\Equipexe\Filiais\MOVANTIGA\GER\FILIAL","CadCai.PX",".PX","4096","15/01/2019 15:54:50"
"D:\AtelieProd\Equipexe\Filiais\MOVANTIGA\GER\FILIAL\CadCai.XG0","D:\AtelieProd\Equipexe\Filiais\MOVANTIGA\GER\FILIAL","CadCai.XG0",".XG0","296960","15/01/2019 15:54:50"
"D:\AtelieProd\Equipexe\Filiais\MOVANTIGA\GER\FILIAL\CadCai.XG1","D:\AtelieProd\Equipexe\Filiais\MOVANTIGA\GER\FILIAL","CadCai.XG1",".XG1","231424","15/01/2019 15:54:50"
"D:\AtelieProd\Equipexe\Filiais\MOVANTIGA\GER\FILIAL\CadCai.YG0","D:\AtelieProd\Equipexe\Filiais\MOVANTIGA\GER\FILIAL","CadCai.YG0",".YG0","4096","15/01/2019 15:54:50"
"D:\AtelieProd\Equipexe\Filiais\MOVANTIGA\GER\FILIAL\CadCai.YG1","D:\AtelieProd\Equipexe\Filiais\MOVANTIGA\GER\FILIAL","CadCai.YG1",".YG1","4096","15/01/2019 15:54:50"
"D:\AtelieProd\Equipexe\Filiais\MOVANTIGA\GER\FILIAL\CadDes.DB","D:\AtelieProd\Equipexe\Filiais\MOVANTIGA\GER\FILIAL","CadDes.DB",".DB","2048","15/01/2019 15:54:56"
"D:\AtelieProd\Equipexe\Filiais\MOVANTIGA\GER\FILIAL\CadDes.PX","D:\AtelieProd\Equipexe\Filiais\MOVANTIGA\GER\FILIAL","CadDes.PX",".PX","2048","15/01/2019 15:54:56"
"D:\AtelieProd\Equipexe\Filiais\MOVANTIGA\GER\FILIAL\CadDes.XG0","D:\AtelieProd\Equipexe\Filiais\MOVANTIGA\GER\FILIAL","CadDes.XG0",".XG0","34816","15/01/2019 15:54:56"
"D:\AtelieProd\Equipexe\Filiais\MOVANTIGA\GER\FILIAL\CadDes.XG1","D:\AtelieProd\Equipexe\Filiais\MOVANTIGA\GER\FILIAL","CadDes.XG1",".XG1","34816","15/01/2019 15:54:56"
"D:\AtelieProd\Equipexe\Filiais\MOVANTIGA\GER\FILIAL\CadDes.YG0","D:\AtelieProd\Equipexe\Filiais\MOVANTIGA\GER\FILIAL","CadDes.YG0",".YG0","4096","15/01/2019 15:54:56"
"D:\AtelieProd\Equipexe\Filiais\MOVANTIGA\GER\FILIAL\CadDes.YG1","D:\AtelieProd\Equipexe\Filiais\MOVANTIGA\GER\FILIAL","CadDes.YG1",".YG1","4096","15/01/2019 15:54:56"
"D:\AtelieProd\Equipexe\Filiais\MOVANTIGA\GER\FILIAL\CadMaq.DB","D:\AtelieProd\Equipexe\Filiais\MOVANTIGA\GER\FILIAL","CadMaq.DB",".DB","2048","15/01/2019 15:55:02"
"D:\AtelieProd\Equipexe\Filiais\MOVANTIGA\GER\FILIAL\CadMaq.PX","D:\AtelieProd\Equipexe\Filiais\MOVANTIGA\GER\FILIAL","CadMaq.PX",".PX","2048","15/01/2019 15:55:02"
"D:\AtelieProd\Equipexe\Filiais\MOVANTIGA\GER\FILIAL\CadMaq.XG0","D:\AtelieProd\Equipexe\Filiais\MOVANTIGA\GER\FILIAL","CadMaq.XG0",".XG0","34816","15/01/2019 15:55:04"
"D:\AtelieProd\Equipexe\Filiais\MOVANTIGA\GER\FILIAL\CadMaq.YG0","D:\AtelieProd\Equipexe\Filiais\MOVANTIGA\GER\FILIAL","CadMaq.YG0",".YG0","4096","15/01/2019 15:55:04"
"D:\AtelieProd\Equipexe\Filiais\MOVANTIGA\GER\FILIAL\Cheque1.DB","D:\AtelieProd\Equipexe\Filiais\MOVANTIGA\GER\FILIAL","Cheque1.DB",".DB","2048","15/01/2019 15:55:16"
"D:\AtelieProd\Equipexe\Filiais\MOVANTIGA\GER\FILIAL\Cheque1.PX","D:\AtelieProd\Equipexe\Filiais\MOVANTIGA\GER\FILIAL","Cheque1.PX",".PX","2048","15/01/2019 15:55:16"
"D:\AtelieProd\Equipexe\Filiais\MOVANTIGA\GER\FILIAL\Cheque1Comp.DB","D:\AtelieProd\Equipexe\Filiais\MOVANTIGA\GER\FILIAL","Cheque1Comp.DB",".DB","2048","15/01/2019 15:55:16"
"D:\AtelieProd\Equipexe\Filiais\MOVANTIGA\GER\FILIAL\Cheque1Comp.PX","D:\AtelieProd\Equipexe\Filiais\MOVANTIGA\GER\FILIAL","Cheque1Comp.PX",".PX","2048","15/01/2019 15:55:16"
"D:\AtelieProd\Equipexe\Filiais\MOVANTIGA\GER\FILIAL\Cheque1Comp.XG0","D:\AtelieProd\Equipexe\Filiais\MOVANTIGA\GER\FILIAL","Cheque1Comp.XG0",".XG0","34816","15/01/2019 15:55:16"
"D:\AtelieProd\Equipexe\Filiais\MOVANTIGA\GER\FILIAL\Cheque1Comp.YG0","D:\AtelieProd\Equipexe\Filiais\MOVANTIGA\GER\FILIAL","Cheque1Comp.YG0",".YG0","4096","15/01/2019 15:55:16"
"D:\AtelieProd\Equipexe\Filiais\MOVANTIGA\GER\FILIAL\Cheque2.DB","D:\AtelieProd\Equipexe\Filiais\MOVANTIGA\GER\FILIAL","Cheque2.DB",".DB","2048","15/01/2019 15:55:16"
"D:\AtelieProd\Equipexe\Filiais\MOVANTIGA\GER\FILIAL\Cheque2.PX","D:\AtelieProd\Equipexe\Filiais\MOVANTIGA\GER\FILIAL","Cheque2.PX",".PX","2048","15/01/2019 15:55:16"
"D:\AtelieProd\Equipexe\Filiais\MOVANTIGA\GER\FILIAL\Cheque2Comp.DB","D:\AtelieProd\Equipexe\Filiais\MOVANTIGA\GER\FILIAL","Cheque2Comp.DB",".DB","2048","15/01/2019 15:55:16"
"D:\AtelieProd\Equipexe\Filiais\MOVANTIGA\GER\FILIAL\Cheque2Comp.PX","D:\AtelieProd\Equipexe\Filiais\MOVANTIGA\GER\FILIAL","Cheque2Comp.PX",".PX","2048","15/01/2019 15:55:16"
"D:\AtelieProd\Equipexe\Filiais\MOVANTIGA\GER\FILIAL\Cheque2Comp.XG0","D:\AtelieProd\Equipexe\Filiais\MOVANTIGA\GER\FILIAL","Cheque2Comp.XG0",".XG0","34816","15/01/2019 15:55:16"
"D:\AtelieProd\Equipexe\Filiais\MOVANTIGA\GER\FILIAL\Cheque2Comp.YG0","D:\AtelieProd\Equipexe\Filiais\MOVANTIGA\GER\FILIAL","Cheque2Comp.YG0",".YG0","4096","15/01/2019 15:55:16"
"D:\AtelieProd\Equipexe\Filiais\MOVANTIGA\GER\FILIAL\Cheque3.DB","D:\AtelieProd\Equipexe\Filiais\MOVANTIGA\GER\FILIAL","Cheque3.DB",".DB","2048","15/01/2019 15:55:18"
"D:\AtelieProd\Equipexe\Filiais\MOVANTIGA\GER\FILIAL\Cheque3.PX","D:\AtelieProd\Equipexe\Filiais\MOVANTIGA\GER\FILIAL","Cheque3.PX",".PX","2048","15/01/2019 15:55:18"
"D:\AtelieProd\Equipexe\Filiais\MOVANTIGA\GER\FILIAL\Cheque3Comp.DB","D:\AtelieProd\Equipexe\Filiais\MOVANTIGA\GER\FILIAL","Cheque3Comp.DB",".DB","2048","15/01/2019 15:55:18"
"D:\AtelieProd\Equipexe\Filiais\MOVANTIGA\GER\FILIAL\Cheque3Comp.PX","D:\AtelieProd\Equipexe\Filiais\MOVANTIGA\GER\FILIAL","Cheque3Comp.PX",".PX","2048","15/01/2019 15:55:18"
"D:\AtelieProd\Equipexe\Filiais\MOVANTIGA\GER\FILIAL\Cheque3Comp.XG0","D:\AtelieProd\Equipexe\Filiais\MOVANTIGA\GER\FILIAL","Cheque3Comp.XG0",".XG0","34816","15/01/2019 15:55:18"
"D:\AtelieProd\Equipexe\Filiais\MOVANTIGA\GER\FILIAL\Cheque3Comp.YG0","D:\AtelieProd\Equipexe\Filiais\MOVANTIGA\GER\FILIAL","Cheque3Comp.YG0",".YG0","4096","15/01/2019 15:55:18"
"D:\AtelieProd\Equipexe\Filiais\MOVANTIGA\GER\FILIAL\Cheque4.DB","D:\AtelieProd\Equipexe\Filiais\MOVANTIGA\GER\FILIAL","Cheque4.DB",".DB","2048","15/01/2019 15:55:18"
"D:\AtelieProd\Equipexe\Filiais\MOVANTIGA\GER\FILIAL\Cheque4.PX","D:\AtelieProd\Equipexe\Filiais\MOVANTIGA\GER\FILIAL","Cheque4.PX",".PX","2048","15/01/2019 15:55:18"
"D:\AtelieProd\Equipexe\Filiais\MOVANTIGA\GER\FILIAL\Cheque4Comp.DB","D:\AtelieProd\Equipexe\Filiais\MOVANTIGA\GER\FILIAL","Cheque4Comp.DB",".DB","2048","15/01/2019 15:55:18"
"D:\AtelieProd\Equipexe\Filiais\MOVANTIGA\GER\FILIAL\Cheque4Comp.PX","D:\AtelieProd\Equipexe\Filiais\MOVANTIGA\GER\FILIAL","Cheque4Comp.PX",".PX","2048","15/01/2019 15:55:18"
"D:\AtelieProd\Equipexe\Filiais\MOVANTIGA\GER\FILIAL\Cheque4Comp.XG0","D:\AtelieProd\Equipexe\Filiais\MOVANTIGA\GER\FILIAL","Cheque4Comp.XG0",".XG0","34816","15/01/2019 15:55:18"
"D:\AtelieProd\Equipexe\Filiais\MOVANTIGA\GER\FILIAL\Cheque4Comp.YG0","D:\AtelieProd\Equipexe\Filiais\MOVANTIGA\GER\FILIAL","Cheque4Comp.YG0",".YG0","4096","15/01/2019 15:55:18"
"D:\AtelieProd\Equipexe\Filiais\MOVANTIGA\GER\FILIAL\Cheque5.DB","D:\AtelieProd\Equipexe\Filiais\MOVANTIGA\GER\FILIAL","Cheque5.DB",".DB","2048","15/01/2019 15:55:18"
"D:\AtelieProd\Equipexe\Filiais\MOVANTIGA\GER\FILIAL\Cheque5.PX","D:\AtelieProd\Equipexe\Filiais\MOVANTIGA\GER\FILIAL","Cheque5.PX",".PX","2048","15/01/2019 15:55:18"
"D:\AtelieProd\Equipexe\Filiais\MOVANTIGA\GER\FILIAL\Cheque5Comp.DB","D:\AtelieProd\Equipexe\Filiais\MOVANTIGA\GER\FILIAL","Cheque5Comp.DB",".DB","2048","15/01/2019 15:55:18"
"D:\AtelieProd\Equipexe\Filiais\MOVANTIGA\GER\FILIAL\Cheque5Comp.PX","D:\AtelieProd\Equipexe\Filiais\MOVANTIGA\GER\FILIAL","Cheque5Comp.PX",".PX","2048","15/01/2019 15:55:18"
"D:\AtelieProd\Equipexe\Filiais\MOVANTIGA\GER\FILIAL\Cheque5Comp.XG0","D:\AtelieProd\Equipexe\Filiais\MOVANTIGA\GER\FILIAL","Cheque5Comp.XG0",".XG0","34816","15/01/2019 15:55:18"
"D:\AtelieProd\Equipexe\Filiais\MOVANTIGA\GER\FILIAL\Cheque5Comp.YG0","D:\AtelieProd\Equipexe\Filiais\MOVANTIGA\GER\FILIAL","Cheque5Comp.YG0",".YG0","4096","15/01/2019 15:55:18"
"D:\AtelieProd\Equipexe\Filiais\MOVANTIGA\GER\FILIAL\Cheque6.DB","D:\AtelieProd\Equipexe\Filiais\MOVANTIGA\GER\FILIAL","Cheque6.DB",".DB","2048","15/01/2019 15:55:18"
"D:\AtelieProd\Equipexe\Filiais\MOVANTIGA\GER\FILIAL\Cheque6.PX","D:\AtelieProd\Equipexe\Filiais\MOVANTIGA\GER\FILIAL","Cheque6.PX",".PX","2048","15/01/2019 15:55:18"
"D:\AtelieProd\Equipexe\Filiais\MOVANTIGA\GER\FILIAL\Cheque6Comp.DB","D:\AtelieProd\Equipexe\Filiais\MOVANTIGA\GER\FILIAL","Cheque6Comp.DB",".DB","2048","15/01/2019 15:55:18"
"D:\AtelieProd\Equipexe\Filiais\MOVANTIGA\GER\FILIAL\Cheque6Comp.PX","D:\AtelieProd\Equipexe\Filiais\MOVANTIGA\GER\FILIAL","Cheque6Comp.PX",".PX","2048","15/01/2019 15:55:18"
"D:\AtelieProd\Equipexe\Filiais\MOVANTIGA\GER\FILIAL\Cheque6Comp.XG0","D:\AtelieProd\Equipexe\Filiais\MOVANTIGA\GER\FILIAL","Cheque6Comp.XG0",".XG0","34816","15/01/2019 15:55:18"
"D:\AtelieProd\Equipexe\Filiais\MOVANTIGA\GER\FILIAL\Cheque6Comp.YG0","D:\AtelieProd\Equipexe\Filiais\MOVANTIGA\GER\FILIAL","Cheque6Comp.YG0",".YG0","4096","15/01/2019 15:55:18"
"D:\AtelieProd\Equipexe\Filiais\MOVANTIGA\GER\FILIAL\Cheque7.DB","D:\AtelieProd\Equipexe\Filiais\MOVANTIGA\GER\FILIAL","Cheque7.DB",".DB","2048","15/01/2019 15:55:18"
"D:\AtelieProd\Equipexe\Filiais\MOVANTIGA\GER\FILIAL\Cheque7.PX","D:\AtelieProd\Equipexe\Filiais\MOVANTIGA\GER\FILIAL","Cheque7.PX",".PX","2048","15/01/2019 15:55:18"
"D:\AtelieProd\Equipexe\Filiais\MOVANTIGA\GER\FILIAL\Cheque7Comp.DB","D:\AtelieProd\Equipexe\Filiais\MOVANTIGA\GER\FILIAL","Cheque7Comp.DB",".DB","2048","15/01/2019 15:55:18"
"D:\AtelieProd\Equipexe\Filiais\MOVANTIGA\GER\FILIAL\Cheque7Comp.PX","D:\AtelieProd\Equipexe\Filiais\MOVANTIGA\GER\FILIAL","Cheque7Comp.PX",".PX","2048","15/01/2019 15:55:18"
"D:\AtelieProd\Equipexe\Filiais\MOVANTIGA\GER\FILIAL\Cheque7Comp.XG0","D:\AtelieProd\Equipexe\Filiais\MOVANTIGA\GER\FILIAL","Cheque7Comp.XG0",".XG0","34816","15/01/2019 15:55:18"
"D:\AtelieProd\Equipexe\Filiais\MOVANTIGA\GER\FILIAL\Cheque7Comp.YG0","D:\AtelieProd\Equipexe\Filiais\MOVANTIGA\GER\FILIAL","Cheque7Comp.YG0",".YG0","4096","15/01/2019 15:55:18"
"D:\AtelieProd\Equipexe\Filiais\MOVANTIGA\GER\FILIAL\Cheque8.DB","D:\AtelieProd\Equipexe\Filiais\MOVANTIGA\GER\FILIAL","Cheque8.DB",".DB","2048","15/01/2019 15:55:18"
"D:\AtelieProd\Equipexe\Filiais\MOVANTIGA\GER\FILIAL\Cheque8.PX","D:\AtelieProd\Equipexe\Filiais\MOVANTIGA\GER\FILIAL","Cheque8.PX",".PX","2048","15/01/2019 15:55:18"
"D:\AtelieProd\Equipexe\Filiais\MOVANTIGA\GER\FILIAL\Cheque8Comp.DB","D:\AtelieProd\Equipexe\Filiais\MOVANTIGA\GER\FILIAL","Cheque8Comp.DB",".DB","2048","15/01/2019 15:55:20"
"D:\AtelieProd\Equipexe\Filiais\MOVANTIGA\GER\FILIAL\Cheque8Comp.PX","D:\AtelieProd\Equipexe\Filiais\MOVANTIGA\GER\FILIAL","Cheque8Comp.PX",".PX","2048","15/01/2019 15:55:20"
"D:\AtelieProd\Equipexe\Filiais\MOVANTIGA\GER\FILIAL\Cheque8Comp.XG0","D:\AtelieProd\Equipexe\Filiais\MOVANTIGA\GER\FILIAL","Cheque8Comp.XG0",".XG0","34816","15/01/2019 15:55:20"
"D:\AtelieProd\Equipexe\Filiais\MOVANTIGA\GER\FILIAL\Cheque8Comp.YG0","D:\AtelieProd\Equipexe\Filiais\MOVANTIGA\GER\FILIAL","Cheque8Comp.YG0",".YG0","4096","15/01/2019 15:55:20"
"D:\AtelieProd\Equipexe\Filiais\MOVANTIGA\GER\FILIAL\Cheque9.DB","D:\AtelieProd\Equipexe\Filiais\MOVANTIGA\GER\FILIAL","Cheque9.DB",".DB","2048","15/01/2019 15:55:20"
"D:\AtelieProd\Equipexe\Filiais\MOVANTIGA\GER\FILIAL\Cheque9.PX","D:\AtelieProd\Equipexe\Filiais\MOVANTIGA\GER\FILIAL","Cheque9.PX",".PX","2048","15/01/2019 15:55:20"
"D:\AtelieProd\Equipexe\Filiais\MOVANTIGA\GER\FILIAL\Cheque9Comp.DB","D:\AtelieProd\Equipexe\Filiais\MOVANTIGA\GER\FILIAL","Cheque9Comp.DB",".DB","2048","15/01/2019 15:55:20"
"D:\AtelieProd\Equipexe\Filiais\MOVANTIGA\GER\FILIAL\Cheque9Comp.PX","D:\AtelieProd\Equipexe\Filiais\MOVANTIGA\GER\FILIAL","Cheque9Comp.PX",".PX","2048","15/01/2019 15:55:20"
"D:\AtelieProd\Equipexe\Filiais\MOVANTIGA\GER\FILIAL\Cheque9Comp.XG0","D:\AtelieProd\Equipexe\Filiais\MOVANTIGA\GER\FILIAL","Cheque9Comp.XG0",".XG0","34816","15/01/2019 15:55:20"
"D:\AtelieProd\Equipexe\Filiais\MOVANTIGA\GER\FILIAL\Cheque9Comp.YG0","D:\AtelieProd\Equipexe\Filiais\MOVANTIGA\GER\FILIAL","Cheque9Comp.YG0",".YG0","4096","15/01/2019 15:55:20"
"D:\AtelieProd\Equipexe\Filiais\MOVANTIGA\GER\FILIAL\CompMat.DB","D:\AtelieProd\Equipexe\Filiais\MOVANTIGA\GER\FILIAL","CompMat.DB",".DB","2048","15/01/2019 15:55:26"
"D:\AtelieProd\Equipexe\Filiais\MOVANTIGA\GER\FILIAL\CompMat.PX","D:\AtelieProd\Equipexe\Filiais\MOVANTIGA\GER\FILIAL","CompMat.PX",".PX","2048","15/01/2019 15:55:26"
"D:\AtelieProd\Equipexe\Filiais\MOVANTIGA\GER\FILIAL\CompMat.XG0","D:\AtelieProd\Equipexe\Filiais\MOVANTIGA\GER\FILIAL","CompMat.XG0",".XG0","34816","15/01/2019 15:55:26"
"D:\AtelieProd\Equipexe\Filiais\MOVANTIGA\GER\FILIAL\CompMat.XG1","D:\AtelieProd\Equipexe\Filiais\MOVANTIGA\GER\FILIAL","CompMat.XG1",".XG1","34816","15/01/2019 15:55:26"
"D:\AtelieProd\Equipexe\Filiais\MOVANTIGA\GER\FILIAL\CompMat.YG0","D:\AtelieProd\Equipexe\Filiais\MOVANTIGA\GER\FILIAL","CompMat.YG0",".YG0","4096","15/01/2019 15:55:26"
"D:\AtelieProd\Equipexe\Filiais\MOVANTIGA\GER\FILIAL\CompMat.YG1","D:\AtelieProd\Equipexe\Filiais\MOVANTIGA\GER\FILIAL","CompMat.YG1",".YG1","4096","15/01/2019 15:55:26"
"D:\AtelieProd\Equipexe\Filiais\MOVANTIGA\GER\FILIAL\ContaCor1.DB","D:\AtelieProd\Equipexe\Filiais\MOVANTIGA\GER\FILIAL","ContaCor1.DB",".DB","2048","15/01/2019 15:55:26"
"D:\AtelieProd\Equipexe\Filiais\MOVANTIGA\GER\FILIAL\ContaCor1.PX","D:\AtelieProd\Equipexe\Filiais\MOVANTIGA\GER\FILIAL","ContaCor1.PX",".PX","2048","15/01/2019 15:55:26"
"D:\AtelieProd\Equipexe\Filiais\MOVANTIGA\GER\FILIAL\ContaCor1.XG0","D:\AtelieProd\Equipexe\Filiais\MOVANTIGA\GER\FILIAL","ContaCor1.XG0",".XG0","34816","15/01/2019 15:55:26"
"D:\AtelieProd\Equipexe\Filiais\MOVANTIGA\GER\FILIAL\ContaCor1.YG0","D:\AtelieProd\Equipexe\Filiais\MOVANTIGA\GER\FILIAL","ContaCor1.YG0",".YG0","4096","15/01/2019 15:55:26"
"D:\AtelieProd\Equipexe\Filiais\MOVANTIGA\GER\FILIAL\ContaCor2.DB","D:\AtelieProd\Equipexe\Filiais\MOVANTIGA\GER\FILIAL","ContaCor2.DB",".DB","2048","15/01/2019 15:55:28"
"D:\AtelieProd\Equipexe\Filiais\MOVANTIGA\GER\FILIAL\ContaCor2.PX","D:\AtelieProd\Equipexe\Filiais\MOVANTIGA\GER\FILIAL","ContaCor2.PX",".PX","2048","15/01/2019 15:55:28"
"D:\AtelieProd\Equipexe\Filiais\MOVANTIGA\GER\FILIAL\ContaCor2.XG0","D:\AtelieProd\Equipexe\Filiais\MOVANTIGA\GER\FILIAL","ContaCor2.XG0",".XG0","34816","15/01/2019 15:55:28"
"D:\AtelieProd\Equipexe\Filiais\MOVANTIGA\GER\FILIAL\ContaCor2.YG0","D:\AtelieProd\Equipexe\Filiais\MOVANTIGA\GER\FILIAL","ContaCor2.YG0",".YG0","4096","15/01/2019 15:55:28"
"D:\AtelieProd\Equipexe\Filiais\MOVANTIGA\GER\FILIAL\ContaCor3.DB","D:\AtelieProd\Equipexe\Filiais\MOVANTIGA\GER\FILIAL","ContaCor3.DB",".DB","2048","15/01/2019 15:55:28"
"D:\AtelieProd\Equipexe\Filiais\MOVANTIGA\GER\FILIAL\ContaCor3.PX","D:\AtelieProd\Equipexe\Filiais\MOVANTIGA\GER\FILIAL","ContaCor3.PX",".PX","2048","15/01/2019 15:55:28"
"D:\AtelieProd\Equipexe\Filiais\MOVANTIGA\GER\FILIAL\ContaCor3.XG0","D:\AtelieProd\Equipexe\Filiais\MOVANTIGA\GER\FILIAL","ContaCor3.XG0",".XG0","34816","15/01/2019 15:55:28"
"D:\AtelieProd\Equipexe\Filiais\MOVANTIGA\GER\FILIAL\ContaCor3.YG0","D:\AtelieProd\Equipexe\Filiais\MOVANTIGA\GER\FILIAL","ContaCor3.YG0",".YG0","4096","15/01/2019 15:55:28"
"D:\AtelieProd\Equipexe\Filiais\MOVANTIGA\GER\FILIAL\ContaCor4.DB","D:\AtelieProd\Equipexe\Filiais\MOVANTIGA\GER\FILIAL","ContaCor4.DB",".DB","2048","15/01/2019 15:55:28"
"D:\AtelieProd\Equipexe\Filiais\MOVANTIGA\GER\FILIAL\ContaCor4.PX","D:\AtelieProd\Equipexe\Filiais\MOVANTIGA\GER\FILIAL","ContaCor4.PX",".PX","2048","15/01/2019 15:55:28"
"D:\AtelieProd\Equipexe\Filiais\MOVANTIGA\GER\FILIAL\ContaCor4.XG0","D:\AtelieProd\Equipexe\Filiais\MOVANTIGA\GER\FILIAL","ContaCor4.XG0",".XG0","34816","15/01/2019 15:55:28"
"D:\AtelieProd\Equipexe\Filiais\MOVANTIGA\GER\FILIAL\ContaCor4.YG0","D:\AtelieProd\Equipexe\Filiais\MOVANTIGA\GER\FILIAL","ContaCor4.YG0",".YG0","4096","15/01/2019 15:55:28"
"D:\AtelieProd\Equipexe\Filiais\MOVANTIGA\GER\FILIAL\ContaCor5.DB","D:\AtelieProd\Equipexe\Filiais\MOVANTIGA\GER\FILIAL","ContaCor5.DB",".DB","2048","15/01/2019 15:55:28"
"D:\AtelieProd\Equipexe\Filiais\MOVANTIGA\GER\FILIAL\ContaCor5.PX","D:\AtelieProd\Equipexe\Filiais\MOVANTIGA\GER\FILIAL","ContaCor5.PX",".PX","2048","15/01/2019 15:55:28"
"D:\AtelieProd\Equipexe\Filiais\MOVANTIGA\GER\FILIAL\ContaCor5.XG0","D:\AtelieProd\Equipexe\Filiais\MOVANTIGA\GER\FILIAL","ContaCor5.XG0",".XG0","34816","15/01/2019 15:55:28"
"D:\AtelieProd\Equipexe\Filiais\MOVANTIGA\GER\FILIAL\ContaCor5.YG0","D:\AtelieProd\Equipexe\Filiais\MOVANTIGA\GER\FILIAL","ContaCor5.YG0",".YG0","4096","15/01/2019 15:55:28"
"D:\AtelieProd\Equipexe\Filiais\MOVANTIGA\GER\FILIAL\ContaCor6.DB","D:\AtelieProd\Equipexe\Filiais\MOVANTIGA\GER\FILIAL","ContaCor6.DB",".DB","2048","15/01/2019 15:55:28"
"D:\AtelieProd\Equipexe\Filiais\MOVANTIGA\GER\FILIAL\ContaCor6.PX","D:\AtelieProd\Equipexe\Filiais\MOVANTIGA\GER\FILIAL","ContaCor6.PX",".PX","2048","15/01/2019 15:55:28"
"D:\AtelieProd\Equipexe\Filiais\MOVANTIGA\GER\FILIAL\ContaCor6.XG0","D:\AtelieProd\Equipexe\Filiais\MOVANTIGA\GER\FILIAL","ContaCor6.XG0",".XG0","34816","15/01/2019 15:55:28"
"D:\AtelieProd\Equipexe\Filiais\MOVANTIGA\GER\FILIAL\ContaCor6.YG0","D:\AtelieProd\Equipexe\Filiais\MOVANTIGA\GER\FILIAL","ContaCor6.YG0",".YG0","4096","15/01/2019 15:55:28"
"D:\AtelieProd\Equipexe\Filiais\MOVANTIGA\GER\FILIAL\ContaCor7.DB","D:\AtelieProd\Equipexe\Filiais\MOVANTIGA\GER\FILIAL","ContaCor7.DB",".DB","2048","15/01/2019 15:55:28"
"D:\AtelieProd\Equipexe\Filiais\MOVANTIGA\GER\FILIAL\ContaCor7.PX","D:\AtelieProd\Equipexe\Filiais\MOVANTIGA\GER\FILIAL","ContaCor7.PX",".PX","2048","15/01/2019 15:55:28"
"D:\AtelieProd\Equipexe\Filiais\MOVANTIGA\GER\FILIAL\ContaCor7.XG0","D:\AtelieProd\Equipexe\Filiais\MOVANTIGA\GER\FILIAL","ContaCor7.XG0",".XG0","34816","15/01/2019 15:55:28"
"D:\AtelieProd\Equipexe\Filiais\MOVANTIGA\GER\FILIAL\ContaCor7.YG0","D:\AtelieProd\Equipexe\Filiais\MOVANTIGA\GER\FILIAL","ContaCor7.YG0",".YG0","4096","15/01/2019 15:55:28"
"D:\AtelieProd\Equipexe\Filiais\MOVANTIGA\GER\FILIAL\ContaCor8.DB","D:\AtelieProd\Equipexe\Filiais\MOVANTIGA\GER\FILIAL","ContaCor8.DB",".DB","2048","15/01/2019 15:55:28"
"D:\AtelieProd\Equipexe\Filiais\MOVANTIGA\GER\FILIAL\ContaCor8.PX","D:\AtelieProd\Equipexe\Filiais\MOVANTIGA\GER\FILIAL","ContaCor8.PX",".PX","2048","15/01/2019 15:55:28"
"D:\AtelieProd\Equipexe\Filiais\MOVANTIGA\GER\FILIAL\ContaCor8.XG0","D:\AtelieProd\Equipexe\Filiais\MOVANTIGA\GER\FILIAL","ContaCor8.XG0",".XG0","34816","15/01/2019 15:55:28"
"D:\AtelieProd\Equipexe\Filiais\MOVANTIGA\GER\FILIAL\ContaCor8.YG0","D:\AtelieProd\Equipexe\Filiais\MOVANTIGA\GER\FILIAL","ContaCor8.YG0",".YG0","4096","15/01/2019 15:55:28"
"D:\AtelieProd\Equipexe\Filiais\MOVANTIGA\GER\FILIAL\ContaCor9.DB","D:\AtelieProd\Equipexe\Filiais\MOVANTIGA\GER\FILIAL","ContaCor9.DB",".DB","2048","15/01/2019 15:55:28"
"D:\AtelieProd\Equipexe\Filiais\MOVANTIGA\GER\FILIAL\ContaCor9.PX","D:\AtelieProd\Equipexe\Filiais\MOVANTIGA\GER\FILIAL","ContaCor9.PX",".PX","2048","15/01/2019 15:55:28"
"D:\AtelieProd\Equipexe\Filiais\MOVANTIGA\GER\FILIAL\ContaCor9.XG0","D:\AtelieProd\Equipexe\Filiais\MOVANTIGA\GER\FILIAL","ContaCor9.XG0",".XG0","34816","15/01/2019 15:55:28"
"D:\AtelieProd\Equipexe\Filiais\MOVANTIGA\GER\FILIAL\ContaCor9.YG0","D:\AtelieProd\Equipexe\Filiais\MOVANTIGA\GER\FILIAL","ContaCor9.YG0",".YG0","4096","15/01/2019 15:55:28"
"D:\AtelieProd\Equipexe\Filiais\MOVANTIGA\GER\FILIAL\ContChequeLot.DB","D:\AtelieProd\Equipexe\Filiais\MOVANTIGA\GER\FILIAL","ContChequeLot.DB",".DB","2048","15/01/2019 15:55:30"
"D:\AtelieProd\Equipexe\Filiais\MOVANTIGA\GER\FILIAL\ContChequeLot.PX","D:\AtelieProd\Equipexe\Filiais\MOVANTIGA\GER\FILIAL","ContChequeLot.PX",".PX","2048","15/01/2019 15:55:30"
"D:\AtelieProd\Equipexe\Filiais\MOVANTIGA\GER\FILIAL\ContChequeRec.DB","D:\AtelieProd\Equipexe\Filiais\MOVANTIGA\GER\FILIAL","ContChequeRec.DB",".DB","2048","15/01/2019 15:55:30"
"D:\AtelieProd\Equipexe\Filiais\MOVANTIGA\GER\FILIAL\ContChequeRec.PX","D:\AtelieProd\Equipexe\Filiais\MOVANTIGA\GER\FILIAL","ContChequeRec.PX",".PX","2048","15/01/2019 15:55:30"
"D:\AtelieProd\Equipexe\Filiais\MOVANTIGA\GER\FILIAL\ContChequeRec.XG0","D:\AtelieProd\Equipexe\Filiais\MOVANTIGA\GER\FILIAL","ContChequeRec.XG0",".XG0","34816","15/01/2019 15:55:30"
"D:\AtelieProd\Equipexe\Filiais\MOVANTIGA\GER\FILIAL\ContChequeRec.XG1","D:\AtelieProd\Equipexe\Filiais\MOVANTIGA\GER\FILIAL","ContChequeRec.XG1",".XG1","34816","15/01/2019 15:55:30"
"D:\AtelieProd\Equipexe\Filiais\MOVANTIGA\GER\FILIAL\ContChequeRec.YG0","D:\AtelieProd\Equipexe\Filiais\MOVANTIGA\GER\FILIAL","ContChequeRec.YG0",".YG0","4096","15/01/2019 15:55:30"
"D:\AtelieProd\Equipexe\Filiais\MOVANTIGA\GER\FILIAL\ContChequeRec.YG1","D:\AtelieProd\Equipexe\Filiais\MOVANTIGA\GER\FILIAL","ContChequeRec.YG1",".YG1","4096","15/01/2019 15:55:30"
"D:\AtelieProd\Equipexe\Filiais\MOVANTIGA\GER\FILIAL\EncCai.DB","D:\AtelieProd\Equipexe\Filiais\MOVANTIGA\GER\FILIAL","EncCai.DB",".DB","2048","15/01/2019 15:55:52"
"D:\AtelieProd\Equipexe\Filiais\MOVANTIGA\GER\FILIAL\EncCai.PX","D:\AtelieProd\Equipexe\Filiais\MOVANTIGA\GER\FILIAL","EncCai.PX",".PX","2048","15/01/2019 15:55:52"
"D:\AtelieProd\Equipexe\Filiais\MOVANTIGA\GER\FILIAL\EncCc1.DB","D:\AtelieProd\Equipexe\Filiais\MOVANTIGA\GER\FILIAL","EncCc1.DB",".DB","2048","15/01/2019 15:55:56"
"D:\AtelieProd\Equipexe\Filiais\MOVANTIGA\GER\FILIAL\EncCc1.PX","D:\AtelieProd\Equipexe\Filiais\MOVANTIGA\GER\FILIAL","EncCc1.PX",".PX","2048","15/01/2019 15:55:56"
"D:\AtelieProd\Equipexe\Filiais\MOVANTIGA\GER\FILIAL\EncCc2.DB","D:\AtelieProd\Equipexe\Filiais\MOVANTIGA\GER\FILIAL","EncCc2.DB",".DB","2048","15/01/2019 15:55:56"
"D:\AtelieProd\Equipexe\Filiais\MOVANTIGA\GER\FILIAL\EncCc2.PX","D:\AtelieProd\Equipexe\Filiais\MOVANTIGA\GER\FILIAL","EncCc2.PX",".PX","2048","15/01/2019 15:55:56"
"D:\AtelieProd\Equipexe\Filiais\MOVANTIGA\GER\FILIAL\EncCc3.DB","D:\AtelieProd\Equipexe\Filiais\MOVANTIGA\GER\FILIAL","EncCc3.DB",".DB","2048","15/01/2019 15:55:56"
"D:\AtelieProd\Equipexe\Filiais\MOVANTIGA\GER\FILIAL\EncCc3.PX","D:\AtelieProd\Equipexe\Filiais\MOVANTIGA\GER\FILIAL","EncCc3.PX",".PX","2048","15/01/2019 15:55:56"
"D:\AtelieProd\Equipexe\Filiais\MOVANTIGA\GER\FILIAL\EncCc4.DB","D:\AtelieProd\Equipexe\Filiais\MOVANTIGA\GER\FILIAL","EncCc4.DB",".DB","2048","15/01/2019 15:55:56"
"D:\AtelieProd\Equipexe\Filiais\MOVANTIGA\GER\FILIAL\EncCc4.PX","D:\AtelieProd\Equipexe\Filiais\MOVANTIGA\GER\FILIAL","EncCc4.PX",".PX","2048","15/01/2019 15:55:56"
"D:\AtelieProd\Equipexe\Filiais\MOVANTIGA\GER\FILIAL\EncCc5.DB","D:\AtelieProd\Equipexe\Filiais\MOVANTIGA\GER\FILIAL","EncCc5.DB",".DB","2048","15/01/2019 15:55:56"
"D:\AtelieProd\Equipexe\Filiais\MOVANTIGA\GER\FILIAL\EncCc5.PX","D:\AtelieProd\Equipexe\Filiais\MOVANTIGA\GER\FILIAL","EncCc5.PX",".PX","2048","15/01/2019 15:55:56"
"D:\AtelieProd\Equipexe\Filiais\MOVANTIGA\GER\FILIAL\EncCc6.DB","D:\AtelieProd\Equipexe\Filiais\MOVANTIGA\GER\FILIAL","EncCc6.DB",".DB","2048","15/01/2019 15:55:56"
"D:\AtelieProd\Equipexe\Filiais\MOVANTIGA\GER\FILIAL\EncCc6.PX","D:\AtelieProd\Equipexe\Filiais\MOVANTIGA\GER\FILIAL","EncCc6.PX",".PX","2048","15/01/2019 15:55:56"
"D:\AtelieProd\Equipexe\Filiais\MOVANTIGA\GER\FILIAL\EncCc7.DB","D:\AtelieProd\Equipexe\Filiais\MOVANTIGA\GER\FILIAL","EncCc7.DB",".DB","2048","15/01/2019 15:55:56"
"D:\AtelieProd\Equipexe\Filiais\MOVANTIGA\GER\FILIAL\EncCc7.PX","D:\AtelieProd\Equipexe\Filiais\MOVANTIGA\GER\FILIAL","EncCc7.PX",".PX","2048","15/01/2019 15:55:56"
"D:\AtelieProd\Equipexe\Filiais\MOVANTIGA\GER\FILIAL\EncCc8.DB","D:\AtelieProd\Equipexe\Filiais\MOVANTIGA\GER\FILIAL","EncCc8.DB",".DB","2048","15/01/2019 15:55:56"
"D:\AtelieProd\Equipexe\Filiais\MOVANTIGA\GER\FILIAL\EncCc8.PX","D:\AtelieProd\Equipexe\Filiais\MOVANTIGA\GER\FILIAL","EncCc8.PX",".PX","2048","15/01/2019 15:55:56"
"D:\AtelieProd\Equipexe\Filiais\MOVANTIGA\GER\FILIAL\EncCc9.DB","D:\AtelieProd\Equipexe\Filiais\MOVANTIGA\GER\FILIAL","EncCc9.DB",".DB","2048","15/01/2019 15:55:58"
"D:\AtelieProd\Equipexe\Filiais\MOVANTIGA\GER\FILIAL\EncCc9.PX","D:\AtelieProd\Equipexe\Filiais\MOVANTIGA\GER\FILIAL","EncCc9.PX",".PX","2048","15/01/2019 15:55:58"
"D:\AtelieProd\Equipexe\Filiais\MOVANTIGA\GER\FILIAL\EnvEmails.DB","D:\AtelieProd\Equipexe\Filiais\MOVANTIGA\GER\FILIAL","EnvEmails.DB",".DB","2048","15/01/2019 15:55:58"
"D:\AtelieProd\Equipexe\Filiais\MOVANTIGA\GER\FILIAL\EnvEmails.PX","D:\AtelieProd\Equipexe\Filiais\MOVANTIGA\GER\FILIAL","EnvEmails.PX",".PX","2048","15/01/2019 15:55:58"
"D:\AtelieProd\Equipexe\Filiais\MOVANTIGA\GER\FILIAL\EnvEmails.XG0","D:\AtelieProd\Equipexe\Filiais\MOVANTIGA\GER\FILIAL","EnvEmails.XG0",".XG0","34816","15/01/2019 15:55:58"
"D:\AtelieProd\Equipexe\Filiais\MOVANTIGA\GER\FILIAL\EnvEmails.XG1","D:\AtelieProd\Equipexe\Filiais\MOVANTIGA\GER\FILIAL","EnvEmails.XG1",".XG1","34816","15/01/2019 15:55:58"
"D:\AtelieProd\Equipexe\Filiais\MOVANTIGA\GER\FILIAL\EnvEmails.YG0","D:\AtelieProd\Equipexe\Filiais\MOVANTIGA\GER\FILIAL","EnvEmails.YG0",".YG0","4096","15/01/2019 15:55:58"
"D:\AtelieProd\Equipexe\Filiais\MOVANTIGA\GER\FILIAL\EnvEmails.YG1","D:\AtelieProd\Equipexe\Filiais\MOVANTIGA\GER\FILIAL","EnvEmails.YG1",".YG1","4096","15/01/2019 15:55:58"
"D:\AtelieProd\Equipexe\Filiais\MOVANTIGA\GER\FILIAL\LanOrc.DB","D:\AtelieProd\Equipexe\Filiais\MOVANTIGA\GER\FILIAL","LanOrc.DB",".DB","2048","15/01/2019 15:56:14"
"D:\AtelieProd\Equipexe\Filiais\MOVANTIGA\GER\FILIAL\LanOrc.PX","D:\AtelieProd\Equipexe\Filiais\MOVANTIGA\GER\FILIAL","LanOrc.PX",".PX","2048","15/01/2019 15:56:14"
"D:\AtelieProd\Equipexe\Filiais\MOVANTIGA\GER\FILIAL\LanOrc.XG0","D:\AtelieProd\Equipexe\Filiais\MOVANTIGA\GER\FILIAL","LanOrc.XG0",".XG0","34816","15/01/2019 15:56:14"
"D:\AtelieProd\Equipexe\Filiais\MOVANTIGA\GER\FILIAL\LanOrc.YG0","D:\AtelieProd\Equipexe\Filiais\MOVANTIGA\GER\FILIAL","LanOrc.YG0",".YG0","4096","15/01/2019 15:56:14"
"D:\AtelieProd\Equipexe\Filiais\MOVANTIGA\GER\FILIAL\LanOrcPro.DB","D:\AtelieProd\Equipexe\Filiais\MOVANTIGA\GER\FILIAL","LanOrcPro.DB",".DB","2048","15/01/2019 15:56:14"
"D:\AtelieProd\Equipexe\Filiais\MOVANTIGA\GER\FILIAL\LanOrcPro.PX","D:\AtelieProd\Equipexe\Filiais\MOVANTIGA\GER\FILIAL","LanOrcPro.PX",".PX","2048","15/01/2019 15:56:14"
"D:\AtelieProd\Equipexe\Filiais\MOVANTIGA\GER\FILIAL\LanOrcPro.XG0","D:\AtelieProd\Equipexe\Filiais\MOVANTIGA\GER\FILIAL","LanOrcPro.XG0",".XG0","34816","15/01/2019 15:56:14"
"D:\AtelieProd\Equipexe\Filiais\MOVANTIGA\GER\FILIAL\LanOrcPro.YG0","D:\AtelieProd\Equipexe\Filiais\MOVANTIGA\GER\FILIAL","LanOrcPro.YG0",".YG0","4096","15/01/2019 15:56:14"
"D:\AtelieProd\Equipexe\Filiais\MOVANTIGA\GER\FILIAL\Material.DB","D:\AtelieProd\Equipexe\Filiais\MOVANTIGA\GER\FILIAL","Material.DB",".DB","2048","15/01/2019 15:56:18"
"D:\AtelieProd\Equipexe\Filiais\MOVANTIGA\GER\FILIAL\Material.PX","D:\AtelieProd\Equipexe\Filiais\MOVANTIGA\GER\FILIAL","Material.PX",".PX","2048","15/01/2019 15:56:18"
"D:\AtelieProd\Equipexe\Filiais\MOVANTIGA\GER\FILIAL\Material.XG0","D:\AtelieProd\Equipexe\Filiais\MOVANTIGA\GER\FILIAL","Material.XG0",".XG0","34816","15/01/2019 15:56:18"
"D:\AtelieProd\Equipexe\Filiais\MOVANTIGA\GER\FILIAL\Material.YG0","D:\AtelieProd\Equipexe\Filiais\MOVANTIGA\GER\FILIAL","Material.YG0",".YG0","4096","15/01/2019 15:56:18"
"D:\AtelieProd\Equipexe\Filiais\MOVANTIGA\GER\FILIAL\MensagensSMS.DB","D:\AtelieProd\Equipexe\Filiais\MOVANTIGA\GER\FILIAL","MensagensSMS.DB",".DB","2048","15/01/2019 15:56:18"
"D:\AtelieProd\Equipexe\Filiais\MOVANTIGA\GER\FILIAL\MensagensSMS.PX","D:\AtelieProd\Equipexe\Filiais\MOVANTIGA\GER\FILIAL","MensagensSMS.PX",".PX","2048","15/01/2019 15:56:18"
"D:\AtelieProd\Equipexe\Filiais\MOVANTIGA\GER\FILIAL\MovConTel.DB","D:\AtelieProd\Equipexe\Filiais\MOVANTIGA\GER\FILIAL","MovConTel.DB",".DB","2048","15/01/2019 15:56:30"
"D:\AtelieProd\Equipexe\Filiais\MOVANTIGA\GER\FILIAL\MovConTel.PX","D:\AtelieProd\Equipexe\Filiais\MOVANTIGA\GER\FILIAL","MovConTel.PX",".PX","2048","15/01/2019 15:56:30"
"D:\AtelieProd\Equipexe\Filiais\MOVANTIGA\GER\FILIAL\MovConTel.XG0","D:\AtelieProd\Equipexe\Filiais\MOVANTIGA\GER\FILIAL","MovConTel.XG0",".XG0","34816","15/01/2019 15:56:30"
"D:\AtelieProd\Equipexe\Filiais\MOVANTIGA\GER\FILIAL\MovConTel.YG0","D:\AtelieProd\Equipexe\Filiais\MOVANTIGA\GER\FILIAL","MovConTel.YG0",".YG0","4096","15/01/2019 15:56:30"
"D:\AtelieProd\Equipexe\Filiais\MOVANTIGA\GER\FILIAL\MovControle.DB","D:\AtelieProd\Equipexe\Filiais\MOVANTIGA\GER\FILIAL","MovControle.DB",".DB","4096","15/01/2019 15:56:30"
"D:\AtelieProd\Equipexe\Filiais\MOVANTIGA\GER\FILIAL\MovControle.PX","D:\AtelieProd\Equipexe\Filiais\MOVANTIGA\GER\FILIAL","MovControle.PX",".PX","2048","15/01/2019 15:56:30"
"D:\AtelieProd\Equipexe\Filiais\MOVANTIGA\GER\FILIAL\MovControle.XG0","D:\AtelieProd\Equipexe\Filiais\MOVANTIGA\GER\FILIAL","MovControle.XG0",".XG0","34816","15/01/2019 15:56:30"
"D:\AtelieProd\Equipexe\Filiais\MOVANTIGA\GER\FILIAL\MovControle.XG1","D:\AtelieProd\Equipexe\Filiais\MOVANTIGA\GER\FILIAL","MovControle.XG1",".XG1","34816","15/01/2019 15:56:32"
"D:\AtelieProd\Equipexe\Filiais\MOVANTIGA\GER\FILIAL\MovControle.YG0","D:\AtelieProd\Equipexe\Filiais\MOVANTIGA\GER\FILIAL","MovControle.YG0",".YG0","4096","15/01/2019 15:56:30"
"D:\AtelieProd\Equipexe\Filiais\MOVANTIGA\GER\FILIAL\MovControle.YG1","D:\AtelieProd\Equipexe\Filiais\MOVANTIGA\GER\FILIAL","MovControle.YG1",".YG1","4096","15/01/2019 15:56:32"
"D:\AtelieProd\Equipexe\Filiais\MOVANTIGA\GER\FILIAL\MovProc.DB","D:\AtelieProd\Equipexe\Filiais\MOVANTIGA\GER\FILIAL","MovProc.DB",".DB","2048","15/01/2019 15:56:46"
"D:\AtelieProd\Equipexe\Filiais\MOVANTIGA\GER\FILIAL\MovProc.PX","D:\AtelieProd\Equipexe\Filiais\MOVANTIGA\GER\FILIAL","MovProc.PX",".PX","2048","15/01/2019 15:56:46"
"D:\AtelieProd\Equipexe\Filiais\MOVANTIGA\GER\FILIAL\MovProc.XG0","D:\AtelieProd\Equipexe\Filiais\MOVANTIGA\GER\FILIAL","MovProc.XG0",".XG0","34816","15/01/2019 15:56:46"
"D:\AtelieProd\Equipexe\Filiais\MOVANTIGA\GER\FILIAL\MovProc.XG1","D:\AtelieProd\Equipexe\Filiais\MOVANTIGA\GER\FILIAL","MovProc.XG1",".XG1","34816","15/01/2019 15:56:46"
"D:\AtelieProd\Equipexe\Filiais\MOVANTIGA\GER\FILIAL\MovProc.YG0","D:\AtelieProd\Equipexe\Filiais\MOVANTIGA\GER\FILIAL","MovProc.YG0",".YG0","4096","15/01/2019 15:56:46"
"D:\AtelieProd\Equipexe\Filiais\MOVANTIGA\GER\FILIAL\MovProc.YG1","D:\AtelieProd\Equipexe\Filiais\MOVANTIGA\GER\FILIAL","MovProc.YG1",".YG1","4096","15/01/2019 15:56:46"
"D:\AtelieProd\Equipexe\Filiais\MOVANTIGA\GER\FILIAL\MovProcItem.DB","D:\AtelieProd\Equipexe\Filiais\MOVANTIGA\GER\FILIAL","MovProcItem.DB",".DB","2048","15/01/2019 15:56:48"
"D:\AtelieProd\Equipexe\Filiais\MOVANTIGA\GER\FILIAL\MovProcItem.PX","D:\AtelieProd\Equipexe\Filiais\MOVANTIGA\GER\FILIAL","MovProcItem.PX",".PX","2048","15/01/2019 15:56:48"
"D:\AtelieProd\Equipexe\Filiais\MOVANTIGA\GER\FILIAL\MovProcItem.XG0","D:\AtelieProd\Equipexe\Filiais\MOVANTIGA\GER\FILIAL","MovProcItem.XG0",".XG0","34816","15/01/2019 15:56:48"
"D:\AtelieProd\Equipexe\Filiais\MOVANTIGA\GER\FILIAL\MovProcItem.XG1","D:\AtelieProd\Equipexe\Filiais\MOVANTIGA\GER\FILIAL","MovProcItem.XG1",".XG1","34816","15/01/2019 15:56:48"
"D:\AtelieProd\Equipexe\Filiais\MOVANTIGA\GER\FILIAL\MovProcItem.YG0","D:\AtelieProd\Equipexe\Filiais\MOVANTIGA\GER\FILIAL","MovProcItem.YG0",".YG0","4096","15/01/2019 15:56:48"
"D:\AtelieProd\Equipexe\Filiais\MOVANTIGA\GER\FILIAL\MovProcItem.YG1","D:\AtelieProd\Equipexe\Filiais\MOVANTIGA\GER\FILIAL","MovProcItem.YG1",".YG1","4096","15/01/2019 15:56:48"
"D:\AtelieProd\Equipexe\Filiais\MOVANTIGA\GER\FILIAL\NovoReg.DB","D:\AtelieProd\Equipexe\Filiais\MOVANTIGA\GER\FILIAL","NovoReg.DB",".DB","2048","15/01/2019 15:57:12"
"D:\AtelieProd\Equipexe\Filiais\MOVANTIGA\GER\FILIAL\Ponto.DB","D:\AtelieProd\Equipexe\Filiais\MOVANTIGA\GER\FILIAL","Ponto.DB",".DB","133120","15/01/2019 15:57:20"
"D:\AtelieProd\Equipexe\Filiais\MOVANTIGA\GER\FILIAL\Ponto.PX","D:\AtelieProd\Equipexe\Filiais\MOVANTIGA\GER\FILIAL","Ponto.PX",".PX","4096","15/01/2019 15:57:20"
"D:\AtelieProd\Equipexe\Filiais\MOVANTIGA\GER\FILIAL\Ponto.XG0","D:\AtelieProd\Equipexe\Filiais\MOVANTIGA\GER\FILIAL","Ponto.XG0",".XG0","34816","15/01/2019 15:57:20"
"D:\AtelieProd\Equipexe\Filiais\MOVANTIGA\GER\FILIAL\Ponto.XG1","D:\AtelieProd\Equipexe\Filiais\MOVANTIGA\GER\FILIAL","Ponto.XG1",".XG1","34816","15/01/2019 15:57:20"
"D:\AtelieProd\Equipexe\Filiais\MOVANTIGA\GER\FILIAL\Ponto.YG0","D:\AtelieProd\Equipexe\Filiais\MOVANTIGA\GER\FILIAL","Ponto.YG0",".YG0","4096","15/01/2019 15:57:20"
"D:\AtelieProd\Equipexe\Filiais\MOVANTIGA\GER\FILIAL\Ponto.YG1","D:\AtelieProd\Equipexe\Filiais\MOVANTIGA\GER\FILIAL","Ponto.YG1",".YG1","4096","15/01/2019 15:57:20"
"D:\AtelieProd\Equipexe\Filiais\MOVANTIGA\GER\FILIAL\PontoEnc.DB","D:\AtelieProd\Equipexe\Filiais\MOVANTIGA\GER\FILIAL","PontoEnc.DB",".DB","2048","15/01/2019 15:57:20"
"D:\AtelieProd\Equipexe\Filiais\MOVANTIGA\GER\FILIAL\PontoEnc.PX","D:\AtelieProd\Equipexe\Filiais\MOVANTIGA\GER\FILIAL","PontoEnc.PX",".PX","2048","15/01/2019 15:57:20"
"D:\AtelieProd\Equipexe\Filiais\MOVANTIGA\GER\FILIAL\PontoEnc.XG0","D:\AtelieProd\Equipexe\Filiais\MOVANTIGA\GER\FILIAL","PontoEnc.XG0",".XG0","34816","15/01/2019 15:57:20"
"D:\AtelieProd\Equipexe\Filiais\MOVANTIGA\GER\FILIAL\PontoEnc.YG0","D:\AtelieProd\Equipexe\Filiais\MOVANTIGA\GER\FILIAL","PontoEnc.YG0",".YG0","4096","15/01/2019 15:57:20"
"D:\AtelieProd\Equipexe\Filiais\MOVANTIGA\GER\FILIAL\ProcesMaq.DB","D:\AtelieProd\Equipexe\Filiais\MOVANTIGA\GER\FILIAL","ProcesMaq.DB",".DB","2048","15/01/2019 15:57:22"
"D:\AtelieProd\Equipexe\Filiais\MOVANTIGA\GER\FILIAL\ProcesMaq.PX","D:\AtelieProd\Equipexe\Filiais\MOVANTIGA\GER\FILIAL","ProcesMaq.PX",".PX","2048","15/01/2019 15:57:22"
"D:\AtelieProd\Equipexe\Filiais\MOVANTIGA\GER\FILIAL\ProcesMaqComp.DB","D:\AtelieProd\Equipexe\Filiais\MOVANTIGA\GER\FILIAL","ProcesMaqComp.DB",".DB","2048","15/01/2019 15:57:22"
"D:\AtelieProd\Equipexe\Filiais\MOVANTIGA\GER\FILIAL\ProcesMaqComp.PX","D:\AtelieProd\Equipexe\Filiais\MOVANTIGA\GER\FILIAL","ProcesMaqComp.PX",".PX","2048","15/01/2019 15:57:22"
"D:\AtelieProd\Equipexe\Filiais\MOVANTIGA\GER\FILIAL\ProdComArea.DB","D:\AtelieProd\Equipexe\Filiais\MOVANTIGA\GER\FILIAL","ProdComArea.DB",".DB","2048","15/01/2019 15:57:22"
"D:\AtelieProd\Equipexe\Filiais\MOVANTIGA\GER\FILIAL\ProdComArea.PX","D:\AtelieProd\Equipexe\Filiais\MOVANTIGA\GER\FILIAL","ProdComArea.PX",".PX","2048","15/01/2019 15:57:22"
"D:\AtelieProd\Equipexe\Filiais\MOVANTIGA\GER\FILIAL\ProdComArea.XG0","D:\AtelieProd\Equipexe\Filiais\MOVANTIGA\GER\FILIAL","ProdComArea.XG0",".XG0","34816","15/01/2019 15:57:22"
"D:\AtelieProd\Equipexe\Filiais\MOVANTIGA\GER\FILIAL\ProdComArea.XG1","D:\AtelieProd\Equipexe\Filiais\MOVANTIGA\GER\FILIAL","ProdComArea.XG1",".XG1","34816","15/01/2019 15:57:22"
"D:\AtelieProd\Equipexe\Filiais\MOVANTIGA\GER\FILIAL\ProdComArea.YG0","D:\AtelieProd\Equipexe\Filiais\MOVANTIGA\GER\FILIAL","ProdComArea.YG0",".YG0","4096","15/01/2019 15:57:22"
"D:\AtelieProd\Equipexe\Filiais\MOVANTIGA\GER\FILIAL\ProdComArea.YG1","D:\AtelieProd\Equipexe\Filiais\MOVANTIGA\GER\FILIAL","ProdComArea.YG1",".YG1","4096","15/01/2019 15:57:22"
"D:\AtelieProd\Equipexe\Filiais\MOVANTIGA\GER\FILIAL\ProdKit.DB","D:\AtelieProd\Equipexe\Filiais\MOVANTIGA\GER\FILIAL","ProdKit.DB",".DB","2048","15/01/2019 15:57:24"
"D:\AtelieProd\Equipexe\Filiais\MOVANTIGA\GER\FILIAL\ProdKit.PX","D:\AtelieProd\Equipexe\Filiais\MOVANTIGA\GER\FILIAL","ProdKit.PX",".PX","2048","15/01/2019 15:57:24"
"D:\AtelieProd\Equipexe\Filiais\MOVANTIGA\GER\FILIAL\ProdKit.XG0","D:\AtelieProd\Equipexe\Filiais\MOVANTIGA\GER\FILIAL","ProdKit.XG0",".XG0","34816","15/01/2019 15:57:24"
"D:\AtelieProd\Equipexe\Filiais\MOVANTIGA\GER\FILIAL\ProdKit.YG0","D:\AtelieProd\Equipexe\Filiais\MOVANTIGA\GER\FILIAL","ProdKit.YG0",".YG0","4096","15/01/2019 15:57:24"
"D:\AtelieProd\Equipexe\Filiais\MOVANTIGA\GER\FILIAL\Produt.DB","D:\AtelieProd\Equipexe\Filiais\MOVANTIGA\GER\FILIAL","Produt.DB",".DB","133120","15/01/2019 15:57:24"
"D:\AtelieProd\Equipexe\Filiais\MOVANTIGA\GER\FILIAL\Produt.PX","D:\AtelieProd\Equipexe\Filiais\MOVANTIGA\GER\FILIAL","Produt.PX",".PX","4096","15/01/2019 15:57:24"
"D:\AtelieProd\Equipexe\Filiais\MOVANTIGA\GER\FILIAL\Produt.XG0","D:\AtelieProd\Equipexe\Filiais\MOVANTIGA\GER\FILIAL","Produt.XG0",".XG0","34816","15/01/2019 15:57:24"
"D:\AtelieProd\Equipexe\Filiais\MOVANTIGA\GER\FILIAL\Produt.XG1","D:\AtelieProd\Equipexe\Filiais\MOVANTIGA\GER\FILIAL","Produt.XG1",".XG1","34816","15/01/2019 15:57:24"
"D:\AtelieProd\Equipexe\Filiais\MOVANTIGA\GER\FILIAL\Produt.YG0","D:\AtelieProd\Equipexe\Filiais\MOVANTIGA\GER\FILIAL","Produt.YG0",".YG0","4096","15/01/2019 15:57:24"
"D:\AtelieProd\Equipexe\Filiais\MOVANTIGA\GER\FILIAL\Produt.YG1","D:\AtelieProd\Equipexe\Filiais\MOVANTIGA\GER\FILIAL","Produt.YG1",".YG1","4096","15/01/2019 15:57:24"
"D:\AtelieProd\Equipexe\Filiais\MOVANTIGA\GER\FILIAL\ProdutImp.DB","D:\AtelieProd\Equipexe\Filiais\MOVANTIGA\GER\FILIAL","ProdutImp.DB",".DB","2048","15/01/2019 15:57:24"
"D:\AtelieProd\Equipexe\Filiais\MOVANTIGA\GER\FILIAL\ProdutImp.PX","D:\AtelieProd\Equipexe\Filiais\MOVANTIGA\GER\FILIAL","ProdutImp.PX",".PX","2048","15/01/2019 15:57:24"
"D:\AtelieProd\Equipexe\Filiais\MOVANTIGA\GER\FILIAL\ProdutImp.XG0","D:\AtelieProd\Equipexe\Filiais\MOVANTIGA\GER\FILIAL","ProdutImp.XG0",".XG0","34816","15/01/2019 15:57:24"
"D:\AtelieProd\Equipexe\Filiais\MOVANTIGA\GER\FILIAL\ProdutImp.YG0","D:\AtelieProd\Equipexe\Filiais\MOVANTIGA\GER\FILIAL","ProdutImp.YG0",".YG0","4096","15/01/2019 15:57:24"
"D:\AtelieProd\Equipexe\Filiais\MOVANTIGA\GER\FILIAL\ProFaiCom.DB","D:\AtelieProd\Equipexe\Filiais\MOVANTIGA\GER\FILIAL","ProFaiCom.DB",".DB","2048","15/01/2019 15:57:24"
"D:\AtelieProd\Equipexe\Filiais\MOVANTIGA\GER\FILIAL\ProFaiCom.PX","D:\AtelieProd\Equipexe\Filiais\MOVANTIGA\GER\FILIAL","ProFaiCom.PX",".PX","2048","15/01/2019 15:57:24"
"D:\AtelieProd\Equipexe\Filiais\MOVANTIGA\GER\FILIAL\ResCli.DB","D:\AtelieProd\Equipexe\Filiais\MOVANTIGA\GER\FILIAL","ResCli.DB",".DB","2048","15/01/2019 15:57:26"
"D:\AtelieProd\Equipexe\Filiais\MOVANTIGA\GER\FILIAL\ResCli.PX","D:\AtelieProd\Equipexe\Filiais\MOVANTIGA\GER\FILIAL","ResCli.PX",".PX","2048","15/01/2019 15:57:26"
"D:\AtelieProd\Equipexe\Filiais\MOVANTIGA\GER\FILIAL\ResCli.XG0","D:\AtelieProd\Equipexe\Filiais\MOVANTIGA\GER\FILIAL","ResCli.XG0",".XG0","34816","15/01/2019 15:57:26"
"D:\AtelieProd\Equipexe\Filiais\MOVANTIGA\GER\FILIAL\ResCli.YG0","D:\AtelieProd\Equipexe\Filiais\MOVANTIGA\GER\FILIAL","ResCli.YG0",".YG0","4096","15/01/2019 15:57:26"
"D:\AtelieProd\Equipexe\Filiais\MOVANTIGA\GER\FILIAL\ResPro.DB","D:\AtelieProd\Equipexe\Filiais\MOVANTIGA\GER\FILIAL","ResPro.DB",".DB","2048","15/01/2019 15:57:26"
"D:\AtelieProd\Equipexe\Filiais\MOVANTIGA\GER\FILIAL\ResPro.PX","D:\AtelieProd\Equipexe\Filiais\MOVANTIGA\GER\FILIAL","ResPro.PX",".PX","2048","15/01/2019 15:57:26"
"D:\AtelieProd\Equipexe\Filiais\MOVANTIGA\GER\FILIAL\ResPro.XG0","D:\AtelieProd\Equipexe\Filiais\MOVANTIGA\GER\FILIAL","ResPro.XG0",".XG0","34816","15/01/2019 15:57:26"
"D:\AtelieProd\Equipexe\Filiais\MOVANTIGA\GER\FILIAL\ResPro.YG0","D:\AtelieProd\Equipexe\Filiais\MOVANTIGA\GER\FILIAL","ResPro.YG0",".YG0","4096","15/01/2019 15:57:26"
"D:\AtelieProd\Equipexe\Filiais\MOVANTIGA\GER\FILIAL\tabcopmat.PX","D:\AtelieProd\Equipexe\Filiais\MOVANTIGA\GER\FILIAL","tabcopmat.PX",".PX","2048","07/04/1997 11:10:28"
"D:\AtelieProd\Equipexe\Filiais\MOVANTIGA\GER\FILIAL\tabmat.db","D:\AtelieProd\Equipexe\Filiais\MOVANTIGA\GER\FILIAL","tabmat.db",".db","2048","07/04/1997 11:08:28"
"D:\AtelieProd\Equipexe\Filiais\MOVANTIGA\GER\FILIAL\tabmat.PX","D:\AtelieProd\Equipexe\Filiais\MOVANTIGA\GER\FILIAL","tabmat.PX",".PX","2048","07/04/1997 11:08:28"
"D:\AtelieProd\Equipexe\Filiais\MOVANTIGA\GER\FILIAL\TimeSheet.DB","D:\AtelieProd\Equipexe\Filiais\MOVANTIGA\GER\FILIAL","TimeSheet.DB",".DB","2048","15/01/2019 15:57:36"
"D:\AtelieProd\Equipexe\Filiais\MOVANTIGA\GER\FILIAL\TimeSheet.PX","D:\AtelieProd\Equipexe\Filiais\MOVANTIGA\GER\FILIAL","TimeSheet.PX",".PX","2048","15/01/2019 15:57:36"
"D:\AtelieProd\Equipexe\Filiais\MOVANTIGA\LAV\DADOS\CadAdv.DB","D:\AtelieProd\Equipexe\Filiais\MOVANTIGA\LAV\DADOS","CadAdv.DB",".DB","2048","15/01/2019 15:54:48"
"D:\AtelieProd\Equipexe\Filiais\MOVANTIGA\LAV\DADOS\CadAdv.PX","D:\AtelieProd\Equipexe\Filiais\MOVANTIGA\LAV\DADOS","CadAdv.PX",".PX","2048","15/01/2019 15:54:48"
"D:\AtelieProd\Equipexe\Filiais\MOVANTIGA\LAV\DADOS\CadAdvTip.DB","D:\AtelieProd\Equipexe\Filiais\MOVANTIGA\LAV\DADOS","CadAdvTip.DB",".DB","2048","15/01/2019 15:54:48"
"D:\AtelieProd\Equipexe\Filiais\MOVANTIGA\LAV\DADOS\CadAdvTip.PX","D:\AtelieProd\Equipexe\Filiais\MOVANTIGA\LAV\DADOS","CadAdvTip.PX",".PX","2048","15/01/2019 15:54:48"
"D:\AtelieProd\Equipexe\Filiais\MOVANTIGA\LAV\DADOS\CadAdvTip.XG0","D:\AtelieProd\Equipexe\Filiais\MOVANTIGA\LAV\DADOS","CadAdvTip.XG0",".XG0","34816","15/01/2019 15:54:48"
"D:\AtelieProd\Equipexe\Filiais\MOVANTIGA\LAV\DADOS\CadAdvTip.YG0","D:\AtelieProd\Equipexe\Filiais\MOVANTIGA\LAV\DADOS","CadAdvTip.YG0",".YG0","4096","15/01/2019 15:54:48"
"D:\AtelieProd\Equipexe\Filiais\MOVANTIGA\LAV\DADOS\CadAgrPro.DB","D:\AtelieProd\Equipexe\Filiais\MOVANTIGA\LAV\DADOS","CadAgrPro.DB",".DB","2048","15/01/2019 15:54:48"
"D:\AtelieProd\Equipexe\Filiais\MOVANTIGA\LAV\DADOS\CadAgrPro.PX","D:\AtelieProd\Equipexe\Filiais\MOVANTIGA\LAV\DADOS","CadAgrPro.PX",".PX","2048","15/01/2019 15:54:48"
"D:\AtelieProd\Equipexe\Filiais\MOVANTIGA\LAV\DADOS\CadCorTer.DB","D:\AtelieProd\Equipexe\Filiais\MOVANTIGA\LAV\DADOS","CadCorTer.DB",".DB","2048","15/01/2019 15:54:54"
"D:\AtelieProd\Equipexe\Filiais\MOVANTIGA\LAV\DADOS\CadCorTer.PX","D:\AtelieProd\Equipexe\Filiais\MOVANTIGA\LAV\DADOS","CadCorTer.PX",".PX","2048","15/01/2019 15:54:54"
"D:\AtelieProd\Equipexe\Filiais\MOVANTIGA\LAV\DADOS\CadCorTer.XG0","D:\AtelieProd\Equipexe\Filiais\MOVANTIGA\LAV\DADOS","CadCorTer.XG0",".XG0","34816","15/01/2019 15:54:54"
"D:\AtelieProd\Equipexe\Filiais\MOVANTIGA\LAV\DADOS\CadCorTer.YG0","D:\AtelieProd\Equipexe\Filiais\MOVANTIGA\LAV\DADOS","CadCorTer.YG0",".YG0","4096","15/01/2019 15:54:54"
"D:\AtelieProd\Equipexe\Filiais\MOVANTIGA\LAV\DADOS\CadDefeitoGru.DB","D:\AtelieProd\Equipexe\Filiais\MOVANTIGA\LAV\DADOS","CadDefeitoGru.DB",".DB","2048","15/01/2019 15:54:56"
"D:\AtelieProd\Equipexe\Filiais\MOVANTIGA\LAV\DADOS\CadDefeitoGru.PX","D:\AtelieProd\Equipexe\Filiais\MOVANTIGA\LAV\DADOS","CadDefeitoGru.PX",".PX","2048","15/01/2019 15:54:56"
"D:\AtelieProd\Equipexe\Filiais\MOVANTIGA\LAV\DADOS\CadFatorGru.DB","D:\AtelieProd\Equipexe\Filiais\MOVANTIGA\LAV\DADOS","CadFatorGru.DB",".DB","2048","15/01/2019 15:54:58"
"D:\AtelieProd\Equipexe\Filiais\MOVANTIGA\LAV\DADOS\CadFatorGru.PX","D:\AtelieProd\Equipexe\Filiais\MOVANTIGA\LAV\DADOS","CadFatorGru.PX",".PX","2048","15/01/2019 15:54:58"
"D:\AtelieProd\Equipexe\Filiais\MOVANTIGA\LAV\DADOS\CadFatorGru.XG0","D:\AtelieProd\Equipexe\Filiais\MOVANTIGA\LAV\DADOS","CadFatorGru.XG0",".XG0","34816","15/01/2019 15:54:58"
"D:\AtelieProd\Equipexe\Filiais\MOVANTIGA\LAV\DADOS\CadFatorGru.XG1","D:\AtelieProd\Equipexe\Filiais\MOVANTIGA\LAV\DADOS","CadFatorGru.XG1",".XG1","34816","15/01/2019 15:54:58"
"D:\AtelieProd\Equipexe\Filiais\MOVANTIGA\LAV\DADOS\CadFatorGru.YG0","D:\AtelieProd\Equipexe\Filiais\MOVANTIGA\LAV\DADOS","CadFatorGru.YG0",".YG0","4096","15/01/2019 15:54:58"
"D:\AtelieProd\Equipexe\Filiais\MOVANTIGA\LAV\DADOS\CadFatorGru.YG1","D:\AtelieProd\Equipexe\Filiais\MOVANTIGA\LAV\DADOS","CadFatorGru.YG1",".YG1","4096","15/01/2019 15:54:58"
"D:\AtelieProd\Equipexe\Filiais\MOVANTIGA\LAV\DADOS\CadFitas.DB","D:\AtelieProd\Equipexe\Filiais\MOVANTIGA\LAV\DADOS","CadFitas.DB",".DB","34816","15/01/2019 15:54:58"
"D:\AtelieProd\Equipexe\Filiais\MOVANTIGA\LAV\DADOS\CadFitas.PX","D:\AtelieProd\Equipexe\Filiais\MOVANTIGA\LAV\DADOS","CadFitas.PX",".PX","4096","15/01/2019 15:54:58"
"D:\AtelieProd\Equipexe\Filiais\MOVANTIGA\LAV\DADOS\CadFitas.XG0","D:\AtelieProd\Equipexe\Filiais\MOVANTIGA\LAV\DADOS","CadFitas.XG0",".XG0","34816","15/01/2019 15:54:58"
"D:\AtelieProd\Equipexe\Filiais\MOVANTIGA\LAV\DADOS\CadFitas.XG1","D:\AtelieProd\Equipexe\Filiais\MOVANTIGA\LAV\DADOS","CadFitas.XG1",".XG1","34816","15/01/2019 15:54:58"
"D:\AtelieProd\Equipexe\Filiais\MOVANTIGA\LAV\DADOS\CadFitas.YG0","D:\AtelieProd\Equipexe\Filiais\MOVANTIGA\LAV\DADOS","CadFitas.YG0",".YG0","4096","15/01/2019 15:54:58"
"D:\AtelieProd\Equipexe\Filiais\MOVANTIGA\LAV\DADOS\CadFitas.YG1","D:\AtelieProd\Equipexe\Filiais\MOVANTIGA\LAV\DADOS","CadFitas.YG1",".YG1","4096","15/01/2019 15:54:58"
"D:\AtelieProd\Equipexe\Filiais\MOVANTIGA\LAV\DADOS\CadLocRol.DB","D:\AtelieProd\Equipexe\Filiais\MOVANTIGA\LAV\DADOS","CadLocRol.DB",".DB","2048","15/01/2019 15:55:02"
"D:\AtelieProd\Equipexe\Filiais\MOVANTIGA\LAV\DADOS\CadLocRol.PX","D:\AtelieProd\Equipexe\Filiais\MOVANTIGA\LAV\DADOS","CadLocRol.PX",".PX","2048","15/01/2019 15:55:02"
"D:\AtelieProd\Equipexe\Filiais\MOVANTIGA\LAV\DADOS\CadLocRol.XG0","D:\AtelieProd\Equipexe\Filiais\MOVANTIGA\LAV\DADOS","CadLocRol.XG0",".XG0","34816","15/01/2019 15:55:02"
"D:\AtelieProd\Equipexe\Filiais\MOVANTIGA\LAV\DADOS\CadLocRol.YG0","D:\AtelieProd\Equipexe\Filiais\MOVANTIGA\LAV\DADOS","CadLocRol.YG0",".YG0","4096","15/01/2019 15:55:02"
"D:\AtelieProd\Equipexe\Filiais\MOVANTIGA\LAV\DADOS\CadMarca.DB","D:\AtelieProd\Equipexe\Filiais\MOVANTIGA\LAV\DADOS","CadMarca.DB",".DB","34816","15/01/2019 15:55:04"
"D:\AtelieProd\Equipexe\Filiais\MOVANTIGA\LAV\DADOS\CadMarca.PX","D:\AtelieProd\Equipexe\Filiais\MOVANTIGA\LAV\DADOS","CadMarca.PX",".PX","4096","15/01/2019 15:55:04"
"D:\AtelieProd\Equipexe\Filiais\MOVANTIGA\LAV\DADOS\CadMarca.XG0","D:\AtelieProd\Equipexe\Filiais\MOVANTIGA\LAV\DADOS","CadMarca.XG0",".XG0","34816","15/01/2019 15:55:04"
"D:\AtelieProd\Equipexe\Filiais\MOVANTIGA\LAV\DADOS\CadMarca.YG0","D:\AtelieProd\Equipexe\Filiais\MOVANTIGA\LAV\DADOS","CadMarca.YG0",".YG0","4096","15/01/2019 15:55:04"
"D:\AtelieProd\Equipexe\Filiais\MOVANTIGA\LAV\DADOS\CadMarcaGru.DB","D:\AtelieProd\Equipexe\Filiais\MOVANTIGA\LAV\DADOS","CadMarcaGru.DB",".DB","2048","15/01/2019 15:55:04"
"D:\AtelieProd\Equipexe\Filiais\MOVANTIGA\LAV\DADOS\CadMarcaGru.PX","D:\AtelieProd\Equipexe\Filiais\MOVANTIGA\LAV\DADOS","CadMarcaGru.PX",".PX","2048","15/01/2019 15:55:04"
"D:\AtelieProd\Equipexe\Filiais\MOVANTIGA\LAV\DADOS\CadMarcaGru.XG0","D:\AtelieProd\Equipexe\Filiais\MOVANTIGA\LAV\DADOS","CadMarcaGru.XG0",".XG0","34816","15/01/2019 15:55:04"
"D:\AtelieProd\Equipexe\Filiais\MOVANTIGA\LAV\DADOS\CadMarcaGru.YG0","D:\AtelieProd\Equipexe\Filiais\MOVANTIGA\LAV\DADOS","CadMarcaGru.YG0",".YG0","4096","15/01/2019 15:55:04"
"D:\AtelieProd\Equipexe\Filiais\MOVANTIGA\LAV\DADOS\CadPas.DB","D:\AtelieProd\Equipexe\Filiais\MOVANTIGA\LAV\DADOS","CadPas.DB",".DB","34816","15/01/2019 15:55:06"
"D:\AtelieProd\Equipexe\Filiais\MOVANTIGA\LAV\DADOS\CadPas.PX","D:\AtelieProd\Equipexe\Filiais\MOVANTIGA\LAV\DADOS","CadPas.PX",".PX","4096","15/01/2019 15:55:06"
"D:\AtelieProd\Equipexe\Filiais\MOVANTIGA\LAV\DADOS\CadPas.XG0","D:\AtelieProd\Equipexe\Filiais\MOVANTIGA\LAV\DADOS","CadPas.XG0",".XG0","34816","15/01/2019 15:55:06"
"D:\AtelieProd\Equipexe\Filiais\MOVANTIGA\LAV\DADOS\CadPas.XG1","D:\AtelieProd\Equipexe\Filiais\MOVANTIGA\LAV\DADOS","CadPas.XG1",".XG1","34816","15/01/2019 15:55:06"
"D:\AtelieProd\Equipexe\Filiais\MOVANTIGA\LAV\DADOS\CadPas.YG0","D:\AtelieProd\Equipexe\Filiais\MOVANTIGA\LAV\DADOS","CadPas.YG0",".YG0","4096","15/01/2019 15:55:06"
"D:\AtelieProd\Equipexe\Filiais\MOVANTIGA\LAV\DADOS\CadPas.YG1","D:\AtelieProd\Equipexe\Filiais\MOVANTIGA\LAV\DADOS","CadPas.YG1",".YG1","4096","15/01/2019 15:55:06"
"D:\AtelieProd\Equipexe\Filiais\MOVANTIGA\LAV\DADOS\CadQuinFat.DB","D:\AtelieProd\Equipexe\Filiais\MOVANTIGA\LAV\DADOS","CadQuinFat.DB",".DB","2048","15/01/2019 15:55:08"
"D:\AtelieProd\Equipexe\Filiais\MOVANTIGA\LAV\DADOS\CadQuinFat.PX","D:\AtelieProd\Equipexe\Filiais\MOVANTIGA\LAV\DADOS","CadQuinFat.PX",".PX","2048","15/01/2019 15:55:08"
"D:\AtelieProd\Equipexe\Filiais\MOVANTIGA\LAV\DADOS\CadSerTing.DB","D:\AtelieProd\Equipexe\Filiais\MOVANTIGA\LAV\DADOS","CadSerTing.DB",".DB","2048","15/01/2019 15:55:10"
"D:\AtelieProd\Equipexe\Filiais\MOVANTIGA\LAV\DADOS\CadSerTing.PX","D:\AtelieProd\Equipexe\Filiais\MOVANTIGA\LAV\DADOS","CadSerTing.PX",".PX","2048","15/01/2019 15:55:10"
"D:\AtelieProd\Equipexe\Filiais\MOVANTIGA\LAV\DADOS\CadSerTing.XG0","D:\AtelieProd\Equipexe\Filiais\MOVANTIGA\LAV\DADOS","CadSerTing.XG0",".XG0","34816","15/01/2019 15:55:10"
"D:\AtelieProd\Equipexe\Filiais\MOVANTIGA\LAV\DADOS\CadSerTing.YG0","D:\AtelieProd\Equipexe\Filiais\MOVANTIGA\LAV\DADOS","CadSerTing.YG0",".YG0","4096","15/01/2019 15:55:10"
"D:\AtelieProd\Equipexe\Filiais\MOVANTIGA\LAV\DADOS\CadTipTing.DB","D:\AtelieProd\Equipexe\Filiais\MOVANTIGA\LAV\DADOS","CadTipTing.DB",".DB","2048","15/01/2019 15:55:12"
"D:\AtelieProd\Equipexe\Filiais\MOVANTIGA\LAV\DADOS\CadTipTing.PX","D:\AtelieProd\Equipexe\Filiais\MOVANTIGA\LAV\DADOS","CadTipTing.PX",".PX","2048","15/01/2019 15:55:12"
"D:\AtelieProd\Equipexe\Filiais\MOVANTIGA\LAV\DADOS\CadTipTing.XG0","D:\AtelieProd\Equipexe\Filiais\MOVANTIGA\LAV\DADOS","CadTipTing.XG0",".XG0","34816","15/01/2019 15:55:12"
"D:\AtelieProd\Equipexe\Filiais\MOVANTIGA\LAV\DADOS\CadTipTing.YG0","D:\AtelieProd\Equipexe\Filiais\MOVANTIGA\LAV\DADOS","CadTipTing.YG0",".YG0","4096","15/01/2019 15:55:12"
"D:\AtelieProd\Equipexe\Filiais\MOVANTIGA\LAV\DADOS\Caract.DB","D:\AtelieProd\Equipexe\Filiais\MOVANTIGA\LAV\DADOS","Caract.DB",".DB","34816","15/01/2019 15:55:14"
"D:\AtelieProd\Equipexe\Filiais\MOVANTIGA\LAV\DADOS\Caract.PX","D:\AtelieProd\Equipexe\Filiais\MOVANTIGA\LAV\DADOS","Caract.PX",".PX","4096","15/01/2019 15:55:14"
"D:\AtelieProd\Equipexe\Filiais\MOVANTIGA\LAV\DADOS\Caract.XG0","D:\AtelieProd\Equipexe\Filiais\MOVANTIGA\LAV\DADOS","Caract.XG0",".XG0","34816","15/01/2019 15:55:14"
"D:\AtelieProd\Equipexe\Filiais\MOVANTIGA\LAV\DADOS\Caract.YG0","D:\AtelieProd\Equipexe\Filiais\MOVANTIGA\LAV\DADOS","Caract.YG0",".YG0","4096","15/01/2019 15:55:14"
"D:\AtelieProd\Equipexe\Filiais\MOVANTIGA\LAV\DADOS\Defeitos.DB","D:\AtelieProd\Equipexe\Filiais\MOVANTIGA\LAV\DADOS","Defeitos.DB",".DB","34816","15/01/2019 15:55:30"
"D:\AtelieProd\Equipexe\Filiais\MOVANTIGA\LAV\DADOS\Defeitos.PX","D:\AtelieProd\Equipexe\Filiais\MOVANTIGA\LAV\DADOS","Defeitos.PX",".PX","4096","15/01/2019 15:55:30"
"D:\AtelieProd\Equipexe\Filiais\MOVANTIGA\LAV\DADOS\Defeitos.XG0","D:\AtelieProd\Equipexe\Filiais\MOVANTIGA\LAV\DADOS","Defeitos.XG0",".XG0","34816","15/01/2019 15:55:30"
"D:\AtelieProd\Equipexe\Filiais\MOVANTIGA\LAV\DADOS\Defeitos.YG0","D:\AtelieProd\Equipexe\Filiais\MOVANTIGA\LAV\DADOS","Defeitos.YG0",".YG0","4096","15/01/2019 15:55:30"
"D:\AtelieProd\Equipexe\Filiais\MOVANTIGA\LAV\DADOS\Empree.DB","D:\AtelieProd\Equipexe\Filiais\MOVANTIGA\LAV\DADOS","Empree.DB",".DB","2048","15/01/2019 15:55:52"
"D:\AtelieProd\Equipexe\Filiais\MOVANTIGA\LAV\DADOS\Empree.PX","D:\AtelieProd\Equipexe\Filiais\MOVANTIGA\LAV\DADOS","Empree.PX",".PX","2048","15/01/2019 15:55:52"
"D:\AtelieProd\Equipexe\Filiais\MOVANTIGA\LAV\DADOS\Empree.XG0","D:\AtelieProd\Equipexe\Filiais\MOVANTIGA\LAV\DADOS","Empree.XG0",".XG0","34816","15/01/2019 15:55:52"
"D:\AtelieProd\Equipexe\Filiais\MOVANTIGA\LAV\DADOS\Empree.YG0","D:\AtelieProd\Equipexe\Filiais\MOVANTIGA\LAV\DADOS","Empree.YG0",".YG0","4096","15/01/2019 15:55:52"
"D:\AtelieProd\Equipexe\Filiais\MOVANTIGA\LAV\DADOS\FatPre_C.DB","D:\AtelieProd\Equipexe\Filiais\MOVANTIGA\LAV\DADOS","FatPre_C.DB",".DB","34816","15/01/2019 15:56:02"
"D:\AtelieProd\Equipexe\Filiais\MOVANTIGA\LAV\DADOS\FatPre_C.PX","D:\AtelieProd\Equipexe\Filiais\MOVANTIGA\LAV\DADOS","FatPre_C.PX",".PX","4096","15/01/2019 15:56:02"
"D:\AtelieProd\Equipexe\Filiais\MOVANTIGA\LAV\DADOS\FatPre_C.XG0","D:\AtelieProd\Equipexe\Filiais\MOVANTIGA\LAV\DADOS","FatPre_C.XG0",".XG0","34816","15/01/2019 15:56:02"
"D:\AtelieProd\Equipexe\Filiais\MOVANTIGA\LAV\DADOS\FatPre_C.YG0","D:\AtelieProd\Equipexe\Filiais\MOVANTIGA\LAV\DADOS","FatPre_C.YG0",".YG0","4096","15/01/2019 15:56:02"
"D:\AtelieProd\Equipexe\Filiais\MOVANTIGA\LAV\DADOS\GruEnt.DB","D:\AtelieProd\Equipexe\Filiais\MOVANTIGA\LAV\DADOS","GruEnt.DB",".DB","34816","15/01/2019 15:56:08"
"D:\AtelieProd\Equipexe\Filiais\MOVANTIGA\LAV\DADOS\GruEnt.PX","D:\AtelieProd\Equipexe\Filiais\MOVANTIGA\LAV\DADOS","GruEnt.PX",".PX","4096","15/01/2019 15:56:08"
"D:\AtelieProd\Equipexe\Filiais\MOVANTIGA\LAV\DADOS\GruEnt.XG0","D:\AtelieProd\Equipexe\Filiais\MOVANTIGA\LAV\DADOS","GruEnt.XG0",".XG0","34816","15/01/2019 15:56:08"
"D:\AtelieProd\Equipexe\Filiais\MOVANTIGA\LAV\DADOS\GruEnt.YG0","D:\AtelieProd\Equipexe\Filiais\MOVANTIGA\LAV\DADOS","GruEnt.YG0",".YG0","4096","15/01/2019 15:56:08"
"D:\AtelieProd\Equipexe\Filiais\MOVANTIGA\LAV\DADOS\GruProTer.DB","D:\AtelieProd\Equipexe\Filiais\MOVANTIGA\LAV\DADOS","GruProTer.DB",".DB","2048","15/01/2019 15:56:12"
"D:\AtelieProd\Equipexe\Filiais\MOVANTIGA\LAV\DADOS\GruProTer.PX","D:\AtelieProd\Equipexe\Filiais\MOVANTIGA\LAV\DADOS","GruProTer.PX",".PX","2048","15/01/2019 15:56:12"
"D:\AtelieProd\Equipexe\Filiais\MOVANTIGA\LAV\DADOS\GruProTer.XG0","D:\AtelieProd\Equipexe\Filiais\MOVANTIGA\LAV\DADOS","GruProTer.XG0",".XG0","34816","15/01/2019 15:56:12"
"D:\AtelieProd\Equipexe\Filiais\MOVANTIGA\LAV\DADOS\GruProTer.YG0","D:\AtelieProd\Equipexe\Filiais\MOVANTIGA\LAV\DADOS","GruProTer.YG0",".YG0","4096","15/01/2019 15:56:12"
"D:\AtelieProd\Equipexe\Filiais\MOVANTIGA\LAV\DADOS\Prazos.DB","D:\AtelieProd\Equipexe\Filiais\MOVANTIGA\LAV\DADOS","Prazos.DB",".DB","34816","15/01/2019 15:57:22"
"D:\AtelieProd\Equipexe\Filiais\MOVANTIGA\LAV\DADOS\Prazos.PX","D:\AtelieProd\Equipexe\Filiais\MOVANTIGA\LAV\DADOS","Prazos.PX",".PX","4096","15/01/2019 15:57:22"
"D:\AtelieProd\Equipexe\Filiais\MOVANTIGA\LAV\DADOS\Prazos.XG0","D:\AtelieProd\Equipexe\Filiais\MOVANTIGA\LAV\DADOS","Prazos.XG0",".XG0","34816","15/01/2019 15:57:22"
"D:\AtelieProd\Equipexe\Filiais\MOVANTIGA\LAV\DADOS\Prazos.YG0","D:\AtelieProd\Equipexe\Filiais\MOVANTIGA\LAV\DADOS","Prazos.YG0",".YG0","4096","15/01/2019 15:57:22"
"D:\AtelieProd\Equipexe\Filiais\MOVANTIGA\LAV\DADOS\PromCad.DB","D:\AtelieProd\Equipexe\Filiais\MOVANTIGA\LAV\DADOS","PromCad.DB",".DB","2048","15/01/2019 15:57:26"
"D:\AtelieProd\Equipexe\Filiais\MOVANTIGA\LAV\DADOS\PromCad.PX","D:\AtelieProd\Equipexe\Filiais\MOVANTIGA\LAV\DADOS","PromCad.PX",".PX","2048","15/01/2019 15:57:26"
"D:\AtelieProd\Equipexe\Filiais\MOVANTIGA\LAV\DADOS\PromCad.XG0","D:\AtelieProd\Equipexe\Filiais\MOVANTIGA\LAV\DADOS","PromCad.XG0",".XG0","34816","15/01/2019 15:57:26"
"D:\AtelieProd\Equipexe\Filiais\MOVANTIGA\LAV\DADOS\PromCad.YG0","D:\AtelieProd\Equipexe\Filiais\MOVANTIGA\LAV\DADOS","PromCad.YG0",".YG0","4096","15/01/2019 15:57:26"
"D:\AtelieProd\Equipexe\Filiais\MOVANTIGA\LAV\DADOS\ProTipTec.DB","D:\AtelieProd\Equipexe\Filiais\MOVANTIGA\LAV\DADOS","ProTipTec.DB",".DB","2048","15/01/2019 15:57:26"
"D:\AtelieProd\Equipexe\Filiais\MOVANTIGA\LAV\DADOS\ProTipTec.PX","D:\AtelieProd\Equipexe\Filiais\MOVANTIGA\LAV\DADOS","ProTipTec.PX",".PX","2048","15/01/2019 15:57:26"
"D:\AtelieProd\Equipexe\Filiais\MOVANTIGA\LAV\DADOS\SerLav.DB","D:\AtelieProd\Equipexe\Filiais\MOVANTIGA\LAV\DADOS","SerLav.DB",".DB","133120","15/01/2019 15:57:28"
"D:\AtelieProd\Equipexe\Filiais\MOVANTIGA\LAV\DADOS\SerLav.PX","D:\AtelieProd\Equipexe\Filiais\MOVANTIGA\LAV\DADOS","SerLav.PX",".PX","4096","15/01/2019 15:57:28"
"D:\AtelieProd\Equipexe\Filiais\MOVANTIGA\LAV\DADOS\SerLav.XG0","D:\AtelieProd\Equipexe\Filiais\MOVANTIGA\LAV\DADOS","SerLav.XG0",".XG0","34816","15/01/2019 15:57:28"
"D:\AtelieProd\Equipexe\Filiais\MOVANTIGA\LAV\DADOS\SerLav.YG0","D:\AtelieProd\Equipexe\Filiais\MOVANTIGA\LAV\DADOS","SerLav.YG0",".YG0","4096","15/01/2019 15:57:28"
"D:\AtelieProd\Equipexe\Filiais\MOVANTIGA\LAV\DADOS\TabFat.DB","D:\AtelieProd\Equipexe\Filiais\MOVANTIGA\LAV\DADOS","TabFat.DB",".DB","34816","15/01/2019 15:57:30"
"D:\AtelieProd\Equipexe\Filiais\MOVANTIGA\LAV\DADOS\TabFat.PX","D:\AtelieProd\Equipexe\Filiais\MOVANTIGA\LAV\DADOS","TabFat.PX",".PX","4096","15/01/2019 15:57:30"
"D:\AtelieProd\Equipexe\Filiais\MOVANTIGA\LAV\DADOS\TabFat.XG0","D:\AtelieProd\Equipexe\Filiais\MOVANTIGA\LAV\DADOS","TabFat.XG0",".XG0","34816","15/01/2019 15:57:30"
"D:\AtelieProd\Equipexe\Filiais\MOVANTIGA\LAV\DADOS\TabFat.XG1","D:\AtelieProd\Equipexe\Filiais\MOVANTIGA\LAV\DADOS","TabFat.XG1",".XG1","34816","15/01/2019 15:57:30"
"D:\AtelieProd\Equipexe\Filiais\MOVANTIGA\LAV\DADOS\TabFat.YG0","D:\AtelieProd\Equipexe\Filiais\MOVANTIGA\LAV\DADOS","TabFat.YG0",".YG0","4096","15/01/2019 15:57:30"
"D:\AtelieProd\Equipexe\Filiais\MOVANTIGA\LAV\DADOS\TabFat.YG1","D:\AtelieProd\Equipexe\Filiais\MOVANTIGA\LAV\DADOS","TabFat.YG1",".YG1","4096","15/01/2019 15:57:30"
"D:\AtelieProd\Equipexe\Filiais\MOVANTIGA\LAV\DADOS\TabPra.DB","D:\AtelieProd\Equipexe\Filiais\MOVANTIGA\LAV\DADOS","TabPra.DB",".DB","34816","15/01/2019 15:57:30"
"D:\AtelieProd\Equipexe\Filiais\MOVANTIGA\LAV\DADOS\TabPra.PX","D:\AtelieProd\Equipexe\Filiais\MOVANTIGA\LAV\DADOS","TabPra.PX",".PX","4096","15/01/2019 15:57:30"
"D:\AtelieProd\Equipexe\Filiais\MOVANTIGA\LAV\DADOS\TabPra.XG0","D:\AtelieProd\Equipexe\Filiais\MOVANTIGA\LAV\DADOS","TabPra.XG0",".XG0","34816","15/01/2019 15:57:30"
"D:\AtelieProd\Equipexe\Filiais\MOVANTIGA\LAV\DADOS\TabPra.XG1","D:\AtelieProd\Equipexe\Filiais\MOVANTIGA\LAV\DADOS","TabPra.XG1",".XG1","34816","15/01/2019 15:57:30"
"D:\AtelieProd\Equipexe\Filiais\MOVANTIGA\LAV\DADOS\TabPra.YG0","D:\AtelieProd\Equipexe\Filiais\MOVANTIGA\LAV\DADOS","TabPra.YG0",".YG0","4096","15/01/2019 15:57:30"
"D:\AtelieProd\Equipexe\Filiais\MOVANTIGA\LAV\DADOS\TabPra.YG1","D:\AtelieProd\Equipexe\Filiais\MOVANTIGA\LAV\DADOS","TabPra.YG1",".YG1","4096","15/01/2019 15:57:30"
"D:\AtelieProd\Equipexe\Filiais\MOVANTIGA\LAV\DADOS\TabPreco.DB","D:\AtelieProd\Equipexe\Filiais\MOVANTIGA\LAV\DADOS","TabPreco.DB",".DB","34816","15/01/2019 15:57:32"
"D:\AtelieProd\Equipexe\Filiais\MOVANTIGA\LAV\DADOS\TabPreco.PX","D:\AtelieProd\Equipexe\Filiais\MOVANTIGA\LAV\DADOS","TabPreco.PX",".PX","4096","15/01/2019 15:57:32"
"D:\AtelieProd\Equipexe\Filiais\MOVANTIGA\LAV\DADOS\TabPreco.XG0","D:\AtelieProd\Equipexe\Filiais\MOVANTIGA\LAV\DADOS","TabPreco.XG0",".XG0","34816","15/01/2019 15:57:32"
"D:\AtelieProd\Equipexe\Filiais\MOVANTIGA\LAV\DADOS\TabPreco.XG1","D:\AtelieProd\Equipexe\Filiais\MOVANTIGA\LAV\DADOS","TabPreco.XG1",".XG1","34816","15/01/2019 15:57:32"
"D:\AtelieProd\Equipexe\Filiais\MOVANTIGA\LAV\DADOS\TabPreco.YG0","D:\AtelieProd\Equipexe\Filiais\MOVANTIGA\LAV\DADOS","TabPreco.YG0",".YG0","4096","15/01/2019 15:57:32"
"D:\AtelieProd\Equipexe\Filiais\MOVANTIGA\LAV\DADOS\TabPreco.YG1","D:\AtelieProd\Equipexe\Filiais\MOVANTIGA\LAV\DADOS","TabPreco.YG1",".YG1","4096","15/01/2019 15:57:32"
"D:\AtelieProd\Equipexe\Filiais\MOVANTIGA\LAV\DADOS\TabPro.DB","D:\AtelieProd\Equipexe\Filiais\MOVANTIGA\LAV\DADOS","TabPro.DB",".DB","34816","15/01/2019 15:57:34"
"D:\AtelieProd\Equipexe\Filiais\MOVANTIGA\LAV\DADOS\TabPro.PX","D:\AtelieProd\Equipexe\Filiais\MOVANTIGA\LAV\DADOS","TabPro.PX",".PX","4096","15/01/2019 15:57:34"
"D:\AtelieProd\Equipexe\Filiais\MOVANTIGA\LAV\DADOS\TabPro.XG0","D:\AtelieProd\Equipexe\Filiais\MOVANTIGA\LAV\DADOS","TabPro.XG0",".XG0","34816","15/01/2019 15:57:34"
"D:\AtelieProd\Equipexe\Filiais\MOVANTIGA\LAV\DADOS\TabPro.XG1","D:\AtelieProd\Equipexe\Filiais\MOVANTIGA\LAV\DADOS","TabPro.XG1",".XG1","34816","15/01/2019 15:57:34"
"D:\AtelieProd\Equipexe\Filiais\MOVANTIGA\LAV\DADOS\TabPro.YG0","D:\AtelieProd\Equipexe\Filiais\MOVANTIGA\LAV\DADOS","TabPro.YG0",".YG0","4096","15/01/2019 15:57:34"
"D:\AtelieProd\Equipexe\Filiais\MOVANTIGA\LAV\DADOS\TabPro.YG1","D:\AtelieProd\Equipexe\Filiais\MOVANTIGA\LAV\DADOS","TabPro.YG1",".YG1","4096","15/01/2019 15:57:34"
"D:\AtelieProd\Equipexe\Filiais\MOVANTIGA\LAV\DADOS\TabProDesc.DB","D:\AtelieProd\Equipexe\Filiais\MOVANTIGA\LAV\DADOS","TabProDesc.DB",".DB","2048","15/01/2019 15:57:34"
"D:\AtelieProd\Equipexe\Filiais\MOVANTIGA\LAV\DADOS\TabProDesc.PX","D:\AtelieProd\Equipexe\Filiais\MOVANTIGA\LAV\DADOS","TabProDesc.PX",".PX","2048","15/01/2019 15:57:34"
"D:\AtelieProd\Equipexe\Filiais\MOVANTIGA\LAV\DADOS\TabProDesc.XG0","D:\AtelieProd\Equipexe\Filiais\MOVANTIGA\LAV\DADOS","TabProDesc.XG0",".XG0","34816","15/01/2019 15:57:34"
"D:\AtelieProd\Equipexe\Filiais\MOVANTIGA\LAV\DADOS\TabProDesc.XG1","D:\AtelieProd\Equipexe\Filiais\MOVANTIGA\LAV\DADOS","TabProDesc.XG1",".XG1","34816","15/01/2019 15:57:34"
"D:\AtelieProd\Equipexe\Filiais\MOVANTIGA\LAV\DADOS\TabProDesc.YG0","D:\AtelieProd\Equipexe\Filiais\MOVANTIGA\LAV\DADOS","TabProDesc.YG0",".YG0","4096","15/01/2019 15:57:34"
"D:\AtelieProd\Equipexe\Filiais\MOVANTIGA\LAV\DADOS\TabProDesc.YG1","D:\AtelieProd\Equipexe\Filiais\MOVANTIGA\LAV\DADOS","TabProDesc.YG1",".YG1","4096","15/01/2019 15:57:34"
"D:\AtelieProd\Equipexe\Filiais\MOVANTIGA\LAV\DADOS\TabProLim.DB","D:\AtelieProd\Equipexe\Filiais\MOVANTIGA\LAV\DADOS","TabProLim.DB",".DB","2048","15/01/2019 15:57:34"
"D:\AtelieProd\Equipexe\Filiais\MOVANTIGA\LAV\DADOS\TabProLim.PX","D:\AtelieProd\Equipexe\Filiais\MOVANTIGA\LAV\DADOS","TabProLim.PX",".PX","2048","15/01/2019 15:57:34"
"D:\AtelieProd\Equipexe\Filiais\MOVANTIGA\LAV\DADOS\TabProLim.XG0","D:\AtelieProd\Equipexe\Filiais\MOVANTIGA\LAV\DADOS","TabProLim.XG0",".XG0","34816","15/01/2019 15:57:34"
"D:\AtelieProd\Equipexe\Filiais\MOVANTIGA\LAV\DADOS\TabProLim.YG0","D:\AtelieProd\Equipexe\Filiais\MOVANTIGA\LAV\DADOS","TabProLim.YG0",".YG0","4096","15/01/2019 15:57:34"
"D:\AtelieProd\Equipexe\Filiais\MOVANTIGA\LAV\DADOS\TabProPrEn.DB","D:\AtelieProd\Equipexe\Filiais\MOVANTIGA\LAV\DADOS","TabProPrEn.DB",".DB","2048","15/01/2019 15:57:34"
"D:\AtelieProd\Equipexe\Filiais\MOVANTIGA\LAV\DADOS\TabProPrEn.PX","D:\AtelieProd\Equipexe\Filiais\MOVANTIGA\LAV\DADOS","TabProPrEn.PX",".PX","2048","15/01/2019 15:57:34"
"D:\AtelieProd\Equipexe\Filiais\MOVANTIGA\LAV\DADOS\TabProPrEn.XG0","D:\AtelieProd\Equipexe\Filiais\MOVANTIGA\LAV\DADOS","TabProPrEn.XG0",".XG0","34816","15/01/2019 15:57:34"
"D:\AtelieProd\Equipexe\Filiais\MOVANTIGA\LAV\DADOS\TabProPrEn.XG1","D:\AtelieProd\Equipexe\Filiais\MOVANTIGA\LAV\DADOS","TabProPrEn.XG1",".XG1","34816","15/01/2019 15:57:34"
"D:\AtelieProd\Equipexe\Filiais\MOVANTIGA\LAV\DADOS\TabProPrEn.YG0","D:\AtelieProd\Equipexe\Filiais\MOVANTIGA\LAV\DADOS","TabProPrEn.YG0",".YG0","4096","15/01/2019 15:57:34"
"D:\AtelieProd\Equipexe\Filiais\MOVANTIGA\LAV\DADOS\TabProPrEn.YG1","D:\AtelieProd\Equipexe\Filiais\MOVANTIGA\LAV\DADOS","TabProPrEn.YG1",".YG1","4096","15/01/2019 15:57:34"
"D:\AtelieProd\Equipexe\Filiais\MOVANTIGA\LAV\DADOS\TabProProm.DB","D:\AtelieProd\Equipexe\Filiais\MOVANTIGA\LAV\DADOS","TabProProm.DB",".DB","2048","15/01/2019 15:57:36"
"D:\AtelieProd\Equipexe\Filiais\MOVANTIGA\LAV\DADOS\TabProProm.PX","D:\AtelieProd\Equipexe\Filiais\MOVANTIGA\LAV\DADOS","TabProProm.PX",".PX","2048","15/01/2019 15:57:36"
"D:\AtelieProd\Equipexe\Filiais\MOVANTIGA\LAV\DADOS\TabProProm.XG0","D:\AtelieProd\Equipexe\Filiais\MOVANTIGA\LAV\DADOS","TabProProm.XG0",".XG0","34816","15/01/2019 15:57:36"
"D:\AtelieProd\Equipexe\Filiais\MOVANTIGA\LAV\DADOS\TabProProm.XG1","D:\AtelieProd\Equipexe\Filiais\MOVANTIGA\LAV\DADOS","TabProProm.XG1",".XG1","34816","15/01/2019 15:57:36"
"D:\AtelieProd\Equipexe\Filiais\MOVANTIGA\LAV\DADOS\TabProProm.YG0","D:\AtelieProd\Equipexe\Filiais\MOVANTIGA\LAV\DADOS","TabProProm.YG0",".YG0","4096","15/01/2019 15:57:36"
"D:\AtelieProd\Equipexe\Filiais\MOVANTIGA\LAV\DADOS\TabProProm.YG1","D:\AtelieProd\Equipexe\Filiais\MOVANTIGA\LAV\DADOS","TabProProm.YG1",".YG1","4096","15/01/2019 15:57:36"
"D:\AtelieProd\Equipexe\Filiais\MOVANTIGA\LAV\DADOS\TabProSer.DB","D:\AtelieProd\Equipexe\Filiais\MOVANTIGA\LAV\DADOS","TabProSer.DB",".DB","34816","15/01/2019 15:57:36"
"D:\AtelieProd\Equipexe\Filiais\MOVANTIGA\LAV\DADOS\TabProSer.PX","D:\AtelieProd\Equipexe\Filiais\MOVANTIGA\LAV\DADOS","TabProSer.PX",".PX","4096","15/01/2019 15:57:36"
"D:\AtelieProd\Equipexe\Filiais\MOVANTIGA\LAV\DADOS\TabProSer.XG0","D:\AtelieProd\Equipexe\Filiais\MOVANTIGA\LAV\DADOS","TabProSer.XG0",".XG0","34816","15/01/2019 15:57:36"
"D:\AtelieProd\Equipexe\Filiais\MOVANTIGA\LAV\DADOS\TabProSer.YG0","D:\AtelieProd\Equipexe\Filiais\MOVANTIGA\LAV\DADOS","TabProSer.YG0",".YG0","4096","15/01/2019 15:57:36"
"D:\AtelieProd\Equipexe\Filiais\MOVANTIGA\LAV\DADOS\TipEnt.DB","D:\AtelieProd\Equipexe\Filiais\MOVANTIGA\LAV\DADOS","TipEnt.DB",".DB","34816","15/01/2019 15:57:36"
"D:\AtelieProd\Equipexe\Filiais\MOVANTIGA\LAV\DADOS\TipEnt.PX","D:\AtelieProd\Equipexe\Filiais\MOVANTIGA\LAV\DADOS","TipEnt.PX",".PX","4096","15/01/2019 15:57:36"
"D:\AtelieProd\Equipexe\Filiais\MOVANTIGA\LAV\DADOS\TipEnt.XG0","D:\AtelieProd\Equipexe\Filiais\MOVANTIGA\LAV\DADOS","TipEnt.XG0",".XG0","34816","15/01/2019 15:57:36"
"D:\AtelieProd\Equipexe\Filiais\MOVANTIGA\LAV\DADOS\TipEnt.YG0","D:\AtelieProd\Equipexe\Filiais\MOVANTIGA\LAV\DADOS","TipEnt.YG0",".YG0","4096","15/01/2019 15:57:36"
"D:\AtelieProd\Equipexe\Filiais\MOVANTIGA\LAV\DADOS\TipSer.DB","D:\AtelieProd\Equipexe\Filiais\MOVANTIGA\LAV\DADOS","TipSer.DB",".DB","34816","15/01/2019 15:57:38"
"D:\AtelieProd\Equipexe\Filiais\MOVANTIGA\LAV\DADOS\TipSer.PX","D:\AtelieProd\Equipexe\Filiais\MOVANTIGA\LAV\DADOS","TipSer.PX",".PX","4096","15/01/2019 15:57:38"
"D:\AtelieProd\Equipexe\Filiais\MOVANTIGA\LAV\DADOS\TipSer.XG0","D:\AtelieProd\Equipexe\Filiais\MOVANTIGA\LAV\DADOS","TipSer.XG0",".XG0","34816","15/01/2019 15:57:38"
"D:\AtelieProd\Equipexe\Filiais\MOVANTIGA\LAV\DADOS\TipSer.YG0","D:\AtelieProd\Equipexe\Filiais\MOVANTIGA\LAV\DADOS","TipSer.YG0",".YG0","4096","15/01/2019 15:57:38"
"D:\AtelieProd\Equipexe\Filiais\MOVANTIGA\LAV\DADOS\TipTab.DB","D:\AtelieProd\Equipexe\Filiais\MOVANTIGA\LAV\DADOS","TipTab.DB",".DB","34816","15/01/2019 15:57:40"
"D:\AtelieProd\Equipexe\Filiais\MOVANTIGA\LAV\DADOS\TipTab.PX","D:\AtelieProd\Equipexe\Filiais\MOVANTIGA\LAV\DADOS","TipTab.PX",".PX","4096","15/01/2019 15:57:40"
"D:\AtelieProd\Equipexe\Filiais\MOVANTIGA\LAV\DADOS\TipTab.XG0","D:\AtelieProd\Equipexe\Filiais\MOVANTIGA\LAV\DADOS","TipTab.XG0",".XG0","34816","15/01/2019 15:57:40"
"D:\AtelieProd\Equipexe\Filiais\MOVANTIGA\LAV\DADOS\TipTab.YG0","D:\AtelieProd\Equipexe\Filiais\MOVANTIGA\LAV\DADOS","TipTab.YG0",".YG0","4096","15/01/2019 15:57:40"
"D:\AtelieProd\Equipexe\Filiais\MOVANTIGA\LAV\DADOS\TipTec.DB","D:\AtelieProd\Equipexe\Filiais\MOVANTIGA\LAV\DADOS","TipTec.DB",".DB","34816","15/01/2019 15:57:40"
"D:\AtelieProd\Equipexe\Filiais\MOVANTIGA\LAV\DADOS\TipTec.PX","D:\AtelieProd\Equipexe\Filiais\MOVANTIGA\LAV\DADOS","TipTec.PX",".PX","4096","15/01/2019 15:57:40"
"D:\AtelieProd\Equipexe\Filiais\MOVANTIGA\LAV\DADOS\TipTec.XG0","D:\AtelieProd\Equipexe\Filiais\MOVANTIGA\LAV\DADOS","TipTec.XG0",".XG0","34816","15/01/2019 15:57:40"
"D:\AtelieProd\Equipexe\Filiais\MOVANTIGA\LAV\DADOS\TipTec.YG0","D:\AtelieProd\Equipexe\Filiais\MOVANTIGA\LAV\DADOS","TipTec.YG0",".YG0","4096","15/01/2019 15:57:40"
"D:\AtelieProd\Equipexe\Filiais\MOVANTIGA\LAV\FILIAL\AvisoContEti.DB","D:\AtelieProd\Equipexe\Filiais\MOVANTIGA\LAV\FILIAL","AvisoContEti.DB",".DB","2048","15/01/2019 15:54:46"
"D:\AtelieProd\Equipexe\Filiais\MOVANTIGA\LAV\FILIAL\AvisoContEti.PX","D:\AtelieProd\Equipexe\Filiais\MOVANTIGA\LAV\FILIAL","AvisoContEti.PX",".PX","2048","15/01/2019 15:54:46"
"D:\AtelieProd\Equipexe\Filiais\MOVANTIGA\LAV\FILIAL\AvisoContEti.XG0","D:\AtelieProd\Equipexe\Filiais\MOVANTIGA\LAV\FILIAL","AvisoContEti.XG0",".XG0","34816","15/01/2019 15:54:46"
"D:\AtelieProd\Equipexe\Filiais\MOVANTIGA\LAV\FILIAL\AvisoContEti.XG1","D:\AtelieProd\Equipexe\Filiais\MOVANTIGA\LAV\FILIAL","AvisoContEti.XG1",".XG1","34816","15/01/2019 15:54:46"
"D:\AtelieProd\Equipexe\Filiais\MOVANTIGA\LAV\FILIAL\AvisoContEti.YG0","D:\AtelieProd\Equipexe\Filiais\MOVANTIGA\LAV\FILIAL","AvisoContEti.YG0",".YG0","4096","15/01/2019 15:54:46"
"D:\AtelieProd\Equipexe\Filiais\MOVANTIGA\LAV\FILIAL\AvisoContEti.YG1","D:\AtelieProd\Equipexe\Filiais\MOVANTIGA\LAV\FILIAL","AvisoContEti.YG1",".YG1","4096","15/01/2019 15:54:46"
"D:\AtelieProd\Equipexe\Filiais\MOVANTIGA\LAV\FILIAL\Backup.DB","D:\AtelieProd\Equipexe\Filiais\MOVANTIGA\LAV\FILIAL","Backup.DB",".DB","6361088","08/12/2014 09:02:26"
"D:\AtelieProd\Equipexe\Filiais\MOVANTIGA\LAV\FILIAL\Bonus.DB","D:\AtelieProd\Equipexe\Filiais\MOVANTIGA\LAV\FILIAL","Bonus.DB",".DB","2048","15/01/2019 15:54:48"
"D:\AtelieProd\Equipexe\Filiais\MOVANTIGA\LAV\FILIAL\Bonus.PX","D:\AtelieProd\Equipexe\Filiais\MOVANTIGA\LAV\FILIAL","Bonus.PX",".PX","2048","15/01/2019 15:54:48"
"D:\AtelieProd\Equipexe\Filiais\MOVANTIGA\LAV\FILIAL\Bonus.XG0","D:\AtelieProd\Equipexe\Filiais\MOVANTIGA\LAV\FILIAL","Bonus.XG0",".XG0","34816","15/01/2019 15:54:48"
"D:\AtelieProd\Equipexe\Filiais\MOVANTIGA\LAV\FILIAL\Bonus.YG0","D:\AtelieProd\Equipexe\Filiais\MOVANTIGA\LAV\FILIAL","Bonus.YG0",".YG0","4096","15/01/2019 15:54:48"
"D:\AtelieProd\Equipexe\Filiais\MOVANTIGA\LAV\FILIAL\CadGR.DB","D:\AtelieProd\Equipexe\Filiais\MOVANTIGA\LAV\FILIAL","CadGR.DB",".DB","34816","15/01/2019 15:54:58"
"D:\AtelieProd\Equipexe\Filiais\MOVANTIGA\LAV\FILIAL\CadGR.PX","D:\AtelieProd\Equipexe\Filiais\MOVANTIGA\LAV\FILIAL","CadGR.PX",".PX","4096","15/01/2019 15:54:58"
"D:\AtelieProd\Equipexe\Filiais\MOVANTIGA\LAV\FILIAL\CadLoc.DB","D:\AtelieProd\Equipexe\Filiais\MOVANTIGA\LAV\FILIAL","CadLoc.DB",".DB","34816","15/01/2019 15:55:02"
"D:\AtelieProd\Equipexe\Filiais\MOVANTIGA\LAV\FILIAL\CadLoc.PX","D:\AtelieProd\Equipexe\Filiais\MOVANTIGA\LAV\FILIAL","CadLoc.PX",".PX","4096","15/01/2019 15:55:02"
"D:\AtelieProd\Equipexe\Filiais\MOVANTIGA\LAV\FILIAL\CadLoc.XG0","D:\AtelieProd\Equipexe\Filiais\MOVANTIGA\LAV\FILIAL","CadLoc.XG0",".XG0","34816","15/01/2019 15:55:02"
"D:\AtelieProd\Equipexe\Filiais\MOVANTIGA\LAV\FILIAL\CadLoc.XG1","D:\AtelieProd\Equipexe\Filiais\MOVANTIGA\LAV\FILIAL","CadLoc.XG1",".XG1","34816","15/01/2019 15:55:02"
"D:\AtelieProd\Equipexe\Filiais\MOVANTIGA\LAV\FILIAL\CadLoc.YG0","D:\AtelieProd\Equipexe\Filiais\MOVANTIGA\LAV\FILIAL","CadLoc.YG0",".YG0","4096","15/01/2019 15:55:02"
"D:\AtelieProd\Equipexe\Filiais\MOVANTIGA\LAV\FILIAL\CadLoc.YG1","D:\AtelieProd\Equipexe\Filiais\MOVANTIGA\LAV\FILIAL","CadLoc.YG1",".YG1","4096","15/01/2019 15:55:02"
"D:\AtelieProd\Equipexe\Filiais\MOVANTIGA\LAV\FILIAL\CadLocPec.DB","D:\AtelieProd\Equipexe\Filiais\MOVANTIGA\LAV\FILIAL","CadLocPec.DB",".DB","34816","15/01/2019 15:55:02"
"D:\AtelieProd\Equipexe\Filiais\MOVANTIGA\LAV\FILIAL\CadLocPec.PX","D:\AtelieProd\Equipexe\Filiais\MOVANTIGA\LAV\FILIAL","CadLocPec.PX",".PX","4096","15/01/2019 15:55:02"
"D:\AtelieProd\Equipexe\Filiais\MOVANTIGA\LAV\FILIAL\CadLocPec.XG0","D:\AtelieProd\Equipexe\Filiais\MOVANTIGA\LAV\FILIAL","CadLocPec.XG0",".XG0","34816","15/01/2019 15:55:02"
"D:\AtelieProd\Equipexe\Filiais\MOVANTIGA\LAV\FILIAL\CadLocPec.XG1","D:\AtelieProd\Equipexe\Filiais\MOVANTIGA\LAV\FILIAL","CadLocPec.XG1",".XG1","34816","15/01/2019 15:55:02"
"D:\AtelieProd\Equipexe\Filiais\MOVANTIGA\LAV\FILIAL\CadLocPec.YG0","D:\AtelieProd\Equipexe\Filiais\MOVANTIGA\LAV\FILIAL","CadLocPec.YG0",".YG0","4096","15/01/2019 15:55:02"
"D:\AtelieProd\Equipexe\Filiais\MOVANTIGA\LAV\FILIAL\CadLocPec.YG1","D:\AtelieProd\Equipexe\Filiais\MOVANTIGA\LAV\FILIAL","CadLocPec.YG1",".YG1","4096","15/01/2019 15:55:02"
"D:\AtelieProd\Equipexe\Filiais\MOVANTIGA\LAV\FILIAL\CadLocReg.DB","D:\AtelieProd\Equipexe\Filiais\MOVANTIGA\LAV\FILIAL","CadLocReg.DB",".DB","2048","15/01/2019 15:55:02"
"D:\AtelieProd\Equipexe\Filiais\MOVANTIGA\LAV\FILIAL\CadLocReg.PX","D:\AtelieProd\Equipexe\Filiais\MOVANTIGA\LAV\FILIAL","CadLocReg.PX",".PX","2048","15/01/2019 15:55:02"
"D:\AtelieProd\Equipexe\Filiais\MOVANTIGA\LAV\FILIAL\CadLocReg.XG0","D:\AtelieProd\Equipexe\Filiais\MOVANTIGA\LAV\FILIAL","CadLocReg.XG0",".XG0","34816","15/01/2019 15:55:02"
"D:\AtelieProd\Equipexe\Filiais\MOVANTIGA\LAV\FILIAL\CadLocReg.YG0","D:\AtelieProd\Equipexe\Filiais\MOVANTIGA\LAV\FILIAL","CadLocReg.YG0",".YG0","4096","15/01/2019 15:55:02"
"D:\AtelieProd\Equipexe\Filiais\MOVANTIGA\LAV\FILIAL\CliCredito.DB","D:\AtelieProd\Equipexe\Filiais\MOVANTIGA\LAV\FILIAL","CliCredito.DB",".DB","34816","15/01/2019 15:55:22"
"D:\AtelieProd\Equipexe\Filiais\MOVANTIGA\LAV\FILIAL\CliCredito.PX","D:\AtelieProd\Equipexe\Filiais\MOVANTIGA\LAV\FILIAL","CliCredito.PX",".PX","4096","15/01/2019 15:55:22"
"D:\AtelieProd\Equipexe\Filiais\MOVANTIGA\LAV\FILIAL\CliCredito.XG0","D:\AtelieProd\Equipexe\Filiais\MOVANTIGA\LAV\FILIAL","CliCredito.XG0",".XG0","34816","15/01/2019 15:55:22"
"D:\AtelieProd\Equipexe\Filiais\MOVANTIGA\LAV\FILIAL\CliCredito.XG1","D:\AtelieProd\Equipexe\Filiais\MOVANTIGA\LAV\FILIAL","CliCredito.XG1",".XG1","34816","15/01/2019 15:55:22"
"D:\AtelieProd\Equipexe\Filiais\MOVANTIGA\LAV\FILIAL\CliCredito.YG0","D:\AtelieProd\Equipexe\Filiais\MOVANTIGA\LAV\FILIAL","CliCredito.YG0",".YG0","4096","15/01/2019 15:55:22"
"D:\AtelieProd\Equipexe\Filiais\MOVANTIGA\LAV\FILIAL\CliCredito.YG1","D:\AtelieProd\Equipexe\Filiais\MOVANTIGA\LAV\FILIAL","CliCredito.YG1",".YG1","4096","15/01/2019 15:55:22"
"D:\AtelieProd\Equipexe\Filiais\MOVANTIGA\LAV\FILIAL\CliPromAcu.DB","D:\AtelieProd\Equipexe\Filiais\MOVANTIGA\LAV\FILIAL","CliPromAcu.DB",".DB","2048","15/01/2019 15:55:24"
"D:\AtelieProd\Equipexe\Filiais\MOVANTIGA\LAV\FILIAL\CliPromAcu.PX","D:\AtelieProd\Equipexe\Filiais\MOVANTIGA\LAV\FILIAL","CliPromAcu.PX",".PX","2048","15/01/2019 15:55:24"
"D:\AtelieProd\Equipexe\Filiais\MOVANTIGA\LAV\FILIAL\CliPromAcu.XG0","D:\AtelieProd\Equipexe\Filiais\MOVANTIGA\LAV\FILIAL","CliPromAcu.XG0",".XG0","34816","15/01/2019 15:55:24"
"D:\AtelieProd\Equipexe\Filiais\MOVANTIGA\LAV\FILIAL\CliPromAcu.XG1","D:\AtelieProd\Equipexe\Filiais\MOVANTIGA\LAV\FILIAL","CliPromAcu.XG1",".XG1","34816","15/01/2019 15:55:24"
"D:\AtelieProd\Equipexe\Filiais\MOVANTIGA\LAV\FILIAL\CliPromAcu.YG0","D:\AtelieProd\Equipexe\Filiais\MOVANTIGA\LAV\FILIAL","CliPromAcu.YG0",".YG0","4096","15/01/2019 15:55:24"
"D:\AtelieProd\Equipexe\Filiais\MOVANTIGA\LAV\FILIAL\CliPromAcu.YG1","D:\AtelieProd\Equipexe\Filiais\MOVANTIGA\LAV\FILIAL","CliPromAcu.YG1",".YG1","4096","15/01/2019 15:55:24"
"D:\AtelieProd\Equipexe\Filiais\MOVANTIGA\LAV\FILIAL\ContIdent.DB","D:\AtelieProd\Equipexe\Filiais\MOVANTIGA\LAV\FILIAL","ContIdent.DB",".DB","2048","15/01/2019 15:55:30"
"D:\AtelieProd\Equipexe\Filiais\MOVANTIGA\LAV\FILIAL\ContIdent.PX","D:\AtelieProd\Equipexe\Filiais\MOVANTIGA\LAV\FILIAL","ContIdent.PX",".PX","2048","15/01/2019 15:55:30"
"D:\AtelieProd\Equipexe\Filiais\MOVANTIGA\LAV\FILIAL\ContIdent.XG0","D:\AtelieProd\Equipexe\Filiais\MOVANTIGA\LAV\FILIAL","ContIdent.XG0",".XG0","34816","15/01/2019 15:55:30"
"D:\AtelieProd\Equipexe\Filiais\MOVANTIGA\LAV\FILIAL\ContIdent.YG0","D:\AtelieProd\Equipexe\Filiais\MOVANTIGA\LAV\FILIAL","ContIdent.YG0",".YG0","4096","15/01/2019 15:55:30"
"D:\AtelieProd\Equipexe\Filiais\MOVANTIGA\LAV\FILIAL\ControleEti.DB","D:\AtelieProd\Equipexe\Filiais\MOVANTIGA\LAV\FILIAL","ControleEti.DB",".DB","2048","15/01/2019 15:55:30"
"D:\AtelieProd\Equipexe\Filiais\MOVANTIGA\LAV\FILIAL\ControleEti.PX","D:\AtelieProd\Equipexe\Filiais\MOVANTIGA\LAV\FILIAL","ControleEti.PX",".PX","2048","15/01/2019 15:55:30"
"D:\AtelieProd\Equipexe\Filiais\MOVANTIGA\LAV\FILIAL\ControleEti.XG0","D:\AtelieProd\Equipexe\Filiais\MOVANTIGA\LAV\FILIAL","ControleEti.XG0",".XG0","34816","15/01/2019 15:55:30"
"D:\AtelieProd\Equipexe\Filiais\MOVANTIGA\LAV\FILIAL\ControleEti.XG1","D:\AtelieProd\Equipexe\Filiais\MOVANTIGA\LAV\FILIAL","ControleEti.XG1",".XG1","34816","15/01/2019 15:55:30"
"D:\AtelieProd\Equipexe\Filiais\MOVANTIGA\LAV\FILIAL\ControleEti.YG0","D:\AtelieProd\Equipexe\Filiais\MOVANTIGA\LAV\FILIAL","ControleEti.YG0",".YG0","4096","15/01/2019 15:55:30"
"D:\AtelieProd\Equipexe\Filiais\MOVANTIGA\LAV\FILIAL\ControleEti.YG1","D:\AtelieProd\Equipexe\Filiais\MOVANTIGA\LAV\FILIAL","ControleEti.YG1",".YG1","4096","15/01/2019 15:55:30"
"D:\AtelieProd\Equipexe\Filiais\MOVANTIGA\LAV\FILIAL\Disp.DB","D:\AtelieProd\Equipexe\Filiais\MOVANTIGA\LAV\FILIAL","Disp.DB",".DB","2048","15/01/2019 15:55:30"
"D:\AtelieProd\Equipexe\Filiais\MOVANTIGA\LAV\FILIAL\Disp.PX","D:\AtelieProd\Equipexe\Filiais\MOVANTIGA\LAV\FILIAL","Disp.PX",".PX","2048","15/01/2019 15:55:30"
"D:\AtelieProd\Equipexe\Filiais\MOVANTIGA\LAV\FILIAL\Doacao.DB","D:\AtelieProd\Equipexe\Filiais\MOVANTIGA\LAV\FILIAL","Doacao.DB",".DB","2048","15/01/2019 15:55:30"
"D:\AtelieProd\Equipexe\Filiais\MOVANTIGA\LAV\FILIAL\Doacao.PX","D:\AtelieProd\Equipexe\Filiais\MOVANTIGA\LAV\FILIAL","Doacao.PX",".PX","2048","15/01/2019 15:55:30"
"D:\AtelieProd\Equipexe\Filiais\MOVANTIGA\LAV\FILIAL\Doacao.XG0","D:\AtelieProd\Equipexe\Filiais\MOVANTIGA\LAV\FILIAL","Doacao.XG0",".XG0","34816","15/01/2019 15:55:30"
"D:\AtelieProd\Equipexe\Filiais\MOVANTIGA\LAV\FILIAL\Doacao.XG1","D:\AtelieProd\Equipexe\Filiais\MOVANTIGA\LAV\FILIAL","Doacao.XG1",".XG1","34816","15/01/2019 15:55:30"
"D:\AtelieProd\Equipexe\Filiais\MOVANTIGA\LAV\FILIAL\Doacao.YG0","D:\AtelieProd\Equipexe\Filiais\MOVANTIGA\LAV\FILIAL","Doacao.YG0",".YG0","4096","15/01/2019 15:55:30"
"D:\AtelieProd\Equipexe\Filiais\MOVANTIGA\LAV\FILIAL\Doacao.YG1","D:\AtelieProd\Equipexe\Filiais\MOVANTIGA\LAV\FILIAL","Doacao.YG1",".YG1","4096","15/01/2019 15:55:30"
"D:\AtelieProd\Equipexe\Filiais\MOVANTIGA\LAV\FILIAL\EncCaiLav.DB","D:\AtelieProd\Equipexe\Filiais\MOVANTIGA\LAV\FILIAL","EncCaiLav.DB",".DB","2048","15/01/2019 15:55:56"
"D:\AtelieProd\Equipexe\Filiais\MOVANTIGA\LAV\FILIAL\EncCaiLav.PX","D:\AtelieProd\Equipexe\Filiais\MOVANTIGA\LAV\FILIAL","EncCaiLav.PX",".PX","2048","15/01/2019 15:55:56"
"D:\AtelieProd\Equipexe\Filiais\MOVANTIGA\LAV\FILIAL\EncCaiLav.XG0","D:\AtelieProd\Equipexe\Filiais\MOVANTIGA\LAV\FILIAL","EncCaiLav.XG0",".XG0","34816","15/01/2019 15:55:56"
"D:\AtelieProd\Equipexe\Filiais\MOVANTIGA\LAV\FILIAL\EncCaiLav.XG1","D:\AtelieProd\Equipexe\Filiais\MOVANTIGA\LAV\FILIAL","EncCaiLav.XG1",".XG1","34816","15/01/2019 15:55:56"
"D:\AtelieProd\Equipexe\Filiais\MOVANTIGA\LAV\FILIAL\EncCaiLav.YG0","D:\AtelieProd\Equipexe\Filiais\MOVANTIGA\LAV\FILIAL","EncCaiLav.YG0",".YG0","4096","15/01/2019 15:55:56"
"D:\AtelieProd\Equipexe\Filiais\MOVANTIGA\LAV\FILIAL\EncCaiLav.YG1","D:\AtelieProd\Equipexe\Filiais\MOVANTIGA\LAV\FILIAL","EncCaiLav.YG1",".YG1","4096","15/01/2019 15:55:56"
"D:\AtelieProd\Equipexe\Filiais\MOVANTIGA\LAV\FILIAL\EntLote.DB","D:\AtelieProd\Equipexe\Filiais\MOVANTIGA\LAV\FILIAL","EntLote.DB",".DB","2048","15/01/2019 15:55:58"
"D:\AtelieProd\Equipexe\Filiais\MOVANTIGA\LAV\FILIAL\EntLote.PX","D:\AtelieProd\Equipexe\Filiais\MOVANTIGA\LAV\FILIAL","EntLote.PX",".PX","2048","15/01/2019 15:55:58"
"D:\AtelieProd\Equipexe\Filiais\MOVANTIGA\LAV\FILIAL\EntMovLote.DB","D:\AtelieProd\Equipexe\Filiais\MOVANTIGA\LAV\FILIAL","EntMovLote.DB",".DB","2048","15/01/2019 15:55:58"
"D:\AtelieProd\Equipexe\Filiais\MOVANTIGA\LAV\FILIAL\EntMovLote.PX","D:\AtelieProd\Equipexe\Filiais\MOVANTIGA\LAV\FILIAL","EntMovLote.PX",".PX","2048","15/01/2019 15:55:58"
"D:\AtelieProd\Equipexe\Filiais\MOVANTIGA\LAV\FILIAL\EntMovLote.XG0","D:\AtelieProd\Equipexe\Filiais\MOVANTIGA\LAV\FILIAL","EntMovLote.XG0",".XG0","34816","15/01/2019 15:55:58"
"D:\AtelieProd\Equipexe\Filiais\MOVANTIGA\LAV\FILIAL\EntMovLote.XG1","D:\AtelieProd\Equipexe\Filiais\MOVANTIGA\LAV\FILIAL","EntMovLote.XG1",".XG1","34816","15/01/2019 15:55:58"
"D:\AtelieProd\Equipexe\Filiais\MOVANTIGA\LAV\FILIAL\EntMovLote.YG0","D:\AtelieProd\Equipexe\Filiais\MOVANTIGA\LAV\FILIAL","EntMovLote.YG0",".YG0","4096","15/01/2019 15:55:58"
"D:\AtelieProd\Equipexe\Filiais\MOVANTIGA\LAV\FILIAL\EntMovLote.YG1","D:\AtelieProd\Equipexe\Filiais\MOVANTIGA\LAV\FILIAL","EntMovLote.YG1",".YG1","4096","15/01/2019 15:55:58"
"D:\AtelieProd\Equipexe\Filiais\MOVANTIGA\LAV\FILIAL\EstCli.DB","D:\AtelieProd\Equipexe\Filiais\MOVANTIGA\LAV\FILIAL","EstCli.DB",".DB","2048","15/01/2019 15:56:00"
"D:\AtelieProd\Equipexe\Filiais\MOVANTIGA\LAV\FILIAL\EstCli.PX","D:\AtelieProd\Equipexe\Filiais\MOVANTIGA\LAV\FILIAL","EstCli.PX",".PX","2048","15/01/2019 15:56:00"
"D:\AtelieProd\Equipexe\Filiais\MOVANTIGA\LAV\FILIAL\EstCli.XG0","D:\AtelieProd\Equipexe\Filiais\MOVANTIGA\LAV\FILIAL","EstCli.XG0",".XG0","34816","15/01/2019 15:56:00"
"D:\AtelieProd\Equipexe\Filiais\MOVANTIGA\LAV\FILIAL\EstCli.XG1","D:\AtelieProd\Equipexe\Filiais\MOVANTIGA\LAV\FILIAL","EstCli.XG1",".XG1","34816","15/01/2019 15:56:00"
"D:\AtelieProd\Equipexe\Filiais\MOVANTIGA\LAV\FILIAL\EstCli.YG0","D:\AtelieProd\Equipexe\Filiais\MOVANTIGA\LAV\FILIAL","EstCli.YG0",".YG0","4096","15/01/2019 15:56:00"
"D:\AtelieProd\Equipexe\Filiais\MOVANTIGA\LAV\FILIAL\EstCli.YG1","D:\AtelieProd\Equipexe\Filiais\MOVANTIGA\LAV\FILIAL","EstCli.YG1",".YG1","4096","15/01/2019 15:56:00"
"D:\AtelieProd\Equipexe\Filiais\MOVANTIGA\LAV\FILIAL\FecCaixa.DB","D:\AtelieProd\Equipexe\Filiais\MOVANTIGA\LAV\FILIAL","FecCaixa.DB",".DB","2048","15/01/2019 15:56:02"
"D:\AtelieProd\Equipexe\Filiais\MOVANTIGA\LAV\FILIAL\FecCaixa.PX","D:\AtelieProd\Equipexe\Filiais\MOVANTIGA\LAV\FILIAL","FecCaixa.PX",".PX","2048","15/01/2019 15:56:02"
"D:\AtelieProd\Equipexe\Filiais\MOVANTIGA\LAV\FILIAL\IndenRol.DB","D:\AtelieProd\Equipexe\Filiais\MOVANTIGA\LAV\FILIAL","IndenRol.DB",".DB","2048","15/01/2019 15:56:14"
"D:\AtelieProd\Equipexe\Filiais\MOVANTIGA\LAV\FILIAL\IndenRol.PX","D:\AtelieProd\Equipexe\Filiais\MOVANTIGA\LAV\FILIAL","IndenRol.PX",".PX","2048","15/01/2019 15:56:14"
"D:\AtelieProd\Equipexe\Filiais\MOVANTIGA\LAV\FILIAL\LogExporta.DB","D:\AtelieProd\Equipexe\Filiais\MOVANTIGA\LAV\FILIAL","LogExporta.DB",".DB","2048","15/01/2019 15:56:16"
"D:\AtelieProd\Equipexe\Filiais\MOVANTIGA\LAV\FILIAL\LogExporta.PX","D:\AtelieProd\Equipexe\Filiais\MOVANTIGA\LAV\FILIAL","LogExporta.PX",".PX","2048","15/01/2019 15:56:16"
"D:\AtelieProd\Equipexe\Filiais\MOVANTIGA\LAV\FILIAL\MetasGruPro.DB","D:\AtelieProd\Equipexe\Filiais\MOVANTIGA\LAV\FILIAL","MetasGruPro.DB",".DB","2048","15/01/2019 15:56:18"
"D:\AtelieProd\Equipexe\Filiais\MOVANTIGA\LAV\FILIAL\MetasGruPro.PX","D:\AtelieProd\Equipexe\Filiais\MOVANTIGA\LAV\FILIAL","MetasGruPro.PX",".PX","2048","15/01/2019 15:56:18"
"D:\AtelieProd\Equipexe\Filiais\MOVANTIGA\LAV\FILIAL\MetasGruPro.XG0","D:\AtelieProd\Equipexe\Filiais\MOVANTIGA\LAV\FILIAL","MetasGruPro.XG0",".XG0","34816","15/01/2019 15:56:18"
"D:\AtelieProd\Equipexe\Filiais\MOVANTIGA\LAV\FILIAL\MetasGruPro.YG0","D:\AtelieProd\Equipexe\Filiais\MOVANTIGA\LAV\FILIAL","MetasGruPro.YG0",".YG0","4096","15/01/2019 15:56:18"
"D:\AtelieProd\Equipexe\Filiais\MOVANTIGA\LAV\FILIAL\MetasVen.DB","D:\AtelieProd\Equipexe\Filiais\MOVANTIGA\LAV\FILIAL","MetasVen.DB",".DB","2048","15/01/2019 15:56:20"
"D:\AtelieProd\Equipexe\Filiais\MOVANTIGA\LAV\FILIAL\MetasVen.PX","D:\AtelieProd\Equipexe\Filiais\MOVANTIGA\LAV\FILIAL","MetasVen.PX",".PX","2048","15/01/2019 15:56:20"
"D:\AtelieProd\Equipexe\Filiais\MOVANTIGA\LAV\FILIAL\MetasVen.XG0","D:\AtelieProd\Equipexe\Filiais\MOVANTIGA\LAV\FILIAL","MetasVen.XG0",".XG0","34816","15/01/2019 15:56:20"
"D:\AtelieProd\Equipexe\Filiais\MOVANTIGA\LAV\FILIAL\MetasVen.YG0","D:\AtelieProd\Equipexe\Filiais\MOVANTIGA\LAV\FILIAL","MetasVen.YG0",".YG0","4096","15/01/2019 15:56:20"
"D:\AtelieProd\Equipexe\Filiais\MOVANTIGA\LAV\FILIAL\MovAgenda.DB","D:\AtelieProd\Equipexe\Filiais\MOVANTIGA\LAV\FILIAL","MovAgenda.DB",".DB","2048","15/01/2019 15:56:20"
"D:\AtelieProd\Equipexe\Filiais\MOVANTIGA\LAV\FILIAL\MovAgenda.PX","D:\AtelieProd\Equipexe\Filiais\MOVANTIGA\LAV\FILIAL","MovAgenda.PX",".PX","2048","15/01/2019 15:56:20"
"D:\AtelieProd\Equipexe\Filiais\MOVANTIGA\LAV\FILIAL\MovAgenda.XG0","D:\AtelieProd\Equipexe\Filiais\MOVANTIGA\LAV\FILIAL","MovAgenda.XG0",".XG0","34816","15/01/2019 15:56:20"
"D:\AtelieProd\Equipexe\Filiais\MOVANTIGA\LAV\FILIAL\MovAgenda.XG1","D:\AtelieProd\Equipexe\Filiais\MOVANTIGA\LAV\FILIAL","MovAgenda.XG1",".XG1","34816","15/01/2019 15:56:20"
"D:\AtelieProd\Equipexe\Filiais\MOVANTIGA\LAV\FILIAL\MovAgenda.YG0","D:\AtelieProd\Equipexe\Filiais\MOVANTIGA\LAV\FILIAL","MovAgenda.YG0",".YG0","4096","15/01/2019 15:56:20"
"D:\AtelieProd\Equipexe\Filiais\MOVANTIGA\LAV\FILIAL\MovAgenda.YG1","D:\AtelieProd\Equipexe\Filiais\MOVANTIGA\LAV\FILIAL","MovAgenda.YG1",".YG1","4096","15/01/2019 15:56:20"
"D:\AtelieProd\Equipexe\Filiais\MOVANTIGA\LAV\FILIAL\MovCab.DB","D:\AtelieProd\Equipexe\Filiais\MOVANTIGA\LAV\FILIAL","MovCab.DB",".DB","7639040","15/01/2019 15:56:30"
"D:\AtelieProd\Equipexe\Filiais\MOVANTIGA\LAV\FILIAL\MovCab.PX","D:\AtelieProd\Equipexe\Filiais\MOVANTIGA\LAV\FILIAL","MovCab.PX",".PX","8192","15/01/2019 15:56:30"
"D:\AtelieProd\Equipexe\Filiais\MOVANTIGA\LAV\FILIAL\MovCab.XG0","D:\AtelieProd\Equipexe\Filiais\MOVANTIGA\LAV\FILIAL","MovCab.XG0",".XG0","526336","15/01/2019 15:56:30"
"D:\AtelieProd\Equipexe\Filiais\MOVANTIGA\LAV\FILIAL\MovCab.XG1","D:\AtelieProd\Equipexe\Filiais\MOVANTIGA\LAV\FILIAL","MovCab.XG1",".XG1","362496","15/01/2019 15:56:30"
"D:\AtelieProd\Equipexe\Filiais\MOVANTIGA\LAV\FILIAL\MovCab.YG0","D:\AtelieProd\Equipexe\Filiais\MOVANTIGA\LAV\FILIAL","MovCab.YG0",".YG0","4096","15/01/2019 15:56:30"
"D:\AtelieProd\Equipexe\Filiais\MOVANTIGA\LAV\FILIAL\MovCab.YG1","D:\AtelieProd\Equipexe\Filiais\MOVANTIGA\LAV\FILIAL","MovCab.YG1",".YG1","4096","15/01/2019 15:56:30"
"D:\AtelieProd\Equipexe\Filiais\MOVANTIGA\LAV\FILIAL\MovCabDes.DB","D:\AtelieProd\Equipexe\Filiais\MOVANTIGA\LAV\FILIAL","MovCabDes.DB",".DB","34816","15/01/2019 15:56:30"
"D:\AtelieProd\Equipexe\Filiais\MOVANTIGA\LAV\FILIAL\MovCabDes.PX","D:\AtelieProd\Equipexe\Filiais\MOVANTIGA\LAV\FILIAL","MovCabDes.PX",".PX","4096","15/01/2019 15:56:30"
"D:\AtelieProd\Equipexe\Filiais\MOVANTIGA\LAV\FILIAL\MovCabDes.XG0","D:\AtelieProd\Equipexe\Filiais\MOVANTIGA\LAV\FILIAL","MovCabDes.XG0",".XG0","34816","15/01/2019 15:56:30"
"D:\AtelieProd\Equipexe\Filiais\MOVANTIGA\LAV\FILIAL\MovCabDes.XG1","D:\AtelieProd\Equipexe\Filiais\MOVANTIGA\LAV\FILIAL","MovCabDes.XG1",".XG1","34816","15/01/2019 15:56:30"
"D:\AtelieProd\Equipexe\Filiais\MOVANTIGA\LAV\FILIAL\MovCabDes.YG0","D:\AtelieProd\Equipexe\Filiais\MOVANTIGA\LAV\FILIAL","MovCabDes.YG0",".YG0","4096","15/01/2019 15:56:30"
"D:\AtelieProd\Equipexe\Filiais\MOVANTIGA\LAV\FILIAL\MovCabDes.YG1","D:\AtelieProd\Equipexe\Filiais\MOVANTIGA\LAV\FILIAL","MovCabDes.YG1",".YG1","4096","15/01/2019 15:56:30"
"D:\AtelieProd\Equipexe\Filiais\MOVANTIGA\LAV\FILIAL\MovDesc.DB","D:\AtelieProd\Equipexe\Filiais\MOVANTIGA\LAV\FILIAL","MovDesc.DB",".DB","2048","15/01/2019 15:56:32"
"D:\AtelieProd\Equipexe\Filiais\MOVANTIGA\LAV\FILIAL\MovDesc.PX","D:\AtelieProd\Equipexe\Filiais\MOVANTIGA\LAV\FILIAL","MovDesc.PX",".PX","2048","15/01/2019 15:56:32"
"D:\AtelieProd\Equipexe\Filiais\MOVANTIGA\LAV\FILIAL\MovDesc.XG0","D:\AtelieProd\Equipexe\Filiais\MOVANTIGA\LAV\FILIAL","MovDesc.XG0",".XG0","34816","15/01/2019 15:56:32"
"D:\AtelieProd\Equipexe\Filiais\MOVANTIGA\LAV\FILIAL\MovDesc.XG1","D:\AtelieProd\Equipexe\Filiais\MOVANTIGA\LAV\FILIAL","MovDesc.XG1",".XG1","34816","15/01/2019 15:56:32"
"D:\AtelieProd\Equipexe\Filiais\MOVANTIGA\LAV\FILIAL\MovDesc.YG0","D:\AtelieProd\Equipexe\Filiais\MOVANTIGA\LAV\FILIAL","MovDesc.YG0",".YG0","4096","15/01/2019 15:56:32"
"D:\AtelieProd\Equipexe\Filiais\MOVANTIGA\LAV\FILIAL\MovDesc.YG1","D:\AtelieProd\Equipexe\Filiais\MOVANTIGA\LAV\FILIAL","MovDesc.YG1",".YG1","4096","15/01/2019 15:56:32"
"D:\AtelieProd\Equipexe\Filiais\MOVANTIGA\LAV\FILIAL\MovEntSai.DB","D:\AtelieProd\Equipexe\Filiais\MOVANTIGA\LAV\FILIAL","MovEntSai.DB",".DB","2048","15/01/2019 15:56:32"
"D:\AtelieProd\Equipexe\Filiais\MOVANTIGA\LAV\FILIAL\MovEntSai.PX","D:\AtelieProd\Equipexe\Filiais\MOVANTIGA\LAV\FILIAL","MovEntSai.PX",".PX","2048","15/01/2019 15:56:32"
"D:\AtelieProd\Equipexe\Filiais\MOVANTIGA\LAV\FILIAL\MovEntSai.XG0","D:\AtelieProd\Equipexe\Filiais\MOVANTIGA\LAV\FILIAL","MovEntSai.XG0",".XG0","34816","15/01/2019 15:56:32"
"D:\AtelieProd\Equipexe\Filiais\MOVANTIGA\LAV\FILIAL\MovEntSai.XG1","D:\AtelieProd\Equipexe\Filiais\MOVANTIGA\LAV\FILIAL","MovEntSai.XG1",".XG1","34816","15/01/2019 15:56:32"
"D:\AtelieProd\Equipexe\Filiais\MOVANTIGA\LAV\FILIAL\MovEntSai.YG0","D:\AtelieProd\Equipexe\Filiais\MOVANTIGA\LAV\FILIAL","MovEntSai.YG0",".YG0","4096","15/01/2019 15:56:32"
"D:\AtelieProd\Equipexe\Filiais\MOVANTIGA\LAV\FILIAL\MovEntSai.YG1","D:\AtelieProd\Equipexe\Filiais\MOVANTIGA\LAV\FILIAL","MovEntSai.YG1",".YG1","4096","15/01/2019 15:56:32"
"D:\AtelieProd\Equipexe\Filiais\MOVANTIGA\LAV\FILIAL\MovEstLan.DB","D:\AtelieProd\Equipexe\Filiais\MOVANTIGA\LAV\FILIAL","MovEstLan.DB",".DB","2048","15/01/2019 15:56:34"
"D:\AtelieProd\Equipexe\Filiais\MOVANTIGA\LAV\FILIAL\MovEstLan.PX","D:\AtelieProd\Equipexe\Filiais\MOVANTIGA\LAV\FILIAL","MovEstLan.PX",".PX","2048","15/01/2019 15:56:34"
"D:\AtelieProd\Equipexe\Filiais\MOVANTIGA\LAV\FILIAL\MovImportacao.DB","D:\AtelieProd\Equipexe\Filiais\MOVANTIGA\LAV\FILIAL","MovImportacao.DB",".DB","2048","15/01/2019 15:56:34"
"D:\AtelieProd\Equipexe\Filiais\MOVANTIGA\LAV\FILIAL\MovImportacao.PX","D:\AtelieProd\Equipexe\Filiais\MOVANTIGA\LAV\FILIAL","MovImportacao.PX",".PX","2048","15/01/2019 15:56:34"
"D:\AtelieProd\Equipexe\Filiais\MOVANTIGA\LAV\FILIAL\MovImportacao.XG0","D:\AtelieProd\Equipexe\Filiais\MOVANTIGA\LAV\FILIAL","MovImportacao.XG0",".XG0","34816","15/01/2019 15:56:34"
"D:\AtelieProd\Equipexe\Filiais\MOVANTIGA\LAV\FILIAL\MovImportacao.XG1","D:\AtelieProd\Equipexe\Filiais\MOVANTIGA\LAV\FILIAL","MovImportacao.XG1",".XG1","34816","15/01/2019 15:56:34"
"D:\AtelieProd\Equipexe\Filiais\MOVANTIGA\LAV\FILIAL\MovImportacao.YG0","D:\AtelieProd\Equipexe\Filiais\MOVANTIGA\LAV\FILIAL","MovImportacao.YG0",".YG0","4096","15/01/2019 15:56:34"
"D:\AtelieProd\Equipexe\Filiais\MOVANTIGA\LAV\FILIAL\MovImportacao.YG1","D:\AtelieProd\Equipexe\Filiais\MOVANTIGA\LAV\FILIAL","MovImportacao.YG1",".YG1","4096","15/01/2019 15:56:34"
"D:\AtelieProd\Equipexe\Filiais\MOVANTIGA\LAV\FILIAL\MovIniCaixa.DB","D:\AtelieProd\Equipexe\Filiais\MOVANTIGA\LAV\FILIAL","MovIniCaixa.DB",".DB","2048","15/01/2019 15:56:34"
"D:\AtelieProd\Equipexe\Filiais\MOVANTIGA\LAV\FILIAL\MovIniCaixa.PX","D:\AtelieProd\Equipexe\Filiais\MOVANTIGA\LAV\FILIAL","MovIniCaixa.PX",".PX","2048","15/01/2019 15:56:34"
"D:\AtelieProd\Equipexe\Filiais\MOVANTIGA\LAV\FILIAL\MovIniCaixa.XG0","D:\AtelieProd\Equipexe\Filiais\MOVANTIGA\LAV\FILIAL","MovIniCaixa.XG0",".XG0","34816","15/01/2019 15:56:34"
"D:\AtelieProd\Equipexe\Filiais\MOVANTIGA\LAV\FILIAL\MovIniCaixa.YG0","D:\AtelieProd\Equipexe\Filiais\MOVANTIGA\LAV\FILIAL","MovIniCaixa.YG0",".YG0","4096","15/01/2019 15:56:34"
"D:\AtelieProd\Equipexe\Filiais\MOVANTIGA\LAV\FILIAL\MovItem.DB","D:\AtelieProd\Equipexe\Filiais\MOVANTIGA\LAV\FILIAL","MovItem.DB",".DB","12519424","15/01/2019 15:56:40"
"D:\AtelieProd\Equipexe\Filiais\MOVANTIGA\LAV\FILIAL\MovItem.PX","D:\AtelieProd\Equipexe\Filiais\MOVANTIGA\LAV\FILIAL","MovItem.PX",".PX","10240","15/01/2019 15:56:40"
"D:\AtelieProd\Equipexe\Filiais\MOVANTIGA\LAV\FILIAL\MovItem.XG0","D:\AtelieProd\Equipexe\Filiais\MOVANTIGA\LAV\FILIAL","MovItem.XG0",".XG0","952320","15/01/2019 15:56:40"
"D:\AtelieProd\Equipexe\Filiais\MOVANTIGA\LAV\FILIAL\MovItem.XG1","D:\AtelieProd\Equipexe\Filiais\MOVANTIGA\LAV\FILIAL","MovItem.XG1",".XG1","591872","15/01/2019 15:56:40"
"D:\AtelieProd\Equipexe\Filiais\MOVANTIGA\LAV\FILIAL\MovItem.YG0","D:\AtelieProd\Equipexe\Filiais\MOVANTIGA\LAV\FILIAL","MovItem.YG0",".YG0","4096","15/01/2019 15:56:40"
"D:\AtelieProd\Equipexe\Filiais\MOVANTIGA\LAV\FILIAL\MovItem.YG1","D:\AtelieProd\Equipexe\Filiais\MOVANTIGA\LAV\FILIAL","MovItem.YG1",".YG1","4096","15/01/2019 15:56:40"
"D:\AtelieProd\Equipexe\Filiais\MOVANTIGA\LAV\FILIAL\MovItemCor.DB","D:\AtelieProd\Equipexe\Filiais\MOVANTIGA\LAV\FILIAL","MovItemCor.DB",".DB","34816","15/01/2019 15:56:40"
"D:\AtelieProd\Equipexe\Filiais\MOVANTIGA\LAV\FILIAL\MovItemCor.PX","D:\AtelieProd\Equipexe\Filiais\MOVANTIGA\LAV\FILIAL","MovItemCor.PX",".PX","4096","15/01/2019 15:56:40"
"D:\AtelieProd\Equipexe\Filiais\MOVANTIGA\LAV\FILIAL\MovItemCor.XG0","D:\AtelieProd\Equipexe\Filiais\MOVANTIGA\LAV\FILIAL","MovItemCor.XG0",".XG0","34816","15/01/2019 15:56:40"
"D:\AtelieProd\Equipexe\Filiais\MOVANTIGA\LAV\FILIAL\MovItemCor.YG0","D:\AtelieProd\Equipexe\Filiais\MOVANTIGA\LAV\FILIAL","MovItemCor.YG0",".YG0","4096","15/01/2019 15:56:40"
"D:\AtelieProd\Equipexe\Filiais\MOVANTIGA\LAV\FILIAL\MovItemDef.DB","D:\AtelieProd\Equipexe\Filiais\MOVANTIGA\LAV\FILIAL","MovItemDef.DB",".DB","34816","15/01/2019 15:56:40"
"D:\AtelieProd\Equipexe\Filiais\MOVANTIGA\LAV\FILIAL\MovItemDef.PX","D:\AtelieProd\Equipexe\Filiais\MOVANTIGA\LAV\FILIAL","MovItemDef.PX",".PX","4096","15/01/2019 15:56:40"
"D:\AtelieProd\Equipexe\Filiais\MOVANTIGA\LAV\FILIAL\MovItemDef.XG0","D:\AtelieProd\Equipexe\Filiais\MOVANTIGA\LAV\FILIAL","MovItemDef.XG0",".XG0","34816","15/01/2019 15:56:40"
"D:\AtelieProd\Equipexe\Filiais\MOVANTIGA\LAV\FILIAL\MovItemDef.YG0","D:\AtelieProd\Equipexe\Filiais\MOVANTIGA\LAV\FILIAL","MovItemDef.YG0",".YG0","4096","15/01/2019 15:56:40"
"D:\AtelieProd\Equipexe\Filiais\MOVANTIGA\LAV\FILIAL\MovItemMetragem.DB","D:\AtelieProd\Equipexe\Filiais\MOVANTIGA\LAV\FILIAL","MovItemMetragem.DB",".DB","2048","15/01/2019 15:56:40"
"D:\AtelieProd\Equipexe\Filiais\MOVANTIGA\LAV\FILIAL\MovItemMetragem.PX","D:\AtelieProd\Equipexe\Filiais\MOVANTIGA\LAV\FILIAL","MovItemMetragem.PX",".PX","2048","15/01/2019 15:56:40"
"D:\AtelieProd\Equipexe\Filiais\MOVANTIGA\LAV\FILIAL\MovItemPac.DB","D:\AtelieProd\Equipexe\Filiais\MOVANTIGA\LAV\FILIAL","MovItemPac.DB",".DB","2048","15/01/2019 15:56:40"
"D:\AtelieProd\Equipexe\Filiais\MOVANTIGA\LAV\FILIAL\MovItemPac.PX","D:\AtelieProd\Equipexe\Filiais\MOVANTIGA\LAV\FILIAL","MovItemPac.PX",".PX","2048","15/01/2019 15:56:40"
"D:\AtelieProd\Equipexe\Filiais\MOVANTIGA\LAV\FILIAL\MovItemPac.XG0","D:\AtelieProd\Equipexe\Filiais\MOVANTIGA\LAV\FILIAL","MovItemPac.XG0",".XG0","34816","15/01/2019 15:56:40"
"D:\AtelieProd\Equipexe\Filiais\MOVANTIGA\LAV\FILIAL\MovItemPac.XG1","D:\AtelieProd\Equipexe\Filiais\MOVANTIGA\LAV\FILIAL","MovItemPac.XG1",".XG1","34816","15/01/2019 15:56:40"
"D:\AtelieProd\Equipexe\Filiais\MOVANTIGA\LAV\FILIAL\MovItemPac.YG0","D:\AtelieProd\Equipexe\Filiais\MOVANTIGA\LAV\FILIAL","MovItemPac.YG0",".YG0","4096","15/01/2019 15:56:40"
"D:\AtelieProd\Equipexe\Filiais\MOVANTIGA\LAV\FILIAL\MovItemPac.YG1","D:\AtelieProd\Equipexe\Filiais\MOVANTIGA\LAV\FILIAL","MovItemPac.YG1",".YG1","4096","15/01/2019 15:56:40"
"D:\AtelieProd\Equipexe\Filiais\MOVANTIGA\LAV\FILIAL\MovItemPro.DB","D:\AtelieProd\Equipexe\Filiais\MOVANTIGA\LAV\FILIAL","MovItemPro.DB",".DB","2048","15/01/2019 15:56:42"
"D:\AtelieProd\Equipexe\Filiais\MOVANTIGA\LAV\FILIAL\MovItemPro.PX","D:\AtelieProd\Equipexe\Filiais\MOVANTIGA\LAV\FILIAL","MovItemPro.PX",".PX","2048","15/01/2019 15:56:42"
"D:\AtelieProd\Equipexe\Filiais\MOVANTIGA\LAV\FILIAL\MovItemPro.XG0","D:\AtelieProd\Equipexe\Filiais\MOVANTIGA\LAV\FILIAL","MovItemPro.XG0",".XG0","34816","15/01/2019 15:56:42"
"D:\AtelieProd\Equipexe\Filiais\MOVANTIGA\LAV\FILIAL\MovItemPro.YG0","D:\AtelieProd\Equipexe\Filiais\MOVANTIGA\LAV\FILIAL","MovItemPro.YG0",".YG0","4096","15/01/2019 15:56:42"
"D:\AtelieProd\Equipexe\Filiais\MOVANTIGA\LAV\FILIAL\MovItemSer.DB","D:\AtelieProd\Equipexe\Filiais\MOVANTIGA\LAV\FILIAL","MovItemSer.DB",".DB","34816","15/01/2019 15:56:42"
"D:\AtelieProd\Equipexe\Filiais\MOVANTIGA\LAV\FILIAL\MovItemSer.PX","D:\AtelieProd\Equipexe\Filiais\MOVANTIGA\LAV\FILIAL","MovItemSer.PX",".PX","4096","15/01/2019 15:56:42"
"D:\AtelieProd\Equipexe\Filiais\MOVANTIGA\LAV\FILIAL\MovItemSer.XG0","D:\AtelieProd\Equipexe\Filiais\MOVANTIGA\LAV\FILIAL","MovItemSer.XG0",".XG0","34816","15/01/2019 15:56:42"
"D:\AtelieProd\Equipexe\Filiais\MOVANTIGA\LAV\FILIAL\MovItemSer.XG1","D:\AtelieProd\Equipexe\Filiais\MOVANTIGA\LAV\FILIAL","MovItemSer.XG1",".XG1","34816","15/01/2019 15:56:42"
"D:\AtelieProd\Equipexe\Filiais\MOVANTIGA\LAV\FILIAL\MovItemSer.YG0","D:\AtelieProd\Equipexe\Filiais\MOVANTIGA\LAV\FILIAL","MovItemSer.YG0",".YG0","4096","15/01/2019 15:56:42"
"D:\AtelieProd\Equipexe\Filiais\MOVANTIGA\LAV\FILIAL\MovItemSer.YG1","D:\AtelieProd\Equipexe\Filiais\MOVANTIGA\LAV\FILIAL","MovItemSer.YG1",".YG1","4096","15/01/2019 15:56:42"
"D:\AtelieProd\Equipexe\Filiais\MOVANTIGA\LAV\FILIAL\MovItemSerPro.DB","D:\AtelieProd\Equipexe\Filiais\MOVANTIGA\LAV\FILIAL","MovItemSerPro.DB",".DB","2048","15/01/2019 15:56:42"
"D:\AtelieProd\Equipexe\Filiais\MOVANTIGA\LAV\FILIAL\MovItemSerPro.PX","D:\AtelieProd\Equipexe\Filiais\MOVANTIGA\LAV\FILIAL","MovItemSerPro.PX",".PX","2048","15/01/2019 15:56:42"
"D:\AtelieProd\Equipexe\Filiais\MOVANTIGA\LAV\FILIAL\MovItemTin.DB","D:\AtelieProd\Equipexe\Filiais\MOVANTIGA\LAV\FILIAL","MovItemTin.DB",".DB","2048","15/01/2019 15:56:42"
"D:\AtelieProd\Equipexe\Filiais\MOVANTIGA\LAV\FILIAL\MovItemTin.PX","D:\AtelieProd\Equipexe\Filiais\MOVANTIGA\LAV\FILIAL","MovItemTin.PX",".PX","2048","15/01/2019 15:56:42"
"D:\AtelieProd\Equipexe\Filiais\MOVANTIGA\LAV\FILIAL\MovItemTin.XG0","D:\AtelieProd\Equipexe\Filiais\MOVANTIGA\LAV\FILIAL","MovItemTin.XG0",".XG0","34816","15/01/2019 15:56:42"
"D:\AtelieProd\Equipexe\Filiais\MOVANTIGA\LAV\FILIAL\MovItemTin.YG0","D:\AtelieProd\Equipexe\Filiais\MOVANTIGA\LAV\FILIAL","MovItemTin.YG0",".YG0","4096","15/01/2019 15:56:42"
"D:\AtelieProd\Equipexe\Filiais\MOVANTIGA\LAV\FILIAL\MovLimite.DB","D:\AtelieProd\Equipexe\Filiais\MOVANTIGA\LAV\FILIAL","MovLimite.DB",".DB","2048","15/01/2019 15:56:44"
"D:\AtelieProd\Equipexe\Filiais\MOVANTIGA\LAV\FILIAL\MovLimite.PX","D:\AtelieProd\Equipexe\Filiais\MOVANTIGA\LAV\FILIAL","MovLimite.PX",".PX","2048","15/01/2019 15:56:44"
"D:\AtelieProd\Equipexe\Filiais\MOVANTIGA\LAV\FILIAL\MovLimite.XG0","D:\AtelieProd\Equipexe\Filiais\MOVANTIGA\LAV\FILIAL","MovLimite.XG0",".XG0","34816","15/01/2019 15:56:44"
"D:\AtelieProd\Equipexe\Filiais\MOVANTIGA\LAV\FILIAL\MovLimite.YG0","D:\AtelieProd\Equipexe\Filiais\MOVANTIGA\LAV\FILIAL","MovLimite.YG0",".YG0","4096","15/01/2019 15:56:44"
"D:\AtelieProd\Equipexe\Filiais\MOVANTIGA\LAV\FILIAL\MovLimPro.DB","D:\AtelieProd\Equipexe\Filiais\MOVANTIGA\LAV\FILIAL","MovLimPro.DB",".DB","34816","15/01/2019 15:56:44"
"D:\AtelieProd\Equipexe\Filiais\MOVANTIGA\LAV\FILIAL\MovLimPro.PX","D:\AtelieProd\Equipexe\Filiais\MOVANTIGA\LAV\FILIAL","MovLimPro.PX",".PX","4096","15/01/2019 15:56:44"
"D:\AtelieProd\Equipexe\Filiais\MOVANTIGA\LAV\FILIAL\MovLimPro.XG0","D:\AtelieProd\Equipexe\Filiais\MOVANTIGA\LAV\FILIAL","MovLimPro.XG0",".XG0","34816","15/01/2019 15:56:44"
"D:\AtelieProd\Equipexe\Filiais\MOVANTIGA\LAV\FILIAL\MovLimPro.YG0","D:\AtelieProd\Equipexe\Filiais\MOVANTIGA\LAV\FILIAL","MovLimPro.YG0",".YG0","4096","15/01/2019 15:56:44"
"D:\AtelieProd\Equipexe\Filiais\MOVANTIGA\LAV\FILIAL\MovLocRol.DB","D:\AtelieProd\Equipexe\Filiais\MOVANTIGA\LAV\FILIAL","MovLocRol.DB",".DB","2048","15/01/2019 15:56:44"
"D:\AtelieProd\Equipexe\Filiais\MOVANTIGA\LAV\FILIAL\MovLocRol.PX","D:\AtelieProd\Equipexe\Filiais\MOVANTIGA\LAV\FILIAL","MovLocRol.PX",".PX","2048","15/01/2019 15:56:44"
"D:\AtelieProd\Equipexe\Filiais\MOVANTIGA\LAV\FILIAL\MovLocRol.XG0","D:\AtelieProd\Equipexe\Filiais\MOVANTIGA\LAV\FILIAL","MovLocRol.XG0",".XG0","34816","15/01/2019 15:56:44"
"D:\AtelieProd\Equipexe\Filiais\MOVANTIGA\LAV\FILIAL\MovLocRol.XG1","D:\AtelieProd\Equipexe\Filiais\MOVANTIGA\LAV\FILIAL","MovLocRol.XG1",".XG1","34816","15/01/2019 15:56:44"
"D:\AtelieProd\Equipexe\Filiais\MOVANTIGA\LAV\FILIAL\MovLocRol.YG0","D:\AtelieProd\Equipexe\Filiais\MOVANTIGA\LAV\FILIAL","MovLocRol.YG0",".YG0","4096","15/01/2019 15:56:44"
"D:\AtelieProd\Equipexe\Filiais\MOVANTIGA\LAV\FILIAL\MovLocRol.YG1","D:\AtelieProd\Equipexe\Filiais\MOVANTIGA\LAV\FILIAL","MovLocRol.YG1",".YG1","4096","15/01/2019 15:56:44"
"D:\AtelieProd\Equipexe\Filiais\MOVANTIGA\LAV\FILIAL\MovPacot.DB","D:\AtelieProd\Equipexe\Filiais\MOVANTIGA\LAV\FILIAL","MovPacot.DB",".DB","2048","15/01/2019 15:56:44"
"D:\AtelieProd\Equipexe\Filiais\MOVANTIGA\LAV\FILIAL\MovPacot.PX","D:\AtelieProd\Equipexe\Filiais\MOVANTIGA\LAV\FILIAL","MovPacot.PX",".PX","2048","15/01/2019 15:56:44"
"D:\AtelieProd\Equipexe\Filiais\MOVANTIGA\LAV\FILIAL\MovPacot.XG0","D:\AtelieProd\Equipexe\Filiais\MOVANTIGA\LAV\FILIAL","MovPacot.XG0",".XG0","34816","15/01/2019 15:56:44"
"D:\AtelieProd\Equipexe\Filiais\MOVANTIGA\LAV\FILIAL\MovPacot.XG1","D:\AtelieProd\Equipexe\Filiais\MOVANTIGA\LAV\FILIAL","MovPacot.XG1",".XG1","34816","15/01/2019 15:56:44"
"D:\AtelieProd\Equipexe\Filiais\MOVANTIGA\LAV\FILIAL\MovPacot.YG0","D:\AtelieProd\Equipexe\Filiais\MOVANTIGA\LAV\FILIAL","MovPacot.YG0",".YG0","4096","15/01/2019 15:56:44"
"D:\AtelieProd\Equipexe\Filiais\MOVANTIGA\LAV\FILIAL\MovPacot.YG1","D:\AtelieProd\Equipexe\Filiais\MOVANTIGA\LAV\FILIAL","MovPacot.YG1",".YG1","4096","15/01/2019 15:56:44"
"D:\AtelieProd\Equipexe\Filiais\MOVANTIGA\LAV\FILIAL\MovPecLav.DB","D:\AtelieProd\Equipexe\Filiais\MOVANTIGA\LAV\FILIAL","MovPecLav.DB",".DB","2048","15/01/2019 15:56:46"
"D:\AtelieProd\Equipexe\Filiais\MOVANTIGA\LAV\FILIAL\MovPecLav.PX","D:\AtelieProd\Equipexe\Filiais\MOVANTIGA\LAV\FILIAL","MovPecLav.PX",".PX","2048","15/01/2019 15:56:46"
"D:\AtelieProd\Equipexe\Filiais\MOVANTIGA\LAV\FILIAL\MovPecLav.XG0","D:\AtelieProd\Equipexe\Filiais\MOVANTIGA\LAV\FILIAL","MovPecLav.XG0",".XG0","34816","15/01/2019 15:56:46"
"D:\AtelieProd\Equipexe\Filiais\MOVANTIGA\LAV\FILIAL\MovPecLav.XG1","D:\AtelieProd\Equipexe\Filiais\MOVANTIGA\LAV\FILIAL","MovPecLav.XG1",".XG1","34816","15/01/2019 15:56:46"
"D:\AtelieProd\Equipexe\Filiais\MOVANTIGA\LAV\FILIAL\MovPecLav.YG0","D:\AtelieProd\Equipexe\Filiais\MOVANTIGA\LAV\FILIAL","MovPecLav.YG0",".YG0","4096","15/01/2019 15:56:46"
"D:\AtelieProd\Equipexe\Filiais\MOVANTIGA\LAV\FILIAL\MovPecLav.YG1","D:\AtelieProd\Equipexe\Filiais\MOVANTIGA\LAV\FILIAL","MovPecLav.YG1",".YG1","4096","15/01/2019 15:56:46"
"D:\AtelieProd\Equipexe\Filiais\MOVANTIGA\LAV\FILIAL\MovPontos.DB","D:\AtelieProd\Equipexe\Filiais\MOVANTIGA\LAV\FILIAL","MovPontos.DB",".DB","2048","15/01/2019 15:56:46"
"D:\AtelieProd\Equipexe\Filiais\MOVANTIGA\LAV\FILIAL\MovPontos.PX","D:\AtelieProd\Equipexe\Filiais\MOVANTIGA\LAV\FILIAL","MovPontos.PX",".PX","2048","15/01/2019 15:56:46"
"D:\AtelieProd\Equipexe\Filiais\MOVANTIGA\LAV\FILIAL\MovPontos.XG0","D:\AtelieProd\Equipexe\Filiais\MOVANTIGA\LAV\FILIAL","MovPontos.XG0",".XG0","34816","15/01/2019 15:56:46"
"D:\AtelieProd\Equipexe\Filiais\MOVANTIGA\LAV\FILIAL\MovPontos.XG1","D:\AtelieProd\Equipexe\Filiais\MOVANTIGA\LAV\FILIAL","MovPontos.XG1",".XG1","34816","15/01/2019 15:56:46"
"D:\AtelieProd\Equipexe\Filiais\MOVANTIGA\LAV\FILIAL\MovPontos.YG0","D:\AtelieProd\Equipexe\Filiais\MOVANTIGA\LAV\FILIAL","MovPontos.YG0",".YG0","4096","15/01/2019 15:56:46"
"D:\AtelieProd\Equipexe\Filiais\MOVANTIGA\LAV\FILIAL\MovPontos.YG1","D:\AtelieProd\Equipexe\Filiais\MOVANTIGA\LAV\FILIAL","MovPontos.YG1",".YG1","4096","15/01/2019 15:56:46"
"D:\AtelieProd\Equipexe\Filiais\MOVANTIGA\LAV\FILIAL\MovRetirada.DB","D:\AtelieProd\Equipexe\Filiais\MOVANTIGA\LAV\FILIAL","MovRetirada.DB",".DB","2048","15/01/2019 15:56:48"
"D:\AtelieProd\Equipexe\Filiais\MOVANTIGA\LAV\FILIAL\MovRetirada.PX","D:\AtelieProd\Equipexe\Filiais\MOVANTIGA\LAV\FILIAL","MovRetirada.PX",".PX","2048","15/01/2019 15:56:48"
"D:\AtelieProd\Equipexe\Filiais\MOVANTIGA\LAV\FILIAL\MovRetirada.XG0","D:\AtelieProd\Equipexe\Filiais\MOVANTIGA\LAV\FILIAL","MovRetirada.XG0",".XG0","34816","15/01/2019 15:56:48"
"D:\AtelieProd\Equipexe\Filiais\MOVANTIGA\LAV\FILIAL\MovRetirada.XG1","D:\AtelieProd\Equipexe\Filiais\MOVANTIGA\LAV\FILIAL","MovRetirada.XG1",".XG1","34816","15/01/2019 15:56:48"
"D:\AtelieProd\Equipexe\Filiais\MOVANTIGA\LAV\FILIAL\MovRetirada.YG0","D:\AtelieProd\Equipexe\Filiais\MOVANTIGA\LAV\FILIAL","MovRetirada.YG0",".YG0","4096","15/01/2019 15:56:48"
"D:\AtelieProd\Equipexe\Filiais\MOVANTIGA\LAV\FILIAL\MovRetirada.YG1","D:\AtelieProd\Equipexe\Filiais\MOVANTIGA\LAV\FILIAL","MovRetirada.YG1",".YG1","4096","15/01/2019 15:56:48"
"D:\AtelieProd\Equipexe\Filiais\MOVANTIGA\LAV\FILIAL\MovRetiradaItem.DB","D:\AtelieProd\Equipexe\Filiais\MOVANTIGA\LAV\FILIAL","MovRetiradaItem.DB",".DB","2048","15/01/2019 15:56:48"
"D:\AtelieProd\Equipexe\Filiais\MOVANTIGA\LAV\FILIAL\MovRetiradaItem.PX","D:\AtelieProd\Equipexe\Filiais\MOVANTIGA\LAV\FILIAL","MovRetiradaItem.PX",".PX","2048","15/01/2019 15:56:48"
"D:\AtelieProd\Equipexe\Filiais\MOVANTIGA\LAV\FILIAL\MovRetiradaItem.XG0","D:\AtelieProd\Equipexe\Filiais\MOVANTIGA\LAV\FILIAL","MovRetiradaItem.XG0",".XG0","34816","15/01/2019 15:56:48"
"D:\AtelieProd\Equipexe\Filiais\MOVANTIGA\LAV\FILIAL\MovRetiradaItem.YG0","D:\AtelieProd\Equipexe\Filiais\MOVANTIGA\LAV\FILIAL","MovRetiradaItem.YG0",".YG0","4096","15/01/2019 15:56:48"
"D:\AtelieProd\Equipexe\Filiais\MOVANTIGA\LAV\FILIAL\MovSaida.DB","D:\AtelieProd\Equipexe\Filiais\MOVANTIGA\LAV\FILIAL","MovSaida.DB",".DB","2048","15/01/2019 15:56:52"
"D:\AtelieProd\Equipexe\Filiais\MOVANTIGA\LAV\FILIAL\MovSaida.PX","D:\AtelieProd\Equipexe\Filiais\MOVANTIGA\LAV\FILIAL","MovSaida.PX",".PX","2048","15/01/2019 15:56:52"
"D:\AtelieProd\Equipexe\Filiais\MOVANTIGA\LAV\FILIAL\MovSaida.XG0","D:\AtelieProd\Equipexe\Filiais\MOVANTIGA\LAV\FILIAL","MovSaida.XG0",".XG0","34816","15/01/2019 15:56:52"
"D:\AtelieProd\Equipexe\Filiais\MOVANTIGA\LAV\FILIAL\MovSaida.XG1","D:\AtelieProd\Equipexe\Filiais\MOVANTIGA\LAV\FILIAL","MovSaida.XG1",".XG1","34816","15/01/2019 15:56:52"
"D:\AtelieProd\Equipexe\Filiais\MOVANTIGA\LAV\FILIAL\MovSaida.YG0","D:\AtelieProd\Equipexe\Filiais\MOVANTIGA\LAV\FILIAL","MovSaida.YG0",".YG0","4096","15/01/2019 15:56:52"
"D:\AtelieProd\Equipexe\Filiais\MOVANTIGA\LAV\FILIAL\MovSaida.YG1","D:\AtelieProd\Equipexe\Filiais\MOVANTIGA\LAV\FILIAL","MovSaida.YG1",".YG1","4096","15/01/2019 15:56:52"
"D:\AtelieProd\Equipexe\Filiais\MOVANTIGA\LAV\FILIAL\MovSaidaItem.DB","D:\AtelieProd\Equipexe\Filiais\MOVANTIGA\LAV\FILIAL","MovSaidaItem.DB",".DB","2048","15/01/2019 15:56:52"
"D:\AtelieProd\Equipexe\Filiais\MOVANTIGA\LAV\FILIAL\MovSaidaItem.PX","D:\AtelieProd\Equipexe\Filiais\MOVANTIGA\LAV\FILIAL","MovSaidaItem.PX",".PX","2048","15/01/2019 15:56:52"
"D:\AtelieProd\Equipexe\Filiais\MOVANTIGA\LAV\FILIAL\MovSaidaItem.XG0","D:\AtelieProd\Equipexe\Filiais\MOVANTIGA\LAV\FILIAL","MovSaidaItem.XG0",".XG0","34816","15/01/2019 15:56:52"
"D:\AtelieProd\Equipexe\Filiais\MOVANTIGA\LAV\FILIAL\MovSaidaItem.XG1","D:\AtelieProd\Equipexe\Filiais\MOVANTIGA\LAV\FILIAL","MovSaidaItem.XG1",".XG1","34816","15/01/2019 15:56:52"
"D:\AtelieProd\Equipexe\Filiais\MOVANTIGA\LAV\FILIAL\MovSaidaItem.YG0","D:\AtelieProd\Equipexe\Filiais\MOVANTIGA\LAV\FILIAL","MovSaidaItem.YG0",".YG0","4096","15/01/2019 15:56:52"
"D:\AtelieProd\Equipexe\Filiais\MOVANTIGA\LAV\FILIAL\MovSaidaItem.YG1","D:\AtelieProd\Equipexe\Filiais\MOVANTIGA\LAV\FILIAL","MovSaidaItem.YG1",".YG1","4096","15/01/2019 15:56:52"
"D:\AtelieProd\Equipexe\Filiais\MOVANTIGA\LAV\FILIAL\MovTerc.DB","D:\AtelieProd\Equipexe\Filiais\MOVANTIGA\LAV\FILIAL","MovTerc.DB",".DB","2048","15/01/2019 15:57:00"
"D:\AtelieProd\Equipexe\Filiais\MOVANTIGA\LAV\FILIAL\MovTerc.PX","D:\AtelieProd\Equipexe\Filiais\MOVANTIGA\LAV\FILIAL","MovTerc.PX",".PX","2048","15/01/2019 15:57:00"
"D:\AtelieProd\Equipexe\Filiais\MOVANTIGA\LAV\FILIAL\MovTerc.XG0","D:\AtelieProd\Equipexe\Filiais\MOVANTIGA\LAV\FILIAL","MovTerc.XG0",".XG0","34816","15/01/2019 15:57:00"
"D:\AtelieProd\Equipexe\Filiais\MOVANTIGA\LAV\FILIAL\MovTerc.XG1","D:\AtelieProd\Equipexe\Filiais\MOVANTIGA\LAV\FILIAL","MovTerc.XG1",".XG1","34816","15/01/2019 15:57:00"
"D:\AtelieProd\Equipexe\Filiais\MOVANTIGA\LAV\FILIAL\MovTerc.YG0","D:\AtelieProd\Equipexe\Filiais\MOVANTIGA\LAV\FILIAL","MovTerc.YG0",".YG0","4096","15/01/2019 15:57:00"
"D:\AtelieProd\Equipexe\Filiais\MOVANTIGA\LAV\FILIAL\MovTerc.YG1","D:\AtelieProd\Equipexe\Filiais\MOVANTIGA\LAV\FILIAL","MovTerc.YG1",".YG1","4096","15/01/2019 15:57:00"
"D:\AtelieProd\Equipexe\Filiais\MOVANTIGA\LAV\FILIAL\MovTerCom.DB","D:\AtelieProd\Equipexe\Filiais\MOVANTIGA\LAV\FILIAL","MovTerCom.DB",".DB","2048","15/01/2019 15:57:00"
"D:\AtelieProd\Equipexe\Filiais\MOVANTIGA\LAV\FILIAL\MovTerCom.PX","D:\AtelieProd\Equipexe\Filiais\MOVANTIGA\LAV\FILIAL","MovTerCom.PX",".PX","2048","15/01/2019 15:57:00"
"D:\AtelieProd\Equipexe\Filiais\MOVANTIGA\LAV\FILIAL\MovTerCom.XG0","D:\AtelieProd\Equipexe\Filiais\MOVANTIGA\LAV\FILIAL","MovTerCom.XG0",".XG0","34816","15/01/2019 15:57:00"
"D:\AtelieProd\Equipexe\Filiais\MOVANTIGA\LAV\FILIAL\MovTerCom.YG0","D:\AtelieProd\Equipexe\Filiais\MOVANTIGA\LAV\FILIAL","MovTerCom.YG0",".YG0","4096","15/01/2019 15:57:00"
"D:\AtelieProd\Equipexe\Filiais\MOVANTIGA\LAV\FILIAL\MovTercPec.DB","D:\AtelieProd\Equipexe\Filiais\MOVANTIGA\LAV\FILIAL","MovTercPec.DB",".DB","2048","15/01/2019 15:57:00"
"D:\AtelieProd\Equipexe\Filiais\MOVANTIGA\LAV\FILIAL\MovTercPec.PX","D:\AtelieProd\Equipexe\Filiais\MOVANTIGA\LAV\FILIAL","MovTercPec.PX",".PX","2048","15/01/2019 15:57:00"
"D:\AtelieProd\Equipexe\Filiais\MOVANTIGA\LAV\FILIAL\MovTercPec.XG0","D:\AtelieProd\Equipexe\Filiais\MOVANTIGA\LAV\FILIAL","MovTercPec.XG0",".XG0","34816","15/01/2019 15:57:00"
"D:\AtelieProd\Equipexe\Filiais\MOVANTIGA\LAV\FILIAL\MovTercPec.YG0","D:\AtelieProd\Equipexe\Filiais\MOVANTIGA\LAV\FILIAL","MovTercPec.YG0",".YG0","4096","15/01/2019 15:57:00"
"D:\AtelieProd\Equipexe\Filiais\MOVANTIGA\LAV\FILIAL\MovVenItem.DB","D:\AtelieProd\Equipexe\Filiais\MOVANTIGA\LAV\FILIAL","MovVenItem.DB",".DB","2048","15/01/2019 15:57:02"
"D:\AtelieProd\Equipexe\Filiais\MOVANTIGA\LAV\FILIAL\MovVenItem.PX","D:\AtelieProd\Equipexe\Filiais\MOVANTIGA\LAV\FILIAL","MovVenItem.PX",".PX","2048","15/01/2019 15:57:02"
"D:\AtelieProd\Equipexe\Filiais\MOVANTIGA\LAV\FILIAL\MovVenItem.XG0","D:\AtelieProd\Equipexe\Filiais\MOVANTIGA\LAV\FILIAL","MovVenItem.XG0",".XG0","34816","15/01/2019 15:57:02"
"D:\AtelieProd\Equipexe\Filiais\MOVANTIGA\LAV\FILIAL\MovVenItem.YG0","D:\AtelieProd\Equipexe\Filiais\MOVANTIGA\LAV\FILIAL","MovVenItem.YG0",".YG0","4096","15/01/2019 15:57:02"
"D:\AtelieProd\Equipexe\Filiais\MOVANTIGA\LAV\FILIAL\NotaFisPag.DB","D:\AtelieProd\Equipexe\Filiais\MOVANTIGA\LAV\FILIAL","NotaFisPag.DB",".DB","34816","15/01/2019 15:57:04"
"D:\AtelieProd\Equipexe\Filiais\MOVANTIGA\LAV\FILIAL\NotaFisPag.PX","D:\AtelieProd\Equipexe\Filiais\MOVANTIGA\LAV\FILIAL","NotaFisPag.PX",".PX","4096","15/01/2019 15:57:04"
"D:\AtelieProd\Equipexe\Filiais\MOVANTIGA\LAV\FILIAL\Notas.DB","D:\AtelieProd\Equipexe\Filiais\MOVANTIGA\LAV\FILIAL","Notas.DB",".DB","8128512","15/01/2019 15:57:06"
"D:\AtelieProd\Equipexe\Filiais\MOVANTIGA\LAV\FILIAL\Notas.PX","D:\AtelieProd\Equipexe\Filiais\MOVANTIGA\LAV\FILIAL","Notas.PX",".PX","8192","15/01/2019 15:57:06"
"D:\AtelieProd\Equipexe\Filiais\MOVANTIGA\LAV\FILIAL\Notas.XG0","D:\AtelieProd\Equipexe\Filiais\MOVANTIGA\LAV\FILIAL","Notas.XG0",".XG0","329728","15/01/2019 15:57:06"
"D:\AtelieProd\Equipexe\Filiais\MOVANTIGA\LAV\FILIAL\Notas.XG1","D:\AtelieProd\Equipexe\Filiais\MOVANTIGA\LAV\FILIAL","Notas.XG1",".XG1","559104","15/01/2019 15:57:06"
"D:\AtelieProd\Equipexe\Filiais\MOVANTIGA\LAV\FILIAL\Notas.YG0","D:\AtelieProd\Equipexe\Filiais\MOVANTIGA\LAV\FILIAL","Notas.YG0",".YG0","4096","15/01/2019 15:57:06"
"D:\AtelieProd\Equipexe\Filiais\MOVANTIGA\LAV\FILIAL\Notas.YG1","D:\AtelieProd\Equipexe\Filiais\MOVANTIGA\LAV\FILIAL","Notas.YG1",".YG1","4096","15/01/2019 15:57:06"
"D:\AtelieProd\Equipexe\Filiais\MOVANTIGA\LAV\FILIAL\NotComp.DB","D:\AtelieProd\Equipexe\Filiais\MOVANTIGA\LAV\FILIAL","NotComp.DB",".DB","3377152","15/01/2019 15:57:08"
"D:\AtelieProd\Equipexe\Filiais\MOVANTIGA\LAV\FILIAL\NotComp.PX","D:\AtelieProd\Equipexe\Filiais\MOVANTIGA\LAV\FILIAL","NotComp.PX",".PX","4096","15/01/2019 15:57:08"
"D:\AtelieProd\Equipexe\Filiais\MOVANTIGA\LAV\FILIAL\NotComp.XG0","D:\AtelieProd\Equipexe\Filiais\MOVANTIGA\LAV\FILIAL","NotComp.XG0",".XG0","329728","15/01/2019 15:57:08"
"D:\AtelieProd\Equipexe\Filiais\MOVANTIGA\LAV\FILIAL\NotComp.YG0","D:\AtelieProd\Equipexe\Filiais\MOVANTIGA\LAV\FILIAL","NotComp.YG0",".YG0","4096","15/01/2019 15:57:08"
"D:\AtelieProd\Equipexe\Filiais\MOVANTIGA\LAV\FILIAL\NotFis.DB","D:\AtelieProd\Equipexe\Filiais\MOVANTIGA\LAV\FILIAL","NotFis.DB",".DB","34816","15/01/2019 15:57:10"
"D:\AtelieProd\Equipexe\Filiais\MOVANTIGA\LAV\FILIAL\NotFis.PX","D:\AtelieProd\Equipexe\Filiais\MOVANTIGA\LAV\FILIAL","NotFis.PX",".PX","4096","15/01/2019 15:57:10"
"D:\AtelieProd\Equipexe\Filiais\MOVANTIGA\LAV\FILIAL\NotFis.XG0","D:\AtelieProd\Equipexe\Filiais\MOVANTIGA\LAV\FILIAL","NotFis.XG0",".XG0","34816","15/01/2019 15:57:10"
"D:\AtelieProd\Equipexe\Filiais\MOVANTIGA\LAV\FILIAL\NotFis.YG0","D:\AtelieProd\Equipexe\Filiais\MOVANTIGA\LAV\FILIAL","NotFis.YG0",".YG0","4096","15/01/2019 15:57:10"
"D:\AtelieProd\Equipexe\Filiais\MOVANTIGA\LAV\FILIAL\NotFisConf.DB","D:\AtelieProd\Equipexe\Filiais\MOVANTIGA\LAV\FILIAL","NotFisConf.DB",".DB","2048","15/01/2019 15:57:10"
"D:\AtelieProd\Equipexe\Filiais\MOVANTIGA\LAV\FILIAL\NotFisConf.PX","D:\AtelieProd\Equipexe\Filiais\MOVANTIGA\LAV\FILIAL","NotFisConf.PX",".PX","2048","15/01/2019 15:57:10"
"D:\AtelieProd\Equipexe\Filiais\MOVANTIGA\LAV\FILIAL\NotFisE.DB","D:\AtelieProd\Equipexe\Filiais\MOVANTIGA\LAV\FILIAL","NotFisE.DB",".DB","34816","15/01/2019 15:57:10"
"D:\AtelieProd\Equipexe\Filiais\MOVANTIGA\LAV\FILIAL\NotFisE.PX","D:\AtelieProd\Equipexe\Filiais\MOVANTIGA\LAV\FILIAL","NotFisE.PX",".PX","4096","15/01/2019 15:57:10"
"D:\AtelieProd\Equipexe\Filiais\MOVANTIGA\LAV\FILIAL\NotFisE.XG0","D:\AtelieProd\Equipexe\Filiais\MOVANTIGA\LAV\FILIAL","NotFisE.XG0",".XG0","34816","15/01/2019 15:57:10"
"D:\AtelieProd\Equipexe\Filiais\MOVANTIGA\LAV\FILIAL\NotFisE.XG1","D:\AtelieProd\Equipexe\Filiais\MOVANTIGA\LAV\FILIAL","NotFisE.XG1",".XG1","34816","15/01/2019 15:57:10"
"D:\AtelieProd\Equipexe\Filiais\MOVANTIGA\LAV\FILIAL\NotFisE.YG0","D:\AtelieProd\Equipexe\Filiais\MOVANTIGA\LAV\FILIAL","NotFisE.YG0",".YG0","4096","15/01/2019 15:57:10"
"D:\AtelieProd\Equipexe\Filiais\MOVANTIGA\LAV\FILIAL\NotFisE.YG1","D:\AtelieProd\Equipexe\Filiais\MOVANTIGA\LAV\FILIAL","NotFisE.YG1",".YG1","4096","15/01/2019 15:57:10"
"D:\AtelieProd\Equipexe\Filiais\MOVANTIGA\LAV\FILIAL\NotFisEComp.DB","D:\AtelieProd\Equipexe\Filiais\MOVANTIGA\LAV\FILIAL","NotFisEComp.DB",".DB","2048","15/01/2019 15:57:10"
"D:\AtelieProd\Equipexe\Filiais\MOVANTIGA\LAV\FILIAL\NotFisEComp.PX","D:\AtelieProd\Equipexe\Filiais\MOVANTIGA\LAV\FILIAL","NotFisEComp.PX",".PX","2048","15/01/2019 15:57:10"
"D:\AtelieProd\Equipexe\Filiais\MOVANTIGA\LAV\FILIAL\NotFisEComp.XG0","D:\AtelieProd\Equipexe\Filiais\MOVANTIGA\LAV\FILIAL","NotFisEComp.XG0",".XG0","34816","15/01/2019 15:57:10"
"D:\AtelieProd\Equipexe\Filiais\MOVANTIGA\LAV\FILIAL\NotFisEComp.YG0","D:\AtelieProd\Equipexe\Filiais\MOVANTIGA\LAV\FILIAL","NotFisEComp.YG0",".YG0","4096","15/01/2019 15:57:10"
"D:\AtelieProd\Equipexe\Filiais\MOVANTIGA\LAV\FILIAL\NovoRegLavFilial.DB","D:\AtelieProd\Equipexe\Filiais\MOVANTIGA\LAV\FILIAL","NovoRegLavFilial.DB",".DB","2048","15/01/2019 15:57:12"
"D:\AtelieProd\Equipexe\Filiais\MOVANTIGA\LAV\FILIAL\NovoRegLavFilial.PX","D:\AtelieProd\Equipexe\Filiais\MOVANTIGA\LAV\FILIAL","NovoRegLavFilial.PX",".PX","2048","15/01/2019 15:57:12"
"D:\AtelieProd\Equipexe\Filiais\MOVANTIGA\LAV\FILIAL\OrcCab.DB","D:\AtelieProd\Equipexe\Filiais\MOVANTIGA\LAV\FILIAL","OrcCab.DB",".DB","4096","15/01/2019 15:57:12"
"D:\AtelieProd\Equipexe\Filiais\MOVANTIGA\LAV\FILIAL\OrcCab.PX","D:\AtelieProd\Equipexe\Filiais\MOVANTIGA\LAV\FILIAL","OrcCab.PX",".PX","2048","15/01/2019 15:57:12"
"D:\AtelieProd\Equipexe\Filiais\MOVANTIGA\LAV\FILIAL\OrcCab.XG0","D:\AtelieProd\Equipexe\Filiais\MOVANTIGA\LAV\FILIAL","OrcCab.XG0",".XG0","34816","15/01/2019 15:57:12"
"D:\AtelieProd\Equipexe\Filiais\MOVANTIGA\LAV\FILIAL\OrcCab.XG1","D:\AtelieProd\Equipexe\Filiais\MOVANTIGA\LAV\FILIAL","OrcCab.XG1",".XG1","34816","15/01/2019 15:57:12"
"D:\AtelieProd\Equipexe\Filiais\MOVANTIGA\LAV\FILIAL\OrcCab.YG0","D:\AtelieProd\Equipexe\Filiais\MOVANTIGA\LAV\FILIAL","OrcCab.YG0",".YG0","4096","15/01/2019 15:57:12"
"D:\AtelieProd\Equipexe\Filiais\MOVANTIGA\LAV\FILIAL\OrcCab.YG1","D:\AtelieProd\Equipexe\Filiais\MOVANTIGA\LAV\FILIAL","OrcCab.YG1",".YG1","4096","15/01/2019 15:57:12"
"D:\AtelieProd\Equipexe\Filiais\MOVANTIGA\LAV\FILIAL\OrcItem.DB","D:\AtelieProd\Equipexe\Filiais\MOVANTIGA\LAV\FILIAL","OrcItem.DB",".DB","2048","15/01/2019 15:57:12"
"D:\AtelieProd\Equipexe\Filiais\MOVANTIGA\LAV\FILIAL\OrcItem.PX","D:\AtelieProd\Equipexe\Filiais\MOVANTIGA\LAV\FILIAL","OrcItem.PX",".PX","2048","15/01/2019 15:57:12"
"D:\AtelieProd\Equipexe\Filiais\MOVANTIGA\LAV\FILIAL\OrcItem.XG0","D:\AtelieProd\Equipexe\Filiais\MOVANTIGA\LAV\FILIAL","OrcItem.XG0",".XG0","34816","15/01/2019 15:57:14"
"D:\AtelieProd\Equipexe\Filiais\MOVANTIGA\LAV\FILIAL\OrcItem.XG1","D:\AtelieProd\Equipexe\Filiais\MOVANTIGA\LAV\FILIAL","OrcItem.XG1",".XG1","34816","15/01/2019 15:57:14"
"D:\AtelieProd\Equipexe\Filiais\MOVANTIGA\LAV\FILIAL\OrcItem.YG0","D:\AtelieProd\Equipexe\Filiais\MOVANTIGA\LAV\FILIAL","OrcItem.YG0",".YG0","4096","15/01/2019 15:57:14"
"D:\AtelieProd\Equipexe\Filiais\MOVANTIGA\LAV\FILIAL\OrcItem.YG1","D:\AtelieProd\Equipexe\Filiais\MOVANTIGA\LAV\FILIAL","OrcItem.YG1",".YG1","4096","15/01/2019 15:57:14"
"D:\AtelieProd\Equipexe\Filiais\MOVANTIGA\LAV\FILIAL\OrcItemCab.DB","D:\AtelieProd\Equipexe\Filiais\MOVANTIGA\LAV\FILIAL","OrcItemCab.DB",".DB","2048","15/01/2019 15:57:14"
"D:\AtelieProd\Equipexe\Filiais\MOVANTIGA\LAV\FILIAL\OrcItemCab.PX","D:\AtelieProd\Equipexe\Filiais\MOVANTIGA\LAV\FILIAL","OrcItemCab.PX",".PX","2048","15/01/2019 15:57:14"
"D:\AtelieProd\Equipexe\Filiais\MOVANTIGA\LAV\FILIAL\OrcItemCab.XG0","D:\AtelieProd\Equipexe\Filiais\MOVANTIGA\LAV\FILIAL","OrcItemCab.XG0",".XG0","34816","15/01/2019 15:57:14"
"D:\AtelieProd\Equipexe\Filiais\MOVANTIGA\LAV\FILIAL\OrcItemCab.XG1","D:\AtelieProd\Equipexe\Filiais\MOVANTIGA\LAV\FILIAL","OrcItemCab.XG1",".XG1","34816","15/01/2019 15:57:14"
"D:\AtelieProd\Equipexe\Filiais\MOVANTIGA\LAV\FILIAL\OrcItemCab.YG0","D:\AtelieProd\Equipexe\Filiais\MOVANTIGA\LAV\FILIAL","OrcItemCab.YG0",".YG0","4096","15/01/2019 15:57:14"
"D:\AtelieProd\Equipexe\Filiais\MOVANTIGA\LAV\FILIAL\OrcItemCab.YG1","D:\AtelieProd\Equipexe\Filiais\MOVANTIGA\LAV\FILIAL","OrcItemCab.YG1",".YG1","4096","15/01/2019 15:57:14"
"D:\AtelieProd\Equipexe\Filiais\MOVANTIGA\LAV\FILIAL\OrcItemCor.DB","D:\AtelieProd\Equipexe\Filiais\MOVANTIGA\LAV\FILIAL","OrcItemCor.DB",".DB","2048","15/01/2019 15:57:14"
"D:\AtelieProd\Equipexe\Filiais\MOVANTIGA\LAV\FILIAL\OrcItemCor.PX","D:\AtelieProd\Equipexe\Filiais\MOVANTIGA\LAV\FILIAL","OrcItemCor.PX",".PX","2048","15/01/2019 15:57:14"
"D:\AtelieProd\Equipexe\Filiais\MOVANTIGA\LAV\FILIAL\OrcItemCor.XG0","D:\AtelieProd\Equipexe\Filiais\MOVANTIGA\LAV\FILIAL","OrcItemCor.XG0",".XG0","34816","15/01/2019 15:57:14"
"D:\AtelieProd\Equipexe\Filiais\MOVANTIGA\LAV\FILIAL\OrcItemCor.YG0","D:\AtelieProd\Equipexe\Filiais\MOVANTIGA\LAV\FILIAL","OrcItemCor.YG0",".YG0","4096","15/01/2019 15:57:14"
"D:\AtelieProd\Equipexe\Filiais\MOVANTIGA\LAV\FILIAL\OrcItemDef.DB","D:\AtelieProd\Equipexe\Filiais\MOVANTIGA\LAV\FILIAL","OrcItemDef.DB",".DB","2048","15/01/2019 15:57:14"
"D:\AtelieProd\Equipexe\Filiais\MOVANTIGA\LAV\FILIAL\OrcItemDef.PX","D:\AtelieProd\Equipexe\Filiais\MOVANTIGA\LAV\FILIAL","OrcItemDef.PX",".PX","2048","15/01/2019 15:57:14"
"D:\AtelieProd\Equipexe\Filiais\MOVANTIGA\LAV\FILIAL\OrcItemDef.XG0","D:\AtelieProd\Equipexe\Filiais\MOVANTIGA\LAV\FILIAL","OrcItemDef.XG0",".XG0","34816","15/01/2019 15:57:14"
"D:\AtelieProd\Equipexe\Filiais\MOVANTIGA\LAV\FILIAL\OrcItemDef.YG0","D:\AtelieProd\Equipexe\Filiais\MOVANTIGA\LAV\FILIAL","OrcItemDef.YG0",".YG0","4096","15/01/2019 15:57:14"
"D:\AtelieProd\Equipexe\Filiais\MOVANTIGA\LAV\FILIAL\OrcItemPro.DB","D:\AtelieProd\Equipexe\Filiais\MOVANTIGA\LAV\FILIAL","OrcItemPro.DB",".DB","2048","15/01/2019 15:57:14"
"D:\AtelieProd\Equipexe\Filiais\MOVANTIGA\LAV\FILIAL\OrcItemPro.PX","D:\AtelieProd\Equipexe\Filiais\MOVANTIGA\LAV\FILIAL","OrcItemPro.PX",".PX","2048","15/01/2019 15:57:14"
"D:\AtelieProd\Equipexe\Filiais\MOVANTIGA\LAV\FILIAL\OrcItemPro.XG0","D:\AtelieProd\Equipexe\Filiais\MOVANTIGA\LAV\FILIAL","OrcItemPro.XG0",".XG0","34816","15/01/2019 15:57:14"
"D:\AtelieProd\Equipexe\Filiais\MOVANTIGA\LAV\FILIAL\OrcItemPro.YG0","D:\AtelieProd\Equipexe\Filiais\MOVANTIGA\LAV\FILIAL","OrcItemPro.YG0",".YG0","4096","15/01/2019 15:57:14"
"D:\AtelieProd\Equipexe\Filiais\MOVANTIGA\LAV\FILIAL\OrcItemSer.DB","D:\AtelieProd\Equipexe\Filiais\MOVANTIGA\LAV\FILIAL","OrcItemSer.DB",".DB","2048","15/01/2019 15:57:14"
"D:\AtelieProd\Equipexe\Filiais\MOVANTIGA\LAV\FILIAL\OrcItemSer.PX","D:\AtelieProd\Equipexe\Filiais\MOVANTIGA\LAV\FILIAL","OrcItemSer.PX",".PX","2048","15/01/2019 15:57:14"
"D:\AtelieProd\Equipexe\Filiais\MOVANTIGA\LAV\FILIAL\OrcItemSer.XG0","D:\AtelieProd\Equipexe\Filiais\MOVANTIGA\LAV\FILIAL","OrcItemSer.XG0",".XG0","34816","15/01/2019 15:57:14"
"D:\AtelieProd\Equipexe\Filiais\MOVANTIGA\LAV\FILIAL\OrcItemSer.XG1","D:\AtelieProd\Equipexe\Filiais\MOVANTIGA\LAV\FILIAL","OrcItemSer.XG1",".XG1","34816","15/01/2019 15:57:14"
"D:\AtelieProd\Equipexe\Filiais\MOVANTIGA\LAV\FILIAL\OrcItemSer.YG0","D:\AtelieProd\Equipexe\Filiais\MOVANTIGA\LAV\FILIAL","OrcItemSer.YG0",".YG0","4096","15/01/2019 15:57:14"
"D:\AtelieProd\Equipexe\Filiais\MOVANTIGA\LAV\FILIAL\OrcItemSer.YG1","D:\AtelieProd\Equipexe\Filiais\MOVANTIGA\LAV\FILIAL","OrcItemSer.YG1",".YG1","4096","15/01/2019 15:57:14"
"D:\AtelieProd\Equipexe\Filiais\MOVANTIGA\LAV\FILIAL\ProcesMaqMovCab.DB","D:\AtelieProd\Equipexe\Filiais\MOVANTIGA\LAV\FILIAL","ProcesMaqMovCab.DB",".DB","2048","15/01/2019 15:57:22"
"D:\AtelieProd\Equipexe\Filiais\MOVANTIGA\LAV\FILIAL\ProcesMaqMovCab.PX","D:\AtelieProd\Equipexe\Filiais\MOVANTIGA\LAV\FILIAL","ProcesMaqMovCab.PX",".PX","2048","15/01/2019 15:57:22"
"D:\AtelieProd\Equipexe\Filiais\MOVANTIGA\LAV\FILIAL\ProcesMaqMovItem.DB","D:\AtelieProd\Equipexe\Filiais\MOVANTIGA\LAV\FILIAL","ProcesMaqMovItem.DB",".DB","2048","15/01/2019 15:57:22"
"D:\AtelieProd\Equipexe\Filiais\MOVANTIGA\LAV\FILIAL\ProcesMaqMovItem.PX","D:\AtelieProd\Equipexe\Filiais\MOVANTIGA\LAV\FILIAL","ProcesMaqMovItem.PX",".PX","2048","15/01/2019 15:57:22"
"D:\AtelieProd\Equipexe\Filiais\MOVANTIGA\MAN\DADOS\AutoPecas.DB","D:\AtelieProd\Equipexe\Filiais\MOVANTIGA\MAN\DADOS","AutoPecas.DB",".DB","2048","15/01/2019 15:54:46"
"D:\AtelieProd\Equipexe\Filiais\MOVANTIGA\MAN\DADOS\AutoPecas.PX","D:\AtelieProd\Equipexe\Filiais\MOVANTIGA\MAN\DADOS","AutoPecas.PX",".PX","2048","15/01/2019 15:54:46"
"D:\AtelieProd\Equipexe\Filiais\MOVANTIGA\MAN\DADOS\AutoPecas.XG0","D:\AtelieProd\Equipexe\Filiais\MOVANTIGA\MAN\DADOS","AutoPecas.XG0",".XG0","34816","15/01/2019 15:54:46"
"D:\AtelieProd\Equipexe\Filiais\MOVANTIGA\MAN\DADOS\AutoPecas.YG0","D:\AtelieProd\Equipexe\Filiais\MOVANTIGA\MAN\DADOS","AutoPecas.YG0",".YG0","4096","15/01/2019 15:54:46"
"D:\AtelieProd\Equipexe\Filiais\MOVANTIGA\MAN\DADOS\CompAutoPecas.DB","D:\AtelieProd\Equipexe\Filiais\MOVANTIGA\MAN\DADOS","CompAutoPecas.DB",".DB","2048","15/01/2019 15:55:26"
"D:\AtelieProd\Equipexe\Filiais\MOVANTIGA\MAN\DADOS\CompAutoPecas.PX","D:\AtelieProd\Equipexe\Filiais\MOVANTIGA\MAN\DADOS","CompAutoPecas.PX",".PX","2048","15/01/2019 15:55:26"
"D:\AtelieProd\Equipexe\Filiais\MOVANTIGA\MAN\DADOS\CompAutoPecas.XG0","D:\AtelieProd\Equipexe\Filiais\MOVANTIGA\MAN\DADOS","CompAutoPecas.XG0",".XG0","34816","15/01/2019 15:55:26"
"D:\AtelieProd\Equipexe\Filiais\MOVANTIGA\MAN\DADOS\CompAutoPecas.YG0","D:\AtelieProd\Equipexe\Filiais\MOVANTIGA\MAN\DADOS","CompAutoPecas.YG0",".YG0","4096","15/01/2019 15:55:26"
"D:\AtelieProd\Equipexe\Filiais\MOVANTIGA\MAN\DADOS\Condutor.DB","D:\AtelieProd\Equipexe\Filiais\MOVANTIGA\MAN\DADOS","Condutor.DB",".DB","2048","15/01/2019 15:55:26"
"D:\AtelieProd\Equipexe\Filiais\MOVANTIGA\MAN\DADOS\Condutor.PX","D:\AtelieProd\Equipexe\Filiais\MOVANTIGA\MAN\DADOS","Condutor.PX",".PX","2048","15/01/2019 15:55:26"
"D:\AtelieProd\Equipexe\Filiais\MOVANTIGA\MAN\DADOS\Condutor.XG0","D:\AtelieProd\Equipexe\Filiais\MOVANTIGA\MAN\DADOS","Condutor.XG0",".XG0","34816","15/01/2019 15:55:26"
"D:\AtelieProd\Equipexe\Filiais\MOVANTIGA\MAN\DADOS\Condutor.YG0","D:\AtelieProd\Equipexe\Filiais\MOVANTIGA\MAN\DADOS","Condutor.YG0",".YG0","4096","15/01/2019 15:55:26"
"D:\AtelieProd\Equipexe\Filiais\MOVANTIGA\MAN\DADOS\Equipam.DB","D:\AtelieProd\Equipexe\Filiais\MOVANTIGA\MAN\DADOS","Equipam.DB",".DB","2048","15/01/2019 15:55:58"
"D:\AtelieProd\Equipexe\Filiais\MOVANTIGA\MAN\DADOS\Equipam.PX","D:\AtelieProd\Equipexe\Filiais\MOVANTIGA\MAN\DADOS","Equipam.PX",".PX","2048","15/01/2019 15:55:58"
"D:\AtelieProd\Equipexe\Filiais\MOVANTIGA\MAN\DADOS\Equipam.XG0","D:\AtelieProd\Equipexe\Filiais\MOVANTIGA\MAN\DADOS","Equipam.XG0",".XG0","34816","15/01/2019 15:55:58"
"D:\AtelieProd\Equipexe\Filiais\MOVANTIGA\MAN\DADOS\Equipam.YG0","D:\AtelieProd\Equipexe\Filiais\MOVANTIGA\MAN\DADOS","Equipam.YG0",".YG0","4096","15/01/2019 15:55:58"
"D:\AtelieProd\Equipexe\Filiais\MOVANTIGA\MAN\DADOS\MovEquip.DB","D:\AtelieProd\Equipexe\Filiais\MOVANTIGA\MAN\DADOS","MovEquip.DB",".DB","2048","15/01/2019 15:56:32"
"D:\AtelieProd\Equipexe\Filiais\MOVANTIGA\MAN\DADOS\MovEquip.PX","D:\AtelieProd\Equipexe\Filiais\MOVANTIGA\MAN\DADOS","MovEquip.PX",".PX","2048","15/01/2019 15:56:32"
"D:\AtelieProd\Equipexe\Filiais\MOVANTIGA\MAN\DADOS\MovEquip.XG0","D:\AtelieProd\Equipexe\Filiais\MOVANTIGA\MAN\DADOS","MovEquip.XG0",".XG0","34816","15/01/2019 15:56:32"
"D:\AtelieProd\Equipexe\Filiais\MOVANTIGA\MAN\DADOS\MovEquip.XG1","D:\AtelieProd\Equipexe\Filiais\MOVANTIGA\MAN\DADOS","MovEquip.XG1",".XG1","34816","15/01/2019 15:56:32"
"D:\AtelieProd\Equipexe\Filiais\MOVANTIGA\MAN\DADOS\MovEquip.YG0","D:\AtelieProd\Equipexe\Filiais\MOVANTIGA\MAN\DADOS","MovEquip.YG0",".YG0","4096","15/01/2019 15:56:32"
"D:\AtelieProd\Equipexe\Filiais\MOVANTIGA\MAN\DADOS\MovEquip.YG1","D:\AtelieProd\Equipexe\Filiais\MOVANTIGA\MAN\DADOS","MovEquip.YG1",".YG1","4096","15/01/2019 15:56:32"
"D:\AtelieProd\Equipexe\Filiais\MOVANTIGA\MAN\DADOS\MovTrocas.DB","D:\AtelieProd\Equipexe\Filiais\MOVANTIGA\MAN\DADOS","MovTrocas.DB",".DB","2048","15/01/2019 15:57:02"
"D:\AtelieProd\Equipexe\Filiais\MOVANTIGA\MAN\DADOS\MovTrocas.PX","D:\AtelieProd\Equipexe\Filiais\MOVANTIGA\MAN\DADOS","MovTrocas.PX",".PX","2048","15/01/2019 15:57:02"
"D:\AtelieProd\Equipexe\Filiais\MOVANTIGA\MAN\DADOS\MovTrocas.XG0","D:\AtelieProd\Equipexe\Filiais\MOVANTIGA\MAN\DADOS","MovTrocas.XG0",".XG0","34816","15/01/2019 15:57:02"
"D:\AtelieProd\Equipexe\Filiais\MOVANTIGA\MAN\DADOS\MovTrocas.XG1","D:\AtelieProd\Equipexe\Filiais\MOVANTIGA\MAN\DADOS","MovTrocas.XG1",".XG1","34816","15/01/2019 15:57:02"
"D:\AtelieProd\Equipexe\Filiais\MOVANTIGA\MAN\DADOS\MovTrocas.YG0","D:\AtelieProd\Equipexe\Filiais\MOVANTIGA\MAN\DADOS","MovTrocas.YG0",".YG0","4096","15/01/2019 15:57:02"
"D:\AtelieProd\Equipexe\Filiais\MOVANTIGA\MAN\DADOS\MovTrocas.YG1","D:\AtelieProd\Equipexe\Filiais\MOVANTIGA\MAN\DADOS","MovTrocas.YG1",".YG1","4096","15/01/2019 15:57:02"
"D:\AtelieProd\Equipexe\Filiais\MOVANTIGA\PAG\FILIAL\PrevisaoPag.DB","D:\AtelieProd\Equipexe\Filiais\MOVANTIGA\PAG\FILIAL","PrevisaoPag.DB",".DB","2048","15/01/2019 15:57:22"
"D:\AtelieProd\Equipexe\Filiais\MOVANTIGA\PAG\FILIAL\PrevisaoPag.PX","D:\AtelieProd\Equipexe\Filiais\MOVANTIGA\PAG\FILIAL","PrevisaoPag.PX",".PX","2048","15/01/2019 15:57:22"
"D:\AtelieProd\Equipexe\Filiais\MOVANTIGA\PAG\FILIAL\PrevisaoPag.XG0","D:\AtelieProd\Equipexe\Filiais\MOVANTIGA\PAG\FILIAL","PrevisaoPag.XG0",".XG0","34816","15/01/2019 15:57:22"
"D:\AtelieProd\Equipexe\Filiais\MOVANTIGA\PAG\FILIAL\PrevisaoPag.YG0","D:\AtelieProd\Equipexe\Filiais\MOVANTIGA\PAG\FILIAL","PrevisaoPag.YG0",".YG0","4096","15/01/2019 15:57:22"
"D:\AtelieProd\Equipexe\Filiais\MOVANTIGA\PAG\FILIAL\TitGru.DB","D:\AtelieProd\Equipexe\Filiais\MOVANTIGA\PAG\FILIAL","TitGru.DB",".DB","2048","15/01/2019 15:57:40"
"D:\AtelieProd\Equipexe\Filiais\MOVANTIGA\PAG\FILIAL\TitGru.PX","D:\AtelieProd\Equipexe\Filiais\MOVANTIGA\PAG\FILIAL","TitGru.PX",".PX","2048","15/01/2019 15:57:40"
"D:\AtelieProd\Equipexe\Filiais\MOVANTIGA\PAG\FILIAL\TitGruLan.DB","D:\AtelieProd\Equipexe\Filiais\MOVANTIGA\PAG\FILIAL","TitGruLan.DB",".DB","2048","15/01/2019 15:57:40"
"D:\AtelieProd\Equipexe\Filiais\MOVANTIGA\PAG\FILIAL\TitGruLan.PX","D:\AtelieProd\Equipexe\Filiais\MOVANTIGA\PAG\FILIAL","TitGruLan.PX",".PX","2048","15/01/2019 15:57:40"
"D:\AtelieProd\Equipexe\Filiais\MOVANTIGA\PAG\FILIAL\TitGruLan.XG0","D:\AtelieProd\Equipexe\Filiais\MOVANTIGA\PAG\FILIAL","TitGruLan.XG0",".XG0","34816","15/01/2019 15:57:40"
"D:\AtelieProd\Equipexe\Filiais\MOVANTIGA\PAG\FILIAL\TitGruLan.YG0","D:\AtelieProd\Equipexe\Filiais\MOVANTIGA\PAG\FILIAL","TitGruLan.YG0",".YG0","4096","15/01/2019 15:57:40"
"D:\AtelieProd\Equipexe\Filiais\MOVANTIGA\PAG\FILIAL\Titulos.DB","D:\AtelieProd\Equipexe\Filiais\MOVANTIGA\PAG\FILIAL","Titulos.DB",".DB","2048","15/01/2019 15:57:40"
"D:\AtelieProd\Equipexe\Filiais\MOVANTIGA\PAG\FILIAL\Titulos.PX","D:\AtelieProd\Equipexe\Filiais\MOVANTIGA\PAG\FILIAL","Titulos.PX",".PX","2048","15/01/2019 15:57:40"
"D:\AtelieProd\Equipexe\Filiais\MOVANTIGA\PAG\FILIAL\Titulos.XG0","D:\AtelieProd\Equipexe\Filiais\MOVANTIGA\PAG\FILIAL","Titulos.XG0",".XG0","34816","15/01/2019 15:57:40"
"D:\AtelieProd\Equipexe\Filiais\MOVANTIGA\PAG\FILIAL\Titulos.XG1","D:\AtelieProd\Equipexe\Filiais\MOVANTIGA\PAG\FILIAL","Titulos.XG1",".XG1","34816","15/01/2019 15:57:40"
"D:\AtelieProd\Equipexe\Filiais\MOVANTIGA\PAG\FILIAL\Titulos.YG0","D:\AtelieProd\Equipexe\Filiais\MOVANTIGA\PAG\FILIAL","Titulos.YG0",".YG0","4096","15/01/2019 15:57:40"
"D:\AtelieProd\Equipexe\Filiais\MOVANTIGA\PAG\FILIAL\Titulos.YG1","D:\AtelieProd\Equipexe\Filiais\MOVANTIGA\PAG\FILIAL","Titulos.YG1",".YG1","4096","15/01/2019 15:57:40"
"D:\AtelieProd\Equipexe\Filiais\MOVANTIGA\PEC\DADOS\ClaManut.DB","D:\AtelieProd\Equipexe\Filiais\MOVANTIGA\PEC\DADOS","ClaManut.DB",".DB","2048","15/01/2019 15:55:20"
"D:\AtelieProd\Equipexe\Filiais\MOVANTIGA\PEC\DADOS\ClaManut.PX","D:\AtelieProd\Equipexe\Filiais\MOVANTIGA\PEC\DADOS","ClaManut.PX",".PX","2048","15/01/2019 15:55:20"
"D:\AtelieProd\Equipexe\Filiais\MOVANTIGA\PEC\DADOS\ClaManut.XG0","D:\AtelieProd\Equipexe\Filiais\MOVANTIGA\PEC\DADOS","ClaManut.XG0",".XG0","34816","15/01/2019 15:55:20"
"D:\AtelieProd\Equipexe\Filiais\MOVANTIGA\PEC\DADOS\ClaManut.YG0","D:\AtelieProd\Equipexe\Filiais\MOVANTIGA\PEC\DADOS","ClaManut.YG0",".YG0","4096","15/01/2019 15:55:20"
"D:\AtelieProd\Equipexe\Filiais\MOVANTIGA\PEC\DADOS\ClaPerda.DB","D:\AtelieProd\Equipexe\Filiais\MOVANTIGA\PEC\DADOS","ClaPerda.DB",".DB","2048","15/01/2019 15:55:20"
"D:\AtelieProd\Equipexe\Filiais\MOVANTIGA\PEC\DADOS\ClaPerda.PX","D:\AtelieProd\Equipexe\Filiais\MOVANTIGA\PEC\DADOS","ClaPerda.PX",".PX","2048","15/01/2019 15:55:20"
"D:\AtelieProd\Equipexe\Filiais\MOVANTIGA\PEC\DADOS\ClaPerda.XG0","D:\AtelieProd\Equipexe\Filiais\MOVANTIGA\PEC\DADOS","ClaPerda.XG0",".XG0","34816","15/01/2019 15:55:20"
"D:\AtelieProd\Equipexe\Filiais\MOVANTIGA\PEC\DADOS\ClaPerda.YG0","D:\AtelieProd\Equipexe\Filiais\MOVANTIGA\PEC\DADOS","ClaPerda.YG0",".YG0","4096","15/01/2019 15:55:20"
"D:\AtelieProd\Equipexe\Filiais\MOVANTIGA\PEC\DADOS\FunAfastam.DB","D:\AtelieProd\Equipexe\Filiais\MOVANTIGA\PEC\DADOS","FunAfastam.DB",".DB","2048","15/01/2019 15:56:04"
"D:\AtelieProd\Equipexe\Filiais\MOVANTIGA\PEC\DADOS\FunAfastam.PX","D:\AtelieProd\Equipexe\Filiais\MOVANTIGA\PEC\DADOS","FunAfastam.PX",".PX","2048","15/01/2019 15:56:04"
"D:\AtelieProd\Equipexe\Filiais\MOVANTIGA\PEC\DADOS\FunAfastam.XG0","D:\AtelieProd\Equipexe\Filiais\MOVANTIGA\PEC\DADOS","FunAfastam.XG0",".XG0","34816","15/01/2019 15:56:04"
"D:\AtelieProd\Equipexe\Filiais\MOVANTIGA\PEC\DADOS\FunAfastam.YG0","D:\AtelieProd\Equipexe\Filiais\MOVANTIGA\PEC\DADOS","FunAfastam.YG0",".YG0","4096","15/01/2019 15:56:04"
"D:\AtelieProd\Equipexe\Filiais\MOVANTIGA\PEC\DADOS\FunCli.DB","D:\AtelieProd\Equipexe\Filiais\MOVANTIGA\PEC\DADOS","FunCli.DB",".DB","2048","15/01/2019 15:56:04"
"D:\AtelieProd\Equipexe\Filiais\MOVANTIGA\PEC\DADOS\FunCli.PX","D:\AtelieProd\Equipexe\Filiais\MOVANTIGA\PEC\DADOS","FunCli.PX",".PX","2048","15/01/2019 15:56:04"
"D:\AtelieProd\Equipexe\Filiais\MOVANTIGA\PEC\DADOS\FunCli.XG0","D:\AtelieProd\Equipexe\Filiais\MOVANTIGA\PEC\DADOS","FunCli.XG0",".XG0","34816","15/01/2019 15:56:04"
"D:\AtelieProd\Equipexe\Filiais\MOVANTIGA\PEC\DADOS\FunCli.XG1","D:\AtelieProd\Equipexe\Filiais\MOVANTIGA\PEC\DADOS","FunCli.XG1",".XG1","34816","15/01/2019 15:56:04"
"D:\AtelieProd\Equipexe\Filiais\MOVANTIGA\PEC\DADOS\FunCli.YG0","D:\AtelieProd\Equipexe\Filiais\MOVANTIGA\PEC\DADOS","FunCli.YG0",".YG0","4096","15/01/2019 15:56:04"
"D:\AtelieProd\Equipexe\Filiais\MOVANTIGA\PEC\DADOS\FunCli.YG1","D:\AtelieProd\Equipexe\Filiais\MOVANTIGA\PEC\DADOS","FunCli.YG1",".YG1","4096","15/01/2019 15:56:04"
"D:\AtelieProd\Equipexe\Filiais\MOVANTIGA\PEC\DADOS\FunCliCan.DB","D:\AtelieProd\Equipexe\Filiais\MOVANTIGA\PEC\DADOS","FunCliCan.DB",".DB","2048","15/01/2019 15:56:04"
"D:\AtelieProd\Equipexe\Filiais\MOVANTIGA\PEC\DADOS\FunCliCan.PX","D:\AtelieProd\Equipexe\Filiais\MOVANTIGA\PEC\DADOS","FunCliCan.PX",".PX","2048","15/01/2019 15:56:04"
"D:\AtelieProd\Equipexe\Filiais\MOVANTIGA\PEC\DADOS\FunCliCan.XG0","D:\AtelieProd\Equipexe\Filiais\MOVANTIGA\PEC\DADOS","FunCliCan.XG0",".XG0","34816","15/01/2019 15:56:04"
"D:\AtelieProd\Equipexe\Filiais\MOVANTIGA\PEC\DADOS\FunCliCan.YG0","D:\AtelieProd\Equipexe\Filiais\MOVANTIGA\PEC\DADOS","FunCliCan.YG0",".YG0","4096","15/01/2019 15:56:04"
"D:\AtelieProd\Equipexe\Filiais\MOVANTIGA\PEC\DADOS\FunCliRou.DB","D:\AtelieProd\Equipexe\Filiais\MOVANTIGA\PEC\DADOS","FunCliRou.DB",".DB","2048","15/01/2019 15:56:04"
"D:\AtelieProd\Equipexe\Filiais\MOVANTIGA\PEC\DADOS\FunCliRou.PX","D:\AtelieProd\Equipexe\Filiais\MOVANTIGA\PEC\DADOS","FunCliRou.PX",".PX","2048","15/01/2019 15:56:04"
"D:\AtelieProd\Equipexe\Filiais\MOVANTIGA\PEC\DADOS\FunCliRou.XG0","D:\AtelieProd\Equipexe\Filiais\MOVANTIGA\PEC\DADOS","FunCliRou.XG0",".XG0","34816","15/01/2019 15:56:04"
"D:\AtelieProd\Equipexe\Filiais\MOVANTIGA\PEC\DADOS\FunCliRou.XG1","D:\AtelieProd\Equipexe\Filiais\MOVANTIGA\PEC\DADOS","FunCliRou.XG1",".XG1","34816","15/01/2019 15:56:04"
"D:\AtelieProd\Equipexe\Filiais\MOVANTIGA\PEC\DADOS\FunCliRou.YG0","D:\AtelieProd\Equipexe\Filiais\MOVANTIGA\PEC\DADOS","FunCliRou.YG0",".YG0","4096","15/01/2019 15:56:04"
"D:\AtelieProd\Equipexe\Filiais\MOVANTIGA\PEC\DADOS\FunCliRou.YG1","D:\AtelieProd\Equipexe\Filiais\MOVANTIGA\PEC\DADOS","FunCliRou.YG1",".YG1","4096","15/01/2019 15:56:04"
"D:\AtelieProd\Equipexe\Filiais\MOVANTIGA\PEC\DADOS\FunCliRouM.DB","D:\AtelieProd\Equipexe\Filiais\MOVANTIGA\PEC\DADOS","FunCliRouM.DB",".DB","2048","15/01/2019 15:56:04"
"D:\AtelieProd\Equipexe\Filiais\MOVANTIGA\PEC\DADOS\FunCliRouM.PX","D:\AtelieProd\Equipexe\Filiais\MOVANTIGA\PEC\DADOS","FunCliRouM.PX",".PX","2048","15/01/2019 15:56:04"
"D:\AtelieProd\Equipexe\Filiais\MOVANTIGA\PEC\DADOS\FunCliRouM.XG0","D:\AtelieProd\Equipexe\Filiais\MOVANTIGA\PEC\DADOS","FunCliRouM.XG0",".XG0","34816","15/01/2019 15:56:04"
"D:\AtelieProd\Equipexe\Filiais\MOVANTIGA\PEC\DADOS\FunCliRouM.XG1","D:\AtelieProd\Equipexe\Filiais\MOVANTIGA\PEC\DADOS","FunCliRouM.XG1",".XG1","34816","15/01/2019 15:56:04"
"D:\AtelieProd\Equipexe\Filiais\MOVANTIGA\PEC\DADOS\FunCliRouM.YG0","D:\AtelieProd\Equipexe\Filiais\MOVANTIGA\PEC\DADOS","FunCliRouM.YG0",".YG0","4096","15/01/2019 15:56:04"
"D:\AtelieProd\Equipexe\Filiais\MOVANTIGA\PEC\DADOS\FunCliRouM.YG1","D:\AtelieProd\Equipexe\Filiais\MOVANTIGA\PEC\DADOS","FunCliRouM.YG1",".YG1","4096","15/01/2019 15:56:04"
"D:\AtelieProd\Equipexe\Filiais\MOVANTIGA\PEC\DADOS\FunCliRouP.DB","D:\AtelieProd\Equipexe\Filiais\MOVANTIGA\PEC\DADOS","FunCliRouP.DB",".DB","2048","15/01/2019 15:56:06"
"D:\AtelieProd\Equipexe\Filiais\MOVANTIGA\PEC\DADOS\FunCliRouP.PX","D:\AtelieProd\Equipexe\Filiais\MOVANTIGA\PEC\DADOS","FunCliRouP.PX",".PX","2048","15/01/2019 15:56:06"
"D:\AtelieProd\Equipexe\Filiais\MOVANTIGA\PEC\DADOS\FunCliRouP.XG0","D:\AtelieProd\Equipexe\Filiais\MOVANTIGA\PEC\DADOS","FunCliRouP.XG0",".XG0","34816","15/01/2019 15:56:06"
"D:\AtelieProd\Equipexe\Filiais\MOVANTIGA\PEC\DADOS\FunCliRouP.YG0","D:\AtelieProd\Equipexe\Filiais\MOVANTIGA\PEC\DADOS","FunCliRouP.YG0",".YG0","4096","15/01/2019 15:56:06"
"D:\AtelieProd\Equipexe\Filiais\MOVANTIGA\PEC\DADOS\FunCliRouUni.DB","D:\AtelieProd\Equipexe\Filiais\MOVANTIGA\PEC\DADOS","FunCliRouUni.DB",".DB","2048","15/01/2019 15:56:06"
"D:\AtelieProd\Equipexe\Filiais\MOVANTIGA\PEC\DADOS\FunCliRouUni.PX","D:\AtelieProd\Equipexe\Filiais\MOVANTIGA\PEC\DADOS","FunCliRouUni.PX",".PX","2048","15/01/2019 15:56:06"
"D:\AtelieProd\Equipexe\Filiais\MOVANTIGA\PEC\FILIAL\AvisoRoupa.DB","D:\AtelieProd\Equipexe\Filiais\MOVANTIGA\PEC\FILIAL","AvisoRoupa.DB",".DB","2048","15/01/2019 15:54:46"
"D:\AtelieProd\Equipexe\Filiais\MOVANTIGA\PEC\FILIAL\AvisoRoupa.PX","D:\AtelieProd\Equipexe\Filiais\MOVANTIGA\PEC\FILIAL","AvisoRoupa.PX",".PX","2048","15/01/2019 15:54:46"
"D:\AtelieProd\Equipexe\Filiais\MOVANTIGA\PEC\FILIAL\AvisoRoupa.XG0","D:\AtelieProd\Equipexe\Filiais\MOVANTIGA\PEC\FILIAL","AvisoRoupa.XG0",".XG0","34816","15/01/2019 15:54:46"
"D:\AtelieProd\Equipexe\Filiais\MOVANTIGA\PEC\FILIAL\AvisoRoupa.XG1","D:\AtelieProd\Equipexe\Filiais\MOVANTIGA\PEC\FILIAL","AvisoRoupa.XG1",".XG1","34816","15/01/2019 15:54:46"
"D:\AtelieProd\Equipexe\Filiais\MOVANTIGA\PEC\FILIAL\AvisoRoupa.YG0","D:\AtelieProd\Equipexe\Filiais\MOVANTIGA\PEC\FILIAL","AvisoRoupa.YG0",".YG0","4096","15/01/2019 15:54:46"
"D:\AtelieProd\Equipexe\Filiais\MOVANTIGA\PEC\FILIAL\AvisoRoupa.YG1","D:\AtelieProd\Equipexe\Filiais\MOVANTIGA\PEC\FILIAL","AvisoRoupa.YG1",".YG1","4096","15/01/2019 15:54:46"
"D:\AtelieProd\Equipexe\Filiais\MOVANTIGA\PEC\FILIAL\LogSisPec.DB","D:\AtelieProd\Equipexe\Filiais\MOVANTIGA\PEC\FILIAL","LogSisPec.DB",".DB","2048","15/01/2019 15:56:18"
"D:\AtelieProd\Equipexe\Filiais\MOVANTIGA\PEC\FILIAL\LogSisPec.PX","D:\AtelieProd\Equipexe\Filiais\MOVANTIGA\PEC\FILIAL","LogSisPec.PX",".PX","2048","15/01/2019 15:56:18"
"D:\AtelieProd\Equipexe\Filiais\MOVANTIGA\PEC\FILIAL\LogSisPec.XG0","D:\AtelieProd\Equipexe\Filiais\MOVANTIGA\PEC\FILIAL","LogSisPec.XG0",".XG0","34816","15/01/2019 15:56:18"
"D:\AtelieProd\Equipexe\Filiais\MOVANTIGA\PEC\FILIAL\LogSisPec.YG0","D:\AtelieProd\Equipexe\Filiais\MOVANTIGA\PEC\FILIAL","LogSisPec.YG0",".YG0","4096","15/01/2019 15:56:18"
"D:\AtelieProd\Equipexe\Filiais\MOVANTIGA\PEC\FILIAL\MovRoupa.DB","D:\AtelieProd\Equipexe\Filiais\MOVANTIGA\PEC\FILIAL","MovRoupa.DB",".DB","2048","15/01/2019 15:56:50"
"D:\AtelieProd\Equipexe\Filiais\MOVANTIGA\PEC\FILIAL\MovRoupa.PX","D:\AtelieProd\Equipexe\Filiais\MOVANTIGA\PEC\FILIAL","MovRoupa.PX",".PX","2048","15/01/2019 15:56:50"
"D:\AtelieProd\Equipexe\Filiais\MOVANTIGA\PEC\FILIAL\MovRoupa.XG0","D:\AtelieProd\Equipexe\Filiais\MOVANTIGA\PEC\FILIAL","MovRoupa.XG0",".XG0","34816","15/01/2019 15:56:50"
"D:\AtelieProd\Equipexe\Filiais\MOVANTIGA\PEC\FILIAL\MovRoupa.XG1","D:\AtelieProd\Equipexe\Filiais\MOVANTIGA\PEC\FILIAL","MovRoupa.XG1",".XG1","34816","15/01/2019 15:56:50"
"D:\AtelieProd\Equipexe\Filiais\MOVANTIGA\PEC\FILIAL\MovRoupa.YG0","D:\AtelieProd\Equipexe\Filiais\MOVANTIGA\PEC\FILIAL","MovRoupa.YG0",".YG0","4096","15/01/2019 15:56:50"
"D:\AtelieProd\Equipexe\Filiais\MOVANTIGA\PEC\FILIAL\MovRoupa.YG1","D:\AtelieProd\Equipexe\Filiais\MOVANTIGA\PEC\FILIAL","MovRoupa.YG1",".YG1","4096","15/01/2019 15:56:50"
"D:\AtelieProd\Equipexe\Filiais\MOVANTIGA\PEC\FILIAL\MovRoupaConf.DB","D:\AtelieProd\Equipexe\Filiais\MOVANTIGA\PEC\FILIAL","MovRoupaConf.DB",".DB","2048","15/01/2019 15:56:50"
"D:\AtelieProd\Equipexe\Filiais\MOVANTIGA\PEC\FILIAL\MovRoupaConf.PX","D:\AtelieProd\Equipexe\Filiais\MOVANTIGA\PEC\FILIAL","MovRoupaConf.PX",".PX","2048","15/01/2019 15:56:50"
"D:\AtelieProd\Equipexe\Filiais\MOVANTIGA\PEC\FILIAL\MovRoupaConf.XG0","D:\AtelieProd\Equipexe\Filiais\MOVANTIGA\PEC\FILIAL","MovRoupaConf.XG0",".XG0","34816","15/01/2019 15:56:50"
"D:\AtelieProd\Equipexe\Filiais\MOVANTIGA\PEC\FILIAL\MovRoupaConf.XG1","D:\AtelieProd\Equipexe\Filiais\MOVANTIGA\PEC\FILIAL","MovRoupaConf.XG1",".XG1","34816","15/01/2019 15:56:50"
"D:\AtelieProd\Equipexe\Filiais\MOVANTIGA\PEC\FILIAL\MovRoupaConf.YG0","D:\AtelieProd\Equipexe\Filiais\MOVANTIGA\PEC\FILIAL","MovRoupaConf.YG0",".YG0","4096","15/01/2019 15:56:50"
"D:\AtelieProd\Equipexe\Filiais\MOVANTIGA\PEC\FILIAL\MovRoupaConf.YG1","D:\AtelieProd\Equipexe\Filiais\MOVANTIGA\PEC\FILIAL","MovRoupaConf.YG1",".YG1","4096","15/01/2019 15:56:50"
"D:\AtelieProd\Equipexe\Filiais\MOVANTIGA\PEC\FILIAL\MovRoupaLot.DB","D:\AtelieProd\Equipexe\Filiais\MOVANTIGA\PEC\FILIAL","MovRoupaLot.DB",".DB","2048","15/01/2019 15:56:50"
"D:\AtelieProd\Equipexe\Filiais\MOVANTIGA\PEC\FILIAL\MovRoupaLot.PX","D:\AtelieProd\Equipexe\Filiais\MOVANTIGA\PEC\FILIAL","MovRoupaLot.PX",".PX","2048","15/01/2019 15:56:50"
"D:\AtelieProd\Equipexe\Filiais\MOVANTIGA\PEC\FILIAL\MovRoupaLot.XG0","D:\AtelieProd\Equipexe\Filiais\MOVANTIGA\PEC\FILIAL","MovRoupaLot.XG0",".XG0","34816","15/01/2019 15:56:50"
"D:\AtelieProd\Equipexe\Filiais\MOVANTIGA\PEC\FILIAL\MovRoupaLot.XG1","D:\AtelieProd\Equipexe\Filiais\MOVANTIGA\PEC\FILIAL","MovRoupaLot.XG1",".XG1","34816","15/01/2019 15:56:50"
"D:\AtelieProd\Equipexe\Filiais\MOVANTIGA\PEC\FILIAL\MovRoupaLot.YG0","D:\AtelieProd\Equipexe\Filiais\MOVANTIGA\PEC\FILIAL","MovRoupaLot.YG0",".YG0","4096","15/01/2019 15:56:50"
"D:\AtelieProd\Equipexe\Filiais\MOVANTIGA\PEC\FILIAL\MovRoupaLot.YG1","D:\AtelieProd\Equipexe\Filiais\MOVANTIGA\PEC\FILIAL","MovRoupaLot.YG1",".YG1","4096","15/01/2019 15:56:50"
"D:\AtelieProd\Equipexe\Filiais\MOVANTIGA\PEC\FILIAL\MovRoupaRol.DB","D:\AtelieProd\Equipexe\Filiais\MOVANTIGA\PEC\FILIAL","MovRoupaRol.DB",".DB","2048","15/01/2019 15:56:50"
"D:\AtelieProd\Equipexe\Filiais\MOVANTIGA\PEC\FILIAL\MovRoupaRol.PX","D:\AtelieProd\Equipexe\Filiais\MOVANTIGA\PEC\FILIAL","MovRoupaRol.PX",".PX","2048","15/01/2019 15:56:50"
"D:\AtelieProd\Equipexe\Filiais\MOVANTIGA\PEC\FILIAL\MovRoupaRol.XG0","D:\AtelieProd\Equipexe\Filiais\MOVANTIGA\PEC\FILIAL","MovRoupaRol.XG0",".XG0","34816","15/01/2019 15:56:50"
"D:\AtelieProd\Equipexe\Filiais\MOVANTIGA\PEC\FILIAL\MovRoupaRol.YG0","D:\AtelieProd\Equipexe\Filiais\MOVANTIGA\PEC\FILIAL","MovRoupaRol.YG0",".YG0","4096","15/01/2019 15:56:50"
"D:\AtelieProd\Equipexe\Filiais\MOVANTIGA\REC\FILIAL\Boletos.DB","D:\AtelieProd\Equipexe\Filiais\MOVANTIGA\REC\FILIAL","Boletos.DB",".DB","2048","15/01/2019 15:54:48"
"D:\AtelieProd\Equipexe\Filiais\MOVANTIGA\REC\FILIAL\Boletos.PX","D:\AtelieProd\Equipexe\Filiais\MOVANTIGA\REC\FILIAL","Boletos.PX",".PX","2048","15/01/2019 15:54:48"
"D:\AtelieProd\Equipexe\Filiais\MOVANTIGA\REC\FILIAL\Boletos.XG0","D:\AtelieProd\Equipexe\Filiais\MOVANTIGA\REC\FILIAL","Boletos.XG0",".XG0","34816","15/01/2019 15:54:48"
"D:\AtelieProd\Equipexe\Filiais\MOVANTIGA\REC\FILIAL\Boletos.XG1","D:\AtelieProd\Equipexe\Filiais\MOVANTIGA\REC\FILIAL","Boletos.XG1",".XG1","34816","15/01/2019 15:54:48"
"D:\AtelieProd\Equipexe\Filiais\MOVANTIGA\REC\FILIAL\Boletos.YG0","D:\AtelieProd\Equipexe\Filiais\MOVANTIGA\REC\FILIAL","Boletos.YG0",".YG0","4096","15/01/2019 15:54:48"
"D:\AtelieProd\Equipexe\Filiais\MOVANTIGA\REC\FILIAL\Boletos.YG1","D:\AtelieProd\Equipexe\Filiais\MOVANTIGA\REC\FILIAL","Boletos.YG1",".YG1","4096","15/01/2019 15:54:48"
"D:\AtelieProd\Equipexe\Filiais\MOVANTIGA\REC\FILIAL\BoletosCan.DB","D:\AtelieProd\Equipexe\Filiais\MOVANTIGA\REC\FILIAL","BoletosCan.DB",".DB","2048","15/01/2019 15:54:48"
"D:\AtelieProd\Equipexe\Filiais\MOVANTIGA\REC\FILIAL\BoletosCan.PX","D:\AtelieProd\Equipexe\Filiais\MOVANTIGA\REC\FILIAL","BoletosCan.PX",".PX","2048","15/01/2019 15:54:48"
"D:\AtelieProd\Equipexe\Filiais\MOVANTIGA\REC\FILIAL\BoletosDupCan.DB","D:\AtelieProd\Equipexe\Filiais\MOVANTIGA\REC\FILIAL","BoletosDupCan.DB",".DB","2048","15/01/2019 15:54:48"
"D:\AtelieProd\Equipexe\Filiais\MOVANTIGA\REC\FILIAL\BoletosDupCan.PX","D:\AtelieProd\Equipexe\Filiais\MOVANTIGA\REC\FILIAL","BoletosDupCan.PX",".PX","2048","15/01/2019 15:54:48"
"D:\AtelieProd\Equipexe\Filiais\MOVANTIGA\REC\FILIAL\BoletosLot.DB","D:\AtelieProd\Equipexe\Filiais\MOVANTIGA\REC\FILIAL","BoletosLot.DB",".DB","2048","15/01/2019 15:54:48"
"D:\AtelieProd\Equipexe\Filiais\MOVANTIGA\REC\FILIAL\BoletosLot.PX","D:\AtelieProd\Equipexe\Filiais\MOVANTIGA\REC\FILIAL","BoletosLot.PX",".PX","2048","15/01/2019 15:54:48"
"D:\AtelieProd\Equipexe\Filiais\MOVANTIGA\REC\FILIAL\CamRecFil.DB","D:\AtelieProd\Equipexe\Filiais\MOVANTIGA\REC\FILIAL","CamRecFil.DB",".DB","2048","15/01/2019 15:55:14"
"D:\AtelieProd\Equipexe\Filiais\MOVANTIGA\REC\FILIAL\CamRecFil.PX","D:\AtelieProd\Equipexe\Filiais\MOVANTIGA\REC\FILIAL","CamRecFil.PX",".PX","2048","15/01/2019 15:55:14"
"D:\AtelieProd\Equipexe\Filiais\MOVANTIGA\REC\FILIAL\DupBoleto.DB","D:\AtelieProd\Equipexe\Filiais\MOVANTIGA\REC\FILIAL","DupBoleto.DB",".DB","2048","15/01/2019 15:55:32"
"D:\AtelieProd\Equipexe\Filiais\MOVANTIGA\REC\FILIAL\DupBoleto.PX","D:\AtelieProd\Equipexe\Filiais\MOVANTIGA\REC\FILIAL","DupBoleto.PX",".PX","2048","15/01/2019 15:55:32"
"D:\AtelieProd\Equipexe\Filiais\MOVANTIGA\REC\FILIAL\DupBoleto.XG0","D:\AtelieProd\Equipexe\Filiais\MOVANTIGA\REC\FILIAL","DupBoleto.XG0",".XG0","34816","15/01/2019 15:55:32"
"D:\AtelieProd\Equipexe\Filiais\MOVANTIGA\REC\FILIAL\DupBoleto.XG1","D:\AtelieProd\Equipexe\Filiais\MOVANTIGA\REC\FILIAL","DupBoleto.XG1",".XG1","34816","15/01/2019 15:55:32"
"D:\AtelieProd\Equipexe\Filiais\MOVANTIGA\REC\FILIAL\DupBoleto.YG0","D:\AtelieProd\Equipexe\Filiais\MOVANTIGA\REC\FILIAL","DupBoleto.YG0",".YG0","4096","15/01/2019 15:55:32"
"D:\AtelieProd\Equipexe\Filiais\MOVANTIGA\REC\FILIAL\DupBoleto.YG1","D:\AtelieProd\Equipexe\Filiais\MOVANTIGA\REC\FILIAL","DupBoleto.YG1",".YG1","4096","15/01/2019 15:55:32"
"D:\AtelieProd\Equipexe\Filiais\MOVANTIGA\REC\FILIAL\DupComp.DB","D:\AtelieProd\Equipexe\Filiais\MOVANTIGA\REC\FILIAL","DupComp.DB",".DB","2048","15/01/2019 15:55:32"
"D:\AtelieProd\Equipexe\Filiais\MOVANTIGA\REC\FILIAL\DupComp.PX","D:\AtelieProd\Equipexe\Filiais\MOVANTIGA\REC\FILIAL","DupComp.PX",".PX","2048","15/01/2019 15:55:32"
"D:\AtelieProd\Equipexe\Filiais\MOVANTIGA\REC\FILIAL\DupCorrCab.DB","D:\AtelieProd\Equipexe\Filiais\MOVANTIGA\REC\FILIAL","DupCorrCab.DB",".DB","2048","15/01/2019 15:55:32"
"D:\AtelieProd\Equipexe\Filiais\MOVANTIGA\REC\FILIAL\DupCorrCab.PX","D:\AtelieProd\Equipexe\Filiais\MOVANTIGA\REC\FILIAL","DupCorrCab.PX",".PX","2048","15/01/2019 15:55:32"
"D:\AtelieProd\Equipexe\Filiais\MOVANTIGA\REC\FILIAL\DupCorrItem.DB","D:\AtelieProd\Equipexe\Filiais\MOVANTIGA\REC\FILIAL","DupCorrItem.DB",".DB","2048","15/01/2019 15:55:32"
"D:\AtelieProd\Equipexe\Filiais\MOVANTIGA\REC\FILIAL\DupCorrItem.PX","D:\AtelieProd\Equipexe\Filiais\MOVANTIGA\REC\FILIAL","DupCorrItem.PX",".PX","2048","15/01/2019 15:55:32"
"D:\AtelieProd\Equipexe\Filiais\MOVANTIGA\REC\FILIAL\DupCorrItem.XG0","D:\AtelieProd\Equipexe\Filiais\MOVANTIGA\REC\FILIAL","DupCorrItem.XG0",".XG0","34816","15/01/2019 15:55:32"
"D:\AtelieProd\Equipexe\Filiais\MOVANTIGA\REC\FILIAL\DupCorrItem.YG0","D:\AtelieProd\Equipexe\Filiais\MOVANTIGA\REC\FILIAL","DupCorrItem.YG0",".YG0","4096","15/01/2019 15:55:32"
"D:\AtelieProd\Equipexe\Filiais\MOVANTIGA\REC\FILIAL\DupIntTit.DB","D:\AtelieProd\Equipexe\Filiais\MOVANTIGA\REC\FILIAL","DupIntTit.DB",".DB","2048","15/01/2019 15:55:32"
"D:\AtelieProd\Equipexe\Filiais\MOVANTIGA\REC\FILIAL\DupIntTit.PX","D:\AtelieProd\Equipexe\Filiais\MOVANTIGA\REC\FILIAL","DupIntTit.PX",".PX","2048","15/01/2019 15:55:32"
"D:\AtelieProd\Equipexe\Filiais\MOVANTIGA\REC\FILIAL\DupIntTit.XG0","D:\AtelieProd\Equipexe\Filiais\MOVANTIGA\REC\FILIAL","DupIntTit.XG0",".XG0","34816","15/01/2019 15:55:32"
"D:\AtelieProd\Equipexe\Filiais\MOVANTIGA\REC\FILIAL\DupIntTit.XG1","D:\AtelieProd\Equipexe\Filiais\MOVANTIGA\REC\FILIAL","DupIntTit.XG1",".XG1","34816","15/01/2019 15:55:32"
"D:\AtelieProd\Equipexe\Filiais\MOVANTIGA\REC\FILIAL\DupIntTit.YG0","D:\AtelieProd\Equipexe\Filiais\MOVANTIGA\REC\FILIAL","DupIntTit.YG0",".YG0","4096","15/01/2019 15:55:32"
"D:\AtelieProd\Equipexe\Filiais\MOVANTIGA\REC\FILIAL\DupIntTit.YG1","D:\AtelieProd\Equipexe\Filiais\MOVANTIGA\REC\FILIAL","DupIntTit.YG1",".YG1","4096","15/01/2019 15:55:32"
"D:\AtelieProd\Equipexe\Filiais\MOVANTIGA\REC\FILIAL\Duplicat.DB","D:\AtelieProd\Equipexe\Filiais\MOVANTIGA\REC\FILIAL","Duplicat.DB",".DB","9146368","15/01/2019 15:55:52"
"D:\AtelieProd\Equipexe\Filiais\MOVANTIGA\REC\FILIAL\Duplicat.PX","D:\AtelieProd\Equipexe\Filiais\MOVANTIGA\REC\FILIAL","Duplicat.PX",".PX","8192","15/01/2019 15:55:52"
"D:\AtelieProd\Equipexe\Filiais\MOVANTIGA\REC\FILIAL\Duplicat.XG0","D:\AtelieProd\Equipexe\Filiais\MOVANTIGA\REC\FILIAL","Duplicat.XG0",".XG0","362496","15/01/2019 15:55:52"
"D:\AtelieProd\Equipexe\Filiais\MOVANTIGA\REC\FILIAL\Duplicat.XG1","D:\AtelieProd\Equipexe\Filiais\MOVANTIGA\REC\FILIAL","Duplicat.XG1",".XG1","362496","15/01/2019 15:55:52"
"D:\AtelieProd\Equipexe\Filiais\MOVANTIGA\REC\FILIAL\Duplicat.YG0","D:\AtelieProd\Equipexe\Filiais\MOVANTIGA\REC\FILIAL","Duplicat.YG0",".YG0","4096","15/01/2019 15:55:52"
"D:\AtelieProd\Equipexe\Filiais\MOVANTIGA\REC\FILIAL\Duplicat.YG1","D:\AtelieProd\Equipexe\Filiais\MOVANTIGA\REC\FILIAL","Duplicat.YG1",".YG1","4096","15/01/2019 15:55:52"
"D:\AtelieProd\Equipexe\Filiais\MOVANTIGA\REC\FILIAL\DupMotAlt.DB","D:\AtelieProd\Equipexe\Filiais\MOVANTIGA\REC\FILIAL","DupMotAlt.DB",".DB","2048","15/01/2019 15:55:52"
"D:\AtelieProd\Equipexe\Filiais\MOVANTIGA\REC\FILIAL\DupMotAlt.PX","D:\AtelieProd\Equipexe\Filiais\MOVANTIGA\REC\FILIAL","DupMotAlt.PX",".PX","2048","15/01/2019 15:55:52"
"D:\AtelieProd\Equipexe\Filiais\MOVANTIGA\REC\FILIAL\DupMotAlt.XG0","D:\AtelieProd\Equipexe\Filiais\MOVANTIGA\REC\FILIAL","DupMotAlt.XG0",".XG0","34816","15/01/2019 15:55:52"
"D:\AtelieProd\Equipexe\Filiais\MOVANTIGA\REC\FILIAL\DupMotAlt.XG1","D:\AtelieProd\Equipexe\Filiais\MOVANTIGA\REC\FILIAL","DupMotAlt.XG1",".XG1","34816","15/01/2019 15:55:52"
"D:\AtelieProd\Equipexe\Filiais\MOVANTIGA\REC\FILIAL\DupMotAlt.YG0","D:\AtelieProd\Equipexe\Filiais\MOVANTIGA\REC\FILIAL","DupMotAlt.YG0",".YG0","4096","15/01/2019 15:55:52"
"D:\AtelieProd\Equipexe\Filiais\MOVANTIGA\REC\FILIAL\DupMotAlt.YG1","D:\AtelieProd\Equipexe\Filiais\MOVANTIGA\REC\FILIAL","DupMotAlt.YG1",".YG1","4096","15/01/2019 15:55:52"
"D:\AtelieProd\Equipexe\Filiais\MOVANTIGA\REC\FILIAL\DupReaj.DB","D:\AtelieProd\Equipexe\Filiais\MOVANTIGA\REC\FILIAL","DupReaj.DB",".DB","2048","15/01/2019 15:55:52"
"D:\AtelieProd\Equipexe\Filiais\MOVANTIGA\REC\FILIAL\DupReaj.PX","D:\AtelieProd\Equipexe\Filiais\MOVANTIGA\REC\FILIAL","DupReaj.PX",".PX","2048","15/01/2019 15:55:52"
"D:\AtelieProd\Equipexe\Filiais\MOVANTIGA\REC\FILIAL\DupReaj.XG0","D:\AtelieProd\Equipexe\Filiais\MOVANTIGA\REC\FILIAL","DupReaj.XG0",".XG0","34816","15/01/2019 15:55:52"
"D:\AtelieProd\Equipexe\Filiais\MOVANTIGA\REC\FILIAL\DupReaj.YG0","D:\AtelieProd\Equipexe\Filiais\MOVANTIGA\REC\FILIAL","DupReaj.YG0",".YG0","4096","15/01/2019 15:55:52"
"D:\AtelieProd\Equipexe\Filiais\MOVANTIGA\REC\FILIAL\FatArq.DB","D:\AtelieProd\Equipexe\Filiais\MOVANTIGA\REC\FILIAL","FatArq.DB",".DB","2048","15/01/2019 15:56:00"
"D:\AtelieProd\Equipexe\Filiais\MOVANTIGA\REC\FILIAL\FatArq.PX","D:\AtelieProd\Equipexe\Filiais\MOVANTIGA\REC\FILIAL","FatArq.PX",".PX","2048","15/01/2019 15:56:00"
"D:\AtelieProd\Equipexe\Filiais\MOVANTIGA\REC\FILIAL\FatArq.XG0","D:\AtelieProd\Equipexe\Filiais\MOVANTIGA\REC\FILIAL","FatArq.XG0",".XG0","34816","15/01/2019 15:56:00"
"D:\AtelieProd\Equipexe\Filiais\MOVANTIGA\REC\FILIAL\FatArq.XG1","D:\AtelieProd\Equipexe\Filiais\MOVANTIGA\REC\FILIAL","FatArq.XG1",".XG1","34816","15/01/2019 15:56:00"
"D:\AtelieProd\Equipexe\Filiais\MOVANTIGA\REC\FILIAL\FatArq.YG0","D:\AtelieProd\Equipexe\Filiais\MOVANTIGA\REC\FILIAL","FatArq.YG0",".YG0","4096","15/01/2019 15:56:00"
"D:\AtelieProd\Equipexe\Filiais\MOVANTIGA\REC\FILIAL\FatArq.YG1","D:\AtelieProd\Equipexe\Filiais\MOVANTIGA\REC\FILIAL","FatArq.YG1",".YG1","4096","15/01/2019 15:56:00"
"D:\AtelieProd\Equipexe\Filiais\MOVANTIGA\REC\FILIAL\NotFisFin.DB","D:\AtelieProd\Equipexe\Filiais\MOVANTIGA\REC\FILIAL","NotFisFin.DB",".DB","2048","15/01/2019 15:57:10"
"D:\AtelieProd\Equipexe\Filiais\MOVANTIGA\REC\FILIAL\NotFisFin.PX","D:\AtelieProd\Equipexe\Filiais\MOVANTIGA\REC\FILIAL","NotFisFin.PX",".PX","2048","15/01/2019 15:57:10"
"D:\AtelieProd\Equipexe\Filiais\MOVANTIGA\REC\FILIAL\NotFisFin.XG0","D:\AtelieProd\Equipexe\Filiais\MOVANTIGA\REC\FILIAL","NotFisFin.XG0",".XG0","34816","15/01/2019 15:57:10"
"D:\AtelieProd\Equipexe\Filiais\MOVANTIGA\REC\FILIAL\NotFisFin.YG0","D:\AtelieProd\Equipexe\Filiais\MOVANTIGA\REC\FILIAL","NotFisFin.YG0",".YG0","4096","15/01/2019 15:57:10"
"D:\AtelieProd\Equipexe\Filiais\MOVANTIGA\REC\FILIAL\NotFisFinCan.DB","D:\AtelieProd\Equipexe\Filiais\MOVANTIGA\REC\FILIAL","NotFisFinCan.DB",".DB","2048","15/01/2019 15:57:10"
"D:\AtelieProd\Equipexe\Filiais\MOVANTIGA\REC\FILIAL\NotFisFinCan.PX","D:\AtelieProd\Equipexe\Filiais\MOVANTIGA\REC\FILIAL","NotFisFinCan.PX",".PX","2048","15/01/2019 15:57:10"
"D:\AtelieProd\Equipexe\Filiais\MOVANTIGA\REC\FILIAL\NotFisFinDupCan.DB","D:\AtelieProd\Equipexe\Filiais\MOVANTIGA\REC\FILIAL","NotFisFinDupCan.DB",".DB","2048","15/01/2019 15:57:12"
"D:\AtelieProd\Equipexe\Filiais\MOVANTIGA\REC\FILIAL\NotFisFinDupCan.PX","D:\AtelieProd\Equipexe\Filiais\MOVANTIGA\REC\FILIAL","NotFisFinDupCan.PX",".PX","2048","15/01/2019 15:57:12"
"D:\AtelieProd\Equipexe\Filiais\MOVANTIGA\REC\FILIAL\NotFisFinDupCan.XG0","D:\AtelieProd\Equipexe\Filiais\MOVANTIGA\REC\FILIAL","NotFisFinDupCan.XG0",".XG0","34816","15/01/2019 15:57:12"
"D:\AtelieProd\Equipexe\Filiais\MOVANTIGA\REC\FILIAL\NotFisFinDupCan.YG0","D:\AtelieProd\Equipexe\Filiais\MOVANTIGA\REC\FILIAL","NotFisFinDupCan.YG0",".YG0","4096","15/01/2019 15:57:12"
"D:\AtelieProd\Equipexe\Filiais\MOVANTIGA\REC\FILIAL\Remessa.DB","D:\AtelieProd\Equipexe\Filiais\MOVANTIGA\REC\FILIAL","Remessa.DB",".DB","2048","15/01/2019 15:57:26"
"D:\AtelieProd\Equipexe\Filiais\MOVANTIGA\REC\FILIAL\Remessa.PX","D:\AtelieProd\Equipexe\Filiais\MOVANTIGA\REC\FILIAL","Remessa.PX",".PX","2048","15/01/2019 15:57:26"
"D:\AtelieProd\Equipexe\Filiais\MOVANTIGA\SAT\DADOS\ArqDocum.DB","D:\AtelieProd\Equipexe\Filiais\MOVANTIGA\SAT\DADOS","ArqDocum.DB",".DB","2048","15/01/2019 15:54:46"
"D:\AtelieProd\Equipexe\Filiais\MOVANTIGA\SAT\DADOS\ArqDocum.PX","D:\AtelieProd\Equipexe\Filiais\MOVANTIGA\SAT\DADOS","ArqDocum.PX",".PX","2048","15/01/2019 15:54:46"
"D:\AtelieProd\Equipexe\Filiais\MOVANTIGA\SAT\DADOS\ArqDocum.XG0","D:\AtelieProd\Equipexe\Filiais\MOVANTIGA\SAT\DADOS","ArqDocum.XG0",".XG0","34816","15/01/2019 15:54:46"
"D:\AtelieProd\Equipexe\Filiais\MOVANTIGA\SAT\DADOS\ArqDocum.YG0","D:\AtelieProd\Equipexe\Filiais\MOVANTIGA\SAT\DADOS","ArqDocum.YG0",".YG0","4096","15/01/2019 15:54:46"
"D:\AtelieProd\Equipexe\Filiais\MOVANTIGA\SAT\DADOS\CadAjuDoc.DB","D:\AtelieProd\Equipexe\Filiais\MOVANTIGA\SAT\DADOS","CadAjuDoc.DB",".DB","2048","15/01/2019 15:54:50"
"D:\AtelieProd\Equipexe\Filiais\MOVANTIGA\SAT\DADOS\CadAjuDoc.PX","D:\AtelieProd\Equipexe\Filiais\MOVANTIGA\SAT\DADOS","CadAjuDoc.PX",".PX","2048","15/01/2019 15:54:50"
"D:\AtelieProd\Equipexe\Filiais\MOVANTIGA\SAT\DADOS\CadClaAlt.DB","D:\AtelieProd\Equipexe\Filiais\MOVANTIGA\SAT\DADOS","CadClaAlt.DB",".DB","2048","15/01/2019 15:54:52"
"D:\AtelieProd\Equipexe\Filiais\MOVANTIGA\SAT\DADOS\CadClaAlt.PX","D:\AtelieProd\Equipexe\Filiais\MOVANTIGA\SAT\DADOS","CadClaAlt.PX",".PX","2048","15/01/2019 15:54:52"
"D:\AtelieProd\Equipexe\Filiais\MOVANTIGA\SAT\DADOS\CadClaAlt.XG0","D:\AtelieProd\Equipexe\Filiais\MOVANTIGA\SAT\DADOS","CadClaAlt.XG0",".XG0","34816","15/01/2019 15:54:52"
"D:\AtelieProd\Equipexe\Filiais\MOVANTIGA\SAT\DADOS\CadClaAlt.YG0","D:\AtelieProd\Equipexe\Filiais\MOVANTIGA\SAT\DADOS","CadClaAlt.YG0",".YG0","4096","15/01/2019 15:54:52"
"D:\AtelieProd\Equipexe\Filiais\MOVANTIGA\SAT\DADOS\CadOcorCla.DB","D:\AtelieProd\Equipexe\Filiais\MOVANTIGA\SAT\DADOS","CadOcorCla.DB",".DB","2048","15/01/2019 15:55:06"
"D:\AtelieProd\Equipexe\Filiais\MOVANTIGA\SAT\DADOS\CadOcorCla.PX","D:\AtelieProd\Equipexe\Filiais\MOVANTIGA\SAT\DADOS","CadOcorCla.PX",".PX","2048","15/01/2019 15:55:06"
"D:\AtelieProd\Equipexe\Filiais\MOVANTIGA\SAT\DADOS\CadOcorCla.XG0","D:\AtelieProd\Equipexe\Filiais\MOVANTIGA\SAT\DADOS","CadOcorCla.XG0",".XG0","34816","15/01/2019 15:55:06"
"D:\AtelieProd\Equipexe\Filiais\MOVANTIGA\SAT\DADOS\CadOcorCla.YG0","D:\AtelieProd\Equipexe\Filiais\MOVANTIGA\SAT\DADOS","CadOcorCla.YG0",".YG0","4096","15/01/2019 15:55:06"
"D:\AtelieProd\Equipexe\Filiais\MOVANTIGA\SAT\DADOS\CadOcorSubC.DB","D:\AtelieProd\Equipexe\Filiais\MOVANTIGA\SAT\DADOS","CadOcorSubC.DB",".DB","2048","15/01/2019 15:55:06"
"D:\AtelieProd\Equipexe\Filiais\MOVANTIGA\SAT\DADOS\CadOcorSubC.PX","D:\AtelieProd\Equipexe\Filiais\MOVANTIGA\SAT\DADOS","CadOcorSubC.PX",".PX","2048","15/01/2019 15:55:06"
"D:\AtelieProd\Equipexe\Filiais\MOVANTIGA\SAT\DADOS\CadOcorSubC.XG0","D:\AtelieProd\Equipexe\Filiais\MOVANTIGA\SAT\DADOS","CadOcorSubC.XG0",".XG0","34816","15/01/2019 15:55:06"
"D:\AtelieProd\Equipexe\Filiais\MOVANTIGA\SAT\DADOS\CadOcorSubC.YG0","D:\AtelieProd\Equipexe\Filiais\MOVANTIGA\SAT\DADOS","CadOcorSubC.YG0",".YG0","4096","15/01/2019 15:55:06"
"D:\AtelieProd\Equipexe\Filiais\MOVANTIGA\SAT\DADOS\CadSatCla.DB","D:\AtelieProd\Equipexe\Filiais\MOVANTIGA\SAT\DADOS","CadSatCla.DB",".DB","2048","15/01/2019 15:55:10"
"D:\AtelieProd\Equipexe\Filiais\MOVANTIGA\SAT\DADOS\CadSatCla.PX","D:\AtelieProd\Equipexe\Filiais\MOVANTIGA\SAT\DADOS","CadSatCla.PX",".PX","2048","15/01/2019 15:55:10"
"D:\AtelieProd\Equipexe\Filiais\MOVANTIGA\SAT\DADOS\CadSatCla.XG0","D:\AtelieProd\Equipexe\Filiais\MOVANTIGA\SAT\DADOS","CadSatCla.XG0",".XG0","34816","15/01/2019 15:55:10"
"D:\AtelieProd\Equipexe\Filiais\MOVANTIGA\SAT\DADOS\CadSatCla.YG0","D:\AtelieProd\Equipexe\Filiais\MOVANTIGA\SAT\DADOS","CadSatCla.YG0",".YG0","4096","15/01/2019 15:55:10"
"D:\AtelieProd\Equipexe\Filiais\MOVANTIGA\SAT\DADOS\CadSatSit.DB","D:\AtelieProd\Equipexe\Filiais\MOVANTIGA\SAT\DADOS","CadSatSit.DB",".DB","2048","15/01/2019 15:55:10"
"D:\AtelieProd\Equipexe\Filiais\MOVANTIGA\SAT\DADOS\CadSatSit.PX","D:\AtelieProd\Equipexe\Filiais\MOVANTIGA\SAT\DADOS","CadSatSit.PX",".PX","2048","15/01/2019 15:55:10"
"D:\AtelieProd\Equipexe\Filiais\MOVANTIGA\SAT\DADOS\CadSatSit.XG0","D:\AtelieProd\Equipexe\Filiais\MOVANTIGA\SAT\DADOS","CadSatSit.XG0",".XG0","34816","15/01/2019 15:55:10"
"D:\AtelieProd\Equipexe\Filiais\MOVANTIGA\SAT\DADOS\CadSatSit.YG0","D:\AtelieProd\Equipexe\Filiais\MOVANTIGA\SAT\DADOS","CadSatSit.YG0",".YG0","4096","15/01/2019 15:55:10"
"D:\AtelieProd\Equipexe\Filiais\MOVANTIGA\SAT\DADOS\CadSatSubC.DB","D:\AtelieProd\Equipexe\Filiais\MOVANTIGA\SAT\DADOS","CadSatSubC.DB",".DB","2048","15/01/2019 15:55:10"
"D:\AtelieProd\Equipexe\Filiais\MOVANTIGA\SAT\DADOS\CadSatSubC.PX","D:\AtelieProd\Equipexe\Filiais\MOVANTIGA\SAT\DADOS","CadSatSubC.PX",".PX","2048","15/01/2019 15:55:10"
"D:\AtelieProd\Equipexe\Filiais\MOVANTIGA\SAT\DADOS\CadSatSubC.XG0","D:\AtelieProd\Equipexe\Filiais\MOVANTIGA\SAT\DADOS","CadSatSubC.XG0",".XG0","34816","15/01/2019 15:55:10"
"D:\AtelieProd\Equipexe\Filiais\MOVANTIGA\SAT\DADOS\CadSatSubC.YG0","D:\AtelieProd\Equipexe\Filiais\MOVANTIGA\SAT\DADOS","CadSatSubC.YG0",".YG0","4096","15/01/2019 15:55:10"
"D:\AtelieProd\Equipexe\Filiais\MOVANTIGA\SAT\DADOS\CadSatTip.DB","D:\AtelieProd\Equipexe\Filiais\MOVANTIGA\SAT\DADOS","CadSatTip.DB",".DB","2048","15/01/2019 15:55:10"
"D:\AtelieProd\Equipexe\Filiais\MOVANTIGA\SAT\DADOS\CadSatTip.PX","D:\AtelieProd\Equipexe\Filiais\MOVANTIGA\SAT\DADOS","CadSatTip.PX",".PX","2048","15/01/2019 15:55:10"
"D:\AtelieProd\Equipexe\Filiais\MOVANTIGA\SAT\DADOS\CadSatTip.XG0","D:\AtelieProd\Equipexe\Filiais\MOVANTIGA\SAT\DADOS","CadSatTip.XG0",".XG0","34816","15/01/2019 15:55:10"
"D:\AtelieProd\Equipexe\Filiais\MOVANTIGA\SAT\DADOS\CadSatTip.YG0","D:\AtelieProd\Equipexe\Filiais\MOVANTIGA\SAT\DADOS","CadSatTip.YG0",".YG0","4096","15/01/2019 15:55:10"
"D:\AtelieProd\Equipexe\Filiais\MOVANTIGA\SAT\DADOS\CadSubCAlt.DB","D:\AtelieProd\Equipexe\Filiais\MOVANTIGA\SAT\DADOS","CadSubCAlt.DB",".DB","2048","15/01/2019 15:55:12"
"D:\AtelieProd\Equipexe\Filiais\MOVANTIGA\SAT\DADOS\CadSubCAlt.PX","D:\AtelieProd\Equipexe\Filiais\MOVANTIGA\SAT\DADOS","CadSubCAlt.PX",".PX","2048","15/01/2019 15:55:12"
"D:\AtelieProd\Equipexe\Filiais\MOVANTIGA\SAT\DADOS\CadSubCAlt.XG0","D:\AtelieProd\Equipexe\Filiais\MOVANTIGA\SAT\DADOS","CadSubCAlt.XG0",".XG0","34816","15/01/2019 15:55:12"
"D:\AtelieProd\Equipexe\Filiais\MOVANTIGA\SAT\DADOS\CadSubCAlt.YG0","D:\AtelieProd\Equipexe\Filiais\MOVANTIGA\SAT\DADOS","CadSubCAlt.YG0",".YG0","4096","15/01/2019 15:55:12"
"D:\AtelieProd\Equipexe\Filiais\MOVANTIGA\SAT\DADOS\CadTipAlt.DB","D:\AtelieProd\Equipexe\Filiais\MOVANTIGA\SAT\DADOS","CadTipAlt.DB",".DB","2048","15/01/2019 15:55:12"
"D:\AtelieProd\Equipexe\Filiais\MOVANTIGA\SAT\DADOS\CadTipAlt.PX","D:\AtelieProd\Equipexe\Filiais\MOVANTIGA\SAT\DADOS","CadTipAlt.PX",".PX","2048","15/01/2019 15:55:12"
"D:\AtelieProd\Equipexe\Filiais\MOVANTIGA\SAT\DADOS\CadTipAlt.XG0","D:\AtelieProd\Equipexe\Filiais\MOVANTIGA\SAT\DADOS","CadTipAlt.XG0",".XG0","34816","15/01/2019 15:55:12"
"D:\AtelieProd\Equipexe\Filiais\MOVANTIGA\SAT\DADOS\CadTipAlt.YG0","D:\AtelieProd\Equipexe\Filiais\MOVANTIGA\SAT\DADOS","CadTipAlt.YG0",".YG0","4096","15/01/2019 15:55:12"
"D:\AtelieProd\Equipexe\Filiais\MOVANTIGA\SAT\DADOS\CadVer.DB","D:\AtelieProd\Equipexe\Filiais\MOVANTIGA\SAT\DADOS","CadVer.DB",".DB","2048","15/01/2019 15:55:14"
"D:\AtelieProd\Equipexe\Filiais\MOVANTIGA\SAT\DADOS\CadVer.PX","D:\AtelieProd\Equipexe\Filiais\MOVANTIGA\SAT\DADOS","CadVer.PX",".PX","2048","15/01/2019 15:55:14"
"D:\AtelieProd\Equipexe\Filiais\MOVANTIGA\SAT\DADOS\CompAlt.DB","D:\AtelieProd\Equipexe\Filiais\MOVANTIGA\SAT\DADOS","CompAlt.DB",".DB","2048","15/01/2019 15:55:26"
"D:\AtelieProd\Equipexe\Filiais\MOVANTIGA\SAT\DADOS\CompAlt.PX","D:\AtelieProd\Equipexe\Filiais\MOVANTIGA\SAT\DADOS","CompAlt.PX",".PX","2048","15/01/2019 15:55:26"
"D:\AtelieProd\Equipexe\Filiais\MOVANTIGA\SAT\DADOS\CompAlt.XG0","D:\AtelieProd\Equipexe\Filiais\MOVANTIGA\SAT\DADOS","CompAlt.XG0",".XG0","34816","15/01/2019 15:55:26"
"D:\AtelieProd\Equipexe\Filiais\MOVANTIGA\SAT\DADOS\CompAlt.YG0","D:\AtelieProd\Equipexe\Filiais\MOVANTIGA\SAT\DADOS","CompAlt.YG0",".YG0","4096","15/01/2019 15:55:26"
"D:\AtelieProd\Equipexe\Filiais\MOVANTIGA\SAT\DADOS\Documentos.DB","D:\AtelieProd\Equipexe\Filiais\MOVANTIGA\SAT\DADOS","Documentos.DB",".DB","2048","15/01/2019 15:55:32"
"D:\AtelieProd\Equipexe\Filiais\MOVANTIGA\SAT\DADOS\Documentos.PX","D:\AtelieProd\Equipexe\Filiais\MOVANTIGA\SAT\DADOS","Documentos.PX",".PX","2048","15/01/2019 15:55:32"
"D:\AtelieProd\Equipexe\Filiais\MOVANTIGA\SAT\DADOS\ErrosSat.DB","D:\AtelieProd\Equipexe\Filiais\MOVANTIGA\SAT\DADOS","ErrosSat.DB",".DB","2048","15/01/2019 15:56:00"
"D:\AtelieProd\Equipexe\Filiais\MOVANTIGA\SAT\DADOS\ErrosSat.MB","D:\AtelieProd\Equipexe\Filiais\MOVANTIGA\SAT\DADOS","ErrosSat.MB",".MB","4096","15/01/2019 15:56:00"
"D:\AtelieProd\Equipexe\Filiais\MOVANTIGA\SAT\DADOS\ErrosSat.PX","D:\AtelieProd\Equipexe\Filiais\MOVANTIGA\SAT\DADOS","ErrosSat.PX",".PX","2048","15/01/2019 15:56:00"
"D:\AtelieProd\Equipexe\Filiais\MOVANTIGA\SAT\DADOS\GruSatLan.DB","D:\AtelieProd\Equipexe\Filiais\MOVANTIGA\SAT\DADOS","GruSatLan.DB",".DB","2048","15/01/2019 15:56:12"
"D:\AtelieProd\Equipexe\Filiais\MOVANTIGA\SAT\DADOS\GruSatLan.PX","D:\AtelieProd\Equipexe\Filiais\MOVANTIGA\SAT\DADOS","GruSatLan.PX",".PX","2048","15/01/2019 15:56:12"
"D:\AtelieProd\Equipexe\Filiais\MOVANTIGA\SAT\DADOS\GruSatLan.XG0","D:\AtelieProd\Equipexe\Filiais\MOVANTIGA\SAT\DADOS","GruSatLan.XG0",".XG0","34816","15/01/2019 15:56:12"
"D:\AtelieProd\Equipexe\Filiais\MOVANTIGA\SAT\DADOS\GruSatLan.YG0","D:\AtelieProd\Equipexe\Filiais\MOVANTIGA\SAT\DADOS","GruSatLan.YG0",".YG0","4096","15/01/2019 15:56:12"
"D:\AtelieProd\Equipexe\Filiais\MOVANTIGA\SAT\DADOS\PadMenSat.DB","D:\AtelieProd\Equipexe\Filiais\MOVANTIGA\SAT\DADOS","PadMenSat.DB",".DB","2048","15/01/2019 15:57:16"
"D:\AtelieProd\Equipexe\Filiais\MOVANTIGA\SAT\DADOS\PadMenSat.PX","D:\AtelieProd\Equipexe\Filiais\MOVANTIGA\SAT\DADOS","PadMenSat.PX",".PX","2048","15/01/2019 15:57:16"
"D:\AtelieProd\Equipexe\Filiais\MOVANTIGA\SAT\DADOS\PadMenSat.XG0","D:\AtelieProd\Equipexe\Filiais\MOVANTIGA\SAT\DADOS","PadMenSat.XG0",".XG0","34816","15/01/2019 15:57:16"
"D:\AtelieProd\Equipexe\Filiais\MOVANTIGA\SAT\DADOS\PadMenSat.YG0","D:\AtelieProd\Equipexe\Filiais\MOVANTIGA\SAT\DADOS","PadMenSat.YG0",".YG0","4096","15/01/2019 15:57:16"
"D:\AtelieProd\Equipexe\Filiais\MOVANTIGA\SAT\FILIAL\Alteracoes.DB","D:\AtelieProd\Equipexe\Filiais\MOVANTIGA\SAT\FILIAL","Alteracoes.DB",".DB","2048","15/01/2019 15:54:44"
"D:\AtelieProd\Equipexe\Filiais\MOVANTIGA\SAT\FILIAL\Alteracoes.PX","D:\AtelieProd\Equipexe\Filiais\MOVANTIGA\SAT\FILIAL","Alteracoes.PX",".PX","2048","15/01/2019 15:54:44"
"D:\AtelieProd\Equipexe\Filiais\MOVANTIGA\SAT\FILIAL\Alteracoes.XG0","D:\AtelieProd\Equipexe\Filiais\MOVANTIGA\SAT\FILIAL","Alteracoes.XG0",".XG0","34816","15/01/2019 15:54:44"
"D:\AtelieProd\Equipexe\Filiais\MOVANTIGA\SAT\FILIAL\Alteracoes.YG0","D:\AtelieProd\Equipexe\Filiais\MOVANTIGA\SAT\FILIAL","Alteracoes.YG0",".YG0","4096","15/01/2019 15:54:44"
"D:\AtelieProd\Equipexe\Filiais\MOVANTIGA\SAT\FILIAL\AndAltSist.DB","D:\AtelieProd\Equipexe\Filiais\MOVANTIGA\SAT\FILIAL","AndAltSist.DB",".DB","2048","15/01/2019 15:54:44"
"D:\AtelieProd\Equipexe\Filiais\MOVANTIGA\SAT\FILIAL\AndAltSist.PX","D:\AtelieProd\Equipexe\Filiais\MOVANTIGA\SAT\FILIAL","AndAltSist.PX",".PX","2048","15/01/2019 15:54:44"
"D:\AtelieProd\Equipexe\Filiais\MOVANTIGA\SAT\FILIAL\AndAltSist.XG0","D:\AtelieProd\Equipexe\Filiais\MOVANTIGA\SAT\FILIAL","AndAltSist.XG0",".XG0","34816","15/01/2019 15:54:44"
"D:\AtelieProd\Equipexe\Filiais\MOVANTIGA\SAT\FILIAL\AndAltSist.YG0","D:\AtelieProd\Equipexe\Filiais\MOVANTIGA\SAT\FILIAL","AndAltSist.YG0",".YG0","4096","15/01/2019 15:54:44"
"D:\AtelieProd\Equipexe\Filiais\MOVANTIGA\SAT\FILIAL\Anotacoes.DB","D:\AtelieProd\Equipexe\Filiais\MOVANTIGA\SAT\FILIAL","Anotacoes.DB",".DB","2048","15/01/2019 15:54:46"
"D:\AtelieProd\Equipexe\Filiais\MOVANTIGA\SAT\FILIAL\Anotacoes.PX","D:\AtelieProd\Equipexe\Filiais\MOVANTIGA\SAT\FILIAL","Anotacoes.PX",".PX","2048","15/01/2019 15:54:46"
"D:\AtelieProd\Equipexe\Filiais\MOVANTIGA\SAT\FILIAL\Anotacoes.XG0","D:\AtelieProd\Equipexe\Filiais\MOVANTIGA\SAT\FILIAL","Anotacoes.XG0",".XG0","34816","15/01/2019 15:54:46"
"D:\AtelieProd\Equipexe\Filiais\MOVANTIGA\SAT\FILIAL\Anotacoes.XG1","D:\AtelieProd\Equipexe\Filiais\MOVANTIGA\SAT\FILIAL","Anotacoes.XG1",".XG1","34816","15/01/2019 15:54:46"
"D:\AtelieProd\Equipexe\Filiais\MOVANTIGA\SAT\FILIAL\Anotacoes.YG0","D:\AtelieProd\Equipexe\Filiais\MOVANTIGA\SAT\FILIAL","Anotacoes.YG0",".YG0","4096","15/01/2019 15:54:46"
"D:\AtelieProd\Equipexe\Filiais\MOVANTIGA\SAT\FILIAL\Anotacoes.YG1","D:\AtelieProd\Equipexe\Filiais\MOVANTIGA\SAT\FILIAL","Anotacoes.YG1",".YG1","4096","15/01/2019 15:54:46"
"D:\AtelieProd\Equipexe\Filiais\MOVANTIGA\SAT\FILIAL\CadProjSat.DB","D:\AtelieProd\Equipexe\Filiais\MOVANTIGA\SAT\FILIAL","CadProjSat.DB",".DB","2048","15/01/2019 15:55:08"
"D:\AtelieProd\Equipexe\Filiais\MOVANTIGA\SAT\FILIAL\CadProjSat.PX","D:\AtelieProd\Equipexe\Filiais\MOVANTIGA\SAT\FILIAL","CadProjSat.PX",".PX","2048","15/01/2019 15:55:08"
"D:\AtelieProd\Equipexe\Filiais\MOVANTIGA\SAT\FILIAL\CadProjSat.XG0","D:\AtelieProd\Equipexe\Filiais\MOVANTIGA\SAT\FILIAL","CadProjSat.XG0",".XG0","34816","15/01/2019 15:55:08"
"D:\AtelieProd\Equipexe\Filiais\MOVANTIGA\SAT\FILIAL\CadProjSat.YG0","D:\AtelieProd\Equipexe\Filiais\MOVANTIGA\SAT\FILIAL","CadProjSat.YG0",".YG0","4096","15/01/2019 15:55:08"
"D:\AtelieProd\Equipexe\Filiais\MOVANTIGA\SAT\FILIAL\LogExpSat.DB","D:\AtelieProd\Equipexe\Filiais\MOVANTIGA\SAT\FILIAL","LogExpSat.DB",".DB","2048","15/01/2019 15:56:16"
"D:\AtelieProd\Equipexe\Filiais\MOVANTIGA\SAT\FILIAL\LogExpSat.PX","D:\AtelieProd\Equipexe\Filiais\MOVANTIGA\SAT\FILIAL","LogExpSat.PX",".PX","2048","15/01/2019 15:56:16"
"D:\AtelieProd\Equipexe\Filiais\MOVANTIGA\SAT\FILIAL\LogImpSat.DB","D:\AtelieProd\Equipexe\Filiais\MOVANTIGA\SAT\FILIAL","LogImpSat.DB",".DB","2048","15/01/2019 15:56:16"
"D:\AtelieProd\Equipexe\Filiais\MOVANTIGA\SAT\FILIAL\LogImpSat.PX","D:\AtelieProd\Equipexe\Filiais\MOVANTIGA\SAT\FILIAL","LogImpSat.PX",".PX","2048","15/01/2019 15:56:16"
"D:\AtelieProd\Equipexe\Filiais\MOVANTIGA\SAT\FILIAL\MovProcAnexo.DB","D:\AtelieProd\Equipexe\Filiais\MOVANTIGA\SAT\FILIAL","MovProcAnexo.DB",".DB","2048","15/01/2019 15:56:46"
"D:\AtelieProd\Equipexe\Filiais\MOVANTIGA\SAT\FILIAL\MovProcAnexo.PX","D:\AtelieProd\Equipexe\Filiais\MOVANTIGA\SAT\FILIAL","MovProcAnexo.PX",".PX","2048","15/01/2019 15:56:46"
"D:\AtelieProd\Equipexe\Filiais\MOVANTIGA\SAT\FILIAL\MovProcAnexo.XG0","D:\AtelieProd\Equipexe\Filiais\MOVANTIGA\SAT\FILIAL","MovProcAnexo.XG0",".XG0","34816","15/01/2019 15:56:46"
"D:\AtelieProd\Equipexe\Filiais\MOVANTIGA\SAT\FILIAL\MovProcAnexo.YG0","D:\AtelieProd\Equipexe\Filiais\MOVANTIGA\SAT\FILIAL","MovProcAnexo.YG0",".YG0","4096","15/01/2019 15:56:46"
"D:\AtelieProd\Equipexe\Filiais\MOVANTIGA\SAT\FILIAL\MovProces.DB","D:\AtelieProd\Equipexe\Filiais\MOVANTIGA\SAT\FILIAL","MovProces.DB",".DB","2048","15/01/2019 15:56:48"
"D:\AtelieProd\Equipexe\Filiais\MOVANTIGA\SAT\FILIAL\MovProces.PX","D:\AtelieProd\Equipexe\Filiais\MOVANTIGA\SAT\FILIAL","MovProces.PX",".PX","2048","15/01/2019 15:56:48"
"D:\AtelieProd\Equipexe\Filiais\MOVANTIGA\SAT\FILIAL\MovProces.XG0","D:\AtelieProd\Equipexe\Filiais\MOVANTIGA\SAT\FILIAL","MovProces.XG0",".XG0","34816","15/01/2019 15:56:48"
"D:\AtelieProd\Equipexe\Filiais\MOVANTIGA\SAT\FILIAL\MovProces.XG1","D:\AtelieProd\Equipexe\Filiais\MOVANTIGA\SAT\FILIAL","MovProces.XG1",".XG1","34816","15/01/2019 15:56:48"
"D:\AtelieProd\Equipexe\Filiais\MOVANTIGA\SAT\FILIAL\MovProces.YG0","D:\AtelieProd\Equipexe\Filiais\MOVANTIGA\SAT\FILIAL","MovProces.YG0",".YG0","4096","15/01/2019 15:56:48"
"D:\AtelieProd\Equipexe\Filiais\MOVANTIGA\SAT\FILIAL\MovProces.YG1","D:\AtelieProd\Equipexe\Filiais\MOVANTIGA\SAT\FILIAL","MovProces.YG1",".YG1","4096","15/01/2019 15:56:48"
"D:\AtelieProd\Equipexe\Filiais\MOVANTIGA\SAT\FILIAL\MovProcesIt.DB","D:\AtelieProd\Equipexe\Filiais\MOVANTIGA\SAT\FILIAL","MovProcesIt.DB",".DB","2048","15/01/2019 15:56:48"
"D:\AtelieProd\Equipexe\Filiais\MOVANTIGA\SAT\FILIAL\MovProcesIt.PX","D:\AtelieProd\Equipexe\Filiais\MOVANTIGA\SAT\FILIAL","MovProcesIt.PX",".PX","2048","15/01/2019 15:56:48"
"D:\AtelieProd\Equipexe\Filiais\MOVANTIGA\SAT\FILIAL\MovProcesIt.XG0","D:\AtelieProd\Equipexe\Filiais\MOVANTIGA\SAT\FILIAL","MovProcesIt.XG0",".XG0","34816","15/01/2019 15:56:48"
"D:\AtelieProd\Equipexe\Filiais\MOVANTIGA\SAT\FILIAL\MovProcesIt.YG0","D:\AtelieProd\Equipexe\Filiais\MOVANTIGA\SAT\FILIAL","MovProcesIt.YG0",".YG0","4096","15/01/2019 15:56:48"
"D:\AtelieProd\Equipexe\Filiais\MOVANTIGA\SAT\FILIAL\MovSatAle.DB","D:\AtelieProd\Equipexe\Filiais\MOVANTIGA\SAT\FILIAL","MovSatAle.DB",".DB","2048","15/01/2019 15:56:52"
"D:\AtelieProd\Equipexe\Filiais\MOVANTIGA\SAT\FILIAL\MovSatAle.PX","D:\AtelieProd\Equipexe\Filiais\MOVANTIGA\SAT\FILIAL","MovSatAle.PX",".PX","2048","15/01/2019 15:56:52"
"D:\AtelieProd\Equipexe\Filiais\MOVANTIGA\SAT\FILIAL\MovSatAle.XG0","D:\AtelieProd\Equipexe\Filiais\MOVANTIGA\SAT\FILIAL","MovSatAle.XG0",".XG0","34816","15/01/2019 15:56:52"
"D:\AtelieProd\Equipexe\Filiais\MOVANTIGA\SAT\FILIAL\MovSatAle.XG1","D:\AtelieProd\Equipexe\Filiais\MOVANTIGA\SAT\FILIAL","MovSatAle.XG1",".XG1","34816","15/01/2019 15:56:52"
"D:\AtelieProd\Equipexe\Filiais\MOVANTIGA\SAT\FILIAL\MovSatAle.YG0","D:\AtelieProd\Equipexe\Filiais\MOVANTIGA\SAT\FILIAL","MovSatAle.YG0",".YG0","4096","15/01/2019 15:56:52"
"D:\AtelieProd\Equipexe\Filiais\MOVANTIGA\SAT\FILIAL\MovSatAle.YG1","D:\AtelieProd\Equipexe\Filiais\MOVANTIGA\SAT\FILIAL","MovSatAle.YG1",".YG1","4096","15/01/2019 15:56:52"
"D:\AtelieProd\Equipexe\Filiais\MOVANTIGA\SAT\FILIAL\MovSatCli.DB","D:\AtelieProd\Equipexe\Filiais\MOVANTIGA\SAT\FILIAL","MovSatCli.DB",".DB","2048","15/01/2019 15:56:52"
"D:\AtelieProd\Equipexe\Filiais\MOVANTIGA\SAT\FILIAL\MovSatCli.PX","D:\AtelieProd\Equipexe\Filiais\MOVANTIGA\SAT\FILIAL","MovSatCli.PX",".PX","2048","15/01/2019 15:56:52"
"D:\AtelieProd\Equipexe\Filiais\MOVANTIGA\SAT\FILIAL\MovSatCli.XG0","D:\AtelieProd\Equipexe\Filiais\MOVANTIGA\SAT\FILIAL","MovSatCli.XG0",".XG0","34816","15/01/2019 15:56:52"
"D:\AtelieProd\Equipexe\Filiais\MOVANTIGA\SAT\FILIAL\MovSatCli.XG1","D:\AtelieProd\Equipexe\Filiais\MOVANTIGA\SAT\FILIAL","MovSatCli.XG1",".XG1","34816","15/01/2019 15:56:52"
"D:\AtelieProd\Equipexe\Filiais\MOVANTIGA\SAT\FILIAL\MovSatCli.YG0","D:\AtelieProd\Equipexe\Filiais\MOVANTIGA\SAT\FILIAL","MovSatCli.YG0",".YG0","4096","15/01/2019 15:56:52"
"D:\AtelieProd\Equipexe\Filiais\MOVANTIGA\SAT\FILIAL\MovSatCli.YG1","D:\AtelieProd\Equipexe\Filiais\MOVANTIGA\SAT\FILIAL","MovSatCli.YG1",".YG1","4096","15/01/2019 15:56:52"
"D:\AtelieProd\Equipexe\Filiais\MOVANTIGA\SAT\FILIAL\MovSatCliOcor.DB","D:\AtelieProd\Equipexe\Filiais\MOVANTIGA\SAT\FILIAL","MovSatCliOcor.DB",".DB","1181696","13/03/2020 12:05:52"
"D:\AtelieProd\Equipexe\Filiais\MOVANTIGA\SAT\FILIAL\MovSatCliOcor.PX","D:\AtelieProd\Equipexe\Filiais\MOVANTIGA\SAT\FILIAL","MovSatCliOcor.PX",".PX","4096","13/03/2020 12:05:52"
"D:\AtelieProd\Equipexe\Filiais\MOVANTIGA\SAT\FILIAL\MovSatCliOcor.XG0","D:\AtelieProd\Equipexe\Filiais\MOVANTIGA\SAT\FILIAL","MovSatCliOcor.XG0",".XG0","67584","13/03/2020 12:05:52"
"D:\AtelieProd\Equipexe\Filiais\MOVANTIGA\SAT\FILIAL\MovSatCliOcor.XG1","D:\AtelieProd\Equipexe\Filiais\MOVANTIGA\SAT\FILIAL","MovSatCliOcor.XG1",".XG1","67584","13/03/2020 12:05:52"
"D:\AtelieProd\Equipexe\Filiais\MOVANTIGA\SAT\FILIAL\MovSatCliOcor.YG0","D:\AtelieProd\Equipexe\Filiais\MOVANTIGA\SAT\FILIAL","MovSatCliOcor.YG0",".YG0","4096","13/03/2020 12:05:52"
"D:\AtelieProd\Equipexe\Filiais\MOVANTIGA\SAT\FILIAL\MovSatCliOcor.YG1","D:\AtelieProd\Equipexe\Filiais\MOVANTIGA\SAT\FILIAL","MovSatCliOcor.YG1",".YG1","4096","13/03/2020 12:05:52"
"D:\AtelieProd\Equipexe\Filiais\MOVANTIGA\SAT\FILIAL\MovSatCliPro.DB","D:\AtelieProd\Equipexe\Filiais\MOVANTIGA\SAT\FILIAL","MovSatCliPro.DB",".DB","2048","15/01/2019 15:56:54"
"D:\AtelieProd\Equipexe\Filiais\MOVANTIGA\SAT\FILIAL\MovSatCliPro.PX","D:\AtelieProd\Equipexe\Filiais\MOVANTIGA\SAT\FILIAL","MovSatCliPro.PX",".PX","2048","15/01/2019 15:56:54"
"D:\AtelieProd\Equipexe\Filiais\MOVANTIGA\SAT\FILIAL\MovSatCliPro.XG0","D:\AtelieProd\Equipexe\Filiais\MOVANTIGA\SAT\FILIAL","MovSatCliPro.XG0",".XG0","34816","15/01/2019 15:56:54"
"D:\AtelieProd\Equipexe\Filiais\MOVANTIGA\SAT\FILIAL\MovSatCliPro.YG0","D:\AtelieProd\Equipexe\Filiais\MOVANTIGA\SAT\FILIAL","MovSatCliPro.YG0",".YG0","4096","15/01/2019 15:56:54"
"D:\AtelieProd\Equipexe\Filiais\MOVANTIGA\SAT\FILIAL\MovSatEmail.DB","D:\AtelieProd\Equipexe\Filiais\MOVANTIGA\SAT\FILIAL","MovSatEmail.DB",".DB","2048","15/01/2019 15:56:54"
"D:\AtelieProd\Equipexe\Filiais\MOVANTIGA\SAT\FILIAL\MovSatEmail.PX","D:\AtelieProd\Equipexe\Filiais\MOVANTIGA\SAT\FILIAL","MovSatEmail.PX",".PX","2048","15/01/2019 15:56:54"
"D:\AtelieProd\Equipexe\Filiais\MOVANTIGA\SAT\FILIAL\MovSatEmail.XG0","D:\AtelieProd\Equipexe\Filiais\MOVANTIGA\SAT\FILIAL","MovSatEmail.XG0",".XG0","34816","15/01/2019 15:56:54"
"D:\AtelieProd\Equipexe\Filiais\MOVANTIGA\SAT\FILIAL\MovSatEmail.XG1","D:\AtelieProd\Equipexe\Filiais\MOVANTIGA\SAT\FILIAL","MovSatEmail.XG1",".XG1","34816","15/01/2019 15:56:54"
"D:\AtelieProd\Equipexe\Filiais\MOVANTIGA\SAT\FILIAL\MovSatEmail.YG0","D:\AtelieProd\Equipexe\Filiais\MOVANTIGA\SAT\FILIAL","MovSatEmail.YG0",".YG0","4096","15/01/2019 15:56:54"
"D:\AtelieProd\Equipexe\Filiais\MOVANTIGA\SAT\FILIAL\MovSatEmail.YG1","D:\AtelieProd\Equipexe\Filiais\MOVANTIGA\SAT\FILIAL","MovSatEmail.YG1",".YG1","4096","15/01/2019 15:56:54"
"D:\AtelieProd\Equipexe\Filiais\MOVANTIGA\SAT\FILIAL\MovSatExec.DB","D:\AtelieProd\Equipexe\Filiais\MOVANTIGA\SAT\FILIAL","MovSatExec.DB",".DB","2048","15/01/2019 15:56:54"
"D:\AtelieProd\Equipexe\Filiais\MOVANTIGA\SAT\FILIAL\MovSatExec.PX","D:\AtelieProd\Equipexe\Filiais\MOVANTIGA\SAT\FILIAL","MovSatExec.PX",".PX","2048","15/01/2019 15:56:54"
"D:\AtelieProd\Equipexe\Filiais\MOVANTIGA\SAT\FILIAL\MovSatExec.XG0","D:\AtelieProd\Equipexe\Filiais\MOVANTIGA\SAT\FILIAL","MovSatExec.XG0",".XG0","34816","15/01/2019 15:56:54"
"D:\AtelieProd\Equipexe\Filiais\MOVANTIGA\SAT\FILIAL\MovSatExec.YG0","D:\AtelieProd\Equipexe\Filiais\MOVANTIGA\SAT\FILIAL","MovSatExec.YG0",".YG0","4096","15/01/2019 15:56:54"
"D:\AtelieProd\Equipexe\Filiais\MOVANTIGA\SAT\FILIAL\MovSatFor.DB","D:\AtelieProd\Equipexe\Filiais\MOVANTIGA\SAT\FILIAL","MovSatFor.DB",".DB","2048","15/01/2019 15:56:56"
"D:\AtelieProd\Equipexe\Filiais\MOVANTIGA\SAT\FILIAL\MovSatFor.PX","D:\AtelieProd\Equipexe\Filiais\MOVANTIGA\SAT\FILIAL","MovSatFor.PX",".PX","2048","15/01/2019 15:56:56"
"D:\AtelieProd\Equipexe\Filiais\MOVANTIGA\SAT\FILIAL\MovSatFor.XG0","D:\AtelieProd\Equipexe\Filiais\MOVANTIGA\SAT\FILIAL","MovSatFor.XG0",".XG0","34816","15/01/2019 15:56:56"
"D:\AtelieProd\Equipexe\Filiais\MOVANTIGA\SAT\FILIAL\MovSatFor.XG1","D:\AtelieProd\Equipexe\Filiais\MOVANTIGA\SAT\FILIAL","MovSatFor.XG1",".XG1","34816","15/01/2019 15:56:56"
"D:\AtelieProd\Equipexe\Filiais\MOVANTIGA\SAT\FILIAL\MovSatFor.YG0","D:\AtelieProd\Equipexe\Filiais\MOVANTIGA\SAT\FILIAL","MovSatFor.YG0",".YG0","4096","15/01/2019 15:56:56"
"D:\AtelieProd\Equipexe\Filiais\MOVANTIGA\SAT\FILIAL\MovSatFor.YG1","D:\AtelieProd\Equipexe\Filiais\MOVANTIGA\SAT\FILIAL","MovSatFor.YG1",".YG1","4096","15/01/2019 15:56:56"
"D:\AtelieProd\Equipexe\Filiais\MOVANTIGA\SAT\FILIAL\MovSatForOcor.DB","D:\AtelieProd\Equipexe\Filiais\MOVANTIGA\SAT\FILIAL","MovSatForOcor.DB",".DB","2048","15/01/2019 15:56:56"
"D:\AtelieProd\Equipexe\Filiais\MOVANTIGA\SAT\FILIAL\MovSatForOcor.PX","D:\AtelieProd\Equipexe\Filiais\MOVANTIGA\SAT\FILIAL","MovSatForOcor.PX",".PX","2048","15/01/2019 15:56:56"
"D:\AtelieProd\Equipexe\Filiais\MOVANTIGA\SAT\FILIAL\MovSatForOcor.XG0","D:\AtelieProd\Equipexe\Filiais\MOVANTIGA\SAT\FILIAL","MovSatForOcor.XG0",".XG0","34816","15/01/2019 15:56:56"
"D:\AtelieProd\Equipexe\Filiais\MOVANTIGA\SAT\FILIAL\MovSatForOcor.XG1","D:\AtelieProd\Equipexe\Filiais\MOVANTIGA\SAT\FILIAL","MovSatForOcor.XG1",".XG1","34816","15/01/2019 15:56:56"
"D:\AtelieProd\Equipexe\Filiais\MOVANTIGA\SAT\FILIAL\MovSatForOcor.YG0","D:\AtelieProd\Equipexe\Filiais\MOVANTIGA\SAT\FILIAL","MovSatForOcor.YG0",".YG0","4096","15/01/2019 15:56:56"
"D:\AtelieProd\Equipexe\Filiais\MOVANTIGA\SAT\FILIAL\MovSatForOcor.YG1","D:\AtelieProd\Equipexe\Filiais\MOVANTIGA\SAT\FILIAL","MovSatForOcor.YG1",".YG1","4096","15/01/2019 15:56:56"
"D:\AtelieProd\Equipexe\Filiais\MOVANTIGA\SAT\FILIAL\MovSatInt.DB","D:\AtelieProd\Equipexe\Filiais\MOVANTIGA\SAT\FILIAL","MovSatInt.DB",".DB","2048","15/01/2019 15:56:58"
"D:\AtelieProd\Equipexe\Filiais\MOVANTIGA\SAT\FILIAL\MovSatInt.PX","D:\AtelieProd\Equipexe\Filiais\MOVANTIGA\SAT\FILIAL","MovSatInt.PX",".PX","2048","15/01/2019 15:56:58"
"D:\AtelieProd\Equipexe\Filiais\MOVANTIGA\SAT\FILIAL\MovSatInt.XG0","D:\AtelieProd\Equipexe\Filiais\MOVANTIGA\SAT\FILIAL","MovSatInt.XG0",".XG0","34816","15/01/2019 15:56:58"
"D:\AtelieProd\Equipexe\Filiais\MOVANTIGA\SAT\FILIAL\MovSatInt.XG1","D:\AtelieProd\Equipexe\Filiais\MOVANTIGA\SAT\FILIAL","MovSatInt.XG1",".XG1","34816","15/01/2019 15:56:58"
"D:\AtelieProd\Equipexe\Filiais\MOVANTIGA\SAT\FILIAL\MovSatInt.YG0","D:\AtelieProd\Equipexe\Filiais\MOVANTIGA\SAT\FILIAL","MovSatInt.YG0",".YG0","4096","15/01/2019 15:56:58"
"D:\AtelieProd\Equipexe\Filiais\MOVANTIGA\SAT\FILIAL\MovSatInt.YG1","D:\AtelieProd\Equipexe\Filiais\MOVANTIGA\SAT\FILIAL","MovSatInt.YG1",".YG1","4096","15/01/2019 15:56:58"
"D:\AtelieProd\Equipexe\Filiais\MOVANTIGA\SAT\FILIAL\MovSatIntOcor.DB","D:\AtelieProd\Equipexe\Filiais\MOVANTIGA\SAT\FILIAL","MovSatIntOcor.DB",".DB","2048","15/01/2019 15:56:58"
"D:\AtelieProd\Equipexe\Filiais\MOVANTIGA\SAT\FILIAL\MovSatIntOcor.PX","D:\AtelieProd\Equipexe\Filiais\MOVANTIGA\SAT\FILIAL","MovSatIntOcor.PX",".PX","2048","15/01/2019 15:56:58"
"D:\AtelieProd\Equipexe\Filiais\MOVANTIGA\SAT\FILIAL\MovSatIntOcor.XG0","D:\AtelieProd\Equipexe\Filiais\MOVANTIGA\SAT\FILIAL","MovSatIntOcor.XG0",".XG0","34816","15/01/2019 15:56:58"
"D:\AtelieProd\Equipexe\Filiais\MOVANTIGA\SAT\FILIAL\MovSatIntOcor.XG1","D:\AtelieProd\Equipexe\Filiais\MOVANTIGA\SAT\FILIAL","MovSatIntOcor.XG1",".XG1","34816","15/01/2019 15:56:58"
"D:\AtelieProd\Equipexe\Filiais\MOVANTIGA\SAT\FILIAL\MovSatIntOcor.YG0","D:\AtelieProd\Equipexe\Filiais\MOVANTIGA\SAT\FILIAL","MovSatIntOcor.YG0",".YG0","4096","15/01/2019 15:56:58"
"D:\AtelieProd\Equipexe\Filiais\MOVANTIGA\SAT\FILIAL\MovSatIntOcor.YG1","D:\AtelieProd\Equipexe\Filiais\MOVANTIGA\SAT\FILIAL","MovSatIntOcor.YG1",".YG1","4096","15/01/2019 15:56:58"
"D:\AtelieProd\Equipexe\Filiais\MOVANTIGA\SAT\FILIAL\NotaSat.DB","D:\AtelieProd\Equipexe\Filiais\MOVANTIGA\SAT\FILIAL","NotaSat.DB",".DB","2048","15/01/2019 15:57:06"
"D:\AtelieProd\Equipexe\Filiais\MOVANTIGA\SAT\FILIAL\NotaSat.PX","D:\AtelieProd\Equipexe\Filiais\MOVANTIGA\SAT\FILIAL","NotaSat.PX",".PX","2048","15/01/2019 15:57:06"
"D:\AtelieProd\Equipexe\Filiais\MOVANTIGA\SAT\FILIAL\NotaSat.XG0","D:\AtelieProd\Equipexe\Filiais\MOVANTIGA\SAT\FILIAL","NotaSat.XG0",".XG0","34816","15/01/2019 15:57:08"
"D:\AtelieProd\Equipexe\Filiais\MOVANTIGA\SAT\FILIAL\NotaSat.YG0","D:\AtelieProd\Equipexe\Filiais\MOVANTIGA\SAT\FILIAL","NotaSat.YG0",".YG0","4096","15/01/2019 15:57:08"
"D:\AtelieProd\Equipexe\Filiais\MOVANTIGA\SAT\FILIAL\NotaSatCanc.DB","D:\AtelieProd\Equipexe\Filiais\MOVANTIGA\SAT\FILIAL","NotaSatCanc.DB",".DB","2048","15/01/2019 15:57:08"
"D:\AtelieProd\Equipexe\Filiais\MOVANTIGA\SAT\FILIAL\NotaSatCanc.PX","D:\AtelieProd\Equipexe\Filiais\MOVANTIGA\SAT\FILIAL","NotaSatCanc.PX",".PX","2048","15/01/2019 15:57:08"
"D:\AtelieProd\Equipexe\Filiais\MOVANTIGA\SAT\FILIAL\NotCompSat.DB","D:\AtelieProd\Equipexe\Filiais\MOVANTIGA\SAT\FILIAL","NotCompSat.DB",".DB","2048","15/01/2019 15:57:08"
"D:\AtelieProd\Equipexe\Filiais\MOVANTIGA\SAT\FILIAL\NotCompSat.PX","D:\AtelieProd\Equipexe\Filiais\MOVANTIGA\SAT\FILIAL","NotCompSat.PX",".PX","2048","15/01/2019 15:57:08"
"D:\AtelieProd\Equipexe\Filiais\MOVANTIGA\SAT\FILIAL\NotCompSat.XG0","D:\AtelieProd\Equipexe\Filiais\MOVANTIGA\SAT\FILIAL","NotCompSat.XG0",".XG0","34816","15/01/2019 15:57:08"
"D:\AtelieProd\Equipexe\Filiais\MOVANTIGA\SAT\FILIAL\NotCompSat.YG0","D:\AtelieProd\Equipexe\Filiais\MOVANTIGA\SAT\FILIAL","NotCompSat.YG0",".YG0","4096","15/01/2019 15:57:08"
"D:\AtelieProd\Equipexe\Filiais\MOVANTIGA\SAT\FILIAL\SatFilCam.DB","D:\AtelieProd\Equipexe\Filiais\MOVANTIGA\SAT\FILIAL","SatFilCam.DB",".DB","2048","15/01/2019 15:57:26"
"D:\AtelieProd\Equipexe\Filiais\MOVANTIGA\SAT\FILIAL\SatFilCam.MB","D:\AtelieProd\Equipexe\Filiais\MOVANTIGA\SAT\FILIAL","SatFilCam.MB",".MB","4096","15/01/2019 15:57:26"
"D:\AtelieProd\Equipexe\Filiais\MOVANTIGA\SAT\FILIAL\SatFilCam.PX","D:\AtelieProd\Equipexe\Filiais\MOVANTIGA\SAT\FILIAL","SatFilCam.PX",".PX","2048","15/01/2019 15:57:26"
"D:\AtelieProd\Equipexe\Filiais\MOVANTIGA\SAT\FILIAL\SolAltCli.DB","D:\AtelieProd\Equipexe\Filiais\MOVANTIGA\SAT\FILIAL","SolAltCli.DB",".DB","2048","15/01/2019 15:57:28"
"D:\AtelieProd\Equipexe\Filiais\MOVANTIGA\SAT\FILIAL\SolAltCli.PX","D:\AtelieProd\Equipexe\Filiais\MOVANTIGA\SAT\FILIAL","SolAltCli.PX",".PX","2048","15/01/2019 15:57:28"
"D:\AtelieProd\Equipexe\Filiais\MOVANTIGA\SAT\FILIAL\SolAltCli.XG0","D:\AtelieProd\Equipexe\Filiais\MOVANTIGA\SAT\FILIAL","SolAltCli.XG0",".XG0","34816","15/01/2019 15:57:28"
"D:\AtelieProd\Equipexe\Filiais\MOVANTIGA\SAT\FILIAL\SolAltCli.YG0","D:\AtelieProd\Equipexe\Filiais\MOVANTIGA\SAT\FILIAL","SolAltCli.YG0",".YG0","4096","15/01/2019 15:57:28"
"D:\AtelieProd\Equipexe\Filiais\MOVANTIGA\SAT\FILIAL\SolAltCliCan.DB","D:\AtelieProd\Equipexe\Filiais\MOVANTIGA\SAT\FILIAL","SolAltCliCan.DB",".DB","2048","15/01/2019 15:57:28"
"D:\AtelieProd\Equipexe\Filiais\MOVANTIGA\SAT\FILIAL\SolAltCliCan.PX","D:\AtelieProd\Equipexe\Filiais\MOVANTIGA\SAT\FILIAL","SolAltCliCan.PX",".PX","2048","15/01/2019 15:57:28"
"D:\AtelieProd\Equipexe\Filiais\MOVANTIGA\SAT\FILIAL\SolAltItemTeste.DB","D:\AtelieProd\Equipexe\Filiais\MOVANTIGA\SAT\FILIAL","SolAltItemTeste.DB",".DB","2048","15/01/2019 15:57:28"
"D:\AtelieProd\Equipexe\Filiais\MOVANTIGA\SAT\FILIAL\SolAltItemTeste.PX","D:\AtelieProd\Equipexe\Filiais\MOVANTIGA\SAT\FILIAL","SolAltItemTeste.PX",".PX","2048","15/01/2019 15:57:28"
"D:\AtelieProd\Equipexe\Filiais\MOVANTIGA\SAT\FILIAL\SolAltItemTeste.XG0","D:\AtelieProd\Equipexe\Filiais\MOVANTIGA\SAT\FILIAL","SolAltItemTeste.XG0",".XG0","34816","15/01/2019 15:57:28"
"D:\AtelieProd\Equipexe\Filiais\MOVANTIGA\SAT\FILIAL\SolAltItemTeste.YG0","D:\AtelieProd\Equipexe\Filiais\MOVANTIGA\SAT\FILIAL","SolAltItemTeste.YG0",".YG0","4096","15/01/2019 15:57:28"
"D:\AtelieProd\Equipexe\Filiais\MOVANTIGA\SAT\FILIAL\SolAltSist.DB","D:\AtelieProd\Equipexe\Filiais\MOVANTIGA\SAT\FILIAL","SolAltSist.DB",".DB","2048","15/01/2019 15:57:28"
"D:\AtelieProd\Equipexe\Filiais\MOVANTIGA\SAT\FILIAL\SolAltSist.PX","D:\AtelieProd\Equipexe\Filiais\MOVANTIGA\SAT\FILIAL","SolAltSist.PX",".PX","2048","15/01/2019 15:57:28"
"D:\AtelieProd\Equipexe\Filiais\MOVANTIGA\SAT\FILIAL\SolAltSist.XG0","D:\AtelieProd\Equipexe\Filiais\MOVANTIGA\SAT\FILIAL","SolAltSist.XG0",".XG0","34816","15/01/2019 15:57:28"
"D:\AtelieProd\Equipexe\Filiais\MOVANTIGA\SAT\FILIAL\SolAltSist.XG1","D:\AtelieProd\Equipexe\Filiais\MOVANTIGA\SAT\FILIAL","SolAltSist.XG1",".XG1","34816","15/01/2019 15:57:28"
"D:\AtelieProd\Equipexe\Filiais\MOVANTIGA\SAT\FILIAL\SolAltSist.YG0","D:\AtelieProd\Equipexe\Filiais\MOVANTIGA\SAT\FILIAL","SolAltSist.YG0",".YG0","4096","15/01/2019 15:57:28"
"D:\AtelieProd\Equipexe\Filiais\MOVANTIGA\SAT\FILIAL\SolAltSist.YG1","D:\AtelieProd\Equipexe\Filiais\MOVANTIGA\SAT\FILIAL","SolAltSist.YG1",".YG1","4096","15/01/2019 15:57:28"
"D:\AtelieProd\Equipexe\Filiais\MOVANTIGA\SAT\FILIAL\SolAltSistCan.DB","D:\AtelieProd\Equipexe\Filiais\MOVANTIGA\SAT\FILIAL","SolAltSistCan.DB",".DB","2048","15/01/2019 15:57:28"
"D:\AtelieProd\Equipexe\Filiais\MOVANTIGA\SAT\FILIAL\SolAltSistCan.PX","D:\AtelieProd\Equipexe\Filiais\MOVANTIGA\SAT\FILIAL","SolAltSistCan.PX",".PX","2048","15/01/2019 15:57:28"
"D:\AtelieProd\Equipexe\Filiais\MOVANTIGA\SAT\FILIAL\SolAltSistTest.DB","D:\AtelieProd\Equipexe\Filiais\MOVANTIGA\SAT\FILIAL","SolAltSistTest.DB",".DB","2048","15/01/2019 15:57:30"
"D:\AtelieProd\Equipexe\Filiais\MOVANTIGA\SAT\FILIAL\SolAltSistTest.PX","D:\AtelieProd\Equipexe\Filiais\MOVANTIGA\SAT\FILIAL","SolAltSistTest.PX",".PX","2048","15/01/2019 15:57:30"
"D:\AtelieProd\Equipexe\Filiais\MOVANTIGA\TRI\FILIAL\MovTriCab.DB","D:\AtelieProd\Equipexe\Filiais\MOVANTIGA\TRI\FILIAL","MovTriCab.DB",".DB","2048","15/01/2019 15:57:00"
"D:\AtelieProd\Equipexe\Filiais\MOVANTIGA\TRI\FILIAL\MovTriCab.PX","D:\AtelieProd\Equipexe\Filiais\MOVANTIGA\TRI\FILIAL","MovTriCab.PX",".PX","2048","15/01/2019 15:57:00"
"D:\AtelieProd\Equipexe\Filiais\MOVANTIGA\TRI\FILIAL\MovTriCab.XG0","D:\AtelieProd\Equipexe\Filiais\MOVANTIGA\TRI\FILIAL","MovTriCab.XG0",".XG0","34816","15/01/2019 15:57:00"
"D:\AtelieProd\Equipexe\Filiais\MOVANTIGA\TRI\FILIAL\MovTriCab.YG0","D:\AtelieProd\Equipexe\Filiais\MOVANTIGA\TRI\FILIAL","MovTriCab.YG0",".YG0","4096","15/01/2019 15:57:00"
"D:\AtelieProd\Equipexe\Filiais\MOVANTIGA\TRI\FILIAL\MovTriItem.DB","D:\AtelieProd\Equipexe\Filiais\MOVANTIGA\TRI\FILIAL","MovTriItem.DB",".DB","2048","15/01/2019 15:57:00"
"D:\AtelieProd\Equipexe\Filiais\MOVANTIGA\TRI\FILIAL\MovTriItem.PX","D:\AtelieProd\Equipexe\Filiais\MOVANTIGA\TRI\FILIAL","MovTriItem.PX",".PX","2048","15/01/2019 15:57:00"
"D:\AtelieProd\Equipexe\Filiais\MOVANTIGA\TRI\FILIAL\MovTriRolCab.DB","D:\AtelieProd\Equipexe\Filiais\MOVANTIGA\TRI\FILIAL","MovTriRolCab.DB",".DB","2048","15/01/2019 15:57:02"
"D:\AtelieProd\Equipexe\Filiais\MOVANTIGA\TRI\FILIAL\MovTriRolCab.PX","D:\AtelieProd\Equipexe\Filiais\MOVANTIGA\TRI\FILIAL","MovTriRolCab.PX",".PX","2048","15/01/2019 15:57:02"
"D:\AtelieProd\Equipexe\Filiais\MOVANTIGA\TRI\FILIAL\MovTriRolCab.XG0","D:\AtelieProd\Equipexe\Filiais\MOVANTIGA\TRI\FILIAL","MovTriRolCab.XG0",".XG0","34816","15/01/2019 15:57:02"
"D:\AtelieProd\Equipexe\Filiais\MOVANTIGA\TRI\FILIAL\MovTriRolCab.XG1","D:\AtelieProd\Equipexe\Filiais\MOVANTIGA\TRI\FILIAL","MovTriRolCab.XG1",".XG1","34816","15/01/2019 15:57:02"
"D:\AtelieProd\Equipexe\Filiais\MOVANTIGA\TRI\FILIAL\MovTriRolCab.YG0","D:\AtelieProd\Equipexe\Filiais\MOVANTIGA\TRI\FILIAL","MovTriRolCab.YG0",".YG0","4096","15/01/2019 15:57:02"
"D:\AtelieProd\Equipexe\Filiais\MOVANTIGA\TRI\FILIAL\MovTriRolCab.YG1","D:\AtelieProd\Equipexe\Filiais\MOVANTIGA\TRI\FILIAL","MovTriRolCab.YG1",".YG1","4096","15/01/2019 15:57:02"
"D:\AtelieProd\Equipexe\Filiais\MOVANTIGA\TRI\FILIAL\MovTriRolItem.DB","D:\AtelieProd\Equipexe\Filiais\MOVANTIGA\TRI\FILIAL","MovTriRolItem.DB",".DB","2048","15/01/2019 15:57:02"
"D:\AtelieProd\Equipexe\Filiais\MOVANTIGA\TRI\FILIAL\MovTriRolItem.PX","D:\AtelieProd\Equipexe\Filiais\MOVANTIGA\TRI\FILIAL","MovTriRolItem.PX",".PX","2048","15/01/2019 15:57:02"
"D:\AtelieProd\Equipexe\Filiais\MOVANTIGA\TRI\FILIAL\MovTriRolLot.DB","D:\AtelieProd\Equipexe\Filiais\MOVANTIGA\TRI\FILIAL","MovTriRolLot.DB",".DB","2048","15/01/2019 15:57:02"
"D:\AtelieProd\Equipexe\Filiais\MOVANTIGA\TRI\FILIAL\MovTriRolLot.PX","D:\AtelieProd\Equipexe\Filiais\MOVANTIGA\TRI\FILIAL","MovTriRolLot.PX",".PX","2048","15/01/2019 15:57:02"
"D:\AtelieProd\Equipexe\Ger\Dados\AjustaCad.DB","D:\AtelieProd\Equipexe\Ger\Dados","AjustaCad.DB",".DB","2048","24/04/2018 10:06:08"
"D:\AtelieProd\Equipexe\Ger\Dados\AjustaCad.PX","D:\AtelieProd\Equipexe\Ger\Dados","AjustaCad.PX",".PX","2048","24/04/2018 10:06:08"
"D:\AtelieProd\Equipexe\Ger\Dados\AjustaCad.XG0","D:\AtelieProd\Equipexe\Ger\Dados","AjustaCad.XG0",".XG0","34816","24/04/2018 10:06:08"
"D:\AtelieProd\Equipexe\Ger\Dados\AjustaCad.YG0","D:\AtelieProd\Equipexe\Ger\Dados","AjustaCad.YG0",".YG0","4096","24/04/2018 10:06:08"
"D:\AtelieProd\Equipexe\Ger\Dados\AutoPecas.DB","D:\AtelieProd\Equipexe\Ger\Dados","AutoPecas.DB",".DB","4096","19/11/1999 17:40:52"
"D:\AtelieProd\Equipexe\Ger\Dados\AutoPecas.PX","D:\AtelieProd\Equipexe\Ger\Dados","AutoPecas.PX",".PX","4096","19/11/1999 17:40:52"
"D:\AtelieProd\Equipexe\Ger\Dados\AutoPecas.XG0","D:\AtelieProd\Equipexe\Ger\Dados","AutoPecas.XG0",".XG0","4096","19/11/1999 17:40:52"
"D:\AtelieProd\Equipexe\Ger\Dados\AutoPecas.YG0","D:\AtelieProd\Equipexe\Ger\Dados","AutoPecas.YG0",".YG0","4096","19/11/1999 17:40:52"
"D:\AtelieProd\Equipexe\Ger\Dados\Backup.DB","D:\AtelieProd\Equipexe\Ger\Dados","Backup.DB",".DB","30541824","03/11/2008 09:56:14"
"D:\AtelieProd\Equipexe\Ger\Dados\BlackList.DB","D:\AtelieProd\Equipexe\Ger\Dados","BlackList.DB",".DB","2048","24/04/2018 10:06:08"
"D:\AtelieProd\Equipexe\Ger\Dados\BlackList.PX","D:\AtelieProd\Equipexe\Ger\Dados","BlackList.PX",".PX","2048","24/04/2018 10:06:08"
"D:\AtelieProd\Equipexe\Ger\Dados\BlackList.XG0","D:\AtelieProd\Equipexe\Ger\Dados","BlackList.XG0",".XG0","34816","24/04/2018 10:06:08"
"D:\AtelieProd\Equipexe\Ger\Dados\BlackList.YG0","D:\AtelieProd\Equipexe\Ger\Dados","BlackList.YG0",".YG0","4096","24/04/2018 10:06:08"
"D:\AtelieProd\Equipexe\Ger\Dados\CadArea.DB","D:\AtelieProd\Equipexe\Ger\Dados","CadArea.DB",".DB","2048","24/04/2018 10:06:10"
"D:\AtelieProd\Equipexe\Ger\Dados\CadArea.PX","D:\AtelieProd\Equipexe\Ger\Dados","CadArea.PX",".PX","2048","24/04/2018 10:06:10"
"D:\AtelieProd\Equipexe\Ger\Dados\CadArea.XG0","D:\AtelieProd\Equipexe\Ger\Dados","CadArea.XG0",".XG0","34816","24/04/2018 10:06:10"
"D:\AtelieProd\Equipexe\Ger\Dados\CadArea.YG0","D:\AtelieProd\Equipexe\Ger\Dados","CadArea.YG0",".YG0","4096","24/04/2018 10:06:10"
"D:\AtelieProd\Equipexe\Ger\Dados\CadCart.DB","D:\AtelieProd\Equipexe\Ger\Dados","CadCart.DB",".DB","2048","24/04/2018 10:06:10"
"D:\AtelieProd\Equipexe\Ger\Dados\CadCart.PX","D:\AtelieProd\Equipexe\Ger\Dados","CadCart.PX",".PX","2048","24/04/2018 10:06:10"
"D:\AtelieProd\Equipexe\Ger\Dados\CadCart.XG0","D:\AtelieProd\Equipexe\Ger\Dados","CadCart.XG0",".XG0","34816","24/04/2018 10:06:10"
"D:\AtelieProd\Equipexe\Ger\Dados\CadCart.YG0","D:\AtelieProd\Equipexe\Ger\Dados","CadCart.YG0",".YG0","4096","24/04/2018 10:06:10"
"D:\AtelieProd\Equipexe\Ger\Dados\CadCenCus.DB","D:\AtelieProd\Equipexe\Ger\Dados","CadCenCus.DB",".DB","2048","24/04/2018 10:06:10"
"D:\AtelieProd\Equipexe\Ger\Dados\CadCenCus.PX","D:\AtelieProd\Equipexe\Ger\Dados","CadCenCus.PX",".PX","2048","24/04/2018 10:06:10"
"D:\AtelieProd\Equipexe\Ger\Dados\CadCenCus.XG0","D:\AtelieProd\Equipexe\Ger\Dados","CadCenCus.XG0",".XG0","34816","24/04/2018 10:06:10"
"D:\AtelieProd\Equipexe\Ger\Dados\CadCenCus.XG1","D:\AtelieProd\Equipexe\Ger\Dados","CadCenCus.XG1",".XG1","34816","24/04/2018 10:06:10"
"D:\AtelieProd\Equipexe\Ger\Dados\CadCenCus.YG0","D:\AtelieProd\Equipexe\Ger\Dados","CadCenCus.YG0",".YG0","4096","24/04/2018 10:06:10"
"D:\AtelieProd\Equipexe\Ger\Dados\CadCenCus.YG1","D:\AtelieProd\Equipexe\Ger\Dados","CadCenCus.YG1",".YG1","4096","24/04/2018 10:06:10"
"D:\AtelieProd\Equipexe\Ger\Dados\CadCla.DB","D:\AtelieProd\Equipexe\Ger\Dados","CadCla.DB",".DB","34816","24/04/2018 10:06:10"
"D:\AtelieProd\Equipexe\Ger\Dados\CadCla.PX","D:\AtelieProd\Equipexe\Ger\Dados","CadCla.PX",".PX","4096","24/04/2018 10:06:10"
"D:\AtelieProd\Equipexe\Ger\Dados\CadCla.XG0","D:\AtelieProd\Equipexe\Ger\Dados","CadCla.XG0",".XG0","34816","24/04/2018 10:06:10"
"D:\AtelieProd\Equipexe\Ger\Dados\CadCla.YG0","D:\AtelieProd\Equipexe\Ger\Dados","CadCla.YG0",".YG0","4096","24/04/2018 10:06:10"
"D:\AtelieProd\Equipexe\Ger\Dados\CadClaAlt.DB","D:\AtelieProd\Equipexe\Ger\Dados","CadClaAlt.DB",".DB","2048","12/12/2002 13:06:26"
"D:\AtelieProd\Equipexe\Ger\Dados\CadClaAlt.PX","D:\AtelieProd\Equipexe\Ger\Dados","CadClaAlt.PX",".PX","2048","12/12/2002 13:06:26"
"D:\AtelieProd\Equipexe\Ger\Dados\CadClaAlt.XG0","D:\AtelieProd\Equipexe\Ger\Dados","CadClaAlt.XG0",".XG0","4096","12/12/2002 13:06:26"
"D:\AtelieProd\Equipexe\Ger\Dados\CadClaAlt.YG0","D:\AtelieProd\Equipexe\Ger\Dados","CadClaAlt.YG0",".YG0","4096","12/12/2002 13:06:26"
"D:\AtelieProd\Equipexe\Ger\Dados\CadClaProc.DB","D:\AtelieProd\Equipexe\Ger\Dados","CadClaProc.DB",".DB","2048","24/04/2018 10:06:10"
"D:\AtelieProd\Equipexe\Ger\Dados\CadClaProc.PX","D:\AtelieProd\Equipexe\Ger\Dados","CadClaProc.PX",".PX","2048","24/04/2018 10:06:10"
"D:\AtelieProd\Equipexe\Ger\Dados\CadClaProj.DB","D:\AtelieProd\Equipexe\Ger\Dados","CadClaProj.DB",".DB","2048","24/04/2018 10:06:10"
"D:\AtelieProd\Equipexe\Ger\Dados\CadClaProj.PX","D:\AtelieProd\Equipexe\Ger\Dados","CadClaProj.PX",".PX","2048","24/04/2018 10:06:10"
"D:\AtelieProd\Equipexe\Ger\Dados\CadClaProj.XG0","D:\AtelieProd\Equipexe\Ger\Dados","CadClaProj.XG0",".XG0","34816","24/04/2018 10:06:10"
"D:\AtelieProd\Equipexe\Ger\Dados\CadClaProj.YG0","D:\AtelieProd\Equipexe\Ger\Dados","CadClaProj.YG0",".YG0","4096","24/04/2018 10:06:10"
"D:\AtelieProd\Equipexe\Ger\Dados\CadClaSub.DB","D:\AtelieProd\Equipexe\Ger\Dados","CadClaSub.DB",".DB","34816","24/04/2018 10:06:10"
"D:\AtelieProd\Equipexe\Ger\Dados\CadClaSub.PX","D:\AtelieProd\Equipexe\Ger\Dados","CadClaSub.PX",".PX","4096","24/04/2018 10:06:10"
"D:\AtelieProd\Equipexe\Ger\Dados\CadClaSub.XG0","D:\AtelieProd\Equipexe\Ger\Dados","CadClaSub.XG0",".XG0","34816","24/04/2018 10:06:10"
"D:\AtelieProd\Equipexe\Ger\Dados\CadClaSub.YG0","D:\AtelieProd\Equipexe\Ger\Dados","CadClaSub.YG0",".YG0","4096","24/04/2018 10:06:10"
"D:\AtelieProd\Equipexe\Ger\Dados\CadCon.DB","D:\AtelieProd\Equipexe\Ger\Dados","CadCon.DB",".DB","2048","24/04/2018 10:06:10"
"D:\AtelieProd\Equipexe\Ger\Dados\CadCon.PX","D:\AtelieProd\Equipexe\Ger\Dados","CadCon.PX",".PX","2048","24/04/2018 10:06:10"
"D:\AtelieProd\Equipexe\Ger\Dados\CadCon.XG0","D:\AtelieProd\Equipexe\Ger\Dados","CadCon.XG0",".XG0","34816","24/04/2018 10:06:10"
"D:\AtelieProd\Equipexe\Ger\Dados\CadCon.YG0","D:\AtelieProd\Equipexe\Ger\Dados","CadCon.YG0",".YG0","4096","24/04/2018 10:06:10"
"D:\AtelieProd\Equipexe\Ger\Dados\CadCont.DB","D:\AtelieProd\Equipexe\Ger\Dados","CadCont.DB",".DB","2048","24/04/2018 10:06:10"
"D:\AtelieProd\Equipexe\Ger\Dados\CadCont.PX","D:\AtelieProd\Equipexe\Ger\Dados","CadCont.PX",".PX","2048","24/04/2018 10:06:10"
"D:\AtelieProd\Equipexe\Ger\Dados\CadCont.XG0","D:\AtelieProd\Equipexe\Ger\Dados","CadCont.XG0",".XG0","34816","24/04/2018 10:06:10"
"D:\AtelieProd\Equipexe\Ger\Dados\CadCont.YG0","D:\AtelieProd\Equipexe\Ger\Dados","CadCont.YG0",".YG0","4096","24/04/2018 10:06:10"
"D:\AtelieProd\Equipexe\Ger\Dados\CadContCon.DB","D:\AtelieProd\Equipexe\Ger\Dados","CadContCon.DB",".DB","2048","24/04/2018 10:06:10"
"D:\AtelieProd\Equipexe\Ger\Dados\CadContCon.PX","D:\AtelieProd\Equipexe\Ger\Dados","CadContCon.PX",".PX","2048","24/04/2018 10:06:10"
"D:\AtelieProd\Equipexe\Ger\Dados\CadContCon.XG0","D:\AtelieProd\Equipexe\Ger\Dados","CadContCon.XG0",".XG0","34816","24/04/2018 10:06:10"
"D:\AtelieProd\Equipexe\Ger\Dados\CadContCon.YG0","D:\AtelieProd\Equipexe\Ger\Dados","CadContCon.YG0",".YG0","4096","24/04/2018 10:06:10"
"D:\AtelieProd\Equipexe\Ger\Dados\CadCpg.DB","D:\AtelieProd\Equipexe\Ger\Dados","CadCpg.DB",".DB","34816","24/04/2018 10:06:10"
"D:\AtelieProd\Equipexe\Ger\Dados\CadCpg.PX","D:\AtelieProd\Equipexe\Ger\Dados","CadCpg.PX",".PX","4096","24/04/2018 10:06:10"
"D:\AtelieProd\Equipexe\Ger\Dados\CadCpg.XG0","D:\AtelieProd\Equipexe\Ger\Dados","CadCpg.XG0",".XG0","34816","24/04/2018 10:06:10"
"D:\AtelieProd\Equipexe\Ger\Dados\CadCpg.YG0","D:\AtelieProd\Equipexe\Ger\Dados","CadCpg.YG0",".YG0","4096","24/04/2018 10:06:10"
"D:\AtelieProd\Equipexe\Ger\Dados\CadDesatCli.DB","D:\AtelieProd\Equipexe\Ger\Dados","CadDesatCli.DB",".DB","2048","24/04/2018 10:06:10"
"D:\AtelieProd\Equipexe\Ger\Dados\CadDesatCli.PX","D:\AtelieProd\Equipexe\Ger\Dados","CadDesatCli.PX",".PX","2048","24/04/2018 10:06:10"
"D:\AtelieProd\Equipexe\Ger\Dados\CadDesc.DB","D:\AtelieProd\Equipexe\Ger\Dados","CadDesc.DB",".DB","2048","24/04/2018 10:06:10"
"D:\AtelieProd\Equipexe\Ger\Dados\CadDesc.PX","D:\AtelieProd\Equipexe\Ger\Dados","CadDesc.PX",".PX","2048","24/04/2018 10:06:10"
"D:\AtelieProd\Equipexe\Ger\Dados\CadDesc.XG0","D:\AtelieProd\Equipexe\Ger\Dados","CadDesc.XG0",".XG0","34816","24/04/2018 10:06:10"
"D:\AtelieProd\Equipexe\Ger\Dados\CadDesc.YG0","D:\AtelieProd\Equipexe\Ger\Dados","CadDesc.YG0",".YG0","4096","24/04/2018 10:06:10"
"D:\AtelieProd\Equipexe\Ger\Dados\CadDescDia.DB","D:\AtelieProd\Equipexe\Ger\Dados","CadDescDia.DB",".DB","2048","24/04/2018 10:06:10"
"D:\AtelieProd\Equipexe\Ger\Dados\CadDescDia.PX","D:\AtelieProd\Equipexe\Ger\Dados","CadDescDia.PX",".PX","2048","24/04/2018 10:06:10"
"D:\AtelieProd\Equipexe\Ger\Dados\CadDescGru.DB","D:\AtelieProd\Equipexe\Ger\Dados","CadDescGru.DB",".DB","2048","24/04/2018 10:06:10"
"D:\AtelieProd\Equipexe\Ger\Dados\CadDescGru.PX","D:\AtelieProd\Equipexe\Ger\Dados","CadDescGru.PX",".PX","2048","24/04/2018 10:06:10"
"D:\AtelieProd\Equipexe\Ger\Dados\CadDescGru.XG0","D:\AtelieProd\Equipexe\Ger\Dados","CadDescGru.XG0",".XG0","34816","24/04/2018 10:06:10"
"D:\AtelieProd\Equipexe\Ger\Dados\CadDescGru.YG0","D:\AtelieProd\Equipexe\Ger\Dados","CadDescGru.YG0",".YG0","4096","24/04/2018 10:06:10"
"D:\AtelieProd\Equipexe\Ger\Dados\CadDescProd.DB","D:\AtelieProd\Equipexe\Ger\Dados","CadDescProd.DB",".DB","2048","24/04/2018 10:06:10"
"D:\AtelieProd\Equipexe\Ger\Dados\CadDescProd.PX","D:\AtelieProd\Equipexe\Ger\Dados","CadDescProd.PX",".PX","2048","24/04/2018 10:06:10"
"D:\AtelieProd\Equipexe\Ger\Dados\CadDescProd.XG0","D:\AtelieProd\Equipexe\Ger\Dados","CadDescProd.XG0",".XG0","34816","24/04/2018 10:06:10"
"D:\AtelieProd\Equipexe\Ger\Dados\CadDescProd.YG0","D:\AtelieProd\Equipexe\Ger\Dados","CadDescProd.YG0",".YG0","4096","24/04/2018 10:06:10"
"D:\AtelieProd\Equipexe\Ger\Dados\CadDescTipEnt.DB","D:\AtelieProd\Equipexe\Ger\Dados","CadDescTipEnt.DB",".DB","2048","24/04/2018 10:06:10"
"D:\AtelieProd\Equipexe\Ger\Dados\CadDescTipEnt.PX","D:\AtelieProd\Equipexe\Ger\Dados","CadDescTipEnt.PX",".PX","2048","24/04/2018 10:06:10"
"D:\AtelieProd\Equipexe\Ger\Dados\CadDescTipEnt.XG0","D:\AtelieProd\Equipexe\Ger\Dados","CadDescTipEnt.XG0",".XG0","34816","24/04/2018 10:06:10"
"D:\AtelieProd\Equipexe\Ger\Dados\CadDescTipEnt.YG0","D:\AtelieProd\Equipexe\Ger\Dados","CadDescTipEnt.YG0",".YG0","4096","24/04/2018 10:06:10"
"D:\AtelieProd\Equipexe\Ger\Dados\CadFaiCom.DB","D:\AtelieProd\Equipexe\Ger\Dados","CadFaiCom.DB",".DB","2048","24/04/2018 10:06:10"
"D:\AtelieProd\Equipexe\Ger\Dados\CadFaiCom.PX","D:\AtelieProd\Equipexe\Ger\Dados","CadFaiCom.PX",".PX","2048","24/04/2018 10:06:10"
"D:\AtelieProd\Equipexe\Ger\Dados\CadFaiCom.XG0","D:\AtelieProd\Equipexe\Ger\Dados","CadFaiCom.XG0",".XG0","34816","24/04/2018 10:06:10"
"D:\AtelieProd\Equipexe\Ger\Dados\CadFaiCom.YG0","D:\AtelieProd\Equipexe\Ger\Dados","CadFaiCom.YG0",".YG0","4096","24/04/2018 10:06:10"
"D:\AtelieProd\Equipexe\Ger\Dados\CadFaixa.DB","D:\AtelieProd\Equipexe\Ger\Dados","CadFaixa.DB",".DB","2048","24/04/2018 10:06:10"
"D:\AtelieProd\Equipexe\Ger\Dados\CadFaixa.PX","D:\AtelieProd\Equipexe\Ger\Dados","CadFaixa.PX",".PX","2048","24/04/2018 10:06:10"
"D:\AtelieProd\Equipexe\Ger\Dados\CadFpg.DB","D:\AtelieProd\Equipexe\Ger\Dados","CadFpg.DB",".DB","34816","07/02/2020 13:04:10"
"D:\AtelieProd\Equipexe\Ger\Dados\CadFpg.PX","D:\AtelieProd\Equipexe\Ger\Dados","CadFpg.PX",".PX","4096","06/02/2020 16:26:02"
"D:\AtelieProd\Equipexe\Ger\Dados\CadFpg.XG0","D:\AtelieProd\Equipexe\Ger\Dados","CadFpg.XG0",".XG0","34816","06/02/2020 16:26:02"
"D:\AtelieProd\Equipexe\Ger\Dados\CadFpg.YG0","D:\AtelieProd\Equipexe\Ger\Dados","CadFpg.YG0",".YG0","4096","06/02/2020 16:26:02"
"D:\AtelieProd\Equipexe\Ger\Dados\CadGruSerLav.DB","D:\AtelieProd\Equipexe\Ger\Dados","CadGruSerLav.DB",".DB","2048","24/04/2018 10:06:12"
"D:\AtelieProd\Equipexe\Ger\Dados\CadGruSerLav.PX","D:\AtelieProd\Equipexe\Ger\Dados","CadGruSerLav.PX",".PX","2048","24/04/2018 10:06:12"
"D:\AtelieProd\Equipexe\Ger\Dados\CadInd.DB","D:\AtelieProd\Equipexe\Ger\Dados","CadInd.DB",".DB","2048","24/04/2018 10:06:12"
"D:\AtelieProd\Equipexe\Ger\Dados\CadInd.PX","D:\AtelieProd\Equipexe\Ger\Dados","CadInd.PX",".PX","2048","24/04/2018 10:06:12"
"D:\AtelieProd\Equipexe\Ger\Dados\CadInd.XG0","D:\AtelieProd\Equipexe\Ger\Dados","CadInd.XG0",".XG0","34816","24/04/2018 10:06:12"
"D:\AtelieProd\Equipexe\Ger\Dados\CadInd.YG0","D:\AtelieProd\Equipexe\Ger\Dados","CadInd.YG0",".YG0","4096","24/04/2018 10:06:12"
"D:\AtelieProd\Equipexe\Ger\Dados\CadMarca.DB","D:\AtelieProd\Equipexe\Ger\Dados","CadMarca.DB",".DB","2048","12/02/2003 01:05:30"
"D:\AtelieProd\Equipexe\Ger\Dados\CadMarca.PX","D:\AtelieProd\Equipexe\Ger\Dados","CadMarca.PX",".PX","2048","12/02/2003 01:05:30"
"D:\AtelieProd\Equipexe\Ger\Dados\CadMarca.XG0","D:\AtelieProd\Equipexe\Ger\Dados","CadMarca.XG0",".XG0","4096","12/02/2003 01:05:30"
"D:\AtelieProd\Equipexe\Ger\Dados\CadMarca.YG0","D:\AtelieProd\Equipexe\Ger\Dados","CadMarca.YG0",".YG0","4096","12/02/2003 01:05:30"
"D:\AtelieProd\Equipexe\Ger\Dados\CadMelhor.DB","D:\AtelieProd\Equipexe\Ger\Dados","CadMelhor.DB",".DB","2048","24/04/2018 10:06:14"
"D:\AtelieProd\Equipexe\Ger\Dados\CadMelhor.PX","D:\AtelieProd\Equipexe\Ger\Dados","CadMelhor.PX",".PX","2048","24/04/2018 10:06:14"
"D:\AtelieProd\Equipexe\Ger\Dados\CadMelhor.XG0","D:\AtelieProd\Equipexe\Ger\Dados","CadMelhor.XG0",".XG0","34816","24/04/2018 10:06:14"
"D:\AtelieProd\Equipexe\Ger\Dados\CadMelhor.XG1","D:\AtelieProd\Equipexe\Ger\Dados","CadMelhor.XG1",".XG1","34816","24/04/2018 10:06:14"
"D:\AtelieProd\Equipexe\Ger\Dados\CadMelhor.YG0","D:\AtelieProd\Equipexe\Ger\Dados","CadMelhor.YG0",".YG0","4096","24/04/2018 10:06:14"
"D:\AtelieProd\Equipexe\Ger\Dados\CadMelhor.YG1","D:\AtelieProd\Equipexe\Ger\Dados","CadMelhor.YG1",".YG1","4096","24/04/2018 10:06:14"
"D:\AtelieProd\Equipexe\Ger\Dados\CadPacot.DB","D:\AtelieProd\Equipexe\Ger\Dados","CadPacot.DB",".DB","2048","24/04/2018 10:06:14"
"D:\AtelieProd\Equipexe\Ger\Dados\CadPacot.PX","D:\AtelieProd\Equipexe\Ger\Dados","CadPacot.PX",".PX","2048","24/04/2018 10:06:14"
"D:\AtelieProd\Equipexe\Ger\Dados\CadPacot.XG0","D:\AtelieProd\Equipexe\Ger\Dados","CadPacot.XG0",".XG0","34816","24/04/2018 10:06:14"
"D:\AtelieProd\Equipexe\Ger\Dados\CadPacot.YG0","D:\AtelieProd\Equipexe\Ger\Dados","CadPacot.YG0",".YG0","4096","24/04/2018 10:06:14"
"D:\AtelieProd\Equipexe\Ger\Dados\CadPacotGru.DB","D:\AtelieProd\Equipexe\Ger\Dados","CadPacotGru.DB",".DB","2048","24/04/2018 10:06:14"
"D:\AtelieProd\Equipexe\Ger\Dados\CadPacotGru.PX","D:\AtelieProd\Equipexe\Ger\Dados","CadPacotGru.PX",".PX","2048","24/04/2018 10:06:14"
"D:\AtelieProd\Equipexe\Ger\Dados\CadPdv.DB","D:\AtelieProd\Equipexe\Ger\Dados","CadPdv.DB",".DB","34816","24/04/2018 10:06:14"
"D:\AtelieProd\Equipexe\Ger\Dados\CadPdv.PX","D:\AtelieProd\Equipexe\Ger\Dados","CadPdv.PX",".PX","4096","24/04/2018 10:06:14"
"D:\AtelieProd\Equipexe\Ger\Dados\CadPdv.XG0","D:\AtelieProd\Equipexe\Ger\Dados","CadPdv.XG0",".XG0","34816","24/04/2018 10:06:14"
"D:\AtelieProd\Equipexe\Ger\Dados\CadPdv.YG0","D:\AtelieProd\Equipexe\Ger\Dados","CadPdv.YG0",".YG0","4096","24/04/2018 10:06:14"
"D:\AtelieProd\Equipexe\Ger\Dados\CadProcAnexo.DB","D:\AtelieProd\Equipexe\Ger\Dados","CadProcAnexo.DB",".DB","2048","24/04/2018 10:06:14"
"D:\AtelieProd\Equipexe\Ger\Dados\CadProcAnexo.PX","D:\AtelieProd\Equipexe\Ger\Dados","CadProcAnexo.PX",".PX","2048","24/04/2018 10:06:14"
"D:\AtelieProd\Equipexe\Ger\Dados\CadProcAnexo.XG0","D:\AtelieProd\Equipexe\Ger\Dados","CadProcAnexo.XG0",".XG0","34816","24/04/2018 10:06:14"
"D:\AtelieProd\Equipexe\Ger\Dados\CadProcAnexo.YG0","D:\AtelieProd\Equipexe\Ger\Dados","CadProcAnexo.YG0",".YG0","4096","24/04/2018 10:06:14"
"D:\AtelieProd\Equipexe\Ger\Dados\CadProces.DB","D:\AtelieProd\Equipexe\Ger\Dados","CadProces.DB",".DB","2048","24/04/2018 10:06:14"
"D:\AtelieProd\Equipexe\Ger\Dados\CadProces.PX","D:\AtelieProd\Equipexe\Ger\Dados","CadProces.PX",".PX","2048","24/04/2018 10:06:14"
"D:\AtelieProd\Equipexe\Ger\Dados\CadProces.XG0","D:\AtelieProd\Equipexe\Ger\Dados","CadProces.XG0",".XG0","34816","24/04/2018 10:06:14"
"D:\AtelieProd\Equipexe\Ger\Dados\CadProces.YG0","D:\AtelieProd\Equipexe\Ger\Dados","CadProces.YG0",".YG0","4096","24/04/2018 10:06:14"
"D:\AtelieProd\Equipexe\Ger\Dados\CadProcesAlt.DB","D:\AtelieProd\Equipexe\Ger\Dados","CadProcesAlt.DB",".DB","2048","24/04/2018 10:06:14"
"D:\AtelieProd\Equipexe\Ger\Dados\CadProcesAlt.PX","D:\AtelieProd\Equipexe\Ger\Dados","CadProcesAlt.PX",".PX","2048","24/04/2018 10:06:14"
"D:\AtelieProd\Equipexe\Ger\Dados\CadProcItem.DB","D:\AtelieProd\Equipexe\Ger\Dados","CadProcItem.DB",".DB","2048","24/04/2018 10:06:14"
"D:\AtelieProd\Equipexe\Ger\Dados\CadProcItem.PX","D:\AtelieProd\Equipexe\Ger\Dados","CadProcItem.PX",".PX","2048","24/04/2018 10:06:14"
"D:\AtelieProd\Equipexe\Ger\Dados\CadProcItem.XG0","D:\AtelieProd\Equipexe\Ger\Dados","CadProcItem.XG0",".XG0","34816","24/04/2018 10:06:14"
"D:\AtelieProd\Equipexe\Ger\Dados\CadProcItem.YG0","D:\AtelieProd\Equipexe\Ger\Dados","CadProcItem.YG0",".YG0","4096","24/04/2018 10:06:14"
"D:\AtelieProd\Equipexe\Ger\Dados\CadProducao.DB","D:\AtelieProd\Equipexe\Ger\Dados","CadProducao.DB",".DB","2048","24/04/2018 10:06:14"
"D:\AtelieProd\Equipexe\Ger\Dados\CadProducao.PX","D:\AtelieProd\Equipexe\Ger\Dados","CadProducao.PX",".PX","2048","24/04/2018 10:06:14"
"D:\AtelieProd\Equipexe\Ger\Dados\CadProducao.XG0","D:\AtelieProd\Equipexe\Ger\Dados","CadProducao.XG0",".XG0","34816","24/04/2018 10:06:14"
"D:\AtelieProd\Equipexe\Ger\Dados\CadProducao.YG0","D:\AtelieProd\Equipexe\Ger\Dados","CadProducao.YG0",".YG0","4096","24/04/2018 10:06:14"
"D:\AtelieProd\Equipexe\Ger\Dados\CadRam.DB","D:\AtelieProd\Equipexe\Ger\Dados","CadRam.DB",".DB","2048","24/04/2018 10:06:14"
"D:\AtelieProd\Equipexe\Ger\Dados\CadRam.PX","D:\AtelieProd\Equipexe\Ger\Dados","CadRam.PX",".PX","2048","24/04/2018 10:06:14"
"D:\AtelieProd\Equipexe\Ger\Dados\CadRam.XG0","D:\AtelieProd\Equipexe\Ger\Dados","CadRam.XG0",".XG0","34816","24/04/2018 10:06:16"
"D:\AtelieProd\Equipexe\Ger\Dados\CadRam.YG0","D:\AtelieProd\Equipexe\Ger\Dados","CadRam.YG0",".YG0","4096","24/04/2018 10:06:16"
"D:\AtelieProd\Equipexe\Ger\Dados\CadSistema.DB","D:\AtelieProd\Equipexe\Ger\Dados","CadSistema.DB",".DB","2048","24/04/2018 10:06:16"
"D:\AtelieProd\Equipexe\Ger\Dados\CadSistema.PX","D:\AtelieProd\Equipexe\Ger\Dados","CadSistema.PX",".PX","2048","24/04/2018 10:06:16"
"D:\AtelieProd\Equipexe\Ger\Dados\CadSistema.XG0","D:\AtelieProd\Equipexe\Ger\Dados","CadSistema.XG0",".XG0","34816","24/04/2018 10:06:16"
"D:\AtelieProd\Equipexe\Ger\Dados\CadSistema.YG0","D:\AtelieProd\Equipexe\Ger\Dados","CadSistema.YG0",".YG0","4096","24/04/2018 10:06:16"
"D:\AtelieProd\Equipexe\Ger\Dados\CadSit.DB","D:\AtelieProd\Equipexe\Ger\Dados","CadSit.DB",".DB","2048","24/04/2018 10:06:16"
"D:\AtelieProd\Equipexe\Ger\Dados\CadSit.PX","D:\AtelieProd\Equipexe\Ger\Dados","CadSit.PX",".PX","2048","24/04/2018 10:06:16"
"D:\AtelieProd\Equipexe\Ger\Dados\CadSit.XG0","D:\AtelieProd\Equipexe\Ger\Dados","CadSit.XG0",".XG0","34816","24/04/2018 10:06:16"
"D:\AtelieProd\Equipexe\Ger\Dados\CadSit.YG0","D:\AtelieProd\Equipexe\Ger\Dados","CadSit.YG0",".YG0","4096","24/04/2018 10:06:16"
"D:\AtelieProd\Equipexe\Ger\Dados\CadSubC.DB","D:\AtelieProd\Equipexe\Ger\Dados","CadSubC.DB",".DB","34816","24/04/2018 10:06:16"
"D:\AtelieProd\Equipexe\Ger\Dados\CadSubC.PX","D:\AtelieProd\Equipexe\Ger\Dados","CadSubC.PX",".PX","4096","24/04/2018 10:06:16"
"D:\AtelieProd\Equipexe\Ger\Dados\CadSubC.XG0","D:\AtelieProd\Equipexe\Ger\Dados","CadSubC.XG0",".XG0","34816","24/04/2018 10:06:16"
"D:\AtelieProd\Equipexe\Ger\Dados\CadSubC.YG0","D:\AtelieProd\Equipexe\Ger\Dados","CadSubC.YG0",".YG0","4096","24/04/2018 10:06:16"
"D:\AtelieProd\Equipexe\Ger\Dados\CadTipCon.DB","D:\AtelieProd\Equipexe\Ger\Dados","CadTipCon.DB",".DB","2048","24/04/2018 10:06:16"
"D:\AtelieProd\Equipexe\Ger\Dados\CadTipCon.PX","D:\AtelieProd\Equipexe\Ger\Dados","CadTipCon.PX",".PX","2048","24/04/2018 10:06:16"
"D:\AtelieProd\Equipexe\Ger\Dados\CadTipCon.XG0","D:\AtelieProd\Equipexe\Ger\Dados","CadTipCon.XG0",".XG0","34816","24/04/2018 10:06:16"
"D:\AtelieProd\Equipexe\Ger\Dados\CadTipCon.XG1","D:\AtelieProd\Equipexe\Ger\Dados","CadTipCon.XG1",".XG1","34816","24/04/2018 10:06:16"
"D:\AtelieProd\Equipexe\Ger\Dados\CadTipCon.YG0","D:\AtelieProd\Equipexe\Ger\Dados","CadTipCon.YG0",".YG0","4096","24/04/2018 10:06:16"
"D:\AtelieProd\Equipexe\Ger\Dados\CadTipCon.YG1","D:\AtelieProd\Equipexe\Ger\Dados","CadTipCon.YG1",".YG1","4096","24/04/2018 10:06:16"
"D:\AtelieProd\Equipexe\Ger\Dados\CadTipProc.DB","D:\AtelieProd\Equipexe\Ger\Dados","CadTipProc.DB",".DB","2048","24/04/2018 10:06:16"
"D:\AtelieProd\Equipexe\Ger\Dados\CadTipProc.PX","D:\AtelieProd\Equipexe\Ger\Dados","CadTipProc.PX",".PX","2048","24/04/2018 10:06:16"
"D:\AtelieProd\Equipexe\Ger\Dados\CadTipProc.XG0","D:\AtelieProd\Equipexe\Ger\Dados","CadTipProc.XG0",".XG0","34816","24/04/2018 10:06:16"
"D:\AtelieProd\Equipexe\Ger\Dados\CadTipProc.YG0","D:\AtelieProd\Equipexe\Ger\Dados","CadTipProc.YG0",".YG0","4096","24/04/2018 10:06:16"
"D:\AtelieProd\Equipexe\Ger\Dados\CadUnid.DB","D:\AtelieProd\Equipexe\Ger\Dados","CadUnid.DB",".DB","2048","24/04/2018 10:06:16"
"D:\AtelieProd\Equipexe\Ger\Dados\CadUnid.PX","D:\AtelieProd\Equipexe\Ger\Dados","CadUnid.PX",".PX","2048","24/04/2018 10:06:16"
"D:\AtelieProd\Equipexe\Ger\Dados\CadUnid.XG0","D:\AtelieProd\Equipexe\Ger\Dados","CadUnid.XG0",".XG0","34816","24/04/2018 10:06:16"
"D:\AtelieProd\Equipexe\Ger\Dados\CadUnid.YG0","D:\AtelieProd\Equipexe\Ger\Dados","CadUnid.YG0",".YG0","4096","24/04/2018 10:06:16"
"D:\AtelieProd\Equipexe\Ger\Dados\CadVen.DB","D:\AtelieProd\Equipexe\Ger\Dados","CadVen.DB",".DB","34816","24/04/2018 10:06:16"
"D:\AtelieProd\Equipexe\Ger\Dados\CadVen.PX","D:\AtelieProd\Equipexe\Ger\Dados","CadVen.PX",".PX","4096","24/04/2018 10:06:16"
"D:\AtelieProd\Equipexe\Ger\Dados\CadVen.XG0","D:\AtelieProd\Equipexe\Ger\Dados","CadVen.XG0",".XG0","34816","24/04/2018 10:06:16"
"D:\AtelieProd\Equipexe\Ger\Dados\CadVen.XG1","D:\AtelieProd\Equipexe\Ger\Dados","CadVen.XG1",".XG1","34816","24/04/2018 10:06:16"
"D:\AtelieProd\Equipexe\Ger\Dados\CadVen.YG0","D:\AtelieProd\Equipexe\Ger\Dados","CadVen.YG0",".YG0","4096","24/04/2018 10:06:16"
"D:\AtelieProd\Equipexe\Ger\Dados\CadVen.YG1","D:\AtelieProd\Equipexe\Ger\Dados","CadVen.YG1",".YG1","4096","24/04/2018 10:06:16"
"D:\AtelieProd\Equipexe\Ger\Dados\CadVenPro.DB","D:\AtelieProd\Equipexe\Ger\Dados","CadVenPro.DB",".DB","2048","24/04/2018 10:06:16"
"D:\AtelieProd\Equipexe\Ger\Dados\CadVenPro.PX","D:\AtelieProd\Equipexe\Ger\Dados","CadVenPro.PX",".PX","2048","24/04/2018 10:06:16"
"D:\AtelieProd\Equipexe\Ger\Dados\CadVenPro.XG0","D:\AtelieProd\Equipexe\Ger\Dados","CadVenPro.XG0",".XG0","34816","24/04/2018 10:06:16"
"D:\AtelieProd\Equipexe\Ger\Dados\CadVenPro.YG0","D:\AtelieProd\Equipexe\Ger\Dados","CadVenPro.YG0",".YG0","4096","24/04/2018 10:06:16"
"D:\AtelieProd\Equipexe\Ger\Dados\CaminhosFlex.DB","D:\AtelieProd\Equipexe\Ger\Dados","CaminhosFlex.DB",".DB","2048","24/04/2018 10:06:16"
"D:\AtelieProd\Equipexe\Ger\Dados\CaminhosFlex.PX","D:\AtelieProd\Equipexe\Ger\Dados","CaminhosFlex.PX",".PX","2048","24/04/2018 10:06:16"
"D:\AtelieProd\Equipexe\Ger\Dados\CenCus.DB","D:\AtelieProd\Equipexe\Ger\Dados","CenCus.DB",".DB","2048","26/09/2001 17:09:50"
"D:\AtelieProd\Equipexe\Ger\Dados\CenCus.PX","D:\AtelieProd\Equipexe\Ger\Dados","CenCus.PX",".PX","2048","26/09/2001 17:09:50"
"D:\AtelieProd\Equipexe\Ger\Dados\CenCus.XG0","D:\AtelieProd\Equipexe\Ger\Dados","CenCus.XG0",".XG0","4096","26/09/2001 17:09:52"
"D:\AtelieProd\Equipexe\Ger\Dados\CenCus.YG0","D:\AtelieProd\Equipexe\Ger\Dados","CenCus.YG0",".YG0","4096","26/09/2001 17:09:52"
"D:\AtelieProd\Equipexe\Ger\Dados\CenCusCli.DB","D:\AtelieProd\Equipexe\Ger\Dados","CenCusCli.DB",".DB","2048","24/04/2018 10:06:18"
"D:\AtelieProd\Equipexe\Ger\Dados\CenCusCli.PX","D:\AtelieProd\Equipexe\Ger\Dados","CenCusCli.PX",".PX","2048","24/04/2018 10:06:18"
"D:\AtelieProd\Equipexe\Ger\Dados\CenCusCli.XG0","D:\AtelieProd\Equipexe\Ger\Dados","CenCusCli.XG0",".XG0","34816","24/04/2018 10:06:18"
"D:\AtelieProd\Equipexe\Ger\Dados\CenCusCli.XG1","D:\AtelieProd\Equipexe\Ger\Dados","CenCusCli.XG1",".XG1","34816","24/04/2018 10:06:18"
"D:\AtelieProd\Equipexe\Ger\Dados\CenCusCli.YG0","D:\AtelieProd\Equipexe\Ger\Dados","CenCusCli.YG0",".YG0","4096","24/04/2018 10:06:18"
"D:\AtelieProd\Equipexe\Ger\Dados\CenCusCli.YG1","D:\AtelieProd\Equipexe\Ger\Dados","CenCusCli.YG1",".YG1","4096","24/04/2018 10:06:18"
"D:\AtelieProd\Equipexe\Ger\Dados\Cep.DB","D:\AtelieProd\Equipexe\Ger\Dados","Cep.DB",".DB","2048","24/04/2018 10:06:18"
"D:\AtelieProd\Equipexe\Ger\Dados\Cep.PX","D:\AtelieProd\Equipexe\Ger\Dados","Cep.PX",".PX","2048","24/04/2018 10:06:18"
"D:\AtelieProd\Equipexe\Ger\Dados\Cheque1.DB","D:\AtelieProd\Equipexe\Ger\Dados","Cheque1.DB",".DB","4096","14/03/2003 18:43:58"
"D:\AtelieProd\Equipexe\Ger\Dados\ClaManut.DB","D:\AtelieProd\Equipexe\Ger\Dados","ClaManut.DB",".DB","2048","29/03/2005 17:25:12"
"D:\AtelieProd\Equipexe\Ger\Dados\ClaManut.PX","D:\AtelieProd\Equipexe\Ger\Dados","ClaManut.PX",".PX","2048","29/03/2005 17:25:12"
"D:\AtelieProd\Equipexe\Ger\Dados\ClaManut.XG0","D:\AtelieProd\Equipexe\Ger\Dados","ClaManut.XG0",".XG0","4096","29/03/2005 17:25:12"
"D:\AtelieProd\Equipexe\Ger\Dados\ClaManut.YG0","D:\AtelieProd\Equipexe\Ger\Dados","ClaManut.YG0",".YG0","4096","29/03/2005 17:25:12"
"D:\AtelieProd\Equipexe\Ger\Dados\ClaPerda.DB","D:\AtelieProd\Equipexe\Ger\Dados","ClaPerda.DB",".DB","2048","29/03/2005 17:25:12"
"D:\AtelieProd\Equipexe\Ger\Dados\ClaPerda.PX","D:\AtelieProd\Equipexe\Ger\Dados","ClaPerda.PX",".PX","2048","29/03/2005 17:25:12"
"D:\AtelieProd\Equipexe\Ger\Dados\ClaPerda.XG0","D:\AtelieProd\Equipexe\Ger\Dados","ClaPerda.XG0",".XG0","4096","29/03/2005 17:25:12"
"D:\AtelieProd\Equipexe\Ger\Dados\ClaPerda.YG0","D:\AtelieProd\Equipexe\Ger\Dados","ClaPerda.YG0",".YG0","4096","29/03/2005 17:25:12"
"D:\AtelieProd\Equipexe\Ger\Dados\CliComissao.DB","D:\AtelieProd\Equipexe\Ger\Dados","CliComissao.DB",".DB","2048","24/04/2018 10:06:18"
"D:\AtelieProd\Equipexe\Ger\Dados\CliComissao.PX","D:\AtelieProd\Equipexe\Ger\Dados","CliComissao.PX",".PX","2048","24/04/2018 10:06:18"
"D:\AtelieProd\Equipexe\Ger\Dados\CliComissao.XG0","D:\AtelieProd\Equipexe\Ger\Dados","CliComissao.XG0",".XG0","34816","24/04/2018 10:06:18"
"D:\AtelieProd\Equipexe\Ger\Dados\CliComissao.XG1","D:\AtelieProd\Equipexe\Ger\Dados","CliComissao.XG1",".XG1","34816","24/04/2018 10:06:18"
"D:\AtelieProd\Equipexe\Ger\Dados\CliComissao.YG0","D:\AtelieProd\Equipexe\Ger\Dados","CliComissao.YG0",".YG0","4096","24/04/2018 10:06:18"
"D:\AtelieProd\Equipexe\Ger\Dados\CliComissao.YG1","D:\AtelieProd\Equipexe\Ger\Dados","CliComissao.YG1",".YG1","4096","24/04/2018 10:06:18"
"D:\AtelieProd\Equipexe\Ger\Dados\CliCont.DB","D:\AtelieProd\Equipexe\Ger\Dados","CliCont.DB",".DB","34816","11/02/2020 13:31:32"
"D:\AtelieProd\Equipexe\Ger\Dados\CliCont.PX","D:\AtelieProd\Equipexe\Ger\Dados","CliCont.PX",".PX","4096","01/09/2018 12:02:10"
"D:\AtelieProd\Equipexe\Ger\Dados\CliContato.DB","D:\AtelieProd\Equipexe\Ger\Dados","CliContato.DB",".DB","2048","24/04/2018 10:06:18"
"D:\AtelieProd\Equipexe\Ger\Dados\CliContato.PX","D:\AtelieProd\Equipexe\Ger\Dados","CliContato.PX",".PX","2048","24/04/2018 10:06:18"
"D:\AtelieProd\Equipexe\Ger\Dados\CliContato.XG0","D:\AtelieProd\Equipexe\Ger\Dados","CliContato.XG0",".XG0","34816","24/04/2018 10:06:18"
"D:\AtelieProd\Equipexe\Ger\Dados\CliContato.YG0","D:\AtelieProd\Equipexe\Ger\Dados","CliContato.YG0",".YG0","4096","24/04/2018 10:06:18"
"D:\AtelieProd\Equipexe\Ger\Dados\ClienMar.DB","D:\AtelieProd\Equipexe\Ger\Dados","ClienMar.DB",".DB","2048","24/04/2018 10:06:20"
"D:\AtelieProd\Equipexe\Ger\Dados\ClienMar.PX","D:\AtelieProd\Equipexe\Ger\Dados","ClienMar.PX",".PX","2048","24/04/2018 10:06:20"
"D:\AtelieProd\Equipexe\Ger\Dados\ClienMar.XG0","D:\AtelieProd\Equipexe\Ger\Dados","ClienMar.XG0",".XG0","34816","24/04/2018 10:06:20"
"D:\AtelieProd\Equipexe\Ger\Dados\ClienMar.YG0","D:\AtelieProd\Equipexe\Ger\Dados","ClienMar.YG0",".YG0","4096","24/04/2018 10:06:20"
"D:\AtelieProd\Equipexe\Ger\Dados\Clientes - Cópia.DB","D:\AtelieProd\Equipexe\Ger\Dados","Clientes - Cópia.DB",".DB","6658048","03/10/2018 10:25:52"
"D:\AtelieProd\Equipexe\Ger\Dados\Clientes-.DB","D:\AtelieProd\Equipexe\Ger\Dados","Clientes-.DB",".DB","4331520","22/06/2015 15:55:18"
"D:\AtelieProd\Equipexe\Ger\Dados\Clientes.DB","D:\AtelieProd\Equipexe\Ger\Dados","Clientes.DB",".DB","11835392","21/05/2026 11:28:05"
"D:\AtelieProd\Equipexe\Ger\Dados\Clientes.PX","D:\AtelieProd\Equipexe\Ger\Dados","Clientes.PX",".PX","14336","20/05/2026 15:52:52"
"D:\AtelieProd\Equipexe\Ger\Dados\Clientes.XG0","D:\AtelieProd\Equipexe\Ger\Dados","Clientes.XG0",".XG0","231424","20/05/2026 15:52:52"
"D:\AtelieProd\Equipexe\Ger\Dados\Clientes.XG1","D:\AtelieProd\Equipexe\Ger\Dados","Clientes.XG1",".XG1","165888","20/05/2026 15:52:52"
"D:\AtelieProd\Equipexe\Ger\Dados\Clientes.YG0","D:\AtelieProd\Equipexe\Ger\Dados","Clientes.YG0",".YG0","4096","20/05/2026 15:52:52"
"D:\AtelieProd\Equipexe\Ger\Dados\Clientes.YG1","D:\AtelieProd\Equipexe\Ger\Dados","Clientes.YG1",".YG1","4096","20/05/2026 15:52:52"
"D:\AtelieProd\Equipexe\Ger\Dados\ClientesInt.DB","D:\AtelieProd\Equipexe\Ger\Dados","ClientesInt.DB",".DB","2048","24/04/2018 10:06:20"
"D:\AtelieProd\Equipexe\Ger\Dados\ClientesInt.PX","D:\AtelieProd\Equipexe\Ger\Dados","ClientesInt.PX",".PX","2048","24/04/2018 10:06:20"
"D:\AtelieProd\Equipexe\Ger\Dados\ClientesInt.XG0","D:\AtelieProd\Equipexe\Ger\Dados","ClientesInt.XG0",".XG0","34816","24/04/2018 10:06:20"
"D:\AtelieProd\Equipexe\Ger\Dados\ClientesInt.YG0","D:\AtelieProd\Equipexe\Ger\Dados","ClientesInt.YG0",".YG0","4096","24/04/2018 10:06:20"
"D:\AtelieProd\Equipexe\Ger\Dados\ClientesObs.DB","D:\AtelieProd\Equipexe\Ger\Dados","ClientesObs.DB",".DB","2048","24/04/2018 10:06:20"
"D:\AtelieProd\Equipexe\Ger\Dados\ClientesObs.PX","D:\AtelieProd\Equipexe\Ger\Dados","ClientesObs.PX",".PX","2048","24/04/2018 10:06:20"
"D:\AtelieProd\Equipexe\Ger\Dados\CliPecLav.DB","D:\AtelieProd\Equipexe\Ger\Dados","CliPecLav.DB",".DB","2048","24/04/2018 10:06:20"
"D:\AtelieProd\Equipexe\Ger\Dados\CliPecLav.PX","D:\AtelieProd\Equipexe\Ger\Dados","CliPecLav.PX",".PX","2048","24/04/2018 10:06:20"
"D:\AtelieProd\Equipexe\Ger\Dados\CliPecLav.XG0","D:\AtelieProd\Equipexe\Ger\Dados","CliPecLav.XG0",".XG0","34816","24/04/2018 10:06:20"
"D:\AtelieProd\Equipexe\Ger\Dados\CliPecLav.YG0","D:\AtelieProd\Equipexe\Ger\Dados","CliPecLav.YG0",".YG0","4096","24/04/2018 10:06:20"
"D:\AtelieProd\Equipexe\Ger\Dados\CompAutoPecas.DB","D:\AtelieProd\Equipexe\Ger\Dados","CompAutoPecas.DB",".DB","2048","06/11/1999 16:13:20"
"D:\AtelieProd\Equipexe\Ger\Dados\CompAutoPecas.PX","D:\AtelieProd\Equipexe\Ger\Dados","CompAutoPecas.PX",".PX","2048","06/11/1999 16:13:20"
"D:\AtelieProd\Equipexe\Ger\Dados\CompAutoPecas.XG0","D:\AtelieProd\Equipexe\Ger\Dados","CompAutoPecas.XG0",".XG0","4096","06/11/1999 16:13:20"
"D:\AtelieProd\Equipexe\Ger\Dados\CompAutoPecas.YG0","D:\AtelieProd\Equipexe\Ger\Dados","CompAutoPecas.YG0",".YG0","4096","06/11/1999 16:13:20"
"D:\AtelieProd\Equipexe\Ger\Dados\Cores.DB","D:\AtelieProd\Equipexe\Ger\Dados","Cores.DB",".DB","34816","12/03/2020 13:41:04"
"D:\AtelieProd\Equipexe\Ger\Dados\Cores.PX","D:\AtelieProd\Equipexe\Ger\Dados","Cores.PX",".PX","4096","12/03/2020 13:41:04"
"D:\AtelieProd\Equipexe\Ger\Dados\Cores.XG0","D:\AtelieProd\Equipexe\Ger\Dados","Cores.XG0",".XG0","34816","12/03/2020 13:41:04"
"D:\AtelieProd\Equipexe\Ger\Dados\Cores.XG1","D:\AtelieProd\Equipexe\Ger\Dados","Cores.XG1",".XG1","34816","12/03/2020 13:41:04"
"D:\AtelieProd\Equipexe\Ger\Dados\Cores.YG0","D:\AtelieProd\Equipexe\Ger\Dados","Cores.YG0",".YG0","4096","12/03/2020 13:41:04"
"D:\AtelieProd\Equipexe\Ger\Dados\Cores.YG1","D:\AtelieProd\Equipexe\Ger\Dados","Cores.YG1",".YG1","4096","12/03/2020 13:41:04"
"D:\AtelieProd\Equipexe\Ger\Dados\David.DB","D:\AtelieProd\Equipexe\Ger\Dados","David.DB",".DB","6144","08/01/2002 15:19:20"
"D:\AtelieProd\Equipexe\Ger\Dados\David.PX","D:\AtelieProd\Equipexe\Ger\Dados","David.PX",".PX","4096","24/08/2001 18:01:40"
"D:\AtelieProd\Equipexe\Ger\Dados\EncProg.DB","D:\AtelieProd\Equipexe\Ger\Dados","EncProg.DB",".DB","67584","21/05/2026 10:25:17"
"D:\AtelieProd\Equipexe\Ger\Dados\EncProg.PX","D:\AtelieProd\Equipexe\Ger\Dados","EncProg.PX",".PX","4096","21/05/2026 10:25:17"
"D:\AtelieProd\Equipexe\Ger\Dados\EncProg.XG0","D:\AtelieProd\Equipexe\Ger\Dados","EncProg.XG0",".XG0","67584","21/05/2026 10:25:17"
"D:\AtelieProd\Equipexe\Ger\Dados\EncProg.XG1","D:\AtelieProd\Equipexe\Ger\Dados","EncProg.XG1",".XG1","67584","21/05/2026 10:25:17"
"D:\AtelieProd\Equipexe\Ger\Dados\EncProg.YG0","D:\AtelieProd\Equipexe\Ger\Dados","EncProg.YG0",".YG0","4096","21/05/2026 10:25:17"
"D:\AtelieProd\Equipexe\Ger\Dados\EncProg.YG1","D:\AtelieProd\Equipexe\Ger\Dados","EncProg.YG1",".YG1","4096","21/05/2026 10:25:17"
"D:\AtelieProd\Equipexe\Ger\Dados\Equipe.DB","D:\AtelieProd\Equipexe\Ger\Dados","Equipe.DB",".DB","34816","24/04/2018 10:06:26"
"D:\AtelieProd\Equipexe\Ger\Dados\Equipe.PX","D:\AtelieProd\Equipexe\Ger\Dados","Equipe.PX",".PX","4096","24/04/2018 10:06:26"
"D:\AtelieProd\Equipexe\Ger\Dados\Erros.DB","D:\AtelieProd\Equipexe\Ger\Dados","Erros.DB",".DB","2048","24/04/2018 10:06:26"
"D:\AtelieProd\Equipexe\Ger\Dados\Erros.MB","D:\AtelieProd\Equipexe\Ger\Dados","Erros.MB",".MB","4096","24/04/2018 10:06:26"
"D:\AtelieProd\Equipexe\Ger\Dados\Erros.PX","D:\AtelieProd\Equipexe\Ger\Dados","Erros.PX",".PX","2048","24/04/2018 10:06:26"
"D:\AtelieProd\Equipexe\Ger\Dados\Erros.XG0","D:\AtelieProd\Equipexe\Ger\Dados","Erros.XG0",".XG0","34816","24/04/2018 10:06:26"
"D:\AtelieProd\Equipexe\Ger\Dados\Erros.YG0","D:\AtelieProd\Equipexe\Ger\Dados","Erros.YG0",".YG0","4096","24/04/2018 10:06:26"
"D:\AtelieProd\Equipexe\Ger\Dados\Especie.DB","D:\AtelieProd\Equipexe\Ger\Dados","Especie.DB",".DB","34816","24/04/2018 10:06:26"
"D:\AtelieProd\Equipexe\Ger\Dados\Especie.PX","D:\AtelieProd\Equipexe\Ger\Dados","Especie.PX",".PX","4096","24/04/2018 10:06:26"
"D:\AtelieProd\Equipexe\Ger\Dados\Especie.XG0","D:\AtelieProd\Equipexe\Ger\Dados","Especie.XG0",".XG0","34816","24/04/2018 10:06:26"
"D:\AtelieProd\Equipexe\Ger\Dados\Especie.YG0","D:\AtelieProd\Equipexe\Ger\Dados","Especie.YG0",".YG0","4096","24/04/2018 10:06:26"
"D:\AtelieProd\Equipexe\Ger\Dados\EstatLavSoft.DB","D:\AtelieProd\Equipexe\Ger\Dados","EstatLavSoft.DB",".DB","2048","24/04/2018 10:06:26"
"D:\AtelieProd\Equipexe\Ger\Dados\EstatLavSoft.PX","D:\AtelieProd\Equipexe\Ger\Dados","EstatLavSoft.PX",".PX","2048","24/04/2018 10:06:26"
"D:\AtelieProd\Equipexe\Ger\Dados\EstatLavSoft.XG0","D:\AtelieProd\Equipexe\Ger\Dados","EstatLavSoft.XG0",".XG0","34816","24/04/2018 10:06:26"
"D:\AtelieProd\Equipexe\Ger\Dados\EstatLavSoft.YG0","D:\AtelieProd\Equipexe\Ger\Dados","EstatLavSoft.YG0",".YG0","4096","24/04/2018 10:06:26"
"D:\AtelieProd\Equipexe\Ger\Dados\Feriados.DB","D:\AtelieProd\Equipexe\Ger\Dados","Feriados.DB",".DB","34816","24/04/2018 10:06:28"
"D:\AtelieProd\Equipexe\Ger\Dados\Feriados.PX","D:\AtelieProd\Equipexe\Ger\Dados","Feriados.PX",".PX","4096","24/04/2018 10:06:28"
"D:\AtelieProd\Equipexe\Ger\Dados\Feriados.XG0","D:\AtelieProd\Equipexe\Ger\Dados","Feriados.XG0",".XG0","34816","24/04/2018 10:06:28"
"D:\AtelieProd\Equipexe\Ger\Dados\Feriados.YG0","D:\AtelieProd\Equipexe\Ger\Dados","Feriados.YG0",".YG0","4096","24/04/2018 10:06:28"
"D:\AtelieProd\Equipexe\Ger\Dados\Filiais.DB","D:\AtelieProd\Equipexe\Ger\Dados","Filiais.DB",".DB","34816","29/08/2022 15:48:20"
"D:\AtelieProd\Equipexe\Ger\Dados\Filiais.PX","D:\AtelieProd\Equipexe\Ger\Dados","Filiais.PX",".PX","4096","24/04/2018 10:06:28"
"D:\AtelieProd\Equipexe\Ger\Dados\Filiais.XG0","D:\AtelieProd\Equipexe\Ger\Dados","Filiais.XG0",".XG0","34816","24/04/2018 10:06:28"
"D:\AtelieProd\Equipexe\Ger\Dados\Filiais.XG1","D:\AtelieProd\Equipexe\Ger\Dados","Filiais.XG1",".XG1","34816","24/04/2018 10:06:28"
"D:\AtelieProd\Equipexe\Ger\Dados\Filiais.YG0","D:\AtelieProd\Equipexe\Ger\Dados","Filiais.YG0",".YG0","4096","24/04/2018 10:06:28"
"D:\AtelieProd\Equipexe\Ger\Dados\Filiais.YG1","D:\AtelieProd\Equipexe\Ger\Dados","Filiais.YG1",".YG1","4096","24/04/2018 10:06:28"
"D:\AtelieProd\Equipexe\Ger\Dados\ForCont.DB","D:\AtelieProd\Equipexe\Ger\Dados","ForCont.DB",".DB","2048","24/04/2018 10:06:28"
"D:\AtelieProd\Equipexe\Ger\Dados\ForCont.PX","D:\AtelieProd\Equipexe\Ger\Dados","ForCont.PX",".PX","2048","24/04/2018 10:06:28"
"D:\AtelieProd\Equipexe\Ger\Dados\Forneced.DB","D:\AtelieProd\Equipexe\Ger\Dados","Forneced.DB",".DB","67584","24/04/2018 10:06:28"
"D:\AtelieProd\Equipexe\Ger\Dados\Forneced.PX","D:\AtelieProd\Equipexe\Ger\Dados","Forneced.PX",".PX","4096","24/04/2018 10:06:28"
"D:\AtelieProd\Equipexe\Ger\Dados\Forneced.XG0","D:\AtelieProd\Equipexe\Ger\Dados","Forneced.XG0",".XG0","34816","24/04/2018 10:06:28"
"D:\AtelieProd\Equipexe\Ger\Dados\Forneced.XG1","D:\AtelieProd\Equipexe\Ger\Dados","Forneced.XG1",".XG1","34816","24/04/2018 10:06:28"
"D:\AtelieProd\Equipexe\Ger\Dados\Forneced.YG0","D:\AtelieProd\Equipexe\Ger\Dados","Forneced.YG0",".YG0","4096","24/04/2018 10:06:28"
"D:\AtelieProd\Equipexe\Ger\Dados\Forneced.YG1","D:\AtelieProd\Equipexe\Ger\Dados","Forneced.YG1",".YG1","4096","24/04/2018 10:06:28"
"D:\AtelieProd\Equipexe\Ger\Dados\FornecMar.DB","D:\AtelieProd\Equipexe\Ger\Dados","FornecMar.DB",".DB","2048","24/04/2018 10:06:28"
"D:\AtelieProd\Equipexe\Ger\Dados\FornecMar.PX","D:\AtelieProd\Equipexe\Ger\Dados","FornecMar.PX",".PX","2048","24/04/2018 10:06:28"
"D:\AtelieProd\Equipexe\Ger\Dados\FornecMar.XG0","D:\AtelieProd\Equipexe\Ger\Dados","FornecMar.XG0",".XG0","34816","24/04/2018 10:06:28"
"D:\AtelieProd\Equipexe\Ger\Dados\FornecMar.YG0","D:\AtelieProd\Equipexe\Ger\Dados","FornecMar.YG0",".YG0","4096","24/04/2018 10:06:28"
"D:\AtelieProd\Equipexe\Ger\Dados\FunAfastam.DB","D:\AtelieProd\Equipexe\Ger\Dados","FunAfastam.DB",".DB","2048","29/03/2005 17:25:18"
"D:\AtelieProd\Equipexe\Ger\Dados\FunAfastam.PX","D:\AtelieProd\Equipexe\Ger\Dados","FunAfastam.PX",".PX","2048","29/03/2005 17:25:18"
"D:\AtelieProd\Equipexe\Ger\Dados\FunAfastam.XG0","D:\AtelieProd\Equipexe\Ger\Dados","FunAfastam.XG0",".XG0","4096","29/03/2005 17:25:18"
"D:\AtelieProd\Equipexe\Ger\Dados\FunAfastam.YG0","D:\AtelieProd\Equipexe\Ger\Dados","FunAfastam.YG0",".YG0","4096","29/03/2005 17:25:18"
"D:\AtelieProd\Equipexe\Ger\Dados\FunCli.DB","D:\AtelieProd\Equipexe\Ger\Dados","FunCli.DB",".DB","2048","09/11/2005 17:42:08"
"D:\AtelieProd\Equipexe\Ger\Dados\FunCli.PX","D:\AtelieProd\Equipexe\Ger\Dados","FunCli.PX",".PX","2048","09/11/2005 17:42:08"
"D:\AtelieProd\Equipexe\Ger\Dados\FunCli.XG0","D:\AtelieProd\Equipexe\Ger\Dados","FunCli.XG0",".XG0","4096","09/11/2005 17:42:08"
"D:\AtelieProd\Equipexe\Ger\Dados\FunCli.XG1","D:\AtelieProd\Equipexe\Ger\Dados","FunCli.XG1",".XG1","4096","09/11/2005 17:42:08"
"D:\AtelieProd\Equipexe\Ger\Dados\FunCli.YG0","D:\AtelieProd\Equipexe\Ger\Dados","FunCli.YG0",".YG0","4096","09/11/2005 17:42:08"
"D:\AtelieProd\Equipexe\Ger\Dados\FunCli.YG1","D:\AtelieProd\Equipexe\Ger\Dados","FunCli.YG1",".YG1","4096","09/11/2005 17:42:08"
"D:\AtelieProd\Equipexe\Ger\Dados\FunCliCan.DB","D:\AtelieProd\Equipexe\Ger\Dados","FunCliCan.DB",".DB","2048","29/03/2005 17:25:20"
"D:\AtelieProd\Equipexe\Ger\Dados\FunCliCan.PX","D:\AtelieProd\Equipexe\Ger\Dados","FunCliCan.PX",".PX","2048","29/03/2005 17:25:20"
"D:\AtelieProd\Equipexe\Ger\Dados\FunCliCan.XG0","D:\AtelieProd\Equipexe\Ger\Dados","FunCliCan.XG0",".XG0","4096","29/03/2005 17:25:20"
"D:\AtelieProd\Equipexe\Ger\Dados\FunCliCan.YG0","D:\AtelieProd\Equipexe\Ger\Dados","FunCliCan.YG0",".YG0","4096","29/03/2005 17:25:20"
"D:\AtelieProd\Equipexe\Ger\Dados\FunCliRou.DB","D:\AtelieProd\Equipexe\Ger\Dados","FunCliRou.DB",".DB","2048","09/11/2005 17:42:10"
"D:\AtelieProd\Equipexe\Ger\Dados\FunCliRou.PX","D:\AtelieProd\Equipexe\Ger\Dados","FunCliRou.PX",".PX","2048","09/11/2005 17:42:10"
"D:\AtelieProd\Equipexe\Ger\Dados\FunCliRou.XG0","D:\AtelieProd\Equipexe\Ger\Dados","FunCliRou.XG0",".XG0","4096","09/11/2005 17:42:10"
"D:\AtelieProd\Equipexe\Ger\Dados\FunCliRou.XG1","D:\AtelieProd\Equipexe\Ger\Dados","FunCliRou.XG1",".XG1","4096","09/11/2005 17:42:10"
"D:\AtelieProd\Equipexe\Ger\Dados\FunCliRou.YG0","D:\AtelieProd\Equipexe\Ger\Dados","FunCliRou.YG0",".YG0","4096","09/11/2005 17:42:10"
"D:\AtelieProd\Equipexe\Ger\Dados\FunCliRou.YG1","D:\AtelieProd\Equipexe\Ger\Dados","FunCliRou.YG1",".YG1","4096","09/11/2005 17:42:10"
"D:\AtelieProd\Equipexe\Ger\Dados\FunCliRouM.DB","D:\AtelieProd\Equipexe\Ger\Dados","FunCliRouM.DB",".DB","2048","16/05/2005 08:17:58"
"D:\AtelieProd\Equipexe\Ger\Dados\FunCliRouM.PX","D:\AtelieProd\Equipexe\Ger\Dados","FunCliRouM.PX",".PX","2048","16/05/2005 08:17:58"
"D:\AtelieProd\Equipexe\Ger\Dados\FunCliRouM.XG0","D:\AtelieProd\Equipexe\Ger\Dados","FunCliRouM.XG0",".XG0","4096","16/05/2005 08:17:58"
"D:\AtelieProd\Equipexe\Ger\Dados\FunCliRouM.XG1","D:\AtelieProd\Equipexe\Ger\Dados","FunCliRouM.XG1",".XG1","4096","16/05/2005 08:17:58"
"D:\AtelieProd\Equipexe\Ger\Dados\FunCliRouM.YG0","D:\AtelieProd\Equipexe\Ger\Dados","FunCliRouM.YG0",".YG0","4096","16/05/2005 08:17:58"
"D:\AtelieProd\Equipexe\Ger\Dados\FunCliRouM.YG1","D:\AtelieProd\Equipexe\Ger\Dados","FunCliRouM.YG1",".YG1","4096","16/05/2005 08:17:58"
"D:\AtelieProd\Equipexe\Ger\Dados\FunCliRouP.DB","D:\AtelieProd\Equipexe\Ger\Dados","FunCliRouP.DB",".DB","2048","29/03/2005 17:25:20"
"D:\AtelieProd\Equipexe\Ger\Dados\FunCliRouP.PX","D:\AtelieProd\Equipexe\Ger\Dados","FunCliRouP.PX",".PX","2048","29/03/2005 17:25:20"
"D:\AtelieProd\Equipexe\Ger\Dados\FunCliRouP.XG0","D:\AtelieProd\Equipexe\Ger\Dados","FunCliRouP.XG0",".XG0","4096","29/03/2005 17:25:20"
"D:\AtelieProd\Equipexe\Ger\Dados\FunCliRouP.YG0","D:\AtelieProd\Equipexe\Ger\Dados","FunCliRouP.YG0",".YG0","4096","29/03/2005 17:25:20"
"D:\AtelieProd\Equipexe\Ger\Dados\FunCliRouUni.DB","D:\AtelieProd\Equipexe\Ger\Dados","FunCliRouUni.DB",".DB","2048","29/03/2005 17:25:20"
"D:\AtelieProd\Equipexe\Ger\Dados\FunCliRouUni.PX","D:\AtelieProd\Equipexe\Ger\Dados","FunCliRouUni.PX",".PX","2048","29/03/2005 17:25:20"
"D:\AtelieProd\Equipexe\Ger\Dados\GerDadCam.DB","D:\AtelieProd\Equipexe\Ger\Dados","GerDadCam.DB",".DB","34816","21/02/2020 16:44:16"
"D:\AtelieProd\Equipexe\Ger\Dados\GerDadCam.MB","D:\AtelieProd\Equipexe\Ger\Dados","GerDadCam.MB",".MB","4096","12/02/2019 09:13:24"
"D:\AtelieProd\Equipexe\Ger\Dados\GerDadCam.PX","D:\AtelieProd\Equipexe\Ger\Dados","GerDadCam.PX",".PX","4096","21/02/2020 16:44:16"
"D:\AtelieProd\Equipexe\Ger\Dados\GerDadFlex.DB","D:\AtelieProd\Equipexe\Ger\Dados","GerDadFlex.DB",".DB","2048","24/04/2018 10:06:30"
"D:\AtelieProd\Equipexe\Ger\Dados\GerDadFlex.PX","D:\AtelieProd\Equipexe\Ger\Dados","GerDadFlex.PX",".PX","2048","24/04/2018 10:06:30"
"D:\AtelieProd\Equipexe\Ger\Dados\GerDadFlex.XG0","D:\AtelieProd\Equipexe\Ger\Dados","GerDadFlex.XG0",".XG0","34816","24/04/2018 10:06:30"
"D:\AtelieProd\Equipexe\Ger\Dados\GerDadFlex.XG1","D:\AtelieProd\Equipexe\Ger\Dados","GerDadFlex.XG1",".XG1","34816","24/04/2018 10:06:30"
"D:\AtelieProd\Equipexe\Ger\Dados\GerDadFlex.YG0","D:\AtelieProd\Equipexe\Ger\Dados","GerDadFlex.YG0",".YG0","4096","24/04/2018 10:06:30"
"D:\AtelieProd\Equipexe\Ger\Dados\GerDadFlex.YG1","D:\AtelieProd\Equipexe\Ger\Dados","GerDadFlex.YG1",".YG1","4096","24/04/2018 10:06:30"
"D:\AtelieProd\Equipexe\Ger\Dados\GerDadGru.DB","D:\AtelieProd\Equipexe\Ger\Dados","GerDadGru.DB",".DB","2048","24/04/2018 10:06:30"
"D:\AtelieProd\Equipexe\Ger\Dados\GerDadGru.PX","D:\AtelieProd\Equipexe\Ger\Dados","GerDadGru.PX",".PX","2048","24/04/2018 10:06:30"
"D:\AtelieProd\Equipexe\Ger\Dados\GerDadGru.XG0","D:\AtelieProd\Equipexe\Ger\Dados","GerDadGru.XG0",".XG0","34816","24/04/2018 10:06:30"
"D:\AtelieProd\Equipexe\Ger\Dados\GerDadGru.YG0","D:\AtelieProd\Equipexe\Ger\Dados","GerDadGru.YG0",".YG0","4096","24/04/2018 10:06:30"
"D:\AtelieProd\Equipexe\Ger\Dados\GruClientes.DB","D:\AtelieProd\Equipexe\Ger\Dados","GruClientes.DB",".DB","34816","24/04/2018 10:06:30"
"D:\AtelieProd\Equipexe\Ger\Dados\GruClientes.PX","D:\AtelieProd\Equipexe\Ger\Dados","GruClientes.PX",".PX","4096","24/04/2018 10:06:30"
"D:\AtelieProd\Equipexe\Ger\Dados\GruClientes.XG0","D:\AtelieProd\Equipexe\Ger\Dados","GruClientes.XG0",".XG0","34816","24/04/2018 10:06:30"
"D:\AtelieProd\Equipexe\Ger\Dados\GruClientes.YG0","D:\AtelieProd\Equipexe\Ger\Dados","GruClientes.YG0",".YG0","4096","24/04/2018 10:06:30"
"D:\AtelieProd\Equipexe\Ger\Dados\GruClientes2.DB","D:\AtelieProd\Equipexe\Ger\Dados","GruClientes2.DB",".DB","2048","24/04/2018 10:06:30"
"D:\AtelieProd\Equipexe\Ger\Dados\GruClientes2.PX","D:\AtelieProd\Equipexe\Ger\Dados","GruClientes2.PX",".PX","2048","24/04/2018 10:06:30"
"D:\AtelieProd\Equipexe\Ger\Dados\GruClientes2.XG0","D:\AtelieProd\Equipexe\Ger\Dados","GruClientes2.XG0",".XG0","34816","24/04/2018 10:06:30"
"D:\AtelieProd\Equipexe\Ger\Dados\GruClientes2.YG0","D:\AtelieProd\Equipexe\Ger\Dados","GruClientes2.YG0",".YG0","4096","24/04/2018 10:06:30"
"D:\AtelieProd\Equipexe\Ger\Dados\GruClientes3.DB","D:\AtelieProd\Equipexe\Ger\Dados","GruClientes3.DB",".DB","2048","24/04/2018 10:06:30"
"D:\AtelieProd\Equipexe\Ger\Dados\GruClientes3.PX","D:\AtelieProd\Equipexe\Ger\Dados","GruClientes3.PX",".PX","2048","24/04/2018 10:06:30"
"D:\AtelieProd\Equipexe\Ger\Dados\GruClientes3.XG0","D:\AtelieProd\Equipexe\Ger\Dados","GruClientes3.XG0",".XG0","34816","24/04/2018 10:06:30"
"D:\AtelieProd\Equipexe\Ger\Dados\GruClientes3.YG0","D:\AtelieProd\Equipexe\Ger\Dados","GruClientes3.YG0",".YG0","4096","24/04/2018 10:06:30"
"D:\AtelieProd\Equipexe\Ger\Dados\GruClientes4.DB","D:\AtelieProd\Equipexe\Ger\Dados","GruClientes4.DB",".DB","2048","24/04/2018 10:06:30"
"D:\AtelieProd\Equipexe\Ger\Dados\GruClientes4.PX","D:\AtelieProd\Equipexe\Ger\Dados","GruClientes4.PX",".PX","2048","24/04/2018 10:06:30"
"D:\AtelieProd\Equipexe\Ger\Dados\GruClientes4.XG0","D:\AtelieProd\Equipexe\Ger\Dados","GruClientes4.XG0",".XG0","34816","24/04/2018 10:06:30"
"D:\AtelieProd\Equipexe\Ger\Dados\GruClientes4.YG0","D:\AtelieProd\Equipexe\Ger\Dados","GruClientes4.YG0",".YG0","4096","24/04/2018 10:06:30"
"D:\AtelieProd\Equipexe\Ger\Dados\GruFil.DB","D:\AtelieProd\Equipexe\Ger\Dados","GruFil.DB",".DB","2048","24/04/2018 10:06:30"
"D:\AtelieProd\Equipexe\Ger\Dados\GruFil.PX","D:\AtelieProd\Equipexe\Ger\Dados","GruFil.PX",".PX","2048","24/04/2018 10:06:30"
"D:\AtelieProd\Equipexe\Ger\Dados\GruFil.XG0","D:\AtelieProd\Equipexe\Ger\Dados","GruFil.XG0",".XG0","34816","24/04/2018 10:06:30"
"D:\AtelieProd\Equipexe\Ger\Dados\GruFil.YG0","D:\AtelieProd\Equipexe\Ger\Dados","GruFil.YG0",".YG0","4096","24/04/2018 10:06:30"
"D:\AtelieProd\Equipexe\Ger\Dados\GruFil2.DB","D:\AtelieProd\Equipexe\Ger\Dados","GruFil2.DB",".DB","2048","24/04/2018 10:06:30"
"D:\AtelieProd\Equipexe\Ger\Dados\GruFil2.PX","D:\AtelieProd\Equipexe\Ger\Dados","GruFil2.PX",".PX","2048","24/04/2018 10:06:30"
"D:\AtelieProd\Equipexe\Ger\Dados\GruFil2.XG0","D:\AtelieProd\Equipexe\Ger\Dados","GruFil2.XG0",".XG0","34816","24/04/2018 10:06:30"
"D:\AtelieProd\Equipexe\Ger\Dados\GruFil2.YG0","D:\AtelieProd\Equipexe\Ger\Dados","GruFil2.YG0",".YG0","4096","24/04/2018 10:06:30"
"D:\AtelieProd\Equipexe\Ger\Dados\GruFil3.DB","D:\AtelieProd\Equipexe\Ger\Dados","GruFil3.DB",".DB","2048","24/04/2018 10:06:30"
"D:\AtelieProd\Equipexe\Ger\Dados\GruFil3.PX","D:\AtelieProd\Equipexe\Ger\Dados","GruFil3.PX",".PX","2048","24/04/2018 10:06:30"
"D:\AtelieProd\Equipexe\Ger\Dados\GruFil3.XG0","D:\AtelieProd\Equipexe\Ger\Dados","GruFil3.XG0",".XG0","34816","24/04/2018 10:06:30"
"D:\AtelieProd\Equipexe\Ger\Dados\GruFil3.YG0","D:\AtelieProd\Equipexe\Ger\Dados","GruFil3.YG0",".YG0","4096","24/04/2018 10:06:30"
"D:\AtelieProd\Equipexe\Ger\Dados\GruFor.DB","D:\AtelieProd\Equipexe\Ger\Dados","GruFor.DB",".DB","34816","24/04/2018 10:06:30"
"D:\AtelieProd\Equipexe\Ger\Dados\GruFor.PX","D:\AtelieProd\Equipexe\Ger\Dados","GruFor.PX",".PX","4096","24/04/2018 10:06:30"
"D:\AtelieProd\Equipexe\Ger\Dados\GruFor.XG0","D:\AtelieProd\Equipexe\Ger\Dados","GruFor.XG0",".XG0","34816","24/04/2018 10:06:30"
"D:\AtelieProd\Equipexe\Ger\Dados\GruFor.YG0","D:\AtelieProd\Equipexe\Ger\Dados","GruFor.YG0",".YG0","4096","24/04/2018 10:06:30"
"D:\AtelieProd\Equipexe\Ger\Dados\GruFor2.DB","D:\AtelieProd\Equipexe\Ger\Dados","GruFor2.DB",".DB","2048","24/04/2018 10:06:30"
"D:\AtelieProd\Equipexe\Ger\Dados\GruFor2.PX","D:\AtelieProd\Equipexe\Ger\Dados","GruFor2.PX",".PX","2048","24/04/2018 10:06:30"
"D:\AtelieProd\Equipexe\Ger\Dados\GruFor2.XG0","D:\AtelieProd\Equipexe\Ger\Dados","GruFor2.XG0",".XG0","34816","24/04/2018 10:06:30"
"D:\AtelieProd\Equipexe\Ger\Dados\GruFor2.YG0","D:\AtelieProd\Equipexe\Ger\Dados","GruFor2.YG0",".YG0","4096","24/04/2018 10:06:30"
"D:\AtelieProd\Equipexe\Ger\Dados\GruFor3.DB","D:\AtelieProd\Equipexe\Ger\Dados","GruFor3.DB",".DB","2048","24/04/2018 10:06:30"
"D:\AtelieProd\Equipexe\Ger\Dados\GruFor3.PX","D:\AtelieProd\Equipexe\Ger\Dados","GruFor3.PX",".PX","2048","24/04/2018 10:06:30"
"D:\AtelieProd\Equipexe\Ger\Dados\GruFor3.XG0","D:\AtelieProd\Equipexe\Ger\Dados","GruFor3.XG0",".XG0","34816","24/04/2018 10:06:30"
"D:\AtelieProd\Equipexe\Ger\Dados\GruFor3.YG0","D:\AtelieProd\Equipexe\Ger\Dados","GruFor3.YG0",".YG0","4096","24/04/2018 10:06:30"
"D:\AtelieProd\Equipexe\Ger\Dados\GruFor4.DB","D:\AtelieProd\Equipexe\Ger\Dados","GruFor4.DB",".DB","2048","24/04/2018 10:06:30"
"D:\AtelieProd\Equipexe\Ger\Dados\GruFor4.PX","D:\AtelieProd\Equipexe\Ger\Dados","GruFor4.PX",".PX","2048","24/04/2018 10:06:30"
"D:\AtelieProd\Equipexe\Ger\Dados\GruFor4.XG0","D:\AtelieProd\Equipexe\Ger\Dados","GruFor4.XG0",".XG0","34816","24/04/2018 10:06:30"
"D:\AtelieProd\Equipexe\Ger\Dados\GruFor4.YG0","D:\AtelieProd\Equipexe\Ger\Dados","GruFor4.YG0",".YG0","4096","24/04/2018 10:06:30"
"D:\AtelieProd\Equipexe\Ger\Dados\GruMiniLav.DB","D:\AtelieProd\Equipexe\Ger\Dados","GruMiniLav.DB",".DB","2048","24/04/2018 10:06:30"
"D:\AtelieProd\Equipexe\Ger\Dados\GruMiniLav.PX","D:\AtelieProd\Equipexe\Ger\Dados","GruMiniLav.PX",".PX","2048","24/04/2018 10:06:30"
"D:\AtelieProd\Equipexe\Ger\Dados\GruMiniLav.XG0","D:\AtelieProd\Equipexe\Ger\Dados","GruMiniLav.XG0",".XG0","34816","24/04/2018 10:06:30"
"D:\AtelieProd\Equipexe\Ger\Dados\GruMiniLav.YG0","D:\AtelieProd\Equipexe\Ger\Dados","GruMiniLav.YG0",".YG0","4096","24/04/2018 10:06:30"
"D:\AtelieProd\Equipexe\Ger\Dados\GruPro.DB","D:\AtelieProd\Equipexe\Ger\Dados","GruPro.DB",".DB","34816","24/04/2018 10:06:30"
"D:\AtelieProd\Equipexe\Ger\Dados\GruPro.PX","D:\AtelieProd\Equipexe\Ger\Dados","GruPro.PX",".PX","4096","24/04/2018 10:06:30"
"D:\AtelieProd\Equipexe\Ger\Dados\GruPro.XG0","D:\AtelieProd\Equipexe\Ger\Dados","GruPro.XG0",".XG0","34816","24/04/2018 10:06:30"
"D:\AtelieProd\Equipexe\Ger\Dados\GruPro.YG0","D:\AtelieProd\Equipexe\Ger\Dados","GruPro.YG0",".YG0","4096","24/04/2018 10:06:30"
"D:\AtelieProd\Equipexe\Ger\Dados\GruProces.DB","D:\AtelieProd\Equipexe\Ger\Dados","GruProces.DB",".DB","2048","24/04/2018 10:06:30"
"D:\AtelieProd\Equipexe\Ger\Dados\GruProces.PX","D:\AtelieProd\Equipexe\Ger\Dados","GruProces.PX",".PX","2048","24/04/2018 10:06:30"
"D:\AtelieProd\Equipexe\Ger\Dados\GruProSub.DB","D:\AtelieProd\Equipexe\Ger\Dados","GruProSub.DB",".DB","2048","24/04/2018 10:06:30"
"D:\AtelieProd\Equipexe\Ger\Dados\GruProSub.PX","D:\AtelieProd\Equipexe\Ger\Dados","GruProSub.PX",".PX","2048","24/04/2018 10:06:30"
"D:\AtelieProd\Equipexe\Ger\Dados\GruProSub.XG0","D:\AtelieProd\Equipexe\Ger\Dados","GruProSub.XG0",".XG0","34816","24/04/2018 10:06:30"
"D:\AtelieProd\Equipexe\Ger\Dados\GruProSub.YG0","D:\AtelieProd\Equipexe\Ger\Dados","GruProSub.YG0",".YG0","4096","24/04/2018 10:06:30"
"D:\AtelieProd\Equipexe\Ger\Dados\GruUsuarios.DB","D:\AtelieProd\Equipexe\Ger\Dados","GruUsuarios.DB",".DB","2048","24/04/2018 10:06:32"
"D:\AtelieProd\Equipexe\Ger\Dados\GruUsuarios.PX","D:\AtelieProd\Equipexe\Ger\Dados","GruUsuarios.PX",".PX","2048","24/04/2018 10:06:32"
"D:\AtelieProd\Equipexe\Ger\Dados\GruUsuarios.XG0","D:\AtelieProd\Equipexe\Ger\Dados","GruUsuarios.XG0",".XG0","34816","24/04/2018 10:06:32"
"D:\AtelieProd\Equipexe\Ger\Dados\GruUsuarios.YG0","D:\AtelieProd\Equipexe\Ger\Dados","GruUsuarios.YG0",".YG0","4096","24/04/2018 10:06:32"
"D:\AtelieProd\Equipexe\Ger\Dados\GruVen.DB","D:\AtelieProd\Equipexe\Ger\Dados","GruVen.DB",".DB","34816","24/04/2018 10:06:32"
"D:\AtelieProd\Equipexe\Ger\Dados\GruVen.PX","D:\AtelieProd\Equipexe\Ger\Dados","GruVen.PX",".PX","4096","24/04/2018 10:06:32"
"D:\AtelieProd\Equipexe\Ger\Dados\GruVen.XG0","D:\AtelieProd\Equipexe\Ger\Dados","GruVen.XG0",".XG0","34816","24/04/2018 10:06:32"
"D:\AtelieProd\Equipexe\Ger\Dados\GruVen.XG1","D:\AtelieProd\Equipexe\Ger\Dados","GruVen.XG1",".XG1","34816","24/04/2018 10:06:32"
"D:\AtelieProd\Equipexe\Ger\Dados\GruVen.YG0","D:\AtelieProd\Equipexe\Ger\Dados","GruVen.YG0",".YG0","4096","24/04/2018 10:06:32"
"D:\AtelieProd\Equipexe\Ger\Dados\GruVen.YG1","D:\AtelieProd\Equipexe\Ger\Dados","GruVen.YG1",".YG1","4096","24/04/2018 10:06:32"
"D:\AtelieProd\Equipexe\Ger\Dados\InteresCan.DB","D:\AtelieProd\Equipexe\Ger\Dados","InteresCan.DB",".DB","2048","24/04/2018 10:06:32"
"D:\AtelieProd\Equipexe\Ger\Dados\InteresCan.PX","D:\AtelieProd\Equipexe\Ger\Dados","InteresCan.PX",".PX","2048","24/04/2018 10:06:32"
"D:\AtelieProd\Equipexe\Ger\Dados\InteresCan.XG0","D:\AtelieProd\Equipexe\Ger\Dados","InteresCan.XG0",".XG0","34816","24/04/2018 10:06:32"
"D:\AtelieProd\Equipexe\Ger\Dados\InteresCan.YG0","D:\AtelieProd\Equipexe\Ger\Dados","InteresCan.YG0",".YG0","4096","24/04/2018 10:06:32"
"D:\AtelieProd\Equipexe\Ger\Dados\InteresMar.DB","D:\AtelieProd\Equipexe\Ger\Dados","InteresMar.DB",".DB","2048","24/04/2018 10:06:32"
"D:\AtelieProd\Equipexe\Ger\Dados\InteresMar.PX","D:\AtelieProd\Equipexe\Ger\Dados","InteresMar.PX",".PX","2048","24/04/2018 10:06:32"
"D:\AtelieProd\Equipexe\Ger\Dados\InteresMar.XG0","D:\AtelieProd\Equipexe\Ger\Dados","InteresMar.XG0",".XG0","34816","24/04/2018 10:06:32"
"D:\AtelieProd\Equipexe\Ger\Dados\InteresMar.YG0","D:\AtelieProd\Equipexe\Ger\Dados","InteresMar.YG0",".YG0","4096","24/04/2018 10:06:32"
"D:\AtelieProd\Equipexe\Ger\Dados\Interessad.DB","D:\AtelieProd\Equipexe\Ger\Dados","Interessad.DB",".DB","2048","24/04/2018 10:06:32"
"D:\AtelieProd\Equipexe\Ger\Dados\Interessad.PX","D:\AtelieProd\Equipexe\Ger\Dados","Interessad.PX",".PX","2048","24/04/2018 10:06:32"
"D:\AtelieProd\Equipexe\Ger\Dados\Interessad.XG0","D:\AtelieProd\Equipexe\Ger\Dados","Interessad.XG0",".XG0","34816","24/04/2018 10:06:32"
"D:\AtelieProd\Equipexe\Ger\Dados\Interessad.XG1","D:\AtelieProd\Equipexe\Ger\Dados","Interessad.XG1",".XG1","34816","24/04/2018 10:06:32"
"D:\AtelieProd\Equipexe\Ger\Dados\Interessad.YG0","D:\AtelieProd\Equipexe\Ger\Dados","Interessad.YG0",".YG0","4096","24/04/2018 10:06:32"
"D:\AtelieProd\Equipexe\Ger\Dados\Interessad.YG1","D:\AtelieProd\Equipexe\Ger\Dados","Interessad.YG1",".YG1","4096","24/04/2018 10:06:32"
"D:\AtelieProd\Equipexe\Ger\Dados\LigTel.DB","D:\AtelieProd\Equipexe\Ger\Dados","LigTel.DB",".DB","2048","24/04/2018 10:06:32"
"D:\AtelieProd\Equipexe\Ger\Dados\LigTel.PX","D:\AtelieProd\Equipexe\Ger\Dados","LigTel.PX",".PX","2048","24/04/2018 10:06:32"
"D:\AtelieProd\Equipexe\Ger\Dados\LogSis.DB","D:\AtelieProd\Equipexe\Ger\Dados","LogSis.DB",".DB","29526016","21/05/2026 16:45:33"
"D:\AtelieProd\Equipexe\Ger\Dados\LogSis.PX","D:\AtelieProd\Equipexe\Ger\Dados","LogSis.PX",".PX","14336","21/05/2026 16:45:33"
"D:\AtelieProd\Equipexe\Ger\Dados\LogSis.XG0","D:\AtelieProd\Equipexe\Ger\Dados","LogSis.XG0",".XG0","1116160","09/03/2024 08:32:39"
"D:\AtelieProd\Equipexe\Ger\Dados\LogSis.YG0","D:\AtelieProd\Equipexe\Ger\Dados","LogSis.YG0",".YG0","4096","09/03/2024 08:32:39"
"D:\AtelieProd\Equipexe\Ger\Dados\MotAltDup.DB","D:\AtelieProd\Equipexe\Ger\Dados","MotAltDup.DB",".DB","2048","24/04/2018 10:06:34"
"D:\AtelieProd\Equipexe\Ger\Dados\MotAltDup.PX","D:\AtelieProd\Equipexe\Ger\Dados","MotAltDup.PX",".PX","2048","24/04/2018 10:06:34"
"D:\AtelieProd\Equipexe\Ger\Dados\MotAltDup.XG0","D:\AtelieProd\Equipexe\Ger\Dados","MotAltDup.XG0",".XG0","34816","24/04/2018 10:06:34"
"D:\AtelieProd\Equipexe\Ger\Dados\MotAltDup.YG0","D:\AtelieProd\Equipexe\Ger\Dados","MotAltDup.YG0",".YG0","4096","24/04/2018 10:06:34"
"D:\AtelieProd\Equipexe\Ger\Dados\Motorista.DB","D:\AtelieProd\Equipexe\Ger\Dados","Motorista.DB",".DB","4096","06/11/1999 16:15:14"
"D:\AtelieProd\Equipexe\Ger\Dados\Motorista.PX","D:\AtelieProd\Equipexe\Ger\Dados","Motorista.PX",".PX","4096","06/11/1999 16:15:14"
"D:\AtelieProd\Equipexe\Ger\Dados\Motorista.XG0","D:\AtelieProd\Equipexe\Ger\Dados","Motorista.XG0",".XG0","4096","06/11/1999 16:15:14"
"D:\AtelieProd\Equipexe\Ger\Dados\Motorista.YG0","D:\AtelieProd\Equipexe\Ger\Dados","Motorista.YG0",".YG0","4096","06/11/1999 16:15:14"
"D:\AtelieProd\Equipexe\Ger\Dados\MovPecLavLog.DB","D:\AtelieProd\Equipexe\Ger\Dados","MovPecLavLog.DB",".DB","2048","24/04/2018 10:06:50"
"D:\AtelieProd\Equipexe\Ger\Dados\MovPecLavLog.PX","D:\AtelieProd\Equipexe\Ger\Dados","MovPecLavLog.PX",".PX","2048","24/04/2018 10:06:50"
"D:\AtelieProd\Equipexe\Ger\Dados\MovPecLavLog.XG0","D:\AtelieProd\Equipexe\Ger\Dados","MovPecLavLog.XG0",".XG0","34816","24/04/2018 10:06:50"
"D:\AtelieProd\Equipexe\Ger\Dados\MovPecLavLog.YG0","D:\AtelieProd\Equipexe\Ger\Dados","MovPecLavLog.YG0",".YG0","4096","24/04/2018 10:06:50"
"D:\AtelieProd\Equipexe\Ger\Dados\Nivel.DB","D:\AtelieProd\Equipexe\Ger\Dados","Nivel.DB",".DB","67584","24/04/2018 10:07:00"
"D:\AtelieProd\Equipexe\Ger\Dados\Nivel.PX","D:\AtelieProd\Equipexe\Ger\Dados","Nivel.PX",".PX","4096","24/04/2018 10:07:00"
"D:\AtelieProd\Equipexe\Ger\Dados\Nivel.XG0","D:\AtelieProd\Equipexe\Ger\Dados","Nivel.XG0",".XG0","67584","24/04/2018 10:07:00"
"D:\AtelieProd\Equipexe\Ger\Dados\Nivel.XG1","D:\AtelieProd\Equipexe\Ger\Dados","Nivel.XG1",".XG1","67584","24/04/2018 10:07:00"
"D:\AtelieProd\Equipexe\Ger\Dados\Nivel.YG0","D:\AtelieProd\Equipexe\Ger\Dados","Nivel.YG0",".YG0","4096","24/04/2018 10:07:00"
"D:\AtelieProd\Equipexe\Ger\Dados\Nivel.YG1","D:\AtelieProd\Equipexe\Ger\Dados","Nivel.YG1",".YG1","4096","24/04/2018 10:07:00"
"D:\AtelieProd\Equipexe\Ger\Dados\NovoReg.BD.DB","D:\AtelieProd\Equipexe\Ger\Dados","NovoReg.BD.DB",".DB","2048","14/06/2005 09:45:48"
"D:\AtelieProd\Equipexe\Ger\Dados\NovoReg.DB","D:\AtelieProd\Equipexe\Ger\Dados","NovoReg.DB",".DB","2048","18/10/2004 14:09:44"
"D:\AtelieProd\Equipexe\Ger\Dados\NovoReg.db.DB","D:\AtelieProd\Equipexe\Ger\Dados","NovoReg.db.DB",".DB","2048","14/06/2005 09:45:48"
"D:\AtelieProd\Equipexe\Ger\Dados\NovoRegBD.DB","D:\AtelieProd\Equipexe\Ger\Dados","NovoRegBD.DB",".DB","2048","24/04/2018 10:07:02"
"D:\AtelieProd\Equipexe\Ger\Dados\PadLctoFin.DB","D:\AtelieProd\Equipexe\Ger\Dados","PadLctoFin.DB",".DB","34816","24/04/2018 10:07:02"
"D:\AtelieProd\Equipexe\Ger\Dados\PadLctoFin.PX","D:\AtelieProd\Equipexe\Ger\Dados","PadLctoFin.PX",".PX","4096","24/04/2018 10:07:02"
"D:\AtelieProd\Equipexe\Ger\Dados\ResCli.DB","D:\AtelieProd\Equipexe\Ger\Dados","ResCli.DB",".DB","2048","23/03/2001 00:55:40"
"D:\AtelieProd\Equipexe\Ger\Dados\ResCli.PX","D:\AtelieProd\Equipexe\Ger\Dados","ResCli.PX",".PX","2048","23/03/2001 00:55:40"
"D:\AtelieProd\Equipexe\Ger\Dados\ResCli.XG0","D:\AtelieProd\Equipexe\Ger\Dados","ResCli.XG0",".XG0","4096","23/03/2001 00:55:40"
"D:\AtelieProd\Equipexe\Ger\Dados\ResCli.YG0","D:\AtelieProd\Equipexe\Ger\Dados","ResCli.YG0",".YG0","4096","23/03/2001 00:55:40"
"D:\AtelieProd\Equipexe\Ger\Dados\Roteiros.DB","D:\AtelieProd\Equipexe\Ger\Dados","Roteiros.DB",".DB","2048","24/04/2018 10:07:08"
"D:\AtelieProd\Equipexe\Ger\Dados\Roteiros.PX","D:\AtelieProd\Equipexe\Ger\Dados","Roteiros.PX",".PX","2048","24/04/2018 10:07:08"
"D:\AtelieProd\Equipexe\Ger\Dados\Roteiros.XG0","D:\AtelieProd\Equipexe\Ger\Dados","Roteiros.XG0",".XG0","34816","24/04/2018 10:07:08"
"D:\AtelieProd\Equipexe\Ger\Dados\Roteiros.YG0","D:\AtelieProd\Equipexe\Ger\Dados","Roteiros.YG0",".YG0","4096","24/04/2018 10:07:08"
"D:\AtelieProd\Equipexe\Ger\Dados\Senhas.DB","D:\AtelieProd\Equipexe\Ger\Dados","Senhas.DB",".DB","2048","24/04/2018 10:07:08"
"D:\AtelieProd\Equipexe\Ger\Dados\Senhas.PX","D:\AtelieProd\Equipexe\Ger\Dados","Senhas.PX",".PX","2048","24/04/2018 10:07:08"
"D:\AtelieProd\Equipexe\Ger\Dados\Senhas.XG0","D:\AtelieProd\Equipexe\Ger\Dados","Senhas.XG0",".XG0","34816","24/04/2018 10:07:08"
"D:\AtelieProd\Equipexe\Ger\Dados\Senhas.YG0","D:\AtelieProd\Equipexe\Ger\Dados","Senhas.YG0",".YG0","4096","24/04/2018 10:07:08"
"D:\AtelieProd\Equipexe\Ger\Dados\TelCont.DB","D:\AtelieProd\Equipexe\Ger\Dados","TelCont.DB",".DB","2048","24/04/2018 10:07:12"
"D:\AtelieProd\Equipexe\Ger\Dados\TelCont.PX","D:\AtelieProd\Equipexe\Ger\Dados","TelCont.PX",".PX","2048","24/04/2018 10:07:12"
"D:\AtelieProd\Equipexe\Ger\Dados\TelFilial.DB","D:\AtelieProd\Equipexe\Ger\Dados","TelFilial.DB",".DB","2048","24/04/2018 10:07:12"
"D:\AtelieProd\Equipexe\Ger\Dados\TelFilial.PX","D:\AtelieProd\Equipexe\Ger\Dados","TelFilial.PX",".PX","2048","24/04/2018 10:07:12"
"D:\AtelieProd\Equipexe\Ger\Dados\TipFil.DB","D:\AtelieProd\Equipexe\Ger\Dados","TipFil.DB",".DB","2048","24/04/2018 10:07:12"
"D:\AtelieProd\Equipexe\Ger\Dados\TipFil.PX","D:\AtelieProd\Equipexe\Ger\Dados","TipFil.PX",".PX","2048","24/04/2018 10:07:12"
"D:\AtelieProd\Equipexe\Ger\Dados\TipFil.XG0","D:\AtelieProd\Equipexe\Ger\Dados","TipFil.XG0",".XG0","34816","24/04/2018 10:07:12"
"D:\AtelieProd\Equipexe\Ger\Dados\TipFil.YG0","D:\AtelieProd\Equipexe\Ger\Dados","TipFil.YG0",".YG0","4096","24/04/2018 10:07:12"
"D:\AtelieProd\Equipexe\Ger\Dados\TipoExped.DB","D:\AtelieProd\Equipexe\Ger\Dados","TipoExped.DB",".DB","2048","24/04/2018 10:07:12"
"D:\AtelieProd\Equipexe\Ger\Dados\TipoExped.PX","D:\AtelieProd\Equipexe\Ger\Dados","TipoExped.PX",".PX","2048","24/04/2018 10:07:12"
"D:\AtelieProd\Equipexe\Ger\Dados\TipoExped.XG0","D:\AtelieProd\Equipexe\Ger\Dados","TipoExped.XG0",".XG0","34816","24/04/2018 10:07:12"
"D:\AtelieProd\Equipexe\Ger\Dados\TipoExped.YG0","D:\AtelieProd\Equipexe\Ger\Dados","TipoExped.YG0",".YG0","4096","24/04/2018 10:07:12"
"D:\AtelieProd\Equipexe\Ger\Dados\Transp.DB","D:\AtelieProd\Equipexe\Ger\Dados","Transp.DB",".DB","2048","24/04/2018 10:07:12"
"D:\AtelieProd\Equipexe\Ger\Dados\Transp.PX","D:\AtelieProd\Equipexe\Ger\Dados","Transp.PX",".PX","2048","24/04/2018 10:07:12"
"D:\AtelieProd\Equipexe\Ger\Dados\Transp.XG0","D:\AtelieProd\Equipexe\Ger\Dados","Transp.XG0",".XG0","34816","24/04/2018 10:07:12"
"D:\AtelieProd\Equipexe\Ger\Dados\Transp.YG0","D:\AtelieProd\Equipexe\Ger\Dados","Transp.YG0",".YG0","4096","24/04/2018 10:07:12"
"D:\AtelieProd\Equipexe\Ger\Dados\UsuaFil.DB","D:\AtelieProd\Equipexe\Ger\Dados","UsuaFil.DB",".DB","2048","24/04/2018 10:07:14"
"D:\AtelieProd\Equipexe\Ger\Dados\UsuaFil.PX","D:\AtelieProd\Equipexe\Ger\Dados","UsuaFil.PX",".PX","2048","24/04/2018 10:07:14"
"D:\AtelieProd\Equipexe\Ger\Dados\UsuaFil.XG0","D:\AtelieProd\Equipexe\Ger\Dados","UsuaFil.XG0",".XG0","34816","24/04/2018 10:07:14"
"D:\AtelieProd\Equipexe\Ger\Dados\UsuaFil.XG1","D:\AtelieProd\Equipexe\Ger\Dados","UsuaFil.XG1",".XG1","34816","24/04/2018 10:07:14"
"D:\AtelieProd\Equipexe\Ger\Dados\UsuaFil.YG0","D:\AtelieProd\Equipexe\Ger\Dados","UsuaFil.YG0",".YG0","4096","24/04/2018 10:07:14"
"D:\AtelieProd\Equipexe\Ger\Dados\UsuaFil.YG1","D:\AtelieProd\Equipexe\Ger\Dados","UsuaFil.YG1",".YG1","4096","24/04/2018 10:07:14"
"D:\AtelieProd\Equipexe\Ger\Dados\UsuaGru.DB","D:\AtelieProd\Equipexe\Ger\Dados","UsuaGru.DB",".DB","2048","24/04/2018 10:07:14"
"D:\AtelieProd\Equipexe\Ger\Dados\UsuaGru.PX","D:\AtelieProd\Equipexe\Ger\Dados","UsuaGru.PX",".PX","2048","24/04/2018 10:07:14"
"D:\AtelieProd\Equipexe\Ger\Dados\UsuaGru.XG0","D:\AtelieProd\Equipexe\Ger\Dados","UsuaGru.XG0",".XG0","34816","24/04/2018 10:07:14"
"D:\AtelieProd\Equipexe\Ger\Dados\UsuaGru.YG0","D:\AtelieProd\Equipexe\Ger\Dados","UsuaGru.YG0",".YG0","4096","24/04/2018 10:07:14"
"D:\AtelieProd\Equipexe\Ger\Dados\UsuaGruInt.DB","D:\AtelieProd\Equipexe\Ger\Dados","UsuaGruInt.DB",".DB","2048","24/04/2018 10:07:14"
"D:\AtelieProd\Equipexe\Ger\Dados\UsuaGruInt.PX","D:\AtelieProd\Equipexe\Ger\Dados","UsuaGruInt.PX",".PX","2048","24/04/2018 10:07:14"
"D:\AtelieProd\Equipexe\Ger\Dados\UsuaGruInt.XG0","D:\AtelieProd\Equipexe\Ger\Dados","UsuaGruInt.XG0",".XG0","34816","24/04/2018 10:07:14"
"D:\AtelieProd\Equipexe\Ger\Dados\UsuaGruInt.XG1","D:\AtelieProd\Equipexe\Ger\Dados","UsuaGruInt.XG1",".XG1","34816","24/04/2018 10:07:14"
"D:\AtelieProd\Equipexe\Ger\Dados\UsuaGruInt.YG0","D:\AtelieProd\Equipexe\Ger\Dados","UsuaGruInt.YG0",".YG0","4096","24/04/2018 10:07:14"
"D:\AtelieProd\Equipexe\Ger\Dados\UsuaGruInt.YG1","D:\AtelieProd\Equipexe\Ger\Dados","UsuaGruInt.YG1",".YG1","4096","24/04/2018 10:07:14"
"D:\AtelieProd\Equipexe\Ger\Dados\Usuarios.DB","D:\AtelieProd\Equipexe\Ger\Dados","Usuarios.DB",".DB","34816","24/04/2018 10:07:14"
"D:\AtelieProd\Equipexe\Ger\Dados\Usuarios.PX","D:\AtelieProd\Equipexe\Ger\Dados","Usuarios.PX",".PX","4096","24/04/2018 10:07:14"
"D:\AtelieProd\Equipexe\Ger\Dados\Usuarios.XG0","D:\AtelieProd\Equipexe\Ger\Dados","Usuarios.XG0",".XG0","34816","24/04/2018 10:07:14"
"D:\AtelieProd\Equipexe\Ger\Dados\Usuarios.XG1","D:\AtelieProd\Equipexe\Ger\Dados","Usuarios.XG1",".XG1","34816","24/04/2018 10:07:14"
"D:\AtelieProd\Equipexe\Ger\Dados\Usuarios.YG0","D:\AtelieProd\Equipexe\Ger\Dados","Usuarios.YG0",".YG0","4096","24/04/2018 10:07:14"
"D:\AtelieProd\Equipexe\Ger\Dados\Usuarios.YG1","D:\AtelieProd\Equipexe\Ger\Dados","Usuarios.YG1",".YG1","4096","24/04/2018 10:07:14"
"D:\AtelieProd\Equipexe\Ger\Dados\UsuaSis.DB","D:\AtelieProd\Equipexe\Ger\Dados","UsuaSis.DB",".DB","34816","24/04/2018 10:07:14"
"D:\AtelieProd\Equipexe\Ger\Dados\UsuaSis.PX","D:\AtelieProd\Equipexe\Ger\Dados","UsuaSis.PX",".PX","4096","24/04/2018 10:07:14"
"D:\AtelieProd\Equipexe\Ger\Dados\UsuaSis.XG0","D:\AtelieProd\Equipexe\Ger\Dados","UsuaSis.XG0",".XG0","34816","24/04/2018 10:07:14"
"D:\AtelieProd\Equipexe\Ger\Dados\UsuaSis.XG1","D:\AtelieProd\Equipexe\Ger\Dados","UsuaSis.XG1",".XG1","34816","24/04/2018 10:07:14"
"D:\AtelieProd\Equipexe\Ger\Dados\UsuaSis.YG0","D:\AtelieProd\Equipexe\Ger\Dados","UsuaSis.YG0",".YG0","4096","24/04/2018 10:07:14"
"D:\AtelieProd\Equipexe\Ger\Dados\UsuaSis.YG1","D:\AtelieProd\Equipexe\Ger\Dados","UsuaSis.YG1",".YG1","4096","24/04/2018 10:07:14"
"D:\AtelieProd\Equipexe\Ger\Dados\Veiculo.DB","D:\AtelieProd\Equipexe\Ger\Dados","Veiculo.DB",".DB","4096","29/08/2005 12:24:04"
"D:\AtelieProd\Equipexe\Ger\Dados\Veiculo.PX","D:\AtelieProd\Equipexe\Ger\Dados","Veiculo.PX",".PX","4096","29/08/2005 12:24:04"
"D:\AtelieProd\Equipexe\Ger\Dados\Veiculo.XG0","D:\AtelieProd\Equipexe\Ger\Dados","Veiculo.XG0",".XG0","4096","29/08/2005 12:24:04"
"D:\AtelieProd\Equipexe\Ger\Dados\Veiculo.YG0","D:\AtelieProd\Equipexe\Ger\Dados","Veiculo.YG0",".YG0","4096","29/08/2005 12:24:04"
"D:\AtelieProd\Equipexe\Ger\Dados\Backup\Clientes.DB","D:\AtelieProd\Equipexe\Ger\Dados\Backup","Clientes.DB",".DB","8296448","14/03/2020 15:14:42"
"D:\AtelieProd\Equipexe\Ger\Dados\Backup\Clientes.PX","D:\AtelieProd\Equipexe\Ger\Dados\Backup","Clientes.PX",".PX","10240","13/03/2020 12:05:54"
"D:\AtelieProd\Equipexe\Ger\Dados\Backup\Clientes.XG0","D:\AtelieProd\Equipexe\Ger\Dados\Backup","Clientes.XG0",".XG0","198656","13/03/2020 12:05:54"
"D:\AtelieProd\Equipexe\Ger\Dados\Backup\Clientes.XG1","D:\AtelieProd\Equipexe\Ger\Dados\Backup","Clientes.XG1",".XG1","165888","13/03/2020 12:05:54"
"D:\AtelieProd\Equipexe\Ger\Dados\Backup\Clientes.YG0","D:\AtelieProd\Equipexe\Ger\Dados\Backup","Clientes.YG0",".YG0","4096","13/03/2020 12:05:54"
"D:\AtelieProd\Equipexe\Ger\Dados\Backup\Clientes.YG1","D:\AtelieProd\Equipexe\Ger\Dados\Backup","Clientes.YG1",".YG1","4096","13/03/2020 12:05:54"
"D:\AtelieProd\Equipexe\Ger\Filial\CadCai.DB","D:\AtelieProd\Equipexe\Ger\Filial","CadCai.DB",".DB","1214464","20/05/2026 10:54:42"
"D:\AtelieProd\Equipexe\Ger\Filial\CadCai.PX","D:\AtelieProd\Equipexe\Ger\Filial","CadCai.PX",".PX","4096","20/05/2026 10:54:42"
"D:\AtelieProd\Equipexe\Ger\Filial\CadCai.XG0","D:\AtelieProd\Equipexe\Ger\Filial","CadCai.XG0",".XG0","100352","20/05/2026 10:54:42"
"D:\AtelieProd\Equipexe\Ger\Filial\CadCai.XG1","D:\AtelieProd\Equipexe\Ger\Filial","CadCai.XG1",".XG1","67584","20/05/2026 10:54:42"
"D:\AtelieProd\Equipexe\Ger\Filial\CadCai.YG0","D:\AtelieProd\Equipexe\Ger\Filial","CadCai.YG0",".YG0","4096","20/05/2026 10:54:42"
"D:\AtelieProd\Equipexe\Ger\Filial\CadCai.YG1","D:\AtelieProd\Equipexe\Ger\Filial","CadCai.YG1",".YG1","4096","20/05/2026 10:54:42"
"D:\AtelieProd\Equipexe\Ger\Filial\CadDes.DB","D:\AtelieProd\Equipexe\Ger\Filial","CadDes.DB",".DB","2048","24/04/2018 10:06:10"
"D:\AtelieProd\Equipexe\Ger\Filial\CadDes.PX","D:\AtelieProd\Equipexe\Ger\Filial","CadDes.PX",".PX","2048","24/04/2018 10:06:10"
"D:\AtelieProd\Equipexe\Ger\Filial\CadDes.XG0","D:\AtelieProd\Equipexe\Ger\Filial","CadDes.XG0",".XG0","34816","24/04/2018 10:06:10"
"D:\AtelieProd\Equipexe\Ger\Filial\CadDes.XG1","D:\AtelieProd\Equipexe\Ger\Filial","CadDes.XG1",".XG1","34816","24/04/2018 10:06:10"
"D:\AtelieProd\Equipexe\Ger\Filial\CadDes.YG0","D:\AtelieProd\Equipexe\Ger\Filial","CadDes.YG0",".YG0","4096","24/04/2018 10:06:10"
"D:\AtelieProd\Equipexe\Ger\Filial\CadDes.YG1","D:\AtelieProd\Equipexe\Ger\Filial","CadDes.YG1",".YG1","4096","24/04/2018 10:06:10"
"D:\AtelieProd\Equipexe\Ger\Filial\CadMaq.DB","D:\AtelieProd\Equipexe\Ger\Filial","CadMaq.DB",".DB","2048","24/04/2018 10:06:14"
"D:\AtelieProd\Equipexe\Ger\Filial\CadMaq.PX","D:\AtelieProd\Equipexe\Ger\Filial","CadMaq.PX",".PX","2048","24/04/2018 10:06:14"
"D:\AtelieProd\Equipexe\Ger\Filial\CadMaq.XG0","D:\AtelieProd\Equipexe\Ger\Filial","CadMaq.XG0",".XG0","34816","24/04/2018 10:06:14"
"D:\AtelieProd\Equipexe\Ger\Filial\CadMaq.YG0","D:\AtelieProd\Equipexe\Ger\Filial","CadMaq.YG0",".YG0","4096","24/04/2018 10:06:14"
"D:\AtelieProd\Equipexe\Ger\Filial\Cheque1.DB","D:\AtelieProd\Equipexe\Ger\Filial","Cheque1.DB",".DB","2048","24/04/2018 10:06:18"
"D:\AtelieProd\Equipexe\Ger\Filial\Cheque1.PX","D:\AtelieProd\Equipexe\Ger\Filial","Cheque1.PX",".PX","2048","24/04/2018 10:06:18"
"D:\AtelieProd\Equipexe\Ger\Filial\Cheque1Comp.DB","D:\AtelieProd\Equipexe\Ger\Filial","Cheque1Comp.DB",".DB","2048","24/04/2018 10:06:18"
"D:\AtelieProd\Equipexe\Ger\Filial\Cheque1Comp.PX","D:\AtelieProd\Equipexe\Ger\Filial","Cheque1Comp.PX",".PX","2048","24/04/2018 10:06:18"
"D:\AtelieProd\Equipexe\Ger\Filial\Cheque1Comp.XG0","D:\AtelieProd\Equipexe\Ger\Filial","Cheque1Comp.XG0",".XG0","34816","24/04/2018 10:06:18"
"D:\AtelieProd\Equipexe\Ger\Filial\Cheque1Comp.YG0","D:\AtelieProd\Equipexe\Ger\Filial","Cheque1Comp.YG0",".YG0","4096","24/04/2018 10:06:18"
"D:\AtelieProd\Equipexe\Ger\Filial\Cheque2.DB","D:\AtelieProd\Equipexe\Ger\Filial","Cheque2.DB",".DB","2048","24/04/2018 10:06:18"
"D:\AtelieProd\Equipexe\Ger\Filial\Cheque2.PX","D:\AtelieProd\Equipexe\Ger\Filial","Cheque2.PX",".PX","2048","24/04/2018 10:06:18"
"D:\AtelieProd\Equipexe\Ger\Filial\Cheque2Comp.DB","D:\AtelieProd\Equipexe\Ger\Filial","Cheque2Comp.DB",".DB","2048","24/04/2018 10:06:18"
"D:\AtelieProd\Equipexe\Ger\Filial\Cheque2Comp.PX","D:\AtelieProd\Equipexe\Ger\Filial","Cheque2Comp.PX",".PX","2048","24/04/2018 10:06:18"
"D:\AtelieProd\Equipexe\Ger\Filial\Cheque2Comp.XG0","D:\AtelieProd\Equipexe\Ger\Filial","Cheque2Comp.XG0",".XG0","34816","24/04/2018 10:06:18"
"D:\AtelieProd\Equipexe\Ger\Filial\Cheque2Comp.YG0","D:\AtelieProd\Equipexe\Ger\Filial","Cheque2Comp.YG0",".YG0","4096","24/04/2018 10:06:18"
"D:\AtelieProd\Equipexe\Ger\Filial\Cheque3.DB","D:\AtelieProd\Equipexe\Ger\Filial","Cheque3.DB",".DB","2048","24/04/2018 10:06:18"
"D:\AtelieProd\Equipexe\Ger\Filial\Cheque3.PX","D:\AtelieProd\Equipexe\Ger\Filial","Cheque3.PX",".PX","2048","24/04/2018 10:06:18"
"D:\AtelieProd\Equipexe\Ger\Filial\Cheque3Comp.DB","D:\AtelieProd\Equipexe\Ger\Filial","Cheque3Comp.DB",".DB","2048","24/04/2018 10:06:18"
"D:\AtelieProd\Equipexe\Ger\Filial\Cheque3Comp.PX","D:\AtelieProd\Equipexe\Ger\Filial","Cheque3Comp.PX",".PX","2048","24/04/2018 10:06:18"
"D:\AtelieProd\Equipexe\Ger\Filial\Cheque3Comp.XG0","D:\AtelieProd\Equipexe\Ger\Filial","Cheque3Comp.XG0",".XG0","34816","24/04/2018 10:06:18"
"D:\AtelieProd\Equipexe\Ger\Filial\Cheque3Comp.YG0","D:\AtelieProd\Equipexe\Ger\Filial","Cheque3Comp.YG0",".YG0","4096","24/04/2018 10:06:18"
"D:\AtelieProd\Equipexe\Ger\Filial\Cheque4.DB","D:\AtelieProd\Equipexe\Ger\Filial","Cheque4.DB",".DB","2048","24/04/2018 10:06:18"
"D:\AtelieProd\Equipexe\Ger\Filial\Cheque4.PX","D:\AtelieProd\Equipexe\Ger\Filial","Cheque4.PX",".PX","2048","24/04/2018 10:06:18"
"D:\AtelieProd\Equipexe\Ger\Filial\Cheque4Comp.DB","D:\AtelieProd\Equipexe\Ger\Filial","Cheque4Comp.DB",".DB","2048","24/04/2018 10:06:18"
"D:\AtelieProd\Equipexe\Ger\Filial\Cheque4Comp.PX","D:\AtelieProd\Equipexe\Ger\Filial","Cheque4Comp.PX",".PX","2048","24/04/2018 10:06:18"
"D:\AtelieProd\Equipexe\Ger\Filial\Cheque4Comp.XG0","D:\AtelieProd\Equipexe\Ger\Filial","Cheque4Comp.XG0",".XG0","34816","24/04/2018 10:06:18"
"D:\AtelieProd\Equipexe\Ger\Filial\Cheque4Comp.YG0","D:\AtelieProd\Equipexe\Ger\Filial","Cheque4Comp.YG0",".YG0","4096","24/04/2018 10:06:18"
"D:\AtelieProd\Equipexe\Ger\Filial\Cheque5.DB","D:\AtelieProd\Equipexe\Ger\Filial","Cheque5.DB",".DB","2048","24/04/2018 10:06:18"
"D:\AtelieProd\Equipexe\Ger\Filial\Cheque5.PX","D:\AtelieProd\Equipexe\Ger\Filial","Cheque5.PX",".PX","2048","24/04/2018 10:06:18"
"D:\AtelieProd\Equipexe\Ger\Filial\Cheque5Comp.DB","D:\AtelieProd\Equipexe\Ger\Filial","Cheque5Comp.DB",".DB","2048","24/04/2018 10:06:18"
"D:\AtelieProd\Equipexe\Ger\Filial\Cheque5Comp.PX","D:\AtelieProd\Equipexe\Ger\Filial","Cheque5Comp.PX",".PX","2048","24/04/2018 10:06:18"
"D:\AtelieProd\Equipexe\Ger\Filial\Cheque5Comp.XG0","D:\AtelieProd\Equipexe\Ger\Filial","Cheque5Comp.XG0",".XG0","34816","24/04/2018 10:06:18"
"D:\AtelieProd\Equipexe\Ger\Filial\Cheque5Comp.YG0","D:\AtelieProd\Equipexe\Ger\Filial","Cheque5Comp.YG0",".YG0","4096","24/04/2018 10:06:18"
"D:\AtelieProd\Equipexe\Ger\Filial\Cheque6.DB","D:\AtelieProd\Equipexe\Ger\Filial","Cheque6.DB",".DB","2048","24/04/2018 10:06:18"
"D:\AtelieProd\Equipexe\Ger\Filial\Cheque6.PX","D:\AtelieProd\Equipexe\Ger\Filial","Cheque6.PX",".PX","2048","24/04/2018 10:06:18"
"D:\AtelieProd\Equipexe\Ger\Filial\Cheque6Comp.DB","D:\AtelieProd\Equipexe\Ger\Filial","Cheque6Comp.DB",".DB","2048","24/04/2018 10:06:18"
"D:\AtelieProd\Equipexe\Ger\Filial\Cheque6Comp.PX","D:\AtelieProd\Equipexe\Ger\Filial","Cheque6Comp.PX",".PX","2048","24/04/2018 10:06:18"
"D:\AtelieProd\Equipexe\Ger\Filial\Cheque6Comp.XG0","D:\AtelieProd\Equipexe\Ger\Filial","Cheque6Comp.XG0",".XG0","34816","24/04/2018 10:06:18"
"D:\AtelieProd\Equipexe\Ger\Filial\Cheque6Comp.YG0","D:\AtelieProd\Equipexe\Ger\Filial","Cheque6Comp.YG0",".YG0","4096","24/04/2018 10:06:18"
"D:\AtelieProd\Equipexe\Ger\Filial\Cheque7.DB","D:\AtelieProd\Equipexe\Ger\Filial","Cheque7.DB",".DB","2048","24/04/2018 10:06:18"
"D:\AtelieProd\Equipexe\Ger\Filial\Cheque7.PX","D:\AtelieProd\Equipexe\Ger\Filial","Cheque7.PX",".PX","2048","24/04/2018 10:06:18"
"D:\AtelieProd\Equipexe\Ger\Filial\Cheque7Comp.DB","D:\AtelieProd\Equipexe\Ger\Filial","Cheque7Comp.DB",".DB","2048","24/04/2018 10:06:18"
"D:\AtelieProd\Equipexe\Ger\Filial\Cheque7Comp.PX","D:\AtelieProd\Equipexe\Ger\Filial","Cheque7Comp.PX",".PX","2048","24/04/2018 10:06:18"
"D:\AtelieProd\Equipexe\Ger\Filial\Cheque7Comp.XG0","D:\AtelieProd\Equipexe\Ger\Filial","Cheque7Comp.XG0",".XG0","34816","24/04/2018 10:06:18"
"D:\AtelieProd\Equipexe\Ger\Filial\Cheque7Comp.YG0","D:\AtelieProd\Equipexe\Ger\Filial","Cheque7Comp.YG0",".YG0","4096","24/04/2018 10:06:18"
"D:\AtelieProd\Equipexe\Ger\Filial\Cheque8.DB","D:\AtelieProd\Equipexe\Ger\Filial","Cheque8.DB",".DB","2048","24/04/2018 10:06:18"
"D:\AtelieProd\Equipexe\Ger\Filial\Cheque8.PX","D:\AtelieProd\Equipexe\Ger\Filial","Cheque8.PX",".PX","2048","24/04/2018 10:06:18"
"D:\AtelieProd\Equipexe\Ger\Filial\Cheque8Comp.DB","D:\AtelieProd\Equipexe\Ger\Filial","Cheque8Comp.DB",".DB","2048","24/04/2018 10:06:18"
"D:\AtelieProd\Equipexe\Ger\Filial\Cheque8Comp.PX","D:\AtelieProd\Equipexe\Ger\Filial","Cheque8Comp.PX",".PX","2048","24/04/2018 10:06:18"
"D:\AtelieProd\Equipexe\Ger\Filial\Cheque8Comp.XG0","D:\AtelieProd\Equipexe\Ger\Filial","Cheque8Comp.XG0",".XG0","34816","24/04/2018 10:06:18"
"D:\AtelieProd\Equipexe\Ger\Filial\Cheque8Comp.YG0","D:\AtelieProd\Equipexe\Ger\Filial","Cheque8Comp.YG0",".YG0","4096","24/04/2018 10:06:18"
"D:\AtelieProd\Equipexe\Ger\Filial\Cheque9.DB","D:\AtelieProd\Equipexe\Ger\Filial","Cheque9.DB",".DB","2048","24/04/2018 10:06:18"
"D:\AtelieProd\Equipexe\Ger\Filial\Cheque9.PX","D:\AtelieProd\Equipexe\Ger\Filial","Cheque9.PX",".PX","2048","24/04/2018 10:06:18"
"D:\AtelieProd\Equipexe\Ger\Filial\Cheque9Comp.DB","D:\AtelieProd\Equipexe\Ger\Filial","Cheque9Comp.DB",".DB","2048","24/04/2018 10:06:18"
"D:\AtelieProd\Equipexe\Ger\Filial\Cheque9Comp.PX","D:\AtelieProd\Equipexe\Ger\Filial","Cheque9Comp.PX",".PX","2048","24/04/2018 10:06:18"
"D:\AtelieProd\Equipexe\Ger\Filial\Cheque9Comp.XG0","D:\AtelieProd\Equipexe\Ger\Filial","Cheque9Comp.XG0",".XG0","34816","24/04/2018 10:06:18"
"D:\AtelieProd\Equipexe\Ger\Filial\Cheque9Comp.YG0","D:\AtelieProd\Equipexe\Ger\Filial","Cheque9Comp.YG0",".YG0","4096","24/04/2018 10:06:18"
"D:\AtelieProd\Equipexe\Ger\Filial\CompMat.DB","D:\AtelieProd\Equipexe\Ger\Filial","CompMat.DB",".DB","2048","24/04/2018 10:06:20"
"D:\AtelieProd\Equipexe\Ger\Filial\CompMat.PX","D:\AtelieProd\Equipexe\Ger\Filial","CompMat.PX",".PX","2048","24/04/2018 10:06:20"
"D:\AtelieProd\Equipexe\Ger\Filial\CompMat.XG0","D:\AtelieProd\Equipexe\Ger\Filial","CompMat.XG0",".XG0","34816","24/04/2018 10:06:20"
"D:\AtelieProd\Equipexe\Ger\Filial\CompMat.XG1","D:\AtelieProd\Equipexe\Ger\Filial","CompMat.XG1",".XG1","34816","24/04/2018 10:06:20"
"D:\AtelieProd\Equipexe\Ger\Filial\CompMat.YG0","D:\AtelieProd\Equipexe\Ger\Filial","CompMat.YG0",".YG0","4096","24/04/2018 10:06:20"
"D:\AtelieProd\Equipexe\Ger\Filial\CompMat.YG1","D:\AtelieProd\Equipexe\Ger\Filial","CompMat.YG1",".YG1","4096","24/04/2018 10:06:20"
"D:\AtelieProd\Equipexe\Ger\Filial\ContaCor1.DB","D:\AtelieProd\Equipexe\Ger\Filial","ContaCor1.DB",".DB","4687872","20/05/2026 16:39:38"
"D:\AtelieProd\Equipexe\Ger\Filial\ContaCor1.PX","D:\AtelieProd\Equipexe\Ger\Filial","ContaCor1.PX",".PX","4096","20/05/2026 16:39:38"
"D:\AtelieProd\Equipexe\Ger\Filial\ContaCor1.XG0","D:\AtelieProd\Equipexe\Ger\Filial","ContaCor1.XG0",".XG0","559104","20/05/2026 16:39:38"
"D:\AtelieProd\Equipexe\Ger\Filial\ContaCor1.YG0","D:\AtelieProd\Equipexe\Ger\Filial","ContaCor1.YG0",".YG0","4096","20/05/2026 16:39:38"
"D:\AtelieProd\Equipexe\Ger\Filial\ContaCor2.DB","D:\AtelieProd\Equipexe\Ger\Filial","ContaCor2.DB",".DB","2048","24/04/2018 10:06:22"
"D:\AtelieProd\Equipexe\Ger\Filial\ContaCor2.PX","D:\AtelieProd\Equipexe\Ger\Filial","ContaCor2.PX",".PX","2048","24/04/2018 10:06:22"
"D:\AtelieProd\Equipexe\Ger\Filial\ContaCor2.XG0","D:\AtelieProd\Equipexe\Ger\Filial","ContaCor2.XG0",".XG0","34816","24/04/2018 10:06:22"
"D:\AtelieProd\Equipexe\Ger\Filial\ContaCor2.YG0","D:\AtelieProd\Equipexe\Ger\Filial","ContaCor2.YG0",".YG0","4096","24/04/2018 10:06:22"
"D:\AtelieProd\Equipexe\Ger\Filial\ContaCor3.DB","D:\AtelieProd\Equipexe\Ger\Filial","ContaCor3.DB",".DB","2048","24/04/2018 10:06:22"
"D:\AtelieProd\Equipexe\Ger\Filial\ContaCor3.PX","D:\AtelieProd\Equipexe\Ger\Filial","ContaCor3.PX",".PX","2048","24/04/2018 10:06:22"
"D:\AtelieProd\Equipexe\Ger\Filial\ContaCor3.XG0","D:\AtelieProd\Equipexe\Ger\Filial","ContaCor3.XG0",".XG0","34816","24/04/2018 10:06:22"
"D:\AtelieProd\Equipexe\Ger\Filial\ContaCor3.YG0","D:\AtelieProd\Equipexe\Ger\Filial","ContaCor3.YG0",".YG0","4096","24/04/2018 10:06:22"
"D:\AtelieProd\Equipexe\Ger\Filial\ContaCor4.DB","D:\AtelieProd\Equipexe\Ger\Filial","ContaCor4.DB",".DB","2048","24/04/2018 10:06:22"
"D:\AtelieProd\Equipexe\Ger\Filial\ContaCor4.PX","D:\AtelieProd\Equipexe\Ger\Filial","ContaCor4.PX",".PX","2048","24/04/2018 10:06:22"
"D:\AtelieProd\Equipexe\Ger\Filial\ContaCor4.XG0","D:\AtelieProd\Equipexe\Ger\Filial","ContaCor4.XG0",".XG0","34816","24/04/2018 10:06:22"
"D:\AtelieProd\Equipexe\Ger\Filial\ContaCor4.YG0","D:\AtelieProd\Equipexe\Ger\Filial","ContaCor4.YG0",".YG0","4096","24/04/2018 10:06:22"
"D:\AtelieProd\Equipexe\Ger\Filial\ContaCor5.DB","D:\AtelieProd\Equipexe\Ger\Filial","ContaCor5.DB",".DB","2048","24/04/2018 10:06:22"
"D:\AtelieProd\Equipexe\Ger\Filial\ContaCor5.PX","D:\AtelieProd\Equipexe\Ger\Filial","ContaCor5.PX",".PX","2048","24/04/2018 10:06:22"
"D:\AtelieProd\Equipexe\Ger\Filial\ContaCor5.XG0","D:\AtelieProd\Equipexe\Ger\Filial","ContaCor5.XG0",".XG0","34816","24/04/2018 10:06:22"
"D:\AtelieProd\Equipexe\Ger\Filial\ContaCor5.YG0","D:\AtelieProd\Equipexe\Ger\Filial","ContaCor5.YG0",".YG0","4096","24/04/2018 10:06:22"
"D:\AtelieProd\Equipexe\Ger\Filial\ContaCor6.DB","D:\AtelieProd\Equipexe\Ger\Filial","ContaCor6.DB",".DB","2048","24/04/2018 10:06:22"
"D:\AtelieProd\Equipexe\Ger\Filial\ContaCor6.PX","D:\AtelieProd\Equipexe\Ger\Filial","ContaCor6.PX",".PX","2048","24/04/2018 10:06:22"
"D:\AtelieProd\Equipexe\Ger\Filial\ContaCor6.XG0","D:\AtelieProd\Equipexe\Ger\Filial","ContaCor6.XG0",".XG0","34816","24/04/2018 10:06:22"
"D:\AtelieProd\Equipexe\Ger\Filial\ContaCor6.YG0","D:\AtelieProd\Equipexe\Ger\Filial","ContaCor6.YG0",".YG0","4096","24/04/2018 10:06:22"
"D:\AtelieProd\Equipexe\Ger\Filial\ContaCor7.DB","D:\AtelieProd\Equipexe\Ger\Filial","ContaCor7.DB",".DB","2048","24/04/2018 10:06:22"
"D:\AtelieProd\Equipexe\Ger\Filial\ContaCor7.PX","D:\AtelieProd\Equipexe\Ger\Filial","ContaCor7.PX",".PX","2048","24/04/2018 10:06:22"
"D:\AtelieProd\Equipexe\Ger\Filial\ContaCor7.XG0","D:\AtelieProd\Equipexe\Ger\Filial","ContaCor7.XG0",".XG0","34816","24/04/2018 10:06:22"
"D:\AtelieProd\Equipexe\Ger\Filial\ContaCor7.YG0","D:\AtelieProd\Equipexe\Ger\Filial","ContaCor7.YG0",".YG0","4096","24/04/2018 10:06:22"
"D:\AtelieProd\Equipexe\Ger\Filial\ContaCor8.DB","D:\AtelieProd\Equipexe\Ger\Filial","ContaCor8.DB",".DB","2048","24/04/2018 10:06:22"
"D:\AtelieProd\Equipexe\Ger\Filial\ContaCor8.PX","D:\AtelieProd\Equipexe\Ger\Filial","ContaCor8.PX",".PX","2048","24/04/2018 10:06:22"
"D:\AtelieProd\Equipexe\Ger\Filial\ContaCor8.XG0","D:\AtelieProd\Equipexe\Ger\Filial","ContaCor8.XG0",".XG0","34816","24/04/2018 10:06:22"
"D:\AtelieProd\Equipexe\Ger\Filial\ContaCor8.YG0","D:\AtelieProd\Equipexe\Ger\Filial","ContaCor8.YG0",".YG0","4096","24/04/2018 10:06:22"
"D:\AtelieProd\Equipexe\Ger\Filial\ContaCor9.DB","D:\AtelieProd\Equipexe\Ger\Filial","ContaCor9.DB",".DB","2048","24/04/2018 10:06:22"
"D:\AtelieProd\Equipexe\Ger\Filial\ContaCor9.PX","D:\AtelieProd\Equipexe\Ger\Filial","ContaCor9.PX",".PX","2048","24/04/2018 10:06:22"
"D:\AtelieProd\Equipexe\Ger\Filial\ContaCor9.XG0","D:\AtelieProd\Equipexe\Ger\Filial","ContaCor9.XG0",".XG0","34816","24/04/2018 10:06:22"
"D:\AtelieProd\Equipexe\Ger\Filial\ContaCor9.YG0","D:\AtelieProd\Equipexe\Ger\Filial","ContaCor9.YG0",".YG0","4096","24/04/2018 10:06:22"
"D:\AtelieProd\Equipexe\Ger\Filial\ContChequeLot.DB","D:\AtelieProd\Equipexe\Ger\Filial","ContChequeLot.DB",".DB","2048","24/04/2018 10:06:22"
"D:\AtelieProd\Equipexe\Ger\Filial\ContChequeLot.PX","D:\AtelieProd\Equipexe\Ger\Filial","ContChequeLot.PX",".PX","2048","24/04/2018 10:06:22"
"D:\AtelieProd\Equipexe\Ger\Filial\ContChequeRec.DB","D:\AtelieProd\Equipexe\Ger\Filial","ContChequeRec.DB",".DB","2048","24/04/2018 10:06:22"
"D:\AtelieProd\Equipexe\Ger\Filial\ContChequeRec.PX","D:\AtelieProd\Equipexe\Ger\Filial","ContChequeRec.PX",".PX","2048","24/04/2018 10:06:22"
"D:\AtelieProd\Equipexe\Ger\Filial\ContChequeRec.XG0","D:\AtelieProd\Equipexe\Ger\Filial","ContChequeRec.XG0",".XG0","34816","24/04/2018 10:06:22"
"D:\AtelieProd\Equipexe\Ger\Filial\ContChequeRec.XG1","D:\AtelieProd\Equipexe\Ger\Filial","ContChequeRec.XG1",".XG1","34816","24/04/2018 10:06:22"
"D:\AtelieProd\Equipexe\Ger\Filial\ContChequeRec.YG0","D:\AtelieProd\Equipexe\Ger\Filial","ContChequeRec.YG0",".YG0","4096","24/04/2018 10:06:22"
"D:\AtelieProd\Equipexe\Ger\Filial\ContChequeRec.YG1","D:\AtelieProd\Equipexe\Ger\Filial","ContChequeRec.YG1",".YG1","4096","24/04/2018 10:06:22"
"D:\AtelieProd\Equipexe\Ger\Filial\EncCai.DB","D:\AtelieProd\Equipexe\Ger\Filial","EncCai.DB",".DB","2048","24/04/2018 10:06:24"
"D:\AtelieProd\Equipexe\Ger\Filial\EncCai.PX","D:\AtelieProd\Equipexe\Ger\Filial","EncCai.PX",".PX","2048","24/04/2018 10:06:24"
"D:\AtelieProd\Equipexe\Ger\Filial\EncCc1.DB","D:\AtelieProd\Equipexe\Ger\Filial","EncCc1.DB",".DB","2048","24/04/2018 10:06:26"
"D:\AtelieProd\Equipexe\Ger\Filial\EncCc1.PX","D:\AtelieProd\Equipexe\Ger\Filial","EncCc1.PX",".PX","2048","24/04/2018 10:06:26"
"D:\AtelieProd\Equipexe\Ger\Filial\EncCc2.DB","D:\AtelieProd\Equipexe\Ger\Filial","EncCc2.DB",".DB","2048","24/04/2018 10:06:26"
"D:\AtelieProd\Equipexe\Ger\Filial\EncCc2.PX","D:\AtelieProd\Equipexe\Ger\Filial","EncCc2.PX",".PX","2048","24/04/2018 10:06:26"
"D:\AtelieProd\Equipexe\Ger\Filial\EncCc3.DB","D:\AtelieProd\Equipexe\Ger\Filial","EncCc3.DB",".DB","2048","24/04/2018 10:06:26"
"D:\AtelieProd\Equipexe\Ger\Filial\EncCc3.PX","D:\AtelieProd\Equipexe\Ger\Filial","EncCc3.PX",".PX","2048","24/04/2018 10:06:26"
"D:\AtelieProd\Equipexe\Ger\Filial\EncCc4.DB","D:\AtelieProd\Equipexe\Ger\Filial","EncCc4.DB",".DB","2048","24/04/2018 10:06:26"
"D:\AtelieProd\Equipexe\Ger\Filial\EncCc4.PX","D:\AtelieProd\Equipexe\Ger\Filial","EncCc4.PX",".PX","2048","24/04/2018 10:06:26"
"D:\AtelieProd\Equipexe\Ger\Filial\EncCc5.DB","D:\AtelieProd\Equipexe\Ger\Filial","EncCc5.DB",".DB","2048","24/04/2018 10:06:26"
"D:\AtelieProd\Equipexe\Ger\Filial\EncCc5.PX","D:\AtelieProd\Equipexe\Ger\Filial","EncCc5.PX",".PX","2048","24/04/2018 10:06:26"
"D:\AtelieProd\Equipexe\Ger\Filial\EncCc6.DB","D:\AtelieProd\Equipexe\Ger\Filial","EncCc6.DB",".DB","2048","24/04/2018 10:06:26"
"D:\AtelieProd\Equipexe\Ger\Filial\EncCc6.PX","D:\AtelieProd\Equipexe\Ger\Filial","EncCc6.PX",".PX","2048","24/04/2018 10:06:26"
"D:\AtelieProd\Equipexe\Ger\Filial\EncCc7.DB","D:\AtelieProd\Equipexe\Ger\Filial","EncCc7.DB",".DB","2048","24/04/2018 10:06:26"
"D:\AtelieProd\Equipexe\Ger\Filial\EncCc7.PX","D:\AtelieProd\Equipexe\Ger\Filial","EncCc7.PX",".PX","2048","24/04/2018 10:06:26"
"D:\AtelieProd\Equipexe\Ger\Filial\EncCc8.DB","D:\AtelieProd\Equipexe\Ger\Filial","EncCc8.DB",".DB","2048","24/04/2018 10:06:26"
"D:\AtelieProd\Equipexe\Ger\Filial\EncCc8.PX","D:\AtelieProd\Equipexe\Ger\Filial","EncCc8.PX",".PX","2048","24/04/2018 10:06:26"
"D:\AtelieProd\Equipexe\Ger\Filial\EncCc9.DB","D:\AtelieProd\Equipexe\Ger\Filial","EncCc9.DB",".DB","2048","24/04/2018 10:06:26"
"D:\AtelieProd\Equipexe\Ger\Filial\EncCc9.PX","D:\AtelieProd\Equipexe\Ger\Filial","EncCc9.PX",".PX","2048","24/04/2018 10:06:26"
"D:\AtelieProd\Equipexe\Ger\Filial\EnvEmails.DB","D:\AtelieProd\Equipexe\Ger\Filial","EnvEmails.DB",".DB","2048","24/04/2018 10:06:26"
"D:\AtelieProd\Equipexe\Ger\Filial\EnvEmails.PX","D:\AtelieProd\Equipexe\Ger\Filial","EnvEmails.PX",".PX","2048","24/04/2018 10:06:26"
"D:\AtelieProd\Equipexe\Ger\Filial\EnvEmails.XG0","D:\AtelieProd\Equipexe\Ger\Filial","EnvEmails.XG0",".XG0","34816","24/04/2018 10:06:26"
"D:\AtelieProd\Equipexe\Ger\Filial\EnvEmails.XG1","D:\AtelieProd\Equipexe\Ger\Filial","EnvEmails.XG1",".XG1","34816","24/04/2018 10:06:26"
"D:\AtelieProd\Equipexe\Ger\Filial\EnvEmails.YG0","D:\AtelieProd\Equipexe\Ger\Filial","EnvEmails.YG0",".YG0","4096","24/04/2018 10:06:26"
"D:\AtelieProd\Equipexe\Ger\Filial\EnvEmails.YG1","D:\AtelieProd\Equipexe\Ger\Filial","EnvEmails.YG1",".YG1","4096","24/04/2018 10:06:26"
"D:\AtelieProd\Equipexe\Ger\Filial\LanOrc.DB","D:\AtelieProd\Equipexe\Ger\Filial","LanOrc.DB",".DB","2048","24/04/2018 10:06:32"
"D:\AtelieProd\Equipexe\Ger\Filial\LanOrc.PX","D:\AtelieProd\Equipexe\Ger\Filial","LanOrc.PX",".PX","2048","24/04/2018 10:06:32"
"D:\AtelieProd\Equipexe\Ger\Filial\LanOrc.XG0","D:\AtelieProd\Equipexe\Ger\Filial","LanOrc.XG0",".XG0","34816","24/04/2018 10:06:32"
"D:\AtelieProd\Equipexe\Ger\Filial\LanOrc.YG0","D:\AtelieProd\Equipexe\Ger\Filial","LanOrc.YG0",".YG0","4096","24/04/2018 10:06:32"
"D:\AtelieProd\Equipexe\Ger\Filial\LanOrcPro.DB","D:\AtelieProd\Equipexe\Ger\Filial","LanOrcPro.DB",".DB","2048","24/04/2018 10:06:32"
"D:\AtelieProd\Equipexe\Ger\Filial\LanOrcPro.PX","D:\AtelieProd\Equipexe\Ger\Filial","LanOrcPro.PX",".PX","2048","24/04/2018 10:06:32"
"D:\AtelieProd\Equipexe\Ger\Filial\LanOrcPro.XG0","D:\AtelieProd\Equipexe\Ger\Filial","LanOrcPro.XG0",".XG0","34816","24/04/2018 10:06:32"
"D:\AtelieProd\Equipexe\Ger\Filial\LanOrcPro.YG0","D:\AtelieProd\Equipexe\Ger\Filial","LanOrcPro.YG0",".YG0","4096","24/04/2018 10:06:32"
"D:\AtelieProd\Equipexe\Ger\Filial\Material.DB","D:\AtelieProd\Equipexe\Ger\Filial","Material.DB",".DB","2048","24/04/2018 10:06:34"
"D:\AtelieProd\Equipexe\Ger\Filial\Material.PX","D:\AtelieProd\Equipexe\Ger\Filial","Material.PX",".PX","2048","24/04/2018 10:06:34"
"D:\AtelieProd\Equipexe\Ger\Filial\Material.XG0","D:\AtelieProd\Equipexe\Ger\Filial","Material.XG0",".XG0","34816","24/04/2018 10:06:34"
"D:\AtelieProd\Equipexe\Ger\Filial\Material.YG0","D:\AtelieProd\Equipexe\Ger\Filial","Material.YG0",".YG0","4096","24/04/2018 10:06:34"
"D:\AtelieProd\Equipexe\Ger\Filial\MensagensSMS.DB","D:\AtelieProd\Equipexe\Ger\Filial","MensagensSMS.DB",".DB","2048","24/04/2018 10:06:34"
"D:\AtelieProd\Equipexe\Ger\Filial\MensagensSMS.PX","D:\AtelieProd\Equipexe\Ger\Filial","MensagensSMS.PX",".PX","2048","24/04/2018 10:06:34"
"D:\AtelieProd\Equipexe\Ger\Filial\MovConTel.DB","D:\AtelieProd\Equipexe\Ger\Filial","MovConTel.DB",".DB","2048","24/04/2018 10:06:38"
"D:\AtelieProd\Equipexe\Ger\Filial\MovConTel.PX","D:\AtelieProd\Equipexe\Ger\Filial","MovConTel.PX",".PX","2048","24/04/2018 10:06:38"
"D:\AtelieProd\Equipexe\Ger\Filial\MovConTel.XG0","D:\AtelieProd\Equipexe\Ger\Filial","MovConTel.XG0",".XG0","34816","24/04/2018 10:06:38"
"D:\AtelieProd\Equipexe\Ger\Filial\MovConTel.YG0","D:\AtelieProd\Equipexe\Ger\Filial","MovConTel.YG0",".YG0","4096","24/04/2018 10:06:38"
"D:\AtelieProd\Equipexe\Ger\Filial\MovControle.DB","D:\AtelieProd\Equipexe\Ger\Filial","MovControle.DB",".DB","4096","24/04/2018 10:06:38"
"D:\AtelieProd\Equipexe\Ger\Filial\MovControle.PX","D:\AtelieProd\Equipexe\Ger\Filial","MovControle.PX",".PX","2048","24/04/2018 10:06:38"
"D:\AtelieProd\Equipexe\Ger\Filial\MovControle.XG0","D:\AtelieProd\Equipexe\Ger\Filial","MovControle.XG0",".XG0","34816","24/04/2018 10:06:38"
"D:\AtelieProd\Equipexe\Ger\Filial\MovControle.XG1","D:\AtelieProd\Equipexe\Ger\Filial","MovControle.XG1",".XG1","34816","24/04/2018 10:06:38"
"D:\AtelieProd\Equipexe\Ger\Filial\MovControle.YG0","D:\AtelieProd\Equipexe\Ger\Filial","MovControle.YG0",".YG0","4096","24/04/2018 10:06:38"
"D:\AtelieProd\Equipexe\Ger\Filial\MovControle.YG1","D:\AtelieProd\Equipexe\Ger\Filial","MovControle.YG1",".YG1","4096","24/04/2018 10:06:38"
"D:\AtelieProd\Equipexe\Ger\Filial\MovProc.DB","D:\AtelieProd\Equipexe\Ger\Filial","MovProc.DB",".DB","2048","24/04/2018 10:06:52"
"D:\AtelieProd\Equipexe\Ger\Filial\MovProc.PX","D:\AtelieProd\Equipexe\Ger\Filial","MovProc.PX",".PX","2048","24/04/2018 10:06:52"
"D:\AtelieProd\Equipexe\Ger\Filial\MovProc.XG0","D:\AtelieProd\Equipexe\Ger\Filial","MovProc.XG0",".XG0","34816","24/04/2018 10:06:52"
"D:\AtelieProd\Equipexe\Ger\Filial\MovProc.XG1","D:\AtelieProd\Equipexe\Ger\Filial","MovProc.XG1",".XG1","34816","24/04/2018 10:06:52"
"D:\AtelieProd\Equipexe\Ger\Filial\MovProc.YG0","D:\AtelieProd\Equipexe\Ger\Filial","MovProc.YG0",".YG0","4096","24/04/2018 10:06:52"
"D:\AtelieProd\Equipexe\Ger\Filial\MovProc.YG1","D:\AtelieProd\Equipexe\Ger\Filial","MovProc.YG1",".YG1","4096","24/04/2018 10:06:52"
"D:\AtelieProd\Equipexe\Ger\Filial\MovProcItem.DB","D:\AtelieProd\Equipexe\Ger\Filial","MovProcItem.DB",".DB","2048","24/04/2018 10:06:52"
"D:\AtelieProd\Equipexe\Ger\Filial\MovProcItem.PX","D:\AtelieProd\Equipexe\Ger\Filial","MovProcItem.PX",".PX","2048","24/04/2018 10:06:52"
"D:\AtelieProd\Equipexe\Ger\Filial\MovProcItem.XG0","D:\AtelieProd\Equipexe\Ger\Filial","MovProcItem.XG0",".XG0","34816","24/04/2018 10:06:52"
"D:\AtelieProd\Equipexe\Ger\Filial\MovProcItem.XG1","D:\AtelieProd\Equipexe\Ger\Filial","MovProcItem.XG1",".XG1","34816","24/04/2018 10:06:52"
"D:\AtelieProd\Equipexe\Ger\Filial\MovProcItem.YG0","D:\AtelieProd\Equipexe\Ger\Filial","MovProcItem.YG0",".YG0","4096","24/04/2018 10:06:52"
"D:\AtelieProd\Equipexe\Ger\Filial\MovProcItem.YG1","D:\AtelieProd\Equipexe\Ger\Filial","MovProcItem.YG1",".YG1","4096","24/04/2018 10:06:52"
"D:\AtelieProd\Equipexe\Ger\Filial\NovoReg.DB","D:\AtelieProd\Equipexe\Ger\Filial","NovoReg.DB",".DB","2048","24/04/2018 10:07:02"
"D:\AtelieProd\Equipexe\Ger\Filial\Ponto.DB","D:\AtelieProd\Equipexe\Ger\Filial","Ponto.DB",".DB","133120","24/04/2018 10:07:06"
"D:\AtelieProd\Equipexe\Ger\Filial\Ponto.PX","D:\AtelieProd\Equipexe\Ger\Filial","Ponto.PX",".PX","4096","24/04/2018 10:07:06"
"D:\AtelieProd\Equipexe\Ger\Filial\Ponto.XG0","D:\AtelieProd\Equipexe\Ger\Filial","Ponto.XG0",".XG0","34816","24/04/2018 10:07:06"
"D:\AtelieProd\Equipexe\Ger\Filial\Ponto.XG1","D:\AtelieProd\Equipexe\Ger\Filial","Ponto.XG1",".XG1","34816","24/04/2018 10:07:06"
"D:\AtelieProd\Equipexe\Ger\Filial\Ponto.YG0","D:\AtelieProd\Equipexe\Ger\Filial","Ponto.YG0",".YG0","4096","24/04/2018 10:07:06"
"D:\AtelieProd\Equipexe\Ger\Filial\Ponto.YG1","D:\AtelieProd\Equipexe\Ger\Filial","Ponto.YG1",".YG1","4096","24/04/2018 10:07:06"
"D:\AtelieProd\Equipexe\Ger\Filial\PontoEnc.DB","D:\AtelieProd\Equipexe\Ger\Filial","PontoEnc.DB",".DB","2048","24/04/2018 10:07:06"
"D:\AtelieProd\Equipexe\Ger\Filial\PontoEnc.PX","D:\AtelieProd\Equipexe\Ger\Filial","PontoEnc.PX",".PX","2048","24/04/2018 10:07:06"
"D:\AtelieProd\Equipexe\Ger\Filial\PontoEnc.XG0","D:\AtelieProd\Equipexe\Ger\Filial","PontoEnc.XG0",".XG0","34816","24/04/2018 10:07:06"
"D:\AtelieProd\Equipexe\Ger\Filial\PontoEnc.YG0","D:\AtelieProd\Equipexe\Ger\Filial","PontoEnc.YG0",".YG0","4096","24/04/2018 10:07:06"
"D:\AtelieProd\Equipexe\Ger\Filial\ProcesMaq.DB","D:\AtelieProd\Equipexe\Ger\Filial","ProcesMaq.DB",".DB","2048","24/04/2018 10:07:06"
"D:\AtelieProd\Equipexe\Ger\Filial\ProcesMaq.PX","D:\AtelieProd\Equipexe\Ger\Filial","ProcesMaq.PX",".PX","2048","24/04/2018 10:07:06"
"D:\AtelieProd\Equipexe\Ger\Filial\ProcesMaqComp.DB","D:\AtelieProd\Equipexe\Ger\Filial","ProcesMaqComp.DB",".DB","2048","24/04/2018 10:07:06"
"D:\AtelieProd\Equipexe\Ger\Filial\ProcesMaqComp.PX","D:\AtelieProd\Equipexe\Ger\Filial","ProcesMaqComp.PX",".PX","2048","24/04/2018 10:07:06"
"D:\AtelieProd\Equipexe\Ger\Filial\ProdComArea.DB","D:\AtelieProd\Equipexe\Ger\Filial","ProdComArea.DB",".DB","2048","24/04/2018 10:07:06"
"D:\AtelieProd\Equipexe\Ger\Filial\ProdComArea.PX","D:\AtelieProd\Equipexe\Ger\Filial","ProdComArea.PX",".PX","2048","24/04/2018 10:07:06"
"D:\AtelieProd\Equipexe\Ger\Filial\ProdComArea.XG0","D:\AtelieProd\Equipexe\Ger\Filial","ProdComArea.XG0",".XG0","34816","24/04/2018 10:07:06"
"D:\AtelieProd\Equipexe\Ger\Filial\ProdComArea.XG1","D:\AtelieProd\Equipexe\Ger\Filial","ProdComArea.XG1",".XG1","34816","24/04/2018 10:07:06"
"D:\AtelieProd\Equipexe\Ger\Filial\ProdComArea.YG0","D:\AtelieProd\Equipexe\Ger\Filial","ProdComArea.YG0",".YG0","4096","24/04/2018 10:07:06"
"D:\AtelieProd\Equipexe\Ger\Filial\ProdComArea.YG1","D:\AtelieProd\Equipexe\Ger\Filial","ProdComArea.YG1",".YG1","4096","24/04/2018 10:07:06"
"D:\AtelieProd\Equipexe\Ger\Filial\ProdKit.DB","D:\AtelieProd\Equipexe\Ger\Filial","ProdKit.DB",".DB","2048","24/04/2018 10:07:06"
"D:\AtelieProd\Equipexe\Ger\Filial\ProdKit.PX","D:\AtelieProd\Equipexe\Ger\Filial","ProdKit.PX",".PX","2048","24/04/2018 10:07:06"
"D:\AtelieProd\Equipexe\Ger\Filial\ProdKit.XG0","D:\AtelieProd\Equipexe\Ger\Filial","ProdKit.XG0",".XG0","34816","24/04/2018 10:07:06"
"D:\AtelieProd\Equipexe\Ger\Filial\ProdKit.YG0","D:\AtelieProd\Equipexe\Ger\Filial","ProdKit.YG0",".YG0","4096","24/04/2018 10:07:06"
"D:\AtelieProd\Equipexe\Ger\Filial\Produt.DB","D:\AtelieProd\Equipexe\Ger\Filial","Produt.DB",".DB","67584","31/07/2023 13:26:30"
"D:\AtelieProd\Equipexe\Ger\Filial\Produt.PX","D:\AtelieProd\Equipexe\Ger\Filial","Produt.PX",".PX","4096","13/09/2019 10:05:52"
"D:\AtelieProd\Equipexe\Ger\Filial\Produt.XG0","D:\AtelieProd\Equipexe\Ger\Filial","Produt.XG0",".XG0","34816","13/09/2019 10:05:52"
"D:\AtelieProd\Equipexe\Ger\Filial\Produt.XG1","D:\AtelieProd\Equipexe\Ger\Filial","Produt.XG1",".XG1","34816","13/09/2019 10:05:52"
"D:\AtelieProd\Equipexe\Ger\Filial\Produt.YG0","D:\AtelieProd\Equipexe\Ger\Filial","Produt.YG0",".YG0","4096","13/09/2019 10:05:52"
"D:\AtelieProd\Equipexe\Ger\Filial\Produt.YG1","D:\AtelieProd\Equipexe\Ger\Filial","Produt.YG1",".YG1","4096","13/09/2019 10:05:52"
"D:\AtelieProd\Equipexe\Ger\Filial\ProdutImp.DB","D:\AtelieProd\Equipexe\Ger\Filial","ProdutImp.DB",".DB","2048","24/04/2018 10:07:06"
"D:\AtelieProd\Equipexe\Ger\Filial\ProdutImp.PX","D:\AtelieProd\Equipexe\Ger\Filial","ProdutImp.PX",".PX","2048","24/04/2018 10:07:06"
"D:\AtelieProd\Equipexe\Ger\Filial\ProdutImp.XG0","D:\AtelieProd\Equipexe\Ger\Filial","ProdutImp.XG0",".XG0","34816","24/04/2018 10:07:06"
"D:\AtelieProd\Equipexe\Ger\Filial\ProdutImp.YG0","D:\AtelieProd\Equipexe\Ger\Filial","ProdutImp.YG0",".YG0","4096","24/04/2018 10:07:06"
"D:\AtelieProd\Equipexe\Ger\Filial\ProFaiCom.DB","D:\AtelieProd\Equipexe\Ger\Filial","ProFaiCom.DB",".DB","2048","24/04/2018 10:07:06"
"D:\AtelieProd\Equipexe\Ger\Filial\ProFaiCom.PX","D:\AtelieProd\Equipexe\Ger\Filial","ProFaiCom.PX",".PX","2048","24/04/2018 10:07:06"
"D:\AtelieProd\Equipexe\Ger\Filial\ResCli.DB","D:\AtelieProd\Equipexe\Ger\Filial","ResCli.DB",".DB","2048","24/04/2018 10:07:06"
"D:\AtelieProd\Equipexe\Ger\Filial\ResCli.PX","D:\AtelieProd\Equipexe\Ger\Filial","ResCli.PX",".PX","2048","24/04/2018 10:07:06"
"D:\AtelieProd\Equipexe\Ger\Filial\ResCli.XG0","D:\AtelieProd\Equipexe\Ger\Filial","ResCli.XG0",".XG0","34816","24/04/2018 10:07:08"
"D:\AtelieProd\Equipexe\Ger\Filial\ResCli.YG0","D:\AtelieProd\Equipexe\Ger\Filial","ResCli.YG0",".YG0","4096","24/04/2018 10:07:08"
"D:\AtelieProd\Equipexe\Ger\Filial\ResPro.DB","D:\AtelieProd\Equipexe\Ger\Filial","ResPro.DB",".DB","2048","24/04/2018 10:07:08"
"D:\AtelieProd\Equipexe\Ger\Filial\ResPro.PX","D:\AtelieProd\Equipexe\Ger\Filial","ResPro.PX",".PX","2048","24/04/2018 10:07:08"
"D:\AtelieProd\Equipexe\Ger\Filial\ResPro.XG0","D:\AtelieProd\Equipexe\Ger\Filial","ResPro.XG0",".XG0","34816","24/04/2018 10:07:08"
"D:\AtelieProd\Equipexe\Ger\Filial\ResPro.YG0","D:\AtelieProd\Equipexe\Ger\Filial","ResPro.YG0",".YG0","4096","24/04/2018 10:07:08"
"D:\AtelieProd\Equipexe\Ger\Filial\tabcopmat.PX","D:\AtelieProd\Equipexe\Ger\Filial","tabcopmat.PX",".PX","2048","07/04/1997 12:10:28"
"D:\AtelieProd\Equipexe\Ger\Filial\tabmat.db","D:\AtelieProd\Equipexe\Ger\Filial","tabmat.db",".db","2048","07/04/1997 12:08:28"
"D:\AtelieProd\Equipexe\Ger\Filial\tabmat.PX","D:\AtelieProd\Equipexe\Ger\Filial","tabmat.PX",".PX","2048","07/04/1997 12:08:28"
"D:\AtelieProd\Equipexe\Ger\Filial\TimeSheet.DB","D:\AtelieProd\Equipexe\Ger\Filial","TimeSheet.DB",".DB","2048","24/04/2018 10:07:12"
"D:\AtelieProd\Equipexe\Ger\Filial\TimeSheet.PX","D:\AtelieProd\Equipexe\Ger\Filial","TimeSheet.PX",".PX","2048","24/04/2018 10:07:12"
"D:\AtelieProd\Equipexe\Importa\ESC\DADOS\CadPro.DB","D:\AtelieProd\Equipexe\Importa\ESC\DADOS","CadPro.DB",".DB","2048","12/12/2003 16:35:16"
"D:\AtelieProd\Equipexe\Importa\ESC\DADOS\CadPro.PX","D:\AtelieProd\Equipexe\Importa\ESC\DADOS","CadPro.PX",".PX","2048","12/12/2003 16:35:16"
"D:\AtelieProd\Equipexe\Importa\ESC\DADOS\CadPro.XG0","D:\AtelieProd\Equipexe\Importa\ESC\DADOS","CadPro.XG0",".XG0","4096","12/12/2003 16:35:16"
"D:\AtelieProd\Equipexe\Importa\ESC\DADOS\CadPro.YG0","D:\AtelieProd\Equipexe\Importa\ESC\DADOS","CadPro.YG0",".YG0","4096","12/12/2003 16:35:16"
"D:\AtelieProd\Equipexe\Importa\ESC\FILIAL\CadAlu.DB","D:\AtelieProd\Equipexe\Importa\ESC\FILIAL","CadAlu.DB",".DB","2048","12/12/2003 16:34:56"
"D:\AtelieProd\Equipexe\Importa\ESC\FILIAL\CadAlu.PX","D:\AtelieProd\Equipexe\Importa\ESC\FILIAL","CadAlu.PX",".PX","2048","12/12/2003 16:34:56"
"D:\AtelieProd\Equipexe\Importa\ESC\FILIAL\CadAlu.XG0","D:\AtelieProd\Equipexe\Importa\ESC\FILIAL","CadAlu.XG0",".XG0","4096","12/12/2003 16:34:56"
"D:\AtelieProd\Equipexe\Importa\ESC\FILIAL\CadAlu.YG0","D:\AtelieProd\Equipexe\Importa\ESC\FILIAL","CadAlu.YG0",".YG0","4096","12/12/2003 16:34:56"
"D:\AtelieProd\Equipexe\Importa\ESC\FILIAL\CadAul.DB","D:\AtelieProd\Equipexe\Importa\ESC\FILIAL","CadAul.DB",".DB","2048","12/12/2003 16:34:58"
"D:\AtelieProd\Equipexe\Importa\ESC\FILIAL\CadAul.PX","D:\AtelieProd\Equipexe\Importa\ESC\FILIAL","CadAul.PX",".PX","2048","12/12/2003 16:34:58"
"D:\AtelieProd\Equipexe\Importa\ESC\FILIAL\CadCur.DB","D:\AtelieProd\Equipexe\Importa\ESC\FILIAL","CadCur.DB",".DB","2048","12/12/2003 16:35:02"
"D:\AtelieProd\Equipexe\Importa\ESC\FILIAL\CadCur.PX","D:\AtelieProd\Equipexe\Importa\ESC\FILIAL","CadCur.PX",".PX","2048","12/12/2003 16:35:02"
"D:\AtelieProd\Equipexe\Importa\ESC\FILIAL\CadInt.DB","D:\AtelieProd\Equipexe\Importa\ESC\FILIAL","CadInt.DB",".DB","2048","12/12/2003 16:35:08"
"D:\AtelieProd\Equipexe\Importa\ESC\FILIAL\CadInt.PX","D:\AtelieProd\Equipexe\Importa\ESC\FILIAL","CadInt.PX",".PX","2048","12/12/2003 16:35:08"
"D:\AtelieProd\Equipexe\Importa\ESC\FILIAL\CadInt.XG0","D:\AtelieProd\Equipexe\Importa\ESC\FILIAL","CadInt.XG0",".XG0","4096","12/12/2003 16:35:10"
"D:\AtelieProd\Equipexe\Importa\ESC\FILIAL\CadInt.YG0","D:\AtelieProd\Equipexe\Importa\ESC\FILIAL","CadInt.YG0",".YG0","4096","12/12/2003 16:35:10"
"D:\AtelieProd\Equipexe\Importa\ESC\FILIAL\CadMat.DB","D:\AtelieProd\Equipexe\Importa\ESC\FILIAL","CadMat.DB",".DB","2048","12/12/2003 16:35:12"
"D:\AtelieProd\Equipexe\Importa\ESC\FILIAL\CadMat.PX","D:\AtelieProd\Equipexe\Importa\ESC\FILIAL","CadMat.PX",".PX","2048","12/12/2003 16:35:12"
"D:\AtelieProd\Equipexe\Importa\ESC\FILIAL\CadMat.XG0","D:\AtelieProd\Equipexe\Importa\ESC\FILIAL","CadMat.XG0",".XG0","4096","12/12/2003 16:35:14"
"D:\AtelieProd\Equipexe\Importa\ESC\FILIAL\CadMat.YG0","D:\AtelieProd\Equipexe\Importa\ESC\FILIAL","CadMat.YG0",".YG0","4096","12/12/2003 16:35:14"
"D:\AtelieProd\Equipexe\Importa\ESC\FILIAL\CadMatComp.DB","D:\AtelieProd\Equipexe\Importa\ESC\FILIAL","CadMatComp.DB",".DB","2048","12/12/2003 16:35:14"
"D:\AtelieProd\Equipexe\Importa\ESC\FILIAL\CadMatComp.PX","D:\AtelieProd\Equipexe\Importa\ESC\FILIAL","CadMatComp.PX",".PX","2048","12/12/2003 16:35:14"
"D:\AtelieProd\Equipexe\Importa\ESC\FILIAL\CadMatComp.XG0","D:\AtelieProd\Equipexe\Importa\ESC\FILIAL","CadMatComp.XG0",".XG0","4096","12/12/2003 16:35:14"
"D:\AtelieProd\Equipexe\Importa\ESC\FILIAL\CadMatComp.YG0","D:\AtelieProd\Equipexe\Importa\ESC\FILIAL","CadMatComp.YG0",".YG0","4096","12/12/2003 16:35:14"
"D:\AtelieProd\Equipexe\Importa\ESC\FILIAL\CadNot.DB","D:\AtelieProd\Equipexe\Importa\ESC\FILIAL","CadNot.DB",".DB","2048","12/12/2003 16:35:14"
"D:\AtelieProd\Equipexe\Importa\ESC\FILIAL\CadNot.PX","D:\AtelieProd\Equipexe\Importa\ESC\FILIAL","CadNot.PX",".PX","2048","12/12/2003 16:35:14"
"D:\AtelieProd\Equipexe\Importa\ESC\FILIAL\CadNot.XG0","D:\AtelieProd\Equipexe\Importa\ESC\FILIAL","CadNot.XG0",".XG0","4096","12/12/2003 16:35:14"
"D:\AtelieProd\Equipexe\Importa\ESC\FILIAL\CadNot.YG0","D:\AtelieProd\Equipexe\Importa\ESC\FILIAL","CadNot.YG0",".YG0","4096","12/12/2003 16:35:14"
"D:\AtelieProd\Equipexe\Importa\ESC\FILIAL\CadPre.DB","D:\AtelieProd\Equipexe\Importa\ESC\FILIAL","CadPre.DB",".DB","2048","12/12/2003 16:35:16"
"D:\AtelieProd\Equipexe\Importa\ESC\FILIAL\CadPre.PX","D:\AtelieProd\Equipexe\Importa\ESC\FILIAL","CadPre.PX",".PX","2048","12/12/2003 16:35:16"
"D:\AtelieProd\Equipexe\Importa\ESC\FILIAL\CadPre.XG0","D:\AtelieProd\Equipexe\Importa\ESC\FILIAL","CadPre.XG0",".XG0","4096","12/12/2003 16:35:16"
"D:\AtelieProd\Equipexe\Importa\ESC\FILIAL\CadPre.XG1","D:\AtelieProd\Equipexe\Importa\ESC\FILIAL","CadPre.XG1",".XG1","4096","12/12/2003 16:35:16"
"D:\AtelieProd\Equipexe\Importa\ESC\FILIAL\CadPre.YG0","D:\AtelieProd\Equipexe\Importa\ESC\FILIAL","CadPre.YG0",".YG0","4096","12/12/2003 16:35:16"
"D:\AtelieProd\Equipexe\Importa\ESC\FILIAL\CadPre.YG1","D:\AtelieProd\Equipexe\Importa\ESC\FILIAL","CadPre.YG1",".YG1","4096","12/12/2003 16:35:16"
"D:\AtelieProd\Equipexe\Importa\ESC\FILIAL\CadRes.DB","D:\AtelieProd\Equipexe\Importa\ESC\FILIAL","CadRes.DB",".DB","2048","12/12/2003 16:35:18"
"D:\AtelieProd\Equipexe\Importa\ESC\FILIAL\CadRes.PX","D:\AtelieProd\Equipexe\Importa\ESC\FILIAL","CadRes.PX",".PX","2048","12/12/2003 16:35:18"
"D:\AtelieProd\Equipexe\Importa\ESC\FILIAL\CadTur.DB","D:\AtelieProd\Equipexe\Importa\ESC\FILIAL","CadTur.DB",".DB","2048","12/12/2003 16:35:22"
"D:\AtelieProd\Equipexe\Importa\ESC\FILIAL\CadTur.PX","D:\AtelieProd\Equipexe\Importa\ESC\FILIAL","CadTur.PX",".PX","2048","12/12/2003 16:35:22"
"D:\AtelieProd\Equipexe\Importa\ESC\FILIAL\CadTur.XG0","D:\AtelieProd\Equipexe\Importa\ESC\FILIAL","CadTur.XG0",".XG0","4096","12/12/2003 16:35:22"
"D:\AtelieProd\Equipexe\Importa\ESC\FILIAL\CadTur.YG0","D:\AtelieProd\Equipexe\Importa\ESC\FILIAL","CadTur.YG0",".YG0","4096","12/12/2003 16:35:22"
"D:\AtelieProd\Equipexe\Importa\ESC\FILIAL\CompTurmas.DB","D:\AtelieProd\Equipexe\Importa\ESC\FILIAL","CompTurmas.DB",".DB","2048","12/12/2003 16:35:42"
"D:\AtelieProd\Equipexe\Importa\ESC\FILIAL\CompTurmas.PX","D:\AtelieProd\Equipexe\Importa\ESC\FILIAL","CompTurmas.PX",".PX","2048","12/12/2003 16:35:42"
"D:\AtelieProd\Equipexe\Importa\ESC\FILIAL\CompTurmas.XG0","D:\AtelieProd\Equipexe\Importa\ESC\FILIAL","CompTurmas.XG0",".XG0","4096","12/12/2003 16:35:42"
"D:\AtelieProd\Equipexe\Importa\ESC\FILIAL\CompTurmas.XG1","D:\AtelieProd\Equipexe\Importa\ESC\FILIAL","CompTurmas.XG1",".XG1","4096","12/12/2003 16:35:42"
"D:\AtelieProd\Equipexe\Importa\ESC\FILIAL\CompTurmas.YG0","D:\AtelieProd\Equipexe\Importa\ESC\FILIAL","CompTurmas.YG0",".YG0","4096","12/12/2003 16:35:42"
"D:\AtelieProd\Equipexe\Importa\ESC\FILIAL\CompTurmas.YG1","D:\AtelieProd\Equipexe\Importa\ESC\FILIAL","CompTurmas.YG1",".YG1","4096","12/12/2003 16:35:42"
"D:\AtelieProd\Equipexe\Importa\ESC\FILIAL\MovPdv.DB","D:\AtelieProd\Equipexe\Importa\ESC\FILIAL","MovPdv.DB",".DB","2048","12/12/2003 16:38:10"
"D:\AtelieProd\Equipexe\Importa\ESC\FILIAL\MovPdv.PX","D:\AtelieProd\Equipexe\Importa\ESC\FILIAL","MovPdv.PX",".PX","2048","12/12/2003 16:38:10"
"D:\AtelieProd\Equipexe\Importa\ESC\FILIAL\MovPdv.XG0","D:\AtelieProd\Equipexe\Importa\ESC\FILIAL","MovPdv.XG0",".XG0","4096","12/12/2003 16:38:10"
"D:\AtelieProd\Equipexe\Importa\ESC\FILIAL\MovPdv.XG1","D:\AtelieProd\Equipexe\Importa\ESC\FILIAL","MovPdv.XG1",".XG1","4096","12/12/2003 16:38:10"
"D:\AtelieProd\Equipexe\Importa\ESC\FILIAL\MovPdv.YG0","D:\AtelieProd\Equipexe\Importa\ESC\FILIAL","MovPdv.YG0",".YG0","4096","12/12/2003 16:38:10"
"D:\AtelieProd\Equipexe\Importa\ESC\FILIAL\MovPdv.YG1","D:\AtelieProd\Equipexe\Importa\ESC\FILIAL","MovPdv.YG1",".YG1","4096","12/12/2003 16:38:10"
"D:\AtelieProd\Equipexe\Importa\ESC\FILIAL\NotasEsc.DB","D:\AtelieProd\Equipexe\Importa\ESC\FILIAL","NotasEsc.DB",".DB","2048","12/12/2003 16:38:44"
"D:\AtelieProd\Equipexe\Importa\ESC\FILIAL\NotasEsc.PX","D:\AtelieProd\Equipexe\Importa\ESC\FILIAL","NotasEsc.PX",".PX","2048","12/12/2003 16:38:44"
"D:\AtelieProd\Equipexe\Importa\ESC\FILIAL\NotasEsc.XG0","D:\AtelieProd\Equipexe\Importa\ESC\FILIAL","NotasEsc.XG0",".XG0","4096","12/12/2003 16:38:44"
"D:\AtelieProd\Equipexe\Importa\ESC\FILIAL\NotasEsc.XG1","D:\AtelieProd\Equipexe\Importa\ESC\FILIAL","NotasEsc.XG1",".XG1","4096","12/12/2003 16:38:44"
"D:\AtelieProd\Equipexe\Importa\ESC\FILIAL\NotasEsc.YG0","D:\AtelieProd\Equipexe\Importa\ESC\FILIAL","NotasEsc.YG0",".YG0","4096","12/12/2003 16:38:44"
"D:\AtelieProd\Equipexe\Importa\ESC\FILIAL\NotasEsc.YG1","D:\AtelieProd\Equipexe\Importa\ESC\FILIAL","NotasEsc.YG1",".YG1","4096","12/12/2003 16:38:44"
"D:\AtelieProd\Equipexe\Importa\ESC\FILIAL\NotCompEsc.DB","D:\AtelieProd\Equipexe\Importa\ESC\FILIAL","NotCompEsc.DB",".DB","2048","12/12/2003 16:38:48"
"D:\AtelieProd\Equipexe\Importa\ESC\FILIAL\NotCompEsc.PX","D:\AtelieProd\Equipexe\Importa\ESC\FILIAL","NotCompEsc.PX",".PX","2048","12/12/2003 16:38:48"
"D:\AtelieProd\Equipexe\Importa\ESC\FILIAL\NotCompEsc.XG0","D:\AtelieProd\Equipexe\Importa\ESC\FILIAL","NotCompEsc.XG0",".XG0","4096","12/12/2003 16:38:48"
"D:\AtelieProd\Equipexe\Importa\ESC\FILIAL\NotCompEsc.YG0","D:\AtelieProd\Equipexe\Importa\ESC\FILIAL","NotCompEsc.YG0",".YG0","4096","12/12/2003 16:38:48"
"D:\AtelieProd\Equipexe\Importa\EST\DADOS\CadClaEst.DB","D:\AtelieProd\Equipexe\Importa\EST\DADOS","CadClaEst.DB",".DB","2048","12/12/2003 16:35:02"
"D:\AtelieProd\Equipexe\Importa\EST\DADOS\CadClaEst.PX","D:\AtelieProd\Equipexe\Importa\EST\DADOS","CadClaEst.PX",".PX","2048","12/12/2003 16:35:02"
"D:\AtelieProd\Equipexe\Importa\EST\DADOS\CadClaEst.XG0","D:\AtelieProd\Equipexe\Importa\EST\DADOS","CadClaEst.XG0",".XG0","4096","12/12/2003 16:35:02"
"D:\AtelieProd\Equipexe\Importa\EST\DADOS\CadClaEst.YG0","D:\AtelieProd\Equipexe\Importa\EST\DADOS","CadClaEst.YG0",".YG0","4096","12/12/2003 16:35:02"
"D:\AtelieProd\Equipexe\Importa\EST\DADOS\CadEst.DB","D:\AtelieProd\Equipexe\Importa\EST\DADOS","CadEst.DB",".DB","2048","12/12/2003 16:35:04"
"D:\AtelieProd\Equipexe\Importa\EST\DADOS\CadEst.PX","D:\AtelieProd\Equipexe\Importa\EST\DADOS","CadEst.PX",".PX","2048","12/12/2003 16:35:04"
"D:\AtelieProd\Equipexe\Importa\EST\DADOS\CadEst.XG0","D:\AtelieProd\Equipexe\Importa\EST\DADOS","CadEst.XG0",".XG0","4096","12/12/2003 16:35:04"
"D:\AtelieProd\Equipexe\Importa\EST\DADOS\CadEst.YG0","D:\AtelieProd\Equipexe\Importa\EST\DADOS","CadEst.YG0",".YG0","4096","12/12/2003 16:35:04"
"D:\AtelieProd\Equipexe\Importa\EST\DADOS\CadGruEst1.DB","D:\AtelieProd\Equipexe\Importa\EST\DADOS","CadGruEst1.DB",".DB","2048","12/12/2003 16:35:06"
"D:\AtelieProd\Equipexe\Importa\EST\DADOS\CadGruEst1.PX","D:\AtelieProd\Equipexe\Importa\EST\DADOS","CadGruEst1.PX",".PX","2048","12/12/2003 16:35:06"
"D:\AtelieProd\Equipexe\Importa\EST\DADOS\CadGruEst1.XG0","D:\AtelieProd\Equipexe\Importa\EST\DADOS","CadGruEst1.XG0",".XG0","4096","12/12/2003 16:35:06"
"D:\AtelieProd\Equipexe\Importa\EST\DADOS\CadGruEst1.YG0","D:\AtelieProd\Equipexe\Importa\EST\DADOS","CadGruEst1.YG0",".YG0","4096","12/12/2003 16:35:06"
"D:\AtelieProd\Equipexe\Importa\EST\DADOS\CadGruEst2.DB","D:\AtelieProd\Equipexe\Importa\EST\DADOS","CadGruEst2.DB",".DB","2048","12/12/2003 16:35:06"
"D:\AtelieProd\Equipexe\Importa\EST\DADOS\CadGruEst2.PX","D:\AtelieProd\Equipexe\Importa\EST\DADOS","CadGruEst2.PX",".PX","2048","12/12/2003 16:35:06"
"D:\AtelieProd\Equipexe\Importa\EST\DADOS\CadGruEst2.XG0","D:\AtelieProd\Equipexe\Importa\EST\DADOS","CadGruEst2.XG0",".XG0","4096","12/12/2003 16:35:08"
"D:\AtelieProd\Equipexe\Importa\EST\DADOS\CadGruEst2.YG0","D:\AtelieProd\Equipexe\Importa\EST\DADOS","CadGruEst2.YG0",".YG0","4096","12/12/2003 16:35:08"
"D:\AtelieProd\Equipexe\Importa\EST\DADOS\CadGruEst3.DB","D:\AtelieProd\Equipexe\Importa\EST\DADOS","CadGruEst3.DB",".DB","2048","12/12/2003 16:35:08"
"D:\AtelieProd\Equipexe\Importa\EST\DADOS\CadGruEst3.PX","D:\AtelieProd\Equipexe\Importa\EST\DADOS","CadGruEst3.PX",".PX","2048","12/12/2003 16:35:08"
"D:\AtelieProd\Equipexe\Importa\EST\DADOS\CadGruEst3.XG0","D:\AtelieProd\Equipexe\Importa\EST\DADOS","CadGruEst3.XG0",".XG0","4096","12/12/2003 16:35:08"
"D:\AtelieProd\Equipexe\Importa\EST\DADOS\CadGruEst3.YG0","D:\AtelieProd\Equipexe\Importa\EST\DADOS","CadGruEst3.YG0",".YG0","4096","12/12/2003 16:35:08"
"D:\AtelieProd\Equipexe\Importa\EST\DADOS\CadGruEst4.DB","D:\AtelieProd\Equipexe\Importa\EST\DADOS","CadGruEst4.DB",".DB","2048","12/12/2003 16:35:08"
"D:\AtelieProd\Equipexe\Importa\EST\DADOS\CadGruEst4.PX","D:\AtelieProd\Equipexe\Importa\EST\DADOS","CadGruEst4.PX",".PX","2048","12/12/2003 16:35:08"
"D:\AtelieProd\Equipexe\Importa\EST\DADOS\CadGruEst4.XG0","D:\AtelieProd\Equipexe\Importa\EST\DADOS","CadGruEst4.XG0",".XG0","4096","12/12/2003 16:35:08"
"D:\AtelieProd\Equipexe\Importa\EST\DADOS\CadGruEst4.YG0","D:\AtelieProd\Equipexe\Importa\EST\DADOS","CadGruEst4.YG0",".YG0","4096","12/12/2003 16:35:08"
"D:\AtelieProd\Equipexe\Importa\EST\DADOS\CadLocEst.DB","D:\AtelieProd\Equipexe\Importa\EST\DADOS","CadLocEst.DB",".DB","2048","12/12/2003 16:35:10"
"D:\AtelieProd\Equipexe\Importa\EST\DADOS\CadLocEst.PX","D:\AtelieProd\Equipexe\Importa\EST\DADOS","CadLocEst.PX",".PX","2048","12/12/2003 16:35:10"
"D:\AtelieProd\Equipexe\Importa\EST\DADOS\CadLocEst.XG0","D:\AtelieProd\Equipexe\Importa\EST\DADOS","CadLocEst.XG0",".XG0","4096","12/12/2003 16:35:10"
"D:\AtelieProd\Equipexe\Importa\EST\DADOS\CadLocEst.YG0","D:\AtelieProd\Equipexe\Importa\EST\DADOS","CadLocEst.YG0",".YG0","4096","12/12/2003 16:35:10"
"D:\AtelieProd\Equipexe\Importa\EST\DADOS\CadUniPro.DB","D:\AtelieProd\Equipexe\Importa\EST\DADOS","CadUniPro.DB",".DB","2048","12/12/2003 16:35:22"
"D:\AtelieProd\Equipexe\Importa\EST\DADOS\CadUniPro.PX","D:\AtelieProd\Equipexe\Importa\EST\DADOS","CadUniPro.PX",".PX","2048","12/12/2003 16:35:22"
"D:\AtelieProd\Equipexe\Importa\EST\DADOS\CadUniPro.XG0","D:\AtelieProd\Equipexe\Importa\EST\DADOS","CadUniPro.XG0",".XG0","4096","12/12/2003 16:35:22"
"D:\AtelieProd\Equipexe\Importa\EST\DADOS\CadUniPro.YG0","D:\AtelieProd\Equipexe\Importa\EST\DADOS","CadUniPro.YG0",".YG0","4096","12/12/2003 16:35:22"
"D:\AtelieProd\Equipexe\Importa\EST\DADOS\EstMinMax.DB","D:\AtelieProd\Equipexe\Importa\EST\DADOS","EstMinMax.DB",".DB","2048","12/12/2003 16:36:04"
"D:\AtelieProd\Equipexe\Importa\EST\DADOS\EstMinMax.PX","D:\AtelieProd\Equipexe\Importa\EST\DADOS","EstMinMax.PX",".PX","2048","12/12/2003 16:36:04"
"D:\AtelieProd\Equipexe\Importa\EST\DADOS\EstMinMax.XG0","D:\AtelieProd\Equipexe\Importa\EST\DADOS","EstMinMax.XG0",".XG0","4096","12/12/2003 16:36:04"
"D:\AtelieProd\Equipexe\Importa\EST\DADOS\EstMinMax.YG0","D:\AtelieProd\Equipexe\Importa\EST\DADOS","EstMinMax.YG0",".YG0","4096","12/12/2003 16:36:04"
"D:\AtelieProd\Equipexe\Importa\EST\DADOS\GruProEst.DB","D:\AtelieProd\Equipexe\Importa\EST\DADOS","GruProEst.DB",".DB","2048","12/12/2003 16:36:20"
"D:\AtelieProd\Equipexe\Importa\EST\DADOS\GruProEst.PX","D:\AtelieProd\Equipexe\Importa\EST\DADOS","GruProEst.PX",".PX","2048","12/12/2003 16:36:20"
"D:\AtelieProd\Equipexe\Importa\EST\DADOS\GruProEst.XG0","D:\AtelieProd\Equipexe\Importa\EST\DADOS","GruProEst.XG0",".XG0","4096","12/12/2003 16:36:20"
"D:\AtelieProd\Equipexe\Importa\EST\DADOS\GruProEst.YG0","D:\AtelieProd\Equipexe\Importa\EST\DADOS","GruProEst.YG0",".YG0","4096","12/12/2003 16:36:20"
"D:\AtelieProd\Equipexe\Importa\EST\DADOS\Legislacao.DB","D:\AtelieProd\Equipexe\Importa\EST\DADOS","Legislacao.DB",".DB","2048","12/12/2003 16:36:26"
"D:\AtelieProd\Equipexe\Importa\EST\DADOS\Legislacao.PX","D:\AtelieProd\Equipexe\Importa\EST\DADOS","Legislacao.PX",".PX","2048","12/12/2003 16:36:26"
"D:\AtelieProd\Equipexe\Importa\EST\DADOS\Legislacao.XG0","D:\AtelieProd\Equipexe\Importa\EST\DADOS","Legislacao.XG0",".XG0","4096","12/12/2003 16:36:26"
"D:\AtelieProd\Equipexe\Importa\EST\DADOS\Legislacao.YG0","D:\AtelieProd\Equipexe\Importa\EST\DADOS","Legislacao.YG0",".YG0","4096","12/12/2003 16:36:26"
"D:\AtelieProd\Equipexe\Importa\EST\DADOS\MarcasEst.DB","D:\AtelieProd\Equipexe\Importa\EST\DADOS","MarcasEst.DB",".DB","2048","12/12/2003 16:36:34"
"D:\AtelieProd\Equipexe\Importa\EST\DADOS\MarcasEst.PX","D:\AtelieProd\Equipexe\Importa\EST\DADOS","MarcasEst.PX",".PX","2048","12/12/2003 16:36:34"
"D:\AtelieProd\Equipexe\Importa\EST\DADOS\MarcasEst.XG0","D:\AtelieProd\Equipexe\Importa\EST\DADOS","MarcasEst.XG0",".XG0","4096","12/12/2003 16:36:34"
"D:\AtelieProd\Equipexe\Importa\EST\DADOS\MarcasEst.YG0","D:\AtelieProd\Equipexe\Importa\EST\DADOS","MarcasEst.YG0",".YG0","4096","12/12/2003 16:36:34"
"D:\AtelieProd\Equipexe\Importa\EST\DADOS\ProdEst.DB","D:\AtelieProd\Equipexe\Importa\EST\DADOS","ProdEst.DB",".DB","2048","12/12/2003 16:39:02"
"D:\AtelieProd\Equipexe\Importa\EST\DADOS\ProdEst.PX","D:\AtelieProd\Equipexe\Importa\EST\DADOS","ProdEst.PX",".PX","2048","12/12/2003 16:39:02"
"D:\AtelieProd\Equipexe\Importa\EST\DADOS\ProdEst.XG0","D:\AtelieProd\Equipexe\Importa\EST\DADOS","ProdEst.XG0",".XG0","4096","12/12/2003 16:39:02"
"D:\AtelieProd\Equipexe\Importa\EST\DADOS\ProdEst.YG0","D:\AtelieProd\Equipexe\Importa\EST\DADOS","ProdEst.YG0",".YG0","4096","12/12/2003 16:39:02"
"D:\AtelieProd\Equipexe\Importa\EST\DADOS\ProdEstPac.DB","D:\AtelieProd\Equipexe\Importa\EST\DADOS","ProdEstPac.DB",".DB","2048","12/12/2003 16:39:02"
"D:\AtelieProd\Equipexe\Importa\EST\DADOS\ProdEstPac.PX","D:\AtelieProd\Equipexe\Importa\EST\DADOS","ProdEstPac.PX",".PX","2048","12/12/2003 16:39:02"
"D:\AtelieProd\Equipexe\Importa\EST\DADOS\ProdEstPac.XG0","D:\AtelieProd\Equipexe\Importa\EST\DADOS","ProdEstPac.XG0",".XG0","4096","12/12/2003 16:39:02"
"D:\AtelieProd\Equipexe\Importa\EST\DADOS\ProdEstPac.YG0","D:\AtelieProd\Equipexe\Importa\EST\DADOS","ProdEstPac.YG0",".YG0","4096","12/12/2003 16:39:02"
"D:\AtelieProd\Equipexe\Importa\EST\DADOS\TpVendas.DB","D:\AtelieProd\Equipexe\Importa\EST\DADOS","TpVendas.DB",".DB","2048","15/01/2004 08:27:04"
"D:\AtelieProd\Equipexe\Importa\EST\DADOS\TpVendas.PX","D:\AtelieProd\Equipexe\Importa\EST\DADOS","TpVendas.PX",".PX","2048","15/01/2004 08:27:04"
"D:\AtelieProd\Equipexe\Importa\EST\DADOS\TpVendas.XG0","D:\AtelieProd\Equipexe\Importa\EST\DADOS","TpVendas.XG0",".XG0","4096","15/01/2004 08:27:06"
"D:\AtelieProd\Equipexe\Importa\EST\DADOS\TpVendas.YG0","D:\AtelieProd\Equipexe\Importa\EST\DADOS","TpVendas.YG0",".YG0","4096","15/01/2004 08:27:06"
"D:\AtelieProd\Equipexe\Importa\EST\FILIAL\MovEst.DB","D:\AtelieProd\Equipexe\Importa\EST\FILIAL","MovEst.DB",".DB","2048","12/12/2003 16:37:06"
"D:\AtelieProd\Equipexe\Importa\EST\FILIAL\MovEst.PX","D:\AtelieProd\Equipexe\Importa\EST\FILIAL","MovEst.PX",".PX","2048","12/12/2003 16:37:06"
"D:\AtelieProd\Equipexe\Importa\EST\FILIAL\MovEst.XG0","D:\AtelieProd\Equipexe\Importa\EST\FILIAL","MovEst.XG0",".XG0","4096","12/12/2003 16:37:06"
"D:\AtelieProd\Equipexe\Importa\EST\FILIAL\MovEst.XG1","D:\AtelieProd\Equipexe\Importa\EST\FILIAL","MovEst.XG1",".XG1","4096","12/12/2003 16:37:06"
"D:\AtelieProd\Equipexe\Importa\EST\FILIAL\MovEst.YG0","D:\AtelieProd\Equipexe\Importa\EST\FILIAL","MovEst.YG0",".YG0","4096","12/12/2003 16:37:06"
"D:\AtelieProd\Equipexe\Importa\EST\FILIAL\MovEst.YG1","D:\AtelieProd\Equipexe\Importa\EST\FILIAL","MovEst.YG1",".YG1","4096","12/12/2003 16:37:06"
"D:\AtelieProd\Equipexe\Importa\EST\FILIAL\MovEstCan.DB","D:\AtelieProd\Equipexe\Importa\EST\FILIAL","MovEstCan.DB",".DB","2048","12/12/2003 16:37:08"
"D:\AtelieProd\Equipexe\Importa\EST\FILIAL\MovEstCan.PX","D:\AtelieProd\Equipexe\Importa\EST\FILIAL","MovEstCan.PX",".PX","2048","12/12/2003 16:37:08"
"D:\AtelieProd\Equipexe\Importa\EST\FILIAL\MovEstCan.XG0","D:\AtelieProd\Equipexe\Importa\EST\FILIAL","MovEstCan.XG0",".XG0","4096","12/12/2003 16:37:08"
"D:\AtelieProd\Equipexe\Importa\EST\FILIAL\MovEstCan.YG0","D:\AtelieProd\Equipexe\Importa\EST\FILIAL","MovEstCan.YG0",".YG0","4096","12/12/2003 16:37:08"
"D:\AtelieProd\Equipexe\Importa\EST\FILIAL\MovEstEnc.DB","D:\AtelieProd\Equipexe\Importa\EST\FILIAL","MovEstEnc.DB",".DB","2048","12/12/2003 16:37:08"
"D:\AtelieProd\Equipexe\Importa\EST\FILIAL\MovEstEnc.PX","D:\AtelieProd\Equipexe\Importa\EST\FILIAL","MovEstEnc.PX",".PX","2048","12/12/2003 16:37:08"
"D:\AtelieProd\Equipexe\Importa\EST\FILIAL\MovEstEnc.XG0","D:\AtelieProd\Equipexe\Importa\EST\FILIAL","MovEstEnc.XG0",".XG0","4096","12/12/2003 16:37:08"
"D:\AtelieProd\Equipexe\Importa\EST\FILIAL\MovEstEnc.XG1","D:\AtelieProd\Equipexe\Importa\EST\FILIAL","MovEstEnc.XG1",".XG1","4096","12/12/2003 16:37:08"
"D:\AtelieProd\Equipexe\Importa\EST\FILIAL\MovEstEnc.YG0","D:\AtelieProd\Equipexe\Importa\EST\FILIAL","MovEstEnc.YG0",".YG0","4096","12/12/2003 16:37:08"
"D:\AtelieProd\Equipexe\Importa\EST\FILIAL\MovEstEnc.YG1","D:\AtelieProd\Equipexe\Importa\EST\FILIAL","MovEstEnc.YG1",".YG1","4096","12/12/2003 16:37:08"
"D:\AtelieProd\Equipexe\Importa\EST\FILIAL\PedComItem.DB","D:\AtelieProd\Equipexe\Importa\EST\FILIAL","PedComItem.DB",".DB","2048","15/01/2004 08:26:56"
"D:\AtelieProd\Equipexe\Importa\EST\FILIAL\PedComItem.PX","D:\AtelieProd\Equipexe\Importa\EST\FILIAL","PedComItem.PX",".PX","2048","15/01/2004 08:26:56"
"D:\AtelieProd\Equipexe\Importa\EST\FILIAL\PedComItem.XG0","D:\AtelieProd\Equipexe\Importa\EST\FILIAL","PedComItem.XG0",".XG0","4096","15/01/2004 08:26:56"
"D:\AtelieProd\Equipexe\Importa\EST\FILIAL\PedComItem.XG1","D:\AtelieProd\Equipexe\Importa\EST\FILIAL","PedComItem.XG1",".XG1","4096","15/01/2004 08:26:56"
"D:\AtelieProd\Equipexe\Importa\EST\FILIAL\PedComItem.YG0","D:\AtelieProd\Equipexe\Importa\EST\FILIAL","PedComItem.YG0",".YG0","4096","15/01/2004 08:26:56"
"D:\AtelieProd\Equipexe\Importa\EST\FILIAL\PedComItem.YG1","D:\AtelieProd\Equipexe\Importa\EST\FILIAL","PedComItem.YG1",".YG1","4096","15/01/2004 08:26:56"
"D:\AtelieProd\Equipexe\Importa\EST\FILIAL\PedCompra.DB","D:\AtelieProd\Equipexe\Importa\EST\FILIAL","PedCompra.DB",".DB","2048","12/12/2003 16:38:56"
"D:\AtelieProd\Equipexe\Importa\EST\FILIAL\PedCompra.PX","D:\AtelieProd\Equipexe\Importa\EST\FILIAL","PedCompra.PX",".PX","2048","12/12/2003 16:38:56"
"D:\AtelieProd\Equipexe\Importa\EST\FILIAL\PedCompra.XG0","D:\AtelieProd\Equipexe\Importa\EST\FILIAL","PedCompra.XG0",".XG0","4096","12/12/2003 16:38:56"
"D:\AtelieProd\Equipexe\Importa\EST\FILIAL\PedCompra.XG1","D:\AtelieProd\Equipexe\Importa\EST\FILIAL","PedCompra.XG1",".XG1","4096","12/12/2003 16:38:56"
"D:\AtelieProd\Equipexe\Importa\EST\FILIAL\PedCompra.YG0","D:\AtelieProd\Equipexe\Importa\EST\FILIAL","PedCompra.YG0",".YG0","4096","12/12/2003 16:38:56"
"D:\AtelieProd\Equipexe\Importa\EST\FILIAL\PedCompra.YG1","D:\AtelieProd\Equipexe\Importa\EST\FILIAL","PedCompra.YG1",".YG1","4096","12/12/2003 16:38:56"
"D:\AtelieProd\Equipexe\Importa\EST\FILIAL\PedCompraCanc.DB","D:\AtelieProd\Equipexe\Importa\EST\FILIAL","PedCompraCanc.DB",".DB","2048","12/12/2003 16:38:58"
"D:\AtelieProd\Equipexe\Importa\EST\FILIAL\PedCompraCanc.PX","D:\AtelieProd\Equipexe\Importa\EST\FILIAL","PedCompraCanc.PX",".PX","2048","12/12/2003 16:38:58"
"D:\AtelieProd\Equipexe\Importa\EST\FILIAL\PedCompraCanc.XG0","D:\AtelieProd\Equipexe\Importa\EST\FILIAL","PedCompraCanc.XG0",".XG0","4096","12/12/2003 16:38:58"
"D:\AtelieProd\Equipexe\Importa\EST\FILIAL\PedCompraCanc.YG0","D:\AtelieProd\Equipexe\Importa\EST\FILIAL","PedCompraCanc.YG0",".YG0","4096","12/12/2003 16:38:58"
"D:\AtelieProd\Equipexe\Importa\EST\FILIAL\PedConf.DB","D:\AtelieProd\Equipexe\Importa\EST\FILIAL","PedConf.DB",".DB","2048","12/12/2003 16:38:58"
"D:\AtelieProd\Equipexe\Importa\EST\FILIAL\PedConf.PX","D:\AtelieProd\Equipexe\Importa\EST\FILIAL","PedConf.PX",".PX","2048","12/12/2003 16:38:58"
"D:\AtelieProd\Equipexe\Importa\EST\FILIAL\PedConf.XG0","D:\AtelieProd\Equipexe\Importa\EST\FILIAL","PedConf.XG0",".XG0","4096","12/12/2003 16:38:58"
"D:\AtelieProd\Equipexe\Importa\EST\FILIAL\PedConf.XG1","D:\AtelieProd\Equipexe\Importa\EST\FILIAL","PedConf.XG1",".XG1","4096","12/12/2003 16:38:58"
"D:\AtelieProd\Equipexe\Importa\EST\FILIAL\PedConf.YG0","D:\AtelieProd\Equipexe\Importa\EST\FILIAL","PedConf.YG0",".YG0","4096","12/12/2003 16:38:58"
"D:\AtelieProd\Equipexe\Importa\EST\FILIAL\PedConf.YG1","D:\AtelieProd\Equipexe\Importa\EST\FILIAL","PedConf.YG1",".YG1","4096","12/12/2003 16:38:58"
"D:\AtelieProd\Equipexe\Importa\EST\FILIAL\PedConfItem.DB","D:\AtelieProd\Equipexe\Importa\EST\FILIAL","PedConfItem.DB",".DB","2048","12/12/2003 16:38:58"
"D:\AtelieProd\Equipexe\Importa\EST\FILIAL\PedConfItem.PX","D:\AtelieProd\Equipexe\Importa\EST\FILIAL","PedConfItem.PX",".PX","2048","12/12/2003 16:38:58"
"D:\AtelieProd\Equipexe\Importa\EST\FILIAL\PedConfItem.XG0","D:\AtelieProd\Equipexe\Importa\EST\FILIAL","PedConfItem.XG0",".XG0","4096","12/12/2003 16:38:58"
"D:\AtelieProd\Equipexe\Importa\EST\FILIAL\PedConfItem.YG0","D:\AtelieProd\Equipexe\Importa\EST\FILIAL","PedConfItem.YG0",".YG0","4096","12/12/2003 16:38:58"
"D:\AtelieProd\Equipexe\Lav\Dados\CadAdv.DB","D:\AtelieProd\Equipexe\Lav\Dados","CadAdv.DB",".DB","2048","24/04/2018 10:06:10"
"D:\AtelieProd\Equipexe\Lav\Dados\CadAdv.PX","D:\AtelieProd\Equipexe\Lav\Dados","CadAdv.PX",".PX","2048","24/04/2018 10:06:10"
"D:\AtelieProd\Equipexe\Lav\Dados\CadAdvTip.DB","D:\AtelieProd\Equipexe\Lav\Dados","CadAdvTip.DB",".DB","2048","24/04/2018 10:06:10"
"D:\AtelieProd\Equipexe\Lav\Dados\CadAdvTip.PX","D:\AtelieProd\Equipexe\Lav\Dados","CadAdvTip.PX",".PX","2048","24/04/2018 10:06:10"
"D:\AtelieProd\Equipexe\Lav\Dados\CadAdvTip.XG0","D:\AtelieProd\Equipexe\Lav\Dados","CadAdvTip.XG0",".XG0","34816","24/04/2018 10:06:10"
"D:\AtelieProd\Equipexe\Lav\Dados\CadAdvTip.YG0","D:\AtelieProd\Equipexe\Lav\Dados","CadAdvTip.YG0",".YG0","4096","24/04/2018 10:06:10"
"D:\AtelieProd\Equipexe\Lav\Dados\CadAgrPro.DB","D:\AtelieProd\Equipexe\Lav\Dados","CadAgrPro.DB",".DB","2048","24/04/2018 10:06:10"
"D:\AtelieProd\Equipexe\Lav\Dados\CadAgrPro.PX","D:\AtelieProd\Equipexe\Lav\Dados","CadAgrPro.PX",".PX","2048","24/04/2018 10:06:10"
"D:\AtelieProd\Equipexe\Lav\Dados\CadCorTer.DB","D:\AtelieProd\Equipexe\Lav\Dados","CadCorTer.DB",".DB","2048","24/04/2018 10:06:10"
"D:\AtelieProd\Equipexe\Lav\Dados\CadCorTer.PX","D:\AtelieProd\Equipexe\Lav\Dados","CadCorTer.PX",".PX","2048","24/04/2018 10:06:10"
"D:\AtelieProd\Equipexe\Lav\Dados\CadCorTer.XG0","D:\AtelieProd\Equipexe\Lav\Dados","CadCorTer.XG0",".XG0","34816","24/04/2018 10:06:10"
"D:\AtelieProd\Equipexe\Lav\Dados\CadCorTer.YG0","D:\AtelieProd\Equipexe\Lav\Dados","CadCorTer.YG0",".YG0","4096","24/04/2018 10:06:10"
"D:\AtelieProd\Equipexe\Lav\Dados\CadDefeitoGru.DB","D:\AtelieProd\Equipexe\Lav\Dados","CadDefeitoGru.DB",".DB","2048","24/04/2018 10:06:10"
"D:\AtelieProd\Equipexe\Lav\Dados\CadDefeitoGru.PX","D:\AtelieProd\Equipexe\Lav\Dados","CadDefeitoGru.PX",".PX","2048","24/04/2018 10:06:10"
"D:\AtelieProd\Equipexe\Lav\Dados\CadFatorGru.DB","D:\AtelieProd\Equipexe\Lav\Dados","CadFatorGru.DB",".DB","2048","24/04/2018 10:06:10"
"D:\AtelieProd\Equipexe\Lav\Dados\CadFatorGru.PX","D:\AtelieProd\Equipexe\Lav\Dados","CadFatorGru.PX",".PX","2048","24/04/2018 10:06:10"
"D:\AtelieProd\Equipexe\Lav\Dados\CadFatorGru.XG0","D:\AtelieProd\Equipexe\Lav\Dados","CadFatorGru.XG0",".XG0","34816","24/04/2018 10:06:10"
"D:\AtelieProd\Equipexe\Lav\Dados\CadFatorGru.XG1","D:\AtelieProd\Equipexe\Lav\Dados","CadFatorGru.XG1",".XG1","34816","24/04/2018 10:06:10"
"D:\AtelieProd\Equipexe\Lav\Dados\CadFatorGru.YG0","D:\AtelieProd\Equipexe\Lav\Dados","CadFatorGru.YG0",".YG0","4096","24/04/2018 10:06:10"
"D:\AtelieProd\Equipexe\Lav\Dados\CadFatorGru.YG1","D:\AtelieProd\Equipexe\Lav\Dados","CadFatorGru.YG1",".YG1","4096","24/04/2018 10:06:10"
"D:\AtelieProd\Equipexe\Lav\Dados\CadFitas.DB","D:\AtelieProd\Equipexe\Lav\Dados","CadFitas.DB",".DB","34816","21/05/2026 16:38:05"
"D:\AtelieProd\Equipexe\Lav\Dados\CadFitas.PX","D:\AtelieProd\Equipexe\Lav\Dados","CadFitas.PX",".PX","4096","21/05/2026 16:38:05"
"D:\AtelieProd\Equipexe\Lav\Dados\CadFitas.XG0","D:\AtelieProd\Equipexe\Lav\Dados","CadFitas.XG0",".XG0","34816","21/05/2026 16:38:05"
"D:\AtelieProd\Equipexe\Lav\Dados\CadFitas.XG1","D:\AtelieProd\Equipexe\Lav\Dados","CadFitas.XG1",".XG1","34816","21/05/2026 16:38:05"
"D:\AtelieProd\Equipexe\Lav\Dados\CadFitas.YG0","D:\AtelieProd\Equipexe\Lav\Dados","CadFitas.YG0",".YG0","4096","24/04/2018 10:06:10"
"D:\AtelieProd\Equipexe\Lav\Dados\CadFitas.YG1","D:\AtelieProd\Equipexe\Lav\Dados","CadFitas.YG1",".YG1","4096","24/04/2018 10:06:10"
"D:\AtelieProd\Equipexe\Lav\Dados\CadLocRol.DB","D:\AtelieProd\Equipexe\Lav\Dados","CadLocRol.DB",".DB","2048","24/04/2018 10:06:14"
"D:\AtelieProd\Equipexe\Lav\Dados\CadLocRol.PX","D:\AtelieProd\Equipexe\Lav\Dados","CadLocRol.PX",".PX","2048","24/04/2018 10:06:14"
"D:\AtelieProd\Equipexe\Lav\Dados\CadLocRol.XG0","D:\AtelieProd\Equipexe\Lav\Dados","CadLocRol.XG0",".XG0","34816","24/04/2018 10:06:14"
"D:\AtelieProd\Equipexe\Lav\Dados\CadLocRol.YG0","D:\AtelieProd\Equipexe\Lav\Dados","CadLocRol.YG0",".YG0","4096","24/04/2018 10:06:14"
"D:\AtelieProd\Equipexe\Lav\Dados\CadMarca.DB","D:\AtelieProd\Equipexe\Lav\Dados","CadMarca.DB",".DB","67584","21/02/2020 13:11:48"
"D:\AtelieProd\Equipexe\Lav\Dados\CadMarca.PX","D:\AtelieProd\Equipexe\Lav\Dados","CadMarca.PX",".PX","4096","21/02/2020 13:11:48"
"D:\AtelieProd\Equipexe\Lav\Dados\CadMarca.XG0","D:\AtelieProd\Equipexe\Lav\Dados","CadMarca.XG0",".XG0","34816","21/02/2020 13:11:48"
"D:\AtelieProd\Equipexe\Lav\Dados\CadMarca.YG0","D:\AtelieProd\Equipexe\Lav\Dados","CadMarca.YG0",".YG0","4096","21/02/2020 13:11:48"
"D:\AtelieProd\Equipexe\Lav\Dados\CadMarcaGru.DB","D:\AtelieProd\Equipexe\Lav\Dados","CadMarcaGru.DB",".DB","34816","24/04/2018 10:06:14"
"D:\AtelieProd\Equipexe\Lav\Dados\CadMarcaGru.PX","D:\AtelieProd\Equipexe\Lav\Dados","CadMarcaGru.PX",".PX","4096","24/04/2018 10:06:14"
"D:\AtelieProd\Equipexe\Lav\Dados\CadMarcaGru.XG0","D:\AtelieProd\Equipexe\Lav\Dados","CadMarcaGru.XG0",".XG0","34816","24/04/2018 10:06:14"
"D:\AtelieProd\Equipexe\Lav\Dados\CadMarcaGru.YG0","D:\AtelieProd\Equipexe\Lav\Dados","CadMarcaGru.YG0",".YG0","4096","24/04/2018 10:06:14"
"D:\AtelieProd\Equipexe\Lav\Dados\CadPas.DB","D:\AtelieProd\Equipexe\Lav\Dados","CadPas.DB",".DB","34816","24/04/2018 10:06:14"
"D:\AtelieProd\Equipexe\Lav\Dados\CadPas.PX","D:\AtelieProd\Equipexe\Lav\Dados","CadPas.PX",".PX","4096","24/04/2018 10:06:14"
"D:\AtelieProd\Equipexe\Lav\Dados\CadPas.XG0","D:\AtelieProd\Equipexe\Lav\Dados","CadPas.XG0",".XG0","34816","24/04/2018 10:06:14"
"D:\AtelieProd\Equipexe\Lav\Dados\CadPas.XG1","D:\AtelieProd\Equipexe\Lav\Dados","CadPas.XG1",".XG1","34816","24/04/2018 10:06:14"
"D:\AtelieProd\Equipexe\Lav\Dados\CadPas.YG0","D:\AtelieProd\Equipexe\Lav\Dados","CadPas.YG0",".YG0","4096","24/04/2018 10:06:14"
"D:\AtelieProd\Equipexe\Lav\Dados\CadPas.YG1","D:\AtelieProd\Equipexe\Lav\Dados","CadPas.YG1",".YG1","4096","24/04/2018 10:06:14"
"D:\AtelieProd\Equipexe\Lav\Dados\CadQuinFat.DB","D:\AtelieProd\Equipexe\Lav\Dados","CadQuinFat.DB",".DB","2048","24/04/2018 10:06:14"
"D:\AtelieProd\Equipexe\Lav\Dados\CadQuinFat.PX","D:\AtelieProd\Equipexe\Lav\Dados","CadQuinFat.PX",".PX","2048","24/04/2018 10:06:14"
"D:\AtelieProd\Equipexe\Lav\Dados\CadSerTing.DB","D:\AtelieProd\Equipexe\Lav\Dados","CadSerTing.DB",".DB","2048","24/04/2018 10:06:16"
"D:\AtelieProd\Equipexe\Lav\Dados\CadSerTing.PX","D:\AtelieProd\Equipexe\Lav\Dados","CadSerTing.PX",".PX","2048","24/04/2018 10:06:16"
"D:\AtelieProd\Equipexe\Lav\Dados\CadSerTing.XG0","D:\AtelieProd\Equipexe\Lav\Dados","CadSerTing.XG0",".XG0","34816","24/04/2018 10:06:16"
"D:\AtelieProd\Equipexe\Lav\Dados\CadSerTing.YG0","D:\AtelieProd\Equipexe\Lav\Dados","CadSerTing.YG0",".YG0","4096","24/04/2018 10:06:16"
"D:\AtelieProd\Equipexe\Lav\Dados\CadTipTing.DB","D:\AtelieProd\Equipexe\Lav\Dados","CadTipTing.DB",".DB","2048","24/04/2018 10:06:16"
"D:\AtelieProd\Equipexe\Lav\Dados\CadTipTing.PX","D:\AtelieProd\Equipexe\Lav\Dados","CadTipTing.PX",".PX","2048","24/04/2018 10:06:16"
"D:\AtelieProd\Equipexe\Lav\Dados\CadTipTing.XG0","D:\AtelieProd\Equipexe\Lav\Dados","CadTipTing.XG0",".XG0","34816","24/04/2018 10:06:16"
"D:\AtelieProd\Equipexe\Lav\Dados\CadTipTing.YG0","D:\AtelieProd\Equipexe\Lav\Dados","CadTipTing.YG0",".YG0","4096","24/04/2018 10:06:16"
"D:\AtelieProd\Equipexe\Lav\Dados\Caract.DB","D:\AtelieProd\Equipexe\Lav\Dados","Caract.DB",".DB","34816","07/03/2020 11:32:10"
"D:\AtelieProd\Equipexe\Lav\Dados\Caract.PX","D:\AtelieProd\Equipexe\Lav\Dados","Caract.PX",".PX","4096","07/03/2020 11:32:10"
"D:\AtelieProd\Equipexe\Lav\Dados\Caract.XG0","D:\AtelieProd\Equipexe\Lav\Dados","Caract.XG0",".XG0","34816","07/03/2020 11:32:10"
"D:\AtelieProd\Equipexe\Lav\Dados\Caract.YG0","D:\AtelieProd\Equipexe\Lav\Dados","Caract.YG0",".YG0","4096","07/03/2020 11:32:10"
"D:\AtelieProd\Equipexe\Lav\Dados\Cores.DB","D:\AtelieProd\Equipexe\Lav\Dados","Cores.DB",".DB","6144","10/03/2011 09:54:58"
"D:\AtelieProd\Equipexe\Lav\Dados\Defeitos.DB","D:\AtelieProd\Equipexe\Lav\Dados","Defeitos.DB",".DB","34816","06/12/2019 12:19:22"
"D:\AtelieProd\Equipexe\Lav\Dados\Defeitos.PX","D:\AtelieProd\Equipexe\Lav\Dados","Defeitos.PX",".PX","4096","06/12/2019 12:19:22"
"D:\AtelieProd\Equipexe\Lav\Dados\Defeitos.XG0","D:\AtelieProd\Equipexe\Lav\Dados","Defeitos.XG0",".XG0","34816","06/12/2019 12:19:22"
"D:\AtelieProd\Equipexe\Lav\Dados\Defeitos.YG0","D:\AtelieProd\Equipexe\Lav\Dados","Defeitos.YG0",".YG0","4096","06/12/2019 12:19:22"
"D:\AtelieProd\Equipexe\Lav\Dados\Empree.DB","D:\AtelieProd\Equipexe\Lav\Dados","Empree.DB",".DB","2048","24/04/2018 10:06:24"
"D:\AtelieProd\Equipexe\Lav\Dados\Empree.PX","D:\AtelieProd\Equipexe\Lav\Dados","Empree.PX",".PX","2048","24/04/2018 10:06:24"
"D:\AtelieProd\Equipexe\Lav\Dados\Empree.XG0","D:\AtelieProd\Equipexe\Lav\Dados","Empree.XG0",".XG0","34816","24/04/2018 10:06:24"
"D:\AtelieProd\Equipexe\Lav\Dados\Empree.YG0","D:\AtelieProd\Equipexe\Lav\Dados","Empree.YG0",".YG0","4096","24/04/2018 10:06:24"
"D:\AtelieProd\Equipexe\Lav\Dados\FatPre_C.DB","D:\AtelieProd\Equipexe\Lav\Dados","FatPre_C.DB",".DB","34816","14/11/2023 18:07:48"
"D:\AtelieProd\Equipexe\Lav\Dados\FatPre_C.PX","D:\AtelieProd\Equipexe\Lav\Dados","FatPre_C.PX",".PX","4096","14/11/2023 18:07:48"
"D:\AtelieProd\Equipexe\Lav\Dados\FatPre_C.XG0","D:\AtelieProd\Equipexe\Lav\Dados","FatPre_C.XG0",".XG0","34816","14/11/2023 18:07:48"
"D:\AtelieProd\Equipexe\Lav\Dados\FatPre_C.YG0","D:\AtelieProd\Equipexe\Lav\Dados","FatPre_C.YG0",".YG0","4096","14/11/2023 18:07:48"
"D:\AtelieProd\Equipexe\Lav\Dados\GruEnt.DB","D:\AtelieProd\Equipexe\Lav\Dados","GruEnt.DB",".DB","34816","24/04/2018 10:06:30"
"D:\AtelieProd\Equipexe\Lav\Dados\GruEnt.PX","D:\AtelieProd\Equipexe\Lav\Dados","GruEnt.PX",".PX","4096","24/04/2018 10:06:30"
"D:\AtelieProd\Equipexe\Lav\Dados\GruEnt.XG0","D:\AtelieProd\Equipexe\Lav\Dados","GruEnt.XG0",".XG0","34816","24/04/2018 10:06:30"
"D:\AtelieProd\Equipexe\Lav\Dados\GruEnt.YG0","D:\AtelieProd\Equipexe\Lav\Dados","GruEnt.YG0",".YG0","4096","24/04/2018 10:06:30"
"D:\AtelieProd\Equipexe\Lav\Dados\GruProTer.DB","D:\AtelieProd\Equipexe\Lav\Dados","GruProTer.DB",".DB","2048","24/04/2018 10:06:32"
"D:\AtelieProd\Equipexe\Lav\Dados\GruProTer.PX","D:\AtelieProd\Equipexe\Lav\Dados","GruProTer.PX",".PX","2048","24/04/2018 10:06:32"
"D:\AtelieProd\Equipexe\Lav\Dados\GruProTer.XG0","D:\AtelieProd\Equipexe\Lav\Dados","GruProTer.XG0",".XG0","34816","24/04/2018 10:06:32"
"D:\AtelieProd\Equipexe\Lav\Dados\GruProTer.YG0","D:\AtelieProd\Equipexe\Lav\Dados","GruProTer.YG0",".YG0","4096","24/04/2018 10:06:32"
"D:\AtelieProd\Equipexe\Lav\Dados\Prazos.DB","D:\AtelieProd\Equipexe\Lav\Dados","Prazos.DB",".DB","34816","24/04/2018 10:07:06"
"D:\AtelieProd\Equipexe\Lav\Dados\Prazos.PX","D:\AtelieProd\Equipexe\Lav\Dados","Prazos.PX",".PX","4096","24/04/2018 10:07:06"
"D:\AtelieProd\Equipexe\Lav\Dados\Prazos.XG0","D:\AtelieProd\Equipexe\Lav\Dados","Prazos.XG0",".XG0","34816","24/04/2018 10:07:06"
"D:\AtelieProd\Equipexe\Lav\Dados\Prazos.YG0","D:\AtelieProd\Equipexe\Lav\Dados","Prazos.YG0",".YG0","4096","24/04/2018 10:07:06"
"D:\AtelieProd\Equipexe\Lav\Dados\PromCad.DB","D:\AtelieProd\Equipexe\Lav\Dados","PromCad.DB",".DB","2048","24/04/2018 10:07:06"
"D:\AtelieProd\Equipexe\Lav\Dados\PromCad.PX","D:\AtelieProd\Equipexe\Lav\Dados","PromCad.PX",".PX","2048","24/04/2018 10:07:06"
"D:\AtelieProd\Equipexe\Lav\Dados\PromCad.XG0","D:\AtelieProd\Equipexe\Lav\Dados","PromCad.XG0",".XG0","34816","24/04/2018 10:07:06"
"D:\AtelieProd\Equipexe\Lav\Dados\PromCad.YG0","D:\AtelieProd\Equipexe\Lav\Dados","PromCad.YG0",".YG0","4096","24/04/2018 10:07:06"
"D:\AtelieProd\Equipexe\Lav\Dados\ProTipTec.DB","D:\AtelieProd\Equipexe\Lav\Dados","ProTipTec.DB",".DB","2048","24/04/2018 10:07:06"
"D:\AtelieProd\Equipexe\Lav\Dados\ProTipTec.PX","D:\AtelieProd\Equipexe\Lav\Dados","ProTipTec.PX",".PX","2048","24/04/2018 10:07:06"
"D:\AtelieProd\Equipexe\Lav\Dados\SerLav.DB","D:\AtelieProd\Equipexe\Lav\Dados","SerLav.DB",".DB","100352","27/02/2020 16:03:54"
"D:\AtelieProd\Equipexe\Lav\Dados\SerLav.PX","D:\AtelieProd\Equipexe\Lav\Dados","SerLav.PX",".PX","4096","27/02/2020 16:02:42"
"D:\AtelieProd\Equipexe\Lav\Dados\SerLav.XG0","D:\AtelieProd\Equipexe\Lav\Dados","SerLav.XG0",".XG0","34816","27/02/2020 16:03:12"
"D:\AtelieProd\Equipexe\Lav\Dados\SerLav.YG0","D:\AtelieProd\Equipexe\Lav\Dados","SerLav.YG0",".YG0","4096","27/02/2020 16:03:32"
"D:\AtelieProd\Equipexe\Lav\Dados\TabFat.DB","D:\AtelieProd\Equipexe\Lav\Dados","TabFat.DB",".DB","34816","02/02/2024 15:03:50"
"D:\AtelieProd\Equipexe\Lav\Dados\TabFat.PX","D:\AtelieProd\Equipexe\Lav\Dados","TabFat.PX",".PX","4096","01/08/2023 11:53:32"
"D:\AtelieProd\Equipexe\Lav\Dados\TabFat.XG0","D:\AtelieProd\Equipexe\Lav\Dados","TabFat.XG0",".XG0","34816","01/08/2023 11:53:32"
"D:\AtelieProd\Equipexe\Lav\Dados\TabFat.XG1","D:\AtelieProd\Equipexe\Lav\Dados","TabFat.XG1",".XG1","34816","01/08/2023 11:53:32"
"D:\AtelieProd\Equipexe\Lav\Dados\TabFat.YG0","D:\AtelieProd\Equipexe\Lav\Dados","TabFat.YG0",".YG0","4096","01/08/2023 11:53:32"
"D:\AtelieProd\Equipexe\Lav\Dados\TabFat.YG1","D:\AtelieProd\Equipexe\Lav\Dados","TabFat.YG1",".YG1","4096","01/08/2023 11:53:32"
"D:\AtelieProd\Equipexe\Lav\Dados\TabPra.DB","D:\AtelieProd\Equipexe\Lav\Dados","TabPra.DB",".DB","34816","02/02/2024 15:03:50"
"D:\AtelieProd\Equipexe\Lav\Dados\TabPra.PX","D:\AtelieProd\Equipexe\Lav\Dados","TabPra.PX",".PX","4096","02/02/2024 15:03:50"
"D:\AtelieProd\Equipexe\Lav\Dados\TabPra.XG0","D:\AtelieProd\Equipexe\Lav\Dados","TabPra.XG0",".XG0","34816","02/02/2024 15:03:50"
"D:\AtelieProd\Equipexe\Lav\Dados\TabPra.XG1","D:\AtelieProd\Equipexe\Lav\Dados","TabPra.XG1",".XG1","34816","02/02/2024 15:03:50"
"D:\AtelieProd\Equipexe\Lav\Dados\TabPra.YG0","D:\AtelieProd\Equipexe\Lav\Dados","TabPra.YG0",".YG0","4096","01/08/2023 11:53:32"
"D:\AtelieProd\Equipexe\Lav\Dados\TabPra.YG1","D:\AtelieProd\Equipexe\Lav\Dados","TabPra.YG1",".YG1","4096","01/08/2023 11:53:32"
"D:\AtelieProd\Equipexe\Lav\Dados\TabPreco.DB","D:\AtelieProd\Equipexe\Lav\Dados","TabPreco.DB",".DB","34816","02/02/2024 15:03:49"
"D:\AtelieProd\Equipexe\Lav\Dados\TabPreco.PX","D:\AtelieProd\Equipexe\Lav\Dados","TabPreco.PX",".PX","4096","01/08/2023 11:53:31"
"D:\AtelieProd\Equipexe\Lav\Dados\TabPreco.XG0","D:\AtelieProd\Equipexe\Lav\Dados","TabPreco.XG0",".XG0","34816","01/08/2023 11:53:31"
"D:\AtelieProd\Equipexe\Lav\Dados\TabPreco.XG1","D:\AtelieProd\Equipexe\Lav\Dados","TabPreco.XG1",".XG1","34816","01/08/2023 11:53:31"
"D:\AtelieProd\Equipexe\Lav\Dados\TabPreco.YG0","D:\AtelieProd\Equipexe\Lav\Dados","TabPreco.YG0",".YG0","4096","01/08/2023 11:53:31"
"D:\AtelieProd\Equipexe\Lav\Dados\TabPreco.YG1","D:\AtelieProd\Equipexe\Lav\Dados","TabPreco.YG1",".YG1","4096","01/08/2023 11:53:31"
"D:\AtelieProd\Equipexe\Lav\Dados\TabPro.DB","D:\AtelieProd\Equipexe\Lav\Dados","TabPro.DB",".DB","34816","02/02/2024 15:03:49"
"D:\AtelieProd\Equipexe\Lav\Dados\TabPro.PX","D:\AtelieProd\Equipexe\Lav\Dados","TabPro.PX",".PX","4096","02/02/2024 15:03:49"
"D:\AtelieProd\Equipexe\Lav\Dados\TabPro.XG0","D:\AtelieProd\Equipexe\Lav\Dados","TabPro.XG0",".XG0","34816","02/02/2024 15:03:49"
"D:\AtelieProd\Equipexe\Lav\Dados\TabPro.XG1","D:\AtelieProd\Equipexe\Lav\Dados","TabPro.XG1",".XG1","34816","02/02/2024 15:03:49"
"D:\AtelieProd\Equipexe\Lav\Dados\TabPro.YG0","D:\AtelieProd\Equipexe\Lav\Dados","TabPro.YG0",".YG0","4096","02/02/2024 15:03:49"
"D:\AtelieProd\Equipexe\Lav\Dados\TabPro.YG1","D:\AtelieProd\Equipexe\Lav\Dados","TabPro.YG1",".YG1","4096","02/02/2024 15:03:49"
"D:\AtelieProd\Equipexe\Lav\Dados\TabProDesc.DB","D:\AtelieProd\Equipexe\Lav\Dados","TabProDesc.DB",".DB","2048","24/04/2018 10:07:10"
"D:\AtelieProd\Equipexe\Lav\Dados\TabProDesc.PX","D:\AtelieProd\Equipexe\Lav\Dados","TabProDesc.PX",".PX","2048","24/04/2018 10:07:10"
"D:\AtelieProd\Equipexe\Lav\Dados\TabProDesc.XG0","D:\AtelieProd\Equipexe\Lav\Dados","TabProDesc.XG0",".XG0","34816","24/04/2018 10:07:10"
"D:\AtelieProd\Equipexe\Lav\Dados\TabProDesc.XG1","D:\AtelieProd\Equipexe\Lav\Dados","TabProDesc.XG1",".XG1","34816","24/04/2018 10:07:10"
"D:\AtelieProd\Equipexe\Lav\Dados\TabProDesc.YG0","D:\AtelieProd\Equipexe\Lav\Dados","TabProDesc.YG0",".YG0","4096","24/04/2018 10:07:10"
"D:\AtelieProd\Equipexe\Lav\Dados\TabProDesc.YG1","D:\AtelieProd\Equipexe\Lav\Dados","TabProDesc.YG1",".YG1","4096","24/04/2018 10:07:10"
"D:\AtelieProd\Equipexe\Lav\Dados\TabProLim.DB","D:\AtelieProd\Equipexe\Lav\Dados","TabProLim.DB",".DB","2048","24/04/2018 10:07:10"
"D:\AtelieProd\Equipexe\Lav\Dados\TabProLim.PX","D:\AtelieProd\Equipexe\Lav\Dados","TabProLim.PX",".PX","2048","24/04/2018 10:07:10"
"D:\AtelieProd\Equipexe\Lav\Dados\TabProLim.XG0","D:\AtelieProd\Equipexe\Lav\Dados","TabProLim.XG0",".XG0","34816","24/04/2018 10:07:10"
"D:\AtelieProd\Equipexe\Lav\Dados\TabProLim.YG0","D:\AtelieProd\Equipexe\Lav\Dados","TabProLim.YG0",".YG0","4096","24/04/2018 10:07:10"
"D:\AtelieProd\Equipexe\Lav\Dados\TabProPrEn.DB","D:\AtelieProd\Equipexe\Lav\Dados","TabProPrEn.DB",".DB","2048","24/04/2018 10:07:10"
"D:\AtelieProd\Equipexe\Lav\Dados\TabProPrEn.PX","D:\AtelieProd\Equipexe\Lav\Dados","TabProPrEn.PX",".PX","2048","24/04/2018 10:07:10"
"D:\AtelieProd\Equipexe\Lav\Dados\TabProPrEn.XG0","D:\AtelieProd\Equipexe\Lav\Dados","TabProPrEn.XG0",".XG0","34816","24/04/2018 10:07:10"
"D:\AtelieProd\Equipexe\Lav\Dados\TabProPrEn.XG1","D:\AtelieProd\Equipexe\Lav\Dados","TabProPrEn.XG1",".XG1","34816","24/04/2018 10:07:10"
"D:\AtelieProd\Equipexe\Lav\Dados\TabProPrEn.YG0","D:\AtelieProd\Equipexe\Lav\Dados","TabProPrEn.YG0",".YG0","4096","24/04/2018 10:07:10"
"D:\AtelieProd\Equipexe\Lav\Dados\TabProPrEn.YG1","D:\AtelieProd\Equipexe\Lav\Dados","TabProPrEn.YG1",".YG1","4096","24/04/2018 10:07:10"
"D:\AtelieProd\Equipexe\Lav\Dados\TabProProm.DB","D:\AtelieProd\Equipexe\Lav\Dados","TabProProm.DB",".DB","2048","24/04/2018 10:07:10"
"D:\AtelieProd\Equipexe\Lav\Dados\TabProProm.PX","D:\AtelieProd\Equipexe\Lav\Dados","TabProProm.PX",".PX","2048","24/04/2018 10:07:10"
"D:\AtelieProd\Equipexe\Lav\Dados\TabProProm.XG0","D:\AtelieProd\Equipexe\Lav\Dados","TabProProm.XG0",".XG0","34816","24/04/2018 10:07:10"
"D:\AtelieProd\Equipexe\Lav\Dados\TabProProm.XG1","D:\AtelieProd\Equipexe\Lav\Dados","TabProProm.XG1",".XG1","34816","24/04/2018 10:07:10"
"D:\AtelieProd\Equipexe\Lav\Dados\TabProProm.YG0","D:\AtelieProd\Equipexe\Lav\Dados","TabProProm.YG0",".YG0","4096","24/04/2018 10:07:10"
"D:\AtelieProd\Equipexe\Lav\Dados\TabProProm.YG1","D:\AtelieProd\Equipexe\Lav\Dados","TabProProm.YG1",".YG1","4096","24/04/2018 10:07:10"
"D:\AtelieProd\Equipexe\Lav\Dados\TabProSer.DB","D:\AtelieProd\Equipexe\Lav\Dados","TabProSer.DB",".DB","165888","01/08/2023 11:49:25"
"D:\AtelieProd\Equipexe\Lav\Dados\TabProSer.PX","D:\AtelieProd\Equipexe\Lav\Dados","TabProSer.PX",".PX","4096","18/03/2020 13:26:48"
"D:\AtelieProd\Equipexe\Lav\Dados\TabProSer.XG0","D:\AtelieProd\Equipexe\Lav\Dados","TabProSer.XG0",".XG0","100352","18/03/2020 13:26:48"
"D:\AtelieProd\Equipexe\Lav\Dados\TabProSer.YG0","D:\AtelieProd\Equipexe\Lav\Dados","TabProSer.YG0",".YG0","4096","18/03/2020 13:26:48"
"D:\AtelieProd\Equipexe\Lav\Dados\TipEnt.DB","D:\AtelieProd\Equipexe\Lav\Dados","TipEnt.DB",".DB","34816","24/04/2018 10:07:12"
"D:\AtelieProd\Equipexe\Lav\Dados\TipEnt.PX","D:\AtelieProd\Equipexe\Lav\Dados","TipEnt.PX",".PX","4096","24/04/2018 10:07:12"
"D:\AtelieProd\Equipexe\Lav\Dados\TipEnt.XG0","D:\AtelieProd\Equipexe\Lav\Dados","TipEnt.XG0",".XG0","34816","24/04/2018 10:07:12"
"D:\AtelieProd\Equipexe\Lav\Dados\TipEnt.YG0","D:\AtelieProd\Equipexe\Lav\Dados","TipEnt.YG0",".YG0","4096","24/04/2018 10:07:12"
"D:\AtelieProd\Equipexe\Lav\Dados\TipSer.DB","D:\AtelieProd\Equipexe\Lav\Dados","TipSer.DB",".DB","34816","24/04/2018 10:07:12"
"D:\AtelieProd\Equipexe\Lav\Dados\TipSer.PX","D:\AtelieProd\Equipexe\Lav\Dados","TipSer.PX",".PX","4096","24/04/2018 10:07:12"
"D:\AtelieProd\Equipexe\Lav\Dados\TipSer.XG0","D:\AtelieProd\Equipexe\Lav\Dados","TipSer.XG0",".XG0","34816","24/04/2018 10:07:12"
"D:\AtelieProd\Equipexe\Lav\Dados\TipSer.YG0","D:\AtelieProd\Equipexe\Lav\Dados","TipSer.YG0",".YG0","4096","24/04/2018 10:07:12"
"D:\AtelieProd\Equipexe\Lav\Dados\TipTab.DB","D:\AtelieProd\Equipexe\Lav\Dados","TipTab.DB",".DB","34816","24/04/2018 10:07:12"
"D:\AtelieProd\Equipexe\Lav\Dados\TipTab.PX","D:\AtelieProd\Equipexe\Lav\Dados","TipTab.PX",".PX","4096","24/04/2018 10:07:12"
"D:\AtelieProd\Equipexe\Lav\Dados\TipTab.XG0","D:\AtelieProd\Equipexe\Lav\Dados","TipTab.XG0",".XG0","34816","24/04/2018 10:07:12"
"D:\AtelieProd\Equipexe\Lav\Dados\TipTab.YG0","D:\AtelieProd\Equipexe\Lav\Dados","TipTab.YG0",".YG0","4096","24/04/2018 10:07:12"
"D:\AtelieProd\Equipexe\Lav\Dados\TipTec.DB","D:\AtelieProd\Equipexe\Lav\Dados","TipTec.DB",".DB","34816","24/04/2018 10:07:12"
"D:\AtelieProd\Equipexe\Lav\Dados\TipTec.PX","D:\AtelieProd\Equipexe\Lav\Dados","TipTec.PX",".PX","4096","24/04/2018 10:07:12"
"D:\AtelieProd\Equipexe\Lav\Dados\TipTec.XG0","D:\AtelieProd\Equipexe\Lav\Dados","TipTec.XG0",".XG0","34816","24/04/2018 10:07:12"
"D:\AtelieProd\Equipexe\Lav\Dados\TipTec.YG0","D:\AtelieProd\Equipexe\Lav\Dados","TipTec.YG0",".YG0","4096","24/04/2018 10:07:12"
"D:\AtelieProd\Equipexe\Lav\FILIAL\AvisoContEti.DB","D:\AtelieProd\Equipexe\Lav\FILIAL","AvisoContEti.DB",".DB","2048","24/04/2018 10:06:08"
"D:\AtelieProd\Equipexe\Lav\FILIAL\AvisoContEti.PX","D:\AtelieProd\Equipexe\Lav\FILIAL","AvisoContEti.PX",".PX","2048","24/04/2018 10:06:08"
"D:\AtelieProd\Equipexe\Lav\FILIAL\AvisoContEti.XG0","D:\AtelieProd\Equipexe\Lav\FILIAL","AvisoContEti.XG0",".XG0","34816","24/04/2018 10:06:08"
"D:\AtelieProd\Equipexe\Lav\FILIAL\AvisoContEti.XG1","D:\AtelieProd\Equipexe\Lav\FILIAL","AvisoContEti.XG1",".XG1","34816","24/04/2018 10:06:08"
"D:\AtelieProd\Equipexe\Lav\FILIAL\AvisoContEti.YG0","D:\AtelieProd\Equipexe\Lav\FILIAL","AvisoContEti.YG0",".YG0","4096","24/04/2018 10:06:08"
"D:\AtelieProd\Equipexe\Lav\FILIAL\AvisoContEti.YG1","D:\AtelieProd\Equipexe\Lav\FILIAL","AvisoContEti.YG1",".YG1","4096","24/04/2018 10:06:08"
"D:\AtelieProd\Equipexe\Lav\FILIAL\Bonus.DB","D:\AtelieProd\Equipexe\Lav\FILIAL","Bonus.DB",".DB","2048","24/04/2018 10:06:10"
"D:\AtelieProd\Equipexe\Lav\FILIAL\Bonus.PX","D:\AtelieProd\Equipexe\Lav\FILIAL","Bonus.PX",".PX","2048","24/04/2018 10:06:10"
"D:\AtelieProd\Equipexe\Lav\FILIAL\Bonus.XG0","D:\AtelieProd\Equipexe\Lav\FILIAL","Bonus.XG0",".XG0","34816","24/04/2018 10:06:10"
"D:\AtelieProd\Equipexe\Lav\FILIAL\Bonus.YG0","D:\AtelieProd\Equipexe\Lav\FILIAL","Bonus.YG0",".YG0","4096","24/04/2018 10:06:10"
"D:\AtelieProd\Equipexe\Lav\FILIAL\CadGR.DB","D:\AtelieProd\Equipexe\Lav\FILIAL","CadGR.DB",".DB","2048","24/04/2018 10:06:12"
"D:\AtelieProd\Equipexe\Lav\FILIAL\CadGR.PX","D:\AtelieProd\Equipexe\Lav\FILIAL","CadGR.PX",".PX","2048","24/04/2018 10:06:12"
"D:\AtelieProd\Equipexe\Lav\FILIAL\CadLoc.DB","D:\AtelieProd\Equipexe\Lav\FILIAL","CadLoc.DB",".DB","34816","08/04/2026 10:59:39"
"D:\AtelieProd\Equipexe\Lav\FILIAL\CadLoc.PX","D:\AtelieProd\Equipexe\Lav\FILIAL","CadLoc.PX",".PX","4096","08/04/2026 10:59:39"
"D:\AtelieProd\Equipexe\Lav\FILIAL\CadLoc.XG0","D:\AtelieProd\Equipexe\Lav\FILIAL","CadLoc.XG0",".XG0","34816","08/04/2026 10:59:39"
"D:\AtelieProd\Equipexe\Lav\FILIAL\CadLoc.XG1","D:\AtelieProd\Equipexe\Lav\FILIAL","CadLoc.XG1",".XG1","34816","08/04/2026 10:59:39"
"D:\AtelieProd\Equipexe\Lav\FILIAL\CadLoc.YG0","D:\AtelieProd\Equipexe\Lav\FILIAL","CadLoc.YG0",".YG0","4096","09/01/2020 11:00:54"
"D:\AtelieProd\Equipexe\Lav\FILIAL\CadLoc.YG1","D:\AtelieProd\Equipexe\Lav\FILIAL","CadLoc.YG1",".YG1","4096","09/01/2020 11:00:54"
"D:\AtelieProd\Equipexe\Lav\FILIAL\CadLocPec.DB","D:\AtelieProd\Equipexe\Lav\FILIAL","CadLocPec.DB",".DB","9209856","21/05/2026 16:38:05"
"D:\AtelieProd\Equipexe\Lav\FILIAL\CadLocPec.PX","D:\AtelieProd\Equipexe\Lav\FILIAL","CadLocPec.PX",".PX","10240","21/05/2026 16:38:05"
"D:\AtelieProd\Equipexe\Lav\FILIAL\CadLocPec.XG0","D:\AtelieProd\Equipexe\Lav\FILIAL","CadLocPec.XG0",".XG0","2099200","21/05/2026 16:38:05"
"D:\AtelieProd\Equipexe\Lav\FILIAL\CadLocPec.XG1","D:\AtelieProd\Equipexe\Lav\FILIAL","CadLocPec.XG1",".XG1","1968128","21/05/2026 16:38:05"
"D:\AtelieProd\Equipexe\Lav\FILIAL\CadLocPec.YG0","D:\AtelieProd\Equipexe\Lav\FILIAL","CadLocPec.YG0",".YG0","4096","21/05/2026 16:38:05"
"D:\AtelieProd\Equipexe\Lav\FILIAL\CadLocPec.YG1","D:\AtelieProd\Equipexe\Lav\FILIAL","CadLocPec.YG1",".YG1","4096","21/05/2026 16:38:05"
"D:\AtelieProd\Equipexe\Lav\FILIAL\CadLocReg.DB","D:\AtelieProd\Equipexe\Lav\FILIAL","CadLocReg.DB",".DB","2048","24/04/2018 10:06:14"
"D:\AtelieProd\Equipexe\Lav\FILIAL\CadLocReg.PX","D:\AtelieProd\Equipexe\Lav\FILIAL","CadLocReg.PX",".PX","2048","24/04/2018 10:06:14"
"D:\AtelieProd\Equipexe\Lav\FILIAL\CadLocReg.XG0","D:\AtelieProd\Equipexe\Lav\FILIAL","CadLocReg.XG0",".XG0","34816","24/04/2018 10:06:14"
"D:\AtelieProd\Equipexe\Lav\FILIAL\CadLocReg.YG0","D:\AtelieProd\Equipexe\Lav\FILIAL","CadLocReg.YG0",".YG0","4096","24/04/2018 10:06:14"
"D:\AtelieProd\Equipexe\Lav\FILIAL\CliCredito.DB","D:\AtelieProd\Equipexe\Lav\FILIAL","CliCredito.DB",".DB","34816","11/01/2026 09:03:01"
"D:\AtelieProd\Equipexe\Lav\FILIAL\CliCredito.PX","D:\AtelieProd\Equipexe\Lav\FILIAL","CliCredito.PX",".PX","4096","18/05/2023 10:56:39"
"D:\AtelieProd\Equipexe\Lav\FILIAL\CliCredito.XG0","D:\AtelieProd\Equipexe\Lav\FILIAL","CliCredito.XG0",".XG0","34816","18/05/2023 10:56:39"
"D:\AtelieProd\Equipexe\Lav\FILIAL\CliCredito.XG1","D:\AtelieProd\Equipexe\Lav\FILIAL","CliCredito.XG1",".XG1","34816","18/05/2023 10:56:39"
"D:\AtelieProd\Equipexe\Lav\FILIAL\CliCredito.YG0","D:\AtelieProd\Equipexe\Lav\FILIAL","CliCredito.YG0",".YG0","4096","18/05/2023 10:56:39"
"D:\AtelieProd\Equipexe\Lav\FILIAL\CliCredito.YG1","D:\AtelieProd\Equipexe\Lav\FILIAL","CliCredito.YG1",".YG1","4096","18/05/2023 10:56:39"
"D:\AtelieProd\Equipexe\Lav\FILIAL\CliPromAcu.DB","D:\AtelieProd\Equipexe\Lav\FILIAL","CliPromAcu.DB",".DB","2048","24/04/2018 10:06:20"
"D:\AtelieProd\Equipexe\Lav\FILIAL\CliPromAcu.PX","D:\AtelieProd\Equipexe\Lav\FILIAL","CliPromAcu.PX",".PX","2048","24/04/2018 10:06:20"
"D:\AtelieProd\Equipexe\Lav\FILIAL\CliPromAcu.XG0","D:\AtelieProd\Equipexe\Lav\FILIAL","CliPromAcu.XG0",".XG0","34816","24/04/2018 10:06:20"
"D:\AtelieProd\Equipexe\Lav\FILIAL\CliPromAcu.XG1","D:\AtelieProd\Equipexe\Lav\FILIAL","CliPromAcu.XG1",".XG1","34816","24/04/2018 10:06:20"
"D:\AtelieProd\Equipexe\Lav\FILIAL\CliPromAcu.YG0","D:\AtelieProd\Equipexe\Lav\FILIAL","CliPromAcu.YG0",".YG0","4096","24/04/2018 10:06:20"
"D:\AtelieProd\Equipexe\Lav\FILIAL\CliPromAcu.YG1","D:\AtelieProd\Equipexe\Lav\FILIAL","CliPromAcu.YG1",".YG1","4096","24/04/2018 10:06:20"
"D:\AtelieProd\Equipexe\Lav\FILIAL\ContIdent.DB","D:\AtelieProd\Equipexe\Lav\FILIAL","ContIdent.DB",".DB","2048","24/04/2018 10:06:22"
"D:\AtelieProd\Equipexe\Lav\FILIAL\ContIdent.PX","D:\AtelieProd\Equipexe\Lav\FILIAL","ContIdent.PX",".PX","2048","24/04/2018 10:06:22"
"D:\AtelieProd\Equipexe\Lav\FILIAL\ContIdent.XG0","D:\AtelieProd\Equipexe\Lav\FILIAL","ContIdent.XG0",".XG0","34816","24/04/2018 10:06:22"
"D:\AtelieProd\Equipexe\Lav\FILIAL\ContIdent.YG0","D:\AtelieProd\Equipexe\Lav\FILIAL","ContIdent.YG0",".YG0","4096","24/04/2018 10:06:22"
"D:\AtelieProd\Equipexe\Lav\FILIAL\ControleEti.DB","D:\AtelieProd\Equipexe\Lav\FILIAL","ControleEti.DB",".DB","2048","24/04/2018 10:06:22"
"D:\AtelieProd\Equipexe\Lav\FILIAL\ControleEti.PX","D:\AtelieProd\Equipexe\Lav\FILIAL","ControleEti.PX",".PX","2048","24/04/2018 10:06:22"
"D:\AtelieProd\Equipexe\Lav\FILIAL\ControleEti.XG0","D:\AtelieProd\Equipexe\Lav\FILIAL","ControleEti.XG0",".XG0","34816","24/04/2018 10:06:22"
"D:\AtelieProd\Equipexe\Lav\FILIAL\ControleEti.XG1","D:\AtelieProd\Equipexe\Lav\FILIAL","ControleEti.XG1",".XG1","34816","24/04/2018 10:06:22"
"D:\AtelieProd\Equipexe\Lav\FILIAL\ControleEti.YG0","D:\AtelieProd\Equipexe\Lav\FILIAL","ControleEti.YG0",".YG0","4096","24/04/2018 10:06:22"
"D:\AtelieProd\Equipexe\Lav\FILIAL\ControleEti.YG1","D:\AtelieProd\Equipexe\Lav\FILIAL","ControleEti.YG1",".YG1","4096","24/04/2018 10:06:22"
"D:\AtelieProd\Equipexe\Lav\FILIAL\Disp.DB","D:\AtelieProd\Equipexe\Lav\FILIAL","Disp.DB",".DB","2048","24/04/2018 10:06:22"
"D:\AtelieProd\Equipexe\Lav\FILIAL\Disp.PX","D:\AtelieProd\Equipexe\Lav\FILIAL","Disp.PX",".PX","2048","24/04/2018 10:06:22"
"D:\AtelieProd\Equipexe\Lav\FILIAL\Doacao.DB","D:\AtelieProd\Equipexe\Lav\FILIAL","Doacao.DB",".DB","2048","24/04/2018 10:06:22"
"D:\AtelieProd\Equipexe\Lav\FILIAL\Doacao.PX","D:\AtelieProd\Equipexe\Lav\FILIAL","Doacao.PX",".PX","2048","24/04/2018 10:06:22"
"D:\AtelieProd\Equipexe\Lav\FILIAL\Doacao.XG0","D:\AtelieProd\Equipexe\Lav\FILIAL","Doacao.XG0",".XG0","34816","24/04/2018 10:06:22"
"D:\AtelieProd\Equipexe\Lav\FILIAL\Doacao.XG1","D:\AtelieProd\Equipexe\Lav\FILIAL","Doacao.XG1",".XG1","34816","24/04/2018 10:06:22"
"D:\AtelieProd\Equipexe\Lav\FILIAL\Doacao.YG0","D:\AtelieProd\Equipexe\Lav\FILIAL","Doacao.YG0",".YG0","4096","24/04/2018 10:06:22"
"D:\AtelieProd\Equipexe\Lav\FILIAL\Doacao.YG1","D:\AtelieProd\Equipexe\Lav\FILIAL","Doacao.YG1",".YG1","4096","24/04/2018 10:06:22"
"D:\AtelieProd\Equipexe\Lav\FILIAL\EncCaiLav.DB","D:\AtelieProd\Equipexe\Lav\FILIAL","EncCaiLav.DB",".DB","2048","24/04/2018 10:06:24"
"D:\AtelieProd\Equipexe\Lav\FILIAL\EncCaiLav.PX","D:\AtelieProd\Equipexe\Lav\FILIAL","EncCaiLav.PX",".PX","2048","24/04/2018 10:06:24"
"D:\AtelieProd\Equipexe\Lav\FILIAL\EncCaiLav.XG0","D:\AtelieProd\Equipexe\Lav\FILIAL","EncCaiLav.XG0",".XG0","34816","24/04/2018 10:06:26"
"D:\AtelieProd\Equipexe\Lav\FILIAL\EncCaiLav.XG1","D:\AtelieProd\Equipexe\Lav\FILIAL","EncCaiLav.XG1",".XG1","34816","24/04/2018 10:06:26"
"D:\AtelieProd\Equipexe\Lav\FILIAL\EncCaiLav.YG0","D:\AtelieProd\Equipexe\Lav\FILIAL","EncCaiLav.YG0",".YG0","4096","24/04/2018 10:06:26"
"D:\AtelieProd\Equipexe\Lav\FILIAL\EncCaiLav.YG1","D:\AtelieProd\Equipexe\Lav\FILIAL","EncCaiLav.YG1",".YG1","4096","24/04/2018 10:06:26"
"D:\AtelieProd\Equipexe\Lav\FILIAL\EntLote.DB","D:\AtelieProd\Equipexe\Lav\FILIAL","EntLote.DB",".DB","2048","24/04/2018 10:06:26"
"D:\AtelieProd\Equipexe\Lav\FILIAL\EntLote.PX","D:\AtelieProd\Equipexe\Lav\FILIAL","EntLote.PX",".PX","2048","24/04/2018 10:06:26"
"D:\AtelieProd\Equipexe\Lav\FILIAL\EntMovLote.DB","D:\AtelieProd\Equipexe\Lav\FILIAL","EntMovLote.DB",".DB","2048","24/04/2018 10:06:26"
"D:\AtelieProd\Equipexe\Lav\FILIAL\EntMovLote.PX","D:\AtelieProd\Equipexe\Lav\FILIAL","EntMovLote.PX",".PX","2048","24/04/2018 10:06:26"
"D:\AtelieProd\Equipexe\Lav\FILIAL\EntMovLote.XG0","D:\AtelieProd\Equipexe\Lav\FILIAL","EntMovLote.XG0",".XG0","34816","24/04/2018 10:06:26"
"D:\AtelieProd\Equipexe\Lav\FILIAL\EntMovLote.XG1","D:\AtelieProd\Equipexe\Lav\FILIAL","EntMovLote.XG1",".XG1","34816","24/04/2018 10:06:26"
"D:\AtelieProd\Equipexe\Lav\FILIAL\EntMovLote.YG0","D:\AtelieProd\Equipexe\Lav\FILIAL","EntMovLote.YG0",".YG0","4096","24/04/2018 10:06:26"
"D:\AtelieProd\Equipexe\Lav\FILIAL\EntMovLote.YG1","D:\AtelieProd\Equipexe\Lav\FILIAL","EntMovLote.YG1",".YG1","4096","24/04/2018 10:06:26"
"D:\AtelieProd\Equipexe\Lav\FILIAL\EstCli.DB","D:\AtelieProd\Equipexe\Lav\FILIAL","EstCli.DB",".DB","2048","24/04/2018 10:06:26"
"D:\AtelieProd\Equipexe\Lav\FILIAL\EstCli.PX","D:\AtelieProd\Equipexe\Lav\FILIAL","EstCli.PX",".PX","2048","24/04/2018 10:06:26"
"D:\AtelieProd\Equipexe\Lav\FILIAL\EstCli.XG0","D:\AtelieProd\Equipexe\Lav\FILIAL","EstCli.XG0",".XG0","34816","24/04/2018 10:06:26"
"D:\AtelieProd\Equipexe\Lav\FILIAL\EstCli.XG1","D:\AtelieProd\Equipexe\Lav\FILIAL","EstCli.XG1",".XG1","34816","24/04/2018 10:06:26"
"D:\AtelieProd\Equipexe\Lav\FILIAL\EstCli.YG0","D:\AtelieProd\Equipexe\Lav\FILIAL","EstCli.YG0",".YG0","4096","24/04/2018 10:06:26"
"D:\AtelieProd\Equipexe\Lav\FILIAL\EstCli.YG1","D:\AtelieProd\Equipexe\Lav\FILIAL","EstCli.YG1",".YG1","4096","24/04/2018 10:06:26"
"D:\AtelieProd\Equipexe\Lav\FILIAL\FecCaixa.DB","D:\AtelieProd\Equipexe\Lav\FILIAL","FecCaixa.DB",".DB","2048","24/04/2018 10:06:28"
"D:\AtelieProd\Equipexe\Lav\FILIAL\FecCaixa.PX","D:\AtelieProd\Equipexe\Lav\FILIAL","FecCaixa.PX",".PX","2048","24/04/2018 10:06:28"
"D:\AtelieProd\Equipexe\Lav\FILIAL\IndenRol.DB","D:\AtelieProd\Equipexe\Lav\FILIAL","IndenRol.DB",".DB","2048","24/04/2018 10:06:32"
"D:\AtelieProd\Equipexe\Lav\FILIAL\IndenRol.PX","D:\AtelieProd\Equipexe\Lav\FILIAL","IndenRol.PX",".PX","2048","24/04/2018 10:06:32"
"D:\AtelieProd\Equipexe\Lav\FILIAL\LogExporta.DB","D:\AtelieProd\Equipexe\Lav\FILIAL","LogExporta.DB",".DB","34816","11/01/2026 09:03:01"
"D:\AtelieProd\Equipexe\Lav\FILIAL\LogExporta.PX","D:\AtelieProd\Equipexe\Lav\FILIAL","LogExporta.PX",".PX","4096","11/01/2026 08:52:54"
"D:\AtelieProd\Equipexe\Lav\FILIAL\MetasGruPro.DB","D:\AtelieProd\Equipexe\Lav\FILIAL","MetasGruPro.DB",".DB","2048","24/04/2018 10:06:34"
"D:\AtelieProd\Equipexe\Lav\FILIAL\MetasGruPro.PX","D:\AtelieProd\Equipexe\Lav\FILIAL","MetasGruPro.PX",".PX","2048","24/04/2018 10:06:34"
"D:\AtelieProd\Equipexe\Lav\FILIAL\MetasGruPro.XG0","D:\AtelieProd\Equipexe\Lav\FILIAL","MetasGruPro.XG0",".XG0","34816","24/04/2018 10:06:34"
"D:\AtelieProd\Equipexe\Lav\FILIAL\MetasGruPro.YG0","D:\AtelieProd\Equipexe\Lav\FILIAL","MetasGruPro.YG0",".YG0","4096","24/04/2018 10:06:34"
"D:\AtelieProd\Equipexe\Lav\FILIAL\MetasVen.DB","D:\AtelieProd\Equipexe\Lav\FILIAL","MetasVen.DB",".DB","2048","24/04/2018 10:06:34"
"D:\AtelieProd\Equipexe\Lav\FILIAL\MetasVen.PX","D:\AtelieProd\Equipexe\Lav\FILIAL","MetasVen.PX",".PX","2048","24/04/2018 10:06:34"
"D:\AtelieProd\Equipexe\Lav\FILIAL\MetasVen.XG0","D:\AtelieProd\Equipexe\Lav\FILIAL","MetasVen.XG0",".XG0","34816","24/04/2018 10:06:34"
"D:\AtelieProd\Equipexe\Lav\FILIAL\MetasVen.YG0","D:\AtelieProd\Equipexe\Lav\FILIAL","MetasVen.YG0",".YG0","4096","24/04/2018 10:06:34"
"D:\AtelieProd\Equipexe\Lav\FILIAL\MovAgenda.DB","D:\AtelieProd\Equipexe\Lav\FILIAL","MovAgenda.DB",".DB","2048","24/04/2018 10:06:34"
"D:\AtelieProd\Equipexe\Lav\FILIAL\MovAgenda.PX","D:\AtelieProd\Equipexe\Lav\FILIAL","MovAgenda.PX",".PX","2048","24/04/2018 10:06:34"
"D:\AtelieProd\Equipexe\Lav\FILIAL\MovAgenda.XG0","D:\AtelieProd\Equipexe\Lav\FILIAL","MovAgenda.XG0",".XG0","34816","24/04/2018 10:06:34"
"D:\AtelieProd\Equipexe\Lav\FILIAL\MovAgenda.XG1","D:\AtelieProd\Equipexe\Lav\FILIAL","MovAgenda.XG1",".XG1","34816","24/04/2018 10:06:34"
"D:\AtelieProd\Equipexe\Lav\FILIAL\MovAgenda.YG0","D:\AtelieProd\Equipexe\Lav\FILIAL","MovAgenda.YG0",".YG0","4096","24/04/2018 10:06:34"
"D:\AtelieProd\Equipexe\Lav\FILIAL\MovAgenda.YG1","D:\AtelieProd\Equipexe\Lav\FILIAL","MovAgenda.YG1",".YG1","4096","24/04/2018 10:06:34"
"D:\AtelieProd\Equipexe\Lav\FILIAL\MovCab.DB","D:\AtelieProd\Equipexe\Lav\FILIAL","MovCab.DB",".DB","14487552","21/05/2026 16:38:06"
"D:\AtelieProd\Equipexe\Lav\FILIAL\MovCab.PX","D:\AtelieProd\Equipexe\Lav\FILIAL","MovCab.PX",".PX","10240","21/05/2026 16:38:05"
"D:\AtelieProd\Equipexe\Lav\FILIAL\MovCab.XG0","D:\AtelieProd\Equipexe\Lav\FILIAL","MovCab.XG0",".XG0","919552","21/05/2026 16:38:05"
"D:\AtelieProd\Equipexe\Lav\FILIAL\MovCab.XG1","D:\AtelieProd\Equipexe\Lav\FILIAL","MovCab.XG1",".XG1","690176","21/05/2026 16:38:05"
"D:\AtelieProd\Equipexe\Lav\FILIAL\MovCab.YG0","D:\AtelieProd\Equipexe\Lav\FILIAL","MovCab.YG0",".YG0","4096","21/05/2026 16:38:05"
"D:\AtelieProd\Equipexe\Lav\FILIAL\MovCab.YG1","D:\AtelieProd\Equipexe\Lav\FILIAL","MovCab.YG1",".YG1","4096","21/05/2026 16:38:05"
"D:\AtelieProd\Equipexe\Lav\FILIAL\MovCabDes.DB","D:\AtelieProd\Equipexe\Lav\FILIAL","MovCabDes.DB",".DB","34816","21/02/2020 16:45:08"
"D:\AtelieProd\Equipexe\Lav\FILIAL\MovCabDes.PX","D:\AtelieProd\Equipexe\Lav\FILIAL","MovCabDes.PX",".PX","4096","21/02/2020 16:45:08"
"D:\AtelieProd\Equipexe\Lav\FILIAL\MovCabDes.XG0","D:\AtelieProd\Equipexe\Lav\FILIAL","MovCabDes.XG0",".XG0","34816","21/02/2020 16:45:08"
"D:\AtelieProd\Equipexe\Lav\FILIAL\MovCabDes.XG1","D:\AtelieProd\Equipexe\Lav\FILIAL","MovCabDes.XG1",".XG1","34816","21/02/2020 16:45:08"
"D:\AtelieProd\Equipexe\Lav\FILIAL\MovCabDes.YG0","D:\AtelieProd\Equipexe\Lav\FILIAL","MovCabDes.YG0",".YG0","4096","21/02/2020 16:45:08"
"D:\AtelieProd\Equipexe\Lav\FILIAL\MovCabDes.YG1","D:\AtelieProd\Equipexe\Lav\FILIAL","MovCabDes.YG1",".YG1","4096","21/02/2020 16:45:08"
"D:\AtelieProd\Equipexe\Lav\FILIAL\MovDesc.DB","D:\AtelieProd\Equipexe\Lav\FILIAL","MovDesc.DB",".DB","2048","24/04/2018 10:06:40"
"D:\AtelieProd\Equipexe\Lav\FILIAL\MovDesc.PX","D:\AtelieProd\Equipexe\Lav\FILIAL","MovDesc.PX",".PX","2048","24/04/2018 10:06:40"
"D:\AtelieProd\Equipexe\Lav\FILIAL\MovDesc.XG0","D:\AtelieProd\Equipexe\Lav\FILIAL","MovDesc.XG0",".XG0","34816","24/04/2018 10:06:40"
"D:\AtelieProd\Equipexe\Lav\FILIAL\MovDesc.XG1","D:\AtelieProd\Equipexe\Lav\FILIAL","MovDesc.XG1",".XG1","34816","24/04/2018 10:06:40"
"D:\AtelieProd\Equipexe\Lav\FILIAL\MovDesc.YG0","D:\AtelieProd\Equipexe\Lav\FILIAL","MovDesc.YG0",".YG0","4096","24/04/2018 10:06:40"
"D:\AtelieProd\Equipexe\Lav\FILIAL\MovDesc.YG1","D:\AtelieProd\Equipexe\Lav\FILIAL","MovDesc.YG1",".YG1","4096","24/04/2018 10:06:40"
"D:\AtelieProd\Equipexe\Lav\FILIAL\MovEntSai.DB","D:\AtelieProd\Equipexe\Lav\FILIAL","MovEntSai.DB",".DB","2048","24/04/2018 10:06:40"
"D:\AtelieProd\Equipexe\Lav\FILIAL\MovEntSai.PX","D:\AtelieProd\Equipexe\Lav\FILIAL","MovEntSai.PX",".PX","2048","24/04/2018 10:06:40"
"D:\AtelieProd\Equipexe\Lav\FILIAL\MovEntSai.XG0","D:\AtelieProd\Equipexe\Lav\FILIAL","MovEntSai.XG0",".XG0","34816","24/04/2018 10:06:40"
"D:\AtelieProd\Equipexe\Lav\FILIAL\MovEntSai.XG1","D:\AtelieProd\Equipexe\Lav\FILIAL","MovEntSai.XG1",".XG1","34816","24/04/2018 10:06:40"
"D:\AtelieProd\Equipexe\Lav\FILIAL\MovEntSai.YG0","D:\AtelieProd\Equipexe\Lav\FILIAL","MovEntSai.YG0",".YG0","4096","24/04/2018 10:06:40"
"D:\AtelieProd\Equipexe\Lav\FILIAL\MovEntSai.YG1","D:\AtelieProd\Equipexe\Lav\FILIAL","MovEntSai.YG1",".YG1","4096","24/04/2018 10:06:40"
"D:\AtelieProd\Equipexe\Lav\FILIAL\MovEstLan.DB","D:\AtelieProd\Equipexe\Lav\FILIAL","MovEstLan.DB",".DB","2048","24/04/2018 10:06:42"
"D:\AtelieProd\Equipexe\Lav\FILIAL\MovEstLan.PX","D:\AtelieProd\Equipexe\Lav\FILIAL","MovEstLan.PX",".PX","2048","24/04/2018 10:06:42"
"D:\AtelieProd\Equipexe\Lav\FILIAL\MovImportacao.DB","D:\AtelieProd\Equipexe\Lav\FILIAL","MovImportacao.DB",".DB","2048","24/04/2018 10:06:42"
"D:\AtelieProd\Equipexe\Lav\FILIAL\MovImportacao.PX","D:\AtelieProd\Equipexe\Lav\FILIAL","MovImportacao.PX",".PX","2048","24/04/2018 10:06:42"
"D:\AtelieProd\Equipexe\Lav\FILIAL\MovImportacao.XG0","D:\AtelieProd\Equipexe\Lav\FILIAL","MovImportacao.XG0",".XG0","34816","24/04/2018 10:06:42"
"D:\AtelieProd\Equipexe\Lav\FILIAL\MovImportacao.XG1","D:\AtelieProd\Equipexe\Lav\FILIAL","MovImportacao.XG1",".XG1","34816","24/04/2018 10:06:42"
"D:\AtelieProd\Equipexe\Lav\FILIAL\MovImportacao.YG0","D:\AtelieProd\Equipexe\Lav\FILIAL","MovImportacao.YG0",".YG0","4096","24/04/2018 10:06:42"
"D:\AtelieProd\Equipexe\Lav\FILIAL\MovImportacao.YG1","D:\AtelieProd\Equipexe\Lav\FILIAL","MovImportacao.YG1",".YG1","4096","24/04/2018 10:06:42"
"D:\AtelieProd\Equipexe\Lav\FILIAL\MovIniCaixa.DB","D:\AtelieProd\Equipexe\Lav\FILIAL","MovIniCaixa.DB",".DB","2048","24/04/2018 10:06:42"
"D:\AtelieProd\Equipexe\Lav\FILIAL\MovIniCaixa.PX","D:\AtelieProd\Equipexe\Lav\FILIAL","MovIniCaixa.PX",".PX","2048","24/04/2018 10:06:42"
"D:\AtelieProd\Equipexe\Lav\FILIAL\MovIniCaixa.XG0","D:\AtelieProd\Equipexe\Lav\FILIAL","MovIniCaixa.XG0",".XG0","34816","24/04/2018 10:06:42"
"D:\AtelieProd\Equipexe\Lav\FILIAL\MovIniCaixa.YG0","D:\AtelieProd\Equipexe\Lav\FILIAL","MovIniCaixa.YG0",".YG0","4096","24/04/2018 10:06:42"
"D:\AtelieProd\Equipexe\Lav\FILIAL\MovItem.DB","D:\AtelieProd\Equipexe\Lav\FILIAL","MovItem.DB",".DB","36407296","21/05/2026 16:38:05"
"D:\AtelieProd\Equipexe\Lav\FILIAL\MovItem.PX","D:\AtelieProd\Equipexe\Lav\FILIAL","MovItem.PX",".PX","26624","21/05/2026 16:38:05"
"D:\AtelieProd\Equipexe\Lav\FILIAL\MovItem.XG0","D:\AtelieProd\Equipexe\Lav\FILIAL","MovItem.XG0",".XG0","657408","30/01/2019 14:42:46"
"D:\AtelieProd\Equipexe\Lav\FILIAL\MovItem.XG1","D:\AtelieProd\Equipexe\Lav\FILIAL","MovItem.XG1",".XG1","493568","30/01/2019 14:42:46"
"D:\AtelieProd\Equipexe\Lav\FILIAL\MovItem.YG0","D:\AtelieProd\Equipexe\Lav\FILIAL","MovItem.YG0",".YG0","4096","30/01/2019 14:41:38"
"D:\AtelieProd\Equipexe\Lav\FILIAL\MovItem.YG1","D:\AtelieProd\Equipexe\Lav\FILIAL","MovItem.YG1",".YG1","4096","30/01/2019 14:41:38"
"D:\AtelieProd\Equipexe\Lav\FILIAL\MovItemCor.DB","D:\AtelieProd\Equipexe\Lav\FILIAL","MovItemCor.DB",".DB","34816","24/04/2018 10:06:46"
"D:\AtelieProd\Equipexe\Lav\FILIAL\MovItemCor.PX","D:\AtelieProd\Equipexe\Lav\FILIAL","MovItemCor.PX",".PX","4096","24/04/2018 10:06:46"
"D:\AtelieProd\Equipexe\Lav\FILIAL\MovItemCor.XG0","D:\AtelieProd\Equipexe\Lav\FILIAL","MovItemCor.XG0",".XG0","34816","24/04/2018 10:06:46"
"D:\AtelieProd\Equipexe\Lav\FILIAL\MovItemCor.YG0","D:\AtelieProd\Equipexe\Lav\FILIAL","MovItemCor.YG0",".YG0","4096","24/04/2018 10:06:46"
"D:\AtelieProd\Equipexe\Lav\FILIAL\MovItemDef.DB","D:\AtelieProd\Equipexe\Lav\FILIAL","MovItemDef.DB",".DB","34816","24/04/2018 10:06:46"
"D:\AtelieProd\Equipexe\Lav\FILIAL\MovItemDef.PX","D:\AtelieProd\Equipexe\Lav\FILIAL","MovItemDef.PX",".PX","4096","24/04/2018 10:06:46"
"D:\AtelieProd\Equipexe\Lav\FILIAL\MovItemDef.XG0","D:\AtelieProd\Equipexe\Lav\FILIAL","MovItemDef.XG0",".XG0","34816","24/04/2018 10:06:46"
"D:\AtelieProd\Equipexe\Lav\FILIAL\MovItemDef.YG0","D:\AtelieProd\Equipexe\Lav\FILIAL","MovItemDef.YG0",".YG0","4096","24/04/2018 10:06:46"
"D:\AtelieProd\Equipexe\Lav\FILIAL\MovItemMetragem.DB","D:\AtelieProd\Equipexe\Lav\FILIAL","MovItemMetragem.DB",".DB","2048","24/04/2018 10:06:46"
"D:\AtelieProd\Equipexe\Lav\FILIAL\MovItemMetragem.PX","D:\AtelieProd\Equipexe\Lav\FILIAL","MovItemMetragem.PX",".PX","2048","24/04/2018 10:06:46"
"D:\AtelieProd\Equipexe\Lav\FILIAL\MovItemPac.DB","D:\AtelieProd\Equipexe\Lav\FILIAL","MovItemPac.DB",".DB","2048","24/04/2018 10:06:46"
"D:\AtelieProd\Equipexe\Lav\FILIAL\MovItemPac.PX","D:\AtelieProd\Equipexe\Lav\FILIAL","MovItemPac.PX",".PX","2048","24/04/2018 10:06:46"
"D:\AtelieProd\Equipexe\Lav\FILIAL\MovItemPac.XG0","D:\AtelieProd\Equipexe\Lav\FILIAL","MovItemPac.XG0",".XG0","34816","24/04/2018 10:06:46"
"D:\AtelieProd\Equipexe\Lav\FILIAL\MovItemPac.XG1","D:\AtelieProd\Equipexe\Lav\FILIAL","MovItemPac.XG1",".XG1","34816","24/04/2018 10:06:46"
"D:\AtelieProd\Equipexe\Lav\FILIAL\MovItemPac.YG0","D:\AtelieProd\Equipexe\Lav\FILIAL","MovItemPac.YG0",".YG0","4096","24/04/2018 10:06:46"
"D:\AtelieProd\Equipexe\Lav\FILIAL\MovItemPac.YG1","D:\AtelieProd\Equipexe\Lav\FILIAL","MovItemPac.YG1",".YG1","4096","24/04/2018 10:06:46"
"D:\AtelieProd\Equipexe\Lav\FILIAL\MovItemPro.DB","D:\AtelieProd\Equipexe\Lav\FILIAL","MovItemPro.DB",".DB","2048","24/04/2018 10:06:46"
"D:\AtelieProd\Equipexe\Lav\FILIAL\MovItemPro.PX","D:\AtelieProd\Equipexe\Lav\FILIAL","MovItemPro.PX",".PX","2048","24/04/2018 10:06:46"
"D:\AtelieProd\Equipexe\Lav\FILIAL\MovItemPro.XG0","D:\AtelieProd\Equipexe\Lav\FILIAL","MovItemPro.XG0",".XG0","34816","24/04/2018 10:06:46"
"D:\AtelieProd\Equipexe\Lav\FILIAL\MovItemPro.YG0","D:\AtelieProd\Equipexe\Lav\FILIAL","MovItemPro.YG0",".YG0","4096","24/04/2018 10:06:46"
"D:\AtelieProd\Equipexe\Lav\FILIAL\MovItemSer.DB","D:\AtelieProd\Equipexe\Lav\FILIAL","MovItemSer.DB",".DB","37029888","21/05/2026 16:38:05"
"D:\AtelieProd\Equipexe\Lav\FILIAL\MovItemSer.PX","D:\AtelieProd\Equipexe\Lav\FILIAL","MovItemSer.PX",".PX","30720","21/05/2026 16:38:05"
"D:\AtelieProd\Equipexe\Lav\FILIAL\MovItemSer.XG0","D:\AtelieProd\Equipexe\Lav\FILIAL","MovItemSer.XG0",".XG0","2525184","21/05/2026 16:38:05"
"D:\AtelieProd\Equipexe\Lav\FILIAL\MovItemSer.XG1","D:\AtelieProd\Equipexe\Lav\FILIAL","MovItemSer.XG1",".XG1","3147776","21/05/2026 16:38:05"
"D:\AtelieProd\Equipexe\Lav\FILIAL\MovItemSer.YG0","D:\AtelieProd\Equipexe\Lav\FILIAL","MovItemSer.YG0",".YG0","4096","21/05/2026 16:38:05"
"D:\AtelieProd\Equipexe\Lav\FILIAL\MovItemSer.YG1","D:\AtelieProd\Equipexe\Lav\FILIAL","MovItemSer.YG1",".YG1","8192","21/05/2026 16:38:05"
"D:\AtelieProd\Equipexe\Lav\FILIAL\MovItemSerPro.DB","D:\AtelieProd\Equipexe\Lav\FILIAL","MovItemSerPro.DB",".DB","2048","24/04/2018 10:06:48"
"D:\AtelieProd\Equipexe\Lav\FILIAL\MovItemSerPro.PX","D:\AtelieProd\Equipexe\Lav\FILIAL","MovItemSerPro.PX",".PX","2048","24/04/2018 10:06:48"
"D:\AtelieProd\Equipexe\Lav\FILIAL\MovItemTin.DB","D:\AtelieProd\Equipexe\Lav\FILIAL","MovItemTin.DB",".DB","2048","24/04/2018 10:06:48"
"D:\AtelieProd\Equipexe\Lav\FILIAL\MovItemTin.PX","D:\AtelieProd\Equipexe\Lav\FILIAL","MovItemTin.PX",".PX","2048","24/04/2018 10:06:48"
"D:\AtelieProd\Equipexe\Lav\FILIAL\MovItemTin.XG0","D:\AtelieProd\Equipexe\Lav\FILIAL","MovItemTin.XG0",".XG0","34816","24/04/2018 10:06:48"
"D:\AtelieProd\Equipexe\Lav\FILIAL\MovItemTin.YG0","D:\AtelieProd\Equipexe\Lav\FILIAL","MovItemTin.YG0",".YG0","4096","24/04/2018 10:06:48"
"D:\AtelieProd\Equipexe\Lav\FILIAL\MovLimite.DB","D:\AtelieProd\Equipexe\Lav\FILIAL","MovLimite.DB",".DB","2048","24/04/2018 10:06:48"
"D:\AtelieProd\Equipexe\Lav\FILIAL\MovLimite.PX","D:\AtelieProd\Equipexe\Lav\FILIAL","MovLimite.PX",".PX","2048","24/04/2018 10:06:48"
"D:\AtelieProd\Equipexe\Lav\FILIAL\MovLimite.XG0","D:\AtelieProd\Equipexe\Lav\FILIAL","MovLimite.XG0",".XG0","34816","24/04/2018 10:06:48"
"D:\AtelieProd\Equipexe\Lav\FILIAL\MovLimite.YG0","D:\AtelieProd\Equipexe\Lav\FILIAL","MovLimite.YG0",".YG0","4096","24/04/2018 10:06:48"
"D:\AtelieProd\Equipexe\Lav\FILIAL\MovLimPro.DB","D:\AtelieProd\Equipexe\Lav\FILIAL","MovLimPro.DB",".DB","67584","21/05/2026 15:26:21"
"D:\AtelieProd\Equipexe\Lav\FILIAL\MovLimPro.PX","D:\AtelieProd\Equipexe\Lav\FILIAL","MovLimPro.PX",".PX","4096","21/05/2026 15:26:21"
"D:\AtelieProd\Equipexe\Lav\FILIAL\MovLimPro.XG0","D:\AtelieProd\Equipexe\Lav\FILIAL","MovLimPro.XG0",".XG0","100352","21/05/2026 15:26:21"
"D:\AtelieProd\Equipexe\Lav\FILIAL\MovLimPro.YG0","D:\AtelieProd\Equipexe\Lav\FILIAL","MovLimPro.YG0",".YG0","4096","21/05/2026 15:26:21"
"D:\AtelieProd\Equipexe\Lav\FILIAL\MovLocRol.DB","D:\AtelieProd\Equipexe\Lav\FILIAL","MovLocRol.DB",".DB","2048","24/04/2018 10:06:50"
"D:\AtelieProd\Equipexe\Lav\FILIAL\MovLocRol.PX","D:\AtelieProd\Equipexe\Lav\FILIAL","MovLocRol.PX",".PX","2048","24/04/2018 10:06:50"
"D:\AtelieProd\Equipexe\Lav\FILIAL\MovLocRol.XG0","D:\AtelieProd\Equipexe\Lav\FILIAL","MovLocRol.XG0",".XG0","34816","24/04/2018 10:06:50"
"D:\AtelieProd\Equipexe\Lav\FILIAL\MovLocRol.XG1","D:\AtelieProd\Equipexe\Lav\FILIAL","MovLocRol.XG1",".XG1","34816","24/04/2018 10:06:50"
"D:\AtelieProd\Equipexe\Lav\FILIAL\MovLocRol.YG0","D:\AtelieProd\Equipexe\Lav\FILIAL","MovLocRol.YG0",".YG0","4096","24/04/2018 10:06:50"
"D:\AtelieProd\Equipexe\Lav\FILIAL\MovLocRol.YG1","D:\AtelieProd\Equipexe\Lav\FILIAL","MovLocRol.YG1",".YG1","4096","24/04/2018 10:06:50"
"D:\AtelieProd\Equipexe\Lav\FILIAL\MovPacot.DB","D:\AtelieProd\Equipexe\Lav\FILIAL","MovPacot.DB",".DB","2048","24/04/2018 10:06:50"
"D:\AtelieProd\Equipexe\Lav\FILIAL\MovPacot.PX","D:\AtelieProd\Equipexe\Lav\FILIAL","MovPacot.PX",".PX","2048","24/04/2018 10:06:50"
"D:\AtelieProd\Equipexe\Lav\FILIAL\MovPacot.XG0","D:\AtelieProd\Equipexe\Lav\FILIAL","MovPacot.XG0",".XG0","34816","24/04/2018 10:06:50"
"D:\AtelieProd\Equipexe\Lav\FILIAL\MovPacot.XG1","D:\AtelieProd\Equipexe\Lav\FILIAL","MovPacot.XG1",".XG1","34816","24/04/2018 10:06:50"
"D:\AtelieProd\Equipexe\Lav\FILIAL\MovPacot.YG0","D:\AtelieProd\Equipexe\Lav\FILIAL","MovPacot.YG0",".YG0","4096","24/04/2018 10:06:50"
"D:\AtelieProd\Equipexe\Lav\FILIAL\MovPacot.YG1","D:\AtelieProd\Equipexe\Lav\FILIAL","MovPacot.YG1",".YG1","4096","24/04/2018 10:06:50"
"D:\AtelieProd\Equipexe\Lav\FILIAL\MovPecLav.DB","D:\AtelieProd\Equipexe\Lav\FILIAL","MovPecLav.DB",".DB","2048","24/04/2018 10:06:50"
"D:\AtelieProd\Equipexe\Lav\FILIAL\MovPecLav.PX","D:\AtelieProd\Equipexe\Lav\FILIAL","MovPecLav.PX",".PX","2048","24/04/2018 10:06:50"
"D:\AtelieProd\Equipexe\Lav\FILIAL\MovPecLav.XG0","D:\AtelieProd\Equipexe\Lav\FILIAL","MovPecLav.XG0",".XG0","34816","24/04/2018 10:06:50"
"D:\AtelieProd\Equipexe\Lav\FILIAL\MovPecLav.XG1","D:\AtelieProd\Equipexe\Lav\FILIAL","MovPecLav.XG1",".XG1","34816","24/04/2018 10:06:50"
"D:\AtelieProd\Equipexe\Lav\FILIAL\MovPecLav.YG0","D:\AtelieProd\Equipexe\Lav\FILIAL","MovPecLav.YG0",".YG0","4096","24/04/2018 10:06:50"
"D:\AtelieProd\Equipexe\Lav\FILIAL\MovPecLav.YG1","D:\AtelieProd\Equipexe\Lav\FILIAL","MovPecLav.YG1",".YG1","4096","24/04/2018 10:06:50"
"D:\AtelieProd\Equipexe\Lav\FILIAL\MovPontos.DB","D:\AtelieProd\Equipexe\Lav\FILIAL","MovPontos.DB",".DB","264192","21/11/2024 12:19:32"
"D:\AtelieProd\Equipexe\Lav\FILIAL\MovPontos.PX","D:\AtelieProd\Equipexe\Lav\FILIAL","MovPontos.PX",".PX","4096","21/11/2024 12:19:32"
"D:\AtelieProd\Equipexe\Lav\FILIAL\MovPontos.XG0","D:\AtelieProd\Equipexe\Lav\FILIAL","MovPontos.XG0",".XG0","34816","21/11/2024 12:19:32"
"D:\AtelieProd\Equipexe\Lav\FILIAL\MovPontos.XG1","D:\AtelieProd\Equipexe\Lav\FILIAL","MovPontos.XG1",".XG1","34816","21/11/2024 12:19:32"
"D:\AtelieProd\Equipexe\Lav\FILIAL\MovPontos.YG0","D:\AtelieProd\Equipexe\Lav\FILIAL","MovPontos.YG0",".YG0","4096","21/11/2024 12:19:32"
"D:\AtelieProd\Equipexe\Lav\FILIAL\MovPontos.YG1","D:\AtelieProd\Equipexe\Lav\FILIAL","MovPontos.YG1",".YG1","4096","21/11/2024 12:19:32"
"D:\AtelieProd\Equipexe\Lav\FILIAL\MovRetirada.DB","D:\AtelieProd\Equipexe\Lav\FILIAL","MovRetirada.DB",".DB","2048","24/04/2018 10:06:52"
"D:\AtelieProd\Equipexe\Lav\FILIAL\MovRetirada.PX","D:\AtelieProd\Equipexe\Lav\FILIAL","MovRetirada.PX",".PX","2048","24/04/2018 10:06:52"
"D:\AtelieProd\Equipexe\Lav\FILIAL\MovRetirada.XG0","D:\AtelieProd\Equipexe\Lav\FILIAL","MovRetirada.XG0",".XG0","34816","24/04/2018 10:06:52"
"D:\AtelieProd\Equipexe\Lav\FILIAL\MovRetirada.XG1","D:\AtelieProd\Equipexe\Lav\FILIAL","MovRetirada.XG1",".XG1","34816","24/04/2018 10:06:52"
"D:\AtelieProd\Equipexe\Lav\FILIAL\MovRetirada.YG0","D:\AtelieProd\Equipexe\Lav\FILIAL","MovRetirada.YG0",".YG0","4096","24/04/2018 10:06:52"
"D:\AtelieProd\Equipexe\Lav\FILIAL\MovRetirada.YG1","D:\AtelieProd\Equipexe\Lav\FILIAL","MovRetirada.YG1",".YG1","4096","24/04/2018 10:06:52"
"D:\AtelieProd\Equipexe\Lav\FILIAL\MovRetiradaItem.DB","D:\AtelieProd\Equipexe\Lav\FILIAL","MovRetiradaItem.DB",".DB","2048","24/04/2018 10:06:52"
"D:\AtelieProd\Equipexe\Lav\FILIAL\MovRetiradaItem.PX","D:\AtelieProd\Equipexe\Lav\FILIAL","MovRetiradaItem.PX",".PX","2048","24/04/2018 10:06:52"
"D:\AtelieProd\Equipexe\Lav\FILIAL\MovRetiradaItem.XG0","D:\AtelieProd\Equipexe\Lav\FILIAL","MovRetiradaItem.XG0",".XG0","34816","24/04/2018 10:06:52"
"D:\AtelieProd\Equipexe\Lav\FILIAL\MovRetiradaItem.YG0","D:\AtelieProd\Equipexe\Lav\FILIAL","MovRetiradaItem.YG0",".YG0","4096","24/04/2018 10:06:52"
"D:\AtelieProd\Equipexe\Lav\FILIAL\MovSaida.DB","D:\AtelieProd\Equipexe\Lav\FILIAL","MovSaida.DB",".DB","2048","24/04/2018 10:06:54"
"D:\AtelieProd\Equipexe\Lav\FILIAL\MovSaida.PX","D:\AtelieProd\Equipexe\Lav\FILIAL","MovSaida.PX",".PX","2048","24/04/2018 10:06:54"
"D:\AtelieProd\Equipexe\Lav\FILIAL\MovSaida.XG0","D:\AtelieProd\Equipexe\Lav\FILIAL","MovSaida.XG0",".XG0","34816","24/04/2018 10:06:54"
"D:\AtelieProd\Equipexe\Lav\FILIAL\MovSaida.XG1","D:\AtelieProd\Equipexe\Lav\FILIAL","MovSaida.XG1",".XG1","34816","24/04/2018 10:06:54"
"D:\AtelieProd\Equipexe\Lav\FILIAL\MovSaida.YG0","D:\AtelieProd\Equipexe\Lav\FILIAL","MovSaida.YG0",".YG0","4096","24/04/2018 10:06:54"
"D:\AtelieProd\Equipexe\Lav\FILIAL\MovSaida.YG1","D:\AtelieProd\Equipexe\Lav\FILIAL","MovSaida.YG1",".YG1","4096","24/04/2018 10:06:54"
"D:\AtelieProd\Equipexe\Lav\FILIAL\MovSaidaItem.DB","D:\AtelieProd\Equipexe\Lav\FILIAL","MovSaidaItem.DB",".DB","2048","24/04/2018 10:06:54"
"D:\AtelieProd\Equipexe\Lav\FILIAL\MovSaidaItem.PX","D:\AtelieProd\Equipexe\Lav\FILIAL","MovSaidaItem.PX",".PX","2048","24/04/2018 10:06:54"
"D:\AtelieProd\Equipexe\Lav\FILIAL\MovSaidaItem.XG0","D:\AtelieProd\Equipexe\Lav\FILIAL","MovSaidaItem.XG0",".XG0","34816","24/04/2018 10:06:54"
"D:\AtelieProd\Equipexe\Lav\FILIAL\MovSaidaItem.XG1","D:\AtelieProd\Equipexe\Lav\FILIAL","MovSaidaItem.XG1",".XG1","34816","24/04/2018 10:06:54"
"D:\AtelieProd\Equipexe\Lav\FILIAL\MovSaidaItem.YG0","D:\AtelieProd\Equipexe\Lav\FILIAL","MovSaidaItem.YG0",".YG0","4096","24/04/2018 10:06:54"
"D:\AtelieProd\Equipexe\Lav\FILIAL\MovSaidaItem.YG1","D:\AtelieProd\Equipexe\Lav\FILIAL","MovSaidaItem.YG1",".YG1","4096","24/04/2018 10:06:54"
"D:\AtelieProd\Equipexe\Lav\FILIAL\MovTerc.DB","D:\AtelieProd\Equipexe\Lav\FILIAL","MovTerc.DB",".DB","2048","24/04/2018 10:06:58"
"D:\AtelieProd\Equipexe\Lav\FILIAL\MovTerc.PX","D:\AtelieProd\Equipexe\Lav\FILIAL","MovTerc.PX",".PX","2048","24/04/2018 10:06:58"
"D:\AtelieProd\Equipexe\Lav\FILIAL\MovTerc.XG0","D:\AtelieProd\Equipexe\Lav\FILIAL","MovTerc.XG0",".XG0","34816","24/04/2018 10:06:58"
"D:\AtelieProd\Equipexe\Lav\FILIAL\MovTerc.XG1","D:\AtelieProd\Equipexe\Lav\FILIAL","MovTerc.XG1",".XG1","34816","24/04/2018 10:06:58"
"D:\AtelieProd\Equipexe\Lav\FILIAL\MovTerc.YG0","D:\AtelieProd\Equipexe\Lav\FILIAL","MovTerc.YG0",".YG0","4096","24/04/2018 10:06:58"
"D:\AtelieProd\Equipexe\Lav\FILIAL\MovTerc.YG1","D:\AtelieProd\Equipexe\Lav\FILIAL","MovTerc.YG1",".YG1","4096","24/04/2018 10:06:58"
"D:\AtelieProd\Equipexe\Lav\FILIAL\MovTerCom.DB","D:\AtelieProd\Equipexe\Lav\FILIAL","MovTerCom.DB",".DB","2048","24/04/2018 10:06:58"
"D:\AtelieProd\Equipexe\Lav\FILIAL\MovTerCom.PX","D:\AtelieProd\Equipexe\Lav\FILIAL","MovTerCom.PX",".PX","2048","24/04/2018 10:06:58"
"D:\AtelieProd\Equipexe\Lav\FILIAL\MovTerCom.XG0","D:\AtelieProd\Equipexe\Lav\FILIAL","MovTerCom.XG0",".XG0","34816","24/04/2018 10:06:58"
"D:\AtelieProd\Equipexe\Lav\FILIAL\MovTerCom.YG0","D:\AtelieProd\Equipexe\Lav\FILIAL","MovTerCom.YG0",".YG0","4096","24/04/2018 10:06:58"
"D:\AtelieProd\Equipexe\Lav\FILIAL\MovTercPec.DB","D:\AtelieProd\Equipexe\Lav\FILIAL","MovTercPec.DB",".DB","2048","24/04/2018 10:06:58"
"D:\AtelieProd\Equipexe\Lav\FILIAL\MovTercPec.PX","D:\AtelieProd\Equipexe\Lav\FILIAL","MovTercPec.PX",".PX","2048","24/04/2018 10:06:58"
"D:\AtelieProd\Equipexe\Lav\FILIAL\MovTercPec.XG0","D:\AtelieProd\Equipexe\Lav\FILIAL","MovTercPec.XG0",".XG0","34816","24/04/2018 10:06:58"
"D:\AtelieProd\Equipexe\Lav\FILIAL\MovTercPec.YG0","D:\AtelieProd\Equipexe\Lav\FILIAL","MovTercPec.YG0",".YG0","4096","24/04/2018 10:06:58"
"D:\AtelieProd\Equipexe\Lav\FILIAL\MovVenItem.DB","D:\AtelieProd\Equipexe\Lav\FILIAL","MovVenItem.DB",".DB","2048","24/04/2018 10:06:58"
"D:\AtelieProd\Equipexe\Lav\FILIAL\MovVenItem.PX","D:\AtelieProd\Equipexe\Lav\FILIAL","MovVenItem.PX",".PX","2048","24/04/2018 10:06:58"
"D:\AtelieProd\Equipexe\Lav\FILIAL\MovVenItem.XG0","D:\AtelieProd\Equipexe\Lav\FILIAL","MovVenItem.XG0",".XG0","34816","24/04/2018 10:06:58"
"D:\AtelieProd\Equipexe\Lav\FILIAL\MovVenItem.YG0","D:\AtelieProd\Equipexe\Lav\FILIAL","MovVenItem.YG0",".YG0","4096","24/04/2018 10:06:58"
"D:\AtelieProd\Equipexe\Lav\FILIAL\NotaFisPag.DB","D:\AtelieProd\Equipexe\Lav\FILIAL","NotaFisPag.DB",".DB","2048","24/04/2018 10:07:00"
"D:\AtelieProd\Equipexe\Lav\FILIAL\NotaFisPag.PX","D:\AtelieProd\Equipexe\Lav\FILIAL","NotaFisPag.PX",".PX","2048","24/04/2018 10:07:00"
"D:\AtelieProd\Equipexe\Lav\FILIAL\Notas.DB","D:\AtelieProd\Equipexe\Lav\FILIAL","Notas.DB",".DB","13043712","20/05/2026 16:39:38"
"D:\AtelieProd\Equipexe\Lav\FILIAL\Notas.PX","D:\AtelieProd\Equipexe\Lav\FILIAL","Notas.PX",".PX","10240","20/05/2026 16:39:38"
"D:\AtelieProd\Equipexe\Lav\FILIAL\Notas.XG0","D:\AtelieProd\Equipexe\Lav\FILIAL","Notas.XG0",".XG0","690176","20/05/2026 16:39:38"
"D:\AtelieProd\Equipexe\Lav\FILIAL\Notas.XG1","D:\AtelieProd\Equipexe\Lav\FILIAL","Notas.XG1",".XG1","722944","20/05/2026 16:39:38"
"D:\AtelieProd\Equipexe\Lav\FILIAL\Notas.YG0","D:\AtelieProd\Equipexe\Lav\FILIAL","Notas.YG0",".YG0","4096","20/05/2026 16:39:38"
"D:\AtelieProd\Equipexe\Lav\FILIAL\Notas.YG1","D:\AtelieProd\Equipexe\Lav\FILIAL","Notas.YG1",".YG1","4096","20/05/2026 16:39:38"
"D:\AtelieProd\Equipexe\Lav\FILIAL\NotComp.DB","D:\AtelieProd\Equipexe\Lav\FILIAL","NotComp.DB",".DB","5113856","20/05/2026 16:39:38"
"D:\AtelieProd\Equipexe\Lav\FILIAL\NotComp.PX","D:\AtelieProd\Equipexe\Lav\FILIAL","NotComp.PX",".PX","8192","20/05/2026 16:39:38"
"D:\AtelieProd\Equipexe\Lav\FILIAL\NotComp.XG0","D:\AtelieProd\Equipexe\Lav\FILIAL","NotComp.XG0",".XG0","493568","20/05/2026 16:39:38"
"D:\AtelieProd\Equipexe\Lav\FILIAL\NotComp.YG0","D:\AtelieProd\Equipexe\Lav\FILIAL","NotComp.YG0",".YG0","4096","20/05/2026 16:39:38"
"D:\AtelieProd\Equipexe\Lav\FILIAL\NotFis.DB","D:\AtelieProd\Equipexe\Lav\FILIAL","NotFis.DB",".DB","2048","24/04/2018 10:07:00"
"D:\AtelieProd\Equipexe\Lav\FILIAL\NotFis.PX","D:\AtelieProd\Equipexe\Lav\FILIAL","NotFis.PX",".PX","2048","24/04/2018 10:07:00"
"D:\AtelieProd\Equipexe\Lav\FILIAL\NotFis.XG0","D:\AtelieProd\Equipexe\Lav\FILIAL","NotFis.XG0",".XG0","34816","24/04/2018 10:07:00"
"D:\AtelieProd\Equipexe\Lav\FILIAL\NotFis.YG0","D:\AtelieProd\Equipexe\Lav\FILIAL","NotFis.YG0",".YG0","4096","24/04/2018 10:07:00"
"D:\AtelieProd\Equipexe\Lav\FILIAL\NotFisConf.DB","D:\AtelieProd\Equipexe\Lav\FILIAL","NotFisConf.DB",".DB","2048","24/04/2018 10:07:00"
"D:\AtelieProd\Equipexe\Lav\FILIAL\NotFisConf.PX","D:\AtelieProd\Equipexe\Lav\FILIAL","NotFisConf.PX",".PX","2048","24/04/2018 10:07:00"
"D:\AtelieProd\Equipexe\Lav\FILIAL\NotFisE.DB","D:\AtelieProd\Equipexe\Lav\FILIAL","NotFisE.DB",".DB","2048","24/04/2018 10:07:00"
"D:\AtelieProd\Equipexe\Lav\FILIAL\NotFisE.PX","D:\AtelieProd\Equipexe\Lav\FILIAL","NotFisE.PX",".PX","2048","24/04/2018 10:07:00"
"D:\AtelieProd\Equipexe\Lav\FILIAL\NotFisE.XG0","D:\AtelieProd\Equipexe\Lav\FILIAL","NotFisE.XG0",".XG0","34816","24/04/2018 10:07:00"
"D:\AtelieProd\Equipexe\Lav\FILIAL\NotFisE.XG1","D:\AtelieProd\Equipexe\Lav\FILIAL","NotFisE.XG1",".XG1","34816","24/04/2018 10:07:00"
"D:\AtelieProd\Equipexe\Lav\FILIAL\NotFisE.YG0","D:\AtelieProd\Equipexe\Lav\FILIAL","NotFisE.YG0",".YG0","4096","24/04/2018 10:07:00"
"D:\AtelieProd\Equipexe\Lav\FILIAL\NotFisE.YG1","D:\AtelieProd\Equipexe\Lav\FILIAL","NotFisE.YG1",".YG1","4096","24/04/2018 10:07:00"
"D:\AtelieProd\Equipexe\Lav\FILIAL\NotFisEComp.DB","D:\AtelieProd\Equipexe\Lav\FILIAL","NotFisEComp.DB",".DB","2048","24/04/2018 10:07:02"
"D:\AtelieProd\Equipexe\Lav\FILIAL\NotFisEComp.PX","D:\AtelieProd\Equipexe\Lav\FILIAL","NotFisEComp.PX",".PX","2048","24/04/2018 10:07:02"
"D:\AtelieProd\Equipexe\Lav\FILIAL\NotFisEComp.XG0","D:\AtelieProd\Equipexe\Lav\FILIAL","NotFisEComp.XG0",".XG0","34816","24/04/2018 10:07:02"
"D:\AtelieProd\Equipexe\Lav\FILIAL\NotFisEComp.YG0","D:\AtelieProd\Equipexe\Lav\FILIAL","NotFisEComp.YG0",".YG0","4096","24/04/2018 10:07:02"
"D:\AtelieProd\Equipexe\Lav\FILIAL\NovoRegLavFilial.DB","D:\AtelieProd\Equipexe\Lav\FILIAL","NovoRegLavFilial.DB",".DB","2048","24/04/2018 10:07:02"
"D:\AtelieProd\Equipexe\Lav\FILIAL\NovoRegLavFilial.PX","D:\AtelieProd\Equipexe\Lav\FILIAL","NovoRegLavFilial.PX",".PX","2048","24/04/2018 10:07:02"
"D:\AtelieProd\Equipexe\Lav\FILIAL\OrcCab.DB","D:\AtelieProd\Equipexe\Lav\FILIAL","OrcCab.DB",".DB","4096","24/04/2018 10:07:02"
"D:\AtelieProd\Equipexe\Lav\FILIAL\OrcCab.PX","D:\AtelieProd\Equipexe\Lav\FILIAL","OrcCab.PX",".PX","2048","24/04/2018 10:07:02"
"D:\AtelieProd\Equipexe\Lav\FILIAL\OrcCab.XG0","D:\AtelieProd\Equipexe\Lav\FILIAL","OrcCab.XG0",".XG0","34816","24/04/2018 10:07:02"
"D:\AtelieProd\Equipexe\Lav\FILIAL\OrcCab.XG1","D:\AtelieProd\Equipexe\Lav\FILIAL","OrcCab.XG1",".XG1","34816","24/04/2018 10:07:02"
"D:\AtelieProd\Equipexe\Lav\FILIAL\OrcCab.YG0","D:\AtelieProd\Equipexe\Lav\FILIAL","OrcCab.YG0",".YG0","4096","24/04/2018 10:07:02"
"D:\AtelieProd\Equipexe\Lav\FILIAL\OrcCab.YG1","D:\AtelieProd\Equipexe\Lav\FILIAL","OrcCab.YG1",".YG1","4096","24/04/2018 10:07:02"
"D:\AtelieProd\Equipexe\Lav\FILIAL\OrcItem.DB","D:\AtelieProd\Equipexe\Lav\FILIAL","OrcItem.DB",".DB","2048","24/04/2018 10:07:02"
"D:\AtelieProd\Equipexe\Lav\FILIAL\OrcItem.PX","D:\AtelieProd\Equipexe\Lav\FILIAL","OrcItem.PX",".PX","2048","24/04/2018 10:07:02"
"D:\AtelieProd\Equipexe\Lav\FILIAL\OrcItem.XG0","D:\AtelieProd\Equipexe\Lav\FILIAL","OrcItem.XG0",".XG0","34816","24/04/2018 10:07:02"
"D:\AtelieProd\Equipexe\Lav\FILIAL\OrcItem.XG1","D:\AtelieProd\Equipexe\Lav\FILIAL","OrcItem.XG1",".XG1","34816","24/04/2018 10:07:02"
"D:\AtelieProd\Equipexe\Lav\FILIAL\OrcItem.YG0","D:\AtelieProd\Equipexe\Lav\FILIAL","OrcItem.YG0",".YG0","4096","24/04/2018 10:07:02"
"D:\AtelieProd\Equipexe\Lav\FILIAL\OrcItem.YG1","D:\AtelieProd\Equipexe\Lav\FILIAL","OrcItem.YG1",".YG1","4096","24/04/2018 10:07:02"
"D:\AtelieProd\Equipexe\Lav\FILIAL\OrcItemCab.DB","D:\AtelieProd\Equipexe\Lav\FILIAL","OrcItemCab.DB",".DB","2048","24/04/2018 10:07:02"
"D:\AtelieProd\Equipexe\Lav\FILIAL\OrcItemCab.PX","D:\AtelieProd\Equipexe\Lav\FILIAL","OrcItemCab.PX",".PX","2048","24/04/2018 10:07:02"
"D:\AtelieProd\Equipexe\Lav\FILIAL\OrcItemCab.XG0","D:\AtelieProd\Equipexe\Lav\FILIAL","OrcItemCab.XG0",".XG0","34816","24/04/2018 10:07:02"
"D:\AtelieProd\Equipexe\Lav\FILIAL\OrcItemCab.XG1","D:\AtelieProd\Equipexe\Lav\FILIAL","OrcItemCab.XG1",".XG1","34816","24/04/2018 10:07:02"
"D:\AtelieProd\Equipexe\Lav\FILIAL\OrcItemCab.YG0","D:\AtelieProd\Equipexe\Lav\FILIAL","OrcItemCab.YG0",".YG0","4096","24/04/2018 10:07:02"
"D:\AtelieProd\Equipexe\Lav\FILIAL\OrcItemCab.YG1","D:\AtelieProd\Equipexe\Lav\FILIAL","OrcItemCab.YG1",".YG1","4096","24/04/2018 10:07:02"
"D:\AtelieProd\Equipexe\Lav\FILIAL\OrcItemCor.DB","D:\AtelieProd\Equipexe\Lav\FILIAL","OrcItemCor.DB",".DB","2048","24/04/2018 10:07:02"
"D:\AtelieProd\Equipexe\Lav\FILIAL\OrcItemCor.PX","D:\AtelieProd\Equipexe\Lav\FILIAL","OrcItemCor.PX",".PX","2048","24/04/2018 10:07:02"
"D:\AtelieProd\Equipexe\Lav\FILIAL\OrcItemCor.XG0","D:\AtelieProd\Equipexe\Lav\FILIAL","OrcItemCor.XG0",".XG0","34816","24/04/2018 10:07:02"
"D:\AtelieProd\Equipexe\Lav\FILIAL\OrcItemCor.YG0","D:\AtelieProd\Equipexe\Lav\FILIAL","OrcItemCor.YG0",".YG0","4096","24/04/2018 10:07:02"
"D:\AtelieProd\Equipexe\Lav\FILIAL\OrcItemDef.DB","D:\AtelieProd\Equipexe\Lav\FILIAL","OrcItemDef.DB",".DB","2048","24/04/2018 10:07:02"
"D:\AtelieProd\Equipexe\Lav\FILIAL\OrcItemDef.PX","D:\AtelieProd\Equipexe\Lav\FILIAL","OrcItemDef.PX",".PX","2048","24/04/2018 10:07:02"
"D:\AtelieProd\Equipexe\Lav\FILIAL\OrcItemDef.XG0","D:\AtelieProd\Equipexe\Lav\FILIAL","OrcItemDef.XG0",".XG0","34816","24/04/2018 10:07:02"
"D:\AtelieProd\Equipexe\Lav\FILIAL\OrcItemDef.YG0","D:\AtelieProd\Equipexe\Lav\FILIAL","OrcItemDef.YG0",".YG0","4096","24/04/2018 10:07:02"
"D:\AtelieProd\Equipexe\Lav\FILIAL\OrcItemPro.DB","D:\AtelieProd\Equipexe\Lav\FILIAL","OrcItemPro.DB",".DB","2048","24/04/2018 10:07:02"
"D:\AtelieProd\Equipexe\Lav\FILIAL\OrcItemPro.PX","D:\AtelieProd\Equipexe\Lav\FILIAL","OrcItemPro.PX",".PX","2048","24/04/2018 10:07:02"
"D:\AtelieProd\Equipexe\Lav\FILIAL\OrcItemPro.XG0","D:\AtelieProd\Equipexe\Lav\FILIAL","OrcItemPro.XG0",".XG0","34816","24/04/2018 10:07:02"
"D:\AtelieProd\Equipexe\Lav\FILIAL\OrcItemPro.YG0","D:\AtelieProd\Equipexe\Lav\FILIAL","OrcItemPro.YG0",".YG0","4096","24/04/2018 10:07:02"
"D:\AtelieProd\Equipexe\Lav\FILIAL\OrcItemSer.DB","D:\AtelieProd\Equipexe\Lav\FILIAL","OrcItemSer.DB",".DB","2048","24/04/2018 10:07:02"
"D:\AtelieProd\Equipexe\Lav\FILIAL\OrcItemSer.PX","D:\AtelieProd\Equipexe\Lav\FILIAL","OrcItemSer.PX",".PX","2048","24/04/2018 10:07:02"
"D:\AtelieProd\Equipexe\Lav\FILIAL\OrcItemSer.XG0","D:\AtelieProd\Equipexe\Lav\FILIAL","OrcItemSer.XG0",".XG0","34816","24/04/2018 10:07:02"
"D:\AtelieProd\Equipexe\Lav\FILIAL\OrcItemSer.XG1","D:\AtelieProd\Equipexe\Lav\FILIAL","OrcItemSer.XG1",".XG1","34816","24/04/2018 10:07:02"
"D:\AtelieProd\Equipexe\Lav\FILIAL\OrcItemSer.YG0","D:\AtelieProd\Equipexe\Lav\FILIAL","OrcItemSer.YG0",".YG0","4096","24/04/2018 10:07:02"
"D:\AtelieProd\Equipexe\Lav\FILIAL\OrcItemSer.YG1","D:\AtelieProd\Equipexe\Lav\FILIAL","OrcItemSer.YG1",".YG1","4096","24/04/2018 10:07:02"
"D:\AtelieProd\Equipexe\Lav\FILIAL\ProcesMaqMovCab.DB","D:\AtelieProd\Equipexe\Lav\FILIAL","ProcesMaqMovCab.DB",".DB","2048","24/04/2018 10:07:06"
"D:\AtelieProd\Equipexe\Lav\FILIAL\ProcesMaqMovCab.PX","D:\AtelieProd\Equipexe\Lav\FILIAL","ProcesMaqMovCab.PX",".PX","2048","24/04/2018 10:07:06"
"D:\AtelieProd\Equipexe\Lav\FILIAL\ProcesMaqMovItem.DB","D:\AtelieProd\Equipexe\Lav\FILIAL","ProcesMaqMovItem.DB",".DB","2048","24/04/2018 10:07:06"
"D:\AtelieProd\Equipexe\Lav\FILIAL\ProcesMaqMovItem.PX","D:\AtelieProd\Equipexe\Lav\FILIAL","ProcesMaqMovItem.PX",".PX","2048","24/04/2018 10:07:06"
"D:\AtelieProd\Equipexe\MAN\DADOS\AutoPecas.DB","D:\AtelieProd\Equipexe\MAN\DADOS","AutoPecas.DB",".DB","2048","15/01/2019 15:52:22"
"D:\AtelieProd\Equipexe\MAN\DADOS\AutoPecas.PX","D:\AtelieProd\Equipexe\MAN\DADOS","AutoPecas.PX",".PX","2048","15/01/2019 15:52:22"
"D:\AtelieProd\Equipexe\MAN\DADOS\AutoPecas.XG0","D:\AtelieProd\Equipexe\MAN\DADOS","AutoPecas.XG0",".XG0","34816","15/01/2019 15:52:22"
"D:\AtelieProd\Equipexe\MAN\DADOS\AutoPecas.YG0","D:\AtelieProd\Equipexe\MAN\DADOS","AutoPecas.YG0",".YG0","4096","15/01/2019 15:52:22"
"D:\AtelieProd\Equipexe\MAN\DADOS\CompAutoPecas.DB","D:\AtelieProd\Equipexe\MAN\DADOS","CompAutoPecas.DB",".DB","2048","15/01/2019 15:53:02"
"D:\AtelieProd\Equipexe\MAN\DADOS\CompAutoPecas.PX","D:\AtelieProd\Equipexe\MAN\DADOS","CompAutoPecas.PX",".PX","2048","15/01/2019 15:53:02"
"D:\AtelieProd\Equipexe\MAN\DADOS\CompAutoPecas.XG0","D:\AtelieProd\Equipexe\MAN\DADOS","CompAutoPecas.XG0",".XG0","34816","15/01/2019 15:53:02"
"D:\AtelieProd\Equipexe\MAN\DADOS\CompAutoPecas.YG0","D:\AtelieProd\Equipexe\MAN\DADOS","CompAutoPecas.YG0",".YG0","4096","15/01/2019 15:53:02"
"D:\AtelieProd\Equipexe\MAN\DADOS\Condutor.DB","D:\AtelieProd\Equipexe\MAN\DADOS","Condutor.DB",".DB","2048","15/01/2019 15:53:02"
"D:\AtelieProd\Equipexe\MAN\DADOS\Condutor.PX","D:\AtelieProd\Equipexe\MAN\DADOS","Condutor.PX",".PX","2048","15/01/2019 15:53:02"
"D:\AtelieProd\Equipexe\MAN\DADOS\Condutor.XG0","D:\AtelieProd\Equipexe\MAN\DADOS","Condutor.XG0",".XG0","34816","15/01/2019 15:53:02"
"D:\AtelieProd\Equipexe\MAN\DADOS\Condutor.YG0","D:\AtelieProd\Equipexe\MAN\DADOS","Condutor.YG0",".YG0","4096","15/01/2019 15:53:02"
"D:\AtelieProd\Equipexe\MAN\DADOS\Equipam.DB","D:\AtelieProd\Equipexe\MAN\DADOS","Equipam.DB",".DB","2048","15/01/2019 15:53:16"
"D:\AtelieProd\Equipexe\MAN\DADOS\Equipam.PX","D:\AtelieProd\Equipexe\MAN\DADOS","Equipam.PX",".PX","2048","15/01/2019 15:53:16"
"D:\AtelieProd\Equipexe\MAN\DADOS\Equipam.XG0","D:\AtelieProd\Equipexe\MAN\DADOS","Equipam.XG0",".XG0","34816","15/01/2019 15:53:16"
"D:\AtelieProd\Equipexe\MAN\DADOS\Equipam.YG0","D:\AtelieProd\Equipexe\MAN\DADOS","Equipam.YG0",".YG0","4096","15/01/2019 15:53:16"
"D:\AtelieProd\Equipexe\MAN\DADOS\MovEquip.DB","D:\AtelieProd\Equipexe\MAN\DADOS","MovEquip.DB",".DB","2048","15/01/2019 15:53:42"
"D:\AtelieProd\Equipexe\MAN\DADOS\MovEquip.PX","D:\AtelieProd\Equipexe\MAN\DADOS","MovEquip.PX",".PX","2048","15/01/2019 15:53:42"
"D:\AtelieProd\Equipexe\MAN\DADOS\MovEquip.XG0","D:\AtelieProd\Equipexe\MAN\DADOS","MovEquip.XG0",".XG0","34816","15/01/2019 15:53:42"
"D:\AtelieProd\Equipexe\MAN\DADOS\MovEquip.XG1","D:\AtelieProd\Equipexe\MAN\DADOS","MovEquip.XG1",".XG1","34816","15/01/2019 15:53:42"
"D:\AtelieProd\Equipexe\MAN\DADOS\MovEquip.YG0","D:\AtelieProd\Equipexe\MAN\DADOS","MovEquip.YG0",".YG0","4096","15/01/2019 15:53:42"
"D:\AtelieProd\Equipexe\MAN\DADOS\MovEquip.YG1","D:\AtelieProd\Equipexe\MAN\DADOS","MovEquip.YG1",".YG1","4096","15/01/2019 15:53:42"
"D:\AtelieProd\Equipexe\MAN\DADOS\MovTrocas.DB","D:\AtelieProd\Equipexe\MAN\DADOS","MovTrocas.DB",".DB","2048","15/01/2019 15:54:12"
"D:\AtelieProd\Equipexe\MAN\DADOS\MovTrocas.PX","D:\AtelieProd\Equipexe\MAN\DADOS","MovTrocas.PX",".PX","2048","15/01/2019 15:54:12"
"D:\AtelieProd\Equipexe\MAN\DADOS\MovTrocas.XG0","D:\AtelieProd\Equipexe\MAN\DADOS","MovTrocas.XG0",".XG0","34816","15/01/2019 15:54:12"
"D:\AtelieProd\Equipexe\MAN\DADOS\MovTrocas.XG1","D:\AtelieProd\Equipexe\MAN\DADOS","MovTrocas.XG1",".XG1","34816","15/01/2019 15:54:12"
"D:\AtelieProd\Equipexe\MAN\DADOS\MovTrocas.YG0","D:\AtelieProd\Equipexe\MAN\DADOS","MovTrocas.YG0",".YG0","4096","15/01/2019 15:54:12"
"D:\AtelieProd\Equipexe\MAN\DADOS\MovTrocas.YG1","D:\AtelieProd\Equipexe\MAN\DADOS","MovTrocas.YG1",".YG1","4096","15/01/2019 15:54:12"
"D:\AtelieProd\Equipexe\PAG\FILIAL\PrevisaoPag.DB","D:\AtelieProd\Equipexe\PAG\FILIAL","PrevisaoPag.DB",".DB","2048","24/04/2018 10:07:06"
"D:\AtelieProd\Equipexe\PAG\FILIAL\PrevisaoPag.PX","D:\AtelieProd\Equipexe\PAG\FILIAL","PrevisaoPag.PX",".PX","2048","24/04/2018 10:07:06"
"D:\AtelieProd\Equipexe\PAG\FILIAL\PrevisaoPag.XG0","D:\AtelieProd\Equipexe\PAG\FILIAL","PrevisaoPag.XG0",".XG0","34816","24/04/2018 10:07:06"
"D:\AtelieProd\Equipexe\PAG\FILIAL\PrevisaoPag.YG0","D:\AtelieProd\Equipexe\PAG\FILIAL","PrevisaoPag.YG0",".YG0","4096","24/04/2018 10:07:06"
"D:\AtelieProd\Equipexe\PAG\FILIAL\TitGru.DB","D:\AtelieProd\Equipexe\PAG\FILIAL","TitGru.DB",".DB","2048","24/04/2018 10:07:12"
"D:\AtelieProd\Equipexe\PAG\FILIAL\TitGru.PX","D:\AtelieProd\Equipexe\PAG\FILIAL","TitGru.PX",".PX","2048","24/04/2018 10:07:12"
"D:\AtelieProd\Equipexe\PAG\FILIAL\TitGruLan.DB","D:\AtelieProd\Equipexe\PAG\FILIAL","TitGruLan.DB",".DB","2048","24/04/2018 10:07:12"
"D:\AtelieProd\Equipexe\PAG\FILIAL\TitGruLan.PX","D:\AtelieProd\Equipexe\PAG\FILIAL","TitGruLan.PX",".PX","2048","24/04/2018 10:07:12"
"D:\AtelieProd\Equipexe\PAG\FILIAL\TitGruLan.XG0","D:\AtelieProd\Equipexe\PAG\FILIAL","TitGruLan.XG0",".XG0","34816","24/04/2018 10:07:12"
"D:\AtelieProd\Equipexe\PAG\FILIAL\TitGruLan.YG0","D:\AtelieProd\Equipexe\PAG\FILIAL","TitGruLan.YG0",".YG0","4096","24/04/2018 10:07:12"
"D:\AtelieProd\Equipexe\PAG\FILIAL\Titulos.DB","D:\AtelieProd\Equipexe\PAG\FILIAL","Titulos.DB",".DB","67584","24/04/2018 10:07:12"
"D:\AtelieProd\Equipexe\PAG\FILIAL\Titulos.PX","D:\AtelieProd\Equipexe\PAG\FILIAL","Titulos.PX",".PX","4096","24/04/2018 10:07:12"
"D:\AtelieProd\Equipexe\PAG\FILIAL\Titulos.XG0","D:\AtelieProd\Equipexe\PAG\FILIAL","Titulos.XG0",".XG0","34816","24/04/2018 10:07:12"
"D:\AtelieProd\Equipexe\PAG\FILIAL\Titulos.XG1","D:\AtelieProd\Equipexe\PAG\FILIAL","Titulos.XG1",".XG1","34816","24/04/2018 10:07:12"
"D:\AtelieProd\Equipexe\PAG\FILIAL\Titulos.YG0","D:\AtelieProd\Equipexe\PAG\FILIAL","Titulos.YG0",".YG0","4096","24/04/2018 10:07:12"
"D:\AtelieProd\Equipexe\PAG\FILIAL\Titulos.YG1","D:\AtelieProd\Equipexe\PAG\FILIAL","Titulos.YG1",".YG1","4096","24/04/2018 10:07:12"
"D:\AtelieProd\Equipexe\PEC\DADOS\ClaManut.DB","D:\AtelieProd\Equipexe\PEC\DADOS","ClaManut.DB",".DB","2048","15/01/2019 15:52:56"
"D:\AtelieProd\Equipexe\PEC\DADOS\ClaManut.PX","D:\AtelieProd\Equipexe\PEC\DADOS","ClaManut.PX",".PX","2048","15/01/2019 15:52:56"
"D:\AtelieProd\Equipexe\PEC\DADOS\ClaManut.XG0","D:\AtelieProd\Equipexe\PEC\DADOS","ClaManut.XG0",".XG0","34816","15/01/2019 15:52:56"
"D:\AtelieProd\Equipexe\PEC\DADOS\ClaManut.YG0","D:\AtelieProd\Equipexe\PEC\DADOS","ClaManut.YG0",".YG0","4096","15/01/2019 15:52:56"
"D:\AtelieProd\Equipexe\PEC\DADOS\ClaPerda.DB","D:\AtelieProd\Equipexe\PEC\DADOS","ClaPerda.DB",".DB","2048","15/01/2019 15:52:56"
"D:\AtelieProd\Equipexe\PEC\DADOS\ClaPerda.PX","D:\AtelieProd\Equipexe\PEC\DADOS","ClaPerda.PX",".PX","2048","15/01/2019 15:52:56"
"D:\AtelieProd\Equipexe\PEC\DADOS\ClaPerda.XG0","D:\AtelieProd\Equipexe\PEC\DADOS","ClaPerda.XG0",".XG0","34816","15/01/2019 15:52:56"
"D:\AtelieProd\Equipexe\PEC\DADOS\ClaPerda.YG0","D:\AtelieProd\Equipexe\PEC\DADOS","ClaPerda.YG0",".YG0","4096","15/01/2019 15:52:56"
"D:\AtelieProd\Equipexe\PEC\DADOS\FunAfastam.DB","D:\AtelieProd\Equipexe\PEC\DADOS","FunAfastam.DB",".DB","2048","15/01/2019 15:53:20"
"D:\AtelieProd\Equipexe\PEC\DADOS\FunAfastam.PX","D:\AtelieProd\Equipexe\PEC\DADOS","FunAfastam.PX",".PX","2048","15/01/2019 15:53:20"
"D:\AtelieProd\Equipexe\PEC\DADOS\FunAfastam.XG0","D:\AtelieProd\Equipexe\PEC\DADOS","FunAfastam.XG0",".XG0","34816","15/01/2019 15:53:20"
"D:\AtelieProd\Equipexe\PEC\DADOS\FunAfastam.YG0","D:\AtelieProd\Equipexe\PEC\DADOS","FunAfastam.YG0",".YG0","4096","15/01/2019 15:53:20"
"D:\AtelieProd\Equipexe\PEC\DADOS\FunCli.DB","D:\AtelieProd\Equipexe\PEC\DADOS","FunCli.DB",".DB","2048","15/01/2019 15:53:20"
"D:\AtelieProd\Equipexe\PEC\DADOS\FunCli.PX","D:\AtelieProd\Equipexe\PEC\DADOS","FunCli.PX",".PX","2048","15/01/2019 15:53:20"
"D:\AtelieProd\Equipexe\PEC\DADOS\FunCli.XG0","D:\AtelieProd\Equipexe\PEC\DADOS","FunCli.XG0",".XG0","34816","15/01/2019 15:53:20"
"D:\AtelieProd\Equipexe\PEC\DADOS\FunCli.XG1","D:\AtelieProd\Equipexe\PEC\DADOS","FunCli.XG1",".XG1","34816","15/01/2019 15:53:20"
"D:\AtelieProd\Equipexe\PEC\DADOS\FunCli.YG0","D:\AtelieProd\Equipexe\PEC\DADOS","FunCli.YG0",".YG0","4096","15/01/2019 15:53:20"
"D:\AtelieProd\Equipexe\PEC\DADOS\FunCli.YG1","D:\AtelieProd\Equipexe\PEC\DADOS","FunCli.YG1",".YG1","4096","15/01/2019 15:53:20"
"D:\AtelieProd\Equipexe\PEC\DADOS\FunCliCan.DB","D:\AtelieProd\Equipexe\PEC\DADOS","FunCliCan.DB",".DB","2048","15/01/2019 15:53:22"
"D:\AtelieProd\Equipexe\PEC\DADOS\FunCliCan.PX","D:\AtelieProd\Equipexe\PEC\DADOS","FunCliCan.PX",".PX","2048","15/01/2019 15:53:22"
"D:\AtelieProd\Equipexe\PEC\DADOS\FunCliCan.XG0","D:\AtelieProd\Equipexe\PEC\DADOS","FunCliCan.XG0",".XG0","34816","15/01/2019 15:53:22"
"D:\AtelieProd\Equipexe\PEC\DADOS\FunCliCan.YG0","D:\AtelieProd\Equipexe\PEC\DADOS","FunCliCan.YG0",".YG0","4096","15/01/2019 15:53:22"
"D:\AtelieProd\Equipexe\PEC\DADOS\FunCliRou.DB","D:\AtelieProd\Equipexe\PEC\DADOS","FunCliRou.DB",".DB","2048","15/01/2019 15:53:22"
"D:\AtelieProd\Equipexe\PEC\DADOS\FunCliRou.PX","D:\AtelieProd\Equipexe\PEC\DADOS","FunCliRou.PX",".PX","2048","15/01/2019 15:53:22"
"D:\AtelieProd\Equipexe\PEC\DADOS\FunCliRou.XG0","D:\AtelieProd\Equipexe\PEC\DADOS","FunCliRou.XG0",".XG0","34816","15/01/2019 15:53:22"
"D:\AtelieProd\Equipexe\PEC\DADOS\FunCliRou.XG1","D:\AtelieProd\Equipexe\PEC\DADOS","FunCliRou.XG1",".XG1","34816","15/01/2019 15:53:22"
"D:\AtelieProd\Equipexe\PEC\DADOS\FunCliRou.YG0","D:\AtelieProd\Equipexe\PEC\DADOS","FunCliRou.YG0",".YG0","4096","15/01/2019 15:53:22"
"D:\AtelieProd\Equipexe\PEC\DADOS\FunCliRou.YG1","D:\AtelieProd\Equipexe\PEC\DADOS","FunCliRou.YG1",".YG1","4096","15/01/2019 15:53:22"
"D:\AtelieProd\Equipexe\PEC\DADOS\FunCliRouM.DB","D:\AtelieProd\Equipexe\PEC\DADOS","FunCliRouM.DB",".DB","2048","15/01/2019 15:53:22"
"D:\AtelieProd\Equipexe\PEC\DADOS\FunCliRouM.PX","D:\AtelieProd\Equipexe\PEC\DADOS","FunCliRouM.PX",".PX","2048","15/01/2019 15:53:22"
"D:\AtelieProd\Equipexe\PEC\DADOS\FunCliRouM.XG0","D:\AtelieProd\Equipexe\PEC\DADOS","FunCliRouM.XG0",".XG0","34816","15/01/2019 15:53:22"
"D:\AtelieProd\Equipexe\PEC\DADOS\FunCliRouM.XG1","D:\AtelieProd\Equipexe\PEC\DADOS","FunCliRouM.XG1",".XG1","34816","15/01/2019 15:53:22"
"D:\AtelieProd\Equipexe\PEC\DADOS\FunCliRouM.YG0","D:\AtelieProd\Equipexe\PEC\DADOS","FunCliRouM.YG0",".YG0","4096","15/01/2019 15:53:22"
"D:\AtelieProd\Equipexe\PEC\DADOS\FunCliRouM.YG1","D:\AtelieProd\Equipexe\PEC\DADOS","FunCliRouM.YG1",".YG1","4096","15/01/2019 15:53:22"
"D:\AtelieProd\Equipexe\PEC\DADOS\FunCliRouP.DB","D:\AtelieProd\Equipexe\PEC\DADOS","FunCliRouP.DB",".DB","2048","15/01/2019 15:53:22"
"D:\AtelieProd\Equipexe\PEC\DADOS\FunCliRouP.PX","D:\AtelieProd\Equipexe\PEC\DADOS","FunCliRouP.PX",".PX","2048","15/01/2019 15:53:22"
"D:\AtelieProd\Equipexe\PEC\DADOS\FunCliRouP.XG0","D:\AtelieProd\Equipexe\PEC\DADOS","FunCliRouP.XG0",".XG0","34816","15/01/2019 15:53:22"
"D:\AtelieProd\Equipexe\PEC\DADOS\FunCliRouP.YG0","D:\AtelieProd\Equipexe\PEC\DADOS","FunCliRouP.YG0",".YG0","4096","15/01/2019 15:53:22"
"D:\AtelieProd\Equipexe\PEC\DADOS\FunCliRouUni.DB","D:\AtelieProd\Equipexe\PEC\DADOS","FunCliRouUni.DB",".DB","2048","15/01/2019 15:53:22"
"D:\AtelieProd\Equipexe\PEC\DADOS\FunCliRouUni.PX","D:\AtelieProd\Equipexe\PEC\DADOS","FunCliRouUni.PX",".PX","2048","15/01/2019 15:53:22"
"D:\AtelieProd\Equipexe\PEC\FILIAL\AvisoRoupa.DB","D:\AtelieProd\Equipexe\PEC\FILIAL","AvisoRoupa.DB",".DB","2048","15/01/2019 15:52:24"
"D:\AtelieProd\Equipexe\PEC\FILIAL\AvisoRoupa.PX","D:\AtelieProd\Equipexe\PEC\FILIAL","AvisoRoupa.PX",".PX","2048","15/01/2019 15:52:24"
"D:\AtelieProd\Equipexe\PEC\FILIAL\AvisoRoupa.XG0","D:\AtelieProd\Equipexe\PEC\FILIAL","AvisoRoupa.XG0",".XG0","34816","15/01/2019 15:52:24"
"D:\AtelieProd\Equipexe\PEC\FILIAL\AvisoRoupa.XG1","D:\AtelieProd\Equipexe\PEC\FILIAL","AvisoRoupa.XG1",".XG1","34816","15/01/2019 15:52:24"
"D:\AtelieProd\Equipexe\PEC\FILIAL\AvisoRoupa.YG0","D:\AtelieProd\Equipexe\PEC\FILIAL","AvisoRoupa.YG0",".YG0","4096","15/01/2019 15:52:24"
"D:\AtelieProd\Equipexe\PEC\FILIAL\AvisoRoupa.YG1","D:\AtelieProd\Equipexe\PEC\FILIAL","AvisoRoupa.YG1",".YG1","4096","15/01/2019 15:52:24"
"D:\AtelieProd\Equipexe\PEC\FILIAL\LogSisPec.DB","D:\AtelieProd\Equipexe\PEC\FILIAL","LogSisPec.DB",".DB","2048","15/01/2019 15:53:34"
"D:\AtelieProd\Equipexe\PEC\FILIAL\LogSisPec.PX","D:\AtelieProd\Equipexe\PEC\FILIAL","LogSisPec.PX",".PX","2048","15/01/2019 15:53:34"
"D:\AtelieProd\Equipexe\PEC\FILIAL\LogSisPec.XG0","D:\AtelieProd\Equipexe\PEC\FILIAL","LogSisPec.XG0",".XG0","34816","15/01/2019 15:53:34"
"D:\AtelieProd\Equipexe\PEC\FILIAL\LogSisPec.YG0","D:\AtelieProd\Equipexe\PEC\FILIAL","LogSisPec.YG0",".YG0","4096","15/01/2019 15:53:34"
"D:\AtelieProd\Equipexe\PEC\FILIAL\MovRoupa.DB","D:\AtelieProd\Equipexe\PEC\FILIAL","MovRoupa.DB",".DB","2048","15/01/2019 15:54:00"
"D:\AtelieProd\Equipexe\PEC\FILIAL\MovRoupa.PX","D:\AtelieProd\Equipexe\PEC\FILIAL","MovRoupa.PX",".PX","2048","15/01/2019 15:54:00"
"D:\AtelieProd\Equipexe\PEC\FILIAL\MovRoupa.XG0","D:\AtelieProd\Equipexe\PEC\FILIAL","MovRoupa.XG0",".XG0","34816","15/01/2019 15:54:00"
"D:\AtelieProd\Equipexe\PEC\FILIAL\MovRoupa.XG1","D:\AtelieProd\Equipexe\PEC\FILIAL","MovRoupa.XG1",".XG1","34816","15/01/2019 15:54:00"
"D:\AtelieProd\Equipexe\PEC\FILIAL\MovRoupa.YG0","D:\AtelieProd\Equipexe\PEC\FILIAL","MovRoupa.YG0",".YG0","4096","15/01/2019 15:54:00"
"D:\AtelieProd\Equipexe\PEC\FILIAL\MovRoupa.YG1","D:\AtelieProd\Equipexe\PEC\FILIAL","MovRoupa.YG1",".YG1","4096","15/01/2019 15:54:00"
"D:\AtelieProd\Equipexe\PEC\FILIAL\MovRoupaConf.DB","D:\AtelieProd\Equipexe\PEC\FILIAL","MovRoupaConf.DB",".DB","2048","15/01/2019 15:54:00"
"D:\AtelieProd\Equipexe\PEC\FILIAL\MovRoupaConf.PX","D:\AtelieProd\Equipexe\PEC\FILIAL","MovRoupaConf.PX",".PX","2048","15/01/2019 15:54:00"
"D:\AtelieProd\Equipexe\PEC\FILIAL\MovRoupaConf.XG0","D:\AtelieProd\Equipexe\PEC\FILIAL","MovRoupaConf.XG0",".XG0","34816","15/01/2019 15:54:00"
"D:\AtelieProd\Equipexe\PEC\FILIAL\MovRoupaConf.XG1","D:\AtelieProd\Equipexe\PEC\FILIAL","MovRoupaConf.XG1",".XG1","34816","15/01/2019 15:54:00"
"D:\AtelieProd\Equipexe\PEC\FILIAL\MovRoupaConf.YG0","D:\AtelieProd\Equipexe\PEC\FILIAL","MovRoupaConf.YG0",".YG0","4096","15/01/2019 15:54:00"
"D:\AtelieProd\Equipexe\PEC\FILIAL\MovRoupaConf.YG1","D:\AtelieProd\Equipexe\PEC\FILIAL","MovRoupaConf.YG1",".YG1","4096","15/01/2019 15:54:00"
"D:\AtelieProd\Equipexe\PEC\FILIAL\MovRoupaLot.DB","D:\AtelieProd\Equipexe\PEC\FILIAL","MovRoupaLot.DB",".DB","2048","15/01/2019 15:54:02"
"D:\AtelieProd\Equipexe\PEC\FILIAL\MovRoupaLot.PX","D:\AtelieProd\Equipexe\PEC\FILIAL","MovRoupaLot.PX",".PX","2048","15/01/2019 15:54:02"
"D:\AtelieProd\Equipexe\PEC\FILIAL\MovRoupaLot.XG0","D:\AtelieProd\Equipexe\PEC\FILIAL","MovRoupaLot.XG0",".XG0","34816","15/01/2019 15:54:04"
"D:\AtelieProd\Equipexe\PEC\FILIAL\MovRoupaLot.XG1","D:\AtelieProd\Equipexe\PEC\FILIAL","MovRoupaLot.XG1",".XG1","34816","15/01/2019 15:54:04"
"D:\AtelieProd\Equipexe\PEC\FILIAL\MovRoupaLot.YG0","D:\AtelieProd\Equipexe\PEC\FILIAL","MovRoupaLot.YG0",".YG0","4096","15/01/2019 15:54:04"
"D:\AtelieProd\Equipexe\PEC\FILIAL\MovRoupaLot.YG1","D:\AtelieProd\Equipexe\PEC\FILIAL","MovRoupaLot.YG1",".YG1","4096","15/01/2019 15:54:04"
"D:\AtelieProd\Equipexe\PEC\FILIAL\MovRoupaRol.DB","D:\AtelieProd\Equipexe\PEC\FILIAL","MovRoupaRol.DB",".DB","2048","15/01/2019 15:54:04"
"D:\AtelieProd\Equipexe\PEC\FILIAL\MovRoupaRol.PX","D:\AtelieProd\Equipexe\PEC\FILIAL","MovRoupaRol.PX",".PX","2048","15/01/2019 15:54:04"
"D:\AtelieProd\Equipexe\PEC\FILIAL\MovRoupaRol.XG0","D:\AtelieProd\Equipexe\PEC\FILIAL","MovRoupaRol.XG0",".XG0","34816","15/01/2019 15:54:04"
"D:\AtelieProd\Equipexe\PEC\FILIAL\MovRoupaRol.YG0","D:\AtelieProd\Equipexe\PEC\FILIAL","MovRoupaRol.YG0",".YG0","4096","15/01/2019 15:54:04"
"D:\AtelieProd\Equipexe\REC\FILIAL\Boletos.DB","D:\AtelieProd\Equipexe\REC\FILIAL","Boletos.DB",".DB","2048","24/04/2018 10:06:08"
"D:\AtelieProd\Equipexe\REC\FILIAL\Boletos.PX","D:\AtelieProd\Equipexe\REC\FILIAL","Boletos.PX",".PX","2048","24/04/2018 10:06:08"
"D:\AtelieProd\Equipexe\REC\FILIAL\Boletos.XG0","D:\AtelieProd\Equipexe\REC\FILIAL","Boletos.XG0",".XG0","34816","24/04/2018 10:06:08"
"D:\AtelieProd\Equipexe\REC\FILIAL\Boletos.XG1","D:\AtelieProd\Equipexe\REC\FILIAL","Boletos.XG1",".XG1","34816","24/04/2018 10:06:08"
"D:\AtelieProd\Equipexe\REC\FILIAL\Boletos.YG0","D:\AtelieProd\Equipexe\REC\FILIAL","Boletos.YG0",".YG0","4096","24/04/2018 10:06:08"
"D:\AtelieProd\Equipexe\REC\FILIAL\Boletos.YG1","D:\AtelieProd\Equipexe\REC\FILIAL","Boletos.YG1",".YG1","4096","24/04/2018 10:06:08"
"D:\AtelieProd\Equipexe\REC\FILIAL\BoletosCan.DB","D:\AtelieProd\Equipexe\REC\FILIAL","BoletosCan.DB",".DB","2048","24/04/2018 10:06:08"
"D:\AtelieProd\Equipexe\REC\FILIAL\BoletosCan.PX","D:\AtelieProd\Equipexe\REC\FILIAL","BoletosCan.PX",".PX","2048","24/04/2018 10:06:08"
"D:\AtelieProd\Equipexe\REC\FILIAL\BoletosDupCan.DB","D:\AtelieProd\Equipexe\REC\FILIAL","BoletosDupCan.DB",".DB","2048","24/04/2018 10:06:08"
"D:\AtelieProd\Equipexe\REC\FILIAL\BoletosDupCan.PX","D:\AtelieProd\Equipexe\REC\FILIAL","BoletosDupCan.PX",".PX","2048","24/04/2018 10:06:08"
"D:\AtelieProd\Equipexe\REC\FILIAL\BoletosLot.DB","D:\AtelieProd\Equipexe\REC\FILIAL","BoletosLot.DB",".DB","2048","24/04/2018 10:06:08"
"D:\AtelieProd\Equipexe\REC\FILIAL\BoletosLot.PX","D:\AtelieProd\Equipexe\REC\FILIAL","BoletosLot.PX",".PX","2048","24/04/2018 10:06:08"
"D:\AtelieProd\Equipexe\REC\FILIAL\CamRecFil.DB","D:\AtelieProd\Equipexe\REC\FILIAL","CamRecFil.DB",".DB","2048","24/04/2018 10:06:16"
"D:\AtelieProd\Equipexe\REC\FILIAL\CamRecFil.PX","D:\AtelieProd\Equipexe\REC\FILIAL","CamRecFil.PX",".PX","2048","24/04/2018 10:06:16"
"D:\AtelieProd\Equipexe\REC\FILIAL\DupBoleto.DB","D:\AtelieProd\Equipexe\REC\FILIAL","DupBoleto.DB",".DB","2048","24/04/2018 10:06:22"
"D:\AtelieProd\Equipexe\REC\FILIAL\DupBoleto.PX","D:\AtelieProd\Equipexe\REC\FILIAL","DupBoleto.PX",".PX","2048","24/04/2018 10:06:22"
"D:\AtelieProd\Equipexe\REC\FILIAL\DupBoleto.XG0","D:\AtelieProd\Equipexe\REC\FILIAL","DupBoleto.XG0",".XG0","34816","24/04/2018 10:06:22"
"D:\AtelieProd\Equipexe\REC\FILIAL\DupBoleto.XG1","D:\AtelieProd\Equipexe\REC\FILIAL","DupBoleto.XG1",".XG1","34816","24/04/2018 10:06:22"
"D:\AtelieProd\Equipexe\REC\FILIAL\DupBoleto.YG0","D:\AtelieProd\Equipexe\REC\FILIAL","DupBoleto.YG0",".YG0","4096","24/04/2018 10:06:22"
"D:\AtelieProd\Equipexe\REC\FILIAL\DupBoleto.YG1","D:\AtelieProd\Equipexe\REC\FILIAL","DupBoleto.YG1",".YG1","4096","24/04/2018 10:06:22"
"D:\AtelieProd\Equipexe\REC\FILIAL\DupComp.DB","D:\AtelieProd\Equipexe\REC\FILIAL","DupComp.DB",".DB","2048","24/04/2018 10:06:22"
"D:\AtelieProd\Equipexe\REC\FILIAL\DupComp.PX","D:\AtelieProd\Equipexe\REC\FILIAL","DupComp.PX",".PX","2048","24/04/2018 10:06:22"
"D:\AtelieProd\Equipexe\REC\FILIAL\DupCorrCab.DB","D:\AtelieProd\Equipexe\REC\FILIAL","DupCorrCab.DB",".DB","2048","24/04/2018 10:06:22"
"D:\AtelieProd\Equipexe\REC\FILIAL\DupCorrCab.PX","D:\AtelieProd\Equipexe\REC\FILIAL","DupCorrCab.PX",".PX","2048","24/04/2018 10:06:22"
"D:\AtelieProd\Equipexe\REC\FILIAL\DupCorrItem.DB","D:\AtelieProd\Equipexe\REC\FILIAL","DupCorrItem.DB",".DB","2048","24/04/2018 10:06:22"
"D:\AtelieProd\Equipexe\REC\FILIAL\DupCorrItem.PX","D:\AtelieProd\Equipexe\REC\FILIAL","DupCorrItem.PX",".PX","2048","24/04/2018 10:06:22"
"D:\AtelieProd\Equipexe\REC\FILIAL\DupCorrItem.XG0","D:\AtelieProd\Equipexe\REC\FILIAL","DupCorrItem.XG0",".XG0","34816","24/04/2018 10:06:22"
"D:\AtelieProd\Equipexe\REC\FILIAL\DupCorrItem.YG0","D:\AtelieProd\Equipexe\REC\FILIAL","DupCorrItem.YG0",".YG0","4096","24/04/2018 10:06:22"
"D:\AtelieProd\Equipexe\REC\FILIAL\DupIntTit.DB","D:\AtelieProd\Equipexe\REC\FILIAL","DupIntTit.DB",".DB","2048","24/04/2018 10:06:22"
"D:\AtelieProd\Equipexe\REC\FILIAL\DupIntTit.PX","D:\AtelieProd\Equipexe\REC\FILIAL","DupIntTit.PX",".PX","2048","24/04/2018 10:06:22"
"D:\AtelieProd\Equipexe\REC\FILIAL\DupIntTit.XG0","D:\AtelieProd\Equipexe\REC\FILIAL","DupIntTit.XG0",".XG0","34816","24/04/2018 10:06:22"
"D:\AtelieProd\Equipexe\REC\FILIAL\DupIntTit.XG1","D:\AtelieProd\Equipexe\REC\FILIAL","DupIntTit.XG1",".XG1","34816","24/04/2018 10:06:22"
"D:\AtelieProd\Equipexe\REC\FILIAL\DupIntTit.YG0","D:\AtelieProd\Equipexe\REC\FILIAL","DupIntTit.YG0",".YG0","4096","24/04/2018 10:06:22"
"D:\AtelieProd\Equipexe\REC\FILIAL\DupIntTit.YG1","D:\AtelieProd\Equipexe\REC\FILIAL","DupIntTit.YG1",".YG1","4096","24/04/2018 10:06:22"
"D:\AtelieProd\Equipexe\REC\FILIAL\Duplicat.DB","D:\AtelieProd\Equipexe\REC\FILIAL","Duplicat.DB",".DB","13701120","20/05/2026 16:39:38"
"D:\AtelieProd\Equipexe\REC\FILIAL\Duplicat.PX","D:\AtelieProd\Equipexe\REC\FILIAL","Duplicat.PX",".PX","10240","20/05/2026 16:39:38"
"D:\AtelieProd\Equipexe\REC\FILIAL\Duplicat.XG0","D:\AtelieProd\Equipexe\REC\FILIAL","Duplicat.XG0",".XG0","362496","20/05/2026 16:39:38"
"D:\AtelieProd\Equipexe\REC\FILIAL\Duplicat.XG1","D:\AtelieProd\Equipexe\REC\FILIAL","Duplicat.XG1",".XG1","526336","20/05/2026 16:39:38"
"D:\AtelieProd\Equipexe\REC\FILIAL\Duplicat.YG0","D:\AtelieProd\Equipexe\REC\FILIAL","Duplicat.YG0",".YG0","4096","20/05/2026 16:39:38"
"D:\AtelieProd\Equipexe\REC\FILIAL\Duplicat.YG1","D:\AtelieProd\Equipexe\REC\FILIAL","Duplicat.YG1",".YG1","4096","20/05/2026 16:39:38"
"D:\AtelieProd\Equipexe\REC\FILIAL\DupMotAlt.DB","D:\AtelieProd\Equipexe\REC\FILIAL","DupMotAlt.DB",".DB","2048","24/04/2018 10:06:24"
"D:\AtelieProd\Equipexe\REC\FILIAL\DupMotAlt.PX","D:\AtelieProd\Equipexe\REC\FILIAL","DupMotAlt.PX",".PX","2048","24/04/2018 10:06:24"
"D:\AtelieProd\Equipexe\REC\FILIAL\DupMotAlt.XG0","D:\AtelieProd\Equipexe\REC\FILIAL","DupMotAlt.XG0",".XG0","34816","24/04/2018 10:06:24"
"D:\AtelieProd\Equipexe\REC\FILIAL\DupMotAlt.XG1","D:\AtelieProd\Equipexe\REC\FILIAL","DupMotAlt.XG1",".XG1","34816","24/04/2018 10:06:24"
"D:\AtelieProd\Equipexe\REC\FILIAL\DupMotAlt.YG0","D:\AtelieProd\Equipexe\REC\FILIAL","DupMotAlt.YG0",".YG0","4096","24/04/2018 10:06:24"
"D:\AtelieProd\Equipexe\REC\FILIAL\DupMotAlt.YG1","D:\AtelieProd\Equipexe\REC\FILIAL","DupMotAlt.YG1",".YG1","4096","24/04/2018 10:06:24"
"D:\AtelieProd\Equipexe\REC\FILIAL\DupReaj.DB","D:\AtelieProd\Equipexe\REC\FILIAL","DupReaj.DB",".DB","2048","24/04/2018 10:06:24"
"D:\AtelieProd\Equipexe\REC\FILIAL\DupReaj.PX","D:\AtelieProd\Equipexe\REC\FILIAL","DupReaj.PX",".PX","2048","24/04/2018 10:06:24"
"D:\AtelieProd\Equipexe\REC\FILIAL\DupReaj.XG0","D:\AtelieProd\Equipexe\REC\FILIAL","DupReaj.XG0",".XG0","34816","24/04/2018 10:06:24"
"D:\AtelieProd\Equipexe\REC\FILIAL\DupReaj.YG0","D:\AtelieProd\Equipexe\REC\FILIAL","DupReaj.YG0",".YG0","4096","24/04/2018 10:06:24"
"D:\AtelieProd\Equipexe\REC\FILIAL\FatArq.DB","D:\AtelieProd\Equipexe\REC\FILIAL","FatArq.DB",".DB","2048","24/04/2018 10:06:28"
"D:\AtelieProd\Equipexe\REC\FILIAL\FatArq.PX","D:\AtelieProd\Equipexe\REC\FILIAL","FatArq.PX",".PX","2048","24/04/2018 10:06:28"
"D:\AtelieProd\Equipexe\REC\FILIAL\FatArq.XG0","D:\AtelieProd\Equipexe\REC\FILIAL","FatArq.XG0",".XG0","34816","24/04/2018 10:06:28"
"D:\AtelieProd\Equipexe\REC\FILIAL\FatArq.XG1","D:\AtelieProd\Equipexe\REC\FILIAL","FatArq.XG1",".XG1","34816","24/04/2018 10:06:28"
"D:\AtelieProd\Equipexe\REC\FILIAL\FatArq.YG0","D:\AtelieProd\Equipexe\REC\FILIAL","FatArq.YG0",".YG0","4096","24/04/2018 10:06:28"
"D:\AtelieProd\Equipexe\REC\FILIAL\FatArq.YG1","D:\AtelieProd\Equipexe\REC\FILIAL","FatArq.YG1",".YG1","4096","24/04/2018 10:06:28"
"D:\AtelieProd\Equipexe\REC\FILIAL\NotFisFin.DB","D:\AtelieProd\Equipexe\REC\FILIAL","NotFisFin.DB",".DB","2048","24/04/2018 10:07:02"
"D:\AtelieProd\Equipexe\REC\FILIAL\NotFisFin.PX","D:\AtelieProd\Equipexe\REC\FILIAL","NotFisFin.PX",".PX","2048","24/04/2018 10:07:02"
"D:\AtelieProd\Equipexe\REC\FILIAL\NotFisFin.XG0","D:\AtelieProd\Equipexe\REC\FILIAL","NotFisFin.XG0",".XG0","34816","24/04/2018 10:07:02"
"D:\AtelieProd\Equipexe\REC\FILIAL\NotFisFin.YG0","D:\AtelieProd\Equipexe\REC\FILIAL","NotFisFin.YG0",".YG0","4096","24/04/2018 10:07:02"
"D:\AtelieProd\Equipexe\REC\FILIAL\NotFisFinCan.DB","D:\AtelieProd\Equipexe\REC\FILIAL","NotFisFinCan.DB",".DB","2048","24/04/2018 10:07:02"
"D:\AtelieProd\Equipexe\REC\FILIAL\NotFisFinCan.PX","D:\AtelieProd\Equipexe\REC\FILIAL","NotFisFinCan.PX",".PX","2048","24/04/2018 10:07:02"
"D:\AtelieProd\Equipexe\REC\FILIAL\NotFisFinDupCan.DB","D:\AtelieProd\Equipexe\REC\FILIAL","NotFisFinDupCan.DB",".DB","2048","24/04/2018 10:07:02"
"D:\AtelieProd\Equipexe\REC\FILIAL\NotFisFinDupCan.PX","D:\AtelieProd\Equipexe\REC\FILIAL","NotFisFinDupCan.PX",".PX","2048","24/04/2018 10:07:02"
"D:\AtelieProd\Equipexe\REC\FILIAL\NotFisFinDupCan.XG0","D:\AtelieProd\Equipexe\REC\FILIAL","NotFisFinDupCan.XG0",".XG0","34816","24/04/2018 10:07:02"
"D:\AtelieProd\Equipexe\REC\FILIAL\NotFisFinDupCan.YG0","D:\AtelieProd\Equipexe\REC\FILIAL","NotFisFinDupCan.YG0",".YG0","4096","24/04/2018 10:07:02"
"D:\AtelieProd\Equipexe\REC\FILIAL\Remessa.DB","D:\AtelieProd\Equipexe\REC\FILIAL","Remessa.DB",".DB","2048","24/04/2018 10:07:06"
"D:\AtelieProd\Equipexe\REC\FILIAL\Remessa.PX","D:\AtelieProd\Equipexe\REC\FILIAL","Remessa.PX",".PX","2048","24/04/2018 10:07:06"
"D:\AtelieProd\Equipexe\SAT\DADOS\ArqDocum.DB","D:\AtelieProd\Equipexe\SAT\DADOS","ArqDocum.DB",".DB","2048","15/01/2019 15:52:22"
"D:\AtelieProd\Equipexe\SAT\DADOS\ArqDocum.PX","D:\AtelieProd\Equipexe\SAT\DADOS","ArqDocum.PX",".PX","2048","15/01/2019 15:52:22"
"D:\AtelieProd\Equipexe\SAT\DADOS\ArqDocum.XG0","D:\AtelieProd\Equipexe\SAT\DADOS","ArqDocum.XG0",".XG0","34816","15/01/2019 15:52:22"
"D:\AtelieProd\Equipexe\SAT\DADOS\ArqDocum.YG0","D:\AtelieProd\Equipexe\SAT\DADOS","ArqDocum.YG0",".YG0","4096","15/01/2019 15:52:22"
"D:\AtelieProd\Equipexe\SAT\DADOS\CadAjuDoc.DB","D:\AtelieProd\Equipexe\SAT\DADOS","CadAjuDoc.DB",".DB","2048","15/01/2019 15:52:26"
"D:\AtelieProd\Equipexe\SAT\DADOS\CadAjuDoc.PX","D:\AtelieProd\Equipexe\SAT\DADOS","CadAjuDoc.PX",".PX","2048","15/01/2019 15:52:26"
"D:\AtelieProd\Equipexe\SAT\DADOS\CadClaAlt.DB","D:\AtelieProd\Equipexe\SAT\DADOS","CadClaAlt.DB",".DB","2048","15/01/2019 15:52:28"
"D:\AtelieProd\Equipexe\SAT\DADOS\CadClaAlt.PX","D:\AtelieProd\Equipexe\SAT\DADOS","CadClaAlt.PX",".PX","2048","15/01/2019 15:52:28"
"D:\AtelieProd\Equipexe\SAT\DADOS\CadClaAlt.XG0","D:\AtelieProd\Equipexe\SAT\DADOS","CadClaAlt.XG0",".XG0","34816","15/01/2019 15:52:28"
"D:\AtelieProd\Equipexe\SAT\DADOS\CadClaAlt.YG0","D:\AtelieProd\Equipexe\SAT\DADOS","CadClaAlt.YG0",".YG0","4096","15/01/2019 15:52:28"
"D:\AtelieProd\Equipexe\SAT\DADOS\CadOcorCla.DB","D:\AtelieProd\Equipexe\SAT\DADOS","CadOcorCla.DB",".DB","2048","15/01/2019 15:52:42"
"D:\AtelieProd\Equipexe\SAT\DADOS\CadOcorCla.PX","D:\AtelieProd\Equipexe\SAT\DADOS","CadOcorCla.PX",".PX","2048","15/01/2019 15:52:42"
"D:\AtelieProd\Equipexe\SAT\DADOS\CadOcorCla.XG0","D:\AtelieProd\Equipexe\SAT\DADOS","CadOcorCla.XG0",".XG0","34816","15/01/2019 15:52:42"
"D:\AtelieProd\Equipexe\SAT\DADOS\CadOcorCla.YG0","D:\AtelieProd\Equipexe\SAT\DADOS","CadOcorCla.YG0",".YG0","4096","15/01/2019 15:52:42"
"D:\AtelieProd\Equipexe\SAT\DADOS\CadOcorSubC.DB","D:\AtelieProd\Equipexe\SAT\DADOS","CadOcorSubC.DB",".DB","2048","15/01/2019 15:52:42"
"D:\AtelieProd\Equipexe\SAT\DADOS\CadOcorSubC.PX","D:\AtelieProd\Equipexe\SAT\DADOS","CadOcorSubC.PX",".PX","2048","15/01/2019 15:52:42"
"D:\AtelieProd\Equipexe\SAT\DADOS\CadOcorSubC.XG0","D:\AtelieProd\Equipexe\SAT\DADOS","CadOcorSubC.XG0",".XG0","34816","15/01/2019 15:52:42"
"D:\AtelieProd\Equipexe\SAT\DADOS\CadOcorSubC.YG0","D:\AtelieProd\Equipexe\SAT\DADOS","CadOcorSubC.YG0",".YG0","4096","15/01/2019 15:52:42"
"D:\AtelieProd\Equipexe\SAT\DADOS\CadSatCla.DB","D:\AtelieProd\Equipexe\SAT\DADOS","CadSatCla.DB",".DB","2048","15/01/2019 15:52:46"
"D:\AtelieProd\Equipexe\SAT\DADOS\CadSatCla.PX","D:\AtelieProd\Equipexe\SAT\DADOS","CadSatCla.PX",".PX","2048","15/01/2019 15:52:46"
"D:\AtelieProd\Equipexe\SAT\DADOS\CadSatCla.XG0","D:\AtelieProd\Equipexe\SAT\DADOS","CadSatCla.XG0",".XG0","34816","15/01/2019 15:52:46"
"D:\AtelieProd\Equipexe\SAT\DADOS\CadSatCla.YG0","D:\AtelieProd\Equipexe\SAT\DADOS","CadSatCla.YG0",".YG0","4096","15/01/2019 15:52:46"
"D:\AtelieProd\Equipexe\SAT\DADOS\CadSatSit.DB","D:\AtelieProd\Equipexe\SAT\DADOS","CadSatSit.DB",".DB","2048","15/01/2019 15:52:46"
"D:\AtelieProd\Equipexe\SAT\DADOS\CadSatSit.PX","D:\AtelieProd\Equipexe\SAT\DADOS","CadSatSit.PX",".PX","2048","15/01/2019 15:52:46"
"D:\AtelieProd\Equipexe\SAT\DADOS\CadSatSit.XG0","D:\AtelieProd\Equipexe\SAT\DADOS","CadSatSit.XG0",".XG0","34816","15/01/2019 15:52:46"
"D:\AtelieProd\Equipexe\SAT\DADOS\CadSatSit.YG0","D:\AtelieProd\Equipexe\SAT\DADOS","CadSatSit.YG0",".YG0","4096","15/01/2019 15:52:46"
"D:\AtelieProd\Equipexe\SAT\DADOS\CadSatSubC.DB","D:\AtelieProd\Equipexe\SAT\DADOS","CadSatSubC.DB",".DB","2048","15/01/2019 15:52:46"
"D:\AtelieProd\Equipexe\SAT\DADOS\CadSatSubC.PX","D:\AtelieProd\Equipexe\SAT\DADOS","CadSatSubC.PX",".PX","2048","15/01/2019 15:52:46"
"D:\AtelieProd\Equipexe\SAT\DADOS\CadSatSubC.XG0","D:\AtelieProd\Equipexe\SAT\DADOS","CadSatSubC.XG0",".XG0","34816","15/01/2019 15:52:46"
"D:\AtelieProd\Equipexe\SAT\DADOS\CadSatSubC.YG0","D:\AtelieProd\Equipexe\SAT\DADOS","CadSatSubC.YG0",".YG0","4096","15/01/2019 15:52:46"
"D:\AtelieProd\Equipexe\SAT\DADOS\CadSatTip.DB","D:\AtelieProd\Equipexe\SAT\DADOS","CadSatTip.DB",".DB","2048","15/01/2019 15:52:46"
"D:\AtelieProd\Equipexe\SAT\DADOS\CadSatTip.PX","D:\AtelieProd\Equipexe\SAT\DADOS","CadSatTip.PX",".PX","2048","15/01/2019 15:52:46"
"D:\AtelieProd\Equipexe\SAT\DADOS\CadSatTip.XG0","D:\AtelieProd\Equipexe\SAT\DADOS","CadSatTip.XG0",".XG0","34816","15/01/2019 15:52:46"
"D:\AtelieProd\Equipexe\SAT\DADOS\CadSatTip.YG0","D:\AtelieProd\Equipexe\SAT\DADOS","CadSatTip.YG0",".YG0","4096","15/01/2019 15:52:46"
"D:\AtelieProd\Equipexe\SAT\DADOS\CadSubCAlt.DB","D:\AtelieProd\Equipexe\SAT\DADOS","CadSubCAlt.DB",".DB","2048","15/01/2019 15:52:48"
"D:\AtelieProd\Equipexe\SAT\DADOS\CadSubCAlt.PX","D:\AtelieProd\Equipexe\SAT\DADOS","CadSubCAlt.PX",".PX","2048","15/01/2019 15:52:48"
"D:\AtelieProd\Equipexe\SAT\DADOS\CadSubCAlt.XG0","D:\AtelieProd\Equipexe\SAT\DADOS","CadSubCAlt.XG0",".XG0","34816","15/01/2019 15:52:48"
"D:\AtelieProd\Equipexe\SAT\DADOS\CadSubCAlt.YG0","D:\AtelieProd\Equipexe\SAT\DADOS","CadSubCAlt.YG0",".YG0","4096","15/01/2019 15:52:48"
"D:\AtelieProd\Equipexe\SAT\DADOS\CadTipAlt.DB","D:\AtelieProd\Equipexe\SAT\DADOS","CadTipAlt.DB",".DB","2048","15/01/2019 15:52:48"
"D:\AtelieProd\Equipexe\SAT\DADOS\CadTipAlt.PX","D:\AtelieProd\Equipexe\SAT\DADOS","CadTipAlt.PX",".PX","2048","15/01/2019 15:52:48"
"D:\AtelieProd\Equipexe\SAT\DADOS\CadTipAlt.XG0","D:\AtelieProd\Equipexe\SAT\DADOS","CadTipAlt.XG0",".XG0","34816","15/01/2019 15:52:48"
"D:\AtelieProd\Equipexe\SAT\DADOS\CadTipAlt.YG0","D:\AtelieProd\Equipexe\SAT\DADOS","CadTipAlt.YG0",".YG0","4096","15/01/2019 15:52:48"
"D:\AtelieProd\Equipexe\SAT\DADOS\CadVer.DB","D:\AtelieProd\Equipexe\SAT\DADOS","CadVer.DB",".DB","2048","15/01/2019 15:52:50"
"D:\AtelieProd\Equipexe\SAT\DADOS\CadVer.PX","D:\AtelieProd\Equipexe\SAT\DADOS","CadVer.PX",".PX","2048","15/01/2019 15:52:50"
"D:\AtelieProd\Equipexe\SAT\DADOS\CompAlt.DB","D:\AtelieProd\Equipexe\SAT\DADOS","CompAlt.DB",".DB","2048","15/01/2019 15:53:02"
"D:\AtelieProd\Equipexe\SAT\DADOS\CompAlt.PX","D:\AtelieProd\Equipexe\SAT\DADOS","CompAlt.PX",".PX","2048","15/01/2019 15:53:02"
"D:\AtelieProd\Equipexe\SAT\DADOS\CompAlt.XG0","D:\AtelieProd\Equipexe\SAT\DADOS","CompAlt.XG0",".XG0","34816","15/01/2019 15:53:02"
"D:\AtelieProd\Equipexe\SAT\DADOS\CompAlt.YG0","D:\AtelieProd\Equipexe\SAT\DADOS","CompAlt.YG0",".YG0","4096","15/01/2019 15:53:02"
"D:\AtelieProd\Equipexe\SAT\DADOS\Documentos.DB","D:\AtelieProd\Equipexe\SAT\DADOS","Documentos.DB",".DB","2048","15/01/2019 15:53:08"
"D:\AtelieProd\Equipexe\SAT\DADOS\Documentos.PX","D:\AtelieProd\Equipexe\SAT\DADOS","Documentos.PX",".PX","2048","15/01/2019 15:53:08"
"D:\AtelieProd\Equipexe\SAT\DADOS\ErrosSat.DB","D:\AtelieProd\Equipexe\SAT\DADOS","ErrosSat.DB",".DB","2048","15/01/2019 15:53:16"
"D:\AtelieProd\Equipexe\SAT\DADOS\ErrosSat.MB","D:\AtelieProd\Equipexe\SAT\DADOS","ErrosSat.MB",".MB","4096","15/01/2019 15:53:16"
"D:\AtelieProd\Equipexe\SAT\DADOS\ErrosSat.PX","D:\AtelieProd\Equipexe\SAT\DADOS","ErrosSat.PX",".PX","2048","15/01/2019 15:53:16"
"D:\AtelieProd\Equipexe\SAT\DADOS\GruSatLan.DB","D:\AtelieProd\Equipexe\SAT\DADOS","GruSatLan.DB",".DB","2048","15/01/2019 15:53:28"
"D:\AtelieProd\Equipexe\SAT\DADOS\GruSatLan.PX","D:\AtelieProd\Equipexe\SAT\DADOS","GruSatLan.PX",".PX","2048","15/01/2019 15:53:28"
"D:\AtelieProd\Equipexe\SAT\DADOS\GruSatLan.XG0","D:\AtelieProd\Equipexe\SAT\DADOS","GruSatLan.XG0",".XG0","34816","15/01/2019 15:53:28"
"D:\AtelieProd\Equipexe\SAT\DADOS\GruSatLan.YG0","D:\AtelieProd\Equipexe\SAT\DADOS","GruSatLan.YG0",".YG0","4096","15/01/2019 15:53:28"
"D:\AtelieProd\Equipexe\SAT\DADOS\PadMenSat.DB","D:\AtelieProd\Equipexe\SAT\DADOS","PadMenSat.DB",".DB","2048","15/01/2019 15:54:24"
"D:\AtelieProd\Equipexe\SAT\DADOS\PadMenSat.PX","D:\AtelieProd\Equipexe\SAT\DADOS","PadMenSat.PX",".PX","2048","15/01/2019 15:54:24"
"D:\AtelieProd\Equipexe\SAT\DADOS\PadMenSat.XG0","D:\AtelieProd\Equipexe\SAT\DADOS","PadMenSat.XG0",".XG0","34816","15/01/2019 15:54:24"
"D:\AtelieProd\Equipexe\SAT\DADOS\PadMenSat.YG0","D:\AtelieProd\Equipexe\SAT\DADOS","PadMenSat.YG0",".YG0","4096","15/01/2019 15:54:24"
"D:\AtelieProd\Equipexe\SAT\FILIAL\Alteracoes.DB","D:\AtelieProd\Equipexe\SAT\FILIAL","Alteracoes.DB",".DB","2048","15/01/2019 15:52:22"
"D:\AtelieProd\Equipexe\SAT\FILIAL\Alteracoes.PX","D:\AtelieProd\Equipexe\SAT\FILIAL","Alteracoes.PX",".PX","2048","15/01/2019 15:52:22"
"D:\AtelieProd\Equipexe\SAT\FILIAL\Alteracoes.XG0","D:\AtelieProd\Equipexe\SAT\FILIAL","Alteracoes.XG0",".XG0","34816","15/01/2019 15:52:22"
"D:\AtelieProd\Equipexe\SAT\FILIAL\Alteracoes.YG0","D:\AtelieProd\Equipexe\SAT\FILIAL","Alteracoes.YG0",".YG0","4096","15/01/2019 15:52:22"
"D:\AtelieProd\Equipexe\SAT\FILIAL\AndAltSist.DB","D:\AtelieProd\Equipexe\SAT\FILIAL","AndAltSist.DB",".DB","2048","15/01/2019 15:52:22"
"D:\AtelieProd\Equipexe\SAT\FILIAL\AndAltSist.PX","D:\AtelieProd\Equipexe\SAT\FILIAL","AndAltSist.PX",".PX","2048","15/01/2019 15:52:22"
"D:\AtelieProd\Equipexe\SAT\FILIAL\AndAltSist.XG0","D:\AtelieProd\Equipexe\SAT\FILIAL","AndAltSist.XG0",".XG0","34816","15/01/2019 15:52:22"
"D:\AtelieProd\Equipexe\SAT\FILIAL\AndAltSist.YG0","D:\AtelieProd\Equipexe\SAT\FILIAL","AndAltSist.YG0",".YG0","4096","15/01/2019 15:52:22"
"D:\AtelieProd\Equipexe\SAT\FILIAL\Anotacoes.DB","D:\AtelieProd\Equipexe\SAT\FILIAL","Anotacoes.DB",".DB","2048","15/01/2019 15:52:22"
"D:\AtelieProd\Equipexe\SAT\FILIAL\Anotacoes.PX","D:\AtelieProd\Equipexe\SAT\FILIAL","Anotacoes.PX",".PX","2048","15/01/2019 15:52:22"
"D:\AtelieProd\Equipexe\SAT\FILIAL\Anotacoes.XG0","D:\AtelieProd\Equipexe\SAT\FILIAL","Anotacoes.XG0",".XG0","34816","15/01/2019 15:52:22"
"D:\AtelieProd\Equipexe\SAT\FILIAL\Anotacoes.XG1","D:\AtelieProd\Equipexe\SAT\FILIAL","Anotacoes.XG1",".XG1","34816","15/01/2019 15:52:22"
"D:\AtelieProd\Equipexe\SAT\FILIAL\Anotacoes.YG0","D:\AtelieProd\Equipexe\SAT\FILIAL","Anotacoes.YG0",".YG0","4096","15/01/2019 15:52:22"
"D:\AtelieProd\Equipexe\SAT\FILIAL\Anotacoes.YG1","D:\AtelieProd\Equipexe\SAT\FILIAL","Anotacoes.YG1",".YG1","4096","15/01/2019 15:52:22"
"D:\AtelieProd\Equipexe\SAT\FILIAL\CadProjSat.DB","D:\AtelieProd\Equipexe\SAT\FILIAL","CadProjSat.DB",".DB","2048","15/01/2019 15:52:44"
"D:\AtelieProd\Equipexe\SAT\FILIAL\CadProjSat.PX","D:\AtelieProd\Equipexe\SAT\FILIAL","CadProjSat.PX",".PX","2048","15/01/2019 15:52:44"
"D:\AtelieProd\Equipexe\SAT\FILIAL\CadProjSat.XG0","D:\AtelieProd\Equipexe\SAT\FILIAL","CadProjSat.XG0",".XG0","34816","15/01/2019 15:52:44"
"D:\AtelieProd\Equipexe\SAT\FILIAL\CadProjSat.YG0","D:\AtelieProd\Equipexe\SAT\FILIAL","CadProjSat.YG0",".YG0","4096","15/01/2019 15:52:44"
"D:\AtelieProd\Equipexe\SAT\FILIAL\LogExpSat.DB","D:\AtelieProd\Equipexe\SAT\FILIAL","LogExpSat.DB",".DB","2048","15/01/2019 15:53:30"
"D:\AtelieProd\Equipexe\SAT\FILIAL\LogExpSat.PX","D:\AtelieProd\Equipexe\SAT\FILIAL","LogExpSat.PX",".PX","2048","15/01/2019 15:53:30"
"D:\AtelieProd\Equipexe\SAT\FILIAL\LogImpSat.DB","D:\AtelieProd\Equipexe\SAT\FILIAL","LogImpSat.DB",".DB","2048","15/01/2019 15:53:30"
"D:\AtelieProd\Equipexe\SAT\FILIAL\LogImpSat.PX","D:\AtelieProd\Equipexe\SAT\FILIAL","LogImpSat.PX",".PX","2048","15/01/2019 15:53:30"
"D:\AtelieProd\Equipexe\SAT\FILIAL\MovProcAnexo.DB","D:\AtelieProd\Equipexe\SAT\FILIAL","MovProcAnexo.DB",".DB","2048","15/01/2019 15:53:56"
"D:\AtelieProd\Equipexe\SAT\FILIAL\MovProcAnexo.PX","D:\AtelieProd\Equipexe\SAT\FILIAL","MovProcAnexo.PX",".PX","2048","15/01/2019 15:53:56"
"D:\AtelieProd\Equipexe\SAT\FILIAL\MovProcAnexo.XG0","D:\AtelieProd\Equipexe\SAT\FILIAL","MovProcAnexo.XG0",".XG0","34816","15/01/2019 15:53:56"
"D:\AtelieProd\Equipexe\SAT\FILIAL\MovProcAnexo.YG0","D:\AtelieProd\Equipexe\SAT\FILIAL","MovProcAnexo.YG0",".YG0","4096","15/01/2019 15:53:56"
"D:\AtelieProd\Equipexe\SAT\FILIAL\MovProces.DB","D:\AtelieProd\Equipexe\SAT\FILIAL","MovProces.DB",".DB","2048","15/01/2019 15:53:56"
"D:\AtelieProd\Equipexe\SAT\FILIAL\MovProces.PX","D:\AtelieProd\Equipexe\SAT\FILIAL","MovProces.PX",".PX","2048","15/01/2019 15:53:56"
"D:\AtelieProd\Equipexe\SAT\FILIAL\MovProces.XG0","D:\AtelieProd\Equipexe\SAT\FILIAL","MovProces.XG0",".XG0","34816","15/01/2019 15:53:56"
"D:\AtelieProd\Equipexe\SAT\FILIAL\MovProces.XG1","D:\AtelieProd\Equipexe\SAT\FILIAL","MovProces.XG1",".XG1","34816","15/01/2019 15:53:56"
"D:\AtelieProd\Equipexe\SAT\FILIAL\MovProces.YG0","D:\AtelieProd\Equipexe\SAT\FILIAL","MovProces.YG0",".YG0","4096","15/01/2019 15:53:56"
"D:\AtelieProd\Equipexe\SAT\FILIAL\MovProces.YG1","D:\AtelieProd\Equipexe\SAT\FILIAL","MovProces.YG1",".YG1","4096","15/01/2019 15:53:56"
"D:\AtelieProd\Equipexe\SAT\FILIAL\MovProcesIt.DB","D:\AtelieProd\Equipexe\SAT\FILIAL","MovProcesIt.DB",".DB","2048","15/01/2019 15:53:58"
"D:\AtelieProd\Equipexe\SAT\FILIAL\MovProcesIt.PX","D:\AtelieProd\Equipexe\SAT\FILIAL","MovProcesIt.PX",".PX","2048","15/01/2019 15:53:58"
"D:\AtelieProd\Equipexe\SAT\FILIAL\MovProcesIt.XG0","D:\AtelieProd\Equipexe\SAT\FILIAL","MovProcesIt.XG0",".XG0","34816","15/01/2019 15:53:58"
"D:\AtelieProd\Equipexe\SAT\FILIAL\MovProcesIt.YG0","D:\AtelieProd\Equipexe\SAT\FILIAL","MovProcesIt.YG0",".YG0","4096","15/01/2019 15:53:58"
"D:\AtelieProd\Equipexe\SAT\FILIAL\MovSatAle.DB","D:\AtelieProd\Equipexe\SAT\FILIAL","MovSatAle.DB",".DB","2048","15/01/2019 15:54:04"
"D:\AtelieProd\Equipexe\SAT\FILIAL\MovSatAle.PX","D:\AtelieProd\Equipexe\SAT\FILIAL","MovSatAle.PX",".PX","2048","15/01/2019 15:54:04"
"D:\AtelieProd\Equipexe\SAT\FILIAL\MovSatAle.XG0","D:\AtelieProd\Equipexe\SAT\FILIAL","MovSatAle.XG0",".XG0","34816","15/01/2019 15:54:04"
"D:\AtelieProd\Equipexe\SAT\FILIAL\MovSatAle.XG1","D:\AtelieProd\Equipexe\SAT\FILIAL","MovSatAle.XG1",".XG1","34816","15/01/2019 15:54:04"
"D:\AtelieProd\Equipexe\SAT\FILIAL\MovSatAle.YG0","D:\AtelieProd\Equipexe\SAT\FILIAL","MovSatAle.YG0",".YG0","4096","15/01/2019 15:54:04"
"D:\AtelieProd\Equipexe\SAT\FILIAL\MovSatAle.YG1","D:\AtelieProd\Equipexe\SAT\FILIAL","MovSatAle.YG1",".YG1","4096","15/01/2019 15:54:04"
"D:\AtelieProd\Equipexe\SAT\FILIAL\MovSatCli.DB","D:\AtelieProd\Equipexe\SAT\FILIAL","MovSatCli.DB",".DB","2048","15/01/2019 15:54:06"
"D:\AtelieProd\Equipexe\SAT\FILIAL\MovSatCli.PX","D:\AtelieProd\Equipexe\SAT\FILIAL","MovSatCli.PX",".PX","2048","15/01/2019 15:54:06"
"D:\AtelieProd\Equipexe\SAT\FILIAL\MovSatCli.XG0","D:\AtelieProd\Equipexe\SAT\FILIAL","MovSatCli.XG0",".XG0","34816","15/01/2019 15:54:06"
"D:\AtelieProd\Equipexe\SAT\FILIAL\MovSatCli.XG1","D:\AtelieProd\Equipexe\SAT\FILIAL","MovSatCli.XG1",".XG1","34816","15/01/2019 15:54:06"
"D:\AtelieProd\Equipexe\SAT\FILIAL\MovSatCli.YG0","D:\AtelieProd\Equipexe\SAT\FILIAL","MovSatCli.YG0",".YG0","4096","15/01/2019 15:54:06"
"D:\AtelieProd\Equipexe\SAT\FILIAL\MovSatCli.YG1","D:\AtelieProd\Equipexe\SAT\FILIAL","MovSatCli.YG1",".YG1","4096","15/01/2019 15:54:06"
"D:\AtelieProd\Equipexe\SAT\FILIAL\MovSatCliOcor.DB","D:\AtelieProd\Equipexe\SAT\FILIAL","MovSatCliOcor.DB",".DB","4229120","20/05/2026 15:52:52"
"D:\AtelieProd\Equipexe\SAT\FILIAL\MovSatCliOcor.PX","D:\AtelieProd\Equipexe\SAT\FILIAL","MovSatCliOcor.PX",".PX","8192","20/05/2026 15:52:52"
"D:\AtelieProd\Equipexe\SAT\FILIAL\MovSatCliOcor.XG0","D:\AtelieProd\Equipexe\SAT\FILIAL","MovSatCliOcor.XG0",".XG0","198656","20/05/2026 15:52:52"
"D:\AtelieProd\Equipexe\SAT\FILIAL\MovSatCliOcor.XG1","D:\AtelieProd\Equipexe\SAT\FILIAL","MovSatCliOcor.XG1",".XG1","133120","20/05/2026 15:52:52"
"D:\AtelieProd\Equipexe\SAT\FILIAL\MovSatCliOcor.YG0","D:\AtelieProd\Equipexe\SAT\FILIAL","MovSatCliOcor.YG0",".YG0","4096","20/05/2026 15:52:52"
"D:\AtelieProd\Equipexe\SAT\FILIAL\MovSatCliOcor.YG1","D:\AtelieProd\Equipexe\SAT\FILIAL","MovSatCliOcor.YG1",".YG1","4096","20/05/2026 15:52:52"
"D:\AtelieProd\Equipexe\SAT\FILIAL\MovSatCliPro.DB","D:\AtelieProd\Equipexe\SAT\FILIAL","MovSatCliPro.DB",".DB","2048","15/01/2019 15:54:06"
"D:\AtelieProd\Equipexe\SAT\FILIAL\MovSatCliPro.PX","D:\AtelieProd\Equipexe\SAT\FILIAL","MovSatCliPro.PX",".PX","2048","15/01/2019 15:54:06"
"D:\AtelieProd\Equipexe\SAT\FILIAL\MovSatCliPro.XG0","D:\AtelieProd\Equipexe\SAT\FILIAL","MovSatCliPro.XG0",".XG0","34816","15/01/2019 15:54:06"
"D:\AtelieProd\Equipexe\SAT\FILIAL\MovSatCliPro.YG0","D:\AtelieProd\Equipexe\SAT\FILIAL","MovSatCliPro.YG0",".YG0","4096","15/01/2019 15:54:06"
"D:\AtelieProd\Equipexe\SAT\FILIAL\MovSatEmail.DB","D:\AtelieProd\Equipexe\SAT\FILIAL","MovSatEmail.DB",".DB","2048","15/01/2019 15:54:06"
"D:\AtelieProd\Equipexe\SAT\FILIAL\MovSatEmail.PX","D:\AtelieProd\Equipexe\SAT\FILIAL","MovSatEmail.PX",".PX","2048","15/01/2019 15:54:06"
"D:\AtelieProd\Equipexe\SAT\FILIAL\MovSatEmail.XG0","D:\AtelieProd\Equipexe\SAT\FILIAL","MovSatEmail.XG0",".XG0","34816","15/01/2019 15:54:06"
"D:\AtelieProd\Equipexe\SAT\FILIAL\MovSatEmail.XG1","D:\AtelieProd\Equipexe\SAT\FILIAL","MovSatEmail.XG1",".XG1","34816","15/01/2019 15:54:06"
"D:\AtelieProd\Equipexe\SAT\FILIAL\MovSatEmail.YG0","D:\AtelieProd\Equipexe\SAT\FILIAL","MovSatEmail.YG0",".YG0","4096","15/01/2019 15:54:06"
"D:\AtelieProd\Equipexe\SAT\FILIAL\MovSatEmail.YG1","D:\AtelieProd\Equipexe\SAT\FILIAL","MovSatEmail.YG1",".YG1","4096","15/01/2019 15:54:06"
"D:\AtelieProd\Equipexe\SAT\FILIAL\MovSatExec.DB","D:\AtelieProd\Equipexe\SAT\FILIAL","MovSatExec.DB",".DB","2048","15/01/2019 15:54:06"
"D:\AtelieProd\Equipexe\SAT\FILIAL\MovSatExec.PX","D:\AtelieProd\Equipexe\SAT\FILIAL","MovSatExec.PX",".PX","2048","15/01/2019 15:54:06"
"D:\AtelieProd\Equipexe\SAT\FILIAL\MovSatExec.XG0","D:\AtelieProd\Equipexe\SAT\FILIAL","MovSatExec.XG0",".XG0","34816","15/01/2019 15:54:06"
"D:\AtelieProd\Equipexe\SAT\FILIAL\MovSatExec.YG0","D:\AtelieProd\Equipexe\SAT\FILIAL","MovSatExec.YG0",".YG0","4096","15/01/2019 15:54:06"
"D:\AtelieProd\Equipexe\SAT\FILIAL\MovSatFor.DB","D:\AtelieProd\Equipexe\SAT\FILIAL","MovSatFor.DB",".DB","2048","15/01/2019 15:54:08"
"D:\AtelieProd\Equipexe\SAT\FILIAL\MovSatFor.PX","D:\AtelieProd\Equipexe\SAT\FILIAL","MovSatFor.PX",".PX","2048","15/01/2019 15:54:08"
"D:\AtelieProd\Equipexe\SAT\FILIAL\MovSatFor.XG0","D:\AtelieProd\Equipexe\SAT\FILIAL","MovSatFor.XG0",".XG0","34816","15/01/2019 15:54:08"
"D:\AtelieProd\Equipexe\SAT\FILIAL\MovSatFor.XG1","D:\AtelieProd\Equipexe\SAT\FILIAL","MovSatFor.XG1",".XG1","34816","15/01/2019 15:54:08"
"D:\AtelieProd\Equipexe\SAT\FILIAL\MovSatFor.YG0","D:\AtelieProd\Equipexe\SAT\FILIAL","MovSatFor.YG0",".YG0","4096","15/01/2019 15:54:08"
"D:\AtelieProd\Equipexe\SAT\FILIAL\MovSatFor.YG1","D:\AtelieProd\Equipexe\SAT\FILIAL","MovSatFor.YG1",".YG1","4096","15/01/2019 15:54:08"
"D:\AtelieProd\Equipexe\SAT\FILIAL\MovSatForOcor.DB","D:\AtelieProd\Equipexe\SAT\FILIAL","MovSatForOcor.DB",".DB","2048","15/01/2019 15:54:08"
"D:\AtelieProd\Equipexe\SAT\FILIAL\MovSatForOcor.PX","D:\AtelieProd\Equipexe\SAT\FILIAL","MovSatForOcor.PX",".PX","2048","15/01/2019 15:54:08"
"D:\AtelieProd\Equipexe\SAT\FILIAL\MovSatForOcor.XG0","D:\AtelieProd\Equipexe\SAT\FILIAL","MovSatForOcor.XG0",".XG0","34816","15/01/2019 15:54:08"
"D:\AtelieProd\Equipexe\SAT\FILIAL\MovSatForOcor.XG1","D:\AtelieProd\Equipexe\SAT\FILIAL","MovSatForOcor.XG1",".XG1","34816","15/01/2019 15:54:08"
"D:\AtelieProd\Equipexe\SAT\FILIAL\MovSatForOcor.YG0","D:\AtelieProd\Equipexe\SAT\FILIAL","MovSatForOcor.YG0",".YG0","4096","15/01/2019 15:54:08"
"D:\AtelieProd\Equipexe\SAT\FILIAL\MovSatForOcor.YG1","D:\AtelieProd\Equipexe\SAT\FILIAL","MovSatForOcor.YG1",".YG1","4096","15/01/2019 15:54:08"
"D:\AtelieProd\Equipexe\SAT\FILIAL\MovSatInt.DB","D:\AtelieProd\Equipexe\SAT\FILIAL","MovSatInt.DB",".DB","2048","15/01/2019 15:54:08"
"D:\AtelieProd\Equipexe\SAT\FILIAL\MovSatInt.PX","D:\AtelieProd\Equipexe\SAT\FILIAL","MovSatInt.PX",".PX","2048","15/01/2019 15:54:08"
"D:\AtelieProd\Equipexe\SAT\FILIAL\MovSatInt.XG0","D:\AtelieProd\Equipexe\SAT\FILIAL","MovSatInt.XG0",".XG0","34816","15/01/2019 15:54:08"
"D:\AtelieProd\Equipexe\SAT\FILIAL\MovSatInt.XG1","D:\AtelieProd\Equipexe\SAT\FILIAL","MovSatInt.XG1",".XG1","34816","15/01/2019 15:54:08"
"D:\AtelieProd\Equipexe\SAT\FILIAL\MovSatInt.YG0","D:\AtelieProd\Equipexe\SAT\FILIAL","MovSatInt.YG0",".YG0","4096","15/01/2019 15:54:08"
"D:\AtelieProd\Equipexe\SAT\FILIAL\MovSatInt.YG1","D:\AtelieProd\Equipexe\SAT\FILIAL","MovSatInt.YG1",".YG1","4096","15/01/2019 15:54:08"
"D:\AtelieProd\Equipexe\SAT\FILIAL\MovSatIntOcor.DB","D:\AtelieProd\Equipexe\SAT\FILIAL","MovSatIntOcor.DB",".DB","2048","15/01/2019 15:54:08"
"D:\AtelieProd\Equipexe\SAT\FILIAL\MovSatIntOcor.PX","D:\AtelieProd\Equipexe\SAT\FILIAL","MovSatIntOcor.PX",".PX","2048","15/01/2019 15:54:08"
"D:\AtelieProd\Equipexe\SAT\FILIAL\MovSatIntOcor.XG0","D:\AtelieProd\Equipexe\SAT\FILIAL","MovSatIntOcor.XG0",".XG0","34816","15/01/2019 15:54:08"
"D:\AtelieProd\Equipexe\SAT\FILIAL\MovSatIntOcor.XG1","D:\AtelieProd\Equipexe\SAT\FILIAL","MovSatIntOcor.XG1",".XG1","34816","15/01/2019 15:54:08"
"D:\AtelieProd\Equipexe\SAT\FILIAL\MovSatIntOcor.YG0","D:\AtelieProd\Equipexe\SAT\FILIAL","MovSatIntOcor.YG0",".YG0","4096","15/01/2019 15:54:08"
"D:\AtelieProd\Equipexe\SAT\FILIAL\MovSatIntOcor.YG1","D:\AtelieProd\Equipexe\SAT\FILIAL","MovSatIntOcor.YG1",".YG1","4096","15/01/2019 15:54:08"
"D:\AtelieProd\Equipexe\SAT\FILIAL\NotaSat.DB","D:\AtelieProd\Equipexe\SAT\FILIAL","NotaSat.DB",".DB","2048","15/01/2019 15:54:16"
"D:\AtelieProd\Equipexe\SAT\FILIAL\NotaSat.PX","D:\AtelieProd\Equipexe\SAT\FILIAL","NotaSat.PX",".PX","2048","15/01/2019 15:54:16"
"D:\AtelieProd\Equipexe\SAT\FILIAL\NotaSat.XG0","D:\AtelieProd\Equipexe\SAT\FILIAL","NotaSat.XG0",".XG0","34816","15/01/2019 15:54:16"
"D:\AtelieProd\Equipexe\SAT\FILIAL\NotaSat.YG0","D:\AtelieProd\Equipexe\SAT\FILIAL","NotaSat.YG0",".YG0","4096","15/01/2019 15:54:16"
"D:\AtelieProd\Equipexe\SAT\FILIAL\NotaSatCanc.DB","D:\AtelieProd\Equipexe\SAT\FILIAL","NotaSatCanc.DB",".DB","2048","15/01/2019 15:54:16"
"D:\AtelieProd\Equipexe\SAT\FILIAL\NotaSatCanc.PX","D:\AtelieProd\Equipexe\SAT\FILIAL","NotaSatCanc.PX",".PX","2048","15/01/2019 15:54:16"
"D:\AtelieProd\Equipexe\SAT\FILIAL\NotCompSat.DB","D:\AtelieProd\Equipexe\SAT\FILIAL","NotCompSat.DB",".DB","2048","15/01/2019 15:54:16"
"D:\AtelieProd\Equipexe\SAT\FILIAL\NotCompSat.PX","D:\AtelieProd\Equipexe\SAT\FILIAL","NotCompSat.PX",".PX","2048","15/01/2019 15:54:16"
"D:\AtelieProd\Equipexe\SAT\FILIAL\NotCompSat.XG0","D:\AtelieProd\Equipexe\SAT\FILIAL","NotCompSat.XG0",".XG0","34816","15/01/2019 15:54:16"
"D:\AtelieProd\Equipexe\SAT\FILIAL\NotCompSat.YG0","D:\AtelieProd\Equipexe\SAT\FILIAL","NotCompSat.YG0",".YG0","4096","15/01/2019 15:54:16"
"D:\AtelieProd\Equipexe\SAT\FILIAL\SatFilCam.DB","D:\AtelieProd\Equipexe\SAT\FILIAL","SatFilCam.DB",".DB","2048","15/01/2019 15:54:32"
"D:\AtelieProd\Equipexe\SAT\FILIAL\SatFilCam.MB","D:\AtelieProd\Equipexe\SAT\FILIAL","SatFilCam.MB",".MB","4096","15/01/2019 15:54:32"
"D:\AtelieProd\Equipexe\SAT\FILIAL\SatFilCam.PX","D:\AtelieProd\Equipexe\SAT\FILIAL","SatFilCam.PX",".PX","2048","15/01/2019 15:54:32"
"D:\AtelieProd\Equipexe\SAT\FILIAL\SolAltCli.DB","D:\AtelieProd\Equipexe\SAT\FILIAL","SolAltCli.DB",".DB","2048","15/01/2019 15:54:34"
"D:\AtelieProd\Equipexe\SAT\FILIAL\SolAltCli.PX","D:\AtelieProd\Equipexe\SAT\FILIAL","SolAltCli.PX",".PX","2048","15/01/2019 15:54:34"
"D:\AtelieProd\Equipexe\SAT\FILIAL\SolAltCli.XG0","D:\AtelieProd\Equipexe\SAT\FILIAL","SolAltCli.XG0",".XG0","34816","15/01/2019 15:54:34"
"D:\AtelieProd\Equipexe\SAT\FILIAL\SolAltCli.YG0","D:\AtelieProd\Equipexe\SAT\FILIAL","SolAltCli.YG0",".YG0","4096","15/01/2019 15:54:34"
"D:\AtelieProd\Equipexe\SAT\FILIAL\SolAltCliCan.DB","D:\AtelieProd\Equipexe\SAT\FILIAL","SolAltCliCan.DB",".DB","2048","15/01/2019 15:54:34"
"D:\AtelieProd\Equipexe\SAT\FILIAL\SolAltCliCan.PX","D:\AtelieProd\Equipexe\SAT\FILIAL","SolAltCliCan.PX",".PX","2048","15/01/2019 15:54:34"
"D:\AtelieProd\Equipexe\SAT\FILIAL\SolAltItemTeste.DB","D:\AtelieProd\Equipexe\SAT\FILIAL","SolAltItemTeste.DB",".DB","2048","15/01/2019 15:54:34"
"D:\AtelieProd\Equipexe\SAT\FILIAL\SolAltItemTeste.PX","D:\AtelieProd\Equipexe\SAT\FILIAL","SolAltItemTeste.PX",".PX","2048","15/01/2019 15:54:34"
"D:\AtelieProd\Equipexe\SAT\FILIAL\SolAltItemTeste.XG0","D:\AtelieProd\Equipexe\SAT\FILIAL","SolAltItemTeste.XG0",".XG0","34816","15/01/2019 15:54:34"
"D:\AtelieProd\Equipexe\SAT\FILIAL\SolAltItemTeste.YG0","D:\AtelieProd\Equipexe\SAT\FILIAL","SolAltItemTeste.YG0",".YG0","4096","15/01/2019 15:54:34"
"D:\AtelieProd\Equipexe\SAT\FILIAL\SolAltSist.DB","D:\AtelieProd\Equipexe\SAT\FILIAL","SolAltSist.DB",".DB","2048","15/01/2019 15:54:34"
"D:\AtelieProd\Equipexe\SAT\FILIAL\SolAltSist.PX","D:\AtelieProd\Equipexe\SAT\FILIAL","SolAltSist.PX",".PX","2048","15/01/2019 15:54:34"
"D:\AtelieProd\Equipexe\SAT\FILIAL\SolAltSist.XG0","D:\AtelieProd\Equipexe\SAT\FILIAL","SolAltSist.XG0",".XG0","34816","15/01/2019 15:54:34"
"D:\AtelieProd\Equipexe\SAT\FILIAL\SolAltSist.XG1","D:\AtelieProd\Equipexe\SAT\FILIAL","SolAltSist.XG1",".XG1","34816","15/01/2019 15:54:34"
"D:\AtelieProd\Equipexe\SAT\FILIAL\SolAltSist.YG0","D:\AtelieProd\Equipexe\SAT\FILIAL","SolAltSist.YG0",".YG0","4096","15/01/2019 15:54:34"
"D:\AtelieProd\Equipexe\SAT\FILIAL\SolAltSist.YG1","D:\AtelieProd\Equipexe\SAT\FILIAL","SolAltSist.YG1",".YG1","4096","15/01/2019 15:54:34"
"D:\AtelieProd\Equipexe\SAT\FILIAL\SolAltSistCan.DB","D:\AtelieProd\Equipexe\SAT\FILIAL","SolAltSistCan.DB",".DB","2048","15/01/2019 15:54:34"
"D:\AtelieProd\Equipexe\SAT\FILIAL\SolAltSistCan.PX","D:\AtelieProd\Equipexe\SAT\FILIAL","SolAltSistCan.PX",".PX","2048","15/01/2019 15:54:34"
"D:\AtelieProd\Equipexe\SAT\FILIAL\SolAltSistTest.DB","D:\AtelieProd\Equipexe\SAT\FILIAL","SolAltSistTest.DB",".DB","2048","15/01/2019 15:54:34"
"D:\AtelieProd\Equipexe\SAT\FILIAL\SolAltSistTest.PX","D:\AtelieProd\Equipexe\SAT\FILIAL","SolAltSistTest.PX",".PX","2048","15/01/2019 15:54:34"
"D:\AtelieProd\Equipexe\TRI\FILIAL\MovTriCab.DB","D:\AtelieProd\Equipexe\TRI\FILIAL","MovTriCab.DB",".DB","2048","15/01/2019 15:54:10"
"D:\AtelieProd\Equipexe\TRI\FILIAL\MovTriCab.PX","D:\AtelieProd\Equipexe\TRI\FILIAL","MovTriCab.PX",".PX","2048","15/01/2019 15:54:10"
"D:\AtelieProd\Equipexe\TRI\FILIAL\MovTriCab.XG0","D:\AtelieProd\Equipexe\TRI\FILIAL","MovTriCab.XG0",".XG0","34816","15/01/2019 15:54:10"
"D:\AtelieProd\Equipexe\TRI\FILIAL\MovTriCab.YG0","D:\AtelieProd\Equipexe\TRI\FILIAL","MovTriCab.YG0",".YG0","4096","15/01/2019 15:54:10"
"D:\AtelieProd\Equipexe\TRI\FILIAL\MovTriItem.DB","D:\AtelieProd\Equipexe\TRI\FILIAL","MovTriItem.DB",".DB","2048","15/01/2019 15:54:10"
"D:\AtelieProd\Equipexe\TRI\FILIAL\MovTriItem.PX","D:\AtelieProd\Equipexe\TRI\FILIAL","MovTriItem.PX",".PX","2048","15/01/2019 15:54:10"
"D:\AtelieProd\Equipexe\TRI\FILIAL\MovTriRolCab.DB","D:\AtelieProd\Equipexe\TRI\FILIAL","MovTriRolCab.DB",".DB","2048","15/01/2019 15:54:12"
"D:\AtelieProd\Equipexe\TRI\FILIAL\MovTriRolCab.PX","D:\AtelieProd\Equipexe\TRI\FILIAL","MovTriRolCab.PX",".PX","2048","15/01/2019 15:54:12"
"D:\AtelieProd\Equipexe\TRI\FILIAL\MovTriRolCab.XG0","D:\AtelieProd\Equipexe\TRI\FILIAL","MovTriRolCab.XG0",".XG0","34816","15/01/2019 15:54:12"
"D:\AtelieProd\Equipexe\TRI\FILIAL\MovTriRolCab.XG1","D:\AtelieProd\Equipexe\TRI\FILIAL","MovTriRolCab.XG1",".XG1","34816","15/01/2019 15:54:12"
"D:\AtelieProd\Equipexe\TRI\FILIAL\MovTriRolCab.YG0","D:\AtelieProd\Equipexe\TRI\FILIAL","MovTriRolCab.YG0",".YG0","4096","15/01/2019 15:54:12"
"D:\AtelieProd\Equipexe\TRI\FILIAL\MovTriRolCab.YG1","D:\AtelieProd\Equipexe\TRI\FILIAL","MovTriRolCab.YG1",".YG1","4096","15/01/2019 15:54:12"
"D:\AtelieProd\Equipexe\TRI\FILIAL\MovTriRolItem.DB","D:\AtelieProd\Equipexe\TRI\FILIAL","MovTriRolItem.DB",".DB","2048","15/01/2019 15:54:12"
"D:\AtelieProd\Equipexe\TRI\FILIAL\MovTriRolItem.PX","D:\AtelieProd\Equipexe\TRI\FILIAL","MovTriRolItem.PX",".PX","2048","15/01/2019 15:54:12"
"D:\AtelieProd\Equipexe\TRI\FILIAL\MovTriRolLot.DB","D:\AtelieProd\Equipexe\TRI\FILIAL","MovTriRolLot.DB",".DB","2048","15/01/2019 15:54:12"
"D:\AtelieProd\Equipexe\TRI\FILIAL\MovTriRolLot.PX","D:\AtelieProd\Equipexe\TRI\FILIAL","MovTriRolLot.PX",".PX","2048","15/01/2019 15:54:12"
