CATEGORIA;NOME;PRECO
ALMOFADA;ALMOFADA; R$ 36,00 
ALMOFADA;ALMOFADA COLOC ILHOES CADA; R$ 4,80 
ALMOFADA;ALMOFADA COLOCAR ALÇA; R$ 21,60 
ALMOFADA;ALMOFADA COLOCAR ALÇA REGULAV; R$ 25,20 
ALMOFADA;ALMOFADA COLOCAR CADARÇO; R$ 30,00 
ALMOFADA;ALMOFADA COLOCAR ELASTICO; R$ 36,00 
ALMOFADA;ALMOFADA COLOCAR FORRO SIMPLE; R$ 48,00 
ALMOFADA;ALMOFADA COLOCAR VELCRO; R$ 42,00 
ALMOFADA;ALMOFADA COLOCAR ZIPER ACABAM; R$ 30,00 
ALMOFADA;ALMOFADA CONSERTOS DIVERSOS*; R$ -   
ALMOFADA;ALMOFADA DIMINUIR TAMANHO; R$ -   
ALMOFADA;ALMOFADA FEITIO - CADA; R$ 48,00 
ALMOFADA;ALMOFADA FEITIO CAPA  ALMOFAD; R$ 48,00 
ALMOFADA;ALMOFADA FEITIO COM BARRADO; R$ 60,00 
ALMOFADA;ALMOFADA FEITIO GDE C ROLETE; R$ 68,40 
ALMOFADA;ALMOFADA FEITIO PEQ C ROLETE; R$ 56,40 
ALMOFADA;ALMOFADA FEITIO PEQUENO; R$ 36,00 
ALMOFADA;ALMOFADA REFORÇO COSTURA CADA; R$ 12,00 
ALMOFADA;ALMOFADA SO PREGAR BOTAO; R$ 2,40 
ALMOFADA;ALMOFADA TROC ZIPER INVIS GDE; R$ 36,00 
ALMOFADA;ALMOFADA TROCAR  ELASTICO; R$ 25,20 
ALMOFADA;ALMOFADA TROCAR  LASTEX; R$ 27,60 
ALMOFADA;ALMOFADA TROCAR BOTAO; R$ 9,60 
ALMOFADA;ALMOFADA TROCAR BOTAO FORRADO; R$ 10,80 
ALMOFADA;ALMOFADA TROCAR CURSOR ZIPER; R$ 15,60 
ALMOFADA;ALMOFADA TROCAR FORRO SIMPLES; R$ 48,00 
ALMOFADA;ALMOFADA TROCAR VIES; R$ 48,00 
ALMOFADA;ALMOFADA TROCAR ZIPER; R$ 27,60 
ALMOFADA;ALMOFADA TROCAR ZIPER LONGO; R$ 36,00 
ANAGUA;ANAGUA; R$ -   
ANAGUA;ANAGUA AJUSTE GERAL; R$ 21,60 
ANAGUA;ANAGUA AJUSTE LATERAL; R$ 15,60 
ANAGUA;ANAGUA BARRA; R$ 21,60 
ANAGUA;ANAGUA CONSERTOS DIVERSOS*; R$ -   
ANAGUA;ANAGUA DIMINUIR ELASTICO S; R$ 21,60 
ANAGUA;ANAGUA ELIMINAR BICO; R$ 15,60 
ANAGUA;ANAGUA ENCURTAR BARRA; R$ 21,60 
ANAGUA;ANAGUA FEITIO; R$ 33,60 
ANAGUA;ANAGUA FEITIO COM BARRADO; R$ 42,00 
ANAGUA;ANAGUA FOLGAR CINTURA; R$ 30,00 
ANAGUA;ANAGUA FOLGAR ELASTICO SIMP; R$ 25,20 
ANAGUA;ANAGUA FOLGAR O ELASTICO; R$ 21,60 
ANAGUA;ANAGUA PREGAR DETALH  BARRA; R$ 21,60 
ANAGUA;ANAGUA REFORÇO COSTURA CADA; R$ 12,00 
ANAGUA;ANAGUA TROCAR  ELASTICO; R$ 21,60 
AVENTAL;AVENTAL; R$ -   
AVENTAL;AVENTAL ABRIR FENDA; R$ 21,60 
AVENTAL;AVENTAL AJUSTE  ATRAS; R$ 33,60 
AVENTAL;AVENTAL AJUSTE DE CINTURA; R$ 21,60 
AVENTAL;AVENTAL AJUSTE LATERAL; R$ 22,80 
AVENTAL;AVENTAL APROFUNDAR AS PENCES; R$ 18,00 
AVENTAL;AVENTAL BARRA; R$ 21,60 
AVENTAL;AVENTAL BARRA C ZIPER LATERA; R$ 30,00 
AVENTAL;AVENTAL COLC PRESSAO GDE CAD; R$ 14,40 
AVENTAL;AVENTAL COLOCAR ALÇA; R$ 24,00 
AVENTAL;AVENTAL COLOCAR ALÇA REGULAV; R$ 30,00 
AVENTAL;AVENTAL COLOCAR DETALHE TECI; R$ 22,80 
AVENTAL;AVENTAL COLOCAR PUNHO MALHA; R$ 30,00 
AVENTAL;AVENTAL COLOCAR VELCRO; R$ 25,20 
AVENTAL;AVENTAL COLOCAR ZIPER ACABAM; R$ 30,00 
AVENTAL;AVENTAL CONSERTOS DIVERSOS*; R$ -   
AVENTAL;AVENTAL DESCER DECOTE; R$ 27,60 
AVENTAL;AVENTAL ELIMINAR BICO; R$ 15,60 
AVENTAL;AVENTAL ENCURTAR MANGA; R$ 21,60 
AVENTAL;AVENTAL FECHAR BOLSO/TIRAR; R$ 18,00 
AVENTAL;AVENTAL FECHAR DECOTE; R$ -   
AVENTAL;AVENTAL FECHAR FENDA; R$ 21,60 
AVENTAL;AVENTAL FOLGAR NO BUSTO; R$ 27,60 
AVENTAL;AVENTAL MUDAR BOTAO LUGAR; R$ 3,60 
AVENTAL;AVENTAL PREGAR BOTÃO; R$ 3,60 
AVENTAL;AVENTAL PREGAR BOTAO METAL; R$ 6,00 
AVENTAL;AVENTAL PREGAR TAGS CADA; R$ 12,00 
AVENTAL;AVENTAL REFORÇO COSTURA CADA; R$ 12,00 
AVENTAL;AVENTAL SO PREGAR BOTAO; R$ 3,60 
AVENTAL;AVENTAL SUBIR OMBRO; R$ 36,00 
AVENTAL;AVENTAL SUBIR PUNHO; R$ 32,40 
AVENTAL;AVENTAL SUBIR PUNHO C ZIPER; R$ 44,40 
AVENTAL;AVENTAL TIRA GOLA E ACABAMEN; R$ 50,40 
AVENTAL;AVENTAL TIRAR MANGA E ACABAM; R$ 36,00 
AVENTAL;AVENTAL TIRAR O FORRO; R$ 44,40 
AVENTAL;AVENTAL TROCAR PUNHO MALHA; R$ 33,60 
AVENTAL;AVENTAL TROCAR VIES; R$ -   
AVENTAL;AVENTAL TROCAR ZIPER; R$ 25,20 
AVENTAL;AVENTAL VIRAR PUNHO; R$ 32,40 
BARRA;BARRA POSTIÇA; R$ 31,20 
BARRACA;BARRACA; R$ -   
BARRACA;BARRACA CERZIR; R$ 32,40 
BARRACA;BARRACA CONSERTOS DIVERSOS*; R$ -   
BARRACA;BARRACA REFORÇO COSTURA CADA; R$ 18,00 
BARRACA;BARRACA TROCAR CURSOR ZIPER; R$ 15,60 
BARRACA;BARRACA TROCAR TULE; R$ 110,40 
BARRACA;BARRACA TROCAR ZIPER; R$ 44,40 
BARRACA;BARRACA TROCAR ZIPER LONGO; R$ 56,40 
BATA;BATA; R$ -   
BATA;BATA ABRIR FENDA; R$ 21,60 
BATA;BATA ABRIR GOLA ATRAS BOT; R$ 27,60 
BATA;BATA ABRIR GOLA FRENTE BO; R$ 27,60 
BATA;BATA AJ LAT BOLSO INTERNO; R$ 42,00 
BATA;BATA AJUS COSTA FORR ZIPE; R$ 36,00 
BATA;BATA AJUST LAT C FORRO ZI; R$ 36,00 
BATA;BATA AJUSTE COM FORRO; R$ 33,60 
BATA;BATA AJUSTE DE CAVA; R$ 26,40 
BATA;BATA AJUSTE DE CINTURA; R$ 21,60 
BATA;BATA AJUSTE DE COSTA; R$ 30,00 
BATA;BATA AJUSTE DE DECOTE; R$ 48,00 
BATA;BATA AJUSTE DE MANGA; R$ 26,40 
BATA;BATA AJUSTE DE OMBRO; R$ 31,20 
BATA;BATA AJUSTE GERAL; R$ 62,40 
BATA;BATA AJUSTE LAT C FORRO; R$ 30,00 
BATA;BATA AJUSTE LATERA  ZIPER; R$ 30,00 
BATA;BATA AJUSTE LATERAL; R$ 24,00 
BATA;BATA AJUSTE NO BUSTO; R$ 30,00 
BATA;BATA ALÇA (PRENDER SUTIÃ); R$ 16,80 
BATA;BATA APROFUNDAR AS PENCES; R$ 18,00 
BATA;BATA BAIXAR A CAVA; R$ 24,00 
BATA;BATA BARRA; R$ 21,60 
BATA;BATA BARRA COM FENDA; R$ 21,60 
BATA;BATA BARRA LENÇO; R$ 25,20 
BATA;BATA BARRA POR CIMA; R$ 25,20 
BATA;BATA BARRA TUBINHO CFORRO; R$ 30,00 
BATA;BATA CASEAR C BOTAO CADA; R$ 8,40 
BATA;BATA CASEAR S BOTAO; R$ 7,20 
BATA;BATA CERZIR; R$ 21,60 
BATA;BATA CERZIR MALHA A MAO; R$ 12,00 
BATA;BATA COLC PRESSAO GDE CAD; R$ 14,40 
BATA;BATA COLOC COCH DE GANCH; R$ 6,00 
BATA;BATA COLOC COCH DE PRESSA; R$ 6,00 
BATA;BATA COLOC ILHOES CADA; R$ 4,80 
BATA;BATA COLOCAR ALÇA; R$ 24,00 
BATA;BATA COLOCAR ALÇA REGULAV; R$ 30,00 
BATA;BATA COLOCAR BOJO; R$ 42,00 
BATA;BATA COLOCAR BOLSO; R$ 42,00 
BATA;BATA COLOCAR COS; R$ 33,60 
BATA;BATA COLOCAR COTOVELEIRA; R$ 33,60 
BATA;BATA COLOCAR ELASTICO; R$ 25,20 
BATA;BATA COLOCAR LASTEX; R$ 48,00 
BATA;BATA COLOCAR MANGA COMPRI; R$ 56,40 
BATA;BATA COLOCAR MANGA CURTA; R$ 48,00 
BATA;BATA COLOCAR NESGA; R$ 36,00 
BATA;BATA COLOCAR NESGA C TULE; R$ 60,00 
BATA;BATA COLOCAR NESGA LATERA; R$ 38,40 
BATA;BATA COLOCAR PENCE; R$ 18,00 
BATA;BATA COLOCAR TULE DECOTE; R$ 54,00 
BATA;BATA COLOCAR VELCRO; R$ 25,20 
BATA;BATA COLOCAR ZIPER ACABAM; R$ 33,60 
BATA;BATA CONSERTOS DIVERSOS*; R$ -   
BATA;BATA DESCER DECOTE; R$ -   
BATA;BATA DESCER DECOTE MALHA; R$ 24,00 
BATA;BATA DIMINUIR ALCINHA; R$ 21,60 
BATA;BATA DIMINUIR BOJO; R$ 42,00 
BATA;BATA DIMINUIR COMPRIMENTO; R$ 21,60 
BATA;BATA DIMINUIR ELASTICO PR; R$ 30,00 
BATA;BATA DIMINUIR ELASTICO S; R$ 25,20 
BATA;BATA DIMINUIR FRANZIDO; R$ 50,40 
BATA;BATA DIMINUIR LARGUR GODÊ; R$ 44,40 
BATA;BATA DIMINUIR OMBREIRA; R$ 25,20 
BATA;BATA ELASTICO NAS MANGAS; R$ 25,20 
BATA;BATA ELIMINAR BICO; R$ 15,60 
BATA;BATA ELIMINAR BICO C FORR; R$ 18,00 
BATA;BATA ELIMINAR PENCES; R$ 38,40 
BATA;BATA ELIMINAR PREGAS; R$ 38,40 
BATA;BATA ENCURTAR BARRA; R$ 21,60 
BATA;BATA ENCURTAR MANGA; R$ 21,60 
BATA;BATA FECHAR BOLSO/TIRAR; R$ 18,00 
BATA;BATA FECHAR DECOTE; R$ 27,60 
BATA;BATA FECHAR DECOTE C/TECI; R$ 32,40 
BATA;BATA FECHAR FENDA; R$ 21,60 
BATA;BATA FOLGAR ELASTICO SIMP; R$ 25,20 
BATA;BATA FOLGAR NA LATERAL; R$ -   
BATA;BATA FOLGAR O ELASTICO; R$ 32,40 
BATA;BATA MUDAR BOTAO LUGAR; R$ 3,60 
BATA;BATA PENCE; R$ 18,00 
BATA;BATA PREGAR BOTÃO; R$ 3,60 
BATA;BATA PREGAR BOTAO METAL; R$ 6,00 
BATA;BATA PREGAR DETALH  BARRA; R$ 33,60 
BATA;BATA PREGAR TAGS CADA; R$ 12,00 
BATA;BATA PRENDER BOJO; R$ 24,00 
BATA;BATA REFAZER A BARRA; R$ 25,20 
BATA;BATA REFORÇO COSTURA CADA; R$ 12,00 
BATA;BATA REFORÇO LAT BOLSO; R$ 20,40 
BATA;BATA SO PREGAR BOTAO; R$ 2,40 
BATA;BATA SUBIR ALÇA NADADOR; R$ 21,60 
BATA;BATA SUBIR ALÇA REGATA; R$ 21,60 
BATA;BATA SUBIR ALCINHA ROLE; R$ 21,60 
BATA;BATA SUBIR CAVA; R$ 27,60 
BATA;BATA SUBIR MANGA P/ OMBRO; R$ 38,40 
BATA;BATA SUBIR OMBRO; R$ 32,40 
BATA;BATA SUBIR OMBRO C/APLIQU; R$ 52,80 
BATA;BATA SUBIR PUNHO; R$ 36,00 
BATA;BATA TIRA GOLA E ACABAMEN; R$ 36,00 
BATA;BATA TIRAR BOJO E ACABAME; R$ 44,40 
BATA;BATA TIRAR FRANZIDO MANGA; R$ 36,00 
BATA;BATA TIRAR MANGA E ACABAM; R$ 36,00 
BATA;BATA TIRAR OMBREIRA; R$ 36,00 
BATA;BATA TIRAR OMBREIRA E ACA; R$ 56,40 
BATA;BATA TROC ELASTIC PRESPON; R$ 30,00 
BATA;BATA TROC ZIPER INVIS GDE; R$ 27,60 
BATA;BATA TROCAR  ELASTICO; R$ 25,20 
BATA;BATA TROCAR  LASTEX; R$ 44,40 
BATA;BATA TROCAR BOTAO; R$ 9,60 
BATA;BATA TROCAR BOTAO FORRADO; R$ 10,80 
BATA;BATA TROCAR CURSOR ZIPER; R$ 15,60 
BATA;BATA TROCAR MANGAS; R$ 54,00 
BATA;BATA TROCAR TULE; R$ 146,40 
BATA;BATA TROCAR TULE DA MANGA; R$ 68,40 
BATA;BATA TROCAR TULE DECOTE; R$ 56,40 
BATA;BATA TROCAR TULE MANGAS; R$ 80,40 
BATA;BATA TROCAR VIES; R$ -   
BATA;BATA TROCAR ZIPER; R$ 25,20 
BERMUDA;BERMUDA; R$ -   
BERMUDA;BERMUDA ABAIXAR COS; R$ 36,00 
BERMUDA;BERMUDA ABRIR FENDA; R$ 21,60 
BERMUDA;BERMUDA AJ LAT BOLSO INTERNO; R$ 48,00 
BERMUDA;BERMUDA AJ PERN BOLSO SAFARI; R$ 48,00 
BERMUDA;BERMUDA AJ PERNAS MALHA; R$ 24,00 
BERMUDA;BERMUDA AJUSTE  ATRAS; R$ 44,40 
BERMUDA;BERMUDA AJUSTE DE BOCA; R$ 21,60 
BERMUDA;BERMUDA AJUSTE DE CINTURA; R$ 36,00 
BERMUDA;BERMUDA AJUSTE DE COS; R$ 36,00 
BERMUDA;BERMUDA AJUSTE DE GANCHO; R$ 44,40 
BERMUDA;BERMUDA AJUSTE DE PERNAS; R$ 30,00 
BERMUDA;BERMUDA AJUSTE DE QUADRIL; R$ 30,00 
BERMUDA;BERMUDA AJUSTE GERAL; R$ 54,00 
BERMUDA;BERMUDA AJUSTE LATERAL; R$ 36,00 
BERMUDA;BERMUDA AUMENTAR FORRO BOLSO; R$ 42,00 
BERMUDA;BERMUDA BARRA; R$ 32,00 
BERMUDA;BERMUDA BARRA C ZIPER LATERA; R$ 32,00 
BERMUDA;BERMUDA BARRA COLADA; R$ 32,00 
BERMUDA;BERMUDA BARRA COM FENDA; R$ 32,00 
BERMUDA;BERMUDA BARRA FORRO OU ZIPER; R$ 32,00 
BERMUDA;BERMUDA BARRA ITALIANA; R$ 32,00 
BERMUDA;BERMUDA BARRA ORIGINAL; R$ 32,00 
BERMUDA;BERMUDA BARRA ORIGINAL FENDA; R$ 32,00 
BERMUDA;BERMUDA BARRA OVERL SEM ACAB; R$ 32,00 
BERMUDA;BERMUDA BARRA POSTIÇA; R$ 32,00 
BERMUDA;BERMUDA BARRA TUBINHO CFORRO; R$ 32,00 
BERMUDA;BERMUDA CASEAR C BOTAO CADA; R$ 8,40 
BERMUDA;BERMUDA CASEAR S BOTAO; R$ 7,20 
BERMUDA;BERMUDA CERZIR; R$ 21,60 
BERMUDA;BERMUDA CERZIR MALHA A MAO; R$ 12,00 
BERMUDA;BERMUDA CERZIR MOLETOM; R$ 21,60 
BERMUDA;BERMUDA CERZIR RASGO C/TECID; R$ 24,00 
BERMUDA;BERMUDA COLOC COCH DE GANCH; R$ 10,80 
BERMUDA;BERMUDA COLOC COCH DE PRESSA; R$ 6,00 
BERMUDA;BERMUDA COLOC COS C ELASTICO; R$ 42,00 
BERMUDA;BERMUDA COLOC COS C PASSANTE; R$ 48,00 
BERMUDA;BERMUDA COLOC ILHOES CADA; R$ 4,80 
BERMUDA;BERMUDA COLOC MALHA GESTANTE; R$ 36,00 
BERMUDA;BERMUDA COLOCAR BOLSINHO INT; R$ 30,00 
BERMUDA;BERMUDA COLOCAR BOLSO; R$ 42,00 
BERMUDA;BERMUDA COLOCAR CADARÇO; R$ 9,60 
BERMUDA;BERMUDA COLOCAR COS; R$ 33,60 
BERMUDA;BERMUDA COLOCAR DETALHE TECI; R$ 22,80 
BERMUDA;BERMUDA COLOCAR ELASTICO; R$ 25,20 
BERMUDA;BERMUDA COLOCAR LAPELA BOLSO; R$ 30,00 
BERMUDA;BERMUDA COLOCAR NESGA; R$ 36,00 
BERMUDA;BERMUDA COLOCAR NESGA LATERA; R$ 42,00 
BERMUDA;BERMUDA COLOCAR PASSANTE; R$ 30,00 
BERMUDA;BERMUDA COLOCAR VELCRO; R$ 21,60 
BERMUDA;BERMUDA COLOCAR ZIPER ACABAM; R$ 33,60 
BERMUDA;BERMUDA CONSERTOS DIVERSOS*; R$ -   
BERMUDA;BERMUDA DE COURO; R$ -   
BERMUDA;BERMUDA DE COURO ABAIXAR COS; R$ 72,00 
BERMUDA;BERMUDA DE COURO AJ LAT BOLSO; R$ 84,00 
BERMUDA;BERMUDA DE COURO AJUSTE DE CIN; R$ 90,00 
BERMUDA;BERMUDA DE COURO AJUSTE DE GAN; R$ 84,00 
BERMUDA;BERMUDA DE COURO AJUSTE DE PER; R$ 60,00 
BERMUDA;BERMUDA DE COURO AJUSTE GERAL; R$ 180,00 
BERMUDA;BERMUDA DE COURO AJUSTE LATERA; R$ 72,00 
BERMUDA;BERMUDA DE COURO AJUSTE LATERA; R$ 84,00 
BERMUDA;BERMUDA DE COURO AUMENTAR FORR; R$ 60,00 
BERMUDA;BERMUDA DE COURO BARRA; R$ 36,00 
BERMUDA;BERMUDA DE COURO BARRA C ZIPER; R$ 56,40 
BERMUDA;BERMUDA DE COURO BARRA COLADA; R$ 42,00 
BERMUDA;BERMUDA DE COURO BARRA COM FEN; R$ 36,00 
BERMUDA;BERMUDA DE COURO BARRA FORRO O; R$ 56,40 
BERMUDA;BERMUDA DE COURO BARRA ORIGINA; R$ 36,00 
BERMUDA;BERMUDA DE COURO BARRA TUBINHO; R$ 42,00 
BERMUDA;BERMUDA DE COURO CASEAR C BOTA; R$ 12,00 
BERMUDA;BERMUDA DE COURO CASEAR S BOTA; R$ 10,80 
BERMUDA;BERMUDA DE COURO COLOC COCH DE; R$ 10,80 
BERMUDA;BERMUDA DE COURO COLOC COCH DE; R$ 12,00 
BERMUDA;BERMUDA DE COURO COLOC COS C E; R$ -   
BERMUDA;BERMUDA DE COURO COLOC COS C P; R$ -   
BERMUDA;BERMUDA DE COURO COLOC ILHOES; R$ 9,60 
BERMUDA;BERMUDA DE COURO COLOCAR COS; R$ -   
BERMUDA;BERMUDA DE COURO COLOCAR NESGA; R$ -   
BERMUDA;BERMUDA DE COURO COLOCAR NESGA; R$ -   
BERMUDA;BERMUDA DE COURO COLOCAR PASSA; R$ -   
BERMUDA;BERMUDA DE COURO COLOCAR PENCE; R$ 48,00 
BERMUDA;BERMUDA DE COURO COLOCAR ZIPER; R$ 108,00 
BERMUDA;BERMUDA DE COURO CONSERTOS DIV; R$ -   
BERMUDA;BERMUDA DE COURO ELIMINAR PENC; R$ 104,40 
BERMUDA;BERMUDA DE COURO ELIMINAR PREG; R$ 134,40 
BERMUDA;BERMUDA DE COURO ENCURTAR BARR; R$ 36,00 
BERMUDA;BERMUDA DE COURO FECHAR BOLSO/; R$ 27,60 
BERMUDA;BERMUDA DE COURO FOLGAR CINTUR; R$ 68,40 
BERMUDA;BERMUDA DE COURO FOLGAR NA LAT; R$ 78,00 
BERMUDA;BERMUDA DE COURO FOLGAR NO GAN; R$ 84,00 
BERMUDA;BERMUDA DE COURO MUDAR BOTAO L; R$ 9,60 
BERMUDA;BERMUDA DE COURO NESGA BOLSO S; R$ -   
BERMUDA;BERMUDA DE COURO PREGAR BOTAO; R$ 6,00 
BERMUDA;BERMUDA DE COURO PREGAR BOTÃO; R$ 3,60 
BERMUDA;BERMUDA DE COURO PREGAR TAGS C; R$ 12,00 
BERMUDA;BERMUDA DE COURO REFAZER A BAR; R$ 32,40 
BERMUDA;BERMUDA DE COURO REFORÇO COSTU; R$ 24,00 
BERMUDA;BERMUDA DE COURO SO PREGAR BOT; R$ 3,60 
BERMUDA;BERMUDA DE COURO TROC ZIP LAT; R$ 50,40 
BERMUDA;BERMUDA DE COURO TROC ZIPER IN; R$ 56,40 
BERMUDA;BERMUDA DE COURO TROCAR CÓS DE; R$ -   
BERMUDA;BERMUDA DE COURO TROCAR CURSOR; R$ 21,60 
BERMUDA;BERMUDA DE COURO TROCAR FORRO; R$ 132,00 
BERMUDA;BERMUDA DE COURO TROCAR FORRO; R$ 78,00 
BERMUDA;BERMUDA DE COURO TROCAR ZIPER; R$ 42,00 
BERMUDA;BERMUDA DE COURO VIRAR SAIA; R$ 98,40 
BERMUDA;BERMUDA DIMINUIR ELASTICO PR; R$ 27,60 
BERMUDA;BERMUDA DIMINUIR ELASTICO S; R$ 25,20 
BERMUDA;BERMUDA ELASTICO CÓS INTEIRO; R$ 30,00 
BERMUDA;BERMUDA ELASTICO CÓS LATERAL; R$ 27,60 
BERMUDA;BERMUDA ELIMINAR BICO; R$ 15,60 
BERMUDA;BERMUDA ELIMINAR BICO C FORR; R$ 18,00 
BERMUDA;BERMUDA ELIMINAR PENCES; R$ 86,40 
BERMUDA;BERMUDA ELIMINAR PREGAS; R$ 86,40 
BERMUDA;BERMUDA ENCURTAR BARRA; R$ 21,60 
BERMUDA;BERMUDA FECHAR BOLSO/TIRAR; R$ 18,00 
BERMUDA;BERMUDA FOLGAR CINTURA; R$ 36,00 
BERMUDA;BERMUDA FOLGAR ELASTICO SIMP; R$ 25,20 
BERMUDA;BERMUDA FOLGAR NA LATERAL; R$ 36,00 
BERMUDA;BERMUDA FOLGAR NO GANCHO; R$ 36,00 
BERMUDA;BERMUDA FOLGAR O ELASTICO; R$ 25,20 
BERMUDA;BERMUDA MUDAR BOTAO LUGAR; R$ 3,60 
BERMUDA;BERMUDA NESGA BOLSO SAFARI; R$ 54,00 
BERMUDA;BERMUDA PENCE; R$ 18,00 
BERMUDA;BERMUDA PREGAR BOTÃO; R$ 3,60 
BERMUDA;BERMUDA PREGAR BOTAO METAL; R$ 6,00 
BERMUDA;BERMUDA PREGAR DETALH  BARRA; R$ 21,60 
BERMUDA;BERMUDA PREGAR JOELHEIRAS; R$ 21,60 
BERMUDA;BERMUDA PREGAR TAGS CADA; R$ 12,00 
BERMUDA;BERMUDA REFAZER A BARRA; R$ 21,60 
BERMUDA;BERMUDA REFORÇO COSTURA CADA; R$ 12,00 
BERMUDA;BERMUDA REFORÇO LAT BOLSO; R$ 12,00 
BERMUDA;BERMUDA SO PREGAR BOTAO; R$ 2,40 
BERMUDA;BERMUDA TIRAR ELASTICO E ACA; R$ 14,40 
BERMUDA;BERMUDA TIRAR O FORRO; R$ 44,40 
BERMUDA;BERMUDA TROC ELASTIC PRESPON; R$ 30,00 
BERMUDA;BERMUDA TROC ZIP LAT NA BARR; R$ 36,00 
BERMUDA;BERMUDA TROC ZIPER INVIS GDE; R$ 27,60 
BERMUDA;BERMUDA TROCAR  ELASTICO; R$ 25,20 
BERMUDA;BERMUDA TROCAR BOTAO; R$ 3,60 
BERMUDA;BERMUDA TROCAR CÓS; R$ 33,60 
BERMUDA;BERMUDA TROCAR CURSOR ZIPER; R$ 15,60 
BERMUDA;BERMUDA TROCAR FORRO BOLSO; R$ 54,00 
BERMUDA;BERMUDA TROCAR FORRO SIMPLES; R$ 68,40 
BERMUDA;BERMUDA TROCAR PUNHO MALHA; R$ 30,00 
BERMUDA;BERMUDA TROCAR ZIPER; R$ 25,20 
BERMUDA;BERMUDA VIRAR SAIA; R$ 56,40 
BERMUDA;BERMUDA ZIPERES NOS BOLSOS; R$ 36,00 
BIQUINI;BIQUINI / MAIÔ; R$ -   
BIQUINI;BIQUINI / MAIÔ AJUSTE LATERAL; R$ 54,00 
BIQUINI;BIQUINI / MAIÔ AUMENTAR ALÇA; R$ 25,20 
BIQUINI;BIQUINI / MAIÔ COLOC FEICHO DE; R$ 27,60 
BIQUINI;BIQUINI / MAIÔ COLOCAR ALÇA; R$ 30,00 
BIQUINI;BIQUINI / MAIÔ COLOCAR ALÇA RE; R$ 32,40 
BIQUINI;BIQUINI / MAIÔ COLOCAR BOJO; R$ 54,00 
BIQUINI;BIQUINI / MAIÔ COLOCAR FORRO B; R$ 54,00 
BIQUINI;BIQUINI / MAIÔ COLOCAR FORRO S; R$ 66,00 
BIQUINI;BIQUINI / MAIÔ COLOCAR NESGA L; R$ 54,00 
BIQUINI;BIQUINI / MAIÔ CONSERTOS DIVER; R$ -   
BIQUINI;BIQUINI / MAIÔ DIMINUIR ALCINH; R$ 25,20 
BIQUINI;BIQUINI / MAIÔ DIMINUIR BOJO; R$ 42,00 
BIQUINI;BIQUINI / MAIÔ DIMINUIR TAM BU; R$ 54,00 
BIQUINI;BIQUINI / MAIÔ DIMINUIR TAM CA; R$ 45,60 
BIQUINI;BIQUINI / MAIÔ DIMINUIR TAMANH; R$ 66,00 
BIQUINI;BIQUINI / MAIÔ FOLGAR CINTURA; R$ 45,60 
BIQUINI;BIQUINI / MAIÔ REFORÇO COSTURA; R$ 12,00 
BIQUINI;BIQUINI / MAIÔ SUBIR ALCINHA R; R$ 25,20 
BIQUINI;BIQUINI / MAIÔ SUBIR CAVA; R$ 52,80 
BIQUINI;BIQUINI / MAIÔ SUBIR CORPO C/F; R$ 68,40 
BIQUINI;BIQUINI / MAIÔ SUBIR CORPO S/F; R$ 56,40 
BIQUINI;BIQUINI / MAIÔ SUBIR CORPO SIM; R$ 50,40 
BIQUINI;BIQUINI / MAIÔ TIRAR BOJO E AC; R$ 42,00 
BIQUINI;BIQUINI / MAIÔ TROCAR  ELASTIC; R$ 56,40 
BIQUINI;BIQUINI / MAIÔ TROCAR ELASTIC; R$ 38,40 
BIQUINI;BIQUINI / MAIÔ TROCAR FORRO SI; R$ 66,00 
BIQUINI;BIQUINI / MAIÔ TROCAR ZIPER; R$ 30,00 
BIQUINI;BIQUINI / MAIÔ TROCAR ZIPER LO; R$ 42,00 
BLAZER;BLAZER; R$ -   
BLAZER;BLAZER AJUSTE DE CAVA; R$ 54,00 
BLAZER;BLAZER AJUSTE DE COSTA; R$ 84,00 
BLAZER;BLAZER AJUSTE GERAL; R$ 390,00 
BLAZER;BLAZER AJUSTE LAT C FORRO; R$ 96,00 
BLAZER;BLAZER AJUSTE LATERAL; R$ 80,40 
BLAZER;BLAZER AJUSTE MANGA C FORRO; R$ 78,00 
BLAZER;BLAZER AJUSTE MANGA S FORRO; R$ 68,40 
BLAZER;BLAZER APROFUNDAR AS PENCES; R$ 54,00 
BLAZER;BLAZER BARRA NO COMPRIMENTO; R$ 54,00 
BLAZER;BLAZER CASEAR C BOTAO CADA; R$ 9,60 
BLAZER;BLAZER CASEAR S BOTAO; R$ 7,20 
BLAZER;BLAZER CERZIR; R$ 32,40 
BLAZER;BLAZER CERZIR RASGO C/TECID; R$ 44,40 
BLAZER;BLAZER COLOC COCH DE GANCH; R$ 10,80 
BLAZER;BLAZER COLOC COCH DE PRESSA; R$ 12,00 
BLAZER;BLAZER COLOC ILHOES CADA; R$ 4,80 
BLAZER;BLAZER COLOCAR COTOVELEIRA; R$ 48,00 
BLAZER;BLAZER COLOCAR GOLA; R$ 66,00 
BLAZER;BLAZER COLOCAR LAPELA BOLSO; R$ 33,60 
BLAZER;BLAZER COLOCAR NESGA; R$ 102,00 
BLAZER;BLAZER COLOCAR NESGA LATERA; R$ 102,00 
BLAZER;BLAZER COLOCAR OMBREIRA; R$ 48,00 
BLAZER;BLAZER COLOCAR ZIPER ACABAM; R$ 54,00 
BLAZER;BLAZER CONSERTOS DIVERSOS*; R$ -   
BLAZER;BLAZER DE COURO; R$ -   
BLAZER;BLAZER DE COURO AJUSTE DE MANG; R$ 108,00 
BLAZER;BLAZER DE COURO AJUSTE DE OMBR; R$ 108,00 
BLAZER;BLAZER DE COURO AJUSTE LATERAL; R$ 144,00 
BLAZER;BLAZER DE COURO AJUSTE MANGA C; R$ 108,00 
BLAZER;BLAZER DE COURO AJUSTE MANGA S; R$ 84,00 
BLAZER;BLAZER DE COURO BARRA; R$ 50,40 
BLAZER;BLAZER DE COURO CASEAR C BOTAO; R$ 12,00 
BLAZER;BLAZER DE COURO CASEAR S BOTAO; R$ 9,60 
BLAZER;BLAZER DE COURO COLOC COCH DE; R$ 10,80 
BLAZER;BLAZER DE COURO COLOC COCH DE; R$ 12,00 
BLAZER;BLAZER DE COURO COLOC ILHOES C; R$ 4,80 
BLAZER;BLAZER DE COURO COLOCAR GOLA; R$ -   
BLAZER;BLAZER DE COURO COLOCAR NESGA; R$ -   
BLAZER;BLAZER DE COURO COLOCAR NESGA; R$ -   
BLAZER;BLAZER DE COURO COLOCAR OMBREI; R$ 42,00 
BLAZER;BLAZER DE COURO COLOCAR ZIPER; R$ 108,00 
BLAZER;BLAZER DE COURO CONSERTOS DIVE; R$ -   
BLAZER;BLAZER DE COURO DESCER MANGA C; R$ 60,00 
BLAZER;BLAZER DE COURO DESCER MANGA C; R$ 54,00 
BLAZER;BLAZER DE COURO DESCER MANGA S; R$ 54,00 
BLAZER;BLAZER DE COURO DIMINUIR COMPR; R$ 52,80 
BLAZER;BLAZER DE COURO DIMINUIR OMBRE; R$ 60,00 
BLAZER;BLAZER DE COURO ENCURTAR MANGA; R$ 54,00 
BLAZER;BLAZER DE COURO FECHAR BOLSO/T; R$ 25,20 
BLAZER;BLAZER DE COURO FECHAR FENDA; R$ 24,00 
BLAZER;BLAZER DE COURO FOLGAR NA LATE; R$ 134,40 
BLAZER;BLAZER DE COURO MUDAR BOTAO LU; R$ 9,60 
BLAZER;BLAZER DE COURO PREGAR BOLSO; R$ 42,00 
BLAZER;BLAZER DE COURO REFORÇO COSTUR; R$ 25,20 
BLAZER;BLAZER DE COURO SO PREGAR BOTA; R$ 3,60 
BLAZER;BLAZER DE COURO SUBIR FORRO NA; R$ 40,80 
BLAZER;BLAZER DE COURO SUBIR FORRO NO; R$ 52,80 
BLAZER;BLAZER DE COURO SUBIR PUNHO; R$ 44,40 
BLAZER;BLAZER DE COURO SUBIR PUNHO C; R$ 56,40 
BLAZER;BLAZER DE COURO TIRA GOLA E AC; R$ 54,00 
BLAZER;BLAZER DE COURO TIRAR FRANZIDO; R$ 86,40 
BLAZER;BLAZER DE COURO TIRAR O FORRO; R$ 44,40 
BLAZER;BLAZER DE COURO TIRAR OMBREIRA; R$ 38,40 
BLAZER;BLAZER DE COURO TIRAR OMBREIRA; R$ 104,40 
BLAZER;BLAZER DE COURO TROCAR BOTAO; R$ 33,60 
BLAZER;BLAZER DE COURO TROCAR BOTAO F; R$ 33,60 
BLAZER;BLAZER DE COURO TROCAR CURSOR; R$ 25,20 
BLAZER;BLAZER DE COURO TROCAR FORRO B; R$ 57,60 
BLAZER;BLAZER DE COURO TROCAR FORRO M; R$ 150,00 
BLAZER;BLAZER DE COURO TROCAR FORRO S; R$ 216,00 
BLAZER;BLAZER DE COURO TROCAR GOLA; R$ 78,00 
BLAZER;BLAZER DE COURO TROCAR OMBREIR; R$ 54,00 
BLAZER;BLAZER DE COURO TROCAR PUNHO; R$ 96,00 
BLAZER;BLAZER DE COURO TROCAR ZIPER; R$ 74,40 
BLAZER;BLAZER DE COURO TROCAR ZIPER M; R$ 84,00 
BLAZER;BLAZER DE COURO ZIPERES NOS BO; R$ 84,00 
BLAZER;BLAZER DESCER BARRA C/FORRO; R$ 54,00 
BLAZER;BLAZER DESCER BARRA S/FORRO; R$ 36,00 
BLAZER;BLAZER DESCER MANGA C ZIPER; R$ 57,60 
BLAZER;BLAZER DESCER MANGA C/FORRO; R$ 48,00 
BLAZER;BLAZER DESCER MANGA S/FORRO; R$ 42,00 
BLAZER;BLAZER DIMINUIR MANGA C FOR; R$ 48,00 
BLAZER;BLAZER DIMINUIR MANGA S/FOR; R$ 42,00 
BLAZER;BLAZER DIMINUIR OMBREIRA; R$ 54,00 
BLAZER;BLAZER FECHAR BOLSO/TIRAR; R$ 25,20 
BLAZER;BLAZER FECHAR FENDA; R$ 27,60 
BLAZER;BLAZER FOLGAR BLAZER C/FORR; R$ 98,40 
BLAZER;BLAZER FOLGAR BLAZER S/FORR; R$ 86,40 
BLAZER;BLAZER FOLGAR NA CAVA; R$ 60,00 
BLAZER;BLAZER FOLGAR NA LATERAL; R$ -   
BLAZER;BLAZER FOLGAR NA MANGA; R$ 60,00 
BLAZER;BLAZER MUDAR BOTAO LUGAR; R$ 10,80 
BLAZER;BLAZER PREGAR BOLSO; R$ 42,00 
BLAZER;BLAZER PREGAR BOTÃO; R$ 22,80 
BLAZER;BLAZER PREGAR BOTAO METAL; R$ 9,60 
BLAZER;BLAZER PREGAR TAGS CADA; R$ 12,00 
BLAZER;BLAZER REFORÇO COSTURA CADA; R$ 25,20 
BLAZER;BLAZER REFORÇO LAT BOLSO; R$ 24,00 
BLAZER;BLAZER SO PREGAR BOTAO; R$ 6,00 
BLAZER;BLAZER SUBIR FORRO NA MANGA; R$ 32,40 
BLAZER;BLAZER SUBIR FORRO NO CORPO; R$ 38,40 
BLAZER;BLAZER SUBIR MANGA P/ OMBRO; R$ 108,00 
BLAZER;BLAZER SUBIR OMBRO; R$ 126,00 
BLAZER;BLAZER SUBIR OMBRO C/APLIQU; R$ 132,00 
BLAZER;BLAZER SUBIR PUNHO; R$ 48,00 
BLAZER;BLAZER SUBIR PUNHO C ZIPER; R$ 52,80 
BLAZER;BLAZER SUBIR PUNHO C/ CASA; R$ 52,80 
BLAZER;BLAZER SUBIR PUNHO S/ CASA; R$ 48,00 
BLAZER;BLAZER TIRA GOLA E ACABAMEN; R$ 48,00 
BLAZER;BLAZER TIRAR FRANZIDO MANGA; R$ 62,40 
BLAZER;BLAZER TIRAR O FORRO; R$ 44,40 
BLAZER;BLAZER TIRAR OMBREIRA; R$ 36,00 
BLAZER;BLAZER TIRAR OMBREIRA E ACA; R$ 86,40 
BLAZER;BLAZER TROC ZIPER INVIS GDE; R$ 32,40 
BLAZER;BLAZER TROCAR BOTAO; R$ 33,60 
BLAZER;BLAZER TROCAR BOTAO FORRADO; R$ 38,40 
BLAZER;BLAZER TROCAR CURSOR ZIPER; R$ 18,00 
BLAZER;BLAZER TROCAR FORRO BOLSO; R$ 54,00 
BLAZER;BLAZER TROCAR FORRO MANGAS; R$ 138,00 
BLAZER;BLAZER TROCAR FORRO SIMPLES; R$ 228,00 
BLAZER;BLAZER TROCAR GOLA; R$ 54,00 
BLAZER;BLAZER TROCAR OMBREIRA; R$ 54,00 
BLAZER;BLAZER TROCAR VIES; R$ 134,40 
BLAZER;BLAZER TROCAR ZIPER; R$ 32,40 
BLAZER;BLAZER TROCAR ZIPER MANGAS; R$ 54,00 
BLAZER;BLAZER VIES ZIPER/LAPELA; R$ 78,00 
BLAZER;BLAZER ZIPERES NOS BOLSOS; R$ 51,60 
BLUSA;BLUSA; R$ -   
BLUSA;BLUSA ABRIR FENDA; R$ 21,60 
BLUSA;BLUSA AJ LAT BOLSO INTERNO; R$ 48,00 
BLUSA;BLUSA AJUS COSTA FORR ZIPE; R$ 48,00 
BLUSA;BLUSA AJUST LAT C FORRO ZI; R$ 48,00 
BLUSA;BLUSA AJUSTE COSTA C/ZIPER; R$ 44,40 
BLUSA;BLUSA AJUSTE DE CAVA; R$ 30,00 
BLUSA;BLUSA AJUSTE DE COSTA; R$ 36,00 
BLUSA;BLUSA AJUSTE DE MANGA; R$ 32,40 
BLUSA;BLUSA AJUSTE GERAL; R$ 56,40 
BLUSA;BLUSA AJUSTE LAT C FORRO; R$ 44,40 
BLUSA;BLUSA AJUSTE LATERA  ZIPER; R$ 44,40 
BLUSA;BLUSA AJUSTE LATERAL; R$ 36,00 
BLUSA;BLUSA ALÇA (PRENDER SUTIÃ); R$ 16,80 
BLUSA;BLUSA BAIXAR A CAVA; R$ 27,60 
BLUSA;BLUSA BARRA; R$ 25,20 
BLUSA;BLUSA BARRA C ZIPER LATERA; R$ 32,40 
BLUSA;BLUSA BARRA COM FENDA; R$ 27,60 
BLUSA;BLUSA BARRA FORRO OU ZIPER; R$ 44,40 
BLUSA;BLUSA BARRA LENÇO; R$ 25,20 
BLUSA;BLUSA CARDIGAN; R$ -   
BLUSA;BLUSA CARDIGAN ABAIXAR COS; R$ -   
BLUSA;BLUSA CARDIGAN ABRIR FENDA; R$ 21,60 
BLUSA;BLUSA CARDIGAN AJ LAT BOLSO IN; R$ 48,00 
BLUSA;BLUSA CARDIGAN AJUS COSTA FORR; R$ 48,00 
BLUSA;BLUSA CARDIGAN AJUST LAT C FOR; R$ 48,00 
BLUSA;BLUSA CARDIGAN AJUSTE COSTA C/; R$ 44,40 
BLUSA;BLUSA CARDIGAN AJUSTE DE CAVA; R$ 36,00 
BLUSA;BLUSA CARDIGAN AJUSTE DE CINTU; R$ 30,00 
BLUSA;BLUSA CARDIGAN AJUSTE DE COSTA; R$ 36,00 
BLUSA;BLUSA CARDIGAN AJUSTE GERAL; R$ 64,80 
BLUSA;BLUSA CARDIGAN AJUSTE LATERA; R$ 40,80 
BLUSA;BLUSA CARDIGAN AJUSTE LATERAL; R$ 36,00 
BLUSA;BLUSA CARDIGAN AJUSTE MANGA C; R$ 36,00 
BLUSA;BLUSA CARDIGAN AJUSTE MANGA S; R$ 32,40 
BLUSA;BLUSA CARDIGAN ALÇA (PRENDER S; R$ 16,80 
BLUSA;BLUSA CARDIGAN ALÇAS (SIMPLES/; R$ 21,60 
BLUSA;BLUSA CARDIGAN APROFUNDAR AS P; R$ 18,00 
BLUSA;BLUSA CARDIGAN BAIXAR A CAVA; R$ 36,00 
BLUSA;BLUSA CARDIGAN BARRA; R$ 26,40 
BLUSA;BLUSA CARDIGAN BARRA COM FENDA; R$ 27,60 
BLUSA;BLUSA CARDIGAN BARRA FORRO OU; R$ 44,40 
BLUSA;BLUSA CARDIGAN BARRA LENÇO; R$ 28,80 
BLUSA;BLUSA CARDIGAN CASEAR C BOTAO; R$ 8,40 
BLUSA;BLUSA CARDIGAN CASEAR S BOTAO; R$ 7,20 
BLUSA;BLUSA CARDIGAN CERZIR; R$ 24,00 
BLUSA;BLUSA CARDIGAN CERZIR MALHA A; R$ 19,20 
BLUSA;BLUSA CARDIGAN COLC PRESSAO GD; R$ 14,40 
BLUSA;BLUSA CARDIGAN COLOC COCH DE G; R$ 6,00 
BLUSA;BLUSA CARDIGAN COLOC COCH DE P; R$ 6,00 
BLUSA;BLUSA CARDIGAN COLOC ILHOES CA; R$ 4,80 
BLUSA;BLUSA CARDIGAN COLOCAR ALÇA; R$ 24,00 
BLUSA;BLUSA CARDIGAN COLOCAR ALÇA RE; R$ 30,00 
BLUSA;BLUSA CARDIGAN COLOCAR BOLSINH; R$ 30,00 
BLUSA;BLUSA CARDIGAN COLOCAR BOLSO; R$ 42,00 
BLUSA;BLUSA CARDIGAN COLOCAR COTOVEL; R$ 42,00 
BLUSA;BLUSA CARDIGAN COLOCAR GOLA; R$ 48,00 
BLUSA;BLUSA CARDIGAN COLOCAR GOLA MA; R$ 36,00 
BLUSA;BLUSA CARDIGAN COLOCAR LASTEX; R$ 48,00 
BLUSA;BLUSA CARDIGAN COLOCAR MANGA C; R$ 48,00 
BLUSA;BLUSA CARDIGAN COLOCAR MANGA C; R$ 56,40 
BLUSA;BLUSA CARDIGAN COLOCAR NESGA; R$ 38,40 
BLUSA;BLUSA CARDIGAN COLOCAR NESGA C; R$ 60,00 
BLUSA;BLUSA CARDIGAN COLOCAR NESGA L; R$ 38,40 
BLUSA;BLUSA CARDIGAN COLOCAR OMBREIR; R$ 42,00 
BLUSA;BLUSA CARDIGAN COLOCAR PENCE; R$ 26,40 
BLUSA;BLUSA CARDIGAN COLOCAR PUNHO M; R$ 38,40 
BLUSA;BLUSA CARDIGAN COLOCAR TULE DE; R$ 54,00 
BLUSA;BLUSA CARDIGAN COLOCAR ZIPER A; R$ 54,00 
BLUSA;BLUSA CARDIGAN CONSERTOS DIVER; R$ -   
BLUSA;BLUSA CARDIGAN DESCER DECOTE; R$ -   
BLUSA;BLUSA CARDIGAN DIMINUIR ALCINH; R$ 21,60 
BLUSA;BLUSA CARDIGAN DIMINUIR COMPRI; R$ 24,00 
BLUSA;BLUSA CARDIGAN DIMINUIR FRANZI; R$ 50,40 
BLUSA;BLUSA CARDIGAN DIMINUIR OMBREI; R$ 25,20 
BLUSA;BLUSA CARDIGAN ENCURTAR BARRA; R$ 24,00 
BLUSA;BLUSA CARDIGAN ENCURTAR MANGA; R$ 25,20 
BLUSA;BLUSA CARDIGAN FECHAR BOLSO/TI; R$ 18,00 
BLUSA;BLUSA CARDIGAN FECHAR DECOTE; R$ 24,00 
BLUSA;BLUSA CARDIGAN FECHAR DECOTE C; R$ 32,40 
BLUSA;BLUSA CARDIGAN FECHAR FENDA; R$ 21,60 
BLUSA;BLUSA CARDIGAN FOLGAR C/ FORRO; R$ 56,40 
BLUSA;BLUSA CARDIGAN FOLGAR ELASTICO; R$ 25,20 
BLUSA;BLUSA CARDIGAN FOLGAR NA LATER; R$ -   
BLUSA;BLUSA CARDIGAN FOLGAR NA MANGA; R$ 32,40 
BLUSA;BLUSA CARDIGAN FOLGAR O ELASTI; R$ 32,40 
BLUSA;BLUSA CARDIGAN MUDAR BOTAO LUG; R$ 3,60 
BLUSA;BLUSA CARDIGAN PREGAR BOLSO; R$ 21,60 
BLUSA;BLUSA CARDIGAN PREGAR BOTÃO; R$ 3,60 
BLUSA;BLUSA CARDIGAN PREGAR BOTAO ME; R$ 6,00 
BLUSA;BLUSA CARDIGAN PREGAR TAGS CAD; R$ 12,00 
BLUSA;BLUSA CARDIGAN PRENDER BOJO; R$ 24,00 
BLUSA;BLUSA CARDIGAN REFAZER A BARRA; R$ 26,40 
BLUSA;BLUSA CARDIGAN REFORÇO COSTURA; R$ 12,00 
BLUSA;BLUSA CARDIGAN REFORÇO LAT BOL; R$ 20,40 
BLUSA;BLUSA CARDIGAN SO PREGAR BOTAO; R$ 3,60 
BLUSA;BLUSA CARDIGAN SUBIR ALÇA NADA; R$ 21,60 
BLUSA;BLUSA CARDIGAN SUBIR ALÇA REGA; R$ 21,60 
BLUSA;BLUSA CARDIGAN SUBIR ALCINHA R; R$ 21,60 
BLUSA;BLUSA CARDIGAN SUBIR CAVA; R$ 36,00 
BLUSA;BLUSA CARDIGAN SUBIR OMBRO; R$ 40,80 
BLUSA;BLUSA CARDIGAN SUBIR OMBRO AGA; R$ 56,40 
BLUSA;BLUSA CARDIGAN SUBIR OMBRO C/A; R$ 52,80 
BLUSA;BLUSA CARDIGAN SUBIR PUNHO; R$ 36,00 
BLUSA;BLUSA CARDIGAN SUBIR PUNHO C Z; R$ 40,80 
BLUSA;BLUSA CARDIGAN TIRAR ELASTICO; R$ 20,40 
BLUSA;BLUSA CARDIGAN TIRAR FRANZIDO; R$ 36,00 
BLUSA;BLUSA CARDIGAN TIRAR GOLAS; R$ 36,00 
BLUSA;BLUSA CARDIGAN TIRAR MANGA E A; R$ 44,40 
BLUSA;BLUSA CARDIGAN TIRAR O FORRO; R$ 32,40 
BLUSA;BLUSA CARDIGAN TIRAR OMBREIRA; R$ 20,40 
BLUSA;BLUSA CARDIGAN TROC CÓS, PUNHO; R$ 48,00 
BLUSA;BLUSA CARDIGAN TROC ZIPER INVI; R$ 44,40 
BLUSA;BLUSA CARDIGAN TROCAR  ELASTIC; R$ 25,20 
BLUSA;BLUSA CARDIGAN TROCAR  LASTEX; R$ 32,40 
BLUSA;BLUSA CARDIGAN TROCAR BOTAO; R$ 6,00 
BLUSA;BLUSA CARDIGAN TROCAR BOTAO FO; R$ 10,80 
BLUSA;BLUSA CARDIGAN TROCAR CÓS DE M; R$ 38,40 
BLUSA;BLUSA CARDIGAN TROCAR CURSOR Z; R$ 18,00 
BLUSA;BLUSA CARDIGAN TROCAR OMBREIRA; R$ 30,00 
BLUSA;BLUSA CARDIGAN TROCAR PUNHO MA; R$ 33,60 
BLUSA;BLUSA CARDIGAN TROCAR TULE; R$ 146,40 
BLUSA;BLUSA CARDIGAN TROCAR TULE DEC; R$ 56,40 
BLUSA;BLUSA CARDIGAN TROCAR TULE MAN; R$ 80,40 
BLUSA;BLUSA CARDIGAN TROCAR VIES; R$ -   
BLUSA;BLUSA CARDIGAN TROCAR ZIPER; R$ 27,60 
BLUSA;BLUSA CARDIGAN TROCAR ZIPER MA; R$ 54,00 
BLUSA;BLUSA CARDIGAN ZIPERES NOS BOL; R$ 51,60 
BLUSA;BLUSA CASEAR C BOTAO CADA; R$ 9,60 
BLUSA;BLUSA CASEAR S BOTAO; R$ 7,20 
BLUSA;BLUSA CERZIR; R$ 24,00 
BLUSA;BLUSA CERZIR MALHA A MAO; R$ 19,20 
BLUSA;BLUSA COLC PRESSAO GDE CAD; R$ 14,40 
BLUSA;BLUSA COLOC COCH DE GANCH; R$ 10,80 
BLUSA;BLUSA COLOC COCH DE PRESSA; R$ 12,00 
BLUSA;BLUSA COLOC COS C ELASTICO; R$ 62,40 
BLUSA;BLUSA COLOC COS C PASSANTE; R$ 69,60 
BLUSA;BLUSA COLOC ILHOES CADA; R$ 4,80 
BLUSA;BLUSA COLOCAR ALÇA; R$ 24,00 
BLUSA;BLUSA COLOCAR ALÇA REGULAV; R$ 32,40 
BLUSA;BLUSA COLOCAR BOJO; R$ 48,00 
BLUSA;BLUSA COLOCAR BOLSINHO INT; R$ 30,00 
BLUSA;BLUSA COLOCAR BOLSO; R$ 42,00 
BLUSA;BLUSA COLOCAR COS; R$ 57,60 
BLUSA;BLUSA COLOCAR COTOVELEIRA; R$ 42,00 
BLUSA;BLUSA COLOCAR DETALHE TECI; R$ 22,80 
BLUSA;BLUSA COLOCAR ELASTICO; R$ 26,40 
BLUSA;BLUSA COLOCAR GOLA; R$ 48,00 
BLUSA;BLUSA COLOCAR GOLA MAO OBR; R$ 36,00 
BLUSA;BLUSA COLOCAR LASTEX; R$ 48,00 
BLUSA;BLUSA COLOCAR MANGA COMPRI; R$ 56,40 
BLUSA;BLUSA COLOCAR MANGA CURTA; R$ 48,00 
BLUSA;BLUSA COLOCAR NESGA; R$ 38,40 
BLUSA;BLUSA COLOCAR NESGA C TULE; R$ 60,00 
BLUSA;BLUSA COLOCAR OMBREIRA; R$ 42,00 
BLUSA;BLUSA COLOCAR PUNHO MALHA; R$ 38,40 
BLUSA;BLUSA COLOCAR TULE DECOTE; R$ 54,00 
BLUSA;BLUSA COLOCAR ZIPER ACABAM; R$ 54,00 
BLUSA;BLUSA CONSERTOS DIVERSOS*; R$ -   
BLUSA;BLUSA DESCER DECOTE; R$ -   
BLUSA;BLUSA DESCER DECOTE MALHA; R$ 24,00 
BLUSA;BLUSA DIMINUIR ALCINHA; R$ 27,60 
BLUSA;BLUSA DIMINUIR COMPRIMENTO; R$ 25,20 
BLUSA;BLUSA DIMINUIR ELASTICO PR; R$ 60,00 
BLUSA;BLUSA DIMINUIR ELASTICO S; R$ 25,20 
BLUSA;BLUSA DIMINUIR OMBREIRA; R$ 26,40 
BLUSA;BLUSA ELASTICO NAS MANGAS; R$ 30,00 
BLUSA;BLUSA ELIMINAR BICO; R$ 30,00 
BLUSA;BLUSA ELIMINAR BICO C FORR; R$ 36,00 
BLUSA;BLUSA ENCURTAR BARRA; R$ 26,40 
BLUSA;BLUSA ENCURTAR MANGA; R$ 25,20 
BLUSA;BLUSA FECHAR DECOTE; R$ 24,00 
BLUSA;BLUSA FECHAR DECOTE C/TECI; R$ 32,40 
BLUSA;BLUSA FECHAR FENDA; R$ 28,80 
BLUSA;BLUSA FOLGAR C/ FORRO ZIPE; R$ 56,40 
BLUSA;BLUSA FOLGAR ELASTICO SIMP; R$ 25,20 
BLUSA;BLUSA FOLGAR NA LATERAL; R$ -   
BLUSA;BLUSA FOLGAR NA MANGA; R$ 32,40 
BLUSA;BLUSA FOLGAR O ELASTICO; R$ 32,40 
BLUSA;BLUSA MUDAR BOTAO LUGAR; R$ 3,60 
BLUSA;BLUSA PREGAR BOLSO; R$ 42,00 
BLUSA;BLUSA PREGAR BOTÃO; R$ 3,60 
BLUSA;BLUSA PREGAR BOTAO METAL; R$ 6,00 
BLUSA;BLUSA PREGAR DETALH  BARRA; R$ 33,60 
BLUSA;BLUSA PREGAR TAGS CADA; R$ 12,00 
BLUSA;BLUSA PRENDER BOJO; R$ 24,00 
BLUSA;BLUSA REFAZER A BARRA; R$ 25,20 
BLUSA;BLUSA REFORÇO COSTURA CADA; R$ 12,00 
BLUSA;BLUSA REFORÇO LAT BOLSO; R$ 18,00 
BLUSA;BLUSA SO PREGAR BOTAO; R$ 3,60 
BLUSA;BLUSA SUBIR ALÇA NADADOR; R$ 21,60 
BLUSA;BLUSA SUBIR ALÇA REGATA; R$ 21,60 
BLUSA;BLUSA SUBIR ALCINHA ROLE; R$ 21,60 
BLUSA;BLUSA SUBIR CAVA; R$ 36,00 
BLUSA;BLUSA SUBIR OMBRO; R$ 36,00 
BLUSA;BLUSA SUBIR OMBRO AGASALHO; R$ 56,40 
BLUSA;BLUSA SUBIR OMBRO C/APLIQU; R$ 52,80 
BLUSA;BLUSA SUBIR PUNHO; R$ 36,00 
BLUSA;BLUSA SUBIR PUNHO C ZIPER; R$ 40,80 
BLUSA;BLUSA TIRA GOLA E ACABAMEN; R$ 30,00 
BLUSA;BLUSA TIRAR BOJO E ACABAME; R$ 36,00 
BLUSA;BLUSA TIRAR ELASTICO E ACA; R$ 21,60 
BLUSA;BLUSA TIRAR FRANZIDO MANGA; R$ 36,00 
BLUSA;BLUSA TIRAR MANGA E ACABAM; R$ 33,60 
BLUSA;BLUSA TIRAR O FORRO; R$ 30,00 
BLUSA;BLUSA TIRAR OMBREIRA; R$ 20,40 
BLUSA;BLUSA TIRAR OMBREIRA E ACA; R$ 36,00 
BLUSA;BLUSA TROC CÓS, PUNHO MALH; R$ 48,00 
BLUSA;BLUSA TROC ELASTIC PRESPON; R$ 57,60 
BLUSA;BLUSA TROC ZIPER INVIS GDE; R$ 44,40 
BLUSA;BLUSA TROCAR  ELASTICO; R$ 25,20 
BLUSA;BLUSA TROCAR  LASTEX; R$ 44,40 
BLUSA;BLUSA TROCAR BOTAO; R$ 6,00 
BLUSA;BLUSA TROCAR BOTAO FORRADO; R$ 10,80 
BLUSA;BLUSA TROCAR CÓS DE MALHA; R$ 38,40 
BLUSA;BLUSA TROCAR CURSOR ZIPER; R$ 18,00 
BLUSA;BLUSA TROCAR GOLA; R$ 36,00 
BLUSA;BLUSA TROCAR OMBREIRA; R$ 26,40 
BLUSA;BLUSA TROCAR PUNHO MALHA; R$ 33,60 
BLUSA;BLUSA TROCAR TULE; R$ 146,40 
BLUSA;BLUSA TROCAR TULE DA MANGA; R$ 68,40 
BLUSA;BLUSA TROCAR TULE DECOTE; R$ 56,40 
BLUSA;BLUSA TROCAR TULE MANGAS; R$ 80,40 
BLUSA;BLUSA TROCAR VIES; R$ -   
BLUSA;BLUSA TROCAR ZIPER; R$ 44,40 
BLUSA;BLUSA TROCAR ZIPER LONGO; R$ 42,00 
BLUSA;BLUSA TROCAR ZIPER MANGAS; R$ 54,00 
BLUSA;BLUSA ZIPERES NOS BOLSOS; R$ 51,60 
BLUSINHA;BLUSINHA MANGA COMPRIDA; R$ -   
BLUSINHA;BLUSINHA MANGA COMPRIDA ABRIR; R$ 21,60 
BLUSINHA;BLUSINHA MANGA COMPRIDA ABRIR; R$ 27,60 
BLUSINHA;BLUSINHA MANGA COMPRIDA ABRIR; R$ 27,60 
BLUSINHA;BLUSINHA MANGA COMPRIDA AJ LAT; R$ 48,00 
BLUSINHA;BLUSINHA MANGA COMPRIDA AJUS C; R$ 48,00 
BLUSINHA;BLUSINHA MANGA COMPRIDA AJUST; R$ 48,00 
BLUSINHA;BLUSINHA MANGA COMPRIDA AJUSTE; R$ 30,00 
BLUSINHA;BLUSINHA MANGA COMPRIDA AJUSTE; R$ 36,00 
BLUSINHA;BLUSINHA MANGA COMPRIDA AJUSTE; R$ 64,80 
BLUSINHA;BLUSINHA MANGA COMPRIDA AJUSTE; R$ 36,00 
BLUSINHA;BLUSINHA MANGA COMPRIDA AJUSTE; R$ 32,40 
BLUSINHA;BLUSINHA MANGA COMPRIDA AJUSTE; R$ 36,00 
BLUSINHA;BLUSINHA MANGA COMPRIDA AJUSTE; R$ 27,60 
BLUSINHA;BLUSINHA MANGA COMPRIDA AJUSTE; R$ 40,80 
BLUSINHA;BLUSINHA MANGA COMPRIDA AJUSTE; R$ 44,40 
BLUSINHA;BLUSINHA MANGA COMPRIDA AJUSTE; R$ 36,00 
BLUSINHA;BLUSINHA MANGA COMPRIDA ALÇA (; R$ 16,80 
BLUSINHA;BLUSINHA MANGA COMPRIDA ALÇAS; R$ 24,00 
BLUSINHA;BLUSINHA MANGA COMPRIDA APROFU; R$ 18,00 
BLUSINHA;BLUSINHA MANGA COMPRIDA BAIXAR; R$ 27,60 
BLUSINHA;BLUSINHA MANGA COMPRIDA BARRA; R$ 25,20 
BLUSINHA;BLUSINHA MANGA COMPRIDA BARRA; R$ 27,60 
BLUSINHA;BLUSINHA MANGA COMPRIDA BARRA; R$ 44,40 
BLUSINHA;BLUSINHA MANGA COMPRIDA BARRA; R$ 28,80 
BLUSINHA;BLUSINHA MANGA COMPRIDA CASEAR; R$ 7,20 
BLUSINHA;BLUSINHA MANGA COMPRIDA CASEAR; R$ 9,60 
BLUSINHA;BLUSINHA MANGA COMPRIDA CERZIR; R$ 24,00 
BLUSINHA;BLUSINHA MANGA COMPRIDA CERZIR; R$ 19,20 
BLUSINHA;BLUSINHA MANGA COMPRIDA COLOC; R$ 10,80 
BLUSINHA;BLUSINHA MANGA COMPRIDA COLOC; R$ 12,00 
BLUSINHA;BLUSINHA MANGA COMPRIDA COLOC; R$ 4,80 
BLUSINHA;BLUSINHA MANGA COMPRIDA COLOC; R$ 62,40 
BLUSINHA;BLUSINHA MANGA COMPRIDA COLOC; R$ 69,60 
BLUSINHA;BLUSINHA MANGA COMPRIDA COLOCA; R$ 57,60 
BLUSINHA;BLUSINHA MANGA COMPRIDA COLOCA; R$ 48,00 
BLUSINHA;BLUSINHA MANGA COMPRIDA COLOCA; R$ 24,00 
BLUSINHA;BLUSINHA MANGA COMPRIDA COLOCA; R$ 38,40 
BLUSINHA;BLUSINHA MANGA COMPRIDA COLOCA; R$ 48,00 
BLUSINHA;BLUSINHA MANGA COMPRIDA COLOCA; R$ 54,00 
BLUSINHA;BLUSINHA MANGA COMPRIDA COLOCA; R$ 42,00 
BLUSINHA;BLUSINHA MANGA COMPRIDA COLOCA; R$ 32,40 
BLUSINHA;BLUSINHA MANGA COMPRIDA COLOCA; R$ 48,00 
BLUSINHA;BLUSINHA MANGA COMPRIDA COLOCA; R$ 56,40 
BLUSINHA;BLUSINHA MANGA COMPRIDA COLOCA; R$ 38,40 
BLUSINHA;BLUSINHA MANGA COMPRIDA COLOCA; R$ 42,00 
BLUSINHA;BLUSINHA MANGA COMPRIDA COLOCA; R$ 54,00 
BLUSINHA;BLUSINHA MANGA COMPRIDA COLOCA; R$ 60,00 
BLUSINHA;BLUSINHA MANGA COMPRIDA CONSER; R$ -   
BLUSINHA;BLUSINHA MANGA COMPRIDA DESCER; R$ -   
BLUSINHA;BLUSINHA MANGA COMPRIDA DESCER; R$ 24,00 
BLUSINHA;BLUSINHA MANGA COMPRIDA DIMINU; R$ 25,20 
BLUSINHA;BLUSINHA MANGA COMPRIDA DIMINU; R$ 27,60 
BLUSINHA;BLUSINHA MANGA COMPRIDA DIMINU; R$ 50,40 
BLUSINHA;BLUSINHA MANGA COMPRIDA DIMINU; R$ 25,20 
BLUSINHA;BLUSINHA MANGA COMPRIDA DIMINU; R$ 30,00 
BLUSINHA;BLUSINHA MANGA COMPRIDA DIMINU; R$ 30,00 
BLUSINHA;BLUSINHA MANGA COMPRIDA ELASTI; R$ 25,20 
BLUSINHA;BLUSINHA MANGA COMPRIDA ELASTI; R$ 25,20 
BLUSINHA;BLUSINHA MANGA COMPRIDA ELIMIN; R$ 30,00 
BLUSINHA;BLUSINHA MANGA COMPRIDA ELIMIN; R$ 36,00 
BLUSINHA;BLUSINHA MANGA COMPRIDA ENCURT; R$ 25,20 
BLUSINHA;BLUSINHA MANGA COMPRIDA ENCURT; R$ 25,20 
BLUSINHA;BLUSINHA MANGA COMPRIDA FECHAR; R$ 28,80 
BLUSINHA;BLUSINHA MANGA COMPRIDA FECHAR; R$ 20,40 
BLUSINHA;BLUSINHA MANGA COMPRIDA FECHAR; R$ 32,40 
BLUSINHA;BLUSINHA MANGA COMPRIDA FOLGAR; R$ -   
BLUSINHA;BLUSINHA MANGA COMPRIDA FOLGAR; R$ 32,40 
BLUSINHA;BLUSINHA MANGA COMPRIDA FOLGAR; R$ 25,20 
BLUSINHA;BLUSINHA MANGA COMPRIDA FOLGAR; R$ 56,40 
BLUSINHA;BLUSINHA MANGA COMPRIDA FOLGAR; R$ 32,40 
BLUSINHA;BLUSINHA MANGA COMPRIDA MUDAR; R$ 3,60 
BLUSINHA;BLUSINHA MANGA COMPRIDA PENCE; R$ 21,60 
BLUSINHA;BLUSINHA MANGA COMPRIDA PREGAR; R$ 21,60 
BLUSINHA;BLUSINHA MANGA COMPRIDA PREGAR; R$ 12,00 
BLUSINHA;BLUSINHA MANGA COMPRIDA PREGAR; R$ 3,60 
BLUSINHA;BLUSINHA MANGA COMPRIDA PREGAR; R$ 6,00 
BLUSINHA;BLUSINHA MANGA COMPRIDA PREGAR; R$ 33,60 
BLUSINHA;BLUSINHA MANGA COMPRIDA PRENDE; R$ 24,00 
BLUSINHA;BLUSINHA MANGA COMPRIDA REFAZE; R$ 25,20 
BLUSINHA;BLUSINHA MANGA COMPRIDA REFORÇ; R$ 12,00 
BLUSINHA;BLUSINHA MANGA COMPRIDA REFORÇ; R$ 20,40 
BLUSINHA;BLUSINHA MANGA COMPRIDA REMODE; R$ -   
BLUSINHA;BLUSINHA MANGA COMPRIDA SO PRE; R$ 3,60 
BLUSINHA;BLUSINHA MANGA COMPRIDA SUBIR; R$ 36,00 
BLUSINHA;BLUSINHA MANGA COMPRIDA SUBIR; R$ 40,80 
BLUSINHA;BLUSINHA MANGA COMPRIDA SUBIR; R$ 21,60 
BLUSINHA;BLUSINHA MANGA COMPRIDA SUBIR; R$ 21,60 
BLUSINHA;BLUSINHA MANGA COMPRIDA SUBIR; R$ 21,60 
BLUSINHA;BLUSINHA MANGA COMPRIDA SUBIR; R$ 36,00 
BLUSINHA;BLUSINHA MANGA COMPRIDA SUBIR; R$ 40,80 
BLUSINHA;BLUSINHA MANGA COMPRIDA SUBIR; R$ 56,40 
BLUSINHA;BLUSINHA MANGA COMPRIDA SUBIR; R$ 52,80 
BLUSINHA;BLUSINHA MANGA COMPRIDA SUBIR; R$ 38,40 
BLUSINHA;BLUSINHA MANGA COMPRIDA TIRA G; R$ 36,00 
BLUSINHA;BLUSINHA MANGA COMPRIDA TIRAR; R$ 44,40 
BLUSINHA;BLUSINHA MANGA COMPRIDA TIRAR; R$ 21,60 
BLUSINHA;BLUSINHA MANGA COMPRIDA TIRAR; R$ 36,00 
BLUSINHA;BLUSINHA MANGA COMPRIDA TROC C; R$ 48,00 
BLUSINHA;BLUSINHA MANGA COMPRIDA TROC E; R$ 30,00 
BLUSINHA;BLUSINHA MANGA COMPRIDA TROC Z; R$ 27,60 
BLUSINHA;BLUSINHA MANGA COMPRIDA TROCAR; R$ 25,20 
BLUSINHA;BLUSINHA MANGA COMPRIDA TROCAR; R$ 25,20 
BLUSINHA;BLUSINHA MANGA COMPRIDA TROCAR; R$ 9,60 
BLUSINHA;BLUSINHA MANGA COMPRIDA TROCAR; R$ 10,80 
BLUSINHA;BLUSINHA MANGA COMPRIDA TROCAR; R$ 33,60 
BLUSINHA;BLUSINHA MANGA COMPRIDA TROCAR; R$ 44,40 
BLUSINHA;BLUSINHA MANGA COMPRIDA TROCAR; R$ 80,40 
BLUSINHA;BLUSINHA MANGA COMPRIDA TROCAR; R$ 48,00 
BLUSINHA;BLUSINHA MANGA COMPRIDA TROCAR; R$ 18,00 
BLUSINHA;BLUSINHA MANGA COMPRIDA TROCAR; R$ -   
BLUSINHA;BLUSINHA MANGA COMPRIDA TROCAR; R$ 146,40 
BLUSINHA;BLUSINHA MANGA COMPRIDA TROCAR; R$ 56,40 
BLUSINHA;BLUSINHA MANGA COMPRIDA TROCAR; R$ 38,40 
BLUSINHA;BLUSINHA MANGA COMPRIDA TROCAR; R$ 68,40 
BLUSINHA;BLUSINHA MANGA COMPRIDA TROCAR; R$ 54,00 
BLUSINHA;BLUSINHA MANGA COMPRIDA ZIPERE; R$ 51,60 
BLUSINHA;BLUSINHA MANGA CURTA; R$ -   
BLUSINHA;BLUSINHA MANGA CURTA ABRIR FEN; R$ 21,60 
BLUSINHA;BLUSINHA MANGA CURTA ABRIR GOL; R$ 27,60 
BLUSINHA;BLUSINHA MANGA CURTA ABRIR GOL; R$ 27,60 
BLUSINHA;BLUSINHA MANGA CURTA AJ LAT BO; R$ 48,00 
BLUSINHA;BLUSINHA MANGA CURTA AJUS COST; R$ 48,00 
BLUSINHA;BLUSINHA MANGA CURTA AJUST LAT; R$ 48,00 
BLUSINHA;BLUSINHA MANGA CURTA AJUSTE CO; R$ 44,40 
BLUSINHA;BLUSINHA MANGA CURTA AJUSTE DE; R$ 30,00 
BLUSINHA;BLUSINHA MANGA CURTA AJUSTE DE; R$ 27,60 
BLUSINHA;BLUSINHA MANGA CURTA AJUSTE DE; R$ 32,40 
BLUSINHA;BLUSINHA MANGA CURTA AJUSTE DE; R$ 36,00 
BLUSINHA;BLUSINHA MANGA CURTA AJUSTE DE; R$ 27,60 
BLUSINHA;BLUSINHA MANGA CURTA AJUSTE GE; R$ 56,40 
BLUSINHA;BLUSINHA MANGA CURTA AJUSTE LA; R$ 36,00 
BLUSINHA;BLUSINHA MANGA CURTA AJUSTE LA; R$ 44,40 
BLUSINHA;BLUSINHA MANGA CURTA AJUSTE LA; R$ 40,80 
BLUSINHA;BLUSINHA MANGA CURTA AJUSTE NO; R$ 36,00 
BLUSINHA;BLUSINHA MANGA CURTA ALÇA (PRE; R$ 16,80 
BLUSINHA;BLUSINHA MANGA CURTA ALÇAS (SI; R$ 24,00 
BLUSINHA;BLUSINHA MANGA CURTA APROFUNDA; R$ 18,00 
BLUSINHA;BLUSINHA MANGA CURTA BAIXAR A; R$ 27,60 
BLUSINHA;BLUSINHA MANGA CURTA BARRA; R$ 25,20 
BLUSINHA;BLUSINHA MANGA CURTA BARRA COM; R$ 27,60 
BLUSINHA;BLUSINHA MANGA CURTA BARRA FOR; R$ 44,40 
BLUSINHA;BLUSINHA MANGA CURTA BARRA LEN; R$ 25,20 
BLUSINHA;BLUSINHA MANGA CURTA BARRA OVE; R$ 21,60 
BLUSINHA;BLUSINHA MANGA CURTA CASEAR C; R$ 9,60 
BLUSINHA;BLUSINHA MANGA CURTA CASEAR S; R$ 7,20 
BLUSINHA;BLUSINHA MANGA CURTA CERZIR; R$ 24,00 
BLUSINHA;BLUSINHA MANGA CURTA CERZIR MA; R$ 19,20 
BLUSINHA;BLUSINHA MANGA CURTA COLOC COC; R$ 10,80 
BLUSINHA;BLUSINHA MANGA CURTA COLOC COC; R$ 12,00 
BLUSINHA;BLUSINHA MANGA CURTA COLOC COS; R$ 62,40 
BLUSINHA;BLUSINHA MANGA CURTA COLOC COS; R$ 69,60 
BLUSINHA;BLUSINHA MANGA CURTA COLOC ILH; R$ 4,80 
BLUSINHA;BLUSINHA MANGA CURTA COLOCAR A; R$ 24,00 
BLUSINHA;BLUSINHA MANGA CURTA COLOCAR A; R$ 32,40 
BLUSINHA;BLUSINHA MANGA CURTA COLOCAR B; R$ 42,00 
BLUSINHA;BLUSINHA MANGA CURTA COLOCAR B; R$ 30,00 
BLUSINHA;BLUSINHA MANGA CURTA COLOCAR C; R$ 57,60 
BLUSINHA;BLUSINHA MANGA CURTA COLOCAR G; R$ 48,00 
BLUSINHA;BLUSINHA MANGA CURTA COLOCAR G; R$ 36,00 
BLUSINHA;BLUSINHA MANGA CURTA COLOCAR N; R$ 38,40 
BLUSINHA;BLUSINHA MANGA CURTA COLOCAR N; R$ 60,00 
BLUSINHA;BLUSINHA MANGA CURTA COLOCAR P; R$ 38,40 
BLUSINHA;BLUSINHA MANGA CURTA COLOCAR T; R$ 54,00 
BLUSINHA;BLUSINHA MANGA CURTA COLOCAR Z; R$ 54,00 
BLUSINHA;BLUSINHA MANGA CURTA CONSERTOS; R$ -   
BLUSINHA;BLUSINHA MANGA CURTA DESCER DE; R$ -   
BLUSINHA;BLUSINHA MANGA CURTA DESCER DE; R$ 24,00 
BLUSINHA;BLUSINHA MANGA CURTA DIMINUIR; R$ 25,20 
BLUSINHA;BLUSINHA MANGA CURTA DIMINUIR; R$ 27,60 
BLUSINHA;BLUSINHA MANGA CURTA DIMINUIR; R$ 50,40 
BLUSINHA;BLUSINHA MANGA CURTA DIMINUIR; R$ 25,20 
BLUSINHA;BLUSINHA MANGA CURTA DIMINUIR; R$ 32,40 
BLUSINHA;BLUSINHA MANGA CURTA ELIMINAR; R$ 30,00 
BLUSINHA;BLUSINHA MANGA CURTA ELIMINAR; R$ 36,00 
BLUSINHA;BLUSINHA MANGA CURTA ENCURTAR; R$ 25,20 
BLUSINHA;BLUSINHA MANGA CURTA FECHAR DE; R$ 20,40 
BLUSINHA;BLUSINHA MANGA CURTA FEITIO; R$ 62,40 
BLUSINHA;BLUSINHA MANGA CURTA FEITIO SO; R$ 44,40 
BLUSINHA;BLUSINHA MANGA CURTA FOLGAR C/; R$ 56,40 
BLUSINHA;BLUSINHA MANGA CURTA FOLGAR EL; R$ 25,20 
BLUSINHA;BLUSINHA MANGA CURTA FOLGAR NA; R$ -   
BLUSINHA;BLUSINHA MANGA CURTA FOLGAR NA; R$ 27,60 
BLUSINHA;BLUSINHA MANGA CURTA FOLGAR O; R$ 32,40 
BLUSINHA;BLUSINHA MANGA CURTA MUDAR BOT; R$ 3,60 
BLUSINHA;BLUSINHA MANGA CURTA PENCE; R$ 21,60 
BLUSINHA;BLUSINHA MANGA CURTA PREGAR BO; R$ 3,60 
BLUSINHA;BLUSINHA MANGA CURTA PREGAR BO; R$ 6,00 
BLUSINHA;BLUSINHA MANGA CURTA PREGAR DE; R$ 33,60 
BLUSINHA;BLUSINHA MANGA CURTA REFAZER A; R$ 25,20 
BLUSINHA;BLUSINHA MANGA CURTA REFORÇO C; R$ 12,00 
BLUSINHA;BLUSINHA MANGA CURTA REFORÇO L; R$ 20,40 
BLUSINHA;BLUSINHA MANGA CURTA REMODELAG; R$ -   
BLUSINHA;BLUSINHA MANGA CURTA SO PREGAR; R$ 3,60 
BLUSINHA;BLUSINHA MANGA CURTA SUBIR ALC; R$ 21,60 
BLUSINHA;BLUSINHA MANGA CURTA SUBIR ALÇ; R$ 21,60 
BLUSINHA;BLUSINHA MANGA CURTA SUBIR ALÇ; R$ 21,60 
BLUSINHA;BLUSINHA MANGA CURTA SUBIR CAV; R$ 36,00 
BLUSINHA;BLUSINHA MANGA CURTA SUBIR MAN; R$ 38,40 
BLUSINHA;BLUSINHA MANGA CURTA SUBIR OMB; R$ 36,00 
BLUSINHA;BLUSINHA MANGA CURTA SUBIR OMB; R$ 52,80 
BLUSINHA;BLUSINHA MANGA CURTA TIRA GOLA; R$ 36,00 
BLUSINHA;BLUSINHA MANGA CURTA TIRAR ELA; R$ 21,60 
BLUSINHA;BLUSINHA MANGA CURTA TIRAR FRA; R$ 36,00 
BLUSINHA;BLUSINHA MANGA CURTA TIRAR MAN; R$ 43,20 
BLUSINHA;BLUSINHA MANGA CURTA TIRAR O F; R$ -   
BLUSINHA;BLUSINHA MANGA CURTA TROC CÓS,; R$ 48,00 
BLUSINHA;BLUSINHA MANGA CURTA TROC ZIPE; R$ 27,60 
BLUSINHA;BLUSINHA MANGA CURTA TROCAR  L; R$ 44,40 
BLUSINHA;BLUSINHA MANGA CURTA TROCAR BO; R$ 9,60 
BLUSINHA;BLUSINHA MANGA CURTA TROCAR BO; R$ 10,80 
BLUSINHA;BLUSINHA MANGA CURTA TROCAR CÓ; R$ 38,40 
BLUSINHA;BLUSINHA MANGA CURTA TROCAR CU; R$ 15,60 
BLUSINHA;BLUSINHA MANGA CURTA TROCAR GO; R$ 48,00 
BLUSINHA;BLUSINHA MANGA CURTA TROCAR PU; R$ 33,60 
BLUSINHA;BLUSINHA MANGA CURTA TROCAR TU; R$ 80,40 
BLUSINHA;BLUSINHA MANGA CURTA TROCAR TU; R$ 146,40 
BLUSINHA;BLUSINHA MANGA CURTA TROCAR TU; R$ 56,40 
BLUSINHA;BLUSINHA MANGA CURTA TROCAR TU; R$ 68,40 
BLUSINHA;BLUSINHA MANGA CURTA TROCAR VI; R$ -   
BLUSINHA;BLUSINHA MANGA CURTA TROCAR ZI; R$ 25,20 
BLUSINHA;BLUSINHA MANGA CURTA VIRAR REG; R$ 48,00 
BOLSA;BOLSA; R$ -   
BOLSA;BOLSA CASEAR C BOTAO CADA; R$ 9,60 
BOLSA;BOLSA CASEAR S BOTAO; R$ 7,20 
BOLSA;BOLSA CONSERTOS DIVERSOS*; R$ -   
BOLSA;BOLSA TROCAR CURSOR ZIPER; R$ 30,00 
BOLSA;BOLSA TROCAR ZIPER; R$ 48,00 
BOLSA;BOLSA TROCAR ZIPER LONGO; R$ 60,00 
BONÉ;BONÉ; R$ -   
BONÉ;BONÉ CONSERTOS DIVERSOS*; R$ -   
BONECA;BONECA; R$ -   
BONECA;BONECA CONSERTOS DIVERSOS*; R$ -   
BORY;BORY; R$ -   
BORY;BORY AJUSTE DE CAVA; R$ 33,60 
BORY;BORY AJUSTE LATERAL; R$ 54,00 
BORY;BORY COLC PRESSAO GDE CAD; R$ 14,40 
BORY;BORY COLOC COCH DE GANCH; R$ 6,00 
BORY;BORY COLOC COCH DE PRESSA; R$ 6,00 
BORY;BORY COLOC FEICHO DE SUTI; R$ 27,60 
BORY;BORY COLOCAR ALÇA; R$ 30,00 
BORY;BORY COLOCAR ALÇA REGULAV; R$ 32,40 
BORY;BORY COLOCAR BOJO; R$ 54,00 
BORY;BORY COLOCAR FORRO BUSTO; R$ 54,00 
BORY;BORY COLOCAR FORRO SIMPLE; R$ 66,00 
BORY;BORY COLOCAR NESGA LATERA; R$ 54,00 
BORY;BORY CONSERTOS DIVERSOS*; R$ -   
BORY;BORY DIMINUIR ALCINHA; R$ 21,60 
BORY;BORY DIMINUIR BOJO; R$ 42,00 
BORY;BORY DIMINUIR TAM CALCINH; R$ 45,60 
BORY;BORY DIMINUIR TAMANHO; R$ 66,00 
BORY;BORY ENCURTAR MANGA; R$ 25,20 
BORY;BORY FECHAR DECOTE; R$ -   
BORY;BORY REFORÇO COSTURA CADA; R$ 12,00 
BORY;BORY SUBIR ALÇA NADADOR; R$ 33,60 
BORY;BORY SUBIR ALÇA REGATA; R$ 33,60 
BORY;BORY SUBIR ALCINHA ROLE; R$ 21,60 
BORY;BORY SUBIR OMBRO; R$ 30,00 
BORY;BORY TIRAR BOJO E ACABAME; R$ 42,00 
BORY;BORY TROCAR ELASTIC PERNA; R$ 38,40 
BORY;BORY TROCAR FORRO SIMPLES; R$ 66,00 
BORY;BORY VIRAR BLUSINHA; R$ 25,20 
CACHECOL;CACHECOL; R$ -   
CACHECOL;CACHECOL CONSERTOS DIVERSOS*; R$ -   
CALÇA;CALÇA; R$ 31,20 
CALÇA;CALÇA ABAIXAR COS; R$ 40,80 
CALÇA;CALÇA ABRIR FENDA; R$ 30,00 
CALÇA;CALÇA AJ CALÇA COURO; R$ 132,00 
CALÇA;CALÇA AJ CALÇA SPORT C FOR; R$ 40,80 
CALÇA;CALÇA AJ CALÇA SPORT S FOR; R$ 36,00 
CALÇA;CALÇA AJ CINT CALÇA COURO; R$ 78,00 
CALÇA;CALÇA AJ LAT BOLSO INTERNO; R$ 52,80 
CALÇA;CALÇA AJ PERN BOLSO SAFARI; R$ 84,00 
CALÇA;CALÇA AJ PERNA CAL COURO; R$ 84,00 
CALÇA;CALÇA AJ PERNAS MALHA; R$ 30,00 
CALÇA;CALÇA AJUST LAT C FORRO ZI; R$ 48,00 
CALÇA;CALÇA AJUSTE  ATRAS; R$ 42,00 
CALÇA;CALÇA AJUSTE COM FORRO; R$ 42,00 
CALÇA;CALÇA AJUSTE DE BOCA; R$ 32,40 
CALÇA;CALÇA AJUSTE DE CINTURA; R$ 36,00 
CALÇA;CALÇA AJUSTE DE COS; R$ 36,00 
CALÇA;CALÇA AJUSTE DE GANCHO; R$ 44,40 
CALÇA;CALÇA AJUSTE DE JOELHO; R$ 25,20 
CALÇA;CALÇA AJUSTE DE PERNAS; R$ 42,00 
CALÇA;CALÇA AJUSTE DE QUADRIL; R$ 36,00 
CALÇA;CALÇA AJUSTE GERAL; R$ 126,00 
CALÇA;CALÇA AJUSTE LAT C FORRO; R$ 52,80 
CALÇA;CALÇA AJUSTE LATERA  ZIPER; R$ 48,00 
CALÇA;CALÇA AJUSTE LATERAL; R$ 44,40 
CALÇA;CALÇA AUMENTAR FORRO BOLSO; R$ 42,00 
CALÇA;CALÇA BARRA; R$ 32,00 
CALÇA;CALÇA BARRA C ZIPER LATERA; R$ 32,00 
CALÇA;CALÇA BARRA COLADA; R$ 32,00 
CALÇA;CALÇA BARRA COM FENDA; R$ 32,00 
CALÇA;CALÇA BARRA COM VIES/RENDA; R$ 32,00 
CALÇA;CALÇA BARRA FORRO OU ZIPER; R$ 32,00 
CALÇA;CALÇA BARRA ITALIANA; R$ 32,00 
CALÇA;CALÇA BARRA LENÇOL; R$ 32,00 
CALÇA;CALÇA BARRA MOLETOM; R$ 32,00 
CALÇA;CALÇA BARRA ORIGINAL; R$ 32,00 
CALÇA;CALÇA BARRA ORIGINAL FENDA; R$ 32,00 
CALÇA;CALÇA BARRA OVERL SEM ACAB; R$ 32,00 
CALÇA;CALÇA BARRA POR CIMA; R$ 32,00 
CALÇA;CALÇA BARRA POSTIÇA; R$ 32,00 
CALÇA;CALÇA CASEAR C BOTAO CADA; R$ 10,00 
CALÇA;CALÇA CASEAR S BOTAO; R$ 10,00 
CALÇA;CALÇA CERZIR; R$ 24,00 
CALÇA;CALÇA CERZIR MALHA A MAO; R$ 19,20 
CALÇA;CALÇA CERZIR MOLETOM; R$ 24,00 
CALÇA;CALÇA CERZIR RASGO C/TECID; R$ 32,40 
CALÇA;CALÇA COLOC COCH DE GANCH; R$ 10,80 
CALÇA;CALÇA COLOC COCH DE PRESSA; R$ 12,00 
CALÇA;CALÇA COLOC COS C ELASTICO; R$ 62,40 
CALÇA;CALÇA COLOC COS C PASSANTE; R$ 69,60 
CALÇA;CALÇA COLOC ILHOES CADA; R$ 8,00 
CALÇA;CALÇA COLOC MALHA GESTANTE; R$ 36,00 
CALÇA;CALÇA COLOCAR BOLSINHO INT; R$ 30,00 
CALÇA;CALÇA COLOCAR BOLSO; R$ 54,00 
CALÇA;CALÇA COLOCAR CADARÇO; R$ 20,40 
CALÇA;CALÇA COLOCAR COS; R$ 57,60 
CALÇA;CALÇA COLOCAR DETALHE TECI; R$ 22,80 
CALÇA;CALÇA COLOCAR ELASTICO; R$ 26,40 
CALÇA;CALÇA COLOCAR FORRO SIMPLE; R$ 102,00 
CALÇA;CALÇA COLOCAR LAPELA BOLSO; R$ 30,00 
CALÇA;CALÇA COLOCAR NESGA; R$ 48,00 
CALÇA;CALÇA COLOCAR NESGA BARRA; R$ 36,00 
CALÇA;CALÇA COLOCAR NESGA LATERA; R$ 48,00 
CALÇA;CALÇA COLOCAR PASSANTE; R$ 42,00 
CALÇA;CALÇA COLOCAR PUNHO MALHA; R$ 38,40 
CALÇA;CALÇA COLOCAR TULE DECOTE; R$ 66,00 
CALÇA;CALÇA COLOCAR VELCRO; R$ 25,20 
CALÇA;CALÇA COLOCAR ZIPER ACABAM; R$ 54,00 
CALÇA;CALÇA CONSERTOS DIVERSOS*; R$ -   
CALÇA;CALÇA DE COURO; R$ -   
CALÇA;CALÇA DE COURO ABAIXAR COS; R$ 102,00 
CALÇA;CALÇA DE COURO ABRIR FENDA; R$ 56,40 
CALÇA;CALÇA DE COURO AJ LAT BOLSO IN; R$ 168,00 
CALÇA;CALÇA DE COURO AJ PERN BOLSO S; R$ 168,00 
CALÇA;CALÇA DE COURO AJUST LAT C FOR; R$ 180,00 
CALÇA;CALÇA DE COURO AJUSTE  ATRAS; R$ 84,00 
CALÇA;CALÇA DE COURO AJUSTE CANTO BO; R$ 84,00 
CALÇA;CALÇA DE COURO AJUSTE DE BOCA; R$ 60,00 
CALÇA;CALÇA DE COURO AJUSTE DE CINTU; R$ 90,00 
CALÇA;CALÇA DE COURO AJUSTE DE COS; R$ 90,00 
CALÇA;CALÇA DE COURO AJUSTE DE GANCH; R$ 144,00 
CALÇA;CALÇA DE COURO AJUSTE DE JOELH; R$ 60,00 
CALÇA;CALÇA DE COURO AJUSTE DE PERNA; R$ 132,00 
CALÇA;CALÇA DE COURO AJUSTE DE QUADR; R$ 90,00 
CALÇA;CALÇA DE COURO AJUSTE GERAL; R$ 234,00 
CALÇA;CALÇA DE COURO AJUSTE LAT C FO; R$ 138,00 
CALÇA;CALÇA DE COURO AJUSTE LATERA; R$ 174,00 
CALÇA;CALÇA DE COURO AJUSTE LATERAL; R$ 156,00 
CALÇA;CALÇA DE COURO AUMENTAR FORRO; R$ 60,00 
CALÇA;CALÇA DE COURO BARRA; R$ 36,00 
CALÇA;CALÇA DE COURO BARRA C ZIPER L; R$ 60,00 
CALÇA;CALÇA DE COURO BARRA COLADA; R$ 38,40 
CALÇA;CALÇA DE COURO BARRA COM FENDA; R$ 44,40 
CALÇA;CALÇA DE COURO BARRA FORRO OU; R$ 68,40 
CALÇA;CALÇA DE COURO BARRA ORIGINAL; R$ 36,00 
CALÇA;CALÇA DE COURO BARRA ORIGINAL; R$ 44,40 
CALÇA;CALÇA DE COURO BARRA POR CIMA; R$ 56,40 
CALÇA;CALÇA DE COURO CASEAR C BOTAO; R$ 21,60 
CALÇA;CALÇA DE COURO CASEAR S BOTAO; R$ 12,00 
CALÇA;CALÇA DE COURO CERZIR; R$ 45,60 
CALÇA;CALÇA DE COURO COLOC COCH DE G; R$ 10,80 
CALÇA;CALÇA DE COURO COLOC COCH DE P; R$ 12,00 
CALÇA;CALÇA DE COURO COLOC COS C ELA; R$ -   
CALÇA;CALÇA DE COURO COLOC COS C PAS; R$ -   
CALÇA;CALÇA DE COURO COLOC ILHOES CA; R$ 7,20 
CALÇA;CALÇA DE COURO COLOC MALHA GES; R$ 84,00 
CALÇA;CALÇA DE COURO COLOCAR COS; R$ -   
CALÇA;CALÇA DE COURO COLOCAR NESGA; R$ -   
CALÇA;CALÇA DE COURO COLOCAR NESGA L; R$ -   
CALÇA;CALÇA DE COURO COLOCAR PASSANT; R$ -   
CALÇA;CALÇA DE COURO COLOCAR ZIPER A; R$ 108,00 
CALÇA;CALÇA DE COURO CONSERTOS DIVER; R$ -   
CALÇA;CALÇA DE COURO ELIMINAR PENCES; R$ 104,40 
CALÇA;CALÇA DE COURO ELIMINAR PREGAS; R$ 152,40 
CALÇA;CALÇA DE COURO ENCURTAR BARRA; R$ 42,00 
CALÇA;CALÇA DE COURO FECHAR BOLSO/TI; R$ 48,00 
CALÇA;CALÇA DE COURO FECHAR FENDA; R$ 38,40 
CALÇA;CALÇA DE COURO FOLGAR CINTURA; R$ 56,40 
CALÇA;CALÇA DE COURO FOLGAR NA LATER; R$ 110,40 
CALÇA;CALÇA DE COURO FOLGAR NO GANCH; R$ 60,00 
CALÇA;CALÇA DE COURO MUDAR BOTAO LUG; R$ 3,60 
CALÇA;CALÇA DE COURO NESGA BOLSO SAF; R$ -   
CALÇA;CALÇA DE COURO PREGAR BOLSO; R$ 48,00 
CALÇA;CALÇA DE COURO PREGAR BOTÃO; R$ 3,60 
CALÇA;CALÇA DE COURO PREGAR BOTAO ME; R$ 9,60 
CALÇA;CALÇA DE COURO PREGAR JOELHEIR; R$ 36,00 
CALÇA;CALÇA DE COURO PREGAR TAGS CAD; R$ 18,00 
CALÇA;CALÇA DE COURO REFAZER A BARRA; R$ 36,00 
CALÇA;CALÇA DE COURO REFORÇO COSTURA; R$ 24,00 
CALÇA;CALÇA DE COURO SO PREGAR BOTAO; R$ 3,60 
CALÇA;CALÇA DE COURO TIRAR O FORRO; R$ 56,40 
CALÇA;CALÇA DE COURO TRANSF EM BERMU; R$ 36,00 
CALÇA;CALÇA DE COURO TROC ZIP LAT NA; R$ 50,40 
CALÇA;CALÇA DE COURO TROC ZIPER INVI; R$ 40,80 
CALÇA;CALÇA DE COURO TROCAR BOTAO; R$ 9,60 
CALÇA;CALÇA DE COURO TROCAR BOTAO FO; R$ 10,80 
CALÇA;CALÇA DE COURO TROCAR CÓS; R$ -   
CALÇA;CALÇA DE COURO TROCAR CÓS DE C; R$ -   
CALÇA;CALÇA DE COURO TROCAR CURSOR Z; R$ 21,60 
CALÇA;CALÇA DE COURO TROCAR FORRO BO; R$ 78,00 
CALÇA;CALÇA DE COURO TROCAR FORRO SI; R$ 144,00 
CALÇA;CALÇA DE COURO TROCAR ZIPER; R$ 32,40 
CALÇA;CALÇA DE COURO VIRAR SAIA; R$ -   
CALÇA;CALÇA DE COURO ZIPERES NOS BOL; R$ 84,00 
CALÇA;CALÇA DIMINUIR ELASTICO PR; R$ 32,40 
CALÇA;CALÇA DIMINUIR ELASTICO S; R$ 25,20 
CALÇA;CALÇA ELASTICO CÓS INTEIRO; R$ 30,00 
CALÇA;CALÇA ELASTICO CÓS LATERAL; R$ 30,00 
CALÇA;CALÇA ELIMINAR PENCES; R$ 86,40 
CALÇA;CALÇA ELIMINAR PREGAS; R$ 86,40 
CALÇA;CALÇA ENCURTAR BARRA; R$ 25,20 
CALÇA;CALÇA ESCOLAR; R$ -   
CALÇA;CALÇA ESCOLAR ABAIXAR COS; R$ 40,80 
CALÇA;CALÇA ESCOLAR AJ LAT BOLSO INT; R$ 42,00 
CALÇA;CALÇA ESCOLAR AJUSTE COM FORRO; R$ 45,60 
CALÇA;CALÇA ESCOLAR AJUSTE DE BOCA; R$ 30,00 
CALÇA;CALÇA ESCOLAR AJUSTE DE CINTUR; R$ 32,40 
CALÇA;CALÇA ESCOLAR AJUSTE DE GANCHO; R$ 36,00 
CALÇA;CALÇA ESCOLAR AJUSTE DE JOELHO; R$ 25,20 
CALÇA;CALÇA ESCOLAR AJUSTE DE PERNAS; R$ 36,00 
CALÇA;CALÇA ESCOLAR AJUSTE DE QUADRI; R$ 36,00 
CALÇA;CALÇA ESCOLAR AJUSTE LAT C FOR; R$ 46,80 
CALÇA;CALÇA ESCOLAR AJUSTE LATERAL; R$ 36,00 
CALÇA;CALÇA ESCOLAR AUMENTAR COMPR C; R$ 25,20 
CALÇA;CALÇA ESCOLAR AUMENTAR FORRO B; R$ 24,00 
CALÇA;CALÇA ESCOLAR BARRA; R$ 21,60 
CALÇA;CALÇA ESCOLAR BARRA COM VIES/R; R$ 31,20 
CALÇA;CALÇA ESCOLAR BARRA OVERL SEM; R$ 18,00 
CALÇA;CALÇA ESCOLAR BARRA POSTIÇA; R$ 25,20 
CALÇA;CALÇA ESCOLAR CERZIR; R$ 24,00 
CALÇA;CALÇA ESCOLAR CERZIR MALHA A M; R$ 19,20 
CALÇA;CALÇA ESCOLAR COLOC COS C ELAS; R$ 62,40 
CALÇA;CALÇA ESCOLAR COLOC COS C PASS; R$ 69,60 
CALÇA;CALÇA ESCOLAR COLOCAR BOLSINHO; R$ 30,00 
CALÇA;CALÇA ESCOLAR COLOCAR BOLSO; R$ 42,00 
CALÇA;CALÇA ESCOLAR COLOCAR CADARÇO; R$ 20,40 
CALÇA;CALÇA ESCOLAR COLOCAR ELASTICO; R$ 25,20 
CALÇA;CALÇA ESCOLAR COLOCAR LAPELA B; R$ 30,00 
CALÇA;CALÇA ESCOLAR COLOCAR NESGA BA; R$ 42,00 
CALÇA;CALÇA ESCOLAR COLOCAR NESGA LA; R$ 48,00 
CALÇA;CALÇA ESCOLAR COLOCAR PASSANTE; R$ 36,00 
CALÇA;CALÇA ESCOLAR COLOCAR VELCRO; R$ 25,20 
CALÇA;CALÇA ESCOLAR COLOCAR ZIPER AC; R$ 54,00 
CALÇA;CALÇA ESCOLAR DIMINUIR ELASTIC; R$ 25,20 
CALÇA;CALÇA ESCOLAR DIMINUIR ELASTIC; R$ 28,80 
CALÇA;CALÇA ESCOLAR ENCURTAR BARRA; R$ 25,20 
CALÇA;CALÇA ESCOLAR FECHAR BOLSO/TIR; R$ 21,60 
CALÇA;CALÇA ESCOLAR FOLGAR ELASTICO; R$ 25,20 
CALÇA;CALÇA ESCOLAR FOLGAR NO GANCHO; R$ 36,00 
CALÇA;CALÇA ESCOLAR FOLGAR O ELASTIC; R$ 32,40 
CALÇA;CALÇA ESCOLAR NESGA BOLSO SAFA; R$ 54,00 
CALÇA;CALÇA ESCOLAR OVERLOQ ENTRE PE; R$ 22,80 
CALÇA;CALÇA ESCOLAR POR PUNHO MALHA; R$ 30,00 
CALÇA;CALÇA ESCOLAR PREGAR JOELHEIRA; R$ 25,20 
CALÇA;CALÇA ESCOLAR PREGAR TAGS CADA; R$ 12,00 
CALÇA;CALÇA ESCOLAR REFAZER A BARRA; R$ 21,60 
CALÇA;CALÇA ESCOLAR REFORÇO COSTURA; R$ 12,00 
CALÇA;CALÇA ESCOLAR REFORÇO LAT BOLS; R$ 20,40 
CALÇA;CALÇA ESCOLAR SO PREGAR BOTAO; R$ 3,60 
CALÇA;CALÇA ESCOLAR TIRAR ELASTICO E; R$ 20,40 
CALÇA;CALÇA ESCOLAR TRANSF EM BERMUD; R$ 21,60 
CALÇA;CALÇA ESCOLAR TROC ELASTIC PRE; R$ 30,00 
CALÇA;CALÇA ESCOLAR TROCAR  ELASTICO; R$ 25,20 
CALÇA;CALÇA ESCOLAR TROCAR FORRO BOL; R$ 36,00 
CALÇA;CALÇA ESCOLAR TROCAR PUNHO MAL; R$ 33,60 
CALÇA;CALÇA ESCOLAR TROCAR ZIPER; R$ 25,20 
CALÇA;CALÇA ESCOLAR ZIPERES NOS BOLS; R$ 51,60 
CALÇA;CALÇA FECHAR BOLSO/TIRAR; R$ 21,60 
CALÇA;CALÇA FECHAR FENDA; R$ 25,20 
CALÇA;CALÇA FOLGAR CINT CAL SOCI; R$ 36,00 
CALÇA;CALÇA FOLGAR CINTURA; R$ 36,00 
CALÇA;CALÇA FOLGAR ELASTICO SIMP; R$ 25,20 
CALÇA;CALÇA FOLGAR NA LATERAL; R$ 46,80 
CALÇA;CALÇA FOLGAR NO GANCHO; R$ 44,40 
CALÇA;CALÇA FOLGAR O ELASTICO; R$ 32,40 
CALÇA;CALÇA JEANS; R$ -   
CALÇA;CALÇA JEANS ABAIXAR COS; R$ 42,00 
CALÇA;CALÇA JEANS ABRIR FENDA; R$ 32,40 
CALÇA;CALÇA JEANS AJ PERN BOLSO SAFA; R$ 69,60 
CALÇA;CALÇA JEANS AJUSTE  ATRAS; R$ 44,40 
CALÇA;CALÇA JEANS AJUSTE CANTO BOLSO; R$ 44,40 
CALÇA;CALÇA JEANS AJUSTE DE BOCA; R$ 32,40 
CALÇA;CALÇA JEANS AJUSTE DE CINTURA; R$ 36,00 
CALÇA;CALÇA JEANS AJUSTE DE COS; R$ 36,00 
CALÇA;CALÇA JEANS AJUSTE DE GANCHO; R$ 44,40 
CALÇA;CALÇA JEANS AJUSTE DE JOELHO; R$ 25,20 
CALÇA;CALÇA JEANS AJUSTE DE PERNAS; R$ 56,40 
CALÇA;CALÇA JEANS AJUSTE DE QUADRIL; R$ 36,00 
CALÇA;CALÇA JEANS AJUSTE GERAL; R$ 117,60 
CALÇA;CALÇA JEANS AJUSTE LATERA  ZIP; R$ 48,00 
CALÇA;CALÇA JEANS AJUSTE LATERAL; R$ 44,40 
CALÇA;CALÇA JEANS AUMENTAR FORRO BOL; R$ 42,00 
CALÇA;CALÇA JEANS BARRA; R$ 21,60 
CALÇA;CALÇA JEANS BARRA C ZIPER LATE; R$ 34,80 
CALÇA;CALÇA JEANS BARRA COLADA; R$ 32,40 
CALÇA;CALÇA JEANS BARRA COM FENDA; R$ 24,00 
CALÇA;CALÇA JEANS BARRA COM VIES/REN; R$ 31,20 
CALÇA;CALÇA JEANS BARRA FORRO OU ZIP; R$ 43,20 
CALÇA;CALÇA JEANS BARRA ITALIANA; R$ 25,20 
CALÇA;CALÇA JEANS BARRA ORIGINAL; R$ 21,60 
CALÇA;CALÇA JEANS BARRA ORIGINAL FEN; R$ 24,00 
CALÇA;CALÇA JEANS BARRA OVERL SEM AC; R$ 18,00 
CALÇA;CALÇA JEANS BARRA POR CIMA; R$ 33,60 
CALÇA;CALÇA JEANS BARRA POSTIÇA; R$ 25,20 
CALÇA;CALÇA JEANS CASEAR C BOTAO CAD; R$ 8,40 
CALÇA;CALÇA JEANS CASEAR S BOTAO; R$ 7,20 
CALÇA;CALÇA JEANS CERZIR; R$ 24,00 
CALÇA;CALÇA JEANS CERZIR RASGO C/TEC; R$ 32,40 
CALÇA;CALÇA JEANS COLOC COCH DE GANC; R$ 10,80 
CALÇA;CALÇA JEANS COLOC COCH DE PRES; R$ 12,00 
CALÇA;CALÇA JEANS COLOC COS C ELASTI; R$ 62,40 
CALÇA;CALÇA JEANS COLOC COS C PASSAN; R$ 72,00 
CALÇA;CALÇA JEANS COLOC ILHOES CADA; R$ 4,80 
CALÇA;CALÇA JEANS COLOC MALHA GESTAN; R$ 36,00 
CALÇA;CALÇA JEANS COLOCAR BOLSINHO I; R$ 30,00 
CALÇA;CALÇA JEANS COLOCAR BOLSO; R$ 57,60 
CALÇA;CALÇA JEANS COLOCAR CADARÇO; R$ 20,40 
CALÇA;CALÇA JEANS COLOCAR COS; R$ 57,60 
CALÇA;CALÇA JEANS COLOCAR ELASTICO; R$ 25,20 
CALÇA;CALÇA JEANS COLOCAR LAPELA BOL; R$ 33,60 
CALÇA;CALÇA JEANS COLOCAR NESGA; R$ 54,00 
CALÇA;CALÇA JEANS COLOCAR NESGA BARR; R$ 42,00 
CALÇA;CALÇA JEANS COLOCAR NESGA LATE; R$ 54,00 
CALÇA;CALÇA JEANS COLOCAR PASSANTE; R$ 42,00 
CALÇA;CALÇA JEANS COLOCAR PENCE; R$ 30,00 
CALÇA;CALÇA JEANS COLOCAR VELCRO; R$ 25,20 
CALÇA;CALÇA JEANS COLOCAR ZIPER ACAB; R$ 54,00 
CALÇA;CALÇA JEANS CONSERTOS DIVERSOS; R$ -   
CALÇA;CALÇA JEANS DIMINUIR ELASTICO; R$ 32,40 
CALÇA;CALÇA JEANS ELIMINAR PENCES; R$ 86,40 
CALÇA;CALÇA JEANS ELIMINAR PREGAS; R$ 86,40 
CALÇA;CALÇA JEANS ENCURTAR BARRA; R$ 25,20 
CALÇA;CALÇA JEANS FECHAR BOLSO/TIRAR; R$ 21,60 
CALÇA;CALÇA JEANS FECHAR FENDA; R$ 28,80 
CALÇA;CALÇA JEANS FOLGAR CINTURA; R$ 36,00 
CALÇA;CALÇA JEANS FOLGAR ELASTICO SI; R$ 24,00 
CALÇA;CALÇA JEANS FOLGAR NA LATERAL; R$ 46,80 
CALÇA;CALÇA JEANS FOLGAR NO GANCHO; R$ 44,40 
CALÇA;CALÇA JEANS FOLGAR O ELASTICO; R$ 32,40 
CALÇA;CALÇA JEANS MUDAR BOTAO LUGAR; R$ 3,60 
CALÇA;CALÇA JEANS NESGA BOLSO SAFARI; R$ 90,00 
CALÇA;CALÇA JEANS PENCE; R$ 26,40 
CALÇA;CALÇA JEANS PREGAR BOLSO; R$ 42,00 
CALÇA;CALÇA JEANS PREGAR BOTÃO; R$ 3,60 
CALÇA;CALÇA JEANS PREGAR BOTAO METAL; R$ 6,00 
CALÇA;CALÇA JEANS PREGAR DETALH  BAR; R$ 33,60 
CALÇA;CALÇA JEANS PREGAR JOELHEIRAS; R$ 25,20 
CALÇA;CALÇA JEANS PREGAR TAGS CADA; R$ 12,00 
CALÇA;CALÇA JEANS REFAZER A BARRA; R$ 21,60 
CALÇA;CALÇA JEANS REFORÇO COSTURA CA; R$ 12,00 
CALÇA;CALÇA JEANS SO PREGAR BOTAO; R$ 3,60 
CALÇA;CALÇA JEANS TIRAR ELASTICO E A; R$ 20,40 
CALÇA;CALÇA JEANS TRANSF EM BERMUDA; R$ 25,20 
CALÇA;CALÇA JEANS TROC ELASTIC PRESP; R$ 30,00 
CALÇA;CALÇA JEANS TROC ZIP LAT NA BA; R$ 48,00 
CALÇA;CALÇA JEANS TROC ZIPER INVIS G; R$ 27,60 
CALÇA;CALÇA JEANS TROCAR  ELASTICO; R$ 25,20 
CALÇA;CALÇA JEANS TROCAR BOTAO; R$ 9,60 
CALÇA;CALÇA JEANS TROCAR BOTAO FORRA; R$ 10,80 
CALÇA;CALÇA JEANS TROCAR CÓS; R$ 52,80 
CALÇA;CALÇA JEANS TROCAR CÓS DE COUR; R$ -   
CALÇA;CALÇA JEANS TROCAR CURSOR ZIPE; R$ 18,00 
CALÇA;CALÇA JEANS TROCAR FORRO BOLSO; R$ 57,60 
CALÇA;CALÇA JEANS TROCAR ZIPER; R$ 25,20 
CALÇA;CALÇA JEANS VIRAR SAIA; R$ 100,80 
CALÇA;CALÇA JEANS ZIPERES NOS BOLSOS; R$ 51,60 
CALÇA;CALÇA LEGGING; R$ -   
CALÇA;CALÇA LEGGING ABAIXAR COS; R$ 36,00 
CALÇA;CALÇA LEGGING AJUSTE  ATRAS; R$ 32,40 
CALÇA;CALÇA LEGGING AJUSTE CANTO BOL; R$ 32,40 
CALÇA;CALÇA LEGGING AJUSTE DE CINTUR; R$ 36,00 
CALÇA;CALÇA LEGGING AJUSTE DE COS; R$ 36,00 
CALÇA;CALÇA LEGGING AJUSTE DE GANCHO; R$ 36,00 
CALÇA;CALÇA LEGGING AJUSTE DE PERNAS; R$ 36,00 
CALÇA;CALÇA LEGGING AJUSTE GERAL; R$ 72,00 
CALÇA;CALÇA LEGGING AJUSTE LATERAL; R$ 36,00 
CALÇA;CALÇA LEGGING BARRA; R$ 21,60 
CALÇA;CALÇA LEGGING BARRA C ZIPER LA; R$ 42,00 
CALÇA;CALÇA LEGGING BARRA COM FENDA; R$ 24,00 
CALÇA;CALÇA LEGGING BARRA ITALIANA; R$ 25,20 
CALÇA;CALÇA LEGGING BARRA ORIGINAL; R$ 21,60 
CALÇA;CALÇA LEGGING BARRA ORIGINAL F; R$ 24,00 
CALÇA;CALÇA LEGGING BARRA OVERL SEM; R$ 18,00 
CALÇA;CALÇA LEGGING BARRA POR CIMA; R$ 30,00 
CALÇA;CALÇA LEGGING CASEAR C BOTAO C; R$ 12,00 
CALÇA;CALÇA LEGGING CASEAR S BOTAO; R$ 10,00 
CALÇA;CALÇA LEGGING CERZIR; R$ 24,00 
CALÇA;CALÇA LEGGING COLOC COCH DE GA; R$ 8,00 
CALÇA;CALÇA LEGGING COLOC COCH DE PR; R$ 8,00 
CALÇA;CALÇA LEGGING COLOC COS C ELAS; R$ 62,40 
CALÇA;CALÇA LEGGING COLOC COS C PASS; R$ 69,60 
CALÇA;CALÇA LEGGING COLOC ILHOES CAD; R$ 8,00 
CALÇA;CALÇA LEGGING COLOC MALHA GEST; R$ 36,00 
CALÇA;CALÇA LEGGING COLOCAR BOLSINHO; R$ 30,00 
CALÇA;CALÇA LEGGING COLOCAR COS; R$ 57,60 
CALÇA;CALÇA LEGGING COLOCAR ELASTICO; R$ 30,00 
CALÇA;CALÇA LEGGING COLOCAR NESGA; R$ 36,00 
CALÇA;CALÇA LEGGING COLOCAR NESGA LA; R$ 48,00 
CALÇA;CALÇA LEGGING COLOCAR ZIPER AC; R$ 54,00 
CALÇA;CALÇA LEGGING CONSERTOS DIVERS; R$ -   
CALÇA;CALÇA LEGGING DIMINUIR ELASTIC; R$ 30,00 
CALÇA;CALÇA LEGGING ENCURTAR BARRA; R$ 21,60 
CALÇA;CALÇA LEGGING FECHAR FENDA; R$ 24,00 
CALÇA;CALÇA LEGGING FOLGAR CINTURA; R$ 36,00 
CALÇA;CALÇA LEGGING FOLGAR ELASTICO; R$ 30,00 
CALÇA;CALÇA LEGGING FOLGAR NA LATERA; R$ -   
CALÇA;CALÇA LEGGING FOLGAR NO GANCHO; R$ 36,00 
CALÇA;CALÇA LEGGING FOLGAR O ELASTIC; R$ 33,60 
CALÇA;CALÇA LEGGING OVERLOQ ENTRE PE; R$ 22,80 
CALÇA;CALÇA LEGGING PREGAR BOLSO; R$ 21,60 
CALÇA;CALÇA LEGGING PREGAR DETALH  B; R$ 33,60 
CALÇA;CALÇA LEGGING PREGAR JOELHEIRA; R$ 25,20 
CALÇA;CALÇA LEGGING PREGAR TAGS CADA; R$ 12,00 
CALÇA;CALÇA LEGGING REFAZER A BARRA; R$ 21,60 
CALÇA;CALÇA LEGGING REFORÇO COSTURA; R$ 12,00 
CALÇA;CALÇA LEGGING TIRAR ELASTICO E; R$ 30,00 
CALÇA;CALÇA LEGGING TRANSF EM BERMUD; R$ 25,20 
CALÇA;CALÇA LEGGING TROC ELASTIC PRE; R$ 33,60 
CALÇA;CALÇA LEGGING TROC ZIP LAT NA; R$ 48,00 
CALÇA;CALÇA LEGGING TROC ZIPER INVIS; R$ 27,60 
CALÇA;CALÇA LEGGING TROCAR  ELASTICO; R$ 30,00 
CALÇA;CALÇA LEGGING TROCAR BOTAO; R$ 9,60 
CALÇA;CALÇA LEGGING TROCAR BOTAO FOR; R$ 10,80 
CALÇA;CALÇA LEGGING TROCAR CÓS; R$ 57,60 
CALÇA;CALÇA LEGGING TROCAR CÓS DE CO; R$ -   
CALÇA;CALÇA LEGGING TROCAR ZIPER; R$ 25,20 
CALÇA;CALÇA LEGGING ZIPERES NOS BOLS; R$ 48,00 
CALÇA;CALÇA MOLETOM; R$ -   
CALÇA;CALÇA MOLETOM ABAIXAR COS; R$ 36,00 
CALÇA;CALÇA MOLETOM ABRIR FENDA; R$ 30,00 
CALÇA;CALÇA MOLETOM AJ PERN BOLSO SA; R$ 48,00 
CALÇA;CALÇA MOLETOM AJUSTE  ATRAS; R$ 36,00 
CALÇA;CALÇA MOLETOM AJUSTE CANTO BOL; R$ 30,00 
CALÇA;CALÇA MOLETOM AJUSTE DE BOCA; R$ 30,00 
CALÇA;CALÇA MOLETOM AJUSTE DE CINTUR; R$ 36,00 
CALÇA;CALÇA MOLETOM AJUSTE DE COS; R$ 36,00 
CALÇA;CALÇA MOLETOM AJUSTE DE GANCHO; R$ 36,00 
CALÇA;CALÇA MOLETOM AJUSTE DE PERNAS; R$ 36,00 
CALÇA;CALÇA MOLETOM AJUSTE DE QUADRI; R$ 36,00 
CALÇA;CALÇA MOLETOM AJUSTE GERAL; R$ 68,40 
CALÇA;CALÇA MOLETOM AJUSTE LATERAL; R$ 36,00 
CALÇA;CALÇA MOLETOM AUMENTAR COMPR C; R$ 25,20 
CALÇA;CALÇA MOLETOM AUMENTAR FORRO B; R$ 24,00 
CALÇA;CALÇA MOLETOM BARRA; R$ 32,00 
CALÇA;CALÇA MOLETOM BARRA C ZIPER LA; R$ 34,80 
CALÇA;CALÇA MOLETOM BARRA COM VIES/R; R$ 31,20 
CALÇA;CALÇA MOLETOM BARRA ORIGINAL; R$ 21,60 
CALÇA;CALÇA MOLETOM BARRA OVERL SEM; R$ 18,00 
CALÇA;CALÇA MOLETOM BARRA POR CIMA; R$ 30,00 
CALÇA;CALÇA MOLETOM BARRA POSTIÇA; R$ 25,20 
CALÇA;CALÇA MOLETOM CASEAR C BOTAO C; R$ 9,60 
CALÇA;CALÇA MOLETOM CASEAR S BOTAO; R$ 7,20 
CALÇA;CALÇA MOLETOM CERZIR; R$ 24,00 
CALÇA;CALÇA MOLETOM CERZIR MALHA A M; R$ 19,20 
CALÇA;CALÇA MOLETOM COLOC COCH DE GA; R$ 10,80 
CALÇA;CALÇA MOLETOM COLOC COCH DE PR; R$ 12,00 
CALÇA;CALÇA MOLETOM COLOC COS C ELAS; R$ 62,40 
CALÇA;CALÇA MOLETOM COLOC COS C PASS; R$ 69,60 
CALÇA;CALÇA MOLETOM COLOC MALHA GEST; R$ 36,00 
CALÇA;CALÇA MOLETOM COLOCAR BOLSINHO; R$ 30,00 
CALÇA;CALÇA MOLETOM COLOCAR BOLSO; R$ 42,00 
CALÇA;CALÇA MOLETOM COLOCAR CADARÇO; R$ 20,40 
CALÇA;CALÇA MOLETOM COLOCAR ELASTICO; R$ 25,20 
CALÇA;CALÇA MOLETOM COLOCAR LAPELA B; R$ 30,00 
CALÇA;CALÇA MOLETOM COLOCAR NESGA; R$ 48,00 
CALÇA;CALÇA MOLETOM COLOCAR NESGA BA; R$ 42,00 
CALÇA;CALÇA MOLETOM COLOCAR NESGA LA; R$ 48,00 
CALÇA;CALÇA MOLETOM COLOCAR PASSANTE; R$ 36,00 
CALÇA;CALÇA MOLETOM COLOCAR PUNHO MA; R$ 38,40 
CALÇA;CALÇA MOLETOM COLOCAR VELCRO; R$ 25,20 
CALÇA;CALÇA MOLETOM COLOCAR ZIPER AC; R$ 54,00 
CALÇA;CALÇA MOLETOM CONSERTOS DIVERS; R$ -   
CALÇA;CALÇA MOLETOM DIMINUIR ELASTIC; R$ 25,00 
CALÇA;CALÇA MOLETOM DIMINUIR ELASTIC; R$ 32,40 
CALÇA;CALÇA MOLETOM ELASTICO CÓS LAT; R$ 32,40 
CALÇA;CALÇA MOLETOM ENCURTAR BARRA; R$ 25,20 
CALÇA;CALÇA MOLETOM FECHAR BOLSO/TIR; R$ 21,60 
CALÇA;CALÇA MOLETOM FECHAR FENDA; R$ 25,20 
CALÇA;CALÇA MOLETOM FOLGAR ELASTICO; R$ 25,20 
CALÇA;CALÇA MOLETOM FOLGAR NA LATERA; R$ -   
CALÇA;CALÇA MOLETOM FOLGAR NO GANCHO; R$ 36,00 
CALÇA;CALÇA MOLETOM FOLGAR O ELASTIC; R$ 32,40 
CALÇA;CALÇA MOLETOM NESGA BOLSO SAFA; R$ 54,00 
CALÇA;CALÇA MOLETOM OVERLOQ ENTRE PE; R$ 20,40 
CALÇA;CALÇA MOLETOM POR PUNHO MALHA; R$ 30,00 
CALÇA;CALÇA MOLETOM PREGAR BOLSO; R$ 21,60 
CALÇA;CALÇA MOLETOM PREGAR BOTÃO; R$ 3,60 
CALÇA;CALÇA MOLETOM PREGAR BOTAO MET; R$ 6,00 
CALÇA;CALÇA MOLETOM PREGAR JOELHEIRA; R$ 25,20 
CALÇA;CALÇA MOLETOM PREGAR TAGS CADA; R$ 12,00 
CALÇA;CALÇA MOLETOM REFAZER A BARRA; R$ 21,60 
CALÇA;CALÇA MOLETOM REFORÇO COSTURA; R$ 12,00 
CALÇA;CALÇA MOLETOM REFORÇO LAT BOLS; R$ 20,40 
CALÇA;CALÇA MOLETOM SO PREGAR BOTAO; R$ 3,60 
CALÇA;CALÇA MOLETOM TIRAR ELASTICO E; R$ 20,40 
CALÇA;CALÇA MOLETOM TRANSF EM BERMUD; R$ 25,20 
CALÇA;CALÇA MOLETOM TROC ELASTIC PRE; R$ 30,00 
CALÇA;CALÇA MOLETOM TROC ZIP LAT NA; R$ 48,00 
CALÇA;CALÇA MOLETOM TROC ZIPER INVIS; R$ 27,60 
CALÇA;CALÇA MOLETOM TROCAR  ELASTICO; R$ 25,20 
CALÇA;CALÇA MOLETOM TROCAR BOTAO; R$ 9,60 
CALÇA;CALÇA MOLETOM TROCAR BOTAO FOR; R$ 10,80 
CALÇA;CALÇA MOLETOM TROCAR CURSOR ZI; R$ 18,00 
CALÇA;CALÇA MOLETOM TROCAR FORRO BOL; R$ 36,00 
CALÇA;CALÇA MOLETOM TROCAR PUNHO MAL; R$ 33,60 
CALÇA;CALÇA MOLETOM TROCAR ZIPER; R$ 25,20 
CALÇA;CALÇA MOLETOM VIRAR SAIA; R$ -   
CALÇA;CALÇA MOLETOM ZIPERES NOS BOLS; R$ 51,60 
CALÇA;CALÇA MUDAR BOTAO LUGAR; R$ 3,60 
CALÇA;CALÇA NESGA BOLSO SAFARI; R$ 84,00 
CALÇA;CALÇA PENCE; R$ 26,40 
CALÇA;CALÇA POR PUNHO MALHA INFA; R$ 30,00 
CALÇA;CALÇA PREGAR BOLSO; R$ 42,00 
CALÇA;CALÇA PREGAR BOTÃO; R$ 3,60 
CALÇA;CALÇA PREGAR BOTAO METAL; R$ 6,00 
CALÇA;CALÇA PREGAR DETALH  BARRA; R$ 33,60 
CALÇA;CALÇA PREGAR JOELHEIRAS; R$ 25,20 
CALÇA;CALÇA PREGAR TAGS CADA; R$ 12,00 
CALÇA;CALÇA REFAZER A BARRA; R$ 21,60 
CALÇA;CALÇA REFAZER FRIZO; R$ 21,60 
CALÇA;CALÇA REFORÇO COSTURA CADA; R$ 12,00 
CALÇA;CALÇA REFORÇO LAT BOLSO; R$ 20,40 
CALÇA;CALÇA SO PREGAR BOTAO; R$ 3,60 
CALÇA;CALÇA SOCIAL; R$ -   
CALÇA;CALÇA SOCIAL ABAIXAR COS; R$ 40,80 
CALÇA;CALÇA SOCIAL ABRIR FENDA; R$ 28,80 
CALÇA;CALÇA SOCIAL AJUSTE  ATRAS; R$ 36,00 
CALÇA;CALÇA SOCIAL AJUSTE DE BOCA; R$ 30,00 
CALÇA;CALÇA SOCIAL AJUSTE DE CINTURA; R$ 36,00 
CALÇA;CALÇA SOCIAL AJUSTE DE COS; R$ 32,40 
CALÇA;CALÇA SOCIAL AJUSTE DE GANCHO; R$ 36,00 
CALÇA;CALÇA SOCIAL AJUSTE DE PERNAS; R$ 42,00 
CALÇA;CALÇA SOCIAL AJUSTE DE QUADRIL; R$ 36,00 
CALÇA;CALÇA SOCIAL AJUSTE GERAL; R$ 92,40 
CALÇA;CALÇA SOCIAL AJUSTE LAT C FORR; R$ 52,80 
CALÇA;CALÇA SOCIAL AJUSTE LATERA  ZI; R$ 48,00 
CALÇA;CALÇA SOCIAL AJUSTE LATERAL; R$ 44,40 
CALÇA;CALÇA SOCIAL AUMENTAR FORRO BO; R$ 42,00 
CALÇA;CALÇA SOCIAL BARRA; R$ 21,60 
CALÇA;CALÇA SOCIAL BARRA C ZIPER LAT; R$ 34,80 
CALÇA;CALÇA SOCIAL BARRA COLADA; R$ 32,40 
CALÇA;CALÇA SOCIAL BARRA COM FENDA; R$ 24,00 
CALÇA;CALÇA SOCIAL BARRA COM VIES/RE; R$ 31,20 
CALÇA;CALÇA SOCIAL BARRA FORRO OU ZI; R$ 43,20 
CALÇA;CALÇA SOCIAL BARRA ITALIANA; R$ 25,20 
CALÇA;CALÇA SOCIAL BARRA ORIGINAL; R$ 21,60 
CALÇA;CALÇA SOCIAL BARRA OVERL SEM A; R$ 18,00 
CALÇA;CALÇA SOCIAL BARRA POR CIMA; R$ 30,00 
CALÇA;CALÇA SOCIAL BARRA POSTIÇA; R$ 25,20 
CALÇA;CALÇA SOCIAL BARRA TUBINHO CFO; R$ 32,40 
CALÇA;CALÇA SOCIAL CASEAR C BOTAO CA; R$ 8,40 
CALÇA;CALÇA SOCIAL CASEAR S BOTAO; R$ 7,20 
CALÇA;CALÇA SOCIAL CERZIR; R$ 24,00 
CALÇA;CALÇA SOCIAL CERZIR RASGO C/TE; R$ 32,40 
CALÇA;CALÇA SOCIAL COLOC COCH DE GAN; R$ 10,80 
CALÇA;CALÇA SOCIAL COLOC COCH DE PRE; R$ 12,00 
CALÇA;CALÇA SOCIAL COLOC COS C ELAST; R$ 62,40 
CALÇA;CALÇA SOCIAL COLOC COS C PASSA; R$ 69,60 
CALÇA;CALÇA SOCIAL COLOC ILHOES CADA; R$ 4,80 
CALÇA;CALÇA SOCIAL COLOCAR BOLSINHO; R$ 30,00 
CALÇA;CALÇA SOCIAL COLOCAR BOLSO; R$ 54,00 
CALÇA;CALÇA SOCIAL COLOCAR COS; R$ 57,60 
CALÇA;CALÇA SOCIAL COLOCAR LAPELA BO; R$ 30,00 
CALÇA;CALÇA SOCIAL COLOCAR NESGA; R$ 44,40 
CALÇA;CALÇA SOCIAL COLOCAR NESGA BAR; R$ 42,00 
CALÇA;CALÇA SOCIAL COLOCAR NESGA LAT; R$ 44,40 
CALÇA;CALÇA SOCIAL COLOCAR PASSANTE; R$ 42,00 
CALÇA;CALÇA SOCIAL COLOCAR VELCRO; R$ 25,20 
CALÇA;CALÇA SOCIAL COLOCAR ZIPER ACA; R$ 54,00 
CALÇA;CALÇA SOCIAL CONSERTOS DIVERSO; R$ -   
CALÇA;CALÇA SOCIAL ELIMINAR PENCES; R$ 86,40 
CALÇA;CALÇA SOCIAL ELIMINAR PREGAS; R$ 86,40 
CALÇA;CALÇA SOCIAL ENCURTAR BARRA; R$ 25,20 
CALÇA;CALÇA SOCIAL FECHAR BOLSO/TIRA; R$ 21,60 
CALÇA;CALÇA SOCIAL FECHAR FENDA; R$ 25,20 
CALÇA;CALÇA SOCIAL FOLGAR CINTURA; R$ 36,00 
CALÇA;CALÇA SOCIAL FOLGAR NA LATERAL; R$ 38,40 
CALÇA;CALÇA SOCIAL FOLGAR NO GANCHO; R$ 36,00 
CALÇA;CALÇA SOCIAL MUDAR BOTAO LUGAR; R$ 6,00 
CALÇA;CALÇA SOCIAL PENCE; R$ 26,40 
CALÇA;CALÇA SOCIAL PREGAR BOLSO; R$ 42,00 
CALÇA;CALÇA SOCIAL PREGAR BOTÃO; R$ 3,60 
CALÇA;CALÇA SOCIAL PREGAR BOTAO META; R$ 6,00 
CALÇA;CALÇA SOCIAL PREGAR DETALH  BA; R$ 33,60 
CALÇA;CALÇA SOCIAL PREGAR JOELHEIRAS; R$ 25,20 
CALÇA;CALÇA SOCIAL PREGAR TAGS CADA; R$ 12,00 
CALÇA;CALÇA SOCIAL REFAZER A BARRA; R$ 21,60 
CALÇA;CALÇA SOCIAL REFORÇO COSTURA C; R$ 12,00 
CALÇA;CALÇA SOCIAL REFORÇO LAT BOLSO; R$ 20,40 
CALÇA;CALÇA SOCIAL SO PREGAR BOTAO; R$ 3,60 
CALÇA;CALÇA SOCIAL TIRAR ELASTICO E; R$ 21,60 
CALÇA;CALÇA SOCIAL TIRAR O FORRO; R$ 44,40 
CALÇA;CALÇA SOCIAL TROC ZIP LAT NA B; R$ 44,40 
CALÇA;CALÇA SOCIAL TROC ZIPER INVIS; R$ 27,60 
CALÇA;CALÇA SOCIAL TROCAR BOTAO; R$ 9,60 
CALÇA;CALÇA SOCIAL TROCAR BOTAO FORR; R$ 10,80 
CALÇA;CALÇA SOCIAL TROCAR CÓS; R$ 52,80 
CALÇA;CALÇA SOCIAL TROCAR CURSOR ZIP; R$ 18,00 
CALÇA;CALÇA SOCIAL TROCAR FORRO BOLS; R$ 54,00 
CALÇA;CALÇA SOCIAL TROCAR FORRO SIMP; R$ 96,00 
CALÇA;CALÇA SOCIAL TROCAR ZIPER; R$ 25,20 
CALÇA;CALÇA SOCIAL VIRAR SAIA; R$ -   
CALÇA;CALÇA SOCIAL ZIPERES NOS BOLSO; R$ 51,60 
CALÇA;CALÇA SPORT; R$ -   
CALÇA;CALÇA SPORT ABAIXAR COS; R$ 40,80 
CALÇA;CALÇA SPORT ABRIR FENDA; R$ 21,60 
CALÇA;CALÇA SPORT AJ PERN BOLSO SAFA; R$ 56,40 
CALÇA;CALÇA SPORT AJUSTE  ATRAS; R$ 36,00 
CALÇA;CALÇA SPORT AJUSTE CANTO BOLSO; R$ 36,00 
CALÇA;CALÇA SPORT AJUSTE DE BOCA; R$ 30,00 
CALÇA;CALÇA SPORT AJUSTE DE CINTURA; R$ 32,40 
CALÇA;CALÇA SPORT AJUSTE DE COS; R$ 32,40 
CALÇA;CALÇA SPORT AJUSTE DE GANCHO; R$ 36,00 
CALÇA;CALÇA SPORT AJUSTE DE PERNAS; R$ 48,00 
CALÇA;CALÇA SPORT AJUSTE DE QUADRIL; R$ 36,00 
CALÇA;CALÇA SPORT AJUSTE GERAL; R$ 64,80 
CALÇA;CALÇA SPORT AJUSTE LAT C FORRO; R$ 52,80 
CALÇA;CALÇA SPORT AJUSTE LATERA  ZIP; R$ 48,00 
CALÇA;CALÇA SPORT AJUSTE LATERAL; R$ 36,00 
CALÇA;CALÇA SPORT AUMENTAR FORRO BOL; R$ 42,00 
CALÇA;CALÇA SPORT BARRA; R$ 21,60 
CALÇA;CALÇA SPORT BARRA C ZIPER LATE; R$ 32,40 
CALÇA;CALÇA SPORT BARRA COM FENDA; R$ 24,00 
CALÇA;CALÇA SPORT BARRA FORRO OU ZIP; R$ 43,20 
CALÇA;CALÇA SPORT BARRA ORIGINAL; R$ 21,60 
CALÇA;CALÇA SPORT BARRA OVERL SEM AC; R$ 18,00 
CALÇA;CALÇA SPORT BARRA POR CIMA; R$ 32,40 
CALÇA;CALÇA SPORT BARRA POSTIÇA; R$ 25,20 
CALÇA;CALÇA SPORT CASEAR C BOTAO CAD; R$ 8,40 
CALÇA;CALÇA SPORT CASEAR S BOTAO; R$ 7,20 
CALÇA;CALÇA SPORT CERZIR; R$ 24,00 
CALÇA;CALÇA SPORT COLOC COCH DE GANC; R$ 6,00 
CALÇA;CALÇA SPORT COLOC COCH DE PRES; R$ 6,00 
CALÇA;CALÇA SPORT COLOC COS C ELASTI; R$ 62,40 
CALÇA;CALÇA SPORT COLOC COS C PASSAN; R$ 69,60 
CALÇA;CALÇA SPORT COLOC ILHOES CADA; R$ 4,80 
CALÇA;CALÇA SPORT COLOCAR CADARÇO; R$ 20,40 
CALÇA;CALÇA SPORT COLOCAR ELASTICO; R$ 25,20 
CALÇA;CALÇA SPORT COLOCAR LAPELA BOL; R$ 30,00 
CALÇA;CALÇA SPORT COLOCAR NESGA; R$ 48,00 
CALÇA;CALÇA SPORT COLOCAR NESGA BARR; R$ 42,00 
CALÇA;CALÇA SPORT COLOCAR NESGA LATE; R$ 48,00 
CALÇA;CALÇA SPORT COLOCAR PASSANTE; R$ 36,00 
CALÇA;CALÇA SPORT COLOCAR VELCRO; R$ 25,20 
CALÇA;CALÇA SPORT COLOCAR ZIPER ACAB; R$ 54,00 
CALÇA;CALÇA SPORT CONSERTOS DIVERSOS; R$ -   
CALÇA;CALÇA SPORT DIMINUIR ELASTICO; R$ 25,20 
CALÇA;CALÇA SPORT DIMINUIR ELASTICO; R$ 32,40 
CALÇA;CALÇA SPORT ENCURTAR BARRA; R$ 25,20 
CALÇA;CALÇA SPORT FECHAR BOLSO/TIRAR; R$ 21,60 
CALÇA;CALÇA SPORT FECHAR FENDA; R$ 18,00 
CALÇA;CALÇA SPORT FOLGAR CINTURA; R$ 36,00 
CALÇA;CALÇA SPORT FOLGAR ELASTICO SI; R$ 25,20 
CALÇA;CALÇA SPORT FOLGAR NA LATERAL; R$ -   
CALÇA;CALÇA SPORT FOLGAR NO GANCHO; R$ 36,00 
CALÇA;CALÇA SPORT FOLGAR O ELASTICO; R$ 32,40 
CALÇA;CALÇA SPORT MUDAR BOTAO LUGAR; R$ 3,60 
CALÇA;CALÇA SPORT NESGA BOLSO SAFARI; R$ 78,00 
CALÇA;CALÇA SPORT PREGAR BOLSO; R$ 21,60 
CALÇA;CALÇA SPORT PREGAR BOTÃO; R$ 3,60 
CALÇA;CALÇA SPORT PREGAR BOTAO METAL; R$ 9,60 
CALÇA;CALÇA SPORT PREGAR DETALH  BAR; R$ 33,60 
CALÇA;CALÇA SPORT PREGAR JOELHEIRAS; R$ 25,20 
CALÇA;CALÇA SPORT PREGAR TAGS CADA; R$ 12,00 
CALÇA;CALÇA SPORT REFAZER A BARRA; R$ 21,60 
CALÇA;CALÇA SPORT REFORÇO COSTURA CA; R$ 12,00 
CALÇA;CALÇA SPORT REFORÇO LAT BOLSO; R$ 20,40 
CALÇA;CALÇA SPORT SO PREGAR BOTAO; R$ 3,60 
CALÇA;CALÇA SPORT TIRAR ELASTICO E A; R$ 25,20 
CALÇA;CALÇA SPORT TIRAR O FORRO; R$ 50,40 
CALÇA;CALÇA SPORT TRANSF EM BERMUDA; R$ 25,20 
CALÇA;CALÇA SPORT TROC ELASTIC PRESP; R$ 30,00 
CALÇA;CALÇA SPORT TROC ZIP LAT NA BA; R$ 44,40 
CALÇA;CALÇA SPORT TROC ZIPER INVIS G; R$ 27,60 
CALÇA;CALÇA SPORT TROCAR  ELASTICO; R$ 25,20 
CALÇA;CALÇA SPORT TROCAR BOTAO; R$ 9,60 
CALÇA;CALÇA SPORT TROCAR BOTAO FORRA; R$ 10,80 
CALÇA;CALÇA SPORT TROCAR CURSOR ZIPE; R$ 18,00 
CALÇA;CALÇA SPORT TROCAR FORRO BOLSO; R$ 54,00 
CALÇA;CALÇA SPORT TROCAR FORRO SIMPL; R$ 96,00 
CALÇA;CALÇA SPORT TROCAR ZIPER; R$ 25,20 
CALÇA;CALÇA SPORT VIRAR SAIA; R$ -   
CALÇA;CALÇA SPORT ZIPERES NOS BOLSOS; R$ 51,60 
CALÇA;CALÇA TIRAR ELASTICO E ACA; R$ 20,40 
CALÇA;CALÇA TIRAR O FORRO; R$ 44,40 
CALÇA;CALÇA TRANSF EM BERMUDA; R$ 25,20 
CALÇA;CALÇA TROC ELASTIC PRESPON; R$ 30,00 
CALÇA;CALÇA TROC ZIP LAT NA BARR; R$ 48,00 
CALÇA;CALÇA TROC ZIPER INVIS GDE; R$ 27,60 
CALÇA;CALÇA TROCAR  ELASTICO; R$ 25,20 
CALÇA;CALÇA TROCAR  LASTEX; R$ 44,40 
CALÇA;CALÇA TROCAR BOTAO; R$ 9,60 
CALÇA;CALÇA TROCAR BOTAO FORRADO; R$ 10,80 
CALÇA;CALÇA TROCAR CÓS; R$ 52,80 
CALÇA;CALÇA TROCAR CÓS DE COURO; R$ -   
CALÇA;CALÇA TROCAR CURSOR ZIPER; R$ 18,00 
CALÇA;CALÇA TROCAR FORRO BOLSO; R$ 54,00 
CALÇA;CALÇA TROCAR FORRO SIMPLES; R$ 96,00 
CALÇA;CALÇA TROCAR PUNHO MALHA; R$ 33,60 
CALÇA;CALÇA TROCAR ZIPER; R$ 25,20 
CALÇA;CALÇA VIES ZIPER/LAPELA; R$ 66,00 
CALÇA;CALÇA VIRAR SAIA; R$ 98,40 
CALÇA;CALÇA ZIPERES NOS BOLSOS; R$ 51,60 
CALCINHA;CALCINHA; R$ -   
CALCINHA;CALCINHA CONSERTOS DIVERSOS*; R$ -   
CALCINHA;CALCINHA REFORÇO COSTURA CADA; R$ 12,00 
CALCINHA;CALCINHA TROCAR  ELASTICO; R$ 27,60 
CALCINHA;CALCINHA TROCAR FORRO SIMPLES; R$ 21,60 
CALCINHA;CALCINHA TROCAR ZIPER; R$ 25,20 
CAMISA;CAMISA; R$ -   
CAMISA;CAMISA ABRIR FENDA; R$ 21,60 
CAMISA;CAMISA AJUSTE CANTO BOLSO; R$ 30,00 
CAMISA;CAMISA AJUSTE DE CAVA; R$ 32,40 
CAMISA;CAMISA AJUSTE DE CINTURA; R$ 32,40 
CAMISA;CAMISA AJUSTE DE COSTA; R$ 36,00 
CAMISA;CAMISA AJUSTE DE MANGA; R$ 32,40 
CAMISA;CAMISA AJUSTE GERAL; R$ 116,40 
CAMISA;CAMISA AJUSTE LATERAL; R$ 45,00 
CAMISA;CAMISA AJUSTE NO BUSTO; R$ 36,00 
CAMISA;CAMISA ALÇA (PRENDER SUTIÃ); R$ 20,40 
CAMISA;CAMISA APROFUNDAR AS PENCES; R$ 24,00 
CAMISA;CAMISA BAIXAR A CAVA; R$ 32,40 
CAMISA;CAMISA BARRA; R$ 30,00 
CAMISA;CAMISA BARRA OVERL SEM ACAB; R$ 24,00 
CAMISA;CAMISA CASEAR C BOTAO CADA; R$ 9,60 
CAMISA;CAMISA CASEAR GOLA A MÃO BO; R$ 18,00 
CAMISA;CAMISA CASEAR S BOTAO; R$ 7,20 
CAMISA;CAMISA CERZIR; R$ 24,00 
CAMISA;CAMISA COLOC COCH DE GANCH; R$ 10,80 
CAMISA;CAMISA COLOC COCH DE PRESSA; R$ 12,00 
CAMISA;CAMISA COLOC ILHOES CADA; R$ 4,80 
CAMISA;CAMISA COLOCAR BOLSO; R$ 42,00 
CAMISA;CAMISA COLOCAR GOLA; R$ 54,00 
CAMISA;CAMISA COLOCAR LAPELA BOLSO; R$ 25,20 
CAMISA;CAMISA COLOCAR NESGA; R$ 38,40 
CAMISA;CAMISA COLOCAR NESGA C TULE; R$ 60,00 
CAMISA;CAMISA COLOCAR OMBREIRA; R$ 42,00 
CAMISA;CAMISA COLOCAR TULE DECOTE; R$ 54,00 
CAMISA;CAMISA CONSERTOS DIVERSOS*; R$ -   
CAMISA;CAMISA DESCER DECOTE; R$ -   
CAMISA;CAMISA DESCER DECOTE MALHA; R$ 24,00 
CAMISA;CAMISA DIMINUIR COLARINHO; R$ 30,00 
CAMISA;CAMISA DIMINUIR LARGU PUNHO; R$ 36,00 
CAMISA;CAMISA DIMINUIR OMBREIRA; R$ 32,40 
CAMISA;CAMISA ELIMINAR BICO; R$ 30,00 
CAMISA;CAMISA ELIMINAR BICO C FORR; R$ 36,00 
CAMISA;CAMISA ELIMINAR PENCES; R$ -   
CAMISA;CAMISA ELIMINAR PREGAS; R$ 86,40 
CAMISA;CAMISA ENCURTAR BARRA; R$ 28,80 
CAMISA;CAMISA ENCURTAR MANGA; R$ 25,20 
CAMISA;CAMISA FECHAR FENDA; R$ 20,40 
CAMISA;CAMISA FOLGAR NA LATERAL; R$ -   
CAMISA;CAMISA FOLGAR NA MANGA; R$ 32,40 
CAMISA;CAMISA FOLGAR NO BUSTO; R$ 27,60 
CAMISA;CAMISA MUDAR BOTAO LUGAR; R$ 3,60 
CAMISA;CAMISA PENCE; R$ 24,00 
CAMISA;CAMISA POLO; R$ -   
CAMISA;CAMISA POLO ABRIR FENDA; R$ 21,60 
CAMISA;CAMISA POLO AJUSTE CANTO BOLSO; R$ 30,00 
CAMISA;CAMISA POLO AJUSTE DE CINTURA; R$ 32,40 
CAMISA;CAMISA POLO AJUSTE DE MANGA; R$ 27,60 
CAMISA;CAMISA POLO AJUSTE GERAL; R$ 92,40 
CAMISA;CAMISA POLO AJUSTE LATERAL; R$ 32,40 
CAMISA;CAMISA POLO ALÇA (PRENDER SUTI; R$ 20,40 
CAMISA;CAMISA POLO APROFUNDAR AS PENC; R$ 24,00 
CAMISA;CAMISA POLO BAIXAR A CAVA; R$ 32,40 
CAMISA;CAMISA POLO BARRA; R$ 25,20 
CAMISA;CAMISA POLO BARRA C ZIPER LATE; R$ 32,40 
CAMISA;CAMISA POLO BARRA COM FENDA; R$ 27,60 
CAMISA;CAMISA POLO BARRA OVERL SEM AC; R$ 24,00 
CAMISA;CAMISA POLO CASEAR C BOTAO CAD; R$ 9,60 
CAMISA;CAMISA POLO CASEAR GOLA A MÃO; R$ 18,00 
CAMISA;CAMISA POLO CASEAR S BOTAO; R$ 7,20 
CAMISA;CAMISA POLO CERZIR; R$ 24,00 
CAMISA;CAMISA POLO COLOC COCH DE GANC; R$ 10,80 
CAMISA;CAMISA POLO COLOC COCH DE PRES; R$ 12,00 
CAMISA;CAMISA POLO COLOC ILHOES CADA; R$ 4,80 
CAMISA;CAMISA POLO COLOCAR DETALHE TE; R$ 22,80 
CAMISA;CAMISA POLO COLOCAR GOLA; R$ 48,00 
CAMISA;CAMISA POLO COLOCAR LAPELA BOL; R$ 25,20 
CAMISA;CAMISA POLO COLOCAR NESGA; R$ 38,40 
CAMISA;CAMISA POLO COLOCAR PUNHO MALH; R$ 38,40 
CAMISA;CAMISA POLO CONSERTOS DIVERSOS; R$ -   
CAMISA;CAMISA POLO DIMINUIR TAMANHO; R$ 57,60 
CAMISA;CAMISA POLO ELIMINAR BICO; R$ 30,00 
CAMISA;CAMISA POLO ENCURTAR BARRA; R$ 25,20 
CAMISA;CAMISA POLO ENCURTAR MANGA; R$ 25,20 
CAMISA;CAMISA POLO FECHAR FENDA; R$ 20,40 
CAMISA;CAMISA POLO MUDAR BOTAO LUGAR; R$ 3,60 
CAMISA;CAMISA POLO PENCE; R$ 24,00 
CAMISA;CAMISA POLO PREGAR BOLSO; R$ 42,00 
CAMISA;CAMISA POLO PREGAR BOTÃO; R$ 3,60 
CAMISA;CAMISA POLO PREGAR TAGS CADA; R$ 12,00 
CAMISA;CAMISA POLO REFORÇO COSTURA CA; R$ 12,00 
CAMISA;CAMISA POLO SO PREGAR BOTAO; R$ 3,60 
CAMISA;CAMISA POLO SUBIR CAVA; R$ 32,40 
CAMISA;CAMISA POLO SUBIR OMBRO; R$ 36,00 
CAMISA;CAMISA POLO SUBIR OMBRO C/APLI; R$ 52,80 
CAMISA;CAMISA POLO TIRA GOLA E ACABAM; R$ 32,40 
CAMISA;CAMISA POLO TIRAR FRANZIDO MAN; R$ 36,00 
CAMISA;CAMISA POLO TIRAR MANGA E ACAB; R$ 36,00 
CAMISA;CAMISA POLO TROC ZIPER INVIS G; R$ 27,60 
CAMISA;CAMISA POLO TROCAR BOTAO; R$ 9,60 
CAMISA;CAMISA POLO TROCAR BOTAO FORRA; R$ 10,80 
CAMISA;CAMISA POLO TROCAR CURSOR ZIPE; R$ 18,00 
CAMISA;CAMISA POLO TROCAR GOLA; R$ 48,00 
CAMISA;CAMISA POLO TROCAR PUNHO MALHA; R$ 33,60 
CAMISA;CAMISA POLO TROCAR ZIPER; R$ 25,20 
CAMISA;CAMISA POLO VIRAR COLARINHO; R$ 36,00 
CAMISA;CAMISA POLO VIRAR REGATA; R$ 48,00 
CAMISA;CAMISA PREGAR BOLSO; R$ 42,00 
CAMISA;CAMISA PREGAR BOTÃO; R$ 3,60 
CAMISA;CAMISA PREGAR BOTAO METAL; R$ 6,00 
CAMISA;CAMISA PREGAR DETALH  BARRA; R$ 33,60 
CAMISA;CAMISA PREGAR TAGS CADA; R$ 12,00 
CAMISA;CAMISA REFORÇO COSTURA CADA; R$ 12,00 
CAMISA;CAMISA SO PREGAR BOTAO; R$ 3,60 
CAMISA;CAMISA SUBIR CAVA; R$ 32,40 
CAMISA;CAMISA SUBIR OMBRO; R$ 43,20 
CAMISA;CAMISA SUBIR OMBRO C/APLIQU; R$ 52,80 
CAMISA;CAMISA SUBIR PUNHO; R$ 40,00 
CAMISA;CAMISA SUBIR PUNHO C ZIPER; R$ 42,00 
CAMISA;CAMISA TIRA GOLA E ACABAMEN; R$ 36,00 
CAMISA;CAMISA TIRAR FRANZIDO MANGA; R$ 36,00 
CAMISA;CAMISA TIRAR MANGA E ACABAM; R$ 44,40 
CAMISA;CAMISA TROC ZIPER INVIS GDE; R$ 27,60 
CAMISA;CAMISA TROCAR BOTAO; R$ 9,60 
CAMISA;CAMISA TROCAR BOTAO FORRADO; R$ 10,80 
CAMISA;CAMISA TROCAR COLARINHO; R$ 50,40 
CAMISA;CAMISA TROCAR CURSOR ZIPER; R$ 18,00 
CAMISA;CAMISA TROCAR OMBREIRA; R$ 30,00 
CAMISA;CAMISA TROCAR PUNHO; R$ 54,00 
CAMISA;CAMISA TROCAR TULE DA MANGA; R$ 68,40 
CAMISA;CAMISA TROCAR TULE DECOTE; R$ 56,40 
CAMISA;CAMISA TROCAR ZIPER; R$ 25,20 
CAMISA;CAMISA VIRAR COLARINHO; R$ 36,00 
CAMISA;CAMISA VIRAR PUNHO; R$ 36,00 
CAMISA;CAMISA VIRAR REGATA; R$ 54,00 
CAMISA;CAMISETA; R$ -   
CAMISA;CAMISETA ABRIR FENDA; R$ 21,60 
CAMISA;CAMISETA ABRIR GOLA ATRAS BOT; R$ 27,60 
CAMISA;CAMISETA ABRIR GOLA FRENTE BO; R$ 27,60 
CAMISA;CAMISETA AJUST LAT C FORRO ZI; R$ 48,00 
CAMISA;CAMISETA AJUSTE CANTO BOLSO; R$ 30,00 
CAMISA;CAMISETA AJUSTE DE CAVA; R$ 27,60 
CAMISA;CAMISETA AJUSTE DE CINTURA; R$ 30,00 
CAMISA;CAMISETA AJUSTE DE MANGA; R$ 28,80 
CAMISA;CAMISETA AJUSTE GERAL; R$ 44,40 
CAMISA;CAMISETA AJUSTE LATERAL; R$ 32,40 
CAMISA;CAMISETA ALÇA (PRENDER SUTIÃ); R$ 20,40 
CAMISA;CAMISETA ALÇAS (SIMPLES/ROLE); R$ 24,00 
CAMISA;CAMISETA APROFUNDAR AS PENCES; R$ 24,00 
CAMISA;CAMISETA BAIXAR A CAVA; R$ 27,60 
CAMISA;CAMISETA BAIXAR GOLA; R$ 30,00 
CAMISA;CAMISETA BARRA; R$ 21,60 
CAMISA;CAMISETA BARRA C ZIPER LATERA; R$ 32,40 
CAMISA;CAMISETA BARRA COM FENDA; R$ 25,20 
CAMISA;CAMISETA BARRA ORIGINAL; R$ 21,60 
CAMISA;CAMISETA BARRA OVERL SEM ACAB; R$ 9,60 
CAMISA;CAMISETA BARRA TUBINHO; R$ 25,20 
CAMISA;CAMISETA CASEAR C BOTAO CADA; R$ 9,60 
CAMISA;CAMISETA CASEAR S BOTAO; R$ 7,20 
CAMISA;CAMISETA CERZIR; R$ 24,00 
CAMISA;CAMISETA CERZIR MALHA A MAO; R$ 19,20 
CAMISA;CAMISETA COLOC COCH DE GANCH; R$ 10,80 
CAMISA;CAMISETA COLOC COCH DE PRESSA; R$ 12,00 
CAMISA;CAMISETA COLOC ILHOES CADA; R$ 4,80 
CAMISA;CAMISETA COLOCAR ALÇA; R$ 24,00 
CAMISA;CAMISETA COLOCAR ALÇA REGULAV; R$ 32,40 
CAMISA;CAMISETA COLOCAR BOLSO; R$ 36,00 
CAMISA;CAMISETA COLOCAR DETALHE TECI; R$ 22,80 
CAMISA;CAMISETA COLOCAR ELASTICO; R$ 25,20 
CAMISA;CAMISETA COLOCAR LAPELA BOLSO; R$ 25,20 
CAMISA;CAMISETA COLOCAR NESGA; R$ 33,60 
CAMISA;CAMISETA COLOCAR NESGA C TULE; R$ 56,40 
CAMISA;CAMISETA COLOCAR TULE DECOTE; R$ 54,00 
CAMISA;CAMISETA CONSERTOS DIVERSOS*; R$ -   
CAMISA;CAMISETA DESCER DECOTE; R$ -   
CAMISA;CAMISETA DIMINUIR ALCINHA; R$ 27,60 
CAMISA;CAMISETA DIMINUIR OMBREIRA; R$ 25,20 
CAMISA;CAMISETA DIMINUIR TAMANHO; R$ 54,00 
CAMISA;CAMISETA ELIMINAR BICO; R$ 30,00 
CAMISA;CAMISETA ENCURTAR BARRA; R$ 21,60 
CAMISA;CAMISETA ENCURTAR MANGA; R$ 21,60 
CAMISA;CAMISETA FECHAR DECOTE; R$ -   
CAMISA;CAMISETA FECHAR FENDA; R$ 20,40 
CAMISA;CAMISETA FOLGAR NA LATERAL; R$ -   
CAMISA;CAMISETA MUDAR BOTAO LUGAR; R$ 3,60 
CAMISA;CAMISETA PENCE; R$ 24,00 
CAMISA;CAMISETA PREGAR BOLSO; R$ 42,00 
CAMISA;CAMISETA PREGAR TAGS CADA; R$ 12,00 
CAMISA;CAMISETA REFAZER A BARRA; R$ 25,20 
CAMISA;CAMISETA REFORÇO COSTURA CADA; R$ 12,00 
CAMISA;CAMISETA SO PREGAR BOTAO; R$ 3,60 
CAMISA;CAMISETA SUBIR ALÇA NADADOR; R$ 21,60 
CAMISA;CAMISETA SUBIR ALÇA REGATA; R$ 21,60 
CAMISA;CAMISETA SUBIR ALCINHA ROLE; R$ 21,60 
CAMISA;CAMISETA SUBIR CAVA; R$ 27,60 
CAMISA;CAMISETA SUBIR OMBRO; R$ 36,00 
CAMISA;CAMISETA SUBIR OMBRO C/APLIQU; R$ 52,80 
CAMISA;CAMISETA TIRA GOLA E ACABAMEN; R$ 36,00 
CAMISA;CAMISETA TIRAR FRANZIDO MANGA; R$ 36,00 
CAMISA;CAMISETA TIRAR MANGA E ACABAM; R$ 40,80 
CAMISA;CAMISETA TROC ELASTIC PRESPON; R$ 30,00 
CAMISA;CAMISETA TROC ZIPER INVIS GDE; R$ 27,60 
CAMISA;CAMISETA TROCAR  ELASTICO; R$ 25,20 
CAMISA;CAMISETA TROCAR BOTAO; R$ 9,60 
CAMISA;CAMISETA TROCAR BOTAO FORRADO; R$ 10,80 
CAMISA;CAMISETA TROCAR CURSOR ZIPER; R$ 18,00 
CAMISA;CAMISETA TROCAR OMBREIRA; R$ 30,00 
CAMISA;CAMISETA TROCAR TULE DA MANGA; R$ 68,40 
CAMISA;CAMISETA TROCAR TULE DECOTE; R$ 56,40 
CAMISA;CAMISETA TROCAR ZIPER; R$ 25,20 
CAMISA;CAMISETA VIRAR REGATA; R$ 48,00 
CAMISA;CAMISOLA; R$ -   
CAMISA;CAMISOLA ABRIR FENDA; R$ 21,60 
CAMISA;CAMISOLA ABRIR GOLA ATRAS BOT; R$ 27,60 
CAMISA;CAMISOLA ABRIR GOLA FRENTE BO; R$ 27,60 
CAMISA;CAMISOLA AJUSTE DE CAVA; R$ 27,60 
CAMISA;CAMISOLA AJUSTE DE CINTURA; R$ 30,00 
CAMISA;CAMISOLA AJUSTE DE COSTA; R$ 40,80 
CAMISA;CAMISOLA AJUSTE GERAL; R$ 44,40 
CAMISA;CAMISOLA AJUSTE NO BUSTO; R$ 36,00 
CAMISA;CAMISOLA ALÇAS (SIMPLES/ROLE); R$ 24,00 
CAMISA;CAMISOLA APROFUNDAR AS PENCES; R$ 21,60 
CAMISA;CAMISOLA BAIXAR A CAVA; R$ 27,60 
CAMISA;CAMISOLA BARRA; R$ 30,00 
CAMISA;CAMISOLA BARRA LENÇO; R$ 50,40 
CAMISA;CAMISOLA BARRA OVERL SEM ACAB; R$ 21,60 
CAMISA;CAMISOLA BARRA POR CIMA; R$ 38,40 
CAMISA;CAMISOLA CASEAR C BOTAO CADA; R$ 9,60 
CAMISA;CAMISOLA CASEAR S BOTAO; R$ 7,20 
CAMISA;CAMISOLA CERZIR; R$ 24,00 
CAMISA;CAMISOLA COLOC COCH DE GANCH; R$ 10,80 
CAMISA;CAMISOLA COLOC COCH DE PRESSA; R$ 12,00 
CAMISA;CAMISOLA COLOC ILHOES CADA; R$ 4,80 
CAMISA;CAMISOLA COLOCAR ALÇA; R$ 27,60 
CAMISA;CAMISOLA COLOCAR ALÇA REGULAV; R$ 32,40 
CAMISA;CAMISOLA COLOCAR FORRO BUSTO; R$ 42,00 
CAMISA;CAMISOLA COLOCAR FORRO SIMPLE; R$ 96,00 
CAMISA;CAMISOLA COLOCAR NESGA; R$ 36,00 
CAMISA;CAMISOLA COLOCAR TULE DECOTE; R$ 54,00 
CAMISA;CAMISOLA CONSERTOS DIVERSOS*; R$ -   
CAMISA;CAMISOLA DESCER DECOTE; R$ -   
CAMISA;CAMISOLA DESCER DECOTE MALHA; R$ 24,00 
CAMISA;CAMISOLA DIMINUIR ALCINHA; R$ 27,60 
CAMISA;CAMISOLA DIMINUIR ELASTICO S; R$ 25,20 
CAMISA;CAMISOLA DIMINUIR OMBREIRA; R$ 32,40 
CAMISA;CAMISOLA ELIMINAR BICO; R$ 30,00 
CAMISA;CAMISOLA ENCURTAR BARRA; R$ 25,20 
CAMISA;CAMISOLA ENCURTAR MANGA; R$ 25,20 
CAMISA;CAMISOLA FECHAR DECOTE; R$ 20,40 
CAMISA;CAMISOLA FECHAR FENDA; R$ 20,40 
CAMISA;CAMISOLA FOLGAR NA LATERAL; R$ -   
CAMISA;CAMISOLA MUDAR BOTAO LUGAR; R$ 3,60 
CAMISA;CAMISOLA PENCE; R$ 24,00 
CAMISA;CAMISOLA PREGAR BOLSO; R$ 21,60 
CAMISA;CAMISOLA PREGAR DETALH  BARRA; R$ 33,60 
CAMISA;CAMISOLA PREGAR TAGS CADA; R$ 12,00 
CAMISA;CAMISOLA REFAZER A BARRA; R$ 25,20 
CAMISA;CAMISOLA REFORÇO COSTURA CADA; R$ 12,00 
CAMISA;CAMISOLA SO PREGAR BOTAO; R$ 3,60 
CAMISA;CAMISOLA SUBIR ALÇA NADADOR; R$ 21,60 
CAMISA;CAMISOLA SUBIR ALÇA REGATA; R$ 21,60 
CAMISA;CAMISOLA SUBIR ALCINHA ROLE; R$ 21,60 
CAMISA;CAMISOLA SUBIR CAVA; R$ 24,00 
CAMISA;CAMISOLA SUBIR OMBRO; R$ 36,00 
CAMISA;CAMISOLA SUBIR OMBRO C/APLIQU; R$ 56,40 
CAMISA;CAMISOLA TIRAR FRANZIDO MANGA; R$ 38,40 
CAMISA;CAMISOLA TIRAR MANGA E ACABAM; R$ 36,00 
CAMISA;CAMISOLA TROC ZIPER INVIS GDE; R$ 27,60 
CAMISA;CAMISOLA TROCAR  ELASTICO; R$ 25,20 
CAMISA;CAMISOLA TROCAR BOTAO; R$ 9,60 
CAMISA;CAMISOLA TROCAR BOTAO FORRADO; R$ 10,80 
CAMISA;CAMISOLA TROCAR TULE DECOTE; R$ 60,00 
CAMISA;CAMISOLA TROCAR ZIPER; R$ 25,20 
CAMISA;CAMISOLA VIRAR REGATA; R$ 48,00 
CAMISA;CAPA; R$ -   
CAMISA;CAPA ABRIR FENDA; R$ 21,60 
CAMISA;CAPA AJUSTE DE CINTURA; R$ 30,00 
CAMISA;CAPA AJUSTE GERAL; R$ 56,40 
CAMISA;CAPA BAIXAR A CAVA; R$ 24,00 
CAMISA;CAPA BARRA; R$ 27,60 
CAMISA;CAPA BARRA COM VIES FINO; R$ 33,60 
CAMISA;CAPA BARRA COM VIES LARGO; R$ 42,00 
CAMISA;CAPA BARRA OVERL SEM ACAB; R$ 21,60 
CAMISA;CAPA CASEAR C BOTAO CADA; R$ 9,60 
CAMISA;CAPA CASEAR S BOTAO; R$ 7,20 
CAMISA;CAPA CERZIR; R$ 24,00 
CAMISA;CAPA COLOC COCH DE GANCH; R$ 10,80 
CAMISA;CAPA COLOC COCH DE PRESSA; R$ 12,00 
CAMISA;CAPA COLOC ILHOES CADA; R$ 4,80 
CAMISA;CAPA COLOCAR ALÇA; R$ 24,00 
CAMISA;CAPA COLOCAR CADARÇO; R$ 22,80 
CAMISA;CAPA COLOCAR GOLA; R$ 48,00 
CAMISA;CAPA COLOCAR NESGA; R$ 33,60 
CAMISA;CAPA COLOCAR VELCRO; R$ 36,00 
CAMISA;CAPA COLOCAR ZIPER ACABAM; R$ 54,00 
CAMISA;CAPA CONSERTOS DIVERSOS*; R$ -   
CAMISA;CAPA DIMINUIR TAMANHO; R$ 42,00 
CAMISA;CAPA ENCURTAR BARRA; R$ 25,20 
CAMISA;CAPA FECHAR FENDA; R$ 20,40 
CAMISA;CAPA FEITIO; R$ -   
CAMISA;CAPA FEITIO - CAPA TV; R$ 54,00 
CAMISA;CAPA FEITIO ATE 3M BARRAD; R$ 146,40 
CAMISA;CAPA FEITIO CAPA COCHONET; R$ 98,40 
CAMISA;CAPA FEITIO CAPA EDREDON; R$ 116,40 
CAMISA;CAPA FEITIO GDE C ROLETE; R$ 116,40 
CAMISA;CAPA FEITIO PEQ C ROLETE; R$ 104,40 
CAMISA;CAPA FEITIO PEQUENO; R$ 54,00 
CAMISA;CAPA GARRAFA C/ VELCRO; R$ 30,00 
CAMISA;CAPA GARRAFA COM FITA; R$ 24,00 
CAMISA;CAPA PREGAR BOLSO; R$ 24,00 
CAMISA;CAPA REFORÇO COSTURA CADA; R$ 12,00 
CAMISA;CAPA SO PREGAR BOTAO; R$ 3,60 
CAMISA;CAPA SUBIR CAVA; R$ 24,00 
CAMISA;CAPA TIRA GOLA E ACABAMEN; R$ 30,00 
CAMISA;CAPA TIRAR O FORRO; R$ 56,40 
CAMISA;CAPA TROC ELASTIC PRESPON; R$ 54,00 
CAMISA;CAPA TROC ZIPER INVIS GDE; R$ 27,60 
CAMISA;CAPA TROCAR  ELASTICO; R$ 54,00 
CAMISA;CAPA TROCAR BOTAO; R$ 9,60 
CAMISA;CAPA TROCAR BOTAO FORRADO; R$ 10,80 
CAMISA;CAPA TROCAR CURSOR ZIPER; R$ 18,00 
CAMISA;CAPA TROCAR GOLA; R$ 30,00 
CAMISA;CAPA TROCAR ZIPER; R$ 25,20 
CAMISA;CAPA TROCAR ZIPER LONGO; R$ 44,40 
CAMISA;CAPA ZIPER CAPA CASAL; R$ 72,00 
CAMISA;CAPA ZIPER CAPA SOLTEIRO; R$ 60,00 
CAMISA;CASACO; R$ -   
CAMISA;CASACO ABRIR FENDA; R$ 33,60 
CAMISA;CASACO AJ LAT BOLSO INTERNO; R$ 96,00 
CAMISA;CASACO AJUST LAT C FORRO ZI; R$ 96,00 
CAMISA;CASACO AJUSTE DE CAVA; R$ 62,40 
CAMISA;CASACO AJUSTE DE CINTURA; R$ 40,80 
CAMISA;CASACO AJUSTE DE COSTA; R$ 84,00 
CAMISA;CASACO AJUSTE DE MANGA; R$ 56,40 
CAMISA;CASACO AJUSTE GERAL; R$ 414,00 
CAMISA;CASACO AJUSTE LAT C FORRO; R$ 80,40 
CAMISA;CASACO AJUSTE LATERAL; R$ 66,00 
CAMISA;CASACO AJUSTE MANGA C FORRO; R$ 78,00 
CAMISA;CASACO APROFUNDAR AS PENCES; R$ 40,80 
CAMISA;CASACO ARREDONDAR GOLA; R$ 78,00 
CAMISA;CASACO AUMENTAR COMPR C TEC; R$ -   
CAMISA;CASACO BAIXAR A CAVA; R$ 52,80 
CAMISA;CASACO BARRA; R$ 56,40 
CAMISA;CASACO BARRA OVERL SEM ACAB; R$ 36,00 
CAMISA;CASACO BARRA TUBINHO CFORRO; R$ 74,40 
CAMISA;CASACO CASEAR C BOTAO CADA; R$ 9,60 
CAMISA;CASACO CASEAR GOLA A MÃO BO; R$ 18,00 
CAMISA;CASACO CASEAR S BOTAO; R$ 7,20 
CAMISA;CASACO CERZIR; R$ 32,40 
CAMISA;CASACO COLC PRESSAO GDE CAD; R$ 14,40 
CAMISA;CASACO COLOC COCH DE GANCH; R$ 10,80 
CAMISA;CASACO COLOC COCH DE PRESSA; R$ 12,00 
CAMISA;CASACO COLOC ILHOES CADA; R$ 4,80 
CAMISA;CASACO COLOCAR BOLSO; R$ 54,00 
CAMISA;CASACO COLOCAR COTOVELEIRA; R$ 44,40 
CAMISA;CASACO COLOCAR GOLA; R$ 66,00 
CAMISA;CASACO COLOCAR GOLA MAO OBR; R$ 48,00 
CAMISA;CASACO COLOCAR LAPELA BOLSO; R$ 33,60 
CAMISA;CASACO COLOCAR NESGA; R$ 66,00 
CAMISA;CASACO COLOCAR OMBREIRA; R$ 42,00 
CAMISA;CASACO COLOCAR PASSANTE; R$ 42,00 
CAMISA;CASACO COLOCAR ZIPER ACABAM; R$ -   
CAMISA;CASACO CONSERTOS DIVERSOS*; R$ -   
CAMISA;CASACO DE COURO; R$ -   
CAMISA;CASACO DE COURO ABRIR FENDA; R$ 36,00 
CAMISA;CASACO DE COURO AJUSTE DE COST; R$ 96,00 
CAMISA;CASACO DE COURO AJUSTE LATERAL; R$ 84,00 
CAMISA;CASACO DE COURO AJUSTE MANGA C; R$ 90,00 
CAMISA;CASACO DE COURO AJUSTE MANGA S; R$ 114,00 
CAMISA;CASACO DE COURO ARREDONDAR GOL; R$ 132,00 
CAMISA;CASACO DE COURO BAIXAR A CAVA; R$ 54,00 
CAMISA;CASACO DE COURO BARRA; R$ 50,40 
CAMISA;CASACO DE COURO BARRA TUBINHO; R$ 60,00 
CAMISA;CASACO DE COURO CASEAR C BOTAO; R$ 14,40 
CAMISA;CASACO DE COURO CASEAR S BOTAO; R$ 12,00 
CAMISA;CASACO DE COURO CERZIR; R$ 36,00 
CAMISA;CASACO DE COURO COLC PRESSAO G; R$ 14,40 
CAMISA;CASACO DE COURO COLOC COCH DE; R$ 10,80 
CAMISA;CASACO DE COURO COLOC COCH DE; R$ 12,00 
CAMISA;CASACO DE COURO COLOC ILHOES C; R$ 4,80 
CAMISA;CASACO DE COURO COLOCAR GOLA; R$ -   
CAMISA;CASACO DE COURO COLOCAR GOLA M; R$ 44,40 
CAMISA;CASACO DE COURO COLOCAR LAPELA; R$ -   
CAMISA;CASACO DE COURO COLOCAR NESGA; R$ -   
CAMISA;CASACO DE COURO COLOCAR NESGA; R$ -   
CAMISA;CASACO DE COURO COLOCAR OMBREI; R$ -   
CAMISA;CASACO DE COURO COLOCAR PASSAN; R$ -   
CAMISA;CASACO DE COURO COLOCAR ZIPER; R$ 84,00 
CAMISA;CASACO DE COURO CONSERTOS DIVE; R$ -   
CAMISA;CASACO DE COURO DESCER MANGA C; R$ 72,00 
CAMISA;CASACO DE COURO DESCER MANGA C; R$ 78,00 
CAMISA;CASACO DE COURO DESCER MANGA S; R$ 66,00 
CAMISA;CASACO DE COURO DIMINUIR OMBRE; R$ 60,00 
CAMISA;CASACO DE COURO ENCURTAR BARRA; R$ 66,00 
CAMISA;CASACO DE COURO ENCURTAR MANGA; R$ 68,40 
CAMISA;CASACO DE COURO FECHAR BOLSO/T; R$ 27,60 
CAMISA;CASACO DE COURO FOLGAR NA LATE; R$ -   
CAMISA;CASACO DE COURO MUDAR BOTAO LU; R$ 9,60 
CAMISA;CASACO DE COURO PREGAR BOLSO; R$ 33,60 
CAMISA;CASACO DE COURO PREGAR BOTÃO; R$ 9,60 
CAMISA;CASACO DE COURO PREGAR BOTAO M; R$ 10,80 
CAMISA;CASACO DE COURO REFORÇO COSTUR; R$ 24,00 
CAMISA;CASACO DE COURO SO PREGAR BOTA; R$ 6,00 
CAMISA;CASACO DE COURO SUBIR CAVA; R$ 44,40 
CAMISA;CASACO DE COURO SUBIR FORRO NA; R$ 40,80 
CAMISA;CASACO DE COURO SUBIR FORRO NO; R$ 52,80 
CAMISA;CASACO DE COURO SUBIR OMBRO; R$ 146,40 
CAMISA;CASACO DE COURO SUBIR PUNHO; R$ 48,00 
CAMISA;CASACO DE COURO SUBIR PUNHO C; R$ 56,40 
CAMISA;CASACO DE COURO TIRA GOLA E AC; R$ 62,40 
CAMISA;CASACO DE COURO TIRAR FRANZIDO; R$ 86,40 
CAMISA;CASACO DE COURO TIRAR O FORRO; R$ 68,40 
CAMISA;CASACO DE COURO TIRAR OMBREIRA; R$ 38,40 
CAMISA;CASACO DE COURO TIRAR OMBREIRA; R$ 104,40 
CAMISA;CASACO DE COURO TROC ZIPER INV; R$ 86,40 
CAMISA;CASACO DE COURO TROCAR BOTAO; R$ 9,60 
CAMISA;CASACO DE COURO TROCAR BOTAO F; R$ 12,00 
CAMISA;CASACO DE COURO TROCAR CURSOR; R$ 25,20 
CAMISA;CASACO DE COURO TROCAR FORRO B; R$ 78,00 
CAMISA;CASACO DE COURO TROCAR FORRO M; R$ 150,00 
CAMISA;CASACO DE COURO TROCAR FORRO S; R$ 216,00 
CAMISA;CASACO DE COURO TROCAR GOLA; R$ 90,00 
CAMISA;CASACO DE COURO TROCAR OMBREIR; R$ 54,00 
CAMISA;CASACO DE COURO TROCAR PUNHO; R$ 96,00 
CAMISA;CASACO DE COURO TROCAR ZIPER; R$ 86,40 
CAMISA;CASACO DE COURO TROCAR ZIPER M; R$ 90,00 
CAMISA;CASACO DE COURO VIRAR PUNHO; R$ 80,40 
CAMISA;CASACO DE COURO ZIPER JAQUETA; R$ 110,40 
CAMISA;CASACO DE COURO ZIPERES NOS BO; R$ 84,00 
CAMISA;CASACO DESCER MANGA C ZIPER; R$ 50,40 
CAMISA;CASACO DESCER MANGA C/FORRO; R$ 54,00 
CAMISA;CASACO DESCER MANGA S/FORRO; R$ 48,00 
CAMISA;CASACO DIMINUIR COMPRIMENTO; R$ 56,40 
CAMISA;CASACO DIMINUIR OMBREIRA; R$ 54,00 
CAMISA;CASACO ELIMINAR BICO; R$ 40,80 
CAMISA;CASACO ENCURTAR MANGA; R$ 54,00 
CAMISA;CASACO FECHAR BOLSO/TIRAR; R$ 25,20 
CAMISA;CASACO FECHAR FENDA; R$ 24,00 
CAMISA;CASACO FOLGAR NA LATERAL; R$ 80,40 
CAMISA;CASACO FOLGAR NA MANGA; R$ 60,00 
CAMISA;CASACO MUDAR BOTAO LUGAR; R$ 3,60 
CAMISA;CASACO PREGAR BOLSO; R$ 42,00 
CAMISA;CASACO PREGAR BOTÃO; R$ 3,60 
CAMISA;CASACO PREGAR TAGS CADA; R$ 12,00 
CAMISA;CASACO REFORÇO COSTURA CADA; R$ 25,20 
CAMISA;CASACO SO PREGAR BOTAO; R$ 3,60 
CAMISA;CASACO SUBIR CAVA; R$ 50,40 
CAMISA;CASACO SUBIR FORRO NA MANGA; R$ 30,00 
CAMISA;CASACO SUBIR FORRO NO CORPO; R$ 38,40 
CAMISA;CASACO SUBIR OMBRO; R$ 86,40 
CAMISA;CASACO SUBIR OMBRO C/APLIQU; R$ 116,40 
CAMISA;CASACO SUBIR PUNHO; R$ 36,00 
CAMISA;CASACO TIRA GOLA E ACABAMEN; R$ 56,40 
CAMISA;CASACO TIRAR FRANZIDO MANGA; R$ 62,40 
CAMISA;CASACO TIRAR O FORRO; R$ 62,40 
CAMISA;CASACO TIRAR OMBREIRA; R$ 36,00 
CAMISA;CASACO TIRAR OMBREIRA E ACA; R$ 56,40 
CAMISA;CASACO TROC ZIPER INVIS GDE; R$ 50,40 
CAMISA;CASACO TROCAR BOTAO; R$ 42,00 
CAMISA;CASACO TROCAR BOTAO FORRADO; R$ 48,00 
CAMISA;CASACO TROCAR CURSOR ZIPER; R$ 21,60 
CAMISA;CASACO TROCAR FORRO BOLSO; R$ 54,00 
CAMISA;CASACO TROCAR FORRO MANGAS; R$ 108,00 
CAMISA;CASACO TROCAR FORRO SIMPLES; R$ 216,00 
CAMISA;CASACO TROCAR GOLA; R$ 66,00 
CAMISA;CASACO TROCAR MANGAS; R$ 144,00 
CAMISA;CASACO TROCAR OMBREIRA; R$ 54,00 
CAMISA;CASACO TROCAR ZIPER; R$ 44,40 
CAMISA;CASACO TROCAR ZIPER LONGO; R$ 78,00 
CAMISA;CASACO TROCAR ZIPER MANGAS; R$ 57,60 
CAMISA;CASACO VIES ZIPER/LAPELA; R$ 96,00 
CAMISA;CASACO ZIPERES NOS BOLSOS; R$ 54,00 
CAMISA;CHAPEU; R$ -   
CAMISA;CHAPEU CONSERTOS DIVERSOS*; R$ -   
CAMISA;CINTA MODELADORA; R$ -   
CAMISA;CINTA MODELADORA AJUSTE CINTA; R$ 42,00 
CAMISA;CINTA MODELADORA COLCHETE GANC; R$ 30,00 
CAMISA;CINTA MODELADORA COLOCAR VELCR; R$ 66,00 
CAMISA;CINTA MODELADORA CONSERTOS DIV; R$ -   
CAMISA;CINTA MODELADORA FOLGAR NA LAT; R$ -   
CAMISA;CINTO; R$ -   
CAMISA;CINTO COLOCAR VELCRO; R$ 21,60 
CAMISA;CINTO CONSERTOS DIVERSOS*; R$ -   
CAMISA;CINTO DIMINUIR COMP CINTO; R$ 24,00 
CAMISA;CINTO DIMINUIR LARGURA; R$ 27,60 
CAMISA;CINTO FURO EM CINTO; R$ 1,20 
CAMISA;CINTO PREGAR BOTAO METAL; R$ 6,00 
CAMISA;CINTO TROCAR  ELASTICO; R$ 36,00 
CAMISA;COBERTOR; R$ -   
CAMISA;COBERTOR BARRA; R$ 48,00 
CAMISA;COBERTOR BARRA CANTO MITRADO; R$ 84,00 
CAMISA;COBERTOR BARRA COM VIES FINO; R$ 66,00 
CAMISA;COBERTOR BARRA COM VIES LARGO; R$ 72,00 
CAMISA;COBERTOR COLOCAR ZIPER ACABAM; R$ 66,00 
CAMISA;COBERTOR CONSERTOS DIVERSOS*; R$ -   
CAMISA;COBERTOR TIRAR ELASTICO E ACA; R$ 48,00 
CAMISA;COBERTOR TROCAR VIES; R$ 84,00 
CAMISA;COLCHA CASAL; R$ -   
CAMISA;COLCHA CASAL BARRA; R$ 48,00 
CAMISA;COLCHA CASAL BARRA CANTO MITRA; R$ 96,00 
CAMISA;COLCHA CASAL BARRA COM VIES FI; R$ 78,00 
CAMISA;COLCHA CASAL BARRA COM VIES LA; R$ 84,00 
CAMISA;COLCHA CASAL COLOCAR ZIPER ACA; R$ 66,00 
CAMISA;COLCHA CASAL CONSERTOS DIVERSO; R$ -   
CAMISA;COLCHA CASAL FEITIO COM BARRAD; R$ 126,00 
CAMISA;COLCHA CASAL TIRAR ELASTICO E; R$ 48,00 
CAMISA;COLCHA CASAL TROCAR VIES; R$ 84,00 
CAMISA;COLCHA SOLTEIRO; R$ -   
CAMISA;COLCHA SOLTEIRO BARRA; R$ 42,00 
CAMISA;COLCHA SOLTEIRO BARRA CANTO MI; R$ 84,00 
CAMISA;COLCHA SOLTEIRO BARRA COM VIES; R$ 66,00 
CAMISA;COLCHA SOLTEIRO BARRA COM VIES; R$ 78,00 
CAMISA;COLCHA SOLTEIRO COLOCAR ZIPER; R$ 60,00 
CAMISA;COLCHA SOLTEIRO CONSERTOS DIVE; R$ -   
CAMISA;COLCHA SOLTEIRO FEITIO COM BAR; R$ 114,00 
CAMISA;COLCHA SOLTEIRO TIRAR ELASTICO; R$ 42,00 
CAMISA;COLCHA SOLTEIRO TROCAR VIES; R$ 78,00 
CAMISA;COLCHONETE; R$ -   
CAMISA;COLCHONETE COLOCAR VELCRO; R$ 78,00 
CAMISA;COLCHONETE COLOCAR ZIPER ACABA; R$ 72,00 
CAMISA;COLCHONETE CONSERTOS DIVERSOS*; R$ -   
CAMISA;COLCHONETE FEITIO CAPA COCHONE; R$ 98,40 
CAMISA;COLCHONETE TROCAR ZIPER; R$ 36,00 
CAMISA;COLCHONETE TROCAR ZIPER LONGO; R$ -   
CAMISA;COLCHONETE ZIPER CAPA CASAL; R$ 72,00 
CAMISA;COLCHONETE ZIPER CAPA SOLTEIRO; R$ 60,00 
CAMISA;COLETE; R$ -   
CAMISA;COLETE AJUSTE  ATRAS; R$ 42,00 
CAMISA;COLETE AJUSTE DE CAVA; R$ 30,00 
CAMISA;COLETE AJUSTE DE COSTA; R$ 36,00 
CAMISA;COLETE AJUSTE DE OMBRO; R$ 33,60 
CAMISA;COLETE AJUSTE LAT C FORRO; R$ 48,00 
CAMISA;COLETE AJUSTE LATERAL; R$ 32,40 
CAMISA;COLETE APROFUNDAR AS PENCES; R$ 30,00 
CAMISA;COLETE ARREDONDAR GOLA; R$ 78,00 
CAMISA;COLETE BAIXAR A CAVA; R$ 30,00 
CAMISA;COLETE BARRA; R$ 27,60 
CAMISA;COLETE CERZIR MALHA A MAO; R$ 19,20 
CAMISA;COLETE COLOCAR ALÇA REGULAV; R$ 32,40 
CAMISA;COLETE COLOCAR GOLA; R$ 56,40 
CAMISA;COLETE COLOCAR NESGA LATERA; R$ 54,00 
CAMISA;COLETE COLOCAR PASSANTE; R$ 42,00 
CAMISA;COLETE COLOCAR ZIPER ACABAM; R$ 54,00 
CAMISA;COLETE CONSERTOS DIVERSOS*; R$ -   
CAMISA;COLETE DIMINUIR ALCINHA; R$ -   
CAMISA;COLETE DIMINUIR COMP CINTO; R$ 18,00 
CAMISA;COLETE DIMINUIR COMPRIMENTO; R$ 56,40 
CAMISA;COLETE ENCURTAR BARRA; R$ 56,40 
CAMISA;COLETE PREGAR BOLSO; R$ 42,00 
CAMISA;COLETE PREGAR TAGS CADA; R$ 12,00 
CAMISA;COLETE REFORÇO COSTURA CADA; R$ 12,00 
CAMISA;COLETE SO PREGAR BOTAO; R$ 3,60 
CAMISA;COLETE SUBIR OMBRO; R$ 36,00 
CAMISA;COLETE SUBIR OMBRO C/APLIQU; R$ 56,40 
CAMISA;COLETE TROCAR CURSOR ZIPER; R$ 21,60 
CAMISA;COLETE TROCAR ZIPER; R$ 36,00 
CAMISA;COLETE VIES ZIPER/LAPELA; R$ 66,00 
CAMISA;CORPETE; R$ -   
CAMISA;CORPETE AJUST LAT C FORRO ZI; R$ 56,40 
CAMISA;CORPETE ALÇA ELASTICO COSTAS; R$ 36,00 
CAMISA;CORPETE COLCHETE GANCHO TIRA; R$ 30,00 
CAMISA;CORPETE COLOCAR ALÇA REGULAV; R$ 32,40 
CAMISA;CORPETE CONSERTOS DIVERSOS*; R$ -   
CAMISA;CORPETE DIM ALÇA ELAST COSTA; R$ 32,40 
CAMISA;CORPETE DIMINUIR ALCINHA; R$ 27,60 
CAMISA;CORPETE FOLGAR C/ FORRO ZIPE; R$ 56,40 
CAMISA;CORPETE SUBIR ALÇA NADADOR; R$ 21,60 
CAMISA;CORPETE SUBIR ALÇA REGATA; R$ 21,60 
CAMISA;CORPETE SUBIR ALCINHA ROLE; R$ 21,60 
CAMISA;CORPETE TROCAR VIES; R$ 56,40 
CAMISA;CORPETE TROCAR ZIPER; R$ 62,40 
CAMISA;CORTINA; R$ -   
CAMISA;CORTINA BARR FOLH 2 A 3 M; R$ 62,40 
CAMISA;CORTINA BARRA FOLH ATE 1,99M; R$ 44,40 
CAMISA;CORTINA COLOC ILHOES CADA; R$ 4,80 
CAMISA;CORTINA COLOCAR ALÇA; R$ -   
CAMISA;CORTINA CONSERTOS DIVERSOS*; R$ -   
CAMISA;CORTINA METRO C/BARRADO 85,0; R$ -   
CAMISA;CORTINA METRO SIMPLE 0 70,0; R$ -   
CAMISA;CORTINA TRO ROD DE COR 30 UN; R$ 52,80 
CAMISA;CORTINA TROC ARG COR 30 UN; R$ 44,40 
CAMISA;CORTINA TROCAR FRANZIDOR; R$ 84,00 
CAMISA;CUECA; R$ -   
CAMISA;CUECA AJUSTE DE CINTURA; R$ 36,00 
CAMISA;CUECA AJUSTE LATERAL; R$ 33,60 
CAMISA;CUECA CONSERTOS DIVERSOS*; R$ -   
CAMISA;CUECA DIMINUIR ELASTICO PR; R$ 32,40 
CAMISA;CUECA DIMINUIR ELASTICO S; R$ 25,20 
CAMISA;CUECA REFORÇO COSTURA CADA; R$ 12,00 
CAMISA;CUECA TROC ELASTIC PRESPON; R$ 30,00 
CAMISA;CUECA TROCAR  ELASTICO; R$ 25,20 
CAMISA;DIVERSOS*; R$ -   
CAMISA;DIVERSOS* ABAIXAR COS; R$ -   
CAMISA;DIVERSOS* ABRIR FENDA; R$ -   
CALÇA;DIVERSOS* AJ CALÇA COURO; R$ -   
CALÇA;DIVERSOS* AJ CALÇA SPORT C FOR; R$ -   
CALÇA;DIVERSOS* AJ CALÇA SPORT S FOR; R$ -   
CALÇA;DIVERSOS* AJ CINT CALÇA COURO; R$ -   
CALÇA;DIVERSOS* AJ PERN BOLSO SAFARI; R$ -   
CALÇA;DIVERSOS* AJ PERNA CAL COURO; R$ -   
CALÇA;DIVERSOS* AJUSTE BOLSO; R$ -   
CALÇA;DIVERSOS* AJUSTE CANTO BOLSO; R$ -   
CALÇA;DIVERSOS* AJUSTE CINTA MODELAD; R$ -   
CALÇA;DIVERSOS* AJUSTE COM FORRO; R$ -   
CALÇA;DIVERSOS* AJUSTE DE CINTURA; R$ -   
CALÇA;DIVERSOS* AJUSTE DE COS; R$ -   
CALÇA;DIVERSOS* AJUSTE DE DECOTE; R$ -   
CALÇA;DIVERSOS* AJUSTE DE GANCHO; R$ -   
CALÇA;DIVERSOS* AJUSTE DE MANGA; R$ -   
CALÇA;DIVERSOS* AJUSTE DE OMBRO; R$ -   
CALÇA;DIVERSOS* AJUSTE DE PERNAS; R$ -   
CALÇA;DIVERSOS* AJUSTE GERAL; R$ -   
CALÇA;DIVERSOS* AJUSTE LAT C FORRO; R$ -   
CALÇA;DIVERSOS* AJUSTE LATERAL; R$ -   
CALÇA;DIVERSOS* AJUSTE MANGA C FORRO; R$ -   
CALÇA;DIVERSOS* AJUSTE MANGA S FORRO; R$ -   
CALÇA;DIVERSOS* AJUSTE SEM FORRO; R$ -   
CALÇA;DIVERSOS* AJUSTE VEST COM APLI; R$ -   
CALÇA;DIVERSOS* ALÇAS (SIMPLES/ROLE); R$ -   
CALÇA;DIVERSOS* BAIXAR A CAVA; R$ -   
CALÇA;DIVERSOS* BARR FOLH 2 A 3 M; R$ -   
CALÇA;DIVERSOS* BARRA; R$ -   
CALÇA;DIVERSOS* BARRA C ZIPER LATERA; R$ -   
CALÇA;DIVERSOS* BARRA CALÇA COURO; R$ -   
CALÇA;DIVERSOS* BARRA COM FENDA; R$ -   
CALÇA;DIVERSOS* BARRA FOLH ATE 1,99M; R$ -   
CALÇA;DIVERSOS* BARRA ITALIANA; R$ -   
CALÇA;DIVERSOS* BARRA LENÇOL; R$ -   
CALÇA;DIVERSOS* BARRA MOLETOM; R$ -   
CALÇA;DIVERSOS* BARRA ORIGINAL; R$ -   
CALÇA;DIVERSOS* BARRA ORIGINAL FENDA; R$ -   
CALÇA;DIVERSOS* BARRA OVERL SEM ACAB; R$ -   
CALÇA;DIVERSOS* BARRA POR CIMA; R$ -   
CALÇA;DIVERSOS* BARRA RODADA C FORRO; R$ -   
CALÇA;DIVERSOS* BARRA RODADA S FORRO; R$ -   
CALÇA;DIVERSOS* BARRA SIMP TOA BANH; R$ -   
CALÇA;DIVERSOS* BARRA SIMP TOA MESA; R$ -   
CALÇA;DIVERSOS* BARRA SIMP TOA ROST; R$ -   
CALÇA;DIVERSOS* BARRA TUBINHO; R$ -   
CALÇA;DIVERSOS* BARRA TUBINHO CFORRO; R$ -   
CALÇA;DIVERSOS* CASEAR C BOTAO CADA; R$ -   
CALÇA;DIVERSOS* CASEAR S BOTAO; R$ -   
CALÇA;DIVERSOS* CERZIR; R$ -   
CALÇA;DIVERSOS* CERZIR MALHA A MAO; R$ -   
CALÇA;DIVERSOS* CERZIR MOLETOM; R$ -   
CALÇA;DIVERSOS* CERZIR RASGO C/TECID; R$ -   
CALÇA;DIVERSOS* COLOC COCH DE GANCH; R$ -   
CALÇA;DIVERSOS* COLOC COCH DE PRESSA; R$ -   
CALÇA;DIVERSOS* COLOC FEICHO DE SUTI; R$ -   
CALÇA;DIVERSOS* COLOC ILHOES CADA; R$ -   
CALÇA;DIVERSOS* COLOCAR ALÇA; R$ -   
CALÇA;DIVERSOS* COLOCAR BOJO; R$ -   
CALÇA;DIVERSOS* COLOCAR CADARÇO; R$ -   
CALÇA;DIVERSOS* COLOCAR COS; R$ -   
CALÇA;DIVERSOS* COLOCAR ELASTICO; R$ -   
CALÇA;DIVERSOS* COLOCAR GOLA; R$ -   
CALÇA;DIVERSOS* COLOCAR LASTEX; R$ -   
CALÇA;DIVERSOS* COLOCAR NESGA; R$ -   
CALÇA;DIVERSOS* COLOCAR NESGA LATERA; R$ -   
CALÇA;DIVERSOS* COLOCAR OMBREIRA; R$ -   
CALÇA;DIVERSOS* COLOCAR PENCE; R$ -   
CALÇA;DIVERSOS* COLOCAR VELCRO; R$ -   
CALÇA;DIVERSOS* COLOCAR ZIPER ACABAM; R$ -   
CALÇA;DIVERSOS* CONSERTOS DIVERSOS*; R$ -   
CALÇA;DIVERSOS* DIMI TAM E COL VIRA; R$ -   
CALÇA;DIVERSOS* DIMINUIR ALCINHA; R$ -   
CALÇA;DIVERSOS* DIMINUIR BOJO; R$ -   
CALÇA;DIVERSOS* DIMINUIR COMP CINTO; R$ -   
CALÇA;DIVERSOS* DIMINUIR COMPRIMENTO; R$ -   
CALÇA;DIVERSOS* DIMINUIR LARGU PUNHO; R$ -   
CALÇA;DIVERSOS* DIMINUIR LARGUR GODÊ; R$ -   
CALÇA;DIVERSOS* DIMINUIR LARGURA; R$ -   
CALÇA;DIVERSOS* DIMINUIR OMBREIRA; R$ -   
CALÇA;DIVERSOS* DIMINUIR TAM BUSTO; R$ -   
CALÇA;DIVERSOS* DIMINUIR TAM CALCINH; R$ -   
CALÇA;DIVERSOS* ENCURTAR BARRA; R$ -   
CALÇA;DIVERSOS* ENCURTAR MANGA; R$ -   
CALÇA;DIVERSOS* FECHAR FENDA; R$ -   
CALÇA;DIVERSOS* FEITIO; R$ -   
CALÇA;DIVERSOS* FEITIO AVENTAL SIMP; R$ -   
CALÇA;DIVERSOS* FEITIO SAQUINHOS; R$ -   
CALÇA;DIVERSOS* FOLGAR CINT CAL SOCI; R$ -   
CALÇA;DIVERSOS* FOLGAR CINTURA; R$ -   
CALÇA;DIVERSOS* FOLGAR NA LATERAL; R$ -   
CALÇA;DIVERSOS* FURO EM CINTO; R$ -   
CALÇA;DIVERSOS* PENCE; R$ -   
CALÇA;DIVERSOS* PREGAR BOLSO; R$ -   
CALÇA;DIVERSOS* PREGAR JOELHEIRAS; R$ -   
CALÇA;DIVERSOS* PREGAR TAGS CADA; R$ -   
CALÇA;DIVERSOS* PRENDER ALÇ DE BOLSA; R$ -   
CALÇA;DIVERSOS* REFORÇO COSTURA CADA; R$ -   
CALÇA;DIVERSOS* SUBIR ALÇA NADADOR; R$ -   
CALÇA;DIVERSOS* SUBIR ALÇA REGATA; R$ -   
CALÇA;DIVERSOS* SUBIR ALCINHA ROLE; R$ -   
CALÇA;DIVERSOS* SUBIR CAVA; R$ -   
CALÇA;DIVERSOS* SUBIR PUNHO; R$ -   
CALÇA;DIVERSOS* SUBIR PUNHO C ZIPER; R$ -   
CALÇA;DIVERSOS* TIRA GOLA E ACABAMEN; R$ -   
CALÇA;DIVERSOS* TIRAR BOJO E ACABAME; R$ -   
CALÇA;DIVERSOS* TIRAR GOLAS; R$ -   
CALÇA;DIVERSOS* TRANSF EM BERMUDA; R$ -   
CALÇA;DIVERSOS* TRO ROD DE COR 30 UN; R$ -   
CALÇA;DIVERSOS* TROC ARG COR 30 UN; R$ -   
CALÇA;DIVERSOS* TROC ZIP LAT NA BARR; R$ -   
CALÇA;DIVERSOS* TROC ZIPER INVIS GDE; R$ -   
CALÇA;DIVERSOS* TROCAR  ELASTICO; R$ -   
CALÇA;DIVERSOS* TROCAR  LASTEX; R$ -   
CALÇA;DIVERSOS* TROCAR BOTAO; R$ -   
CALÇA;DIVERSOS* TROCAR BOTAO FORRADO; R$ -   
CALÇA;DIVERSOS* TROCAR COLARINHO; R$ -   
CALÇA;DIVERSOS* TROCAR ELASTIC PERNA; R$ -   
CALÇA;DIVERSOS* TROCAR FORRO RODADO; R$ -   
CALÇA;DIVERSOS* TROCAR FORRO SIMPLES; R$ -   
CALÇA;DIVERSOS* TROCAR FRANZIDOR; R$ -   
CALÇA;DIVERSOS* TROCAR GOLA; R$ -   
CALÇA;DIVERSOS* TROCAR MANGAS; R$ -   
CALÇA;DIVERSOS* TROCAR PUNHO; R$ -   
CALÇA;DIVERSOS* TROCAR PUNHO MALHA; R$ -   
CALÇA;DIVERSOS* TROCAR TULE MANGAS; R$ -   
CALÇA;DIVERSOS* TROCAR ZIPER; R$ -   
CALÇA;DIVERSOS* VIES ALGOD TOA BANH; R$ -   
CALÇA;DIVERSOS* VIES DE ALGO TOA ROS; R$ -   
CALÇA;DIVERSOS* VIES EM FRALDA; R$ -   
CALÇA;DIVERSOS* VIES SIMP TOA MESA; R$ -   
CALÇA;DIVERSOS* VIRAR COLARINHO; R$ -   
CALÇA;DIVERSOS* VIRAR PUNHO; R$ -   
CALÇA;ECHARP; R$ -   
CALÇA;ECHARP CONSERTOS DIVERSOS*; R$ -   
CALÇA;EDREDON; R$ -   
CALÇA;EDREDON COLOCAR ZIPER ACABAM; R$ 78,00 
CALÇA;EDREDON CONSERTOS DIVERSOS*; R$ -   
CALÇA;EDREDON TROCAR ZIPER; R$ 68,40 
CALÇA;EDREDON TROCAR ZIPER LONGO; R$ 68,40 
CALÇA;FANTASIA; R$ -   
CALÇA;FANTASIA ABRIR GOLA ATRAS BOT; R$ 27,60 
CALÇA;FANTASIA ABRIR GOLA FRENTE BO; R$ 27,60 
CALÇA;FANTASIA AJUSTE DE COSTA; R$ -   
CALÇA;FANTASIA ALÇA (PRENDER SUTIÃ); R$ 16,80 
CALÇA;FANTASIA ALÇA ELASTICO COSTAS; R$ 32,40 
CALÇA;FANTASIA BARRA; R$ -   
CALÇA;FANTASIA BARRA COM FENDA; R$ -   
CALÇA;FANTASIA BARRA COM VIES FINO; R$ -   
CALÇA;FANTASIA COLCHETE GANCHO TIRA; R$ 25,20 
CALÇA;FANTASIA COLOCAR ALÇA; R$ 25,20 
CALÇA;FANTASIA COLOCAR ALÇA REGULAV; R$ 32,40 
CALÇA;FANTASIA COLOCAR NESGA C TULE; R$ 60,00 
CALÇA;FANTASIA COLOCAR PASSANTE; R$ 36,00 
CALÇA;FANTASIA COLOCAR TULE DECOTE; R$ 54,00 
CALÇA;FANTASIA COLOCAR ZIPER ACABAM; R$ 54,00 
CALÇA;FANTASIA CONSERTOS DIVERSOS*; R$ -   
CALÇA;FANTASIA DESCER DECOTE; R$ -   
CALÇA;FANTASIA DESCER DECOTE MALHA; R$ 24,00 
CALÇA;FANTASIA DIM ALÇA ELAST COSTA; R$ 27,60 
CALÇA;FANTASIA DIMINUIR ELASTICO PR; R$ 30,00 
CALÇA;FANTASIA DIMINUIR ELASTICO S; R$ 25,20 
CALÇA;FANTASIA DIMINUIR MANGA C FOR; R$ -   
CALÇA;FANTASIA DIMINUIR MANGA S/FOR; R$ -   
CALÇA;FANTASIA ELASTICO NAS MANGAS; R$ 25,20 
CALÇA;FANTASIA REFORÇO COSTURA CADA; R$ 12,00 
CALÇA;FANTASIA SO PREGAR BOTAO; R$ 3,60 
CALÇA;FANTASIA SUBIR OMBRO; R$ 36,00 
CALÇA;FANTASIA SUBIR OMBRO C/APLIQU; R$ 56,40 
CALÇA;FANTASIA TIRAR FRANZIDO MANGA; R$ 36,00 
CALÇA;FANTASIA TROCAR  ELASTICO; R$ 25,20 
CALÇA;FANTASIA TROCAR CURSOR ZIPER; R$ 18,00 
CALÇA;FANTASIA TROCAR TULE; R$ 146,40 
CALÇA;FANTASIA TROCAR TULE DA MANGA; R$ 68,40 
CALÇA;FANTASIA TROCAR TULE DECOTE; R$ 56,40 
CALÇA;FANTASIA TROCAR TULE MANGAS; R$ 80,40 
CALÇA;FANTASIA TROCAR ZIPER; R$ 25,20 
CALÇA;FITNESS; R$ -   
CALÇA;FITNESS ABAIXAR COS; R$ 42,00 
CALÇA;FITNESS AJUSTE  ATRAS; R$ 32,40 
CALÇA;FITNESS AJUSTE CANTO BOLSO; R$ 32,40 
CALÇA;FITNESS AJUSTE DE CINTURA; R$ 36,00 
CALÇA;FITNESS AJUSTE DE COS; R$ 36,00 
CALÇA;FITNESS AJUSTE DE GANCHO; R$ 36,00 
CALÇA;FITNESS AJUSTE DE PERNAS; R$ 48,00 
CALÇA;FITNESS AJUSTE GERAL; R$ 72,00 
CALÇA;FITNESS AJUSTE LATERAL; R$ 36,00 
CALÇA;FITNESS BARRA; R$ 21,60 
CALÇA;FITNESS BARRA C ZIPER LATERA; R$ 48,00 
CALÇA;FITNESS CASEAR C BOTAO CADA; R$ 9,60 
CALÇA;FITNESS CASEAR S BOTAO; R$ 7,20 
CALÇA;FITNESS CERZIR; R$ 24,00 
CALÇA;FITNESS COLOC COCH DE GANCH; R$ 10,80 
CALÇA;FITNESS COLOC COCH DE PRESSA; R$ 12,00 
CALÇA;FITNESS COLOC COS C ELASTICO; R$ 62,40 
CALÇA;FITNESS COLOC COS C PASSANTE; R$ 69,60 
CALÇA;FITNESS COLOC ILHOES CADA; R$ 4,80 
CALÇA;FITNESS COLOCAR CADARÇO; R$ 20,40 
CALÇA;FITNESS COLOCAR COS; R$ 57,60 
CALÇA;FITNESS COLOCAR ELASTICO; R$ 30,00 
CALÇA;FITNESS COLOCAR NESGA; R$ 36,00 
CALÇA;FITNESS COLOCAR NESGA LATERA; R$ 48,00 
CALÇA;FITNESS COLOCAR ZIPER ACABAM; R$ 54,00 
CALÇA;FITNESS CONSERTOS DIVERSOS*; R$ -   
CALÇA;FITNESS DIMINUIR CORPO SIMPL; R$ 30,00 
CALÇA;FITNESS DIMINUIR ELASTICO PR; R$ 33,60 
CALÇA;FITNESS FECHAR FENDA; R$ 27,60 
CALÇA;FITNESS FOLGAR CINTURA; R$ 36,00 
CALÇA;FITNESS FOLGAR ELASTICO SIMP; R$ 30,00 
CALÇA;FITNESS FOLGAR O ELASTICO; R$ 33,60 
CALÇA;FITNESS OVERLOQ ENTRE PERNAS; R$ 22,80 
CALÇA;FITNESS REFAZER A BARRA; R$ 21,60 
CALÇA;FITNESS REFAZER FRIZO; R$ 21,60 
CALÇA;FITNESS REFORÇO COSTURA CADA; R$ 12,00 
CALÇA;FITNESS TROC ELASTIC PRESPON; R$ 36,00 
CALÇA;FITNESS TROC ZIP LAT NA BARR; R$ 48,00 
CALÇA;FITNESS TROCAR  ELASTICO; R$ 30,00 
CALÇA;FITNESS TROCAR CÓS; R$ 48,00 
CALÇA;FITNESS TROCAR ZIPER; R$ 25,20 
CALÇA;FITNESS ZIPERES NOS BOLSOS; R$ 48,00 
CALÇA;FRALDA; R$ -   
CALÇA;FRALDA BARRA; R$ 18,00 
CALÇA;FRALDA BARRA COM VIES/RENDA; R$ 25,20 
CALÇA;FRALDA BARRA REDOR OVER PEQ; R$ 15,60 
CALÇA;FRALDA CONSERTOS DIVERSOS*; R$ -   
CALÇA;FRALDA PREGAR DETALH  BARRA; R$ 15,60 
CALÇA;FRONHA; R$ -   
CALÇA;FRONHA COLOCAR VELCRO; R$ 24,00 
CALÇA;FRONHA COLOCAR VIRA; R$ 24,00 
CALÇA;FRONHA COLOCAR ZIPER ACABAM; R$ 54,00 
CALÇA;FRONHA CONSERTOS DIVERSOS*; R$ -   
CALÇA;FRONHA DIMI TAM E COL VIRA; R$ 38,40 
CALÇA;FRONHA DIMINUIR TAMANHO; R$ 33,60 
CALÇA;FRONHA FEITIO; R$ 40,80 
CALÇA;FRONHA FEITIO COM BARRADO; R$ 54,00 
CALÇA;FRONHA REFORÇO COSTURA CADA; R$ 12,00 
CALÇA;GRAVATA; R$ -   
CALÇA;GRAVATA CONSERTOS DIVERSOS*; R$ -   
CALÇA;GRAVATA DIMINUIR COMPRIMENTO; R$ 36,00 
CALÇA;GRAVATA DIMINUIR LARGURA; R$ 42,00 
CALÇA;GUARDA CHUVA; R$ -   
CALÇA;GUARDA CHUVA CONSERTOS DIVERSO; R$ -   
CALÇA;GUARDA SOL; R$ -   
CALÇA;GUARDA SOL CONSERTOS DIVERSOS*; R$ -   
CALÇA;GUARDANAPO; R$ -   
CALÇA;GUARDANAPO CONSERTOS DIVERSOS*; R$ -   
CALÇA;GUARDANAPO FEITIO - CADA; R$ 21,60 
CALÇA;HOBBY; R$ -   
CALÇA;HOBBY BARRA; R$ 30,00 
CALÇA;HOBBY BARRA RODADA S FORRO; R$ 36,00 
CALÇA;HOBBY CERZIR; R$ 24,00 
CALÇA;HOBBY CONSERTOS DIVERSOS*; R$ -   
CALÇA;HOBBY PREGAR TAGS CADA; R$ 12,00 
CALÇA;HOBBY REFORÇO COSTURA CADA; R$ 12,00 
CALÇA;HOBBY SUBIR OMBRO; R$ 40,80 
CALÇA;HOBBY SUBIR OMBRO C/APLIQU; R$ 56,40 
CALÇA;HOBBY TIRA GOLA E ACABAMEN; R$ 32,40 
CALÇA;HOBBY TIRAR MANGA E ACABAM; R$ 42,00 
CALÇA;HOBBY TROCAR FORRO BOLSO; R$ 48,00 
CALÇA;HOBBY VIRAR MANGA REGATA; R$ 54,00 
CALÇA;JAQUETA; R$ -   
CALÇA;JAQUETA AJUSTE DE CINTURA; R$ 40,80 
CALÇA;JAQUETA AJUSTE DE COSTA; R$ 84,00 
CALÇA;JAQUETA AJUSTE DE MANGA; R$ 56,40 
CALÇA;JAQUETA AJUSTE DE OMBRO; R$ 84,00 
CALÇA;JAQUETA AJUSTE GERAL; R$ 216,00 
CALÇA;JAQUETA AJUSTE LAT C FORRO; R$ 66,00 
CALÇA;JAQUETA AJUSTE LATERAL; R$ 48,00 
CALÇA;JAQUETA AJUSTE MANGA C FORRO; R$ 56,40 
CALÇA;JAQUETA AJUSTE MANGA S FORRO; R$ 44,40 
CALÇA;JAQUETA BAIXAR A CAVA; R$ 42,00 
CALÇA;JAQUETA BARRA; R$ 44,40 
CALÇA;JAQUETA CASEAR C BOTAO CADA; R$ 12,00 
CALÇA;JAQUETA CASEAR GOLA A MÃO BO; R$ 18,00 
CALÇA;JAQUETA CASEAR S BOTAO; R$ 9,60 
CALÇA;JAQUETA CERZIR; R$ 32,40 
CALÇA;JAQUETA COLOC COCH DE GANCH; R$ 10,80 
CALÇA;JAQUETA COLOC COCH DE PRESSA; R$ 12,00 
CALÇA;JAQUETA COLOCAR COTOVELEIRA; R$ 42,00 
CALÇA;JAQUETA COLOCAR ELASTICO; R$ 36,00 
CALÇA;JAQUETA COLOCAR GOLA; R$ 66,00 
CALÇA;JAQUETA COLOCAR GOLA MAO OBR; R$ 36,00 
CALÇA;JAQUETA COLOCAR NESGA LATERA; R$ 84,00 
CALÇA;JAQUETA COLOCAR PASSANTE; R$ 48,00 
CALÇA;JAQUETA COLOCAR ZIPER ACABAM; R$ 132,00 
CALÇA;JAQUETA CONSERTOS DIVERSOS*; R$ -   
CALÇA;JAQUETA DE COURO; R$ -   
CALÇA;JAQUETA DE COURO AJUSTE LATERA; R$ 174,00 
CALÇA;JAQUETA DE COURO AJUSTE MANGA; R$ 138,00 
CALÇA;JAQUETA DE COURO AJUSTE MANGA; R$ 114,00 
CALÇA;JAQUETA DE COURO CASEAR C BOTA; R$ 14,40 
CALÇA;JAQUETA DE COURO CASEAR S BOTA; R$ 12,00 
CALÇA;JAQUETA DE COURO CERZIR; R$ 44,40 
CALÇA;JAQUETA DE COURO COLOC COCH DE; R$ 10,80 
CALÇA;JAQUETA DE COURO COLOC COCH DE; R$ 12,00 
CALÇA;JAQUETA DE COURO COLOC ILHOES; R$ 9,60 
CALÇA;JAQUETA DE COURO COLOCAR GOLA; R$ -   
CALÇA;JAQUETA DE COURO COLOCAR NESGA; R$ -   
CALÇA;JAQUETA DE COURO COLOCAR NESGA; R$ -   
CALÇA;JAQUETA DE COURO COLOCAR PASSA; R$ -   
CALÇA;JAQUETA DE COURO COLOCAR ZIPER; R$ 150,00 
CALÇA;JAQUETA DE COURO CONSERTOS DIV; R$ -   
CALÇA;JAQUETA DE COURO DESCER MANGA; R$ 78,00 
CALÇA;JAQUETA DE COURO DESCER MANGA; R$ 72,00 
CALÇA;JAQUETA DE COURO DESCER MANGA; R$ 78,00 
CALÇA;JAQUETA DE COURO DIMINUIR COMP; R$ -   
CALÇA;JAQUETA DE COURO ELASTICO CÓS; R$ 66,00 
CALÇA;JAQUETA DE COURO ELASTICO CÓS; R$ 120,00 
CALÇA;JAQUETA DE COURO ELASTICO NAS; R$ 48,00 
CALÇA;JAQUETA DE COURO ENCURTAR BARR; R$ 72,00 
CALÇA;JAQUETA DE COURO ENCURTAR MANG; R$ 54,00 
CALÇA;JAQUETA DE COURO FECHAR BOLSO/; R$ 32,40 
CALÇA;JAQUETA DE COURO MUDAR BOTAO L; R$ 9,60 
CALÇA;JAQUETA DE COURO PREGAR BOLSO; R$ 42,00 
CALÇA;JAQUETA DE COURO PREGAR BOTAO; R$ 9,60 
CALÇA;JAQUETA DE COURO PREGAR BOTÃO; R$ 3,60 
CALÇA;JAQUETA DE COURO PREGAR TAGS C; R$ 24,00 
CALÇA;JAQUETA DE COURO REFORÇO COSTU; R$ 36,00 
CALÇA;JAQUETA DE COURO SO PREGAR BOT; R$ 3,60 
CALÇA;JAQUETA DE COURO SUBIR OMBRO; R$ 194,40 
CALÇA;JAQUETA DE COURO SUBIR PUNHO; R$ 62,40 
CALÇA;JAQUETA DE COURO SUBIR PUNHO C; R$ 74,40 
CALÇA;JAQUETA DE COURO TIRA GOLA E A; R$ 68,40 
CALÇA;JAQUETA DE COURO TIRAR FRANZID; R$ 134,40 
CALÇA;JAQUETA DE COURO TIRAR MANGA E; R$ 98,40 
CALÇA;JAQUETA DE COURO TIRAR O FORRO; R$ 68,40 
CALÇA;JAQUETA DE COURO TIRAR OMBREIR; R$ 38,40 
CALÇA;JAQUETA DE COURO TIRAR OMBREIR; R$ 104,40 
CALÇA;JAQUETA DE COURO TROC ELASTIC; R$ 114,00 
CALÇA;JAQUETA DE COURO TROC ZIPER IN; R$ 116,40 
CALÇA;JAQUETA DE COURO TROCAR CURSOR; R$ 25,20 
CALÇA;JAQUETA DE COURO TROCAR FORRO; R$ 228,00 
CALÇA;JAQUETA DE COURO TROCAR FORRO; R$ 150,00 
CALÇA;JAQUETA DE COURO TROCAR FORRO; R$ 78,00 
CALÇA;JAQUETA DE COURO TROCAR GOLA; R$ 90,00 
CALÇA;JAQUETA DE COURO TROCAR PUNHO; R$ 108,00 
CALÇA;JAQUETA DE COURO TROCAR PUNHO; R$ 86,40 
CALÇA;JAQUETA DE COURO TROCAR ZIPER; R$ 116,40 
CALÇA;JAQUETA DE COURO TROCAR ZIPER; R$ 96,00 
CALÇA;JAQUETA DE COURO VIES ZIPER/LA; R$ 180,00 
CALÇA;JAQUETA DE COURO VIRAR COLARIN; R$ 62,40 
CALÇA;JAQUETA DE COURO VIRAR PUNHO; R$ 80,40 
CALÇA;JAQUETA DE COURO ZIPER JAQUETA; R$ 110,40 
CALÇA;JAQUETA DE COURO ZIPERES NOS B; R$ 84,00 
CALÇA;JAQUETA DESCER MANGA C ZIPER; R$ 57,60 
CALÇA;JAQUETA DESCER MANGA C/FORRO; R$ 66,00 
CALÇA;JAQUETA DESCER MANGA S/FORRO; R$ 60,00 
CALÇA;JAQUETA DIMINUIR COMPRIMENTO; R$ 48,00 
CALÇA;JAQUETA DIMINUIR ELASTICO PR; R$ 60,00 
CALÇA;JAQUETA DIMINUIR LARGU PUNHO; R$ 36,00 
CALÇA;JAQUETA DIMINUIR MANGA C FOR; R$ 66,00 
CALÇA;JAQUETA DIMINUIR MANGA S/FOR; R$ 60,00 
CALÇA;JAQUETA ELASTICO CÓS INTEIRO; R$ 48,00 
CALÇA;JAQUETA ELASTICO CÓS LATERAL; R$ 36,00 
CALÇA;JAQUETA ELASTICO NAS MANGAS; R$ 30,00 
CALÇA;JAQUETA ENCURTAR BARRA; R$ 44,40 
CALÇA;JAQUETA ENCURTAR MANGA; R$ 60,00 
CALÇA;JAQUETA FECHAR BOLSO/TIRAR; R$ 21,60 
CALÇA;JAQUETA FOLGAR NA MANGA; R$ 56,40 
CALÇA;JAQUETA FOLGAR O ELASTICO; R$ 98,40 
CALÇA;JAQUETA INFANTIL; R$ -   
CALÇA;JAQUETA INFANTIL AJUSTE DE CIN; R$ 42,00 
CALÇA;JAQUETA INFANTIL AJUSTE DE COS; R$ 60,00 
CALÇA;JAQUETA INFANTIL AJUSTE DE MAN; R$ 52,80 
CALÇA;JAQUETA INFANTIL AJUSTE DE OMB; R$ 60,00 
CALÇA;JAQUETA INFANTIL AJUSTE GERAL; R$ 182,40 
CALÇA;JAQUETA INFANTIL AJUSTE LAT C; R$ 56,40 
CALÇA;JAQUETA INFANTIL AJUSTE LATERA; R$ 48,00 
CALÇA;JAQUETA INFANTIL AJUSTE MANGA; R$ 56,40 
CALÇA;JAQUETA INFANTIL AJUSTE MANGA; R$ 44,40 
CALÇA;JAQUETA INFANTIL BAIXAR A CAVA; R$ 36,00 
CALÇA;JAQUETA INFANTIL BAIXAR GOLA; R$ 42,00 
CALÇA;JAQUETA INFANTIL BARRA; R$ 44,40 
CALÇA;JAQUETA INFANTIL CASEAR C BOTA; R$ 12,00 
CALÇA;JAQUETA INFANTIL CASEAR S BOTA; R$ 9,60 
CALÇA;JAQUETA INFANTIL CERZIR; R$ 32,40 
CALÇA;JAQUETA INFANTIL COLOCAR COTOV; R$ 42,00 
CALÇA;JAQUETA INFANTIL COLOCAR ELAST; R$ 25,20 
CALÇA;JAQUETA INFANTIL COLOCAR GOLA; R$ 42,00 
CALÇA;JAQUETA INFANTIL COLOCAR GOLA; R$ 36,00 
CALÇA;JAQUETA INFANTIL COLOCAR NESGA; R$ 48,00 
CALÇA;JAQUETA INFANTIL COLOCAR ZIPER; R$ 54,00 
CALÇA;JAQUETA INFANTIL CONSERTOS DIV; R$ -   
CALÇA;JAQUETA INFANTIL DESCER MANGA; R$ 44,40 
CALÇA;JAQUETA INFANTIL DESCER MANGA; R$ 36,00 
CALÇA;JAQUETA INFANTIL DESCER MANGA; R$ 45,60 
CALÇA;JAQUETA INFANTIL DIMINUIR COMP; R$ 45,60 
CALÇA;JAQUETA INFANTIL DIMINUIR ELAS; R$ 60,00 
CALÇA;JAQUETA INFANTIL ELASTICO CÓS; R$ 26,40 
CALÇA;JAQUETA INFANTIL ELASTICO CÓS; R$ 44,40 
CALÇA;JAQUETA INFANTIL ENCURTAR BARR; R$ 42,00 
CALÇA;JAQUETA INFANTIL ENCURTAR MANG; R$ 42,00 
CALÇA;JAQUETA INFANTIL FECHAR BOLSO/; R$ 20,40 
CALÇA;JAQUETA INFANTIL FOLGAR NA MAN; R$ 56,40 
CALÇA;JAQUETA INFANTIL FOLGAR O ELAS; R$ 44,40 
CALÇA;JAQUETA INFANTIL MUDAR BOTAO L; R$ 3,60 
CALÇA;JAQUETA INFANTIL PREGAR BOLSO; R$ 25,20 
CALÇA;JAQUETA INFANTIL PREGAR BOTÃO; R$ 3,60 
CALÇA;JAQUETA INFANTIL REFORÇO COSTU; R$ 21,60 
CALÇA;JAQUETA INFANTIL SO PREGAR BOT; R$ 6,00 
CALÇA;JAQUETA INFANTIL SUBIR CAVA; R$ 36,00 
CALÇA;JAQUETA INFANTIL SUBIR OMBRO; R$ 44,40 
CALÇA;JAQUETA INFANTIL SUBIR OMBRO C; R$ 56,40 
CALÇA;JAQUETA INFANTIL SUBIR PUNHO; R$ 36,00 
CALÇA;JAQUETA INFANTIL SUBIR PUNHO C; R$ 40,80 
CALÇA;JAQUETA INFANTIL TIRA GOLA E A; R$ 36,00 
CALÇA;JAQUETA INFANTIL TIRAR GOLAS; R$ 26,40 
CALÇA;JAQUETA INFANTIL TIRAR MANGA E; R$ 56,40 
CALÇA;JAQUETA INFANTIL TIRAR O FORRO; R$ 68,40 
CALÇA;JAQUETA INFANTIL TROC ELASTIC; R$ 57,60 
CALÇA;JAQUETA INFANTIL TROC ZIPER IN; R$ 44,40 
CALÇA;JAQUETA INFANTIL TROCAR BOTAO; R$ 9,60 
CALÇA;JAQUETA INFANTIL TROCAR CURSOR; R$ 25,20 
CALÇA;JAQUETA INFANTIL TROCAR FORRO; R$ 102,00 
CALÇA;JAQUETA INFANTIL TROCAR FORRO; R$ 66,00 
CALÇA;JAQUETA INFANTIL TROCAR FORRO; R$ 54,00 
CALÇA;JAQUETA INFANTIL TROCAR GOLA; R$ 54,00 
CALÇA;JAQUETA INFANTIL TROCAR MANGAS; R$ 108,00 
CALÇA;JAQUETA INFANTIL TROCAR PUNHO; R$ 48,00 
CALÇA;JAQUETA INFANTIL TROCAR ZIPER; R$ 44,40 
CALÇA;JAQUETA INFANTIL TROCAR ZIPER; R$ 48,00 
CALÇA;JAQUETA INFANTIL VIES ZIPER/LA; R$ 78,00 
CALÇA;JAQUETA INFANTIL VIRAR COLARIN; R$ 40,80 
CALÇA;JAQUETA INFANTIL VIRAR PUNHO; R$ 40,80 
CALÇA;JAQUETA INFANTIL ZIPER JAQUETA; R$ 86,40 
CALÇA;JAQUETA INFANTIL ZIPERES NOS B; R$ 51,60 
CALÇA;JAQUETA MUDAR BOTAO LUGAR; R$ 3,60 
CALÇA;JAQUETA PREGAR BOLSO; R$ 42,00 
CALÇA;JAQUETA PREGAR BOTÃO; R$ 3,60 
CALÇA;JAQUETA PREGAR BOTAO METAL; R$ 6,00 
CALÇA;JAQUETA REFORÇO COSTURA CADA; R$ 25,20 
CALÇA;JAQUETA SO PREGAR BOTAO; R$ 6,00 
CALÇA;JAQUETA SUBIR CAVA; R$ 45,60 
CALÇA;JAQUETA SUBIR FORRO NA MANGA; R$ 42,00 
CALÇA;JAQUETA SUBIR MANGA P/ OMBRO; R$ 132,00 
CALÇA;JAQUETA SUBIR OMBRO; R$ 132,00 
CALÇA;JAQUETA SUBIR OMBRO C/APLIQU; R$ 144,00 
CALÇA;JAQUETA SUBIR PUNHO; R$ 48,00 
CALÇA;JAQUETA SUBIR PUNHO C ZIPER; R$ 52,80 
CALÇA;JAQUETA TIRA GOLA E ACABAMEN; R$ 48,00 
CALÇA;JAQUETA TIRAR ELASTICO E ACA; R$ 42,00 
CALÇA;JAQUETA TIRAR FRANZIDO MANGA; R$ 86,40 
CALÇA;JAQUETA TIRAR GOLAS; R$ 28,80 
CALÇA;JAQUETA TIRAR MANGA E ACABAM; R$ 56,40 
CALÇA;JAQUETA TIRAR O FORRO; R$ 68,40 
CALÇA;JAQUETA TIRAR OMBREIRA; R$ 36,00 
CALÇA;JAQUETA TIRAR OMBREIRA E ACA; R$ 56,40 
CALÇA;JAQUETA TROC ELASTIC PRESPON; R$ 57,60 
CALÇA;JAQUETA TROC ZIPER INVIS GDE; R$ 68,40 
CALÇA;JAQUETA TROCAR  ELASTICO; R$ 48,00 
CALÇA;JAQUETA TROCAR BOTAO; R$ 9,60 
CALÇA;JAQUETA TROCAR CURSOR ZIPER; R$ 25,20 
CALÇA;JAQUETA TROCAR FORRO BOLSO; R$ 54,00 
CALÇA;JAQUETA TROCAR FORRO MANGAS; R$ 108,00 
CALÇA;JAQUETA TROCAR FORRO SIMPLES; R$ 216,00 
CALÇA;JAQUETA TROCAR GOLA; R$ 78,00 
CALÇA;JAQUETA TROCAR MANGAS; R$ 144,00 
CALÇA;JAQUETA TROCAR PUNHO MALHA; R$ 48,00 
CALÇA;JAQUETA TROCAR VIES; R$ -   
CALÇA;JAQUETA TROCAR ZIPER; R$ 42,00 
CALÇA;JAQUETA TROCAR ZIPER LONGO; R$ 78,00 
CALÇA;JAQUETA TROCAR ZIPER MANGAS; R$ 60,00 
CALÇA;JAQUETA VIES ZIPER/LAPELA; R$ 102,00 
CALÇA;JAQUETA VIRAR COLARINHO; R$ 48,00 
CALÇA;JAQUETA VIRAR PUNHO; R$ 40,80 
CALÇA;JAQUETA ZIPER JAQUETA MOTO; R$ 86,40 
CALÇA;JAQUETA ZIPERES NOS BOLSOS; R$ 51,60 
CALÇA;JOGO AMERICANO; R$ -   
CALÇA;JOGO AMERICANO BARRA CANTO MIT; R$ 30,00 
CALÇA;JOGO AMERICANO CONSERTOS DIVER; R$ -   
CALÇA;JOGO AMERICANO FEITIO - CADA; R$ 24,00 
CALÇA;JOGO AMERICANO FEITIO COM BARR; R$ 30,00 
CALÇA;JOGO AMERICANO FEITIO COM ELAS; R$ 25,20 
CALÇA;JOGO AMERICANO TROCAR VIES; R$ -   
CALÇA;KIMONO; R$ -   
CALÇA;KIMONO BARRA; R$ 21,60 
CALÇA;KIMONO CONSERTOS DIVERSOS*; R$ -   
CALÇA;KIMONO ENCURTAR MANGA; R$ 25,20 
CALÇA;KIMONO PREGAR TAGS CADA; R$ 12,00 
CALÇA;KIMONO REFORÇO COSTURA CADA; R$ 12,00 
CALÇA;KIMONO SO PREGAR BOTAO; R$ 3,60 
CALÇA;KIMONO SUBIR OMBRO; R$ 44,40 
CALÇA;KIMONO SUBIR OMBRO C/APLIQU; R$ 56,40 
CALÇA;KIMONO TIRA GOLA E ACABAMEN; R$ 36,00 
CALÇA;KIMONO TIRAR FRANZIDO MANGA; R$ 74,40 
CALÇA;KIMONO TROCAR FORRO BOLSO; R$ 48,00 
CALÇA;LENÇO; R$ -   
CALÇA;LENÇO CONSERTOS DIVERSOS*; R$ -   
CALÇA;LENÇOL; R$ -   
CALÇA;LENÇOL AUMENTAR COMPR C TEC; R$ -   
CALÇA;LENÇOL BARR FOLH 2 A 3 M; R$ 54,00 
CALÇA;LENÇOL BARRA FOLH ATE 1,99M; R$ 48,00 
CALÇA;LENÇOL BARRA LENÇOL; R$ 48,00 
CALÇA;LENÇOL CERZIR; R$ 24,00 
CALÇA;LENÇOL COLOCAR ALÇA; R$ 24,00 
CALÇA;LENÇOL COLOCAR ELASTICO; R$ 30,00 
CALÇA;LENÇOL COLOCAR VELCRO; R$ 54,00 
CALÇA;LENÇOL COLOCAR VIRA; R$ 30,00 
CALÇA;LENÇOL COLOCAR ZIPER ACABAM; R$ 96,00 
CALÇA;LENÇOL CONSERTOS DIVERSOS*; R$ -   
CALÇA;LENÇOL DIMINUIR COMPRIMENTO; R$ 174,00 
CALÇA;LENÇOL DIMINUIR LARGURA; R$ 174,00 
CALÇA;LENÇOL DIMINUIR TAMANHO; R$ 168,00 
CALÇA;LENÇOL FEITIO ATE 3M BARRAD; R$ 170,40 
CALÇA;LENÇOL REFORÇO COSTURA CADA; R$ 12,00 
CALÇA;LENÇOL TIRAR ELASTICO E ACA; R$ 36,00 
CALÇA;LENÇOL TROCAR  ELASTICO; R$ 54,00 
CALÇA;LENÇOL TROCAR BOTAO; R$ 9,60 
CALÇA;LENÇOL TROCAR FRANZIDOR; R$ 180,00 
CALÇA;LENÇOL TROCAR VIES; R$ 212,40 
CALÇA;LENÇOL TROCAR ZIPER; R$ 104,40 
CALÇA;LENÇOL TROCAR ZIPER LONGO; R$ 146,40 
CALÇA;LUVAS; R$ -   
CALÇA;LUVAS CONSERTOS DIVERSOS*; R$ -   
CALÇA;MACACAO MOTO/SALTO; R$ -   
CALÇA;MACACAO MOTO/SALTO AJ PERN BOL; R$ 168,00 
CALÇA;MACACAO MOTO/SALTO AJUS COSTA; R$ 219,60 
CALÇA;MACACAO MOTO/SALTO AJUST LAT C; R$ 216,00 
CALÇA;MACACAO MOTO/SALTO AJUSTE DE B; R$ 72,00 
CALÇA;MACACAO MOTO/SALTO AJUSTE DE G; R$ 132,00 
CALÇA;MACACAO MOTO/SALTO AJUSTE DE J; R$ 72,00 
CALÇA;MACACAO MOTO/SALTO AJUSTE DE P; R$ 144,00 
CALÇA;MACACAO MOTO/SALTO AJUSTE LATE; R$ 168,00 
CALÇA;MACACAO MOTO/SALTO AJUSTE LATE; R$ 204,00 
CALÇA;MACACAO MOTO/SALTO AJUSTE MANG; R$ 144,00 
CALÇA;MACACAO MOTO/SALTO AJUSTE MANG; R$ 126,00 
CALÇA;MACACAO MOTO/SALTO BARRA; R$ 36,00 
CALÇA;MACACAO MOTO/SALTO BARRA C ZIP; R$ 56,40 
CALÇA;MACACAO MOTO/SALTO BARRA FORRO; R$ 102,00 
CALÇA;MACACAO MOTO/SALTO CERZIR; R$ 54,00 
CALÇA;MACACAO MOTO/SALTO CERZIR RASG; R$ 56,40 
CALÇA;MACACAO MOTO/SALTO COLOC COCH; R$ 10,80 
CALÇA;MACACAO MOTO/SALTO COLOC COCH; R$ 12,00 
CALÇA;MACACAO MOTO/SALTO COLOCAR BOL; R$ 72,00 
CALÇA;MACACAO MOTO/SALTO COLOCAR CAD; R$ 20,40 
CALÇA;MACACAO MOTO/SALTO COLOCAR COT; R$ 108,00 
CALÇA;MACACAO MOTO/SALTO COLOCAR PUN; R$ 98,40 
CALÇA;MACACAO MOTO/SALTO COLOCAR VEL; R$ 156,00 
CALÇA;MACACAO MOTO/SALTO COLOCAR ZIP; R$ 156,00 
CALÇA;MACACAO MOTO/SALTO CONSERTOS D; R$ -   
CALÇA;MACACAO MOTO/SALTO ENCURTAR BA; R$ 60,00 
CALÇA;MACACAO MOTO/SALTO ENCURTAR MA; R$ 96,00 
CALÇA;MACACAO MOTO/SALTO FOLGAR NO G; R$ 146,40 
CALÇA;MACACAO MOTO/SALTO NESGA BOLSO; R$ 168,00 
CALÇA;MACACAO MOTO/SALTO PREGAR BOTA; R$ 9,60 
CALÇA;MACACAO MOTO/SALTO PREGAR BOTÃ; R$ 9,60 
CALÇA;MACACAO MOTO/SALTO PREGAR JOEL; R$ 84,00 
CALÇA;MACACAO MOTO/SALTO PREGAR TAGS; R$ 12,00 
CALÇA;MACACAO MOTO/SALTO SO PREGAR B; R$ 6,00 
CALÇA;MACACAO MOTO/SALTO TECIDO NAS; R$ 74,40 
CALÇA;MACACAO MOTO/SALTO TIRA GOLA E; R$ 56,40 
CALÇA;MACACAO MOTO/SALTO TROC ELASTI; R$ 132,00 
CALÇA;MACACAO MOTO/SALTO TROCAR CÓS; R$ 86,40 
CALÇA;MACACAO MOTO/SALTO TROCAR CURS; R$ 36,00 
CALÇA;MACACAO MOTO/SALTO TROCAR MANG; R$ 180,00 
CALÇA;MACACAO MOTO/SALTO TROCAR PUNH; R$ 108,00 
CALÇA;MACACAO MOTO/SALTO TROCAR PUNH; R$ 98,40 
CALÇA;MACACAO MOTO/SALTO TROCAR ZIPE; R$ 158,40 
CALÇA;MACACAO MOTO/SALTO ZIPER MACAC; R$ 158,40 
CALÇA;MACACAO MOTO/SALTO ZIPERES NOS; R$ 96,00 
CALÇA;MACACAO/MACAQUINHO; R$ -   
CALÇA;MACACAO/MACAQUINHO ABAIXAR COS; R$ 40,80 
CALÇA;MACACAO/MACAQUINHO ABRIR FENDA; R$ 25,20 
CALÇA;MACACAO/MACAQUINHO ABRIR GOLA; R$ 27,60 
CALÇA;MACACAO/MACAQUINHO ABRIR GOLA; R$ 27,60 
CALÇA;MACACAO/MACAQUINHO AJ LAT BOLS; R$ 54,00 
CALÇA;MACACAO/MACAQUINHO AJUS COSTA; R$ 48,00 
CALÇA;MACACAO/MACAQUINHO AJUST LAT C; R$ 56,40 
CALÇA;MACACAO/MACAQUINHO AJUSTE  ATR; R$ -   
CALÇA;MACACAO/MACAQUINHO AJUSTE CANT; R$ 36,00 
CALÇA;MACACAO/MACAQUINHO AJUSTE CINT; R$ 44,40 
CALÇA;MACACAO/MACAQUINHO AJUSTE DE B; R$ 32,40 
CALÇA;MACACAO/MACAQUINHO AJUSTE DE C; R$ 36,00 
CALÇA;MACACAO/MACAQUINHO AJUSTE DE C; R$ 36,00 
CALÇA;MACACAO/MACAQUINHO AJUSTE DE C; R$ 30,00 
CALÇA;MACACAO/MACAQUINHO AJUSTE DE G; R$ 44,40 
CALÇA;MACACAO/MACAQUINHO AJUSTE DE J; R$ 25,20 
CALÇA;MACACAO/MACAQUINHO AJUSTE DE M; R$ 32,40 
CALÇA;MACACAO/MACAQUINHO AJUSTE DE P; R$ 40,80 
CALÇA;MACACAO/MACAQUINHO AJUSTE LAT; R$ 44,40 
CALÇA;MACACAO/MACAQUINHO AJUSTE LATE; R$ 42,00 
CALÇA;MACACAO/MACAQUINHO AJUSTE LATE; R$ 48,00 
CALÇA;MACACAO/MACAQUINHO AJUSTE NO B; R$ 54,00 
CALÇA;MACACAO/MACAQUINHO ALÇA (PREND; R$ 20,40 
CALÇA;MACACAO/MACAQUINHO ALÇA ELASTI; R$ 32,40 
CALÇA;MACACAO/MACAQUINHO APROFUNDAR; R$ 21,60 
CALÇA;MACACAO/MACAQUINHO BAIXAR A CA; R$ 30,00 
CALÇA;MACACAO/MACAQUINHO BARRA; R$ 21,60 
CALÇA;MACACAO/MACAQUINHO BARRA C ZIP; R$ 32,40 
CALÇA;MACACAO/MACAQUINHO BARRA COM F; R$ 24,00 
CALÇA;MACACAO/MACAQUINHO BARRA FORRO; R$ 44,40 
CALÇA;MACACAO/MACAQUINHO BARRA ITALI; R$ 25,20 
CALÇA;MACACAO/MACAQUINHO BARRA ORIGI; R$ 21,60 
CALÇA;MACACAO/MACAQUINHO BARRA OVERL; R$ 18,00 
CALÇA;MACACAO/MACAQUINHO BARRA POR C; R$ 33,60 
CALÇA;MACACAO/MACAQUINHO BARRA POSTI; R$ 25,20 
CALÇA;MACACAO/MACAQUINHO BARRA RODA; R$ 30,00 
CALÇA;MACACAO/MACAQUINHO CASEAR C BO; R$ 8,40 
CALÇA;MACACAO/MACAQUINHO CASEAR S BO; R$ 7,20 
CALÇA;MACACAO/MACAQUINHO CERZIR; R$ 24,00 
CALÇA;MACACAO/MACAQUINHO CERZIR RASG; R$ 32,40 
CALÇA;MACACAO/MACAQUINHO COLOC COCH; R$ 6,00 
CALÇA;MACACAO/MACAQUINHO COLOC COCH; R$ 6,00 
CALÇA;MACACAO/MACAQUINHO COLOC COS C; R$ 62,40 
CALÇA;MACACAO/MACAQUINHO COLOC COS C; R$ 69,60 
CALÇA;MACACAO/MACAQUINHO COLOC ILHOE; R$ 4,80 
CALÇA;MACACAO/MACAQUINHO COLOCAR ALÇ; R$ 24,00 
CALÇA;MACACAO/MACAQUINHO COLOCAR ALÇ; R$ 32,40 
CALÇA;MACACAO/MACAQUINHO COLOCAR BOL; R$ 54,00 
CALÇA;MACACAO/MACAQUINHO COLOCAR COS; R$ 57,60 
CALÇA;MACACAO/MACAQUINHO COLOCAR ELA; R$ 25,20 
CALÇA;MACACAO/MACAQUINHO COLOCAR FOR; R$ 102,00 
CALÇA;MACACAO/MACAQUINHO COLOCAR FOR; R$ 78,00 
CALÇA;MACACAO/MACAQUINHO COLOCAR NES; R$ 54,00 
CALÇA;MACACAO/MACAQUINHO COLOCAR NES; R$ 48,00 
CALÇA;MACACAO/MACAQUINHO COLOCAR NES; R$ 60,00 
CALÇA;MACACAO/MACAQUINHO COLOCAR NES; R$ 42,00 
CALÇA;MACACAO/MACAQUINHO COLOCAR PAS; R$ 42,00 
CALÇA;MACACAO/MACAQUINHO COLOCAR PUN; R$ 48,00 
CALÇA;MACACAO/MACAQUINHO COLOCAR TUL; R$ 54,00 
CALÇA;MACACAO/MACAQUINHO COLOCAR ZIP; R$ 54,00 
CALÇA;MACACAO/MACAQUINHO CONSERTOS D; R$ -   
CALÇA;MACACAO/MACAQUINHO DESCER DECO; R$ -   
CALÇA;MACACAO/MACAQUINHO DESCER DECO; R$ 24,00 
CALÇA;MACACAO/MACAQUINHO DIM ALÇA EL; R$ 27,60 
CALÇA;MACACAO/MACAQUINHO DIMINUIR AL; R$ 21,60 
CALÇA;MACACAO/MACAQUINHO DIMINUIR CO; R$ 36,00 
CALÇA;MACACAO/MACAQUINHO DIMINUIR EL; R$ 25,20 
CALÇA;MACACAO/MACAQUINHO DIMINUIR EL; R$ 32,40 
CALÇA;MACACAO/MACAQUINHO DIMINUIR FR; R$ 50,40 
CALÇA;MACACAO/MACAQUINHO ELIMINAR BI; R$ 30,00 
CALÇA;MACACAO/MACAQUINHO ELIMINAR BI; R$ 36,00 
CALÇA;MACACAO/MACAQUINHO ELIMINAR PE; R$ 38,40 
CALÇA;MACACAO/MACAQUINHO ELIMINAR PR; R$ 86,40 
CALÇA;MACACAO/MACAQUINHO ENCURTAR BA; R$ 25,20 
CALÇA;MACACAO/MACAQUINHO ENCURTAR M; R$ 25,20 
CALÇA;MACACAO/MACAQUINHO FECHAR BOLS; R$ 21,60 
CALÇA;MACACAO/MACAQUINHO FECHAR DECO; R$ -   
CALÇA;MACACAO/MACAQUINHO FECHAR DECO; R$ 32,40 
CALÇA;MACACAO/MACAQUINHO FECHAR FEND; R$ 21,60 
CALÇA;MACACAO/MACAQUINHO FOLGAR C/ F; R$ 56,40 
CALÇA;MACACAO/MACAQUINHO FOLGAR CINT; R$ 36,00 
CALÇA;MACACAO/MACAQUINHO FOLGAR ELAS; R$ 25,20 
CALÇA;MACACAO/MACAQUINHO FOLGAR NA L; R$ -   
CALÇA;MACACAO/MACAQUINHO FOLGAR NA M; R$ 32,40 
CALÇA;MACACAO/MACAQUINHO FOLGAR NO G; R$ 44,40 
CALÇA;MACACAO/MACAQUINHO FOLGAR O EL; R$ 32,40 
CALÇA;MACACAO/MACAQUINHO MUDAR BOTA; R$ 3,60 
CALÇA;MACACAO/MACAQUINHO NESGA BOLSO; R$ 72,00 
CALÇA;MACACAO/MACAQUINHO PENCE; R$ 26,40 
CALÇA;MACACAO/MACAQUINHO POR PUNHO M; R$ 30,00 
CALÇA;MACACAO/MACAQUINHO PREGAR BOLS; R$ 21,60 
CALÇA;MACACAO/MACAQUINHO PREGAR BOTA; R$ 6,00 
CALÇA;MACACAO/MACAQUINHO PREGAR BOTÃ; R$ 3,60 
CALÇA;MACACAO/MACAQUINHO PREGAR DETA; R$ 33,60 
CALÇA;MACACAO/MACAQUINHO PREGAR JOEL; R$ 25,20 
CALÇA;MACACAO/MACAQUINHO PREGAR TAGS; R$ 12,00 
CALÇA;MACACAO/MACAQUINHO REFAZER A B; R$ 21,60 
CALÇA;MACACAO/MACAQUINHO REFORÇO COS; R$ 12,00 
CALÇA;MACACAO/MACAQUINHO SO PREGAR B; R$ 6,00 
CALÇA;MACACAO/MACAQUINHO SUBIR ALÇA; R$ 21,60 
CALÇA;MACACAO/MACAQUINHO SUBIR ALÇA; R$ 21,60 
CALÇA;MACACAO/MACAQUINHO SUBIR ALCIN; R$ 21,60 
CALÇA;MACACAO/MACAQUINHO SUBIR CAVA; R$ 27,60 
CALÇA;MACACAO/MACAQUINHO SUBIR CORPO; R$ 32,40 
CALÇA;MACACAO/MACAQUINHO SUBIR CORPO; R$ -   
CALÇA;MACACAO/MACAQUINHO SUBIR CORPO; R$ -   
CALÇA;MACACAO/MACAQUINHO SUBIR OMBRO; R$ 40,80 
CALÇA;MACACAO/MACAQUINHO SUBIR OMBRO; R$ 56,40 
CALÇA;MACACAO/MACAQUINHO TIRA GOLA E; R$ 36,00 
CALÇA;MACACAO/MACAQUINHO TIRAR ELAST; R$ 21,60 
CALÇA;MACACAO/MACAQUINHO TIRAR FRANZ; R$ 36,00 
CALÇA;MACACAO/MACAQUINHO TIRAR O FOR; R$ 44,40 
CALÇA;MACACAO/MACAQUINHO TRANSFORMA; R$ 68,40 
CALÇA;MACACAO/MACAQUINHO TROC ELASTI; R$ 30,00 
CALÇA;MACACAO/MACAQUINHO TROC ZIPER; R$ 27,60 
CALÇA;MACACAO/MACAQUINHO TROCAR  ELA; R$ 25,20 
CALÇA;MACACAO/MACAQUINHO TROCAR  LAS; R$ 44,40 
CALÇA;MACACAO/MACAQUINHO TROCAR BOT; R$ 9,60 
CALÇA;MACACAO/MACAQUINHO TROCAR BOT; R$ 10,80 
CALÇA;MACACAO/MACAQUINHO TROCAR CURS; R$ 18,00 
CALÇA;MACACAO/MACAQUINHO TROCAR FORR; R$ 54,00 
CALÇA;MACACAO/MACAQUINHO TROCAR FORR; R$ 72,00 
CALÇA;MACACAO/MACAQUINHO TROCAR PUN; R$ 48,00 
CALÇA;MACACAO/MACAQUINHO TROCAR PUN; R$ 48,00 
CALÇA;MACACAO/MACAQUINHO TROCAR TULE; R$ 80,40 
CALÇA;MACACAO/MACAQUINHO TROCAR TULE; R$ 146,40 
CALÇA;MACACAO/MACAQUINHO TROCAR TULE; R$ 56,40 
CALÇA;MACACAO/MACAQUINHO TROCAR TULE; R$ 68,40 
CALÇA;MACACAO/MACAQUINHO TROCAR VIES; R$ -   
CALÇA;MACACAO/MACAQUINHO TROCAR ZIPE; R$ 25,20 
CALÇA;MACACAO/MACAQUINHO TROCAR ZIPE; R$ 32,40 
CALÇA;MACACAO/MACAQUINHO TROCAR ZIPE; R$ 54,00 
CALÇA;MACACAO/MACAQUINHO VIRAR SAIA; R$ -   
CALÇA;MACACAO/MACAQUINHO ZIPER MACAC; R$ 134,40 
CALÇA;MACACAO/MACAQUINHO ZIPERES NOS; R$ 51,60 
CALÇA;MANTA; R$ -   
CALÇA;MANTA CONSERTOS DIVERSOS*; R$ -   
CALÇA;MEIA; R$ -   
CALÇA;MEIA CONSERTOS DIVERSOS*; R$ -   
CALÇA;MOCHILA; R$ -   
CALÇA;MOCHILA COLOCAR CADARÇO; R$ 20,40 
CALÇA;MOCHILA CONSERTOS DIVERSOS*; R$ -   
CALÇA;MOCHILA REFORÇO COSTURA CADA; R$ 21,60 
CALÇA;MOCHILA TROCAR CURSOR ZIPER; R$ 30,00 
CALÇA;MOCHILA TROCAR ZIPER; R$ 54,00 
CALÇA;MOSQUETEIRO; R$ -   
CALÇA;MOSQUETEIRO CONSERTOS DIVERSOS; R$ -   
CALÇA;MOSQUETEIRO FEITIO; R$ 108,00 
CALÇA;MOSQUETEIRO FEITIO COM BARRADO; R$ 146,40 
CALÇA;MOSQUETEIRO REFORÇO COSTURA CA; R$ 12,00 
CALÇA;OMBREIRA; R$ -   
CALÇA;OMBREIRA DIMINUIR TAMANHO; R$ 30,00 
CALÇA;OMBREIRA FEITIO; R$ 30,00 
CALÇA;OMBREIRA TROCAR ESPUMA; R$ 20,40 
CALÇA;OMBREIRA TROCAR FORRO SIMPLES; R$ 27,60 
CALÇA;PANTUFA; R$ -   
CALÇA;PANTUFA CONSERTOS DIVERSOS*; R$ -   
CALÇA;PERUCA; R$ -   
CALÇA;PERUCA CONSERTOS DIVERSOS*; R$ -   
CALÇA;PET; R$ -   
CALÇA;PET COLOC COCH DE PRESSA; R$ 3,60 
CALÇA;PET CONSERTOS DIVERSOS*; R$ -   
CALÇA;PET DIMINUIR COMPRIMENTO; R$ -   
CALÇA;PET FEITIO; R$ -   
CALÇA;PET TROCAR  ELASTICO; R$ 54,00 
CALÇA;PET TROCAR ZIPER; R$ 42,00 
CALÇA;PET TROCAR ZIPER LONGO; R$ 54,00 
CALÇA;REDE; R$ -   
CALÇA;REDE CADARÇO NAS LATERAIS; R$ 54,00 
CALÇA;REDE COLOCAR CADARÇO; R$ 57,60 
CALÇA;REDE CONSERTOS DIVERSOS*; R$ -   
CALÇA;SACO DE DORMIR; R$ -   
CALÇA;SACO DE DORMIR COLOCAR CADARÇO; R$ 32,40 
CALÇA;SACO DE DORMIR COLOCAR ZIPER A; R$ -   
CALÇA;SACO DE DORMIR CONSERTOS DIVER; R$ -   
CALÇA;SACO DE DORMIR TROCAR ZIPER; R$ 68,40 
CALÇA;SACO PLASTICO P/ FRALDA; R$ -   
CALÇA;SACO PLASTICO P/ FRALDA COLOCA; R$ 15,60 
CALÇA;SACO PLASTICO P/ FRALDA COLOCA; R$ 42,00 
CALÇA;SACO PLASTICO P/ FRALDA COLOCA; R$ 42,00 
CALÇA;SACO PLASTICO P/ FRALDA COLOCA; R$ 24,00 
CALÇA;SACO PLASTICO P/ FRALDA CONSER; R$ -   
CALÇA;SACO PLASTICO P/ FRALDA FEITIO; R$ 36,00 
CALÇA;SACO PLASTICO P/ FRALDA FEITIO; R$ 42,00 
CALÇA;SACO PLASTICO P/ FRALDA REFORÇ; R$ 15,60 
CALÇA;SACO PLASTICO P/ FRALDA TROCAR; R$ 25,20 
CALÇA;SACO PLASTICO P/ FRALDA TROCAR; R$ 24,00 
CALÇA;SACOLA; R$ -   
CALÇA;SACOLA CASEAR C BOTAO CADA; R$ 9,60 
CALÇA;SACOLA CASEAR S BOTAO; R$ 7,20 
CALÇA;SACOLA CONSERTOS DIVERSOS*; R$ -   
CALÇA;SACOLA TROCAR CURSOR ZIPER; R$ 25,20 
CALÇA;SACOLA TROCAR ZIPER; R$ 36,00 
CALÇA;SAIA; R$ 36,00 
CALÇA;SAIA ABAIXAR COS; R$ 42,00 
CALÇA;SAIA ABRIR FENDA; R$ 21,60 
CALÇA;SAIA AJ LAT BOLSO INTERNO; R$ 56,40 
CALÇA;SAIA AJUST LAT C FORRO ZI; R$ 56,40 
CALÇA;SAIA AJUSTE  ATRAS; R$ -   
CALÇA;SAIA AJUSTE CINT FORRO ZI; R$ 44,40 
CALÇA;SAIA AJUSTE DE CINTURA; R$ 36,00 
CALÇA;SAIA AJUSTE DE COS; R$ 36,00 
CALÇA;SAIA AJUSTE DE QUADRIL; R$ 30,00 
CALÇA;SAIA AJUSTE LAT C FORRO; R$ 44,40 
CALÇA;SAIA AJUSTE LATERA  ZIPER; R$ 44,40 
CALÇA;SAIA AJUSTE LATERAL; R$ 38,40 
CALÇA;SAIA APROFUNDAR AS PENCES; R$ 31,20 
CALÇA;SAIA AUMENTAR COMPR C TEC; R$ 54,00 
CALÇA;SAIA BARRA; R$ 30,00 
CALÇA;SAIA BARRA C ZIPER LATERA; R$ 38,40 
CALÇA;SAIA BARRA COLADA; R$ 34,80 
CALÇA;SAIA BARRA COM FENDA; R$ 32,40 
CALÇA;SAIA BARRA COM VIES/RENDA; R$ 48,00 
CALÇA;SAIA BARRA FLUFLU PADRÃO; R$ 42,00 
CALÇA;SAIA BARRA FORRO OU ZIPER; R$ 48,00 
CALÇA;SAIA BARRA LENÇO; R$ 36,00 
CALÇA;SAIA BARRA LENÇO COM FORR; R$ 56,40 
CALÇA;SAIA BARRA OVERL SEM ACAB; R$ 25,20 
CALÇA;SAIA BARRA POR CIMA; R$ 60,00 
CALÇA;SAIA BARRA POSTIÇA; R$ 32,40 
CALÇA;SAIA BARRA RODADA C FORRO; R$ 62,40 
CALÇA;SAIA BARRA RODADA LENÇO; R$ 54,00 
CALÇA;SAIA BARRA RODADA P/CIMA; R$ 69,60 
CALÇA;SAIA BARRA RODADA S FORRO; R$ 36,00 
CALÇA;SAIA BARRA TUBINHO; R$ 30,00 
CALÇA;SAIA BARRA TUBINHO CFORRO; R$ 34,80 
CALÇA;SAIA CASEAR C BOTAO CADA; R$ 9,60 
CALÇA;SAIA CASEAR S BOTAO; R$ 7,20 
CALÇA;SAIA CERZIR; R$ 24,00 
CALÇA;SAIA COLOC COCH DE GANCH; R$ 6,00 
CALÇA;SAIA COLOC COCH DE PRESSA; R$ 6,00 
CALÇA;SAIA COLOC COS C ELASTICO; R$ 62,40 
CALÇA;SAIA COLOC COS C PASSANTE; R$ 69,60 
CALÇA;SAIA COLOC ILHOES CADA; R$ 4,80 
CALÇA;SAIA COLOCAR ALÇA; R$ 30,00 
CALÇA;SAIA COLOCAR BOLSO; R$ 42,00 
CALÇA;SAIA COLOCAR CADARÇO; R$ 20,40 
CALÇA;SAIA COLOCAR COS; R$ 57,60 
CALÇA;SAIA COLOCAR ELASTICO; R$ 27,60 
CALÇA;SAIA COLOCAR FORRO RODADO; R$ 102,00 
CALÇA;SAIA COLOCAR FORRO SIMPLE; R$ 84,00 
CALÇA;SAIA COLOCAR LASTEX; R$ 48,00 
CALÇA;SAIA COLOCAR NESGA; R$ 48,00 
CALÇA;SAIA COLOCAR NESGA LATERA; R$ 48,00 
CALÇA;SAIA COLOCAR PASSANTE; R$ 42,00 
CALÇA;SAIA COLOCAR VELCRO; R$ 21,60 
CALÇA;SAIA COLOCAR ZIPER ACABAM; R$ 54,00 
CALÇA;SAIA CONSERTOS DIVERSOS*; R$ -   
CALÇA;SAIA DE COURO; R$ -   
CALÇA;SAIA DE COURO ABAIXAR COS; R$ 72,00 
CALÇA;SAIA DE COURO ABRIR FENDA; R$ 32,40 
CALÇA;SAIA DE COURO AJUST LAT C FORR; R$ 96,00 
CALÇA;SAIA DE COURO AJUSTE DE CINTUR; R$ 90,00 
CALÇA;SAIA DE COURO AJUSTE DE COS; R$ 90,00 
CALÇA;SAIA DE COURO AJUSTE LATERA  Z; R$ 78,00 
CALÇA;SAIA DE COURO AJUSTE LATERAL; R$ 66,00 
CALÇA;SAIA DE COURO APROFUNDAR AS PE; R$ 48,00 
CALÇA;SAIA DE COURO BARRA; R$ 36,00 
CALÇA;SAIA DE COURO BARRA C ZIPER LA; R$ 50,40 
CALÇA;SAIA DE COURO BARRA COLADA; R$ 42,00 
CALÇA;SAIA DE COURO BARRA COM FENDA; R$ 39,60 
CALÇA;SAIA DE COURO BARRA FORRO OU Z; R$ 62,40 
CALÇA;SAIA DE COURO BARRA TUBINHO; R$ 48,00 
CALÇA;SAIA DE COURO CASEAR C BOTAO C; R$ 21,60 
CALÇA;SAIA DE COURO CASEAR S BOTAO; R$ 12,00 
CALÇA;SAIA DE COURO CERZIR; R$ 36,00 
CALÇA;SAIA DE COURO COLOC COS C ELAS; R$ -   
CALÇA;SAIA DE COURO COLOC COS C PASS; R$ -   
CALÇA;SAIA DE COURO COLOCAR COS; R$ -   
CALÇA;SAIA DE COURO COLOCAR NESGA; R$ -   
CALÇA;SAIA DE COURO COLOCAR PASSANTE; R$ -   
CALÇA;SAIA DE COURO COLOCAR ZIPER AC; R$ 84,00 
CALÇA;SAIA DE COURO CONSERTOS DIVERS; R$ -   
CALÇA;SAIA DE COURO ENCURTAR BARRA; R$ 36,00 
CALÇA;SAIA DE COURO FECHAR BOLSO/TIR; R$ 27,60 
CALÇA;SAIA DE COURO FECHAR FENDA; R$ 30,00 
CALÇA;SAIA DE COURO FOLGAR CINTURA; R$ 56,40 
CALÇA;SAIA DE COURO FOLGAR NA LATERA; R$ 66,00 
CALÇA;SAIA DE COURO MUDAR BOTAO LUGA; R$ 9,60 
CALÇA;SAIA DE COURO NESGA BOLSO SAFA; R$ -   
CALÇA;SAIA DE COURO PREGAR BOLSO; R$ 42,00 
CALÇA;SAIA DE COURO PREGAR BOTÃO; R$ 3,60 
CALÇA;SAIA DE COURO PREGAR BOTAO MET; R$ 6,00 
CALÇA;SAIA DE COURO REFAZER A BARRA; R$ 34,80 
CALÇA;SAIA DE COURO REFORÇO COSTURA; R$ 24,00 
CALÇA;SAIA DE COURO SO PREGAR BOTAO; R$ 3,60 
CALÇA;SAIA DE COURO SUBIR FORRO NO C; R$ 26,40 
CALÇA;SAIA DE COURO TIRAR O FORRO; R$ 50,40 
CALÇA;SAIA DE COURO TROC ZIPER INVIS; R$ 38,40 
CALÇA;SAIA DE COURO TROCAR BOTAO; R$ 12,00 
CALÇA;SAIA DE COURO TROCAR BOTAO FOR; R$ 14,40 
CALÇA;SAIA DE COURO TROCAR CÓS DE CO; R$ -   
CALÇA;SAIA DE COURO TROCAR CURSOR ZI; R$ 25,20 
CALÇA;SAIA DE COURO TROCAR ZIPER; R$ 32,40 
CALÇA;SAIA DE COURO ZIPERES NOS BOLS; R$ 84,00 
CALÇA;SAIA DIMINUIR ELASTICO PR; R$ 30,00 
CALÇA;SAIA DIMINUIR ELASTICO S; R$ 25,20 
CALÇA;SAIA DIMINUIR FRANZIDO; R$ 50,40 
CALÇA;SAIA DIMINUIR LARGUR GODÊ; R$ 44,40 
CALÇA;SAIA DIMINUIR LARGURA; R$ -   
CALÇA;SAIA ELASTICO CÓS INTEIRO; R$ 32,40 
CALÇA;SAIA ELIMINAR BICO; R$ 30,00 
CALÇA;SAIA ELIMINAR BICO C FORR; R$ 36,00 
CALÇA;SAIA FECHAR BOLSO/TIRAR; R$ 24,00 
CALÇA;SAIA FECHAR FENDA; R$ 25,20 
CALÇA;SAIA FOLGAR C/ FORRO ZIPE; R$ 56,40 
CALÇA;SAIA FOLGAR CINTURA; R$ 36,00 
CALÇA;SAIA FOLGAR ELASTICO SIMP; R$ 25,20 
CALÇA;SAIA FOLGAR NA LATERAL; R$ -   
CALÇA;SAIA FOLGAR O ELASTICO; R$ 32,40 
CALÇA;SAIA FOLGAR O FRANZIDO; R$ 32,40 
CALÇA;SAIA NESGA BOLSO SAFARI; R$ 72,00 
CALÇA;SAIA PENCE; R$ 26,40 
CALÇA;SAIA PREGAR BOLSO; R$ 42,00 
CALÇA;SAIA PREGAR BOTÃO; R$ 3,60 
CALÇA;SAIA PREGAR BOTAO METAL; R$ 6,00 
CALÇA;SAIA PREGAR DETALH  BARRA; R$ 33,60 
CALÇA;SAIA PREGAR TAGS CADA; R$ 12,00 
CALÇA;SAIA REFAZER A BARRA; R$ 30,00 
CALÇA;SAIA REFAZER BARRA RODADA; R$ 36,00 
CALÇA;SAIA REFORÇO COSTURA CADA; R$ 12,00 
CALÇA;SAIA REMODELAGEM; R$ -   
CALÇA;SAIA SO PREGAR BOTAO; R$ 3,60 
CALÇA;SAIA SUBIR FORRO NO CORPO; R$ 25,20 
CALÇA;SAIA TIRAR ELASTICO E ACA; R$ 25,20 
CALÇA;SAIA TIRAR O FORRO; R$ 44,40 
CALÇA;SAIA TRANSFORMAR EM CALÇA; R$ 98,40 
SAIA;SAIA TROC ELASTIC PRESPON; R$ 30,00 
SAIA;SAIA TROC ELASTICO C FOR; R$ 33,60 
SAIA;SAIA TROC ZIPER INVIS GDE; R$ 27,60 
SAIA;SAIA TROCAR  ELASTICO; R$ 25,20 
SAIA;SAIA TROCAR  LASTEX; R$ 44,40 
SAIA;SAIA TROCAR BOTAO; R$ 9,60 
SAIA;SAIA TROCAR BOTAO FORRADO; R$ 10,80 
SAIA;SAIA TROCAR CÓS; R$ 52,80 
SAIA;SAIA TROCAR CÓS DE COURO; R$ -   
SAIA;SAIA TROCAR CURSOR ZIPER; R$ 18,00 
SAIA;SAIA TROCAR FORRO RODADO; R$ 102,00 
SAIA;SAIA TROCAR FORRO SIMPLES; R$ 72,00 
SAIA;SAIA TROCAR TULE; R$ 146,40 
SAIA;SAIA TROCAR ZIPER; R$ 25,20 
SAIA;SAIA ZIPERES NOS BOLSOS; R$ 51,60 
SANDALIA;SANDALIA; R$ -   
SANDALIA;SANDALIA CONSERTOS DIVERSOS*; R$ -   
SAPATILHA;SAPATILHA; R$ -   
SAPATILHA;SAPATILHA CONSERTOS DIVERSOS*; R$ -   
SAPATO;SAPATO; R$ -   
SAPATO;SAPATO CONSERTOS DIVERSOS*; R$ -   
SHORTS;SHORTS; R$ -   
SHORTS;SHORTS ABAIXAR COS; R$ 42,00 
SHORTS;SHORTS ABRIR FENDA; R$ 30,00 
SHORTS;SHORTS AJUST LAT C FORRO ZI; R$ 54,00 
SHORTS;SHORTS AJUSTE  ATRAS; R$ -   
SHORTS;SHORTS AJUSTE CANTO BOLSO; R$ 44,40 
SHORTS;SHORTS AJUSTE CINTURA-COURO; R$ 72,00 
SHORTS;SHORTS AJUSTE DE BOCA; R$ 36,00 
SHORTS;SHORTS AJUSTE DE CINTURA; R$ 36,00 
SHORTS;SHORTS AJUSTE DE GANCHO; R$ 44,40 
SHORTS;SHORTS AJUSTE DE PERNAS; R$ 36,00 
SHORTS;SHORTS AJUSTE LATERA  ZIPER; R$ 42,00 
SHORTS;SHORTS AJUSTE LATERAL; R$ 42,00 
SHORTS;SHORTS AUMENTAR FORRO BOLSO; R$ 42,00 
SHORTS;SHORTS BARRA; R$ 21,60 
SHORTS;SHORTS BARRA C ZIPER LATERA; R$ 34,80 
SHORTS;SHORTS BARRA COM FENDA; R$ 24,00 
SHORTS;SHORTS BARRA FORRO OU ZIPER; R$ 44,40 
SHORTS;SHORTS BARRA ITALIANA; R$ 25,20 
SHORTS;SHORTS BARRA OVERL SEM ACAB; R$ 18,00 
SHORTS;SHORTS BARRA POSTIÇA; R$ 25,20 
SHORTS;SHORTS CASEAR C BOTAO CADA; R$ 8,40 
SHORTS;SHORTS CASEAR S BOTAO; R$ 7,20 
SHORTS;SHORTS CERZIR; R$ 24,00 
SHORTS;SHORTS COLOC COCH DE GANCH; R$ 6,00 
SHORTS;SHORTS COLOC COCH DE PRESSA; R$ 6,00 
SHORTS;SHORTS COLOC COS C ELASTICO; R$ 62,40 
SHORTS;SHORTS COLOC COS C PASSANTE; R$ 72,00 
SHORTS;SHORTS COLOC ILHOES CADA; R$ 4,80 
SHORTS;SHORTS COLOC MALHA GESTANTE; R$ 36,00 
SHORTS;SHORTS COLOCAR BOLSO; R$ 54,00 
SHORTS;SHORTS COLOCAR CADARÇO; R$ 20,40 
SHORTS;SHORTS COLOCAR COS; R$ 57,60 
SHORTS;SHORTS COLOCAR ELASTICO; R$ 25,20 
SHORTS;SHORTS COLOCAR NESGA; R$ 42,00 
SHORTS;SHORTS COLOCAR NESGA LATERA; R$ 45,60 
SHORTS;SHORTS COLOCAR PASSANTE; R$ 42,00 
SHORTS;SHORTS COLOCAR ZIPER ACABAM; R$ 54,00 
SHORTS;SHORTS CONSERTOS DIVERSOS*; R$ -   
SHORTS;SHORTS DIMINUIR ELASTICO PR; R$ 32,40 
SHORTS;SHORTS DIMINUIR ELASTICO S; R$ 25,20 
SHORTS;SHORTS DIMINUIR FRANZIDO; R$ 50,40 
SHORTS;SHORTS ELIMINAR BICO; R$ 30,00 
SHORTS;SHORTS ELIMINAR BICO C FORR; R$ 36,00 
SHORTS;SHORTS ENCURTAR BARRA; R$ 25,20 
SHORTS;SHORTS FECHAR BOLSO/TIRAR; R$ 21,60 
SHORTS;SHORTS FOLGAR CINTURA; R$ 36,00 
SHORTS;SHORTS FOLGAR ELASTICO SIMP; R$ 25,20 
SHORTS;SHORTS FOLGAR NA LATERAL; R$ 42,00 
SHORTS;SHORTS FOLGAR NO GANCHO; R$ 44,40 
SHORTS;SHORTS FOLGAR O ELASTICO; R$ 32,40 
SHORTS;SHORTS MUDAR BOTAO LUGAR; R$ 9,60 
SHORTS;SHORTS NESGA BOLSO SAFARI; R$ 72,00 
SHORTS;SHORTS PENCE; R$ 26,40 
SHORTS;SHORTS PREGAR BOLSO; R$ 21,60 
SHORTS;SHORTS PREGAR BOTÃO; R$ 9,60 
SHORTS;SHORTS PREGAR BOTAO METAL; R$ 9,60 
SHORTS;SHORTS PREGAR DETALH  BARRA; R$ 33,60 
SHORTS;SHORTS PREGAR TAGS CADA; R$ 12,00 
SHORTS;SHORTS REFAZER A BARRA; R$ 21,60 
SHORTS;SHORTS REFORÇO COSTURA CADA; R$ 12,00 
SHORTS;SHORTS SO PREGAR BOTAO; R$ 3,60 
SHORTS;SHORTS TIRAR O FORRO; R$ 44,40 
SHORTS;SHORTS TROC ELASTIC PRESPON; R$ 30,00 
SHORTS;SHORTS TROC ZIPER INVIS GDE; R$ 27,60 
SHORTS;SHORTS TROCAR  ELASTICO; R$ 25,20 
SHORTS;SHORTS TROCAR BOTAO; R$ 9,60 
SHORTS;SHORTS TROCAR BOTAO FORRADO; R$ 10,80 
SHORTS;SHORTS TROCAR CÓS; R$ 54,00 
SHORTS;SHORTS TROCAR CÓS DE COURO; R$ -   
SHORTS;SHORTS TROCAR CURSOR ZIPER; R$ 18,00 
SHORTS;SHORTS TROCAR FORRO BOLSO; R$ 54,00 
SHORTS;SHORTS TROCAR ZIPER; R$ 25,20 
SHORTS;SHORTS VIRAR SAIA; R$ 56,40 
SHORTS;SHORTS ZIPERES NOS BOLSOS; R$ 51,60 
SUNGA;SUNGA; R$ -   
SUNGA;SUNGA COLOCAR CADARÇO; R$ 20,40 
SUNGA;SUNGA COLOCAR ELASTICO; R$ 30,00 
SUNGA;SUNGA CONSERTOS DIVERSOS*; R$ -   
SUNGA;SUNGA ELASTICO CÓS INTEIRO; R$ 27,60 
SUNGA;SUNGA FOLGAR ELASTICO SIMP; R$ 25,20 
SUNGA;SUNGA FOLGAR O ELASTICO; R$ 32,40 
SUNGA;SUNGA TROCAR ELASTIC PERNA; R$ 30,00 
SUNGA;SUNGA TROCAR FORRO SIMPLES; R$ 48,00 
SUTIAN;SUTIAN; R$ -   
SUTIAN;SUTIAN ALÇAS (SIMPLES/ROLE); R$ 28,80 
SUTIAN;SUTIAN COLOC COCH DE GANCH; R$ 18,00 
SUTIAN;SUTIAN COLOC FEICHO DE SUTI; R$ 27,60 
SUTIAN;SUTIAN COLOCAR ALÇA REGULAV; R$ 32,40 
SUTIAN;SUTIAN COLOCAR BOJO; R$ -   
SUTIAN;SUTIAN COLOCAR FORRO BUSTO; R$ 24,00 
SUTIAN;SUTIAN CONSERTOS DIVERSOS*; R$ -   
SUTIAN;SUTIAN DIMINUIR ALCINHA; R$ 25,20 
SUTIAN;SUTIAN DIMINUIR COMPRIMENTO; R$ 24,00 
SUTIAN;SUTIAN DIMINUIR LARGURA; R$ 26,40 
SUTIAN;SUTIAN DIMINUIR TAMANHO; R$ 26,40 
SUTIAN;SUTIAN PRENDER BOJO; R$ 24,00 
SUTIAN;SUTIAN REFORÇO COSTURA CADA; R$ 15,60 
SUTIAN;SUTIAN TIRAR BOJO E ACABAME; R$ 30,00 
SUTIAN;SUTIAN TROCAR TULE MANGAS; R$ 24,00 
TAPETE;TAPETE; R$ -   
TAPETE;TAPETE CONSERTOS DIVERSOS*; R$ -   
TAPETE;TAPETE REFORÇO COSTURA CADA; R$ -   
TAPETE;TAPETE TROCAR VIES; R$ 30,00 
TECIDO;TECIDO; R$ -   
TECIDO;TECIDO BARR FOLH 2 A 3 M; R$ 56,40 
TECIDO;TECIDO BARRA CANTO MITRADO; R$ 66,00 
TECIDO;TECIDO BARRA FOLH ATE 1,99M; R$ 44,40 
TECIDO;TECIDO BARRA OVERL SEM ACAB; R$ 36,00 
TECIDO;TECIDO BARRA REDOR OVER PEQ; R$ 15,60 
TECIDO;TECIDO BARRA REDOR PEQUENO; R$ 18,00 
TECIDO;TECIDO CASEAR C BOTAO CADA; R$ 9,60 
TECIDO;TECIDO CASEAR S BOTAO; R$ 6,00 
TECIDO;TECIDO CONSERTOS DIVERSOS*; R$ -   
TECIDO;TECIDO FEITIO; R$ -   
TENDA;TENDA; R$ -   
TENDA;TENDA CERZIR; R$ 32,40 
TENDA;TENDA COLOCAR CADARÇO; R$ -   
TENDA;TENDA CONSERTOS DIVERSOS*; R$ -   
TENDA;TENDA REFORÇO COSTURA CADA; R$ 18,00 
TENDA;TENDA TROCAR ZIPER; R$ 44,40 
TENDA;TENDA TROCAR ZIPER LONGO; R$ 56,40 
TENNIS;TENNIS; R$ -   
TENNIS;TENNIS CONSERTOS DIVERSOS*; R$ -   
TENNIS;TENNIS TROCAR VELCRO FEICHO; R$ 20,40 
TIARA;TIARA; R$ -   
TIARA;TIARA CONSERTOS DIVERSOS*; R$ -   
TOALHA;TOALHA; R$ -   
TOALHA;TOALHA BARRA CENTRO DE MESA; R$ 32,40 
TOALHA;TOALHA BARRA SIMP TOA BANH; R$ 22,80 
TOALHA;TOALHA BARRA SIMP TOA MESA; R$ 44,40 
TOALHA;TOALHA BARRA SIMP TOA ROST; R$ 21,60 
TOALHA;TOALHA CONSERTOS DIVERSOS*; R$ -   
TOALHA;TOALHA DE MESA; R$ -   
TOALHA;TOALHA DE MESA BARRA CANTO MIT; R$ 66,00 
TOALHA;TOALHA DE MESA BARRA CENTRO DE; R$ 32,40 
TOALHA;TOALHA DE MESA BARRA COM VIES; R$ 66,00 
TOALHA;TOALHA DE MESA BARRA COM VIES; R$ 72,00 
TOALHA;TOALHA DE MESA BARRA FLUFLU PA; R$ 36,00 
TOALHA;TOALHA DE MESA BARRA FLUFLU PE; R$ 33,60 
TOALHA;TOALHA DE MESA BARRA OVERL SEM; R$ 30,00 
TOALHA;TOALHA DE MESA BARRA SIMP TOA; R$ 44,40 
TOALHA;TOALHA DE MESA CONSERTOS DIVER; R$ -   
TOALHA;TOALHA DE MESA FEITIO; R$ 56,40 
TOALHA;TOALHA DE MESA FEITIO COM BARR; R$ 84,00 
TOALHA;TOALHA DE MESA VIES SIMP TOA M; R$ 62,40 
TOALHA;TOALHA DIMINUIR COMPRIMENTO; R$ 22,80 
TOALHA;TOALHA FEITIO COM BARRADO; R$ 80,40 
TOALHA;TOALHA REFORÇO COSTURA CADA; R$ 12,00 
TOALHA;TOALHA TROCAR VIES; R$ -   
TOALHA;TOALHA VIES ALGOD TOA BANH; R$ 40,80 
TOALHA;TOALHA VIES DE ALGO TOA ROS; R$ 36,00 
TOALHA;TOALHA VIES SIMP TOA MESA; R$ 62,40 
TOP;TOP; R$ -   
TOP;TOP AJUST LAT C FORRO ZI; R$ 54,00 
TOP;TOP AJUSTE DE COSTA; R$ 36,00 
TOP;TOP AJUSTE LATERAL; R$ 36,00 
TOP;TOP AJUSTE NO BUSTO; R$ 36,00 
TOP;TOP COLCHETE GANCHO TIRA; R$ 16,80 
TOP;TOP COLOC FEICHO DE SUTI; R$ 27,60 
TOP;TOP COLOCAR ALÇA; R$ 24,00 
TOP;TOP COLOCAR ALÇA REGULAV; R$ 32,40 
TOP;TOP COLOCAR BOJO; R$ 54,00 
TOP;TOP COLOCAR ELASTICO; R$ 30,00 
TOP;TOP COLOCAR ZIPER ACABAM; R$ 54,00 
TOP;TOP CONSERTOS DIVERSOS*; R$ -   
TOP;TOP MUDAR BOTAO LUGAR; R$ 3,60 
TOP;TOP REFORÇO COSTURA CADA; R$ 12,00 
TOP;TOP SUBIR ALÇA NADADOR; R$ 21,60 
TOP;TOP SUBIR ALÇA REGATA; R$ 21,60 
TOP;TOP SUBIR ALCINHA ROLE; R$ 21,60 
TOP;TOP TIRAR BOJO E ACABAME; R$ 24,00 
TOP;TOP TROCAR  ELASTICO; R$ 25,20 
TOP;TOP TROCAR CURSOR ZIPER; R$ 18,00 
TOP;TOP TROCAR TULE MANGAS; R$ 24,00 
TOP;TOP TROCAR ZIPER; R$ 24,00 
TOP;TOP TROCAR ZIPER LONGO; R$ 25,20 
TOUCA;TOUCA; R$ -   
TOUCA;TOUCA CONSERTOS DIVERSOS*; R$ -   
TRAVESSEIRO;TRAVESSEIRO; R$ -   
TRAVESSEIRO;TRAVESSEIRO CONSERTOS DIVERSOS; R$ -   
UNIFORME;UNIFORME; R$ -   
UNIFORME;UNIFORME ABRIR FENDA; R$ 21,60 
UNIFORME;UNIFORME AJUSTE DE MANGA; R$ 27,60 
UNIFORME;UNIFORME AJUSTE LATERAL; R$ 36,00 
UNIFORME;UNIFORME BARRA; R$ 25,20 
UNIFORME;UNIFORME COLOC ILHOES CADA; R$ 4,80 
UNIFORME;UNIFORME COLOCAR ALÇA REGULAV; R$ 32,40 
UNIFORME;UNIFORME COLOCAR CADARÇO; R$ 20,40 
UNIFORME;UNIFORME COLOCAR PASSANTE; R$ 42,00 
UNIFORME;UNIFORME COLOCAR PUNHO MALHA; R$ 38,40 
UNIFORME;UNIFORME COLOCAR VELCRO; R$ 25,20 
UNIFORME;UNIFORME COLOCAR ZIPER ACABAM; R$ 54,00 
UNIFORME;UNIFORME CONSERTOS DIVERSOS*; R$ -   
UNIFORME;UNIFORME DIMINUIR ELASTICO PR; R$ 32,40 
UNIFORME;UNIFORME DIMINUIR ELASTICO S; R$ 25,20 
UNIFORME;UNIFORME DIMINUIR TAMANHO; R$ 25,20 
UNIFORME;UNIFORME ENCURTAR MANGA; R$ 22,80 
UNIFORME;UNIFORME FECHAR BOLSO/TIRAR; R$ 24,00 
UNIFORME;UNIFORME FECHAR DECOTE; R$ 27,60 
UNIFORME;UNIFORME FOLGAR NA MANGA; R$ 27,60 
UNIFORME;UNIFORME FOLGAR NO BUSTO; R$ 27,60 
UNIFORME;UNIFORME PENCE; R$ 24,00 
UNIFORME;UNIFORME REFORÇO COSTURA CADA; R$ 12,00 
UNIFORME;UNIFORME SO PREGAR BOTAO; R$ 3,60 
UNIFORME;UNIFORME SUBIR OMBRO; R$ 36,00 
UNIFORME;UNIFORME SUBIR OMBRO C/APLIQU; R$ 56,40 
UNIFORME;UNIFORME SUBIR PUNHO; R$ 30,00 
UNIFORME;UNIFORME TIRAR FRANZIDO MANGA; R$ 36,00 
UNIFORME;UNIFORME TIRAR O FORRO; R$ 50,40 
UNIFORME;UNIFORME TROC ELASTIC PRESPON; R$ 30,00 
UNIFORME;UNIFORME TROCAR  ELASTICO; R$ 25,20 
UNIFORME;UNIFORME TROCAR FORRO BOLSO; R$ 42,00 
UNIFORME;UNIFORME TROCAR PUNHO MALHA; R$ 33,60 
VESTIDO;VESTIDO; R$ -   
VESTIDO;VESTIDO ABRIR FENDA; R$ 24,00 
VESTIDO;VESTIDO ABRIR GOLA ATRAS BOT; R$ 27,60 
VESTIDO;VESTIDO ABRIR GOLA FRENTE BO; R$ 27,60 
VESTIDO;VESTIDO AJ LAT BOLSO INTERNO; R$ 54,00 
VESTIDO;VESTIDO AJUS COSTA FORR ZIPE; R$ 57,60 
VESTIDO;VESTIDO AJUST LAT C FORRO ZI; R$ 56,40 
VESTIDO;VESTIDO AJUSTE  ATRAS; R$ -   
VESTIDO;VESTIDO AJUSTE CINT FORRO ZI; R$ 44,40 
VESTIDO;VESTIDO AJUSTE DE CAVA; R$ 32,40 
VESTIDO;VESTIDO AJUSTE DE CINTURA; R$ 33,60 
VESTIDO;VESTIDO AJUSTE DE COSTA; R$ -   
VESTIDO;VESTIDO AJUSTE DE MANGA; R$ 26,40 
VESTIDO;VESTIDO AJUSTE DE OMBRO; R$ 56,40 
VESTIDO;VESTIDO AJUSTE DE QUADRIL; R$ 36,00 
VESTIDO;VESTIDO AJUSTE GERAL; R$ 132,00 
VESTIDO;VESTIDO AJUSTE LAT C FORRO; R$ 51,60 
VESTIDO;VESTIDO AJUSTE LATERA  ZIPER; R$ 45,60 
VESTIDO;VESTIDO AJUSTE LATERAL; R$ 40,80 
VESTIDO;VESTIDO AJUSTE NO BUSTO; R$ 54,00 
VESTIDO;VESTIDO ALÇA (PRENDER SUTIÃ); R$ 20,40 
VESTIDO;VESTIDO ALÇA ELASTICO COSTAS; R$ 36,00 
VESTIDO;VESTIDO APROFUNDAR AS PENCES; R$ 31,20 
VESTIDO;VESTIDO AUMENTAR COMPR C TEC; R$ 54,00 
VESTIDO;VESTIDO AUMENTAR FRANZIDO; R$ 50,40 
VESTIDO;VESTIDO AUMENTAR FRANZIDO BU; R$ 42,00 
VESTIDO;VESTIDO BAIXAR A CAVA; R$ 27,60 
VESTIDO;VESTIDO BARRA; R$ 40,00 
VESTIDO;VESTIDO BARRA C ZIPER LATERA; R$ 38,40 
VESTIDO;VESTIDO BARRA COLADA; R$ 34,80 
VESTIDO;VESTIDO BARRA COM FENDA; R$ 32,40 
VESTIDO;VESTIDO BARRA COM VIES/RENDA; R$ 48,00 
VESTIDO;VESTIDO BARRA FLUFLU PADRÃO; R$ 42,00 
VESTIDO;VESTIDO BARRA FORRO OU ZIPER; R$ 48,00 
VESTIDO;VESTIDO BARRA LENÇO; R$ 36,00 
VESTIDO;VESTIDO BARRA LENÇO COM FORR; R$ 56,40 
VESTIDO;VESTIDO BARRA OVERL SEM ACAB; R$ 25,20 
VESTIDO;VESTIDO BARRA POR CIMA; R$ 60,00 
VESTIDO;VESTIDO BARRA POSTIÇA; R$ 32,40 
VESTIDO;VESTIDO BARRA RODADA C FORRO; R$ 62,40 
VESTIDO;VESTIDO BARRA RODADA LENÇO; R$ 54,00 
VESTIDO;VESTIDO BARRA RODADA P/CIMA; R$ 69,60 
VESTIDO;VESTIDO BARRA RODADA S FORRO; R$ 36,00 
VESTIDO;VESTIDO BARRA TUBINHO; R$ 40,00 
VESTIDO;VESTIDO BARRA TUBINHO CFORRO; R$ 40,00 
VESTIDO;VESTIDO CASEAR C BOTAO CADA; R$ 9,60 
VESTIDO;VESTIDO CASEAR S BOTAO; R$ 9,60 
VESTIDO;VESTIDO CERZIR; R$ 26,40 
VESTIDO;VESTIDO CERZIR MALHA A MAO; R$ 24,00 
VESTIDO;VESTIDO COLOC COCH DE GANCH; R$ 6,00 
VESTIDO;VESTIDO COLOC COCH DE PRESSA; R$ 6,00 
VESTIDO;VESTIDO COLOC COS C ELASTICO; R$ 62,40 
VESTIDO;VESTIDO COLOC COS C PASSANTE; R$ 69,60 
VESTIDO;VESTIDO COLOC ILHOES CADA; R$ 4,80 
VESTIDO;VESTIDO COLOCAR ALÇA; R$ 28,80 
VESTIDO;VESTIDO COLOCAR ALÇA REGULAV; R$ 36,00 
VESTIDO;VESTIDO COLOCAR BOJO; R$ 48,00 
VESTIDO;VESTIDO COLOCAR BOLSO; R$ 54,00 
VESTIDO;VESTIDO COLOCAR COS; R$ 60,00 
VESTIDO;VESTIDO COLOCAR ELASTICO; R$ 26,40 
VESTIDO;VESTIDO COLOCAR FORRO BUSTO; R$ 78,00 
VESTIDO;VESTIDO COLOCAR FORRO RODADO; R$ 174,00 
VESTIDO;VESTIDO COLOCAR FORRO SIMPLE; R$ 114,00 
VESTIDO;VESTIDO COLOCAR LASTEX; R$ 48,00 
VESTIDO;VESTIDO COLOCAR MANGA COMPRI; R$ 56,40 
VESTIDO;VESTIDO COLOCAR MANGA CURTA; R$ 48,00 
VESTIDO;VESTIDO COLOCAR NESGA; R$ 48,00 
VESTIDO;VESTIDO COLOCAR NESGA C TULE; R$ 117,60 
VESTIDO;VESTIDO COLOCAR NESGA LATERA; R$ 52,80 
VESTIDO;VESTIDO COLOCAR OMBREIRA; R$ 42,00 
VESTIDO;VESTIDO COLOCAR PASSANTE; R$ 36,00 
VESTIDO;VESTIDO COLOCAR TULE DECOTE; R$ 57,60 
VESTIDO;VESTIDO COLOCAR ZIPER ACABAM; R$ 54,00 
VESTIDO;VESTIDO CONSERTOS DIVERSOS*; R$ -   
VESTIDO;VESTIDO DE COURO; R$ -   
VESTIDO;VESTIDO DE COURO ABRIR FENDA; R$ 32,40 
VESTIDO;VESTIDO DE COURO AJUST LAT C F; R$ 114,00 
VESTIDO;VESTIDO DE COURO AJUSTE  ATRAS; R$ 114,00 
VESTIDO;VESTIDO DE COURO AJUSTE CINT F; R$ 78,00 
VESTIDO;VESTIDO DE COURO AJUSTE DE CAV; R$ 42,00 
VESTIDO;VESTIDO DE COURO AJUSTE DE CIN; R$ 66,00 
VESTIDO;VESTIDO DE COURO AJUSTE DE COS; R$ 66,00 
VESTIDO;VESTIDO DE COURO AJUSTE LATERA; R$ 72,00 
VESTIDO;VESTIDO DE COURO AJUSTE LATERA; R$ 84,00 
VESTIDO;VESTIDO DE COURO APROFUNDAR AS; R$ 48,00 
VESTIDO;VESTIDO DE COURO BARRA; R$ 36,00 
VESTIDO;VESTIDO DE COURO BARRA C ZIPER; R$ 66,00 
VESTIDO;VESTIDO DE COURO BARRA COLADA; R$ 48,00 
VESTIDO;VESTIDO DE COURO BARRA COM FEN; R$ 42,00 
VESTIDO;VESTIDO DE COURO BARRA FORRO O; R$ 56,40 
VESTIDO;VESTIDO DE COURO BARRA TUBINHO; R$ 48,00 
VESTIDO;VESTIDO DE COURO CASEAR C BOTA; R$ 21,60 
VESTIDO;VESTIDO DE COURO CASEAR S BOTA; R$ 12,00 
VESTIDO;VESTIDO DE COURO CERZIR; R$ 36,00 
VESTIDO;VESTIDO DE COURO COLOC COS C E; R$ -   
VESTIDO;VESTIDO DE COURO COLOC COS C P; R$ -   
VESTIDO;VESTIDO DE COURO COLOCAR NESGA; R$ -   
VESTIDO;VESTIDO DE COURO COLOCAR PASSA; R$ -   
VESTIDO;VESTIDO DE COURO COLOCAR ZIPER; R$ 84,00 
VESTIDO;VESTIDO DE COURO FECHAR BOLSO/; R$ 27,60 
VESTIDO;VESTIDO DE COURO FECHAR FENDA; R$ 30,00 
VESTIDO;VESTIDO DE COURO FOLGAR CINTUR; R$ 56,40 
VESTIDO;VESTIDO DE COURO MUDAR BOTAO L; R$ 3,60 
VESTIDO;VESTIDO DE COURO REFORÇO COSTU; R$ 24,00 
VESTIDO;VESTIDO DE COURO SO PREGAR BOT; R$ 6,00 
VESTIDO;VESTIDO DE COURO SUBIR FORRO N; R$ 26,40 
VESTIDO;VESTIDO DE COURO TIRAR FRANZID; R$ 86,40 
VESTIDO;VESTIDO DE COURO TIRAR O FORRO; R$ 50,40 
VESTIDO;VESTIDO DE COURO TIRAR OMBREIR; R$ 38,40 
VESTIDO;VESTIDO DE COURO TIRAR OMBREIR; R$ 104,40 
VESTIDO;VESTIDO DE COURO TROCAR BOTAO; R$ 9,60 
VESTIDO;VESTIDO DE COURO TROCAR BOTAO; R$ 14,40 
VESTIDO;VESTIDO DE COURO TROCAR CURSOR; R$ 25,20 
VESTIDO;VESTIDO DE COURO TROCAR ZIPER; R$ 32,40 
VESTIDO;VESTIDO DE COURO TROCAR ZIPER; R$ 38,40 
VESTIDO;VESTIDO DE COURO TROCAR ZIPER; R$ 84,00 
VESTIDO;VESTIDO DE COURO ZIPERES NOS B; R$ 84,00 
VESTIDO;VESTIDO DESCER DECOTE; R$ -   
VESTIDO;VESTIDO DESCER DECOTE MALHA; R$ 24,00 
VESTIDO;VESTIDO DESCER MANGA C/FORRO; R$ 36,00 
VESTIDO;VESTIDO DESCER MANGA S/FORRO; R$ 33,60 
VESTIDO;VESTIDO DIM ALÇA ELAST COSTA; R$ 27,60 
VESTIDO;VESTIDO DIMINUIR ALCINHA; R$ 27,60 
VESTIDO;VESTIDO DIMINUIR CORPO SIMPL; R$ 36,00 
VESTIDO;VESTIDO DIMINUIR ELASTICO PR; R$ 34,80 
VESTIDO;VESTIDO DIMINUIR ELASTICO S; R$ 25,20 
VESTIDO;VESTIDO DIMINUIR FRANZIDO; R$ 50,40 
VESTIDO;VESTIDO DIMINUIR LARGUR GODÊ; R$ 60,00 
VESTIDO;VESTIDO DIMINUIR LARGURA; R$ -   
VESTIDO;VESTIDO DIMINUIR OMBREIRA; R$ 25,20 
VESTIDO;VESTIDO ELIMINAR BICO; R$ 30,00 
VESTIDO;VESTIDO ELIMINAR BICO C FORR; R$ 36,00 
VESTIDO;VESTIDO ELIMINAR PENCES; R$ 40,80 
VESTIDO;VESTIDO ELIMINAR PREGAS; R$ 44,40 
VESTIDO;VESTIDO ENCURTAR BARRA; R$ 27,60 
VESTIDO;VESTIDO ENCURTAR MANGA; R$ 25,20 
VESTIDO;VESTIDO FAZER PREGAS; R$ 36,00 
VESTIDO;VESTIDO FECHAR BOLSO/TIRAR; R$ 21,60 
VESTIDO;VESTIDO FECHAR DECOTE; R$ -   
VESTIDO;VESTIDO FECHAR DECOTE C/TECI; R$ 38,40 
VESTIDO;VESTIDO FECHAR FENDA; R$ 21,60 
VESTIDO;VESTIDO FESTA; R$ -   
VESTIDO;VESTIDO FESTA ABAIXAR COS; R$ -   
VESTIDO;VESTIDO FESTA ABRIR FENDA; R$ 33,60 
VESTIDO;VESTIDO FESTA ABRIR GOLA ATRAS; R$ 36,00 
VESTIDO;VESTIDO FESTA ABRIR GOLA FRENT; R$ 36,00 
VESTIDO;VESTIDO FESTA AJUS COSTA FORR; R$ 171,60 
VESTIDO;VESTIDO FESTA AJUST LAT C FORR; R$ 225,60 
VESTIDO;VESTIDO FESTA AJUSTE CINT FORR; R$ 150,00 
VESTIDO;VESTIDO FESTA AJUSTE COM FORRO; R$ 150,00 
VESTIDO;VESTIDO FESTA AJUSTE COSTA C/Z; R$ 162,00 
VESTIDO;VESTIDO FESTA AJUSTE DE CAVA; R$ 57,60 
VESTIDO;VESTIDO FESTA AJUSTE DE CINTUR; R$ 110,40 
VESTIDO;VESTIDO FESTA AJUSTE DE COSTA; R$ 138,00 
VESTIDO;VESTIDO FESTA AJUSTE DE MANGA; R$ -   
VESTIDO;VESTIDO FESTA AJUSTE DE OMBRO; R$ 57,60 
VESTIDO;VESTIDO FESTA AJUSTE GERAL; R$ 336,00 
VESTIDO;VESTIDO FESTA AJUSTE LATERA  Z; R$ 210,00 
VESTIDO;VESTIDO FESTA AJUSTE LATERAL; R$ 188,40 
VESTIDO;VESTIDO FESTA AJUSTE NO BUSTO; R$ -   
VESTIDO;VESTIDO FESTA ALÇA (PRENDER SU; R$ 20,40 
VESTIDO;VESTIDO FESTA ALÇA ELASTICO CO; R$ 36,00 
VESTIDO;VESTIDO FESTA APROFUNDAR AS PE; R$ 40,80 
VESTIDO;VESTIDO FESTA AUMENTAR COMPR C; R$ 84,00 
VESTIDO;VESTIDO FESTA BAIXAR A CAVA; R$ 57,60 
VESTIDO;VESTIDO FESTA BARRA; R$ 78,00 
VESTIDO;VESTIDO FESTA BARRA C ZIPER LA; R$ 134,40 
VESTIDO;VESTIDO FESTA BARRA COLADA; R$ 118,80 
VESTIDO;VESTIDO FESTA BARRA COM FENDA; R$ 60,00 
VESTIDO;VESTIDO FESTA BARRA COM VIES/R; R$ 144,00 
VESTIDO;VESTIDO FESTA BARRA FLUFLU PAD; R$ 102,00 
VESTIDO;VESTIDO FESTA BARRA FORRO OU Z; R$ 182,40 
VESTIDO;VESTIDO FESTA BARRA LENÇO; R$ 98,40 
VESTIDO;VESTIDO FESTA BARRA LENÇO COM; R$ 194,40 
VESTIDO;VESTIDO FESTA BARRA POR CIMA; R$ 172,80 
VESTIDO;VESTIDO FESTA BARRA RODADA C F; R$ 192,00 
VESTIDO;VESTIDO FESTA BARRA RODADA LEN; R$ 116,40 
VESTIDO;VESTIDO FESTA BARRA RODADA S F; R$ 126,00 
VESTIDO;VESTIDO FESTA CASEAR C BOTAO C; R$ 21,60 
VESTIDO;VESTIDO FESTA CASEAR S BOTAO; R$ 12,00 
VESTIDO;VESTIDO FESTA CERZIR; R$ 48,00 
VESTIDO;VESTIDO FESTA COLOC COCH DE GA; R$ 10,80 
VESTIDO;VESTIDO FESTA COLOC COCH DE PR; R$ 12,00 
VESTIDO;VESTIDO FESTA COLOC COS C ELAS; R$ -   
VESTIDO;VESTIDO FESTA COLOC COS C PASS; R$ -   
VESTIDO;VESTIDO FESTA COLOC ILHOES CAD; R$ 6,00 
VESTIDO;VESTIDO FESTA COLOCAR ALÇA; R$ -   
VESTIDO;VESTIDO FESTA COLOCAR ALÇA REG; R$ 36,00 
VESTIDO;VESTIDO FESTA COLOCAR BOJO; R$ 57,60 
VESTIDO;VESTIDO FESTA COLOCAR FORRO BU; R$ -   
VESTIDO;VESTIDO FESTA COLOCAR LASTEX; R$ -   
VESTIDO;VESTIDO FESTA COLOCAR NESGA; R$ 120,00 
VESTIDO;VESTIDO FESTA COLOCAR NESGA C; R$ 134,40 
VESTIDO;VESTIDO FESTA COLOCAR TULE DEC; R$ 78,00 
VESTIDO;VESTIDO FESTA COLOCAR ZIPER AC; R$ 60,00 
VESTIDO;VESTIDO FESTA CONSERTOS DIVERS; R$ -   
VESTIDO;VESTIDO FESTA DESCER DECOTE; R$ -   
VESTIDO;VESTIDO FESTA DIM ALÇA ELAST C; R$ 27,60 
VESTIDO;VESTIDO FESTA DIMINUIR ALCINHA; R$ 30,00 
VESTIDO;VESTIDO FESTA DIMINUIR CORPO S; R$ -   
VESTIDO;VESTIDO FESTA DIMINUIR LARGUR; R$ 146,40 
VESTIDO;VESTIDO FESTA ELIMINAR BICO; R$ -   
VESTIDO;VESTIDO FESTA ELIMINAR BICO C; R$ -   
VESTIDO;VESTIDO FESTA ELIMINAR PREGAS; R$ 218,40 
VESTIDO;VESTIDO FESTA ENCURTAR BARRA; R$ 80,40 
VESTIDO;VESTIDO FESTA FECHAR DECOTE; R$ -   
VESTIDO;VESTIDO FESTA FECHAR FENDA; R$ 30,00 
VESTIDO;VESTIDO FESTA FOLGAR C/ FORRO; R$ 212,40 
VESTIDO;VESTIDO FESTA FOLGAR CINTURA; R$ 116,40 
VESTIDO;VESTIDO FESTA FOLGAR NA LATERA; R$ 194,40 
VESTIDO;VESTIDO FESTA FOLGAR NA MANGA; R$ -   
VESTIDO;VESTIDO FESTA FOLGAR NO BUSTO; R$ -   
VESTIDO;VESTIDO FESTA MUDAR BOTAO LUGA; R$ 9,60 
VESTIDO;VESTIDO FESTA PENCE; R$ 46,80 
VESTIDO;VESTIDO FESTA PREGAR BOLSO; R$ 42,00 
VESTIDO;VESTIDO FESTA PREGAR BOTÃO; R$ 9,60 
VESTIDO;VESTIDO FESTA PREGAR BOTAO MET; R$ 9,60 
VESTIDO;VESTIDO FESTA PREGAR DETALH  B; R$ 144,00 
VESTIDO;VESTIDO FESTA PREGAR TAGS CADA; R$ 12,00 
VESTIDO;VESTIDO FESTA PRENDER BOJO; R$ 32,40 
VESTIDO;VESTIDO FESTA REFAZER A BARRA; R$ 78,00 
VESTIDO;VESTIDO FESTA REFAZER BARRA RO; R$ 132,00 
VESTIDO;VESTIDO FESTA REFORÇO COSTURA; R$ 27,60 
VESTIDO;VESTIDO FESTA REMODELAGEM; R$ -   
VESTIDO;VESTIDO FESTA SO PREGAR BOTAO; R$ 6,00 
VESTIDO;VESTIDO FESTA SUBIR ALÇA NADAD; R$ 45,60 
VESTIDO;VESTIDO FESTA SUBIR ALÇA REGAT; R$ 45,60 
VESTIDO;VESTIDO FESTA SUBIR ALCINHA RO; R$ 30,00 
VESTIDO;VESTIDO FESTA SUBIR CAVA; R$ 56,40 
VESTIDO;VESTIDO FESTA SUBIR CORPO C/FO; R$ 176,40 
VESTIDO;VESTIDO FESTA SUBIR CORPO S/FO; R$ -   
VESTIDO;VESTIDO FESTA SUBIR CORPO SIMP; R$ 116,40 
VESTIDO;VESTIDO FESTA SUBIR FORRO NA M; R$ -   
VESTIDO;VESTIDO FESTA SUBIR FORRO NO C; R$ -   
VESTIDO;VESTIDO FESTA SUBIR OMBRO; R$ 104,40 
VESTIDO;VESTIDO FESTA SUBIR OMBRO C/AP; R$ 152,40 
VESTIDO;VESTIDO FESTA TIRA GOLA E ACAB; R$ -   
VESTIDO;VESTIDO FESTA TIRAR FRANZIDO M; R$ 104,40 
VESTIDO;VESTIDO FESTA TIRAR MANGA E AC; R$ 104,40 
VESTIDO;VESTIDO FESTA TIRAR O FORRO; R$ 106,80 
VESTIDO;VESTIDO FESTA TROC ZIPER INVIS; R$ 34,80 
VESTIDO;VESTIDO FESTA TROCAR  LASTEX; R$ 98,40 
VESTIDO;VESTIDO FESTA TROCAR BOTAO; R$ 9,60 
VESTIDO;VESTIDO FESTA TROCAR BOTAO FOR; R$ 10,80 
VESTIDO;VESTIDO FESTA TROCAR CURSOR ZI; R$ 20,40 
VESTIDO;VESTIDO FESTA TROCAR FORRO BOL; R$ -   
VESTIDO;VESTIDO FESTA TROCAR FORRO MAN; R$ -   
VESTIDO;VESTIDO FESTA TROCAR FORRO ROD; R$ -   
VESTIDO;VESTIDO FESTA TROCAR FORRO SIM; R$ 138,00 
VESTIDO;VESTIDO FESTA TROCAR TULE; R$ 170,40 
VESTIDO;VESTIDO FESTA TROCAR TULE DA M; R$ 86,40 
VESTIDO;VESTIDO FESTA TROCAR TULE DECO; R$ 68,40 
VESTIDO;VESTIDO FESTA TROCAR ZIPER; R$ 34,80 
VESTIDO;VESTIDO FESTA TROCAR ZIPER LON; R$ 42,00 
VESTIDO;VESTIDO FESTA VIRAR SAIA; R$ -   
VESTIDO;VESTIDO FOLGAR C/ FORRO ZIPE; R$ 58,80 
VESTIDO;VESTIDO FOLGAR CINTURA; R$ -   
VESTIDO;VESTIDO FOLGAR ELASTICO SIMP; R$ 28,80 
VESTIDO;VESTIDO FOLGAR NA LATERAL; R$ -   
VESTIDO;VESTIDO FOLGAR NA MANGA; R$ 27,60 
VESTIDO;VESTIDO FOLGAR NO BUSTO; R$ -   
VESTIDO;VESTIDO FOLGAR O ELASTICO; R$ 36,00 
VESTIDO;VESTIDO FOLGAR O FRANZIDO; R$ 50,40 
VESTIDO;VESTIDO MUDAR BOTAO LUGAR; R$ 9,60 
VESTIDO;VESTIDO NESGA BOLSO SAFARI; R$ 78,00 
VESTIDO;VESTIDO PENCE; R$ 28,80 
VESTIDO;VESTIDO PREGAR BOLSO; R$ 42,00 
VESTIDO;VESTIDO PREGAR BOTÃO; R$ 3,60 
VESTIDO;VESTIDO PREGAR BOTAO METAL; R$ 6,00 
VESTIDO;VESTIDO PREGAR DETALH  BARRA; R$ 33,60 
VESTIDO;VESTIDO PREGAR TAGS CADA; R$ 12,00 
VESTIDO;VESTIDO PRENDER BOJO; R$ 24,00 
VESTIDO;VESTIDO REFAZER A BARRA; R$ 30,00 
VESTIDO;VESTIDO REFAZER BARRA RODADA; R$ 34,80 
VESTIDO;VESTIDO REFORÇO COSTURA CADA; R$ 12,00 
VESTIDO;VESTIDO REMODELAGEM; R$ -   
VESTIDO;VESTIDO SO PREGAR BOTAO; R$ 3,60 
VESTIDO;VESTIDO SUBIR ALÇA NADADOR; R$ 21,60 
VESTIDO;VESTIDO SUBIR ALÇA REGATA; R$ 21,60 
VESTIDO;VESTIDO SUBIR ALCINHA ROLE; R$ 21,60 
VESTIDO;VESTIDO SUBIR CAVA; R$ 32,40 
VESTIDO;VESTIDO SUBIR CORPO C/FORRO; R$ -   
VESTIDO;VESTIDO SUBIR CORPO S/FORRO; R$ -   
VESTIDO;VESTIDO SUBIR CORPO SIMPLES; R$ 36,00 
VESTIDO;VESTIDO SUBIR FORRO NO CORPO; R$ 30,00 
VESTIDO;VESTIDO SUBIR OMBRO; R$ 48,00 
VESTIDO;VESTIDO SUBIR OMBRO C/APLIQU; R$ 64,80 
VESTIDO;VESTIDO SUBIR PUNHO; R$ 34,80 
VESTIDO;VESTIDO SUBIR PUNHO C ZIPER; R$ 48,00 
VESTIDO;VESTIDO TIRA GOLA E ACABAMEN; R$ 40,80 
VESTIDO;VESTIDO TIRAR BOJO E ACABAME; R$ 38,40 
VESTIDO;VESTIDO TIRAR ELASTICO E ACA; R$ 25,20 
VESTIDO;VESTIDO TIRAR FRANZIDO MANGA; R$ 42,00 
VESTIDO;VESTIDO TIRAR MANGA E ACABAM; R$ 42,00 
VESTIDO;VESTIDO TIRAR O FORRO; R$ 48,00 
VESTIDO;VESTIDO TIRAR OMBREIRA; R$ 36,00 
VESTIDO;VESTIDO TIRAR OMBREIRA E ACA; R$ 58,80 
VESTIDO;VESTIDO TRANSFORMAR EM CALÇA; R$ 104,40 
VESTIDO;VESTIDO TROC ELASTIC PRESPON; R$ 32,40 
VESTIDO;VESTIDO TROC ELASTICO C FOR; R$ 33,60 
VESTIDO;VESTIDO TROC ZIPER INVIS GDE; R$ 34,80 
VESTIDO;VESTIDO TROCAR  ELASTICO; R$ 26,40 
VESTIDO;VESTIDO TROCAR  LASTEX; R$ 48,00 
VESTIDO;VESTIDO TROCAR BOTAO; R$ 9,60 
VESTIDO;VESTIDO TROCAR BOTAO FORRADO; R$ 10,80 
VESTIDO;VESTIDO TROCAR CURSOR ZIPER; R$ 19,20 
VESTIDO;VESTIDO TROCAR FORRO BUSTO; R$ 78,00 
VESTIDO;VESTIDO TROCAR FORRO RODADO; R$ 168,00 
VESTIDO;VESTIDO TROCAR FORRO SIMPLES; R$ 114,00 
VESTIDO;VESTIDO TROCAR MANGAS; R$ 57,60 
VESTIDO;VESTIDO TROCAR OMBREIRA; R$ 33,60 
VESTIDO;VESTIDO TROCAR TULE; R$ 176,40 
VESTIDO;VESTIDO TROCAR TULE DA MANGA; R$ 74,40 
VESTIDO;VESTIDO TROCAR TULE DECOTE; R$ 60,00 
VESTIDO;VESTIDO TROCAR VIES; R$ -   
VESTIDO;VESTIDO TROCAR ZIPER; R$ 25,20 
VESTIDO;VESTIDO TROCAR ZIPER LONGO; R$ 34,80 
VESTIDO;VESTIDO TROCAR ZIPER MANGAS; R$ 54,00 
VESTIDO;VESTIDO VIRAR BLUSINHA; R$ -   
VESTIDO;VESTIDO VIRAR CAMISETA; R$ -   
VESTIDO;VESTIDO VIRAR MANGA REGATA; R$ 54,00 
VESTIDO;VESTIDO VIRAR REGATA; R$ -   
VESTIDO;VESTIDO VIRAR SAIA; R$ 60,00 
VESTIDO;VESTIDO VIRAR SAIA C/ELASTIC; R$ 42,00 
VESTIDO;VESTIDO ZIPERES NOS BOLSOS; R$ 51,60 
VISEIRA;VISEIRA; R$ -   
VISEIRA;VISEIRA CONSERTOS DIVERSOS*; R$ -   
VISEIRA;VISEIRA REFORÇO COSTURA CADA; R$ 12,00 
