Sistema,Executavel,MenuOuAcao,OperacaoPermissao,ModuloDominio,TipoAcao,PermissaoOrigem,Confianca,Observacao
LAVSOFT,LavSoft,Altera Cliente,AlteraCliente1,cadastro,editar/alterar,Nivel.DB/correlacao,media,correlacao por nome/texto; exige validacao visual
LAVSOFT,LavSoft,AlteraCliente1,AlteraCliente1,cadastro,editar/alterar,Nivel.DB/correlacao,media,correlacao por nome/texto; exige validacao visual
LAVSOFT,LavSoft,AlteraCliente18,AlteraCliente1,cadastro,editar/alterar,Nivel.DB/correlacao,media,correlacao por nome/texto; exige validacao visual
LAVSOFT,LavSoft,AlteraCliente1Click,AlteraCliente1,cadastro,editar/alterar,Nivel.DB/correlacao,media,correlacao por nome/texto; exige validacao visual
LAVSOFT,LavSoft,AlteraCliente1Click$,AlteraCliente1,cadastro,editar/alterar,Nivel.DB/correlacao,media,correlacao por nome/texto; exige validacao visual
LAVSOFT,LavFacilLan,AlteraodeProdutos1,Alterao1,estoque/produto,editar/alterar,Nivel.DB/correlacao,media,correlacao por nome/texto; exige validacao visual
LAVSOFT,LavSoft,AlteraodeProdutos1,Alterao1,estoque/produto,editar/alterar,Nivel.DB/correlacao,media,correlacao por nome/texto; exige validacao visual
LAVSOFT,LavSoft,:\EquipExe\Exe\Anotacoes.Exe,Anotacoes1,operacional/outro,abrir/executar,Nivel.DB/correlacao,media,correlacao por nome/texto; exige validacao visual
LAVSOFT,LavSoft,\Anotacoes,Anotacoes1,operacional/outro,abrir/executar,Nivel.DB/correlacao,media,correlacao por nome/texto; exige validacao visual
LAVSOFT,LavSoft,"\Anotacoes"" A",Anotacoes1,operacional/outro,abrir/executar,Nivel.DB/correlacao,media,correlacao por nome/texto; exige validacao visual
LAVSOFT,LavSoft,Anotacoes,Anotacoes1,operacional/outro,abrir/executar,Nivel.DB/correlacao,media,correlacao por nome/texto; exige validacao visual
LAVSOFT,LavSoft,Anotacoes1,Anotacoes1,operacional/outro,abrir/executar,Nivel.DB/correlacao,media,correlacao por nome/texto; exige validacao visual
LAVSOFT,LavSoft,CaixaDiaDia1,CaixaDiaDia1,financeiro/caixa,abrir/executar,Nivel.DB/correlacao,media,correlacao por nome/texto; exige validacao visual
LAVSOFT,LavSoft,CaixaDiaDia14,CaixaDiaDia1,financeiro/caixa,abrir/executar,Nivel.DB/correlacao,media,correlacao por nome/texto; exige validacao visual
LAVSOFT,LavSoft,CaixaDiaDia1Click,CaixaDiaDia1,financeiro/caixa,abrir/executar,Nivel.DB/correlacao,media,correlacao por nome/texto; exige validacao visual
LAVSOFT,LavSoft,Fechamento de Caixa Dia/Dia,CaixaDiaDia1,financeiro/caixa,processar/fechar,Nivel.DB/correlacao,media,correlacao por nome/texto; exige validacao visual
LAVSOFT,LavSoft,Movimento de Caixa Dia/Dia,CaixaDiaDia1,financeiro/caixa,abrir/executar,Nivel.DB/correlacao,media,correlacao por nome/texto; exige validacao visual
LAVSOFT,LavSoft,"- use o Cancelamento do Pagamento, Tecle Enter para Continuar",Cancelamento2,financeiro/caixa,excluir/cancelar,Nivel.DB/correlacao,media,correlacao por nome/texto; exige validacao visual
LAVSOFT,LavSoft,"""Cancelamento de Notas (Intervalo)",Cancelamento2,operacional/outro,excluir/cancelar,Nivel.DB/correlacao,media,correlacao por nome/texto; exige validacao visual
LAVSOFT,LavSoft,"""CancelamentodeNotasIntervalo1Click",Cancelamento2,operacional/outro,excluir/cancelar,Nivel.DB/correlacao,media,correlacao por nome/texto; exige validacao visual
LAVSOFT,LavSoft,"""CancelamentodoUltimoEncerramCaixa1(",Cancelamento2,financeiro/caixa,excluir/cancelar,Nivel.DB/correlacao,media,correlacao por nome/texto; exige validacao visual
LAVSOFT,LavSoft,)Bloqueia Cancelamento (Usuario Digitador),Cancelamento2,auth/permissao,excluir/cancelar,Nivel.DB/correlacao,media,correlacao por nome/texto; exige validacao visual
LAVSOFT,LavSoft,Cancelamento da Nota,CancelamentodaNota1,operacional/outro,excluir/cancelar,Nivel.DB/correlacao,media,correlacao por nome/texto; exige validacao visual
LAVSOFT,LavSoft,Cancelamento da Nota Fiscal,CancelamentodaNota1,fiscal,excluir/cancelar,Nivel.DB/correlacao,media,correlacao por nome/texto; exige validacao visual
LAVSOFT,LavSoft,CancelamentodaNota1,CancelamentodaNota1,operacional/outro,excluir/cancelar,Nivel.DB/correlacao,media,correlacao por nome/texto; exige validacao visual
LAVSOFT,LavSoft,CancelamentodaNota1Click,CancelamentodaNota1,operacional/outro,excluir/cancelar,Nivel.DB/correlacao,media,correlacao por nome/texto; exige validacao visual
LAVSOFT,LavSoft,CancelamentodaNotaFiscal1,CancelamentodaNota1,operacional/outro,excluir/cancelar,Nivel.DB/correlacao,media,correlacao por nome/texto; exige validacao visual
LAVSOFT,LavFacilLan,"""Cancelamento de Notas (Intervalo)",CancelamentodeNotasIntervalo1,operacional/outro,excluir/cancelar,Nivel.DB/correlacao,media,correlacao por nome/texto; exige validacao visual
LAVSOFT,LavFacilLan,"""CancelamentodeNotasIntervalo1Click",CancelamentodeNotasIntervalo1,operacional/outro,excluir/cancelar,Nivel.DB/correlacao,media,correlacao por nome/texto; exige validacao visual
LAVSOFT,LavSoft,"""Cancelamento de Notas (Intervalo)",CancelamentodeNotasIntervalo1,operacional/outro,excluir/cancelar,Nivel.DB/correlacao,media,correlacao por nome/texto; exige validacao visual
LAVSOFT,LavSoft,"""CancelamentodeNotasIntervalo1Click",CancelamentodeNotasIntervalo1,operacional/outro,excluir/cancelar,Nivel.DB/correlacao,media,correlacao por nome/texto; exige validacao visual
LAVSOFT,LavSoft,CancelamentodeNotasIntervalo1,CancelamentodeNotasIntervalo1,operacional/outro,excluir/cancelar,Nivel.DB/correlacao,media,correlacao por nome/texto; exige validacao visual
LAVSOFT,LavFacilLan,CancelamentoNotaFiscal1,CancelamentoNotaFiscal1,operacional/outro,excluir/cancelar,Nivel.DB/correlacao,media,correlacao por nome/texto; exige validacao visual
LAVSOFT,LavFacilLan,CancelamentoNotaFiscal1Click,CancelamentoNotaFiscal1,operacional/outro,excluir/cancelar,Nivel.DB/correlacao,media,correlacao por nome/texto; exige validacao visual
LAVSOFT,LavSoft,CancelamentoNotaFiscal1,CancelamentoNotaFiscal1,operacional/outro,excluir/cancelar,Nivel.DB/correlacao,media,correlacao por nome/texto; exige validacao visual
LAVSOFT,LavSoft,CancelamentoNotaFiscal1|,CancelamentoNotaFiscal1,operacional/outro,excluir/cancelar,Nivel.DB/correlacao,media,correlacao por nome/texto; exige validacao visual
LAVSOFT,LavSoft,CancelamentoNotaFiscal1Click,CancelamentoNotaFiscal1,operacional/outro,excluir/cancelar,Nivel.DB/correlacao,media,correlacao por nome/texto; exige validacao visual
LAVSOFT,LavSoft,CartadeCobranca1,CartadeCobranca1,financeiro/caixa,abrir/executar,Nivel.DB/correlacao,media,correlacao por nome/texto; exige validacao visual
LAVSOFT,LavSoft,CartadeCobranca1Click,CartadeCobranca1,financeiro/caixa,abrir/executar,Nivel.DB/correlacao,media,correlacao por nome/texto; exige validacao visual
LAVSOFT,LavFacilLan,CFDestravaImpressoraFiscal1,CFDestravaImpressoraFiscal1,relatorio/impressao,relatorio/imprimir,Nivel.DB/correlacao,media,correlacao por nome/texto; exige validacao visual
LAVSOFT,LavFacilLan,CFDestravaImpressoraFiscal1Click,CFDestravaImpressoraFiscal1,relatorio/impressao,relatorio/imprimir,Nivel.DB/correlacao,media,correlacao por nome/texto; exige validacao visual
LAVSOFT,LavFacilLan,CFDestravaImpressoraFiscal1P,CFDestravaImpressoraFiscal1,relatorio/impressao,relatorio/imprimir,Nivel.DB/correlacao,media,correlacao por nome/texto; exige validacao visual
LAVSOFT,LavSoft,CFDestravaImpressoraFiscal1,CFDestravaImpressoraFiscal1,relatorio/impressao,relatorio/imprimir,Nivel.DB/correlacao,media,correlacao por nome/texto; exige validacao visual
LAVSOFT,LavSoft,CFDestravaImpressoraFiscal1Click,CFDestravaImpressoraFiscal1,relatorio/impressao,relatorio/imprimir,Nivel.DB/correlacao,media,correlacao por nome/texto; exige validacao visual
LAVSOFT,LavFacilLan,CFFundodeCaixa1,CFFundodeCaixa1,financeiro/caixa,abrir/executar,Nivel.DB/correlacao,media,correlacao por nome/texto; exige validacao visual
LAVSOFT,LavFacilLan,CFFundodeCaixa1@,CFFundodeCaixa1,financeiro/caixa,abrir/executar,Nivel.DB/correlacao,media,correlacao por nome/texto; exige validacao visual
LAVSOFT,LavFacilLan,CFFundodeCaixa1Click,CFFundodeCaixa1,financeiro/caixa,abrir/executar,Nivel.DB/correlacao,media,correlacao por nome/texto; exige validacao visual
LAVSOFT,LavSoft,CFFundodeCaixa1,CFFundodeCaixa1,financeiro/caixa,abrir/executar,Nivel.DB/correlacao,media,correlacao por nome/texto; exige validacao visual
LAVSOFT,LavSoft,CFFundodeCaixa1Click,CFFundodeCaixa1,financeiro/caixa,abrir/executar,Nivel.DB/correlacao,media,correlacao por nome/texto; exige validacao visual
LAVSOFT,LavFacilLan,CFLeituraMemriaFiscal1,CFLeituraMemriaFiscal1,operacional/outro,abrir/executar,Nivel.DB/correlacao,media,correlacao por nome/texto; exige validacao visual
LAVSOFT,LavFacilLan,CFLeituraMemriaFiscal1Click,CFLeituraMemriaFiscal1,operacional/outro,abrir/executar,Nivel.DB/correlacao,media,correlacao por nome/texto; exige validacao visual
LAVSOFT,LavFacilLan,CFLeituraMemriaFiscal1Click',CFLeituraMemriaFiscal1,operacional/outro,abrir/executar,Nivel.DB/correlacao,media,correlacao por nome/texto; exige validacao visual
LAVSOFT,LavSoft,CFLeituraMemriaFiscal1,CFLeituraMemriaFiscal1,operacional/outro,abrir/executar,Nivel.DB/correlacao,media,correlacao por nome/texto; exige validacao visual
LAVSOFT,LavSoft,CFLeituraMemriaFiscal1Click,CFLeituraMemriaFiscal1,operacional/outro,abrir/executar,Nivel.DB/correlacao,media,correlacao por nome/texto; exige validacao visual
LAVSOFT,LavFacilLan,CFSangriaCaixa1,CFSangriaCaixa1,financeiro/caixa,abrir/executar,Nivel.DB/correlacao,media,correlacao por nome/texto; exige validacao visual
LAVSOFT,LavFacilLan,CFSangriaCaixa1Click,CFSangriaCaixa1,financeiro/caixa,abrir/executar,Nivel.DB/correlacao,media,correlacao por nome/texto; exige validacao visual
LAVSOFT,LavFacilLan,CFSangriaCaixa1D,CFSangriaCaixa1,financeiro/caixa,abrir/executar,Nivel.DB/correlacao,media,correlacao por nome/texto; exige validacao visual
LAVSOFT,LavSoft,CFSangriaCaixa1,CFSangriaCaixa1,financeiro/caixa,abrir/executar,Nivel.DB/correlacao,media,correlacao por nome/texto; exige validacao visual
LAVSOFT,LavSoft,CFSangriaCaixa1Click,CFSangriaCaixa1,financeiro/caixa,abrir/executar,Nivel.DB/correlacao,media,correlacao por nome/texto; exige validacao visual
LAVSOFT,Financeiro,Clientes Cadastros Entre,ClientesCad1,cadastro,criar/cadastrar,Nivel.DB/correlacao,media,correlacao por nome/texto; exige validacao visual
LAVSOFT,LavSoft,ClientesCad1,ClientesCad1,cadastro,abrir/executar,Nivel.DB/correlacao,media,correlacao por nome/texto; exige validacao visual
LAVSOFT,LavFacilLan,CobrancaDiversas,CobrancaDiversas,financeiro/caixa,abrir/executar,Nivel.DB/correlacao,media,correlacao por nome/texto; exige validacao visual
LAVSOFT,LavFacilLan,CobrancaDiversasClick,CobrancaDiversas,financeiro/caixa,abrir/executar,Nivel.DB/correlacao,media,correlacao por nome/texto; exige validacao visual
LAVSOFT,LavSoft,CobrancaDiversas,CobrancaDiversas,financeiro/caixa,abrir/executar,Nivel.DB/correlacao,media,correlacao por nome/texto; exige validacao visual
LAVSOFT,LavSoft,CobrancaDiversasClick,CobrancaDiversas,financeiro/caixa,abrir/executar,Nivel.DB/correlacao,media,correlacao por nome/texto; exige validacao visual
LAVSOFT,LavSoft,ComissaoPagamento1,ComissaoPagamento1,financeiro/caixa,processar/fechar,Nivel.DB/correlacao,media,correlacao por nome/texto; exige validacao visual
LAVSOFT,LavSoft,ComissaoPagamento1Click,ComissaoPagamento1,financeiro/caixa,processar/fechar,Nivel.DB/correlacao,media,correlacao por nome/texto; exige validacao visual
LAVSOFT,LavSoft,ComissoRol1,ComissoRol1,lavanderia/rol,abrir/executar,Nivel.DB/correlacao,media,correlacao por nome/texto; exige validacao visual
LAVSOFT,LavSoft,ComissoRol1Click,ComissoRol1,lavanderia/rol,abrir/executar,Nivel.DB/correlacao,media,correlacao por nome/texto; exige validacao visual
LAVSOFT,LavSoft,CondicaodePagamento1,CondicaodePagamento1,financeiro/caixa,processar/fechar,Nivel.DB/correlacao,media,correlacao por nome/texto; exige validacao visual
LAVSOFT,LavSoft,CondicaodePagamento1\,CondicaodePagamento1,financeiro/caixa,processar/fechar,Nivel.DB/correlacao,media,correlacao por nome/texto; exige validacao visual
LAVSOFT,LavSoft,CondicaodePagamento1Click,CondicaodePagamento1,financeiro/caixa,processar/fechar,Nivel.DB/correlacao,media,correlacao por nome/texto; exige validacao visual
LAVSOFT,LavFacilLan,ConIntEntrega1,ConIntEntrega1,lavanderia/rol,abrir/executar,Nivel.DB/correlacao,media,correlacao por nome/texto; exige validacao visual
LAVSOFT,LavFacilLan,ConIntEntrega1Click,ConIntEntrega1,lavanderia/rol,abrir/executar,Nivel.DB/correlacao,media,correlacao por nome/texto; exige validacao visual
LAVSOFT,LavSoft,ConIntEntrega1,ConIntEntrega1,lavanderia/rol,abrir/executar,Nivel.DB/correlacao,media,correlacao por nome/texto; exige validacao visual
LAVSOFT,LavSoft,ConIntEntrega1Click,ConIntEntrega1,lavanderia/rol,abrir/executar,Nivel.DB/correlacao,media,correlacao por nome/texto; exige validacao visual
LAVSOFT,LavSoft,Controle de Caixa,ControledeCaixa1,financeiro/caixa,abrir/executar,Nivel.DB/correlacao,media,correlacao por nome/texto; exige validacao visual
LAVSOFT,LavSoft,Controle de Caixa (Desativado),ControledeCaixa1,financeiro/caixa,abrir/executar,Nivel.DB/correlacao,media,correlacao por nome/texto; exige validacao visual
LAVSOFT,LavSoft,ControledeCaixa1,ControledeCaixa1,financeiro/caixa,abrir/executar,Nivel.DB/correlacao,media,correlacao por nome/texto; exige validacao visual
LAVSOFT,LavSoft,ControledeCaixa1Click,ControledeCaixa1,financeiro/caixa,abrir/executar,Nivel.DB/correlacao,media,correlacao por nome/texto; exige validacao visual
LAVSOFT,LavFacilLan,Controle de Lavagem,ControledeLavagem1,lavanderia/rol,abrir/executar,Nivel.DB/correlacao,media,correlacao por nome/texto; exige validacao visual
LAVSOFT,LavSoft,Controle de Lavagem,ControledeLavagem1,lavanderia/rol,abrir/executar,Nivel.DB/correlacao,media,correlacao por nome/texto; exige validacao visual
LAVSOFT,LavSoft,ControledeLavagem1,ControledeLavagem1,lavanderia/rol,abrir/executar,Nivel.DB/correlacao,media,correlacao por nome/texto; exige validacao visual
LAVSOFT,LavSoft,ControledeLavagem1Click,ControledeLavagem1,lavanderia/rol,abrir/executar,Nivel.DB/correlacao,media,correlacao por nome/texto; exige validacao visual
LAVSOFT,LavSoft,ControledeLavagem1p,ControledeLavagem1,lavanderia/rol,abrir/executar,Nivel.DB/correlacao,media,correlacao por nome/texto; exige validacao visual
LAVSOFT,LavSoft,Controle de Metas,ControledeMetas1,lavanderia/rol,abrir/executar,Nivel.DB/correlacao,media,correlacao por nome/texto; exige validacao visual
LAVSOFT,LavSoft,ControledeMetas1,ControledeMetas1,lavanderia/rol,abrir/executar,Nivel.DB/correlacao,media,correlacao por nome/texto; exige validacao visual
LAVSOFT,LavSoft,ControledeMetas1Click,ControledeMetas1,lavanderia/rol,abrir/executar,Nivel.DB/correlacao,media,correlacao por nome/texto; exige validacao visual
LAVSOFT,LavSoft,/Bloqueia Cores Repetidas no Controle de Entrada,Cores1,auth/permissao,criar/cadastrar,Nivel.DB/correlacao,media,correlacao por nome/texto; exige validacao visual
LAVSOFT,LavSoft,Bloqueia Cores (Controle Ent.),Cores1,auth/permissao,abrir/executar,Nivel.DB/correlacao,media,correlacao por nome/texto; exige validacao visual
LAVSOFT,LavSoft,Cadastro de Cores,Cores1,cadastro,criar/cadastrar,Nivel.DB/correlacao,media,correlacao por nome/texto; exige validacao visual
LAVSOFT,LavSoft,CB_CoresEntrada,Cores1,estoque/produto,criar/cadastrar,Nivel.DB/correlacao,media,correlacao por nome/texto; exige validacao visual
LAVSOFT,LavSoft,"CB_CoresEntrada,",Cores1,estoque/produto,criar/cadastrar,Nivel.DB/correlacao,media,correlacao por nome/texto; exige validacao visual
LAVSOFT,LavFacilLan,:\Equipexe\Sincroniza\Envio\Defeitos.xml,Defeitos1,sync/update/api,abrir/executar,Nivel.DB/correlacao,media,correlacao por nome/texto; exige validacao visual
LAVSOFT,LavFacilLan,Defeitos encontrados no Produto,Defeitos1,estoque/produto,abrir/executar,Nivel.DB/correlacao,media,correlacao por nome/texto; exige validacao visual
LAVSOFT,LavSoft,Cadastro de Defeitos,Defeitos1,cadastro,criar/cadastrar,Nivel.DB/correlacao,media,correlacao por nome/texto; exige validacao visual
LAVSOFT,LavSoft,Defeitos encontrados no Produto,Defeitos1,estoque/produto,abrir/executar,Nivel.DB/correlacao,media,correlacao por nome/texto; exige validacao visual
LAVSOFT,LavFacilLan,"3|Tipos de Entrada (Retira, Entrega, Delivery e Etc)",Delivery1,estoque/produto,criar/cadastrar,Nivel.DB/correlacao,media,correlacao por nome/texto; exige validacao visual
LAVSOFT,LavFacilLan,AJUSTE REF. AO DELIVERY DO DESCONTO DO ROL N,Delivery1,financeiro/caixa,abrir/executar,Nivel.DB/correlacao,media,correlacao por nome/texto; exige validacao visual
LAVSOFT,LavFacilLan,DELIVERY - Horario de Entrega do Rol,Delivery1,lavanderia/rol,abrir/executar,Nivel.DB/correlacao,media,correlacao por nome/texto; exige validacao visual
LAVSOFT,LavSoft,"3|Tipos de Entrada (Retira, Entrega, Delivery e Etc)",Delivery1,estoque/produto,criar/cadastrar,Nivel.DB/correlacao,media,correlacao por nome/texto; exige validacao visual
LAVSOFT,LavSoft,Movimento Delivery,Delivery1,operacional/outro,abrir/executar,Nivel.DB/correlacao,media,correlacao por nome/texto; exige validacao visual
LAVSOFT,LavFacilLan,"Desconto Porcentagem - Se valor final for 0,zera os valores",DescontoPorc1,financeiro/caixa,abrir/executar,Nivel.DB/correlacao,media,correlacao por nome/texto; exige validacao visual
LAVSOFT,LavFacilLan,DescontoPorc1,DescontoPorc1,financeiro/caixa,abrir/executar,Nivel.DB/correlacao,media,correlacao por nome/texto; exige validacao visual
LAVSOFT,LavFacilLan,Lb_DescontoPorc,DescontoPorc1,financeiro/caixa,abrir/executar,Nivel.DB/correlacao,media,correlacao por nome/texto; exige validacao visual
LAVSOFT,LavSoft,DescontoPorc1,DescontoPorc1,financeiro/caixa,abrir/executar,Nivel.DB/correlacao,media,correlacao por nome/texto; exige validacao visual
LAVSOFT,LavSoft,Lb_DescontoPorc,DescontoPorc1,financeiro/caixa,abrir/executar,Nivel.DB/correlacao,media,correlacao por nome/texto; exige validacao visual
LAVSOFT,LavFacilLan,DescontoporValor1,DescontoporValor1,financeiro/caixa,abrir/executar,Nivel.DB/correlacao,media,correlacao por nome/texto; exige validacao visual
LAVSOFT,LavSoft,Desconto por Valor,DescontoporValor1,financeiro/caixa,abrir/executar,Nivel.DB/correlacao,media,correlacao por nome/texto; exige validacao visual
LAVSOFT,LavSoft,DescontoporValor1,DescontoporValor1,financeiro/caixa,abrir/executar,Nivel.DB/correlacao,media,correlacao por nome/texto; exige validacao visual
LAVSOFT,LavSoft,DescontoporValor1Click,DescontoporValor1,financeiro/caixa,abrir/executar,Nivel.DB/correlacao,media,correlacao por nome/texto; exige validacao visual
LAVSOFT,LavSoft,Filtros - Desconto por Valor ou Porcentagem,DescontoporValor1,financeiro/caixa,abrir/executar,Nivel.DB/correlacao,media,correlacao por nome/texto; exige validacao visual
LAVSOFT,LavSoft,Descontos no Rol,DescontosnoRol1,financeiro/caixa,abrir/executar,Nivel.DB/correlacao,media,correlacao por nome/texto; exige validacao visual
LAVSOFT,LavSoft,DescontosnoRol1,DescontosnoRol1,financeiro/caixa,abrir/executar,Nivel.DB/correlacao,media,correlacao por nome/texto; exige validacao visual
LAVSOFT,LavSoft,DescontosnoRol1Click,DescontosnoRol1,financeiro/caixa,abrir/executar,Nivel.DB/correlacao,media,correlacao por nome/texto; exige validacao visual
LAVSOFT,LavSoft,DescontosnoRol1P,DescontosnoRol1,financeiro/caixa,abrir/executar,Nivel.DB/correlacao,media,correlacao por nome/texto; exige validacao visual
LAVSOFT,LavSoft,rio de Descontos no Rol,DescontosnoRol1,financeiro/caixa,abrir/executar,Nivel.DB/correlacao,media,correlacao por nome/texto; exige validacao visual
LAVSOFT,LavSoft,Devoluo1,Devoluo1,operacional/outro,abrir/executar,Nivel.DB/correlacao,media,correlacao por nome/texto; exige validacao visual
LAVSOFT,LavSoft,Devoluo1Click,Devoluo1,operacional/outro,abrir/executar,Nivel.DB/correlacao,media,correlacao por nome/texto; exige validacao visual
LAVSOFT,LavSoft,Devoluo1T,Devoluo1,operacional/outro,abrir/executar,Nivel.DB/correlacao,media,correlacao por nome/texto; exige validacao visual
LAVSOFT,LavSoft,DevoluoPagamento1,Devoluo1,financeiro/caixa,processar/fechar,Nivel.DB/correlacao,media,correlacao por nome/texto; exige validacao visual
LAVSOFT,LavSoft,DevoluoPagamento1Click,Devoluo1,financeiro/caixa,processar/fechar,Nivel.DB/correlacao,media,correlacao por nome/texto; exige validacao visual
LAVSOFT,LavFacilLan,DevoluoPagamento1,DevoluoPagamento1,financeiro/caixa,processar/fechar,Nivel.DB/correlacao,media,correlacao por nome/texto; exige validacao visual
LAVSOFT,LavFacilLan,DevoluoPagamento18,DevoluoPagamento1,financeiro/caixa,processar/fechar,Nivel.DB/correlacao,media,correlacao por nome/texto; exige validacao visual
LAVSOFT,LavFacilLan,DevoluoPagamento1Click,DevoluoPagamento1,financeiro/caixa,processar/fechar,Nivel.DB/correlacao,media,correlacao por nome/texto; exige validacao visual
LAVSOFT,LavSoft,DevoluoPagamento1,DevoluoPagamento1,financeiro/caixa,processar/fechar,Nivel.DB/correlacao,media,correlacao por nome/texto; exige validacao visual
LAVSOFT,LavSoft,DevoluoPagamento1Click,DevoluoPagamento1,financeiro/caixa,processar/fechar,Nivel.DB/correlacao,media,correlacao por nome/texto; exige validacao visual
LAVSOFT,LavFacilLan,Ed_PorcDescontoPag,Ed_PorcDescontoPag,financeiro/caixa,abrir/executar,Nivel.DB/correlacao,media,correlacao por nome/texto; exige validacao visual
LAVSOFT,LavFacilLan,Ed_PorcDescontoPagExit,Ed_PorcDescontoPag,financeiro/caixa,abrir/executar,Nivel.DB/correlacao,media,correlacao por nome/texto; exige validacao visual
LAVSOFT,LavSoft,Ed_PorcDescontoPag,Ed_PorcDescontoPag,financeiro/caixa,abrir/executar,Nivel.DB/correlacao,media,correlacao por nome/texto; exige validacao visual
LAVSOFT,LavSoft,Ed_PorcDescontoPagExit,Ed_PorcDescontoPag,financeiro/caixa,abrir/executar,Nivel.DB/correlacao,media,correlacao por nome/texto; exige validacao visual
LAVSOFT,LavFacilLan,Emitir Nota Fiscal,EmitirNotaFiscal1,fiscal,relatorio/imprimir,Nivel.DB/correlacao,media,correlacao por nome/texto; exige validacao visual
LAVSOFT,LavSoft,Emitir Nota Fiscal,EmitirNotaFiscal1,fiscal,relatorio/imprimir,Nivel.DB/correlacao,media,correlacao por nome/texto; exige validacao visual
LAVSOFT,LavSoft,EmitirNotaFiscal1,EmitirNotaFiscal1,operacional/outro,relatorio/imprimir,Nivel.DB/correlacao,media,correlacao por nome/texto; exige validacao visual
LAVSOFT,LavSoft,EmitirNotaFiscal1Click,EmitirNotaFiscal1,operacional/outro,relatorio/imprimir,Nivel.DB/correlacao,media,correlacao por nome/texto; exige validacao visual
LAVSOFT,LavSoft,EmitirNotaFiscal1d,EmitirNotaFiscal1,operacional/outro,relatorio/imprimir,Nivel.DB/correlacao,media,correlacao por nome/texto; exige validacao visual
LAVSOFT,LavSoft,%Gera Encerramento Resumido Financeiro,Encerramento1,operacional/outro,processar/fechar,Nivel.DB/correlacao,media,correlacao por nome/texto; exige validacao visual
LAVSOFT,LavSoft,%Imprime Estoque Encerramento do Caixa,Encerramento1,financeiro/caixa,processar/fechar,Nivel.DB/correlacao,media,correlacao por nome/texto; exige validacao visual
LAVSOFT,LavSoft,3Controla Encerramento (Sabados/Domingos e Feriados),Encerramento1,lavanderia/rol,processar/fechar,Nivel.DB/correlacao,media,correlacao por nome/texto; exige validacao visual
LAVSOFT,LavSoft,AMENTO GERADO PELO ENCERRAMENTO DE CAIXA DO LAVSOFT,Encerramento1,financeiro/caixa,processar/fechar,Nivel.DB/correlacao,media,correlacao por nome/texto; exige validacao visual
LAVSOFT,LavSoft,CANCELAMENTO DO ENCERRAMENTO DO CAIXA,Encerramento1,financeiro/caixa,excluir/cancelar,Nivel.DB/correlacao,media,correlacao por nome/texto; exige validacao visual
LAVSOFT,LavFacilLan,Confirma o Encerramento Parcial do Caixa -,EncerramentoParcial1,financeiro/caixa,processar/fechar,Nivel.DB/correlacao,media,correlacao por nome/texto; exige validacao visual
LAVSOFT,LavSoft,Confirma o Encerramento Parcial do Caixa -,EncerramentoParcial1,financeiro/caixa,processar/fechar,Nivel.DB/correlacao,media,correlacao por nome/texto; exige validacao visual
LAVSOFT,LavSoft,Entrada Estoque,EntradaEstoque1,estoque/produto,criar/cadastrar,Nivel.DB/correlacao,media,correlacao por nome/texto; exige validacao visual
LAVSOFT,LavSoft,EntradaEstoque,EntradaEstoque1,estoque/produto,criar/cadastrar,Nivel.DB/correlacao,media,correlacao por nome/texto; exige validacao visual
LAVSOFT,LavSoft,EntradaEstoque1,EntradaEstoque1,estoque/produto,criar/cadastrar,Nivel.DB/correlacao,media,correlacao por nome/texto; exige validacao visual
LAVSOFT,LavSoft,EntradaEstoque1<,EntradaEstoque1,estoque/produto,criar/cadastrar,Nivel.DB/correlacao,media,correlacao por nome/texto; exige validacao visual
LAVSOFT,LavSoft,EntradaEstoque1Click,EntradaEstoque1,estoque/produto,criar/cadastrar,Nivel.DB/correlacao,media,correlacao por nome/texto; exige validacao visual
LAVSOFT,LavSoft,EntradaRol1,EntradaRol1,estoque/produto,criar/cadastrar,Nivel.DB/correlacao,media,correlacao por nome/texto; exige validacao visual
LAVSOFT,LavSoft,EntradaRol1Click,EntradaRol1,estoque/produto,criar/cadastrar,Nivel.DB/correlacao,media,correlacao por nome/texto; exige validacao visual
LAVSOFT,LavSoft,MenuEntradaRol1,EntradaRol1,estoque/produto,criar/cadastrar,Nivel.DB/correlacao,media,correlacao por nome/texto; exige validacao visual
LAVSOFT,LavSoft,MenuEntradaRol1|,EntradaRol1,estoque/produto,criar/cadastrar,Nivel.DB/correlacao,media,correlacao por nome/texto; exige validacao visual
LAVSOFT,LavSoft,MenuEntradaRol1Click,EntradaRol1,estoque/produto,criar/cadastrar,Nivel.DB/correlacao,media,correlacao por nome/texto; exige validacao visual
LAVSOFT,LavFacilLan,EntregaporPecas1,EntregaporPecas1,lavanderia/rol,abrir/executar,Nivel.DB/correlacao,media,correlacao por nome/texto; exige validacao visual
LAVSOFT,LavFacilLan,EntregaporPecas1Click,EntregaporPecas1,lavanderia/rol,abrir/executar,Nivel.DB/correlacao,media,correlacao por nome/texto; exige validacao visual
LAVSOFT,LavSoft,EntregaporPecas1,EntregaporPecas1,lavanderia/rol,abrir/executar,Nivel.DB/correlacao,media,correlacao por nome/texto; exige validacao visual
LAVSOFT,LavSoft,EntregaporPecas1Click,EntregaporPecas1,lavanderia/rol,abrir/executar,Nivel.DB/correlacao,media,correlacao por nome/texto; exige validacao visual
LAVSOFT,LavSoft,"EntregaporPecas1Click""",EntregaporPecas1,lavanderia/rol,abrir/executar,Nivel.DB/correlacao,media,correlacao por nome/texto; exige validacao visual
LAVSOFT,LavFacilLan,EntregaRol,EntregaRol,lavanderia/rol,abrir/executar,Nivel.DB/correlacao,media,correlacao por nome/texto; exige validacao visual
LAVSOFT,LavFacilLan,EntregaRolp,EntregaRol,lavanderia/rol,abrir/executar,Nivel.DB/correlacao,media,correlacao por nome/texto; exige validacao visual
LAVSOFT,LavSoft,EntregaRol,EntregaRol,lavanderia/rol,abrir/executar,Nivel.DB/correlacao,media,correlacao por nome/texto; exige validacao visual
LAVSOFT,LavSoft,EntregaRolTotal,EntregaRol,lavanderia/rol,abrir/executar,Nivel.DB/correlacao,media,correlacao por nome/texto; exige validacao visual
LAVSOFT,LavSoft,Perg. Vend. Entrega Rol,EntregaRol,lavanderia/rol,abrir/executar,Nivel.DB/correlacao,media,correlacao por nome/texto; exige validacao visual
LAVSOFT,LavSoft,EntregaVariosRol1,EntregaVariosRol1,lavanderia/rol,abrir/executar,Nivel.DB/correlacao,media,correlacao por nome/texto; exige validacao visual
LAVSOFT,LavSoft,EntregaVariosRol18,EntregaVariosRol1,lavanderia/rol,abrir/executar,Nivel.DB/correlacao,media,correlacao por nome/texto; exige validacao visual
LAVSOFT,LavSoft,EntregaVariosRol1Click,EntregaVariosRol1,lavanderia/rol,abrir/executar,Nivel.DB/correlacao,media,correlacao por nome/texto; exige validacao visual
LAVSOFT,LavSoft,EntregaVariosRol2,EntregaVariosRol1,lavanderia/rol,abrir/executar,Nivel.DB/correlacao,media,correlacao por nome/texto; exige validacao visual
LAVSOFT,LavSoft,EntregaVariosRol2Click,EntregaVariosRol1,lavanderia/rol,abrir/executar,Nivel.DB/correlacao,media,correlacao por nome/texto; exige validacao visual
LAVSOFT,LavSoft,EntregaVariosRol1,EntregaVariosRol2,lavanderia/rol,abrir/executar,Nivel.DB/correlacao,media,correlacao por nome/texto; exige validacao visual
LAVSOFT,LavSoft,EntregaVariosRol18,EntregaVariosRol2,lavanderia/rol,abrir/executar,Nivel.DB/correlacao,media,correlacao por nome/texto; exige validacao visual
LAVSOFT,LavSoft,EntregaVariosRol1Click,EntregaVariosRol2,lavanderia/rol,abrir/executar,Nivel.DB/correlacao,media,correlacao por nome/texto; exige validacao visual
LAVSOFT,LavSoft,EntregaVariosRol2,EntregaVariosRol2,lavanderia/rol,abrir/executar,Nivel.DB/correlacao,media,correlacao por nome/texto; exige validacao visual
LAVSOFT,LavSoft,EntregaVariosRol2Click,EntregaVariosRol2,lavanderia/rol,abrir/executar,Nivel.DB/correlacao,media,correlacao por nome/texto; exige validacao visual
LAVSOFT,LavSoft,-Envia e-mail automaticamente para os clientes,EnviaEmail1,cadastro,sincronizar/atualizar,Nivel.DB/correlacao,media,correlacao por nome/texto; exige validacao visual
LAVSOFT,LavSoft,07-ENVIA EMAIL PROMOCIONAL,EnviaEmail1,operacional/outro,sincronizar/atualizar,Nivel.DB/correlacao,media,correlacao por nome/texto; exige validacao visual
LAVSOFT,LavSoft,CB_EnviaEmailAuto,EnviaEmail1,operacional/outro,sincronizar/atualizar,Nivel.DB/correlacao,media,correlacao por nome/texto; exige validacao visual
LAVSOFT,LavSoft,Envia Email Promocional,EnviaEmail1,operacional/outro,sincronizar/atualizar,Nivel.DB/correlacao,media,correlacao por nome/texto; exige validacao visual
LAVSOFT,LavSoft,EnviaEmail,EnviaEmail1,operacional/outro,sincronizar/atualizar,Nivel.DB/correlacao,media,correlacao por nome/texto; exige validacao visual
LAVSOFT,LavSoft,",|Quantidade de etiquetas impressas no Lancto",Etiquetas1,relatorio/impressao,relatorio/imprimir,Nivel.DB/correlacao,media,correlacao por nome/texto; exige validacao visual
LAVSOFT,LavSoft,ImpressodeEtiquetas1,Etiquetas1,relatorio/impressao,relatorio/imprimir,Nivel.DB/correlacao,media,correlacao por nome/texto; exige validacao visual
LAVSOFT,LavSoft,ImpressodeEtiquetas1Click,Etiquetas1,relatorio/impressao,relatorio/imprimir,Nivel.DB/correlacao,media,correlacao por nome/texto; exige validacao visual
LAVSOFT,LavSoft,nos produtos das etiquetas,Etiquetas1,estoque/produto,relatorio/imprimir,Nivel.DB/correlacao,media,correlacao por nome/texto; exige validacao visual
LAVSOFT,LavSoft,o controle de Etiquetas ...,Etiquetas1,lavanderia/rol,relatorio/imprimir,Nivel.DB/correlacao,media,correlacao por nome/texto; exige validacao visual
LAVSOFT,LavFacilLan,Extrato Cliente,ExtratoCliente1,cadastro,abrir/executar,Nivel.DB/correlacao,media,correlacao por nome/texto; exige validacao visual
LAVSOFT,LavSoft,Extrato Cliente,ExtratoCliente1,cadastro,abrir/executar,Nivel.DB/correlacao,media,correlacao por nome/texto; exige validacao visual
LAVSOFT,LavSoft,ExtratoCliente,ExtratoCliente1,cadastro,abrir/executar,Nivel.DB/correlacao,media,correlacao por nome/texto; exige validacao visual
LAVSOFT,LavSoft,ExtratoCliente1,ExtratoCliente1,cadastro,abrir/executar,Nivel.DB/correlacao,media,correlacao por nome/texto; exige validacao visual
LAVSOFT,LavSoft,ExtratoCliente1L,ExtratoCliente1,cadastro,abrir/executar,Nivel.DB/correlacao,media,correlacao por nome/texto; exige validacao visual
LAVSOFT,LavSoft,-Tipo Desconto: Faturamento,Faturamento1,financeiro/caixa,abrir/executar,Nivel.DB/correlacao,media,correlacao por nome/texto; exige validacao visual
LAVSOFT,LavSoft,:\Equipexe\Figuras\Log Faturamento\,Faturamento1,financeiro/caixa,abrir/executar,Nivel.DB/correlacao,media,correlacao por nome/texto; exige validacao visual
LAVSOFT,LavSoft,"""Resumo de Faturamento por Produto",Faturamento1,financeiro/caixa,abrir/executar,Nivel.DB/correlacao,media,correlacao por nome/texto; exige validacao visual
LAVSOFT,LavSoft,[ FATURAMENTO ],Faturamento1,financeiro/caixa,abrir/executar,Nivel.DB/correlacao,media,correlacao por nome/texto; exige validacao visual
LAVSOFT,LavSoft,#GeraFaturamentopCentrodeCusto1Click,Faturamento1,financeiro/caixa,abrir/executar,Nivel.DB/correlacao,media,correlacao por nome/texto; exige validacao visual
LAVSOFT,LavSoft,Fechamento de Caixa,FechamentodeCaixa1,financeiro/caixa,processar/fechar,Nivel.DB/correlacao,media,correlacao por nome/texto; exige validacao visual
LAVSOFT,LavSoft,Fechamento de Caixa Dia/Dia,FechamentodeCaixa1,financeiro/caixa,processar/fechar,Nivel.DB/correlacao,media,correlacao por nome/texto; exige validacao visual
LAVSOFT,LavSoft,FechamentodeCaixa1,FechamentodeCaixa1,financeiro/caixa,processar/fechar,Nivel.DB/correlacao,media,correlacao por nome/texto; exige validacao visual
LAVSOFT,LavSoft,FechamentodeCaixa1Click,FechamentodeCaixa1,financeiro/caixa,processar/fechar,Nivel.DB/correlacao,media,correlacao por nome/texto; exige validacao visual
LAVSOFT,LavSoft,o no Fechamento de Caixa,FechamentodeCaixa1,financeiro/caixa,processar/fechar,Nivel.DB/correlacao,media,correlacao por nome/texto; exige validacao visual
LAVSOFT,LavSoft,"""Enc.Caixa Sabado/Domingos/Feriados",Feriados1,financeiro/caixa,abrir/executar,Nivel.DB/correlacao,media,correlacao por nome/texto; exige validacao visual
LAVSOFT,LavSoft,3Controla Encerramento (Sabados/Domingos e Feriados),Feriados1,lavanderia/rol,processar/fechar,Nivel.DB/correlacao,media,correlacao por nome/texto; exige validacao visual
LAVSOFT,LavSoft,Cadastro de Feriados,Feriados1,cadastro,criar/cadastrar,Nivel.DB/correlacao,media,correlacao por nome/texto; exige validacao visual
LAVSOFT,LavSoft,Cadastro de Filiais/Matriz,FiliaisMatriz1,cadastro,criar/cadastrar,Nivel.DB/correlacao,media,correlacao por nome/texto; exige validacao visual
LAVSOFT,LavSoft,FILIAIS/MATRIZ,FiliaisMatriz1,operacional/outro,abrir/executar,Nivel.DB/correlacao,media,correlacao por nome/texto; exige validacao visual
LAVSOFT,LavSoft,FiliaisMatriz1,FiliaisMatriz1,operacional/outro,abrir/executar,Nivel.DB/correlacao,media,correlacao por nome/texto; exige validacao visual
LAVSOFT,LavSoft,FiliaisMatriz1Click,FiliaisMatriz1,operacional/outro,abrir/executar,Nivel.DB/correlacao,media,correlacao por nome/texto; exige validacao visual
LAVSOFT,SAT,Cadastro de Filiais/Matriz,FiliaisMatriz1,cadastro,criar/cadastrar,Nivel.DB/correlacao,media,correlacao por nome/texto; exige validacao visual
LAVSOFT,LavSoft,*Filial/Matriz|Seleciona nova Filial/matriz,Filialmatriz1,operacional/outro,abrir/executar,Nivel.DB/correlacao,media,correlacao por nome/texto; exige validacao visual
LAVSOFT,LavSoft,digo da filial/matriz,Filialmatriz1,operacional/outro,abrir/executar,Nivel.DB/correlacao,media,correlacao por nome/texto; exige validacao visual
LAVSOFT,LavSoft,F8 - Filial/Matriz,Filialmatriz1,operacional/outro,abrir/executar,Nivel.DB/correlacao,media,correlacao por nome/texto; exige validacao visual
LAVSOFT,LavSoft,Filial/Matriz,Filialmatriz1,operacional/outro,abrir/executar,Nivel.DB/correlacao,media,correlacao por nome/texto; exige validacao visual
LAVSOFT,LavSoft,Filial/Matriz n,Filialmatriz1,operacional/outro,abrir/executar,Nivel.DB/correlacao,media,correlacao por nome/texto; exige validacao visual
LAVSOFT,LavSoft,!Bloqueia Troca Forma de Pagamento,FormadePagamento1,auth/permissao,processar/fechar,Nivel.DB/correlacao,media,correlacao por nome/texto; exige validacao visual
LAVSOFT,LavSoft,(|Selecione a forma de pagamento desejada,FormadePagamento1,financeiro/caixa,processar/fechar,Nivel.DB/correlacao,media,correlacao por nome/texto; exige validacao visual
LAVSOFT,LavSoft,1Bloqueia Forma de Pagamento para Digitador Minimo,FormadePagamento1,auth/permissao,processar/fechar,Nivel.DB/correlacao,media,correlacao por nome/texto; exige validacao visual
LAVSOFT,LavSoft,3Consulta|Consulta da forma de pagamento selecionada,FormadePagamento1,financeiro/caixa,consultar,Nivel.DB/correlacao,media,correlacao por nome/texto; exige validacao visual
LAVSOFT,LavSoft,9Forma de Pagamento|Informe o c,FormadePagamento1,financeiro/caixa,processar/fechar,Nivel.DB/correlacao,media,correlacao por nome/texto; exige validacao visual
LAVSOFT,LavSoft,Cadastro de Grupo Entradas,GrupoEntradas1,auth/permissao,criar/cadastrar,Nivel.DB/correlacao,media,correlacao por nome/texto; exige validacao visual
LAVSOFT,LavSoft,Grupo Entradas,GrupoEntradas1,auth/permissao,criar/cadastrar,Nivel.DB/correlacao,media,correlacao por nome/texto; exige validacao visual
LAVSOFT,LavSoft,GrupoEntradas1,GrupoEntradas1,auth/permissao,criar/cadastrar,Nivel.DB/correlacao,media,correlacao por nome/texto; exige validacao visual
LAVSOFT,LavSoft,GrupoEntradas1\,GrupoEntradas1,auth/permissao,criar/cadastrar,Nivel.DB/correlacao,media,correlacao por nome/texto; exige validacao visual
LAVSOFT,LavSoft,GrupoEntradas1Click,GrupoEntradas1,auth/permissao,criar/cadastrar,Nivel.DB/correlacao,media,correlacao por nome/texto; exige validacao visual
LAVSOFT,LavFacilLan,FM_ImportacaoNuvem,Importacao1,sync/update/api,abrir/executar,Nivel.DB/correlacao,media,correlacao por nome/texto; exige validacao visual
LAVSOFT,LavFacilLan,importacaonuvem,Importacao1,sync/update/api,abrir/executar,Nivel.DB/correlacao,media,correlacao por nome/texto; exige validacao visual
LAVSOFT,LavFacilLan,ImportacaoNuvem_U,Importacao1,sync/update/api,abrir/executar,Nivel.DB/correlacao,media,correlacao por nome/texto; exige validacao visual
LAVSOFT,LavFacilLan,TFM_ImportacaoNuvem,Importacao1,sync/update/api,abrir/executar,Nivel.DB/correlacao,media,correlacao por nome/texto; exige validacao visual
LAVSOFT,Estoque,Nota de Inclusao Gera nota,Inclusao1,operacional/outro,abrir/executar,Nivel.DB/correlacao,media,correlacao por nome/texto; exige validacao visual
LAVSOFT,Estoque,Nota de Inclusao Gera Pedido - Compra,Inclusao1,operacional/outro,abrir/executar,Nivel.DB/correlacao,media,correlacao por nome/texto; exige validacao visual
LAVSOFT,LavFacilLan,Informa Rol no Estoque,InformaRolnoEstoque1,estoque/produto,abrir/executar,Nivel.DB/correlacao,media,correlacao por nome/texto; exige validacao visual
LAVSOFT,LavSoft,Informa Rol no Estoque,InformaRolnoEstoque1,estoque/produto,abrir/executar,Nivel.DB/correlacao,media,correlacao por nome/texto; exige validacao visual
LAVSOFT,LavSoft,InformaRolnoEstoque1,InformaRolnoEstoque1,estoque/produto,abrir/executar,Nivel.DB/correlacao,media,correlacao por nome/texto; exige validacao visual
LAVSOFT,LavSoft,InformaRolnoEstoque1Click,InformaRolnoEstoque1,estoque/produto,abrir/executar,Nivel.DB/correlacao,media,correlacao por nome/texto; exige validacao visual
LAVSOFT,LavSoft,InformaRolnoEstoque1Click%,InformaRolnoEstoque1,estoque/produto,abrir/executar,Nivel.DB/correlacao,media,correlacao por nome/texto; exige validacao visual
LAVSOFT,LavFacilLan,LanamentosdeProdutos1,Lanamentos1,estoque/produto,abrir/executar,Nivel.DB/correlacao,media,correlacao por nome/texto; exige validacao visual
LAVSOFT,LavFacilLan,LanamentosdeProdutos1`,Lanamentos1,estoque/produto,abrir/executar,Nivel.DB/correlacao,media,correlacao por nome/texto; exige validacao visual
LAVSOFT,LavFacilLan,LanamentosdeProdutos1Click,Lanamentos1,estoque/produto,abrir/executar,Nivel.DB/correlacao,media,correlacao por nome/texto; exige validacao visual
LAVSOFT,LavSoft,LanamentosdeProdutos1,Lanamentos1,estoque/produto,abrir/executar,Nivel.DB/correlacao,media,correlacao por nome/texto; exige validacao visual
LAVSOFT,LavSoft,LanamentosdeProdutos1Click,Lanamentos1,estoque/produto,abrir/executar,Nivel.DB/correlacao,media,correlacao por nome/texto; exige validacao visual
LAVSOFT,LavSoft,LancamentoRol1,LancamentoRol1,lavanderia/rol,abrir/executar,Nivel.DB/correlacao,media,correlacao por nome/texto; exige validacao visual
LAVSOFT,LavSoft,LancamentoRol1Click,LancamentoRol1,lavanderia/rol,abrir/executar,Nivel.DB/correlacao,media,correlacao por nome/texto; exige validacao visual
LAVSOFT,LavSoft,MenuLancamentoRol1,LancamentoRol1,lavanderia/rol,abrir/executar,Nivel.DB/correlacao,media,correlacao por nome/texto; exige validacao visual
LAVSOFT,LavSoft,MenuLancamentoRol1Click,LancamentoRol1,lavanderia/rol,abrir/executar,Nivel.DB/correlacao,media,correlacao por nome/texto; exige validacao visual
LAVSOFT,LavSoft,Listagem de Entrega,Listagem1,lavanderia/rol,abrir/executar,Nivel.DB/correlacao,media,correlacao por nome/texto; exige validacao visual
LAVSOFT,LavSoft,Listagem de Entrega (Sint,Listagem1,lavanderia/rol,abrir/executar,Nivel.DB/correlacao,media,correlacao por nome/texto; exige validacao visual
LAVSOFT,LavSoft,LISTAGEM DE ROL,Listagem1,lavanderia/rol,abrir/executar,Nivel.DB/correlacao,media,correlacao por nome/texto; exige validacao visual
LAVSOFT,LavSoft,Listagem de Terceiriza,Listagem1,lavanderia/rol,abrir/executar,Nivel.DB/correlacao,media,correlacao por nome/texto; exige validacao visual
LAVSOFT,LavSoft,Listagem|Listagem do Cadastro,Listagem1,cadastro,criar/cadastrar,Nivel.DB/correlacao,media,correlacao por nome/texto; exige validacao visual
LAVSOFT,LavFacilLan,PedeLocalizacao,Localizacao1,lavanderia/rol,abrir/executar,Nivel.DB/correlacao,media,correlacao por nome/texto; exige validacao visual
LAVSOFT,LavFacilLan,PedeLocalizacao1,Localizacao1,lavanderia/rol,abrir/executar,Nivel.DB/correlacao,media,correlacao por nome/texto; exige validacao visual
LAVSOFT,LavSoft,Localizacao1,Localizacao1,lavanderia/rol,abrir/executar,Nivel.DB/correlacao,media,correlacao por nome/texto; exige validacao visual
LAVSOFT,LavSoft,Localizacao1Click,Localizacao1,lavanderia/rol,abrir/executar,Nivel.DB/correlacao,media,correlacao por nome/texto; exige validacao visual
LAVSOFT,LavSoft,MenudeLocalizacao,Localizacao1,lavanderia/rol,abrir/executar,Nivel.DB/correlacao,media,correlacao por nome/texto; exige validacao visual
LAVSOFT,LavFacilLan,MarcaEntrega,MarcaEntrega,lavanderia/rol,abrir/executar,Nivel.DB/correlacao,media,correlacao por nome/texto; exige validacao visual
LAVSOFT,LavFacilLan,MarcaEntregaClick,MarcaEntrega,lavanderia/rol,abrir/executar,Nivel.DB/correlacao,media,correlacao por nome/texto; exige validacao visual
LAVSOFT,LavSoft,F7 - Marca/Desmarca Entrega,MarcaEntrega,lavanderia/rol,abrir/executar,Nivel.DB/correlacao,media,correlacao por nome/texto; exige validacao visual
LAVSOFT,LavSoft,MarcaEntrega,MarcaEntrega,lavanderia/rol,abrir/executar,Nivel.DB/correlacao,media,correlacao por nome/texto; exige validacao visual
LAVSOFT,LavSoft,MarcaEntregaClick,MarcaEntrega,lavanderia/rol,abrir/executar,Nivel.DB/correlacao,media,correlacao por nome/texto; exige validacao visual
LAVSOFT,LavFacilLan,:\Equipexe\Sincroniza\Envio\Marcas.xml,Marcas1,cadastro,abrir/executar,Nivel.DB/correlacao,media,correlacao por nome/texto; exige validacao visual
LAVSOFT,LavFacilLan,MarcaServico,Marcas1,cadastro,abrir/executar,Nivel.DB/correlacao,media,correlacao por nome/texto; exige validacao visual
LAVSOFT,LavSoft,Cadastro de Marcas,Marcas1,cadastro,criar/cadastrar,Nivel.DB/correlacao,media,correlacao por nome/texto; exige validacao visual
LAVSOFT,LavSoft,Cadastro de Marcas dos Grupos de Produtos...,Marcas1,auth/permissao,criar/cadastrar,Nivel.DB/correlacao,media,correlacao por nome/texto; exige validacao visual
LAVSOFT,LavSoft,TerMarcaServicoAut,Marcas1,cadastro,abrir/executar,Nivel.DB/correlacao,media,correlacao por nome/texto; exige validacao visual
LAVSOFT,LavSoft,MenuEntradaRol1,MenuEntradaRol1,estoque/produto,criar/cadastrar,Nivel.DB/correlacao,media,correlacao por nome/texto; exige validacao visual
LAVSOFT,LavSoft,MenuEntradaRol1|,MenuEntradaRol1,estoque/produto,criar/cadastrar,Nivel.DB/correlacao,media,correlacao por nome/texto; exige validacao visual
LAVSOFT,LavSoft,MenuEntradaRol1Click,MenuEntradaRol1,estoque/produto,criar/cadastrar,Nivel.DB/correlacao,media,correlacao por nome/texto; exige validacao visual
LAVSOFT,LavSoft,MenuLancamentoRol1,MenuLancamentoRol1,lavanderia/rol,abrir/executar,Nivel.DB/correlacao,media,correlacao por nome/texto; exige validacao visual
LAVSOFT,LavSoft,MenuLancamentoRol1Click,MenuLancamentoRol1,lavanderia/rol,abrir/executar,Nivel.DB/correlacao,media,correlacao por nome/texto; exige validacao visual
LAVSOFT,LavSoft,MovGrupoClientes1,MovGrupoClientes1,auth/permissao,abrir/executar,Nivel.DB/correlacao,media,correlacao por nome/texto; exige validacao visual
LAVSOFT,LavSoft,MovGrupoClientes1Click,MovGrupoClientes1,auth/permissao,abrir/executar,Nivel.DB/correlacao,media,correlacao por nome/texto; exige validacao visual
LAVSOFT,LavSoft,MovGrupoClientes1p,MovGrupoClientes1,auth/permissao,abrir/executar,Nivel.DB/correlacao,media,correlacao por nome/texto; exige validacao visual
LAVSOFT,LavSoft,MovimentoAnalitico1,MovimentoAnalitico1,operacional/outro,abrir/executar,Nivel.DB/correlacao,media,correlacao por nome/texto; exige validacao visual
LAVSOFT,LavSoft,MovimentoAnalitico1Click,MovimentoAnalitico1,operacional/outro,abrir/executar,Nivel.DB/correlacao,media,correlacao por nome/texto; exige validacao visual
LAVSOFT,LavSoft,MovimentoAnaliticoEntrada1,MovimentoAnalitico1,estoque/produto,criar/cadastrar,Nivel.DB/correlacao,media,correlacao por nome/texto; exige validacao visual
LAVSOFT,LavSoft,MovimentoAnaliticoEntrada1Click,MovimentoAnalitico1,estoque/produto,criar/cadastrar,Nivel.DB/correlacao,media,correlacao por nome/texto; exige validacao visual
LAVSOFT,LavSoft,MovimentoAnaliticoEntrada1Click%,MovimentoAnalitico1,estoque/produto,criar/cadastrar,Nivel.DB/correlacao,media,correlacao por nome/texto; exige validacao visual
LAVSOFT,LavSoft,MovimentoAnaliticoEntrada1,MovimentoAnaliticoEntrada1,estoque/produto,criar/cadastrar,Nivel.DB/correlacao,media,correlacao por nome/texto; exige validacao visual
LAVSOFT,LavSoft,MovimentoAnaliticoEntrada1Click,MovimentoAnaliticoEntrada1,estoque/produto,criar/cadastrar,Nivel.DB/correlacao,media,correlacao por nome/texto; exige validacao visual
LAVSOFT,LavSoft,MovimentoAnaliticoEntrada1Click%,MovimentoAnaliticoEntrada1,estoque/produto,criar/cadastrar,Nivel.DB/correlacao,media,correlacao por nome/texto; exige validacao visual
LAVSOFT,LavSoft,MovimentoEntradaSaidaSinttico1,MovimentoEntradaSaidaSinttico1,estoque/produto,criar/cadastrar,Nivel.DB/correlacao,media,correlacao por nome/texto; exige validacao visual
LAVSOFT,LavFacilLan,Movimento por Dia de Semana,MovimentoporDiadeSemana1,operacional/outro,abrir/executar,Nivel.DB/correlacao,media,correlacao por nome/texto; exige validacao visual
LAVSOFT,LavSoft,Movimento por Dia de Semana,MovimentoporDiadeSemana1,operacional/outro,abrir/executar,Nivel.DB/correlacao,media,correlacao por nome/texto; exige validacao visual
LAVSOFT,LavSoft,MovimentoporDiadeSemana1,MovimentoporDiadeSemana1,operacional/outro,abrir/executar,Nivel.DB/correlacao,media,correlacao por nome/texto; exige validacao visual
LAVSOFT,LavSoft,MovimentoporDiadeSemana1$,MovimentoporDiadeSemana1,operacional/outro,abrir/executar,Nivel.DB/correlacao,media,correlacao por nome/texto; exige validacao visual
LAVSOFT,LavSoft,MovimentoporDiadeSemana1Click,MovimentoporDiadeSemana1,operacional/outro,abrir/executar,Nivel.DB/correlacao,media,correlacao por nome/texto; exige validacao visual
LAVSOFT,LavSoft,$MovimentoPorServicosExecutados1Click,MovimentoPorServicosExecutados1,cadastro,abrir/executar,Nivel.DB/correlacao,media,correlacao por nome/texto; exige validacao visual
LAVSOFT,LavSoft,MovimentoPorServicosExecutados1,MovimentoPorServicosExecutados1,cadastro,abrir/executar,Nivel.DB/correlacao,media,correlacao por nome/texto; exige validacao visual
LAVSOFT,LavSoft,"""MovimentoPorServicoSintetico1Click",MovimentoPorServicoSintetico1,cadastro,abrir/executar,Nivel.DB/correlacao,media,correlacao por nome/texto; exige validacao visual
LAVSOFT,LavSoft,MovimentoPorServicoSintetico1,MovimentoPorServicoSintetico1,cadastro,abrir/executar,Nivel.DB/correlacao,media,correlacao por nome/texto; exige validacao visual
LAVSOFT,LavSoft,MovimentoPorServicosPeso1,MovimentoPorServicosPeso1,cadastro,abrir/executar,Nivel.DB/correlacao,media,correlacao por nome/texto; exige validacao visual
LAVSOFT,LavSoft,MovimentoPorServicosPeso1<,MovimentoPorServicosPeso1,cadastro,abrir/executar,Nivel.DB/correlacao,media,correlacao por nome/texto; exige validacao visual
LAVSOFT,LavSoft,MovimentoPorServicosPeso1Click,MovimentoPorServicosPeso1,cadastro,abrir/executar,Nivel.DB/correlacao,media,correlacao por nome/texto; exige validacao visual
LAVSOFT,LavSoft,Movimento Produto Mensal,MovimentoProduto1,estoque/produto,abrir/executar,Nivel.DB/correlacao,media,correlacao por nome/texto; exige validacao visual
LAVSOFT,LavSoft,MovimentoProduto1,MovimentoProduto1,estoque/produto,abrir/executar,Nivel.DB/correlacao,media,correlacao por nome/texto; exige validacao visual
LAVSOFT,LavSoft,MovimentoProduto1Click,MovimentoProduto1,estoque/produto,abrir/executar,Nivel.DB/correlacao,media,correlacao por nome/texto; exige validacao visual
LAVSOFT,LavSoft,MovimentoProdutoMensal1,MovimentoProduto1,estoque/produto,abrir/executar,Nivel.DB/correlacao,media,correlacao por nome/texto; exige validacao visual
LAVSOFT,LavSoft,MovimentoProdutoMensal1Click,MovimentoProduto1,estoque/produto,abrir/executar,Nivel.DB/correlacao,media,correlacao por nome/texto; exige validacao visual
LAVSOFT,LavSoft,Movimento Produto Mensal,MovimentoProdutoMensal1,estoque/produto,abrir/executar,Nivel.DB/correlacao,media,correlacao por nome/texto; exige validacao visual
LAVSOFT,LavSoft,MovimentoProdutoMensal1,MovimentoProdutoMensal1,estoque/produto,abrir/executar,Nivel.DB/correlacao,media,correlacao por nome/texto; exige validacao visual
LAVSOFT,LavSoft,MovimentoProdutoMensal1Click,MovimentoProdutoMensal1,estoque/produto,abrir/executar,Nivel.DB/correlacao,media,correlacao por nome/texto; exige validacao visual
LAVSOFT,LavSoft,"MovimentoProdutoMensal1Click""",MovimentoProdutoMensal1,estoque/produto,abrir/executar,Nivel.DB/correlacao,media,correlacao por nome/texto; exige validacao visual
LAVSOFT,LavSoft,!MovimentoResumidoNotaFiscal1Click,MovimentoResumidoNotaFiscal1,operacional/outro,abrir/executar,Nivel.DB/correlacao,media,correlacao por nome/texto; exige validacao visual
LAVSOFT,LavSoft,MovimentoResumidoNotaFiscal1,MovimentoResumidoNotaFiscal1,operacional/outro,abrir/executar,Nivel.DB/correlacao,media,correlacao por nome/texto; exige validacao visual
LAVSOFT,LavSoft,MovimentoServicoMensal1,MovimentoServicoMensal1,cadastro,abrir/executar,Nivel.DB/correlacao,media,correlacao por nome/texto; exige validacao visual
LAVSOFT,LavSoft,MovimentoServicoMensal1Click,MovimentoServicoMensal1,cadastro,abrir/executar,Nivel.DB/correlacao,media,correlacao por nome/texto; exige validacao visual
LAVSOFT,LavSoft,MovimentoSintetico1,MovimentoSintetico1,operacional/outro,abrir/executar,Nivel.DB/correlacao,media,correlacao por nome/texto; exige validacao visual
LAVSOFT,LavSoft,MovimentoSintetico1Click,MovimentoSintetico1,operacional/outro,abrir/executar,Nivel.DB/correlacao,media,correlacao por nome/texto; exige validacao visual
LAVSOFT,LavSoft,MovimentoSintticoEntrada1,MovimentoSintticoEntrada1,estoque/produto,criar/cadastrar,Nivel.DB/correlacao,media,correlacao por nome/texto; exige validacao visual
LAVSOFT,LavSoft,MovimentoSintticoEntrada1Click,MovimentoSintticoEntrada1,estoque/produto,criar/cadastrar,Nivel.DB/correlacao,media,correlacao por nome/texto; exige validacao visual
LAVSOFT,LavSoft,-Fixada ( Nota Fiscal ),NotaFiscal1,fiscal,abrir/executar,Nivel.DB/correlacao,media,correlacao por nome/texto; exige validacao visual
LAVSOFT,LavSoft,-Nota Fiscal: Com Notas,NotaFiscal1,fiscal,abrir/executar,Nivel.DB/correlacao,media,correlacao por nome/texto; exige validacao visual
LAVSOFT,LavSoft,-Nota Fiscal: Sem Notas,NotaFiscal1,fiscal,abrir/executar,Nivel.DB/correlacao,media,correlacao por nome/texto; exige validacao visual
LAVSOFT,LavSoft,!MovimentoResumidoNotaFiscal1Click,NotaFiscal1,operacional/outro,abrir/executar,Nivel.DB/correlacao,media,correlacao por nome/texto; exige validacao visual
LAVSOFT,LavSoft,(NFE - Nota fiscal eletr,NotaFiscal1,fiscal,abrir/executar,Nivel.DB/correlacao,media,correlacao por nome/texto; exige validacao visual
LAVSOFT,LavSoft,- Pagamento,Pagamento,financeiro/caixa,processar/fechar,Nivel.DB/correlacao,media,correlacao por nome/texto; exige validacao visual
LAVSOFT,LavSoft,- Pagamento de:,Pagamento,financeiro/caixa,processar/fechar,Nivel.DB/correlacao,media,correlacao por nome/texto; exige validacao visual
LAVSOFT,LavSoft,"- use o Cancelamento do Pagamento, Tecle Enter para Continuar",Pagamento,financeiro/caixa,excluir/cancelar,Nivel.DB/correlacao,media,correlacao por nome/texto; exige validacao visual
LAVSOFT,LavSoft,-Agrup.: Pagamento,Pagamento,financeiro/caixa,processar/fechar,Nivel.DB/correlacao,media,correlacao por nome/texto; exige validacao visual
LAVSOFT,LavSoft,",Exibe detalhes do Processamento (Pagamento)",Pagamento,financeiro/caixa,processar/fechar,Nivel.DB/correlacao,media,correlacao por nome/texto; exige validacao visual
LAVSOFT,LavFacilLan,PagamentodeVariosRols1,PagamentodeVariosRols1,financeiro/caixa,processar/fechar,Nivel.DB/correlacao,media,correlacao por nome/texto; exige validacao visual
LAVSOFT,LavFacilLan,PagamentodeVariosRols1Click,PagamentodeVariosRols1,financeiro/caixa,processar/fechar,Nivel.DB/correlacao,media,correlacao por nome/texto; exige validacao visual
LAVSOFT,LavSoft,Pagamento de Varios Rols,PagamentodeVariosRols1,financeiro/caixa,processar/fechar,Nivel.DB/correlacao,media,correlacao por nome/texto; exige validacao visual
LAVSOFT,LavSoft,PagamentodeVariosRols1,PagamentodeVariosRols1,financeiro/caixa,processar/fechar,Nivel.DB/correlacao,media,correlacao por nome/texto; exige validacao visual
LAVSOFT,LavSoft,PagamentodeVariosRols1Click,PagamentodeVariosRols1,financeiro/caixa,processar/fechar,Nivel.DB/correlacao,media,correlacao por nome/texto; exige validacao visual
LAVSOFT,LavSoft,PagamentoRol1,PagamentoRol1,financeiro/caixa,processar/fechar,Nivel.DB/correlacao,media,correlacao por nome/texto; exige validacao visual
LAVSOFT,LavSoft,PagamentoRol1Click,PagamentoRol1,financeiro/caixa,processar/fechar,Nivel.DB/correlacao,media,correlacao por nome/texto; exige validacao visual
LAVSOFT,LavSoft,:\EquipExe\Exe\Parametros.Exe,Parametros1,operacional/outro,abrir/executar,Nivel.DB/correlacao,media,correlacao por nome/texto; exige validacao visual
LAVSOFT,LavSoft,!DescriodaFilialnoRodapParametros1,Parametros1,operacional/outro,abrir/executar,Nivel.DB/correlacao,media,correlacao por nome/texto; exige validacao visual
LAVSOFT,LavSoft,Carrega parametros,Parametros1,operacional/outro,abrir/executar,Nivel.DB/correlacao,media,correlacao por nome/texto; exige validacao visual
LAVSOFT,LavSoft,DescriodaFilialnoRodapParametros1,Parametros1,operacional/outro,abrir/executar,Nivel.DB/correlacao,media,correlacao por nome/texto; exige validacao visual
LAVSOFT,LavSoft,DescriodaFilialnoRodapParametros1Click,Parametros1,operacional/outro,abrir/executar,Nivel.DB/correlacao,media,correlacao por nome/texto; exige validacao visual
LAVSOFT,LavSoft,!RelatriodePassadoriaProduto1Click,Passadoria1,estoque/produto,relatorio/imprimir,Nivel.DB/correlacao,media,correlacao por nome/texto; exige validacao visual
LAVSOFT,LavSoft,*RelatrioPassadoriaLavanderiaResumido1Click,Passadoria1,lavanderia/rol,relatorio/imprimir,Nivel.DB/correlacao,media,correlacao por nome/texto; exige validacao visual
LAVSOFT,LavSoft,#Apenas pontos de passadoria zerado.,Passadoria1,lavanderia/rol,abrir/executar,Nivel.DB/correlacao,media,correlacao por nome/texto; exige validacao visual
LAVSOFT,LavSoft,%RelatrioPassadoriaLavanderiaResumido1D,Passadoria1,lavanderia/rol,relatorio/imprimir,Nivel.DB/correlacao,media,correlacao por nome/texto; exige validacao visual
LAVSOFT,LavSoft,C:\Equipexe\Grids\PASSADORIA,Passadoria1,lavanderia/rol,abrir/executar,Nivel.DB/correlacao,media,correlacao por nome/texto; exige validacao visual
LAVSOFT,LavSoft,PrevisoEntrega1,PrevisoEntrega1,lavanderia/rol,abrir/executar,Nivel.DB/correlacao,media,correlacao por nome/texto; exige validacao visual
LAVSOFT,LavSoft,PrevisoEntrega1Click,PrevisoEntrega1,lavanderia/rol,abrir/executar,Nivel.DB/correlacao,media,correlacao por nome/texto; exige validacao visual
LAVSOFT,LavFacilLan,ReciboCaixa1,ReciboCaixa1,financeiro/caixa,abrir/executar,Nivel.DB/correlacao,media,correlacao por nome/texto; exige validacao visual
LAVSOFT,LavFacilLan,ReciboCaixa1Click,ReciboCaixa1,financeiro/caixa,abrir/executar,Nivel.DB/correlacao,media,correlacao por nome/texto; exige validacao visual
LAVSOFT,LavSoft,ReciboCaixa1,ReciboCaixa1,financeiro/caixa,abrir/executar,Nivel.DB/correlacao,media,correlacao por nome/texto; exige validacao visual
LAVSOFT,LavSoft,ReciboCaixa1Click,ReciboCaixa1,financeiro/caixa,abrir/executar,Nivel.DB/correlacao,media,correlacao por nome/texto; exige validacao visual
LAVSOFT,LavFacilLan,ReemissodoRol1,Reemisso2,lavanderia/rol,abrir/executar,Nivel.DB/correlacao,media,correlacao por nome/texto; exige validacao visual
LAVSOFT,LavFacilLan,ReemissodoRol1Click,Reemisso2,lavanderia/rol,abrir/executar,Nivel.DB/correlacao,media,correlacao por nome/texto; exige validacao visual
LAVSOFT,LavSoft,ReemissodoRol1,Reemisso2,lavanderia/rol,abrir/executar,Nivel.DB/correlacao,media,correlacao por nome/texto; exige validacao visual
LAVSOFT,LavSoft,ReemissodoRol1Click,Reemisso2,lavanderia/rol,abrir/executar,Nivel.DB/correlacao,media,correlacao por nome/texto; exige validacao visual
LAVSOFT,LavSoft,RelatConfRol1,RelatConfRol1,lavanderia/rol,relatorio/imprimir,Nivel.DB/correlacao,media,correlacao por nome/texto; exige validacao visual
LAVSOFT,LavSoft,RelatConfRol18,RelatConfRol1,lavanderia/rol,relatorio/imprimir,Nivel.DB/correlacao,media,correlacao por nome/texto; exige validacao visual
LAVSOFT,LavSoft,RelatConfRol1Click,RelatConfRol1,lavanderia/rol,relatorio/imprimir,Nivel.DB/correlacao,media,correlacao por nome/texto; exige validacao visual
LAVSOFT,LavSoft,RelatorioparaEntrega1,RelatorioparaEntrega1,lavanderia/rol,relatorio/imprimir,Nivel.DB/correlacao,media,correlacao por nome/texto; exige validacao visual
LAVSOFT,LavSoft,RelatorioparaEntrega1Click,RelatorioparaEntrega1,lavanderia/rol,relatorio/imprimir,Nivel.DB/correlacao,media,correlacao por nome/texto; exige validacao visual
LAVSOFT,LavSoft,RelatorioparaEntrega1l,RelatorioparaEntrega1,lavanderia/rol,relatorio/imprimir,Nivel.DB/correlacao,media,correlacao por nome/texto; exige validacao visual
LAVSOFT,LavSoft,RelControlePontos1,RelControlePontos1,lavanderia/rol,abrir/executar,Nivel.DB/correlacao,media,correlacao por nome/texto; exige validacao visual
LAVSOFT,LavSoft,RelControlePontos1Click,RelControlePontos1,lavanderia/rol,abrir/executar,Nivel.DB/correlacao,media,correlacao por nome/texto; exige validacao visual
LAVSOFT,LavSoft,RelEstoquenoCli1,RelEstoquenoCli1,estoque/produto,abrir/executar,Nivel.DB/correlacao,media,correlacao por nome/texto; exige validacao visual
LAVSOFT,LavSoft,RelEstoquenoCli1\,RelEstoquenoCli1,estoque/produto,abrir/executar,Nivel.DB/correlacao,media,correlacao por nome/texto; exige validacao visual
LAVSOFT,LavSoft,RelEstoquenoCli1Click,RelEstoquenoCli1,estoque/produto,abrir/executar,Nivel.DB/correlacao,media,correlacao por nome/texto; exige validacao visual
LAVSOFT,LavSoft,RelFatPrecos1,RelFatPrecos1,operacional/outro,abrir/executar,Nivel.DB/correlacao,media,correlacao por nome/texto; exige validacao visual
LAVSOFT,LavSoft,RelFatPrecos1Click,RelFatPrecos1,operacional/outro,abrir/executar,Nivel.DB/correlacao,media,correlacao por nome/texto; exige validacao visual
LAVSOFT,LavSoft,RelFatPrecos1Click#,RelFatPrecos1,operacional/outro,abrir/executar,Nivel.DB/correlacao,media,correlacao por nome/texto; exige validacao visual
LAVSOFT,LavSoft,FC_RelFreCli.DS_Movimento,RelFreCli1,operacional/outro,abrir/executar,Nivel.DB/correlacao,media,correlacao por nome/texto; exige validacao visual
LAVSOFT,LavSoft,o resumida do tipo de entrega,Resumida1,lavanderia/rol,abrir/executar,Nivel.DB/correlacao,media,correlacao por nome/texto; exige validacao visual
LAVSOFT,LavSoft,Filtros - Rols Cancelados/Datas,RolsCancelados1,lavanderia/rol,excluir/cancelar,Nivel.DB/correlacao,media,correlacao por nome/texto; exige validacao visual
LAVSOFT,LavSoft,o rols cancelados ou n,RolsCancelados1,lavanderia/rol,excluir/cancelar,Nivel.DB/correlacao,media,correlacao por nome/texto; exige validacao visual
LAVSOFT,LavSoft,Rols Cancelados,RolsCancelados1,lavanderia/rol,excluir/cancelar,Nivel.DB/correlacao,media,correlacao por nome/texto; exige validacao visual
LAVSOFT,LavSoft,Rols Cancelados:,RolsCancelados1,lavanderia/rol,excluir/cancelar,Nivel.DB/correlacao,media,correlacao por nome/texto; exige validacao visual
LAVSOFT,LavSoft,RolsCancelados1,RolsCancelados1,lavanderia/rol,excluir/cancelar,Nivel.DB/correlacao,media,correlacao por nome/texto; exige validacao visual
LAVSOFT,LavSoft,9Mensagem no final do rol com qde. total de rols em aberto,ROLsemAberto1,lavanderia/rol,abrir/executar,Nivel.DB/correlacao,media,correlacao por nome/texto; exige validacao visual
LAVSOFT,LavSoft,Filtra apenas os Rols em Aberto,ROLsemAberto1,lavanderia/rol,abrir/executar,Nivel.DB/correlacao,media,correlacao por nome/texto; exige validacao visual
LAVSOFT,LavSoft,Processando...Rols em Aberto,ROLsemAberto1,lavanderia/rol,abrir/executar,Nivel.DB/correlacao,media,correlacao por nome/texto; exige validacao visual
LAVSOFT,LavSoft,ROLs em Aberto,ROLsemAberto1,lavanderia/rol,abrir/executar,Nivel.DB/correlacao,media,correlacao por nome/texto; exige validacao visual
LAVSOFT,LavSoft,Rols em Aberto - Detalhado,ROLsemAberto1,lavanderia/rol,abrir/executar,Nivel.DB/correlacao,media,correlacao por nome/texto; exige validacao visual
LAVSOFT,LavSoft,Filtros - Rols Pagos,ROlsPagos1,lavanderia/rol,abrir/executar,Nivel.DB/correlacao,media,correlacao por nome/texto; exige validacao visual
LAVSOFT,LavSoft,ROLs Pagos,ROlsPagos1,lavanderia/rol,abrir/executar,Nivel.DB/correlacao,media,correlacao por nome/texto; exige validacao visual
LAVSOFT,LavSoft,ROlsPagos1,ROlsPagos1,lavanderia/rol,abrir/executar,Nivel.DB/correlacao,media,correlacao por nome/texto; exige validacao visual
LAVSOFT,LavSoft,ROlsPagos1(,ROlsPagos1,lavanderia/rol,abrir/executar,Nivel.DB/correlacao,media,correlacao por nome/texto; exige validacao visual
LAVSOFT,LavSoft,ROlsPagos1Click,ROlsPagos1,lavanderia/rol,abrir/executar,Nivel.DB/correlacao,media,correlacao por nome/texto; exige validacao visual
LAVSOFT,LavSoft,SaldoControleEntrada1,SaldoControleEntrada1,estoque/produto,criar/cadastrar,Nivel.DB/correlacao,media,correlacao por nome/texto; exige validacao visual
LAVSOFT,LavSoft,SaldoControleEntrada1Click,SaldoControleEntrada1,estoque/produto,criar/cadastrar,Nivel.DB/correlacao,media,correlacao por nome/texto; exige validacao visual
LAVSOFT,LavSoft,"and (M.SitRol="""")",SitRol,lavanderia/rol,abrir/executar,Nivel.DB/correlacao,media,correlacao por nome/texto; exige validacao visual
LAVSOFT,LavSoft,"and (M.SitRol=""P"")",SitRol,lavanderia/rol,abrir/executar,Nivel.DB/correlacao,media,correlacao por nome/texto; exige validacao visual
LAVSOFT,LavSoft,"and (not (M.SitRol=""P""))",SitRol,lavanderia/rol,abrir/executar,Nivel.DB/correlacao,media,correlacao por nome/texto; exige validacao visual
LAVSOFT,LavSoft,"and (not M.SitRol=""P"")",SitRol,lavanderia/rol,abrir/executar,Nivel.DB/correlacao,media,correlacao por nome/texto; exige validacao visual
LAVSOFT,LavSoft,"and (not(M.SitRol=""P""))",SitRol,lavanderia/rol,abrir/executar,Nivel.DB/correlacao,media,correlacao por nome/texto; exige validacao visual
LAVSOFT,LavSoft,SituacaodoRols1,SituacaodoRols1,lavanderia/rol,abrir/executar,Nivel.DB/correlacao,media,correlacao por nome/texto; exige validacao visual
LAVSOFT,LavSoft,SituacaodoRols1Click,SituacaodoRols1,lavanderia/rol,abrir/executar,Nivel.DB/correlacao,media,correlacao por nome/texto; exige validacao visual
LAVSOFT,LavSoft,digo da Tabela de Preco,TabeladePreco1,cadastro,abrir/executar,Nivel.DB/correlacao,media,correlacao por nome/texto; exige validacao visual
LAVSOFT,LavSoft,Tabela de Preco,TabeladePreco1,cadastro,abrir/executar,Nivel.DB/correlacao,media,correlacao por nome/texto; exige validacao visual
LAVSOFT,LavSoft,TabeladePreco1,TabeladePreco1,cadastro,abrir/executar,Nivel.DB/correlacao,media,correlacao por nome/texto; exige validacao visual
LAVSOFT,LavSoft,TabeladePreco1(,TabeladePreco1,cadastro,abrir/executar,Nivel.DB/correlacao,media,correlacao por nome/texto; exige validacao visual
LAVSOFT,LavSoft,TabeladePreco1Click,TabeladePreco1,cadastro,abrir/executar,Nivel.DB/correlacao,media,correlacao por nome/texto; exige validacao visual
LAVSOFT,LavSoft,C:\Equipexe\Grids\MOVIMENTODETERCEIRIZACAO,Terceirizacao1,lavanderia/rol,abrir/executar,Nivel.DB/correlacao,media,correlacao por nome/texto; exige validacao visual
LAVSOFT,LavSoft,C:\Equipexe\Grids\TERCEIRIZACAO,Terceirizacao1,lavanderia/rol,abrir/executar,Nivel.DB/correlacao,media,correlacao por nome/texto; exige validacao visual
LAVSOFT,LavSoft,C:\Equipexe\Grids\TERCEIRIZACAOBAIXAPARCIAL,Terceirizacao1,estoque/produto,processar/fechar,Nivel.DB/correlacao,media,correlacao por nome/texto; exige validacao visual
LAVSOFT,LavSoft,CancelaTerceirizacaoAut,Terceirizacao1,lavanderia/rol,excluir/cancelar,Nivel.DB/correlacao,media,correlacao por nome/texto; exige validacao visual
LAVSOFT,LavSoft,FECHAMENTO TERCEIRIZACAO,Terceirizacao1,lavanderia/rol,processar/fechar,Nivel.DB/correlacao,media,correlacao por nome/texto; exige validacao visual
LAVSOFT,LavSoft,TiposdeDescontos1,TiposdeDescontos1,financeiro/caixa,abrir/executar,Nivel.DB/correlacao,media,correlacao por nome/texto; exige validacao visual
LAVSOFT,LavSoft,TiposdeDescontos1`,TiposdeDescontos1,financeiro/caixa,abrir/executar,Nivel.DB/correlacao,media,correlacao por nome/texto; exige validacao visual
LAVSOFT,LavSoft,TiposdeDescontos1Click,TiposdeDescontos1,financeiro/caixa,abrir/executar,Nivel.DB/correlacao,media,correlacao por nome/texto; exige validacao visual
LAVSOFT,LavSoft,"3|Tipos de Entrada (Retira, Entrega, Delivery e Etc)",TiposdeEntrada1,estoque/produto,criar/cadastrar,Nivel.DB/correlacao,media,correlacao por nome/texto; exige validacao visual
LAVSOFT,LavSoft,Cadastro de Tipos de Entrada,TiposdeEntrada1,estoque/produto,criar/cadastrar,Nivel.DB/correlacao,media,correlacao por nome/texto; exige validacao visual
LAVSOFT,LavSoft,digo do Tipos de Entrada,TiposdeEntrada1,estoque/produto,criar/cadastrar,Nivel.DB/correlacao,media,correlacao por nome/texto; exige validacao visual
LAVSOFT,LavSoft,Filtros - Relaciona apenas se for usar o Grupo de Tipos de Entradas,TiposdeEntrada1,auth/permissao,criar/cadastrar,Nivel.DB/correlacao,media,correlacao por nome/texto; exige validacao visual
LAVSOFT,LavSoft,Filtros - Tipos de entrada,TiposdeEntrada1,estoque/produto,criar/cadastrar,Nivel.DB/correlacao,media,correlacao por nome/texto; exige validacao visual
LAVSOFT,LavSoft,TiposdeServico1,TiposdeServico1,cadastro,abrir/executar,Nivel.DB/correlacao,media,correlacao por nome/texto; exige validacao visual
LAVSOFT,LavSoft,TiposdeServico1Click,TiposdeServico1,cadastro,abrir/executar,Nivel.DB/correlacao,media,correlacao por nome/texto; exige validacao visual
LAVSOFT,LavSoft,Transporte por Nota,TransporteporNota1,operacional/outro,abrir/executar,Nivel.DB/correlacao,media,correlacao por nome/texto; exige validacao visual
LAVSOFT,LavSoft,TransporteporNota1,TransporteporNota1,operacional/outro,abrir/executar,Nivel.DB/correlacao,media,correlacao por nome/texto; exige validacao visual
LAVSOFT,LavSoft,TransporteporNota1Click,TransporteporNota1,operacional/outro,abrir/executar,Nivel.DB/correlacao,media,correlacao por nome/texto; exige validacao visual
LAVSOFT,LavSoft,'S:\BaseTestes\Usuarios\Carlos\Ger\Dados,Usuarios1,auth/permissao,abrir/executar,Nivel.DB/correlacao,media,correlacao por nome/texto; exige validacao visual
LAVSOFT,LavSoft,"\Usuarios"" Where (Not(Cancelado=""S""))",Usuarios1,auth/permissao,excluir/cancelar,Nivel.DB/correlacao,media,correlacao por nome/texto; exige validacao visual
LAVSOFT,LavSoft,+s:\basetestes\usuarios\guilherme\lav\filial,Usuarios1,auth/permissao,abrir/executar,Nivel.DB/correlacao,media,correlacao por nome/texto; exige validacao visual
LAVSOFT,LavSoft,c_Usuarios,Usuarios1,auth/permissao,abrir/executar,Nivel.DB/correlacao,media,correlacao por nome/texto; exige validacao visual
LAVSOFT,LavSoft,c_UsuariosAv,Usuarios1,auth/permissao,abrir/executar,Nivel.DB/correlacao,media,correlacao por nome/texto; exige validacao visual
LAVSOFT,LavFacilLan,VoltarRolaProduo1,VoltarRolaProduo1,lavanderia/rol,abrir/executar,Nivel.DB/correlacao,media,correlacao por nome/texto; exige validacao visual
LAVSOFT,LavFacilLan,VoltarRolaProduo10,VoltarRolaProduo1,lavanderia/rol,abrir/executar,Nivel.DB/correlacao,media,correlacao por nome/texto; exige validacao visual
LAVSOFT,LavSoft,VoltarRolaProduo1,VoltarRolaProduo1,lavanderia/rol,abrir/executar,Nivel.DB/correlacao,media,correlacao por nome/texto; exige validacao visual
LAVSOFT,LavSoft,VoltarRolaProduo1$,VoltarRolaProduo1,lavanderia/rol,abrir/executar,Nivel.DB/correlacao,media,correlacao por nome/texto; exige validacao visual
LAVSOFT,LavSoft,VoltarRolaProduo1Click,VoltarRolaProduo1,lavanderia/rol,abrir/executar,Nivel.DB/correlacao,media,correlacao por nome/texto; exige validacao visual
,Estoque,&Cadastros,,cadastro,criar/cadastrar,strings executaveis,baixa-media,menu/caption extraido por string; exige validacao visual
,Estoque,Notas N On (M.NumNot = N.NumNot) or (M.NumNotAdi = N.NumNot),,operacional/outro,abrir/executar,strings executaveis,baixa-media,menu/caption extraido por string; exige validacao visual
,Estoque,Cliente:,,cadastro,abrir/executar,strings executaveis,baixa-media,menu/caption extraido por string; exige validacao visual
,Estoque,- Produto:,,estoque/produto,abrir/executar,strings executaveis,baixa-media,menu/caption extraido por string; exige validacao visual
,Estoque,[ Grupo de Produtos - Flexivel ],,auth/permissao,abrir/executar,strings executaveis,baixa-media,menu/caption extraido por string; exige validacao visual
,Estoque,| Estoque:,,estoque/produto,abrir/executar,strings executaveis,baixa-media,menu/caption extraido por string; exige validacao visual
,Estoque,|Grupo em que pertence o cliente,,auth/permissao,abrir/executar,strings executaveis,baixa-media,menu/caption extraido por string; exige validacao visual
,Estoque,"b.RDB$TYPE_NAME IN ('RELATION', 'VIEW',",,relatorio/impressao,relatorio/imprimir,strings executaveis,baixa-media,menu/caption extraido por string; exige validacao visual
,Estoque,cadastrado em outro cliente.,,cadastro,abrir/executar,strings executaveis,baixa-media,menu/caption extraido por string; exige validacao visual
,Estoque,Cadastros foram ajustados,,cadastro,criar/cadastrar,strings executaveis,baixa-media,menu/caption extraido por string; exige validacao visual
,Estoque,CancelamentodoEncerramento1Click,,operacional/outro,excluir/cancelar,strings executaveis,baixa-media,menu/caption extraido por string; exige validacao visual
,Estoque,deseja imprimir o relat,,relatorio/impressao,relatorio/imprimir,strings executaveis,baixa-media,menu/caption extraido por string; exige validacao visual
,Estoque,do cadastro de clientes todos os e-mails relacionados no arquivo,,cadastro,criar/cadastrar,strings executaveis,baixa-media,menu/caption extraido por string; exige validacao visual
,Estoque,"I.RDB$INDEX_NAME, I.RDB$RELATION_NAME, I.RDB$UNIQUE_FLAG,",,relatorio/impressao,relatorio/imprimir,strings executaveis,baixa-media,menu/caption extraido por string; exige validacao visual
,Estoque,I.RDB$RELATION_NAME = ',,relatorio/impressao,relatorio/imprimir,strings executaveis,baixa-media,menu/caption extraido por string; exige validacao visual
,Estoque,marcado para entrada posterior no estoque,,estoque/produto,criar/cadastrar,strings executaveis,baixa-media,menu/caption extraido por string; exige validacao visual
,Estoque,Movimentos|Movimentos de Estoque,,estoque/produto,abrir/executar,strings executaveis,baixa-media,menu/caption extraido por string; exige validacao visual
,Estoque,"ORDER BY a.RDB$RELATION_NAME, a.RDB$FIELD_POSITION",,relatorio/impressao,relatorio/imprimir,strings executaveis,baixa-media,menu/caption extraido por string; exige validacao visual
,Estoque,"ORDER BY a.RDB$RELATION_NAME, a.RDB$PRIVILEGE",,relatorio/impressao,relatorio/imprimir,strings executaveis,baixa-media,menu/caption extraido por string; exige validacao visual
,Estoque,"ORDER BY a.RDB$RELATION_NAME, b.RDB$FIELD_NAME",,relatorio/impressao,relatorio/imprimir,strings executaveis,baixa-media,menu/caption extraido por string; exige validacao visual
,Estoque,"ORDER BY RC_FOR.RDB$RELATION_NAME, IS_FOR.RDB$FIELD_POSITION",,relatorio/impressao,relatorio/imprimir,strings executaveis,baixa-media,menu/caption extraido por string; exige validacao visual
,Estoque,"ORDER BY RELC_PRIM.RDB$RELATION_NAME, IS_FOR.RDB$FIELD_POSITION",,relatorio/impressao,relatorio/imprimir,strings executaveis,baixa-media,menu/caption extraido por string; exige validacao visual
,Estoque,"preenchido com a chave de acesso da NF-e precedida do literal ""NFe""",,fiscal,abrir/executar,strings executaveis,baixa-media,menu/caption extraido por string; exige validacao visual
,Estoque,SB_ImportaClienteFidelidadeClick,,cadastro,abrir/executar,strings executaveis,baixa-media,menu/caption extraido por string; exige validacao visual
,Estoque,"SELECT a.RDB$RELATION_NAME, a.RDB$FIELD_NAME, a.RDB$FIELD_POSITION, a.RDB$NULL_FLAG, a.RDB$DEFAULT_VALUE, b. RDB$FIELD_LENGTH, b.RDB$FIELD_SCALE, c.RDB$TYPE_NAME, b.RDB$FIELD_TYPE, b.RDB$FIELD_SUB_TYPE, b.RDB$DESCRIPTION, b.RDB$CHARACTER_LE",,relatorio/impressao,relatorio/imprimir,strings executaveis,baixa-media,menu/caption extraido por string; exige validacao visual
,Estoque,"SELECT I.RDB$RELATION_NAME, I.RDB$UNIQUE_FLAG, I.RDB$INDEX_NAME, ISGMT.RDB$FIELD_POSITION,",,relatorio/impressao,relatorio/imprimir,strings executaveis,baixa-media,menu/caption extraido por string; exige validacao visual
,Estoque,"SELECT null as TABLE_CAT, null as TABLE_SCHEM, a.RDB$RELATION_NAME as TABLE_NAME, b.RDB$FIELD_NAME as COLUMN_NAME, b.RDB$FIELD_POSITION+1 as KEY_SEQ, a.RDB$INDEX_NAME as PK_NAME FROM RDB$RELATION_CONSTRAINTS a JOIN RDB$INDEX_SEGMENTS b ON (",,relatorio/impressao,relatorio/imprimir,strings executaveis,baixa-media,menu/caption extraido por string; exige validacao visual
,Estoque,"SELECT RC_PRIM.RDB$RELATION_NAME, IS_PRIM.RDB$FIELD_NAME, RC_FOR.RDB$RELATION_NAME, IS_FOR.RDB$FIELD_NAME, IS_FOR.RDB$FIELD_POSITION, REFC_PRIM.RDB$UPDATE_RULE, REFC_PRIM.RDB$DELETE_RULE, RC_FOR.RDB$CONSTRAINT_NAME, RC_PRIM.RDB$CONSTRAINT_N",,relatorio/impressao,relatorio/imprimir,strings executaveis,baixa-media,menu/caption extraido por string; exige validacao visual
,Estoque,-Cliente:,,cadastro,abrir/executar,strings executaveis,baixa-media,menu/caption extraido por string; exige validacao visual
,Estoque,-EParserDuplicate_Notation_On_Element_Type_Err,,financeiro/caixa,abrir/executar,strings executaveis,baixa-media,menu/caption extraido por string; exige validacao visual
,Estoque,-Estoque:,,estoque/produto,abrir/executar,strings executaveis,baixa-media,menu/caption extraido por string; exige validacao visual
,Estoque,-Produto:,,estoque/produto,abrir/executar,strings executaveis,baixa-media,menu/caption extraido por string; exige validacao visual
,Estoque,:\EquipExe\EquSat,,fiscal,abrir/executar,strings executaveis,baixa-media,menu/caption extraido por string; exige validacao visual
,Estoque,:\EquipExe\EquSat.Ini,,fiscal,abrir/executar,strings executaveis,baixa-media,menu/caption extraido por string; exige validacao visual
,Estoque,":Clientes""",,cadastro,abrir/executar,strings executaveis,baixa-media,menu/caption extraido por string; exige validacao visual
,Estoque,":Clientes"" C",,cadastro,abrir/executar,strings executaveis,baixa-media,menu/caption extraido por string; exige validacao visual
,Estoque,!Importar Dados Cliente Fidelidade,,cadastro,abrir/executar,strings executaveis,baixa-media,menu/caption extraido por string; exige validacao visual
,Estoque,.Consulta|Consulta a Transportadora selecionada,,operacional/outro,consultar,strings executaveis,baixa-media,menu/caption extraido por string; exige validacao visual
,Estoque,"""Clientes"" C",,cadastro,abrir/executar,strings executaveis,baixa-media,menu/caption extraido por string; exige validacao visual
,Estoque,"""EParserDuplicate_Notation_Decl_Err",,financeiro/caixa,abrir/executar,strings executaveis,baixa-media,menu/caption extraido por string; exige validacao visual
,Estoque,(Consulta|Consulta do produto selecionado,,estoque/produto,consultar,strings executaveis,baixa-media,menu/caption extraido por string; exige validacao visual
,Estoque,(Encerramento|Faz Encerramento do estoque,,estoque/produto,processar/fechar,strings executaveis,baixa-media,menu/caption extraido por string; exige validacao visual
,Estoque,)C_CadastroPromo,,cadastro,criar/cadastrar,strings executaveis,baixa-media,menu/caption extraido por string; exige validacao visual
,Estoque,)Desmarca o Produto no Controle de Limites,,estoque/produto,abrir/executar,strings executaveis,baixa-media,menu/caption extraido por string; exige validacao visual
,Estoque,)Relatorio de controle de saida do estoque,,estoque/produto,relatorio/imprimir,strings executaveis,baixa-media,menu/caption extraido por string; exige validacao visual
,Estoque,[ Cliente Controla Entrada ],,estoque/produto,criar/cadastrar,strings executaveis,baixa-media,menu/caption extraido por string; exige validacao visual
,Estoque,*Cliente,,cadastro,abrir/executar,strings executaveis,baixa-media,menu/caption extraido por string; exige validacao visual
,Estoque,*S:\basetestes\usuarios\guilherme\GER\DADOS,,auth/permissao,abrir/executar,strings executaveis,baixa-media,menu/caption extraido por string; exige validacao visual
,Estoque,/EmitNotaFiscal_MC,,operacional/outro,abrir/executar,strings executaveis,baixa-media,menu/caption extraido por string; exige validacao visual
,Estoque,\Clientes,,cadastro,abrir/executar,strings executaveis,baixa-media,menu/caption extraido por string; exige validacao visual
,Estoque,"\Clientes.db"" C",,cadastro,abrir/executar,strings executaveis,baixa-media,menu/caption extraido por string; exige validacao visual
,Estoque,"\Clientes""",,cadastro,abrir/executar,strings executaveis,baixa-media,menu/caption extraido por string; exige validacao visual
,Estoque,"\Clientes"" C",,cadastro,abrir/executar,strings executaveis,baixa-media,menu/caption extraido por string; exige validacao visual
,Estoque,"\Clientes"" Where CgcCli ='",,cadastro,abrir/executar,strings executaveis,baixa-media,menu/caption extraido por string; exige validacao visual
,Estoque,"\Clientes"" Where CPFCli ='",,cadastro,abrir/executar,strings executaveis,baixa-media,menu/caption extraido por string; exige validacao visual
,Estoque,\rcliente.txt,,cadastro,abrir/executar,strings executaveis,baixa-media,menu/caption extraido por string; exige validacao visual
,Estoque,&Altera Produto,,estoque/produto,editar/alterar,strings executaveis,baixa-media,menu/caption extraido por string; exige validacao visual
,Estoque,&Cancelamento,,operacional/outro,excluir/cancelar,strings executaveis,baixa-media,menu/caption extraido por string; exige validacao visual
,Estoque,&Consulta,,operacional/outro,consultar,strings executaveis,baixa-media,menu/caption extraido por string; exige validacao visual
,Estoque,&Procura Produtos,,estoque/produto,consultar,strings executaveis,baixa-media,menu/caption extraido por string; exige validacao visual
,Estoque,&Produtos,,estoque/produto,abrir/executar,strings executaveis,baixa-media,menu/caption extraido por string; exige validacao visual
,Estoque,&Relat,,relatorio/impressao,relatorio/imprimir,strings executaveis,baixa-media,menu/caption extraido por string; exige validacao visual
,Estoque,&Senha,,auth/permissao,abrir/executar,strings executaveis,baixa-media,menu/caption extraido por string; exige validacao visual
,Estoque,&Sobre o Sistema Estoque,,estoque/produto,abrir/executar,strings executaveis,baixa-media,menu/caption extraido por string; exige validacao visual
,Estoque,#|Procura o desenho do produto (BMP),,estoque/produto,consultar,strings executaveis,baixa-media,menu/caption extraido por string; exige validacao visual
,Estoque,#CancelamentodeCartoFidelidade1Click,,operacional/outro,excluir/cancelar,strings executaveis,baixa-media,menu/caption extraido por string; exige validacao visual
,Estoque,#CancelamentodeCartoFidelidade1Click&,,operacional/outro,excluir/cancelar,strings executaveis,baixa-media,menu/caption extraido por string; exige validacao visual
,Estoque,#EParserDuplicate_Notation_Token_Err,,financeiro/caixa,abrir/executar,strings executaveis,baixa-media,menu/caption extraido por string; exige validacao visual
,Estoque,#EParserUndeclared_Notation_Name_Err,,operacional/outro,abrir/executar,strings executaveis,baixa-media,menu/caption extraido por string; exige validacao visual
,Estoque,%EParserInvalidNotationDeclaration_Err,,operacional/outro,abrir/executar,strings executaveis,baixa-media,menu/caption extraido por string; exige validacao visual
,Estoque,%S is not a valid notaName value.,,operacional/outro,abrir/executar,strings executaveis,baixa-media,menu/caption extraido por string; exige validacao visual
,Estoque,|Desenho do produto,,estoque/produto,abrir/executar,strings executaveis,baixa-media,menu/caption extraido por string; exige validacao visual
,Estoque,|LogoMarca do cliente,,cadastro,abrir/executar,strings executaveis,baixa-media,menu/caption extraido por string; exige validacao visual
,Estoque,|Nome do Cliente,,cadastro,abrir/executar,strings executaveis,baixa-media,menu/caption extraido por string; exige validacao visual
,Estoque,|Prazo para entrega em dias,,lavanderia/rol,abrir/executar,strings executaveis,baixa-media,menu/caption extraido por string; exige validacao visual
,Estoque,|Selecione o produto desejado,,estoque/produto,abrir/executar,strings executaveis,baixa-media,menu/caption extraido por string; exige validacao visual
,Estoque,|Senha do usu,,auth/permissao,abrir/executar,strings executaveis,baixa-media,menu/caption extraido por string; exige validacao visual
,Estoque,$Consulta|Consulta tabela selecionado,,cadastro,consultar,strings executaveis,baixa-media,menu/caption extraido por string; exige validacao visual
,Estoque,$EParserNotation_On_Empty_Element_Err,,operacional/outro,abrir/executar,strings executaveis,baixa-media,menu/caption extraido por string; exige validacao visual
,Estoque,$ImportarDadosClienteFidelidade1Click,,cadastro,abrir/executar,strings executaveis,baixa-media,menu/caption extraido por string; exige validacao visual
,Estoque,"0Select * From ""C:\Equipexe\Ger\Dados\Clientes"" C",,cadastro,abrir/executar,strings executaveis,baixa-media,menu/caption extraido por string; exige validacao visual
,Estoque,2Procurar por Filtro|Procura o clientes por filtros,,cadastro,consultar,strings executaveis,baixa-media,menu/caption extraido por string; exige validacao visual
,Estoque,5Premia Cliente novo com desconto por faixa de valores,,financeiro/caixa,criar/cadastrar,strings executaveis,baixa-media,menu/caption extraido por string; exige validacao visual
,Estoque,a o cadastro,,cadastro,criar/cadastrar,strings executaveis,baixa-media,menu/caption extraido por string; exige validacao visual
,Estoque,A partir da data de cadastro,,cadastro,criar/cadastrar,strings executaveis,baixa-media,menu/caption extraido por string; exige validacao visual
,Estoque,a.RDB$RELATION_NAME,,relatorio/impressao,relatorio/imprimir,strings executaveis,baixa-media,menu/caption extraido por string; exige validacao visual
,Estoque,AbreCepFacil,,operacional/outro,abrir/executar,strings executaveis,baixa-media,menu/caption extraido por string; exige validacao visual
,Estoque,Abrir relat,,relatorio/impressao,relatorio/imprimir,strings executaveis,baixa-media,menu/caption extraido por string; exige validacao visual
,Estoque,Abrir...|Abre um relat,,relatorio/impressao,relatorio/imprimir,strings executaveis,baixa-media,menu/caption extraido por string; exige validacao visual
,Estoque,Adicionar novo produto,,estoque/produto,criar/cadastrar,strings executaveis,baixa-media,menu/caption extraido por string; exige validacao visual
,Estoque,Ajusta Cadastro Automaticamente,,cadastro,criar/cadastrar,strings executaveis,baixa-media,menu/caption extraido por string; exige validacao visual
,Estoque,AlteraProduto1,,estoque/produto,editar/alterar,strings executaveis,baixa-media,menu/caption extraido por string; exige validacao visual
,Estoque,AlteraProduto14,,estoque/produto,editar/alterar,strings executaveis,baixa-media,menu/caption extraido por string; exige validacao visual
,Estoque,Alterar Produto,,estoque/produto,editar/alterar,strings executaveis,baixa-media,menu/caption extraido por string; exige validacao visual
,Estoque,"amento da nota, seja perguntado para referenciar uma nota, selecione essa op",,operacional/outro,abrir/executar,strings executaveis,baixa-media,menu/caption extraido por string; exige validacao visual
,Estoque,"amento do financeiro,",,operacional/outro,abrir/executar,strings executaveis,baixa-media,menu/caption extraido por string; exige validacao visual
,Estoque,And (N.TipNota = 'D'),,operacional/outro,abrir/executar,strings executaveis,baixa-media,menu/caption extraido por string; exige validacao visual
,Estoque,And (N.TipNota = 'P'),,operacional/outro,abrir/executar,strings executaveis,baixa-media,menu/caption extraido por string; exige validacao visual
,Estoque,Anotacoes,,operacional/outro,abrir/executar,strings executaveis,baixa-media,menu/caption extraido por string; exige validacao visual
,Estoque,"APP_NAME,CASE,CAST,CONVERT,COALESCE,CURRENT_TIMESTAMP,CURRENT_USER,DATALENGTH,@@ERROR,FORMATMESSAGE,GETANSINULL,HOST_ID,HOST_NAME,IDENT_INCR,IDENT_SEED,@@IDENTITY,IDENTITY,ISDATE,ISNULL,ISNUMERIC,NEWID,NULLIF,PARSENAME,PERMISSIONS,@@ROWCOUN",,auth/permissao,abrir/executar,strings executaveis,baixa-media,menu/caption extraido por string; exige validacao visual
,Estoque,Arquivo de Relat,,relatorio/impressao,relatorio/imprimir,strings executaveis,baixa-media,menu/caption extraido por string; exige validacao visual
,Estoque,as em Estoque:,,estoque/produto,abrir/executar,strings executaveis,baixa-media,menu/caption extraido por string; exige validacao visual
,Estoque,Atributo de anotaci,,operacional/outro,abrir/executar,strings executaveis,baixa-media,menu/caption extraido por string; exige validacao visual
,Estoque,Atrybut notacji zadeklarowany dla elementu typu pusty,,operacional/outro,abrir/executar,strings executaveis,baixa-media,menu/caption extraido por string; exige validacao visual
,Estoque,Attributo di notazione duplicato nello stessa dichiarazione di tipo di elemento,,financeiro/caixa,abrir/executar,strings executaveis,baixa-media,menu/caption extraido por string; exige validacao visual
,Estoque,Attributo di notazione nella dichiarazione di tipo di elemento vuoto,,operacional/outro,abrir/executar,strings executaveis,baixa-media,menu/caption extraido por string; exige validacao visual
,Estoque,Atualiza Estoque,,estoque/produto,sincronizar/atualizar,strings executaveis,baixa-media,menu/caption extraido por string; exige validacao visual
,Estoque,BaixaEstoque,,estoque/produto,processar/fechar,strings executaveis,baixa-media,menu/caption extraido por string; exige validacao visual
,Estoque,Bt_CancelaAditoClick,,operacional/outro,excluir/cancelar,strings executaveis,baixa-media,menu/caption extraido por string; exige validacao visual
,Estoque,Bt_CancelaClick,,operacional/outro,excluir/cancelar,strings executaveis,baixa-media,menu/caption extraido por string; exige validacao visual
,Estoque,Bt_ConsultaCli,,operacional/outro,consultar,strings executaveis,baixa-media,menu/caption extraido por string; exige validacao visual
,Estoque,Bt_ConsultaCliClick,,operacional/outro,consultar,strings executaveis,baixa-media,menu/caption extraido por string; exige validacao visual
,Estoque,Bt_UsuarioGraficoClick,,auth/permissao,abrir/executar,strings executaveis,baixa-media,menu/caption extraido por string; exige validacao visual
,Estoque,C_CadastroPromo,,cadastro,criar/cadastrar,strings executaveis,baixa-media,menu/caption extraido por string; exige validacao visual
,Estoque,c_DigitaSenha,,auth/permissao,abrir/executar,strings executaveis,baixa-media,menu/caption extraido por string; exige validacao visual
,Estoque,C:\EquipExe\EquSat,,fiscal,abrir/executar,strings executaveis,baixa-media,menu/caption extraido por string; exige validacao visual
,Estoque,C:\EquipExe\EquSat.Ini,,fiscal,abrir/executar,strings executaveis,baixa-media,menu/caption extraido por string; exige validacao visual
,Estoque,c:\EquipExe\Figuras\Nota,,operacional/outro,abrir/executar,strings executaveis,baixa-media,menu/caption extraido por string; exige validacao visual
,Estoque,C:\Equipexe\NFe\,,fiscal,abrir/executar,strings executaveis,baixa-media,menu/caption extraido por string; exige validacao visual
,Estoque,C:\Linker\rcliente.txt,,cadastro,abrir/executar,strings executaveis,baixa-media,menu/caption extraido por string; exige validacao visual
,Estoque,Cadastro,,cadastro,criar/cadastrar,strings executaveis,baixa-media,menu/caption extraido por string; exige validacao visual
,Estoque,Cadastro 2,,cadastro,criar/cadastrar,strings executaveis,baixa-media,menu/caption extraido por string; exige validacao visual
,Estoque,Cadastro 3,,cadastro,criar/cadastrar,strings executaveis,baixa-media,menu/caption extraido por string; exige validacao visual
,Estoque,Cadastro 4,,cadastro,criar/cadastrar,strings executaveis,baixa-media,menu/caption extraido por string; exige validacao visual
,Estoque,Cadastro Campos Flexiveis,,cadastro,criar/cadastrar,strings executaveis,baixa-media,menu/caption extraido por string; exige validacao visual
,Estoque,Cadastro de,,cadastro,criar/cadastrar,strings executaveis,baixa-media,menu/caption extraido por string; exige validacao visual
,Estoque,Cadastro de Classifica,,cadastro,criar/cadastrar,strings executaveis,baixa-media,menu/caption extraido por string; exige validacao visual
,Estoque,Cadastro de Clientes,,cadastro,criar/cadastrar,strings executaveis,baixa-media,menu/caption extraido por string; exige validacao visual
,Estoque,Cadastro de Estoques,,estoque/produto,criar/cadastrar,strings executaveis,baixa-media,menu/caption extraido por string; exige validacao visual
,Estoque,Cadastro de Fornecedores,,cadastro,criar/cadastrar,strings executaveis,baixa-media,menu/caption extraido por string; exige validacao visual
,Estoque,Cadastro de Funcion,,cadastro,criar/cadastrar,strings executaveis,baixa-media,menu/caption extraido por string; exige validacao visual
,Estoque,Cadastro de Grupo (Campos Flexiveis),,auth/permissao,criar/cadastrar,strings executaveis,baixa-media,menu/caption extraido por string; exige validacao visual
,Estoque,Cadastro de Grupo 1,,auth/permissao,criar/cadastrar,strings executaveis,baixa-media,menu/caption extraido por string; exige validacao visual
,Estoque,Cadastro de Grupo 2,,auth/permissao,criar/cadastrar,strings executaveis,baixa-media,menu/caption extraido por string; exige validacao visual
,Estoque,Cadastro de Grupo 3,,auth/permissao,criar/cadastrar,strings executaveis,baixa-media,menu/caption extraido por string; exige validacao visual
,Estoque,Cadastro de Grupo 4,,auth/permissao,criar/cadastrar,strings executaveis,baixa-media,menu/caption extraido por string; exige validacao visual
,Estoque,Cadastro de Grupo de Produto,,auth/permissao,criar/cadastrar,strings executaveis,baixa-media,menu/caption extraido por string; exige validacao visual
,Estoque,Cadastro de Localiza,,cadastro,criar/cadastrar,strings executaveis,baixa-media,menu/caption extraido por string; exige validacao visual
,Estoque,Cadastro de Marcas,,cadastro,criar/cadastrar,strings executaveis,baixa-media,menu/caption extraido por string; exige validacao visual
,Estoque,Cadastro de Produtos,,estoque/produto,criar/cadastrar,strings executaveis,baixa-media,menu/caption extraido por string; exige validacao visual
,Estoque,Cadastro de Promo,,cadastro,criar/cadastrar,strings executaveis,baixa-media,menu/caption extraido por string; exige validacao visual
,Estoque,Cadastro de Roteiros,,cadastro,criar/cadastrar,strings executaveis,baixa-media,menu/caption extraido por string; exige validacao visual
,Estoque,Cadastro de Situa,,cadastro,criar/cadastrar,strings executaveis,baixa-media,menu/caption extraido por string; exige validacao visual
,Estoque,Cadastro de Unidade de Produto,,estoque/produto,criar/cadastrar,strings executaveis,baixa-media,menu/caption extraido por string; exige validacao visual
,Estoque,Cadastro Legisla,,cadastro,criar/cadastrar,strings executaveis,baixa-media,menu/caption extraido por string; exige validacao visual
,Estoque,CADASTRO N,,cadastro,criar/cadastrar,strings executaveis,baixa-media,menu/caption extraido por string; exige validacao visual
,Estoque,Cadastro Natureza da Opera,,cadastro,criar/cadastrar,strings executaveis,baixa-media,menu/caption extraido por string; exige validacao visual
,Estoque,Cadastro Promo,,cadastro,criar/cadastrar,strings executaveis,baixa-media,menu/caption extraido por string; exige validacao visual
,Estoque,Cadastros1,,cadastro,criar/cadastrar,strings executaveis,baixa-media,menu/caption extraido por string; exige validacao visual
,Estoque,Cadastros1L,,cadastro,criar/cadastrar,strings executaveis,baixa-media,menu/caption extraido por string; exige validacao visual
,Estoque,Cadastros3,,cadastro,criar/cadastrar,strings executaveis,baixa-media,menu/caption extraido por string; exige validacao visual
,Estoque,Cadastros3L,,cadastro,criar/cadastrar,strings executaveis,baixa-media,menu/caption extraido por string; exige validacao visual
,Estoque,CadClientes,,cadastro,abrir/executar,strings executaveis,baixa-media,menu/caption extraido por string; exige validacao visual
,Estoque,CadSatCla,,fiscal,abrir/executar,strings executaveis,baixa-media,menu/caption extraido por string; exige validacao visual
,Estoque,Caixa,,financeiro/caixa,abrir/executar,strings executaveis,baixa-media,menu/caption extraido por string; exige validacao visual
,Estoque,CalPrxProduto,,estoque/produto,abrir/executar,strings executaveis,baixa-media,menu/caption extraido por string; exige validacao visual
,Estoque,"Campos TipSat, CodSAt e SeqOcor n",,fiscal,abrir/executar,strings executaveis,baixa-media,menu/caption extraido por string; exige validacao visual
,Estoque,Cancel1Click,,operacional/outro,excluir/cancelar,strings executaveis,baixa-media,menu/caption extraido por string; exige validacao visual
,Estoque,Cancela|Cancelamento,,operacional/outro,excluir/cancelar,strings executaveis,baixa-media,menu/caption extraido por string; exige validacao visual
,Estoque,Cancela1Click,,operacional/outro,excluir/cancelar,strings executaveis,baixa-media,menu/caption extraido por string; exige validacao visual
,Estoque,Cancela1Click#,,operacional/outro,excluir/cancelar,strings executaveis,baixa-media,menu/caption extraido por string; exige validacao visual
,Estoque,CancelaClientes,,cadastro,excluir/cancelar,strings executaveis,baixa-media,menu/caption extraido por string; exige validacao visual
,Estoque,Cancelado (Cadastro),,cadastro,criar/cadastrar,strings executaveis,baixa-media,menu/caption extraido por string; exige validacao visual
,Estoque,Cancelados1Click,,operacional/outro,excluir/cancelar,strings executaveis,baixa-media,menu/caption extraido por string; exige validacao visual
,Estoque,CancelaInclusodeProduto1,,estoque/produto,excluir/cancelar,strings executaveis,baixa-media,menu/caption extraido por string; exige validacao visual
,Estoque,CancelaInclusodeProduto18,,estoque/produto,excluir/cancelar,strings executaveis,baixa-media,menu/caption extraido por string; exige validacao visual
,Estoque,Cancelamento,,operacional/outro,excluir/cancelar,strings executaveis,baixa-media,menu/caption extraido por string; exige validacao visual
,Estoque,Cancelamento de Cart,,operacional/outro,excluir/cancelar,strings executaveis,baixa-media,menu/caption extraido por string; exige validacao visual
,Estoque,Cancelamento do Cliente Cod.:,,cadastro,excluir/cancelar,strings executaveis,baixa-media,menu/caption extraido por string; exige validacao visual
,Estoque,Cancelamento do Encerramento,,operacional/outro,excluir/cancelar,strings executaveis,baixa-media,menu/caption extraido por string; exige validacao visual
,Estoque,Cancelamento do Estoque,,estoque/produto,excluir/cancelar,strings executaveis,baixa-media,menu/caption extraido por string; exige validacao visual
,Estoque,Cancelamento?,,operacional/outro,excluir/cancelar,strings executaveis,baixa-media,menu/caption extraido por string; exige validacao visual
,Estoque,Cancelamento|Cancelamento do Lan,,operacional/outro,excluir/cancelar,strings executaveis,baixa-media,menu/caption extraido por string; exige validacao visual
,Estoque,CancelamentodeCartoFidelidade1,,operacional/outro,excluir/cancelar,strings executaveis,baixa-media,menu/caption extraido por string; exige validacao visual
,Estoque,CancelamentodoEncerramento1,,operacional/outro,excluir/cancelar,strings executaveis,baixa-media,menu/caption extraido por string; exige validacao visual
,Estoque,CancelamentodoEncerramento18,,operacional/outro,excluir/cancelar,strings executaveis,baixa-media,menu/caption extraido por string; exige validacao visual
,Estoque,CancelButtonClick,,operacional/outro,excluir/cancelar,strings executaveis,baixa-media,menu/caption extraido por string; exige validacao visual
,Estoque,CancelClick,,operacional/outro,excluir/cancelar,strings executaveis,baixa-media,menu/caption extraido por string; exige validacao visual
,Estoque,CarregaClientesInt,,cadastro,abrir/executar,strings executaveis,baixa-media,menu/caption extraido por string; exige validacao visual
,Estoque,CarregaProdutos,,estoque/produto,abrir/executar,strings executaveis,baixa-media,menu/caption extraido por string; exige validacao visual
,Estoque,cb_EmiteNota,,operacional/outro,abrir/executar,strings executaveis,baixa-media,menu/caption extraido por string; exige validacao visual
,Estoque,Cb_ForDanfe,,fiscal,abrir/executar,strings executaveis,baixa-media,menu/caption extraido por string; exige validacao visual
,Estoque,Cb_ForDanfeChange,,fiscal,abrir/executar,strings executaveis,baixa-media,menu/caption extraido por string; exige validacao visual
,Estoque,Cb_ForDanfeExit,,fiscal,abrir/executar,strings executaveis,baixa-media,menu/caption extraido por string; exige validacao visual
,Estoque,Cb_ForEmiNFe,,fiscal,abrir/executar,strings executaveis,baixa-media,menu/caption extraido por string; exige validacao visual
,Estoque,Cb_ForEmiNFeChange,,fiscal,abrir/executar,strings executaveis,baixa-media,menu/caption extraido por string; exige validacao visual
,Estoque,Cb_ForEmiNFeExit,,fiscal,abrir/executar,strings executaveis,baixa-media,menu/caption extraido por string; exige validacao visual
,Estoque,Cb_ForEmiNFex,,fiscal,abrir/executar,strings executaveis,baixa-media,menu/caption extraido por string; exige validacao visual
,Estoque,CB_GravaNota,,operacional/outro,abrir/executar,strings executaveis,baixa-media,menu/caption extraido por string; exige validacao visual
,Estoque,CB_ImpressoNota,,relatorio/impressao,relatorio/imprimir,strings executaveis,baixa-media,menu/caption extraido por string; exige validacao visual
,Estoque,CB_ImprimiNumNota,,operacional/outro,abrir/executar,strings executaveis,baixa-media,menu/caption extraido por string; exige validacao visual
,Estoque,CB_ImprimiNumNotaClick,,operacional/outro,abrir/executar,strings executaveis,baixa-media,menu/caption extraido por string; exige validacao visual
,Estoque,Cb_NFeIdAmb,,fiscal,abrir/executar,strings executaveis,baixa-media,menu/caption extraido por string; exige validacao visual
,Estoque,Cb_NFeIdAmbChange,,fiscal,abrir/executar,strings executaveis,baixa-media,menu/caption extraido por string; exige validacao visual
,Estoque,Cb_NFeIdAmbExit,,fiscal,abrir/executar,strings executaveis,baixa-media,menu/caption extraido por string; exige validacao visual
,Estoque,CB_PortaNotaFiscal,,operacional/outro,abrir/executar,strings executaveis,baixa-media,menu/caption extraido por string; exige validacao visual
,Estoque,CB_PortaNotaFiscal$,,operacional/outro,abrir/executar,strings executaveis,baixa-media,menu/caption extraido por string; exige validacao visual
,Estoque,CB_TipoEntrega,,lavanderia/rol,abrir/executar,strings executaveis,baixa-media,menu/caption extraido por string; exige validacao visual
,Estoque,CDS_ClientesInt,,cadastro,abrir/executar,strings executaveis,baixa-media,menu/caption extraido por string; exige validacao visual
,Estoque,centinferior,,fiscal,abrir/executar,strings executaveis,baixa-media,menu/caption extraido por string; exige validacao visual
,Estoque,Ch_ImpNFe,,fiscal,abrir/executar,strings executaveis,baixa-media,menu/caption extraido por string; exige validacao visual
,Estoque,Ch_PerRefNfe,,fiscal,abrir/executar,strings executaveis,baixa-media,menu/caption extraido por string; exige validacao visual
,Estoque,ChamaTelaEstoque,,estoque/produto,abrir/executar,strings executaveis,baixa-media,menu/caption extraido por string; exige validacao visual
,Estoque,ChamaTelaProduto,,estoque/produto,abrir/executar,strings executaveis,baixa-media,menu/caption extraido por string; exige validacao visual
,Estoque,Chave NFe Ref.:,,fiscal,abrir/executar,strings executaveis,baixa-media,menu/caption extraido por string; exige validacao visual
,Estoque,CheckMenuItem,,operacional/outro,abrir/executar,strings executaveis,baixa-media,menu/caption extraido por string; exige validacao visual
,Estoque,ciwa deklaracja notacji,,operacional/outro,abrir/executar,strings executaveis,baixa-media,menu/caption extraido por string; exige validacao visual
,Estoque,claration de notation,,operacional/outro,abrir/executar,strings executaveis,baixa-media,menu/caption extraido por string; exige validacao visual
,Estoque,claration de notation invalide,,operacional/outro,abrir/executar,strings executaveis,baixa-media,menu/caption extraido por string; exige validacao visual
,Estoque,Cliente,,cadastro,abrir/executar,strings executaveis,baixa-media,menu/caption extraido por string; exige validacao visual
,Estoque,Cliente Cancelado,,cadastro,excluir/cancelar,strings executaveis,baixa-media,menu/caption extraido por string; exige validacao visual
,Estoque,Cliente est,,cadastro,abrir/executar,strings executaveis,baixa-media,menu/caption extraido por string; exige validacao visual
,Estoque,Cliente inv,,cadastro,abrir/executar,strings executaveis,baixa-media,menu/caption extraido por string; exige validacao visual
,Estoque,Cliente j,,cadastro,abrir/executar,strings executaveis,baixa-media,menu/caption extraido por string; exige validacao visual
,Estoque,Cliente N,,cadastro,abrir/executar,strings executaveis,baixa-media,menu/caption extraido por string; exige validacao visual
,Estoque,Cliente/Fornecedor,,cadastro,abrir/executar,strings executaveis,baixa-media,menu/caption extraido por string; exige validacao visual
,Estoque,Cliente/Fornecedor/,,cadastro,abrir/executar,strings executaveis,baixa-media,menu/caption extraido por string; exige validacao visual
,Estoque,Clientes,,cadastro,abrir/executar,strings executaveis,baixa-media,menu/caption extraido por string; exige validacao visual
,Estoque,clientes_compacto,,cadastro,abrir/executar,strings executaveis,baixa-media,menu/caption extraido por string; exige validacao visual
,Estoque,Clientes_FC,,cadastro,abrir/executar,strings executaveis,baixa-media,menu/caption extraido por string; exige validacao visual
,Estoque,Clientes_FM,,cadastro,abrir/executar,strings executaveis,baixa-media,menu/caption extraido por string; exige validacao visual
,Estoque,Clientes_FM.DS_TmpCliPromAcu,,cadastro,abrir/executar,strings executaveis,baixa-media,menu/caption extraido por string; exige validacao visual
,Estoque,Clientes_FM.DS_TmpGerDadFlex,,cadastro,abrir/executar,strings executaveis,baixa-media,menu/caption extraido por string; exige validacao visual
,Estoque,Clientes_FM.Tb_CadCart,,cadastro,abrir/executar,strings executaveis,baixa-media,menu/caption extraido por string; exige validacao visual
,Estoque,Clientes.DB,,cadastro,abrir/executar,strings executaveis,baixa-media,menu/caption extraido por string; exige validacao visual
,Estoque,ClientesF5_FP,,cadastro,abrir/executar,strings executaveis,baixa-media,menu/caption extraido por string; exige validacao visual
,Estoque,ClientesF5_p,,cadastro,abrir/executar,strings executaveis,baixa-media,menu/caption extraido por string; exige validacao visual
,Estoque,ClientesInt,,cadastro,abrir/executar,strings executaveis,baixa-media,menu/caption extraido por string; exige validacao visual
,Estoque,ClientesMar,,cadastro,abrir/executar,strings executaveis,baixa-media,menu/caption extraido por string; exige validacao visual
,Estoque,Co&nfer,,fiscal,abrir/executar,strings executaveis,baixa-media,menu/caption extraido por string; exige validacao visual
,Estoque,Cod Produto,,estoque/produto,abrir/executar,strings executaveis,baixa-media,menu/caption extraido por string; exige validacao visual
,Estoque,Cod. Mun. Cliente,,cadastro,abrir/executar,strings executaveis,baixa-media,menu/caption extraido por string; exige validacao visual
,Estoque,CodSat,,fiscal,abrir/executar,strings executaveis,baixa-media,menu/caption extraido por string; exige validacao visual
,Estoque,CodUsuario,,auth/permissao,abrir/executar,strings executaveis,baixa-media,menu/caption extraido por string; exige validacao visual
,Estoque,CodUsuario;NomUsuario,,auth/permissao,abrir/executar,strings executaveis,baixa-media,menu/caption extraido por string; exige validacao visual
,Estoque,commainferior,,fiscal,abrir/executar,strings executaveis,baixa-media,menu/caption extraido por string; exige validacao visual
,Estoque,coModifyAnnotation,,operacional/outro,abrir/executar,strings executaveis,baixa-media,menu/caption extraido por string; exige validacao visual
,Estoque,Complemento de Produto,,estoque/produto,abrir/executar,strings executaveis,baixa-media,menu/caption extraido por string; exige validacao visual
,Estoque,ConfigNFe,,fiscal,abrir/executar,strings executaveis,baixa-media,menu/caption extraido por string; exige validacao visual
,Estoque,ConfigNFeClick,,fiscal,abrir/executar,strings executaveis,baixa-media,menu/caption extraido por string; exige validacao visual
,Estoque,ConfiguraImpressora1Click,,relatorio/impressao,relatorio/imprimir,strings executaveis,baixa-media,menu/caption extraido por string; exige validacao visual
,Estoque,Confirma Ativar o Cliente,,cadastro,abrir/executar,strings executaveis,baixa-media,menu/caption extraido por string; exige validacao visual
,Estoque,Confirma Cancelamento,,operacional/outro,excluir/cancelar,strings executaveis,baixa-media,menu/caption extraido por string; exige validacao visual
,Estoque,Confirma cancelamento do pacote.,,operacional/outro,excluir/cancelar,strings executaveis,baixa-media,menu/caption extraido por string; exige validacao visual
,Estoque,Confirma Cancelamento?,,operacional/outro,excluir/cancelar,strings executaveis,baixa-media,menu/caption extraido por string; exige validacao visual
,Estoque,Confirma Desativar o Cliente,,fiscal,abrir/executar,strings executaveis,baixa-media,menu/caption extraido por string; exige validacao visual
,Estoque,Confirma o cancelamento do Clientes,,cadastro,excluir/cancelar,strings executaveis,baixa-media,menu/caption extraido por string; exige validacao visual
,Estoque,Confirma o Estorno do cancelamento do Cliente,,cadastro,excluir/cancelar,strings executaveis,baixa-media,menu/caption extraido por string; exige validacao visual
,Estoque,ConfNFe,,fiscal,abrir/executar,strings executaveis,baixa-media,menu/caption extraido por string; exige validacao visual
,Estoque,ConfNFe_FM,,fiscal,abrir/executar,strings executaveis,baixa-media,menu/caption extraido por string; exige validacao visual
,Estoque,Consistencia do Produto,,estoque/produto,abrir/executar,strings executaveis,baixa-media,menu/caption extraido por string; exige validacao visual
,Estoque,Consulta,,operacional/outro,consultar,strings executaveis,baixa-media,menu/caption extraido por string; exige validacao visual
,Estoque,Consulta fidelidade,,operacional/outro,consultar,strings executaveis,baixa-media,menu/caption extraido por string; exige validacao visual
,Estoque,Consulta Local,,operacional/outro,consultar,strings executaveis,baixa-media,menu/caption extraido por string; exige validacao visual
,Estoque,Consulta|Consulta do Lan,,operacional/outro,consultar,strings executaveis,baixa-media,menu/caption extraido por string; exige validacao visual
,Estoque,Consulta1,,operacional/outro,consultar,strings executaveis,baixa-media,menu/caption extraido por string; exige validacao visual
,Estoque,ConsultaCep,,operacional/outro,consultar,strings executaveis,baixa-media,menu/caption extraido por string; exige validacao visual
,Estoque,ConsultaNCarto1,,operacional/outro,consultar,strings executaveis,baixa-media,menu/caption extraido por string; exige validacao visual
,Estoque,ConsultaNCpfCnpj1,,operacional/outro,consultar,strings executaveis,baixa-media,menu/caption extraido por string; exige validacao visual
,Estoque,Consultar,,operacional/outro,consultar,strings executaveis,baixa-media,menu/caption extraido por string; exige validacao visual
,Estoque,Consultas &R,,operacional/outro,consultar,strings executaveis,baixa-media,menu/caption extraido por string; exige validacao visual
,Estoque,Consultas R,,operacional/outro,consultar,strings executaveis,baixa-media,menu/caption extraido por string; exige validacao visual
,Estoque,ConsultasRpidas1,,operacional/outro,consultar,strings executaveis,baixa-media,menu/caption extraido por string; exige validacao visual
,Estoque,ConsultasRpidas1Click,,operacional/outro,consultar,strings executaveis,baixa-media,menu/caption extraido por string; exige validacao visual
,Estoque,Continua na Nota,,operacional/outro,abrir/executar,strings executaveis,baixa-media,menu/caption extraido por string; exige validacao visual
,Estoque,ControlaSenha,,auth/permissao,abrir/executar,strings executaveis,baixa-media,menu/caption extraido por string; exige validacao visual
,Estoque,Controle de Saida do Estoque,,estoque/produto,abrir/executar,strings executaveis,baixa-media,menu/caption extraido por string; exige validacao visual
,Estoque,CorSatCla,,fiscal,abrir/executar,strings executaveis,baixa-media,menu/caption extraido por string; exige validacao visual
,Estoque,CorSatClaF,,fiscal,abrir/executar,strings executaveis,baixa-media,menu/caption extraido por string; exige validacao visual
,Estoque,d Cliente,,cadastro,abrir/executar,strings executaveis,baixa-media,menu/caption extraido por string; exige validacao visual
,Estoque,da de estoque manual,,estoque/produto,abrir/executar,strings executaveis,baixa-media,menu/caption extraido por string; exige validacao visual
,Estoque,DADOS DO CLIENTE,,cadastro,abrir/executar,strings executaveis,baixa-media,menu/caption extraido por string; exige validacao visual
,Estoque,Data do Cancelamento,,operacional/outro,excluir/cancelar,strings executaveis,baixa-media,menu/caption extraido por string; exige validacao visual
,Estoque,DataFieldCancelBtnClick,,operacional/outro,excluir/cancelar,strings executaveis,baixa-media,menu/caption extraido por string; exige validacao visual
,Estoque,DatAnota,,operacional/outro,abrir/executar,strings executaveis,baixa-media,menu/caption extraido por string; exige validacao visual
,Estoque,DB_Clientes,,cadastro,abrir/executar,strings executaveis,baixa-media,menu/caption extraido por string; exige validacao visual
,Estoque,DB_ClientesDrawDataCell,,cadastro,abrir/executar,strings executaveis,baixa-media,menu/caption extraido por string; exige validacao visual
,Estoque,DB_ClientesKeyPress,,cadastro,abrir/executar,strings executaveis,baixa-media,menu/caption extraido por string; exige validacao visual
,Estoque,DB_Produtos,,estoque/produto,abrir/executar,strings executaveis,baixa-media,menu/caption extraido por string; exige validacao visual
,Estoque,DB_ProdutosCellClick,,estoque/produto,abrir/executar,strings executaveis,baixa-media,menu/caption extraido por string; exige validacao visual
,Estoque,DB_ProdutosColEnter,,estoque/produto,abrir/executar,strings executaveis,baixa-media,menu/caption extraido por string; exige validacao visual
,Estoque,DB_ProdutosDrawColumnCell,,estoque/produto,abrir/executar,strings executaveis,baixa-media,menu/caption extraido por string; exige validacao visual
,Estoque,DB_ProdutosKeyPress,,estoque/produto,abrir/executar,strings executaveis,baixa-media,menu/caption extraido por string; exige validacao visual
,Estoque,DB_ProdutosKeyUp,,estoque/produto,abrir/executar,strings executaveis,baixa-media,menu/caption extraido por string; exige validacao visual
,Estoque,DBG_BancoCaixa,,financeiro/caixa,abrir/executar,strings executaveis,baixa-media,menu/caption extraido por string; exige validacao visual
,Estoque,DBG_Cadastros,,cadastro,criar/cadastrar,strings executaveis,baixa-media,menu/caption extraido por string; exige validacao visual
,Estoque,DBG_CadastrosDblClick,,cadastro,criar/cadastrar,strings executaveis,baixa-media,menu/caption extraido por string; exige validacao visual
,Estoque,DBG_CadastrosKeyPress,,cadastro,criar/cadastrar,strings executaveis,baixa-media,menu/caption extraido por string; exige validacao visual
,Estoque,DBG_ClientesF5,,cadastro,abrir/executar,strings executaveis,baixa-media,menu/caption extraido por string; exige validacao visual
,Estoque,DBG_ClientesF5CellClick,,cadastro,abrir/executar,strings executaveis,baixa-media,menu/caption extraido por string; exige validacao visual
,Estoque,DBG_ClientesF5DblClick,,cadastro,abrir/executar,strings executaveis,baixa-media,menu/caption extraido por string; exige validacao visual
,Estoque,DBG_ClientesF5DrawColumnCell,,cadastro,abrir/executar,strings executaveis,baixa-media,menu/caption extraido por string; exige validacao visual
,Estoque,DBG_ClientesF5DrawDataCell,,cadastro,abrir/executar,strings executaveis,baixa-media,menu/caption extraido por string; exige validacao visual
,Estoque,DBG_ClientesF5KeyPress,,cadastro,abrir/executar,strings executaveis,baixa-media,menu/caption extraido por string; exige validacao visual
,Estoque,DBG_ClientesF5T,,cadastro,abrir/executar,strings executaveis,baixa-media,menu/caption extraido por string; exige validacao visual
,Estoque,DBG_ClientesInt,,cadastro,abrir/executar,strings executaveis,baixa-media,menu/caption extraido por string; exige validacao visual
,Estoque,DBG_ClientesIntDrawColumnCell,,cadastro,abrir/executar,strings executaveis,baixa-media,menu/caption extraido por string; exige validacao visual
,Estoque,DBGrid_ProdutosKit,,estoque/produto,abrir/executar,strings executaveis,baixa-media,menu/caption extraido por string; exige validacao visual
,Estoque,DBLCB_CodUsuario,,auth/permissao,abrir/executar,strings executaveis,baixa-media,menu/caption extraido por string; exige validacao visual
,Estoque,DBLCB_CodUsuario(,,auth/permissao,abrir/executar,strings executaveis,baixa-media,menu/caption extraido por string; exige validacao visual
,Estoque,DBLCB_CodUsuarioDropDown,,auth/permissao,abrir/executar,strings executaveis,baixa-media,menu/caption extraido por string; exige validacao visual
,Estoque,DBLCB_CodUsuarioEnter,,auth/permissao,abrir/executar,strings executaveis,baixa-media,menu/caption extraido por string; exige validacao visual
,Estoque,DBLCB_CodUsuarioExit,,auth/permissao,abrir/executar,strings executaveis,baixa-media,menu/caption extraido por string; exige validacao visual
,Estoque,DBLCB_CodUsuarioKeyPress,,auth/permissao,abrir/executar,strings executaveis,baixa-media,menu/caption extraido por string; exige validacao visual
,Estoque,DBLCB_Estoque,,estoque/produto,abrir/executar,strings executaveis,baixa-media,menu/caption extraido por string; exige validacao visual
,Estoque,DBLCB_Estoque`,,estoque/produto,abrir/executar,strings executaveis,baixa-media,menu/caption extraido por string; exige validacao visual
,Estoque,DBLCB_EstoqueChange,,estoque/produto,abrir/executar,strings executaveis,baixa-media,menu/caption extraido por string; exige validacao visual
,Estoque,DBLCB_EstoqueChange%,,estoque/produto,abrir/executar,strings executaveis,baixa-media,menu/caption extraido por string; exige validacao visual
,Estoque,DBLCB_ResUsuario,,auth/permissao,abrir/executar,strings executaveis,baixa-media,menu/caption extraido por string; exige validacao visual
,Estoque,DBLCB_ResUsuarioExit,,auth/permissao,abrir/executar,strings executaveis,baixa-media,menu/caption extraido por string; exige validacao visual
,Estoque,DBT_Estoque,,estoque/produto,abrir/executar,strings executaveis,baixa-media,menu/caption extraido por string; exige validacao visual
,Estoque,DBT_Estoque<,,estoque/produto,abrir/executar,strings executaveis,baixa-media,menu/caption extraido por string; exige validacao visual
,Estoque,DesAnota,,operacional/outro,abrir/executar,strings executaveis,baixa-media,menu/caption extraido por string; exige validacao visual
,Estoque,Desativa-F2,,fiscal,abrir/executar,strings executaveis,baixa-media,menu/caption extraido por string; exige validacao visual
,Estoque,Desativado,,fiscal,abrir/executar,strings executaveis,baixa-media,menu/caption extraido por string; exige validacao visual
,Estoque,Desativado =,,fiscal,abrir/executar,strings executaveis,baixa-media,menu/caption extraido por string; exige validacao visual
,Financeiro,&Cadastros,,cadastro,criar/cadastrar,strings executaveis,baixa-media,menu/caption extraido por string; exige validacao visual
,Financeiro,da Nota Fiscal a ser Impressa,,fiscal,relatorio/imprimir,strings executaveis,baixa-media,menu/caption extraido por string; exige validacao visual
,Financeiro,deseja imprimir o relat,,relatorio/impressao,relatorio/imprimir,strings executaveis,baixa-media,menu/caption extraido por string; exige validacao visual
,Financeiro,Order By CodUsuario,,auth/permissao,abrir/executar,strings executaveis,baixa-media,menu/caption extraido por string; exige validacao visual
,Financeiro,-Cliente:,,cadastro,abrir/executar,strings executaveis,baixa-media,menu/caption extraido por string; exige validacao visual
,Financeiro,-Clientes de,,cadastro,abrir/executar,strings executaveis,baixa-media,menu/caption extraido por string; exige validacao visual
,Financeiro,-Ordem: Cliente,,cadastro,abrir/executar,strings executaveis,baixa-media,menu/caption extraido por string; exige validacao visual
,Financeiro,-Ordem: Cliente(Nome),,cadastro,abrir/executar,strings executaveis,baixa-media,menu/caption extraido por string; exige validacao visual
,Financeiro,-Ordem: Cliente(Raz,,cadastro,abrir/executar,strings executaveis,baixa-media,menu/caption extraido por string; exige validacao visual
,Financeiro,:\EquipExe\EquSat,,fiscal,abrir/executar,strings executaveis,baixa-media,menu/caption extraido por string; exige validacao visual
,Financeiro,:\EquipExe\EquSat.Ini,,fiscal,abrir/executar,strings executaveis,baixa-media,menu/caption extraido por string; exige validacao visual
,Financeiro,":Clientes"" C",,cadastro,abrir/executar,strings executaveis,baixa-media,menu/caption extraido por string; exige validacao visual
,Financeiro,!Imprime Nome do cliente no Boleto,,cadastro,abrir/executar,strings executaveis,baixa-media,menu/caption extraido por string; exige validacao visual
,Financeiro,(Financeiro - Sistema Controle Financeiro,,lavanderia/rol,abrir/executar,strings executaveis,baixa-media,menu/caption extraido por string; exige validacao visual
,Financeiro,)S:\BaseTestes\Usuarios\Arnaldo\Ger\Filial,,auth/permissao,abrir/executar,strings executaveis,baixa-media,menu/caption extraido por string; exige validacao visual
,Financeiro,*Cliente,,cadastro,abrir/executar,strings executaveis,baixa-media,menu/caption extraido por string; exige validacao visual
,Financeiro,"\Clientes"" C",,cadastro,abrir/executar,strings executaveis,baixa-media,menu/caption extraido por string; exige validacao visual
,Financeiro,&Cadastro de Ajustes Autom,,cadastro,criar/cadastrar,strings executaveis,baixa-media,menu/caption extraido por string; exige validacao visual
,Financeiro,&Cancelamento,,operacional/outro,excluir/cancelar,strings executaveis,baixa-media,menu/caption extraido por string; exige validacao visual
,Financeiro,&Cliente,,cadastro,abrir/executar,strings executaveis,baixa-media,menu/caption extraido por string; exige validacao visual
,Financeiro,&Clientes,,cadastro,abrir/executar,strings executaveis,baixa-media,menu/caption extraido por string; exige validacao visual
,Financeiro,&Consulta,,operacional/outro,consultar,strings executaveis,baixa-media,menu/caption extraido por string; exige validacao visual
,Financeiro,&Geral Ajuste de Cadastro,,cadastro,criar/cadastrar,strings executaveis,baixa-media,menu/caption extraido por string; exige validacao visual
,Financeiro,&Individual Ajuste de Cadastro,,cadastro,criar/cadastrar,strings executaveis,baixa-media,menu/caption extraido por string; exige validacao visual
,Financeiro,&Relat,,relatorio/impressao,relatorio/imprimir,strings executaveis,baixa-media,menu/caption extraido por string; exige validacao visual
,Financeiro,&Senha,,auth/permissao,abrir/executar,strings executaveis,baixa-media,menu/caption extraido por string; exige validacao visual
,Financeiro,&Sobre o Sistema Financeiro,,operacional/outro,abrir/executar,strings executaveis,baixa-media,menu/caption extraido por string; exige validacao visual
,Financeiro,"+ ""z:\EquipExe\Ger\Dados\Clientes"" C",,cadastro,abrir/executar,strings executaveis,baixa-media,menu/caption extraido por string; exige validacao visual
,Financeiro,|Inicio da Nota,,operacional/outro,abrir/executar,strings executaveis,baixa-media,menu/caption extraido por string; exige validacao visual
,Financeiro,|LogoMarca do cliente,,cadastro,abrir/executar,strings executaveis,baixa-media,menu/caption extraido por string; exige validacao visual
,Financeiro,|Nome do Cliente,,cadastro,abrir/executar,strings executaveis,baixa-media,menu/caption extraido por string; exige validacao visual
,Financeiro,|Senha do usu,,auth/permissao,abrir/executar,strings executaveis,baixa-media,menu/caption extraido por string; exige validacao visual
,Financeiro,"0Select * From ""C:\Equipexe\Ger\Dados\Clientes"" C",,cadastro,abrir/executar,strings executaveis,baixa-media,menu/caption extraido por string; exige validacao visual
,Financeiro,1-Cadastros,,cadastro,criar/cadastrar,strings executaveis,baixa-media,menu/caption extraido por string; exige validacao visual
,Financeiro,1-Notas ( Faturamento ),,financeiro/caixa,abrir/executar,strings executaveis,baixa-media,menu/caption extraido por string; exige validacao visual
,Financeiro,3-Cadastro e Lactos.,,cadastro,criar/cadastrar,strings executaveis,baixa-media,menu/caption extraido por string; exige validacao visual
,Financeiro,4-Menos Caixa,,financeiro/caixa,abrir/executar,strings executaveis,baixa-media,menu/caption extraido por string; exige validacao visual
,Financeiro,AbreCepFacil,,operacional/outro,abrir/executar,strings executaveis,baixa-media,menu/caption extraido por string; exige validacao visual
,Financeiro,Abrir relat,,relatorio/impressao,relatorio/imprimir,strings executaveis,baixa-media,menu/caption extraido por string; exige validacao visual
,Financeiro,Abrir...|Abre um relat,,relatorio/impressao,relatorio/imprimir,strings executaveis,baixa-media,menu/caption extraido por string; exige validacao visual
,Financeiro,AgrupaNota,,operacional/outro,abrir/executar,strings executaveis,baixa-media,menu/caption extraido por string; exige validacao visual
,Financeiro,Ajusta Cadastro Automaticamente,,cadastro,criar/cadastrar,strings executaveis,baixa-media,menu/caption extraido por string; exige validacao visual
,Financeiro,Anotacoes,,operacional/outro,abrir/executar,strings executaveis,baixa-media,menu/caption extraido por string; exige validacao visual
,Financeiro,Arquivo de Relat,,relatorio/impressao,relatorio/imprimir,strings executaveis,baixa-media,menu/caption extraido por string; exige validacao visual
,Financeiro,Assume Config. LavSoft (Notas),,operacional/outro,abrir/executar,strings executaveis,baixa-media,menu/caption extraido por string; exige validacao visual
,Financeiro,BaiUsuario,,auth/permissao,abrir/executar,strings executaveis,baixa-media,menu/caption extraido por string; exige validacao visual
,Financeiro,Bt_CancelaClick,,operacional/outro,excluir/cancelar,strings executaveis,baixa-media,menu/caption extraido por string; exige validacao visual
,Financeiro,Bt_ConsultaCli,,operacional/outro,consultar,strings executaveis,baixa-media,menu/caption extraido por string; exige validacao visual
,Financeiro,Bt_ConsultaCliClick,,operacional/outro,consultar,strings executaveis,baixa-media,menu/caption extraido por string; exige validacao visual
,Financeiro,c_DigitaSenha,,auth/permissao,abrir/executar,strings executaveis,baixa-media,menu/caption extraido por string; exige validacao visual
,Financeiro,c_mCaixaPCla,,financeiro/caixa,abrir/executar,strings executaveis,baixa-media,menu/caption extraido por string; exige validacao visual
,Financeiro,C:\EquipExe\EquSat,,fiscal,abrir/executar,strings executaveis,baixa-media,menu/caption extraido por string; exige validacao visual
,Financeiro,C:\EquipExe\EquSat.Ini,,fiscal,abrir/executar,strings executaveis,baixa-media,menu/caption extraido por string; exige validacao visual
,Financeiro,Cadastro,,cadastro,criar/cadastrar,strings executaveis,baixa-media,menu/caption extraido por string; exige validacao visual
,Financeiro,Cadastro 2,,cadastro,criar/cadastrar,strings executaveis,baixa-media,menu/caption extraido por string; exige validacao visual
,Financeiro,Cadastro 3,,cadastro,criar/cadastrar,strings executaveis,baixa-media,menu/caption extraido por string; exige validacao visual
,Financeiro,Cadastro 4,,cadastro,criar/cadastrar,strings executaveis,baixa-media,menu/caption extraido por string; exige validacao visual
,Financeiro,Cadastro Campos Flexiveis,,cadastro,criar/cadastrar,strings executaveis,baixa-media,menu/caption extraido por string; exige validacao visual
,Financeiro,Cadastro de Clientes,,cadastro,criar/cadastrar,strings executaveis,baixa-media,menu/caption extraido por string; exige validacao visual
,Financeiro,Cadastro de Fornecedores,,cadastro,criar/cadastrar,strings executaveis,baixa-media,menu/caption extraido por string; exige validacao visual
,Financeiro,Cadastro de Grupo (Campos Flexiveis),,auth/permissao,criar/cadastrar,strings executaveis,baixa-media,menu/caption extraido por string; exige validacao visual
,Financeiro,Cadastro de Grupo 1,,auth/permissao,criar/cadastrar,strings executaveis,baixa-media,menu/caption extraido por string; exige validacao visual
,Financeiro,Cadastro de Grupo 2,,auth/permissao,criar/cadastrar,strings executaveis,baixa-media,menu/caption extraido por string; exige validacao visual
,Financeiro,Cadastro de Grupo 3,,auth/permissao,criar/cadastrar,strings executaveis,baixa-media,menu/caption extraido por string; exige validacao visual
,Financeiro,Cadastro de Grupo 4,,auth/permissao,criar/cadastrar,strings executaveis,baixa-media,menu/caption extraido por string; exige validacao visual
,Financeiro,Cadastro de Situa,,cadastro,criar/cadastrar,strings executaveis,baixa-media,menu/caption extraido por string; exige validacao visual
,Financeiro,Cadastro Mensagem Padr,,cadastro,criar/cadastrar,strings executaveis,baixa-media,menu/caption extraido por string; exige validacao visual
,Financeiro,Cadastros1,,cadastro,criar/cadastrar,strings executaveis,baixa-media,menu/caption extraido por string; exige validacao visual
,Financeiro,Cadastros1D,,cadastro,criar/cadastrar,strings executaveis,baixa-media,menu/caption extraido por string; exige validacao visual
,Financeiro,Cadastros3,,cadastro,criar/cadastrar,strings executaveis,baixa-media,menu/caption extraido por string; exige validacao visual
,Financeiro,Cadastros3P,,cadastro,criar/cadastrar,strings executaveis,baixa-media,menu/caption extraido por string; exige validacao visual
,Financeiro,CadClientes,,cadastro,abrir/executar,strings executaveis,baixa-media,menu/caption extraido por string; exige validacao visual
,Financeiro,CadSatCla,,fiscal,abrir/executar,strings executaveis,baixa-media,menu/caption extraido por string; exige validacao visual
,Financeiro,Caixa,,financeiro/caixa,abrir/executar,strings executaveis,baixa-media,menu/caption extraido por string; exige validacao visual
,Financeiro,Caixa:,,financeiro/caixa,abrir/executar,strings executaveis,baixa-media,menu/caption extraido por string; exige validacao visual
,Financeiro,Cancel1Click,,operacional/outro,excluir/cancelar,strings executaveis,baixa-media,menu/caption extraido por string; exige validacao visual
,Financeiro,Cancela1Click,,operacional/outro,excluir/cancelar,strings executaveis,baixa-media,menu/caption extraido por string; exige validacao visual
,Financeiro,Cancela1Click#,,operacional/outro,excluir/cancelar,strings executaveis,baixa-media,menu/caption extraido por string; exige validacao visual
,Financeiro,CancelaClientes,,cadastro,excluir/cancelar,strings executaveis,baixa-media,menu/caption extraido por string; exige validacao visual
,Financeiro,Cancelados1Click,,operacional/outro,excluir/cancelar,strings executaveis,baixa-media,menu/caption extraido por string; exige validacao visual
,Financeiro,CancelaLote1Click,,operacional/outro,excluir/cancelar,strings executaveis,baixa-media,menu/caption extraido por string; exige validacao visual
,Financeiro,CancelaLoteClick,,operacional/outro,excluir/cancelar,strings executaveis,baixa-media,menu/caption extraido por string; exige validacao visual
,Financeiro,Cancelamento,,operacional/outro,excluir/cancelar,strings executaveis,baixa-media,menu/caption extraido por string; exige validacao visual
,Financeiro,Cancelamento de Nosso Numero,,operacional/outro,excluir/cancelar,strings executaveis,baixa-media,menu/caption extraido por string; exige validacao visual
,Financeiro,Cancelamento do Cliente Cod.:,,cadastro,excluir/cancelar,strings executaveis,baixa-media,menu/caption extraido por string; exige validacao visual
,Financeiro,CancelButtonClick,,operacional/outro,excluir/cancelar,strings executaveis,baixa-media,menu/caption extraido por string; exige validacao visual
,Financeiro,CancelClick,,operacional/outro,excluir/cancelar,strings executaveis,baixa-media,menu/caption extraido por string; exige validacao visual
,Financeiro,CB_ImpNotaFiscal,,operacional/outro,abrir/executar,strings executaveis,baixa-media,menu/caption extraido por string; exige validacao visual
,Financeiro,CB_ImpNotaFiscalp,,operacional/outro,abrir/executar,strings executaveis,baixa-media,menu/caption extraido por string; exige validacao visual
,Financeiro,CB_ModeloArqRemessat,,fiscal,abrir/executar,strings executaveis,baixa-media,menu/caption extraido por string; exige validacao visual
,Financeiro,CB_TipoEntrega,,lavanderia/rol,abrir/executar,strings executaveis,baixa-media,menu/caption extraido por string; exige validacao visual
,Financeiro,CB_TipoEntrega0,,lavanderia/rol,abrir/executar,strings executaveis,baixa-media,menu/caption extraido por string; exige validacao visual
,Financeiro,centinferior,,fiscal,abrir/executar,strings executaveis,baixa-media,menu/caption extraido por string; exige validacao visual
,Financeiro,CheckMenuItem,,operacional/outro,abrir/executar,strings executaveis,baixa-media,menu/caption extraido por string; exige validacao visual
,Financeiro,Cliente,,cadastro,abrir/executar,strings executaveis,baixa-media,menu/caption extraido por string; exige validacao visual
,Financeiro,Cliente - Nome,,cadastro,abrir/executar,strings executaveis,baixa-media,menu/caption extraido por string; exige validacao visual
,Financeiro,Cliente (Nome),,cadastro,abrir/executar,strings executaveis,baixa-media,menu/caption extraido por string; exige validacao visual
,Financeiro,Cliente (Raz,,cadastro,abrir/executar,strings executaveis,baixa-media,menu/caption extraido por string; exige validacao visual
,Financeiro,Cliente Cancelado,,cadastro,excluir/cancelar,strings executaveis,baixa-media,menu/caption extraido por string; exige validacao visual
,Financeiro,Cliente inv,,cadastro,abrir/executar,strings executaveis,baixa-media,menu/caption extraido por string; exige validacao visual
,Financeiro,Cliente n,,cadastro,abrir/executar,strings executaveis,baixa-media,menu/caption extraido por string; exige validacao visual
,Financeiro,Clientes,,cadastro,abrir/executar,strings executaveis,baixa-media,menu/caption extraido por string; exige validacao visual
,Financeiro,Clientes Cadastros Entre,,cadastro,criar/cadastrar,strings executaveis,baixa-media,menu/caption extraido por string; exige validacao visual
,Financeiro,Clientes Zerados,,cadastro,abrir/executar,strings executaveis,baixa-media,menu/caption extraido por string; exige validacao visual
,Financeiro,Clientes_FC,,cadastro,abrir/executar,strings executaveis,baixa-media,menu/caption extraido por string; exige validacao visual
,Financeiro,Clientes_FM,,cadastro,abrir/executar,strings executaveis,baixa-media,menu/caption extraido por string; exige validacao visual
,Financeiro,Clientes_FM.DS_TmpCliPromAcu,,cadastro,abrir/executar,strings executaveis,baixa-media,menu/caption extraido por string; exige validacao visual
,Financeiro,Clientes_FM.DS_TmpGerDadFlex,,cadastro,abrir/executar,strings executaveis,baixa-media,menu/caption extraido por string; exige validacao visual
,Financeiro,Clientes.DB,,cadastro,abrir/executar,strings executaveis,baixa-media,menu/caption extraido por string; exige validacao visual
,Financeiro,Clientes1,,cadastro,abrir/executar,strings executaveis,baixa-media,menu/caption extraido por string; exige validacao visual
,Financeiro,Clientes1Click,,cadastro,abrir/executar,strings executaveis,baixa-media,menu/caption extraido por string; exige validacao visual
,Financeiro,ClientesF5_FP,,cadastro,abrir/executar,strings executaveis,baixa-media,menu/caption extraido por string; exige validacao visual
,Financeiro,ClientesF5_p,,cadastro,abrir/executar,strings executaveis,baixa-media,menu/caption extraido por string; exige validacao visual
,Financeiro,ClientesMar,,cadastro,abrir/executar,strings executaveis,baixa-media,menu/caption extraido por string; exige validacao visual
,Financeiro,CodUsuario,,auth/permissao,abrir/executar,strings executaveis,baixa-media,menu/caption extraido por string; exige validacao visual
,Financeiro,CodUsuario;NomUsuario,,auth/permissao,abrir/executar,strings executaveis,baixa-media,menu/caption extraido por string; exige validacao visual
,Financeiro,commainferior,,fiscal,abrir/executar,strings executaveis,baixa-media,menu/caption extraido por string; exige validacao visual
,Financeiro,coModifyAnnotation,,operacional/outro,abrir/executar,strings executaveis,baixa-media,menu/caption extraido por string; exige validacao visual
,Financeiro,ConfiguraImpressora1Click,,relatorio/impressao,relatorio/imprimir,strings executaveis,baixa-media,menu/caption extraido por string; exige validacao visual
,Financeiro,ConfiguraImpressora1Click#,,relatorio/impressao,relatorio/imprimir,strings executaveis,baixa-media,menu/caption extraido por string; exige validacao visual
,Financeiro,ConfigUsuario,,auth/permissao,abrir/executar,strings executaveis,baixa-media,menu/caption extraido por string; exige validacao visual
,Financeiro,Confirma Ativar o Cliente,,cadastro,abrir/executar,strings executaveis,baixa-media,menu/caption extraido por string; exige validacao visual
,Financeiro,Confirma Cancelamento,,operacional/outro,excluir/cancelar,strings executaveis,baixa-media,menu/caption extraido por string; exige validacao visual
,Financeiro,Confirma Cancelamento?,,operacional/outro,excluir/cancelar,strings executaveis,baixa-media,menu/caption extraido por string; exige validacao visual
,Financeiro,Confirma Desativar o Cliente,,fiscal,abrir/executar,strings executaveis,baixa-media,menu/caption extraido por string; exige validacao visual
,Financeiro,Confirma o cancelamento do Clientes,,cadastro,excluir/cancelar,strings executaveis,baixa-media,menu/caption extraido por string; exige validacao visual
,Financeiro,Confirma o Cancelamento do Lote,,operacional/outro,excluir/cancelar,strings executaveis,baixa-media,menu/caption extraido por string; exige validacao visual
,Financeiro,Confirma o Estorno do cancelamento do Cliente,,cadastro,excluir/cancelar,strings executaveis,baixa-media,menu/caption extraido por string; exige validacao visual
,Financeiro,Considera Pgto Clientes,,cadastro,abrir/executar,strings executaveis,baixa-media,menu/caption extraido por string; exige validacao visual
,Financeiro,Consulta,,operacional/outro,consultar,strings executaveis,baixa-media,menu/caption extraido por string; exige validacao visual
,Financeiro,Consulta1,,operacional/outro,consultar,strings executaveis,baixa-media,menu/caption extraido por string; exige validacao visual
,Financeiro,Consultar,,operacional/outro,consultar,strings executaveis,baixa-media,menu/caption extraido por string; exige validacao visual
,Financeiro,Consultas R,,operacional/outro,consultar,strings executaveis,baixa-media,menu/caption extraido por string; exige validacao visual
,Financeiro,ControleNossoNumero1Click,,lavanderia/rol,abrir/executar,strings executaveis,baixa-media,menu/caption extraido por string; exige validacao visual
,Financeiro,CorSatCla,,fiscal,abrir/executar,strings executaveis,baixa-media,menu/caption extraido por string; exige validacao visual
,Financeiro,CorSatClaF,,fiscal,abrir/executar,strings executaveis,baixa-media,menu/caption extraido por string; exige validacao visual
,Financeiro,DataFieldCancelBtnClick,,operacional/outro,excluir/cancelar,strings executaveis,baixa-media,menu/caption extraido por string; exige validacao visual
,Financeiro,DatAnota,,operacional/outro,abrir/executar,strings executaveis,baixa-media,menu/caption extraido por string; exige validacao visual
,Financeiro,DB_Clientes,,cadastro,abrir/executar,strings executaveis,baixa-media,menu/caption extraido por string; exige validacao visual
,Financeiro,DB_ClientesDrawColumnCell,,cadastro,abrir/executar,strings executaveis,baixa-media,menu/caption extraido por string; exige validacao visual
,Financeiro,DB_ClientesDrawDataCell,,cadastro,abrir/executar,strings executaveis,baixa-media,menu/caption extraido por string; exige validacao visual
,Financeiro,DB_ClientesKeyPress,,cadastro,abrir/executar,strings executaveis,baixa-media,menu/caption extraido por string; exige validacao visual
,Financeiro,DBG_Cadastros,,cadastro,criar/cadastrar,strings executaveis,baixa-media,menu/caption extraido por string; exige validacao visual
,Financeiro,DBG_CadastrosDblClick,,cadastro,criar/cadastrar,strings executaveis,baixa-media,menu/caption extraido por string; exige validacao visual
,Financeiro,DBG_CadastrosKeyPress,,cadastro,criar/cadastrar,strings executaveis,baixa-media,menu/caption extraido por string; exige validacao visual
,Financeiro,DBG_ClientesF5,,cadastro,abrir/executar,strings executaveis,baixa-media,menu/caption extraido por string; exige validacao visual
,Financeiro,DBG_ClientesF5DrawColumnCell,,cadastro,abrir/executar,strings executaveis,baixa-media,menu/caption extraido por string; exige validacao visual
,Financeiro,DBG_ClientesF5KeyPress,,cadastro,abrir/executar,strings executaveis,baixa-media,menu/caption extraido por string; exige validacao visual
,Financeiro,DBG_ClientesF5T,,cadastro,abrir/executar,strings executaveis,baixa-media,menu/caption extraido por string; exige validacao visual
,Financeiro,DBLCB_CodCliEnter,,cadastro,abrir/executar,strings executaveis,baixa-media,menu/caption extraido por string; exige validacao visual
,Financeiro,DBLCB_CodUsuario,,auth/permissao,abrir/executar,strings executaveis,baixa-media,menu/caption extraido por string; exige validacao visual
,Financeiro,"DBLCB_CodUsuario,",,auth/permissao,abrir/executar,strings executaveis,baixa-media,menu/caption extraido por string; exige validacao visual
,Financeiro,DBLCB_CodUsuarioDropDown,,auth/permissao,abrir/executar,strings executaveis,baixa-media,menu/caption extraido por string; exige validacao visual
,Financeiro,DBLCB_CodUsuarioEnter,,auth/permissao,abrir/executar,strings executaveis,baixa-media,menu/caption extraido por string; exige validacao visual
,Financeiro,DBLCB_CodUsuarioExit,,auth/permissao,abrir/executar,strings executaveis,baixa-media,menu/caption extraido por string; exige validacao visual
,Financeiro,DBLCB_CodUsuarioKeyPress,,auth/permissao,abrir/executar,strings executaveis,baixa-media,menu/caption extraido por string; exige validacao visual
,Financeiro,DBLCB_GruCliEnter,,cadastro,abrir/executar,strings executaveis,baixa-media,menu/caption extraido por string; exige validacao visual
,Financeiro,DBLCB_ResUsuario,,auth/permissao,abrir/executar,strings executaveis,baixa-media,menu/caption extraido por string; exige validacao visual
,Financeiro,DBLCB_ResUsuarioEnter,,auth/permissao,abrir/executar,strings executaveis,baixa-media,menu/caption extraido por string; exige validacao visual
,Financeiro,DBLCB_ResUsuarioExit,,auth/permissao,abrir/executar,strings executaveis,baixa-media,menu/caption extraido por string; exige validacao visual
,Financeiro,DBT_Clientes,,cadastro,abrir/executar,strings executaveis,baixa-media,menu/caption extraido por string; exige validacao visual
,Financeiro,DesAnota,,operacional/outro,abrir/executar,strings executaveis,baixa-media,menu/caption extraido por string; exige validacao visual
,Financeiro,Desativa-F2,,fiscal,abrir/executar,strings executaveis,baixa-media,menu/caption extraido por string; exige validacao visual
,Financeiro,Desativado,,fiscal,abrir/executar,strings executaveis,baixa-media,menu/caption extraido por string; exige validacao visual
,Financeiro,Desativar,,fiscal,abrir/executar,strings executaveis,baixa-media,menu/caption extraido por string; exige validacao visual
,Financeiro,Digite o motivo do cancelamento,,operacional/outro,excluir/cancelar,strings executaveis,baixa-media,menu/caption extraido por string; exige validacao visual
,Financeiro,Digite o Motivo do Desativamento,,fiscal,abrir/executar,strings executaveis,baixa-media,menu/caption extraido por string; exige validacao visual
,Financeiro,digo do cliente,,cadastro,abrir/executar,strings executaveis,baixa-media,menu/caption extraido por string; exige validacao visual
,Financeiro,digo do Grupo de Clientes,,auth/permissao,abrir/executar,strings executaveis,baixa-media,menu/caption extraido por string; exige validacao visual
,Financeiro,dollarinferior,,fiscal,abrir/executar,strings executaveis,baixa-media,menu/caption extraido por string; exige validacao visual
,Financeiro,DS_Cadastro,,cadastro,criar/cadastrar,strings executaveis,baixa-media,menu/caption extraido por string; exige validacao visual
,Financeiro,DS_Caixa,,financeiro/caixa,abrir/executar,strings executaveis,baixa-media,menu/caption extraido por string; exige validacao visual
,Financeiro,DS_CaixaP,,financeiro/caixa,abrir/executar,strings executaveis,baixa-media,menu/caption extraido por string; exige validacao visual
,Financeiro,DS_Cliente,,cadastro,abrir/executar,strings executaveis,baixa-media,menu/caption extraido por string; exige validacao visual
,Financeiro,DS_Clientes,,cadastro,abrir/executar,strings executaveis,baixa-media,menu/caption extraido por string; exige validacao visual
,Financeiro,DS_ClientesF5,,cadastro,abrir/executar,strings executaveis,baixa-media,menu/caption extraido por string; exige validacao visual
,Financeiro,DS_Usuarios,,auth/permissao,abrir/executar,strings executaveis,baixa-media,menu/caption extraido por string; exige validacao visual
,Financeiro,DS_Usuarios$,,auth/permissao,abrir/executar,strings executaveis,baixa-media,menu/caption extraido por string; exige validacao visual
,Financeiro,DS_Usuarios4,,auth/permissao,abrir/executar,strings executaveis,baixa-media,menu/caption extraido por string; exige validacao visual
,Financeiro,Dt.Cadastro,,cadastro,criar/cadastrar,strings executaveis,baixa-media,menu/caption extraido por string; exige validacao visual
,Financeiro,DtE_CadastroKeyPress,,cadastro,criar/cadastrar,strings executaveis,baixa-media,menu/caption extraido por string; exige validacao visual
,Financeiro,DTP_Cadastro,,cadastro,criar/cadastrar,strings executaveis,baixa-media,menu/caption extraido por string; exige validacao visual
,Financeiro,Ed_ClienteNota,,cadastro,abrir/executar,strings executaveis,baixa-media,menu/caption extraido por string; exige validacao visual
,Financeiro,ED_ININOTA,,operacional/outro,abrir/executar,strings executaveis,baixa-media,menu/caption extraido por string; exige validacao visual
,Financeiro,Ed_NomCliEnter,,cadastro,abrir/executar,strings executaveis,baixa-media,menu/caption extraido por string; exige validacao visual
,Financeiro,Ed_PrxCliente,,cadastro,abrir/executar,strings executaveis,baixa-media,menu/caption extraido por string; exige validacao visual
,Financeiro,Ed_Senha,,auth/permissao,abrir/executar,strings executaveis,baixa-media,menu/caption extraido por string; exige validacao visual
,Financeiro,Ed_SenhaEnter,,auth/permissao,abrir/executar,strings executaveis,baixa-media,menu/caption extraido por string; exige validacao visual
,Financeiro,Ed_SenhaExit,,auth/permissao,abrir/executar,strings executaveis,baixa-media,menu/caption extraido por string; exige validacao visual
,Financeiro,Ed_SenhaKeyPress,,auth/permissao,abrir/executar,strings executaveis,baixa-media,menu/caption extraido por string; exige validacao visual
,Financeiro,Ed_UsuSenhaSMTP,,auth/permissao,abrir/executar,strings executaveis,baixa-media,menu/caption extraido por string; exige validacao visual
,Financeiro,eightinferior,,fiscal,abrir/executar,strings executaveis,baixa-media,menu/caption extraido por string; exige validacao visual
,Financeiro,EnableMenuItem,,operacional/outro,abrir/executar,strings executaveis,baixa-media,menu/caption extraido por string; exige validacao visual
,Financeiro,ENTRADA NO SISTEMA - DIGITADA SENHA,,auth/permissao,criar/cadastrar,strings executaveis,baixa-media,menu/caption extraido por string; exige validacao visual
,Financeiro,ENTREGA,,lavanderia/rol,abrir/executar,strings executaveis,baixa-media,menu/caption extraido por string; exige validacao visual
,Financeiro,Equipe Relat,,relatorio/impressao,relatorio/imprimir,strings executaveis,baixa-media,menu/caption extraido por string; exige validacao visual
,Financeiro,es de Caixa Manual,,financeiro/caixa,abrir/executar,strings executaveis,baixa-media,menu/caption extraido por string; exige validacao visual
,Financeiro,es de Caixa x Obs Duplicata,,financeiro/caixa,abrir/executar,strings executaveis,baixa-media,menu/caption extraido por string; exige validacao visual
,Financeiro,Estorno do Cancelamento,,operacional/outro,excluir/cancelar,strings executaveis,baixa-media,menu/caption extraido por string; exige validacao visual
,Financeiro,Estorno do Cancelamento do Clientes Cod.:,,cadastro,excluir/cancelar,strings executaveis,baixa-media,menu/caption extraido por string; exige validacao visual
,Financeiro,Exportar Relat,,relatorio/impressao,relatorio/imprimir,strings executaveis,baixa-media,menu/caption extraido por string; exige validacao visual
,Financeiro,Exportar Texto...|Exporta o relat,,relatorio/impressao,relatorio/imprimir,strings executaveis,baixa-media,menu/caption extraido por string; exige validacao visual
,Financeiro,F_Senha,,auth/permissao,abrir/executar,strings executaveis,baixa-media,menu/caption extraido por string; exige validacao visual
,Financeiro,F9 - Senha,,auth/permissao,abrir/executar,strings executaveis,baixa-media,menu/caption extraido por string; exige validacao visual
,Financeiro,FC_DigSenha,,auth/permissao,abrir/executar,strings executaveis,baixa-media,menu/caption extraido por string; exige validacao visual
,Financeiro,Financeiro,,operacional/outro,abrir/executar,strings executaveis,baixa-media,menu/caption extraido por string; exige validacao visual
,Financeiro,Financeiro - Sistema Controle Financeiro,,lavanderia/rol,abrir/executar,strings executaveis,baixa-media,menu/caption extraido por string; exige validacao visual
,Financeiro,fiveinferior,,fiscal,abrir/executar,strings executaveis,baixa-media,menu/caption extraido por string; exige validacao visual
,Financeiro,fourinferior,,fiscal,abrir/executar,strings executaveis,baixa-media,menu/caption extraido por string; exige validacao visual
,Financeiro,FuncArgCancelBtnClick,,operacional/outro,excluir/cancelar,strings executaveis,baixa-media,menu/caption extraido por string; exige validacao visual
,Financeiro,FuncParamOkBtnClick,,operacional/outro,abrir/executar,strings executaveis,baixa-media,menu/caption extraido por string; exige validacao visual
,Financeiro,FunctionCancelBtnClick,,operacional/outro,excluir/cancelar,strings executaveis,baixa-media,menu/caption extraido por string; exige validacao visual
,Financeiro,GetMenuItemCount,,operacional/outro,abrir/executar,strings executaveis,baixa-media,menu/caption extraido por string; exige validacao visual
,Financeiro,GetMenuItemID,,operacional/outro,abrir/executar,strings executaveis,baixa-media,menu/caption extraido por string; exige validacao visual
,Financeiro,GetMenuItemInfoA,,operacional/outro,abrir/executar,strings executaveis,baixa-media,menu/caption extraido por string; exige validacao visual
,Financeiro,ginas do relat,,relatorio/impressao,relatorio/imprimir,strings executaveis,baixa-media,menu/caption extraido por string; exige validacao visual
,Financeiro,GravaConfigurao1Click,,operacional/outro,abrir/executar,strings executaveis,baixa-media,menu/caption extraido por string; exige validacao visual
,Financeiro,Gravar os Relat,,relatorio/impressao,relatorio/imprimir,strings executaveis,baixa-media,menu/caption extraido por string; exige validacao visual
,Financeiro,GruClientes,,cadastro,abrir/executar,strings executaveis,baixa-media,menu/caption extraido por string; exige validacao visual
,Financeiro,GruClientes.DB,,cadastro,abrir/executar,strings executaveis,baixa-media,menu/caption extraido por string; exige validacao visual
,Financeiro,GruClientes2,,cadastro,abrir/executar,strings executaveis,baixa-media,menu/caption extraido por string; exige validacao visual
,Financeiro,GruClientes2.DB,,cadastro,abrir/executar,strings executaveis,baixa-media,menu/caption extraido por string; exige validacao visual
,Financeiro,GruClientes3,,cadastro,abrir/executar,strings executaveis,baixa-media,menu/caption extraido por string; exige validacao visual
,Financeiro,GruClientes3.DB,,cadastro,abrir/executar,strings executaveis,baixa-media,menu/caption extraido por string; exige validacao visual
,Financeiro,GruClientes4,,cadastro,abrir/executar,strings executaveis,baixa-media,menu/caption extraido por string; exige validacao visual
,Financeiro,GruClientes4.DB,,cadastro,abrir/executar,strings executaveis,baixa-media,menu/caption extraido por string; exige validacao visual
,Financeiro,Grupo Clientes,,auth/permissao,abrir/executar,strings executaveis,baixa-media,menu/caption extraido por string; exige validacao visual
,Financeiro,Grupo de Cliente n,,auth/permissao,abrir/executar,strings executaveis,baixa-media,menu/caption extraido por string; exige validacao visual
,Financeiro,Grupo de Clientes,,auth/permissao,abrir/executar,strings executaveis,baixa-media,menu/caption extraido por string; exige validacao visual
,Financeiro,Grupo2 de Cliente n,,auth/permissao,abrir/executar,strings executaveis,baixa-media,menu/caption extraido por string; exige validacao visual
,Financeiro,Grupo3 de Cliente n,,auth/permissao,abrir/executar,strings executaveis,baixa-media,menu/caption extraido por string; exige validacao visual
,Financeiro,GruUsuario,,auth/permissao,abrir/executar,strings executaveis,baixa-media,menu/caption extraido por string; exige validacao visual
,Financeiro,HorAnota,,operacional/outro,abrir/executar,strings executaveis,baixa-media,menu/caption extraido por string; exige validacao visual
,Financeiro,hypheninferior,,fiscal,abrir/executar,strings executaveis,baixa-media,menu/caption extraido por string; exige validacao visual
,Financeiro,Im_Senha,,auth/permissao,abrir/executar,strings executaveis,baixa-media,menu/caption extraido por string; exige validacao visual
,Financeiro,Image_Clientes,,cadastro,abrir/executar,strings executaveis,baixa-media,menu/caption extraido por string; exige validacao visual
,Financeiro,ImpNotaFiltro,,operacional/outro,abrir/executar,strings executaveis,baixa-media,menu/caption extraido por string; exige validacao visual
,Financeiro,ImpNotaFiscal,,operacional/outro,abrir/executar,strings executaveis,baixa-media,menu/caption extraido por string; exige validacao visual
,Financeiro,Imprimir|Imprime o relat,,relatorio/impressao,relatorio/imprimir,strings executaveis,baixa-media,menu/caption extraido por string; exige validacao visual
,Financeiro,Informe o Nome do Cliente,,cadastro,abrir/executar,strings executaveis,baixa-media,menu/caption extraido por string; exige validacao visual
,Financeiro,Informe o Valor do Produto,,estoque/produto,abrir/executar,strings executaveis,baixa-media,menu/caption extraido por string; exige validacao visual
,Financeiro,iNomUsuario,,auth/permissao,abrir/executar,strings executaveis,baixa-media,menu/caption extraido por string; exige validacao visual
,Financeiro,InsertMenuItemA,,operacional/outro,abrir/executar,strings executaveis,baixa-media,menu/caption extraido por string; exige validacao visual
,Financeiro,InstrucoesCaixa,,financeiro/caixa,abrir/executar,strings executaveis,baixa-media,menu/caption extraido por string; exige validacao visual
,Financeiro,InstruesdeCaixa1,,financeiro/caixa,abrir/executar,strings executaveis,baixa-media,menu/caption extraido por string; exige validacao visual
,Financeiro,InstruesdeCaixa1Click,,financeiro/caixa,abrir/executar,strings executaveis,baixa-media,menu/caption extraido por string; exige validacao visual
,Financeiro,InstruesdeCaixa2,,financeiro/caixa,abrir/executar,strings executaveis,baixa-media,menu/caption extraido por string; exige validacao visual
,Financeiro,InstruesdeCaixa2Click,,financeiro/caixa,abrir/executar,strings executaveis,baixa-media,menu/caption extraido por string; exige validacao visual
,Financeiro,JANELA CADASTRO,,cadastro,criar/cadastrar,strings executaveis,baixa-media,menu/caption extraido por string; exige validacao visual
,Financeiro,Lb_Consulta,,operacional/outro,consultar,strings executaveis,baixa-media,menu/caption extraido por string; exige validacao visual
,Financeiro,Lb_Consulta\,,operacional/outro,consultar,strings executaveis,baixa-media,menu/caption extraido por string; exige validacao visual
,Financeiro,Lb_TitSenha,,auth/permissao,abrir/executar,strings executaveis,baixa-media,menu/caption extraido por string; exige validacao visual
,Financeiro,Magem Inferior C,,fiscal,abrir/executar,strings executaveis,baixa-media,menu/caption extraido por string; exige validacao visual
,Financeiro,MensagemPadroLanamento1Click,,lavanderia/rol,abrir/executar,strings executaveis,baixa-media,menu/caption extraido por string; exige validacao visual
,Financeiro,MenuItem,,operacional/outro,abrir/executar,strings executaveis,baixa-media,menu/caption extraido por string; exige validacao visual
,Financeiro,MenuItem1,,operacional/outro,abrir/executar,strings executaveis,baixa-media,menu/caption extraido por string; exige validacao visual
,Financeiro,MenuItem1$,,operacional/outro,abrir/executar,strings executaveis,baixa-media,menu/caption extraido por string; exige validacao visual
,Financeiro,MenuItem1T,,operacional/outro,abrir/executar,strings executaveis,baixa-media,menu/caption extraido por string; exige validacao visual
,Financeiro,Mm_Clientes,,cadastro,abrir/executar,strings executaveis,baixa-media,menu/caption extraido por string; exige validacao visual
,Financeiro,Modelo de cadastros,,cadastro,criar/cadastrar,strings executaveis,baixa-media,menu/caption extraido por string; exige validacao visual
,Financeiro,Modelo de Processamento de relat,,relatorio/impressao,relatorio/imprimir,strings executaveis,baixa-media,menu/caption extraido por string; exige validacao visual
,Financeiro,Modelo Relat,,relatorio/impressao,relatorio/imprimir,strings executaveis,baixa-media,menu/caption extraido por string; exige validacao visual
,Financeiro,Motivo do Cancelamento,,operacional/outro,excluir/cancelar,strings executaveis,baixa-media,menu/caption extraido por string; exige validacao visual
,Financeiro,MotivoDesat,,fiscal,abrir/executar,strings executaveis,baixa-media,menu/caption extraido por string; exige validacao visual
,Financeiro,NewCancelBtnClick,,operacional/outro,excluir/cancelar,strings executaveis,baixa-media,menu/caption extraido por string; exige validacao visual
,Financeiro,nineinferior,,fiscal,abrir/executar,strings executaveis,baixa-media,menu/caption extraido por string; exige validacao visual
,Financeiro,Nome do Cliente,,cadastro,abrir/executar,strings executaveis,baixa-media,menu/caption extraido por string; exige validacao visual
,Financeiro,Nome do Cliente (Primeiro Nome),,cadastro,abrir/executar,strings executaveis,baixa-media,menu/caption extraido por string; exige validacao visual
,Financeiro,NomUsuario,,auth/permissao,abrir/executar,strings executaveis,baixa-media,menu/caption extraido por string; exige validacao visual
,Financeiro,Nota Fiscal,,fiscal,abrir/executar,strings executaveis,baixa-media,menu/caption extraido por string; exige validacao visual
,Financeiro,NotaCliente,,cadastro,abrir/executar,strings executaveis,baixa-media,menu/caption extraido por string; exige validacao visual
,Financeiro,NOTAFISCAL,,operacional/outro,abrir/executar,strings executaveis,baixa-media,menu/caption extraido por string; exige validacao visual
,Financeiro,Notas,,operacional/outro,abrir/executar,strings executaveis,baixa-media,menu/caption extraido por string; exige validacao visual
,Financeiro,o Clientes,,cadastro,abrir/executar,strings executaveis,baixa-media,menu/caption extraido por string; exige validacao visual
,Financeiro,"o Confere, Tecle Enter para Continuar",,fiscal,abrir/executar,strings executaveis,baixa-media,menu/caption extraido por string; exige validacao visual
,Financeiro,o das Notas Fiscais,,operacional/outro,abrir/executar,strings executaveis,baixa-media,menu/caption extraido por string; exige validacao visual
,Financeiro,o de Caixa,,financeiro/caixa,abrir/executar,strings executaveis,baixa-media,menu/caption extraido por string; exige validacao visual
,Financeiro,o de Clientes,,cadastro,abrir/executar,strings executaveis,baixa-media,menu/caption extraido por string; exige validacao visual
,Financeiro,o de Relat,,relatorio/impressao,relatorio/imprimir,strings executaveis,baixa-media,menu/caption extraido por string; exige validacao visual
,Financeiro,o do Caixa,,financeiro/caixa,abrir/executar,strings executaveis,baixa-media,menu/caption extraido por string; exige validacao visual
,Financeiro,o do Cliente,,cadastro,abrir/executar,strings executaveis,baixa-media,menu/caption extraido por string; exige validacao visual
,Financeiro,o do produto?,,estoque/produto,abrir/executar,strings executaveis,baixa-media,menu/caption extraido por string; exige validacao visual
,Financeiro,o nota fiscal no LavSoft,,fiscal,abrir/executar,strings executaveis,baixa-media,menu/caption extraido por string; exige validacao visual
,Financeiro,o Social do Cliente,,cadastro,abrir/executar,strings executaveis,baixa-media,menu/caption extraido por string; exige validacao visual
,Financeiro,O Usuario,,auth/permissao,abrir/executar,strings executaveis,baixa-media,menu/caption extraido por string; exige validacao visual
,Financeiro,ObjectMenuItem,,operacional/outro,abrir/executar,strings executaveis,baixa-media,menu/caption extraido por string; exige validacao visual
,Financeiro,oneinferior,,fiscal,abrir/executar,strings executaveis,baixa-media,menu/caption extraido por string; exige validacao visual
,Gerenciador,)http://www.lavsoft.com.br/EnviaEntregaNew,,lavanderia/rol,sincronizar/atualizar,strings executaveis,baixa-media,menu/caption extraido por string; exige validacao visual
,Gerenciador,&http://www.lavsoft.com.br/EnviaEntrega,,lavanderia/rol,sincronizar/atualizar,strings executaveis,baixa-media,menu/caption extraido por string; exige validacao visual
,Gerenciador,add_EnviaEntregaCompleted,,lavanderia/rol,sincronizar/atualizar,strings executaveis,baixa-media,menu/caption extraido por string; exige validacao visual
,Gerenciador,add_EnviaEntregaNewCompleted,,lavanderia/rol,sincronizar/atualizar,strings executaveis,baixa-media,menu/caption extraido por string; exige validacao visual
,Gerenciador,btnCancel_Click,,operacional/outro,excluir/cancelar,strings executaveis,baixa-media,menu/caption extraido por string; exige validacao visual
,Gerenciador,btnCancelar_Click,,operacional/outro,excluir/cancelar,strings executaveis,baixa-media,menu/caption extraido por string; exige validacao visual
,Gerenciador,CompilationRelaxationsAttribute,,fiscal,abrir/executar,strings executaveis,baixa-media,menu/caption extraido por string; exige validacao visual
,Gerenciador,EnviaEntrega,,lavanderia/rol,sincronizar/atualizar,strings executaveis,baixa-media,menu/caption extraido por string; exige validacao visual
,Gerenciador,EnviaEntregaAsync,,lavanderia/rol,sincronizar/atualizar,strings executaveis,baixa-media,menu/caption extraido por string; exige validacao visual
,Gerenciador,EnviaEntregaCompletedEventArgs,,lavanderia/rol,sincronizar/atualizar,strings executaveis,baixa-media,menu/caption extraido por string; exige validacao visual
,Gerenciador,EnviaEntregaCompletedEventHandler,,lavanderia/rol,sincronizar/atualizar,strings executaveis,baixa-media,menu/caption extraido por string; exige validacao visual
,Gerenciador,EnviaEntregaNew,,lavanderia/rol,sincronizar/atualizar,strings executaveis,baixa-media,menu/caption extraido por string; exige validacao visual
,Gerenciador,EnviaEntregaNewAsync,,lavanderia/rol,sincronizar/atualizar,strings executaveis,baixa-media,menu/caption extraido por string; exige validacao visual
,Gerenciador,EnviaEntregaNewCompletedEventArgs,,lavanderia/rol,sincronizar/atualizar,strings executaveis,baixa-media,menu/caption extraido por string; exige validacao visual
,Gerenciador,EnviaEntregaNewCompletedEventHandler,,lavanderia/rol,sincronizar/atualizar,strings executaveis,baixa-media,menu/caption extraido por string; exige validacao visual
,Gerenciador,Gerenciador.wsAtuTabelas,,fiscal,abrir/executar,strings executaveis,baixa-media,menu/caption extraido por string; exige validacao visual
,Gerenciador,get_cbxSaturday,,fiscal,abrir/executar,strings executaveis,baixa-media,menu/caption extraido por string; exige validacao visual
,Gerenciador,get_Gerenciador_wsAtuTabelas_AtuTabelas,,fiscal,abrir/executar,strings executaveis,baixa-media,menu/caption extraido por string; exige validacao visual
,Gerenciador,get_minilavRecepcao,,operacional/outro,abrir/executar,strings executaveis,baixa-media,menu/caption extraido por string; exige validacao visual
,Gerenciador,get_tabelasRecepcao,,cadastro,abrir/executar,strings executaveis,baixa-media,menu/caption extraido por string; exige validacao visual
,Gerenciador,OnEnviaEntregaNewOperationCompleted,,lavanderia/rol,sincronizar/atualizar,strings executaveis,baixa-media,menu/caption extraido por string; exige validacao visual
,Gerenciador,OnEnviaEntregaOperationCompleted,,lavanderia/rol,sincronizar/atualizar,strings executaveis,baixa-media,menu/caption extraido por string; exige validacao visual
,Gerenciador,Recep,,operacional/outro,abrir/executar,strings executaveis,baixa-media,menu/caption extraido por string; exige validacao visual
,Gerenciador,remove_EnviaEntregaCompleted,,lavanderia/rol,sincronizar/atualizar,strings executaveis,baixa-media,menu/caption extraido por string; exige validacao visual
,Gerenciador,remove_EnviaEntregaNewCompleted,,lavanderia/rol,sincronizar/atualizar,strings executaveis,baixa-media,menu/caption extraido por string; exige validacao visual
,Gerenciador,rio ou senha inv,,auth/permissao,abrir/executar,strings executaveis,baixa-media,menu/caption extraido por string; exige validacao visual
,Gerenciador,Senha,,auth/permissao,abrir/executar,strings executaveis,baixa-media,menu/caption extraido por string; exige validacao visual
,Gerenciador,ToolStripMenuItem,,operacional/outro,abrir/executar,strings executaveis,baixa-media,menu/caption extraido por string; exige validacao visual
,Gerenciador,toolStripMenuItem1,,operacional/outro,abrir/executar,strings executaveis,baixa-media,menu/caption extraido por string; exige validacao visual
,Gerenciador,toolStripMenuItem2,,operacional/outro,abrir/executar,strings executaveis,baixa-media,menu/caption extraido por string; exige validacao visual
,Gerenciador,usuario,,auth/permissao,abrir/executar,strings executaveis,baixa-media,menu/caption extraido por string; exige validacao visual
,LavFacilLan,(NumNotAdi =,,operacional/outro,abrir/executar,strings executaveis,baixa-media,menu/caption extraido por string; exige validacao visual
,LavFacilLan,"M.NumNotAdi,",,operacional/outro,abrir/executar,strings executaveis,baixa-media,menu/caption extraido por string; exige validacao visual
,LavFacilLan,de Caixa,,financeiro/caixa,abrir/executar,strings executaveis,baixa-media,menu/caption extraido por string; exige validacao visual
,LavFacilLan,Conferencia,,fiscal,abrir/executar,strings executaveis,baixa-media,menu/caption extraido por string; exige validacao visual
,LavFacilLan,Notas N On (M.NumNot = N.NumNot) or (M.NumNotAdi = N.NumNot),,operacional/outro,abrir/executar,strings executaveis,baixa-media,menu/caption extraido por string; exige validacao visual
,LavFacilLan,< ENTREGA TOTAL >,,lavanderia/rol,abrir/executar,strings executaveis,baixa-media,menu/caption extraido por string; exige validacao visual
,LavFacilLan,Cliente:,,cadastro,abrir/executar,strings executaveis,baixa-media,menu/caption extraido por string; exige validacao visual
,LavFacilLan,Nota Rols FPG,,lavanderia/rol,abrir/executar,strings executaveis,baixa-media,menu/caption extraido por string; exige validacao visual
,LavFacilLan,Nota Rols-Tip FPG-T Vend.,,lavanderia/rol,abrir/executar,strings executaveis,baixa-media,menu/caption extraido por string; exige validacao visual
,LavFacilLan,- Atualiza Cadastro de Locais ...,,cadastro,criar/cadastrar,strings executaveis,baixa-media,menu/caption extraido por string; exige validacao visual
,LavFacilLan,- Cadastro de Locais ...,,cadastro,criar/cadastrar,strings executaveis,baixa-media,menu/caption extraido por string; exige validacao visual
,LavFacilLan,- Data do Cancelamento:,,operacional/outro,excluir/cancelar,strings executaveis,baixa-media,menu/caption extraido por string; exige validacao visual
,LavFacilLan,- GeraParcNotas -,,operacional/outro,abrir/executar,strings executaveis,baixa-media,menu/caption extraido por string; exige validacao visual
,LavFacilLan,- Usuario:,,auth/permissao,abrir/executar,strings executaveis,baixa-media,menu/caption extraido por string; exige validacao visual
,LavFacilLan,-> Procura Cliente,,cadastro,consultar,strings executaveis,baixa-media,menu/caption extraido por string; exige validacao visual
,LavFacilLan,-> Rol ou Cliente n,,lavanderia/rol,abrir/executar,strings executaveis,baixa-media,menu/caption extraido por string; exige validacao visual
,LavFacilLan,... - Verificando estoque,,estoque/produto,abrir/executar,strings executaveis,baixa-media,menu/caption extraido por string; exige validacao visual
,LavFacilLan,****** CLIENTE DESATIVADO ******,,fiscal,abrir/executar,strings executaveis,baixa-media,menu/caption extraido por string; exige validacao visual
,LavFacilLan,|Grupo em que pertence o cliente,,auth/permissao,abrir/executar,strings executaveis,baixa-media,menu/caption extraido por string; exige validacao visual
,LavFacilLan,Agrupam.: Bairro do Cliente |,,cadastro,abrir/executar,strings executaveis,baixa-media,menu/caption extraido por string; exige validacao visual
,LavFacilLan,Agrupam.: Cliente |,,cadastro,abrir/executar,strings executaveis,baixa-media,menu/caption extraido por string; exige validacao visual
,LavFacilLan,Agrupam.: Data entrega |,,lavanderia/rol,abrir/executar,strings executaveis,baixa-media,menu/caption extraido por string; exige validacao visual
,LavFacilLan,Agrupam.: Entrega prev. |,,lavanderia/rol,abrir/executar,strings executaveis,baixa-media,menu/caption extraido por string; exige validacao visual
,LavFacilLan,Agrupam.: Tipo de Nota |,,operacional/outro,abrir/executar,strings executaveis,baixa-media,menu/caption extraido por string; exige validacao visual
,LavFacilLan,"and M.CodUsuario=""",,auth/permissao,abrir/executar,strings executaveis,baixa-media,menu/caption extraido por string; exige validacao visual
,LavFacilLan,"and N.CodUsuario=""",,auth/permissao,abrir/executar,strings executaveis,baixa-media,menu/caption extraido por string; exige validacao visual
,LavFacilLan,"and N.TipNota=""",,operacional/outro,abrir/executar,strings executaveis,baixa-media,menu/caption extraido por string; exige validacao visual
,LavFacilLan,"And ((Desativado is Null) or (Desativado=""N""))",,fiscal,abrir/executar,strings executaveis,baixa-media,menu/caption extraido por string; exige validacao visual
,LavFacilLan,"And (CodUsuario=""",,auth/permissao,abrir/executar,strings executaveis,baixa-media,menu/caption extraido por string; exige validacao visual
,LavFacilLan,"b.RDB$TYPE_NAME IN ('RELATION', 'VIEW',",,relatorio/impressao,relatorio/imprimir,strings executaveis,baixa-media,menu/caption extraido por string; exige validacao visual
,LavFacilLan,baixada na Nota N,,estoque/produto,processar/fechar,strings executaveis,baixa-media,menu/caption extraido por string; exige validacao visual
,LavFacilLan,baixada no financeiro,,estoque/produto,processar/fechar,strings executaveis,baixa-media,menu/caption extraido por string; exige validacao visual
,LavFacilLan,baixado na nota N,,estoque/produto,processar/fechar,strings executaveis,baixa-media,menu/caption extraido por string; exige validacao visual
,LavFacilLan,cadastrado em outro cliente.,,cadastro,abrir/executar,strings executaveis,baixa-media,menu/caption extraido por string; exige validacao visual
,LavFacilLan,Cadastros foram ajustados,,cadastro,criar/cadastrar,strings executaveis,baixa-media,menu/caption extraido por string; exige validacao visual
,LavFacilLan,CFDestravaImpressoraFiscal1Click,,relatorio/impressao,relatorio/imprimir,strings executaveis,baixa-media,menu/caption extraido por string; exige validacao visual
,LavFacilLan,Cliente.:,,cadastro,abrir/executar,strings executaveis,baixa-media,menu/caption extraido por string; exige validacao visual
,LavFacilLan,clientes.,,cadastro,abrir/executar,strings executaveis,baixa-media,menu/caption extraido por string; exige validacao visual
,LavFacilLan,CodUsuario= ',,auth/permissao,abrir/executar,strings executaveis,baixa-media,menu/caption extraido por string; exige validacao visual
,LavFacilLan,CodUsuario=',,auth/permissao,abrir/executar,strings executaveis,baixa-media,menu/caption extraido por string; exige validacao visual
,LavFacilLan,colocar em estoque...,,estoque/produto,abrir/executar,strings executaveis,baixa-media,menu/caption extraido por string; exige validacao visual
,LavFacilLan,CONTROLE DE ENTREGA,,lavanderia/rol,abrir/executar,strings executaveis,baixa-media,menu/caption extraido por string; exige validacao visual
,LavFacilLan,creditado em seu cadastro o valor de R$,,cadastro,criar/cadastrar,strings executaveis,baixa-media,menu/caption extraido por string; exige validacao visual
,LavFacilLan,da Nota:,,operacional/outro,abrir/executar,strings executaveis,baixa-media,menu/caption extraido por string; exige validacao visual
,LavFacilLan,deseja imprimir o relat,,relatorio/impressao,relatorio/imprimir,strings executaveis,baixa-media,menu/caption extraido por string; exige validacao visual
,LavFacilLan,diferente do cadastro,,cadastro,criar/cadastrar,strings executaveis,baixa-media,menu/caption extraido por string; exige validacao visual
,LavFacilLan,do cadastro de clientes todos os e-mails relacionados no arquivo,,cadastro,criar/cadastrar,strings executaveis,baixa-media,menu/caption extraido por string; exige validacao visual
,LavFacilLan,Em Estoque |,,estoque/produto,abrir/executar,strings executaveis,baixa-media,menu/caption extraido por string; exige validacao visual
,LavFacilLan,em estoque.,,estoque/produto,abrir/executar,strings executaveis,baixa-media,menu/caption extraido por string; exige validacao visual
,LavFacilLan,emitido nota - N,,operacional/outro,abrir/executar,strings executaveis,baixa-media,menu/caption extraido por string; exige validacao visual
,LavFacilLan,emitido pela Entrega das Pe,,lavanderia/rol,abrir/executar,strings executaveis,baixa-media,menu/caption extraido por string; exige validacao visual
,LavFacilLan,ENTREGAS DO DIA,,lavanderia/rol,abrir/executar,strings executaveis,baixa-media,menu/caption extraido por string; exige validacao visual
,LavFacilLan,"esta em Estoque, Opera",,estoque/produto,abrir/executar,strings executaveis,baixa-media,menu/caption extraido por string; exige validacao visual
,LavFacilLan,excede o valor do produto.,,estoque/produto,abrir/executar,strings executaveis,baixa-media,menu/caption extraido por string; exige validacao visual
,LavFacilLan,FINANCEIRO,,operacional/outro,abrir/executar,strings executaveis,baixa-media,menu/caption extraido por string; exige validacao visual
,LavFacilLan,Fixada (Nota Fiscal),,fiscal,abrir/executar,strings executaveis,baixa-media,menu/caption extraido por string; exige validacao visual
,LavFacilLan,foi baixado na nota,,estoque/produto,processar/fechar,strings executaveis,baixa-media,menu/caption extraido por string; exige validacao visual
,LavFacilLan,foi emitida uma Nota para este Rol.,,lavanderia/rol,abrir/executar,strings executaveis,baixa-media,menu/caption extraido por string; exige validacao visual
,LavFacilLan,"foi Entregue, Utilize o F7 para Voltar ao Estoque",,estoque/produto,abrir/executar,strings executaveis,baixa-media,menu/caption extraido por string; exige validacao visual
,LavFacilLan,Grupo de produtos (nome do gupo),,auth/permissao,abrir/executar,strings executaveis,baixa-media,menu/caption extraido por string; exige validacao visual
,LavFacilLan,"I.RDB$INDEX_NAME, I.RDB$RELATION_NAME, I.RDB$UNIQUE_FLAG,",,relatorio/impressao,relatorio/imprimir,strings executaveis,baixa-media,menu/caption extraido por string; exige validacao visual
,LavFacilLan,I.RDB$RELATION_NAME = ',,relatorio/impressao,relatorio/imprimir,strings executaveis,baixa-media,menu/caption extraido por string; exige validacao visual
,LavFacilLan,imprimir a nota mesmo assim,,operacional/outro,abrir/executar,strings executaveis,baixa-media,menu/caption extraido por string; exige validacao visual
,LavFacilLan,inferior ao hor,,fiscal,abrir/executar,strings executaveis,baixa-media,menu/caption extraido por string; exige validacao visual
,LavFacilLan,INTERVALO DE NOTAS (Faturamento),,financeiro/caixa,abrir/executar,strings executaveis,baixa-media,menu/caption extraido por string; exige validacao visual
,LavFacilLan,marcada em estoque,,estoque/produto,abrir/executar,strings executaveis,baixa-media,menu/caption extraido por string; exige validacao visual
,LavFacilLan,MensagemPrFixadaNotaFiscal1Click,,operacional/outro,abrir/executar,strings executaveis,baixa-media,menu/caption extraido por string; exige validacao visual
,LavFacilLan,N.TipNota,,operacional/outro,abrir/executar,strings executaveis,baixa-media,menu/caption extraido por string; exige validacao visual
,LavFacilLan,necessario ajustar os seguintes campos do cadastro do cliente:,,cadastro,criar/cadastrar,strings executaveis,baixa-media,menu/caption extraido por string; exige validacao visual
,LavFacilLan,NFENotafiscaleletrnicadeservios1,,fiscal,abrir/executar,strings executaveis,baixa-media,menu/caption extraido por string; exige validacao visual
,LavFacilLan,Nome Cliente;,,cadastro,abrir/executar,strings executaveis,baixa-media,menu/caption extraido por string; exige validacao visual
,LavFacilLan,Nota,,operacional/outro,abrir/executar,strings executaveis,baixa-media,menu/caption extraido por string; exige validacao visual
,LavFacilLan,NOTA:,,operacional/outro,abrir/executar,strings executaveis,baixa-media,menu/caption extraido por string; exige validacao visual
,LavFacilLan,NumNotAdi=,,operacional/outro,abrir/executar,strings executaveis,baixa-media,menu/caption extraido por string; exige validacao visual
,LavFacilLan,NumNotAdi=',,operacional/outro,abrir/executar,strings executaveis,baixa-media,menu/caption extraido por string; exige validacao visual
,LavFacilLan,o CPF do cliente!,,cadastro,abrir/executar,strings executaveis,baixa-media,menu/caption extraido por string; exige validacao visual
,LavFacilLan,Ordem: Produto,,estoque/produto,abrir/executar,strings executaveis,baixa-media,menu/caption extraido por string; exige validacao visual
,LavFacilLan,"ORDER BY a.RDB$RELATION_NAME, a.RDB$FIELD_POSITION",,relatorio/impressao,relatorio/imprimir,strings executaveis,baixa-media,menu/caption extraido por string; exige validacao visual
,LavFacilLan,"ORDER BY a.RDB$RELATION_NAME, a.RDB$PRIVILEGE",,relatorio/impressao,relatorio/imprimir,strings executaveis,baixa-media,menu/caption extraido por string; exige validacao visual
,LavFacilLan,"ORDER BY a.RDB$RELATION_NAME, b.RDB$FIELD_NAME",,relatorio/impressao,relatorio/imprimir,strings executaveis,baixa-media,menu/caption extraido por string; exige validacao visual
,LavFacilLan,Order By NomUsuario,,auth/permissao,abrir/executar,strings executaveis,baixa-media,menu/caption extraido por string; exige validacao visual
,LavFacilLan,"ORDER BY RC_FOR.RDB$RELATION_NAME, IS_FOR.RDB$FIELD_POSITION",,relatorio/impressao,relatorio/imprimir,strings executaveis,baixa-media,menu/caption extraido por string; exige validacao visual
,LavFacilLan,"ORDER BY RELC_PRIM.RDB$RELATION_NAME, IS_FOR.RDB$FIELD_POSITION",,relatorio/impressao,relatorio/imprimir,strings executaveis,baixa-media,menu/caption extraido por string; exige validacao visual
,LavFacilLan,Pagar - Estoque,,estoque/produto,abrir/executar,strings executaveis,baixa-media,menu/caption extraido por string; exige validacao visual
,LavFacilLan,Pagar - Estoque/Produ,,estoque/produto,abrir/executar,strings executaveis,baixa-media,menu/caption extraido por string; exige validacao visual
,LavFacilLan,Pagar Estoque,,estoque/produto,abrir/executar,strings executaveis,baixa-media,menu/caption extraido por string; exige validacao visual
,LavFacilLan,Pago e o Cancelamento do Adiantamento s,,operacional/outro,excluir/cancelar,strings executaveis,baixa-media,menu/caption extraido por string; exige validacao visual
,LavFacilLan,Pago e o Cancelamento do Pagamento s,,financeiro/caixa,excluir/cancelar,strings executaveis,baixa-media,menu/caption extraido por string; exige validacao visual
,LavFacilLan,Pergunta antes de marcar Entrega,,lavanderia/rol,abrir/executar,strings executaveis,baixa-media,menu/caption extraido por string; exige validacao visual
,LavFacilLan,pode ser efetuado no Dia do Cancelamento,,operacional/outro,excluir/cancelar,strings executaveis,baixa-media,menu/caption extraido por string; exige validacao visual
,LavFacilLan,pode ser feito o cancelamento com permiss,,auth/permissao,excluir/cancelar,strings executaveis,baixa-media,menu/caption extraido por string; exige validacao visual
,LavFacilLan,preenchido. Utilize a consulta de Munic,,operacional/outro,consultar,strings executaveis,baixa-media,menu/caption extraido por string; exige validacao visual
,LavFacilLan,Prod. e Estoque |,,estoque/produto,abrir/executar,strings executaveis,baixa-media,menu/caption extraido por string; exige validacao visual
,LavFacilLan,Produto:,,estoque/produto,abrir/executar,strings executaveis,baixa-media,menu/caption extraido por string; exige validacao visual
,LavFacilLan,PRODUTOS,,estoque/produto,abrir/executar,strings executaveis,baixa-media,menu/caption extraido por string; exige validacao visual
,LavFacilLan,Recep,,operacional/outro,abrir/executar,strings executaveis,baixa-media,menu/caption extraido por string; exige validacao visual
,LavFacilLan,Rols em Estoque,,estoque/produto,abrir/executar,strings executaveis,baixa-media,menu/caption extraido por string; exige validacao visual
,LavFacilLan,Rols em Estoque e Producao,,estoque/produto,abrir/executar,strings executaveis,baixa-media,menu/caption extraido por string; exige validacao visual
,LavFacilLan,SB_ImportaClienteFidelidadeClick,,cadastro,abrir/executar,strings executaveis,baixa-media,menu/caption extraido por string; exige validacao visual
,LavFacilLan,"selecionada, deseja cancelar a Entrega?",,lavanderia/rol,excluir/cancelar,strings executaveis,baixa-media,menu/caption extraido por string; exige validacao visual
,LavFacilLan,"SELECT a.RDB$RELATION_NAME, a.RDB$FIELD_NAME, a.RDB$FIELD_POSITION, a.RDB$NULL_FLAG, a.RDB$DEFAULT_VALUE, b. RDB$FIELD_LENGTH, b.RDB$FIELD_SCALE, c.RDB$TYPE_NAME, b.RDB$FIELD_TYPE, b.RDB$FIELD_SUB_TYPE, b.RDB$DESCRIPTION, b.RDB$CHARACTER_LE",,relatorio/impressao,relatorio/imprimir,strings executaveis,baixa-media,menu/caption extraido por string; exige validacao visual
,LavFacilLan,"SELECT I.RDB$RELATION_NAME, I.RDB$UNIQUE_FLAG, I.RDB$INDEX_NAME, ISGMT.RDB$FIELD_POSITION,",,relatorio/impressao,relatorio/imprimir,strings executaveis,baixa-media,menu/caption extraido por string; exige validacao visual
,LavFacilLan,"SELECT null as TABLE_CAT, null as TABLE_SCHEM, a.RDB$RELATION_NAME as TABLE_NAME, b.RDB$FIELD_NAME as COLUMN_NAME, b.RDB$FIELD_POSITION+1 as KEY_SEQ, a.RDB$INDEX_NAME as PK_NAME FROM RDB$RELATION_CONSTRAINTS a JOIN RDB$INDEX_SEGMENTS b ON (",,relatorio/impressao,relatorio/imprimir,strings executaveis,baixa-media,menu/caption extraido por string; exige validacao visual
,LavFacilLan,"SELECT RC_PRIM.RDB$RELATION_NAME, IS_PRIM.RDB$FIELD_NAME, RC_FOR.RDB$RELATION_NAME, IS_FOR.RDB$FIELD_NAME, IS_FOR.RDB$FIELD_POSITION, REFC_PRIM.RDB$UPDATE_RULE, REFC_PRIM.RDB$DELETE_RULE, RC_FOR.RDB$CONSTRAINT_NAME, RC_PRIM.RDB$CONSTRAINT_N",,relatorio/impressao,relatorio/imprimir,strings executaveis,baixa-media,menu/caption extraido por string; exige validacao visual
,LavFacilLan,tem Cliente,,cadastro,abrir/executar,strings executaveis,baixa-media,menu/caption extraido por string; exige validacao visual
,LavFacilLan,"TipNota='A',",,operacional/outro,abrir/executar,strings executaveis,baixa-media,menu/caption extraido por string; exige validacao visual
,LavFacilLan,"TipNota='B',",,operacional/outro,abrir/executar,strings executaveis,baixa-media,menu/caption extraido por string; exige validacao visual
,LavFacilLan,"WHERE (not Desativado = ""S"") And (",,fiscal,abrir/executar,strings executaveis,baixa-media,menu/caption extraido por string; exige validacao visual
,LavFacilLan,"- ""c:\EquipExe\Ger\Dados\Clientes"" C,",,cadastro,abrir/executar,strings executaveis,baixa-media,menu/caption extraido por string; exige validacao visual
,LavFacilLan,- Cancelamento de:,,operacional/outro,excluir/cancelar,strings executaveis,baixa-media,menu/caption extraido por string; exige validacao visual
,LavFacilLan,- Produto:,,estoque/produto,abrir/executar,strings executaveis,baixa-media,menu/caption extraido por string; exige validacao visual
,LavFacilLan,-2a Ord.: Cliente,,cadastro,abrir/executar,strings executaveis,baixa-media,menu/caption extraido por string; exige validacao visual
,LavFacilLan,-2a Ord.: Entrega Prev.,,lavanderia/rol,abrir/executar,strings executaveis,baixa-media,menu/caption extraido por string; exige validacao visual
,LavFacilLan,-2a Ord.: Entrega Real.,,lavanderia/rol,abrir/executar,strings executaveis,baixa-media,menu/caption extraido por string; exige validacao visual
,LavFacilLan,-Agrup.: Cliente,,cadastro,abrir/executar,strings executaveis,baixa-media,menu/caption extraido por string; exige validacao visual
,LavFacilLan,-Agrup.: Entrega Prev.,,lavanderia/rol,abrir/executar,strings executaveis,baixa-media,menu/caption extraido por string; exige validacao visual
,LavFacilLan,-Agrup.: Entrega Real.,,lavanderia/rol,abrir/executar,strings executaveis,baixa-media,menu/caption extraido por string; exige validacao visual
,LavFacilLan,-AtuPontosProducao - Produto: (,,estoque/produto,abrir/executar,strings executaveis,baixa-media,menu/caption extraido por string; exige validacao visual
,LavFacilLan,-Calculando Clientes Novos ...,,cadastro,criar/cadastrar,strings executaveis,baixa-media,menu/caption extraido por string; exige validacao visual
,LavFacilLan,-Carregando Array Qde. em estoque. Produto Estoque:,,estoque/produto,abrir/executar,strings executaveis,baixa-media,menu/caption extraido por string; exige validacao visual
,LavFacilLan,-Centro Custo Cliente,,cadastro,abrir/executar,strings executaveis,baixa-media,menu/caption extraido por string; exige validacao visual
,LavFacilLan,-Cliente,,cadastro,abrir/executar,strings executaveis,baixa-media,menu/caption extraido por string; exige validacao visual
,LavFacilLan,-Cliente:,,cadastro,abrir/executar,strings executaveis,baixa-media,menu/caption extraido por string; exige validacao visual
,LavFacilLan,-EParserDuplicate_Notation_On_Element_Type_Err,,financeiro/caixa,abrir/executar,strings executaveis,baixa-media,menu/caption extraido por string; exige validacao visual
,LavFacilLan,-Exclui GravaProLim - Produto: (,,estoque/produto,excluir/cancelar,strings executaveis,baixa-media,menu/caption extraido por string; exige validacao visual
,LavFacilLan,-Exclui GravaSerDef - Produto: (,,estoque/produto,excluir/cancelar,strings executaveis,baixa-media,menu/caption extraido por string; exige validacao visual
,LavFacilLan,-Exclui Itens MovTerPec - Produto: (,,estoque/produto,excluir/cancelar,strings executaveis,baixa-media,menu/caption extraido por string; exige validacao visual
,LavFacilLan,-Exclui Saldo Entrada - Produto: (,,estoque/produto,criar/cadastrar,strings executaveis,baixa-media,menu/caption extraido por string; exige validacao visual
,LavFacilLan,-Fixada ( Nota Fiscal ),,fiscal,abrir/executar,strings executaveis,baixa-media,menu/caption extraido por string; exige validacao visual
,LavFacilLan,-Gera Caixa,,financeiro/caixa,abrir/executar,strings executaveis,baixa-media,menu/caption extraido por string; exige validacao visual
,LavFacilLan,-Gravando Adiantamento - Ajusta NumNotAdi ...,,operacional/outro,abrir/executar,strings executaveis,baixa-media,menu/caption extraido por string; exige validacao visual
,LavFacilLan,-Gravando Adiantamento - Gerando Notas ...,,operacional/outro,abrir/executar,strings executaveis,baixa-media,menu/caption extraido por string; exige validacao visual
,LavFacilLan,-Grupo Cliente,,auth/permissao,abrir/executar,strings executaveis,baixa-media,menu/caption extraido por string; exige validacao visual
,LavFacilLan,-Grupo Produto:,,auth/permissao,abrir/executar,strings executaveis,baixa-media,menu/caption extraido por string; exige validacao visual
,LavFacilLan,-LeGravaMovItemTin - Produto: (,,estoque/produto,abrir/executar,strings executaveis,baixa-media,menu/caption extraido por string; exige validacao visual
,LavFacilLan,-Montando Estoque M,,estoque/produto,abrir/executar,strings executaveis,baixa-media,menu/caption extraido por string; exige validacao visual
,LavFacilLan,-Movimento de Estoque - Estoque:,,estoque/produto,abrir/executar,strings executaveis,baixa-media,menu/caption extraido por string; exige validacao visual
,LavFacilLan,-Nota Fiscal: Com Notas,,fiscal,abrir/executar,strings executaveis,baixa-media,menu/caption extraido por string; exige validacao visual
,LavFacilLan,-Nota Fiscal: Sem Notas,,fiscal,abrir/executar,strings executaveis,baixa-media,menu/caption extraido por string; exige validacao visual
,LavFacilLan,-Posicao: Estoque,,estoque/produto,abrir/executar,strings executaveis,baixa-media,menu/caption extraido por string; exige validacao visual
,LavFacilLan,-Posiciona Registros de Notas ...,,operacional/outro,abrir/executar,strings executaveis,baixa-media,menu/caption extraido por string; exige validacao visual
,LavFacilLan,-Preparando gravar os produtos...,,estoque/produto,abrir/executar,strings executaveis,baixa-media,menu/caption extraido por string; exige validacao visual
,LavFacilLan,-Tipo Nota.:,,operacional/outro,abrir/executar,strings executaveis,baixa-media,menu/caption extraido por string; exige validacao visual
,LavFacilLan,-Verificando Nota:,,operacional/outro,abrir/executar,strings executaveis,baixa-media,menu/caption extraido por string; exige validacao visual
,LavFacilLan,", ""c:\EquipExe\Ger\Dados\Clientes"" C",,cadastro,abrir/executar,strings executaveis,baixa-media,menu/caption extraido por string; exige validacao visual
,LavFacilLan,", NomCli,CodCli, Roteiro,FisJur,CodEmpree,GruCli,GruCli2,GruCli3,GruCli4,Desativado",,fiscal,abrir/executar,strings executaveis,baixa-media,menu/caption extraido por string; exige validacao visual
,LavFacilLan,", NumNotAdi=0",,operacional/outro,abrir/executar,strings executaveis,baixa-media,menu/caption extraido por string; exige validacao visual
,LavFacilLan,:\EquipExe\EquSat,,fiscal,abrir/executar,strings executaveis,baixa-media,menu/caption extraido por string; exige validacao visual
,LavFacilLan,:\EquipExe\EquSat.Ini,,fiscal,abrir/executar,strings executaveis,baixa-media,menu/caption extraido por string; exige validacao visual
,LavFacilLan,:\EquipExe\Exe\Anotacoes.Exe,,operacional/outro,abrir/executar,strings executaveis,baixa-media,menu/caption extraido por string; exige validacao visual
,LavFacilLan,:\Equipexe\Exe\NFE.Exe,,fiscal,abrir/executar,strings executaveis,baixa-media,menu/caption extraido por string; exige validacao visual
,LavFacilLan,:\EquipExe\Exe\Senhas.Exe,,auth/permissao,abrir/executar,strings executaveis,baixa-media,menu/caption extraido por string; exige validacao visual
,LavFacilLan,:\Equipexe\Figuras\FechamentoCaixa.bmp,,financeiro/caixa,processar/fechar,strings executaveis,baixa-media,menu/caption extraido por string; exige validacao visual
,LavFacilLan,:\Equipexe\Figuras\FechamentoCaixa1024.bmp,,financeiro/caixa,processar/fechar,strings executaveis,baixa-media,menu/caption extraido por string; exige validacao visual
,LavFacilLan,:\EquipExe\Sat\Filial,,fiscal,abrir/executar,strings executaveis,baixa-media,menu/caption extraido por string; exige validacao visual
,LavFacilLan,":Clientes""",,cadastro,abrir/executar,strings executaveis,baixa-media,menu/caption extraido por string; exige validacao visual
,LavFacilLan,":Clientes"" C",,cadastro,abrir/executar,strings executaveis,baixa-media,menu/caption extraido por string; exige validacao visual
,LavFacilLan,":Clientes"" CL",,cadastro,abrir/executar,strings executaveis,baixa-media,menu/caption extraido por string; exige validacao visual
,LavFacilLan,":Clientes"" C,",,cadastro,abrir/executar,strings executaveis,baixa-media,menu/caption extraido por string; exige validacao visual
,LavFacilLan,":Clientes"" Where (",,cadastro,abrir/executar,strings executaveis,baixa-media,menu/caption extraido por string; exige validacao visual
,LavFacilLan,":Notas""",,operacional/outro,abrir/executar,strings executaveis,baixa-media,menu/caption extraido por string; exige validacao visual
,LavFacilLan,":Notas"" N,",,operacional/outro,abrir/executar,strings executaveis,baixa-media,menu/caption extraido por string; exige validacao visual
,LavFacilLan,!Importar Dados Cliente Fidelidade,,cadastro,abrir/executar,strings executaveis,baixa-media,menu/caption extraido por string; exige validacao visual
,LavFacilLan,!Marcar para Entrega Todos os Rols,,lavanderia/rol,abrir/executar,strings executaveis,baixa-media,menu/caption extraido por string; exige validacao visual
,LavFacilLan,"'from ""c:\EquipExe\Lav\Filial\Notas""N,",,operacional/outro,abrir/executar,strings executaveis,baixa-media,menu/caption extraido por string; exige validacao visual
,LavFacilLan,"""Cancelamento de Notas (&Intervalo)",,operacional/outro,excluir/cancelar,strings executaveis,baixa-media,menu/caption extraido por string; exige validacao visual
,LavFacilLan,"""CancelamentodeNotasIntervalo1Click",,operacional/outro,excluir/cancelar,strings executaveis,baixa-media,menu/caption extraido por string; exige validacao visual
,LavFacilLan,"""CancelamentodoUltimoEncerramCaixa1l",,financeiro/caixa,excluir/cancelar,strings executaveis,baixa-media,menu/caption extraido por string; exige validacao visual
,LavFacilLan,"""Clientes"" C",,cadastro,abrir/executar,strings executaveis,baixa-media,menu/caption extraido por string; exige validacao visual
,LavFacilLan,"""EParserDuplicate_Notation_Decl_Err",,financeiro/caixa,abrir/executar,strings executaveis,baixa-media,menu/caption extraido por string; exige validacao visual
,LavFacilLan,(****) Se no cadastro do cliente n,,cadastro,criar/cadastrar,strings executaveis,baixa-media,menu/caption extraido por string; exige validacao visual
,LavSoft,&Cancelamentos,,operacional/outro,excluir/cancelar,strings executaveis,baixa-media,menu/caption extraido por string; exige validacao visual
,LavSoft,"M.NumNotAdi,",,operacional/outro,abrir/executar,strings executaveis,baixa-media,menu/caption extraido por string; exige validacao visual
,LavSoft,de Caixa,,financeiro/caixa,abrir/executar,strings executaveis,baixa-media,menu/caption extraido por string; exige validacao visual
,LavSoft,Conferencia,,fiscal,abrir/executar,strings executaveis,baixa-media,menu/caption extraido por string; exige validacao visual
,LavSoft,- Controla pelo Cliente,,lavanderia/rol,abrir/executar,strings executaveis,baixa-media,menu/caption extraido por string; exige validacao visual
,LavSoft,< ENTREGA TOTAL >,,lavanderia/rol,abrir/executar,strings executaveis,baixa-media,menu/caption extraido por string; exige validacao visual
,LavSoft,Nota Rols FPG,,lavanderia/rol,abrir/executar,strings executaveis,baixa-media,menu/caption extraido por string; exige validacao visual
,LavSoft,Nota Rols-Tip FPG-T Vend.,,lavanderia/rol,abrir/executar,strings executaveis,baixa-media,menu/caption extraido por string; exige validacao visual
,LavSoft,- Cadastro de:,,cadastro,criar/cadastrar,strings executaveis,baixa-media,menu/caption extraido por string; exige validacao visual
,LavSoft,- Cliente,,cadastro,abrir/executar,strings executaveis,baixa-media,menu/caption extraido por string; exige validacao visual
,LavSoft,- Conferente:,,fiscal,abrir/executar,strings executaveis,baixa-media,menu/caption extraido por string; exige validacao visual
,LavSoft,- DIGITADA SENHA,,auth/permissao,abrir/executar,strings executaveis,baixa-media,menu/caption extraido por string; exige validacao visual
,LavSoft,- Grupo Cliente:,,auth/permissao,abrir/executar,strings executaveis,baixa-media,menu/caption extraido por string; exige validacao visual
,LavSoft,- Ordenado por Cliente,,cadastro,abrir/executar,strings executaveis,baixa-media,menu/caption extraido por string; exige validacao visual
,LavSoft,- Tipo Rel. Grupo de Produto,,auth/permissao,abrir/executar,strings executaveis,baixa-media,menu/caption extraido por string; exige validacao visual
,LavSoft,"- use o Cancelamento do Pagamento, Tecle Enter para Continuar",,financeiro/caixa,excluir/cancelar,strings executaveis,baixa-media,menu/caption extraido por string; exige validacao visual
,LavSoft,... - Verificando estoque,,estoque/produto,abrir/executar,strings executaveis,baixa-media,menu/caption extraido por string; exige validacao visual
,LavSoft,( ** ) Produto tabela diferente,,estoque/produto,abrir/executar,strings executaveis,baixa-media,menu/caption extraido por string; exige validacao visual
,LavSoft,****** CLIENTE DESATIVADO ******,,fiscal,abrir/executar,strings executaveis,baixa-media,menu/caption extraido por string; exige validacao visual
,LavSoft,&Relat,,relatorio/impressao,relatorio/imprimir,strings executaveis,baixa-media,menu/caption extraido por string; exige validacao visual
,LavSoft,|Grupo em que pertence o cliente,,auth/permissao,abrir/executar,strings executaveis,baixa-media,menu/caption extraido por string; exige validacao visual
,LavSoft,1-Grupo Cliente:,,auth/permissao,abrir/executar,strings executaveis,baixa-media,menu/caption extraido por string; exige validacao visual
,LavSoft,2-Grupo Cliente:,,auth/permissao,abrir/executar,strings executaveis,baixa-media,menu/caption extraido por string; exige validacao visual
,LavSoft,3-Grupo Cliente:,,auth/permissao,abrir/executar,strings executaveis,baixa-media,menu/caption extraido por string; exige validacao visual
,LavSoft,"and (C.Desativado=""S"")",,fiscal,abrir/executar,strings executaveis,baixa-media,menu/caption extraido por string; exige validacao visual
,LavSoft,"and (not (C.Desativado=""S""))",,fiscal,abrir/executar,strings executaveis,baixa-media,menu/caption extraido por string; exige validacao visual
,LavSoft,"and L.""CodUsuario""=""",,auth/permissao,abrir/executar,strings executaveis,baixa-media,menu/caption extraido por string; exige validacao visual
,LavSoft,"and M.CodUsuario=""",,auth/permissao,abrir/executar,strings executaveis,baixa-media,menu/caption extraido por string; exige validacao visual
,LavSoft,"and N.CodUsuario=""",,auth/permissao,abrir/executar,strings executaveis,baixa-media,menu/caption extraido por string; exige validacao visual
,LavSoft,"and N.TipNota=""",,operacional/outro,abrir/executar,strings executaveis,baixa-media,menu/caption extraido por string; exige validacao visual
,LavSoft,"and UPPER(L.NomeChave)=""NUMNOTADI""",,operacional/outro,abrir/executar,strings executaveis,baixa-media,menu/caption extraido por string; exige validacao visual
,LavSoft,And ((M.NumNot = N.NumNot) or (M.NumNotAdi = N.NumNot)),,operacional/outro,abrir/executar,strings executaveis,baixa-media,menu/caption extraido por string; exige validacao visual
,LavSoft,and ((M.NumNotAdi = N.NumNot) or (M.NumNot = N.NumNot)),,operacional/outro,abrir/executar,strings executaveis,baixa-media,menu/caption extraido por string; exige validacao visual
,LavSoft,"And (not(C.Desativado=""S""))",,fiscal,abrir/executar,strings executaveis,baixa-media,menu/caption extraido por string; exige validacao visual
,LavSoft,"and C.Desativado <> ""S""",,fiscal,abrir/executar,strings executaveis,baixa-media,menu/caption extraido por string; exige validacao visual
,LavSoft,"and C.Desativado = ""S""",,fiscal,abrir/executar,strings executaveis,baixa-media,menu/caption extraido por string; exige validacao visual
,LavSoft,ativo neste grupo de produtos.,,auth/permissao,abrir/executar,strings executaveis,baixa-media,menu/caption extraido por string; exige validacao visual
,LavSoft,Atualizando Clientes,,cadastro,sincronizar/atualizar,strings executaveis,baixa-media,menu/caption extraido por string; exige validacao visual
,LavSoft,baixada na Nota N,,estoque/produto,processar/fechar,strings executaveis,baixa-media,menu/caption extraido por string; exige validacao visual
,LavSoft,baixada no financeiro,,estoque/produto,processar/fechar,strings executaveis,baixa-media,menu/caption extraido por string; exige validacao visual
,LavSoft,baixado na nota N,,estoque/produto,processar/fechar,strings executaveis,baixa-media,menu/caption extraido por string; exige validacao visual
,LavSoft,cancelado. Confirma o extorno do Cancelamento,,operacional/outro,excluir/cancelar,strings executaveis,baixa-media,menu/caption extraido por string; exige validacao visual
,LavSoft,CFDestravaImpressoraFiscal1Click,,relatorio/impressao,relatorio/imprimir,strings executaveis,baixa-media,menu/caption extraido por string; exige validacao visual
,LavSoft,CLIENTE DEVE TER EM SEU ESTOQUE:,,estoque/produto,abrir/executar,strings executaveis,baixa-media,menu/caption extraido por string; exige validacao visual
,LavSoft,CLIENTE GERADO AUTOM. PELO SISTEMA,,cadastro,abrir/executar,strings executaveis,baixa-media,menu/caption extraido por string; exige validacao visual
,LavSoft,"cliente, para que juntos possamos analisar as necessidades",,cadastro,abrir/executar,strings executaveis,baixa-media,menu/caption extraido por string; exige validacao visual
,LavSoft,Cliente:,,cadastro,abrir/executar,strings executaveis,baixa-media,menu/caption extraido por string; exige validacao visual
,LavSoft,Cliente.:,,cadastro,abrir/executar,strings executaveis,baixa-media,menu/caption extraido por string; exige validacao visual
,LavSoft,colocado em estoque,,estoque/produto,abrir/executar,strings executaveis,baixa-media,menu/caption extraido por string; exige validacao visual
,LavSoft,CONTROLE DE ENTREGA,,lavanderia/rol,abrir/executar,strings executaveis,baixa-media,menu/caption extraido por string; exige validacao visual
,LavSoft,da Nota,,operacional/outro,abrir/executar,strings executaveis,baixa-media,menu/caption extraido por string; exige validacao visual
,LavSoft,da Nota Fiscal,,fiscal,abrir/executar,strings executaveis,baixa-media,menu/caption extraido por string; exige validacao visual
,LavSoft,da Nota:,,operacional/outro,abrir/executar,strings executaveis,baixa-media,menu/caption extraido por string; exige validacao visual
,LavSoft,desabilitado ao visualizar o relat,,relatorio/impressao,consultar,strings executaveis,baixa-media,menu/caption extraido por string; exige validacao visual
,LavSoft,desmarcar este SubGrupo de produtos e limpar os valores atribu,,auth/permissao,abrir/executar,strings executaveis,baixa-media,menu/caption extraido por string; exige validacao visual
,LavSoft,deve ser alterado para produtos com tipo de controle diferente de S/ Controle.,,estoque/produto,editar/alterar,strings executaveis,baixa-media,menu/caption extraido por string; exige validacao visual
,LavSoft,do Cliente,,cadastro,abrir/executar,strings executaveis,baixa-media,menu/caption extraido por string; exige validacao visual
,LavSoft,em estoque,,estoque/produto,abrir/executar,strings executaveis,baixa-media,menu/caption extraido por string; exige validacao visual
,LavSoft,em Estoque.,,estoque/produto,abrir/executar,strings executaveis,baixa-media,menu/caption extraido por string; exige validacao visual
,LavSoft,emitido nota - N,,operacional/outro,abrir/executar,strings executaveis,baixa-media,menu/caption extraido por string; exige validacao visual
,LavSoft,emitido pela Entrega das Pe,,lavanderia/rol,abrir/executar,strings executaveis,baixa-media,menu/caption extraido por string; exige validacao visual
,LavSoft,ENTREGAS DO DIA,,lavanderia/rol,abrir/executar,strings executaveis,baixa-media,menu/caption extraido por string; exige validacao visual
,LavSoft,"esta em Estoque, Opera",,estoque/produto,abrir/executar,strings executaveis,baixa-media,menu/caption extraido por string; exige validacao visual
,LavSoft,"exibida no campo ""Entrega"" do relat",,lavanderia/rol,relatorio/imprimir,strings executaveis,baixa-media,menu/caption extraido por string; exige validacao visual
,LavSoft,FINANCEIRO,,operacional/outro,abrir/executar,strings executaveis,baixa-media,menu/caption extraido por string; exige validacao visual
,LavSoft,Fixada (Nota Fiscal),,fiscal,abrir/executar,strings executaveis,baixa-media,menu/caption extraido por string; exige validacao visual
,LavSoft,foi baixado na nota,,estoque/produto,processar/fechar,strings executaveis,baixa-media,menu/caption extraido por string; exige validacao visual
,LavSoft,foi emitido nota.,,operacional/outro,abrir/executar,strings executaveis,baixa-media,menu/caption extraido por string; exige validacao visual
,LavSoft,"foi Entregue, Utilize o F7 para Voltar ao Estoque",,estoque/produto,abrir/executar,strings executaveis,baixa-media,menu/caption extraido por string; exige validacao visual
,LavSoft,"foi marcado para entrega,",,lavanderia/rol,abrir/executar,strings executaveis,baixa-media,menu/caption extraido por string; exige validacao visual
,LavSoft,Grupo Cliente:,,auth/permissao,abrir/executar,strings executaveis,baixa-media,menu/caption extraido por string; exige validacao visual
,LavSoft,Guarda o ultimo cliente digitado,,cadastro,abrir/executar,strings executaveis,baixa-media,menu/caption extraido por string; exige validacao visual
,LavSoft,"Impresso todos os Clientes, Confirma a Impress",,relatorio/impressao,relatorio/imprimir,strings executaveis,baixa-media,menu/caption extraido por string; exige validacao visual
,LavSoft,imprimir a nota mesmo assim,,operacional/outro,abrir/executar,strings executaveis,baixa-media,menu/caption extraido por string; exige validacao visual
,LavSoft,INTERVALO DE NOTAS (Faturamento),,financeiro/caixa,abrir/executar,strings executaveis,baixa-media,menu/caption extraido por string; exige validacao visual
,LavSoft,LocalizaProdutopelaDescrio1Click,,estoque/produto,abrir/executar,strings executaveis,baixa-media,menu/caption extraido por string; exige validacao visual
,LavSoft,MensagemPrFixadaNotaFiscal1Click,,operacional/outro,abrir/executar,strings executaveis,baixa-media,menu/caption extraido por string; exige validacao visual
,LavSoft,Movimento Por Produto e Servi,,estoque/produto,abrir/executar,strings executaveis,baixa-media,menu/caption extraido por string; exige validacao visual
,LavSoft,NFENotafiscaleletrnicadeservios1,,fiscal,abrir/executar,strings executaveis,baixa-media,menu/caption extraido por string; exige validacao visual
,LavSoft,Nota,,operacional/outro,abrir/executar,strings executaveis,baixa-media,menu/caption extraido por string; exige validacao visual
,LavSoft,Nota Fiscal de,,fiscal,abrir/executar,strings executaveis,baixa-media,menu/caption extraido por string; exige validacao visual
,LavSoft,NOTA:,,operacional/outro,abrir/executar,strings executaveis,baixa-media,menu/caption extraido por string; exige validacao visual
,LavSoft,Nota.:,,operacional/outro,abrir/executar,strings executaveis,baixa-media,menu/caption extraido por string; exige validacao visual
,LavSoft,Obs.: Codigo Cliente:,,cadastro,abrir/executar,strings executaveis,baixa-media,menu/caption extraido por string; exige validacao visual
,LavSoft,"On(C.CodCli=G.Chave1 And G.Arquivo=""CLIENTES"")",,cadastro,abrir/executar,strings executaveis,baixa-media,menu/caption extraido por string; exige validacao visual
,LavSoft,Ordem: Produto,,estoque/produto,abrir/executar,strings executaveis,baixa-media,menu/caption extraido por string; exige validacao visual
,LavSoft,"Order By L.CodUsuario,L.Sistema,L.Tipo,L.Data",,auth/permissao,abrir/executar,strings executaveis,baixa-media,menu/caption extraido por string; exige validacao visual
,LavSoft,Order By NomUsuario,,auth/permissao,abrir/executar,strings executaveis,baixa-media,menu/caption extraido por string; exige validacao visual
,LavSoft,Pagar - Estoque,,estoque/produto,abrir/executar,strings executaveis,baixa-media,menu/caption extraido por string; exige validacao visual
,LavSoft,Pagar - Estoque/Produ,,estoque/produto,abrir/executar,strings executaveis,baixa-media,menu/caption extraido por string; exige validacao visual
,LavSoft,Pagar Estoque,,estoque/produto,abrir/executar,strings executaveis,baixa-media,menu/caption extraido por string; exige validacao visual
,LavSoft,Pergunta antes de marcar Entrega,,lavanderia/rol,abrir/executar,strings executaveis,baixa-media,menu/caption extraido por string; exige validacao visual
,LavSoft,"pode ser efetuado no Dia do Cancelamento,",,operacional/outro,excluir/cancelar,strings executaveis,baixa-media,menu/caption extraido por string; exige validacao visual
,LavSoft,pode ser feito o cancelamento com permiss,,auth/permissao,excluir/cancelar,strings executaveis,baixa-media,menu/caption extraido por string; exige validacao visual
,LavSoft,POR PRODUTO,,estoque/produto,abrir/executar,strings executaveis,baixa-media,menu/caption extraido por string; exige validacao visual
,LavSoft,Produto:,,estoque/produto,abrir/executar,strings executaveis,baixa-media,menu/caption extraido por string; exige validacao visual
,LavSoft,PRODUTOS,,estoque/produto,abrir/executar,strings executaveis,baixa-media,menu/caption extraido por string; exige validacao visual
,LavSoft,protegida com senha,,auth/permissao,abrir/executar,strings executaveis,baixa-media,menu/caption extraido por string; exige validacao visual
,LavSoft,relat,,relatorio/impressao,relatorio/imprimir,strings executaveis,baixa-media,menu/caption extraido por string; exige validacao visual
,LavSoft,"selecionada, deseja cancelar a Entrega?",,lavanderia/rol,excluir/cancelar,strings executaveis,baixa-media,menu/caption extraido por string; exige validacao visual
,LavSoft,"sendo desativado,",,fiscal,abrir/executar,strings executaveis,baixa-media,menu/caption extraido por string; exige validacao visual
,LavSoft,Tb_MovCabCodUsuario.DisplayWidth,,auth/permissao,abrir/executar,strings executaveis,baixa-media,menu/caption extraido por string; exige validacao visual
,LavSoft,Tb_MovCabFixEntrega.DisplayWidth,,lavanderia/rol,abrir/executar,strings executaveis,baixa-media,menu/caption extraido por string; exige validacao visual
,LavSoft,Usa Caminho do Nota Fiscal,,fiscal,abrir/executar,strings executaveis,baixa-media,menu/caption extraido por string; exige validacao visual
,LavSoft,"Where ((Desativado is Null) or (Desativado=""N""))",,fiscal,abrir/executar,strings executaveis,baixa-media,menu/caption extraido por string; exige validacao visual
,LavSoft,"Where (F.Arquivo=""CLIENTES"") Order By Campo",,cadastro,abrir/executar,strings executaveis,baixa-media,menu/caption extraido por string; exige validacao visual
,LavSoft,"- ""c:\EquipExe\Ger\Dados\Clientes"" C,",,cadastro,abrir/executar,strings executaveis,baixa-media,menu/caption extraido por string; exige validacao visual
,LavSoft,- Agrupado por cliente,,cadastro,abrir/executar,strings executaveis,baixa-media,menu/caption extraido por string; exige validacao visual
,LavSoft,- Agrupado por data de entrega,,lavanderia/rol,abrir/executar,strings executaveis,baixa-media,menu/caption extraido por string; exige validacao visual
,LavSoft,- Cancelamento de:,,operacional/outro,excluir/cancelar,strings executaveis,baixa-media,menu/caption extraido por string; exige validacao visual
,LavSoft,- Desativado:,,fiscal,abrir/executar,strings executaveis,baixa-media,menu/caption extraido por string; exige validacao visual
,LavSoft,- Ordenando por produtos,,estoque/produto,abrir/executar,strings executaveis,baixa-media,menu/caption extraido por string; exige validacao visual
,LavSoft,-2a Ord.: Cliente,,cadastro,abrir/executar,strings executaveis,baixa-media,menu/caption extraido por string; exige validacao visual
,LavSoft,-2a Ord.: Entrega Prev.,,lavanderia/rol,abrir/executar,strings executaveis,baixa-media,menu/caption extraido por string; exige validacao visual
,LavSoft,-2a Ord.: Entrega Real.,,lavanderia/rol,abrir/executar,strings executaveis,baixa-media,menu/caption extraido por string; exige validacao visual
,LavSoft,-Agrup.: Cliente,,cadastro,abrir/executar,strings executaveis,baixa-media,menu/caption extraido por string; exige validacao visual
,LavSoft,-Agrup.: Entrega Prev.,,lavanderia/rol,abrir/executar,strings executaveis,baixa-media,menu/caption extraido por string; exige validacao visual
,LavSoft,-Agrup.: Entrega Real.,,lavanderia/rol,abrir/executar,strings executaveis,baixa-media,menu/caption extraido por string; exige validacao visual
,LavSoft,-Cliente:,,cadastro,abrir/executar,strings executaveis,baixa-media,menu/caption extraido por string; exige validacao visual
,LavSoft,-Envia e-mail automaticamente para os clientes,,cadastro,sincronizar/atualizar,strings executaveis,baixa-media,menu/caption extraido por string; exige validacao visual
,LavSoft,-Fixada ( Nota Fiscal ),,fiscal,abrir/executar,strings executaveis,baixa-media,menu/caption extraido por string; exige validacao visual
,LavSoft,-Grupo Produto:,,auth/permissao,abrir/executar,strings executaveis,baixa-media,menu/caption extraido por string; exige validacao visual
,LavSoft,-Nota Fiscal: Com Notas,,fiscal,abrir/executar,strings executaveis,baixa-media,menu/caption extraido por string; exige validacao visual
,LavSoft,-Nota Fiscal: Sem Notas,,fiscal,abrir/executar,strings executaveis,baixa-media,menu/caption extraido por string; exige validacao visual
,LavSoft,-Posicao: Estoque,,estoque/produto,abrir/executar,strings executaveis,baixa-media,menu/caption extraido por string; exige validacao visual
,LavSoft,-Produto:,,estoque/produto,abrir/executar,strings executaveis,baixa-media,menu/caption extraido por string; exige validacao visual
,LavSoft,-Tipo Nota.:,,operacional/outro,abrir/executar,strings executaveis,baixa-media,menu/caption extraido por string; exige validacao visual
,LavSoft,-Usuario:,,auth/permissao,abrir/executar,strings executaveis,baixa-media,menu/caption extraido por string; exige validacao visual
,LavSoft,", ""c:\EquipExe\Ger\Dados\Clientes"" C",,cadastro,abrir/executar,strings executaveis,baixa-media,menu/caption extraido por string; exige validacao visual
,LavSoft,", Agrupado por cliente",,cadastro,abrir/executar,strings executaveis,baixa-media,menu/caption extraido por string; exige validacao visual
,LavSoft,", NomCli,CodCli, Roteiro,FisJur,CodEmpree,GruCli,GruCli2,GruCli3,GruCli4,Desativado, CodTab",,fiscal,abrir/executar,strings executaveis,baixa-media,menu/caption extraido por string; exige validacao visual
,LavSoft,",Bloqueia nos Relat",,auth/permissao,relatorio/imprimir,strings executaveis,baixa-media,menu/caption extraido por string; exige validacao visual
,LavSoft,"; ""C:\EquipExe\Ger\Dados\Clientes.Db"" C",,cadastro,abrir/executar,strings executaveis,baixa-media,menu/caption extraido por string; exige validacao visual
,LavSoft,": ""c:\EquipExe\Ger\Dados\Clientes"" C,",,cadastro,abrir/executar,strings executaveis,baixa-media,menu/caption extraido por string; exige validacao visual
,LavSoft,:\EquipExe\EquSat,,fiscal,abrir/executar,strings executaveis,baixa-media,menu/caption extraido por string; exige validacao visual
,LavSoft,:\EquipExe\EquSat.Ini,,fiscal,abrir/executar,strings executaveis,baixa-media,menu/caption extraido por string; exige validacao visual
,LavSoft,:\EquipExe\Exe\Anotacoes.Exe,,operacional/outro,abrir/executar,strings executaveis,baixa-media,menu/caption extraido por string; exige validacao visual
,LavSoft,:\EquipExe\Exe\Estoque.Exe,,estoque/produto,abrir/executar,strings executaveis,baixa-media,menu/caption extraido por string; exige validacao visual
,LavSoft,:\Equipexe\Exe\NFE.Exe,,fiscal,abrir/executar,strings executaveis,baixa-media,menu/caption extraido por string; exige validacao visual
,LavSoft,:\EquipExe\Exe\Senhas.Exe,,auth/permissao,abrir/executar,strings executaveis,baixa-media,menu/caption extraido por string; exige validacao visual
,LavSoft,":Clientes"" C",,cadastro,abrir/executar,strings executaveis,baixa-media,menu/caption extraido por string; exige validacao visual
,LavSoft,":Clientes"" C ON C.CodCli = M.CodCli",,cadastro,abrir/executar,strings executaveis,baixa-media,menu/caption extraido por string; exige validacao visual
,LavSoft,:Localiza o cliente pelo n,,cadastro,abrir/executar,strings executaveis,baixa-media,menu/caption extraido por string; exige validacao visual
,LavSoft,":NotaFisPag""",,operacional/outro,abrir/executar,strings executaveis,baixa-media,menu/caption extraido por string; exige validacao visual
,LavSoft,":Notas"" N,",,operacional/outro,abrir/executar,strings executaveis,baixa-media,menu/caption extraido por string; exige validacao visual
,LavSoft,":Notas"" N",,operacional/outro,abrir/executar,strings executaveis,baixa-media,menu/caption extraido por string; exige validacao visual
,LavSoft,":Notas"" N ON N.CodCli = M.CodCli",,operacional/outro,abrir/executar,strings executaveis,baixa-media,menu/caption extraido por string; exige validacao visual
,LavSoft,":Para manter o produto zerado,bloqueando altera",,auth/permissao,editar/alterar,strings executaveis,baixa-media,menu/caption extraido por string; exige validacao visual
,LavSoft,:Recupera Produtos Excluidos|Recupera o lan,,estoque/produto,excluir/cancelar,strings executaveis,baixa-media,menu/caption extraido por string; exige validacao visual
,LavSoft,:RESPECTIVA LAVAGEM. 3 - A ROUPA N,,lavanderia/rol,abrir/executar,strings executaveis,baixa-media,menu/caption extraido por string; exige validacao visual
,LavSoft,!&Efetua Entrada do Rol em Estoque,,estoque/produto,criar/cadastrar,strings executaveis,baixa-media,menu/caption extraido por string; exige validacao visual
,LavSoft,!Fixa hora de Entrega (Param,,lavanderia/rol,abrir/executar,strings executaveis,baixa-media,menu/caption extraido por string; exige validacao visual
,LavSoft,!Movimento Por Produto (Anal,,estoque/produto,abrir/executar,strings executaveis,baixa-media,menu/caption extraido por string; exige validacao visual
,LavSoft,!MovimentoResumidoNotaFiscal1Click,,operacional/outro,abrir/executar,strings executaveis,baixa-media,menu/caption extraido por string; exige validacao visual
,LavSoft,!Passador(a)/Lavador(a)/Conferente,,fiscal,abrir/executar,strings executaveis,baixa-media,menu/caption extraido por string; exige validacao visual
,LavSoft,!Processamento do relat,,relatorio/impressao,relatorio/imprimir,strings executaveis,baixa-media,menu/caption extraido por string; exige validacao visual
,LavSoft,!Procura clientes|Procura clientes,,cadastro,consultar,strings executaveis,baixa-media,menu/caption extraido por string; exige validacao visual
,LavSoft,!RELAT,,relatorio/impressao,relatorio/imprimir,strings executaveis,baixa-media,menu/caption extraido por string; exige validacao visual
,LavSoft,!RelatriodePassadoriaProduto1Click,,estoque/produto,relatorio/imprimir,strings executaveis,baixa-media,menu/caption extraido por string; exige validacao visual
,LavSoft,!Somente clientes com,,cadastro,abrir/executar,strings executaveis,baixa-media,menu/caption extraido por string; exige validacao visual
,LavSoft,!Tb_ClientesCodCliSec.DisplayWidth,,cadastro,abrir/executar,strings executaveis,baixa-media,menu/caption extraido por string; exige validacao visual
,LavSoft,!VerificaodePreoUnitriodoRol1Click,,lavanderia/rol,abrir/executar,strings executaveis,baixa-media,menu/caption extraido por string; exige validacao visual
,LavSoft,.[ Clientes que n,,cadastro,abrir/executar,strings executaveis,baixa-media,menu/caption extraido por string; exige validacao visual
,LavSoft,.Consulta|Consulta a Transportadora selecionada,,operacional/outro,consultar,strings executaveis,baixa-media,menu/caption extraido por string; exige validacao visual
,LavSoft,.Consulta|Consulta o fator de pre,,operacional/outro,consultar,strings executaveis,baixa-media,menu/caption extraido por string; exige validacao visual
,LavSoft,.Consulta|Consulta o tipo de tabela selecionado,,cadastro,consultar,strings executaveis,baixa-media,menu/caption extraido por string; exige validacao visual
,LavSoft,'Consulta|Consulta a Entrada selecionada,,estoque/produto,criar/cadastrar,strings executaveis,baixa-media,menu/caption extraido por string; exige validacao visual
,LavSoft,'Consulta|Consulta a Esp,,operacional/outro,consultar,strings executaveis,baixa-media,menu/caption extraido por string; exige validacao visual
,LavSoft,'Consulta|Consulta o defeito selecionado,,operacional/outro,consultar,strings executaveis,baixa-media,menu/caption extraido por string; exige validacao visual
,LavSoft,'Consulta|Consulta o feriado selecionado,,operacional/outro,consultar,strings executaveis,baixa-media,menu/caption extraido por string; exige validacao visual
,LavSoft,'Desmarcatodososprodutoscomapromoo1Click,,estoque/produto,abrir/executar,strings executaveis,baixa-media,menu/caption extraido por string; exige validacao visual
,LavSoft,"'from ""c:\EquipExe\Lav\Filial\Notas""N,",,operacional/outro,abrir/executar,strings executaveis,baixa-media,menu/caption extraido por string; exige validacao visual
,LavSoft,'S:\BaseTestes\Usuarios\Carlos\Ger\Dados,,auth/permissao,abrir/executar,strings executaveis,baixa-media,menu/caption extraido por string; exige validacao visual
,LavSoft,""") And (TipNota = ""F"") And (not (Cancelada = ""S""))",,operacional/outro,excluir/cancelar,strings executaveis,baixa-media,menu/caption extraido por string; exige validacao visual
,LavSoft,"""&Passador(a)/Lavador(a)/Conferente",,fiscal,abrir/executar,strings executaveis,baixa-media,menu/caption extraido por string; exige validacao visual
,LavSoft,"""Cadastro de Condi",,cadastro,criar/cadastrar,strings executaveis,baixa-media,menu/caption extraido por string; exige validacao visual
,LavSoft,"""Cadastro de Servi",,cadastro,criar/cadastrar,strings executaveis,baixa-media,menu/caption extraido por string; exige validacao visual
,LavSoft,"""Cancelamento de Notas (&Intervalo)",,operacional/outro,excluir/cancelar,strings executaveis,baixa-media,menu/caption extraido por string; exige validacao visual
,LavSoft,"""CancelamentodeNotasIntervalo1Click",,operacional/outro,excluir/cancelar,strings executaveis,baixa-media,menu/caption extraido por string; exige validacao visual
,LavSoft,"""CancelamentodoUltimoEncerramCaixa1(",,financeiro/caixa,excluir/cancelar,strings executaveis,baixa-media,menu/caption extraido por string; exige validacao visual
,LavSoft,"""ControlaDescontosporCadastri1Click",,financeiro/caixa,abrir/executar,strings executaveis,baixa-media,menu/caption extraido por string; exige validacao visual
,LavSoft,"""Desmarcatodososprodutoscomapromoo1",,estoque/produto,abrir/executar,strings executaveis,baixa-media,menu/caption extraido por string; exige validacao visual
,LavSoft,"""Enc.Caixa Sabado/Domingos/Feriados",,financeiro/caixa,abrir/executar,strings executaveis,baixa-media,menu/caption extraido por string; exige validacao visual
,LavSoft,"""Localiza Cliente Por Identifica",,cadastro,abrir/executar,strings executaveis,baixa-media,menu/caption extraido por string; exige validacao visual
,LavSoft,"""MovimentoPorServicoSintetico1Click",,cadastro,abrir/executar,strings executaveis,baixa-media,menu/caption extraido por string; exige validacao visual
,LavSoft,"""Relat",,relatorio/impressao,relatorio/imprimir,strings executaveis,baixa-media,menu/caption extraido por string; exige validacao visual
,LavSoft,"""Resumo de Fa&turamento por Produto",,estoque/produto,abrir/executar,strings executaveis,baixa-media,menu/caption extraido por string; exige validacao visual
,LavSoft,(** Produto n,,estoque/produto,abrir/executar,strings executaveis,baixa-media,menu/caption extraido por string; exige validacao visual
,LavSoft,(Caixa),,financeiro/caixa,abrir/executar,strings executaveis,baixa-media,menu/caption extraido por string; exige validacao visual
,LavSoft,(Cancelado <> 'C') and (TipUsuario <> 'C'),,auth/permissao,excluir/cancelar,strings executaveis,baixa-media,menu/caption extraido por string; exige validacao visual
,LavSoft,(Consulta|Consulta do cliente selecionado,,cadastro,consultar,strings executaveis,baixa-media,menu/caption extraido por string; exige validacao visual
,LavSoft,(Consulta|Consulta do produto selecionado,,estoque/produto,consultar,strings executaveis,baixa-media,menu/caption extraido por string; exige validacao visual
,LavSoft,(Consulta|Consulta o Material selecionado,,operacional/outro,consultar,strings executaveis,baixa-media,menu/caption extraido por string; exige validacao visual
,LavSoft,(Consulta|Consulta Passadeira selecionada,,operacional/outro,consultar,strings executaveis,baixa-media,menu/caption extraido por string; exige validacao visual
,LavSoft,(NFE - Nota fiscal eletr,,fiscal,abrir/executar,strings executaveis,baixa-media,menu/caption extraido por string; exige validacao visual
,LavSoft,"(not( (C.CodCli=G.Chave1) And (G.Arquivo=""CLIENTES"") And (Not G.Campo is null) ))",,cadastro,abrir/executar,strings executaveis,baixa-media,menu/caption extraido por string; exige validacao visual
,LavSoft,(not(Cancelada='S')) and (TipNota<>'C'),,operacional/outro,excluir/cancelar,strings executaveis,baixa-media,menu/caption extraido por string; exige validacao visual
,LavSoft,"(Recibo Entrega, informe quando deve sair",,financeiro/caixa,abrir/executar,strings executaveis,baixa-media,menu/caption extraido por string; exige validacao visual
,LavSoft,) Or (M.NumNotAdi=,,operacional/outro,abrir/executar,strings executaveis,baixa-media,menu/caption extraido por string; exige validacao visual
,LavSoft,) or (NumNotAdi=,,operacional/outro,abrir/executar,strings executaveis,baixa-media,menu/caption extraido por string; exige validacao visual
,LavSoft,)&Fazer todos os Clientes Individualizados,,cadastro,abrir/executar,strings executaveis,baixa-media,menu/caption extraido por string; exige validacao visual
,LavSoft,)Bloqueia Cancelamento (Usuario Digitador),,auth/permissao,excluir/cancelar,strings executaveis,baixa-media,menu/caption extraido por string; exige validacao visual
,LavSoft,)Consulta|Consulta do Cadastro selecionado,,cadastro,criar/cadastrar,strings executaveis,baixa-media,menu/caption extraido por string; exige validacao visual
,LavSoft,)Consulta|Consulta do Desconto selecionado,,financeiro/caixa,consultar,strings executaveis,baixa-media,menu/caption extraido por string; exige validacao visual
,LavSoft,)Desmarca todos os produtos com a promo,,estoque/produto,abrir/executar,strings executaveis,baixa-media,menu/caption extraido por string; exige validacao visual
,LavSoft,)VisualizaRabeladePreoProdutoModelo21Click,,estoque/produto,consultar,strings executaveis,baixa-media,menu/caption extraido por string; exige validacao visual
,LavSoft,[ Data do Relat,,relatorio/impressao,relatorio/imprimir,strings executaveis,baixa-media,menu/caption extraido por string; exige validacao visual
,LavSoft,[ Caixa Matricial ],,financeiro/caixa,abrir/executar,strings executaveis,baixa-media,menu/caption extraido por string; exige validacao visual
,LavSoft,[ Data de Cancelamento ],,operacional/outro,excluir/cancelar,strings executaveis,baixa-media,menu/caption extraido por string; exige validacao visual
,LavSoft,[ Entrega ],,lavanderia/rol,abrir/executar,strings executaveis,baixa-media,menu/caption extraido por string; exige validacao visual
,LavSoft,[ Estoque no Cliente ],,estoque/produto,abrir/executar,strings executaveis,baixa-media,menu/caption extraido por string; exige validacao visual
,LavSoft,[ Financeiro ],,operacional/outro,abrir/executar,strings executaveis,baixa-media,menu/caption extraido por string; exige validacao visual
,LavSoft,[ Nota Fiscal ],,fiscal,abrir/executar,strings executaveis,baixa-media,menu/caption extraido por string; exige validacao visual
,LavSoft,[ Prazo Entrega ],,lavanderia/rol,abrir/executar,strings executaveis,baixa-media,menu/caption extraido por string; exige validacao visual
,LavSoft,[ Produtos ],,estoque/produto,abrir/executar,strings executaveis,baixa-media,menu/caption extraido por string; exige validacao visual
,LavSoft,}* Produtos em Vermelhor = Estoque maior que a m,,estoque/produto,abrir/executar,strings executaveis,baixa-media,menu/caption extraido por string; exige validacao visual
,LavSoft,* - Produto com estoque baixo,,estoque/produto,abrir/executar,strings executaveis,baixa-media,menu/caption extraido por string; exige validacao visual
,LavSoft,* Produtos controlados por peso,,estoque/produto,abrir/executar,strings executaveis,baixa-media,menu/caption extraido por string; exige validacao visual
,LavSoft,*Expande Cliente ou Adiciona Pesagem no Rol,,lavanderia/rol,abrir/executar,strings executaveis,baixa-media,menu/caption extraido por string; exige validacao visual
,LavSoft,"*from ""c:\EquipExe\Lav\Filial\Notas"" N,",,operacional/outro,abrir/executar,strings executaveis,baixa-media,menu/caption extraido por string; exige validacao visual
,LavSoft,*Reajuste|Reajuste dos valores dos produtos,,estoque/produto,abrir/executar,strings executaveis,baixa-media,menu/caption extraido por string; exige validacao visual
,LavSoft,*RelatrioPassadoriaLavanderiaResumido1Click,,lavanderia/rol,relatorio/imprimir,strings executaveis,baixa-media,menu/caption extraido por string; exige validacao visual
,LavSoft,/Consulta|Consulta a tabela de pre,,cadastro,consultar,strings executaveis,baixa-media,menu/caption extraido por string; exige validacao visual
,LavSoft,/Consulta|Consulta o tipo de servi,,operacional/outro,consultar,strings executaveis,baixa-media,menu/caption extraido por string; exige validacao visual
,LavSoft,/Equipe Relat,,relatorio/impressao,relatorio/imprimir,strings executaveis,baixa-media,menu/caption extraido por string; exige validacao visual
,LavSoft,/Pede prazo de entrega ap,,lavanderia/rol,abrir/executar,strings executaveis,baixa-media,menu/caption extraido por string; exige validacao visual
,LavSoft,\Anotacoes,,operacional/outro,abrir/executar,strings executaveis,baixa-media,menu/caption extraido por string; exige validacao visual
,LavSoft,"\Anotacoes"" A",,operacional/outro,abrir/executar,strings executaveis,baixa-media,menu/caption extraido por string; exige validacao visual
,LavSoft,\Clientes,,cadastro,abrir/executar,strings executaveis,baixa-media,menu/caption extraido por string; exige validacao visual
,LavSoft,"\Clientes""",,cadastro,abrir/executar,strings executaveis,baixa-media,menu/caption extraido por string; exige validacao visual
,LavSoft,"\Clientes"" C",,cadastro,abrir/executar,strings executaveis,baixa-media,menu/caption extraido por string; exige validacao visual
,LavSoft,"\Clientes"" C on (C.CodCli=O.CodCli)",,cadastro,abrir/executar,strings executaveis,baixa-media,menu/caption extraido por string; exige validacao visual
,LavSoft,"\Clientes"" C on (MC.CodCli = C.CodCli)",,cadastro,abrir/executar,strings executaveis,baixa-media,menu/caption extraido por string; exige validacao visual
,LavSoft,"\Clientes"" C on (O.CodCli=C.CodCli)",,cadastro,abrir/executar,strings executaveis,baixa-media,menu/caption extraido por string; exige validacao visual
,LavSoft,"\Clientes"" C On C.CodCli = M.CodCli",,cadastro,abrir/executar,strings executaveis,baixa-media,menu/caption extraido por string; exige validacao visual
,LavSoft,"\Clientes"" C ON M.CodCli = C.CodCli",,cadastro,abrir/executar,strings executaveis,baixa-media,menu/caption extraido por string; exige validacao visual
,LavSoft,"\Clientes"" C,",,cadastro,abrir/executar,strings executaveis,baixa-media,menu/caption extraido por string; exige validacao visual
,LavSoft,"\Clientes"" Set CodCli=""",,cadastro,abrir/executar,strings executaveis,baixa-media,menu/caption extraido por string; exige validacao visual
,LavSoft,\Ger\Dados\Clientes.Db,,cadastro,abrir/executar,strings executaveis,baixa-media,menu/caption extraido por string; exige validacao visual
,LavSoft,"\MovIniCaixa"" Where (Seq > 0) And (Data=""",,financeiro/caixa,abrir/executar,strings executaveis,baixa-media,menu/caption extraido por string; exige validacao visual
,LavSoft,"\NotaFisPag""",,operacional/outro,abrir/executar,strings executaveis,baixa-media,menu/caption extraido por string; exige validacao visual
,LavSoft,\NotaFMsgPre,,operacional/outro,abrir/executar,strings executaveis,baixa-media,menu/caption extraido por string; exige validacao visual
,LavSoft,\Notas,,operacional/outro,abrir/executar,strings executaveis,baixa-media,menu/caption extraido por string; exige validacao visual
,LavSoft,"\Notas""",,operacional/outro,abrir/executar,strings executaveis,baixa-media,menu/caption extraido por string; exige validacao visual
,LavSoft,"\Notas"" N",,operacional/outro,abrir/executar,strings executaveis,baixa-media,menu/caption extraido por string; exige validacao visual
,LavSoft,"\Notas"" N,",,operacional/outro,abrir/executar,strings executaveis,baixa-media,menu/caption extraido por string; exige validacao visual
,LavSoft,"\Notas"" N ON N.CodCli = M.CodCli",,operacional/outro,abrir/executar,strings executaveis,baixa-media,menu/caption extraido por string; exige validacao visual
,LavSoft,\Sat\Dados,,fiscal,abrir/executar,strings executaveis,baixa-media,menu/caption extraido por string; exige validacao visual
,LavSoft,\Sat\Filial,,fiscal,abrir/executar,strings executaveis,baixa-media,menu/caption extraido por string; exige validacao visual
,LavSoft,"\Usuarios"" Where (Not(Cancelado=""S""))",,auth/permissao,excluir/cancelar,strings executaveis,baixa-media,menu/caption extraido por string; exige validacao visual
,LavSoft,&Altera Cliente,,cadastro,editar/alterar,strings executaveis,baixa-media,menu/caption extraido por string; exige validacao visual
,LavSoft,&Anota,,operacional/outro,abrir/executar,strings executaveis,baixa-media,menu/caption extraido por string; exige validacao visual
,LavSoft,&Bloqueia Produtos Repetidos,,auth/permissao,abrir/executar,strings executaveis,baixa-media,menu/caption extraido por string; exige validacao visual
,LavSoft,&Cadastros,,cadastro,criar/cadastrar,strings executaveis,baixa-media,menu/caption extraido por string; exige validacao visual
,NFE,Nota Pag.,,operacional/outro,abrir/executar,strings executaveis,baixa-media,menu/caption extraido por string; exige validacao visual
,NFE,'UdfNfe,,fiscal,abrir/executar,strings executaveis,baixa-media,menu/caption extraido por string; exige validacao visual
,NFE,]FM_Gera_NFE,,fiscal,abrir/executar,strings executaveis,baixa-media,menu/caption extraido por string; exige validacao visual
,NFE,"%""S:\EquipExe\Ger\Dados\Clientes.db"" C",,cadastro,abrir/executar,strings executaveis,baixa-media,menu/caption extraido por string; exige validacao visual
,NFE,|Senha do usu,,auth/permissao,abrir/executar,strings executaveis,baixa-media,menu/caption extraido por string; exige validacao visual
,NFE,"$""S:\EquipExe\Lav\Filial\notas.db"" N,",,operacional/outro,abrir/executar,strings executaveis,baixa-media,menu/caption extraido por string; exige validacao visual
,NFE,2 - Nota Fiscal Sem ISS Retido,,fiscal,abrir/executar,strings executaveis,baixa-media,menu/caption extraido por string; exige validacao visual
,NFE,AMenuItem,,operacional/outro,abrir/executar,strings executaveis,baixa-media,menu/caption extraido por string; exige validacao visual
,NFE,Bairro Cliente,,cadastro,abrir/executar,strings executaveis,baixa-media,menu/caption extraido por string; exige validacao visual
,NFE,Bt_CancelaAditoClick,,operacional/outro,excluir/cancelar,strings executaveis,baixa-media,menu/caption extraido por string; exige validacao visual
,NFE,c_DigitaSenha,,auth/permissao,abrir/executar,strings executaveis,baixa-media,menu/caption extraido por string; exige validacao visual
,NFE,CancelaemissodoArquivo1Click,,operacional/outro,excluir/cancelar,strings executaveis,baixa-media,menu/caption extraido por string; exige validacao visual
,NFE,Cancelamento Nota,,operacional/outro,excluir/cancelar,strings executaveis,baixa-media,menu/caption extraido por string; exige validacao visual
,NFE,CancelamentoNota1,,operacional/outro,excluir/cancelar,strings executaveis,baixa-media,menu/caption extraido por string; exige validacao visual
,NFE,CancelamentoNota1Click,,operacional/outro,excluir/cancelar,strings executaveis,baixa-media,menu/caption extraido por string; exige validacao visual
,NFE,CancelamentoNota1p,,operacional/outro,excluir/cancelar,strings executaveis,baixa-media,menu/caption extraido por string; exige validacao visual
,NFE,CancelarNota,,operacional/outro,excluir/cancelar,strings executaveis,baixa-media,menu/caption extraido por string; exige validacao visual
,NFE,CancNFEIndiv,,fiscal,abrir/executar,strings executaveis,baixa-media,menu/caption extraido por string; exige validacao visual
,NFE,CB_TipoNota,,operacional/outro,abrir/executar,strings executaveis,baixa-media,menu/caption extraido por string; exige validacao visual
,NFE,CEP Cliente,,cadastro,abrir/executar,strings executaveis,baixa-media,menu/caption extraido por string; exige validacao visual
,NFE,CheckMenuItem,,operacional/outro,abrir/executar,strings executaveis,baixa-media,menu/caption extraido por string; exige validacao visual
,NFE,Cid. Cliente,,cadastro,abrir/executar,strings executaveis,baixa-media,menu/caption extraido por string; exige validacao visual
,NFE,Cliente,,cadastro,abrir/executar,strings executaveis,baixa-media,menu/caption extraido por string; exige validacao visual
,NFE,Cod. Cliente,,cadastro,abrir/executar,strings executaveis,baixa-media,menu/caption extraido por string; exige validacao visual
,NFE,ComponentPlatformsAttribute,,fiscal,abrir/executar,strings executaveis,baixa-media,menu/caption extraido por string; exige validacao visual
,NFE,ComponentPlatformsAttribute9,,fiscal,abrir/executar,strings executaveis,baixa-media,menu/caption extraido por string; exige validacao visual
,NFE,Consultar,,operacional/outro,consultar,strings executaveis,baixa-media,menu/caption extraido por string; exige validacao visual
,NFE,ConsultarNotaPrestador,,operacional/outro,consultar,strings executaveis,baixa-media,menu/caption extraido por string; exige validacao visual
,NFE,ConsultarNotaValida,,operacional/outro,consultar,strings executaveis,baixa-media,menu/caption extraido por string; exige validacao visual
,NFE,CreateMenuItem,,operacional/outro,abrir/executar,strings executaveis,baixa-media,menu/caption extraido por string; exige validacao visual
,NFE,d Cliente,,cadastro,abrir/executar,strings executaveis,baixa-media,menu/caption extraido por string; exige validacao visual
,NFE,DadosCancelaNota,,operacional/outro,excluir/cancelar,strings executaveis,baixa-media,menu/caption extraido por string; exige validacao visual
,NFE,DadosConsultaNota,,operacional/outro,consultar,strings executaveis,baixa-media,menu/caption extraido por string; exige validacao visual
,NFE,DadosNota,,operacional/outro,abrir/executar,strings executaveis,baixa-media,menu/caption extraido por string; exige validacao visual
,NFE,DBG_Cadastros,,cadastro,criar/cadastrar,strings executaveis,baixa-media,menu/caption extraido por string; exige validacao visual
,NFE,DBG_CadastrosDblClick,,cadastro,criar/cadastrar,strings executaveis,baixa-media,menu/caption extraido por string; exige validacao visual
,NFE,DBG_CadastrosKeyPress,,cadastro,criar/cadastrar,strings executaveis,baixa-media,menu/caption extraido por string; exige validacao visual
,NFE,dowSaturday,,fiscal,abrir/executar,strings executaveis,baixa-media,menu/caption extraido por string; exige validacao visual
,NFE,DS_Cadastro,,cadastro,criar/cadastrar,strings executaveis,baixa-media,menu/caption extraido por string; exige validacao visual
,NFE,DS_Nfe,,fiscal,abrir/executar,strings executaveis,baixa-media,menu/caption extraido por string; exige validacao visual
,NFE,DS_Nota,,operacional/outro,abrir/executar,strings executaveis,baixa-media,menu/caption extraido por string; exige validacao visual
,NFE,DS_Nota<,,operacional/outro,abrir/executar,strings executaveis,baixa-media,menu/caption extraido por string; exige validacao visual
,NFE,Ed_Senha,,auth/permissao,abrir/executar,strings executaveis,baixa-media,menu/caption extraido por string; exige validacao visual
,NFE,Ed_SenhaKeyPress,,auth/permissao,abrir/executar,strings executaveis,baixa-media,menu/caption extraido por string; exige validacao visual
,NFE,Emite Produto (Bahia),,estoque/produto,abrir/executar,strings executaveis,baixa-media,menu/caption extraido por string; exige validacao visual
,NFE,EmiteNotaPoliContabilidade,,financeiro/caixa,abrir/executar,strings executaveis,baixa-media,menu/caption extraido por string; exige validacao visual
,NFE,EnableMenuItem,,operacional/outro,abrir/executar,strings executaveis,baixa-media,menu/caption extraido por string; exige validacao visual
,NFE,End. Cliente,,cadastro,abrir/executar,strings executaveis,baixa-media,menu/caption extraido por string; exige validacao visual
,NFE,Est. Cliente,,cadastro,abrir/executar,strings executaveis,baixa-media,menu/caption extraido por string; exige validacao visual
,NFE,Estoque,,estoque/produto,abrir/executar,strings executaveis,baixa-media,menu/caption extraido por string; exige validacao visual
,NFE,Exibe Clientes sem cpf,,cadastro,abrir/executar,strings executaveis,baixa-media,menu/caption extraido por string; exige validacao visual
,NFE,FAnnotation,,operacional/outro,abrir/executar,strings executaveis,baixa-media,menu/caption extraido por string; exige validacao visual
,NFE,FAnnotations,,operacional/outro,abrir/executar,strings executaveis,baixa-media,menu/caption extraido por string; exige validacao visual
,NFE,FC_DigSenha,,auth/permissao,abrir/executar,strings executaveis,baixa-media,menu/caption extraido por string; exige validacao visual
,NFE,FM_Gera_NFE,,fiscal,abrir/executar,strings executaveis,baixa-media,menu/caption extraido por string; exige validacao visual
,NFE,FMenuItem,,operacional/outro,abrir/executar,strings executaveis,baixa-media,menu/caption extraido por string; exige validacao visual
,NFE,FMustActivateMenuItem,,operacional/outro,abrir/executar,strings executaveis,baixa-media,menu/caption extraido por string; exige validacao visual
,NFE,Fnota,,operacional/outro,abrir/executar,strings executaveis,baixa-media,menu/caption extraido por string; exige validacao visual
,NFE,FNotationDefs,,operacional/outro,abrir/executar,strings executaveis,baixa-media,menu/caption extraido por string; exige validacao visual
,NFE,FNotations,,operacional/outro,abrir/executar,strings executaveis,baixa-media,menu/caption extraido por string; exige validacao visual
,NFE,FObjectMenuItem,,operacional/outro,abrir/executar,strings executaveis,baixa-media,menu/caption extraido por string; exige validacao visual
,NFE,FRelativeSizes,,relatorio/impressao,relatorio/imprimir,strings executaveis,baixa-media,menu/caption extraido por string; exige validacao visual
,NFE,FRightClickCancels,,operacional/outro,excluir/cancelar,strings executaveis,baixa-media,menu/caption extraido por string; exige validacao visual
,NFE,FrmCadastroNfe,,fiscal,criar/cadastrar,strings executaveis,baixa-media,menu/caption extraido por string; exige validacao visual
,NFE,Fsenha,,auth/permissao,abrir/executar,strings executaveis,baixa-media,menu/caption extraido por string; exige validacao visual
,NFE,FStatusNFe,,fiscal,abrir/executar,strings executaveis,baixa-media,menu/caption extraido por string; exige validacao visual
,NFE,GB_DadosNfe,,fiscal,abrir/executar,strings executaveis,baixa-media,menu/caption extraido por string; exige validacao visual
,NFE,GB_DadosNfe8,,fiscal,abrir/executar,strings executaveis,baixa-media,menu/caption extraido por string; exige validacao visual
,NFE,GB_EmiteProduto,,estoque/produto,abrir/executar,strings executaveis,baixa-media,menu/caption extraido por string; exige validacao visual
,NFE,Gera Nota com Desconto,,financeiro/caixa,abrir/executar,strings executaveis,baixa-media,menu/caption extraido por string; exige validacao visual
,NFE,GerarNota,,operacional/outro,abrir/executar,strings executaveis,baixa-media,menu/caption extraido por string; exige validacao visual
,NFE,GetMenuItemCount,,operacional/outro,abrir/executar,strings executaveis,baixa-media,menu/caption extraido por string; exige validacao visual
,NFE,GetMenuItemID,,operacional/outro,abrir/executar,strings executaveis,baixa-media,menu/caption extraido por string; exige validacao visual
,NFE,GetMenuItemInfoW,,operacional/outro,abrir/executar,strings executaveis,baixa-media,menu/caption extraido por string; exige validacao visual
,NFE,IDOMNotationhL`,,operacional/outro,abrir/executar,strings executaveis,baixa-media,menu/caption extraido por string; exige validacao visual
,NFE,Im_Senha,,auth/permissao,abrir/executar,strings executaveis,baixa-media,menu/caption extraido por string; exige validacao visual
,NFE,Informe o nome do cliente,,cadastro,abrir/executar,strings executaveis,baixa-media,menu/caption extraido por string; exige validacao visual
,NFE,Informe o Valor do Produto,,estoque/produto,abrir/executar,strings executaveis,baixa-media,menu/caption extraido por string; exige validacao visual
,NFE,InsertMenuItemW,,operacional/outro,abrir/executar,strings executaveis,baixa-media,menu/caption extraido por string; exige validacao visual
,NFE,IXMLAnnotatedItem`o`,,operacional/outro,abrir/executar,strings executaveis,baixa-media,menu/caption extraido por string; exige validacao visual
,NFE,IXMLAnnotation`o`,,operacional/outro,abrir/executar,strings executaveis,baixa-media,menu/caption extraido por string; exige validacao visual
,NFE,"IXMLAnnotationItems,_`",,operacional/outro,abrir/executar,strings executaveis,baixa-media,menu/caption extraido por string; exige validacao visual
,NFE,IXMLDOMNotation,,operacional/outro,abrir/executar,strings executaveis,baixa-media,menu/caption extraido por string; exige validacao visual
,NFE,IXMLNotation,,operacional/outro,abrir/executar,strings executaveis,baixa-media,menu/caption extraido por string; exige validacao visual
,NFE,IXMLNotationDefs,,operacional/outro,abrir/executar,strings executaveis,baixa-media,menu/caption extraido por string; exige validacao visual
,NFE,Lb_Consulta,,operacional/outro,consultar,strings executaveis,baixa-media,menu/caption extraido por string; exige validacao visual
,NFE,Lb_TitSenha,,auth/permissao,abrir/executar,strings executaveis,baixa-media,menu/caption extraido por string; exige validacao visual
,NFE,MenuItem,,operacional/outro,abrir/executar,strings executaveis,baixa-media,menu/caption extraido por string; exige validacao visual
,NFE,MSAttribute,,fiscal,abrir/executar,strings executaveis,baixa-media,menu/caption extraido por string; exige validacao visual
,NFE,MSNotation,,operacional/outro,abrir/executar,strings executaveis,baixa-media,menu/caption extraido por string; exige validacao visual
,NFE,multipart/related,,relatorio/impressao,relatorio/imprimir,strings executaveis,baixa-media,menu/caption extraido por string; exige validacao visual
,NFE,MustActivateMenuItem,,operacional/outro,abrir/executar,strings executaveis,baixa-media,menu/caption extraido por string; exige validacao visual
,NFE,Nome Cliente,,cadastro,abrir/executar,strings executaveis,baixa-media,menu/caption extraido por string; exige validacao visual
,NFE,ntNotation,,operacional/outro,abrir/executar,strings executaveis,baixa-media,menu/caption extraido por string; exige validacao visual
,NFE,O Cliente possui dados com preenchimentos incorretos mas que,,cadastro,abrir/executar,strings executaveis,baixa-media,menu/caption extraido por string; exige validacao visual
,NFE,"O Cliente possui dados com preenchimentos incorretos, que n",,cadastro,abrir/executar,strings executaveis,baixa-media,menu/caption extraido por string; exige validacao visual
,NFE,o do produto?,,estoque/produto,abrir/executar,strings executaveis,baixa-media,menu/caption extraido por string; exige validacao visual
,NFE,o Ginfes,,fiscal,abrir/executar,strings executaveis,baixa-media,menu/caption extraido por string; exige validacao visual
,NFE,o Municipal (Nota tipo NFSe),,operacional/outro,abrir/executar,strings executaveis,baixa-media,menu/caption extraido por string; exige validacao visual
,NFE,ObjectMenuItem,,operacional/outro,abrir/executar,strings executaveis,baixa-media,menu/caption extraido por string; exige validacao visual
,NFE,ObterNotaRetorno,,operacional/outro,abrir/executar,strings executaveis,baixa-media,menu/caption extraido por string; exige validacao visual
,NFE,Pago - Estoque,,estoque/produto,abrir/executar,strings executaveis,baixa-media,menu/caption extraido por string; exige validacao visual
,NFE,piSeqNFE,,fiscal,abrir/executar,strings executaveis,baixa-media,menu/caption extraido por string; exige validacao visual
,NFE,Pm_ConsultaNFE,,fiscal,consultar,strings executaveis,baixa-media,menu/caption extraido por string; exige validacao visual
,NFE,Pm_ConsultaNFE$,,fiscal,consultar,strings executaveis,baixa-media,menu/caption extraido por string; exige validacao visual
,NFE,Pn_Inferior,,fiscal,abrir/executar,strings executaveis,baixa-media,menu/caption extraido por string; exige validacao visual
,NFE,Procura de Cadastro,,cadastro,criar/cadastrar,strings executaveis,baixa-media,menu/caption extraido por string; exige validacao visual
,NFE,Relationship,,relatorio/impressao,relatorio/imprimir,strings executaveis,baixa-media,menu/caption extraido por string; exige validacao visual
,NFE,RetornoNota,,operacional/outro,abrir/executar,strings executaveis,baixa-media,menu/caption extraido por string; exige validacao visual
,NFE,RG_TipoNota,,operacional/outro,abrir/executar,strings executaveis,baixa-media,menu/caption extraido por string; exige validacao visual
,NFE,RG_TipoNota4,,operacional/outro,abrir/executar,strings executaveis,baixa-media,menu/caption extraido por string; exige validacao visual
,NFE,RG_TipoNotaClick,,operacional/outro,abrir/executar,strings executaveis,baixa-media,menu/caption extraido por string; exige validacao visual
,NFE,RightClickCancels,,operacional/outro,excluir/cancelar,strings executaveis,baixa-media,menu/caption extraido por string; exige validacao visual
,NFE,RPSs que estiverem com cadastros incompletos n,,cadastro,criar/cadastrar,strings executaveis,baixa-media,menu/caption extraido por string; exige validacao visual
,NFE,SB_CancelaClick,,operacional/outro,excluir/cancelar,strings executaveis,baixa-media,menu/caption extraido por string; exige validacao visual
,NFE,SB_CancelaPacoteClick,,operacional/outro,excluir/cancelar,strings executaveis,baixa-media,menu/caption extraido por string; exige validacao visual
,NFE,SB_CancelarClick,,operacional/outro,excluir/cancelar,strings executaveis,baixa-media,menu/caption extraido por string; exige validacao visual
,NFE,Sb_RolagemBaixoClick,,lavanderia/rol,abrir/executar,strings executaveis,baixa-media,menu/caption extraido por string; exige validacao visual
,NFE,Sb_RolagemCimaClick,,lavanderia/rol,abrir/executar,strings executaveis,baixa-media,menu/caption extraido por string; exige validacao visual
,SAT,"And (CodSatCla=""",,fiscal,abrir/executar,strings executaveis,baixa-media,menu/caption extraido por string; exige validacao visual
,SAT,"And (not(M.CodSatSit=""B""))",,fiscal,abrir/executar,strings executaveis,baixa-media,menu/caption extraido por string; exige validacao visual
,SAT,"And M.CodSatTipS=""",,fiscal,abrir/executar,strings executaveis,baixa-media,menu/caption extraido por string; exige validacao visual
,SAT,"And M.SatPara=""",,fiscal,abrir/executar,strings executaveis,baixa-media,menu/caption extraido por string; exige validacao visual
,SAT,"((S.CodUsuarioResp=""",,auth/permissao,abrir/executar,strings executaveis,baixa-media,menu/caption extraido por string; exige validacao visual
,SAT,&Cadastros,,cadastro,criar/cadastrar,strings executaveis,baixa-media,menu/caption extraido por string; exige validacao visual
,SAT,=> Grupo de Clientes,,auth/permissao,abrir/executar,strings executaveis,baixa-media,menu/caption extraido por string; exige validacao visual
,SAT,Cliente:,,cadastro,abrir/executar,strings executaveis,baixa-media,menu/caption extraido por string; exige validacao visual
,SAT,- Cliente:,,cadastro,abrir/executar,strings executaveis,baixa-media,menu/caption extraido por string; exige validacao visual
,SAT,- Usuario:,,auth/permissao,abrir/executar,strings executaveis,baixa-media,menu/caption extraido por string; exige validacao visual
,SAT,|Grupo em que pertence o cliente,,auth/permissao,abrir/executar,strings executaveis,baixa-media,menu/caption extraido por string; exige validacao visual
,SAT,"and (C.ResUsuario=""",,auth/permissao,abrir/executar,strings executaveis,baixa-media,menu/caption extraido por string; exige validacao visual
,SAT,"and (M.CodSatCla=""",,fiscal,abrir/executar,strings executaveis,baixa-media,menu/caption extraido por string; exige validacao visual
,SAT,"and (M.CodSatSit=""",,fiscal,abrir/executar,strings executaveis,baixa-media,menu/caption extraido por string; exige validacao visual
,SAT,"and (M.CodSatSubC=""",,fiscal,abrir/executar,strings executaveis,baixa-media,menu/caption extraido por string; exige validacao visual
,SAT,"and (M.CodSatTip=""",,fiscal,abrir/executar,strings executaveis,baixa-media,menu/caption extraido por string; exige validacao visual
,SAT,"and (M.CodSatTipS=""",,fiscal,abrir/executar,strings executaveis,baixa-media,menu/caption extraido por string; exige validacao visual
,SAT,"and (M.CodUsuario=""",,auth/permissao,abrir/executar,strings executaveis,baixa-media,menu/caption extraido por string; exige validacao visual
,SAT,"and (M.SatPara=""",,fiscal,abrir/executar,strings executaveis,baixa-media,menu/caption extraido por string; exige validacao visual
,SAT,"and I.CodUsuario=""",,auth/permissao,abrir/executar,strings executaveis,baixa-media,menu/caption extraido por string; exige validacao visual
,SAT,"And (not(M.CodSatSit=""",,fiscal,abrir/executar,strings executaveis,baixa-media,menu/caption extraido por string; exige validacao visual
,SAT,"and ((not (M.CodSatTip=""X"")) or (M.CodSatTip is Null))",,fiscal,abrir/executar,strings executaveis,baixa-media,menu/caption extraido por string; exige validacao visual
,SAT,"and ((not(M.CodSatTip=""",,fiscal,abrir/executar,strings executaveis,baixa-media,menu/caption extraido por string; exige validacao visual
,SAT,"and (C.Desativado=""S"")",,fiscal,abrir/executar,strings executaveis,baixa-media,menu/caption extraido por string; exige validacao visual
,SAT,"And (CodUsuario=""",,auth/permissao,abrir/executar,strings executaveis,baixa-media,menu/caption extraido por string; exige validacao visual
,SAT,"and (I.Desativado=""C"")",,fiscal,abrir/executar,strings executaveis,baixa-media,menu/caption extraido por string; exige validacao visual
,SAT,"and (I.Desativado=""S"")",,fiscal,abrir/executar,strings executaveis,baixa-media,menu/caption extraido por string; exige validacao visual
,SAT,"and (not (M.CodSatTip=""X""))",,fiscal,abrir/executar,strings executaveis,baixa-media,menu/caption extraido por string; exige validacao visual
,SAT,"and (not(C.Desativado=""S""))",,fiscal,abrir/executar,strings executaveis,baixa-media,menu/caption extraido por string; exige validacao visual
,SAT,"And (S.CodSat=""",,fiscal,abrir/executar,strings executaveis,baixa-media,menu/caption extraido por string; exige validacao visual
,SAT,"And (S.CodUsuario=""",,auth/permissao,abrir/executar,strings executaveis,baixa-media,menu/caption extraido por string; exige validacao visual
,SAT,"And (S.ResUsuario=""",,auth/permissao,abrir/executar,strings executaveis,baixa-media,menu/caption extraido por string; exige validacao visual
,SAT,"And (Z.CodUsuario=""",,auth/permissao,abrir/executar,strings executaveis,baixa-media,menu/caption extraido por string; exige validacao visual
,SAT,"And (Z.SatPara=""",,fiscal,abrir/executar,strings executaveis,baixa-media,menu/caption extraido por string; exige validacao visual
,SAT,AUDITANDO USUARIO,,auth/permissao,abrir/executar,strings executaveis,baixa-media,menu/caption extraido por string; exige validacao visual
,SAT,considerado a data do cadastro do mesmo,,cadastro,criar/cadastrar,strings executaveis,baixa-media,menu/caption extraido por string; exige validacao visual
,SAT,deseja imprimir o relat,,relatorio/impressao,relatorio/imprimir,strings executaveis,baixa-media,menu/caption extraido por string; exige validacao visual
,SAT,do SAT,,fiscal,abrir/executar,strings executaveis,baixa-media,menu/caption extraido por string; exige validacao visual
,SAT,"FOI ANALISADA, FAVOR COMUNICAR O CLIENTE -",,cadastro,abrir/executar,strings executaveis,baixa-media,menu/caption extraido por string; exige validacao visual
,SAT,"FOI SOLUCIONADA, FAVOR COMUNICAR O CLIENTE -",,cadastro,abrir/executar,strings executaveis,baixa-media,menu/caption extraido por string; exige validacao visual
,SAT,IndividualAjustedeCadastro1Click,,cadastro,criar/cadastrar,strings executaveis,baixa-media,menu/caption extraido por string; exige validacao visual
,SAT,"IndividualAjustedeCadastro1Click""",,cadastro,criar/cadastrar,strings executaveis,baixa-media,menu/caption extraido por string; exige validacao visual
,SAT,"On(C.CodCli=G.Chave1 And G.Arquivo=""CLIENTES"")",,cadastro,abrir/executar,strings executaveis,baixa-media,menu/caption extraido por string; exige validacao visual
,SAT,"Or (M.CodSatTipS=""",,fiscal,abrir/executar,strings executaveis,baixa-media,menu/caption extraido por string; exige validacao visual
,SAT,"order By Y.NomCli,Z.CodUsuarioMel",,auth/permissao,abrir/executar,strings executaveis,baixa-media,menu/caption extraido por string; exige validacao visual
,SAT,"order By Z.CodSistema,Z.CodUsuarioMel",,auth/permissao,abrir/executar,strings executaveis,baixa-media,menu/caption extraido por string; exige validacao visual
,SAT,order By Z.CodUsuarioMel,,auth/permissao,abrir/executar,strings executaveis,baixa-media,menu/caption extraido por string; exige validacao visual
,SAT,"order By Z.SatPara,Y.Nom",,fiscal,abrir/executar,strings executaveis,baixa-media,menu/caption extraido por string; exige validacao visual
,SAT,"order By Z.SatPara,Z.CodOcorCla",,fiscal,abrir/executar,strings executaveis,baixa-media,menu/caption extraido por string; exige validacao visual
,SAT,"order By Z.SatPara,Z.CodOcorSubC",,fiscal,abrir/executar,strings executaveis,baixa-media,menu/caption extraido por string; exige validacao visual
,SAT,"order By Z.SatPara,Z.DatLan",,fiscal,abrir/executar,strings executaveis,baixa-media,menu/caption extraido por string; exige validacao visual
,SAT,"order By Z.SatPara,Z.DatPrevSol",,fiscal,abrir/executar,strings executaveis,baixa-media,menu/caption extraido por string; exige validacao visual
,SAT,"order By Z.SatPara,Z.SeqOcor",,fiscal,abrir/executar,strings executaveis,baixa-media,menu/caption extraido por string; exige validacao visual
,SAT,Qry_AlertaCodSatTip.DisplayWidth,,fiscal,abrir/executar,strings executaveis,baixa-media,menu/caption extraido por string; exige validacao visual
,SAT,SAT -,,fiscal,abrir/executar,strings executaveis,baixa-media,menu/caption extraido por string; exige validacao visual
,SAT,SB_ImportaClienteFidelidadeClick,,cadastro,abrir/executar,strings executaveis,baixa-media,menu/caption extraido por string; exige validacao visual
,SAT,"Select CodUsuario From """,,auth/permissao,abrir/executar,strings executaveis,baixa-media,menu/caption extraido por string; exige validacao visual
,SAT,"Select CodUsuario From "":",,auth/permissao,abrir/executar,strings executaveis,baixa-media,menu/caption extraido por string; exige validacao visual
,SAT,"Where (F.Arquivo=""CLIENTES"") Order By Campo",,cadastro,abrir/executar,strings executaveis,baixa-media,menu/caption extraido por string; exige validacao visual
,SAT,"X Where ((not(Desativado=""S"")) or (Desativado is null))",,fiscal,abrir/executar,strings executaveis,baixa-media,menu/caption extraido por string; exige validacao visual
,SAT,_pn_CadastroGrid,,cadastro,criar/cadastrar,strings executaveis,baixa-media,menu/caption extraido por string; exige validacao visual
,SAT,_pn_SatGrid,,fiscal,abrir/executar,strings executaveis,baixa-media,menu/caption extraido por string; exige validacao visual
,SAT,-Cadastro:,,cadastro,criar/cadastrar,strings executaveis,baixa-media,menu/caption extraido por string; exige validacao visual
,SAT,-Cliente:,,cadastro,abrir/executar,strings executaveis,baixa-media,menu/caption extraido por string; exige validacao visual
,SAT,-Cliente.:,,cadastro,abrir/executar,strings executaveis,baixa-media,menu/caption extraido por string; exige validacao visual
,SAT,-Clientes:,,cadastro,abrir/executar,strings executaveis,baixa-media,menu/caption extraido por string; exige validacao visual
,SAT,-Grupo Usuarios:,,auth/permissao,abrir/executar,strings executaveis,baixa-media,menu/caption extraido por string; exige validacao visual
,SAT,-Usuario:,,auth/permissao,abrir/executar,strings executaveis,baixa-media,menu/caption extraido por string; exige validacao visual
,SAT,",ClientesFilPad_F",,cadastro,abrir/executar,strings executaveis,baixa-media,menu/caption extraido por string; exige validacao visual
,SAT,",SeqOcor,SitOcor,CodUsuario,Obs,DatLan,HorLan,DatPrevSol,",,auth/permissao,abrir/executar,strings executaveis,baixa-media,menu/caption extraido por string; exige validacao visual
,SAT,",SeqSat",,fiscal,abrir/executar,strings executaveis,baixa-media,menu/caption extraido por string; exige validacao visual
,SAT,:\EquipExe\EquSat,,fiscal,abrir/executar,strings executaveis,baixa-media,menu/caption extraido por string; exige validacao visual
,SAT,:\EquipExe\EquSat.Ini,,fiscal,abrir/executar,strings executaveis,baixa-media,menu/caption extraido por string; exige validacao visual
,SAT,:\EquipExe\Exe\Senhas.Exe,,auth/permissao,abrir/executar,strings executaveis,baixa-media,menu/caption extraido por string; exige validacao visual
,SAT,:\EquipExe\Figuras\Relatorio.rav,,relatorio/impressao,relatorio/imprimir,strings executaveis,baixa-media,menu/caption extraido por string; exige validacao visual
,SAT,":Anotacoes"" A",,operacional/outro,abrir/executar,strings executaveis,baixa-media,menu/caption extraido por string; exige validacao visual
,SAT,":CadSatTip"" C",,fiscal,abrir/executar,strings executaveis,baixa-media,menu/caption extraido por string; exige validacao visual
,SAT,":Clientes"" C",,cadastro,abrir/executar,strings executaveis,baixa-media,menu/caption extraido por string; exige validacao visual
,SAT,":Clientes"" I",,cadastro,abrir/executar,strings executaveis,baixa-media,menu/caption extraido por string; exige validacao visual
,SAT,":Clientes"" Y",,cadastro,abrir/executar,strings executaveis,baixa-media,menu/caption extraido por string; exige validacao visual
,SAT,:MovSat,,fiscal,abrir/executar,strings executaveis,baixa-media,menu/caption extraido por string; exige validacao visual
,SAT,":MovSatAle"" M",,fiscal,abrir/executar,strings executaveis,baixa-media,menu/caption extraido por string; exige validacao visual
,SAT,":MovSatAle"" A",,fiscal,abrir/executar,strings executaveis,baixa-media,menu/caption extraido por string; exige validacao visual
,SAT,":MovSatCli""",,fiscal,abrir/executar,strings executaveis,baixa-media,menu/caption extraido por string; exige validacao visual
,SAT,":MovSatCli"" M,",,fiscal,abrir/executar,strings executaveis,baixa-media,menu/caption extraido por string; exige validacao visual
,SAT,":MovSatCli"" M",,fiscal,abrir/executar,strings executaveis,baixa-media,menu/caption extraido por string; exige validacao visual
,SAT,":MovSatFor"" M,",,fiscal,abrir/executar,strings executaveis,baixa-media,menu/caption extraido por string; exige validacao visual
,SAT,":MovSatInt"" M",,fiscal,abrir/executar,strings executaveis,baixa-media,menu/caption extraido por string; exige validacao visual
,SAT,":MovSatInt"" M,",,fiscal,abrir/executar,strings executaveis,baixa-media,menu/caption extraido por string; exige validacao visual
,SAT,":SolAltSist"" where CodProSat =",,fiscal,abrir/executar,strings executaveis,baixa-media,menu/caption extraido por string; exige validacao visual
,SAT,":Usuarios"" U",,auth/permissao,abrir/executar,strings executaveis,baixa-media,menu/caption extraido por string; exige validacao visual
,SAT,!CadastrodeAjustesAutomticos1Click,,cadastro,criar/cadastrar,strings executaveis,baixa-media,menu/caption extraido por string; exige validacao visual
,SAT,!CadastrodeAjustesAutomticos1Click',,cadastro,criar/cadastrar,strings executaveis,baixa-media,menu/caption extraido por string; exige validacao visual
,SAT,!ClientesporSubClassificacao1Click,,cadastro,abrir/executar,strings executaveis,baixa-media,menu/caption extraido por string; exige validacao visual
,SAT,!ClientesporSubClassificacao1Click',,cadastro,abrir/executar,strings executaveis,baixa-media,menu/caption extraido por string; exige validacao visual
,SAT,!Importar Dados Cliente Fidelidade,,cadastro,abrir/executar,strings executaveis,baixa-media,menu/caption extraido por string; exige validacao visual
,SAT,!Qry_AlertaCodUsuario.DisplayWidth,,auth/permissao,abrir/executar,strings executaveis,baixa-media,menu/caption extraido por string; exige validacao visual
,SAT,!Qry_AlertaExportaSAT.DisplayLabel,,fiscal,abrir/executar,strings executaveis,baixa-media,menu/caption extraido por string; exige validacao visual
,SAT,!Qry_AlertaUsuarioReu.DisplayWidth,,auth/permissao,abrir/executar,strings executaveis,baixa-media,menu/caption extraido por string; exige validacao visual
,SAT,!S:\EquipExe\Figuras\relatorio.rav,,relatorio/impressao,relatorio/imprimir,strings executaveis,baixa-media,menu/caption extraido por string; exige validacao visual
,SAT,.select * from ':ParadoxXInterbase:MovSatCli' M,,fiscal,abrir/executar,strings executaveis,baixa-media,menu/caption extraido por string; exige validacao visual
,SAT,".Select * From "":ParadoxXInterbase:MovSatAle"" A",,fiscal,abrir/executar,strings executaveis,baixa-media,menu/caption extraido por string; exige validacao visual
,SAT,".Select * From ""C:\Equipexe\Ger\Dados\Clientes""",,cadastro,abrir/executar,strings executaveis,baixa-media,menu/caption extraido por string; exige validacao visual
,SAT,"'AJUSTES EQUIPE.""MovSatAle.DB"".CodSatTip",,fiscal,abrir/executar,strings executaveis,baixa-media,menu/caption extraido por string; exige validacao visual
,SAT,"'AJUSTES EQUIPE.""MovSatAle.DB"".DatAlerta",,fiscal,abrir/executar,strings executaveis,baixa-media,menu/caption extraido por string; exige validacao visual
,SAT,"'AJUSTES EQUIPE.""MovSatAle.DB"".HorAlerta",,fiscal,abrir/executar,strings executaveis,baixa-media,menu/caption extraido por string; exige validacao visual
,SAT,"'AJUSTES EQUIPE.""MovSatAle.DB"".SeqAlerta",,fiscal,abrir/executar,strings executaveis,baixa-media,menu/caption extraido por string; exige validacao visual
,SAT,"'AJUSTES EQUIPE.""MovSatAle.DB"".SitAlerta",,fiscal,abrir/executar,strings executaveis,baixa-media,menu/caption extraido por string; exige validacao visual
,SAT,'Base de Dados Salva na Pasta do Cliente,,cadastro,abrir/executar,strings executaveis,baixa-media,menu/caption extraido por string; exige validacao visual
,SAT,"""'z:\EquipExe\Ger\Dados\Clientes' C",,cadastro,abrir/executar,strings executaveis,baixa-media,menu/caption extraido por string; exige validacao visual
,SAT,""") And (M.CodSat=""",,fiscal,abrir/executar,strings executaveis,baixa-media,menu/caption extraido por string; exige validacao visual
,SAT,""") And (M.CodSat=S.Cod",,fiscal,abrir/executar,strings executaveis,baixa-media,menu/caption extraido por string; exige validacao visual
,SAT,""")) or (M.CodSatTip is Null))",,fiscal,abrir/executar,strings executaveis,baixa-media,menu/caption extraido por string; exige validacao visual
,SAT,(A.CodSat=C.CodCli),,fiscal,abrir/executar,strings executaveis,baixa-media,menu/caption extraido por string; exige validacao visual
,SAT,"(AJUSTES EQUIPE.""Anotacoes.DB"".CodUsuario",,auth/permissao,abrir/executar,strings executaveis,baixa-media,menu/caption extraido por string; exige validacao visual
,SAT,"(AJUSTES EQUIPE.""Anotacoes.DB"".ParUsuario",,auth/permissao,abrir/executar,strings executaveis,baixa-media,menu/caption extraido por string; exige validacao visual
,SAT,"(AJUSTES EQUIPE.""MovSatAle.DB"".CodUsuario",,auth/permissao,abrir/executar,strings executaveis,baixa-media,menu/caption extraido por string; exige validacao visual
,SAT,"(AJUSTES EQUIPE.""MovSatAle.DB"".ExportaSAT",,fiscal,abrir/executar,strings executaveis,baixa-media,menu/caption extraido por string; exige validacao visual
,SAT,(CodUsuario=',,auth/permissao,abrir/executar,strings executaveis,baixa-media,menu/caption extraido por string; exige validacao visual
,SAT,(CodUsuarioResp = ''),,auth/permissao,abrir/executar,strings executaveis,baixa-media,menu/caption extraido por string; exige validacao visual
,SAT,"(not( (C.CodCli=G.Chave1) And (G.Arquivo=""CLIENTES"") And (Not G.Campo is null) ))",,cadastro,abrir/executar,strings executaveis,baixa-media,menu/caption extraido por string; exige validacao visual
,SAT,(Not(Cancelado='S')) And (ObsSatSubC = ',,fiscal,excluir/cancelar,strings executaveis,baixa-media,menu/caption extraido por string; exige validacao visual
,SAT,(RCDRelatrioControleDesenvolvimento1Click,,lavanderia/rol,relatorio/imprimir,strings executaveis,baixa-media,menu/caption extraido por string; exige validacao visual
,SAT,) And (A.CodSat=C.CodCli),,fiscal,abrir/executar,strings executaveis,baixa-media,menu/caption extraido por string; exige validacao visual
,SAT,) And (M.SeqSat=S.SeqSat,,fiscal,abrir/executar,strings executaveis,baixa-media,menu/caption extraido por string; exige validacao visual
,SAT,[ Cadastros ],,cadastro,criar/cadastrar,strings executaveis,baixa-media,menu/caption extraido por string; exige validacao visual
,SAT,[ Financeiro ],,operacional/outro,abrir/executar,strings executaveis,baixa-media,menu/caption extraido por string; exige validacao visual
,SAT,[UsuarioEquipe],,auth/permissao,abrir/executar,strings executaveis,baixa-media,menu/caption extraido por string; exige validacao visual
,SAT,*'z:\EquipExe\Ger\Dados\Clientes' C Where,,cadastro,abrir/executar,strings executaveis,baixa-media,menu/caption extraido por string; exige validacao visual
,SAT,*Cliente,,cadastro,abrir/executar,strings executaveis,baixa-media,menu/caption extraido por string; exige validacao visual
,SAT,"\Anotacoes"" A",,operacional/outro,abrir/executar,strings executaveis,baixa-media,menu/caption extraido por string; exige validacao visual
,SAT,"\CadSatTip"" C",,fiscal,abrir/executar,strings executaveis,baixa-media,menu/caption extraido por string; exige validacao visual
,SAT,"\Clientes"" C",,cadastro,abrir/executar,strings executaveis,baixa-media,menu/caption extraido por string; exige validacao visual
,SAT,"\Clientes"" I",,cadastro,abrir/executar,strings executaveis,baixa-media,menu/caption extraido por string; exige validacao visual
,SAT,"\Clientes"" Y",,cadastro,abrir/executar,strings executaveis,baixa-media,menu/caption extraido por string; exige validacao visual
,SAT,\MovSat,,fiscal,abrir/executar,strings executaveis,baixa-media,menu/caption extraido por string; exige validacao visual
,SAT,"\MovSatAle"" M",,fiscal,abrir/executar,strings executaveis,baixa-media,menu/caption extraido por string; exige validacao visual
,SAT,"\MovSatAle"" A",,fiscal,abrir/executar,strings executaveis,baixa-media,menu/caption extraido por string; exige validacao visual
,SAT,"\MovSatCli""",,fiscal,abrir/executar,strings executaveis,baixa-media,menu/caption extraido por string; exige validacao visual
,SAT,"\MovSatCli"" M,",,fiscal,abrir/executar,strings executaveis,baixa-media,menu/caption extraido por string; exige validacao visual
,SAT,"\MovSatCli"" M",,fiscal,abrir/executar,strings executaveis,baixa-media,menu/caption extraido por string; exige validacao visual
,SAT,"\MovSatFor"" M,",,fiscal,abrir/executar,strings executaveis,baixa-media,menu/caption extraido por string; exige validacao visual
,SAT,"\MovSatInt"" M",,fiscal,abrir/executar,strings executaveis,baixa-media,menu/caption extraido por string; exige validacao visual
,SAT,"\MovSatInt"" M,",,fiscal,abrir/executar,strings executaveis,baixa-media,menu/caption extraido por string; exige validacao visual
,SAT,\rcliente.txt,,cadastro,abrir/executar,strings executaveis,baixa-media,menu/caption extraido por string; exige validacao visual
,SAT,"\Usuarios"" U",,auth/permissao,abrir/executar,strings executaveis,baixa-media,menu/caption extraido por string; exige validacao visual
,SAT,"&'z:\Equipexe\Sat\Filial\SolAltSist' S,",,fiscal,abrir/executar,strings executaveis,baixa-media,menu/caption extraido por string; exige validacao visual
,SAT,"&AJUSTES EQUIPE.""Anotacoes.DB"".DesAnota",,operacional/outro,abrir/executar,strings executaveis,baixa-media,menu/caption extraido por string; exige validacao visual
,SAT,"&AJUSTES EQUIPE.""Anotacoes.DB"".SeqAnota",,operacional/outro,abrir/executar,strings executaveis,baixa-media,menu/caption extraido por string; exige validacao visual
,SAT,"&AJUSTES EQUIPE.""Anotacoes.DB"".SitAnota",,operacional/outro,abrir/executar,strings executaveis,baixa-media,menu/caption extraido por string; exige validacao visual
,SAT,&Altera Cadastro,,cadastro,criar/cadastrar,strings executaveis,baixa-media,menu/caption extraido por string; exige validacao visual
,SAT,&Altera Clientes,,cadastro,editar/alterar,strings executaveis,baixa-media,menu/caption extraido por string; exige validacao visual
,SAT,&Anota,,operacional/outro,abrir/executar,strings executaveis,baixa-media,menu/caption extraido por string; exige validacao visual
,SAT,&Cadastro de Ajustes Autom,,cadastro,criar/cadastrar,strings executaveis,baixa-media,menu/caption extraido por string; exige validacao visual
,SAT,&Cancelamento,,operacional/outro,excluir/cancelar,strings executaveis,baixa-media,menu/caption extraido por string; exige validacao visual
,SAT,&Cliente,,cadastro,abrir/executar,strings executaveis,baixa-media,menu/caption extraido por string; exige validacao visual
,SAT,&Clientes,,cadastro,abrir/executar,strings executaveis,baixa-media,menu/caption extraido por string; exige validacao visual
,SAT,&Consulta,,operacional/outro,consultar,strings executaveis,baixa-media,menu/caption extraido por string; exige validacao visual
,SAT,&Consulta Cadastro,,cadastro,criar/cadastrar,strings executaveis,baixa-media,menu/caption extraido por string; exige validacao visual
,SAT,&Consulta Clientes,,cadastro,consultar,strings executaveis,baixa-media,menu/caption extraido por string; exige validacao visual
,SAT,&Consulta Fornecedor,,cadastro,consultar,strings executaveis,baixa-media,menu/caption extraido por string; exige validacao visual
,SAT,&Consulta Interessado,,operacional/outro,consultar,strings executaveis,baixa-media,menu/caption extraido por string; exige validacao visual
,SAT,&Consulta Ocorr,,cadastro,consultar,strings executaveis,baixa-media,menu/caption extraido por string; exige validacao visual
,SAT,&Consulta R,,operacional/outro,consultar,strings executaveis,baixa-media,menu/caption extraido por string; exige validacao visual
,SAT,&Consultas R,,operacional/outro,consultar,strings executaveis,baixa-media,menu/caption extraido por string; exige validacao visual
,SAT,&Consultas Rapidas,,operacional/outro,consultar,strings executaveis,baixa-media,menu/caption extraido por string; exige validacao visual
,SAT,&Entrega,,lavanderia/rol,abrir/executar,strings executaveis,baixa-media,menu/caption extraido por string; exige validacao visual
,SAT,&Financeiro,,operacional/outro,abrir/executar,strings executaveis,baixa-media,menu/caption extraido por string; exige validacao visual
,SAT,&Geral Ajuste de Cadastro,,cadastro,criar/cadastrar,strings executaveis,baixa-media,menu/caption extraido por string; exige validacao visual
,SAT,&Inclui Clientes,,cadastro,criar/cadastrar,strings executaveis,baixa-media,menu/caption extraido por string; exige validacao visual
,SAT,&Individual Ajuste de Cadastro,,cadastro,criar/cadastrar,strings executaveis,baixa-media,menu/caption extraido por string; exige validacao visual
,SAT,&Marca o Cadastro Impresso,,relatorio/impressao,criar/cadastrar,strings executaveis,baixa-media,menu/caption extraido por string; exige validacao visual
,SAT,&Menu de Clientes,,cadastro,abrir/executar,strings executaveis,baixa-media,menu/caption extraido por string; exige validacao visual
,SAT,&pk_gera_SeqSat=,,fiscal,abrir/executar,strings executaveis,baixa-media,menu/caption extraido por string; exige validacao visual
,SAT,&Procura Cadastro,,cadastro,criar/cadastrar,strings executaveis,baixa-media,menu/caption extraido por string; exige validacao visual
,SAT,&Relat,,relatorio/impressao,relatorio/imprimir,strings executaveis,baixa-media,menu/caption extraido por string; exige validacao visual
,SAT,&Senhas,,auth/permissao,abrir/executar,strings executaveis,baixa-media,menu/caption extraido por string; exige validacao visual
,SAT,#CancelamentodeCartoFidelidade1Click,,operacional/outro,excluir/cancelar,strings executaveis,baixa-media,menu/caption extraido por string; exige validacao visual
,SAT,#RCDRelatrioControleDesenvolvimento1,,lavanderia/rol,relatorio/imprimir,strings executaveis,baixa-media,menu/caption extraido por string; exige validacao visual
,SAT,"%'z:\EquipExe\Sat\Filial\MovSatCli' M,",,fiscal,abrir/executar,strings executaveis,baixa-media,menu/caption extraido por string; exige validacao visual
,SAT,<Cadastro n,,cadastro,criar/cadastrar,strings executaveis,baixa-media,menu/caption extraido por string; exige validacao visual
,SAT,<Nome do Cliente>,,cadastro,abrir/executar,strings executaveis,baixa-media,menu/caption extraido por string; exige validacao visual
,SAT,<Produto n,,estoque/produto,abrir/executar,strings executaveis,baixa-media,menu/caption extraido por string; exige validacao visual
,SAT,=> Data do Cadastro,,cadastro,criar/cadastrar,strings executaveis,baixa-media,menu/caption extraido por string; exige validacao visual
,SAT,=> Grupo de Clientes 2,,auth/permissao,abrir/executar,strings executaveis,baixa-media,menu/caption extraido por string; exige validacao visual
,SAT,|LogoMarca do cliente,,cadastro,abrir/executar,strings executaveis,baixa-media,menu/caption extraido por string; exige validacao visual
,SAT,|Nome do Cliente,,cadastro,abrir/executar,strings executaveis,baixa-media,menu/caption extraido por string; exige validacao visual
,SAT,|Qualquer Filial|?????MovSat,,fiscal,abrir/executar,strings executaveis,baixa-media,menu/caption extraido por string; exige validacao visual
,SAT,|Senha do usu,,auth/permissao,abrir/executar,strings executaveis,baixa-media,menu/caption extraido por string; exige validacao visual
,SAT,"$AJUSTES EQUIPE.""Anotacoes.DB"".Titulo",,operacional/outro,abrir/executar,strings executaveis,baixa-media,menu/caption extraido por string; exige validacao visual
,SAT,"$AJUSTES EQUIPE.""MovSatAle.DB"".CodSat",,fiscal,abrir/executar,strings executaveis,baixa-media,menu/caption extraido por string; exige validacao visual
,SAT,"$AJUSTES EQUIPE.""MovSatAle.DB"".DatLan",,fiscal,abrir/executar,strings executaveis,baixa-media,menu/caption extraido por string; exige validacao visual
,SAT,"$AJUSTES EQUIPE.""MovSatAle.DB"".HorLan",,fiscal,abrir/executar,strings executaveis,baixa-media,menu/caption extraido por string; exige validacao visual
,SAT,"$AJUSTES EQUIPE.""MovSatAle.DB"".SeqSat",,fiscal,abrir/executar,strings executaveis,baixa-media,menu/caption extraido por string; exige validacao visual
,SAT,"$AJUSTES EQUIPE.""MovSatAle.DB"".TipSat",,fiscal,abrir/executar,strings executaveis,baixa-media,menu/caption extraido por string; exige validacao visual
,SAT,$ImportarDadosClienteFidelidade1Click,,cadastro,abrir/executar,strings executaveis,baixa-media,menu/caption extraido por string; exige validacao visual
,SAT,"0Select * From ""C:\Equipexe\Ger\Dados\Clientes"" C",,cadastro,abrir/executar,strings executaveis,baixa-media,menu/caption extraido por string; exige validacao visual
,SAT,"0Select * From ""Z:\Equipexe\Sat\Filial\MovSatInt""",,fiscal,abrir/executar,strings executaveis,baixa-media,menu/caption extraido por string; exige validacao visual
,SAT,"2Select * From ""C:\Equipexe\Sat\Filial\Anotacoes"" A",,fiscal,abrir/executar,strings executaveis,baixa-media,menu/caption extraido por string; exige validacao visual
,SAT,"2Select * From ""C:\Equipexe\Sat\Filial\MovSatAle"" A",,fiscal,abrir/executar,strings executaveis,baixa-media,menu/caption extraido por string; exige validacao visual
,SAT,3Select * From 'S:\EquipExe\Sat\Filial\MovSatCli' M,,fiscal,abrir/executar,strings executaveis,baixa-media,menu/caption extraido por string; exige validacao visual
,SAT,"3Select * From 'z:\EquipExe\Sat\Filial\SolAltCli' A,",,fiscal,abrir/executar,strings executaveis,baixa-media,menu/caption extraido por string; exige validacao visual
,SAT,"3Select * From "":ParadoxXInterbase:MovSatCliOcor"" M,",,fiscal,abrir/executar,strings executaveis,baixa-media,menu/caption extraido por string; exige validacao visual
,SAT,5ExportaSat_u,,fiscal,abrir/executar,strings executaveis,baixa-media,menu/caption extraido por string; exige validacao visual
,SAT,"8 ""S:\Equipexe\Ger\Dados\Clientes"" C",,cadastro,abrir/executar,strings executaveis,baixa-media,menu/caption extraido por string; exige validacao visual
,SAT,A SENHA GERADA PARA O CLIENTE,,auth/permissao,abrir/executar,strings executaveis,baixa-media,menu/caption extraido por string; exige validacao visual
,SAT,AbreCepFacil,,operacional/outro,abrir/executar,strings executaveis,baixa-media,menu/caption extraido por string; exige validacao visual
,SAT,AbreVariosSat,,fiscal,abrir/executar,strings executaveis,baixa-media,menu/caption extraido por string; exige validacao visual
,SAT,Abrir relat,,relatorio/impressao,relatorio/imprimir,strings executaveis,baixa-media,menu/caption extraido por string; exige validacao visual
,SAT,Abrir...|Abre um relat,,relatorio/impressao,relatorio/imprimir,strings executaveis,baixa-media,menu/caption extraido por string; exige validacao visual
,SAT,Acesse o SAT e Baixe o Atendimento para Finalizar o Alerta,,fiscal,abrir/executar,strings executaveis,baixa-media,menu/caption extraido por string; exige validacao visual
,SAT,Ajusta Cadastro Automaticamente,,cadastro,criar/cadastrar,strings executaveis,baixa-media,menu/caption extraido por string; exige validacao visual
,SAT,AjustaCadastroAutomaticamente1,,cadastro,criar/cadastrar,strings executaveis,baixa-media,menu/caption extraido por string; exige validacao visual
,SAT,AjustaCadastroAutomaticamente1L,,cadastro,criar/cadastrar,strings executaveis,baixa-media,menu/caption extraido por string; exige validacao visual
,SAT,Ajustando variaveis e Abrindo cadastros padr,,cadastro,criar/cadastrar,strings executaveis,baixa-media,menu/caption extraido por string; exige validacao visual
,SAT,AjustaUsuariosLista,,auth/permissao,abrir/executar,strings executaveis,baixa-media,menu/caption extraido por string; exige validacao visual
,SAT,AlteraCadastro1,,cadastro,criar/cadastrar,strings executaveis,baixa-media,menu/caption extraido por string; exige validacao visual
,SAT,"AlteraCadastro1,",,cadastro,criar/cadastrar,strings executaveis,baixa-media,menu/caption extraido por string; exige validacao visual
,SAT,AlteraCadastro1\,,cadastro,criar/cadastrar,strings executaveis,baixa-media,menu/caption extraido por string; exige validacao visual
,SAT,AlteraCadastro1Click,,cadastro,criar/cadastrar,strings executaveis,baixa-media,menu/caption extraido por string; exige validacao visual
,SAT,AlteraClientes1,,cadastro,editar/alterar,strings executaveis,baixa-media,menu/caption extraido por string; exige validacao visual
,SAT,amento do SAT,,fiscal,abrir/executar,strings executaveis,baixa-media,menu/caption extraido por string; exige validacao visual
,SAT,amento do SAT -,,fiscal,abrir/executar,strings executaveis,baixa-media,menu/caption extraido por string; exige validacao visual
,SAT,amento no SAT -,,fiscal,abrir/executar,strings executaveis,baixa-media,menu/caption extraido por string; exige validacao visual
,SAT,amento no SAT (&Alerta),,fiscal,abrir/executar,strings executaveis,baixa-media,menu/caption extraido por string; exige validacao visual
,SAT,amentos no SAT,,fiscal,abrir/executar,strings executaveis,baixa-media,menu/caption extraido por string; exige validacao visual
,SAT,"And (M.TipSat=""",,fiscal,abrir/executar,strings executaveis,baixa-media,menu/caption extraido por string; exige validacao visual
,SAT,"And ( (TipSat=""",,fiscal,abrir/executar,strings executaveis,baixa-media,menu/caption extraido por string; exige validacao visual
,SAT,"And (A.CodUsuario=""",,auth/permissao,abrir/executar,strings executaveis,baixa-media,menu/caption extraido por string; exige validacao visual
,SAT,"And (A.DesAnota LIKE""%",,operacional/outro,abrir/executar,strings executaveis,baixa-media,menu/caption extraido por string; exige validacao visual
,SAT,"And (A.ParUsuario=""",,auth/permissao,abrir/executar,strings executaveis,baixa-media,menu/caption extraido por string; exige validacao visual
,SAT,"And (A.TipSat=""C"")",,fiscal,abrir/executar,strings executaveis,baixa-media,menu/caption extraido por string; exige validacao visual
,SAT,"And (A.TipSat=""F"")",,fiscal,abrir/executar,strings executaveis,baixa-media,menu/caption extraido por string; exige validacao visual
,SAT,"And (A.TipSat=""I"")",,fiscal,abrir/executar,strings executaveis,baixa-media,menu/caption extraido por string; exige validacao visual
,SAT,"And (A.UsuarioReu=""",,auth/permissao,abrir/executar,strings executaveis,baixa-media,menu/caption extraido por string; exige validacao visual
,SAT,And (CodUsuario,,auth/permissao,abrir/executar,strings executaveis,baixa-media,menu/caption extraido por string; exige validacao visual
,SAT,"And (M.CodSatTip=""V"")",,fiscal,abrir/executar,strings executaveis,baixa-media,menu/caption extraido por string; exige validacao visual
,SAT,And (M.ExportaSat=,,fiscal,abrir/executar,strings executaveis,baixa-media,menu/caption extraido por string; exige validacao visual
,SAT,"And (not(M.CodSatTip=""X""))",,fiscal,abrir/executar,strings executaveis,baixa-media,menu/caption extraido por string; exige validacao visual
,SAT,And (SatPara,,fiscal,abrir/executar,strings executaveis,baixa-media,menu/caption extraido por string; exige validacao visual
,SAT,Anota,,operacional/outro,abrir/executar,strings executaveis,baixa-media,menu/caption extraido por string; exige validacao visual
,SAT,Anotacoes,,operacional/outro,abrir/executar,strings executaveis,baixa-media,menu/caption extraido por string; exige validacao visual
,SAT,Anotacoes_c,,operacional/outro,abrir/executar,strings executaveis,baixa-media,menu/caption extraido por string; exige validacao visual
,SAT,Anotacoes_FC,,operacional/outro,abrir/executar,strings executaveis,baixa-media,menu/caption extraido por string; exige validacao visual
,SAT,Anotacoes1,,operacional/outro,abrir/executar,strings executaveis,baixa-media,menu/caption extraido por string; exige validacao visual
,SAT,Anotacoes1Click,,operacional/outro,abrir/executar,strings executaveis,baixa-media,menu/caption extraido por string; exige validacao visual
,SAT,Anotacoes1p,,operacional/outro,abrir/executar,strings executaveis,baixa-media,menu/caption extraido por string; exige validacao visual
,SAT,Anotaes1,,operacional/outro,abrir/executar,strings executaveis,baixa-media,menu/caption extraido por string; exige validacao visual
,SAT,Anotaes10,,operacional/outro,abrir/executar,strings executaveis,baixa-media,menu/caption extraido por string; exige validacao visual
,SAT,Anotaes1Click,,operacional/outro,abrir/executar,strings executaveis,baixa-media,menu/caption extraido por string; exige validacao visual
,SAT,Arquivo de Relat,,relatorio/impressao,relatorio/imprimir,strings executaveis,baixa-media,menu/caption extraido por string; exige validacao visual
,SAT,Atendimento a Clientes,,cadastro,abrir/executar,strings executaveis,baixa-media,menu/caption extraido por string; exige validacao visual
,SAT,AtualClasAte,,fiscal,abrir/executar,strings executaveis,baixa-media,menu/caption extraido por string; exige validacao visual
,SAT,AtualSubClasAte,,fiscal,abrir/executar,strings executaveis,baixa-media,menu/caption extraido por string; exige validacao visual
,SAT,AtualTiposAtend,,fiscal,abrir/executar,strings executaveis,baixa-media,menu/caption extraido por string; exige validacao visual
,SAT,B Where (A.SeqSolAltSist=S.SeqSolAltSist And A.CodSat=S.CodSat) And,,fiscal,abrir/executar,strings executaveis,baixa-media,menu/caption extraido por string; exige validacao visual
,SAT,BaixarSAT,,estoque/produto,processar/fechar,strings executaveis,baixa-media,menu/caption extraido por string; exige validacao visual
,SAT,Base de Dados do Cliente,,cadastro,abrir/executar,strings executaveis,baixa-media,menu/caption extraido por string; exige validacao visual
,SAT,Base de Dados do Cliente.,,cadastro,abrir/executar,strings executaveis,baixa-media,menu/caption extraido por string; exige validacao visual
,SAT,Base de Dados Salva na pasta do Cliente,,cadastro,abrir/executar,strings executaveis,baixa-media,menu/caption extraido por string; exige validacao visual
,SAT,BM_Sat,,fiscal,abrir/executar,strings executaveis,baixa-media,menu/caption extraido por string; exige validacao visual
,SAT,Bt_CancelaAditoClick,,operacional/outro,excluir/cancelar,strings executaveis,baixa-media,menu/caption extraido por string; exige validacao visual
,SAT,Bt_CancelaClick,,operacional/outro,excluir/cancelar,strings executaveis,baixa-media,menu/caption extraido por string; exige validacao visual
,SAT,Bt_Consulta,,operacional/outro,consultar,strings executaveis,baixa-media,menu/caption extraido por string; exige validacao visual
,SAT,Bt_Consulta8,,operacional/outro,consultar,strings executaveis,baixa-media,menu/caption extraido por string; exige validacao visual
,SAT,Bt_ConsultaCli,,operacional/outro,consultar,strings executaveis,baixa-media,menu/caption extraido por string; exige validacao visual
,SAT,Bt_ConsultaClick,,operacional/outro,consultar,strings executaveis,baixa-media,menu/caption extraido por string; exige validacao visual
,SAT,Bt_ConsultaCliClick,,operacional/outro,consultar,strings executaveis,baixa-media,menu/caption extraido por string; exige validacao visual
,SAT,Bt_ConsultaClid,,operacional/outro,consultar,strings executaveis,baixa-media,menu/caption extraido por string; exige validacao visual
,SAT,Bt_ConsultaClih,,operacional/outro,consultar,strings executaveis,baixa-media,menu/caption extraido por string; exige validacao visual
,SAT,Bt_Consultax,,operacional/outro,consultar,strings executaveis,baixa-media,menu/caption extraido por string; exige validacao visual
,SAT,BtnCancelClick,,operacional/outro,excluir/cancelar,strings executaveis,baixa-media,menu/caption extraido por string; exige validacao visual
,SAT,c_DigitaSenha,,auth/permissao,abrir/executar,strings executaveis,baixa-media,menu/caption extraido por string; exige validacao visual
,SAT,C:\Equipexe\Documentos\Clientes,,cadastro,abrir/executar,strings executaveis,baixa-media,menu/caption extraido por string; exige validacao visual
,SAT,C:\EquipExe\EquSat,,fiscal,abrir/executar,strings executaveis,baixa-media,menu/caption extraido por string; exige validacao visual
,SAT,C:\EquipExe\EquSat.Ini,,fiscal,abrir/executar,strings executaveis,baixa-media,menu/caption extraido por string; exige validacao visual
,SAT,C:\EquipExe\IntegraSat.Ini,,fiscal,abrir/executar,strings executaveis,baixa-media,menu/caption extraido por string; exige validacao visual
,SAT,c:\EquipExe\Sat\Dados,,fiscal,abrir/executar,strings executaveis,baixa-media,menu/caption extraido por string; exige validacao visual
,SAT,C:\Equipexe\Sat\Filial,,fiscal,abrir/executar,strings executaveis,baixa-media,menu/caption extraido por string; exige validacao visual
,SAT,C:\Linker\rcliente.txt,,cadastro,abrir/executar,strings executaveis,baixa-media,menu/caption extraido por string; exige validacao visual
,SAT,Cadastro,,cadastro,criar/cadastrar,strings executaveis,baixa-media,menu/caption extraido por string; exige validacao visual
,SAT,Cadastro 1,,cadastro,criar/cadastrar,strings executaveis,baixa-media,menu/caption extraido por string; exige validacao visual
,SAT,Cadastro 2,,cadastro,criar/cadastrar,strings executaveis,baixa-media,menu/caption extraido por string; exige validacao visual
,SAT,Cadastro 3,,cadastro,criar/cadastrar,strings executaveis,baixa-media,menu/caption extraido por string; exige validacao visual
,SAT,Cadastro 4,,cadastro,criar/cadastrar,strings executaveis,baixa-media,menu/caption extraido por string; exige validacao visual
,SAT,Cadastro Campo Flexivel,,cadastro,criar/cadastrar,strings executaveis,baixa-media,menu/caption extraido por string; exige validacao visual
,SAT,Cadastro Campos Flexiveis,,cadastro,criar/cadastrar,strings executaveis,baixa-media,menu/caption extraido por string; exige validacao visual
,SAT,Cadastro de,,cadastro,criar/cadastrar,strings executaveis,baixa-media,menu/caption extraido por string; exige validacao visual
,SAT,Cadastro de Ajuste Autom,,cadastro,criar/cadastrar,strings executaveis,baixa-media,menu/caption extraido por string; exige validacao visual
,SAT,Cadastro de Bolso,,cadastro,criar/cadastrar,strings executaveis,baixa-media,menu/caption extraido por string; exige validacao visual
,SAT,Cadastro de Clientes,,cadastro,criar/cadastrar,strings executaveis,baixa-media,menu/caption extraido por string; exige validacao visual
,SAT,Cadastro de Controles,,lavanderia/rol,criar/cadastrar,strings executaveis,baixa-media,menu/caption extraido por string; exige validacao visual
,SAT,Cadastro de Customiza,,cadastro,criar/cadastrar,strings executaveis,baixa-media,menu/caption extraido por string; exige validacao visual
,SAT,Cadastro de Digital,,cadastro,criar/cadastrar,strings executaveis,baixa-media,menu/caption extraido por string; exige validacao visual
,SAT,Cadastro de Filiais/Matriz,,cadastro,criar/cadastrar,strings executaveis,baixa-media,menu/caption extraido por string; exige validacao visual
,SAT,Cadastro de Fornecedores,,cadastro,criar/cadastrar,strings executaveis,baixa-media,menu/caption extraido por string; exige validacao visual
,SAT,Cadastro de Grupo (Campos Flexiveis),,auth/permissao,criar/cadastrar,strings executaveis,baixa-media,menu/caption extraido por string; exige validacao visual
,SAT,Cadastro de Grupo 1,,auth/permissao,criar/cadastrar,strings executaveis,baixa-media,menu/caption extraido por string; exige validacao visual
,SAT,Cadastro de Grupo 2,,auth/permissao,criar/cadastrar,strings executaveis,baixa-media,menu/caption extraido por string; exige validacao visual
,SAT,Cadastro de Grupo 3,,auth/permissao,criar/cadastrar,strings executaveis,baixa-media,menu/caption extraido por string; exige validacao visual
,SAT,Cadastro de Grupo 4,,auth/permissao,criar/cadastrar,strings executaveis,baixa-media,menu/caption extraido por string; exige validacao visual
,SAT,Cadastro de Interessados,,cadastro,criar/cadastrar,strings executaveis,baixa-media,menu/caption extraido por string; exige validacao visual
,SAT,Cadastro de Melhorias,,cadastro,criar/cadastrar,strings executaveis,baixa-media,menu/caption extraido por string; exige validacao visual
,SAT,Cadastro de Situa,,cadastro,criar/cadastrar,strings executaveis,baixa-media,menu/caption extraido por string; exige validacao visual
,SAT,Cadastro de Tipo de Atendimento,,cadastro,criar/cadastrar,strings executaveis,baixa-media,menu/caption extraido por string; exige validacao visual
,SAT,Cadastro de Tipo de Controle,,lavanderia/rol,criar/cadastrar,strings executaveis,baixa-media,menu/caption extraido por string; exige validacao visual
,SAT,Cadastro de Tipos de Controle,,lavanderia/rol,criar/cadastrar,strings executaveis,baixa-media,menu/caption extraido por string; exige validacao visual
,SAT,Cadastro Mensagens,,cadastro,criar/cadastrar,strings executaveis,baixa-media,menu/caption extraido por string; exige validacao visual
,SAT,CadastroCampoFlexivel1,,cadastro,criar/cadastrar,strings executaveis,baixa-media,menu/caption extraido por string; exige validacao visual
,SAT,CadastroCampoFlexivel1Click,,cadastro,criar/cadastrar,strings executaveis,baixa-media,menu/caption extraido por string; exige validacao visual
,SAT,CadastrodeAjustesAutomticos1,,cadastro,criar/cadastrar,strings executaveis,baixa-media,menu/caption extraido por string; exige validacao visual
,SAT,CadastrodeAjustesAutomticos1P,,cadastro,criar/cadastrar,strings executaveis,baixa-media,menu/caption extraido por string; exige validacao visual
,SAT,CadastrodeBolso1,,cadastro,criar/cadastrar,strings executaveis,baixa-media,menu/caption extraido por string; exige validacao visual
,SAT,CadastrodeBolso1Click,,cadastro,criar/cadastrar,strings executaveis,baixa-media,menu/caption extraido por string; exige validacao visual
,SAT,CadastroGeral1,,cadastro,criar/cadastrar,strings executaveis,baixa-media,menu/caption extraido por string; exige validacao visual
,SAT,Cadastros,,cadastro,criar/cadastrar,strings executaveis,baixa-media,menu/caption extraido por string; exige validacao visual
,SAT,Cadastros1,,cadastro,criar/cadastrar,strings executaveis,baixa-media,menu/caption extraido por string; exige validacao visual
,SAT,Cadastros1D,,cadastro,criar/cadastrar,strings executaveis,baixa-media,menu/caption extraido por string; exige validacao visual
,SAT,Cadastros1t,,cadastro,criar/cadastrar,strings executaveis,baixa-media,menu/caption extraido por string; exige validacao visual
,SAT,Cadastros1X,,cadastro,criar/cadastrar,strings executaveis,baixa-media,menu/caption extraido por string; exige validacao visual
,SAT,CadastrosCli1,,cadastro,criar/cadastrar,strings executaveis,baixa-media,menu/caption extraido por string; exige validacao visual
,SAT,CadastrosCli1|,,cadastro,criar/cadastrar,strings executaveis,baixa-media,menu/caption extraido por string; exige validacao visual
,SAT,CadastrosFor1,,cadastro,criar/cadastrar,strings executaveis,baixa-media,menu/caption extraido por string; exige validacao visual
,SAT,CadastrosInt1,,cadastro,criar/cadastrar,strings executaveis,baixa-media,menu/caption extraido por string; exige validacao visual
,SAT,CadastrosInt1P,,cadastro,criar/cadastrar,strings executaveis,baixa-media,menu/caption extraido por string; exige validacao visual
,SAT,CadClasAtend1,,fiscal,abrir/executar,strings executaveis,baixa-media,menu/caption extraido por string; exige validacao visual
,SAT,CadClasAtendInt1Click,,fiscal,abrir/executar,strings executaveis,baixa-media,menu/caption extraido por string; exige validacao visual
,SAT,CadClientes,,cadastro,abrir/executar,strings executaveis,baixa-media,menu/caption extraido por string; exige validacao visual
,SAT,CadClientes1,,cadastro,abrir/executar,strings executaveis,baixa-media,menu/caption extraido por string; exige validacao visual
,SAT,CadClientesSAT,,fiscal,abrir/executar,strings executaveis,baixa-media,menu/caption extraido por string; exige validacao visual
,SAT,CadManClientes,,cadastro,abrir/executar,strings executaveis,baixa-media,menu/caption extraido por string; exige validacao visual
,SAT,CadProjSat,,fiscal,abrir/executar,strings executaveis,baixa-media,menu/caption extraido por string; exige validacao visual
,SAT,CadProjSat.DB,,fiscal,abrir/executar,strings executaveis,baixa-media,menu/caption extraido por string; exige validacao visual
,SAT,CadSatCla,,fiscal,abrir/executar,strings executaveis,baixa-media,menu/caption extraido por string; exige validacao visual
,SAT,CadSatCla.DB,,fiscal,abrir/executar,strings executaveis,baixa-media,menu/caption extraido por string; exige validacao visual
,SAT,CadSatSit,,fiscal,abrir/executar,strings executaveis,baixa-media,menu/caption extraido por string; exige validacao visual
,SAT,CadSatSit.DB,,fiscal,abrir/executar,strings executaveis,baixa-media,menu/caption extraido por string; exige validacao visual
,SAT,CadSatSubC,,fiscal,abrir/executar,strings executaveis,baixa-media,menu/caption extraido por string; exige validacao visual
,SAT,CadSatSubC.DB,,fiscal,abrir/executar,strings executaveis,baixa-media,menu/caption extraido por string; exige validacao visual
,SAT,CadSatTip,,fiscal,abrir/executar,strings executaveis,baixa-media,menu/caption extraido por string; exige validacao visual
,SAT,CadSatTip.DB,,fiscal,abrir/executar,strings executaveis,baixa-media,menu/caption extraido por string; exige validacao visual
