Executavel,Categoria,Texto,Origem,TamanhoArquivo,SHA256Arquivo,UltimaAlteracao
LavSoft.exe,sinal-relacionado,EInvalidOp,D:\AtelieProd\MOD\apps\legacy-runtime\Equipexe\Exe\LavSoft.exe,10150400,,2017-07-24T13:36:26
LavSoft.exe,sinal-relacionado,EInvalidPointer,D:\AtelieProd\MOD\apps\legacy-runtime\Equipexe\Exe\LavSoft.exe,10150400,,2017-07-24T13:36:26
LavSoft.exe,sinal-relacionado,EInvalidCast,D:\AtelieProd\MOD\apps\legacy-runtime\Equipexe\Exe\LavSoft.exe,10150400,,2017-07-24T13:36:26
LavSoft.exe,atualizacao,UpdateFont,D:\AtelieProd\MOD\apps\legacy-runtime\Equipexe\Exe\LavSoft.exe,10150400,,2017-07-24T13:36:26
LavSoft.exe,sinal-relacionado,EInvalidOperation,D:\AtelieProd\MOD\apps\legacy-runtime\Equipexe\Exe\LavSoft.exe,10150400,,2017-07-24T13:36:26
LavSoft.exe,sinal-relacionado,EInvalidGraphic,D:\AtelieProd\MOD\apps\legacy-runtime\Equipexe\Exe\LavSoft.exe,10150400,,2017-07-24T13:36:26
LavSoft.exe,sinal-relacionado,EInvalidGraphicOperation,D:\AtelieProd\MOD\apps\legacy-runtime\Equipexe\Exe\LavSoft.exe,10150400,,2017-07-24T13:36:26
LavSoft.exe,licenciamento,Ctl3dRegister,D:\AtelieProd\MOD\apps\legacy-runtime\Equipexe\Exe\LavSoft.exe,10150400,,2017-07-24T13:36:26
LavSoft.exe,licenciamento,Ctl3dUnregister,D:\AtelieProd\MOD\apps\legacy-runtime\Equipexe\Exe\LavSoft.exe,10150400,,2017-07-24T13:36:26
LavSoft.exe,autenticacao-permissao,PasswordChar,D:\AtelieProd\MOD\apps\legacy-runtime\Equipexe\Exe\LavSoft.exe,10150400,,2017-07-24T13:36:26
LavSoft.exe,sinal-relacionado,ofNoValidate,D:\AtelieProd\MOD\apps\legacy-runtime\Equipexe\Exe\LavSoft.exe,10150400,,2017-07-24T13:36:26
LavSoft.exe,autenticacao-permissao,TPasswordDialog,D:\AtelieProd\MOD\apps\legacy-runtime\Equipexe\Exe\LavSoft.exe,10150400,,2017-07-24T13:36:26
LavSoft.exe,autenticacao-permissao,Password,D:\AtelieProd\MOD\apps\legacy-runtime\Equipexe\Exe\LavSoft.exe,10150400,,2017-07-24T13:36:26
LavSoft.exe,atualizacao,batUpdate,D:\AtelieProd\MOD\apps\legacy-runtime\Equipexe\Exe\LavSoft.exe,10150400,,2017-07-24T13:36:26
LavSoft.exe,atualizacao,batAppendUpdate,D:\AtelieProd\MOD\apps\legacy-runtime\Equipexe\Exe\LavSoft.exe,10150400,,2017-07-24T13:36:26
LavSoft.exe,atualizacao,UpdateMode,D:\AtelieProd\MOD\apps\legacy-runtime\Equipexe\Exe\LavSoft.exe,10150400,,2017-07-24T13:36:26
LavSoft.exe,atualizacao,UpdateObject,D:\AtelieProd\MOD\apps\legacy-runtime\Equipexe\Exe\LavSoft.exe,10150400,,2017-07-24T13:36:26
LavSoft.exe,autenticacao-permissao,TPasswordEvent,D:\AtelieProd\MOD\apps\legacy-runtime\Equipexe\Exe\LavSoft.exe,10150400,,2017-07-24T13:36:26
LavSoft.exe,autenticacao-permissao,OnPassword,D:\AtelieProd\MOD\apps\legacy-runtime\Equipexe\Exe\LavSoft.exe,10150400,,2017-07-24T13:36:26
LavSoft.exe,atualizacao,TUpdateErrorEvent,D:\AtelieProd\MOD\apps\legacy-runtime\Equipexe\Exe\LavSoft.exe,10150400,,2017-07-24T13:36:26
LavSoft.exe,atualizacao,UpdateKind,D:\AtelieProd\MOD\apps\legacy-runtime\Equipexe\Exe\LavSoft.exe,10150400,,2017-07-24T13:36:26
LavSoft.exe,atualizacao,TUpdateKind,D:\AtelieProd\MOD\apps\legacy-runtime\Equipexe\Exe\LavSoft.exe,10150400,,2017-07-24T13:36:26
LavSoft.exe,atualizacao,UpdateAction,D:\AtelieProd\MOD\apps\legacy-runtime\Equipexe\Exe\LavSoft.exe,10150400,,2017-07-24T13:36:26
LavSoft.exe,atualizacao,TUpdateAction,D:\AtelieProd\MOD\apps\legacy-runtime\Equipexe\Exe\LavSoft.exe,10150400,,2017-07-24T13:36:26
LavSoft.exe,atualizacao,TUpdateRecordEvent,D:\AtelieProd\MOD\apps\legacy-runtime\Equipexe\Exe\LavSoft.exe,10150400,,2017-07-24T13:36:26
LavSoft.exe,atualizacao,TDataSetUpdateObject,D:\AtelieProd\MOD\apps\legacy-runtime\Equipexe\Exe\LavSoft.exe,10150400,,2017-07-24T13:36:26
LavSoft.exe,atualizacao,CachedUpdates,D:\AtelieProd\MOD\apps\legacy-runtime\Equipexe\Exe\LavSoft.exe,10150400,,2017-07-24T13:36:26
LavSoft.exe,atualizacao,OnUpdateError,D:\AtelieProd\MOD\apps\legacy-runtime\Equipexe\Exe\LavSoft.exe,10150400,,2017-07-24T13:36:26
LavSoft.exe,atualizacao,OnUpdateRecord ,D:\AtelieProd\MOD\apps\legacy-runtime\Equipexe\Exe\LavSoft.exe,10150400,,2017-07-24T13:36:26
LavSoft.exe,atualizacao,TUpdateMode,D:\AtelieProd\MOD\apps\legacy-runtime\Equipexe\Exe\LavSoft.exe,10150400,,2017-07-24T13:36:26
LavSoft.exe,atualizacao,OnUpdateData,D:\AtelieProd\MOD\apps\legacy-runtime\Equipexe\Exe\LavSoft.exe,10150400,,2017-07-24T13:36:26
LavSoft.exe,sinal-relacionado,OnValidate,D:\AtelieProd\MOD\apps\legacy-runtime\Equipexe\Exe\LavSoft.exe,10150400,,2017-07-24T13:36:26
LavSoft.exe,licenciamento,RegisterClient,D:\AtelieProd\MOD\apps\legacy-runtime\Equipexe\Exe\LavSoft.exe,10150400,,2017-07-24T13:36:26
LavSoft.exe,autenticacao-permissao,PASSWORD,D:\AtelieProd\MOD\apps\legacy-runtime\Equipexe\Exe\LavSoft.exe,10150400,,2017-07-24T13:36:26
LavSoft.exe,sinal-relacionado,EInvalidGridOperation,D:\AtelieProd\MOD\apps\legacy-runtime\Equipexe\Exe\LavSoft.exe,10150400,,2017-07-24T13:36:26
LavSoft.exe,sinal-relacionado,Controladores1,D:\AtelieProd\MOD\apps\legacy-runtime\Equipexe\Exe\LavSoft.exe,10150400,,2017-07-24T13:36:26
LavSoft.exe,sinal-relacionado,Ed_CampoChave,D:\AtelieProd\MOD\apps\legacy-runtime\Equipexe\Exe\LavSoft.exe,10150400,,2017-07-24T13:36:26
LavSoft.exe,sinal-relacionado,Ed_CampoChavePrim,D:\AtelieProd\MOD\apps\legacy-runtime\Equipexe\Exe\LavSoft.exe,10150400,,2017-07-24T13:36:26
LavSoft.exe,autenticacao-permissao,Im_Senha,D:\AtelieProd\MOD\apps\legacy-runtime\Equipexe\Exe\LavSoft.exe,10150400,,2017-07-24T13:36:26
LavSoft.exe,autenticacao-permissao,Lb_TitSenha,D:\AtelieProd\MOD\apps\legacy-runtime\Equipexe\Exe\LavSoft.exe,10150400,,2017-07-24T13:36:26
LavSoft.exe,autenticacao-permissao,Ed_Senha,D:\AtelieProd\MOD\apps\legacy-runtime\Equipexe\Exe\LavSoft.exe,10150400,,2017-07-24T13:36:26
LavSoft.exe,autenticacao-permissao,Ed_SenhaKeyPress,D:\AtelieProd\MOD\apps\legacy-runtime\Equipexe\Exe\LavSoft.exe,10150400,,2017-07-24T13:36:26
LavSoft.exe,autenticacao-permissao,TFC_DigSenha,D:\AtelieProd\MOD\apps\legacy-runtime\Equipexe\Exe\LavSoft.exe,10150400,,2017-07-24T13:36:26
LavSoft.exe,autenticacao-permissao,TFC_DigSenha|NI,D:\AtelieProd\MOD\apps\legacy-runtime\Equipexe\Exe\LavSoft.exe,10150400,,2017-07-24T13:36:26
LavSoft.exe,autenticacao-permissao,c_DigitaSenha,D:\AtelieProd\MOD\apps\legacy-runtime\Equipexe\Exe\LavSoft.exe,10150400,,2017-07-24T13:36:26
LavSoft.exe,sinal-relacionado,Registro Cancelado,D:\AtelieProd\MOD\apps\legacy-runtime\Equipexe\Exe\LavSoft.exe,10150400,,2017-07-24T13:36:26
LavSoft.exe,autenticacao-permissao,CodUsuario,D:\AtelieProd\MOD\apps\legacy-runtime\Equipexe\Exe\LavSoft.exe,10150400,,2017-07-24T13:36:26
LavSoft.exe,sinal-relacionado,Chave,D:\AtelieProd\MOD\apps\legacy-runtime\Equipexe\Exe\LavSoft.exe,10150400,,2017-07-24T13:36:26
LavSoft.exe,sinal-relacionado,NomeChave,D:\AtelieProd\MOD\apps\legacy-runtime\Equipexe\Exe\LavSoft.exe,10150400,,2017-07-24T13:36:26
LavSoft.exe,atualizacao,"Existe Campos Novos, Favor Rodar Atualiza",D:\AtelieProd\MOD\apps\legacy-runtime\Equipexe\Exe\LavSoft.exe,10150400,,2017-07-24T13:36:26
LavSoft.exe,autenticacao-permissao,Senha,D:\AtelieProd\MOD\apps\legacy-runtime\Equipexe\Exe\LavSoft.exe,10150400,,2017-07-24T13:36:26
LavSoft.exe,licenciamento,:\EquipExe\Exe\ControlaBloq.exe,D:\AtelieProd\MOD\apps\legacy-runtime\Equipexe\Exe\LavSoft.exe,10150400,,2017-07-24T13:36:26
LavSoft.exe,licenciamento,Desbloqueio pela internet n,D:\AtelieProd\MOD\apps\legacy-runtime\Equipexe\Exe\LavSoft.exe,10150400,,2017-07-24T13:36:26
LavSoft.exe,autenticacao-permissao,\Nivel.Db,D:\AtelieProd\MOD\apps\legacy-runtime\Equipexe\Exe\LavSoft.exe,10150400,,2017-07-24T13:36:26
LavSoft.exe,autenticacao-permissao,Nivel,D:\AtelieProd\MOD\apps\legacy-runtime\Equipexe\Exe\LavSoft.exe,10150400,,2017-07-24T13:36:26
LavSoft.exe,autenticacao-permissao,iSenha,D:\AtelieProd\MOD\apps\legacy-runtime\Equipexe\Exe\LavSoft.exe,10150400,,2017-07-24T13:36:26
LavSoft.exe,autenticacao-permissao,Digite a Senha ,D:\AtelieProd\MOD\apps\legacy-runtime\Equipexe\Exe\LavSoft.exe,10150400,,2017-07-24T13:36:26
LavSoft.exe,sinal-relacionado,"Registro Cancelado, Favor Verifique...",D:\AtelieProd\MOD\apps\legacy-runtime\Equipexe\Exe\LavSoft.exe,10150400,,2017-07-24T13:36:26
LavSoft.exe,autenticacao-permissao,Senha n,D:\AtelieProd\MOD\apps\legacy-runtime\Equipexe\Exe\LavSoft.exe,10150400,,2017-07-24T13:36:26
LavSoft.exe,autenticacao-permissao,O Usuario ,D:\AtelieProd\MOD\apps\legacy-runtime\Equipexe\Exe\LavSoft.exe,10150400,,2017-07-24T13:36:26
LavSoft.exe,sinal-relacionado,Registro Ser,D:\AtelieProd\MOD\apps\legacy-runtime\Equipexe\Exe\LavSoft.exe,10150400,,2017-07-24T13:36:26
LavSoft.exe,sinal-relacionado,Total de Registros Trocados....: ,D:\AtelieProd\MOD\apps\legacy-runtime\Equipexe\Exe\LavSoft.exe,10150400,,2017-07-24T13:36:26
LavSoft.exe,sinal-relacionado,Total de Registros N,D:\AtelieProd\MOD\apps\legacy-runtime\Equipexe\Exe\LavSoft.exe,10150400,,2017-07-24T13:36:26
LavSoft.exe,licenciamento,"o Desbloqueada, Tente novamente",D:\AtelieProd\MOD\apps\legacy-runtime\Equipexe\Exe\LavSoft.exe,10150400,,2017-07-24T13:36:26
LavSoft.exe,autenticacao-permissao,Senha Incorreta,D:\AtelieProd\MOD\apps\legacy-runtime\Equipexe\Exe\LavSoft.exe,10150400,,2017-07-24T13:36:26
LavSoft.exe,licenciamento,> esta bloqueado-,D:\AtelieProd\MOD\apps\legacy-runtime\Equipexe\Exe\LavSoft.exe,10150400,,2017-07-24T13:36:26
LavSoft.exe,licenciamento,CB_BloqueiaLancPag,D:\AtelieProd\MOD\apps\legacy-runtime\Equipexe\Exe\LavSoft.exe,10150400,,2017-07-24T13:36:26
LavSoft.exe,licenciamento,2-O Caminho do NovoReg.db ,D:\AtelieProd\MOD\apps\legacy-runtime\Equipexe\Exe\LavSoft.exe,10150400,,2017-07-24T13:36:26
LavSoft.exe,licenciamento,\NovoReg.Db,D:\AtelieProd\MOD\apps\legacy-runtime\Equipexe\Exe\LavSoft.exe,10150400,,2017-07-24T13:36:26
LavSoft.exe,licenciamento,NovoReg.Db,D:\AtelieProd\MOD\apps\legacy-runtime\Equipexe\Exe\LavSoft.exe,10150400,,2017-07-24T13:36:26
LavSoft.exe,licenciamento,dbo.NovoReg,D:\AtelieProd\MOD\apps\legacy-runtime\Equipexe\Exe\LavSoft.exe,10150400,,2017-07-24T13:36:26
LavSoft.exe,sinal-relacionado, de Travar o Registro,D:\AtelieProd\MOD\apps\legacy-runtime\Equipexe\Exe\LavSoft.exe,10150400,,2017-07-24T13:36:26
LavSoft.exe,sinal-relacionado, criado o Registro,D:\AtelieProd\MOD\apps\legacy-runtime\Equipexe\Exe\LavSoft.exe,10150400,,2017-07-24T13:36:26
LavSoft.exe,sinal-relacionado,2-Criado Registro vazio,D:\AtelieProd\MOD\apps\legacy-runtime\Equipexe\Exe\LavSoft.exe,10150400,,2017-07-24T13:36:26
LavSoft.exe,sinal-relacionado,2-Gravar Chave,D:\AtelieProd\MOD\apps\legacy-runtime\Equipexe\Exe\LavSoft.exe,10150400,,2017-07-24T13:36:26
LavSoft.exe,sinal-relacionado,2-Resposicionado o Registro,D:\AtelieProd\MOD\apps\legacy-runtime\Equipexe\Exe\LavSoft.exe,10150400,,2017-07-24T13:36:26
LavSoft.exe,sinal-relacionado,o foi possivel gravar o Registro ,D:\AtelieProd\MOD\apps\legacy-runtime\Equipexe\Exe\LavSoft.exe,10150400,,2017-07-24T13:36:26
LavSoft.exe,licenciamento,ExibeMenNovoReg,D:\AtelieProd\MOD\apps\legacy-runtime\Equipexe\Exe\LavSoft.exe,10150400,,2017-07-24T13:36:26
LavSoft.exe,licenciamento,NovoReg,D:\AtelieProd\MOD\apps\legacy-runtime\Equipexe\Exe\LavSoft.exe,10150400,,2017-07-24T13:36:26
LavSoft.exe,autenticacao-permissao,Termino da Validade-Digite a Senha,D:\AtelieProd\MOD\apps\legacy-runtime\Equipexe\Exe\LavSoft.exe,10150400,,2017-07-24T13:36:26
LavSoft.exe,sinal-relacionado,:\EquipExe\Registro.Ini,D:\AtelieProd\MOD\apps\legacy-runtime\Equipexe\Exe\LavSoft.exe,10150400,,2017-07-24T13:36:26
LavSoft.exe,licenciamento,SearchRegister,D:\AtelieProd\MOD\apps\legacy-runtime\Equipexe\Exe\LavSoft.exe,10150400,,2017-07-24T13:36:26
LavSoft.exe,sinal-relacionado,Chave1,D:\AtelieProd\MOD\apps\legacy-runtime\Equipexe\Exe\LavSoft.exe,10150400,,2017-07-24T13:36:26
LavSoft.exe,sinal-relacionado,CONTROLAINI,D:\AtelieProd\MOD\apps\legacy-runtime\Equipexe\Exe\LavSoft.exe,10150400,,2017-07-24T13:36:26
LavSoft.exe,atualizacao,Versao,D:\AtelieProd\MOD\apps\legacy-runtime\Equipexe\Exe\LavSoft.exe,10150400,,2017-07-24T13:36:26
LavSoft.exe,autenticacao-permissao,ControlaSenha,D:\AtelieProd\MOD\apps\legacy-runtime\Equipexe\Exe\LavSoft.exe,10150400,,2017-07-24T13:36:26
LavSoft.exe,sinal-relacionado,Registro no tradu,D:\AtelieProd\MOD\apps\legacy-runtime\Equipexe\Exe\LavSoft.exe,10150400,,2017-07-24T13:36:26
LavSoft.exe,atualizacao,RS_ByteVersion,D:\AtelieProd\MOD\apps\legacy-runtime\Equipexe\Exe\LavSoft.exe,10150400,,2017-07-24T13:36:26
LavSoft.exe,licenciamento,RS_RegisterWaitLoopCallback,D:\AtelieProd\MOD\apps\legacy-runtime\Equipexe\Exe\LavSoft.exe,10150400,,2017-07-24T13:36:26
LavSoft.exe,sinal-relacionado,RG_ControlaTab,D:\AtelieProd\MOD\apps\legacy-runtime\Equipexe\Exe\LavSoft.exe,10150400,,2017-07-24T13:36:26
LavSoft.exe,autenticacao-permissao,Pn_Grupo2,D:\AtelieProd\MOD\apps\legacy-runtime\Equipexe\Exe\LavSoft.exe,10150400,,2017-07-24T13:36:26
LavSoft.exe,autenticacao-permissao,Pn_Grupo3,D:\AtelieProd\MOD\apps\legacy-runtime\Equipexe\Exe\LavSoft.exe,10150400,,2017-07-24T13:36:26
LavSoft.exe,autenticacao-permissao,Pn_Grupo4,D:\AtelieProd\MOD\apps\legacy-runtime\Equipexe\Exe\LavSoft.exe,10150400,,2017-07-24T13:36:26
LavSoft.exe,autenticacao-permissao,Tb_CadVenSenhat,D:\AtelieProd\MOD\apps\legacy-runtime\Equipexe\Exe\LavSoft.exe,10150400,,2017-07-24T13:36:26
LavSoft.exe,autenticacao-permissao,ME_Senha,D:\AtelieProd\MOD\apps\legacy-runtime\Equipexe\Exe\LavSoft.exe,10150400,,2017-07-24T13:36:26
LavSoft.exe,autenticacao-permissao,Grupo n,D:\AtelieProd\MOD\apps\legacy-runtime\Equipexe\Exe\LavSoft.exe,10150400,,2017-07-24T13:36:26
LavSoft.exe,autenticacao-permissao,iDesGrupo2,D:\AtelieProd\MOD\apps\legacy-runtime\Equipexe\Exe\LavSoft.exe,10150400,,2017-07-24T13:36:26
LavSoft.exe,autenticacao-permissao,iDesGrupo3,D:\AtelieProd\MOD\apps\legacy-runtime\Equipexe\Exe\LavSoft.exe,10150400,,2017-07-24T13:36:26
LavSoft.exe,autenticacao-permissao,iDesGrupo4,D:\AtelieProd\MOD\apps\legacy-runtime\Equipexe\Exe\LavSoft.exe,10150400,,2017-07-24T13:36:26
LavSoft.exe,sinal-relacionado,"Data Invalida, por favor verifique",D:\AtelieProd\MOD\apps\legacy-runtime\Equipexe\Exe\LavSoft.exe,10150400,,2017-07-24T13:36:26
LavSoft.exe,sinal-relacionado,"Hora Invalida, por favor verifique",D:\AtelieProd\MOD\apps\legacy-runtime\Equipexe\Exe\LavSoft.exe,10150400,,2017-07-24T13:36:26
LavSoft.exe,sinal-relacionado,"Numero Invalido, por favor verifique",D:\AtelieProd\MOD\apps\legacy-runtime\Equipexe\Exe\LavSoft.exe,10150400,,2017-07-24T13:36:26
LavSoft.exe,sinal-relacionado,"Valor Invalido, por favor verifique",D:\AtelieProd\MOD\apps\legacy-runtime\Equipexe\Exe\LavSoft.exe,10150400,,2017-07-24T13:36:26
LavSoft.exe,sinal-relacionado,Tb_CEP_LogCHAVE_LOG(,D:\AtelieProd\MOD\apps\legacy-runtime\Equipexe\Exe\LavSoft.exe,10150400,,2017-07-24T13:36:26
LavSoft.exe,sinal-relacionado,Chave_Bai,D:\AtelieProd\MOD\apps\legacy-runtime\Equipexe\Exe\LavSoft.exe,10150400,,2017-07-24T13:36:26
LavSoft.exe,autenticacao-permissao,Pn_Grupo|,D:\AtelieProd\MOD\apps\legacy-runtime\Equipexe\Exe\LavSoft.exe,10150400,,2017-07-24T13:36:26
LavSoft.exe,autenticacao-permissao,Lb_Grupo,D:\AtelieProd\MOD\apps\legacy-runtime\Equipexe\Exe\LavSoft.exe,10150400,,2017-07-24T13:36:26
LavSoft.exe,licenciamento,IncNovoRegCli,D:\AtelieProd\MOD\apps\legacy-runtime\Equipexe\Exe\LavSoft.exe,10150400,,2017-07-24T13:36:26
LavSoft.exe,sinal-relacionado,ControlaTab,D:\AtelieProd\MOD\apps\legacy-runtime\Equipexe\Exe\LavSoft.exe,10150400,,2017-07-24T13:36:26
LavSoft.exe,sinal-relacionado,Registro j,D:\AtelieProd\MOD\apps\legacy-runtime\Equipexe\Exe\LavSoft.exe,10150400,,2017-07-24T13:36:26
LavSoft.exe,autenticacao-permissao,iDesGrupo,D:\AtelieProd\MOD\apps\legacy-runtime\Equipexe\Exe\LavSoft.exe,10150400,,2017-07-24T13:36:26
LavSoft.exe,licenciamento,BloqueiaConhceu,D:\AtelieProd\MOD\apps\legacy-runtime\Equipexe\Exe\LavSoft.exe,10150400,,2017-07-24T13:36:26
LavSoft.exe,sinal-relacionado,Qry_CamposChave,D:\AtelieProd\MOD\apps\legacy-runtime\Equipexe\Exe\LavSoft.exe,10150400,,2017-07-24T13:36:26
LavSoft.exe,atualizacao,Qry_AtualizaSQL,D:\AtelieProd\MOD\apps\legacy-runtime\Equipexe\Exe\LavSoft.exe,10150400,,2017-07-24T13:36:26
LavSoft.exe,sinal-relacionado,"A.NomeArquivo,C.NomeArquivo,A.Caminho1,A.Caminho2,C.Campo,C.Chave",D:\AtelieProd\MOD\apps\legacy-runtime\Equipexe\Exe\LavSoft.exe,10150400,,2017-07-24T13:36:26
LavSoft.exe,atualizacao,* Atualizando ,D:\AtelieProd\MOD\apps\legacy-runtime\Equipexe\Exe\LavSoft.exe,10150400,,2017-07-24T13:36:26
LavSoft.exe,atualizacao,"UpDate """,D:\AtelieProd\MOD\apps\legacy-runtime\Equipexe\Exe\LavSoft.exe,10150400,,2017-07-24T13:36:26
LavSoft.exe,atualizacao, Atualizando SQL,D:\AtelieProd\MOD\apps\legacy-runtime\Equipexe\Exe\LavSoft.exe,10150400,,2017-07-24T13:36:26
LavSoft.exe,atualizacao,"Update "":",D:\AtelieProd\MOD\apps\legacy-runtime\Equipexe\Exe\LavSoft.exe,10150400,,2017-07-24T13:36:26
LavSoft.exe,atualizacao, Atualizando Clientes,D:\AtelieProd\MOD\apps\legacy-runtime\Equipexe\Exe\LavSoft.exe,10150400,,2017-07-24T13:36:26
LavSoft.exe,sinal-relacionado, registro j,D:\AtelieProd\MOD\apps\legacy-runtime\Equipexe\Exe\LavSoft.exe,10150400,,2017-07-24T13:36:26
LavSoft.exe,sinal-relacionado,Esses registros ser,D:\AtelieProd\MOD\apps\legacy-runtime\Equipexe\Exe\LavSoft.exe,10150400,,2017-07-24T13:36:26
LavSoft.exe,atualizacao,Efetuar atualiza,D:\AtelieProd\MOD\apps\legacy-runtime\Equipexe\Exe\LavSoft.exe,10150400,,2017-07-24T13:36:26
LavSoft.exe,atualizacao,A data para atualiza,D:\AtelieProd\MOD\apps\legacy-runtime\Equipexe\Exe\LavSoft.exe,10150400,,2017-07-24T13:36:26
LavSoft.exe,atualizacao,Deseja continuar com a atualiza,D:\AtelieProd\MOD\apps\legacy-runtime\Equipexe\Exe\LavSoft.exe,10150400,,2017-07-24T13:36:26
LavSoft.exe,autenticacao-permissao,Grupo,D:\AtelieProd\MOD\apps\legacy-runtime\Equipexe\Exe\LavSoft.exe,10150400,,2017-07-24T13:36:26
LavSoft.exe,sinal-relacionado,Recupera Registro,D:\AtelieProd\MOD\apps\legacy-runtime\Equipexe\Exe\LavSoft.exe,10150400,,2017-07-24T13:36:26
LavSoft.exe,sinal-relacionado,Cancela Registro,D:\AtelieProd\MOD\apps\legacy-runtime\Equipexe\Exe\LavSoft.exe,10150400,,2017-07-24T13:36:26
LavSoft.exe,sinal-relacionado,Registro inv,D:\AtelieProd\MOD\apps\legacy-runtime\Equipexe\Exe\LavSoft.exe,10150400,,2017-07-24T13:36:26
LavSoft.exe,autenticacao-permissao,SB_MarcaGrupo,D:\AtelieProd\MOD\apps\legacy-runtime\Equipexe\Exe\LavSoft.exe,10150400,,2017-07-24T13:36:26
LavSoft.exe,autenticacao-permissao,"SB_MarcaGrupoClick""",D:\AtelieProd\MOD\apps\legacy-runtime\Equipexe\Exe\LavSoft.exe,10150400,,2017-07-24T13:36:26
LavSoft.exe,sinal-relacionado,Deseja Cancelar Registro,D:\AtelieProd\MOD\apps\legacy-runtime\Equipexe\Exe\LavSoft.exe,10150400,,2017-07-24T13:36:26
LavSoft.exe,sinal-relacionado,Recupera Registro Cancelado,D:\AtelieProd\MOD\apps\legacy-runtime\Equipexe\Exe\LavSoft.exe,10150400,,2017-07-24T13:36:26
LavSoft.exe,sinal-relacionado,CB_ControlaP,D:\AtelieProd\MOD\apps\legacy-runtime\Equipexe\Exe\LavSoft.exe,10150400,,2017-07-24T13:36:26
LavSoft.exe,sinal-relacionado,CB_ControlaPorX,D:\AtelieProd\MOD\apps\legacy-runtime\Equipexe\Exe\LavSoft.exe,10150400,,2017-07-24T13:36:26
LavSoft.exe,sinal-relacionado,Controla,D:\AtelieProd\MOD\apps\legacy-runtime\Equipexe\Exe\LavSoft.exe,10150400,,2017-07-24T13:36:26
LavSoft.exe,sinal-relacionado,ControlaPor,D:\AtelieProd\MOD\apps\legacy-runtime\Equipexe\Exe\LavSoft.exe,10150400,,2017-07-24T13:36:26
LavSoft.exe,sinal-relacionado,Tb_ClientesControlaTab,D:\AtelieProd\MOD\apps\legacy-runtime\Equipexe\Exe\LavSoft.exe,10150400,,2017-07-24T13:36:26
LavSoft.exe,autenticacao-permissao,TrocaGrupodeCdigo1,D:\AtelieProd\MOD\apps\legacy-runtime\Equipexe\Exe\LavSoft.exe,10150400,,2017-07-24T13:36:26
LavSoft.exe,autenticacao-permissao,Tb_GruCli2DesGrupo,D:\AtelieProd\MOD\apps\legacy-runtime\Equipexe\Exe\LavSoft.exe,10150400,,2017-07-24T13:36:26
LavSoft.exe,autenticacao-permissao,Tb_GruCli2ObsGrupo,D:\AtelieProd\MOD\apps\legacy-runtime\Equipexe\Exe\LavSoft.exe,10150400,,2017-07-24T13:36:26
LavSoft.exe,autenticacao-permissao,Tb_GruCli3DesGrupo,D:\AtelieProd\MOD\apps\legacy-runtime\Equipexe\Exe\LavSoft.exe,10150400,,2017-07-24T13:36:26
LavSoft.exe,autenticacao-permissao,Tb_GruCli3ObsGrupo,D:\AtelieProd\MOD\apps\legacy-runtime\Equipexe\Exe\LavSoft.exe,10150400,,2017-07-24T13:36:26
LavSoft.exe,autenticacao-permissao,Tb_GruCliDesGrupo\,D:\AtelieProd\MOD\apps\legacy-runtime\Equipexe\Exe\LavSoft.exe,10150400,,2017-07-24T13:36:26
LavSoft.exe,autenticacao-permissao,Tb_GruCliObsGrupo`,D:\AtelieProd\MOD\apps\legacy-runtime\Equipexe\Exe\LavSoft.exe,10150400,,2017-07-24T13:36:26
LavSoft.exe,licenciamento,Tb_NovoReg,D:\AtelieProd\MOD\apps\legacy-runtime\Equipexe\Exe\LavSoft.exe,10150400,,2017-07-24T13:36:26
LavSoft.exe,sinal-relacionado,ControlaLimiteCredito1,D:\AtelieProd\MOD\apps\legacy-runtime\Equipexe\Exe\LavSoft.exe,10150400,,2017-07-24T13:36:26
LavSoft.exe,licenciamento,BloqControlaLimiteCredito18,D:\AtelieProd\MOD\apps\legacy-runtime\Equipexe\Exe\LavSoft.exe,10150400,,2017-07-24T13:36:26
LavSoft.exe,autenticacao-permissao,Tb_ClientesResUsuario`,D:\AtelieProd\MOD\apps\legacy-runtime\Equipexe\Exe\LavSoft.exe,10150400,,2017-07-24T13:36:26
LavSoft.exe,autenticacao-permissao,Tb_GruCliCorGrupo,D:\AtelieProd\MOD\apps\legacy-runtime\Equipexe\Exe\LavSoft.exe,10150400,,2017-07-24T13:36:26
LavSoft.exe,autenticacao-permissao,Tb_GruCliCorGrupoF,D:\AtelieProd\MOD\apps\legacy-runtime\Equipexe\Exe\LavSoft.exe,10150400,,2017-07-24T13:36:26
LavSoft.exe,autenticacao-permissao,Tb_GruCli4CorGrupo,D:\AtelieProd\MOD\apps\legacy-runtime\Equipexe\Exe\LavSoft.exe,10150400,,2017-07-24T13:36:26
LavSoft.exe,autenticacao-permissao,Tb_GruCli4CorGrupoF,D:\AtelieProd\MOD\apps\legacy-runtime\Equipexe\Exe\LavSoft.exe,10150400,,2017-07-24T13:36:26
LavSoft.exe,autenticacao-permissao,Tb_GruCli3CorGrupo,D:\AtelieProd\MOD\apps\legacy-runtime\Equipexe\Exe\LavSoft.exe,10150400,,2017-07-24T13:36:26
LavSoft.exe,autenticacao-permissao,Tb_GruCli3CorGrupoF,D:\AtelieProd\MOD\apps\legacy-runtime\Equipexe\Exe\LavSoft.exe,10150400,,2017-07-24T13:36:26
LavSoft.exe,autenticacao-permissao,Tb_GruCli2CorGrupo,D:\AtelieProd\MOD\apps\legacy-runtime\Equipexe\Exe\LavSoft.exe,10150400,,2017-07-24T13:36:26
LavSoft.exe,autenticacao-permissao,Tb_GruCli2CorGrupoF,D:\AtelieProd\MOD\apps\legacy-runtime\Equipexe\Exe\LavSoft.exe,10150400,,2017-07-24T13:36:26
LavSoft.exe,autenticacao-permissao,Tb_ClientesSenha,D:\AtelieProd\MOD\apps\legacy-runtime\Equipexe\Exe\LavSoft.exe,10150400,,2017-07-24T13:36:26
LavSoft.exe,autenticacao-permissao,GeraSenhaAutCli1,D:\AtelieProd\MOD\apps\legacy-runtime\Equipexe\Exe\LavSoft.exe,10150400,,2017-07-24T13:36:26
LavSoft.exe,sinal-relacionado,Tb_CamposChave,D:\AtelieProd\MOD\apps\legacy-runtime\Equipexe\Exe\LavSoft.exe,10150400,,2017-07-24T13:36:26
LavSoft.exe,licenciamento,BloqueiaCConheceu8,D:\AtelieProd\MOD\apps\legacy-runtime\Equipexe\Exe\LavSoft.exe,10150400,,2017-07-24T13:36:26
LavSoft.exe,autenticacao-permissao,Tb_Niveld,D:\AtelieProd\MOD\apps\legacy-runtime\Equipexe\Exe\LavSoft.exe,10150400,,2017-07-24T13:36:26
LavSoft.exe,autenticacao-permissao,LimpasenhadoCliente1,D:\AtelieProd\MOD\apps\legacy-runtime\Equipexe\Exe\LavSoft.exe,10150400,,2017-07-24T13:36:26
LavSoft.exe,sinal-relacionado,Controlaprazoparapagto1,D:\AtelieProd\MOD\apps\legacy-runtime\Equipexe\Exe\LavSoft.exe,10150400,,2017-07-24T13:36:26
LavSoft.exe,licenciamento,BloqueiaClientesinadimplentes1,D:\AtelieProd\MOD\apps\legacy-runtime\Equipexe\Exe\LavSoft.exe,10150400,,2017-07-24T13:36:26
LavSoft.exe,sinal-relacionado,PosicionaRegistro,D:\AtelieProd\MOD\apps\legacy-runtime\Equipexe\Exe\LavSoft.exe,10150400,,2017-07-24T13:36:26
LavSoft.exe,autenticacao-permissao,TrocaGrupodeCdigo1Click,D:\AtelieProd\MOD\apps\legacy-runtime\Equipexe\Exe\LavSoft.exe,10150400,,2017-07-24T13:36:26
LavSoft.exe,sinal-relacionado,ControlaLimiteCredito1Click&,D:\AtelieProd\MOD\apps\legacy-runtime\Equipexe\Exe\LavSoft.exe,10150400,,2017-07-24T13:36:26
LavSoft.exe,licenciamento,BloqControlaLimiteCredito1Click,D:\AtelieProd\MOD\apps\legacy-runtime\Equipexe\Exe\LavSoft.exe,10150400,,2017-07-24T13:36:26
LavSoft.exe,autenticacao-permissao,GeraSenhaAutCli1Click,D:\AtelieProd\MOD\apps\legacy-runtime\Equipexe\Exe\LavSoft.exe,10150400,,2017-07-24T13:36:26
LavSoft.exe,licenciamento,BloqueiaCConheceuClick ,D:\AtelieProd\MOD\apps\legacy-runtime\Equipexe\Exe\LavSoft.exe,10150400,,2017-07-24T13:36:26
LavSoft.exe,autenticacao-permissao,LimpasenhadoCliente1Click,D:\AtelieProd\MOD\apps\legacy-runtime\Equipexe\Exe\LavSoft.exe,10150400,,2017-07-24T13:36:26
LavSoft.exe,sinal-relacionado,Controlaprazoparapagto1Click*,D:\AtelieProd\MOD\apps\legacy-runtime\Equipexe\Exe\LavSoft.exe,10150400,,2017-07-24T13:36:26
LavSoft.exe,licenciamento,#BloqueiaClientesinadimplentes1Click,D:\AtelieProd\MOD\apps\legacy-runtime\Equipexe\Exe\LavSoft.exe,10150400,,2017-07-24T13:36:26
LavSoft.exe,licenciamento,"o bloqueada, favor efetuar esta opera",D:\AtelieProd\MOD\apps\legacy-runtime\Equipexe\Exe\LavSoft.exe,10150400,,2017-07-24T13:36:26
LavSoft.exe,sinal-relacionado,Registro Inv,D:\AtelieProd\MOD\apps\legacy-runtime\Equipexe\Exe\LavSoft.exe,10150400,,2017-07-24T13:36:26
LavSoft.exe,autenticacao-permissao,GeraSenhaAutCli,D:\AtelieProd\MOD\apps\legacy-runtime\Equipexe\Exe\LavSoft.exe,10150400,,2017-07-24T13:36:26
LavSoft.exe,licenciamento,BloqLimiteCred,D:\AtelieProd\MOD\apps\legacy-runtime\Equipexe\Exe\LavSoft.exe,10150400,,2017-07-24T13:36:26
LavSoft.exe,sinal-relacionado,ControlaLimitePagto,D:\AtelieProd\MOD\apps\legacy-runtime\Equipexe\Exe\LavSoft.exe,10150400,,2017-07-24T13:36:26
LavSoft.exe,licenciamento,BloqueiaClientesinadimplentes,D:\AtelieProd\MOD\apps\legacy-runtime\Equipexe\Exe\LavSoft.exe,10150400,,2017-07-24T13:36:26
LavSoft.exe,atualizacao,Clientes Atualizados: ,D:\AtelieProd\MOD\apps\legacy-runtime\Equipexe\Exe\LavSoft.exe,10150400,,2017-07-24T13:36:26
LavSoft.exe,autenticacao-permissao,o da senha,D:\AtelieProd\MOD\apps\legacy-runtime\Equipexe\Exe\LavSoft.exe,10150400,,2017-07-24T13:36:26
LavSoft.exe,autenticacao-permissao,O PARA NOVA SENHA,D:\AtelieProd\MOD\apps\legacy-runtime\Equipexe\Exe\LavSoft.exe,10150400,,2017-07-24T13:36:26
LavSoft.exe,atualizacao,UpDate ,D:\AtelieProd\MOD\apps\legacy-runtime\Equipexe\Exe\LavSoft.exe,10150400,,2017-07-24T13:36:26
LavSoft.exe,licenciamento,"mero de dias, para bloquear cliente inadimplemnte.",D:\AtelieProd\MOD\apps\legacy-runtime\Equipexe\Exe\LavSoft.exe,10150400,,2017-07-24T13:36:26
LavSoft.exe,autenticacao-permissao,Pn_Grupo,D:\AtelieProd\MOD\apps\legacy-runtime\Equipexe\Exe\LavSoft.exe,10150400,,2017-07-24T13:36:26
LavSoft.exe,autenticacao-permissao,DBLC_dGrupo,D:\AtelieProd\MOD\apps\legacy-runtime\Equipexe\Exe\LavSoft.exe,10150400,,2017-07-24T13:36:26
LavSoft.exe,autenticacao-permissao,DBLC_dGrupo4,D:\AtelieProd\MOD\apps\legacy-runtime\Equipexe\Exe\LavSoft.exe,10150400,,2017-07-24T13:36:26
LavSoft.exe,autenticacao-permissao,DBLC_dGrupo2,D:\AtelieProd\MOD\apps\legacy-runtime\Equipexe\Exe\LavSoft.exe,10150400,,2017-07-24T13:36:26
LavSoft.exe,autenticacao-permissao,DBLC_dGrupo3,D:\AtelieProd\MOD\apps\legacy-runtime\Equipexe\Exe\LavSoft.exe,10150400,,2017-07-24T13:36:26
LavSoft.exe,autenticacao-permissao,Tb_Grupo ,D:\AtelieProd\MOD\apps\legacy-runtime\Equipexe\Exe\LavSoft.exe,10150400,,2017-07-24T13:36:26
LavSoft.exe,autenticacao-permissao,ds_Grupo$,D:\AtelieProd\MOD\apps\legacy-runtime\Equipexe\Exe\LavSoft.exe,10150400,,2017-07-24T13:36:26
LavSoft.exe,autenticacao-permissao,Tb_GrupoGruCli(,D:\AtelieProd\MOD\apps\legacy-runtime\Equipexe\Exe\LavSoft.exe,10150400,,2017-07-24T13:36:26
LavSoft.exe,autenticacao-permissao,"Tb_GrupoDesGrupo,",D:\AtelieProd\MOD\apps\legacy-runtime\Equipexe\Exe\LavSoft.exe,10150400,,2017-07-24T13:36:26
LavSoft.exe,autenticacao-permissao,Tb_Grupo20,D:\AtelieProd\MOD\apps\legacy-runtime\Equipexe\Exe\LavSoft.exe,10150400,,2017-07-24T13:36:26
LavSoft.exe,autenticacao-permissao,ds_Grupo2<,D:\AtelieProd\MOD\apps\legacy-runtime\Equipexe\Exe\LavSoft.exe,10150400,,2017-07-24T13:36:26
LavSoft.exe,autenticacao-permissao,Tb_Grupo3@,D:\AtelieProd\MOD\apps\legacy-runtime\Equipexe\Exe\LavSoft.exe,10150400,,2017-07-24T13:36:26
LavSoft.exe,autenticacao-permissao,ds_Grupo3L,D:\AtelieProd\MOD\apps\legacy-runtime\Equipexe\Exe\LavSoft.exe,10150400,,2017-07-24T13:36:26
LavSoft.exe,autenticacao-permissao,Tb_Grupo4P,D:\AtelieProd\MOD\apps\legacy-runtime\Equipexe\Exe\LavSoft.exe,10150400,,2017-07-24T13:36:26
LavSoft.exe,autenticacao-permissao,ds_Grupo4\,D:\AtelieProd\MOD\apps\legacy-runtime\Equipexe\Exe\LavSoft.exe,10150400,,2017-07-24T13:36:26
LavSoft.exe,autenticacao-permissao,Tb_GrupoObsGrupo,D:\AtelieProd\MOD\apps\legacy-runtime\Equipexe\Exe\LavSoft.exe,10150400,,2017-07-24T13:36:26
LavSoft.exe,autenticacao-permissao,Tb_GrupoCorGrupo,D:\AtelieProd\MOD\apps\legacy-runtime\Equipexe\Exe\LavSoft.exe,10150400,,2017-07-24T13:36:26
LavSoft.exe,autenticacao-permissao,Tb_GrupoCorGrupoF,D:\AtelieProd\MOD\apps\legacy-runtime\Equipexe\Exe\LavSoft.exe,10150400,,2017-07-24T13:36:26
LavSoft.exe,autenticacao-permissao,Tb_GrupoPrioridGru,D:\AtelieProd\MOD\apps\legacy-runtime\Equipexe\Exe\LavSoft.exe,10150400,,2017-07-24T13:36:26
LavSoft.exe,autenticacao-permissao,Tb_GrupoCancelado,D:\AtelieProd\MOD\apps\legacy-runtime\Equipexe\Exe\LavSoft.exe,10150400,,2017-07-24T13:36:26
LavSoft.exe,autenticacao-permissao,Tb_GrupoMotivoCan,D:\AtelieProd\MOD\apps\legacy-runtime\Equipexe\Exe\LavSoft.exe,10150400,,2017-07-24T13:36:26
LavSoft.exe,autenticacao-permissao,Tb_GrupoDatCan,D:\AtelieProd\MOD\apps\legacy-runtime\Equipexe\Exe\LavSoft.exe,10150400,,2017-07-24T13:36:26
LavSoft.exe,autenticacao-permissao,Tb_Grupo2ObsGrupo,D:\AtelieProd\MOD\apps\legacy-runtime\Equipexe\Exe\LavSoft.exe,10150400,,2017-07-24T13:36:26
LavSoft.exe,autenticacao-permissao,Tb_Grupo2CorGrupo,D:\AtelieProd\MOD\apps\legacy-runtime\Equipexe\Exe\LavSoft.exe,10150400,,2017-07-24T13:36:26
LavSoft.exe,autenticacao-permissao,Tb_Grupo2CorGrupoF,D:\AtelieProd\MOD\apps\legacy-runtime\Equipexe\Exe\LavSoft.exe,10150400,,2017-07-24T13:36:26
LavSoft.exe,autenticacao-permissao,Tb_Grupo2PrioridGru,D:\AtelieProd\MOD\apps\legacy-runtime\Equipexe\Exe\LavSoft.exe,10150400,,2017-07-24T13:36:26
LavSoft.exe,autenticacao-permissao,Tb_Grupo2Cancelado,D:\AtelieProd\MOD\apps\legacy-runtime\Equipexe\Exe\LavSoft.exe,10150400,,2017-07-24T13:36:26
LavSoft.exe,autenticacao-permissao,Tb_Grupo2MotivoCan,D:\AtelieProd\MOD\apps\legacy-runtime\Equipexe\Exe\LavSoft.exe,10150400,,2017-07-24T13:36:26
LavSoft.exe,autenticacao-permissao,Tb_Grupo2DatCan,D:\AtelieProd\MOD\apps\legacy-runtime\Equipexe\Exe\LavSoft.exe,10150400,,2017-07-24T13:36:26
LavSoft.exe,autenticacao-permissao,Tb_Grupo3ObsGrupo,D:\AtelieProd\MOD\apps\legacy-runtime\Equipexe\Exe\LavSoft.exe,10150400,,2017-07-24T13:36:26
LavSoft.exe,autenticacao-permissao,Tb_Grupo3CorGrupo,D:\AtelieProd\MOD\apps\legacy-runtime\Equipexe\Exe\LavSoft.exe,10150400,,2017-07-24T13:36:26
LavSoft.exe,autenticacao-permissao,Tb_Grupo3CorGrupoF,D:\AtelieProd\MOD\apps\legacy-runtime\Equipexe\Exe\LavSoft.exe,10150400,,2017-07-24T13:36:26
LavSoft.exe,autenticacao-permissao,Tb_Grupo3PrioridGru,D:\AtelieProd\MOD\apps\legacy-runtime\Equipexe\Exe\LavSoft.exe,10150400,,2017-07-24T13:36:26
LavSoft.exe,autenticacao-permissao,Tb_Grupo3Cancelado,D:\AtelieProd\MOD\apps\legacy-runtime\Equipexe\Exe\LavSoft.exe,10150400,,2017-07-24T13:36:26
LavSoft.exe,autenticacao-permissao,Tb_Grupo3MotivoCan,D:\AtelieProd\MOD\apps\legacy-runtime\Equipexe\Exe\LavSoft.exe,10150400,,2017-07-24T13:36:26
LavSoft.exe,autenticacao-permissao,Tb_Grupo3DatCan,D:\AtelieProd\MOD\apps\legacy-runtime\Equipexe\Exe\LavSoft.exe,10150400,,2017-07-24T13:36:26
LavSoft.exe,autenticacao-permissao,Tb_Grupo4ObsGrupo,D:\AtelieProd\MOD\apps\legacy-runtime\Equipexe\Exe\LavSoft.exe,10150400,,2017-07-24T13:36:26
LavSoft.exe,autenticacao-permissao,Tb_Grupo4CorGrupo,D:\AtelieProd\MOD\apps\legacy-runtime\Equipexe\Exe\LavSoft.exe,10150400,,2017-07-24T13:36:26
LavSoft.exe,autenticacao-permissao,Tb_Grupo4CorGrupoF,D:\AtelieProd\MOD\apps\legacy-runtime\Equipexe\Exe\LavSoft.exe,10150400,,2017-07-24T13:36:26
LavSoft.exe,autenticacao-permissao,Tb_Grupo4PrioridGru,D:\AtelieProd\MOD\apps\legacy-runtime\Equipexe\Exe\LavSoft.exe,10150400,,2017-07-24T13:36:26
LavSoft.exe,autenticacao-permissao,Tb_Grupo4Cancelado,D:\AtelieProd\MOD\apps\legacy-runtime\Equipexe\Exe\LavSoft.exe,10150400,,2017-07-24T13:36:26
LavSoft.exe,autenticacao-permissao,Tb_Grupo4MotivoCan,D:\AtelieProd\MOD\apps\legacy-runtime\Equipexe\Exe\LavSoft.exe,10150400,,2017-07-24T13:36:26
LavSoft.exe,autenticacao-permissao,Tb_Grupo4DatCan,D:\AtelieProd\MOD\apps\legacy-runtime\Equipexe\Exe\LavSoft.exe,10150400,,2017-07-24T13:36:26
LavSoft.exe,autenticacao-permissao,Tb_VendedorSenha(,D:\AtelieProd\MOD\apps\legacy-runtime\Equipexe\Exe\LavSoft.exe,10150400,,2017-07-24T13:36:26
LavSoft.exe,autenticacao-permissao,DBLC_dGrupoDropDown,D:\AtelieProd\MOD\apps\legacy-runtime\Equipexe\Exe\LavSoft.exe,10150400,,2017-07-24T13:36:26
LavSoft.exe,autenticacao-permissao,DBLC_dGrupoEnter,D:\AtelieProd\MOD\apps\legacy-runtime\Equipexe\Exe\LavSoft.exe,10150400,,2017-07-24T13:36:26
LavSoft.exe,autenticacao-permissao,DBLC_dGrupoExit,D:\AtelieProd\MOD\apps\legacy-runtime\Equipexe\Exe\LavSoft.exe,10150400,,2017-07-24T13:36:26
LavSoft.exe,autenticacao-permissao,Grupo N,D:\AtelieProd\MOD\apps\legacy-runtime\Equipexe\Exe\LavSoft.exe,10150400,,2017-07-24T13:36:26
LavSoft.exe,autenticacao-permissao,QRL_Grupos,D:\AtelieProd\MOD\apps\legacy-runtime\Equipexe\Exe\LavSoft.exe,10150400,,2017-07-24T13:36:26
LavSoft.exe,autenticacao-permissao,DesGrupo,D:\AtelieProd\MOD\apps\legacy-runtime\Equipexe\Exe\LavSoft.exe,10150400,,2017-07-24T13:36:26
LavSoft.exe,autenticacao-permissao,Pn_Grupos,D:\AtelieProd\MOD\apps\legacy-runtime\Equipexe\Exe\LavSoft.exe,10150400,,2017-07-24T13:36:26
LavSoft.exe,autenticacao-permissao,SEM GRUPO,D:\AtelieProd\MOD\apps\legacy-runtime\Equipexe\Exe\LavSoft.exe,10150400,,2017-07-24T13:36:26
LavSoft.exe,sinal-relacionado,"(not( (C.CodCli=G.Chave1) And (G.Arquivo=""CLIENTES"") And (Not G.Campo is null) ))",D:\AtelieProd\MOD\apps\legacy-runtime\Equipexe\Exe\LavSoft.exe,10150400,,2017-07-24T13:36:26
LavSoft.exe,sinal-relacionado," On(C.CodCli=G.Chave1 And G.Arquivo=""CLIENTES"")",D:\AtelieProd\MOD\apps\legacy-runtime\Equipexe\Exe\LavSoft.exe,10150400,,2017-07-24T13:36:26
LavSoft.exe,autenticacao-permissao,-Grupo: ,D:\AtelieProd\MOD\apps\legacy-runtime\Equipexe\Exe\LavSoft.exe,10150400,,2017-07-24T13:36:26
LavSoft.exe,autenticacao-permissao,-Grupo2: ,D:\AtelieProd\MOD\apps\legacy-runtime\Equipexe\Exe\LavSoft.exe,10150400,,2017-07-24T13:36:26
LavSoft.exe,autenticacao-permissao,-Grupo3: ,D:\AtelieProd\MOD\apps\legacy-runtime\Equipexe\Exe\LavSoft.exe,10150400,,2017-07-24T13:36:26
LavSoft.exe,autenticacao-permissao,-Grupo4: ,D:\AtelieProd\MOD\apps\legacy-runtime\Equipexe\Exe\LavSoft.exe,10150400,,2017-07-24T13:36:26
LavSoft.exe,autenticacao-permissao,Grupo de Clientes,D:\AtelieProd\MOD\apps\legacy-runtime\Equipexe\Exe\LavSoft.exe,10150400,,2017-07-24T13:36:26
LavSoft.exe,autenticacao-permissao,GrupoCli,D:\AtelieProd\MOD\apps\legacy-runtime\Equipexe\Exe\LavSoft.exe,10150400,,2017-07-24T13:36:26
LavSoft.exe,autenticacao-permissao,ObsGrupo,D:\AtelieProd\MOD\apps\legacy-runtime\Equipexe\Exe\LavSoft.exe,10150400,,2017-07-24T13:36:26
LavSoft.exe,autenticacao-permissao,CorGrupo,D:\AtelieProd\MOD\apps\legacy-runtime\Equipexe\Exe\LavSoft.exe,10150400,,2017-07-24T13:36:26
LavSoft.exe,autenticacao-permissao,CorGrupoF,D:\AtelieProd\MOD\apps\legacy-runtime\Equipexe\Exe\LavSoft.exe,10150400,,2017-07-24T13:36:26
LavSoft.exe,autenticacao-permissao,TamSenhaAutCli,D:\AtelieProd\MOD\apps\legacy-runtime\Equipexe\Exe\LavSoft.exe,10150400,,2017-07-24T13:36:26
LavSoft.exe,autenticacao-permissao,Grupo de Cliente n,D:\AtelieProd\MOD\apps\legacy-runtime\Equipexe\Exe\LavSoft.exe,10150400,,2017-07-24T13:36:26
LavFacilLan.exe,sinal-relacionado,EInvalidOp,D:\AtelieProd\MOD\apps\legacy-runtime\Equipexe\Exe\LavFacilLan.exe,20191744,,2017-07-24T13:38:16
LavFacilLan.exe,sinal-relacionado,EInvalidPointer,D:\AtelieProd\MOD\apps\legacy-runtime\Equipexe\Exe\LavFacilLan.exe,20191744,,2017-07-24T13:38:16
LavFacilLan.exe,sinal-relacionado,EInvalidCast,D:\AtelieProd\MOD\apps\legacy-runtime\Equipexe\Exe\LavFacilLan.exe,20191744,,2017-07-24T13:38:16
LavFacilLan.exe,sinal-relacionado,EVariantInvalidOpError,D:\AtelieProd\MOD\apps\legacy-runtime\Equipexe\Exe\LavFacilLan.exe,20191744,,2017-07-24T13:38:16
LavFacilLan.exe,sinal-relacionado,EVariantInvalidArgError@GA,D:\AtelieProd\MOD\apps\legacy-runtime\Equipexe\Exe\LavFacilLan.exe,20191744,,2017-07-24T13:38:16
LavFacilLan.exe,sinal-relacionado,EVariantInvalidNullOpError,D:\AtelieProd\MOD\apps\legacy-runtime\Equipexe\Exe\LavFacilLan.exe,20191744,,2017-07-24T13:38:16
LavFacilLan.exe,sinal-relacionado,EInvalidOperation,D:\AtelieProd\MOD\apps\legacy-runtime\Equipexe\Exe\LavFacilLan.exe,20191744,,2017-07-24T13:38:16
LavFacilLan.exe,sinal-relacionado,EInvalidGraphic,D:\AtelieProd\MOD\apps\legacy-runtime\Equipexe\Exe\LavFacilLan.exe,20191744,,2017-07-24T13:38:16
LavFacilLan.exe,sinal-relacionado,EInvalidGraphicOperation,D:\AtelieProd\MOD\apps\legacy-runtime\Equipexe\Exe\LavFacilLan.exe,20191744,,2017-07-24T13:38:16
LavFacilLan.exe,atualizacao,UpdateFont,D:\AtelieProd\MOD\apps\legacy-runtime\Equipexe\Exe\LavFacilLan.exe,20191744,,2017-07-24T13:38:16
LavFacilLan.exe,sinal-relacionado,ofNoValidate,D:\AtelieProd\MOD\apps\legacy-runtime\Equipexe\Exe\LavFacilLan.exe,20191744,,2017-07-24T13:38:16
LavFacilLan.exe,atualizacao,rsUpdate,D:\AtelieProd\MOD\apps\legacy-runtime\Equipexe\Exe\LavFacilLan.exe,20191744,,2017-07-24T13:38:16
LavFacilLan.exe,autenticacao-permissao,PasswordChar,D:\AtelieProd\MOD\apps\legacy-runtime\Equipexe\Exe\LavFacilLan.exe,20191744,,2017-07-24T13:38:16
LavFacilLan.exe,atualizacao,OnUpdate,D:\AtelieProd\MOD\apps\legacy-runtime\Equipexe\Exe\LavFacilLan.exe,20191744,,2017-07-24T13:38:16
LavFacilLan.exe,atualizacao,TConversion,D:\AtelieProd\MOD\apps\legacy-runtime\Equipexe\Exe\LavFacilLan.exe,20191744,,2017-07-24T13:38:16
LavFacilLan.exe,atualizacao,TConversionFormat,D:\AtelieProd\MOD\apps\legacy-runtime\Equipexe\Exe\LavFacilLan.exe,20191744,,2017-07-24T13:38:16
LavFacilLan.exe,sinal-relacionado,TControlActionLink,D:\AtelieProd\MOD\apps\legacy-runtime\Equipexe\Exe\LavFacilLan.exe,20191744,,2017-07-24T13:38:16
LavFacilLan.exe,sinal-relacionado,TWinControlActionLink,D:\AtelieProd\MOD\apps\legacy-runtime\Equipexe\Exe\LavFacilLan.exe,20191744,,2017-07-24T13:38:16
LavFacilLan.exe,atualizacao,ImmGetConversionStatus,D:\AtelieProd\MOD\apps\legacy-runtime\Equipexe\Exe\LavFacilLan.exe,20191744,,2017-07-24T13:38:16
LavFacilLan.exe,atualizacao,ImmSetConversionStatus,D:\AtelieProd\MOD\apps\legacy-runtime\Equipexe\Exe\LavFacilLan.exe,20191744,,2017-07-24T13:38:16
LavFacilLan.exe,licenciamento,RegisterAutomation,D:\AtelieProd\MOD\apps\legacy-runtime\Equipexe\Exe\LavFacilLan.exe,20191744,,2017-07-24T13:38:16
LavFacilLan.exe,licenciamento,DllRegisterServer,D:\AtelieProd\MOD\apps\legacy-runtime\Equipexe\Exe\LavFacilLan.exe,20191744,,2017-07-24T13:38:16
LavFacilLan.exe,atualizacao,EUpdateError,D:\AtelieProd\MOD\apps\legacy-runtime\Equipexe\Exe\LavFacilLan.exe,20191744,,2017-07-24T13:38:16
LavFacilLan.exe,atualizacao,TUpdateStatus,D:\AtelieProd\MOD\apps\legacy-runtime\Equipexe\Exe\LavFacilLan.exe,20191744,,2017-07-24T13:38:16
LavFacilLan.exe,atualizacao,TUpdateStatusSet,D:\AtelieProd\MOD\apps\legacy-runtime\Equipexe\Exe\LavFacilLan.exe,20191744,,2017-07-24T13:38:16
LavFacilLan.exe,atualizacao,TUpdateAction,D:\AtelieProd\MOD\apps\legacy-runtime\Equipexe\Exe\LavFacilLan.exe,20191744,,2017-07-24T13:38:16
LavFacilLan.exe,atualizacao,TUpdateMode,D:\AtelieProd\MOD\apps\legacy-runtime\Equipexe\Exe\LavFacilLan.exe,20191744,,2017-07-24T13:38:16
LavFacilLan.exe,atualizacao,TUpdateKind,D:\AtelieProd\MOD\apps\legacy-runtime\Equipexe\Exe\LavFacilLan.exe,20191744,,2017-07-24T13:38:16
LavFacilLan.exe,atualizacao,TUpdateErrorEvent,D:\AtelieProd\MOD\apps\legacy-runtime\Equipexe\Exe\LavFacilLan.exe,20191744,,2017-07-24T13:38:16
LavFacilLan.exe,atualizacao,UpdateKind,D:\AtelieProd\MOD\apps\legacy-runtime\Equipexe\Exe\LavFacilLan.exe,20191744,,2017-07-24T13:38:16
LavFacilLan.exe,atualizacao,UpdateAction,D:\AtelieProd\MOD\apps\legacy-runtime\Equipexe\Exe\LavFacilLan.exe,20191744,,2017-07-24T13:38:16
LavFacilLan.exe,atualizacao,TUpdateRecordEvent,D:\AtelieProd\MOD\apps\legacy-runtime\Equipexe\Exe\LavFacilLan.exe,20191744,,2017-07-24T13:38:16
LavFacilLan.exe,autenticacao-permissao,Password,D:\AtelieProd\MOD\apps\legacy-runtime\Equipexe\Exe\LavFacilLan.exe,20191744,,2017-07-24T13:38:16
LavFacilLan.exe,atualizacao,pfInUpdate,D:\AtelieProd\MOD\apps\legacy-runtime\Equipexe\Exe\LavFacilLan.exe,20191744,,2017-07-24T13:38:16
LavFacilLan.exe,sinal-relacionado,OnValidate,D:\AtelieProd\MOD\apps\legacy-runtime\Equipexe\Exe\LavFacilLan.exe,20191744,,2017-07-24T13:38:16
LavFacilLan.exe,atualizacao,OnUpdateData,D:\AtelieProd\MOD\apps\legacy-runtime\Equipexe\Exe\LavFacilLan.exe,20191744,,2017-07-24T13:38:16
LavFacilLan.exe,atualizacao,UPDATE,D:\AtelieProd\MOD\apps\legacy-runtime\Equipexe\Exe\LavFacilLan.exe,20191744,,2017-07-24T13:38:16
LavFacilLan.exe,autenticacao-permissao,TPasswordEvent,D:\AtelieProd\MOD\apps\legacy-runtime\Equipexe\Exe\LavFacilLan.exe,20191744,,2017-07-24T13:38:16
LavFacilLan.exe,autenticacao-permissao,OnPassword,D:\AtelieProd\MOD\apps\legacy-runtime\Equipexe\Exe\LavFacilLan.exe,20191744,,2017-07-24T13:38:16
LavFacilLan.exe,atualizacao,TDataSetUpdateObject,D:\AtelieProd\MOD\apps\legacy-runtime\Equipexe\Exe\LavFacilLan.exe,20191744,,2017-07-24T13:38:16
LavFacilLan.exe,atualizacao,CachedUpdates,D:\AtelieProd\MOD\apps\legacy-runtime\Equipexe\Exe\LavFacilLan.exe,20191744,,2017-07-24T13:38:16
LavFacilLan.exe,atualizacao,OnUpdateError\,D:\AtelieProd\MOD\apps\legacy-runtime\Equipexe\Exe\LavFacilLan.exe,20191744,,2017-07-24T13:38:16
LavFacilLan.exe,atualizacao,OnUpdateRecord,D:\AtelieProd\MOD\apps\legacy-runtime\Equipexe\Exe\LavFacilLan.exe,20191744,,2017-07-24T13:38:16
LavFacilLan.exe,atualizacao,UpdateMode,D:\AtelieProd\MOD\apps\legacy-runtime\Equipexe\Exe\LavFacilLan.exe,20191744,,2017-07-24T13:38:16
LavFacilLan.exe,atualizacao,UpdateObject,D:\AtelieProd\MOD\apps\legacy-runtime\Equipexe\Exe\LavFacilLan.exe,20191744,,2017-07-24T13:38:16
LavFacilLan.exe,autenticacao-permissao,PASSWORD,D:\AtelieProd\MOD\apps\legacy-runtime\Equipexe\Exe\LavFacilLan.exe,20191744,,2017-07-24T13:38:16
LavFacilLan.exe,sinal-relacionado,EInvalidGridOperation,D:\AtelieProd\MOD\apps\legacy-runtime\Equipexe\Exe\LavFacilLan.exe,20191744,,2017-07-24T13:38:16
LavFacilLan.exe,autenticacao-permissao,Password ,D:\AtelieProd\MOD\apps\legacy-runtime\Equipexe\Exe\LavFacilLan.exe,20191744,,2017-07-24T13:38:16
LavFacilLan.exe,autenticacao-permissao,TPasswordDialog,D:\AtelieProd\MOD\apps\legacy-runtime\Equipexe\Exe\LavFacilLan.exe,20191744,,2017-07-24T13:38:16
LavFacilLan.exe,atualizacao,Version,D:\AtelieProd\MOD\apps\legacy-runtime\Equipexe\Exe\LavFacilLan.exe,20191744,,2017-07-24T13:38:16
LavFacilLan.exe,atualizacao,FormVersion,D:\AtelieProd\MOD\apps\legacy-runtime\Equipexe\Exe\LavFacilLan.exe,20191744,,2017-07-24T13:38:16
LavFacilLan.exe,atualizacao,UpdateDCB,D:\AtelieProd\MOD\apps\legacy-runtime\Equipexe\Exe\LavFacilLan.exe,20191744,,2017-07-24T13:38:16
LavFacilLan.exe,sinal-relacionado,Invalid method call.  Device is not printing.,D:\AtelieProd\MOD\apps\legacy-runtime\Equipexe\Exe\LavFacilLan.exe,20191744,,2017-07-24T13:38:16
LavFacilLan.exe,sinal-relacionado,Invalid method call.  Device already printing.,D:\AtelieProd\MOD\apps\legacy-runtime\Equipexe\Exe\LavFacilLan.exe,20191744,,2017-07-24T13:38:16
LavFacilLan.exe,sinal-relacionado,Invalid Printer - %0:s on %1:s (%2:s),D:\AtelieProd\MOD\apps\legacy-runtime\Equipexe\Exe\LavFacilLan.exe,20191744,,2017-07-24T13:38:16
LavFacilLan.exe,autenticacao-permissao,PasswordField,D:\AtelieProd\MOD\apps\legacy-runtime\Equipexe\Exe\LavFacilLan.exe,20191744,,2017-07-24T13:38:16
LavFacilLan.exe,sinal-relacionado,(invalid),D:\AtelieProd\MOD\apps\legacy-runtime\Equipexe\Exe\LavFacilLan.exe,20191744,,2017-07-24T13:38:16
LavFacilLan.exe,autenticacao-permissao,AdminPassword,D:\AtelieProd\MOD\apps\legacy-runtime\Equipexe\Exe\LavFacilLan.exe,20191744,,2017-07-24T13:38:16
LavFacilLan.exe,sinal-relacionado,Invalid Project Format,D:\AtelieProd\MOD\apps\legacy-runtime\Equipexe\Exe\LavFacilLan.exe,20191744,,2017-07-24T13:38:16
LavFacilLan.exe,sinal-relacionado,Invalid Project Header Code,D:\AtelieProd\MOD\apps\legacy-runtime\Equipexe\Exe\LavFacilLan.exe,20191744,,2017-07-24T13:38:16
LavFacilLan.exe,sinal-relacionado,Attempt to write invalid class type.,D:\AtelieProd\MOD\apps\legacy-runtime\Equipexe\Exe\LavFacilLan.exe,20191744,,2017-07-24T13:38:16
LavFacilLan.exe,sinal-relacionado,|(invalid),D:\AtelieProd\MOD\apps\legacy-runtime\Equipexe\Exe\LavFacilLan.exe,20191744,,2017-07-24T13:38:16
LavFacilLan.exe,sinal-relacionado,LookupInvalid,D:\AtelieProd\MOD\apps\legacy-runtime\Equipexe\Exe\LavFacilLan.exe,20191744,,2017-07-24T13:38:16
LavFacilLan.exe,sinal-relacionado,Invalid address mode,D:\AtelieProd\MOD\apps\legacy-runtime\Equipexe\Exe\LavFacilLan.exe,20191744,,2017-07-24T13:38:16
LavFacilLan.exe,atualizacao,BREAKUPDATE,D:\AtelieProd\MOD\apps\legacy-runtime\Equipexe\Exe\LavFacilLan.exe,20191744,,2017-07-24T13:38:16
LavFacilLan.exe,sinal-relacionado,TRAVEDATATEXT.GETLOOKUPINVALID,D:\AtelieProd\MOD\apps\legacy-runtime\Equipexe\Exe\LavFacilLan.exe,20191744,,2017-07-24T13:38:16
LavFacilLan.exe,sinal-relacionado,TRAVEDATATEXT.SETLOOKUPINVALID,D:\AtelieProd\MOD\apps\legacy-runtime\Equipexe\Exe\LavFacilLan.exe,20191744,,2017-07-24T13:38:16
LavFacilLan.exe,licenciamento,ilSerializable,D:\AtelieProd\MOD\apps\legacy-runtime\Equipexe\Exe\LavFacilLan.exe,20191744,,2017-07-24T13:38:16
LavFacilLan.exe,atualizacao,erUpdate,D:\AtelieProd\MOD\apps\legacy-runtime\Equipexe\Exe\LavFacilLan.exe,20191744,,2017-07-24T13:38:16
LavFacilLan.exe,atualizacao,erUndoUpdate,D:\AtelieProd\MOD\apps\legacy-runtime\Equipexe\Exe\LavFacilLan.exe,20191744,,2017-07-24T13:38:16
LavFacilLan.exe,atualizacao,AUTO_UPDATE,D:\AtelieProd\MOD\apps\legacy-runtime\Equipexe\Exe\LavFacilLan.exe,20191744,,2017-07-24T13:38:16
LavFacilLan.exe,atualizacao,OnActionUpdate,D:\AtelieProd\MOD\apps\legacy-runtime\Equipexe\Exe\LavFacilLan.exe,20191744,,2017-07-24T13:38:16
LavFacilLan.exe,atualizacao,AS_ApplyUpdates,D:\AtelieProd\MOD\apps\legacy-runtime\Equipexe\Exe\LavFacilLan.exe,20191744,,2017-07-24T13:38:16
LavFacilLan.exe,atualizacao,TAggUpdateEvent,D:\AtelieProd\MOD\apps\legacy-runtime\Equipexe\Exe\LavFacilLan.exe,20191744,,2017-07-24T13:38:16
LavFacilLan.exe,atualizacao,BeforeApplyUpdatesTbX,D:\AtelieProd\MOD\apps\legacy-runtime\Equipexe\Exe\LavFacilLan.exe,20191744,,2017-07-24T13:38:16
LavFacilLan.exe,atualizacao,AfterApplyUpdatesTbX,D:\AtelieProd\MOD\apps\legacy-runtime\Equipexe\Exe\LavFacilLan.exe,20191744,,2017-07-24T13:38:16
LavFacilLan.exe,atualizacao,QRPreviewProgressUpdate,D:\AtelieProd\MOD\apps\legacy-runtime\Equipexe\Exe\LavFacilLan.exe,20191744,,2017-07-24T13:38:16
LavFacilLan.exe,atualizacao,TQRProgressUpdateEvent,D:\AtelieProd\MOD\apps\legacy-runtime\Equipexe\Exe\LavFacilLan.exe,20191744,,2017-07-24T13:38:16
LavFacilLan.exe,atualizacao,OnProgressUpdate,D:\AtelieProd\MOD\apps\legacy-runtime\Equipexe\Exe\LavFacilLan.exe,20191744,,2017-07-24T13:38:16
LavFacilLan.exe,atualizacao,incompatible version,D:\AtelieProd\MOD\apps\legacy-runtime\Equipexe\Exe\LavFacilLan.exe,20191744,,2017-07-24T13:38:16
LavFacilLan.exe,sinal-relacionado,Invalid compression mode. Mode must be in [0-9] range,D:\AtelieProd\MOD\apps\legacy-runtime\Equipexe\Exe\LavFacilLan.exe,20191744,,2017-07-24T13:38:16
LavFacilLan.exe,sinal-relacionado,Invalid size or check sum of file or unsupported compression format,D:\AtelieProd\MOD\apps\legacy-runtime\Equipexe\Exe\LavFacilLan.exe,20191744,,2017-07-24T13:38:16
LavFacilLan.exe,atualizacao,Internal error. Update is not started,D:\AtelieProd\MOD\apps\legacy-runtime\Equipexe\Exe\LavFacilLan.exe,20191744,,2017-07-24T13:38:16
LavFacilLan.exe,atualizacao,Cannot proceed when update is not ended. Preceding EndUpdate call is required.,D:\AtelieProd\MOD\apps\legacy-runtime\Equipexe\Exe\LavFacilLan.exe,20191744,,2017-07-24T13:38:16
LavFacilLan.exe,sinal-relacionado,"Invalid compressed size, rfs.size = %d, count = %d",D:\AtelieProd\MOD\apps\legacy-runtime\Equipexe\Exe\LavFacilLan.exe,20191744,,2017-07-24T13:38:16
LavFacilLan.exe,sinal-relacionado,Invalid archive file.,D:\AtelieProd\MOD\apps\legacy-runtime\Equipexe\Exe\LavFacilLan.exe,20191744,,2017-07-24T13:38:16
LavFacilLan.exe,sinal-relacionado,Cannot open archive file. Opening aborted or invalid file,D:\AtelieProd\MOD\apps\legacy-runtime\Equipexe\Exe\LavFacilLan.exe,20191744,,2017-07-24T13:38:16
LavFacilLan.exe,atualizacao,Multi-spanned archive is not allowed for modification. Use BeginUpdate/EndUpdate methods to add files several times,D:\AtelieProd\MOD\apps\legacy-runtime\Equipexe\Exe\LavFacilLan.exe,20191744,,2017-07-24T13:38:16
LavFacilLan.exe,sinal-relacionado,'%s' is an invalid mask at (%d),D:\AtelieProd\MOD\apps\legacy-runtime\Equipexe\Exe\LavFacilLan.exe,20191744,,2017-07-24T13:38:16
LavFacilLan.exe,atualizacao,poUpdate,D:\AtelieProd\MOD\apps\legacy-runtime\Equipexe\Exe\LavFacilLan.exe,20191744,,2017-07-24T13:38:16
LavFacilLan.exe,autenticacao-permissao,TZFOnPasswordEvent,D:\AtelieProd\MOD\apps\legacy-runtime\Equipexe\Exe\LavFacilLan.exe,20191744,,2017-07-24T13:38:16
LavFacilLan.exe,autenticacao-permissao,NewPassword,D:\AtelieProd\MOD\apps\legacy-runtime\Equipexe\Exe\LavFacilLan.exe,20191744,,2017-07-24T13:38:16
LavFacilLan.exe,atualizacao,CurrentVersion,D:\AtelieProd\MOD\apps\legacy-runtime\Equipexe\Exe\LavFacilLan.exe,20191744,,2017-07-24T13:38:16
LavFacilLan.exe,autenticacao-permissao,OnPassword4,D:\AtelieProd\MOD\apps\legacy-runtime\Equipexe\Exe\LavFacilLan.exe,20191744,,2017-07-24T13:38:16
LavFacilLan.exe,sinal-relacionado,poValidateOnParse,D:\AtelieProd\MOD\apps\legacy-runtime\Equipexe\Exe\LavFacilLan.exe,20191744,,2017-07-24T13:38:16
LavFacilLan.exe,atualizacao,ncUpdateValue,D:\AtelieProd\MOD\apps\legacy-runtime\Equipexe\Exe\LavFacilLan.exe,20191744,,2017-07-24T13:38:16
LavFacilLan.exe,atualizacao,version,D:\AtelieProd\MOD\apps\legacy-runtime\Equipexe\Exe\LavFacilLan.exe,20191744,,2017-07-24T13:38:16
LavFacilLan.exe,sinal-relacionado,ESchemaValidation,D:\AtelieProd\MOD\apps\legacy-runtime\Equipexe\Exe\LavFacilLan.exe,20191744,,2017-07-24T13:38:16
LavFacilLan.exe,comunicacao-remota,http://www.w3.org/2001/XMLSchema,D:\AtelieProd\MOD\apps\legacy-runtime\Equipexe\Exe\LavFacilLan.exe,20191744,,2017-07-24T13:38:16
LavFacilLan.exe,comunicacao-remota,http://www.w3.org/2001/XMLSchema-instance,D:\AtelieProd\MOD\apps\legacy-runtime\Equipexe\Exe\LavFacilLan.exe,20191744,,2017-07-24T13:38:16
LavFacilLan.exe,licenciamento,REGISTER,D:\AtelieProd\MOD\apps\legacy-runtime\Equipexe\Exe\LavFacilLan.exe,20191744,,2017-07-24T13:38:16
LavFacilLan.exe,licenciamento,register,D:\AtelieProd\MOD\apps\legacy-runtime\Equipexe\Exe\LavFacilLan.exe,20191744,,2017-07-24T13:38:16
LavFacilLan.exe,comunicacao-remota,http://www.borland.com/rootpart.xml,D:\AtelieProd\MOD\apps\legacy-runtime\Equipexe\Exe\LavFacilLan.exe,20191744,,2017-07-24T13:38:16
LavFacilLan.exe,sinal-relacionado,EInvalid_Character_Err,D:\AtelieProd\MOD\apps\legacy-runtime\Equipexe\Exe\LavFacilLan.exe,20191744,,2017-07-24T13:38:16
LavFacilLan.exe,sinal-relacionado,EInvalid_State_Err,D:\AtelieProd\MOD\apps\legacy-runtime\Equipexe\Exe\LavFacilLan.exe,20191744,,2017-07-24T13:38:16
LavFacilLan.exe,sinal-relacionado,EInvalid_Access_Err(Ua,D:\AtelieProd\MOD\apps\legacy-runtime\Equipexe\Exe\LavFacilLan.exe,20191744,,2017-07-24T13:38:16
LavFacilLan.exe,sinal-relacionado,EInvalid_Entity_Reference_Err,D:\AtelieProd\MOD\apps\legacy-runtime\Equipexe\Exe\LavFacilLan.exe,20191744,,2017-07-24T13:38:16
LavFacilLan.exe,sinal-relacionado,EParserInvalidElementName_Err,D:\AtelieProd\MOD\apps\legacy-runtime\Equipexe\Exe\LavFacilLan.exe,20191744,,2017-07-24T13:38:16
LavFacilLan.exe,sinal-relacionado,EParserInvalidAttributeName_Err,D:\AtelieProd\MOD\apps\legacy-runtime\Equipexe\Exe\LavFacilLan.exe,20191744,,2017-07-24T13:38:16
LavFacilLan.exe,sinal-relacionado, EParserInvalidAttributeValue_Err,D:\AtelieProd\MOD\apps\legacy-runtime\Equipexe\Exe\LavFacilLan.exe,20191744,,2017-07-24T13:38:16
LavFacilLan.exe,sinal-relacionado,EParserInvalidEntityName_Err,D:\AtelieProd\MOD\apps\legacy-runtime\Equipexe\Exe\LavFacilLan.exe,20191744,,2017-07-24T13:38:16
LavFacilLan.exe,sinal-relacionado,'EParserInvalidProcessingInstruction_ErrP]a,D:\AtelieProd\MOD\apps\legacy-runtime\Equipexe\Exe\LavFacilLan.exe,20191744,,2017-07-24T13:38:16
LavFacilLan.exe,sinal-relacionado, EParserInvalidXmlDeclaration_Err,D:\AtelieProd\MOD\apps\legacy-runtime\Equipexe\Exe\LavFacilLan.exe,20191744,,2017-07-24T13:38:16
LavFacilLan.exe,sinal-relacionado,EParserInvalidCharRef_Err,D:\AtelieProd\MOD\apps\legacy-runtime\Equipexe\Exe\LavFacilLan.exe,20191744,,2017-07-24T13:38:16
LavFacilLan.exe,sinal-relacionado,EParserInvalidCharacter_Err`_a,D:\AtelieProd\MOD\apps\legacy-runtime\Equipexe\Exe\LavFacilLan.exe,20191744,,2017-07-24T13:38:16
LavFacilLan.exe,sinal-relacionado,EParserInvalidDoctype_Err,D:\AtelieProd\MOD\apps\legacy-runtime\Equipexe\Exe\LavFacilLan.exe,20191744,,2017-07-24T13:38:16
LavFacilLan.exe,sinal-relacionado,!EParserInvalidTextDeclaration_Err,D:\AtelieProd\MOD\apps\legacy-runtime\Equipexe\Exe\LavFacilLan.exe,20191744,,2017-07-24T13:38:16
LavFacilLan.exe,sinal-relacionado,EParserInvalidComment_Err,D:\AtelieProd\MOD\apps\legacy-runtime\Equipexe\Exe\LavFacilLan.exe,20191744,,2017-07-24T13:38:16
LavFacilLan.exe,sinal-relacionado,EParserInvalidCDATASection_Err,D:\AtelieProd\MOD\apps\legacy-runtime\Equipexe\Exe\LavFacilLan.exe,20191744,,2017-07-24T13:38:16
LavFacilLan.exe,sinal-relacionado,EParserInvalidQualifiedName_Err,D:\AtelieProd\MOD\apps\legacy-runtime\Equipexe\Exe\LavFacilLan.exe,20191744,,2017-07-24T13:38:16
LavFacilLan.exe,sinal-relacionado,EParserInvalidPrefix_Err,D:\AtelieProd\MOD\apps\legacy-runtime\Equipexe\Exe\LavFacilLan.exe,20191744,,2017-07-24T13:38:16
LavFacilLan.exe,sinal-relacionado,EParserInvalidNamespaceURI_Err,D:\AtelieProd\MOD\apps\legacy-runtime\Equipexe\Exe\LavFacilLan.exe,20191744,,2017-07-24T13:38:16
LavFacilLan.exe,sinal-relacionado,#EParserInvalidEntityDeclaration_Err,D:\AtelieProd\MOD\apps\legacy-runtime\Equipexe\Exe\LavFacilLan.exe,20191744,,2017-07-24T13:38:16
LavFacilLan.exe,sinal-relacionado,$EParserInvalidElementDeclaration_Err,D:\AtelieProd\MOD\apps\legacy-runtime\Equipexe\Exe\LavFacilLan.exe,20191744,,2017-07-24T13:38:16
LavFacilLan.exe,sinal-relacionado,&EParserInvalidAttributeDeclaration_Err,D:\AtelieProd\MOD\apps\legacy-runtime\Equipexe\Exe\LavFacilLan.exe,20191744,,2017-07-24T13:38:16
LavFacilLan.exe,sinal-relacionado,%EParserInvalidNotationDeclaration_Err,D:\AtelieProd\MOD\apps\legacy-runtime\Equipexe\Exe\LavFacilLan.exe,20191744,,2017-07-24T13:38:16
LavFacilLan.exe,sinal-relacionado,$EParserInvalidConditionalSection_Err,D:\AtelieProd\MOD\apps\legacy-runtime\Equipexe\Exe\LavFacilLan.exe,20191744,,2017-07-24T13:38:16
LavFacilLan.exe,atualizacao,EConversionStream,D:\AtelieProd\MOD\apps\legacy-runtime\Equipexe\Exe\LavFacilLan.exe,20191744,,2017-07-24T13:38:16
LavFacilLan.exe,atualizacao,TConversionStream,D:\AtelieProd\MOD\apps\legacy-runtime\Equipexe\Exe\LavFacilLan.exe,20191744,,2017-07-24T13:38:16
LavFacilLan.exe,sinal-relacionado,Invalid attribute name error.,D:\AtelieProd\MOD\apps\legacy-runtime\Equipexe\Exe\LavFacilLan.exe,20191744,,2017-07-24T13:38:16
LavFacilLan.exe,sinal-relacionado,Invalid attribute value error.,D:\AtelieProd\MOD\apps\legacy-runtime\Equipexe\Exe\LavFacilLan.exe,20191744,,2017-07-24T13:38:16
LavFacilLan.exe,sinal-relacionado,Invalid character reference error.,D:\AtelieProd\MOD\apps\legacy-runtime\Equipexe\Exe\LavFacilLan.exe,20191744,,2017-07-24T13:38:16
LavFacilLan.exe,sinal-relacionado,%S is not a valid notaName value.,D:\AtelieProd\MOD\apps\legacy-runtime\Equipexe\Exe\LavFacilLan.exe,20191744,,2017-07-24T13:38:16
LavFacilLan.exe,sinal-relacionado,%S is not a valid systemId value.,D:\AtelieProd\MOD\apps\legacy-runtime\Equipexe\Exe\LavFacilLan.exe,20191744,,2017-07-24T13:38:16
LavFacilLan.exe,sinal-relacionado,%S is not a valid publicId value.,D:\AtelieProd\MOD\apps\legacy-runtime\Equipexe\Exe\LavFacilLan.exe,20191744,,2017-07-24T13:38:16
LavFacilLan.exe,sinal-relacionado,Invalid character error.,D:\AtelieProd\MOD\apps\legacy-runtime\Equipexe\Exe\LavFacilLan.exe,20191744,,2017-07-24T13:38:16
LavFacilLan.exe,sinal-relacionado,%S is not a valid XmlCharRef value.,D:\AtelieProd\MOD\apps\legacy-runtime\Equipexe\Exe\LavFacilLan.exe,20191744,,2017-07-24T13:38:16
LavFacilLan.exe,sinal-relacionado,"Invalid ISO-8859-3 sequence ""%s""",D:\AtelieProd\MOD\apps\legacy-runtime\Equipexe\Exe\LavFacilLan.exe,20191744,,2017-07-24T13:38:16
LavFacilLan.exe,sinal-relacionado,"Invalid ISO-8859-6 sequence ""%s""",D:\AtelieProd\MOD\apps\legacy-runtime\Equipexe\Exe\LavFacilLan.exe,20191744,,2017-07-24T13:38:16
LavFacilLan.exe,sinal-relacionado,"Invalid ISO-8859-7 sequence ""%s""",D:\AtelieProd\MOD\apps\legacy-runtime\Equipexe\Exe\LavFacilLan.exe,20191744,,2017-07-24T13:38:16
LavFacilLan.exe,sinal-relacionado,"Invalid ISO-8859-8 sequence ""%s""",D:\AtelieProd\MOD\apps\legacy-runtime\Equipexe\Exe\LavFacilLan.exe,20191744,,2017-07-24T13:38:16
LavFacilLan.exe,sinal-relacionado,"Invalid cp10000_MacRoman sequence ""%s""",D:\AtelieProd\MOD\apps\legacy-runtime\Equipexe\Exe\LavFacilLan.exe,20191744,,2017-07-24T13:38:16
LavFacilLan.exe,sinal-relacionado,"Invalid Windows-1250 sequence ""%s""",D:\AtelieProd\MOD\apps\legacy-runtime\Equipexe\Exe\LavFacilLan.exe,20191744,,2017-07-24T13:38:16
LavFacilLan.exe,sinal-relacionado,"Invalid cp1251 sequence ""%s""",D:\AtelieProd\MOD\apps\legacy-runtime\Equipexe\Exe\LavFacilLan.exe,20191744,,2017-07-24T13:38:16
LavFacilLan.exe,sinal-relacionado,"Invalid Windows-1252 sequence ""%s""",D:\AtelieProd\MOD\apps\legacy-runtime\Equipexe\Exe\LavFacilLan.exe,20191744,,2017-07-24T13:38:16
LavFacilLan.exe,sinal-relacionado,Invalid state error.,D:\AtelieProd\MOD\apps\legacy-runtime\Equipexe\Exe\LavFacilLan.exe,20191744,,2017-07-24T13:38:16
LavFacilLan.exe,sinal-relacionado,Invalid entity declaration error.,D:\AtelieProd\MOD\apps\legacy-runtime\Equipexe\Exe\LavFacilLan.exe,20191744,,2017-07-24T13:38:16
LavFacilLan.exe,sinal-relacionado,Invalid entity reference error.,D:\AtelieProd\MOD\apps\legacy-runtime\Equipexe\Exe\LavFacilLan.exe,20191744,,2017-07-24T13:38:16
LavFacilLan.exe,sinal-relacionado,%S contains an invalid character.,D:\AtelieProd\MOD\apps\legacy-runtime\Equipexe\Exe\LavFacilLan.exe,20191744,,2017-07-24T13:38:16
LavFacilLan.exe,sinal-relacionado,%S contains an invalid reference.,D:\AtelieProd\MOD\apps\legacy-runtime\Equipexe\Exe\LavFacilLan.exe,20191744,,2017-07-24T13:38:16
LavFacilLan.exe,sinal-relacionado,Invalid UTF-8 sequence at position %d,D:\AtelieProd\MOD\apps\legacy-runtime\Equipexe\Exe\LavFacilLan.exe,20191744,,2017-07-24T13:38:16
LavFacilLan.exe,sinal-relacionado,Invalid UTF-8 encoding at position %d,D:\AtelieProd\MOD\apps\legacy-runtime\Equipexe\Exe\LavFacilLan.exe,20191744,,2017-07-24T13:38:16
LavFacilLan.exe,sinal-relacionado,EParserInvalidAttributeValue_Err,D:\AtelieProd\MOD\apps\legacy-runtime\Equipexe\Exe\LavFacilLan.exe,20191744,,2017-07-24T13:38:16
LavFacilLan.exe,sinal-relacionado,EParserInvalidProcessingInstruction_Err,D:\AtelieProd\MOD\apps\legacy-runtime\Equipexe\Exe\LavFacilLan.exe,20191744,,2017-07-24T13:38:16
LavFacilLan.exe,sinal-relacionado,EParserInvalidXmlDeclaration_Err,D:\AtelieProd\MOD\apps\legacy-runtime\Equipexe\Exe\LavFacilLan.exe,20191744,,2017-07-24T13:38:16
LavFacilLan.exe,sinal-relacionado,EParserInvalidEndTag_Err,D:\AtelieProd\MOD\apps\legacy-runtime\Equipexe\Exe\LavFacilLan.exe,20191744,,2017-07-24T13:38:16
LavFacilLan.exe,sinal-relacionado,EParserInvalidCharacter_Err,D:\AtelieProd\MOD\apps\legacy-runtime\Equipexe\Exe\LavFacilLan.exe,20191744,,2017-07-24T13:38:16
LavFacilLan.exe,sinal-relacionado,EParserInvalidEntityDeclaration_Err,D:\AtelieProd\MOD\apps\legacy-runtime\Equipexe\Exe\LavFacilLan.exe,20191744,,2017-07-24T13:38:16
LavFacilLan.exe,sinal-relacionado,EParserInvalidElementDeclaration_Err,D:\AtelieProd\MOD\apps\legacy-runtime\Equipexe\Exe\LavFacilLan.exe,20191744,,2017-07-24T13:38:16
LavFacilLan.exe,sinal-relacionado,EParserInvalidAttributeDeclaration_Err,D:\AtelieProd\MOD\apps\legacy-runtime\Equipexe\Exe\LavFacilLan.exe,20191744,,2017-07-24T13:38:16
LavFacilLan.exe,sinal-relacionado,EParserInvalidNotationDeclaration_Err,D:\AtelieProd\MOD\apps\legacy-runtime\Equipexe\Exe\LavFacilLan.exe,20191744,,2017-07-24T13:38:16
LavFacilLan.exe,sinal-relacionado,EParserInvalidConditionalSection_Err,D:\AtelieProd\MOD\apps\legacy-runtime\Equipexe\Exe\LavFacilLan.exe,20191744,,2017-07-24T13:38:16
LavFacilLan.exe,sinal-relacionado,EParserInvalidTextDeclaration_Err,D:\AtelieProd\MOD\apps\legacy-runtime\Equipexe\Exe\LavFacilLan.exe,20191744,,2017-07-24T13:38:16
LavFacilLan.exe,sinal-relacionado,EParserInvalidSystemLiteral_Err,D:\AtelieProd\MOD\apps\legacy-runtime\Equipexe\Exe\LavFacilLan.exe,20191744,,2017-07-24T13:38:16
LavFacilLan.exe,sinal-relacionado,EParserInvalidPubidLiteral_Err,D:\AtelieProd\MOD\apps\legacy-runtime\Equipexe\Exe\LavFacilLan.exe,20191744,,2017-07-24T13:38:16
LavFacilLan.exe,sinal-relacionado,EParserInvalidDoctypeName_Err,D:\AtelieProd\MOD\apps\legacy-runtime\Equipexe\Exe\LavFacilLan.exe,20191744,,2017-07-24T13:38:16
LavFacilLan.exe,sinal-relacionado,Invalid element name,D:\AtelieProd\MOD\apps\legacy-runtime\Equipexe\Exe\LavFacilLan.exe,20191744,,2017-07-24T13:38:16
LavFacilLan.exe,sinal-relacionado,Invalid attribute name,D:\AtelieProd\MOD\apps\legacy-runtime\Equipexe\Exe\LavFacilLan.exe,20191744,,2017-07-24T13:38:16
LavFacilLan.exe,sinal-relacionado,Invalid attribute value,D:\AtelieProd\MOD\apps\legacy-runtime\Equipexe\Exe\LavFacilLan.exe,20191744,,2017-07-24T13:38:16
LavFacilLan.exe,sinal-relacionado,Invalid entity name,D:\AtelieProd\MOD\apps\legacy-runtime\Equipexe\Exe\LavFacilLan.exe,20191744,,2017-07-24T13:38:16
LavFacilLan.exe,sinal-relacionado,Invalid processing instruction,D:\AtelieProd\MOD\apps\legacy-runtime\Equipexe\Exe\LavFacilLan.exe,20191744,,2017-07-24T13:38:16
LavFacilLan.exe,sinal-relacionado,Invalid XML declaration,D:\AtelieProd\MOD\apps\legacy-runtime\Equipexe\Exe\LavFacilLan.exe,20191744,,2017-07-24T13:38:16
LavFacilLan.exe,sinal-relacionado,Invalid character reference,D:\AtelieProd\MOD\apps\legacy-runtime\Equipexe\Exe\LavFacilLan.exe,20191744,,2017-07-24T13:38:16
LavFacilLan.exe,sinal-relacionado,Invalid end-tag,D:\AtelieProd\MOD\apps\legacy-runtime\Equipexe\Exe\LavFacilLan.exe,20191744,,2017-07-24T13:38:16
LavFacilLan.exe,sinal-relacionado,Invalid character,D:\AtelieProd\MOD\apps\legacy-runtime\Equipexe\Exe\LavFacilLan.exe,20191744,,2017-07-24T13:38:16
LavFacilLan.exe,sinal-relacionado,Invalid doctype declaration,D:\AtelieProd\MOD\apps\legacy-runtime\Equipexe\Exe\LavFacilLan.exe,20191744,,2017-07-24T13:38:16
LavFacilLan.exe,sinal-relacionado,Invalid entity declaration,D:\AtelieProd\MOD\apps\legacy-runtime\Equipexe\Exe\LavFacilLan.exe,20191744,,2017-07-24T13:38:16
LavFacilLan.exe,sinal-relacionado,Invalid element declaration,D:\AtelieProd\MOD\apps\legacy-runtime\Equipexe\Exe\LavFacilLan.exe,20191744,,2017-07-24T13:38:16
LavFacilLan.exe,sinal-relacionado,Invalid attribute declaration,D:\AtelieProd\MOD\apps\legacy-runtime\Equipexe\Exe\LavFacilLan.exe,20191744,,2017-07-24T13:38:16
LavFacilLan.exe,sinal-relacionado,Invalid notation declaration,D:\AtelieProd\MOD\apps\legacy-runtime\Equipexe\Exe\LavFacilLan.exe,20191744,,2017-07-24T13:38:16
LavFacilLan.exe,sinal-relacionado,Invalid conditional section,D:\AtelieProd\MOD\apps\legacy-runtime\Equipexe\Exe\LavFacilLan.exe,20191744,,2017-07-24T13:38:16
LavFacilLan.exe,sinal-relacionado,Invalid text declaration,D:\AtelieProd\MOD\apps\legacy-runtime\Equipexe\Exe\LavFacilLan.exe,20191744,,2017-07-24T13:38:16
LavFacilLan.exe,sinal-relacionado,Invalid comment,D:\AtelieProd\MOD\apps\legacy-runtime\Equipexe\Exe\LavFacilLan.exe,20191744,,2017-07-24T13:38:16
LavFacilLan.exe,sinal-relacionado,Invalid CDATA section,D:\AtelieProd\MOD\apps\legacy-runtime\Equipexe\Exe\LavFacilLan.exe,20191744,,2017-07-24T13:38:16
LavFacilLan.exe,sinal-relacionado,Invalid system literal,D:\AtelieProd\MOD\apps\legacy-runtime\Equipexe\Exe\LavFacilLan.exe,20191744,,2017-07-24T13:38:16
LavFacilLan.exe,sinal-relacionado,Invalid pubid literal,D:\AtelieProd\MOD\apps\legacy-runtime\Equipexe\Exe\LavFacilLan.exe,20191744,,2017-07-24T13:38:16
LavFacilLan.exe,sinal-relacionado,Invalid document type declaration name,D:\AtelieProd\MOD\apps\legacy-runtime\Equipexe\Exe\LavFacilLan.exe,20191744,,2017-07-24T13:38:16
LavFacilLan.exe,sinal-relacionado,Invalid qualified name,D:\AtelieProd\MOD\apps\legacy-runtime\Equipexe\Exe\LavFacilLan.exe,20191744,,2017-07-24T13:38:16
LavFacilLan.exe,sinal-relacionado,Invalid prefix,D:\AtelieProd\MOD\apps\legacy-runtime\Equipexe\Exe\LavFacilLan.exe,20191744,,2017-07-24T13:38:16
LavFacilLan.exe,sinal-relacionado,Invalid namespace URI,D:\AtelieProd\MOD\apps\legacy-runtime\Equipexe\Exe\LavFacilLan.exe,20191744,,2017-07-24T13:38:16
LavFacilLan.exe,sinal-relacionado,Invalid source-code,D:\AtelieProd\MOD\apps\legacy-runtime\Equipexe\Exe\LavFacilLan.exe,20191744,,2017-07-24T13:38:16
LavFacilLan.exe,sinal-relacionado,ment invalide,D:\AtelieProd\MOD\apps\legacy-runtime\Equipexe\Exe\LavFacilLan.exe,20191744,,2017-07-24T13:38:16
LavFacilLan.exe,sinal-relacionado,Nom d'attribut invalide,D:\AtelieProd\MOD\apps\legacy-runtime\Equipexe\Exe\LavFacilLan.exe,20191744,,2017-07-24T13:38:16
LavFacilLan.exe,sinal-relacionado,Valeur d'attribut invalide,D:\AtelieProd\MOD\apps\legacy-runtime\Equipexe\Exe\LavFacilLan.exe,20191744,,2017-07-24T13:38:16
LavFacilLan.exe,sinal-relacionado, invalide,D:\AtelieProd\MOD\apps\legacy-runtime\Equipexe\Exe\LavFacilLan.exe,20191744,,2017-07-24T13:38:16
LavFacilLan.exe,sinal-relacionado,Instruction de commande invalide,D:\AtelieProd\MOD\apps\legacy-runtime\Equipexe\Exe\LavFacilLan.exe,20191744,,2017-07-24T13:38:16
LavFacilLan.exe,sinal-relacionado,claration XML invalide,D:\AtelieProd\MOD\apps\legacy-runtime\Equipexe\Exe\LavFacilLan.exe,20191744,,2017-07-24T13:38:16
LavFacilLan.exe,sinal-relacionado,re invalide,D:\AtelieProd\MOD\apps\legacy-runtime\Equipexe\Exe\LavFacilLan.exe,20191744,,2017-07-24T13:38:16
LavFacilLan.exe,sinal-relacionado,Tag de fin invalide,D:\AtelieProd\MOD\apps\legacy-runtime\Equipexe\Exe\LavFacilLan.exe,20191744,,2017-07-24T13:38:16
LavFacilLan.exe,sinal-relacionado,claration de type de document invalide,D:\AtelieProd\MOD\apps\legacy-runtime\Equipexe\Exe\LavFacilLan.exe,20191744,,2017-07-24T13:38:16
LavFacilLan.exe,sinal-relacionado,claration d'attribut invalide,D:\AtelieProd\MOD\apps\legacy-runtime\Equipexe\Exe\LavFacilLan.exe,20191744,,2017-07-24T13:38:16
LavFacilLan.exe,sinal-relacionado,claration de notation invalide,D:\AtelieProd\MOD\apps\legacy-runtime\Equipexe\Exe\LavFacilLan.exe,20191744,,2017-07-24T13:38:16
LavFacilLan.exe,sinal-relacionado,Section conditionnelle invalide,D:\AtelieProd\MOD\apps\legacy-runtime\Equipexe\Exe\LavFacilLan.exe,20191744,,2017-07-24T13:38:16
LavFacilLan.exe,sinal-relacionado,claration de texte invalide,D:\AtelieProd\MOD\apps\legacy-runtime\Equipexe\Exe\LavFacilLan.exe,20191744,,2017-07-24T13:38:16
LavFacilLan.exe,sinal-relacionado,Code source invalide,D:\AtelieProd\MOD\apps\legacy-runtime\Equipexe\Exe\LavFacilLan.exe,20191744,,2017-07-24T13:38:16
LavFacilLan.exe,sinal-relacionado,Nome elemento non valido,D:\AtelieProd\MOD\apps\legacy-runtime\Equipexe\Exe\LavFacilLan.exe,20191744,,2017-07-24T13:38:16
LavFacilLan.exe,sinal-relacionado,Nome attributo non valido,D:\AtelieProd\MOD\apps\legacy-runtime\Equipexe\Exe\LavFacilLan.exe,20191744,,2017-07-24T13:38:16
LavFacilLan.exe,sinal-relacionado,Valore attributo non valido,D:\AtelieProd\MOD\apps\legacy-runtime\Equipexe\Exe\LavFacilLan.exe,20191744,,2017-07-24T13:38:16
LavFacilLan.exe,sinal-relacionado, non valido,D:\AtelieProd\MOD\apps\legacy-runtime\Equipexe\Exe\LavFacilLan.exe,20191744,,2017-07-24T13:38:16
LavFacilLan.exe,sinal-relacionado,Istruzione di processo non valida,D:\AtelieProd\MOD\apps\legacy-runtime\Equipexe\Exe\LavFacilLan.exe,20191744,,2017-07-24T13:38:16
LavFacilLan.exe,sinal-relacionado,Dichiarazione XML non valida,D:\AtelieProd\MOD\apps\legacy-runtime\Equipexe\Exe\LavFacilLan.exe,20191744,,2017-07-24T13:38:16
LavFacilLan.exe,sinal-relacionado,Riferimento a carattere non valida,D:\AtelieProd\MOD\apps\legacy-runtime\Equipexe\Exe\LavFacilLan.exe,20191744,,2017-07-24T13:38:16
LavFacilLan.exe,sinal-relacionado,Tag finale non valido,D:\AtelieProd\MOD\apps\legacy-runtime\Equipexe\Exe\LavFacilLan.exe,20191744,,2017-07-24T13:38:16
LavFacilLan.exe,sinal-relacionado,Carattere non valido,D:\AtelieProd\MOD\apps\legacy-runtime\Equipexe\Exe\LavFacilLan.exe,20191744,,2017-07-24T13:38:16
LavFacilLan.exe,sinal-relacionado,Dichiarazione del tipo di documento non valida,D:\AtelieProd\MOD\apps\legacy-runtime\Equipexe\Exe\LavFacilLan.exe,20191744,,2017-07-24T13:38:16
LavFacilLan.exe,sinal-relacionado, non valida,D:\AtelieProd\MOD\apps\legacy-runtime\Equipexe\Exe\LavFacilLan.exe,20191744,,2017-07-24T13:38:16
LavFacilLan.exe,sinal-relacionado,Dichiarazione di elemento non valida,D:\AtelieProd\MOD\apps\legacy-runtime\Equipexe\Exe\LavFacilLan.exe,20191744,,2017-07-24T13:38:16
LavFacilLan.exe,sinal-relacionado,Dichiarazione di attributo non valida,D:\AtelieProd\MOD\apps\legacy-runtime\Equipexe\Exe\LavFacilLan.exe,20191744,,2017-07-24T13:38:16
LavFacilLan.exe,sinal-relacionado,Dichiarazione di notazione non valida,D:\AtelieProd\MOD\apps\legacy-runtime\Equipexe\Exe\LavFacilLan.exe,20191744,,2017-07-24T13:38:16
LavFacilLan.exe,sinal-relacionado,Sezione condizionale non valida,D:\AtelieProd\MOD\apps\legacy-runtime\Equipexe\Exe\LavFacilLan.exe,20191744,,2017-07-24T13:38:16
LavFacilLan.exe,sinal-relacionado,Dichiarazione di testo non valida,D:\AtelieProd\MOD\apps\legacy-runtime\Equipexe\Exe\LavFacilLan.exe,20191744,,2017-07-24T13:38:16
LavFacilLan.exe,sinal-relacionado,Codice sorgente non valido,D:\AtelieProd\MOD\apps\legacy-runtime\Equipexe\Exe\LavFacilLan.exe,20191744,,2017-07-24T13:38:16
LavFacilLan.exe,sinal-relacionado,Invalid CDATA section error.,D:\AtelieProd\MOD\apps\legacy-runtime\Equipexe\Exe\LavFacilLan.exe,20191744,,2017-07-24T13:38:16
LavFacilLan.exe,sinal-relacionado,Invalid comment error.,D:\AtelieProd\MOD\apps\legacy-runtime\Equipexe\Exe\LavFacilLan.exe,20191744,,2017-07-24T13:38:16
LavFacilLan.exe,sinal-relacionado,Invalid doctype declaration error.,D:\AtelieProd\MOD\apps\legacy-runtime\Equipexe\Exe\LavFacilLan.exe,20191744,,2017-07-24T13:38:16
LavFacilLan.exe,sinal-relacionado,Invalid entity name error.,D:\AtelieProd\MOD\apps\legacy-runtime\Equipexe\Exe\LavFacilLan.exe,20191744,,2017-07-24T13:38:16
LavFacilLan.exe,sinal-relacionado,Invalid processing instruction error.,D:\AtelieProd\MOD\apps\legacy-runtime\Equipexe\Exe\LavFacilLan.exe,20191744,,2017-07-24T13:38:16
LavFacilLan.exe,sinal-relacionado,Invalid qualified name error.,D:\AtelieProd\MOD\apps\legacy-runtime\Equipexe\Exe\LavFacilLan.exe,20191744,,2017-07-24T13:38:16
LavFacilLan.exe,sinal-relacionado,Invalid prefix error.,D:\AtelieProd\MOD\apps\legacy-runtime\Equipexe\Exe\LavFacilLan.exe,20191744,,2017-07-24T13:38:16
LavFacilLan.exe,sinal-relacionado,Invalid namespace URI error.,D:\AtelieProd\MOD\apps\legacy-runtime\Equipexe\Exe\LavFacilLan.exe,20191744,,2017-07-24T13:38:16
LavFacilLan.exe,sinal-relacionado,Invalid xml-declaration error.,D:\AtelieProd\MOD\apps\legacy-runtime\Equipexe\Exe\LavFacilLan.exe,20191744,,2017-07-24T13:38:16
LavFacilLan.exe,sinal-relacionado,Invalid attribute declaration error.,D:\AtelieProd\MOD\apps\legacy-runtime\Equipexe\Exe\LavFacilLan.exe,20191744,,2017-07-24T13:38:16
LavFacilLan.exe,sinal-relacionado,Invalid element declaration error.,D:\AtelieProd\MOD\apps\legacy-runtime\Equipexe\Exe\LavFacilLan.exe,20191744,,2017-07-24T13:38:16
LavFacilLan.exe,sinal-relacionado,Invalid notation declaration error.,D:\AtelieProd\MOD\apps\legacy-runtime\Equipexe\Exe\LavFacilLan.exe,20191744,,2017-07-24T13:38:16
LavFacilLan.exe,sinal-relacionado,Invalid declaration error.,D:\AtelieProd\MOD\apps\legacy-runtime\Equipexe\Exe\LavFacilLan.exe,20191744,,2017-07-24T13:38:16
LavFacilLan.exe,sinal-relacionado,Invalid text-declaration error.,D:\AtelieProd\MOD\apps\legacy-runtime\Equipexe\Exe\LavFacilLan.exe,20191744,,2017-07-24T13:38:16
LavFacilLan.exe,sinal-relacionado,Invalid conditional section error.,D:\AtelieProd\MOD\apps\legacy-runtime\Equipexe\Exe\LavFacilLan.exe,20191744,,2017-07-24T13:38:16
LavFacilLan.exe,sinal-relacionado,Invalid element name error.,D:\AtelieProd\MOD\apps\legacy-runtime\Equipexe\Exe\LavFacilLan.exe,20191744,,2017-07-24T13:38:16
LavFacilLan.exe,sinal-relacionado,%S contains an invalid parameter entity reference.,D:\AtelieProd\MOD\apps\legacy-runtime\Equipexe\Exe\LavFacilLan.exe,20191744,,2017-07-24T13:38:16
LavFacilLan.exe,sinal-relacionado,Invalid Attribute Declaration error.,D:\AtelieProd\MOD\apps\legacy-runtime\Equipexe\Exe\LavFacilLan.exe,20191744,,2017-07-24T13:38:16
LavFacilLan.exe,sinal-relacionado,InvalidEntityDeclaration_Err,D:\AtelieProd\MOD\apps\legacy-runtime\Equipexe\Exe\LavFacilLan.exe,20191744,,2017-07-24T13:38:16
LavFacilLan.exe,sinal-relacionado,EInvalid_Modification_Err,D:\AtelieProd\MOD\apps\legacy-runtime\Equipexe\Exe\LavFacilLan.exe,20191744,,2017-07-24T13:38:16
LavFacilLan.exe,sinal-relacionado,EInvalid_Access_Err,D:\AtelieProd\MOD\apps\legacy-runtime\Equipexe\Exe\LavFacilLan.exe,20191744,,2017-07-24T13:38:16
LavFacilLan.exe,sinal-relacionado,set_validate(True),D:\AtelieProd\MOD\apps\legacy-runtime\Equipexe\Exe\LavFacilLan.exe,20191744,,2017-07-24T13:38:16
LavFacilLan.exe,sinal-relacionado,URLMON.DLL,D:\AtelieProd\MOD\apps\legacy-runtime\Equipexe\Exe\LavFacilLan.exe,20191744,,2017-07-24T13:38:16
LavFacilLan.exe,comunicacao-remota,URLDownloadToCacheFileA,D:\AtelieProd\MOD\apps\legacy-runtime\Equipexe\Exe\LavFacilLan.exe,20191744,,2017-07-24T13:38:16
LavFacilLan.exe,comunicacao-remota,http://,D:\AtelieProd\MOD\apps\legacy-runtime\Equipexe\Exe\LavFacilLan.exe,20191744,,2017-07-24T13:38:16
LavFacilLan.exe,comunicacao-remota,THTTPRIO,D:\AtelieProd\MOD\apps\legacy-runtime\Equipexe\Exe\LavFacilLan.exe,20191744,,2017-07-24T13:38:16
LavFacilLan.exe,comunicacao-remota,SOAPHTTPClient,D:\AtelieProd\MOD\apps\legacy-runtime\Equipexe\Exe\LavFacilLan.exe,20191744,,2017-07-24T13:38:16
LavFacilLan.exe,comunicacao-remota,HTTPWebNode,D:\AtelieProd\MOD\apps\legacy-runtime\Equipexe\Exe\LavFacilLan.exe,20191744,,2017-07-24T13:38:16
Gerenciador.exe,sinal-relacionado,get_invalidCampoCC,D:\AtelieProd\MOD\apps\legacy-runtime\Equipexe\Exe\Gerenciador.exe,860160,,2016-09-29T12:57:54
Gerenciador.exe,autenticacao-permissao,senha,D:\AtelieProd\MOD\apps\legacy-runtime\Equipexe\Exe\Gerenciador.exe,860160,,2016-09-29T12:57:54
Gerenciador.exe,atualizacao,get_subdirAtualiza,D:\AtelieProd\MOD\apps\legacy-runtime\Equipexe\Exe\Gerenciador.exe,860160,,2016-09-29T12:57:54
Gerenciador.exe,hardware-binding,RegistraEstacaoAsync,D:\AtelieProd\MOD\apps\legacy-runtime\Equipexe\Exe\Gerenciador.exe,860160,,2016-09-29T12:57:54
Gerenciador.exe,atualizacao,informaConcluidoVersaoAsync,D:\AtelieProd\MOD\apps\legacy-runtime\Equipexe\Exe\Gerenciador.exe,860160,,2016-09-29T12:57:54
Gerenciador.exe,atualizacao,TesteVerificaAtualizacoesAsync,D:\AtelieProd\MOD\apps\legacy-runtime\Equipexe\Exe\Gerenciador.exe,860160,,2016-09-29T12:57:54
Gerenciador.exe,hardware-binding,OnRegistraEstacaoOperationCompleted,D:\AtelieProd\MOD\apps\legacy-runtime\Equipexe\Exe\Gerenciador.exe,860160,,2016-09-29T12:57:54
Gerenciador.exe,atualizacao,OninformaConcluidoVersaoOperationCompleted,D:\AtelieProd\MOD\apps\legacy-runtime\Equipexe\Exe\Gerenciador.exe,860160,,2016-09-29T12:57:54
Gerenciador.exe,atualizacao,OnTesteVerificaAtualizacoesOperationCompleted,D:\AtelieProd\MOD\apps\legacy-runtime\Equipexe\Exe\Gerenciador.exe,860160,,2016-09-29T12:57:54
Gerenciador.exe,atualizacao,OnVerificaAtualizacoesOperationCompleted,D:\AtelieProd\MOD\apps\legacy-runtime\Equipexe\Exe\Gerenciador.exe,860160,,2016-09-29T12:57:54
Gerenciador.exe,hardware-binding,add_RegistraEstacaoCompleted,D:\AtelieProd\MOD\apps\legacy-runtime\Equipexe\Exe\Gerenciador.exe,860160,,2016-09-29T12:57:54
Gerenciador.exe,hardware-binding,remove_RegistraEstacaoCompleted,D:\AtelieProd\MOD\apps\legacy-runtime\Equipexe\Exe\Gerenciador.exe,860160,,2016-09-29T12:57:54
Gerenciador.exe,atualizacao,add_informaConcluidoVersaoCompleted,D:\AtelieProd\MOD\apps\legacy-runtime\Equipexe\Exe\Gerenciador.exe,860160,,2016-09-29T12:57:54
Gerenciador.exe,atualizacao,remove_informaConcluidoVersaoCompleted,D:\AtelieProd\MOD\apps\legacy-runtime\Equipexe\Exe\Gerenciador.exe,860160,,2016-09-29T12:57:54
Gerenciador.exe,atualizacao,add_VerificaAtualizacoesCompleted,D:\AtelieProd\MOD\apps\legacy-runtime\Equipexe\Exe\Gerenciador.exe,860160,,2016-09-29T12:57:54
Gerenciador.exe,atualizacao,remove_VerificaAtualizacoesCompleted,D:\AtelieProd\MOD\apps\legacy-runtime\Equipexe\Exe\Gerenciador.exe,860160,,2016-09-29T12:57:54
Gerenciador.exe,atualizacao,add_TesteVerificaAtualizacoesCompleted,D:\AtelieProd\MOD\apps\legacy-runtime\Equipexe\Exe\Gerenciador.exe,860160,,2016-09-29T12:57:54
Gerenciador.exe,atualizacao,remove_TesteVerificaAtualizacoesCompleted,D:\AtelieProd\MOD\apps\legacy-runtime\Equipexe\Exe\Gerenciador.exe,860160,,2016-09-29T12:57:54
Gerenciador.exe,autenticacao-permissao,get_Password,D:\AtelieProd\MOD\apps\legacy-runtime\Equipexe\Exe\Gerenciador.exe,860160,,2016-09-29T12:57:54
Gerenciador.exe,autenticacao-permissao,get_lblPassword,D:\AtelieProd\MOD\apps\legacy-runtime\Equipexe\Exe\Gerenciador.exe,860160,,2016-09-29T12:57:54
Gerenciador.exe,autenticacao-permissao,txtPassword,D:\AtelieProd\MOD\apps\legacy-runtime\Equipexe\Exe\Gerenciador.exe,860160,,2016-09-29T12:57:54
Gerenciador.exe,sinal-relacionado,get_invalidLinkCode,D:\AtelieProd\MOD\apps\legacy-runtime\Equipexe\Exe\Gerenciador.exe,860160,,2016-09-29T12:57:54
Gerenciador.exe,hardware-binding,get_macAddressUnavailable,D:\AtelieProd\MOD\apps\legacy-runtime\Equipexe\Exe\Gerenciador.exe,860160,,2016-09-29T12:57:54
Gerenciador.exe,sinal-relacionado,nextValidName,D:\AtelieProd\MOD\apps\legacy-runtime\Equipexe\Exe\Gerenciador.exe,860160,,2016-09-29T12:57:54
Gerenciador.exe,sinal-relacionado,extractUrlFileName,D:\AtelieProd\MOD\apps\legacy-runtime\Equipexe\Exe\Gerenciador.exe,860160,,2016-09-29T12:57:54
Gerenciador.exe,sinal-relacionado,get_invalidUname,D:\AtelieProd\MOD\apps\legacy-runtime\Equipexe\Exe\Gerenciador.exe,860160,,2016-09-29T12:57:54
Gerenciador.exe,atualizacao,get_FolderUpdate,D:\AtelieProd\MOD\apps\legacy-runtime\Equipexe\Exe\Gerenciador.exe,860160,,2016-09-29T12:57:54
Gerenciador.exe,atualizacao,AssemblyFileVersionAttribute,D:\AtelieProd\MOD\apps\legacy-runtime\Equipexe\Exe\Gerenciador.exe,860160,,2016-09-29T12:57:54
Gerenciador.exe,atualizacao,get_VersionString,D:\AtelieProd\MOD\apps\legacy-runtime\Equipexe\Exe\Gerenciador.exe,860160,,2016-09-29T12:57:54
Gerenciador.exe,comunicacao-remota,HttpWebClientProtocol,D:\AtelieProd\MOD\apps\legacy-runtime\Equipexe\Exe\Gerenciador.exe,860160,,2016-09-29T12:57:54
Gerenciador.exe,comunicacao-remota,SoapHttpClientProtocol,D:\AtelieProd\MOD\apps\legacy-runtime\Equipexe\Exe\Gerenciador.exe,860160,,2016-09-29T12:57:54
Gerenciador.exe,sinal-relacionado,get_Url,D:\AtelieProd\MOD\apps\legacy-runtime\Equipexe\Exe\Gerenciador.exe,860160,,2016-09-29T12:57:54
Gerenciador.exe,sinal-relacionado,set_Url,D:\AtelieProd\MOD\apps\legacy-runtime\Equipexe\Exe\Gerenciador.exe,860160,,2016-09-29T12:57:54
Gerenciador.exe,sinal-relacionado,get_SourceUrl,D:\AtelieProd\MOD\apps\legacy-runtime\Equipexe\Exe\Gerenciador.exe,860160,,2016-09-29T12:57:54
Gerenciador.exe,sinal-relacionado,sourceUrl,D:\AtelieProd\MOD\apps\legacy-runtime\Equipexe\Exe\Gerenciador.exe,860160,,2016-09-29T12:57:54
Gerenciador.exe,atualizacao,get_OSVersion,D:\AtelieProd\MOD\apps\legacy-runtime\Equipexe\Exe\Gerenciador.exe,860160,,2016-09-29T12:57:54
Gerenciador.exe,atualizacao,get_Version,D:\AtelieProd\MOD\apps\legacy-runtime\Equipexe\Exe\Gerenciador.exe,860160,,2016-09-29T12:57:54
Gerenciador.exe,atualizacao,lblVersion,D:\AtelieProd\MOD\apps\legacy-runtime\Equipexe\Exe\Gerenciador.exe,860160,,2016-09-29T12:57:54
Gerenciador.exe,atualizacao,getVersion,D:\AtelieProd\MOD\apps\legacy-runtime\Equipexe\Exe\Gerenciador.exe,860160,,2016-09-29T12:57:54
Gerenciador.exe,licenciamento,System.Xml.Serialization,D:\AtelieProd\MOD\apps\legacy-runtime\Equipexe\Exe\Gerenciador.exe,860160,,2016-09-29T12:57:54
Gerenciador.exe,hardware-binding,RegistraEstacao,D:\AtelieProd\MOD\apps\legacy-runtime\Equipexe\Exe\Gerenciador.exe,860160,,2016-09-29T12:57:54
Gerenciador.exe,hardware-binding,xmlEstacao,D:\AtelieProd\MOD\apps\legacy-runtime\Equipexe\Exe\Gerenciador.exe,860160,,2016-09-29T12:57:54
Gerenciador.exe,atualizacao,informaConcluidoVersao,D:\AtelieProd\MOD\apps\legacy-runtime\Equipexe\Exe\Gerenciador.exe,860160,,2016-09-29T12:57:54
Gerenciador.exe,atualizacao,versao,D:\AtelieProd\MOD\apps\legacy-runtime\Equipexe\Exe\Gerenciador.exe,860160,,2016-09-29T12:57:54
Gerenciador.exe,atualizacao,updateInfo,D:\AtelieProd\MOD\apps\legacy-runtime\Equipexe\Exe\Gerenciador.exe,860160,,2016-09-29T12:57:54
Gerenciador.exe,autenticacao-permissao,usuario,D:\AtelieProd\MOD\apps\legacy-runtime\Equipexe\Exe\Gerenciador.exe,860160,,2016-09-29T12:57:54
Gerenciador.exe,sinal-relacionado,get_possuiRegistro,D:\AtelieProd\MOD\apps\legacy-runtime\Equipexe\Exe\Gerenciador.exe,860160,,2016-09-29T12:57:54
Gerenciador.exe,autenticacao-permissao,set_PasswordChar,D:\AtelieProd\MOD\apps\legacy-runtime\Equipexe\Exe\Gerenciador.exe,860160,,2016-09-29T12:57:54
Gerenciador.exe,hardware-binding,RegistraEstacaoCompletedEventHandler,D:\AtelieProd\MOD\apps\legacy-runtime\Equipexe\Exe\Gerenciador.exe,860160,,2016-09-29T12:57:54
Gerenciador.exe,atualizacao,informaConcluidoVersaoCompletedEventHandler,D:\AtelieProd\MOD\apps\legacy-runtime\Equipexe\Exe\Gerenciador.exe,860160,,2016-09-29T12:57:54
Gerenciador.exe,atualizacao,TesteVerificaAtualizacoesCompletedEventHandler,D:\AtelieProd\MOD\apps\legacy-runtime\Equipexe\Exe\Gerenciador.exe,860160,,2016-09-29T12:57:54
Gerenciador.exe,licenciamento,register,D:\AtelieProd\MOD\apps\legacy-runtime\Equipexe\Exe\Gerenciador.exe,860160,,2016-09-29T12:57:54
Gerenciador.exe,atualizacao,TesteVerificaAtualizacoes,D:\AtelieProd\MOD\apps\legacy-runtime\Equipexe\Exe\Gerenciador.exe,860160,,2016-09-29T12:57:54
Gerenciador.exe,atualizacao,Updates,D:\AtelieProd\MOD\apps\legacy-runtime\Equipexe\Exe\Gerenciador.exe,860160,,2016-09-29T12:57:54
Gerenciador.exe,hardware-binding,RegistraEstacaoCompletedEventArgs,D:\AtelieProd\MOD\apps\legacy-runtime\Equipexe\Exe\Gerenciador.exe,860160,,2016-09-29T12:57:54
Gerenciador.exe,atualizacao,informaConcluidoVersaoCompletedEventArgs,D:\AtelieProd\MOD\apps\legacy-runtime\Equipexe\Exe\Gerenciador.exe,860160,,2016-09-29T12:57:54
Gerenciador.exe,atualizacao,TesteVerificaAtualizacoesCompletedEventArgs,D:\AtelieProd\MOD\apps\legacy-runtime\Equipexe\Exe\Gerenciador.exe,860160,,2016-09-29T12:57:54
Gerenciador.exe,hardware-binding,get_MacAddress,D:\AtelieProd\MOD\apps\legacy-runtime\Equipexe\Exe\Gerenciador.exe,860160,,2016-09-29T12:57:54
Gerenciador.exe,hardware-binding,set_MacAddress,D:\AtelieProd\MOD\apps\legacy-runtime\Equipexe\Exe\Gerenciador.exe,860160,,2016-09-29T12:57:54
Gerenciador.exe,hardware-binding,getMacAddress,D:\AtelieProd\MOD\apps\legacy-runtime\Equipexe\Exe\Gerenciador.exe,860160,,2016-09-29T12:57:54
Gerenciador.exe,hardware-binding,txtMacAddress,D:\AtelieProd\MOD\apps\legacy-runtime\Equipexe\Exe\Gerenciador.exe,860160,,2016-09-29T12:57:54
Gerenciador.exe,hardware-binding,macAddress,D:\AtelieProd\MOD\apps\legacy-runtime\Equipexe\Exe\Gerenciador.exe,860160,,2016-09-29T12:57:54
Gerenciador.exe,comunicacao-remota,HttpWebRequest,D:\AtelieProd\MOD\apps\legacy-runtime\Equipexe\Exe\Gerenciador.exe,860160,,2016-09-29T12:57:54
Gerenciador.exe,comunicacao-remota,httpWebRequest,D:\AtelieProd\MOD\apps\legacy-runtime\Equipexe\Exe\Gerenciador.exe,860160,,2016-09-29T12:57:54
Gerenciador.exe,comunicacao-remota,$http://tempuri.org/EnviarDadosTabela,D:\AtelieProd\MOD\apps\legacy-runtime\Equipexe\Exe\Gerenciador.exe,860160,,2016-09-29T12:57:54
Gerenciador.exe,comunicacao-remota,http://tempuri.org/T,D:\AtelieProd\MOD\apps\legacy-runtime\Equipexe\Exe\Gerenciador.exe,860160,,2016-09-29T12:57:54
Gerenciador.exe,comunicacao-remota,http://tempuri.org/TU,D:\AtelieProd\MOD\apps\legacy-runtime\Equipexe\Exe\Gerenciador.exe,860160,,2016-09-29T12:57:54
Gerenciador.exe,atualizacao,"System.Web.Services.Description.SoapBindingUse, System.Web.Services, Version=2.0.0.0, Culture=neutral, PublicKeyToken=b03f5f7f11d50a3a",D:\AtelieProd\MOD\apps\legacy-runtime\Equipexe\Exe\Gerenciador.exe,860160,,2016-09-29T12:57:54
Gerenciador.exe,atualizacao,"System.Web.Services.Protocols.SoapParameterStyle, System.Web.Services, Version=2.0.0.0, Culture=neutral, PublicKeyToken=b03f5f7f11d50a3a",D:\AtelieProd\MOD\apps\legacy-runtime\Equipexe\Exe\Gerenciador.exe,860160,,2016-09-29T12:57:54
Gerenciador.exe,comunicacao-remota,%http://lavsoft.com.br/ws/Nuvem/Enviar,D:\AtelieProd\MOD\apps\legacy-runtime\Equipexe\Exe\Gerenciador.exe,860160,,2016-09-29T12:57:54
Gerenciador.exe,comunicacao-remota,http://lavsoft.com.br/ws/Nuvem/T,D:\AtelieProd\MOD\apps\legacy-runtime\Equipexe\Exe\Gerenciador.exe,860160,,2016-09-29T12:57:54
Gerenciador.exe,comunicacao-remota,http://lavsoft.com.br/ws/Nuvem/TU,D:\AtelieProd\MOD\apps\legacy-runtime\Equipexe\Exe\Gerenciador.exe,860160,,2016-09-29T12:57:54
Gerenciador.exe,comunicacao-remota,.http://www.lavsoft.com.br/EnviaFormasPagamento,D:\AtelieProd\MOD\apps\legacy-runtime\Equipexe\Exe\Gerenciador.exe,860160,,2016-09-29T12:57:54
Gerenciador.exe,comunicacao-remota,http://www.lavsoft.com.br/T,D:\AtelieProd\MOD\apps\legacy-runtime\Equipexe\Exe\Gerenciador.exe,860160,,2016-09-29T12:57:54
Gerenciador.exe,comunicacao-remota,http://www.lavsoft.com.br/TU,D:\AtelieProd\MOD\apps\legacy-runtime\Equipexe\Exe\Gerenciador.exe,860160,,2016-09-29T12:57:54
Gerenciador.exe,comunicacao-remota,1http://www.lavsoft.com.br/EnviaFormasPagamentoNew,D:\AtelieProd\MOD\apps\legacy-runtime\Equipexe\Exe\Gerenciador.exe,860160,,2016-09-29T12:57:54
Gerenciador.exe,comunicacao-remota,+http://www.lavsoft.com.br/EnviaTabelasPreco,D:\AtelieProd\MOD\apps\legacy-runtime\Equipexe\Exe\Gerenciador.exe,860160,,2016-09-29T12:57:54
Gerenciador.exe,comunicacao-remota,.http://www.lavsoft.com.br/EnviaTabelasPrecoNew,D:\AtelieProd\MOD\apps\legacy-runtime\Equipexe\Exe\Gerenciador.exe,860160,,2016-09-29T12:57:54
Gerenciador.exe,comunicacao-remota,$http://www.lavsoft.com.br/EnviaCores,D:\AtelieProd\MOD\apps\legacy-runtime\Equipexe\Exe\Gerenciador.exe,860160,,2016-09-29T12:57:54
Gerenciador.exe,comunicacao-remota,'http://www.lavsoft.com.br/EnviaCoresNew,D:\AtelieProd\MOD\apps\legacy-runtime\Equipexe\Exe\Gerenciador.exe,860160,,2016-09-29T12:57:54
Gerenciador.exe,comunicacao-remota,'http://www.lavsoft.com.br/EnviaDefeitos,D:\AtelieProd\MOD\apps\legacy-runtime\Equipexe\Exe\Gerenciador.exe,860160,,2016-09-29T12:57:54
Gerenciador.exe,comunicacao-remota,*http://www.lavsoft.com.br/EnviaDefeitosNew,D:\AtelieProd\MOD\apps\legacy-runtime\Equipexe\Exe\Gerenciador.exe,860160,,2016-09-29T12:57:54
Gerenciador.exe,comunicacao-remota,%http://www.lavsoft.com.br/EnviaCaract,D:\AtelieProd\MOD\apps\legacy-runtime\Equipexe\Exe\Gerenciador.exe,860160,,2016-09-29T12:57:54
Gerenciador.exe,comunicacao-remota,(http://www.lavsoft.com.br/EnviaCaractNew,D:\AtelieProd\MOD\apps\legacy-runtime\Equipexe\Exe\Gerenciador.exe,860160,,2016-09-29T12:57:54
Gerenciador.exe,comunicacao-remota,-http://www.lavsoft.com.br/EnviaTipoEntradaNew,D:\AtelieProd\MOD\apps\legacy-runtime\Equipexe\Exe\Gerenciador.exe,860160,,2016-09-29T12:57:54
Gerenciador.exe,comunicacao-remota,'http://www.lavsoft.com.br/EnviaMarcaNew,D:\AtelieProd\MOD\apps\legacy-runtime\Equipexe\Exe\Gerenciador.exe,860160,,2016-09-29T12:57:54
Gerenciador.exe,comunicacao-remota,%http://www.lavsoft.com.br/EnviaPrazos,D:\AtelieProd\MOD\apps\legacy-runtime\Equipexe\Exe\Gerenciador.exe,860160,,2016-09-29T12:57:54
Gerenciador.exe,comunicacao-remota,(http://www.lavsoft.com.br/EnviaPrazosNew,D:\AtelieProd\MOD\apps\legacy-runtime\Equipexe\Exe\Gerenciador.exe,860160,,2016-09-29T12:57:54
Gerenciador.exe,comunicacao-remota,%http://www.lavsoft.com.br/EnviaGruPro,D:\AtelieProd\MOD\apps\legacy-runtime\Equipexe\Exe\Gerenciador.exe,860160,,2016-09-29T12:57:54
Gerenciador.exe,comunicacao-remota,(http://www.lavsoft.com.br/EnviaGruProNew,D:\AtelieProd\MOD\apps\legacy-runtime\Equipexe\Exe\Gerenciador.exe,860160,,2016-09-29T12:57:54
Gerenciador.exe,comunicacao-remota,%http://www.lavsoft.com.br/EnviaFatPre,D:\AtelieProd\MOD\apps\legacy-runtime\Equipexe\Exe\Gerenciador.exe,860160,,2016-09-29T12:57:54
Gerenciador.exe,comunicacao-remota,(http://www.lavsoft.com.br/EnviaFatPreNew,D:\AtelieProd\MOD\apps\legacy-runtime\Equipexe\Exe\Gerenciador.exe,860160,,2016-09-29T12:57:54
Gerenciador.exe,comunicacao-remota,'http://www.lavsoft.com.br/EnviaServicos,D:\AtelieProd\MOD\apps\legacy-runtime\Equipexe\Exe\Gerenciador.exe,860160,,2016-09-29T12:57:54
Gerenciador.exe,comunicacao-remota,*http://www.lavsoft.com.br/EnviaServicosNew,D:\AtelieProd\MOD\apps\legacy-runtime\Equipexe\Exe\Gerenciador.exe,860160,,2016-09-29T12:57:54
Gerenciador.exe,comunicacao-remota,'http://www.lavsoft.com.br/EnviaDelivery,D:\AtelieProd\MOD\apps\legacy-runtime\Equipexe\Exe\Gerenciador.exe,860160,,2016-09-29T12:57:54
Gerenciador.exe,comunicacao-remota,*http://www.lavsoft.com.br/EnviaDeliveryNew,D:\AtelieProd\MOD\apps\legacy-runtime\Equipexe\Exe\Gerenciador.exe,860160,,2016-09-29T12:57:54
Gerenciador.exe,comunicacao-remota,&http://www.lavsoft.com.br/EnviaEntrega,D:\AtelieProd\MOD\apps\legacy-runtime\Equipexe\Exe\Gerenciador.exe,860160,,2016-09-29T12:57:54
Gerenciador.exe,comunicacao-remota,)http://www.lavsoft.com.br/EnviaEntregaNew,D:\AtelieProd\MOD\apps\legacy-runtime\Equipexe\Exe\Gerenciador.exe,860160,,2016-09-29T12:57:54
Gerenciador.exe,comunicacao-remota,/http://www.lavsoft.com.br/RecebeRolsFinalizados,D:\AtelieProd\MOD\apps\legacy-runtime\Equipexe\Exe\Gerenciador.exe,860160,,2016-09-29T12:57:54
Gerenciador.exe,comunicacao-remota,2http://www.lavsoft.com.br/RecebeRolsFinalizadosNew,D:\AtelieProd\MOD\apps\legacy-runtime\Equipexe\Exe\Gerenciador.exe,860160,,2016-09-29T12:57:54
Gerenciador.exe,comunicacao-remota,7http://www.lavsoft.com.br/RecebeRolsFinalizadosNewTeste,D:\AtelieProd\MOD\apps\legacy-runtime\Equipexe\Exe\Gerenciador.exe,860160,,2016-09-29T12:57:54
Gerenciador.exe,comunicacao-remota,#http://www.lavsoft.com.br/testerols,D:\AtelieProd\MOD\apps\legacy-runtime\Equipexe\Exe\Gerenciador.exe,860160,,2016-09-29T12:57:54
Gerenciador.exe,comunicacao-remota,5http://www.lavsoft.com.br/ListarDispositivosPorFilial,D:\AtelieProd\MOD\apps\legacy-runtime\Equipexe\Exe\Gerenciador.exe,860160,,2016-09-29T12:57:54
Gerenciador.exe,comunicacao-remota,(http://www.lavsoft.com.br/EnviaMovimento,D:\AtelieProd\MOD\apps\legacy-runtime\Equipexe\Exe\Gerenciador.exe,860160,,2016-09-29T12:57:54
Gerenciador.exe,comunicacao-remota,+http://www.lavsoft.com.br/EnviaMovimentoNew,D:\AtelieProd\MOD\apps\legacy-runtime\Equipexe\Exe\Gerenciador.exe,860160,,2016-09-29T12:57:54
Gerenciador.exe,comunicacao-remota,(http://www.lavsoft.com.br/TestaAutentica,D:\AtelieProd\MOD\apps\legacy-runtime\Equipexe\Exe\Gerenciador.exe,860160,,2016-09-29T12:57:54
Gerenciador.exe,comunicacao-remota,.http://www.lavsoft.com.br/AutenticaGerenciador,D:\AtelieProd\MOD\apps\legacy-runtime\Equipexe\Exe\Gerenciador.exe,860160,,2016-09-29T12:57:54
Gerenciador.exe,hardware-binding,)http://www.lavsoft.com.br/RegistraEstacao,D:\AtelieProd\MOD\apps\legacy-runtime\Equipexe\Exe\Gerenciador.exe,860160,,2016-09-29T12:57:54
Gerenciador.exe,comunicacao-remota,3http://www.lavsoft.com.br/TesteVerificaAtualizacoes,D:\AtelieProd\MOD\apps\legacy-runtime\Equipexe\Exe\Gerenciador.exe,860160,,2016-09-29T12:57:54
Gerenciador.exe,comunicacao-remota,.http://www.lavsoft.com.br/VerificaAtualizacoes,D:\AtelieProd\MOD\apps\legacy-runtime\Equipexe\Exe\Gerenciador.exe,860160,,2016-09-29T12:57:54
Gerenciador.exe,comunicacao-remota,*http://www.lavsoft.com.br/informaConcluido,D:\AtelieProd\MOD\apps\legacy-runtime\Equipexe\Exe\Gerenciador.exe,860160,,2016-09-29T12:57:54
Gerenciador.exe,comunicacao-remota,0http://www.lavsoft.com.br/informaConcluidoVersao,D:\AtelieProd\MOD\apps\legacy-runtime\Equipexe\Exe\Gerenciador.exe,860160,,2016-09-29T12:57:54
Gerenciador.exe,comunicacao-remota,.http://www.lavsoft.com.br/DefinePadraoDownload,D:\AtelieProd\MOD\apps\legacy-runtime\Equipexe\Exe\Gerenciador.exe,860160,,2016-09-29T12:57:54
Gerenciador.exe,comunicacao-remota,)http://www.lavsoft.com.br/ListaDuplicatas,D:\AtelieProd\MOD\apps\legacy-runtime\Equipexe\Exe\Gerenciador.exe,860160,,2016-09-29T12:57:54
Gerenciador.exe,comunicacao-remota,$http://www.lavsoft.com.br/EnviaDados,D:\AtelieProd\MOD\apps\legacy-runtime\Equipexe\Exe\Gerenciador.exe,860160,,2016-09-29T12:57:54
Gerenciador.exe,comunicacao-remota,'http://www.lavsoft.com.br/DownloadDados,D:\AtelieProd\MOD\apps\legacy-runtime\Equipexe\Exe\Gerenciador.exe,860160,,2016-09-29T12:57:54
Gerenciador.exe,comunicacao-remota,http://tempuri.org/I,D:\AtelieProd\MOD\apps\legacy-runtime\Equipexe\Exe\Gerenciador.exe,860160,,2016-09-29T12:57:54
Gerenciador.exe,comunicacao-remota,http://lavsoft.com.br/ws/Nuvem/;,D:\AtelieProd\MOD\apps\legacy-runtime\Equipexe\Exe\Gerenciador.exe,860160,,2016-09-29T12:57:54
Gerenciador.exe,comunicacao-remota,http://www.lavsoft.com.br/A,D:\AtelieProd\MOD\apps\legacy-runtime\Equipexe\Exe\Gerenciador.exe,860160,,2016-09-29T12:57:54
Gerenciador.exe,comunicacao-remota,http://www.lavsoft.com.br/<,D:\AtelieProd\MOD\apps\legacy-runtime\Equipexe\Exe\Gerenciador.exe,860160,,2016-09-29T12:57:54
Gerenciador.exe,comunicacao-remota,http://www.lavsoft.com.br/@,D:\AtelieProd\MOD\apps\legacy-runtime\Equipexe\Exe\Gerenciador.exe,860160,,2016-09-29T12:57:54
Gerenciador.exe,comunicacao-remota,2http://www.lavsoft.com.br/ws/minilav7/v3/Loja.asmx,D:\AtelieProd\MOD\apps\legacy-runtime\Equipexe\Exe\Gerenciador.exe,860160,,2016-09-29T12:57:54
Gerenciador.exe,comunicacao-remota,5http://www.lavsoft.com.br/ws/Graficos/wsGraficos.asmx,D:\AtelieProd\MOD\apps\legacy-runtime\Equipexe\Exe\Gerenciador.exe,860160,,2016-09-29T12:57:54
Gerenciador.exe,comunicacao-remota,1http://www.lavsoft.com.br/ws/Equipe/v2/Geral.ASMX,D:\AtelieProd\MOD\apps\legacy-runtime\Equipexe\Exe\Gerenciador.exe,860160,,2016-09-29T12:57:54
Gerenciador.exe,comunicacao-remota,1http://www.lavsoft.com.br/ws/Sincrolav/Dados.asmx,D:\AtelieProd\MOD\apps\legacy-runtime\Equipexe\Exe\Gerenciador.exe,860160,,2016-09-29T12:57:54
Gerenciador.exe,comunicacao-remota,6http://www.lavsoft.com.br/ws/Equipe/v2/AtuTabelas.asmx,D:\AtelieProd\MOD\apps\legacy-runtime\Equipexe\Exe\Gerenciador.exe,860160,,2016-09-29T12:57:54
Gerenciador.exe,comunicacao-remota,4http://lavsoft.com.br/ws/nuvem/v1/UploadArquivo.asmx,D:\AtelieProd\MOD\apps\legacy-runtime\Equipexe\Exe\Gerenciador.exe,860160,,2016-09-29T12:57:54
Gerenciador.exe,atualizacao,"lSystem.Resources.ResourceReader, mscorlib, Version=2.0.0.0, Culture=neutral, PublicKeyToken=b77a5c561934e089#System.Resources.RuntimeResourceSet",D:\AtelieProd\MOD\apps\legacy-runtime\Equipexe\Exe\Gerenciador.exe,860160,,2016-09-29T12:57:54
Gerenciador.exe,atualizacao,"fSystem.Drawing.Icon, System.Drawing, Version=2.0.0.0, Culture=neutral, PublicKeyToken=b03f5f7f11d50a3ahSystem.Drawing.Bitmap, System.Drawing, Version=2.0.0.0, Culture=neutral, PublicKeyToken=b03f5f7f11d50a3aPADPADPBj",D:\AtelieProd\MOD\apps\legacy-runtime\Equipexe\Exe\Gerenciador.exe,860160,,2016-09-29T12:57:54
Gerenciador.exe,atualizacao,"QSystem.Drawing, Version=2.0.0.0, Culture=neutral, PublicKeyToken=b03f5f7f11d50a3a",D:\AtelieProd\MOD\apps\legacy-runtime\Equipexe\Exe\Gerenciador.exe,860160,,2016-09-29T12:57:54
Gerenciador.exe,atualizacao,"fSystem.Drawing.Icon, System.Drawing, Version=2.0.0.0, Culture=neutral, PublicKeyToken=b03f5f7f11d50a3aBj",D:\AtelieProd\MOD\apps\legacy-runtime\Equipexe\Exe\Gerenciador.exe,860160,,2016-09-29T12:57:54
Gerenciador.exe,atualizacao,"hSystem.Drawing.Bitmap, System.Drawing, Version=2.0.0.0, Culture=neutral, PublicKeyToken=b03f5f7f11d50a3aPADPADF~",D:\AtelieProd\MOD\apps\legacy-runtime\Equipexe\Exe\Gerenciador.exe,860160,,2016-09-29T12:57:54
Gerenciador.exe,atualizacao,"fSystem.Drawing.Icon, System.Drawing, Version=2.0.0.0, Culture=neutral, PublicKeyToken=b03f5f7f11d50a3a",D:\AtelieProd\MOD\apps\legacy-runtime\Equipexe\Exe\Gerenciador.exe,860160,,2016-09-29T12:57:54
Gerenciador.exe,atualizacao,"System.Windows.Forms.ImageListStreamer, System.Windows.Forms, Version=2.0.0.0, Culture=neutral, PublicKeyToken=b77a5c561934e089hSystem.Drawing.Bitmap, System.Drawing, Version=2.0.0.0, Culture=neutral, PublicKeyToken=b03f5f7f11d50a3aPADPADP",D:\AtelieProd\MOD\apps\legacy-runtime\Equipexe\Exe\Gerenciador.exe,860160,,2016-09-29T12:57:54
Gerenciador.exe,atualizacao,"WSystem.Windows.Forms, Version=2.0.0.0, Culture=neutral, PublicKeyToken=b77a5c561934e089",D:\AtelieProd\MOD\apps\legacy-runtime\Equipexe\Exe\Gerenciador.exe,860160,,2016-09-29T12:57:54
Gerenciador.exe,sinal-relacionado, registro (CC),D:\AtelieProd\MOD\apps\legacy-runtime\Equipexe\Exe\Gerenciador.exe,860160,,2016-09-29T12:57:54
Gerenciador.exe,autenticacao-permissao,Senha,D:\AtelieProd\MOD\apps\legacy-runtime\Equipexe\Exe\Gerenciador.exe,860160,,2016-09-29T12:57:54
Gerenciador.exe,autenticacao-permissao,rio ou senha inv,D:\AtelieProd\MOD\apps\legacy-runtime\Equipexe\Exe\Gerenciador.exe,860160,,2016-09-29T12:57:54
Gerenciador.exe,hardware-binding,vel recuperar o identificador do computador para efetuar o v,D:\AtelieProd\MOD\apps\legacy-runtime\Equipexe\Exe\Gerenciador.exe,860160,,2016-09-29T12:57:54
Gerenciador.exe,atualizacao,"hSystem.Drawing.Bitmap, System.Drawing, Version=2.0.0.0, Culture=neutral, PublicKeyToken=b03f5f7f11d50a3aPADPADD",D:\AtelieProd\MOD\apps\legacy-runtime\Equipexe\Exe\Gerenciador.exe,860160,,2016-09-29T12:57:54
Gerenciador.exe,atualizacao,"fSystem.Drawing.Icon, System.Drawing, Version=2.0.0.0, Culture=neutral, PublicKeyToken=b03f5f7f11d50a3ahSystem.Drawing.Bitmap, System.Drawing, Version=2.0.0.0, Culture=neutral, PublicKeyToken=b03f5f7f11d50a3aPADPADPI",D:\AtelieProd\MOD\apps\legacy-runtime\Equipexe\Exe\Gerenciador.exe,860160,,2016-09-29T12:57:54
Gerenciador.exe,atualizacao,Equipexe\Exe\Atualizacao\,D:\AtelieProd\MOD\apps\legacy-runtime\Equipexe\Exe\Gerenciador.exe,860160,,2016-09-29T12:57:54
Financeiro.exe,sinal-relacionado,EInvalidOp,D:\AtelieProd\MOD\apps\legacy-runtime\Equipexe\Exe\Financeiro.exe,4687360,,2007-09-05T13:13:04
Financeiro.exe,sinal-relacionado,EInvalidPointer ,D:\AtelieProd\MOD\apps\legacy-runtime\Equipexe\Exe\Financeiro.exe,4687360,,2007-09-05T13:13:04
Financeiro.exe,sinal-relacionado,EInvalidCast,D:\AtelieProd\MOD\apps\legacy-runtime\Equipexe\Exe\Financeiro.exe,4687360,,2007-09-05T13:13:04
Financeiro.exe,sinal-relacionado,EVariantInvalidOpError,D:\AtelieProd\MOD\apps\legacy-runtime\Equipexe\Exe\Financeiro.exe,4687360,,2007-09-05T13:13:04
Financeiro.exe,sinal-relacionado,EVariantInvalidArgError,D:\AtelieProd\MOD\apps\legacy-runtime\Equipexe\Exe\Financeiro.exe,4687360,,2007-09-05T13:13:04
Financeiro.exe,sinal-relacionado,EVariantInvalidNullOpError,D:\AtelieProd\MOD\apps\legacy-runtime\Equipexe\Exe\Financeiro.exe,4687360,,2007-09-05T13:13:04
Financeiro.exe,sinal-relacionado,EInvalidOperation,D:\AtelieProd\MOD\apps\legacy-runtime\Equipexe\Exe\Financeiro.exe,4687360,,2007-09-05T13:13:04
Financeiro.exe,sinal-relacionado,EInvalidGraphic,D:\AtelieProd\MOD\apps\legacy-runtime\Equipexe\Exe\Financeiro.exe,4687360,,2007-09-05T13:13:04
Financeiro.exe,sinal-relacionado,EInvalidGraphicOperation,D:\AtelieProd\MOD\apps\legacy-runtime\Equipexe\Exe\Financeiro.exe,4687360,,2007-09-05T13:13:04
Financeiro.exe,atualizacao,UpdateFont,D:\AtelieProd\MOD\apps\legacy-runtime\Equipexe\Exe\Financeiro.exe,4687360,,2007-09-05T13:13:04
Financeiro.exe,sinal-relacionado,ofNoValidate,D:\AtelieProd\MOD\apps\legacy-runtime\Equipexe\Exe\Financeiro.exe,4687360,,2007-09-05T13:13:04
Financeiro.exe,atualizacao,rsUpdate,D:\AtelieProd\MOD\apps\legacy-runtime\Equipexe\Exe\Financeiro.exe,4687360,,2007-09-05T13:13:04
Financeiro.exe,atualizacao,TConversion,D:\AtelieProd\MOD\apps\legacy-runtime\Equipexe\Exe\Financeiro.exe,4687360,,2007-09-05T13:13:04
Financeiro.exe,atualizacao,TConversionFormat,D:\AtelieProd\MOD\apps\legacy-runtime\Equipexe\Exe\Financeiro.exe,4687360,,2007-09-05T13:13:04
Financeiro.exe,autenticacao-permissao,PasswordChar,D:\AtelieProd\MOD\apps\legacy-runtime\Equipexe\Exe\Financeiro.exe,4687360,,2007-09-05T13:13:04
Financeiro.exe,sinal-relacionado,TControlActionLink,D:\AtelieProd\MOD\apps\legacy-runtime\Equipexe\Exe\Financeiro.exe,4687360,,2007-09-05T13:13:04
Financeiro.exe,sinal-relacionado,TWinControlActionLink,D:\AtelieProd\MOD\apps\legacy-runtime\Equipexe\Exe\Financeiro.exe,4687360,,2007-09-05T13:13:04
Financeiro.exe,atualizacao,ImmGetConversionStatus,D:\AtelieProd\MOD\apps\legacy-runtime\Equipexe\Exe\Financeiro.exe,4687360,,2007-09-05T13:13:04
Financeiro.exe,atualizacao,ImmSetConversionStatus,D:\AtelieProd\MOD\apps\legacy-runtime\Equipexe\Exe\Financeiro.exe,4687360,,2007-09-05T13:13:04
Financeiro.exe,atualizacao,OnUpdate,D:\AtelieProd\MOD\apps\legacy-runtime\Equipexe\Exe\Financeiro.exe,4687360,,2007-09-05T13:13:04
Financeiro.exe,licenciamento,RegisterAutomation,D:\AtelieProd\MOD\apps\legacy-runtime\Equipexe\Exe\Financeiro.exe,4687360,,2007-09-05T13:13:04
Financeiro.exe,licenciamento,DllRegisterServer,D:\AtelieProd\MOD\apps\legacy-runtime\Equipexe\Exe\Financeiro.exe,4687360,,2007-09-05T13:13:04
Financeiro.exe,atualizacao,EUpdateError,D:\AtelieProd\MOD\apps\legacy-runtime\Equipexe\Exe\Financeiro.exe,4687360,,2007-09-05T13:13:04
Financeiro.exe,atualizacao,TUpdateAction,D:\AtelieProd\MOD\apps\legacy-runtime\Equipexe\Exe\Financeiro.exe,4687360,,2007-09-05T13:13:04
Financeiro.exe,atualizacao,TUpdateMode,D:\AtelieProd\MOD\apps\legacy-runtime\Equipexe\Exe\Financeiro.exe,4687360,,2007-09-05T13:13:04
Financeiro.exe,atualizacao,TUpdateKind,D:\AtelieProd\MOD\apps\legacy-runtime\Equipexe\Exe\Financeiro.exe,4687360,,2007-09-05T13:13:04
Financeiro.exe,atualizacao,TUpdateErrorEvent,D:\AtelieProd\MOD\apps\legacy-runtime\Equipexe\Exe\Financeiro.exe,4687360,,2007-09-05T13:13:04
Financeiro.exe,atualizacao,UpdateKind,D:\AtelieProd\MOD\apps\legacy-runtime\Equipexe\Exe\Financeiro.exe,4687360,,2007-09-05T13:13:04
Financeiro.exe,atualizacao,UpdateAction,D:\AtelieProd\MOD\apps\legacy-runtime\Equipexe\Exe\Financeiro.exe,4687360,,2007-09-05T13:13:04
Financeiro.exe,atualizacao,TUpdateRecordEvent,D:\AtelieProd\MOD\apps\legacy-runtime\Equipexe\Exe\Financeiro.exe,4687360,,2007-09-05T13:13:04
Financeiro.exe,autenticacao-permissao,Password,D:\AtelieProd\MOD\apps\legacy-runtime\Equipexe\Exe\Financeiro.exe,4687360,,2007-09-05T13:13:04
Financeiro.exe,atualizacao,pfInUpdate,D:\AtelieProd\MOD\apps\legacy-runtime\Equipexe\Exe\Financeiro.exe,4687360,,2007-09-05T13:13:04
Financeiro.exe,sinal-relacionado,OnValidate,D:\AtelieProd\MOD\apps\legacy-runtime\Equipexe\Exe\Financeiro.exe,4687360,,2007-09-05T13:13:04
Financeiro.exe,atualizacao,OnUpdateData,D:\AtelieProd\MOD\apps\legacy-runtime\Equipexe\Exe\Financeiro.exe,4687360,,2007-09-05T13:13:04
Financeiro.exe,atualizacao,UPDATE,D:\AtelieProd\MOD\apps\legacy-runtime\Equipexe\Exe\Financeiro.exe,4687360,,2007-09-05T13:13:04
Financeiro.exe,autenticacao-permissao,TPasswordEvent,D:\AtelieProd\MOD\apps\legacy-runtime\Equipexe\Exe\Financeiro.exe,4687360,,2007-09-05T13:13:04
Financeiro.exe,autenticacao-permissao,OnPassword,D:\AtelieProd\MOD\apps\legacy-runtime\Equipexe\Exe\Financeiro.exe,4687360,,2007-09-05T13:13:04
Financeiro.exe,atualizacao,TDataSetUpdateObject,D:\AtelieProd\MOD\apps\legacy-runtime\Equipexe\Exe\Financeiro.exe,4687360,,2007-09-05T13:13:04
Financeiro.exe,atualizacao,CachedUpdates,D:\AtelieProd\MOD\apps\legacy-runtime\Equipexe\Exe\Financeiro.exe,4687360,,2007-09-05T13:13:04
Financeiro.exe,atualizacao,OnUpdateErrorLYI,D:\AtelieProd\MOD\apps\legacy-runtime\Equipexe\Exe\Financeiro.exe,4687360,,2007-09-05T13:13:04
Financeiro.exe,atualizacao,OnUpdateRecord,D:\AtelieProd\MOD\apps\legacy-runtime\Equipexe\Exe\Financeiro.exe,4687360,,2007-09-05T13:13:04
Financeiro.exe,atualizacao,UpdateMode,D:\AtelieProd\MOD\apps\legacy-runtime\Equipexe\Exe\Financeiro.exe,4687360,,2007-09-05T13:13:04
Financeiro.exe,atualizacao,UpdateObject,D:\AtelieProd\MOD\apps\legacy-runtime\Equipexe\Exe\Financeiro.exe,4687360,,2007-09-05T13:13:04
Financeiro.exe,autenticacao-permissao,PASSWORD,D:\AtelieProd\MOD\apps\legacy-runtime\Equipexe\Exe\Financeiro.exe,4687360,,2007-09-05T13:13:04
Financeiro.exe,autenticacao-permissao,Password ,D:\AtelieProd\MOD\apps\legacy-runtime\Equipexe\Exe\Financeiro.exe,4687360,,2007-09-05T13:13:04
Financeiro.exe,autenticacao-permissao,TPasswordDialog,D:\AtelieProd\MOD\apps\legacy-runtime\Equipexe\Exe\Financeiro.exe,4687360,,2007-09-05T13:13:04
Financeiro.exe,sinal-relacionado,EInvalidGridOperation,D:\AtelieProd\MOD\apps\legacy-runtime\Equipexe\Exe\Financeiro.exe,4687360,,2007-09-05T13:13:04
Financeiro.exe,atualizacao,AS_ApplyUpdates,D:\AtelieProd\MOD\apps\legacy-runtime\Equipexe\Exe\Financeiro.exe,4687360,,2007-09-05T13:13:04
Financeiro.exe,atualizacao,TAggUpdateEvent,D:\AtelieProd\MOD\apps\legacy-runtime\Equipexe\Exe\Financeiro.exe,4687360,,2007-09-05T13:13:04
Financeiro.exe,atualizacao,BeforeApplyUpdates,D:\AtelieProd\MOD\apps\legacy-runtime\Equipexe\Exe\Financeiro.exe,4687360,,2007-09-05T13:13:04
Financeiro.exe,atualizacao,AfterApplyUpdates,D:\AtelieProd\MOD\apps\legacy-runtime\Equipexe\Exe\Financeiro.exe,4687360,,2007-09-05T13:13:04
Financeiro.exe,atualizacao,QRPreviewProgressUpdate,D:\AtelieProd\MOD\apps\legacy-runtime\Equipexe\Exe\Financeiro.exe,4687360,,2007-09-05T13:13:04
Financeiro.exe,atualizacao,TQRProgressUpdateEvent,D:\AtelieProd\MOD\apps\legacy-runtime\Equipexe\Exe\Financeiro.exe,4687360,,2007-09-05T13:13:04
Financeiro.exe,atualizacao,OnProgressUpdateT,D:\AtelieProd\MOD\apps\legacy-runtime\Equipexe\Exe\Financeiro.exe,4687360,,2007-09-05T13:13:04
Financeiro.exe,autenticacao-permissao,Im_Senha,D:\AtelieProd\MOD\apps\legacy-runtime\Equipexe\Exe\Financeiro.exe,4687360,,2007-09-05T13:13:04
Financeiro.exe,autenticacao-permissao,Ed_Senha,D:\AtelieProd\MOD\apps\legacy-runtime\Equipexe\Exe\Financeiro.exe,4687360,,2007-09-05T13:13:04
Financeiro.exe,autenticacao-permissao,Lb_TitSenha,D:\AtelieProd\MOD\apps\legacy-runtime\Equipexe\Exe\Financeiro.exe,4687360,,2007-09-05T13:13:04
Financeiro.exe,autenticacao-permissao,Ed_SenhaKeyPress,D:\AtelieProd\MOD\apps\legacy-runtime\Equipexe\Exe\Financeiro.exe,4687360,,2007-09-05T13:13:04
Financeiro.exe,autenticacao-permissao,TFC_DigSenha,D:\AtelieProd\MOD\apps\legacy-runtime\Equipexe\Exe\Financeiro.exe,4687360,,2007-09-05T13:13:04
Financeiro.exe,autenticacao-permissao,TFC_DigSenhah,D:\AtelieProd\MOD\apps\legacy-runtime\Equipexe\Exe\Financeiro.exe,4687360,,2007-09-05T13:13:04
Financeiro.exe,autenticacao-permissao,c_DigitaSenha,D:\AtelieProd\MOD\apps\legacy-runtime\Equipexe\Exe\Financeiro.exe,4687360,,2007-09-05T13:13:04
Financeiro.exe,autenticacao-permissao,CodUsuario,D:\AtelieProd\MOD\apps\legacy-runtime\Equipexe\Exe\Financeiro.exe,4687360,,2007-09-05T13:13:04
Financeiro.exe,autenticacao-permissao,ParUsuario,D:\AtelieProd\MOD\apps\legacy-runtime\Equipexe\Exe\Financeiro.exe,4687360,,2007-09-05T13:13:04
Financeiro.exe,sinal-relacionado,Chave,D:\AtelieProd\MOD\apps\legacy-runtime\Equipexe\Exe\Financeiro.exe,4687360,,2007-09-05T13:13:04
Financeiro.exe,sinal-relacionado,NomeChave,D:\AtelieProd\MOD\apps\legacy-runtime\Equipexe\Exe\Financeiro.exe,4687360,,2007-09-05T13:13:04
Financeiro.exe,atualizacao,"Existe campos novos, favor rodar atualiza",D:\AtelieProd\MOD\apps\legacy-runtime\Equipexe\Exe\Financeiro.exe,4687360,,2007-09-05T13:13:04
Financeiro.exe,autenticacao-permissao,O Usuario ,D:\AtelieProd\MOD\apps\legacy-runtime\Equipexe\Exe\Financeiro.exe,4687360,,2007-09-05T13:13:04
Financeiro.exe,sinal-relacionado,Chave1,D:\AtelieProd\MOD\apps\legacy-runtime\Equipexe\Exe\Financeiro.exe,4687360,,2007-09-05T13:13:04
Financeiro.exe,licenciamento,"o Desbloqueada, Tente novamente",D:\AtelieProd\MOD\apps\legacy-runtime\Equipexe\Exe\Financeiro.exe,4687360,,2007-09-05T13:13:04
Financeiro.exe,autenticacao-permissao,Senha Incorreta,D:\AtelieProd\MOD\apps\legacy-runtime\Equipexe\Exe\Financeiro.exe,4687360,,2007-09-05T13:13:04
Financeiro.exe,licenciamento,> esta bloqueado-,D:\AtelieProd\MOD\apps\legacy-runtime\Equipexe\Exe\Financeiro.exe,4687360,,2007-09-05T13:13:04
Financeiro.exe,licenciamento,\NovoReg.Db,D:\AtelieProd\MOD\apps\legacy-runtime\Equipexe\Exe\Financeiro.exe,4687360,,2007-09-05T13:13:04
Financeiro.exe,licenciamento,NovoReg.Db,D:\AtelieProd\MOD\apps\legacy-runtime\Equipexe\Exe\Financeiro.exe,4687360,,2007-09-05T13:13:04
Financeiro.exe,sinal-relacionado,o foi possivel gravar o Registro ,D:\AtelieProd\MOD\apps\legacy-runtime\Equipexe\Exe\Financeiro.exe,4687360,,2007-09-05T13:13:04
Financeiro.exe,atualizacao,Please update to new version !,D:\AtelieProd\MOD\apps\legacy-runtime\Equipexe\Exe\Financeiro.exe,4687360,,2007-09-05T13:13:04
Financeiro.exe,atualizacao,Windows Version %1x,D:\AtelieProd\MOD\apps\legacy-runtime\Equipexe\Exe\Financeiro.exe,4687360,,2007-09-05T13:13:04
Financeiro.exe,atualizacao,Windows Version %1d %1d,D:\AtelieProd\MOD\apps\legacy-runtime\Equipexe\Exe\Financeiro.exe,4687360,,2007-09-05T13:13:04
Financeiro.exe,atualizacao,Version,D:\AtelieProd\MOD\apps\legacy-runtime\Equipexe\Exe\Financeiro.exe,4687360,,2007-09-05T13:13:04
Financeiro.exe,atualizacao,MenuUpdate,D:\AtelieProd\MOD\apps\legacy-runtime\Equipexe\Exe\Financeiro.exe,4687360,,2007-09-05T13:13:04
Financeiro.exe,licenciamento,FE_Licenca,D:\AtelieProd\MOD\apps\legacy-runtime\Equipexe\Exe\Financeiro.exe,4687360,,2007-09-05T13:13:04
Financeiro.exe,autenticacao-permissao,Ed_UsuSenhaSMTP,D:\AtelieProd\MOD\apps\legacy-runtime\Equipexe\Exe\Financeiro.exe,4687360,,2007-09-05T13:13:04
Financeiro.exe,licenciamento,CB_BloqSec1D,D:\AtelieProd\MOD\apps\legacy-runtime\Equipexe\Exe\Financeiro.exe,4687360,,2007-09-05T13:13:04
Financeiro.exe,licenciamento,CB_BloqSec2H,D:\AtelieProd\MOD\apps\legacy-runtime\Equipexe\Exe\Financeiro.exe,4687360,,2007-09-05T13:13:04
Financeiro.exe,licenciamento,CB_BloqSec3L,D:\AtelieProd\MOD\apps\legacy-runtime\Equipexe\Exe\Financeiro.exe,4687360,,2007-09-05T13:13:04
Financeiro.exe,licenciamento,CB_BloqSec4P,D:\AtelieProd\MOD\apps\legacy-runtime\Equipexe\Exe\Financeiro.exe,4687360,,2007-09-05T13:13:04
Financeiro.exe,licenciamento,CB_BloqSec5T,D:\AtelieProd\MOD\apps\legacy-runtime\Equipexe\Exe\Financeiro.exe,4687360,,2007-09-05T13:13:04
Financeiro.exe,licenciamento,CB_BloqSec6X,D:\AtelieProd\MOD\apps\legacy-runtime\Equipexe\Exe\Financeiro.exe,4687360,,2007-09-05T13:13:04
Financeiro.exe,licenciamento,CB_BloqSec7\,D:\AtelieProd\MOD\apps\legacy-runtime\Equipexe\Exe\Financeiro.exe,4687360,,2007-09-05T13:13:04
Financeiro.exe,licenciamento,CB_BloqSec8`,D:\AtelieProd\MOD\apps\legacy-runtime\Equipexe\Exe\Financeiro.exe,4687360,,2007-09-05T13:13:04
Financeiro.exe,licenciamento,CB_BloqSec9d,D:\AtelieProd\MOD\apps\legacy-runtime\Equipexe\Exe\Financeiro.exe,4687360,,2007-09-05T13:13:04
Financeiro.exe,licenciamento,CB_Bloqueia,D:\AtelieProd\MOD\apps\legacy-runtime\Equipexe\Exe\Financeiro.exe,4687360,,2007-09-05T13:13:04
Financeiro.exe,licenciamento,Licenca,D:\AtelieProd\MOD\apps\legacy-runtime\Equipexe\Exe\Financeiro.exe,4687360,,2007-09-05T13:13:04
Financeiro.exe,autenticacao-permissao,UsuSenhaSMTP,D:\AtelieProd\MOD\apps\legacy-runtime\Equipexe\Exe\Financeiro.exe,4687360,,2007-09-05T13:13:04
Financeiro.exe,licenciamento,BloqSec1,D:\AtelieProd\MOD\apps\legacy-runtime\Equipexe\Exe\Financeiro.exe,4687360,,2007-09-05T13:13:04
Financeiro.exe,licenciamento,BloqSec2,D:\AtelieProd\MOD\apps\legacy-runtime\Equipexe\Exe\Financeiro.exe,4687360,,2007-09-05T13:13:04
Financeiro.exe,licenciamento,BloqSec3,D:\AtelieProd\MOD\apps\legacy-runtime\Equipexe\Exe\Financeiro.exe,4687360,,2007-09-05T13:13:04
Financeiro.exe,licenciamento,BloqSec4,D:\AtelieProd\MOD\apps\legacy-runtime\Equipexe\Exe\Financeiro.exe,4687360,,2007-09-05T13:13:04
Financeiro.exe,licenciamento,BloqSec5,D:\AtelieProd\MOD\apps\legacy-runtime\Equipexe\Exe\Financeiro.exe,4687360,,2007-09-05T13:13:04
Financeiro.exe,licenciamento,BloqSec6,D:\AtelieProd\MOD\apps\legacy-runtime\Equipexe\Exe\Financeiro.exe,4687360,,2007-09-05T13:13:04
Financeiro.exe,licenciamento,BloqSec7,D:\AtelieProd\MOD\apps\legacy-runtime\Equipexe\Exe\Financeiro.exe,4687360,,2007-09-05T13:13:04
Financeiro.exe,licenciamento,BloqSec8,D:\AtelieProd\MOD\apps\legacy-runtime\Equipexe\Exe\Financeiro.exe,4687360,,2007-09-05T13:13:04
Financeiro.exe,licenciamento,BloqSec9,D:\AtelieProd\MOD\apps\legacy-runtime\Equipexe\Exe\Financeiro.exe,4687360,,2007-09-05T13:13:04
Financeiro.exe,licenciamento, O VENCIMENTO,D:\AtelieProd\MOD\apps\legacy-runtime\Equipexe\Exe\Financeiro.exe,4687360,,2007-09-05T13:13:04
Financeiro.exe,autenticacao-permissao,Tb_Usuarios ,D:\AtelieProd\MOD\apps\legacy-runtime\Equipexe\Exe\Financeiro.exe,4687360,,2007-09-05T13:13:04
Financeiro.exe,autenticacao-permissao,DS_Usuarios$,D:\AtelieProd\MOD\apps\legacy-runtime\Equipexe\Exe\Financeiro.exe,4687360,,2007-09-05T13:13:04
Financeiro.exe,autenticacao-permissao,"DBLCB_CodUsuario,",D:\AtelieProd\MOD\apps\legacy-runtime\Equipexe\Exe\Financeiro.exe,4687360,,2007-09-05T13:13:04
Financeiro.exe,autenticacao-permissao,Tb_UsuariosCodUsuario4,D:\AtelieProd\MOD\apps\legacy-runtime\Equipexe\Exe\Financeiro.exe,4687360,,2007-09-05T13:13:04
Financeiro.exe,autenticacao-permissao,Tb_UsuariosNomUsuario8,D:\AtelieProd\MOD\apps\legacy-runtime\Equipexe\Exe\Financeiro.exe,4687360,,2007-09-05T13:13:04
Financeiro.exe,autenticacao-permissao,Tb_UsuariosGruUsuario<,D:\AtelieProd\MOD\apps\legacy-runtime\Equipexe\Exe\Financeiro.exe,4687360,,2007-09-05T13:13:04
Financeiro.exe,autenticacao-permissao,Tb_UsuariosTipUsuario@,D:\AtelieProd\MOD\apps\legacy-runtime\Equipexe\Exe\Financeiro.exe,4687360,,2007-09-05T13:13:04
Financeiro.exe,autenticacao-permissao,Tb_UsuariosSenhaD,D:\AtelieProd\MOD\apps\legacy-runtime\Equipexe\Exe\Financeiro.exe,4687360,,2007-09-05T13:13:04
Financeiro.exe,autenticacao-permissao,ConfigUsuario,D:\AtelieProd\MOD\apps\legacy-runtime\Equipexe\Exe\Financeiro.exe,4687360,,2007-09-05T13:13:04
Financeiro.exe,autenticacao-permissao,SenhaEnabled,D:\AtelieProd\MOD\apps\legacy-runtime\Equipexe\Exe\Financeiro.exe,4687360,,2007-09-05T13:13:04
Financeiro.exe,autenticacao-permissao,DBLCB_CodUsuarioDropDown,D:\AtelieProd\MOD\apps\legacy-runtime\Equipexe\Exe\Financeiro.exe,4687360,,2007-09-05T13:13:04
Financeiro.exe,autenticacao-permissao,DBLCB_CodUsuarioEnter,D:\AtelieProd\MOD\apps\legacy-runtime\Equipexe\Exe\Financeiro.exe,4687360,,2007-09-05T13:13:04
Financeiro.exe,autenticacao-permissao,DBLCB_CodUsuarioExit,D:\AtelieProd\MOD\apps\legacy-runtime\Equipexe\Exe\Financeiro.exe,4687360,,2007-09-05T13:13:04
Financeiro.exe,autenticacao-permissao,DBLCB_CodUsuarioKeyPress,D:\AtelieProd\MOD\apps\legacy-runtime\Equipexe\Exe\Financeiro.exe,4687360,,2007-09-05T13:13:04
Financeiro.exe,autenticacao-permissao,Ed_SenhaExit,D:\AtelieProd\MOD\apps\legacy-runtime\Equipexe\Exe\Financeiro.exe,4687360,,2007-09-05T13:13:04
Financeiro.exe,autenticacao-permissao,Ed_SenhaEnter,D:\AtelieProd\MOD\apps\legacy-runtime\Equipexe\Exe\Financeiro.exe,4687360,,2007-09-05T13:13:04
Financeiro.exe,autenticacao-permissao,TF_Senha,D:\AtelieProd\MOD\apps\legacy-runtime\Equipexe\Exe\Financeiro.exe,4687360,,2007-09-05T13:13:04
Financeiro.exe,autenticacao-permissao,Senha,D:\AtelieProd\MOD\apps\legacy-runtime\Equipexe\Exe\Financeiro.exe,4687360,,2007-09-05T13:13:04
Financeiro.exe,autenticacao-permissao,TipUsuario,D:\AtelieProd\MOD\apps\legacy-runtime\Equipexe\Exe\Financeiro.exe,4687360,,2007-09-05T13:13:04
Financeiro.exe,autenticacao-permissao,GruUsuario,D:\AtelieProd\MOD\apps\legacy-runtime\Equipexe\Exe\Financeiro.exe,4687360,,2007-09-05T13:13:04
Financeiro.exe,autenticacao-permissao,ENTRADA NO SISTEMA - DIGITADA SENHA,D:\AtelieProd\MOD\apps\legacy-runtime\Equipexe\Exe\Financeiro.exe,4687360,,2007-09-05T13:13:04
Financeiro.exe,autenticacao-permissao,Usuarios,D:\AtelieProd\MOD\apps\legacy-runtime\Equipexe\Exe\Financeiro.exe,4687360,,2007-09-05T13:13:04
Financeiro.exe,sinal-relacionado,QRL_TotRegistros`,D:\AtelieProd\MOD\apps\legacy-runtime\Equipexe\Exe\Financeiro.exe,4687360,,2007-09-05T13:13:04
Financeiro.exe,sinal-relacionado,Registro inv,D:\AtelieProd\MOD\apps\legacy-runtime\Equipexe\Exe\Financeiro.exe,4687360,,2007-09-05T13:13:04
Financeiro.exe,sinal-relacionado,Registro Cancelado,D:\AtelieProd\MOD\apps\legacy-runtime\Equipexe\Exe\Financeiro.exe,4687360,,2007-09-05T13:13:04
Financeiro.exe,sinal-relacionado,Recupera Registro Cancelado,D:\AtelieProd\MOD\apps\legacy-runtime\Equipexe\Exe\Financeiro.exe,4687360,,2007-09-05T13:13:04
Financeiro.exe,sinal-relacionado,Tb_CEP_LogCHAVE_LOG$,D:\AtelieProd\MOD\apps\legacy-runtime\Equipexe\Exe\Financeiro.exe,4687360,,2007-09-05T13:13:04
Financeiro.exe,sinal-relacionado,Tb_CEP_TITCHAVE_TIPO,D:\AtelieProd\MOD\apps\legacy-runtime\Equipexe\Exe\Financeiro.exe,4687360,,2007-09-05T13:13:04
Financeiro.exe,sinal-relacionado,SqlRegistro,D:\AtelieProd\MOD\apps\legacy-runtime\Equipexe\Exe\Financeiro.exe,4687360,,2007-09-05T13:13:04
Financeiro.exe,sinal-relacionado,GravaRegistro,D:\AtelieProd\MOD\apps\legacy-runtime\Equipexe\Exe\Financeiro.exe,4687360,,2007-09-05T13:13:04
Financeiro.exe,sinal-relacionado,AdicionarRegistro,D:\AtelieProd\MOD\apps\legacy-runtime\Equipexe\Exe\Financeiro.exe,4687360,,2007-09-05T13:13:04
Financeiro.exe,sinal-relacionado,Chave_Bai,D:\AtelieProd\MOD\apps\legacy-runtime\Equipexe\Exe\Financeiro.exe,4687360,,2007-09-05T13:13:04
Financeiro.exe,sinal-relacionado,CHAVE,D:\AtelieProd\MOD\apps\legacy-runtime\Equipexe\Exe\Financeiro.exe,4687360,,2007-09-05T13:13:04
Financeiro.exe,sinal-relacionado,Chave_Log,D:\AtelieProd\MOD\apps\legacy-runtime\Equipexe\Exe\Financeiro.exe,4687360,,2007-09-05T13:13:04
Financeiro.exe,sinal-relacionado,Chave_Local,D:\AtelieProd\MOD\apps\legacy-runtime\Equipexe\Exe\Financeiro.exe,4687360,,2007-09-05T13:13:04
Financeiro.exe,sinal-relacionado,Chave_UF,D:\AtelieProd\MOD\apps\legacy-runtime\Equipexe\Exe\Financeiro.exe,4687360,,2007-09-05T13:13:04
Financeiro.exe,sinal-relacionado,Chave_Tipo,D:\AtelieProd\MOD\apps\legacy-runtime\Equipexe\Exe\Financeiro.exe,4687360,,2007-09-05T13:13:04
Financeiro.exe,sinal-relacionado,Qry_Registro,D:\AtelieProd\MOD\apps\legacy-runtime\Equipexe\Exe\Financeiro.exe,4687360,,2007-09-05T13:13:04
Financeiro.exe,autenticacao-permissao,Pn_Grupo2,D:\AtelieProd\MOD\apps\legacy-runtime\Equipexe\Exe\Financeiro.exe,4687360,,2007-09-05T13:13:04
Financeiro.exe,autenticacao-permissao,Pn_Grupo3,D:\AtelieProd\MOD\apps\legacy-runtime\Equipexe\Exe\Financeiro.exe,4687360,,2007-09-05T13:13:04
Financeiro.exe,autenticacao-permissao,Pn_Grupo4 ,D:\AtelieProd\MOD\apps\legacy-runtime\Equipexe\Exe\Financeiro.exe,4687360,,2007-09-05T13:13:04
Financeiro.exe,autenticacao-permissao,Pn_Grupo,D:\AtelieProd\MOD\apps\legacy-runtime\Equipexe\Exe\Financeiro.exe,4687360,,2007-09-05T13:13:04
Financeiro.exe,autenticacao-permissao,Lb_Grupo,D:\AtelieProd\MOD\apps\legacy-runtime\Equipexe\Exe\Financeiro.exe,4687360,,2007-09-05T13:13:04
Financeiro.exe,autenticacao-permissao,DBLCB_ResUsuario,D:\AtelieProd\MOD\apps\legacy-runtime\Equipexe\Exe\Financeiro.exe,4687360,,2007-09-05T13:13:04
Financeiro.exe,autenticacao-permissao,Tb_Usuarios$,D:\AtelieProd\MOD\apps\legacy-runtime\Equipexe\Exe\Financeiro.exe,4687360,,2007-09-05T13:13:04
Financeiro.exe,autenticacao-permissao,Tb_UsuariosCodUsuario(,D:\AtelieProd\MOD\apps\legacy-runtime\Equipexe\Exe\Financeiro.exe,4687360,,2007-09-05T13:13:04
Financeiro.exe,autenticacao-permissao,"Tb_UsuariosNomUsuario,",D:\AtelieProd\MOD\apps\legacy-runtime\Equipexe\Exe\Financeiro.exe,4687360,,2007-09-05T13:13:04
Financeiro.exe,autenticacao-permissao,Tb_UsuariosDatCad0,D:\AtelieProd\MOD\apps\legacy-runtime\Equipexe\Exe\Financeiro.exe,4687360,,2007-09-05T13:13:04
Financeiro.exe,autenticacao-permissao,DS_Usuarios4,D:\AtelieProd\MOD\apps\legacy-runtime\Equipexe\Exe\Financeiro.exe,4687360,,2007-09-05T13:13:04
Financeiro.exe,sinal-relacionado,Ed_Chave,D:\AtelieProd\MOD\apps\legacy-runtime\Equipexe\Exe\Financeiro.exe,4687360,,2007-09-05T13:13:04
Financeiro.exe,autenticacao-permissao,DBLCB_ResUsuarioEnter,D:\AtelieProd\MOD\apps\legacy-runtime\Equipexe\Exe\Financeiro.exe,4687360,,2007-09-05T13:13:04
Financeiro.exe,autenticacao-permissao,DBLCB_ResUsuarioExit,D:\AtelieProd\MOD\apps\legacy-runtime\Equipexe\Exe\Financeiro.exe,4687360,,2007-09-05T13:13:04
Financeiro.exe,autenticacao-permissao,ResUsuario,D:\AtelieProd\MOD\apps\legacy-runtime\Equipexe\Exe\Financeiro.exe,4687360,,2007-09-05T13:13:04
Financeiro.exe,autenticacao-permissao,Grupo n,D:\AtelieProd\MOD\apps\legacy-runtime\Equipexe\Exe\Financeiro.exe,4687360,,2007-09-05T13:13:04
Financeiro.exe,autenticacao-permissao,iDesGrupo,D:\AtelieProd\MOD\apps\legacy-runtime\Equipexe\Exe\Financeiro.exe,4687360,,2007-09-05T13:13:04
Financeiro.exe,autenticacao-permissao,iDesGrupo2,D:\AtelieProd\MOD\apps\legacy-runtime\Equipexe\Exe\Financeiro.exe,4687360,,2007-09-05T13:13:04
Financeiro.exe,autenticacao-permissao,iDesGrupo3,D:\AtelieProd\MOD\apps\legacy-runtime\Equipexe\Exe\Financeiro.exe,4687360,,2007-09-05T13:13:04
Financeiro.exe,autenticacao-permissao,iDesGrupo4,D:\AtelieProd\MOD\apps\legacy-runtime\Equipexe\Exe\Financeiro.exe,4687360,,2007-09-05T13:13:04
Financeiro.exe,autenticacao-permissao,NomUsuario,D:\AtelieProd\MOD\apps\legacy-runtime\Equipexe\Exe\Financeiro.exe,4687360,,2007-09-05T13:13:04
Financeiro.exe,autenticacao-permissao,iNomUsuario,D:\AtelieProd\MOD\apps\legacy-runtime\Equipexe\Exe\Financeiro.exe,4687360,,2007-09-05T13:13:04
Financeiro.exe,autenticacao-permissao,Usuario n,D:\AtelieProd\MOD\apps\legacy-runtime\Equipexe\Exe\Financeiro.exe,4687360,,2007-09-05T13:13:04
Financeiro.exe,sinal-relacionado,"Data Invalida, por favor verifique",D:\AtelieProd\MOD\apps\legacy-runtime\Equipexe\Exe\Financeiro.exe,4687360,,2007-09-05T13:13:04
Financeiro.exe,sinal-relacionado,"Hora Invalida, por favor verifique",D:\AtelieProd\MOD\apps\legacy-runtime\Equipexe\Exe\Financeiro.exe,4687360,,2007-09-05T13:13:04
Financeiro.exe,sinal-relacionado,"Numero Invalido, por favor verifique",D:\AtelieProd\MOD\apps\legacy-runtime\Equipexe\Exe\Financeiro.exe,4687360,,2007-09-05T13:13:04
Financeiro.exe,sinal-relacionado,"Valor Invalido, por favor verifique",D:\AtelieProd\MOD\apps\legacy-runtime\Equipexe\Exe\Financeiro.exe,4687360,,2007-09-05T13:13:04
Financeiro.exe,autenticacao-permissao,Tb_GruCli3DesGrupoL,D:\AtelieProd\MOD\apps\legacy-runtime\Equipexe\Exe\Financeiro.exe,4687360,,2007-09-05T13:13:04
Financeiro.exe,autenticacao-permissao,Tb_GruCli3ObsGrupoP,D:\AtelieProd\MOD\apps\legacy-runtime\Equipexe\Exe\Financeiro.exe,4687360,,2007-09-05T13:13:04
Financeiro.exe,autenticacao-permissao,Tb_GruCli2DesGrupoX,D:\AtelieProd\MOD\apps\legacy-runtime\Equipexe\Exe\Financeiro.exe,4687360,,2007-09-05T13:13:04
Financeiro.exe,autenticacao-permissao,Tb_GruCli2ObsGrupo\,D:\AtelieProd\MOD\apps\legacy-runtime\Equipexe\Exe\Financeiro.exe,4687360,,2007-09-05T13:13:04
Financeiro.exe,autenticacao-permissao,Tb_GruCliDesGrupod,D:\AtelieProd\MOD\apps\legacy-runtime\Equipexe\Exe\Financeiro.exe,4687360,,2007-09-05T13:13:04
Financeiro.exe,autenticacao-permissao,Tb_GruCliObsGrupoh,D:\AtelieProd\MOD\apps\legacy-runtime\Equipexe\Exe\Financeiro.exe,4687360,,2007-09-05T13:13:04
Financeiro.exe,autenticacao-permissao,Pn_Grupo4|,D:\AtelieProd\MOD\apps\legacy-runtime\Equipexe\Exe\Financeiro.exe,4687360,,2007-09-05T13:13:04
Financeiro.exe,autenticacao-permissao,-Grupo: ,D:\AtelieProd\MOD\apps\legacy-runtime\Equipexe\Exe\Financeiro.exe,4687360,,2007-09-05T13:13:04
Financeiro.exe,autenticacao-permissao,-Grupo2: ,D:\AtelieProd\MOD\apps\legacy-runtime\Equipexe\Exe\Financeiro.exe,4687360,,2007-09-05T13:13:04
Financeiro.exe,autenticacao-permissao,-Grupo3: ,D:\AtelieProd\MOD\apps\legacy-runtime\Equipexe\Exe\Financeiro.exe,4687360,,2007-09-05T13:13:04
Financeiro.exe,autenticacao-permissao,-Grupo4: ,D:\AtelieProd\MOD\apps\legacy-runtime\Equipexe\Exe\Financeiro.exe,4687360,,2007-09-05T13:13:04
Financeiro.exe,sinal-relacionado,Deseja Cancelar Registro,D:\AtelieProd\MOD\apps\legacy-runtime\Equipexe\Exe\Financeiro.exe,4687360,,2007-09-05T13:13:04
Financeiro.exe,licenciamento,Tb_IncNovoReg0,D:\AtelieProd\MOD\apps\legacy-runtime\Equipexe\Exe\Financeiro.exe,4687360,,2007-09-05T13:13:04
Financeiro.exe,autenticacao-permissao,Grupo11H,D:\AtelieProd\MOD\apps\legacy-runtime\Equipexe\Exe\Financeiro.exe,4687360,,2007-09-05T13:13:04
Financeiro.exe,autenticacao-permissao,Grupos1L,D:\AtelieProd\MOD\apps\legacy-runtime\Equipexe\Exe\Financeiro.exe,4687360,,2007-09-05T13:13:04
Financeiro.exe,autenticacao-permissao,Grupo21P,D:\AtelieProd\MOD\apps\legacy-runtime\Equipexe\Exe\Financeiro.exe,4687360,,2007-09-05T13:13:04
Financeiro.exe,autenticacao-permissao,Grupo31T,D:\AtelieProd\MOD\apps\legacy-runtime\Equipexe\Exe\Financeiro.exe,4687360,,2007-09-05T13:13:04
Financeiro.exe,autenticacao-permissao,Grupo41X,D:\AtelieProd\MOD\apps\legacy-runtime\Equipexe\Exe\Financeiro.exe,4687360,,2007-09-05T13:13:04
Financeiro.exe,sinal-relacionado,Tb_ClientesControlaTabD,D:\AtelieProd\MOD\apps\legacy-runtime\Equipexe\Exe\Financeiro.exe,4687360,,2007-09-05T13:13:04
Financeiro.exe,autenticacao-permissao,Tb_ClientesResUsuario,D:\AtelieProd\MOD\apps\legacy-runtime\Equipexe\Exe\Financeiro.exe,4687360,,2007-09-05T13:13:04
Financeiro.exe,autenticacao-permissao,GrupodeCamposFlexiveis1t,D:\AtelieProd\MOD\apps\legacy-runtime\Equipexe\Exe\Financeiro.exe,4687360,,2007-09-05T13:13:04
Financeiro.exe,autenticacao-permissao,Grupo11Click,D:\AtelieProd\MOD\apps\legacy-runtime\Equipexe\Exe\Financeiro.exe,4687360,,2007-09-05T13:13:04
Financeiro.exe,autenticacao-permissao,Grupo21Click,D:\AtelieProd\MOD\apps\legacy-runtime\Equipexe\Exe\Financeiro.exe,4687360,,2007-09-05T13:13:04
Financeiro.exe,autenticacao-permissao,Grupo31Click,D:\AtelieProd\MOD\apps\legacy-runtime\Equipexe\Exe\Financeiro.exe,4687360,,2007-09-05T13:13:04
Financeiro.exe,autenticacao-permissao,Grupo41Click,D:\AtelieProd\MOD\apps\legacy-runtime\Equipexe\Exe\Financeiro.exe,4687360,,2007-09-05T13:13:04
Financeiro.exe,autenticacao-permissao,GrupodeCamposFlexiveis1Click,D:\AtelieProd\MOD\apps\legacy-runtime\Equipexe\Exe\Financeiro.exe,4687360,,2007-09-05T13:13:04
Financeiro.exe,sinal-relacionado,Registro Inv,D:\AtelieProd\MOD\apps\legacy-runtime\Equipexe\Exe\Financeiro.exe,4687360,,2007-09-05T13:13:04
Financeiro.exe,autenticacao-permissao,Cadastro de Grupo 1 ,D:\AtelieProd\MOD\apps\legacy-runtime\Equipexe\Exe\Financeiro.exe,4687360,,2007-09-05T13:13:04
Financeiro.exe,autenticacao-permissao,Grupo 1,D:\AtelieProd\MOD\apps\legacy-runtime\Equipexe\Exe\Financeiro.exe,4687360,,2007-09-05T13:13:04
Financeiro.exe,autenticacao-permissao,DesGrupo,D:\AtelieProd\MOD\apps\legacy-runtime\Equipexe\Exe\Financeiro.exe,4687360,,2007-09-05T13:13:04
Financeiro.exe,autenticacao-permissao,ObsGrupo,D:\AtelieProd\MOD\apps\legacy-runtime\Equipexe\Exe\Financeiro.exe,4687360,,2007-09-05T13:13:04
Financeiro.exe,autenticacao-permissao,CorGrupo,D:\AtelieProd\MOD\apps\legacy-runtime\Equipexe\Exe\Financeiro.exe,4687360,,2007-09-05T13:13:04
Financeiro.exe,autenticacao-permissao,CorGrupoF,D:\AtelieProd\MOD\apps\legacy-runtime\Equipexe\Exe\Financeiro.exe,4687360,,2007-09-05T13:13:04
Financeiro.exe,autenticacao-permissao,Cadastro de Grupo 2 ,D:\AtelieProd\MOD\apps\legacy-runtime\Equipexe\Exe\Financeiro.exe,4687360,,2007-09-05T13:13:04
Financeiro.exe,autenticacao-permissao,Grupo 2,D:\AtelieProd\MOD\apps\legacy-runtime\Equipexe\Exe\Financeiro.exe,4687360,,2007-09-05T13:13:04
Financeiro.exe,autenticacao-permissao,Cadastro de Grupo 3,D:\AtelieProd\MOD\apps\legacy-runtime\Equipexe\Exe\Financeiro.exe,4687360,,2007-09-05T13:13:04
Financeiro.exe,autenticacao-permissao,Grupo 3,D:\AtelieProd\MOD\apps\legacy-runtime\Equipexe\Exe\Financeiro.exe,4687360,,2007-09-05T13:13:04
Financeiro.exe,autenticacao-permissao,Cadastro de Grupo 4,D:\AtelieProd\MOD\apps\legacy-runtime\Equipexe\Exe\Financeiro.exe,4687360,,2007-09-05T13:13:04
Financeiro.exe,autenticacao-permissao,Grupo 4,D:\AtelieProd\MOD\apps\legacy-runtime\Equipexe\Exe\Financeiro.exe,4687360,,2007-09-05T13:13:04
Financeiro.exe,autenticacao-permissao,Grupo,D:\AtelieProd\MOD\apps\legacy-runtime\Equipexe\Exe\Financeiro.exe,4687360,,2007-09-05T13:13:04
Financeiro.exe,autenticacao-permissao,Cadastro de Grupo (Campos Flexiveis),D:\AtelieProd\MOD\apps\legacy-runtime\Equipexe\Exe\Financeiro.exe,4687360,,2007-09-05T13:13:04
Financeiro.exe,autenticacao-permissao,Grupo (Campos Flexiveis),D:\AtelieProd\MOD\apps\legacy-runtime\Equipexe\Exe\Financeiro.exe,4687360,,2007-09-05T13:13:04
Financeiro.exe,autenticacao-permissao,Pn_Grupo4,D:\AtelieProd\MOD\apps\legacy-runtime\Equipexe\Exe\Financeiro.exe,4687360,,2007-09-05T13:13:04
Financeiro.exe,autenticacao-permissao, Grupo de Fornecedores,D:\AtelieProd\MOD\apps\legacy-runtime\Equipexe\Exe\Financeiro.exe,4687360,,2007-09-05T13:13:04
Financeiro.exe,autenticacao-permissao,(Grupo = ',D:\AtelieProd\MOD\apps\legacy-runtime\Equipexe\Exe\Financeiro.exe,4687360,,2007-09-05T13:13:04
Financeiro.exe,autenticacao-permissao,)or(Grupo = ,D:\AtelieProd\MOD\apps\legacy-runtime\Equipexe\Exe\Financeiro.exe,4687360,,2007-09-05T13:13:04
Financeiro.exe,autenticacao-permissao,Lb_GrupoP,D:\AtelieProd\MOD\apps\legacy-runtime\Equipexe\Exe\Financeiro.exe,4687360,,2007-09-05T13:13:04
Financeiro.exe,autenticacao-permissao,Grupo 2 n,D:\AtelieProd\MOD\apps\legacy-runtime\Equipexe\Exe\Financeiro.exe,4687360,,2007-09-05T13:13:04
Financeiro.exe,autenticacao-permissao,Grupo 4 n,D:\AtelieProd\MOD\apps\legacy-runtime\Equipexe\Exe\Financeiro.exe,4687360,,2007-09-05T13:13:04
Financeiro.exe,autenticacao-permissao,N2Grupo1t,D:\AtelieProd\MOD\apps\legacy-runtime\Equipexe\Exe\Financeiro.exe,4687360,,2007-09-05T13:13:04
Financeiro.exe,autenticacao-permissao,N3Grupo1x,D:\AtelieProd\MOD\apps\legacy-runtime\Equipexe\Exe\Financeiro.exe,4687360,,2007-09-05T13:13:04
Financeiro.exe,autenticacao-permissao,N4Grupo1|,D:\AtelieProd\MOD\apps\legacy-runtime\Equipexe\Exe\Financeiro.exe,4687360,,2007-09-05T13:13:04
Financeiro.exe,autenticacao-permissao,Tb_GruForGrupo,D:\AtelieProd\MOD\apps\legacy-runtime\Equipexe\Exe\Financeiro.exe,4687360,,2007-09-05T13:13:04
Financeiro.exe,autenticacao-permissao,Tb_GruFor2Grupo,D:\AtelieProd\MOD\apps\legacy-runtime\Equipexe\Exe\Financeiro.exe,4687360,,2007-09-05T13:13:04
Financeiro.exe,autenticacao-permissao,N2Grupo1Click,D:\AtelieProd\MOD\apps\legacy-runtime\Equipexe\Exe\Financeiro.exe,4687360,,2007-09-05T13:13:04
Financeiro.exe,autenticacao-permissao,N3Grupo1Click,D:\AtelieProd\MOD\apps\legacy-runtime\Equipexe\Exe\Financeiro.exe,4687360,,2007-09-05T13:13:04
Financeiro.exe,autenticacao-permissao,N4Grupo1Click,D:\AtelieProd\MOD\apps\legacy-runtime\Equipexe\Exe\Financeiro.exe,4687360,,2007-09-05T13:13:04
Financeiro.exe,autenticacao-permissao, Grupo Fornecedores,D:\AtelieProd\MOD\apps\legacy-runtime\Equipexe\Exe\Financeiro.exe,4687360,,2007-09-05T13:13:04
Financeiro.exe,atualizacao,\DRIVERS\PARADOX\INIT\;VERSION,D:\AtelieProd\MOD\apps\legacy-runtime\Equipexe\Exe\Financeiro.exe,4687360,,2007-09-05T13:13:04
Financeiro.exe,atualizacao,- Version --------------------> ,D:\AtelieProd\MOD\apps\legacy-runtime\Equipexe\Exe\Financeiro.exe,4687360,,2007-09-05T13:13:04
Financeiro.exe,autenticacao-permissao,Tb_DuplicataUsuario\,D:\AtelieProd\MOD\apps\legacy-runtime\Equipexe\Exe\Financeiro.exe,4687360,,2007-09-05T13:13:04
Financeiro.exe,sinal-relacionado,Tb_ClientesControlaTab<,D:\AtelieProd\MOD\apps\legacy-runtime\Equipexe\Exe\Financeiro.exe,4687360,,2007-09-05T13:13:04
Financeiro.exe,autenticacao-permissao,Tb_FiliaisGrupo1,D:\AtelieProd\MOD\apps\legacy-runtime\Equipexe\Exe\Financeiro.exe,4687360,,2007-09-05T13:13:04
Financeiro.exe,autenticacao-permissao,Tb_FiliaisGrupo2,D:\AtelieProd\MOD\apps\legacy-runtime\Equipexe\Exe\Financeiro.exe,4687360,,2007-09-05T13:13:04
Financeiro.exe,autenticacao-permissao,Tb_FiliaisGrupo3 ,D:\AtelieProd\MOD\apps\legacy-runtime\Equipexe\Exe\Financeiro.exe,4687360,,2007-09-05T13:13:04
Financeiro.exe,autenticacao-permissao,Tb_FiliaisGrupo4$,D:\AtelieProd\MOD\apps\legacy-runtime\Equipexe\Exe\Financeiro.exe,4687360,,2007-09-05T13:13:04
Financeiro.exe,autenticacao-permissao,Tb_FiliaisGrupo5(,D:\AtelieProd\MOD\apps\legacy-runtime\Equipexe\Exe\Financeiro.exe,4687360,,2007-09-05T13:13:04
Financeiro.exe,autenticacao-permissao,"Tb_FiliaisGrupo6,",D:\AtelieProd\MOD\apps\legacy-runtime\Equipexe\Exe\Financeiro.exe,4687360,,2007-09-05T13:13:04
Financeiro.exe,autenticacao-permissao,Tb_FiliaisGrupo70,D:\AtelieProd\MOD\apps\legacy-runtime\Equipexe\Exe\Financeiro.exe,4687360,,2007-09-05T13:13:04
Financeiro.exe,autenticacao-permissao,Tb_FiliaisGrupo84,D:\AtelieProd\MOD\apps\legacy-runtime\Equipexe\Exe\Financeiro.exe,4687360,,2007-09-05T13:13:04
Financeiro.exe,licenciamento,Tb_NovoReg,D:\AtelieProd\MOD\apps\legacy-runtime\Equipexe\Exe\Financeiro.exe,4687360,,2007-09-05T13:13:04
Financeiro.exe,atualizacao,AtualizaReg,D:\AtelieProd\MOD\apps\legacy-runtime\Equipexe\Exe\Financeiro.exe,4687360,,2007-09-05T13:13:04
Financeiro.exe,licenciamento,-Ordem: Vencimento,D:\AtelieProd\MOD\apps\legacy-runtime\Equipexe\Exe\Financeiro.exe,4687360,,2007-09-05T13:13:04
Financeiro.exe,autenticacao-permissao,-Ordem: Grupo,D:\AtelieProd\MOD\apps\legacy-runtime\Equipexe\Exe\Financeiro.exe,4687360,,2007-09-05T13:13:04
Financeiro.exe,sinal-relacionado,Total de Registro Trocados: ,D:\AtelieProd\MOD\apps\legacy-runtime\Equipexe\Exe\Financeiro.exe,4687360,,2007-09-05T13:13:04
Financeiro.exe,licenciamento,Vencimento,D:\AtelieProd\MOD\apps\legacy-runtime\Equipexe\Exe\Financeiro.exe,4687360,,2007-09-05T13:13:04
Financeiro.exe,autenticacao-permissao,Grupo de Clientes,D:\AtelieProd\MOD\apps\legacy-runtime\Equipexe\Exe\Financeiro.exe,4687360,,2007-09-05T13:13:04
Financeiro.exe,autenticacao-permissao,Grupo de Cliente n,D:\AtelieProd\MOD\apps\legacy-runtime\Equipexe\Exe\Financeiro.exe,4687360,,2007-09-05T13:13:04
Financeiro.exe,autenticacao-permissao,Grupo2 de Cliente n,D:\AtelieProd\MOD\apps\legacy-runtime\Equipexe\Exe\Financeiro.exe,4687360,,2007-09-05T13:13:04
Financeiro.exe,autenticacao-permissao,Grupo3 de Cliente n,D:\AtelieProd\MOD\apps\legacy-runtime\Equipexe\Exe\Financeiro.exe,4687360,,2007-09-05T13:13:04
Financeiro.exe,licenciamento,ArquivoLicenca,D:\AtelieProd\MOD\apps\legacy-runtime\Equipexe\Exe\Financeiro.exe,4687360,,2007-09-05T13:13:04
Financeiro.exe,autenticacao-permissao,Usuario,D:\AtelieProd\MOD\apps\legacy-runtime\Equipexe\Exe\Financeiro.exe,4687360,,2007-09-05T13:13:04
Estoque.exe,sinal-relacionado,EInvalidOp,D:\AtelieProd\MOD\apps\legacy-runtime\Equipexe\Exe\Estoque.exe,8430080,,2017-10-18T10:52:40
Estoque.exe,sinal-relacionado,EInvalidPointer,D:\AtelieProd\MOD\apps\legacy-runtime\Equipexe\Exe\Estoque.exe,8430080,,2017-10-18T10:52:40
Estoque.exe,sinal-relacionado,EInvalidCast,D:\AtelieProd\MOD\apps\legacy-runtime\Equipexe\Exe\Estoque.exe,8430080,,2017-10-18T10:52:40
Estoque.exe,sinal-relacionado,EVariantInvalidOpError,D:\AtelieProd\MOD\apps\legacy-runtime\Equipexe\Exe\Estoque.exe,8430080,,2017-10-18T10:52:40
Estoque.exe,sinal-relacionado,EVariantInvalidArgError,D:\AtelieProd\MOD\apps\legacy-runtime\Equipexe\Exe\Estoque.exe,8430080,,2017-10-18T10:52:40
Estoque.exe,sinal-relacionado,EVariantInvalidNullOpError,D:\AtelieProd\MOD\apps\legacy-runtime\Equipexe\Exe\Estoque.exe,8430080,,2017-10-18T10:52:40
Estoque.exe,sinal-relacionado,EInvalidOperation,D:\AtelieProd\MOD\apps\legacy-runtime\Equipexe\Exe\Estoque.exe,8430080,,2017-10-18T10:52:40
Estoque.exe,sinal-relacionado,EInvalidGraphic,D:\AtelieProd\MOD\apps\legacy-runtime\Equipexe\Exe\Estoque.exe,8430080,,2017-10-18T10:52:40
Estoque.exe,sinal-relacionado,EInvalidGraphicOperation,D:\AtelieProd\MOD\apps\legacy-runtime\Equipexe\Exe\Estoque.exe,8430080,,2017-10-18T10:52:40
Estoque.exe,atualizacao,UpdateFont,D:\AtelieProd\MOD\apps\legacy-runtime\Equipexe\Exe\Estoque.exe,8430080,,2017-10-18T10:52:40
Estoque.exe,sinal-relacionado,ofNoValidate,D:\AtelieProd\MOD\apps\legacy-runtime\Equipexe\Exe\Estoque.exe,8430080,,2017-10-18T10:52:40
Estoque.exe,autenticacao-permissao,PasswordChar,D:\AtelieProd\MOD\apps\legacy-runtime\Equipexe\Exe\Estoque.exe,8430080,,2017-10-18T10:52:40
Estoque.exe,atualizacao,TConversion@,D:\AtelieProd\MOD\apps\legacy-runtime\Equipexe\Exe\Estoque.exe,8430080,,2017-10-18T10:52:40
Estoque.exe,atualizacao,TConversionFormat,D:\AtelieProd\MOD\apps\legacy-runtime\Equipexe\Exe\Estoque.exe,8430080,,2017-10-18T10:52:40
Estoque.exe,sinal-relacionado,TControlActionLink,D:\AtelieProd\MOD\apps\legacy-runtime\Equipexe\Exe\Estoque.exe,8430080,,2017-10-18T10:52:40
Estoque.exe,sinal-relacionado,TWinControlActionLink,D:\AtelieProd\MOD\apps\legacy-runtime\Equipexe\Exe\Estoque.exe,8430080,,2017-10-18T10:52:40
Estoque.exe,atualizacao,ImmGetConversionStatus,D:\AtelieProd\MOD\apps\legacy-runtime\Equipexe\Exe\Estoque.exe,8430080,,2017-10-18T10:52:40
Estoque.exe,atualizacao,ImmSetConversionStatus,D:\AtelieProd\MOD\apps\legacy-runtime\Equipexe\Exe\Estoque.exe,8430080,,2017-10-18T10:52:40
Estoque.exe,atualizacao,OnUpdate,D:\AtelieProd\MOD\apps\legacy-runtime\Equipexe\Exe\Estoque.exe,8430080,,2017-10-18T10:52:40
Estoque.exe,licenciamento,RegisterAutomation,D:\AtelieProd\MOD\apps\legacy-runtime\Equipexe\Exe\Estoque.exe,8430080,,2017-10-18T10:52:40
Estoque.exe,licenciamento,DllRegisterServer,D:\AtelieProd\MOD\apps\legacy-runtime\Equipexe\Exe\Estoque.exe,8430080,,2017-10-18T10:52:40
Estoque.exe,atualizacao,EUpdateError,D:\AtelieProd\MOD\apps\legacy-runtime\Equipexe\Exe\Estoque.exe,8430080,,2017-10-18T10:52:40
Estoque.exe,atualizacao,TUpdateStatus,D:\AtelieProd\MOD\apps\legacy-runtime\Equipexe\Exe\Estoque.exe,8430080,,2017-10-18T10:52:40
Estoque.exe,atualizacao,TUpdateStatusSet,D:\AtelieProd\MOD\apps\legacy-runtime\Equipexe\Exe\Estoque.exe,8430080,,2017-10-18T10:52:40
Estoque.exe,atualizacao,TUpdateAction,D:\AtelieProd\MOD\apps\legacy-runtime\Equipexe\Exe\Estoque.exe,8430080,,2017-10-18T10:52:40
Estoque.exe,atualizacao,TUpdateMode,D:\AtelieProd\MOD\apps\legacy-runtime\Equipexe\Exe\Estoque.exe,8430080,,2017-10-18T10:52:40
Estoque.exe,atualizacao,TUpdateKind,D:\AtelieProd\MOD\apps\legacy-runtime\Equipexe\Exe\Estoque.exe,8430080,,2017-10-18T10:52:40
Estoque.exe,atualizacao,TUpdateErrorEvent,D:\AtelieProd\MOD\apps\legacy-runtime\Equipexe\Exe\Estoque.exe,8430080,,2017-10-18T10:52:40
Estoque.exe,atualizacao,UpdateKind,D:\AtelieProd\MOD\apps\legacy-runtime\Equipexe\Exe\Estoque.exe,8430080,,2017-10-18T10:52:40
Estoque.exe,atualizacao,UpdateAction,D:\AtelieProd\MOD\apps\legacy-runtime\Equipexe\Exe\Estoque.exe,8430080,,2017-10-18T10:52:40
Estoque.exe,atualizacao,TUpdateRecordEvent,D:\AtelieProd\MOD\apps\legacy-runtime\Equipexe\Exe\Estoque.exe,8430080,,2017-10-18T10:52:40
Estoque.exe,autenticacao-permissao,Password,D:\AtelieProd\MOD\apps\legacy-runtime\Equipexe\Exe\Estoque.exe,8430080,,2017-10-18T10:52:40
Estoque.exe,atualizacao,pfInUpdate,D:\AtelieProd\MOD\apps\legacy-runtime\Equipexe\Exe\Estoque.exe,8430080,,2017-10-18T10:52:40
Estoque.exe,sinal-relacionado,OnValidate(,D:\AtelieProd\MOD\apps\legacy-runtime\Equipexe\Exe\Estoque.exe,8430080,,2017-10-18T10:52:40
Estoque.exe,atualizacao,OnUpdateData,D:\AtelieProd\MOD\apps\legacy-runtime\Equipexe\Exe\Estoque.exe,8430080,,2017-10-18T10:52:40
Estoque.exe,autenticacao-permissao,Password ,D:\AtelieProd\MOD\apps\legacy-runtime\Equipexe\Exe\Estoque.exe,8430080,,2017-10-18T10:52:40
Estoque.exe,autenticacao-permissao,TPasswordDialog,D:\AtelieProd\MOD\apps\legacy-runtime\Equipexe\Exe\Estoque.exe,8430080,,2017-10-18T10:52:40
Estoque.exe,atualizacao,UPDATE,D:\AtelieProd\MOD\apps\legacy-runtime\Equipexe\Exe\Estoque.exe,8430080,,2017-10-18T10:52:40
Estoque.exe,autenticacao-permissao,TPasswordEvent,D:\AtelieProd\MOD\apps\legacy-runtime\Equipexe\Exe\Estoque.exe,8430080,,2017-10-18T10:52:40
Estoque.exe,autenticacao-permissao,OnPassword,D:\AtelieProd\MOD\apps\legacy-runtime\Equipexe\Exe\Estoque.exe,8430080,,2017-10-18T10:52:40
Estoque.exe,atualizacao,TDataSetUpdateObject,D:\AtelieProd\MOD\apps\legacy-runtime\Equipexe\Exe\Estoque.exe,8430080,,2017-10-18T10:52:40
Estoque.exe,atualizacao,TDataSetUpdateObjectd,D:\AtelieProd\MOD\apps\legacy-runtime\Equipexe\Exe\Estoque.exe,8430080,,2017-10-18T10:52:40
Estoque.exe,atualizacao,CachedUpdates,D:\AtelieProd\MOD\apps\legacy-runtime\Equipexe\Exe\Estoque.exe,8430080,,2017-10-18T10:52:40
Estoque.exe,atualizacao,OnUpdateError,D:\AtelieProd\MOD\apps\legacy-runtime\Equipexe\Exe\Estoque.exe,8430080,,2017-10-18T10:52:40
Estoque.exe,atualizacao,OnUpdateRecordt'L,D:\AtelieProd\MOD\apps\legacy-runtime\Equipexe\Exe\Estoque.exe,8430080,,2017-10-18T10:52:40
Estoque.exe,atualizacao,UpdateMode,D:\AtelieProd\MOD\apps\legacy-runtime\Equipexe\Exe\Estoque.exe,8430080,,2017-10-18T10:52:40
Estoque.exe,atualizacao,UpdateObject,D:\AtelieProd\MOD\apps\legacy-runtime\Equipexe\Exe\Estoque.exe,8430080,,2017-10-18T10:52:40
Estoque.exe,autenticacao-permissao,PASSWORD,D:\AtelieProd\MOD\apps\legacy-runtime\Equipexe\Exe\Estoque.exe,8430080,,2017-10-18T10:52:40
Estoque.exe,sinal-relacionado,EInvalidGridOperation,D:\AtelieProd\MOD\apps\legacy-runtime\Equipexe\Exe\Estoque.exe,8430080,,2017-10-18T10:52:40
Estoque.exe,atualizacao,Version,D:\AtelieProd\MOD\apps\legacy-runtime\Equipexe\Exe\Estoque.exe,8430080,,2017-10-18T10:52:40
Estoque.exe,atualizacao,FormVersion,D:\AtelieProd\MOD\apps\legacy-runtime\Equipexe\Exe\Estoque.exe,8430080,,2017-10-18T10:52:40
Estoque.exe,atualizacao,AS_ApplyUpdates,D:\AtelieProd\MOD\apps\legacy-runtime\Equipexe\Exe\Estoque.exe,8430080,,2017-10-18T10:52:40
Estoque.exe,atualizacao,TAggUpdateEvent,D:\AtelieProd\MOD\apps\legacy-runtime\Equipexe\Exe\Estoque.exe,8430080,,2017-10-18T10:52:40
Estoque.exe,atualizacao,BeforeApplyUpdates,D:\AtelieProd\MOD\apps\legacy-runtime\Equipexe\Exe\Estoque.exe,8430080,,2017-10-18T10:52:40
Estoque.exe,atualizacao,AfterApplyUpdates,D:\AtelieProd\MOD\apps\legacy-runtime\Equipexe\Exe\Estoque.exe,8430080,,2017-10-18T10:52:40
Estoque.exe,licenciamento,ilSerializable,D:\AtelieProd\MOD\apps\legacy-runtime\Equipexe\Exe\Estoque.exe,8430080,,2017-10-18T10:52:40
Estoque.exe,atualizacao,erUpdate,D:\AtelieProd\MOD\apps\legacy-runtime\Equipexe\Exe\Estoque.exe,8430080,,2017-10-18T10:52:40
Estoque.exe,atualizacao,erUndoUpdate,D:\AtelieProd\MOD\apps\legacy-runtime\Equipexe\Exe\Estoque.exe,8430080,,2017-10-18T10:52:40
Estoque.exe,atualizacao,AUTO_UPDATE,D:\AtelieProd\MOD\apps\legacy-runtime\Equipexe\Exe\Estoque.exe,8430080,,2017-10-18T10:52:40
Estoque.exe,atualizacao,QRPreviewProgressUpdate,D:\AtelieProd\MOD\apps\legacy-runtime\Equipexe\Exe\Estoque.exe,8430080,,2017-10-18T10:52:40
Estoque.exe,atualizacao,TQRProgressUpdateEvent,D:\AtelieProd\MOD\apps\legacy-runtime\Equipexe\Exe\Estoque.exe,8430080,,2017-10-18T10:52:40
Estoque.exe,atualizacao,OnProgressUpdate,D:\AtelieProd\MOD\apps\legacy-runtime\Equipexe\Exe\Estoque.exe,8430080,,2017-10-18T10:52:40
Estoque.exe,sinal-relacionado,Invalid compression mode. Mode must be in [0-9] range,D:\AtelieProd\MOD\apps\legacy-runtime\Equipexe\Exe\Estoque.exe,8430080,,2017-10-18T10:52:40
Estoque.exe,sinal-relacionado,Invalid size or check sum of file or unsupported compression format,D:\AtelieProd\MOD\apps\legacy-runtime\Equipexe\Exe\Estoque.exe,8430080,,2017-10-18T10:52:40
Estoque.exe,atualizacao,Internal error. Update is not started,D:\AtelieProd\MOD\apps\legacy-runtime\Equipexe\Exe\Estoque.exe,8430080,,2017-10-18T10:52:40
Estoque.exe,atualizacao,Cannot proceed when update is not ended. Preceding EndUpdate call is required.,D:\AtelieProd\MOD\apps\legacy-runtime\Equipexe\Exe\Estoque.exe,8430080,,2017-10-18T10:52:40
Estoque.exe,sinal-relacionado,"Invalid compressed size, rfs.size = %d, count = %d",D:\AtelieProd\MOD\apps\legacy-runtime\Equipexe\Exe\Estoque.exe,8430080,,2017-10-18T10:52:40
Estoque.exe,sinal-relacionado,Invalid archive file.,D:\AtelieProd\MOD\apps\legacy-runtime\Equipexe\Exe\Estoque.exe,8430080,,2017-10-18T10:52:40
Estoque.exe,sinal-relacionado,Cannot open archive file. Opening aborted or invalid file,D:\AtelieProd\MOD\apps\legacy-runtime\Equipexe\Exe\Estoque.exe,8430080,,2017-10-18T10:52:40
Estoque.exe,atualizacao,Multi-spanned archive is not allowed for modification. Use BeginUpdate/EndUpdate methods to add files several times,D:\AtelieProd\MOD\apps\legacy-runtime\Equipexe\Exe\Estoque.exe,8430080,,2017-10-18T10:52:40
Estoque.exe,sinal-relacionado,poValidateOnParse,D:\AtelieProd\MOD\apps\legacy-runtime\Equipexe\Exe\Estoque.exe,8430080,,2017-10-18T10:52:40
Estoque.exe,atualizacao,ncUpdateValue,D:\AtelieProd\MOD\apps\legacy-runtime\Equipexe\Exe\Estoque.exe,8430080,,2017-10-18T10:52:40
Estoque.exe,atualizacao,version,D:\AtelieProd\MOD\apps\legacy-runtime\Equipexe\Exe\Estoque.exe,8430080,,2017-10-18T10:52:40
Estoque.exe,sinal-relacionado,ESchemaValidation,D:\AtelieProd\MOD\apps\legacy-runtime\Equipexe\Exe\Estoque.exe,8430080,,2017-10-18T10:52:40
Estoque.exe,comunicacao-remota,http://www.w3.org/2001/XMLSchema,D:\AtelieProd\MOD\apps\legacy-runtime\Equipexe\Exe\Estoque.exe,8430080,,2017-10-18T10:52:40
Estoque.exe,comunicacao-remota,http://www.w3.org/2001/XMLSchema-instance,D:\AtelieProd\MOD\apps\legacy-runtime\Equipexe\Exe\Estoque.exe,8430080,,2017-10-18T10:52:40
Estoque.exe,licenciamento,REGISTER,D:\AtelieProd\MOD\apps\legacy-runtime\Equipexe\Exe\Estoque.exe,8430080,,2017-10-18T10:52:40
Estoque.exe,licenciamento,register,D:\AtelieProd\MOD\apps\legacy-runtime\Equipexe\Exe\Estoque.exe,8430080,,2017-10-18T10:52:40
Estoque.exe,comunicacao-remota,http://www.borland.com/rootpart.xml,D:\AtelieProd\MOD\apps\legacy-runtime\Equipexe\Exe\Estoque.exe,8430080,,2017-10-18T10:52:40
Estoque.exe,sinal-relacionado,EInvalid_Character_Err,D:\AtelieProd\MOD\apps\legacy-runtime\Equipexe\Exe\Estoque.exe,8430080,,2017-10-18T10:52:40
Estoque.exe,sinal-relacionado,EInvalid_State_Err,D:\AtelieProd\MOD\apps\legacy-runtime\Equipexe\Exe\Estoque.exe,8430080,,2017-10-18T10:52:40
Estoque.exe,sinal-relacionado,EInvalid_Access_ErrL,D:\AtelieProd\MOD\apps\legacy-runtime\Equipexe\Exe\Estoque.exe,8430080,,2017-10-18T10:52:40
Estoque.exe,sinal-relacionado,EInvalid_Entity_Reference_Err,D:\AtelieProd\MOD\apps\legacy-runtime\Equipexe\Exe\Estoque.exe,8430080,,2017-10-18T10:52:40
Estoque.exe,sinal-relacionado,EParserInvalidElementName_Err,D:\AtelieProd\MOD\apps\legacy-runtime\Equipexe\Exe\Estoque.exe,8430080,,2017-10-18T10:52:40
Estoque.exe,sinal-relacionado,EParserInvalidAttributeName_Err,D:\AtelieProd\MOD\apps\legacy-runtime\Equipexe\Exe\Estoque.exe,8430080,,2017-10-18T10:52:40
Estoque.exe,sinal-relacionado, EParserInvalidAttributeValue_Err,D:\AtelieProd\MOD\apps\legacy-runtime\Equipexe\Exe\Estoque.exe,8430080,,2017-10-18T10:52:40
Estoque.exe,sinal-relacionado,EParserInvalidEntityName_Err,D:\AtelieProd\MOD\apps\legacy-runtime\Equipexe\Exe\Estoque.exe,8430080,,2017-10-18T10:52:40
Estoque.exe,sinal-relacionado,'EParserInvalidProcessingInstruction_Errt,D:\AtelieProd\MOD\apps\legacy-runtime\Equipexe\Exe\Estoque.exe,8430080,,2017-10-18T10:52:40
Estoque.exe,sinal-relacionado, EParserInvalidXmlDeclaration_Err,D:\AtelieProd\MOD\apps\legacy-runtime\Equipexe\Exe\Estoque.exe,8430080,,2017-10-18T10:52:40
Estoque.exe,sinal-relacionado,EParserInvalidCharRef_Err,D:\AtelieProd\MOD\apps\legacy-runtime\Equipexe\Exe\Estoque.exe,8430080,,2017-10-18T10:52:40
Estoque.exe,sinal-relacionado,EParserInvalidCharacter_Err,D:\AtelieProd\MOD\apps\legacy-runtime\Equipexe\Exe\Estoque.exe,8430080,,2017-10-18T10:52:40
Estoque.exe,sinal-relacionado,EParserInvalidDoctype_Err,D:\AtelieProd\MOD\apps\legacy-runtime\Equipexe\Exe\Estoque.exe,8430080,,2017-10-18T10:52:40
Estoque.exe,sinal-relacionado,!EParserInvalidTextDeclaration_Err,D:\AtelieProd\MOD\apps\legacy-runtime\Equipexe\Exe\Estoque.exe,8430080,,2017-10-18T10:52:40
Estoque.exe,sinal-relacionado,EParserInvalidComment_Err,D:\AtelieProd\MOD\apps\legacy-runtime\Equipexe\Exe\Estoque.exe,8430080,,2017-10-18T10:52:40
Estoque.exe,sinal-relacionado,EParserInvalidCDATASection_Err,D:\AtelieProd\MOD\apps\legacy-runtime\Equipexe\Exe\Estoque.exe,8430080,,2017-10-18T10:52:40
Estoque.exe,sinal-relacionado,EParserInvalidQualifiedName_Err,D:\AtelieProd\MOD\apps\legacy-runtime\Equipexe\Exe\Estoque.exe,8430080,,2017-10-18T10:52:40
Estoque.exe,sinal-relacionado,EParserInvalidPrefix_Err,D:\AtelieProd\MOD\apps\legacy-runtime\Equipexe\Exe\Estoque.exe,8430080,,2017-10-18T10:52:40
Estoque.exe,sinal-relacionado,EParserInvalidNamespaceURI_Err,D:\AtelieProd\MOD\apps\legacy-runtime\Equipexe\Exe\Estoque.exe,8430080,,2017-10-18T10:52:40
Estoque.exe,sinal-relacionado,#EParserInvalidEntityDeclaration_Err,D:\AtelieProd\MOD\apps\legacy-runtime\Equipexe\Exe\Estoque.exe,8430080,,2017-10-18T10:52:40
Estoque.exe,sinal-relacionado,$EParserInvalidElementDeclaration_Err,D:\AtelieProd\MOD\apps\legacy-runtime\Equipexe\Exe\Estoque.exe,8430080,,2017-10-18T10:52:40
Estoque.exe,sinal-relacionado,&EParserInvalidAttributeDeclaration_Err,D:\AtelieProd\MOD\apps\legacy-runtime\Equipexe\Exe\Estoque.exe,8430080,,2017-10-18T10:52:40
Estoque.exe,sinal-relacionado,%EParserInvalidNotationDeclaration_Err,D:\AtelieProd\MOD\apps\legacy-runtime\Equipexe\Exe\Estoque.exe,8430080,,2017-10-18T10:52:40
Estoque.exe,sinal-relacionado,$EParserInvalidConditionalSection_Err,D:\AtelieProd\MOD\apps\legacy-runtime\Equipexe\Exe\Estoque.exe,8430080,,2017-10-18T10:52:40
Estoque.exe,atualizacao,EConversionStream,D:\AtelieProd\MOD\apps\legacy-runtime\Equipexe\Exe\Estoque.exe,8430080,,2017-10-18T10:52:40
Estoque.exe,atualizacao,TConversionStream,D:\AtelieProd\MOD\apps\legacy-runtime\Equipexe\Exe\Estoque.exe,8430080,,2017-10-18T10:52:40
Estoque.exe,sinal-relacionado,Invalid attribute name error.,D:\AtelieProd\MOD\apps\legacy-runtime\Equipexe\Exe\Estoque.exe,8430080,,2017-10-18T10:52:40
Estoque.exe,sinal-relacionado,Invalid attribute value error.,D:\AtelieProd\MOD\apps\legacy-runtime\Equipexe\Exe\Estoque.exe,8430080,,2017-10-18T10:52:40
Estoque.exe,sinal-relacionado,Invalid character reference error.,D:\AtelieProd\MOD\apps\legacy-runtime\Equipexe\Exe\Estoque.exe,8430080,,2017-10-18T10:52:40
Estoque.exe,sinal-relacionado,%S is not a valid notaName value.,D:\AtelieProd\MOD\apps\legacy-runtime\Equipexe\Exe\Estoque.exe,8430080,,2017-10-18T10:52:40
Estoque.exe,sinal-relacionado,%S is not a valid systemId value.,D:\AtelieProd\MOD\apps\legacy-runtime\Equipexe\Exe\Estoque.exe,8430080,,2017-10-18T10:52:40
Estoque.exe,sinal-relacionado,%S is not a valid publicId value.,D:\AtelieProd\MOD\apps\legacy-runtime\Equipexe\Exe\Estoque.exe,8430080,,2017-10-18T10:52:40
Estoque.exe,sinal-relacionado,Invalid character error.,D:\AtelieProd\MOD\apps\legacy-runtime\Equipexe\Exe\Estoque.exe,8430080,,2017-10-18T10:52:40
Estoque.exe,sinal-relacionado,%S is not a valid XmlCharRef value.,D:\AtelieProd\MOD\apps\legacy-runtime\Equipexe\Exe\Estoque.exe,8430080,,2017-10-18T10:52:40
Estoque.exe,sinal-relacionado,"Invalid ISO-8859-3 sequence ""%s""",D:\AtelieProd\MOD\apps\legacy-runtime\Equipexe\Exe\Estoque.exe,8430080,,2017-10-18T10:52:40
Estoque.exe,sinal-relacionado,"Invalid ISO-8859-6 sequence ""%s""",D:\AtelieProd\MOD\apps\legacy-runtime\Equipexe\Exe\Estoque.exe,8430080,,2017-10-18T10:52:40
Estoque.exe,sinal-relacionado,"Invalid ISO-8859-7 sequence ""%s""",D:\AtelieProd\MOD\apps\legacy-runtime\Equipexe\Exe\Estoque.exe,8430080,,2017-10-18T10:52:40
Estoque.exe,sinal-relacionado,"Invalid ISO-8859-8 sequence ""%s""",D:\AtelieProd\MOD\apps\legacy-runtime\Equipexe\Exe\Estoque.exe,8430080,,2017-10-18T10:52:40
Estoque.exe,sinal-relacionado,"Invalid cp10000_MacRoman sequence ""%s""",D:\AtelieProd\MOD\apps\legacy-runtime\Equipexe\Exe\Estoque.exe,8430080,,2017-10-18T10:52:40
Estoque.exe,sinal-relacionado,"Invalid Windows-1250 sequence ""%s""",D:\AtelieProd\MOD\apps\legacy-runtime\Equipexe\Exe\Estoque.exe,8430080,,2017-10-18T10:52:40
Estoque.exe,sinal-relacionado,"Invalid cp1251 sequence ""%s""",D:\AtelieProd\MOD\apps\legacy-runtime\Equipexe\Exe\Estoque.exe,8430080,,2017-10-18T10:52:40
Estoque.exe,sinal-relacionado,"Invalid Windows-1252 sequence ""%s""",D:\AtelieProd\MOD\apps\legacy-runtime\Equipexe\Exe\Estoque.exe,8430080,,2017-10-18T10:52:40
Estoque.exe,sinal-relacionado,Invalid state error.,D:\AtelieProd\MOD\apps\legacy-runtime\Equipexe\Exe\Estoque.exe,8430080,,2017-10-18T10:52:40
Estoque.exe,sinal-relacionado,Invalid entity declaration error.,D:\AtelieProd\MOD\apps\legacy-runtime\Equipexe\Exe\Estoque.exe,8430080,,2017-10-18T10:52:40
Estoque.exe,sinal-relacionado,Invalid entity reference error.,D:\AtelieProd\MOD\apps\legacy-runtime\Equipexe\Exe\Estoque.exe,8430080,,2017-10-18T10:52:40
Estoque.exe,sinal-relacionado,%S contains an invalid character.,D:\AtelieProd\MOD\apps\legacy-runtime\Equipexe\Exe\Estoque.exe,8430080,,2017-10-18T10:52:40
Estoque.exe,sinal-relacionado,%S contains an invalid reference.,D:\AtelieProd\MOD\apps\legacy-runtime\Equipexe\Exe\Estoque.exe,8430080,,2017-10-18T10:52:40
Estoque.exe,sinal-relacionado,Invalid UTF-8 sequence at position %d,D:\AtelieProd\MOD\apps\legacy-runtime\Equipexe\Exe\Estoque.exe,8430080,,2017-10-18T10:52:40
Estoque.exe,sinal-relacionado,Invalid UTF-8 encoding at position %d,D:\AtelieProd\MOD\apps\legacy-runtime\Equipexe\Exe\Estoque.exe,8430080,,2017-10-18T10:52:40
Estoque.exe,sinal-relacionado,EParserInvalidAttributeValue_Err,D:\AtelieProd\MOD\apps\legacy-runtime\Equipexe\Exe\Estoque.exe,8430080,,2017-10-18T10:52:40
Estoque.exe,sinal-relacionado,EParserInvalidProcessingInstruction_Err,D:\AtelieProd\MOD\apps\legacy-runtime\Equipexe\Exe\Estoque.exe,8430080,,2017-10-18T10:52:40
Estoque.exe,sinal-relacionado,EParserInvalidXmlDeclaration_Err,D:\AtelieProd\MOD\apps\legacy-runtime\Equipexe\Exe\Estoque.exe,8430080,,2017-10-18T10:52:40
Estoque.exe,sinal-relacionado,EParserInvalidEndTag_Err,D:\AtelieProd\MOD\apps\legacy-runtime\Equipexe\Exe\Estoque.exe,8430080,,2017-10-18T10:52:40
Estoque.exe,sinal-relacionado,EParserInvalidEntityDeclaration_Err,D:\AtelieProd\MOD\apps\legacy-runtime\Equipexe\Exe\Estoque.exe,8430080,,2017-10-18T10:52:40
Estoque.exe,sinal-relacionado,EParserInvalidElementDeclaration_Err,D:\AtelieProd\MOD\apps\legacy-runtime\Equipexe\Exe\Estoque.exe,8430080,,2017-10-18T10:52:40
Estoque.exe,sinal-relacionado,EParserInvalidAttributeDeclaration_Err,D:\AtelieProd\MOD\apps\legacy-runtime\Equipexe\Exe\Estoque.exe,8430080,,2017-10-18T10:52:40
Estoque.exe,sinal-relacionado,EParserInvalidNotationDeclaration_Err,D:\AtelieProd\MOD\apps\legacy-runtime\Equipexe\Exe\Estoque.exe,8430080,,2017-10-18T10:52:40
Estoque.exe,sinal-relacionado,EParserInvalidConditionalSection_Err,D:\AtelieProd\MOD\apps\legacy-runtime\Equipexe\Exe\Estoque.exe,8430080,,2017-10-18T10:52:40
Estoque.exe,sinal-relacionado,EParserInvalidTextDeclaration_Err,D:\AtelieProd\MOD\apps\legacy-runtime\Equipexe\Exe\Estoque.exe,8430080,,2017-10-18T10:52:40
Estoque.exe,sinal-relacionado,EParserInvalidSystemLiteral_Err,D:\AtelieProd\MOD\apps\legacy-runtime\Equipexe\Exe\Estoque.exe,8430080,,2017-10-18T10:52:40
Estoque.exe,sinal-relacionado,EParserInvalidPubidLiteral_Err,D:\AtelieProd\MOD\apps\legacy-runtime\Equipexe\Exe\Estoque.exe,8430080,,2017-10-18T10:52:40
Estoque.exe,sinal-relacionado,EParserInvalidDoctypeName_Err,D:\AtelieProd\MOD\apps\legacy-runtime\Equipexe\Exe\Estoque.exe,8430080,,2017-10-18T10:52:40
Estoque.exe,sinal-relacionado,Invalid element name,D:\AtelieProd\MOD\apps\legacy-runtime\Equipexe\Exe\Estoque.exe,8430080,,2017-10-18T10:52:40
Estoque.exe,sinal-relacionado,Invalid attribute name,D:\AtelieProd\MOD\apps\legacy-runtime\Equipexe\Exe\Estoque.exe,8430080,,2017-10-18T10:52:40
Estoque.exe,sinal-relacionado,Invalid attribute value,D:\AtelieProd\MOD\apps\legacy-runtime\Equipexe\Exe\Estoque.exe,8430080,,2017-10-18T10:52:40
Estoque.exe,sinal-relacionado,Invalid entity name,D:\AtelieProd\MOD\apps\legacy-runtime\Equipexe\Exe\Estoque.exe,8430080,,2017-10-18T10:52:40
Estoque.exe,sinal-relacionado,Invalid processing instruction,D:\AtelieProd\MOD\apps\legacy-runtime\Equipexe\Exe\Estoque.exe,8430080,,2017-10-18T10:52:40
Estoque.exe,sinal-relacionado,Invalid XML declaration,D:\AtelieProd\MOD\apps\legacy-runtime\Equipexe\Exe\Estoque.exe,8430080,,2017-10-18T10:52:40
Estoque.exe,sinal-relacionado,Invalid character reference,D:\AtelieProd\MOD\apps\legacy-runtime\Equipexe\Exe\Estoque.exe,8430080,,2017-10-18T10:52:40
Estoque.exe,sinal-relacionado,Invalid end-tag,D:\AtelieProd\MOD\apps\legacy-runtime\Equipexe\Exe\Estoque.exe,8430080,,2017-10-18T10:52:40
Estoque.exe,sinal-relacionado,Invalid character,D:\AtelieProd\MOD\apps\legacy-runtime\Equipexe\Exe\Estoque.exe,8430080,,2017-10-18T10:52:40
Estoque.exe,sinal-relacionado,Invalid doctype declaration,D:\AtelieProd\MOD\apps\legacy-runtime\Equipexe\Exe\Estoque.exe,8430080,,2017-10-18T10:52:40
Estoque.exe,sinal-relacionado,Invalid entity declaration,D:\AtelieProd\MOD\apps\legacy-runtime\Equipexe\Exe\Estoque.exe,8430080,,2017-10-18T10:52:40
Estoque.exe,sinal-relacionado,Invalid element declaration,D:\AtelieProd\MOD\apps\legacy-runtime\Equipexe\Exe\Estoque.exe,8430080,,2017-10-18T10:52:40
Estoque.exe,sinal-relacionado,Invalid attribute declaration,D:\AtelieProd\MOD\apps\legacy-runtime\Equipexe\Exe\Estoque.exe,8430080,,2017-10-18T10:52:40
Estoque.exe,sinal-relacionado,Invalid notation declaration,D:\AtelieProd\MOD\apps\legacy-runtime\Equipexe\Exe\Estoque.exe,8430080,,2017-10-18T10:52:40
Estoque.exe,sinal-relacionado,Invalid conditional section,D:\AtelieProd\MOD\apps\legacy-runtime\Equipexe\Exe\Estoque.exe,8430080,,2017-10-18T10:52:40
Estoque.exe,sinal-relacionado,Invalid text declaration,D:\AtelieProd\MOD\apps\legacy-runtime\Equipexe\Exe\Estoque.exe,8430080,,2017-10-18T10:52:40
Estoque.exe,sinal-relacionado,Invalid comment,D:\AtelieProd\MOD\apps\legacy-runtime\Equipexe\Exe\Estoque.exe,8430080,,2017-10-18T10:52:40
Estoque.exe,sinal-relacionado,Invalid CDATA section,D:\AtelieProd\MOD\apps\legacy-runtime\Equipexe\Exe\Estoque.exe,8430080,,2017-10-18T10:52:40
Estoque.exe,sinal-relacionado,Invalid system literal,D:\AtelieProd\MOD\apps\legacy-runtime\Equipexe\Exe\Estoque.exe,8430080,,2017-10-18T10:52:40
Estoque.exe,sinal-relacionado,Invalid pubid literal,D:\AtelieProd\MOD\apps\legacy-runtime\Equipexe\Exe\Estoque.exe,8430080,,2017-10-18T10:52:40
Estoque.exe,sinal-relacionado,Invalid document type declaration name,D:\AtelieProd\MOD\apps\legacy-runtime\Equipexe\Exe\Estoque.exe,8430080,,2017-10-18T10:52:40
Estoque.exe,sinal-relacionado,Invalid qualified name,D:\AtelieProd\MOD\apps\legacy-runtime\Equipexe\Exe\Estoque.exe,8430080,,2017-10-18T10:52:40
Estoque.exe,sinal-relacionado,Invalid prefix,D:\AtelieProd\MOD\apps\legacy-runtime\Equipexe\Exe\Estoque.exe,8430080,,2017-10-18T10:52:40
Estoque.exe,sinal-relacionado,Invalid namespace URI,D:\AtelieProd\MOD\apps\legacy-runtime\Equipexe\Exe\Estoque.exe,8430080,,2017-10-18T10:52:40
Estoque.exe,sinal-relacionado,Invalid source-code,D:\AtelieProd\MOD\apps\legacy-runtime\Equipexe\Exe\Estoque.exe,8430080,,2017-10-18T10:52:40
Estoque.exe,sinal-relacionado,ment invalide,D:\AtelieProd\MOD\apps\legacy-runtime\Equipexe\Exe\Estoque.exe,8430080,,2017-10-18T10:52:40
Estoque.exe,sinal-relacionado,Nom d'attribut invalide,D:\AtelieProd\MOD\apps\legacy-runtime\Equipexe\Exe\Estoque.exe,8430080,,2017-10-18T10:52:40
Estoque.exe,sinal-relacionado,Valeur d'attribut invalide,D:\AtelieProd\MOD\apps\legacy-runtime\Equipexe\Exe\Estoque.exe,8430080,,2017-10-18T10:52:40
Estoque.exe,sinal-relacionado, invalide,D:\AtelieProd\MOD\apps\legacy-runtime\Equipexe\Exe\Estoque.exe,8430080,,2017-10-18T10:52:40
Estoque.exe,sinal-relacionado,Instruction de commande invalide,D:\AtelieProd\MOD\apps\legacy-runtime\Equipexe\Exe\Estoque.exe,8430080,,2017-10-18T10:52:40
Estoque.exe,sinal-relacionado,claration XML invalide,D:\AtelieProd\MOD\apps\legacy-runtime\Equipexe\Exe\Estoque.exe,8430080,,2017-10-18T10:52:40
Estoque.exe,sinal-relacionado,re invalide,D:\AtelieProd\MOD\apps\legacy-runtime\Equipexe\Exe\Estoque.exe,8430080,,2017-10-18T10:52:40
Estoque.exe,sinal-relacionado,Tag de fin invalide,D:\AtelieProd\MOD\apps\legacy-runtime\Equipexe\Exe\Estoque.exe,8430080,,2017-10-18T10:52:40
Estoque.exe,sinal-relacionado,claration de type de document invalide,D:\AtelieProd\MOD\apps\legacy-runtime\Equipexe\Exe\Estoque.exe,8430080,,2017-10-18T10:52:40
Estoque.exe,sinal-relacionado,claration d'attribut invalide,D:\AtelieProd\MOD\apps\legacy-runtime\Equipexe\Exe\Estoque.exe,8430080,,2017-10-18T10:52:40
Estoque.exe,sinal-relacionado,claration de notation invalide,D:\AtelieProd\MOD\apps\legacy-runtime\Equipexe\Exe\Estoque.exe,8430080,,2017-10-18T10:52:40
Estoque.exe,sinal-relacionado,Section conditionnelle invalide,D:\AtelieProd\MOD\apps\legacy-runtime\Equipexe\Exe\Estoque.exe,8430080,,2017-10-18T10:52:40
Estoque.exe,sinal-relacionado,claration de texte invalide,D:\AtelieProd\MOD\apps\legacy-runtime\Equipexe\Exe\Estoque.exe,8430080,,2017-10-18T10:52:40
Estoque.exe,sinal-relacionado,Code source invalide,D:\AtelieProd\MOD\apps\legacy-runtime\Equipexe\Exe\Estoque.exe,8430080,,2017-10-18T10:52:40
Estoque.exe,sinal-relacionado,Nome elemento non valido,D:\AtelieProd\MOD\apps\legacy-runtime\Equipexe\Exe\Estoque.exe,8430080,,2017-10-18T10:52:40
Estoque.exe,sinal-relacionado,Nome attributo non valido,D:\AtelieProd\MOD\apps\legacy-runtime\Equipexe\Exe\Estoque.exe,8430080,,2017-10-18T10:52:40
Estoque.exe,sinal-relacionado,Valore attributo non valido,D:\AtelieProd\MOD\apps\legacy-runtime\Equipexe\Exe\Estoque.exe,8430080,,2017-10-18T10:52:40
Estoque.exe,sinal-relacionado, non valido,D:\AtelieProd\MOD\apps\legacy-runtime\Equipexe\Exe\Estoque.exe,8430080,,2017-10-18T10:52:40
Estoque.exe,sinal-relacionado,Istruzione di processo non valida,D:\AtelieProd\MOD\apps\legacy-runtime\Equipexe\Exe\Estoque.exe,8430080,,2017-10-18T10:52:40
Estoque.exe,sinal-relacionado,Dichiarazione XML non valida,D:\AtelieProd\MOD\apps\legacy-runtime\Equipexe\Exe\Estoque.exe,8430080,,2017-10-18T10:52:40
Estoque.exe,sinal-relacionado,Riferimento a carattere non valida,D:\AtelieProd\MOD\apps\legacy-runtime\Equipexe\Exe\Estoque.exe,8430080,,2017-10-18T10:52:40
Estoque.exe,sinal-relacionado,Tag finale non valido,D:\AtelieProd\MOD\apps\legacy-runtime\Equipexe\Exe\Estoque.exe,8430080,,2017-10-18T10:52:40
Estoque.exe,sinal-relacionado,Carattere non valido,D:\AtelieProd\MOD\apps\legacy-runtime\Equipexe\Exe\Estoque.exe,8430080,,2017-10-18T10:52:40
Estoque.exe,sinal-relacionado,Dichiarazione del tipo di documento non valida,D:\AtelieProd\MOD\apps\legacy-runtime\Equipexe\Exe\Estoque.exe,8430080,,2017-10-18T10:52:40
Estoque.exe,sinal-relacionado, non valida,D:\AtelieProd\MOD\apps\legacy-runtime\Equipexe\Exe\Estoque.exe,8430080,,2017-10-18T10:52:40
Estoque.exe,sinal-relacionado,Dichiarazione di elemento non valida,D:\AtelieProd\MOD\apps\legacy-runtime\Equipexe\Exe\Estoque.exe,8430080,,2017-10-18T10:52:40
Estoque.exe,sinal-relacionado,Dichiarazione di attributo non valida,D:\AtelieProd\MOD\apps\legacy-runtime\Equipexe\Exe\Estoque.exe,8430080,,2017-10-18T10:52:40
Estoque.exe,sinal-relacionado,Dichiarazione di notazione non valida,D:\AtelieProd\MOD\apps\legacy-runtime\Equipexe\Exe\Estoque.exe,8430080,,2017-10-18T10:52:40
Estoque.exe,sinal-relacionado,Sezione condizionale non valida,D:\AtelieProd\MOD\apps\legacy-runtime\Equipexe\Exe\Estoque.exe,8430080,,2017-10-18T10:52:40
Estoque.exe,sinal-relacionado,Dichiarazione di testo non valida,D:\AtelieProd\MOD\apps\legacy-runtime\Equipexe\Exe\Estoque.exe,8430080,,2017-10-18T10:52:40
Estoque.exe,sinal-relacionado,Codice sorgente non valido,D:\AtelieProd\MOD\apps\legacy-runtime\Equipexe\Exe\Estoque.exe,8430080,,2017-10-18T10:52:40
Estoque.exe,sinal-relacionado,Invalid CDATA section error.,D:\AtelieProd\MOD\apps\legacy-runtime\Equipexe\Exe\Estoque.exe,8430080,,2017-10-18T10:52:40
Estoque.exe,sinal-relacionado,Invalid comment error.,D:\AtelieProd\MOD\apps\legacy-runtime\Equipexe\Exe\Estoque.exe,8430080,,2017-10-18T10:52:40
Estoque.exe,sinal-relacionado,Invalid doctype declaration error.,D:\AtelieProd\MOD\apps\legacy-runtime\Equipexe\Exe\Estoque.exe,8430080,,2017-10-18T10:52:40
Estoque.exe,sinal-relacionado,Invalid entity name error.,D:\AtelieProd\MOD\apps\legacy-runtime\Equipexe\Exe\Estoque.exe,8430080,,2017-10-18T10:52:40
Estoque.exe,sinal-relacionado,Invalid processing instruction error.,D:\AtelieProd\MOD\apps\legacy-runtime\Equipexe\Exe\Estoque.exe,8430080,,2017-10-18T10:52:40
Estoque.exe,sinal-relacionado,Invalid qualified name error.,D:\AtelieProd\MOD\apps\legacy-runtime\Equipexe\Exe\Estoque.exe,8430080,,2017-10-18T10:52:40
Estoque.exe,sinal-relacionado,Invalid prefix error.,D:\AtelieProd\MOD\apps\legacy-runtime\Equipexe\Exe\Estoque.exe,8430080,,2017-10-18T10:52:40
Estoque.exe,sinal-relacionado,Invalid namespace URI error.,D:\AtelieProd\MOD\apps\legacy-runtime\Equipexe\Exe\Estoque.exe,8430080,,2017-10-18T10:52:40
Estoque.exe,sinal-relacionado,Invalid xml-declaration error.,D:\AtelieProd\MOD\apps\legacy-runtime\Equipexe\Exe\Estoque.exe,8430080,,2017-10-18T10:52:40
Estoque.exe,sinal-relacionado,Invalid attribute declaration error.,D:\AtelieProd\MOD\apps\legacy-runtime\Equipexe\Exe\Estoque.exe,8430080,,2017-10-18T10:52:40
Estoque.exe,sinal-relacionado,Invalid element declaration error.,D:\AtelieProd\MOD\apps\legacy-runtime\Equipexe\Exe\Estoque.exe,8430080,,2017-10-18T10:52:40
Estoque.exe,sinal-relacionado,Invalid notation declaration error.,D:\AtelieProd\MOD\apps\legacy-runtime\Equipexe\Exe\Estoque.exe,8430080,,2017-10-18T10:52:40
Estoque.exe,sinal-relacionado,Invalid declaration error.,D:\AtelieProd\MOD\apps\legacy-runtime\Equipexe\Exe\Estoque.exe,8430080,,2017-10-18T10:52:40
Estoque.exe,sinal-relacionado,Invalid text-declaration error.,D:\AtelieProd\MOD\apps\legacy-runtime\Equipexe\Exe\Estoque.exe,8430080,,2017-10-18T10:52:40
Estoque.exe,sinal-relacionado,Invalid conditional section error.,D:\AtelieProd\MOD\apps\legacy-runtime\Equipexe\Exe\Estoque.exe,8430080,,2017-10-18T10:52:40
Estoque.exe,sinal-relacionado,Invalid element name error.,D:\AtelieProd\MOD\apps\legacy-runtime\Equipexe\Exe\Estoque.exe,8430080,,2017-10-18T10:52:40
Estoque.exe,sinal-relacionado,%S contains an invalid parameter entity reference.,D:\AtelieProd\MOD\apps\legacy-runtime\Equipexe\Exe\Estoque.exe,8430080,,2017-10-18T10:52:40
Estoque.exe,sinal-relacionado,Invalid Attribute Declaration error.,D:\AtelieProd\MOD\apps\legacy-runtime\Equipexe\Exe\Estoque.exe,8430080,,2017-10-18T10:52:40
Estoque.exe,sinal-relacionado,InvalidEntityDeclaration_Err,D:\AtelieProd\MOD\apps\legacy-runtime\Equipexe\Exe\Estoque.exe,8430080,,2017-10-18T10:52:40
Estoque.exe,sinal-relacionado,EInvalid_Modification_Err,D:\AtelieProd\MOD\apps\legacy-runtime\Equipexe\Exe\Estoque.exe,8430080,,2017-10-18T10:52:40
Estoque.exe,sinal-relacionado,EInvalid_Access_Err,D:\AtelieProd\MOD\apps\legacy-runtime\Equipexe\Exe\Estoque.exe,8430080,,2017-10-18T10:52:40
Estoque.exe,sinal-relacionado,set_validate(True),D:\AtelieProd\MOD\apps\legacy-runtime\Equipexe\Exe\Estoque.exe,8430080,,2017-10-18T10:52:40
Estoque.exe,sinal-relacionado,URLMON.DLL,D:\AtelieProd\MOD\apps\legacy-runtime\Equipexe\Exe\Estoque.exe,8430080,,2017-10-18T10:52:40
Estoque.exe,comunicacao-remota,URLDownloadToCacheFileA,D:\AtelieProd\MOD\apps\legacy-runtime\Equipexe\Exe\Estoque.exe,8430080,,2017-10-18T10:52:40
Estoque.exe,comunicacao-remota,http://,D:\AtelieProd\MOD\apps\legacy-runtime\Equipexe\Exe\Estoque.exe,8430080,,2017-10-18T10:52:40
Estoque.exe,comunicacao-remota,THTTPRIO,D:\AtelieProd\MOD\apps\legacy-runtime\Equipexe\Exe\Estoque.exe,8430080,,2017-10-18T10:52:40
Estoque.exe,comunicacao-remota,SOAPHTTPClient,D:\AtelieProd\MOD\apps\legacy-runtime\Equipexe\Exe\Estoque.exe,8430080,,2017-10-18T10:52:40
Estoque.exe,comunicacao-remota,HTTPWebNode,D:\AtelieProd\MOD\apps\legacy-runtime\Equipexe\Exe\Estoque.exe,8430080,,2017-10-18T10:52:40
Estoque.exe,comunicacao-remota,HTTPWebNode1,D:\AtelieProd\MOD\apps\legacy-runtime\Equipexe\Exe\Estoque.exe,8430080,,2017-10-18T10:52:40
Estoque.exe,sinal-relacionado,URLType,D:\AtelieProd\MOD\apps\legacy-runtime\Equipexe\Exe\Estoque.exe,8430080,,2017-10-18T10:52:40
Estoque.exe,comunicacao-remota,https,D:\AtelieProd\MOD\apps\legacy-runtime\Equipexe\Exe\Estoque.exe,8430080,,2017-10-18T10:52:40
Estoque.exe,sinal-relacionado,URLTypeH,D:\AtelieProd\MOD\apps\legacy-runtime\Equipexe\Exe\Estoque.exe,8430080,,2017-10-18T10:52:40
Estoque.exe,sinal-relacionado,overviewURL,D:\AtelieProd\MOD\apps\legacy-runtime\Equipexe\Exe\Estoque.exe,8430080,,2017-10-18T10:52:40
Estoque.exe,hardware-binding,DiscoveryUrl,D:\AtelieProd\MOD\apps\legacy-runtime\Equipexe\Exe\Estoque.exe,8430080,,2017-10-18T10:52:40
Estoque.exe,hardware-binding,discoveryUrl2,D:\AtelieProd\MOD\apps\legacy-runtime\Equipexe\Exe\Estoque.exe,8430080,,2017-10-18T10:52:40
Estoque.exe,hardware-binding,DiscoveryURLs,D:\AtelieProd\MOD\apps\legacy-runtime\Equipexe\Exe\Estoque.exe,8430080,,2017-10-18T10:52:40
Estoque.exe,hardware-binding,discoveryUrl,D:\AtelieProd\MOD\apps\legacy-runtime\Equipexe\Exe\Estoque.exe,8430080,,2017-10-18T10:52:40
Estoque.exe,hardware-binding,discoveryURLs,D:\AtelieProd\MOD\apps\legacy-runtime\Equipexe\Exe\Estoque.exe,8430080,,2017-10-18T10:52:40
Estoque.exe,comunicacao-remota,ESOAPHTTPException,D:\AtelieProd\MOD\apps\legacy-runtime\Equipexe\Exe\Estoque.exe,8430080,,2017-10-18T10:52:40
Estoque.exe,sinal-relacionado,soIgnoreInvalidCerts,D:\AtelieProd\MOD\apps\legacy-runtime\Equipexe\Exe\Estoque.exe,8430080,,2017-10-18T10:52:40
Estoque.exe,comunicacao-remota,SOAPHTTPTrans,D:\AtelieProd\MOD\apps\legacy-runtime\Equipexe\Exe\Estoque.exe,8430080,,2017-10-18T10:52:40
Estoque.exe,comunicacao-remota,IHTTPReqResp,D:\AtelieProd\MOD\apps\legacy-runtime\Equipexe\Exe\Estoque.exe,8430080,,2017-10-18T10:52:40
Estoque.exe,comunicacao-remota,HTTPReqResp,D:\AtelieProd\MOD\apps\legacy-runtime\Equipexe\Exe\Estoque.exe,8430080,,2017-10-18T10:52:40
Estoque.exe,comunicacao-remota,THTTPReqResp,D:\AtelieProd\MOD\apps\legacy-runtime\Equipexe\Exe\Estoque.exe,8430080,,2017-10-18T10:52:40
Estoque.exe,comunicacao-remota,wininet.dll,D:\AtelieProd\MOD\apps\legacy-runtime\Equipexe\Exe\Estoque.exe,8430080,,2017-10-18T10:52:40
Estoque.exe,sinal-relacionado,%s - URL:%s - SOAPAction:%s,D:\AtelieProd\MOD\apps\legacy-runtime\Equipexe\Exe\Estoque.exe,8430080,,2017-10-18T10:52:40
Estoque.exe,atualizacao,MIME-Version: 1.0,D:\AtelieProd\MOD\apps\legacy-runtime\Equipexe\Exe\Estoque.exe,8430080,,2017-10-18T10:52:40
Estoque.exe,comunicacao-remota,HTTPUtil,D:\AtelieProd\MOD\apps\legacy-runtime\Equipexe\Exe\Estoque.exe,8430080,,2017-10-18T10:52:40
Estoque.exe,comunicacao-remota,https://,D:\AtelieProd\MOD\apps\legacy-runtime\Equipexe\Exe\Estoque.exe,8430080,,2017-10-18T10:52:40
Estoque.exe,comunicacao-remota,http://schemas.xmlsoap.org/soap/encoding/,D:\AtelieProd\MOD\apps\legacy-runtime\Equipexe\Exe\Estoque.exe,8430080,,2017-10-18T10:52:40
Estoque.exe,comunicacao-remota,http://schemas.xmlsoap.org/soap/envelope/,D:\AtelieProd\MOD\apps\legacy-runtime\Equipexe\Exe\Estoque.exe,8430080,,2017-10-18T10:52:40
Estoque.exe,sinal-relacionado,EIdInvalidPortRange@,D:\AtelieProd\MOD\apps\legacy-runtime\Equipexe\Exe\Estoque.exe,8430080,,2017-10-18T10:52:40
Estoque.exe,comunicacao-remota,"""EIdCannotSetIPVersionWhenConnected",D:\AtelieProd\MOD\apps\legacy-runtime\Equipexe\Exe\Estoque.exe,8430080,,2017-10-18T10:52:40
NFE.exe,sinal-relacionado,ofNoValidate,D:\AtelieProd\MOD\apps\legacy-runtime\Equipexe\Exe\NFE.exe,5294080,,2018-04-20T12:26:28
NFE.exe,atualizacao,dmSpecVersion,D:\AtelieProd\MOD\apps\legacy-runtime\Equipexe\Exe\NFE.exe,5294080,,2018-04-20T12:26:28
NFE.exe,atualizacao,dmDriverVersion,D:\AtelieProd\MOD\apps\legacy-runtime\Equipexe\Exe\NFE.exe,5294080,,2018-04-20T12:26:28
NFE.exe,sinal-relacionado,etInvalidOp,D:\AtelieProd\MOD\apps\legacy-runtime\Equipexe\Exe\NFE.exe,5294080,,2018-04-20T12:26:28
NFE.exe,sinal-relacionado,etInvalidCast,D:\AtelieProd\MOD\apps\legacy-runtime\Equipexe\Exe\NFE.exe,5294080,,2018-04-20T12:26:28
NFE.exe,sinal-relacionado,EInvalidOpException,D:\AtelieProd\MOD\apps\legacy-runtime\Equipexe\Exe\NFE.exe,5294080,,2018-04-20T12:26:28
NFE.exe,sinal-relacionado,EInvalidOp,D:\AtelieProd\MOD\apps\legacy-runtime\Equipexe\Exe\NFE.exe,5294080,,2018-04-20T12:26:28
NFE.exe,sinal-relacionado,EInvalidOp`,D:\AtelieProd\MOD\apps\legacy-runtime\Equipexe\Exe\NFE.exe,5294080,,2018-04-20T12:26:28
NFE.exe,sinal-relacionado,EInvalidPointer,D:\AtelieProd\MOD\apps\legacy-runtime\Equipexe\Exe\NFE.exe,5294080,,2018-04-20T12:26:28
NFE.exe,sinal-relacionado,EInvalidCast,D:\AtelieProd\MOD\apps\legacy-runtime\Equipexe\Exe\NFE.exe,5294080,,2018-04-20T12:26:28
NFE.exe,sinal-relacionado,Validated,D:\AtelieProd\MOD\apps\legacy-runtime\Equipexe\Exe\NFE.exe,5294080,,2018-04-20T12:26:28
NFE.exe,sinal-relacionado,EVariantInvalidOpError,D:\AtelieProd\MOD\apps\legacy-runtime\Equipexe\Exe\NFE.exe,5294080,,2018-04-20T12:26:28
NFE.exe,sinal-relacionado,"EVariantInvalidOpError,",D:\AtelieProd\MOD\apps\legacy-runtime\Equipexe\Exe\NFE.exe,5294080,,2018-04-20T12:26:28
NFE.exe,sinal-relacionado,EVariantInvalidArgError,D:\AtelieProd\MOD\apps\legacy-runtime\Equipexe\Exe\NFE.exe,5294080,,2018-04-20T12:26:28
NFE.exe,sinal-relacionado,EVariantInvalidArgErrord,D:\AtelieProd\MOD\apps\legacy-runtime\Equipexe\Exe\NFE.exe,5294080,,2018-04-20T12:26:28
NFE.exe,sinal-relacionado,EVariantInvalidNullOpError,D:\AtelieProd\MOD\apps\legacy-runtime\Equipexe\Exe\NFE.exe,5294080,,2018-04-20T12:26:28
NFE.exe,atualizacao,Version,D:\AtelieProd\MOD\apps\legacy-runtime\Equipexe\Exe\NFE.exe,5294080,,2018-04-20T12:26:28
NFE.exe,sinal-relacionado,EInvalidImage,D:\AtelieProd\MOD\apps\legacy-runtime\Equipexe\Exe\NFE.exe,5294080,,2018-04-20T12:26:28
NFE.exe,sinal-relacionado,EInvalidOperationh,D:\AtelieProd\MOD\apps\legacy-runtime\Equipexe\Exe\NFE.exe,5294080,,2018-04-20T12:26:28
NFE.exe,sinal-relacionado,EInvalidOperationD,D:\AtelieProd\MOD\apps\legacy-runtime\Equipexe\Exe\NFE.exe,5294080,,2018-04-20T12:26:28
NFE.exe,atualizacao,FUpdateCount,D:\AtelieProd\MOD\apps\legacy-runtime\Equipexe\Exe\NFE.exe,5294080,,2018-04-20T12:26:28
NFE.exe,atualizacao,BeginUpdate,D:\AtelieProd\MOD\apps\legacy-runtime\Equipexe\Exe\NFE.exe,5294080,,2018-04-20T12:26:28
NFE.exe,atualizacao,EndUpdate,D:\AtelieProd\MOD\apps\legacy-runtime\Equipexe\Exe\NFE.exe,5294080,,2018-04-20T12:26:28
NFE.exe,atualizacao,UpdateAction,D:\AtelieProd\MOD\apps\legacy-runtime\Equipexe\Exe\NFE.exe,5294080,,2018-04-20T12:26:28
NFE.exe,atualizacao,Update,D:\AtelieProd\MOD\apps\legacy-runtime\Equipexe\Exe\NFE.exe,5294080,,2018-04-20T12:26:28
NFE.exe,atualizacao,FOnUpdate,D:\AtelieProd\MOD\apps\legacy-runtime\Equipexe\Exe\NFE.exe,5294080,,2018-04-20T12:26:28
NFE.exe,atualizacao,UpdateTarget,D:\AtelieProd\MOD\apps\legacy-runtime\Equipexe\Exe\NFE.exe,5294080,,2018-04-20T12:26:28
NFE.exe,licenciamento,RegisterChanges,D:\AtelieProd\MOD\apps\legacy-runtime\Equipexe\Exe\NFE.exe,5294080,,2018-04-20T12:26:28
NFE.exe,licenciamento,UnRegisterChanges,D:\AtelieProd\MOD\apps\legacy-runtime\Equipexe\Exe\NFE.exe,5294080,,2018-04-20T12:26:28
NFE.exe,atualizacao,OnUpdate,D:\AtelieProd\MOD\apps\legacy-runtime\Equipexe\Exe\NFE.exe,5294080,,2018-04-20T12:26:28
NFE.exe,autenticacao-permissao,Password,D:\AtelieProd\MOD\apps\legacy-runtime\Equipexe\Exe\NFE.exe,5294080,,2018-04-20T12:26:28
NFE.exe,licenciamento,RegisterLoginHandler,D:\AtelieProd\MOD\apps\legacy-runtime\Equipexe\Exe\NFE.exe,5294080,,2018-04-20T12:26:28
NFE.exe,licenciamento,UnregisterLoginHandler,D:\AtelieProd\MOD\apps\legacy-runtime\Equipexe\Exe\NFE.exe,5294080,,2018-04-20T12:26:28
NFE.exe,licenciamento,RegisterClass,D:\AtelieProd\MOD\apps\legacy-runtime\Equipexe\Exe\NFE.exe,5294080,,2018-04-20T12:26:28
NFE.exe,licenciamento,RegisterClassAlias,D:\AtelieProd\MOD\apps\legacy-runtime\Equipexe\Exe\NFE.exe,5294080,,2018-04-20T12:26:28
NFE.exe,licenciamento,Registered,D:\AtelieProd\MOD\apps\legacy-runtime\Equipexe\Exe\NFE.exe,5294080,,2018-04-20T12:26:28
NFE.exe,licenciamento,UnregisterClass,D:\AtelieProd\MOD\apps\legacy-runtime\Equipexe\Exe\NFE.exe,5294080,,2018-04-20T12:26:28
NFE.exe,licenciamento,UnregisterModuleClasses,D:\AtelieProd\MOD\apps\legacy-runtime\Equipexe\Exe\NFE.exe,5294080,,2018-04-20T12:26:28
NFE.exe,autenticacao-permissao,LPassword,D:\AtelieProd\MOD\apps\legacy-runtime\Equipexe\Exe\NFE.exe,5294080,,2018-04-20T12:26:28
NFE.exe,sinal-relacionado,ELocalTimeInvalidtVF,D:\AtelieProd\MOD\apps\legacy-runtime\Equipexe\Exe\NFE.exe,5294080,,2018-04-20T12:26:28
NFE.exe,sinal-relacionado,ELocalTimeInvalidPVF,D:\AtelieProd\MOD\apps\legacy-runtime\Equipexe\Exe\NFE.exe,5294080,,2018-04-20T12:26:28
NFE.exe,sinal-relacionado,lttInvalid,D:\AtelieProd\MOD\apps\legacy-runtime\Equipexe\Exe\NFE.exe,5294080,,2018-04-20T12:26:28
NFE.exe,sinal-relacionado,IsInvalidTime,D:\AtelieProd\MOD\apps\legacy-runtime\Equipexe\Exe\NFE.exe,5294080,,2018-04-20T12:26:28
NFE.exe,atualizacao,UpdateFile,D:\AtelieProd\MOD\apps\legacy-runtime\Equipexe\Exe\NFE.exe,5294080,,2018-04-20T12:26:28
NFE.exe,sinal-relacionado,EInvalidGraphic,D:\AtelieProd\MOD\apps\legacy-runtime\Equipexe\Exe\NFE.exe,5294080,,2018-04-20T12:26:28
NFE.exe,sinal-relacionado,EInvalidGraphicOperation,D:\AtelieProd\MOD\apps\legacy-runtime\Equipexe\Exe\NFE.exe,5294080,,2018-04-20T12:26:28
NFE.exe,sinal-relacionado,csHandleValid,D:\AtelieProd\MOD\apps\legacy-runtime\Equipexe\Exe\NFE.exe,5294080,,2018-04-20T12:26:28
NFE.exe,sinal-relacionado,csFontValid,D:\AtelieProd\MOD\apps\legacy-runtime\Equipexe\Exe\NFE.exe,5294080,,2018-04-20T12:26:28
NFE.exe,sinal-relacionado,csPenValid,D:\AtelieProd\MOD\apps\legacy-runtime\Equipexe\Exe\NFE.exe,5294080,,2018-04-20T12:26:28
NFE.exe,sinal-relacionado,csBrushValid,D:\AtelieProd\MOD\apps\legacy-runtime\Equipexe\Exe\NFE.exe,5294080,,2018-04-20T12:26:28
NFE.exe,licenciamento,RegisterFileFormat,D:\AtelieProd\MOD\apps\legacy-runtime\Equipexe\Exe\NFE.exe,5294080,,2018-04-20T12:26:28
NFE.exe,licenciamento,RegisterClipboardFormat,D:\AtelieProd\MOD\apps\legacy-runtime\Equipexe\Exe\NFE.exe,5294080,,2018-04-20T12:26:28
NFE.exe,licenciamento,UnregisterGraphicClass,D:\AtelieProd\MOD\apps\legacy-runtime\Equipexe\Exe\NFE.exe,5294080,,2018-04-20T12:26:28
NFE.exe,licenciamento,RegisterFileFormatRes,D:\AtelieProd\MOD\apps\legacy-runtime\Equipexe\Exe\NFE.exe,5294080,,2018-04-20T12:26:28
NFE.exe,sinal-relacionado,FMaskBitsValid,D:\AtelieProd\MOD\apps\legacy-runtime\Equipexe\Exe\NFE.exe,5294080,,2018-04-20T12:26:28
NFE.exe,sinal-relacionado,FMaskValid,D:\AtelieProd\MOD\apps\legacy-runtime\Equipexe\Exe\NFE.exe,5294080,,2018-04-20T12:26:28
NFE.exe,atualizacao,UpdateTextFlags,D:\AtelieProd\MOD\apps\legacy-runtime\Equipexe\Exe\NFE.exe,5294080,,2018-04-20T12:26:28
NFE.exe,sinal-relacionado,TControlActionLink,D:\AtelieProd\MOD\apps\legacy-runtime\Equipexe\Exe\NFE.exe,5294080,,2018-04-20T12:26:28
NFE.exe,licenciamento,gtRegistered,D:\AtelieProd\MOD\apps\legacy-runtime\Equipexe\Exe\NFE.exe,5294080,,2018-04-20T12:26:28
NFE.exe,licenciamento,RegisterControl,D:\AtelieProd\MOD\apps\legacy-runtime\Equipexe\Exe\NFE.exe,5294080,,2018-04-20T12:26:28
NFE.exe,licenciamento,UnregisterControl,D:\AtelieProd\MOD\apps\legacy-runtime\Equipexe\Exe\NFE.exe,5294080,,2018-04-20T12:26:28
NFE.exe,sinal-relacionado,Invalidate,D:\AtelieProd\MOD\apps\legacy-runtime\Equipexe\Exe\NFE.exe,5294080,,2018-04-20T12:26:28
NFE.exe,sinal-relacionado,TWinControlActionLink,D:\AtelieProd\MOD\apps\legacy-runtime\Equipexe\Exe\NFE.exe,5294080,,2018-04-20T12:26:28
NFE.exe,sinal-relacionado,ControlAtPos,D:\AtelieProd\MOD\apps\legacy-runtime\Equipexe\Exe\NFE.exe,5294080,,2018-04-20T12:26:28
NFE.exe,atualizacao,UpdateControlState,D:\AtelieProd\MOD\apps\legacy-runtime\Equipexe\Exe\NFE.exe,5294080,,2018-04-20T12:26:28
NFE.exe,atualizacao,FVersion,D:\AtelieProd\MOD\apps\legacy-runtime\Equipexe\Exe\NFE.exe,5294080,,2018-04-20T12:26:28
NFE.exe,autenticacao-permissao,FPasswordChar,D:\AtelieProd\MOD\apps\legacy-runtime\Equipexe\Exe\NFE.exe,5294080,,2018-04-20T12:26:28
NFE.exe,autenticacao-permissao,PasswordChar,D:\AtelieProd\MOD\apps\legacy-runtime\Equipexe\Exe\NFE.exe,5294080,,2018-04-20T12:26:28
NFE.exe,atualizacao,uVersion,D:\AtelieProd\MOD\apps\legacy-runtime\Equipexe\Exe\NFE.exe,5294080,,2018-04-20T12:26:28
NFE.exe,atualizacao,UpdateFont,D:\AtelieProd\MOD\apps\legacy-runtime\Equipexe\Exe\NFE.exe,5294080,,2018-04-20T12:26:28
NFE.exe,atualizacao,FUpdateNeeded,D:\AtelieProd\MOD\apps\legacy-runtime\Equipexe\Exe\NFE.exe,5294080,,2018-04-20T12:26:28
NFE.exe,sinal-relacionado,FSizeGripValid,D:\AtelieProd\MOD\apps\legacy-runtime\Equipexe\Exe\NFE.exe,5294080,,2018-04-20T12:26:28
NFE.exe,atualizacao,TConversion&,D:\AtelieProd\MOD\apps\legacy-runtime\Equipexe\Exe\NFE.exe,5294080,,2018-04-20T12:26:28
NFE.exe,atualizacao,TConversion$,D:\AtelieProd\MOD\apps\legacy-runtime\Equipexe\Exe\NFE.exe,5294080,,2018-04-20T12:26:28
NFE.exe,atualizacao,TConversionClass,D:\AtelieProd\MOD\apps\legacy-runtime\Equipexe\Exe\NFE.exe,5294080,,2018-04-20T12:26:28
NFE.exe,atualizacao,TConversionFormat,D:\AtelieProd\MOD\apps\legacy-runtime\Equipexe\Exe\NFE.exe,5294080,,2018-04-20T12:26:28
NFE.exe,atualizacao,ConversionClass,D:\AtelieProd\MOD\apps\legacy-runtime\Equipexe\Exe\NFE.exe,5294080,,2018-04-20T12:26:28
NFE.exe,licenciamento,RegisterViewer,D:\AtelieProd\MOD\apps\legacy-runtime\Equipexe\Exe\NFE.exe,5294080,,2018-04-20T12:26:28
NFE.exe,atualizacao,EPlatformVersionException,D:\AtelieProd\MOD\apps\legacy-runtime\Equipexe\Exe\NFE.exe,5294080,,2018-04-20T12:26:28
NFE.exe,sinal-relacionado,fdoNoValidate,D:\AtelieProd\MOD\apps\legacy-runtime\Equipexe\Exe\NFE.exe,5294080,,2018-04-20T12:26:28
NFE.exe,atualizacao,rsUpdate,D:\AtelieProd\MOD\apps\legacy-runtime\Equipexe\Exe\NFE.exe,5294080,,2018-04-20T12:26:28
NFE.exe,autenticacao-permissao,tePassword,D:\AtelieProd\MOD\apps\legacy-runtime\Equipexe\Exe\NFE.exe,5294080,,2018-04-20T12:26:28
NFE.exe,atualizacao,tdnbApplyUpdatesNormal,D:\AtelieProd\MOD\apps\legacy-runtime\Equipexe\Exe\NFE.exe,5294080,,2018-04-20T12:26:28
NFE.exe,atualizacao,tdnbApplyUpdatesHot,D:\AtelieProd\MOD\apps\legacy-runtime\Equipexe\Exe\NFE.exe,5294080,,2018-04-20T12:26:28
NFE.exe,atualizacao,tdnbApplyUpdatesPressed,D:\AtelieProd\MOD\apps\legacy-runtime\Equipexe\Exe\NFE.exe,5294080,,2018-04-20T12:26:28
NFE.exe,atualizacao,tdnbApplyUpdatesDisabled,D:\AtelieProd\MOD\apps\legacy-runtime\Equipexe\Exe\NFE.exe,5294080,,2018-04-20T12:26:28
NFE.exe,atualizacao,tdnbCancelUpdatesNormal,D:\AtelieProd\MOD\apps\legacy-runtime\Equipexe\Exe\NFE.exe,5294080,,2018-04-20T12:26:28
NFE.exe,atualizacao,tdnbCancelUpdatesHot,D:\AtelieProd\MOD\apps\legacy-runtime\Equipexe\Exe\NFE.exe,5294080,,2018-04-20T12:26:28
NFE.exe,atualizacao,tdnbCancelUpdatesPressed,D:\AtelieProd\MOD\apps\legacy-runtime\Equipexe\Exe\NFE.exe,5294080,,2018-04-20T12:26:28
NFE.exe,atualizacao,tdnbCancelUpdatesDisabled,D:\AtelieProd\MOD\apps\legacy-runtime\Equipexe\Exe\NFE.exe,5294080,,2018-04-20T12:26:28
NFE.exe,sinal-relacionado,AuthorURL,D:\AtelieProd\MOD\apps\legacy-runtime\Equipexe\Exe\NFE.exe,5294080,,2018-04-20T12:26:28
NFE.exe,atualizacao,UpdateThemes,D:\AtelieProd\MOD\apps\legacy-runtime\Equipexe\Exe\NFE.exe,5294080,,2018-04-20T12:26:28
NFE.exe,sinal-relacionado,IsValidStyle,D:\AtelieProd\MOD\apps\legacy-runtime\Equipexe\Exe\NFE.exe,5294080,,2018-04-20T12:26:28
NFE.exe,licenciamento,snStyleHookUnregistered,D:\AtelieProd\MOD\apps\legacy-runtime\Equipexe\Exe\NFE.exe,5294080,,2018-04-20T12:26:28
NFE.exe,licenciamento,RegisterStyleHook,D:\AtelieProd\MOD\apps\legacy-runtime\Equipexe\Exe\NFE.exe,5294080,,2018-04-20T12:26:28
NFE.exe,licenciamento,UnRegisterStyleHook,D:\AtelieProd\MOD\apps\legacy-runtime\Equipexe\Exe\NFE.exe,5294080,,2018-04-20T12:26:28
NFE.exe,licenciamento,RegisterStyle,D:\AtelieProd\MOD\apps\legacy-runtime\Equipexe\Exe\NFE.exe,5294080,,2018-04-20T12:26:28
NFE.exe,licenciamento,RegisterStyleClass,D:\AtelieProd\MOD\apps\legacy-runtime\Equipexe\Exe\NFE.exe,5294080,,2018-04-20T12:26:28
NFE.exe,licenciamento,UnRegisterStyleClass,D:\AtelieProd\MOD\apps\legacy-runtime\Equipexe\Exe\NFE.exe,5294080,,2018-04-20T12:26:28
NFE.exe,licenciamento,UnRegisterStyleEngine,D:\AtelieProd\MOD\apps\legacy-runtime\Equipexe\Exe\NFE.exe,5294080,,2018-04-20T12:26:28
NFE.exe,atualizacao,FFocusUpdate,D:\AtelieProd\MOD\apps\legacy-runtime\Equipexe\Exe\NFE.exe,5294080,,2018-04-20T12:26:28
NFE.exe,sinal-relacionado,InvalidateNC,D:\AtelieProd\MOD\apps\legacy-runtime\Equipexe\Exe\NFE.exe,5294080,,2018-04-20T12:26:28
NFE.exe,atualizacao,TMenuUpdaterL,D:\AtelieProd\MOD\apps\legacy-runtime\Equipexe\Exe\NFE.exe,5294080,,2018-04-20T12:26:28
NFE.exe,atualizacao,TMenuUpdater,D:\AtelieProd\MOD\apps\legacy-runtime\Equipexe\Exe\NFE.exe,5294080,,2018-04-20T12:26:28
NFE.exe,atualizacao,FUpdateFormatSettings,D:\AtelieProd\MOD\apps\legacy-runtime\Equipexe\Exe\NFE.exe,5294080,,2018-04-20T12:26:28
NFE.exe,atualizacao,FUpdateMetricSettings,D:\AtelieProd\MOD\apps\legacy-runtime\Equipexe\Exe\NFE.exe,5294080,,2018-04-20T12:26:28
NFE.exe,atualizacao,FActionUpdateDelay,D:\AtelieProd\MOD\apps\legacy-runtime\Equipexe\Exe\NFE.exe,5294080,,2018-04-20T12:26:28
NFE.exe,atualizacao,FOnActionUpdate,D:\AtelieProd\MOD\apps\legacy-runtime\Equipexe\Exe\NFE.exe,5294080,,2018-04-20T12:26:28
NFE.exe,atualizacao,ActionUpdateDelayX,D:\AtelieProd\MOD\apps\legacy-runtime\Equipexe\Exe\NFE.exe,5294080,,2018-04-20T12:26:28
NFE.exe,atualizacao,UpdateFormatSettings,D:\AtelieProd\MOD\apps\legacy-runtime\Equipexe\Exe\NFE.exe,5294080,,2018-04-20T12:26:28
NFE.exe,atualizacao,UpdateMetricSettingsD,D:\AtelieProd\MOD\apps\legacy-runtime\Equipexe\Exe\NFE.exe,5294080,,2018-04-20T12:26:28
NFE.exe,atualizacao,OnActionUpdateP,D:\AtelieProd\MOD\apps\legacy-runtime\Equipexe\Exe\NFE.exe,5294080,,2018-04-20T12:26:28
NFE.exe,atualizacao,FNeedsUpdate,D:\AtelieProd\MOD\apps\legacy-runtime\Equipexe\Exe\NFE.exe,5294080,,2018-04-20T12:26:28
NFE.exe,atualizacao,EUpdateError{,D:\AtelieProd\MOD\apps\legacy-runtime\Equipexe\Exe\NFE.exe,5294080,,2018-04-20T12:26:28
NFE.exe,atualizacao,EUpdateError4nV,D:\AtelieProd\MOD\apps\legacy-runtime\Equipexe\Exe\NFE.exe,5294080,,2018-04-20T12:26:28
NFE.exe,atualizacao,deUpdateRecord,D:\AtelieProd\MOD\apps\legacy-runtime\Equipexe\Exe\NFE.exe,5294080,,2018-04-20T12:26:28
NFE.exe,atualizacao,deUpdateState,D:\AtelieProd\MOD\apps\legacy-runtime\Equipexe\Exe\NFE.exe,5294080,,2018-04-20T12:26:28
NFE.exe,atualizacao,TUpdateStatus,D:\AtelieProd\MOD\apps\legacy-runtime\Equipexe\Exe\NFE.exe,5294080,,2018-04-20T12:26:28
NFE.exe,atualizacao,TUpdateAction,D:\AtelieProd\MOD\apps\legacy-runtime\Equipexe\Exe\NFE.exe,5294080,,2018-04-20T12:26:28
NFE.exe,atualizacao,TUpdateRecordTypes,D:\AtelieProd\MOD\apps\legacy-runtime\Equipexe\Exe\NFE.exe,5294080,,2018-04-20T12:26:28
NFE.exe,atualizacao,TUpdateMode,D:\AtelieProd\MOD\apps\legacy-runtime\Equipexe\Exe\NFE.exe,5294080,,2018-04-20T12:26:28
NFE.exe,atualizacao,TUpdateKind,D:\AtelieProd\MOD\apps\legacy-runtime\Equipexe\Exe\NFE.exe,5294080,,2018-04-20T12:26:28
NFE.exe,atualizacao,TUpdateErrorEvent,D:\AtelieProd\MOD\apps\legacy-runtime\Equipexe\Exe\NFE.exe,5294080,,2018-04-20T12:26:28
NFE.exe,atualizacao,UpdateKind,D:\AtelieProd\MOD\apps\legacy-runtime\Equipexe\Exe\NFE.exe,5294080,,2018-04-20T12:26:28
NFE.exe,atualizacao,TUpdateRecordEvent,D:\AtelieProd\MOD\apps\legacy-runtime\Equipexe\Exe\NFE.exe,5294080,,2018-04-20T12:26:28
NFE.exe,atualizacao,FUpdated,D:\AtelieProd\MOD\apps\legacy-runtime\Equipexe\Exe\NFE.exe,5294080,,2018-04-20T12:26:28
NFE.exe,atualizacao,FInternalUpdateCount,D:\AtelieProd\MOD\apps\legacy-runtime\Equipexe\Exe\NFE.exe,5294080,,2018-04-20T12:26:28
NFE.exe,atualizacao,Updated(,D:\AtelieProd\MOD\apps\legacy-runtime\Equipexe\Exe\NFE.exe,5294080,,2018-04-20T12:26:28
NFE.exe,sinal-relacionado,FValidFieldKinds,D:\AtelieProd\MOD\apps\legacy-runtime\Equipexe\Exe\NFE.exe,5294080,,2018-04-20T12:26:28
NFE.exe,atualizacao,pfInUpdate,D:\AtelieProd\MOD\apps\legacy-runtime\Equipexe\Exe\NFE.exe,5294080,,2018-04-20T12:26:28
NFE.exe,sinal-relacionado,FValidating,D:\AtelieProd\MOD\apps\legacy-runtime\Equipexe\Exe\NFE.exe,5294080,,2018-04-20T12:26:28
NFE.exe,sinal-relacionado,FValidChars,D:\AtelieProd\MOD\apps\legacy-runtime\Equipexe\Exe\NFE.exe,5294080,,2018-04-20T12:26:28
NFE.exe,sinal-relacionado,FOnValidate,D:\AtelieProd\MOD\apps\legacy-runtime\Equipexe\Exe\NFE.exe,5294080,,2018-04-20T12:26:28
NFE.exe,sinal-relacionado,IsValidChar,D:\AtelieProd\MOD\apps\legacy-runtime\Equipexe\Exe\NFE.exe,5294080,,2018-04-20T12:26:28
NFE.exe,sinal-relacionado,Validate,D:\AtelieProd\MOD\apps\legacy-runtime\Equipexe\Exe\NFE.exe,5294080,,2018-04-20T12:26:28
NFE.exe,sinal-relacionado,OnValidateC,D:\AtelieProd\MOD\apps\legacy-runtime\Equipexe\Exe\NFE.exe,5294080,,2018-04-20T12:26:28
NFE.exe,sinal-relacionado,ValidChars,D:\AtelieProd\MOD\apps\legacy-runtime\Equipexe\Exe\NFE.exe,5294080,,2018-04-20T12:26:28
NFE.exe,atualizacao,UpdateRecord,D:\AtelieProd\MOD\apps\legacy-runtime\Equipexe\Exe\NFE.exe,5294080,,2018-04-20T12:26:28
NFE.exe,atualizacao,FOnUpdateData,D:\AtelieProd\MOD\apps\legacy-runtime\Equipexe\Exe\NFE.exe,5294080,,2018-04-20T12:26:28
NFE.exe,atualizacao,OnUpdateData,D:\AtelieProd\MOD\apps\legacy-runtime\Equipexe\Exe\NFE.exe,5294080,,2018-04-20T12:26:28
NFE.exe,sinal-relacionado,BookmarkValid&,D:\AtelieProd\MOD\apps\legacy-runtime\Equipexe\Exe\NFE.exe,5294080,,2018-04-20T12:26:28
NFE.exe,atualizacao,UpdateCursorPos,D:\AtelieProd\MOD\apps\legacy-runtime\Equipexe\Exe\NFE.exe,5294080,,2018-04-20T12:26:28
NFE.exe,atualizacao,UpdateStatus,D:\AtelieProd\MOD\apps\legacy-runtime\Equipexe\Exe\NFE.exe,5294080,,2018-04-20T12:26:28
NFE.exe,autenticacao-permissao,szPassword,D:\AtelieProd\MOD\apps\legacy-runtime\Equipexe\Exe\NFE.exe,5294080,,2018-04-20T12:26:28
NFE.exe,autenticacao-permissao,TPasswordEvent,D:\AtelieProd\MOD\apps\legacy-runtime\Equipexe\Exe\NFE.exe,5294080,,2018-04-20T12:26:28
NFE.exe,autenticacao-permissao,FOnPassword,D:\AtelieProd\MOD\apps\legacy-runtime\Equipexe\Exe\NFE.exe,5294080,,2018-04-20T12:26:28
NFE.exe,autenticacao-permissao,AddPassword,D:\AtelieProd\MOD\apps\legacy-runtime\Equipexe\Exe\NFE.exe,5294080,,2018-04-20T12:26:28
NFE.exe,autenticacao-permissao,GetPassword,D:\AtelieProd\MOD\apps\legacy-runtime\Equipexe\Exe\NFE.exe,5294080,,2018-04-20T12:26:28
NFE.exe,autenticacao-permissao,RemoveAllPasswords,D:\AtelieProd\MOD\apps\legacy-runtime\Equipexe\Exe\NFE.exe,5294080,,2018-04-20T12:26:28
NFE.exe,autenticacao-permissao,RemovePassword,D:\AtelieProd\MOD\apps\legacy-runtime\Equipexe\Exe\NFE.exe,5294080,,2018-04-20T12:26:28
NFE.exe,autenticacao-permissao,OnPasswordP,D:\AtelieProd\MOD\apps\legacy-runtime\Equipexe\Exe\NFE.exe,5294080,,2018-04-20T12:26:28
NFE.exe,atualizacao,ApplyUpdates-,D:\AtelieProd\MOD\apps\legacy-runtime\Equipexe\Exe\NFE.exe,5294080,,2018-04-20T12:26:28
NFE.exe,sinal-relacionado,ValidateName,D:\AtelieProd\MOD\apps\legacy-runtime\Equipexe\Exe\NFE.exe,5294080,,2018-04-20T12:26:28
NFE.exe,atualizacao,TDataSetUpdateObject9,D:\AtelieProd\MOD\apps\legacy-runtime\Equipexe\Exe\NFE.exe,5294080,,2018-04-20T12:26:28
NFE.exe,atualizacao,TDataSetUpdateObject4,D:\AtelieProd\MOD\apps\legacy-runtime\Equipexe\Exe\NFE.exe,5294080,,2018-04-20T12:26:28
NFE.exe,atualizacao,FCachedUpdates,D:\AtelieProd\MOD\apps\legacy-runtime\Equipexe\Exe\NFE.exe,5294080,,2018-04-20T12:26:28
NFE.exe,atualizacao,FInUpdateCallback,D:\AtelieProd\MOD\apps\legacy-runtime\Equipexe\Exe\NFE.exe,5294080,,2018-04-20T12:26:28
NFE.exe,atualizacao,FUpdateCBBuf,D:\AtelieProd\MOD\apps\legacy-runtime\Equipexe\Exe\NFE.exe,5294080,,2018-04-20T12:26:28
NFE.exe,atualizacao,FUpdateCallback,D:\AtelieProd\MOD\apps\legacy-runtime\Equipexe\Exe\NFE.exe,5294080,,2018-04-20T12:26:28
NFE.exe,atualizacao,FUpdateObject,D:\AtelieProd\MOD\apps\legacy-runtime\Equipexe\Exe\NFE.exe,5294080,,2018-04-20T12:26:28
NFE.exe,atualizacao,FOnUpdateError,D:\AtelieProd\MOD\apps\legacy-runtime\Equipexe\Exe\NFE.exe,5294080,,2018-04-20T12:26:28
NFE.exe,atualizacao,FOnUpdateRecord,D:\AtelieProd\MOD\apps\legacy-runtime\Equipexe\Exe\NFE.exe,5294080,,2018-04-20T12:26:28
NFE.exe,atualizacao,ApplyUpdates,D:\AtelieProd\MOD\apps\legacy-runtime\Equipexe\Exe\NFE.exe,5294080,,2018-04-20T12:26:28
NFE.exe,atualizacao,CancelUpdates,D:\AtelieProd\MOD\apps\legacy-runtime\Equipexe\Exe\NFE.exe,5294080,,2018-04-20T12:26:28
NFE.exe,atualizacao,CommitUpdates,D:\AtelieProd\MOD\apps\legacy-runtime\Equipexe\Exe\NFE.exe,5294080,,2018-04-20T12:26:28
NFE.exe,atualizacao,CachedUpdates,D:\AtelieProd\MOD\apps\legacy-runtime\Equipexe\Exe\NFE.exe,5294080,,2018-04-20T12:26:28
NFE.exe,atualizacao,OnUpdateError,D:\AtelieProd\MOD\apps\legacy-runtime\Equipexe\Exe\NFE.exe,5294080,,2018-04-20T12:26:28
NFE.exe,atualizacao,OnUpdateRecord%,D:\AtelieProd\MOD\apps\legacy-runtime\Equipexe\Exe\NFE.exe,5294080,,2018-04-20T12:26:28
NFE.exe,atualizacao,UpdateObject,D:\AtelieProd\MOD\apps\legacy-runtime\Equipexe\Exe\NFE.exe,5294080,,2018-04-20T12:26:28
NFE.exe,atualizacao,UpdatesPendingluV,D:\AtelieProd\MOD\apps\legacy-runtime\Equipexe\Exe\NFE.exe,5294080,,2018-04-20T12:26:28
NFE.exe,atualizacao,UpdateRecordTypes,D:\AtelieProd\MOD\apps\legacy-runtime\Equipexe\Exe\NFE.exe,5294080,,2018-04-20T12:26:28
NFE.exe,atualizacao,FUpdateMode,D:\AtelieProd\MOD\apps\legacy-runtime\Equipexe\Exe\NFE.exe,5294080,,2018-04-20T12:26:28
NFE.exe,atualizacao,batUpdate,D:\AtelieProd\MOD\apps\legacy-runtime\Equipexe\Exe\NFE.exe,5294080,,2018-04-20T12:26:28
NFE.exe,atualizacao,batAppendUpdate,D:\AtelieProd\MOD\apps\legacy-runtime\Equipexe\Exe\NFE.exe,5294080,,2018-04-20T12:26:28
NFE.exe,atualizacao,UpdateMode,D:\AtelieProd\MOD\apps\legacy-runtime\Equipexe\Exe\NFE.exe,5294080,,2018-04-20T12:26:28
NFE.exe,sinal-relacionado,ValidateEdit,D:\AtelieProd\MOD\apps\legacy-runtime\Equipexe\Exe\NFE.exe,5294080,,2018-04-20T12:26:28
NFE.exe,sinal-relacionado,EInvalidGridOperation\O[,D:\AtelieProd\MOD\apps\legacy-runtime\Equipexe\Exe\NFE.exe,5294080,,2018-04-20T12:26:28
NFE.exe,sinal-relacionado,EInvalidGridOperation4O[,D:\AtelieProd\MOD\apps\legacy-runtime\Equipexe\Exe\NFE.exe,5294080,,2018-04-20T12:26:28
NFE.exe,atualizacao,UpdateLoc,D:\AtelieProd\MOD\apps\legacy-runtime\Equipexe\Exe\NFE.exe,5294080,,2018-04-20T12:26:28
NFE.exe,autenticacao-permissao,PasswordAdded,D:\AtelieProd\MOD\apps\legacy-runtime\Equipexe\Exe\NFE.exe,5294080,,2018-04-20T12:26:28
NFE.exe,autenticacao-permissao,TPasswordDialog,D:\AtelieProd\MOD\apps\legacy-runtime\Equipexe\Exe\NFE.exe,5294080,,2018-04-20T12:26:28
NFE.exe,atualizacao,FInUpdateData,D:\AtelieProd\MOD\apps\legacy-runtime\Equipexe\Exe\NFE.exe,5294080,,2018-04-20T12:26:28
NFE.exe,atualizacao,FUpdateLock,D:\AtelieProd\MOD\apps\legacy-runtime\Equipexe\Exe\NFE.exe,5294080,,2018-04-20T12:26:28
NFE.exe,atualizacao,FUpdateFields,D:\AtelieProd\MOD\apps\legacy-runtime\Equipexe\Exe\NFE.exe,5294080,,2018-04-20T12:26:28
NFE.exe,sinal-relacionado,ValidFieldIndex,D:\AtelieProd\MOD\apps\legacy-runtime\Equipexe\Exe\NFE.exe,5294080,,2018-04-20T12:26:28
NFE.exe,atualizacao,PUnitVersionInfohI_,D:\AtelieProd\MOD\apps\legacy-runtime\Equipexe\Exe\NFE.exe,5294080,,2018-04-20T12:26:28
NFE.exe,atualizacao,TUnitVersionInfo,D:\AtelieProd\MOD\apps\legacy-runtime\Equipexe\Exe\NFE.exe,5294080,,2018-04-20T12:26:28
NFE.exe,atualizacao,TUnitVersion5,D:\AtelieProd\MOD\apps\legacy-runtime\Equipexe\Exe\NFE.exe,5294080,,2018-04-20T12:26:28
NFE.exe,atualizacao,TUnitVersionTJ_,D:\AtelieProd\MOD\apps\legacy-runtime\Equipexe\Exe\NFE.exe,5294080,,2018-04-20T12:26:28
NFE.exe,atualizacao,JclUnitVersioning,D:\AtelieProd\MOD\apps\legacy-runtime\Equipexe\Exe\NFE.exe,5294080,,2018-04-20T12:26:28
NFE.exe,atualizacao,TUnitVersioningModule9,D:\AtelieProd\MOD\apps\legacy-runtime\Equipexe\Exe\NFE.exe,5294080,,2018-04-20T12:26:28
NFE.exe,atualizacao,TUnitVersioningModule,D:\AtelieProd\MOD\apps\legacy-runtime\Equipexe\Exe\NFE.exe,5294080,,2018-04-20T12:26:28
NFE.exe,atualizacao,TCustomUnitVersioningProvider&,D:\AtelieProd\MOD\apps\legacy-runtime\Equipexe\Exe\NFE.exe,5294080,,2018-04-20T12:26:28
NFE.exe,atualizacao,LoadModuleUnitVersioningInfo,D:\AtelieProd\MOD\apps\legacy-runtime\Equipexe\Exe\NFE.exe,5294080,,2018-04-20T12:26:28
NFE.exe,atualizacao,ReleaseModuleUnitVersioningInfo,D:\AtelieProd\MOD\apps\legacy-runtime\Equipexe\Exe\NFE.exe,5294080,,2018-04-20T12:26:28
NFE.exe,atualizacao,TCustomUnitVersioningProvider,D:\AtelieProd\MOD\apps\legacy-runtime\Equipexe\Exe\NFE.exe,5294080,,2018-04-20T12:26:28
NFE.exe,atualizacao,TUnitVersioningProviderClass,D:\AtelieProd\MOD\apps\legacy-runtime\Equipexe\Exe\NFE.exe,5294080,,2018-04-20T12:26:28
NFE.exe,atualizacao,TUnitVersioning&,D:\AtelieProd\MOD\apps\legacy-runtime\Equipexe\Exe\NFE.exe,5294080,,2018-04-20T12:26:28
NFE.exe,licenciamento,RegisterProvider,D:\AtelieProd\MOD\apps\legacy-runtime\Equipexe\Exe\NFE.exe,5294080,,2018-04-20T12:26:28
NFE.exe,atualizacao,TUnitVersioningtQ_,D:\AtelieProd\MOD\apps\legacy-runtime\Equipexe\Exe\NFE.exe,5294080,,2018-04-20T12:26:28
NFE.exe,sinal-relacionado,poValidateOnParse,D:\AtelieProd\MOD\apps\legacy-runtime\Equipexe\Exe\NFE.exe,5294080,,2018-04-20T12:26:28
NFE.exe,sinal-relacionado,ESchemaValidation0l`,D:\AtelieProd\MOD\apps\legacy-runtime\Equipexe\Exe\NFE.exe,5294080,,2018-04-20T12:26:28
NFE.exe,sinal-relacionado,ESchemaValidation,D:\AtelieProd\MOD\apps\legacy-runtime\Equipexe\Exe\NFE.exe,5294080,,2018-04-20T12:26:28
NFE.exe,atualizacao,ncUpdateValue,D:\AtelieProd\MOD\apps\legacy-runtime\Equipexe\Exe\NFE.exe,5294080,,2018-04-20T12:26:28
NFE.exe,licenciamento,RegisterDocBinding,D:\AtelieProd\MOD\apps\legacy-runtime\Equipexe\Exe\NFE.exe,5294080,,2018-04-20T12:26:28
NFE.exe,atualizacao,UpdateTracking,D:\AtelieProd\MOD\apps\legacy-runtime\Equipexe\Exe\NFE.exe,5294080,,2018-04-20T12:26:28
NFE.exe,sinal-relacionado,IsValid,D:\AtelieProd\MOD\apps\legacy-runtime\Equipexe\Exe\NFE.exe,5294080,,2018-04-20T12:26:28
NFE.exe,atualizacao,UpdateCalendar,D:\AtelieProd\MOD\apps\legacy-runtime\Equipexe\Exe\NFE.exe,5294080,,2018-04-20T12:26:28
NFE.exe,sinal-relacionado,TJvInvalidDateEvent,D:\AtelieProd\MOD\apps\legacy-runtime\Equipexe\Exe\NFE.exe,5294080,,2018-04-20T12:26:28
NFE.exe,sinal-relacionado,FOnInvalidDate,D:\AtelieProd\MOD\apps\legacy-runtime\Equipexe\Exe\NFE.exe,5294080,,2018-04-20T12:26:28
NFE.exe,sinal-relacionado,CheckValidDate,D:\AtelieProd\MOD\apps\legacy-runtime\Equipexe\Exe\NFE.exe,5294080,,2018-04-20T12:26:28
NFE.exe,atualizacao,UpdateMask,D:\AtelieProd\MOD\apps\legacy-runtime\Equipexe\Exe\NFE.exe,5294080,,2018-04-20T12:26:28
NFE.exe,sinal-relacionado,OnInvalidDateP,D:\AtelieProd\MOD\apps\legacy-runtime\Equipexe\Exe\NFE.exe,5294080,,2018-04-20T12:26:28
NFE.exe,licenciamento,LicenseKey,D:\AtelieProd\MOD\apps\legacy-runtime\Equipexe\Exe\NFE.exe,5294080,,2018-04-20T12:26:28
NFE.exe,atualizacao,GetDriverVersion,D:\AtelieProd\MOD\apps\legacy-runtime\Equipexe\Exe\NFE.exe,5294080,,2018-04-20T12:26:28
NFE.exe,atualizacao,DriverVersion,D:\AtelieProd\MOD\apps\legacy-runtime\Equipexe\Exe\NFE.exe,5294080,,2018-04-20T12:26:28
NFE.exe,atualizacao,FProductVersion,D:\AtelieProd\MOD\apps\legacy-runtime\Equipexe\Exe\NFE.exe,5294080,,2018-04-20T12:26:28
NFE.exe,atualizacao,FProductVersionInitialized,D:\AtelieProd\MOD\apps\legacy-runtime\Equipexe\Exe\NFE.exe,5294080,,2018-04-20T12:26:28
NFE.exe,atualizacao,ProductVersion,D:\AtelieProd\MOD\apps\legacy-runtime\Equipexe\Exe\NFE.exe,5294080,,2018-04-20T12:26:28
NFE.exe,atualizacao,FMetaDataVersion,D:\AtelieProd\MOD\apps\legacy-runtime\Equipexe\Exe\NFE.exe,5294080,,2018-04-20T12:26:28
NFE.exe,atualizacao,MetaDataVersion,D:\AtelieProd\MOD\apps\legacy-runtime\Equipexe\Exe\NFE.exe,5294080,,2018-04-20T12:26:28
NFE.exe,atualizacao,ExecuteUpdate,D:\AtelieProd\MOD\apps\legacy-runtime\Equipexe\Exe\NFE.exe,5294080,,2018-04-20T12:26:28
NFE.exe,atualizacao,Updateable,D:\AtelieProd\MOD\apps\legacy-runtime\Equipexe\Exe\NFE.exe,5294080,,2018-04-20T12:26:28
NFE.exe,sinal-relacionado,InvalidTypeAccess,D:\AtelieProd\MOD\apps\legacy-runtime\Equipexe\Exe\NFE.exe,5294080,,2018-04-20T12:26:28
NFE.exe,atualizacao,UpdateType,D:\AtelieProd\MOD\apps\legacy-runtime\Equipexe\Exe\NFE.exe,5294080,,2018-04-20T12:26:28
NFE.exe,licenciamento,RegisterDriverClass,D:\AtelieProd\MOD\apps\legacy-runtime\Equipexe\Exe\NFE.exe,5294080,,2018-04-20T12:26:28
NFE.exe,licenciamento,UnregisterDriverClass,D:\AtelieProd\MOD\apps\legacy-runtime\Equipexe\Exe\NFE.exe,5294080,,2018-04-20T12:26:28
NFE.exe,licenciamento,RegisterDriver,D:\AtelieProd\MOD\apps\legacy-runtime\Equipexe\Exe\NFE.exe,5294080,,2018-04-20T12:26:28
NFE.exe,atualizacao,DoUpdate$6237$1$Intf,D:\AtelieProd\MOD\apps\legacy-runtime\Equipexe\Exe\NFE.exe,5294080,,2018-04-20T12:26:28
NFE.exe,atualizacao,DoUpdate$6237$ActRec,D:\AtelieProd\MOD\apps\legacy-runtime\Equipexe\Exe\NFE.exe,5294080,,2018-04-20T12:26:28
NFE.exe,comunicacao-remota,Web.HTTPApp,D:\AtelieProd\MOD\apps\legacy-runtime\Equipexe\Exe\NFE.exe,5294080,,2018-04-20T12:26:28
NFE.exe,atualizacao,ProtocolVersion,D:\AtelieProd\MOD\apps\legacy-runtime\Equipexe\Exe\NFE.exe,5294080,,2018-04-20T12:26:28
NFE.exe,atualizacao,ContentVersion,D:\AtelieProd\MOD\apps\legacy-runtime\Equipexe\Exe\NFE.exe,5294080,,2018-04-20T12:26:28
NFE.exe,atualizacao,TSOAPVersion,D:\AtelieProd\MOD\apps\legacy-runtime\Equipexe\Exe\NFE.exe,5294080,,2018-04-20T12:26:28
NFE.exe,comunicacao-remota,btHttp,D:\AtelieProd\MOD\apps\legacy-runtime\Equipexe\Exe\NFE.exe,5294080,,2018-04-20T12:26:28
NFE.exe,comunicacao-remota,FHTTPWebNode,D:\AtelieProd\MOD\apps\legacy-runtime\Equipexe\Exe\NFE.exe,5294080,,2018-04-20T12:26:28
NFE.exe,comunicacao-remota,THTTPRIO6,D:\AtelieProd\MOD\apps\legacy-runtime\Equipexe\Exe\NFE.exe,5294080,,2018-04-20T12:26:28
NFE.exe,comunicacao-remota,THTTPRIOTwm,D:\AtelieProd\MOD\apps\legacy-runtime\Equipexe\Exe\NFE.exe,5294080,,2018-04-20T12:26:28
NFE.exe,comunicacao-remota,Soap.SOAPHTTPClient,D:\AtelieProd\MOD\apps\legacy-runtime\Equipexe\Exe\NFE.exe,5294080,,2018-04-20T12:26:28
NFE.exe,comunicacao-remota,HTTPWebNodex+o,D:\AtelieProd\MOD\apps\legacy-runtime\Equipexe\Exe\NFE.exe,5294080,,2018-04-20T12:26:28
NFE.exe,comunicacao-remota,ESOAPHTTPExceptionQ,D:\AtelieProd\MOD\apps\legacy-runtime\Equipexe\Exe\NFE.exe,5294080,,2018-04-20T12:26:28
NFE.exe,comunicacao-remota,ESOAPHTTPException,D:\AtelieProd\MOD\apps\legacy-runtime\Equipexe\Exe\NFE.exe,5294080,,2018-04-20T12:26:28
NFE.exe,comunicacao-remota,Soap.SOAPHTTPTrans,D:\AtelieProd\MOD\apps\legacy-runtime\Equipexe\Exe\NFE.exe,5294080,,2018-04-20T12:26:28
NFE.exe,sinal-relacionado,soIgnoreInvalidCerts,D:\AtelieProd\MOD\apps\legacy-runtime\Equipexe\Exe\NFE.exe,5294080,,2018-04-20T12:26:28
NFE.exe,comunicacao-remota,IHTTPReqResp,D:\AtelieProd\MOD\apps\legacy-runtime\Equipexe\Exe\NFE.exe,5294080,,2018-04-20T12:26:28
NFE.exe,comunicacao-remota,HTTPReqResp,D:\AtelieProd\MOD\apps\legacy-runtime\Equipexe\Exe\NFE.exe,5294080,,2018-04-20T12:26:28
NFE.exe,comunicacao-remota,THTTPReqResp,D:\AtelieProd\MOD\apps\legacy-runtime\Equipexe\Exe\NFE.exe,5294080,,2018-04-20T12:26:28
NFE.exe,comunicacao-remota,TWinInetErrorEvent,D:\AtelieProd\MOD\apps\legacy-runtime\Equipexe\Exe\NFE.exe,5294080,,2018-04-20T12:26:28
NFE.exe,licenciamento,FSerialNum,D:\AtelieProd\MOD\apps\legacy-runtime\Equipexe\Exe\NFE.exe,5294080,,2018-04-20T12:26:28
NFE.exe,licenciamento,SerialNum,D:\AtelieProd\MOD\apps\legacy-runtime\Equipexe\Exe\NFE.exe,5294080,,2018-04-20T12:26:28
SAT.exe,sinal-relacionado,EInvalidOp,D:\AtelieProd\MOD\apps\legacy-runtime\Equipexe\Exe\SAT.exe,10756096,,2009-10-28T07:32:18
SAT.exe,sinal-relacionado,EInvalidPointer,D:\AtelieProd\MOD\apps\legacy-runtime\Equipexe\Exe\SAT.exe,10756096,,2009-10-28T07:32:18
SAT.exe,sinal-relacionado,EInvalidCast,D:\AtelieProd\MOD\apps\legacy-runtime\Equipexe\Exe\SAT.exe,10756096,,2009-10-28T07:32:18
SAT.exe,sinal-relacionado,EVariantInvalidOpError,D:\AtelieProd\MOD\apps\legacy-runtime\Equipexe\Exe\SAT.exe,10756096,,2009-10-28T07:32:18
SAT.exe,sinal-relacionado,EVariantInvalidArgError,D:\AtelieProd\MOD\apps\legacy-runtime\Equipexe\Exe\SAT.exe,10756096,,2009-10-28T07:32:18
SAT.exe,sinal-relacionado,EVariantInvalidNullOpError,D:\AtelieProd\MOD\apps\legacy-runtime\Equipexe\Exe\SAT.exe,10756096,,2009-10-28T07:32:18
SAT.exe,sinal-relacionado,EInvalidOperation,D:\AtelieProd\MOD\apps\legacy-runtime\Equipexe\Exe\SAT.exe,10756096,,2009-10-28T07:32:18
SAT.exe,sinal-relacionado,EInvalidGraphicX,D:\AtelieProd\MOD\apps\legacy-runtime\Equipexe\Exe\SAT.exe,10756096,,2009-10-28T07:32:18
SAT.exe,sinal-relacionado,EInvalidGraphicOperation,D:\AtelieProd\MOD\apps\legacy-runtime\Equipexe\Exe\SAT.exe,10756096,,2009-10-28T07:32:18
SAT.exe,atualizacao,UpdateFont,D:\AtelieProd\MOD\apps\legacy-runtime\Equipexe\Exe\SAT.exe,10756096,,2009-10-28T07:32:18
SAT.exe,sinal-relacionado,ofNoValidate,D:\AtelieProd\MOD\apps\legacy-runtime\Equipexe\Exe\SAT.exe,10756096,,2009-10-28T07:32:18
SAT.exe,autenticacao-permissao,PasswordChar,D:\AtelieProd\MOD\apps\legacy-runtime\Equipexe\Exe\SAT.exe,10756096,,2009-10-28T07:32:18
SAT.exe,atualizacao,OnUpdate,D:\AtelieProd\MOD\apps\legacy-runtime\Equipexe\Exe\SAT.exe,10756096,,2009-10-28T07:32:18
SAT.exe,atualizacao,TConversion,D:\AtelieProd\MOD\apps\legacy-runtime\Equipexe\Exe\SAT.exe,10756096,,2009-10-28T07:32:18
SAT.exe,atualizacao,TConversionFormat,D:\AtelieProd\MOD\apps\legacy-runtime\Equipexe\Exe\SAT.exe,10756096,,2009-10-28T07:32:18
SAT.exe,sinal-relacionado,TControlActionLink,D:\AtelieProd\MOD\apps\legacy-runtime\Equipexe\Exe\SAT.exe,10756096,,2009-10-28T07:32:18
SAT.exe,sinal-relacionado,TWinControlActionLink,D:\AtelieProd\MOD\apps\legacy-runtime\Equipexe\Exe\SAT.exe,10756096,,2009-10-28T07:32:18
SAT.exe,atualizacao,ImmGetConversionStatus,D:\AtelieProd\MOD\apps\legacy-runtime\Equipexe\Exe\SAT.exe,10756096,,2009-10-28T07:32:18
SAT.exe,atualizacao,ImmSetConversionStatus,D:\AtelieProd\MOD\apps\legacy-runtime\Equipexe\Exe\SAT.exe,10756096,,2009-10-28T07:32:18
SAT.exe,licenciamento,RegisterAutomation,D:\AtelieProd\MOD\apps\legacy-runtime\Equipexe\Exe\SAT.exe,10756096,,2009-10-28T07:32:18
SAT.exe,sinal-relacionado,EInvalidGridOperation,D:\AtelieProd\MOD\apps\legacy-runtime\Equipexe\Exe\SAT.exe,10756096,,2009-10-28T07:32:18
SAT.exe,licenciamento,DllRegisterServer,D:\AtelieProd\MOD\apps\legacy-runtime\Equipexe\Exe\SAT.exe,10756096,,2009-10-28T07:32:18
SAT.exe,atualizacao,EUpdateError,D:\AtelieProd\MOD\apps\legacy-runtime\Equipexe\Exe\SAT.exe,10756096,,2009-10-28T07:32:18
SAT.exe,atualizacao,TUpdateAction,D:\AtelieProd\MOD\apps\legacy-runtime\Equipexe\Exe\SAT.exe,10756096,,2009-10-28T07:32:18
SAT.exe,atualizacao,TUpdateMode,D:\AtelieProd\MOD\apps\legacy-runtime\Equipexe\Exe\SAT.exe,10756096,,2009-10-28T07:32:18
SAT.exe,atualizacao,TUpdateKind,D:\AtelieProd\MOD\apps\legacy-runtime\Equipexe\Exe\SAT.exe,10756096,,2009-10-28T07:32:18
SAT.exe,atualizacao,TUpdateErrorEvent,D:\AtelieProd\MOD\apps\legacy-runtime\Equipexe\Exe\SAT.exe,10756096,,2009-10-28T07:32:18
SAT.exe,atualizacao,UpdateKind,D:\AtelieProd\MOD\apps\legacy-runtime\Equipexe\Exe\SAT.exe,10756096,,2009-10-28T07:32:18
SAT.exe,atualizacao,UpdateAction,D:\AtelieProd\MOD\apps\legacy-runtime\Equipexe\Exe\SAT.exe,10756096,,2009-10-28T07:32:18
SAT.exe,atualizacao,TUpdateRecordEvent,D:\AtelieProd\MOD\apps\legacy-runtime\Equipexe\Exe\SAT.exe,10756096,,2009-10-28T07:32:18
SAT.exe,autenticacao-permissao,Password,D:\AtelieProd\MOD\apps\legacy-runtime\Equipexe\Exe\SAT.exe,10756096,,2009-10-28T07:32:18
SAT.exe,atualizacao,pfInUpdate,D:\AtelieProd\MOD\apps\legacy-runtime\Equipexe\Exe\SAT.exe,10756096,,2009-10-28T07:32:18
SAT.exe,sinal-relacionado,OnValidate,D:\AtelieProd\MOD\apps\legacy-runtime\Equipexe\Exe\SAT.exe,10756096,,2009-10-28T07:32:18
SAT.exe,atualizacao,OnUpdateData,D:\AtelieProd\MOD\apps\legacy-runtime\Equipexe\Exe\SAT.exe,10756096,,2009-10-28T07:32:18
SAT.exe,autenticacao-permissao,Password ,D:\AtelieProd\MOD\apps\legacy-runtime\Equipexe\Exe\SAT.exe,10756096,,2009-10-28T07:32:18
SAT.exe,autenticacao-permissao,TPasswordDialog,D:\AtelieProd\MOD\apps\legacy-runtime\Equipexe\Exe\SAT.exe,10756096,,2009-10-28T07:32:18
SAT.exe,atualizacao,UPDATE,D:\AtelieProd\MOD\apps\legacy-runtime\Equipexe\Exe\SAT.exe,10756096,,2009-10-28T07:32:18
SAT.exe,autenticacao-permissao,TPasswordEvent,D:\AtelieProd\MOD\apps\legacy-runtime\Equipexe\Exe\SAT.exe,10756096,,2009-10-28T07:32:18
SAT.exe,autenticacao-permissao,OnPassword|,D:\AtelieProd\MOD\apps\legacy-runtime\Equipexe\Exe\SAT.exe,10756096,,2009-10-28T07:32:18
SAT.exe,atualizacao,TDataSetUpdateObject,D:\AtelieProd\MOD\apps\legacy-runtime\Equipexe\Exe\SAT.exe,10756096,,2009-10-28T07:32:18
SAT.exe,atualizacao,CachedUpdates,D:\AtelieProd\MOD\apps\legacy-runtime\Equipexe\Exe\SAT.exe,10756096,,2009-10-28T07:32:18
SAT.exe,atualizacao,"OnUpdateError,",D:\AtelieProd\MOD\apps\legacy-runtime\Equipexe\Exe\SAT.exe,10756096,,2009-10-28T07:32:18
SAT.exe,atualizacao,OnUpdateRecord,D:\AtelieProd\MOD\apps\legacy-runtime\Equipexe\Exe\SAT.exe,10756096,,2009-10-28T07:32:18
SAT.exe,atualizacao,batUpdate,D:\AtelieProd\MOD\apps\legacy-runtime\Equipexe\Exe\SAT.exe,10756096,,2009-10-28T07:32:18
SAT.exe,atualizacao,batAppendUpdate,D:\AtelieProd\MOD\apps\legacy-runtime\Equipexe\Exe\SAT.exe,10756096,,2009-10-28T07:32:18
SAT.exe,atualizacao,UpdateMode,D:\AtelieProd\MOD\apps\legacy-runtime\Equipexe\Exe\SAT.exe,10756096,,2009-10-28T07:32:18
SAT.exe,atualizacao,UpdateObject,D:\AtelieProd\MOD\apps\legacy-runtime\Equipexe\Exe\SAT.exe,10756096,,2009-10-28T07:32:18
SAT.exe,autenticacao-permissao,PASSWORD,D:\AtelieProd\MOD\apps\legacy-runtime\Equipexe\Exe\SAT.exe,10756096,,2009-10-28T07:32:18
SAT.exe,sinal-relacionado,+TWordApplicationMailMergeDataSourceValidate,D:\AtelieProd\MOD\apps\legacy-runtime\Equipexe\Exe\SAT.exe,10756096,,2009-10-28T07:32:18
SAT.exe,sinal-relacionado,OnMailMergeDataSourceValidatep,D:\AtelieProd\MOD\apps\legacy-runtime\Equipexe\Exe\SAT.exe,10756096,,2009-10-28T07:32:18
SAT.exe,atualizacao,OnActionUpdate|,D:\AtelieProd\MOD\apps\legacy-runtime\Equipexe\Exe\SAT.exe,10756096,,2009-10-28T07:32:18
SAT.exe,atualizacao,AS_ApplyUpdates,D:\AtelieProd\MOD\apps\legacy-runtime\Equipexe\Exe\SAT.exe,10756096,,2009-10-28T07:32:18
SAT.exe,atualizacao,TAggUpdateEvent,D:\AtelieProd\MOD\apps\legacy-runtime\Equipexe\Exe\SAT.exe,10756096,,2009-10-28T07:32:18
SAT.exe,atualizacao,BeforeApplyUpdatesL\Q,D:\AtelieProd\MOD\apps\legacy-runtime\Equipexe\Exe\SAT.exe,10756096,,2009-10-28T07:32:18
SAT.exe,atualizacao,AfterApplyUpdatesL\Q,D:\AtelieProd\MOD\apps\legacy-runtime\Equipexe\Exe\SAT.exe,10756096,,2009-10-28T07:32:18
SAT.exe,licenciamento,ilSerializable,D:\AtelieProd\MOD\apps\legacy-runtime\Equipexe\Exe\SAT.exe,10756096,,2009-10-28T07:32:18
SAT.exe,atualizacao,erUpdate,D:\AtelieProd\MOD\apps\legacy-runtime\Equipexe\Exe\SAT.exe,10756096,,2009-10-28T07:32:18
SAT.exe,atualizacao,erUndoUpdate,D:\AtelieProd\MOD\apps\legacy-runtime\Equipexe\Exe\SAT.exe,10756096,,2009-10-28T07:32:18
SAT.exe,atualizacao,AUTO_UPDATE,D:\AtelieProd\MOD\apps\legacy-runtime\Equipexe\Exe\SAT.exe,10756096,,2009-10-28T07:32:18
SAT.exe,atualizacao,QRPreviewProgressUpdate,D:\AtelieProd\MOD\apps\legacy-runtime\Equipexe\Exe\SAT.exe,10756096,,2009-10-28T07:32:18
SAT.exe,atualizacao,TQRProgressUpdateEvent,D:\AtelieProd\MOD\apps\legacy-runtime\Equipexe\Exe\SAT.exe,10756096,,2009-10-28T07:32:18
SAT.exe,atualizacao,OnProgressUpdateT,D:\AtelieProd\MOD\apps\legacy-runtime\Equipexe\Exe\SAT.exe,10756096,,2009-10-28T07:32:18
SAT.exe,atualizacao,Version|,D:\AtelieProd\MOD\apps\legacy-runtime\Equipexe\Exe\SAT.exe,10756096,,2009-10-28T07:32:18
SAT.exe,atualizacao,FormVersion,D:\AtelieProd\MOD\apps\legacy-runtime\Equipexe\Exe\SAT.exe,10756096,,2009-10-28T07:32:18
SAT.exe,sinal-relacionado,Ed_CampoChave,D:\AtelieProd\MOD\apps\legacy-runtime\Equipexe\Exe\SAT.exe,10756096,,2009-10-28T07:32:18
SAT.exe,sinal-relacionado,Ed_CampoChavePrim,D:\AtelieProd\MOD\apps\legacy-runtime\Equipexe\Exe\SAT.exe,10756096,,2009-10-28T07:32:18
SAT.exe,autenticacao-permissao,CodUsuario,D:\AtelieProd\MOD\apps\legacy-runtime\Equipexe\Exe\SAT.exe,10756096,,2009-10-28T07:32:18
SAT.exe,sinal-relacionado,Chave,D:\AtelieProd\MOD\apps\legacy-runtime\Equipexe\Exe\SAT.exe,10756096,,2009-10-28T07:32:18
SAT.exe,sinal-relacionado,NomeChave,D:\AtelieProd\MOD\apps\legacy-runtime\Equipexe\Exe\SAT.exe,10756096,,2009-10-28T07:32:18
SAT.exe,atualizacao,"Existem campos novos, favor rodar a atualiza",D:\AtelieProd\MOD\apps\legacy-runtime\Equipexe\Exe\SAT.exe,10756096,,2009-10-28T07:32:18
SAT.exe,autenticacao-permissao,"And (A.CodUsuario=""",D:\AtelieProd\MOD\apps\legacy-runtime\Equipexe\Exe\SAT.exe,10756096,,2009-10-28T07:32:18
SAT.exe,autenticacao-permissao,"And (A.UsuarioReu=""",D:\AtelieProd\MOD\apps\legacy-runtime\Equipexe\Exe\SAT.exe,10756096,,2009-10-28T07:32:18
SAT.exe,autenticacao-permissao,Usuario,D:\AtelieProd\MOD\apps\legacy-runtime\Equipexe\Exe\SAT.exe,10756096,,2009-10-28T07:32:18
SAT.exe,autenticacao-permissao,\Nivel.Db,D:\AtelieProd\MOD\apps\legacy-runtime\Equipexe\Exe\SAT.exe,10756096,,2009-10-28T07:32:18
SAT.exe,autenticacao-permissao,Nivel,D:\AtelieProd\MOD\apps\legacy-runtime\Equipexe\Exe\SAT.exe,10756096,,2009-10-28T07:32:18
SAT.exe,autenticacao-permissao,ParUsuario,D:\AtelieProd\MOD\apps\legacy-runtime\Equipexe\Exe\SAT.exe,10756096,,2009-10-28T07:32:18
SAT.exe,atualizacao,"Existe campos novos, favor rodar atualiza",D:\AtelieProd\MOD\apps\legacy-runtime\Equipexe\Exe\SAT.exe,10756096,,2009-10-28T07:32:18
SAT.exe,comunicacao-remota,http://,D:\AtelieProd\MOD\apps\legacy-runtime\Equipexe\Exe\SAT.exe,10756096,,2009-10-28T07:32:18
SAT.exe,autenticacao-permissao,O Usuario ,D:\AtelieProd\MOD\apps\legacy-runtime\Equipexe\Exe\SAT.exe,10756096,,2009-10-28T07:32:18
SAT.exe,sinal-relacionado,Chave1,D:\AtelieProd\MOD\apps\legacy-runtime\Equipexe\Exe\SAT.exe,10756096,,2009-10-28T07:32:18
SAT.exe,licenciamento,"o Desbloqueada, Tente novamente",D:\AtelieProd\MOD\apps\legacy-runtime\Equipexe\Exe\SAT.exe,10756096,,2009-10-28T07:32:18
SAT.exe,autenticacao-permissao,Senha Incorreta,D:\AtelieProd\MOD\apps\legacy-runtime\Equipexe\Exe\SAT.exe,10756096,,2009-10-28T07:32:18
SAT.exe,licenciamento,> esta bloqueado-,D:\AtelieProd\MOD\apps\legacy-runtime\Equipexe\Exe\SAT.exe,10756096,,2009-10-28T07:32:18
SAT.exe,licenciamento,\NovoReg.Db,D:\AtelieProd\MOD\apps\legacy-runtime\Equipexe\Exe\SAT.exe,10756096,,2009-10-28T07:32:18
SAT.exe,licenciamento,NovoReg.Db,D:\AtelieProd\MOD\apps\legacy-runtime\Equipexe\Exe\SAT.exe,10756096,,2009-10-28T07:32:18
SAT.exe,sinal-relacionado,o foi possivel gravar o Registro ,D:\AtelieProd\MOD\apps\legacy-runtime\Equipexe\Exe\SAT.exe,10756096,,2009-10-28T07:32:18
SAT.exe,autenticacao-permissao,UsuarioArq,D:\AtelieProd\MOD\apps\legacy-runtime\Equipexe\Exe\SAT.exe,10756096,,2009-10-28T07:32:18
SAT.exe,autenticacao-permissao,[UsuarioEquipe],D:\AtelieProd\MOD\apps\legacy-runtime\Equipexe\Exe\SAT.exe,10756096,,2009-10-28T07:32:18
SAT.exe,sinal-relacionado,Registro no tradu,D:\AtelieProd\MOD\apps\legacy-runtime\Equipexe\Exe\SAT.exe,10756096,,2009-10-28T07:32:18
SAT.exe,sinal-relacionado,Controla,D:\AtelieProd\MOD\apps\legacy-runtime\Equipexe\Exe\SAT.exe,10756096,,2009-10-28T07:32:18
SAT.exe,sinal-relacionado,ControlaPor,D:\AtelieProd\MOD\apps\legacy-runtime\Equipexe\Exe\SAT.exe,10756096,,2009-10-28T07:32:18
SAT.exe,autenticacao-permissao,Senha,D:\AtelieProd\MOD\apps\legacy-runtime\Equipexe\Exe\SAT.exe,10756096,,2009-10-28T07:32:18
SAT.exe,atualizacao,TIBDataSetUpdateObject,D:\AtelieProd\MOD\apps\legacy-runtime\Equipexe\Exe\SAT.exe,10756096,,2009-10-28T07:32:18
SAT.exe,atualizacao,TIBDataSetUpdateObjectx,D:\AtelieProd\MOD\apps\legacy-runtime\Equipexe\Exe\SAT.exe,10756096,,2009-10-28T07:32:18
SAT.exe,atualizacao,TIBUpdateAction,D:\AtelieProd\MOD\apps\legacy-runtime\Equipexe\Exe\SAT.exe,10756096,,2009-10-28T07:32:18
SAT.exe,atualizacao,TIBUpdateErrorEvent,D:\AtelieProd\MOD\apps\legacy-runtime\Equipexe\Exe\SAT.exe,10756096,,2009-10-28T07:32:18
SAT.exe,atualizacao,TIBUpdateRecordEvent,D:\AtelieProd\MOD\apps\legacy-runtime\Equipexe\Exe\SAT.exe,10756096,,2009-10-28T07:32:18
SAT.exe,atualizacao,OnUpdateError,D:\AtelieProd\MOD\apps\legacy-runtime\Equipexe\Exe\SAT.exe,10756096,,2009-10-28T07:32:18
SAT.exe,atualizacao,CachedUpdates<,D:\AtelieProd\MOD\apps\legacy-runtime\Equipexe\Exe\SAT.exe,10756096,,2009-10-28T07:32:18
SAT.exe,autenticacao-permissao,password,D:\AtelieProd\MOD\apps\legacy-runtime\Equipexe\Exe\SAT.exe,10756096,,2009-10-28T07:32:18
SAT.exe,autenticacao-permissao,password_enc,D:\AtelieProd\MOD\apps\legacy-runtime\Equipexe\Exe\SAT.exe,10756096,,2009-10-28T07:32:18
SAT.exe,licenciamento,license,D:\AtelieProd\MOD\apps\legacy-runtime\Equipexe\Exe\SAT.exe,10756096,,2009-10-28T07:32:18
SAT.exe,atualizacao,rec_version,D:\AtelieProd\MOD\apps\legacy-runtime\Equipexe\Exe\SAT.exe,10756096,,2009-10-28T07:32:18
SAT.exe,atualizacao,no_rec_version,D:\AtelieProd\MOD\apps\legacy-runtime\Equipexe\Exe\SAT.exe,10756096,,2009-10-28T07:32:18
SAT.exe,autenticacao-permissao,password=,D:\AtelieProd\MOD\apps\legacy-runtime\Equipexe\Exe\SAT.exe,10756096,,2009-10-28T07:32:18
SAT.exe,autenticacao-permissao,Ed_FlexGrupoAbr,D:\AtelieProd\MOD\apps\legacy-runtime\Equipexe\Exe\SAT.exe,10756096,,2009-10-28T07:32:18
SAT.exe,autenticacao-permissao,Ed_FlexGrupo,D:\AtelieProd\MOD\apps\legacy-runtime\Equipexe\Exe\SAT.exe,10756096,,2009-10-28T07:32:18
SAT.exe,licenciamento,CB_BloqAltLan,D:\AtelieProd\MOD\apps\legacy-runtime\Equipexe\Exe\SAT.exe,10756096,,2009-10-28T07:32:18
SAT.exe,licenciamento,CB_BloqDatLan,D:\AtelieProd\MOD\apps\legacy-runtime\Equipexe\Exe\SAT.exe,10756096,,2009-10-28T07:32:18
SAT.exe,licenciamento,CB_BloqBaixaCli,D:\AtelieProd\MOD\apps\legacy-runtime\Equipexe\Exe\SAT.exe,10756096,,2009-10-28T07:32:18
SAT.exe,autenticacao-permissao,CB_TrasUsuariot,D:\AtelieProd\MOD\apps\legacy-runtime\Equipexe\Exe\SAT.exe,10756096,,2009-10-28T07:32:18
SAT.exe,licenciamento,CB_BloqBaixaFor,D:\AtelieProd\MOD\apps\legacy-runtime\Equipexe\Exe\SAT.exe,10756096,,2009-10-28T07:32:18
SAT.exe,licenciamento,CB_BloqBaixaInt,D:\AtelieProd\MOD\apps\legacy-runtime\Equipexe\Exe\SAT.exe,10756096,,2009-10-28T07:32:18
SAT.exe,sinal-relacionado,CB_ControlaSaldo,D:\AtelieProd\MOD\apps\legacy-runtime\Equipexe\Exe\SAT.exe,10756096,,2009-10-28T07:32:18
SAT.exe,autenticacao-permissao,Grupo,D:\AtelieProd\MOD\apps\legacy-runtime\Equipexe\Exe\SAT.exe,10756096,,2009-10-28T07:32:18
SAT.exe,sinal-relacionado,NBioAPI_CheckValidity,D:\AtelieProd\MOD\apps\legacy-runtime\Equipexe\Exe\SAT.exe,10756096,,2009-10-28T07:32:18
SAT.exe,atualizacao,NBioAPI_GetVersion,D:\AtelieProd\MOD\apps\legacy-runtime\Equipexe\Exe\SAT.exe,10756096,,2009-10-28T07:32:18
SAT.exe,atualizacao, - BSP Version : v%.4f,D:\AtelieProd\MOD\apps\legacy-runtime\Equipexe\Exe\SAT.exe,10756096,,2009-10-28T07:32:18
SAT.exe,licenciamento,\NovoRegBD.db,D:\AtelieProd\MOD\apps\legacy-runtime\Equipexe\Exe\SAT.exe,10756096,,2009-10-28T07:32:18
SAT.exe,licenciamento,NovoRegBD.db,D:\AtelieProd\MOD\apps\legacy-runtime\Equipexe\Exe\SAT.exe,10756096,,2009-10-28T07:32:18
SAT.exe,sinal-relacionado,o dos Registros com <,D:\AtelieProd\MOD\apps\legacy-runtime\Equipexe\Exe\SAT.exe,10756096,,2009-10-28T07:32:18
SAT.exe,sinal-relacionado,Total de Registros Marcados: ,D:\AtelieProd\MOD\apps\legacy-runtime\Equipexe\Exe\SAT.exe,10756096,,2009-10-28T07:32:18
SAT.exe,autenticacao-permissao,CB_TrasUsuario,D:\AtelieProd\MOD\apps\legacy-runtime\Equipexe\Exe\SAT.exe,10756096,,2009-10-28T07:32:18
SAT.exe,sinal-relacionado,ControlaSaldo,D:\AtelieProd\MOD\apps\legacy-runtime\Equipexe\Exe\SAT.exe,10756096,,2009-10-28T07:32:18
SAT.exe,autenticacao-permissao,Grupo de Lan,D:\AtelieProd\MOD\apps\legacy-runtime\Equipexe\Exe\SAT.exe,10756096,,2009-10-28T07:32:18
SAT.exe,sinal-relacionado,"       And (C.Chave1=""",D:\AtelieProd\MOD\apps\legacy-runtime\Equipexe\Exe\SAT.exe,10756096,,2009-10-28T07:32:18
SAT.exe,autenticacao-permissao,Ed_Senha,D:\AtelieProd\MOD\apps\legacy-runtime\Equipexe\Exe\SAT.exe,10756096,,2009-10-28T07:32:18
SAT.exe,autenticacao-permissao,Tb_Usuarios,D:\AtelieProd\MOD\apps\legacy-runtime\Equipexe\Exe\SAT.exe,10756096,,2009-10-28T07:32:18
SAT.exe,autenticacao-permissao,DS_Usuarios,D:\AtelieProd\MOD\apps\legacy-runtime\Equipexe\Exe\SAT.exe,10756096,,2009-10-28T07:32:18
SAT.exe,autenticacao-permissao,Pn_Usuario,D:\AtelieProd\MOD\apps\legacy-runtime\Equipexe\Exe\SAT.exe,10756096,,2009-10-28T07:32:18
SAT.exe,autenticacao-permissao,DBLCB_CodUsuario,D:\AtelieProd\MOD\apps\legacy-runtime\Equipexe\Exe\SAT.exe,10756096,,2009-10-28T07:32:18
SAT.exe,autenticacao-permissao,Tb_UsuariosCodUsuario$,D:\AtelieProd\MOD\apps\legacy-runtime\Equipexe\Exe\SAT.exe,10756096,,2009-10-28T07:32:18
SAT.exe,autenticacao-permissao,Tb_UsuariosNomUsuario(,D:\AtelieProd\MOD\apps\legacy-runtime\Equipexe\Exe\SAT.exe,10756096,,2009-10-28T07:32:18
SAT.exe,autenticacao-permissao,"Tb_UsuariosGruUsuario,",D:\AtelieProd\MOD\apps\legacy-runtime\Equipexe\Exe\SAT.exe,10756096,,2009-10-28T07:32:18
SAT.exe,autenticacao-permissao,Tb_UsuariosTipUsuario0,D:\AtelieProd\MOD\apps\legacy-runtime\Equipexe\Exe\SAT.exe,10756096,,2009-10-28T07:32:18
SAT.exe,autenticacao-permissao,Tb_UsuariosSenha4,D:\AtelieProd\MOD\apps\legacy-runtime\Equipexe\Exe\SAT.exe,10756096,,2009-10-28T07:32:18
SAT.exe,autenticacao-permissao,Tb_UsuariosCopUsuarioD,D:\AtelieProd\MOD\apps\legacy-runtime\Equipexe\Exe\SAT.exe,10756096,,2009-10-28T07:32:18
SAT.exe,autenticacao-permissao,ConfigUsuario,D:\AtelieProd\MOD\apps\legacy-runtime\Equipexe\Exe\SAT.exe,10756096,,2009-10-28T07:32:18
SAT.exe,autenticacao-permissao,SenhaDig00,D:\AtelieProd\MOD\apps\legacy-runtime\Equipexe\Exe\SAT.exe,10756096,,2009-10-28T07:32:18
SAT.exe,autenticacao-permissao,SenhaOperador,D:\AtelieProd\MOD\apps\legacy-runtime\Equipexe\Exe\SAT.exe,10756096,,2009-10-28T07:32:18
SAT.exe,autenticacao-permissao,VerifSenhaOk,D:\AtelieProd\MOD\apps\legacy-runtime\Equipexe\Exe\SAT.exe,10756096,,2009-10-28T07:32:18
SAT.exe,autenticacao-permissao,SenhaEnabled,D:\AtelieProd\MOD\apps\legacy-runtime\Equipexe\Exe\SAT.exe,10756096,,2009-10-28T07:32:18
SAT.exe,autenticacao-permissao,DBLCB_CodUsuarioDropDown,D:\AtelieProd\MOD\apps\legacy-runtime\Equipexe\Exe\SAT.exe,10756096,,2009-10-28T07:32:18
SAT.exe,autenticacao-permissao,DBLCB_CodUsuarioEnter,D:\AtelieProd\MOD\apps\legacy-runtime\Equipexe\Exe\SAT.exe,10756096,,2009-10-28T07:32:18
SAT.exe,autenticacao-permissao,DBLCB_CodUsuarioExit,D:\AtelieProd\MOD\apps\legacy-runtime\Equipexe\Exe\SAT.exe,10756096,,2009-10-28T07:32:18
SAT.exe,autenticacao-permissao,DBLCB_CodUsuarioKeyPress,D:\AtelieProd\MOD\apps\legacy-runtime\Equipexe\Exe\SAT.exe,10756096,,2009-10-28T07:32:18
SAT.exe,autenticacao-permissao,Ed_SenhaExit,D:\AtelieProd\MOD\apps\legacy-runtime\Equipexe\Exe\SAT.exe,10756096,,2009-10-28T07:32:18
SAT.exe,autenticacao-permissao,Ed_SenhaEnter,D:\AtelieProd\MOD\apps\legacy-runtime\Equipexe\Exe\SAT.exe,10756096,,2009-10-28T07:32:18
SAT.exe,autenticacao-permissao,TF_Senha,D:\AtelieProd\MOD\apps\legacy-runtime\Equipexe\Exe\SAT.exe,10756096,,2009-10-28T07:32:18
SAT.exe,autenticacao-permissao,TipUsuario,D:\AtelieProd\MOD\apps\legacy-runtime\Equipexe\Exe\SAT.exe,10756096,,2009-10-28T07:32:18
SAT.exe,autenticacao-permissao,GruUsuario,D:\AtelieProd\MOD\apps\legacy-runtime\Equipexe\Exe\SAT.exe,10756096,,2009-10-28T07:32:18
SAT.exe,autenticacao-permissao,ENTRADA NO SISTEMA - DIGITADA SENHA,D:\AtelieProd\MOD\apps\legacy-runtime\Equipexe\Exe\SAT.exe,10756096,,2009-10-28T07:32:18
SAT.exe,autenticacao-permissao,Usuarios,D:\AtelieProd\MOD\apps\legacy-runtime\Equipexe\Exe\SAT.exe,10756096,,2009-10-28T07:32:18
SAT.exe,autenticacao-permissao,CopUsuario,D:\AtelieProd\MOD\apps\legacy-runtime\Equipexe\Exe\SAT.exe,10756096,,2009-10-28T07:32:18
SAT.exe,sinal-relacionado,QRL_TotRegistros`,D:\AtelieProd\MOD\apps\legacy-runtime\Equipexe\Exe\SAT.exe,10756096,,2009-10-28T07:32:18
SAT.exe,sinal-relacionado,Registro inv,D:\AtelieProd\MOD\apps\legacy-runtime\Equipexe\Exe\SAT.exe,10756096,,2009-10-28T07:32:18
SAT.exe,sinal-relacionado,Registro Cancelado,D:\AtelieProd\MOD\apps\legacy-runtime\Equipexe\Exe\SAT.exe,10756096,,2009-10-28T07:32:18
SAT.exe,sinal-relacionado,Recupera Registro Cancelado,D:\AtelieProd\MOD\apps\legacy-runtime\Equipexe\Exe\SAT.exe,10756096,,2009-10-28T07:32:18
SAT.exe,autenticacao-permissao,QRDB_Usuario4,D:\AtelieProd\MOD\apps\legacy-runtime\Equipexe\Exe\SAT.exe,10756096,,2009-10-28T07:32:18
SAT.exe,autenticacao-permissao,QR_UsuarioD,D:\AtelieProd\MOD\apps\legacy-runtime\Equipexe\Exe\SAT.exe,10756096,,2009-10-28T07:32:18
SAT.exe,sinal-relacionado,QRL_TotRegistrosX,D:\AtelieProd\MOD\apps\legacy-runtime\Equipexe\Exe\SAT.exe,10756096,,2009-10-28T07:32:18
SAT.exe,autenticacao-permissao,Ed_UsuarioAnotad,D:\AtelieProd\MOD\apps\legacy-runtime\Equipexe\Exe\SAT.exe,10756096,,2009-10-28T07:32:18
SAT.exe,autenticacao-permissao,Qry_AnotacoesCodUsuario,D:\AtelieProd\MOD\apps\legacy-runtime\Equipexe\Exe\SAT.exe,10756096,,2009-10-28T07:32:18
SAT.exe,autenticacao-permissao,Qry_AnotacoesParUsuario,D:\AtelieProd\MOD\apps\legacy-runtime\Equipexe\Exe\SAT.exe,10756096,,2009-10-28T07:32:18
SAT.exe,autenticacao-permissao,Ed_UsuarioAnotaExit,D:\AtelieProd\MOD\apps\legacy-runtime\Equipexe\Exe\SAT.exe,10756096,,2009-10-28T07:32:18
SAT.exe,autenticacao-permissao,Ed_UsuarioAnotaKeyPress,D:\AtelieProd\MOD\apps\legacy-runtime\Equipexe\Exe\SAT.exe,10756096,,2009-10-28T07:32:18
SAT.exe,autenticacao-permissao,"And (A.ParUsuario=""",D:\AtelieProd\MOD\apps\legacy-runtime\Equipexe\Exe\SAT.exe,10756096,,2009-10-28T07:32:18
SAT.exe,autenticacao-permissao,NomUsuario,D:\AtelieProd\MOD\apps\legacy-runtime\Equipexe\Exe\SAT.exe,10756096,,2009-10-28T07:32:18
SAT.exe,autenticacao-permissao,iNomUsuario,D:\AtelieProd\MOD\apps\legacy-runtime\Equipexe\Exe\SAT.exe,10756096,,2009-10-28T07:32:18
SAT.exe,autenticacao-permissao,Pn_CodUsuario,D:\AtelieProd\MOD\apps\legacy-runtime\Equipexe\Exe\SAT.exe,10756096,,2009-10-28T07:32:18
SAT.exe,autenticacao-permissao,Tb_UsuariosCodUsuario,D:\AtelieProd\MOD\apps\legacy-runtime\Equipexe\Exe\SAT.exe,10756096,,2009-10-28T07:32:18
SAT.exe,autenticacao-permissao,Tb_UsuariosNomUsuario,D:\AtelieProd\MOD\apps\legacy-runtime\Equipexe\Exe\SAT.exe,10756096,,2009-10-28T07:32:18
SAT.exe,autenticacao-permissao,Tb_UsuariosGruUsuario,D:\AtelieProd\MOD\apps\legacy-runtime\Equipexe\Exe\SAT.exe,10756096,,2009-10-28T07:32:18
SAT.exe,autenticacao-permissao,Tb_UsuariosTipUsuario,D:\AtelieProd\MOD\apps\legacy-runtime\Equipexe\Exe\SAT.exe,10756096,,2009-10-28T07:32:18
SAT.exe,autenticacao-permissao,Tb_UsuariosSenha,D:\AtelieProd\MOD\apps\legacy-runtime\Equipexe\Exe\SAT.exe,10756096,,2009-10-28T07:32:18
SAT.exe,autenticacao-permissao,DS_Usuarios ,D:\AtelieProd\MOD\apps\legacy-runtime\Equipexe\Exe\SAT.exe,10756096,,2009-10-28T07:32:18
SAT.exe,licenciamento,Tb_NovoRegX,D:\AtelieProd\MOD\apps\legacy-runtime\Equipexe\Exe\SAT.exe,10756096,,2009-10-28T07:32:18
SAT.exe,sinal-relacionado,Tb_CEP_LogCHAVE_LOG$,D:\AtelieProd\MOD\apps\legacy-runtime\Equipexe\Exe\SAT.exe,10756096,,2009-10-28T07:32:18
SAT.exe,sinal-relacionado,Tb_CEP_TITCHAVE_TIPO,D:\AtelieProd\MOD\apps\legacy-runtime\Equipexe\Exe\SAT.exe,10756096,,2009-10-28T07:32:18
SAT.exe,sinal-relacionado,SqlRegistro,D:\AtelieProd\MOD\apps\legacy-runtime\Equipexe\Exe\SAT.exe,10756096,,2009-10-28T07:32:18
SAT.exe,sinal-relacionado,GravaRegistro,D:\AtelieProd\MOD\apps\legacy-runtime\Equipexe\Exe\SAT.exe,10756096,,2009-10-28T07:32:18
SAT.exe,sinal-relacionado,AdicionarRegistro,D:\AtelieProd\MOD\apps\legacy-runtime\Equipexe\Exe\SAT.exe,10756096,,2009-10-28T07:32:18
SAT.exe,sinal-relacionado,Chave_Bai,D:\AtelieProd\MOD\apps\legacy-runtime\Equipexe\Exe\SAT.exe,10756096,,2009-10-28T07:32:18
SAT.exe,sinal-relacionado,CHAVE,D:\AtelieProd\MOD\apps\legacy-runtime\Equipexe\Exe\SAT.exe,10756096,,2009-10-28T07:32:18
SAT.exe,sinal-relacionado,Chave_Log,D:\AtelieProd\MOD\apps\legacy-runtime\Equipexe\Exe\SAT.exe,10756096,,2009-10-28T07:32:18
SAT.exe,sinal-relacionado,Chave_Local,D:\AtelieProd\MOD\apps\legacy-runtime\Equipexe\Exe\SAT.exe,10756096,,2009-10-28T07:32:18
SAT.exe,sinal-relacionado,Chave_UF,D:\AtelieProd\MOD\apps\legacy-runtime\Equipexe\Exe\SAT.exe,10756096,,2009-10-28T07:32:18
SAT.exe,sinal-relacionado,Chave_Tipo,D:\AtelieProd\MOD\apps\legacy-runtime\Equipexe\Exe\SAT.exe,10756096,,2009-10-28T07:32:18
SAT.exe,sinal-relacionado,Qry_Registro,D:\AtelieProd\MOD\apps\legacy-runtime\Equipexe\Exe\SAT.exe,10756096,,2009-10-28T07:32:18
SAT.exe,autenticacao-permissao,Pn_Grupo2,D:\AtelieProd\MOD\apps\legacy-runtime\Equipexe\Exe\SAT.exe,10756096,,2009-10-28T07:32:18
SAT.exe,autenticacao-permissao,Pn_Grupo3,D:\AtelieProd\MOD\apps\legacy-runtime\Equipexe\Exe\SAT.exe,10756096,,2009-10-28T07:32:18
SAT.exe,autenticacao-permissao,Pn_Grupo4 ,D:\AtelieProd\MOD\apps\legacy-runtime\Equipexe\Exe\SAT.exe,10756096,,2009-10-28T07:32:18
SAT.exe,autenticacao-permissao,Pn_Grupot,D:\AtelieProd\MOD\apps\legacy-runtime\Equipexe\Exe\SAT.exe,10756096,,2009-10-28T07:32:18
SAT.exe,autenticacao-permissao,Lb_Grupo|,D:\AtelieProd\MOD\apps\legacy-runtime\Equipexe\Exe\SAT.exe,10756096,,2009-10-28T07:32:18
SAT.exe,autenticacao-permissao,DBLCB_ResUsuario,D:\AtelieProd\MOD\apps\legacy-runtime\Equipexe\Exe\SAT.exe,10756096,,2009-10-28T07:32:18
SAT.exe,autenticacao-permissao,Tb_UsuariosDatCad,D:\AtelieProd\MOD\apps\legacy-runtime\Equipexe\Exe\SAT.exe,10756096,,2009-10-28T07:32:18
SAT.exe,sinal-relacionado,Ed_Chave,D:\AtelieProd\MOD\apps\legacy-runtime\Equipexe\Exe\SAT.exe,10756096,,2009-10-28T07:32:18
SAT.exe,sinal-relacionado,RG_ControlaTab ,D:\AtelieProd\MOD\apps\legacy-runtime\Equipexe\Exe\SAT.exe,10756096,,2009-10-28T07:32:18
SAT.exe,licenciamento,IncNovoRegCli,D:\AtelieProd\MOD\apps\legacy-runtime\Equipexe\Exe\SAT.exe,10756096,,2009-10-28T07:32:18
SAT.exe,autenticacao-permissao,DBLCB_ResUsuarioEnter,D:\AtelieProd\MOD\apps\legacy-runtime\Equipexe\Exe\SAT.exe,10756096,,2009-10-28T07:32:18
SAT.exe,autenticacao-permissao,DBLCB_ResUsuarioExit,D:\AtelieProd\MOD\apps\legacy-runtime\Equipexe\Exe\SAT.exe,10756096,,2009-10-28T07:32:18
SAT.exe,sinal-relacionado,Registro j,D:\AtelieProd\MOD\apps\legacy-runtime\Equipexe\Exe\SAT.exe,10756096,,2009-10-28T07:32:18
SAT.exe,sinal-relacionado,ControlaTab,D:\AtelieProd\MOD\apps\legacy-runtime\Equipexe\Exe\SAT.exe,10756096,,2009-10-28T07:32:18
SAT.exe,autenticacao-permissao,ResUsuario,D:\AtelieProd\MOD\apps\legacy-runtime\Equipexe\Exe\SAT.exe,10756096,,2009-10-28T07:32:18
SAT.exe,autenticacao-permissao,Grupo n,D:\AtelieProd\MOD\apps\legacy-runtime\Equipexe\Exe\SAT.exe,10756096,,2009-10-28T07:32:18
SAT.exe,autenticacao-permissao,iDesGrupo,D:\AtelieProd\MOD\apps\legacy-runtime\Equipexe\Exe\SAT.exe,10756096,,2009-10-28T07:32:18
SAT.exe,autenticacao-permissao,iDesGrupo2,D:\AtelieProd\MOD\apps\legacy-runtime\Equipexe\Exe\SAT.exe,10756096,,2009-10-28T07:32:18
SAT.exe,autenticacao-permissao,iDesGrupo3,D:\AtelieProd\MOD\apps\legacy-runtime\Equipexe\Exe\SAT.exe,10756096,,2009-10-28T07:32:18
SAT.exe,autenticacao-permissao,iDesGrupo4,D:\AtelieProd\MOD\apps\legacy-runtime\Equipexe\Exe\SAT.exe,10756096,,2009-10-28T07:32:18
SAT.exe,autenticacao-permissao,Usuario n,D:\AtelieProd\MOD\apps\legacy-runtime\Equipexe\Exe\SAT.exe,10756096,,2009-10-28T07:32:18
SAT.exe,sinal-relacionado,"Data Invalida, por favor verifique",D:\AtelieProd\MOD\apps\legacy-runtime\Equipexe\Exe\SAT.exe,10756096,,2009-10-28T07:32:18
SAT.exe,sinal-relacionado,"Hora Invalida, por favor verifique",D:\AtelieProd\MOD\apps\legacy-runtime\Equipexe\Exe\SAT.exe,10756096,,2009-10-28T07:32:18
SAT.exe,sinal-relacionado,"Numero Invalido, por favor verifique",D:\AtelieProd\MOD\apps\legacy-runtime\Equipexe\Exe\SAT.exe,10756096,,2009-10-28T07:32:18
SAT.exe,sinal-relacionado,"Valor Invalido, por favor verifique",D:\AtelieProd\MOD\apps\legacy-runtime\Equipexe\Exe\SAT.exe,10756096,,2009-10-28T07:32:18
SAT.exe,sinal-relacionado,CONTROLA SA,D:\AtelieProd\MOD\apps\legacy-runtime\Equipexe\Exe\SAT.exe,10756096,,2009-10-28T07:32:18
SAT.exe,sinal-relacionado,O CONTROLA SA,D:\AtelieProd\MOD\apps\legacy-runtime\Equipexe\Exe\SAT.exe,10756096,,2009-10-28T07:32:18
SAT.exe,sinal-relacionado,Deseja Cancelar Registro,D:\AtelieProd\MOD\apps\legacy-runtime\Equipexe\Exe\SAT.exe,10756096,,2009-10-28T07:32:18
SAT.exe,autenticacao-permissao,Lb_Grupo4,D:\AtelieProd\MOD\apps\legacy-runtime\Equipexe\Exe\SAT.exe,10756096,,2009-10-28T07:32:18
SAT.exe,licenciamento,Tb_IncNovoReg0,D:\AtelieProd\MOD\apps\legacy-runtime\Equipexe\Exe\SAT.exe,10756096,,2009-10-28T07:32:18
SAT.exe,autenticacao-permissao,Grupo11H,D:\AtelieProd\MOD\apps\legacy-runtime\Equipexe\Exe\SAT.exe,10756096,,2009-10-28T07:32:18
SAT.exe,autenticacao-permissao,Grupos1L,D:\AtelieProd\MOD\apps\legacy-runtime\Equipexe\Exe\SAT.exe,10756096,,2009-10-28T07:32:18
SAT.exe,autenticacao-permissao,Grupo21P,D:\AtelieProd\MOD\apps\legacy-runtime\Equipexe\Exe\SAT.exe,10756096,,2009-10-28T07:32:18
SAT.exe,autenticacao-permissao,Grupo31T,D:\AtelieProd\MOD\apps\legacy-runtime\Equipexe\Exe\SAT.exe,10756096,,2009-10-28T07:32:18
SAT.exe,autenticacao-permissao,Grupo41X,D:\AtelieProd\MOD\apps\legacy-runtime\Equipexe\Exe\SAT.exe,10756096,,2009-10-28T07:32:18
SAT.exe,sinal-relacionado,Tb_ClientesControlaTabD,D:\AtelieProd\MOD\apps\legacy-runtime\Equipexe\Exe\SAT.exe,10756096,,2009-10-28T07:32:18
SAT.exe,autenticacao-permissao,Tb_ClientesResUsuario,D:\AtelieProd\MOD\apps\legacy-runtime\Equipexe\Exe\SAT.exe,10756096,,2009-10-28T07:32:18
SAT.exe,autenticacao-permissao,GrupodeCamposFlexiveis1t,D:\AtelieProd\MOD\apps\legacy-runtime\Equipexe\Exe\SAT.exe,10756096,,2009-10-28T07:32:18
SAT.exe,autenticacao-permissao,Grupo11Click,D:\AtelieProd\MOD\apps\legacy-runtime\Equipexe\Exe\SAT.exe,10756096,,2009-10-28T07:32:18
SAT.exe,autenticacao-permissao,Grupo21Click,D:\AtelieProd\MOD\apps\legacy-runtime\Equipexe\Exe\SAT.exe,10756096,,2009-10-28T07:32:18
SAT.exe,autenticacao-permissao,Grupo31Click,D:\AtelieProd\MOD\apps\legacy-runtime\Equipexe\Exe\SAT.exe,10756096,,2009-10-28T07:32:18
SAT.exe,autenticacao-permissao,Grupo41Click,D:\AtelieProd\MOD\apps\legacy-runtime\Equipexe\Exe\SAT.exe,10756096,,2009-10-28T07:32:18
SAT.exe,autenticacao-permissao,GrupodeCamposFlexiveis1Click.,D:\AtelieProd\MOD\apps\legacy-runtime\Equipexe\Exe\SAT.exe,10756096,,2009-10-28T07:32:18
SAT.exe,sinal-relacionado,Registro Inv,D:\AtelieProd\MOD\apps\legacy-runtime\Equipexe\Exe\SAT.exe,10756096,,2009-10-28T07:32:18
SAT.exe,autenticacao-permissao,Cadastro de Grupo 1 ,D:\AtelieProd\MOD\apps\legacy-runtime\Equipexe\Exe\SAT.exe,10756096,,2009-10-28T07:32:18
SAT.exe,autenticacao-permissao,Grupo 1,D:\AtelieProd\MOD\apps\legacy-runtime\Equipexe\Exe\SAT.exe,10756096,,2009-10-28T07:32:18
SAT.exe,autenticacao-permissao,DesGrupo,D:\AtelieProd\MOD\apps\legacy-runtime\Equipexe\Exe\SAT.exe,10756096,,2009-10-28T07:32:18
SAT.exe,autenticacao-permissao,ObsGrupo,D:\AtelieProd\MOD\apps\legacy-runtime\Equipexe\Exe\SAT.exe,10756096,,2009-10-28T07:32:18
SAT.exe,autenticacao-permissao,CorGrupo,D:\AtelieProd\MOD\apps\legacy-runtime\Equipexe\Exe\SAT.exe,10756096,,2009-10-28T07:32:18
SAT.exe,autenticacao-permissao,CorGrupoF,D:\AtelieProd\MOD\apps\legacy-runtime\Equipexe\Exe\SAT.exe,10756096,,2009-10-28T07:32:18
SAT.exe,autenticacao-permissao,Cadastro de Grupo 2 ,D:\AtelieProd\MOD\apps\legacy-runtime\Equipexe\Exe\SAT.exe,10756096,,2009-10-28T07:32:18
SAT.exe,autenticacao-permissao,Grupo 2,D:\AtelieProd\MOD\apps\legacy-runtime\Equipexe\Exe\SAT.exe,10756096,,2009-10-28T07:32:18
SAT.exe,autenticacao-permissao,Cadastro de Grupo 3,D:\AtelieProd\MOD\apps\legacy-runtime\Equipexe\Exe\SAT.exe,10756096,,2009-10-28T07:32:18
SAT.exe,autenticacao-permissao,Grupo 3,D:\AtelieProd\MOD\apps\legacy-runtime\Equipexe\Exe\SAT.exe,10756096,,2009-10-28T07:32:18
SAT.exe,autenticacao-permissao,Cadastro de Grupo 4,D:\AtelieProd\MOD\apps\legacy-runtime\Equipexe\Exe\SAT.exe,10756096,,2009-10-28T07:32:18
SAT.exe,autenticacao-permissao,Grupo 4,D:\AtelieProd\MOD\apps\legacy-runtime\Equipexe\Exe\SAT.exe,10756096,,2009-10-28T07:32:18
SAT.exe,autenticacao-permissao,Cadastro de Grupo (Campos Flexiveis),D:\AtelieProd\MOD\apps\legacy-runtime\Equipexe\Exe\SAT.exe,10756096,,2009-10-28T07:32:18
SAT.exe,autenticacao-permissao,Grupo (Campos Flexiveis),D:\AtelieProd\MOD\apps\legacy-runtime\Equipexe\Exe\SAT.exe,10756096,,2009-10-28T07:32:18
SAT.exe,autenticacao-permissao,Pn_Grupo,D:\AtelieProd\MOD\apps\legacy-runtime\Equipexe\Exe\SAT.exe,10756096,,2009-10-28T07:32:18
SAT.exe,autenticacao-permissao,Lb_Grupo,D:\AtelieProd\MOD\apps\legacy-runtime\Equipexe\Exe\SAT.exe,10756096,,2009-10-28T07:32:18
SAT.exe,autenticacao-permissao,Tb_GruCli3DesGrupoL,D:\AtelieProd\MOD\apps\legacy-runtime\Equipexe\Exe\SAT.exe,10756096,,2009-10-28T07:32:18
Senhas.exe,sinal-relacionado,EInvalidOp,D:\AtelieProd\Equipexe\Exe\Senhas.exe,2425856,,2008-02-12T09:25:56
Senhas.exe,sinal-relacionado,EInvalidPointer,D:\AtelieProd\Equipexe\Exe\Senhas.exe,2425856,,2008-02-12T09:25:56
Senhas.exe,sinal-relacionado,EInvalidCast,D:\AtelieProd\Equipexe\Exe\Senhas.exe,2425856,,2008-02-12T09:25:56
Senhas.exe,sinal-relacionado,EVariantInvalidOpError,D:\AtelieProd\Equipexe\Exe\Senhas.exe,2425856,,2008-02-12T09:25:56
Senhas.exe,sinal-relacionado,EVariantInvalidArgError@,D:\AtelieProd\Equipexe\Exe\Senhas.exe,2425856,,2008-02-12T09:25:56
Senhas.exe,sinal-relacionado,EVariantInvalidNullOpError,D:\AtelieProd\Equipexe\Exe\Senhas.exe,2425856,,2008-02-12T09:25:56
Senhas.exe,sinal-relacionado,EInvalidOperation,D:\AtelieProd\Equipexe\Exe\Senhas.exe,2425856,,2008-02-12T09:25:56
Senhas.exe,sinal-relacionado,EInvalidGraphic,D:\AtelieProd\Equipexe\Exe\Senhas.exe,2425856,,2008-02-12T09:25:56
Senhas.exe,sinal-relacionado,EInvalidGraphicOperation,D:\AtelieProd\Equipexe\Exe\Senhas.exe,2425856,,2008-02-12T09:25:56
Senhas.exe,atualizacao,UpdateFont,D:\AtelieProd\Equipexe\Exe\Senhas.exe,2425856,,2008-02-12T09:25:56
Senhas.exe,sinal-relacionado,ofNoValidate,D:\AtelieProd\Equipexe\Exe\Senhas.exe,2425856,,2008-02-12T09:25:56
Senhas.exe,atualizacao,TConversion,D:\AtelieProd\Equipexe\Exe\Senhas.exe,2425856,,2008-02-12T09:25:56
Senhas.exe,atualizacao,TConversionFormat,D:\AtelieProd\Equipexe\Exe\Senhas.exe,2425856,,2008-02-12T09:25:56
Senhas.exe,autenticacao-permissao,PasswordChar,D:\AtelieProd\Equipexe\Exe\Senhas.exe,2425856,,2008-02-12T09:25:56
Senhas.exe,sinal-relacionado,TControlActionLink,D:\AtelieProd\Equipexe\Exe\Senhas.exe,2425856,,2008-02-12T09:25:56
Senhas.exe,sinal-relacionado,TWinControlActionLink,D:\AtelieProd\Equipexe\Exe\Senhas.exe,2425856,,2008-02-12T09:25:56
Senhas.exe,atualizacao,ImmGetConversionStatus,D:\AtelieProd\Equipexe\Exe\Senhas.exe,2425856,,2008-02-12T09:25:56
Senhas.exe,atualizacao,ImmSetConversionStatus,D:\AtelieProd\Equipexe\Exe\Senhas.exe,2425856,,2008-02-12T09:25:56
Senhas.exe,licenciamento,RegisterAutomation,D:\AtelieProd\Equipexe\Exe\Senhas.exe,2425856,,2008-02-12T09:25:56
Senhas.exe,atualizacao,EUpdateError,D:\AtelieProd\Equipexe\Exe\Senhas.exe,2425856,,2008-02-12T09:25:56
Senhas.exe,atualizacao,TUpdateAction,D:\AtelieProd\Equipexe\Exe\Senhas.exe,2425856,,2008-02-12T09:25:56
Senhas.exe,atualizacao,TUpdateMode,D:\AtelieProd\Equipexe\Exe\Senhas.exe,2425856,,2008-02-12T09:25:56
Senhas.exe,atualizacao,TUpdateKind,D:\AtelieProd\Equipexe\Exe\Senhas.exe,2425856,,2008-02-12T09:25:56
Senhas.exe,atualizacao,TUpdateErrorEvent,D:\AtelieProd\Equipexe\Exe\Senhas.exe,2425856,,2008-02-12T09:25:56
Senhas.exe,atualizacao,UpdateKind,D:\AtelieProd\Equipexe\Exe\Senhas.exe,2425856,,2008-02-12T09:25:56
Senhas.exe,atualizacao,UpdateAction,D:\AtelieProd\Equipexe\Exe\Senhas.exe,2425856,,2008-02-12T09:25:56
Senhas.exe,atualizacao,TUpdateRecordEvent,D:\AtelieProd\Equipexe\Exe\Senhas.exe,2425856,,2008-02-12T09:25:56
Senhas.exe,atualizacao,pfInUpdate,D:\AtelieProd\Equipexe\Exe\Senhas.exe,2425856,,2008-02-12T09:25:56
Senhas.exe,sinal-relacionado,OnValidate,D:\AtelieProd\Equipexe\Exe\Senhas.exe,2425856,,2008-02-12T09:25:56
Senhas.exe,atualizacao,OnUpdateData,D:\AtelieProd\Equipexe\Exe\Senhas.exe,2425856,,2008-02-12T09:25:56
Senhas.exe,atualizacao,UPDATE,D:\AtelieProd\Equipexe\Exe\Senhas.exe,2425856,,2008-02-12T09:25:56
Senhas.exe,autenticacao-permissao,TPasswordEvent,D:\AtelieProd\Equipexe\Exe\Senhas.exe,2425856,,2008-02-12T09:25:56
Senhas.exe,autenticacao-permissao,OnPassword$,D:\AtelieProd\Equipexe\Exe\Senhas.exe,2425856,,2008-02-12T09:25:56
Senhas.exe,atualizacao,TDataSetUpdateObject,D:\AtelieProd\Equipexe\Exe\Senhas.exe,2425856,,2008-02-12T09:25:56
Senhas.exe,atualizacao,TDataSetUpdateObjectH,D:\AtelieProd\Equipexe\Exe\Senhas.exe,2425856,,2008-02-12T09:25:56
Senhas.exe,atualizacao,CachedUpdates,D:\AtelieProd\Equipexe\Exe\Senhas.exe,2425856,,2008-02-12T09:25:56
Senhas.exe,atualizacao,OnUpdateError,D:\AtelieProd\Equipexe\Exe\Senhas.exe,2425856,,2008-02-12T09:25:56
Senhas.exe,atualizacao,OnUpdateRecordX,D:\AtelieProd\Equipexe\Exe\Senhas.exe,2425856,,2008-02-12T09:25:56
Senhas.exe,atualizacao,UpdateMode,D:\AtelieProd\Equipexe\Exe\Senhas.exe,2425856,,2008-02-12T09:25:56
Senhas.exe,atualizacao,UpdateObject,D:\AtelieProd\Equipexe\Exe\Senhas.exe,2425856,,2008-02-12T09:25:56
Senhas.exe,autenticacao-permissao,PASSWORD,D:\AtelieProd\Equipexe\Exe\Senhas.exe,2425856,,2008-02-12T09:25:56
Senhas.exe,sinal-relacionado,EInvalidGridOperation,D:\AtelieProd\Equipexe\Exe\Senhas.exe,2425856,,2008-02-12T09:25:56
Senhas.exe,autenticacao-permissao,Password ,D:\AtelieProd\Equipexe\Exe\Senhas.exe,2425856,,2008-02-12T09:25:56
Senhas.exe,autenticacao-permissao,TPasswordDialog,D:\AtelieProd\Equipexe\Exe\Senhas.exe,2425856,,2008-02-12T09:25:56
Senhas.exe,autenticacao-permissao,TPasswordDialog(<L,D:\AtelieProd\Equipexe\Exe\Senhas.exe,2425856,,2008-02-12T09:25:56
Senhas.exe,atualizacao,QRPreviewProgressUpdate,D:\AtelieProd\Equipexe\Exe\Senhas.exe,2425856,,2008-02-12T09:25:56
Senhas.exe,atualizacao,TQRProgressUpdateEvent,D:\AtelieProd\Equipexe\Exe\Senhas.exe,2425856,,2008-02-12T09:25:56
Senhas.exe,atualizacao,OnProgressUpdateT,D:\AtelieProd\Equipexe\Exe\Senhas.exe,2425856,,2008-02-12T09:25:56
Senhas.exe,autenticacao-permissao,CodUsuario,D:\AtelieProd\Equipexe\Exe\Senhas.exe,2425856,,2008-02-12T09:25:56
Senhas.exe,autenticacao-permissao,O Usuario ,D:\AtelieProd\Equipexe\Exe\Senhas.exe,2425856,,2008-02-12T09:25:56
Senhas.exe,licenciamento,"o Desbloqueada, Tente novamente",D:\AtelieProd\Equipexe\Exe\Senhas.exe,2425856,,2008-02-12T09:25:56
Senhas.exe,autenticacao-permissao,Senha Incorreta,D:\AtelieProd\Equipexe\Exe\Senhas.exe,2425856,,2008-02-12T09:25:56
Senhas.exe,licenciamento,> esta bloqueado-,D:\AtelieProd\Equipexe\Exe\Senhas.exe,2425856,,2008-02-12T09:25:56
Senhas.exe,autenticacao-permissao,:\EquipExe\EquSenha.Ini,D:\AtelieProd\Equipexe\Exe\Senhas.exe,2425856,,2008-02-12T09:25:56
Senhas.exe,autenticacao-permissao,C:\EquipExe\EquSenha.Ini,D:\AtelieProd\Equipexe\Exe\Senhas.exe,2425856,,2008-02-12T09:25:56
Senhas.exe,sinal-relacionado,Registro no tradu,D:\AtelieProd\Equipexe\Exe\Senhas.exe,2425856,,2008-02-12T09:25:56
Senhas.exe,licenciamento,DesbloqueiaTodasasFiliais1(,D:\AtelieProd\Equipexe\Exe\Senhas.exe,2425856,,2008-02-12T09:25:56
Senhas.exe,licenciamento,"BloqueiaTodasasFiliais1,",D:\AtelieProd\Equipexe\Exe\Senhas.exe,2425856,,2008-02-12T09:25:56
Senhas.exe,licenciamento,DesbloqueiaTodososSistemas18,D:\AtelieProd\Equipexe\Exe\Senhas.exe,2425856,,2008-02-12T09:25:56
Senhas.exe,licenciamento,BloqueiaTodososSistemas1<,D:\AtelieProd\Equipexe\Exe\Senhas.exe,2425856,,2008-02-12T09:25:56
Senhas.exe,autenticacao-permissao,Tb_TmpNivel@,D:\AtelieProd\Equipexe\Exe\Senhas.exe,2425856,,2008-02-12T09:25:56
Senhas.exe,autenticacao-permissao,Ed_CodUsuario,D:\AtelieProd\Equipexe\Exe\Senhas.exe,2425856,,2008-02-12T09:25:56
Senhas.exe,autenticacao-permissao,Ed_NomUsuario,D:\AtelieProd\Equipexe\Exe\Senhas.exe,2425856,,2008-02-12T09:25:56
Senhas.exe,autenticacao-permissao,CB_TipUsuario,D:\AtelieProd\Equipexe\Exe\Senhas.exe,2425856,,2008-02-12T09:25:56
Senhas.exe,autenticacao-permissao,CB_GruUsuario,D:\AtelieProd\Equipexe\Exe\Senhas.exe,2425856,,2008-02-12T09:25:56
Senhas.exe,autenticacao-permissao,Ed_Senha,D:\AtelieProd\Equipexe\Exe\Senhas.exe,2425856,,2008-02-12T09:25:56
Senhas.exe,licenciamento,BloqueiaTodasasOpes1,D:\AtelieProd\Equipexe\Exe\Senhas.exe,2425856,,2008-02-12T09:25:56
Senhas.exe,licenciamento,DesbloqueiatodasasOpes1,D:\AtelieProd\Equipexe\Exe\Senhas.exe,2425856,,2008-02-12T09:25:56
Senhas.exe,autenticacao-permissao,CB_CopUsuario,D:\AtelieProd\Equipexe\Exe\Senhas.exe,2425856,,2008-02-12T09:25:56
Senhas.exe,licenciamento,BloqTodos,D:\AtelieProd\Equipexe\Exe\Senhas.exe,2425856,,2008-02-12T09:25:56
Senhas.exe,autenticacao-permissao,CriaRegNivel,D:\AtelieProd\Equipexe\Exe\Senhas.exe,2425856,,2008-02-12T09:25:56
Senhas.exe,licenciamento,DesBloqTodos,D:\AtelieProd\Equipexe\Exe\Senhas.exe,2425856,,2008-02-12T09:25:56
Senhas.exe,autenticacao-permissao,Ed_CodUsuarioExit,D:\AtelieProd\Equipexe\Exe\Senhas.exe,2425856,,2008-02-12T09:25:56
Senhas.exe,autenticacao-permissao,Ed_CodUsuarioKeyPress,D:\AtelieProd\Equipexe\Exe\Senhas.exe,2425856,,2008-02-12T09:25:56
Senhas.exe,autenticacao-permissao,Ed_CodUsuarioEnter,D:\AtelieProd\Equipexe\Exe\Senhas.exe,2425856,,2008-02-12T09:25:56
Senhas.exe,autenticacao-permissao,CB_TipUsuarioExit,D:\AtelieProd\Equipexe\Exe\Senhas.exe,2425856,,2008-02-12T09:25:56
Senhas.exe,autenticacao-permissao,CB_GruUsuarioExit,D:\AtelieProd\Equipexe\Exe\Senhas.exe,2425856,,2008-02-12T09:25:56
Senhas.exe,autenticacao-permissao,Ed_NomUsuarioExit,D:\AtelieProd\Equipexe\Exe\Senhas.exe,2425856,,2008-02-12T09:25:56
Senhas.exe,licenciamento,BloqueiaTodasasFiliais1Click&,D:\AtelieProd\Equipexe\Exe\Senhas.exe,2425856,,2008-02-12T09:25:56
Senhas.exe,licenciamento,DesbloqueiaTodasasFiliais1Click,D:\AtelieProd\Equipexe\Exe\Senhas.exe,2425856,,2008-02-12T09:25:56
Senhas.exe,licenciamento,BloqueiaTodososSistemas1Click',D:\AtelieProd\Equipexe\Exe\Senhas.exe,2425856,,2008-02-12T09:25:56
Senhas.exe,licenciamento, DesbloqueiaTodososSistemas1Click,D:\AtelieProd\Equipexe\Exe\Senhas.exe,2425856,,2008-02-12T09:25:56
Senhas.exe,licenciamento,DesbloqueiatodasasOpes1Click ,D:\AtelieProd\Equipexe\Exe\Senhas.exe,2425856,,2008-02-12T09:25:56
Senhas.exe,licenciamento,BloqueiaTodasasOpes1Click,D:\AtelieProd\Equipexe\Exe\Senhas.exe,2425856,,2008-02-12T09:25:56
Senhas.exe,autenticacao-permissao,TUsuarios_FC,D:\AtelieProd\Equipexe\Exe\Senhas.exe,2425856,,2008-02-12T09:25:56
Senhas.exe,autenticacao-permissao,Usuarios_c,D:\AtelieProd\Equipexe\Exe\Senhas.exe,2425856,,2008-02-12T09:25:56
Senhas.exe,autenticacao-permissao,Usuarios n,D:\AtelieProd\Equipexe\Exe\Senhas.exe,2425856,,2008-02-12T09:25:56
Senhas.exe,autenticacao-permissao,"Senha vazia, informe a senha do usu",D:\AtelieProd\Equipexe\Exe\Senhas.exe,2425856,,2008-02-12T09:25:56
Senhas.exe,autenticacao-permissao,"O, sua senha n",D:\AtelieProd\Equipexe\Exe\Senhas.exe,2425856,,2008-02-12T09:25:56
Senhas.exe,autenticacao-permissao,NomUsuario,D:\AtelieProd\Equipexe\Exe\Senhas.exe,2425856,,2008-02-12T09:25:56
Senhas.exe,autenticacao-permissao,CopUsuario,D:\AtelieProd\Equipexe\Exe\Senhas.exe,2425856,,2008-02-12T09:25:56
Senhas.exe,autenticacao-permissao,TipUsuario,D:\AtelieProd\Equipexe\Exe\Senhas.exe,2425856,,2008-02-12T09:25:56
Senhas.exe,autenticacao-permissao,GruUsuario,D:\AtelieProd\Equipexe\Exe\Senhas.exe,2425856,,2008-02-12T09:25:56
Senhas.exe,autenticacao-permissao,Senha,D:\AtelieProd\Equipexe\Exe\Senhas.exe,2425856,,2008-02-12T09:25:56
Senhas.exe,autenticacao-permissao,"\Usuarios""  ",D:\AtelieProd\Equipexe\Exe\Senhas.exe,2425856,,2008-02-12T09:25:56
Senhas.exe,autenticacao-permissao,"Where (not(Cancelado=""S"")) And (not(TipUsuario=""C"")) ",D:\AtelieProd\Equipexe\Exe\Senhas.exe,2425856,,2008-02-12T09:25:56
Senhas.exe,autenticacao-permissao,Order By CodUsuario,D:\AtelieProd\Equipexe\Exe\Senhas.exe,2425856,,2008-02-12T09:25:56
Senhas.exe,autenticacao-permissao,TmpNivel,D:\AtelieProd\Equipexe\Exe\Senhas.exe,2425856,,2008-02-12T09:25:56
Senhas.exe,sinal-relacionado,Chave,D:\AtelieProd\Equipexe\Exe\Senhas.exe,2425856,,2008-02-12T09:25:56
Senhas.exe,autenticacao-permissao,iCodUsuario,D:\AtelieProd\Equipexe\Exe\Senhas.exe,2425856,,2008-02-12T09:25:56
Senhas.exe,autenticacao-permissao,ResUsuario,D:\AtelieProd\Equipexe\Exe\Senhas.exe,2425856,,2008-02-12T09:25:56
Senhas.exe,autenticacao-permissao,Grupo Inv,D:\AtelieProd\Equipexe\Exe\Senhas.exe,2425856,,2008-02-12T09:25:56
Senhas.exe,autenticacao-permissao,Im_Senha,D:\AtelieProd\Equipexe\Exe\Senhas.exe,2425856,,2008-02-12T09:25:56
Senhas.exe,autenticacao-permissao,Lb_TitSenha,D:\AtelieProd\Equipexe\Exe\Senhas.exe,2425856,,2008-02-12T09:25:56
Senhas.exe,autenticacao-permissao,Ed_SenhaKeyPress,D:\AtelieProd\Equipexe\Exe\Senhas.exe,2425856,,2008-02-12T09:25:56
Senhas.exe,autenticacao-permissao,TDigitaSenha_FC,D:\AtelieProd\Equipexe\Exe\Senhas.exe,2425856,,2008-02-12T09:25:56
Senhas.exe,autenticacao-permissao,TDigitaSenha_FCx,D:\AtelieProd\Equipexe\Exe\Senhas.exe,2425856,,2008-02-12T09:25:56
Senhas.exe,autenticacao-permissao,DigitaSenha_c,D:\AtelieProd\Equipexe\Exe\Senhas.exe,2425856,,2008-02-12T09:25:56
Senhas.exe,autenticacao-permissao,Tb_Usuarios,D:\AtelieProd\Equipexe\Exe\Senhas.exe,2425856,,2008-02-12T09:25:56
Senhas.exe,autenticacao-permissao,DS_Usuarios ,D:\AtelieProd\Equipexe\Exe\Senhas.exe,2425856,,2008-02-12T09:25:56
Senhas.exe,autenticacao-permissao,DBLCB_CodUsuario(,D:\AtelieProd\Equipexe\Exe\Senhas.exe,2425856,,2008-02-12T09:25:56
Senhas.exe,autenticacao-permissao,Tb_UsuariosCodUsuario0,D:\AtelieProd\Equipexe\Exe\Senhas.exe,2425856,,2008-02-12T09:25:56
Senhas.exe,autenticacao-permissao,Tb_UsuariosNomUsuario4,D:\AtelieProd\Equipexe\Exe\Senhas.exe,2425856,,2008-02-12T09:25:56
Senhas.exe,autenticacao-permissao,Tb_UsuariosGruUsuario8,D:\AtelieProd\Equipexe\Exe\Senhas.exe,2425856,,2008-02-12T09:25:56
Senhas.exe,autenticacao-permissao,Tb_UsuariosTipUsuario<,D:\AtelieProd\Equipexe\Exe\Senhas.exe,2425856,,2008-02-12T09:25:56
Senhas.exe,autenticacao-permissao,Tb_UsuariosSenha@,D:\AtelieProd\Equipexe\Exe\Senhas.exe,2425856,,2008-02-12T09:25:56
Senhas.exe,autenticacao-permissao,AbreCadUsuarios,D:\AtelieProd\Equipexe\Exe\Senhas.exe,2425856,,2008-02-12T09:25:56
Senhas.exe,autenticacao-permissao,ConfigUsuario,D:\AtelieProd\Equipexe\Exe\Senhas.exe,2425856,,2008-02-12T09:25:56
Senhas.exe,autenticacao-permissao,SenhaEnabled,D:\AtelieProd\Equipexe\Exe\Senhas.exe,2425856,,2008-02-12T09:25:56
Senhas.exe,autenticacao-permissao,DBLCB_CodUsuarioDropDown,D:\AtelieProd\Equipexe\Exe\Senhas.exe,2425856,,2008-02-12T09:25:56
Senhas.exe,autenticacao-permissao,DBLCB_CodUsuarioEnter,D:\AtelieProd\Equipexe\Exe\Senhas.exe,2425856,,2008-02-12T09:25:56
Senhas.exe,autenticacao-permissao,DBLCB_CodUsuarioExit,D:\AtelieProd\Equipexe\Exe\Senhas.exe,2425856,,2008-02-12T09:25:56
Senhas.exe,autenticacao-permissao,DBLCB_CodUsuarioKeyPress,D:\AtelieProd\Equipexe\Exe\Senhas.exe,2425856,,2008-02-12T09:25:56
Senhas.exe,autenticacao-permissao,Ed_SenhaExit,D:\AtelieProd\Equipexe\Exe\Senhas.exe,2425856,,2008-02-12T09:25:56
Senhas.exe,autenticacao-permissao,Ed_SenhaEnter,D:\AtelieProd\Equipexe\Exe\Senhas.exe,2425856,,2008-02-12T09:25:56
Senhas.exe,autenticacao-permissao,TF_Senha,D:\AtelieProd\Equipexe\Exe\Senhas.exe,2425856,,2008-02-12T09:25:56
Senhas.exe,autenticacao-permissao,SENHA,D:\AtelieProd\Equipexe\Exe\Senhas.exe,2425856,,2008-02-12T09:25:56
Senhas.exe,autenticacao-permissao,ENTRADA NO SISTEMA - DIGITADA SENHA,D:\AtelieProd\Equipexe\Exe\Senhas.exe,2425856,,2008-02-12T09:25:56
Senhas.exe,autenticacao-permissao,Usuarios,D:\AtelieProd\Equipexe\Exe\Senhas.exe,2425856,,2008-02-12T09:25:56
Senhas.exe,autenticacao-permissao,(not(TipUsuario = 'P')) And (not(TipUsuario = 'C')),D:\AtelieProd\Equipexe\Exe\Senhas.exe,2425856,,2008-02-12T09:25:56
Senhas.exe,autenticacao-permissao,SENHAS,D:\AtelieProd\Equipexe\Exe\Senhas.exe,2425856,,2008-02-12T09:25:56
Senhas.exe,sinal-relacionado,QRL_TotRegistros`,D:\AtelieProd\Equipexe\Exe\Senhas.exe,2425856,,2008-02-12T09:25:56
Senhas.exe,sinal-relacionado,Registro inv,D:\AtelieProd\Equipexe\Exe\Senhas.exe,2425856,,2008-02-12T09:25:56
Senhas.exe,sinal-relacionado,Registro Cancelado,D:\AtelieProd\Equipexe\Exe\Senhas.exe,2425856,,2008-02-12T09:25:56
Senhas.exe,sinal-relacionado,Recupera Registro Cancelado,D:\AtelieProd\Equipexe\Exe\Senhas.exe,2425856,,2008-02-12T09:25:56
Senhas.exe,autenticacao-permissao,DS_Usuarios,D:\AtelieProd\Equipexe\Exe\Senhas.exe,2425856,,2008-02-12T09:25:56
Senhas.exe,autenticacao-permissao,DBG_Usuario,D:\AtelieProd\Equipexe\Exe\Senhas.exe,2425856,,2008-02-12T09:25:56
Senhas.exe,autenticacao-permissao,MainM_Usuarios,D:\AtelieProd\Equipexe\Exe\Senhas.exe,2425856,,2008-02-12T09:25:56
Senhas.exe,autenticacao-permissao,Tb_Usuarios ,D:\AtelieProd\Equipexe\Exe\Senhas.exe,2425856,,2008-02-12T09:25:56
Senhas.exe,autenticacao-permissao,MudaSenha10,D:\AtelieProd\Equipexe\Exe\Senhas.exe,2425856,,2008-02-12T09:25:56
Senhas.exe,autenticacao-permissao,LB_CodLegUsuario<,D:\AtelieProd\Equipexe\Exe\Senhas.exe,2425856,,2008-02-12T09:25:56
Senhas.exe,autenticacao-permissao,LB_LegUsuario@,D:\AtelieProd\Equipexe\Exe\Senhas.exe,2425856,,2008-02-12T09:25:56
Senhas.exe,autenticacao-permissao,Tb_UsuariosCodUsuarioT,D:\AtelieProd\Equipexe\Exe\Senhas.exe,2425856,,2008-02-12T09:25:56
Senhas.exe,autenticacao-permissao,Tb_UsuariosNomUsuarioX,D:\AtelieProd\Equipexe\Exe\Senhas.exe,2425856,,2008-02-12T09:25:56
Senhas.exe,autenticacao-permissao,Tb_UsuariosGruUsuario\,D:\AtelieProd\Equipexe\Exe\Senhas.exe,2425856,,2008-02-12T09:25:56
Senhas.exe,autenticacao-permissao,Tb_UsuariosTipUsuario`,D:\AtelieProd\Equipexe\Exe\Senhas.exe,2425856,,2008-02-12T09:25:56
Senhas.exe,autenticacao-permissao,Tb_UsuariosSenhad,D:\AtelieProd\Equipexe\Exe\Senhas.exe,2425856,,2008-02-12T09:25:56
Senhas.exe,autenticacao-permissao,Tb_UsuariosDatCadh,D:\AtelieProd\Equipexe\Exe\Senhas.exe,2425856,,2008-02-12T09:25:56
Senhas.exe,autenticacao-permissao,Tb_UsuariosCanceladol,D:\AtelieProd\Equipexe\Exe\Senhas.exe,2425856,,2008-02-12T09:25:56
Senhas.exe,autenticacao-permissao,Senha1t,D:\AtelieProd\Equipexe\Exe\Senhas.exe,2425856,,2008-02-12T09:25:56
Senhas.exe,atualizacao,Tb_SistemasVersao,D:\AtelieProd\Equipexe\Exe\Senhas.exe,2425856,,2008-02-12T09:25:56
Senhas.exe,autenticacao-permissao,Tb_Nivel,D:\AtelieProd\Equipexe\Exe\Senhas.exe,2425856,,2008-02-12T09:25:56
Senhas.exe,autenticacao-permissao,Tb_SistemasControlaSenha,D:\AtelieProd\Equipexe\Exe\Senhas.exe,2425856,,2008-02-12T09:25:56
Senhas.exe,autenticacao-permissao,Tb_UsuariosCopUsuario$,D:\AtelieProd\Equipexe\Exe\Senhas.exe,2425856,,2008-02-12T09:25:56
Senhas.exe,autenticacao-permissao,"CadastrodeGrupodeUsurios1,",D:\AtelieProd\Equipexe\Exe\Senhas.exe,2425856,,2008-02-12T09:25:56
Senhas.exe,autenticacao-permissao,Lb_F9Senhal,D:\AtelieProd\Equipexe\Exe\Senhas.exe,2425856,,2008-02-12T09:25:56
Senhas.exe,autenticacao-permissao,Sb_Senha,D:\AtelieProd\Equipexe\Exe\Senhas.exe,2425856,,2008-02-12T09:25:56
Senhas.exe,autenticacao-permissao,AbreArqSenhas,D:\AtelieProd\Equipexe\Exe\Senhas.exe,2425856,,2008-02-12T09:25:56
Senhas.exe,autenticacao-permissao,DBG_UsuarioKeyPress,D:\AtelieProd\Equipexe\Exe\Senhas.exe,2425856,,2008-02-12T09:25:56
Senhas.exe,autenticacao-permissao,MudaSenha1Click,D:\AtelieProd\Equipexe\Exe\Senhas.exe,2425856,,2008-02-12T09:25:56
Senhas.exe,autenticacao-permissao,DBG_UsuarioDrawDataCell,D:\AtelieProd\Equipexe\Exe\Senhas.exe,2425856,,2008-02-12T09:25:56
Senhas.exe,autenticacao-permissao,Sb_SenhaClick,D:\AtelieProd\Equipexe\Exe\Senhas.exe,2425856,,2008-02-12T09:25:56
Senhas.exe,autenticacao-permissao,DBG_UsuarioDblClick%,D:\AtelieProd\Equipexe\Exe\Senhas.exe,2425856,,2008-02-12T09:25:56
Senhas.exe,autenticacao-permissao,CadastrodeGrupodeUsurios1Click,D:\AtelieProd\Equipexe\Exe\Senhas.exe,2425856,,2008-02-12T09:25:56
Senhas.exe,autenticacao-permissao,TUsuarios_FM,D:\AtelieProd\Equipexe\Exe\Senhas.exe,2425856,,2008-02-12T09:25:56
Senhas.exe,autenticacao-permissao,Usuarios_mc,D:\AtelieProd\Equipexe\Exe\Senhas.exe,2425856,,2008-02-12T09:25:56
Senhas.exe,autenticacao-permissao,(ControlaSenha='S'),D:\AtelieProd\Equipexe\Exe\Senhas.exe,2425856,,2008-02-12T09:25:56
Senhas.exe,autenticacao-permissao,Nivel,D:\AtelieProd\Equipexe\Exe\Senhas.exe,2425856,,2008-02-12T09:25:56
Senhas.exe,autenticacao-permissao,Digite a sua Senha Atual,D:\AtelieProd\Equipexe\Exe\Senhas.exe,2425856,,2008-02-12T09:25:56
Senhas.exe,autenticacao-permissao,Senha n,D:\AtelieProd\Equipexe\Exe\Senhas.exe,2425856,,2008-02-12T09:25:56
Senhas.exe,autenticacao-permissao,Digite a sua Nova Senha,D:\AtelieProd\Equipexe\Exe\Senhas.exe,2425856,,2008-02-12T09:25:56
Senhas.exe,autenticacao-permissao,a da Senha,D:\AtelieProd\Equipexe\Exe\Senhas.exe,2425856,,2008-02-12T09:25:56
Senhas.exe,autenticacao-permissao,"Senha Gravada com Sucesso, Tecle Enter para Continuar",D:\AtelieProd\Equipexe\Exe\Senhas.exe,2425856,,2008-02-12T09:25:56
Senhas.exe,autenticacao-permissao,Cadastro de Grupo de Usu,D:\AtelieProd\Equipexe\Exe\Senhas.exe,2425856,,2008-02-12T09:25:56
Senhas.exe,autenticacao-permissao,Grupo de Usu,D:\AtelieProd\Equipexe\Exe\Senhas.exe,2425856,,2008-02-12T09:25:56
Senhas.exe,autenticacao-permissao,Sistema de Gerenciamento de Senhas,D:\AtelieProd\Equipexe\Exe\Senhas.exe,2425856,,2008-02-12T09:25:56
Senhas.exe,atualizacao,GetVersion,D:\AtelieProd\Equipexe\Exe\Senhas.exe,2425856,,2008-02-12T09:25:56
Senhas.exe,atualizacao,GetVersionExA,D:\AtelieProd\Equipexe\Exe\Senhas.exe,2425856,,2008-02-12T09:25:56
Senhas.exe,atualizacao,version.dll,D:\AtelieProd\Equipexe\Exe\Senhas.exe,2425856,,2008-02-12T09:25:56
Senhas.exe,atualizacao,GetFileVersionInfoSizeA,D:\AtelieProd\Equipexe\Exe\Senhas.exe,2425856,,2008-02-12T09:25:56
Senhas.exe,atualizacao,GetFileVersionInfoA,D:\AtelieProd\Equipexe\Exe\Senhas.exe,2425856,,2008-02-12T09:25:56
Senhas.exe,sinal-relacionado,ValidateRect,D:\AtelieProd\Equipexe\Exe\Senhas.exe,2425856,,2008-02-12T09:25:56
Senhas.exe,atualizacao,UpdateWindow,D:\AtelieProd\Equipexe\Exe\Senhas.exe,2425856,,2008-02-12T09:25:56
Senhas.exe,licenciamento,UnregisterClassA,D:\AtelieProd\Equipexe\Exe\Senhas.exe,2425856,,2008-02-12T09:25:56
Senhas.exe,licenciamento,RegisterWindowMessageA,D:\AtelieProd\Equipexe\Exe\Senhas.exe,2425856,,2008-02-12T09:25:56
Senhas.exe,licenciamento,RegisterClipboardFormatA,D:\AtelieProd\Equipexe\Exe\Senhas.exe,2425856,,2008-02-12T09:25:56
Senhas.exe,licenciamento,RegisterClassA,D:\AtelieProd\Equipexe\Exe\Senhas.exe,2425856,,2008-02-12T09:25:56
Senhas.exe,sinal-relacionado,InvalidateRect,D:\AtelieProd\Equipexe\Exe\Senhas.exe,2425856,,2008-02-12T09:25:56
Senhas.exe,autenticacao-permissao,Senhas,D:\AtelieProd\Equipexe\Exe\Senhas.exe,2425856,,2008-02-12T09:25:56
Senhas.exe,autenticacao-permissao,UsuariosAv_c,D:\AtelieProd\Equipexe\Exe\Senhas.exe,2425856,,2008-02-12T09:25:56
Senhas.exe,autenticacao-permissao,VUsuarios_c,D:\AtelieProd\Equipexe\Exe\Senhas.exe,2425856,,2008-02-12T09:25:56
Senhas.exe,comunicacao-remota,?WinInet,D:\AtelieProd\Equipexe\Exe\Senhas.exe,2425856,,2008-02-12T09:25:56
Senhas.exe,sinal-relacionado,UrlMon,D:\AtelieProd\Equipexe\Exe\Senhas.exe,2425856,,2008-02-12T09:25:56
Senhas.exe,autenticacao-permissao,c_DigitaSenha,D:\AtelieProd\Equipexe\Exe\Senhas.exe,2425856,,2008-02-12T09:25:56
Senhas.exe,autenticacao-permissao,DigitaSenha_FC,D:\AtelieProd\Equipexe\Exe\Senhas.exe,2425856,,2008-02-12T09:25:56
Senhas.exe,autenticacao-permissao,|Senha do usu,D:\AtelieProd\Equipexe\Exe\Senhas.exe,2425856,,2008-02-12T09:25:56
Senhas.exe,sinal-relacionado,urlTEXT,D:\AtelieProd\Equipexe\Exe\Senhas.exe,2425856,,2008-02-12T09:25:56
Senhas.exe,comunicacao-remota,Hhttp://ns.adobe.com/xap/1.0/,D:\AtelieProd\Equipexe\Exe\Senhas.exe,2425856,,2008-02-12T09:25:56
Senhas.exe,comunicacao-remota,<rdf:RDF xmlns:rdf='http://www.w3.org/1999/02/22-rdf-syntax-ns#' xmlns:iX='http://ns.adobe.com/iX/1.0/'>,D:\AtelieProd\Equipexe\Exe\Senhas.exe,2425856,,2008-02-12T09:25:56
Senhas.exe,comunicacao-remota,  xmlns:xapMM='http://ns.adobe.com/xap/1.0/mm/'>,D:\AtelieProd\Equipexe\Exe\Senhas.exe,2425856,,2008-02-12T09:25:56
Senhas.exe,autenticacao-permissao,TFC_DigSenha,D:\AtelieProd\Equipexe\Exe\Senhas.exe,2425856,,2008-02-12T09:25:56
Senhas.exe,autenticacao-permissao,FC_DigSenha,D:\AtelieProd\Equipexe\Exe\Senhas.exe,2425856,,2008-02-12T09:25:56
Senhas.exe,autenticacao-permissao,F_Senha,D:\AtelieProd\Equipexe\Exe\Senhas.exe,2425856,,2008-02-12T09:25:56
Senhas.exe,autenticacao-permissao,DBLCB_CodUsuario,D:\AtelieProd\Equipexe\Exe\Senhas.exe,2425856,,2008-02-12T09:25:56
Senhas.exe,autenticacao-permissao,CodUsuario;NomUsuario,D:\AtelieProd\Equipexe\Exe\Senhas.exe,2425856,,2008-02-12T09:25:56
Senhas.exe,autenticacao-permissao,Tb_UsuariosCodUsuario,D:\AtelieProd\Equipexe\Exe\Senhas.exe,2425856,,2008-02-12T09:25:56
Senhas.exe,autenticacao-permissao,Tb_UsuariosNomUsuario,D:\AtelieProd\Equipexe\Exe\Senhas.exe,2425856,,2008-02-12T09:25:56
Senhas.exe,autenticacao-permissao,Tb_UsuariosGruUsuario,D:\AtelieProd\Equipexe\Exe\Senhas.exe,2425856,,2008-02-12T09:25:56
Senhas.exe,autenticacao-permissao,Tb_UsuariosTipUsuario,D:\AtelieProd\Equipexe\Exe\Senhas.exe,2425856,,2008-02-12T09:25:56
Senhas.exe,autenticacao-permissao,Tb_UsuariosSenha,D:\AtelieProd\Equipexe\Exe\Senhas.exe,2425856,,2008-02-12T09:25:56
Senhas.exe,autenticacao-permissao,Password,D:\AtelieProd\Equipexe\Exe\Senhas.exe,2425856,,2008-02-12T09:25:56
Senhas.exe,autenticacao-permissao,&Password:,D:\AtelieProd\Equipexe\Exe\Senhas.exe,2425856,,2008-02-12T09:25:56
Senhas.exe,autenticacao-permissao,PasswordDialog,D:\AtelieProd\Equipexe\Exe\Senhas.exe,2425856,,2008-02-12T09:25:56
Senhas.exe,autenticacao-permissao,Enter password,D:\AtelieProd\Equipexe\Exe\Senhas.exe,2425856,,2008-02-12T09:25:56
Senhas.exe,atualizacao,Version 3.0,D:\AtelieProd\Equipexe\Exe\Senhas.exe,2425856,,2008-02-12T09:25:56
Senhas.exe,atualizacao,MOrder QuickReport 3.0 Professional or download free updates from our web site,D:\AtelieProd\Equipexe\Exe\Senhas.exe,2425856,,2008-02-12T09:25:56
Senhas.exe,comunicacao-remota,http://www.qusoft.com,D:\AtelieProd\Equipexe\Exe\Senhas.exe,2425856,,2008-02-12T09:25:56
Senhas.exe,sinal-relacionado,ValidateBtn,D:\AtelieProd\Equipexe\Exe\Senhas.exe,2425856,,2008-02-12T09:25:56
Senhas.exe,sinal-relacionado,Valida&te,D:\AtelieProd\Equipexe\Exe\Senhas.exe,2425856,,2008-02-12T09:25:56
Senhas.exe,sinal-relacionado,ValidateBtnClick,D:\AtelieProd\Equipexe\Exe\Senhas.exe,2425856,,2008-02-12T09:25:56
Senhas.exe,sinal-relacionado,Total de Registros:,D:\AtelieProd\Equipexe\Exe\Senhas.exe,2425856,,2008-02-12T09:25:56
Senhas.exe,sinal-relacionado,QRL_TotRegistros,D:\AtelieProd\Equipexe\Exe\Senhas.exe,2425856,,2008-02-12T09:25:56
Senhas.exe,atualizacao,OnProgressUpdate,D:\AtelieProd\Equipexe\Exe\Senhas.exe,2425856,,2008-02-12T09:25:56
Senhas.exe,autenticacao-permissao,TUsuariosAv_FC,D:\AtelieProd\Equipexe\Exe\Senhas.exe,2425856,,2008-02-12T09:25:56
Senhas.exe,autenticacao-permissao,UsuariosAv_FC,D:\AtelieProd\Equipexe\Exe\Senhas.exe,2425856,,2008-02-12T09:25:56
Senhas.exe,licenciamento,Marca para bloquear o Sistema,D:\AtelieProd\Equipexe\Exe\Senhas.exe,2425856,,2008-02-12T09:25:56
Senhas.exe,licenciamento,Desmarca o bloquear do Sistema,D:\AtelieProd\Equipexe\Exe\Senhas.exe,2425856,,2008-02-12T09:25:56
Senhas.exe,autenticacao-permissao,Usuarios_FC,D:\AtelieProd\Equipexe\Exe\Senhas.exe,2425856,,2008-02-12T09:25:56
Senhas.exe,autenticacao-permissao,Usuarios_FM.DS_Sistemas,D:\AtelieProd\Equipexe\Exe\Senhas.exe,2425856,,2008-02-12T09:25:56
Senhas.exe,licenciamento,"""Marca/Desmarca bloqueio do Sistema",D:\AtelieProd\Equipexe\Exe\Senhas.exe,2425856,,2008-02-12T09:25:56
Senhas.exe,licenciamento,Marca/Desmarca bloqueio as op,D:\AtelieProd\Equipexe\Exe\Senhas.exe,2425856,,2008-02-12T09:25:56
Senhas.exe,autenticacao-permissao,Grupo,D:\AtelieProd\Equipexe\Exe\Senhas.exe,2425856,,2008-02-12T09:25:56
Senhas.exe,autenticacao-permissao,Usuarios_FM.DS_GruOp,D:\AtelieProd\Equipexe\Exe\Senhas.exe,2425856,,2008-02-12T09:25:56
Senhas.exe,autenticacao-permissao,Usuarios_FM.DS_Janelas,D:\AtelieProd\Equipexe\Exe\Senhas.exe,2425856,,2008-02-12T09:25:56
Senhas.exe,autenticacao-permissao,Usuarios_FM.DS_Op,D:\AtelieProd\Equipexe\Exe\Senhas.exe,2425856,,2008-02-12T09:25:56
Senhas.exe,autenticacao-permissao,Usuarios_FM.DS_Filiais,D:\AtelieProd\Equipexe\Exe\Senhas.exe,2425856,,2008-02-12T09:25:56
Senhas.exe,licenciamento,&Marca/Desmarca para bloqueio da Filial,D:\AtelieProd\Equipexe\Exe\Senhas.exe,2425856,,2008-02-12T09:25:56
Senhas.exe,autenticacao-permissao,Grupos,D:\AtelieProd\Equipexe\Exe\Senhas.exe,2425856,,2008-02-12T09:25:56
Senhas.exe,autenticacao-permissao,Marca/Desmarca Grupo de Usu,D:\AtelieProd\Equipexe\Exe\Senhas.exe,2425856,,2008-02-12T09:25:56
Senhas.exe,autenticacao-permissao,Grupos de Usu,D:\AtelieProd\Equipexe\Exe\Senhas.exe,2425856,,2008-02-12T09:25:56
Senhas.exe,autenticacao-permissao,Usuarios_FM.DS_UsuaGru,D:\AtelieProd\Equipexe\Exe\Senhas.exe,2425856,,2008-02-12T09:25:56
Senhas.exe,autenticacao-permissao,Senha do usu,D:\AtelieProd\Equipexe\Exe\Senhas.exe,2425856,,2008-02-12T09:25:56
Senhas.exe,licenciamento,Bloqueado,D:\AtelieProd\Equipexe\Exe\Senhas.exe,2425856,,2008-02-12T09:25:56
Senhas.exe,licenciamento,BloqueiaTodasasFiliais1,D:\AtelieProd\Equipexe\Exe\Senhas.exe,2425856,,2008-02-12T09:25:56
Senhas.exe,licenciamento,&Bloqueia Todas as Filiais,D:\AtelieProd\Equipexe\Exe\Senhas.exe,2425856,,2008-02-12T09:25:56
Senhas.exe,licenciamento,BloqueiaTodasasFiliais1Click,D:\AtelieProd\Equipexe\Exe\Senhas.exe,2425856,,2008-02-12T09:25:56
Senhas.exe,licenciamento,DesbloqueiaTodasasFiliais1,D:\AtelieProd\Equipexe\Exe\Senhas.exe,2425856,,2008-02-12T09:25:56
Senhas.exe,licenciamento,&Desbloqueia Todas as Filiais,D:\AtelieProd\Equipexe\Exe\Senhas.exe,2425856,,2008-02-12T09:25:56
Senhas.exe,licenciamento,BloqueiaTodososSistemas1,D:\AtelieProd\Equipexe\Exe\Senhas.exe,2425856,,2008-02-12T09:25:56
Senhas.exe,licenciamento,&Bloqueia Todos os Sistemas,D:\AtelieProd\Equipexe\Exe\Senhas.exe,2425856,,2008-02-12T09:25:56
EquConfig.exe,sinal-relacionado,EInvalidOp,D:\AtelieProd\Equipexe\Exe\EquConfig.exe,508928,,2005-05-24T09:22:00
EquConfig.exe,sinal-relacionado,EInvalidPointer<w@,D:\AtelieProd\Equipexe\Exe\EquConfig.exe,508928,,2005-05-24T09:22:00
EquConfig.exe,sinal-relacionado,EInvalidCast,D:\AtelieProd\Equipexe\Exe\EquConfig.exe,508928,,2005-05-24T09:22:00
EquConfig.exe,sinal-relacionado,EVariantInvalidOpError,D:\AtelieProd\Equipexe\Exe\EquConfig.exe,508928,,2005-05-24T09:22:00
EquConfig.exe,sinal-relacionado,EVariantInvalidArgError@,D:\AtelieProd\Equipexe\Exe\EquConfig.exe,508928,,2005-05-24T09:22:00
EquConfig.exe,sinal-relacionado,EInvalidOperation,D:\AtelieProd\Equipexe\Exe\EquConfig.exe,508928,,2005-05-24T09:22:00
EquConfig.exe,sinal-relacionado,EInvalidGraphic,D:\AtelieProd\Equipexe\Exe\EquConfig.exe,508928,,2005-05-24T09:22:00
EquConfig.exe,sinal-relacionado,EInvalidGraphicOperation,D:\AtelieProd\Equipexe\Exe\EquConfig.exe,508928,,2005-05-24T09:22:00
EquConfig.exe,atualizacao,TConversion ,D:\AtelieProd\Equipexe\Exe\EquConfig.exe,508928,,2005-05-24T09:22:00
EquConfig.exe,atualizacao,TConversionFormat,D:\AtelieProd\Equipexe\Exe\EquConfig.exe,508928,,2005-05-24T09:22:00
EquConfig.exe,sinal-relacionado,TControlActionLink,D:\AtelieProd\Equipexe\Exe\EquConfig.exe,508928,,2005-05-24T09:22:00
EquConfig.exe,sinal-relacionado,TWinControlActionLink,D:\AtelieProd\Equipexe\Exe\EquConfig.exe,508928,,2005-05-24T09:22:00
EquConfig.exe,atualizacao,ImmGetConversionStatus,D:\AtelieProd\Equipexe\Exe\EquConfig.exe,508928,,2005-05-24T09:22:00
EquConfig.exe,atualizacao,ImmSetConversionStatus,D:\AtelieProd\Equipexe\Exe\EquConfig.exe,508928,,2005-05-24T09:22:00
EquConfig.exe,licenciamento,RegisterAutomation,D:\AtelieProd\Equipexe\Exe\EquConfig.exe,508928,,2005-05-24T09:22:00
EquConfig.exe,atualizacao,GetVersion,D:\AtelieProd\Equipexe\Exe\EquConfig.exe,508928,,2005-05-24T09:22:00
EquConfig.exe,atualizacao,GetVersionExA,D:\AtelieProd\Equipexe\Exe\EquConfig.exe,508928,,2005-05-24T09:22:00
EquConfig.exe,atualizacao,version.dll,D:\AtelieProd\Equipexe\Exe\EquConfig.exe,508928,,2005-05-24T09:22:00
EquConfig.exe,atualizacao,GetFileVersionInfoSizeA,D:\AtelieProd\Equipexe\Exe\EquConfig.exe,508928,,2005-05-24T09:22:00
EquConfig.exe,atualizacao,GetFileVersionInfoA,D:\AtelieProd\Equipexe\Exe\EquConfig.exe,508928,,2005-05-24T09:22:00
EquConfig.exe,atualizacao,UpdateWindow,D:\AtelieProd\Equipexe\Exe\EquConfig.exe,508928,,2005-05-24T09:22:00
EquConfig.exe,licenciamento,UnregisterClassA,D:\AtelieProd\Equipexe\Exe\EquConfig.exe,508928,,2005-05-24T09:22:00
EquConfig.exe,licenciamento,RegisterWindowMessageA,D:\AtelieProd\Equipexe\Exe\EquConfig.exe,508928,,2005-05-24T09:22:00
EquConfig.exe,licenciamento,RegisterClipboardFormatA,D:\AtelieProd\Equipexe\Exe\EquConfig.exe,508928,,2005-05-24T09:22:00
EquConfig.exe,licenciamento,RegisterClassA,D:\AtelieProd\Equipexe\Exe\EquConfig.exe,508928,,2005-05-24T09:22:00
EquConfig.exe,sinal-relacionado,InvalidateRect,D:\AtelieProd\Equipexe\Exe\EquConfig.exe,508928,,2005-05-24T09:22:00
EquConfig.exe,comunicacao-remota,?WinInet,D:\AtelieProd\Equipexe\Exe\EquConfig.exe,508928,,2005-05-24T09:22:00
EquConfig.exe,sinal-relacionado,UrlMon,D:\AtelieProd\Equipexe\Exe\EquConfig.exe,508928,,2005-05-24T09:22:00
EquEstruAtu.exe,sinal-relacionado,EInvalidOp,D:\AtelieProd\Equipexe\Exe\EquEstruAtu.exe,3743232,,2017-03-30T09:07:14
EquEstruAtu.exe,sinal-relacionado,EInvalidPointer,D:\AtelieProd\Equipexe\Exe\EquEstruAtu.exe,3743232,,2017-03-30T09:07:14
EquEstruAtu.exe,sinal-relacionado,EInvalidCast,D:\AtelieProd\Equipexe\Exe\EquEstruAtu.exe,3743232,,2017-03-30T09:07:14
EquEstruAtu.exe,sinal-relacionado,EVariantInvalidOpError,D:\AtelieProd\Equipexe\Exe\EquEstruAtu.exe,3743232,,2017-03-30T09:07:14
EquEstruAtu.exe,sinal-relacionado,EVariantInvalidArgError !A,D:\AtelieProd\Equipexe\Exe\EquEstruAtu.exe,3743232,,2017-03-30T09:07:14
EquEstruAtu.exe,sinal-relacionado,EVariantInvalidNullOpError,D:\AtelieProd\Equipexe\Exe\EquEstruAtu.exe,3743232,,2017-03-30T09:07:14
EquEstruAtu.exe,sinal-relacionado,EInvalidOperation,D:\AtelieProd\Equipexe\Exe\EquEstruAtu.exe,3743232,,2017-03-30T09:07:14
EquEstruAtu.exe,sinal-relacionado,EInvalidGraphic,D:\AtelieProd\Equipexe\Exe\EquEstruAtu.exe,3743232,,2017-03-30T09:07:14
EquEstruAtu.exe,sinal-relacionado,EInvalidGraphicOperation,D:\AtelieProd\Equipexe\Exe\EquEstruAtu.exe,3743232,,2017-03-30T09:07:14
EquEstruAtu.exe,atualizacao,UpdateFont,D:\AtelieProd\Equipexe\Exe\EquEstruAtu.exe,3743232,,2017-03-30T09:07:14
EquEstruAtu.exe,sinal-relacionado,ofNoValidate,D:\AtelieProd\Equipexe\Exe\EquEstruAtu.exe,3743232,,2017-03-30T09:07:14
EquEstruAtu.exe,autenticacao-permissao,PasswordChar,D:\AtelieProd\Equipexe\Exe\EquEstruAtu.exe,3743232,,2017-03-30T09:07:14
EquEstruAtu.exe,atualizacao,TConversion,D:\AtelieProd\Equipexe\Exe\EquEstruAtu.exe,3743232,,2017-03-30T09:07:14
EquEstruAtu.exe,atualizacao,TConversionFormat,D:\AtelieProd\Equipexe\Exe\EquEstruAtu.exe,3743232,,2017-03-30T09:07:14
EquEstruAtu.exe,sinal-relacionado,TControlActionLink,D:\AtelieProd\Equipexe\Exe\EquEstruAtu.exe,3743232,,2017-03-30T09:07:14
EquEstruAtu.exe,sinal-relacionado,TWinControlActionLink,D:\AtelieProd\Equipexe\Exe\EquEstruAtu.exe,3743232,,2017-03-30T09:07:14
EquEstruAtu.exe,atualizacao,ImmGetConversionStatus,D:\AtelieProd\Equipexe\Exe\EquEstruAtu.exe,3743232,,2017-03-30T09:07:14
EquEstruAtu.exe,atualizacao,ImmSetConversionStatus,D:\AtelieProd\Equipexe\Exe\EquEstruAtu.exe,3743232,,2017-03-30T09:07:14
EquEstruAtu.exe,licenciamento,RegisterAutomation,D:\AtelieProd\Equipexe\Exe\EquEstruAtu.exe,3743232,,2017-03-30T09:07:14
EquEstruAtu.exe,licenciamento,DllRegisterServer,D:\AtelieProd\Equipexe\Exe\EquEstruAtu.exe,3743232,,2017-03-30T09:07:14
EquEstruAtu.exe,atualizacao,EUpdateError,D:\AtelieProd\Equipexe\Exe\EquEstruAtu.exe,3743232,,2017-03-30T09:07:14
EquEstruAtu.exe,atualizacao,TUpdateAction,D:\AtelieProd\Equipexe\Exe\EquEstruAtu.exe,3743232,,2017-03-30T09:07:14
EquEstruAtu.exe,atualizacao,TUpdateMode,D:\AtelieProd\Equipexe\Exe\EquEstruAtu.exe,3743232,,2017-03-30T09:07:14
EquEstruAtu.exe,atualizacao,TUpdateKind,D:\AtelieProd\Equipexe\Exe\EquEstruAtu.exe,3743232,,2017-03-30T09:07:14
EquEstruAtu.exe,atualizacao,TUpdateErrorEvent,D:\AtelieProd\Equipexe\Exe\EquEstruAtu.exe,3743232,,2017-03-30T09:07:14
EquEstruAtu.exe,atualizacao,UpdateKind,D:\AtelieProd\Equipexe\Exe\EquEstruAtu.exe,3743232,,2017-03-30T09:07:14
EquEstruAtu.exe,atualizacao,UpdateAction,D:\AtelieProd\Equipexe\Exe\EquEstruAtu.exe,3743232,,2017-03-30T09:07:14
EquEstruAtu.exe,atualizacao,TUpdateRecordEvent,D:\AtelieProd\Equipexe\Exe\EquEstruAtu.exe,3743232,,2017-03-30T09:07:14
EquEstruAtu.exe,autenticacao-permissao,Password,D:\AtelieProd\Equipexe\Exe\EquEstruAtu.exe,3743232,,2017-03-30T09:07:14
EquEstruAtu.exe,atualizacao,pfInUpdate,D:\AtelieProd\Equipexe\Exe\EquEstruAtu.exe,3743232,,2017-03-30T09:07:14
EquEstruAtu.exe,sinal-relacionado,OnValidatetnJ,D:\AtelieProd\Equipexe\Exe\EquEstruAtu.exe,3743232,,2017-03-30T09:07:14
EquEstruAtu.exe,atualizacao,OnUpdateData,D:\AtelieProd\Equipexe\Exe\EquEstruAtu.exe,3743232,,2017-03-30T09:07:14
EquEstruAtu.exe,sinal-relacionado,EInvalidGridOperation,D:\AtelieProd\Equipexe\Exe\EquEstruAtu.exe,3743232,,2017-03-30T09:07:14
EquEstruAtu.exe,autenticacao-permissao,Password ,D:\AtelieProd\Equipexe\Exe\EquEstruAtu.exe,3743232,,2017-03-30T09:07:14
EquEstruAtu.exe,autenticacao-permissao,TPasswordDialog,D:\AtelieProd\Equipexe\Exe\EquEstruAtu.exe,3743232,,2017-03-30T09:07:14
EquEstruAtu.exe,atualizacao,UPDATE,D:\AtelieProd\Equipexe\Exe\EquEstruAtu.exe,3743232,,2017-03-30T09:07:14
EquEstruAtu.exe,autenticacao-permissao,TPasswordEvent,D:\AtelieProd\Equipexe\Exe\EquEstruAtu.exe,3743232,,2017-03-30T09:07:14
EquEstruAtu.exe,autenticacao-permissao,OnPassword,D:\AtelieProd\Equipexe\Exe\EquEstruAtu.exe,3743232,,2017-03-30T09:07:14
EquEstruAtu.exe,atualizacao,TDataSetUpdateObject,D:\AtelieProd\Equipexe\Exe\EquEstruAtu.exe,3743232,,2017-03-30T09:07:14
EquEstruAtu.exe,atualizacao,CachedUpdates,D:\AtelieProd\Equipexe\Exe\EquEstruAtu.exe,3743232,,2017-03-30T09:07:14
EquEstruAtu.exe,atualizacao,OnUpdateError,D:\AtelieProd\Equipexe\Exe\EquEstruAtu.exe,3743232,,2017-03-30T09:07:14
EquEstruAtu.exe,atualizacao,OnUpdateRecord,D:\AtelieProd\Equipexe\Exe\EquEstruAtu.exe,3743232,,2017-03-30T09:07:14
EquEstruAtu.exe,atualizacao,batUpdate,D:\AtelieProd\Equipexe\Exe\EquEstruAtu.exe,3743232,,2017-03-30T09:07:14
EquEstruAtu.exe,atualizacao,batAppendUpdate,D:\AtelieProd\Equipexe\Exe\EquEstruAtu.exe,3743232,,2017-03-30T09:07:14
EquEstruAtu.exe,atualizacao,UpdateMode,D:\AtelieProd\Equipexe\Exe\EquEstruAtu.exe,3743232,,2017-03-30T09:07:14
EquEstruAtu.exe,atualizacao,UpdateObject,D:\AtelieProd\Equipexe\Exe\EquEstruAtu.exe,3743232,,2017-03-30T09:07:14
EquEstruAtu.exe,autenticacao-permissao,PASSWORD,D:\AtelieProd\Equipexe\Exe\EquEstruAtu.exe,3743232,,2017-03-30T09:07:14
EquEstruAtu.exe,atualizacao,AS_ApplyUpdates,D:\AtelieProd\Equipexe\Exe\EquEstruAtu.exe,3743232,,2017-03-30T09:07:14
EquEstruAtu.exe,atualizacao,poCascadeUpdates,D:\AtelieProd\Equipexe\Exe\EquEstruAtu.exe,3743232,,2017-03-30T09:07:14
EquEstruAtu.exe,atualizacao,poAllowMultiRecordUpdates,D:\AtelieProd\Equipexe\Exe\EquEstruAtu.exe,3743232,,2017-03-30T09:07:14
EquEstruAtu.exe,atualizacao,TBeforeUpdateRecordEvent,D:\AtelieProd\Equipexe\Exe\EquEstruAtu.exe,3743232,,2017-03-30T09:07:14
EquEstruAtu.exe,atualizacao,TAfterUpdateRecordEvent,D:\AtelieProd\Equipexe\Exe\EquEstruAtu.exe,3743232,,2017-03-30T09:07:14
EquEstruAtu.exe,atualizacao,UpdateMode4DO,D:\AtelieProd\Equipexe\Exe\EquEstruAtu.exe,3743232,,2017-03-30T09:07:14
EquEstruAtu.exe,atualizacao,AfterUpdateRecordpKO,D:\AtelieProd\Equipexe\Exe\EquEstruAtu.exe,3743232,,2017-03-30T09:07:14
EquEstruAtu.exe,atualizacao,BeforeUpdateRecord,D:\AtelieProd\Equipexe\Exe\EquEstruAtu.exe,3743232,,2017-03-30T09:07:14
EquEstruAtu.exe,atualizacao,BeforeApplyUpdates,D:\AtelieProd\Equipexe\Exe\EquEstruAtu.exe,3743232,,2017-03-30T09:07:14
EquEstruAtu.exe,atualizacao,AfterApplyUpdates,D:\AtelieProd\Equipexe\Exe\EquEstruAtu.exe,3743232,,2017-03-30T09:07:14
EquEstruAtu.exe,atualizacao,TUpdateTree,D:\AtelieProd\Equipexe\Exe\EquEstruAtu.exe,3743232,,2017-03-30T09:07:14
EquEstruAtu.exe,atualizacao,update the (select %s FROM %s %s,D:\AtelieProd\Equipexe\Exe\EquEstruAtu.exe,3743232,,2017-03-30T09:07:14
EquEstruAtu.exe,atualizacao,update %s %s set,D:\AtelieProd\Equipexe\Exe\EquEstruAtu.exe,3743232,,2017-03-30T09:07:14
EquEstruAtu.exe,atualizacao,TAggUpdateEvent,D:\AtelieProd\Equipexe\Exe\EquEstruAtu.exe,3743232,,2017-03-30T09:07:14
EquEstruAtu.exe,atualizacao,OnUpdate,D:\AtelieProd\Equipexe\Exe\EquEstruAtu.exe,3743232,,2017-03-30T09:07:14
EquEstruAtu.exe,licenciamento,ilSerializable,D:\AtelieProd\Equipexe\Exe\EquEstruAtu.exe,3743232,,2017-03-30T09:07:14
EquEstruAtu.exe,atualizacao,erUpdate,D:\AtelieProd\Equipexe\Exe\EquEstruAtu.exe,3743232,,2017-03-30T09:07:14
EquEstruAtu.exe,atualizacao,erUndoUpdate,D:\AtelieProd\Equipexe\Exe\EquEstruAtu.exe,3743232,,2017-03-30T09:07:14
EquEstruAtu.exe,atualizacao,AUTO_UPDATE,D:\AtelieProd\Equipexe\Exe\EquEstruAtu.exe,3743232,,2017-03-30T09:07:14
EquEstruAtu.exe,atualizacao,update,D:\AtelieProd\Equipexe\Exe\EquEstruAtu.exe,3743232,,2017-03-30T09:07:14
EquEstruAtu.exe,atualizacao,QRPreviewProgressUpdate,D:\AtelieProd\Equipexe\Exe\EquEstruAtu.exe,3743232,,2017-03-30T09:07:14
EquEstruAtu.exe,atualizacao,TQRProgressUpdateEvent,D:\AtelieProd\Equipexe\Exe\EquEstruAtu.exe,3743232,,2017-03-30T09:07:14
EquEstruAtu.exe,atualizacao,OnProgressUpdate,D:\AtelieProd\Equipexe\Exe\EquEstruAtu.exe,3743232,,2017-03-30T09:07:14
EquEstruAtu.exe,sinal-relacionado,Invalid compression mode. Mode must be in [0-9] range,D:\AtelieProd\Equipexe\Exe\EquEstruAtu.exe,3743232,,2017-03-30T09:07:14
EquEstruAtu.exe,sinal-relacionado,Invalid size or check sum of file or unsupported compression format,D:\AtelieProd\Equipexe\Exe\EquEstruAtu.exe,3743232,,2017-03-30T09:07:14
EquEstruAtu.exe,atualizacao,Internal error. Update is not started,D:\AtelieProd\Equipexe\Exe\EquEstruAtu.exe,3743232,,2017-03-30T09:07:14
EquEstruAtu.exe,atualizacao,Cannot proceed when update is not ended. Preceding EndUpdate call is required.,D:\AtelieProd\Equipexe\Exe\EquEstruAtu.exe,3743232,,2017-03-30T09:07:14
EquEstruAtu.exe,sinal-relacionado,"Invalid compressed size, rfs.size = %d, count = %d",D:\AtelieProd\Equipexe\Exe\EquEstruAtu.exe,3743232,,2017-03-30T09:07:14
EquEstruAtu.exe,sinal-relacionado,Invalid archive file.,D:\AtelieProd\Equipexe\Exe\EquEstruAtu.exe,3743232,,2017-03-30T09:07:14
EquEstruAtu.exe,sinal-relacionado,Cannot open archive file. Opening aborted or invalid file,D:\AtelieProd\Equipexe\Exe\EquEstruAtu.exe,3743232,,2017-03-30T09:07:14
EquEstruAtu.exe,atualizacao,Multi-spanned archive is not allowed for modification. Use BeginUpdate/EndUpdate methods to add files several times,D:\AtelieProd\Equipexe\Exe\EquEstruAtu.exe,3743232,,2017-03-30T09:07:14
EquEstruAtu.exe,sinal-relacionado,poValidateOnParse,D:\AtelieProd\Equipexe\Exe\EquEstruAtu.exe,3743232,,2017-03-30T09:07:14
EquEstruAtu.exe,atualizacao,ncUpdateValue,D:\AtelieProd\Equipexe\Exe\EquEstruAtu.exe,3743232,,2017-03-30T09:07:14
EquEstruAtu.exe,atualizacao,version,D:\AtelieProd\Equipexe\Exe\EquEstruAtu.exe,3743232,,2017-03-30T09:07:14
EquEstruAtu.exe,sinal-relacionado,ESchemaValidation,D:\AtelieProd\Equipexe\Exe\EquEstruAtu.exe,3743232,,2017-03-30T09:07:14
EquEstruAtu.exe,comunicacao-remota,http://www.w3.org/2001/XMLSchema,D:\AtelieProd\Equipexe\Exe\EquEstruAtu.exe,3743232,,2017-03-30T09:07:14
EquEstruAtu.exe,comunicacao-remota,http://www.w3.org/2001/XMLSchema-instance,D:\AtelieProd\Equipexe\Exe\EquEstruAtu.exe,3743232,,2017-03-30T09:07:14
EquEstruAtu.exe,licenciamento,REGISTER,D:\AtelieProd\Equipexe\Exe\EquEstruAtu.exe,3743232,,2017-03-30T09:07:14
EquEstruAtu.exe,licenciamento,register,D:\AtelieProd\Equipexe\Exe\EquEstruAtu.exe,3743232,,2017-03-30T09:07:14
EquEstruAtu.exe,comunicacao-remota,http://www.borland.com/rootpart.xml,D:\AtelieProd\Equipexe\Exe\EquEstruAtu.exe,3743232,,2017-03-30T09:07:14
EquEstruAtu.exe,sinal-relacionado,EInvalid_Character_Err,D:\AtelieProd\Equipexe\Exe\EquEstruAtu.exe,3743232,,2017-03-30T09:07:14
EquEstruAtu.exe,sinal-relacionado,EInvalid_State_Err,D:\AtelieProd\Equipexe\Exe\EquEstruAtu.exe,3743232,,2017-03-30T09:07:14
EquEstruAtu.exe,sinal-relacionado,EInvalid_Access_ErrD,D:\AtelieProd\Equipexe\Exe\EquEstruAtu.exe,3743232,,2017-03-30T09:07:14
EquEstruAtu.exe,sinal-relacionado,EInvalid_Entity_Reference_Err,D:\AtelieProd\Equipexe\Exe\EquEstruAtu.exe,3743232,,2017-03-30T09:07:14
EquEstruAtu.exe,sinal-relacionado,EParserInvalidElementName_Err,D:\AtelieProd\Equipexe\Exe\EquEstruAtu.exe,3743232,,2017-03-30T09:07:14
EquEstruAtu.exe,sinal-relacionado,EParserInvalidAttributeName_Err,D:\AtelieProd\Equipexe\Exe\EquEstruAtu.exe,3743232,,2017-03-30T09:07:14
EquEstruAtu.exe,sinal-relacionado, EParserInvalidAttributeValue_Err,D:\AtelieProd\Equipexe\Exe\EquEstruAtu.exe,3743232,,2017-03-30T09:07:14
EquEstruAtu.exe,sinal-relacionado,EParserInvalidEntityName_Err,D:\AtelieProd\Equipexe\Exe\EquEstruAtu.exe,3743232,,2017-03-30T09:07:14
EquEstruAtu.exe,sinal-relacionado,'EParserInvalidProcessingInstruction_Errl,D:\AtelieProd\Equipexe\Exe\EquEstruAtu.exe,3743232,,2017-03-30T09:07:14
EquEstruAtu.exe,sinal-relacionado, EParserInvalidXmlDeclaration_Err,D:\AtelieProd\Equipexe\Exe\EquEstruAtu.exe,3743232,,2017-03-30T09:07:14
EquEstruAtu.exe,sinal-relacionado,EParserInvalidCharRef_Err,D:\AtelieProd\Equipexe\Exe\EquEstruAtu.exe,3743232,,2017-03-30T09:07:14
EquEstruAtu.exe,sinal-relacionado,EParserInvalidCharacter_Err|,D:\AtelieProd\Equipexe\Exe\EquEstruAtu.exe,3743232,,2017-03-30T09:07:14
EquEstruAtu.exe,sinal-relacionado,EParserInvalidDoctype_Err,D:\AtelieProd\Equipexe\Exe\EquEstruAtu.exe,3743232,,2017-03-30T09:07:14
EquEstruAtu.exe,sinal-relacionado,!EParserInvalidTextDeclaration_Err,D:\AtelieProd\Equipexe\Exe\EquEstruAtu.exe,3743232,,2017-03-30T09:07:14
EquEstruAtu.exe,sinal-relacionado,EParserInvalidComment_Err,D:\AtelieProd\Equipexe\Exe\EquEstruAtu.exe,3743232,,2017-03-30T09:07:14
EquEstruAtu.exe,sinal-relacionado,EParserInvalidCDATASection_Err,D:\AtelieProd\Equipexe\Exe\EquEstruAtu.exe,3743232,,2017-03-30T09:07:14
EquEstruAtu.exe,sinal-relacionado,EParserInvalidQualifiedName_Err,D:\AtelieProd\Equipexe\Exe\EquEstruAtu.exe,3743232,,2017-03-30T09:07:14
EquEstruAtu.exe,sinal-relacionado,EParserInvalidPrefix_Err,D:\AtelieProd\Equipexe\Exe\EquEstruAtu.exe,3743232,,2017-03-30T09:07:14
EquEstruAtu.exe,sinal-relacionado,EParserInvalidNamespaceURI_Err,D:\AtelieProd\Equipexe\Exe\EquEstruAtu.exe,3743232,,2017-03-30T09:07:14
EquEstruAtu.exe,sinal-relacionado,#EParserInvalidEntityDeclaration_Err,D:\AtelieProd\Equipexe\Exe\EquEstruAtu.exe,3743232,,2017-03-30T09:07:14
EquEstruAtu.exe,sinal-relacionado,$EParserInvalidElementDeclaration_Err,D:\AtelieProd\Equipexe\Exe\EquEstruAtu.exe,3743232,,2017-03-30T09:07:14
EquEstruAtu.exe,sinal-relacionado,&EParserInvalidAttributeDeclaration_Err,D:\AtelieProd\Equipexe\Exe\EquEstruAtu.exe,3743232,,2017-03-30T09:07:14
EquEstruAtu.exe,sinal-relacionado,%EParserInvalidNotationDeclaration_Err,D:\AtelieProd\Equipexe\Exe\EquEstruAtu.exe,3743232,,2017-03-30T09:07:14
EquEstruAtu.exe,sinal-relacionado,$EParserInvalidConditionalSection_Err,D:\AtelieProd\Equipexe\Exe\EquEstruAtu.exe,3743232,,2017-03-30T09:07:14
EquEstruAtu.exe,atualizacao,EConversionStream,D:\AtelieProd\Equipexe\Exe\EquEstruAtu.exe,3743232,,2017-03-30T09:07:14
EquEstruAtu.exe,atualizacao,TConversionStream,D:\AtelieProd\Equipexe\Exe\EquEstruAtu.exe,3743232,,2017-03-30T09:07:14
EquEstruAtu.exe,sinal-relacionado,Invalid attribute name error.,D:\AtelieProd\Equipexe\Exe\EquEstruAtu.exe,3743232,,2017-03-30T09:07:14
EquEstruAtu.exe,sinal-relacionado,Invalid attribute value error.,D:\AtelieProd\Equipexe\Exe\EquEstruAtu.exe,3743232,,2017-03-30T09:07:14
EquEstruAtu.exe,sinal-relacionado,Invalid character reference error.,D:\AtelieProd\Equipexe\Exe\EquEstruAtu.exe,3743232,,2017-03-30T09:07:14
EquEstruAtu.exe,sinal-relacionado,%S is not a valid notaName value.,D:\AtelieProd\Equipexe\Exe\EquEstruAtu.exe,3743232,,2017-03-30T09:07:14
EquEstruAtu.exe,sinal-relacionado,%S is not a valid systemId value.,D:\AtelieProd\Equipexe\Exe\EquEstruAtu.exe,3743232,,2017-03-30T09:07:14
EquEstruAtu.exe,sinal-relacionado,%S is not a valid publicId value.,D:\AtelieProd\Equipexe\Exe\EquEstruAtu.exe,3743232,,2017-03-30T09:07:14
EquEstruAtu.exe,sinal-relacionado,Invalid character error.,D:\AtelieProd\Equipexe\Exe\EquEstruAtu.exe,3743232,,2017-03-30T09:07:14
EquEstruAtu.exe,sinal-relacionado,%S is not a valid XmlCharRef value.,D:\AtelieProd\Equipexe\Exe\EquEstruAtu.exe,3743232,,2017-03-30T09:07:14
EquEstruAtu.exe,sinal-relacionado,"Invalid ISO-8859-3 sequence ""%s""",D:\AtelieProd\Equipexe\Exe\EquEstruAtu.exe,3743232,,2017-03-30T09:07:14
EquEstruAtu.exe,sinal-relacionado,"Invalid ISO-8859-6 sequence ""%s""",D:\AtelieProd\Equipexe\Exe\EquEstruAtu.exe,3743232,,2017-03-30T09:07:14
EquEstruAtu.exe,sinal-relacionado,"Invalid ISO-8859-7 sequence ""%s""",D:\AtelieProd\Equipexe\Exe\EquEstruAtu.exe,3743232,,2017-03-30T09:07:14
EquEstruAtu.exe,sinal-relacionado,"Invalid ISO-8859-8 sequence ""%s""",D:\AtelieProd\Equipexe\Exe\EquEstruAtu.exe,3743232,,2017-03-30T09:07:14
EquEstruAtu.exe,sinal-relacionado,"Invalid cp10000_MacRoman sequence ""%s""",D:\AtelieProd\Equipexe\Exe\EquEstruAtu.exe,3743232,,2017-03-30T09:07:14
EquEstruAtu.exe,sinal-relacionado,"Invalid Windows-1250 sequence ""%s""",D:\AtelieProd\Equipexe\Exe\EquEstruAtu.exe,3743232,,2017-03-30T09:07:14
EquEstruAtu.exe,sinal-relacionado,"Invalid cp1251 sequence ""%s""",D:\AtelieProd\Equipexe\Exe\EquEstruAtu.exe,3743232,,2017-03-30T09:07:14
EquEstruAtu.exe,sinal-relacionado,"Invalid Windows-1252 sequence ""%s""",D:\AtelieProd\Equipexe\Exe\EquEstruAtu.exe,3743232,,2017-03-30T09:07:14
EquEstruAtu.exe,sinal-relacionado,Invalid state error.,D:\AtelieProd\Equipexe\Exe\EquEstruAtu.exe,3743232,,2017-03-30T09:07:14
EquEstruAtu.exe,sinal-relacionado,Invalid entity declaration error.,D:\AtelieProd\Equipexe\Exe\EquEstruAtu.exe,3743232,,2017-03-30T09:07:14
EquEstruAtu.exe,sinal-relacionado,Invalid entity reference error.,D:\AtelieProd\Equipexe\Exe\EquEstruAtu.exe,3743232,,2017-03-30T09:07:14
EquEstruAtu.exe,sinal-relacionado,%S contains an invalid character.,D:\AtelieProd\Equipexe\Exe\EquEstruAtu.exe,3743232,,2017-03-30T09:07:14
EquEstruAtu.exe,sinal-relacionado,%S contains an invalid reference.,D:\AtelieProd\Equipexe\Exe\EquEstruAtu.exe,3743232,,2017-03-30T09:07:14
EquEstruAtu.exe,sinal-relacionado,Invalid UTF-8 sequence at position %d,D:\AtelieProd\Equipexe\Exe\EquEstruAtu.exe,3743232,,2017-03-30T09:07:14
EquEstruAtu.exe,sinal-relacionado,Invalid UTF-8 encoding at position %d,D:\AtelieProd\Equipexe\Exe\EquEstruAtu.exe,3743232,,2017-03-30T09:07:14
EquEstruAtu.exe,sinal-relacionado,EParserInvalidAttributeValue_Err,D:\AtelieProd\Equipexe\Exe\EquEstruAtu.exe,3743232,,2017-03-30T09:07:14
EquEstruAtu.exe,sinal-relacionado,EParserInvalidProcessingInstruction_Err,D:\AtelieProd\Equipexe\Exe\EquEstruAtu.exe,3743232,,2017-03-30T09:07:14
EquEstruAtu.exe,sinal-relacionado,EParserInvalidXmlDeclaration_Err,D:\AtelieProd\Equipexe\Exe\EquEstruAtu.exe,3743232,,2017-03-30T09:07:14
EquEstruAtu.exe,sinal-relacionado,EParserInvalidEndTag_Err,D:\AtelieProd\Equipexe\Exe\EquEstruAtu.exe,3743232,,2017-03-30T09:07:14
EquEstruAtu.exe,sinal-relacionado,EParserInvalidCharacter_Err,D:\AtelieProd\Equipexe\Exe\EquEstruAtu.exe,3743232,,2017-03-30T09:07:14
EquEstruAtu.exe,sinal-relacionado,EParserInvalidEntityDeclaration_Err,D:\AtelieProd\Equipexe\Exe\EquEstruAtu.exe,3743232,,2017-03-30T09:07:14
EquEstruAtu.exe,sinal-relacionado,EParserInvalidElementDeclaration_Err,D:\AtelieProd\Equipexe\Exe\EquEstruAtu.exe,3743232,,2017-03-30T09:07:14
EquEstruAtu.exe,sinal-relacionado,EParserInvalidAttributeDeclaration_Err,D:\AtelieProd\Equipexe\Exe\EquEstruAtu.exe,3743232,,2017-03-30T09:07:14
EquEstruAtu.exe,sinal-relacionado,EParserInvalidNotationDeclaration_Err,D:\AtelieProd\Equipexe\Exe\EquEstruAtu.exe,3743232,,2017-03-30T09:07:14
EquEstruAtu.exe,sinal-relacionado,EParserInvalidConditionalSection_Err,D:\AtelieProd\Equipexe\Exe\EquEstruAtu.exe,3743232,,2017-03-30T09:07:14
EquEstruAtu.exe,sinal-relacionado,EParserInvalidTextDeclaration_Err,D:\AtelieProd\Equipexe\Exe\EquEstruAtu.exe,3743232,,2017-03-30T09:07:14
EquEstruAtu.exe,sinal-relacionado,EParserInvalidSystemLiteral_Err,D:\AtelieProd\Equipexe\Exe\EquEstruAtu.exe,3743232,,2017-03-30T09:07:14
EquEstruAtu.exe,sinal-relacionado,EParserInvalidPubidLiteral_Err,D:\AtelieProd\Equipexe\Exe\EquEstruAtu.exe,3743232,,2017-03-30T09:07:14
EquEstruAtu.exe,sinal-relacionado,EParserInvalidDoctypeName_Err,D:\AtelieProd\Equipexe\Exe\EquEstruAtu.exe,3743232,,2017-03-30T09:07:14
EquEstruAtu.exe,sinal-relacionado,Invalid element name,D:\AtelieProd\Equipexe\Exe\EquEstruAtu.exe,3743232,,2017-03-30T09:07:14
EquEstruAtu.exe,sinal-relacionado,Invalid attribute name,D:\AtelieProd\Equipexe\Exe\EquEstruAtu.exe,3743232,,2017-03-30T09:07:14
EquEstruAtu.exe,sinal-relacionado,Invalid attribute value,D:\AtelieProd\Equipexe\Exe\EquEstruAtu.exe,3743232,,2017-03-30T09:07:14
EquEstruAtu.exe,sinal-relacionado,Invalid entity name,D:\AtelieProd\Equipexe\Exe\EquEstruAtu.exe,3743232,,2017-03-30T09:07:14
EquEstruAtu.exe,sinal-relacionado,Invalid processing instruction,D:\AtelieProd\Equipexe\Exe\EquEstruAtu.exe,3743232,,2017-03-30T09:07:14
EquEstruAtu.exe,sinal-relacionado,Invalid XML declaration,D:\AtelieProd\Equipexe\Exe\EquEstruAtu.exe,3743232,,2017-03-30T09:07:14
EquEstruAtu.exe,sinal-relacionado,Invalid character reference,D:\AtelieProd\Equipexe\Exe\EquEstruAtu.exe,3743232,,2017-03-30T09:07:14
EquEstruAtu.exe,sinal-relacionado,Invalid end-tag,D:\AtelieProd\Equipexe\Exe\EquEstruAtu.exe,3743232,,2017-03-30T09:07:14
EquEstruAtu.exe,sinal-relacionado,Invalid character,D:\AtelieProd\Equipexe\Exe\EquEstruAtu.exe,3743232,,2017-03-30T09:07:14
EquEstruAtu.exe,sinal-relacionado,Invalid doctype declaration,D:\AtelieProd\Equipexe\Exe\EquEstruAtu.exe,3743232,,2017-03-30T09:07:14
EquEstruAtu.exe,sinal-relacionado,Invalid entity declaration,D:\AtelieProd\Equipexe\Exe\EquEstruAtu.exe,3743232,,2017-03-30T09:07:14
EquEstruAtu.exe,sinal-relacionado,Invalid element declaration,D:\AtelieProd\Equipexe\Exe\EquEstruAtu.exe,3743232,,2017-03-30T09:07:14
EquEstruAtu.exe,sinal-relacionado,Invalid attribute declaration,D:\AtelieProd\Equipexe\Exe\EquEstruAtu.exe,3743232,,2017-03-30T09:07:14
EquEstruAtu.exe,sinal-relacionado,Invalid notation declaration,D:\AtelieProd\Equipexe\Exe\EquEstruAtu.exe,3743232,,2017-03-30T09:07:14
EquEstruAtu.exe,sinal-relacionado,Invalid conditional section,D:\AtelieProd\Equipexe\Exe\EquEstruAtu.exe,3743232,,2017-03-30T09:07:14
EquEstruAtu.exe,sinal-relacionado,Invalid text declaration,D:\AtelieProd\Equipexe\Exe\EquEstruAtu.exe,3743232,,2017-03-30T09:07:14
EquEstruAtu.exe,sinal-relacionado,Invalid comment,D:\AtelieProd\Equipexe\Exe\EquEstruAtu.exe,3743232,,2017-03-30T09:07:14
EquEstruAtu.exe,sinal-relacionado,Invalid CDATA section,D:\AtelieProd\Equipexe\Exe\EquEstruAtu.exe,3743232,,2017-03-30T09:07:14
EquEstruAtu.exe,sinal-relacionado,Invalid system literal,D:\AtelieProd\Equipexe\Exe\EquEstruAtu.exe,3743232,,2017-03-30T09:07:14
EquEstruAtu.exe,sinal-relacionado,Invalid pubid literal,D:\AtelieProd\Equipexe\Exe\EquEstruAtu.exe,3743232,,2017-03-30T09:07:14
EquEstruAtu.exe,sinal-relacionado,Invalid document type declaration name,D:\AtelieProd\Equipexe\Exe\EquEstruAtu.exe,3743232,,2017-03-30T09:07:14
EquEstruAtu.exe,sinal-relacionado,Invalid qualified name,D:\AtelieProd\Equipexe\Exe\EquEstruAtu.exe,3743232,,2017-03-30T09:07:14
EquEstruAtu.exe,sinal-relacionado,Invalid prefix,D:\AtelieProd\Equipexe\Exe\EquEstruAtu.exe,3743232,,2017-03-30T09:07:14
EquEstruAtu.exe,sinal-relacionado,Invalid namespace URI,D:\AtelieProd\Equipexe\Exe\EquEstruAtu.exe,3743232,,2017-03-30T09:07:14
EquEstruAtu.exe,sinal-relacionado,Invalid source-code,D:\AtelieProd\Equipexe\Exe\EquEstruAtu.exe,3743232,,2017-03-30T09:07:14
EquEstruAtu.exe,sinal-relacionado,ment invalide,D:\AtelieProd\Equipexe\Exe\EquEstruAtu.exe,3743232,,2017-03-30T09:07:14
EquEstruAtu.exe,sinal-relacionado,Nom d'attribut invalide,D:\AtelieProd\Equipexe\Exe\EquEstruAtu.exe,3743232,,2017-03-30T09:07:14
EquEstruAtu.exe,sinal-relacionado,Valeur d'attribut invalide,D:\AtelieProd\Equipexe\Exe\EquEstruAtu.exe,3743232,,2017-03-30T09:07:14
EquEstruAtu.exe,sinal-relacionado, invalide,D:\AtelieProd\Equipexe\Exe\EquEstruAtu.exe,3743232,,2017-03-30T09:07:14
EquEstruAtu.exe,sinal-relacionado,Instruction de commande invalide,D:\AtelieProd\Equipexe\Exe\EquEstruAtu.exe,3743232,,2017-03-30T09:07:14
EquEstruAtu.exe,sinal-relacionado,claration XML invalide,D:\AtelieProd\Equipexe\Exe\EquEstruAtu.exe,3743232,,2017-03-30T09:07:14
EquEstruAtu.exe,sinal-relacionado,re invalide,D:\AtelieProd\Equipexe\Exe\EquEstruAtu.exe,3743232,,2017-03-30T09:07:14
EquEstruAtu.exe,sinal-relacionado,Tag de fin invalide,D:\AtelieProd\Equipexe\Exe\EquEstruAtu.exe,3743232,,2017-03-30T09:07:14
EquEstruAtu.exe,sinal-relacionado,claration de type de document invalide,D:\AtelieProd\Equipexe\Exe\EquEstruAtu.exe,3743232,,2017-03-30T09:07:14
EquEstruAtu.exe,sinal-relacionado,claration d'attribut invalide,D:\AtelieProd\Equipexe\Exe\EquEstruAtu.exe,3743232,,2017-03-30T09:07:14
EquEstruAtu.exe,sinal-relacionado,claration de notation invalide,D:\AtelieProd\Equipexe\Exe\EquEstruAtu.exe,3743232,,2017-03-30T09:07:14
EquEstruAtu.exe,sinal-relacionado,Section conditionnelle invalide,D:\AtelieProd\Equipexe\Exe\EquEstruAtu.exe,3743232,,2017-03-30T09:07:14
EquEstruAtu.exe,sinal-relacionado,claration de texte invalide,D:\AtelieProd\Equipexe\Exe\EquEstruAtu.exe,3743232,,2017-03-30T09:07:14
EquEstruAtu.exe,sinal-relacionado,Code source invalide,D:\AtelieProd\Equipexe\Exe\EquEstruAtu.exe,3743232,,2017-03-30T09:07:14
EquEstruAtu.exe,sinal-relacionado,Nome elemento non valido,D:\AtelieProd\Equipexe\Exe\EquEstruAtu.exe,3743232,,2017-03-30T09:07:14
EquEstruAtu.exe,sinal-relacionado,Nome attributo non valido,D:\AtelieProd\Equipexe\Exe\EquEstruAtu.exe,3743232,,2017-03-30T09:07:14
EquEstruAtu.exe,sinal-relacionado,Valore attributo non valido,D:\AtelieProd\Equipexe\Exe\EquEstruAtu.exe,3743232,,2017-03-30T09:07:14
EquEstruAtu.exe,sinal-relacionado, non valido,D:\AtelieProd\Equipexe\Exe\EquEstruAtu.exe,3743232,,2017-03-30T09:07:14
EquEstruAtu.exe,sinal-relacionado,Istruzione di processo non valida,D:\AtelieProd\Equipexe\Exe\EquEstruAtu.exe,3743232,,2017-03-30T09:07:14
EquEstruAtu.exe,sinal-relacionado,Dichiarazione XML non valida,D:\AtelieProd\Equipexe\Exe\EquEstruAtu.exe,3743232,,2017-03-30T09:07:14
EquEstruAtu.exe,sinal-relacionado,Riferimento a carattere non valida,D:\AtelieProd\Equipexe\Exe\EquEstruAtu.exe,3743232,,2017-03-30T09:07:14
EquEstruAtu.exe,sinal-relacionado,Tag finale non valido,D:\AtelieProd\Equipexe\Exe\EquEstruAtu.exe,3743232,,2017-03-30T09:07:14
EquEstruAtu.exe,sinal-relacionado,Carattere non valido,D:\AtelieProd\Equipexe\Exe\EquEstruAtu.exe,3743232,,2017-03-30T09:07:14
EquEstruAtu.exe,sinal-relacionado,Dichiarazione del tipo di documento non valida,D:\AtelieProd\Equipexe\Exe\EquEstruAtu.exe,3743232,,2017-03-30T09:07:14
EquEstruAtu.exe,sinal-relacionado, non valida,D:\AtelieProd\Equipexe\Exe\EquEstruAtu.exe,3743232,,2017-03-30T09:07:14
EquEstruAtu.exe,sinal-relacionado,Dichiarazione di elemento non valida,D:\AtelieProd\Equipexe\Exe\EquEstruAtu.exe,3743232,,2017-03-30T09:07:14
EquEstruAtu.exe,sinal-relacionado,Dichiarazione di attributo non valida,D:\AtelieProd\Equipexe\Exe\EquEstruAtu.exe,3743232,,2017-03-30T09:07:14
EquEstruAtu.exe,sinal-relacionado,Dichiarazione di notazione non valida,D:\AtelieProd\Equipexe\Exe\EquEstruAtu.exe,3743232,,2017-03-30T09:07:14
EquEstruAtu.exe,sinal-relacionado,Sezione condizionale non valida,D:\AtelieProd\Equipexe\Exe\EquEstruAtu.exe,3743232,,2017-03-30T09:07:14
EquEstruAtu.exe,sinal-relacionado,Dichiarazione di testo non valida,D:\AtelieProd\Equipexe\Exe\EquEstruAtu.exe,3743232,,2017-03-30T09:07:14
EquEstruAtu.exe,sinal-relacionado,Codice sorgente non valido,D:\AtelieProd\Equipexe\Exe\EquEstruAtu.exe,3743232,,2017-03-30T09:07:14
EquEstruAtu.exe,sinal-relacionado,Invalid CDATA section error.,D:\AtelieProd\Equipexe\Exe\EquEstruAtu.exe,3743232,,2017-03-30T09:07:14
EquEstruAtu.exe,sinal-relacionado,Invalid comment error.,D:\AtelieProd\Equipexe\Exe\EquEstruAtu.exe,3743232,,2017-03-30T09:07:14
EquEstruAtu.exe,sinal-relacionado,Invalid doctype declaration error.,D:\AtelieProd\Equipexe\Exe\EquEstruAtu.exe,3743232,,2017-03-30T09:07:14
EquEstruAtu.exe,sinal-relacionado,Invalid entity name error.,D:\AtelieProd\Equipexe\Exe\EquEstruAtu.exe,3743232,,2017-03-30T09:07:14
EquEstruAtu.exe,sinal-relacionado,Invalid processing instruction error.,D:\AtelieProd\Equipexe\Exe\EquEstruAtu.exe,3743232,,2017-03-30T09:07:14
EquEstruAtu.exe,sinal-relacionado,Invalid qualified name error.,D:\AtelieProd\Equipexe\Exe\EquEstruAtu.exe,3743232,,2017-03-30T09:07:14
EquEstruAtu.exe,sinal-relacionado,Invalid prefix error.,D:\AtelieProd\Equipexe\Exe\EquEstruAtu.exe,3743232,,2017-03-30T09:07:14
EquEstruAtu.exe,sinal-relacionado,Invalid namespace URI error.,D:\AtelieProd\Equipexe\Exe\EquEstruAtu.exe,3743232,,2017-03-30T09:07:14
EquEstruAtu.exe,sinal-relacionado,Invalid xml-declaration error.,D:\AtelieProd\Equipexe\Exe\EquEstruAtu.exe,3743232,,2017-03-30T09:07:14
EquEstruAtu.exe,sinal-relacionado,Invalid attribute declaration error.,D:\AtelieProd\Equipexe\Exe\EquEstruAtu.exe,3743232,,2017-03-30T09:07:14
EquEstruAtu.exe,sinal-relacionado,Invalid element declaration error.,D:\AtelieProd\Equipexe\Exe\EquEstruAtu.exe,3743232,,2017-03-30T09:07:14
EquEstruAtu.exe,sinal-relacionado,Invalid notation declaration error.,D:\AtelieProd\Equipexe\Exe\EquEstruAtu.exe,3743232,,2017-03-30T09:07:14
EquEstruAtu.exe,sinal-relacionado,Invalid declaration error.,D:\AtelieProd\Equipexe\Exe\EquEstruAtu.exe,3743232,,2017-03-30T09:07:14
EquEstruAtu.exe,sinal-relacionado,Invalid text-declaration error.,D:\AtelieProd\Equipexe\Exe\EquEstruAtu.exe,3743232,,2017-03-30T09:07:14
EquEstruAtu.exe,sinal-relacionado,Invalid conditional section error.,D:\AtelieProd\Equipexe\Exe\EquEstruAtu.exe,3743232,,2017-03-30T09:07:14
EquEstruAtu.exe,sinal-relacionado,Invalid element name error.,D:\AtelieProd\Equipexe\Exe\EquEstruAtu.exe,3743232,,2017-03-30T09:07:14
EquEstruAtu.exe,sinal-relacionado,%S contains an invalid parameter entity reference.,D:\AtelieProd\Equipexe\Exe\EquEstruAtu.exe,3743232,,2017-03-30T09:07:14
EquEstruAtu.exe,sinal-relacionado,Invalid Attribute Declaration error.,D:\AtelieProd\Equipexe\Exe\EquEstruAtu.exe,3743232,,2017-03-30T09:07:14
EquEstruAtu.exe,sinal-relacionado,InvalidEntityDeclaration_Err,D:\AtelieProd\Equipexe\Exe\EquEstruAtu.exe,3743232,,2017-03-30T09:07:14
EquEstruAtu.exe,sinal-relacionado,EInvalid_Modification_Err,D:\AtelieProd\Equipexe\Exe\EquEstruAtu.exe,3743232,,2017-03-30T09:07:14
EquEstruAtu.exe,sinal-relacionado,EInvalid_Access_Err,D:\AtelieProd\Equipexe\Exe\EquEstruAtu.exe,3743232,,2017-03-30T09:07:14
EquEstruAtu.exe,sinal-relacionado,set_validate(True),D:\AtelieProd\Equipexe\Exe\EquEstruAtu.exe,3743232,,2017-03-30T09:07:14
EquEstruAtu.exe,sinal-relacionado,URLMON.DLL,D:\AtelieProd\Equipexe\Exe\EquEstruAtu.exe,3743232,,2017-03-30T09:07:14
EquEstruAtu.exe,comunicacao-remota,URLDownloadToCacheFileA,D:\AtelieProd\Equipexe\Exe\EquEstruAtu.exe,3743232,,2017-03-30T09:07:14
EquEstruAtu.exe,comunicacao-remota,http://,D:\AtelieProd\Equipexe\Exe\EquEstruAtu.exe,3743232,,2017-03-30T09:07:14
EquEstruAtu.exe,comunicacao-remota,THTTPRIO,D:\AtelieProd\Equipexe\Exe\EquEstruAtu.exe,3743232,,2017-03-30T09:07:14
EquEstruAtu.exe,comunicacao-remota,SOAPHTTPClient,D:\AtelieProd\Equipexe\Exe\EquEstruAtu.exe,3743232,,2017-03-30T09:07:14
EquEstruAtu.exe,sinal-relacionado,URL|G^,D:\AtelieProd\Equipexe\Exe\EquEstruAtu.exe,3743232,,2017-03-30T09:07:14
EquEstruAtu.exe,comunicacao-remota,HTTPWebNode,D:\AtelieProd\Equipexe\Exe\EquEstruAtu.exe,3743232,,2017-03-30T09:07:14
EquEstruAtu.exe,comunicacao-remota,HTTPWebNode1,D:\AtelieProd\Equipexe\Exe\EquEstruAtu.exe,3743232,,2017-03-30T09:07:14
EquEstruAtu.exe,sinal-relacionado,URLType,D:\AtelieProd\Equipexe\Exe\EquEstruAtu.exe,3743232,,2017-03-30T09:07:14
EquEstruAtu.exe,comunicacao-remota,https,D:\AtelieProd\Equipexe\Exe\EquEstruAtu.exe,3743232,,2017-03-30T09:07:14
EquEstruAtu.exe,sinal-relacionado,URLType@,D:\AtelieProd\Equipexe\Exe\EquEstruAtu.exe,3743232,,2017-03-30T09:07:14
EquEstruAtu.exe,sinal-relacionado,overviewURL,D:\AtelieProd\Equipexe\Exe\EquEstruAtu.exe,3743232,,2017-03-30T09:07:14
EquEstruAtu.exe,hardware-binding,DiscoveryUrl,D:\AtelieProd\Equipexe\Exe\EquEstruAtu.exe,3743232,,2017-03-30T09:07:14
EquEstruAtu.exe,hardware-binding,discoveryUrl2,D:\AtelieProd\Equipexe\Exe\EquEstruAtu.exe,3743232,,2017-03-30T09:07:14
EquEstruAtu.exe,hardware-binding,DiscoveryURLs,D:\AtelieProd\Equipexe\Exe\EquEstruAtu.exe,3743232,,2017-03-30T09:07:14
EquEstruAtu.exe,hardware-binding,discoveryUrl,D:\AtelieProd\Equipexe\Exe\EquEstruAtu.exe,3743232,,2017-03-30T09:07:14
EquEstruAtu.exe,hardware-binding,discoveryURLs,D:\AtelieProd\Equipexe\Exe\EquEstruAtu.exe,3743232,,2017-03-30T09:07:14
EquEstruAtu.exe,comunicacao-remota,ESOAPHTTPException,D:\AtelieProd\Equipexe\Exe\EquEstruAtu.exe,3743232,,2017-03-30T09:07:14
EquEstruAtu.exe,sinal-relacionado,soIgnoreInvalidCerts,D:\AtelieProd\Equipexe\Exe\EquEstruAtu.exe,3743232,,2017-03-30T09:07:14
EquEstruAtu.exe,comunicacao-remota,SOAPHTTPTrans,D:\AtelieProd\Equipexe\Exe\EquEstruAtu.exe,3743232,,2017-03-30T09:07:14
EquEstruAtu.exe,comunicacao-remota,IHTTPReqResp,D:\AtelieProd\Equipexe\Exe\EquEstruAtu.exe,3743232,,2017-03-30T09:07:14
EquEstruAtu.exe,comunicacao-remota,HTTPReqResp,D:\AtelieProd\Equipexe\Exe\EquEstruAtu.exe,3743232,,2017-03-30T09:07:14
