"Executavel","Categoria","Texto","Origem"
"LavSoft","operacional","        R.DesPro, I.Peso, I.Prefinal, R.TipCom, R.TipoControle, M.DatPas ","D:\AtelieProd\Equipexe\Exe\LavSoft.exe"
"LavSoft","operacional","       , L.Rol, L.CodPro, L.SeqPro, L.CodPro  ","D:\AtelieProd\Equipexe\Exe\LavSoft.exe"
"LavSoft","outro","       &Cancelamentos","D:\AtelieProd\Equipexe\Exe\LavSoft.exe"
"LavSoft","operacional","       I.Quantidade, I.Peso, I.ValorTerc, I.PreFinal, M.Rol, M.CodCli, (I.PreFinal - I.ValorTerc) as Dieferenca, TP.DatEnt","D:\AtelieProd\Equipexe\Exe\LavSoft.exe"
"LavSoft","operacional","       I.Quantidade, I.Peso, I.ValorTerc, I.PreFinalSer, M.Rol, M.CodCli, (I.PreFinalSer - I.ValorTerc) as Dieferenca, TP.DatEnt,P.TipPagTer","D:\AtelieProd\Equipexe\Exe\LavSoft.exe"
"LavSoft","operacional","       M.CodTab,M.SitRol,M.Cancelado","D:\AtelieProd\Equipexe\Exe\LavSoft.exe"
"LavSoft","fiscal","       M.NumNotAdi,","D:\AtelieProd\Equipexe\Exe\LavSoft.exe"
"LavSoft","operacional","       M.ROL,","D:\AtelieProd\Equipexe\Exe\LavSoft.exe"
"LavSoft","outro","      And (not (M.Cancelado=""S"")) ","D:\AtelieProd\Equipexe\Exe\LavSoft.exe"
"LavSoft","financeiro","      de Caixa      ","D:\AtelieProd\Equipexe\Exe\LavSoft.exe"
"LavSoft","fiscal","     Conferencia    ","D:\AtelieProd\Equipexe\Exe\LavSoft.exe"
"LavSoft","financeiro","     de Caixa     ","D:\AtelieProd\Equipexe\Exe\LavSoft.exe"
"LavSoft","cadastro","  - Controla pelo Cliente","D:\AtelieProd\Equipexe\Exe\LavSoft.exe"
"LavSoft","outro","  < ENTREGA TOTAL >","D:\AtelieProd\Equipexe\Exe\LavSoft.exe"
"LavSoft","outro","  And (not(Cancelado=""S"")) ","D:\AtelieProd\Equipexe\Exe\LavSoft.exe"
"LavSoft","operacional","  Hora    Rols Pecas","D:\AtelieProd\Equipexe\Exe\LavSoft.exe"
"LavSoft","fiscal","  Nota     Rols   FPG","D:\AtelieProd\Equipexe\Exe\LavSoft.exe"
"LavSoft","fiscal","  Nota     Rols-Tip FPG-T Vend. ","D:\AtelieProd\Equipexe\Exe\LavSoft.exe"
"LavSoft","operacional","  Rols      Data     Posicao","D:\AtelieProd\Equipexe\Exe\LavSoft.exe"
"LavSoft","operacional","  Rols     Qde    FPG","D:\AtelieProd\Equipexe\Exe\LavSoft.exe"
"LavSoft","operacional","  Rols     Qde  P  ","D:\AtelieProd\Equipexe\Exe\LavSoft.exe"
"LavSoft","operacional","  Rols     Qde  P      ","D:\AtelieProd\Equipexe\Exe\LavSoft.exe"
"LavSoft","operacional","  Rols     Valor   ","D:\AtelieProd\Equipexe\Exe\LavSoft.exe"
"LavSoft","operacional","  Rols   Valor Rol    ","D:\AtelieProd\Equipexe\Exe\LavSoft.exe"
"LavSoft","operacional","  Rols em Aberto","D:\AtelieProd\Equipexe\Exe\LavSoft.exe"
"LavSoft","cadastro"," - Cadastro de: ","D:\AtelieProd\Equipexe\Exe\LavSoft.exe"
"LavSoft","cadastro"," - Cliente ","D:\AtelieProd\Equipexe\Exe\LavSoft.exe"
"LavSoft","fiscal"," - Conferente: ","D:\AtelieProd\Equipexe\Exe\LavSoft.exe"
"LavSoft","autenticacao/permissao"," - DIGITADA SENHA","D:\AtelieProd\Equipexe\Exe\LavSoft.exe"
"LavSoft","outro"," - Exibe cancelados","D:\AtelieProd\Equipexe\Exe\LavSoft.exe"
"LavSoft","cadastro"," - Grupo Cliente: ","D:\AtelieProd\Equipexe\Exe\LavSoft.exe"
"LavSoft","cadastro"," - Ordenado por Cliente","D:\AtelieProd\Equipexe\Exe\LavSoft.exe"
"LavSoft","financeiro"," - Possui Desconto","D:\AtelieProd\Equipexe\Exe\LavSoft.exe"
"LavSoft","operacional"," - SubRol ","D:\AtelieProd\Equipexe\Exe\LavSoft.exe"
"LavSoft","cadastro"," - Tipo Rel. Grupo de Produto","D:\AtelieProd\Equipexe\Exe\LavSoft.exe"
"LavSoft","outro"," - use o Cancelamento do Pagamento, Tecle Enter para Continuar","D:\AtelieProd\Equipexe\Exe\LavSoft.exe"
"LavSoft","operacional"," - Valor Rol: ","D:\AtelieProd\Equipexe\Exe\LavSoft.exe"
"LavSoft","outro"," - Vendedor: ","D:\AtelieProd\Equipexe\Exe\LavSoft.exe"
"LavSoft","outro"," ... - Cancelado","D:\AtelieProd\Equipexe\Exe\LavSoft.exe"
"LavSoft","operacional"," ... - Verificando estoque","D:\AtelieProd\Equipexe\Exe\LavSoft.exe"
"LavSoft","financeiro"," ( - ) Desconto (Valor) - Ctrl+F6","D:\AtelieProd\Equipexe\Exe\LavSoft.exe"
"LavSoft","cadastro"," ( ** ) Produto  tabela diferente","D:\AtelieProd\Equipexe\Exe\LavSoft.exe"
"LavSoft","outro"," ) and (not(Cancelado=","D:\AtelieProd\Equipexe\Exe\LavSoft.exe"
"LavSoft","financeiro"," *  Rol com desconto","D:\AtelieProd\Equipexe\Exe\LavSoft.exe"
"LavSoft","fiscal"," ****** CLIENTE DESATIVADO ******","D:\AtelieProd\Equipexe\Exe\LavSoft.exe"
"LavSoft","operacional"," / ROL N. ","D:\AtelieProd\Equipexe\Exe\LavSoft.exe"
"LavSoft","relatorio/impressao"," &Relat","D:\AtelieProd\Equipexe\Exe\LavSoft.exe"
"LavSoft","cadastro"," |Grupo em que pertence o cliente","D:\AtelieProd\Equipexe\Exe\LavSoft.exe"
"LavSoft","cadastro"," 1-Grupo Cliente: ","D:\AtelieProd\Equipexe\Exe\LavSoft.exe"
"LavSoft","cadastro"," 2-Grupo Cliente: ","D:\AtelieProd\Equipexe\Exe\LavSoft.exe"
"LavSoft","operacional"," 3-Controla Pontos C.F. e Imprime","D:\AtelieProd\Equipexe\Exe\LavSoft.exe"
"LavSoft","cadastro"," 3-Grupo Cliente: ","D:\AtelieProd\Equipexe\Exe\LavSoft.exe"
"LavSoft","financeiro"," a primeira vez, Deseja Incluir Desconto?","D:\AtelieProd\Equipexe\Exe\LavSoft.exe"
"LavSoft","financeiro"," and    ((not C.Desconto>0) or (C.Desconto="""") or (C.Desconto is null))","D:\AtelieProd\Equipexe\Exe\LavSoft.exe"
"LavSoft","fiscal"," and    (C.Desativado=""S"")","D:\AtelieProd\Equipexe\Exe\LavSoft.exe"
"LavSoft","financeiro"," and    (C.Desconto > 0)","D:\AtelieProd\Equipexe\Exe\LavSoft.exe"
"LavSoft","outro"," and    (M.Cancelado=""S"")","D:\AtelieProd\Equipexe\Exe\LavSoft.exe"
"LavSoft","outro"," and    (N.Cancelada=""S"") ","D:\AtelieProd\Equipexe\Exe\LavSoft.exe"
"LavSoft","fiscal"," and    (not (C.Desativado=""S""))","D:\AtelieProd\Equipexe\Exe\LavSoft.exe"
"LavSoft","outro"," and    (not (M.Cancelado=""S""))","D:\AtelieProd\Equipexe\Exe\LavSoft.exe"
"LavSoft","outro"," and    (not N.Cancelada=""S"")","D:\AtelieProd\Equipexe\Exe\LavSoft.exe"
"LavSoft","outro"," and    (not(A.Cancelado=""S"")) ","D:\AtelieProd\Equipexe\Exe\LavSoft.exe"
"LavSoft","outro"," and    (not(N.Cancelada=""S"")) ","D:\AtelieProd\Equipexe\Exe\LavSoft.exe"
"LavSoft","operacional"," and    (RolOrc is null)","D:\AtelieProd\Equipexe\Exe\LavSoft.exe"
"LavSoft","autenticacao/permissao"," and    L.""CodUsuario""=""","D:\AtelieProd\Equipexe\Exe\LavSoft.exe"
"LavSoft","operacional"," and    M.""DatEntRol""<=:ParDatRolFinal","D:\AtelieProd\Equipexe\Exe\LavSoft.exe"
"LavSoft","operacional"," and    M.""DatEntRol"">=:ParDatRolInicio","D:\AtelieProd\Equipexe\Exe\LavSoft.exe"
"LavSoft","autenticacao/permissao"," and    M.CodUsuario=""","D:\AtelieProd\Equipexe\Exe\LavSoft.exe"
"LavSoft","autenticacao/permissao"," and    N.CodUsuario=""","D:\AtelieProd\Equipexe\Exe\LavSoft.exe"
"LavSoft","fiscal"," and    N.TipNota=""","D:\AtelieProd\Equipexe\Exe\LavSoft.exe"
"LavSoft","fiscal"," and    UPPER(L.NomeChave)=""NUMNOTADI""","D:\AtelieProd\Equipexe\Exe\LavSoft.exe"
"LavSoft","operacional"," and    UPPER(L.NomeChave)=""ROL""","D:\AtelieProd\Equipexe\Exe\LavSoft.exe"
"LavSoft","operacional"," and   (M.Rol = MI.Rol)","D:\AtelieProd\Equipexe\Exe\LavSoft.exe"
"LavSoft","operacional"," and   (M.SitRol="""")","D:\AtelieProd\Equipexe\Exe\LavSoft.exe"
"LavSoft","operacional"," and   (not M.SitRol=""P"")","D:\AtelieProd\Equipexe\Exe\LavSoft.exe"
"LavSoft","operacional"," and   (Not(RolOrc is null))","D:\AtelieProd\Equipexe\Exe\LavSoft.exe"
"LavSoft","operacional"," and   M.""DatEntRol""<=:ParDatFimEntRol","D:\AtelieProd\Equipexe\Exe\LavSoft.exe"
"LavSoft","operacional"," and   M.""DatEntRol"">=:ParDatIniEntRol","D:\AtelieProd\Equipexe\Exe\LavSoft.exe"
"LavSoft","operacional"," and   M.SitRol=""P""","D:\AtelieProd\Equipexe\Exe\LavSoft.exe"
"LavSoft","financeiro"," and ( (not(M.DescontoRol=0)) Or (not(M.DescontoValor=0)) )","D:\AtelieProd\Equipexe\Exe\LavSoft.exe"
"LavSoft","fiscal"," And ((M.NumNot = N.NumNot) or (M.NumNotAdi = N.NumNot))","D:\AtelieProd\Equipexe\Exe\LavSoft.exe"
"LavSoft","fiscal"," and ((M.NumNotAdi = N.NumNot) or (M.NumNot = N.NumNot))","D:\AtelieProd\Equipexe\Exe\LavSoft.exe"
"LavSoft","fiscal"," And (C.Desativado=""S"")","D:\AtelieProd\Equipexe\Exe\LavSoft.exe"
"LavSoft","financeiro"," and (C.Desconto>0)","D:\AtelieProd\Equipexe\Exe\LavSoft.exe"
"LavSoft","financeiro"," And (C.DescontoAdi > 0) ","D:\AtelieProd\Equipexe\Exe\LavSoft.exe"
"LavSoft","financeiro"," And (C.DescontoFat > 0) ","D:\AtelieProd\Equipexe\Exe\LavSoft.exe"
"LavSoft","financeiro"," and (M.DescontoROL   > 0)","D:\AtelieProd\Equipexe\Exe\LavSoft.exe"
"LavSoft","financeiro"," and (M.DescontoValor > 0)","D:\AtelieProd\Equipexe\Exe\LavSoft.exe"
"LavSoft","operacional"," and (M.SitRol=""P"") ","D:\AtelieProd\Equipexe\Exe\LavSoft.exe"
"LavSoft","operacional"," and (not (M.SitRol=""P""))","D:\AtelieProd\Equipexe\Exe\LavSoft.exe"
"LavSoft","fiscal"," And (not(C.Desativado=""S""))","D:\AtelieProd\Equipexe\Exe\LavSoft.exe"
"LavSoft","outro"," And (not(M.Cancelado=""S""))","D:\AtelieProd\Equipexe\Exe\LavSoft.exe"
"LavSoft","operacional"," and (not(M.SitRol=""P"")) ","D:\AtelieProd\Equipexe\Exe\LavSoft.exe"
"LavSoft","operacional"," And (Rol=""","D:\AtelieProd\Equipexe\Exe\LavSoft.exe"
"LavSoft","operacional"," and (SitRol is null)","D:\AtelieProd\Equipexe\Exe\LavSoft.exe"
"LavSoft","fiscal"," and C.Desativado <> ""S"" ","D:\AtelieProd\Equipexe\Exe\LavSoft.exe"
"LavSoft","fiscal"," and C.Desativado = ""S"" ","D:\AtelieProd\Equipexe\Exe\LavSoft.exe"
"LavSoft","operacional"," aparecer no Rol (Seq)","D:\AtelieProd\Equipexe\Exe\LavSoft.exe"
"LavSoft","cadastro"," ativo neste grupo de produtos.","D:\AtelieProd\Equipexe\Exe\LavSoft.exe"
"LavSoft","cadastro"," Atualizando Clientes","D:\AtelieProd\Equipexe\Exe\LavSoft.exe"
"LavSoft","fiscal"," baixada na Nota N","D:\AtelieProd\Equipexe\Exe\LavSoft.exe"
"LavSoft","financeiro"," baixada no financeiro","D:\AtelieProd\Equipexe\Exe\LavSoft.exe"
"LavSoft","fiscal"," baixado na nota N","D:\AtelieProd\Equipexe\Exe\LavSoft.exe"
"LavSoft","outro"," BDE 98 - Configura","D:\AtelieProd\Equipexe\Exe\LavSoft.exe"
"LavSoft","outro"," Cancelada","D:\AtelieProd\Equipexe\Exe\LavSoft.exe"
"LavSoft","outro"," Cancelado","D:\AtelieProd\Equipexe\Exe\LavSoft.exe"
"LavSoft","outro"," Cancelado de","D:\AtelieProd\Equipexe\Exe\LavSoft.exe"
"LavSoft","outro"," Cancelado,","D:\AtelieProd\Equipexe\Exe\LavSoft.exe"
"LavSoft","outro"," cancelado. Confirma o extorno do Cancelamento","D:\AtelieProd\Equipexe\Exe\LavSoft.exe"
"LavSoft","outro"," Cancelados De: ","D:\AtelieProd\Equipexe\Exe\LavSoft.exe"
"LavSoft","relatorio/impressao"," CFDestravaImpressoraFiscal1Click","D:\AtelieProd\Equipexe\Exe\LavSoft.exe"
"LavSoft","cadastro"," CLIENTE DEVE TER EM SEU ESTOQUE:","D:\AtelieProd\Equipexe\Exe\LavSoft.exe"
"LavSoft","cadastro"," CLIENTE GERADO AUTOM. PELO SISTEMA","D:\AtelieProd\Equipexe\Exe\LavSoft.exe"
"LavSoft","cadastro"," cliente, para que juntos possamos analisar as necessidades ","D:\AtelieProd\Equipexe\Exe\LavSoft.exe"
"LavSoft","cadastro"," Cliente: ","D:\AtelieProd\Equipexe\Exe\LavSoft.exe"
"LavSoft","cadastro"," Cliente.: ","D:\AtelieProd\Equipexe\Exe\LavSoft.exe"
"LavSoft","operacional"," colocado em estoque","D:\AtelieProd\Equipexe\Exe\LavSoft.exe"
"LavSoft","financeiro"," como desconto","D:\AtelieProd\Equipexe\Exe\LavSoft.exe"
"LavSoft","outro"," configurado para usar o local","D:\AtelieProd\Equipexe\Exe\LavSoft.exe"
"LavSoft","operacional"," CONTROLE DE ENTREGA ","D:\AtelieProd\Equipexe\Exe\LavSoft.exe"
"LavSoft","operacional"," Controle Interno de Intrega","D:\AtelieProd\Equipexe\Exe\LavSoft.exe"
"LavSoft","fiscal"," da Nota","D:\AtelieProd\Equipexe\Exe\LavSoft.exe"
"LavSoft","fiscal"," da Nota Fiscal","D:\AtelieProd\Equipexe\Exe\LavSoft.exe"
"LavSoft","fiscal"," da Nota: ","D:\AtelieProd\Equipexe\Exe\LavSoft.exe"
"LavSoft","financeiro"," de Desconto = R$ ","D:\AtelieProd\Equipexe\Exe\LavSoft.exe"
"LavSoft","relatorio/impressao"," desabilitado ao visualizar o relat","D:\AtelieProd\Equipexe\Exe\LavSoft.exe"
"LavSoft","cadastro"," desmarcar este SubGrupo de produtos e limpar os valores atribu","D:\AtelieProd\Equipexe\Exe\LavSoft.exe"
"LavSoft","cadastro"," deve ser alterado para produtos com tipo de controle diferente de S/ Controle.","D:\AtelieProd\Equipexe\Exe\LavSoft.exe"
"LavSoft","cadastro"," do Cliente ","D:\AtelieProd\Equipexe\Exe\LavSoft.exe"
"LavSoft","operacional"," do ROL","D:\AtelieProd\Equipexe\Exe\LavSoft.exe"
"LavSoft","operacional"," do Rol que se encontra no Local","D:\AtelieProd\Equipexe\Exe\LavSoft.exe"
"LavSoft","operacional"," em estoque","D:\AtelieProd\Equipexe\Exe\LavSoft.exe"
"LavSoft","operacional"," em Estoque. ","D:\AtelieProd\Equipexe\Exe\LavSoft.exe"
"LavSoft","relatorio/impressao"," em modo de impress","D:\AtelieProd\Equipexe\Exe\LavSoft.exe"
"LavSoft","fiscal"," emitido nota - N","D:\AtelieProd\Equipexe\Exe\LavSoft.exe"
"LavSoft","outro"," emitido pela Entrega das Pe","D:\AtelieProd\Equipexe\Exe\LavSoft.exe"
"LavSoft","outro"," ENTREGAS DO DIA ","D:\AtelieProd\Equipexe\Exe\LavSoft.exe"
"LavSoft","operacional"," esta em Estoque, Opera","D:\AtelieProd\Equipexe\Exe\LavSoft.exe"
"LavSoft","operacional"," esta em Uso pelo Rol N","D:\AtelieProd\Equipexe\Exe\LavSoft.exe"
"LavSoft","relatorio/impressao"," exibida no campo ""Entrega"" do relat","D:\AtelieProd\Equipexe\Exe\LavSoft.exe"
"LavSoft","operacional"," Existe um Adiantamento para este Rol","D:\AtelieProd\Equipexe\Exe\LavSoft.exe"
"LavSoft","financeiro"," FINANCEIRO ","D:\AtelieProd\Equipexe\Exe\LavSoft.exe"
"LavSoft","fiscal"," Fixada (Nota Fiscal)","D:\AtelieProd\Equipexe\Exe\LavSoft.exe"
"LavSoft","fiscal"," foi baixado na nota","D:\AtelieProd\Equipexe\Exe\LavSoft.exe"
"LavSoft","fiscal"," foi emitido nota.","D:\AtelieProd\Equipexe\Exe\LavSoft.exe"
"LavSoft","operacional"," foi Entregue, Utilize o F7 para Voltar ao Estoque","D:\AtelieProd\Equipexe\Exe\LavSoft.exe"
"LavSoft","outro"," foi marcado para entrega, ","D:\AtelieProd\Equipexe\Exe\LavSoft.exe"
"LavSoft","operacional"," Grava Rol para futuras compa","D:\AtelieProd\Equipexe\Exe\LavSoft.exe"
"LavSoft","operacional"," group by O.CodCli, O.Rol, O.DatLan,O.DatEnt,O.NumOS, O.RolOrc, O.Cancelado,OI.Rol, OI.CodPro, OI.SeqPro, OI.Quantidade,OI.CodLoc, OI.Peso,OI.CodCor, C.CodCli,C.Unidade,C.EndCli,C.NomCli,P.CodPro, P.DesPro, P.TipoControle","D:\AtelieProd\Equipexe\Exe\LavSoft.exe"
"LavSoft","operacional"," Group By Rol, CodPro, SeqPro","D:\AtelieProd\Equipexe\Exe\LavSoft.exe"
"LavSoft","operacional"," Group By Rol,CodPro,SeqPro, CodSerTer","D:\AtelieProd\Equipexe\Exe\LavSoft.exe"
"LavSoft","operacional"," Group By Rol,CodPro,SeqPro,CodSerTer,Identif,Quantidade","D:\AtelieProd\Equipexe\Exe\LavSoft.exe"
"LavSoft","cadastro"," Grupo Cliente: ","D:\AtelieProd\Equipexe\Exe\LavSoft.exe"
"LavSoft","cadastro"," Guarda o ultimo cliente digitado","D:\AtelieProd\Equipexe\Exe\LavSoft.exe"
"LavSoft","relatorio/impressao"," Impresso todos os Clientes, Confirma a Impress","D:\AtelieProd\Equipexe\Exe\LavSoft.exe"
"LavSoft","fiscal"," imprimir a nota mesmo assim","D:\AtelieProd\Equipexe\Exe\LavSoft.exe"
"LavSoft","operacional"," Informe a altura do corte do Rol","D:\AtelieProd\Equipexe\Exe\LavSoft.exe"
"LavSoft","fiscal"," INTERVALO DE NOTAS (Faturamento)","D:\AtelieProd\Equipexe\Exe\LavSoft.exe"
"LavSoft","operacional"," levar os registros do controle de entrada c/ ou s/ quantidade","D:\AtelieProd\Equipexe\Exe\LavSoft.exe"
"LavSoft","operacional"," localizado o Rol mais pr","D:\AtelieProd\Equipexe\Exe\LavSoft.exe"
"LavSoft","cadastro"," LocalizaProdutopelaDescrio1Click","D:\AtelieProd\Equipexe\Exe\LavSoft.exe"
"LavSoft","relatorio/impressao"," menor que a ultima impressa","D:\AtelieProd\Equipexe\Exe\LavSoft.exe"
"LavSoft","operacional"," Menor que o Total do Rol, Deseja Efetuar a Diferen","D:\AtelieProd\Equipexe\Exe\LavSoft.exe"
"LavSoft","fiscal"," MensagemPrFixadaNotaFiscal1Click","D:\AtelieProd\Equipexe\Exe\LavSoft.exe"
"LavSoft","cadastro"," Movimento Por Produto e Servi","D:\AtelieProd\Equipexe\Exe\LavSoft.exe"
"LavSoft","fiscal"," NFENotafiscaleletrnicadeservios1","D:\AtelieProd\Equipexe\Exe\LavSoft.exe"
"LavSoft","operacional"," no Rol N","D:\AtelieProd\Equipexe\Exe\LavSoft.exe"
"LavSoft","fiscal"," Nota","D:\AtelieProd\Equipexe\Exe\LavSoft.exe"
"LavSoft","fiscal"," Nota Fiscal de ","D:\AtelieProd\Equipexe\Exe\LavSoft.exe"
"LavSoft","fiscal"," NOTA: ","D:\AtelieProd\Equipexe\Exe\LavSoft.exe"
"LavSoft","fiscal"," Nota.:","D:\AtelieProd\Equipexe\Exe\LavSoft.exe"
"LavSoft","relatorio/impressao"," o final da impress","D:\AtelieProd\Equipexe\Exe\LavSoft.exe"
"LavSoft","cadastro"," Obs.: Codigo Cliente: ","D:\AtelieProd\Equipexe\Exe\LavSoft.exe"
"LavSoft","operacional"," ocupado Rol ","D:\AtelieProd\Equipexe\Exe\LavSoft.exe"
"LavSoft","cadastro"," On(C.CodCli=G.Chave1 And G.Arquivo=""CLIENTES"")","D:\AtelieProd\Equipexe\Exe\LavSoft.exe"
"LavSoft","cadastro"," Ordem: Produto","D:\AtelieProd\Equipexe\Exe\LavSoft.exe"
"LavSoft","operacional"," Ordem: Rol","D:\AtelieProd\Equipexe\Exe\LavSoft.exe"
"LavSoft","autenticacao/permissao"," Order By L.CodUsuario,L.Sistema,L.Tipo,L.Data","D:\AtelieProd\Equipexe\Exe\LavSoft.exe"
"LavSoft","operacional"," Order By M.CodPas,M.Rol","D:\AtelieProd\Equipexe\Exe\LavSoft.exe"
"LavSoft","operacional"," Order By N.RolPrincip","D:\AtelieProd\Equipexe\Exe\LavSoft.exe"
"LavSoft","autenticacao/permissao"," Order By NomUsuario","D:\AtelieProd\Equipexe\Exe\LavSoft.exe"
"LavSoft","operacional"," order by O.CodCli, O.Rol ","D:\AtelieProd\Equipexe\Exe\LavSoft.exe"
"LavSoft","operacional"," Order By Rol","D:\AtelieProd\Equipexe\Exe\LavSoft.exe"
"LavSoft","operacional"," Order By Rol,CodPro,SeqPro","D:\AtelieProd\Equipexe\Exe\LavSoft.exe"
"LavSoft","outro"," os parametros","D:\AtelieProd\Equipexe\Exe\LavSoft.exe"
"LavSoft","operacional"," Pagar - Estoque","D:\AtelieProd\Equipexe\Exe\LavSoft.exe"
"LavSoft","operacional"," Pagar - Estoque/Produ","D:\AtelieProd\Equipexe\Exe\LavSoft.exe"
"LavSoft","operacional"," Pagar Estoque","D:\AtelieProd\Equipexe\Exe\LavSoft.exe"
"LavSoft","operacional"," pagar varios rols...","D:\AtelieProd\Equipexe\Exe\LavSoft.exe"
"LavSoft","outro"," Pago, Deseja Cancelar o Pagamento","D:\AtelieProd\Equipexe\Exe\LavSoft.exe"
"LavSoft","operacional"," PECAS EM ABERTO ","D:\AtelieProd\Equipexe\Exe\LavSoft.exe"
"LavSoft","outro"," Pergunta antes de marcar Entrega","D:\AtelieProd\Equipexe\Exe\LavSoft.exe"
"LavSoft","outro"," pode ser cancelado o ultimo cupom fiscal","D:\AtelieProd\Equipexe\Exe\LavSoft.exe"
"LavSoft","outro"," pode ser Cancelado, ultimo cupom fiscal","D:\AtelieProd\Equipexe\Exe\LavSoft.exe"
"LavSoft","outro"," pode ser efetuado no Dia do Cancelamento,","D:\AtelieProd\Equipexe\Exe\LavSoft.exe"
"LavSoft","autenticacao/permissao"," pode ser feito o cancelamento com permiss","D:\AtelieProd\Equipexe\Exe\LavSoft.exe"
"LavSoft","cadastro"," POR PRODUTO","D:\AtelieProd\Equipexe\Exe\LavSoft.exe"
"LavSoft","outro"," preciso cancelar o lan","D:\AtelieProd\Equipexe\Exe\LavSoft.exe"
"LavSoft","cadastro"," Produto: ","D:\AtelieProd\Equipexe\Exe\LavSoft.exe"
"LavSoft","cadastro"," PRODUTOS","D:\AtelieProd\Equipexe\Exe\LavSoft.exe"
"LavSoft","autenticacao/permissao"," protegida com senha","D:\AtelieProd\Equipexe\Exe\LavSoft.exe"
"LavSoft","relatorio/impressao"," relat","D:\AtelieProd\Equipexe\Exe\LavSoft.exe"
"LavSoft","operacional"," ROL      = ","D:\AtelieProd\Equipexe\Exe\LavSoft.exe"
"LavSoft","operacional"," Rol   Entr. ","D:\AtelieProd\Equipexe\Exe\LavSoft.exe"
"LavSoft","operacional"," Rol Cancelado ","D:\AtelieProd\Equipexe\Exe\LavSoft.exe"
"LavSoft","operacional"," Rol: ","D:\AtelieProd\Equipexe\Exe\LavSoft.exe"
"LavSoft","operacional"," Rol(s)","D:\AtelieProd\Equipexe\Exe\LavSoft.exe"
"LavSoft","outro"," selecionada, deseja cancelar a Entrega?","D:\AtelieProd\Equipexe\Exe\LavSoft.exe"
"LavSoft","outro"," selecionada, deseja cancelar o Pagamento?","D:\AtelieProd\Equipexe\Exe\LavSoft.exe"
"LavSoft","outro"," Select MA.CodMar, MA.DesMar, MA.Cancelado ","D:\AtelieProd\Equipexe\Exe\LavSoft.exe"
"LavSoft","outro"," Select MA.CodMar, MA.DesMar, MA.Cancelado, MG.CodMar, MG.GruPro ","D:\AtelieProd\Equipexe\Exe\LavSoft.exe"
"LavSoft","fiscal"," sendo desativado, ","D:\AtelieProd\Equipexe\Exe\LavSoft.exe"
"LavSoft","autenticacao/permissao"," Tb_MovCabCodUsuario.DisplayWidth","D:\AtelieProd\Equipexe\Exe\LavSoft.exe"
"LavSoft","outro"," Tb_MovCabFixEntrega.DisplayWidth","D:\AtelieProd\Equipexe\Exe\LavSoft.exe"
"LavSoft","operacional"," Tb_MovTmpItTOTPECAS.DisplayWidth","D:\AtelieProd\Equipexe\Exe\LavSoft.exe"
"LavSoft","fiscal"," Usa Caminho do Nota Fiscal","D:\AtelieProd\Equipexe\Exe\LavSoft.exe"
"LavSoft","outro"," Vendedor Alt: ","D:\AtelieProd\Equipexe\Exe\LavSoft.exe"
"LavSoft","outro"," Vendedor: ","D:\AtelieProd\Equipexe\Exe\LavSoft.exe"
"LavSoft","fiscal"," Where ((Desativado is Null) or (Desativado=""N""))","D:\AtelieProd\Equipexe\Exe\LavSoft.exe"
"LavSoft","outro"," Where ((Not(Cancelado=""S"")) or (Cancelado is Null)) And (Not(Baixa=""S"")) And (CodCli=""","D:\AtelieProd\Equipexe\Exe\LavSoft.exe"
"LavSoft","operacional"," Where (CodLoc="""") And (Rol=","D:\AtelieProd\Equipexe\Exe\LavSoft.exe"
"LavSoft","cadastro"," Where (F.Arquivo=""CLIENTES"") Order By Campo","D:\AtelieProd\Equipexe\Exe\LavSoft.exe"
"LavSoft","operacional"," Where (I.Rol=""","D:\AtelieProd\Equipexe\Exe\LavSoft.exe"
"LavSoft","operacional"," Where (I.Rol=M.Rol) ","D:\AtelieProd\Equipexe\Exe\LavSoft.exe"
"LavSoft","operacional"," Where (M.CodCli=C.CodCli) and (M.Rol > ""0"")","D:\AtelieProd\Equipexe\Exe\LavSoft.exe"
"LavSoft","operacional"," Where (M.CodSerLav=S.CodSerLav) And (M.Rol=""","D:\AtelieProd\Equipexe\Exe\LavSoft.exe"
"LavSoft","operacional"," Where (M.Rol = CL.Rol)","D:\AtelieProd\Equipexe\Exe\LavSoft.exe"
"LavSoft","operacional"," Where (M.Rol = MC.Rol)","D:\AtelieProd\Equipexe\Exe\LavSoft.exe"
"LavSoft","operacional"," Where (M.Rol > ""0"")","D:\AtelieProd\Equipexe\Exe\LavSoft.exe"
"LavSoft","outro"," Where (Not(M.Cancelado=""S""))","D:\AtelieProd\Equipexe\Exe\LavSoft.exe"
"LavSoft","outro"," Where (NOT(MA.Cancelado = ""S"")) ","D:\AtelieProd\Equipexe\Exe\LavSoft.exe"
"LavSoft","operacional"," Where (Not(Rol=""""))","D:\AtelieProd\Equipexe\Exe\LavSoft.exe"
"LavSoft","operacional"," Where (Rol=","D:\AtelieProd\Equipexe\Exe\LavSoft.exe"
"LavSoft","operacional"," Where (Rol=""","D:\AtelieProd\Equipexe\Exe\LavSoft.exe"
"LavSoft","operacional"," Where Controle1=""","D:\AtelieProd\Equipexe\Exe\LavSoft.exe"
"LavSoft","operacional"," WHERE I.Rol = ","D:\AtelieProd\Equipexe\Exe\LavSoft.exe"
"LavSoft","cadastro","-          ""c:\EquipExe\Ger\Dados\Clientes"" C,","D:\AtelieProd\Equipexe\Exe\LavSoft.exe"
"LavSoft","cadastro","- Agrupado por cliente","D:\AtelieProd\Equipexe\Exe\LavSoft.exe"
"LavSoft","outro","- Agrupado por data de entrega","D:\AtelieProd\Equipexe\Exe\LavSoft.exe"
"LavSoft","outro","- Cancelamento de: ","D:\AtelieProd\Equipexe\Exe\LavSoft.exe"
"LavSoft","fiscal","- Desativado: ","D:\AtelieProd\Equipexe\Exe\LavSoft.exe"
"LavSoft","cadastro","- Ordenando por produtos","D:\AtelieProd\Equipexe\Exe\LavSoft.exe"
"LavSoft","operacional","- Ordenando por Rol","D:\AtelieProd\Equipexe\Exe\LavSoft.exe"
"LavSoft","cadastro","-2a Ord.: Cliente","D:\AtelieProd\Equipexe\Exe\LavSoft.exe"
"LavSoft","outro","-2a Ord.: Entrega Prev.","D:\AtelieProd\Equipexe\Exe\LavSoft.exe"
"LavSoft","outro","-2a Ord.: Entrega Real.","D:\AtelieProd\Equipexe\Exe\LavSoft.exe"
"LavSoft","operacional","-2a Ord.: Rol","D:\AtelieProd\Equipexe\Exe\LavSoft.exe"
"LavSoft","cadastro","-Agrup.: Cliente","D:\AtelieProd\Equipexe\Exe\LavSoft.exe"
"LavSoft","outro","-Agrup.: Entrega Prev.","D:\AtelieProd\Equipexe\Exe\LavSoft.exe"
"LavSoft","outro","-Agrup.: Entrega Real.","D:\AtelieProd\Equipexe\Exe\LavSoft.exe"
"LavSoft","outro","-Agrup.: Vendedor","D:\AtelieProd\Equipexe\Exe\LavSoft.exe"
"LavSoft","outro","-Apenas Cancelado","D:\AtelieProd\Equipexe\Exe\LavSoft.exe"
"LavSoft","operacional","-Campo: Rol","D:\AtelieProd\Equipexe\Exe\LavSoft.exe"
"LavSoft","outro","-Cancela|Cancela a tabela de pre","D:\AtelieProd\Equipexe\Exe\LavSoft.exe"
"LavSoft","outro","-Cancelados Ate: ","D:\AtelieProd\Equipexe\Exe\LavSoft.exe"
"LavSoft","cadastro","-Cliente: ","D:\AtelieProd\Equipexe\Exe\LavSoft.exe"
"LavSoft","cadastro","-Envia e-mail automaticamente para os clientes","D:\AtelieProd\Equipexe\Exe\LavSoft.exe"
"LavSoft","fiscal","-Fixada ( Nota Fiscal )","D:\AtelieProd\Equipexe\Exe\LavSoft.exe"
"LavSoft","operacional","-Fixada (SubRol)","D:\AtelieProd\Equipexe\Exe\LavSoft.exe"
"LavSoft","cadastro","-Grupo Produto: ","D:\AtelieProd\Equipexe\Exe\LavSoft.exe"
"LavSoft","fiscal","-Nota Fiscal: Com Notas","D:\AtelieProd\Equipexe\Exe\LavSoft.exe"
"LavSoft","fiscal","-Nota Fiscal: Sem Notas","D:\AtelieProd\Equipexe\Exe\LavSoft.exe"
"LavSoft","operacional","-Posicao: Estoque","D:\AtelieProd\Equipexe\Exe\LavSoft.exe"
"LavSoft","cadastro","-Produto:","D:\AtelieProd\Equipexe\Exe\LavSoft.exe"
"LavSoft","operacional","-Rol: ","D:\AtelieProd\Equipexe\Exe\LavSoft.exe"
"LavSoft","operacional","-Rol/Loc:","D:\AtelieProd\Equipexe\Exe\LavSoft.exe"
"LavSoft","financeiro","-Tipo Desconto: Adiantamento","D:\AtelieProd\Equipexe\Exe\LavSoft.exe"
"LavSoft","financeiro","-Tipo Desconto: Faturamento","D:\AtelieProd\Equipexe\Exe\LavSoft.exe"
"LavSoft","fiscal","-Tipo Nota.: ","D:\AtelieProd\Equipexe\Exe\LavSoft.exe"
"LavSoft","autenticacao/permissao","-Usuario: ","D:\AtelieProd\Equipexe\Exe\LavSoft.exe"
"LavSoft","outro","-Vendedor: ","D:\AtelieProd\Equipexe\Exe\LavSoft.exe"
"LavSoft","operacional","-Where (I.CodPro=P.CodPro) And (I.Rol=M.Rol)  ","D:\AtelieProd\Equipexe\Exe\LavSoft.exe"
"LavSoft","cadastro",",          ""c:\EquipExe\Ger\Dados\Clientes"" C","D:\AtelieProd\Equipexe\Exe\LavSoft.exe"
"LavSoft","cadastro",",         ""c:\EquipExe\Ger\Dados\Clientes""  C","D:\AtelieProd\Equipexe\Exe\LavSoft.exe"
"LavSoft","cadastro",", Agrupado por cliente","D:\AtelieProd\Equipexe\Exe\LavSoft.exe"
"LavSoft","operacional",", conflito Rol ","D:\AtelieProd\Equipexe\Exe\LavSoft.exe"
"LavSoft","operacional",", M.OBSROL, C.ROTEIRO, ","D:\AtelieProd\Equipexe\Exe\LavSoft.exe"
"LavSoft","fiscal",", NomCli,CodCli, Roteiro,FisJur,CodEmpree,GruCli,GruCli2,GruCli3,GruCli4,Desativado, CodTab","D:\AtelieProd\Equipexe\Exe\LavSoft.exe"
"LavSoft","operacional",", Rol, CodPro ,Situacao","D:\AtelieProd\Equipexe\Exe\LavSoft.exe"
"LavSoft","relatorio/impressao",",|Quantidade de etiquetas impressas no Lancto","D:\AtelieProd\Equipexe\Exe\LavSoft.exe"
"LavSoft","relatorio/impressao",",Bloqueia nos Relat","D:\AtelieProd\Equipexe\Exe\LavSoft.exe"
"LavSoft","operacional",",Corta Recibo Pag.Rol (Mod. 4 CBM 1000 ou 24)","D:\AtelieProd\Equipexe\Exe\LavSoft.exe"
"LavSoft","operacional",",M.DatEntRol","D:\AtelieProd\Equipexe\Exe\LavSoft.exe"
"LavSoft","relatorio/impressao",",Utilizar dados personalizados para impress","D:\AtelieProd\Equipexe\Exe\LavSoft.exe"
"LavSoft","cadastro",";                      ""C:\EquipExe\Ger\Dados\Clientes.Db"" C","D:\AtelieProd\Equipexe\Exe\LavSoft.exe"
"LavSoft","relatorio/impressao",";Utilizado para o modelo 23 e impress","D:\AtelieProd\Equipexe\Exe\LavSoft.exe"
"LavSoft","cadastro",":                       ""c:\EquipExe\Ger\Dados\Clientes"" C,","D:\AtelieProd\Equipexe\Exe\LavSoft.exe"
"LavSoft","outro",":\EquipExe\EquipeParam.ini","D:\AtelieProd\Equipexe\Exe\LavSoft.exe"
"LavSoft","fiscal",":\EquipExe\EquSat","D:\AtelieProd\Equipexe\Exe\LavSoft.exe"
"LavSoft","fiscal",":\EquipExe\EquSat.Ini","D:\AtelieProd\Equipexe\Exe\LavSoft.exe"
"LavSoft","fiscal",":\EquipExe\Exe\Anotacoes.Exe","D:\AtelieProd\Equipexe\Exe\LavSoft.exe"
"LavSoft","outro",":\EquipExe\Exe\Backup.Exe","D:\AtelieProd\Equipexe\Exe\LavSoft.exe"
"LavSoft","operacional",":\EquipExe\Exe\ControlaBloq.exe","D:\AtelieProd\Equipexe\Exe\LavSoft.exe"
"LavSoft","operacional",":\EquipExe\Exe\ControlaBloq.exe X","D:\AtelieProd\Equipexe\Exe\LavSoft.exe"
"LavSoft","operacional",":\EquipExe\Exe\Estoque.Exe","D:\AtelieProd\Equipexe\Exe\LavSoft.exe"
"LavSoft","fiscal",":\Equipexe\Exe\NFE.Exe","D:\AtelieProd\Equipexe\Exe\LavSoft.exe"
"LavSoft","outro",":\EquipExe\Exe\Parametros.Exe","D:\AtelieProd\Equipexe\Exe\LavSoft.exe"
"LavSoft","autenticacao/permissao",":\EquipExe\Exe\Senhas.Exe","D:\AtelieProd\Equipexe\Exe\LavSoft.exe"
"LavSoft","outro",":\EquipExe\Exe\Sincronizar.Exe","D:\AtelieProd\Equipexe\Exe\LavSoft.exe"
"LavSoft","operacional",":\EquipExe\Figuras\Rol","D:\AtelieProd\Equipexe\Exe\LavSoft.exe"
"LavSoft","outro",":\Equipexe\Sincroniza\Nuvem\","D:\AtelieProd\Equipexe\Exe\LavSoft.exe"
"LavSoft","outro",":\Equipexe\Sincroniza\Nuvem\Envio\","D:\AtelieProd\Equipexe\Exe\LavSoft.exe"
"LavSoft","cadastro",":Clientes"" C","D:\AtelieProd\Equipexe\Exe\LavSoft.exe"
"LavSoft","cadastro",":Clientes"" C ","D:\AtelieProd\Equipexe\Exe\LavSoft.exe"
"LavSoft","cadastro",":Clientes"" C    ","D:\AtelieProd\Equipexe\Exe\LavSoft.exe"
"LavSoft","cadastro",":Clientes"" C ON C.CodCli = M.CodCli ","D:\AtelieProd\Equipexe\Exe\LavSoft.exe"
"LavSoft","cadastro",":Localiza o cliente pelo n","D:\AtelieProd\Equipexe\Exe\LavSoft.exe"
"LavSoft","operacional",":MovCab"" M on (O.RolOrc=M.Rol)","D:\AtelieProd\Equipexe\Exe\LavSoft.exe"
"LavSoft","operacional",":MovItem"" MI on (M.Rol=MI.Rol) and (OI.CodPro = MI.CodPro)","D:\AtelieProd\Equipexe\Exe\LavSoft.exe"
"LavSoft","fiscal",":NotaFisPag"" ","D:\AtelieProd\Equipexe\Exe\LavSoft.exe"
"LavSoft","fiscal",":Notas""    N, ","D:\AtelieProd\Equipexe\Exe\LavSoft.exe"
"LavSoft","fiscal",":Notas"" N","D:\AtelieProd\Equipexe\Exe\LavSoft.exe"
"LavSoft","fiscal",":Notas"" N ","D:\AtelieProd\Equipexe\Exe\LavSoft.exe"
"LavSoft","fiscal",":Notas"" N ON N.CodCli = M.CodCli","D:\AtelieProd\Equipexe\Exe\LavSoft.exe"
"LavSoft","relatorio/impressao",":Oculta Impress","D:\AtelieProd\Equipexe\Exe\LavSoft.exe"
"LavSoft","operacional",":OrcItem"" OI on (O.Rol=OI.Rol)","D:\AtelieProd\Equipexe\Exe\LavSoft.exe"
"LavSoft","operacional",":OrcItem"" OI on (OI.Rol=O.Rol)","D:\AtelieProd\Equipexe\Exe\LavSoft.exe"
"LavSoft","cadastro",":Para manter o produto zerado,bloqueando altera","D:\AtelieProd\Equipexe\Exe\LavSoft.exe"
"LavSoft","cadastro",":Recupera Produtos Excluidos|Recupera o lan","D:\AtelieProd\Equipexe\Exe\LavSoft.exe"
"LavSoft","operacional",":RESPECTIVA LAVAGEM.   3 - A ROUPA N","D:\AtelieProd\Equipexe\Exe\LavSoft.exe"
"LavSoft","operacional","!&Efetua Entrada do Rol em Estoque","D:\AtelieProd\Equipexe\Exe\LavSoft.exe"
"LavSoft","outro","!Cancela|Cancela Grupo selecionado","D:\AtelieProd\Equipexe\Exe\LavSoft.exe"
"LavSoft","operacional","!Controlar Data Lan","D:\AtelieProd\Equipexe\Exe\LavSoft.exe"
"LavSoft","outro","!DescriodaFilialnoRodapParametros1","D:\AtelieProd\Equipexe\Exe\LavSoft.exe"
"LavSoft","outro","!Fixa hora de Entrega (Param","D:\AtelieProd\Equipexe\Exe\LavSoft.exe"
"LavSoft","cadastro","!Movimento Por Produto (Anal","D:\AtelieProd\Equipexe\Exe\LavSoft.exe"
"LavSoft","fiscal","!MovimentoResumidoNotaFiscal1Click","D:\AtelieProd\Equipexe\Exe\LavSoft.exe"
"LavSoft","fiscal","!Passador(a)/Lavador(a)/Conferente","D:\AtelieProd\Equipexe\Exe\LavSoft.exe"
"LavSoft","relatorio/impressao","!Processamento do relat","D:\AtelieProd\Equipexe\Exe\LavSoft.exe"
"LavSoft","cadastro","!Procura clientes|Procura clientes","D:\AtelieProd\Equipexe\Exe\LavSoft.exe"
"LavSoft","relatorio/impressao","!RELAT","D:\AtelieProd\Equipexe\Exe\LavSoft.exe"
"LavSoft","relatorio/impressao","!RelatriodePassadoriaProduto1Click","D:\AtelieProd\Equipexe\Exe\LavSoft.exe"
"LavSoft","cadastro","!Somente clientes com ","D:\AtelieProd\Equipexe\Exe\LavSoft.exe"
"LavSoft","cadastro","!Tb_ClientesCodCliSec.DisplayWidth","D:\AtelieProd\Equipexe\Exe\LavSoft.exe"
"LavSoft","operacional","!Tb_MovCabRolAnterior.DisplayWidth","D:\AtelieProd\Equipexe\Exe\LavSoft.exe"
"LavSoft","operacional","!VerificaodePreoUnitriodoRol1Click","D:\AtelieProd\Equipexe\Exe\LavSoft.exe"
"LavSoft","cadastro",".[ Clientes que n","D:\AtelieProd\Equipexe\Exe\LavSoft.exe"
"LavSoft","operacional",".Cancela somente registros sem rols vinculados.","D:\AtelieProd\Equipexe\Exe\LavSoft.exe"
"LavSoft","outro",".Consulta|Consulta a Transportadora selecionada","D:\AtelieProd\Equipexe\Exe\LavSoft.exe"
"LavSoft","outro",".Consulta|Consulta o fator de pre","D:\AtelieProd\Equipexe\Exe\LavSoft.exe"
"LavSoft","outro",".Consulta|Consulta o tipo de tabela selecionado","D:\AtelieProd\Equipexe\Exe\LavSoft.exe"
"LavSoft","operacional",".Local do Rol que ultrapassou o limite de pe","D:\AtelieProd\Equipexe\Exe\LavSoft.exe"
"LavSoft","operacional",".Margem - Titulo Rol (Jato Tinta)   Padr","D:\AtelieProd\Equipexe\Exe\LavSoft.exe"
"LavSoft","outro","'Cancela|Cancela Passadeiras selecionada","D:\AtelieProd\Equipexe\Exe\LavSoft.exe"
"LavSoft","outro","'Consulta|Consulta a Entrada selecionada","D:\AtelieProd\Equipexe\Exe\LavSoft.exe"
"LavSoft","outro","'Consulta|Consulta a Esp","D:\AtelieProd\Equipexe\Exe\LavSoft.exe"
"LavSoft","outro","'Consulta|Consulta o defeito selecionado","D:\AtelieProd\Equipexe\Exe\LavSoft.exe"
"LavSoft","outro","'Consulta|Consulta o feriado selecionado","D:\AtelieProd\Equipexe\Exe\LavSoft.exe"
"LavSoft","operacional","'Controle de Produ","D:\AtelieProd\Equipexe\Exe\LavSoft.exe"
"LavSoft","cadastro","'Desmarcatodososprodutoscomapromoo1Click","D:\AtelieProd\Equipexe\Exe\LavSoft.exe"
"LavSoft","fiscal","'from   ""c:\EquipExe\Lav\Filial\Notas""N,","D:\AtelieProd\Equipexe\Exe\LavSoft.exe"
"LavSoft","autenticacao/permissao","'S:\BaseTestes\Usuarios\Carlos\Ger\Dados","D:\AtelieProd\Equipexe\Exe\LavSoft.exe"
"LavSoft","outro","""   ) or (L.Descricao1 LIKE ""%VENDEDOR%"")) ","D:\AtelieProd\Equipexe\Exe\LavSoft.exe"
"LavSoft","outro",""" And (Cancelado is Null)","D:\AtelieProd\Equipexe\Exe\LavSoft.exe"
"LavSoft","operacional",""") And (P.CodPro=I.CodPro) And (M.Rol=""","D:\AtelieProd\Equipexe\Exe\LavSoft.exe"
"LavSoft","fiscal",""") And (TipNota = ""F"") And (not (Cancelada = ""S""))  ","D:\AtelieProd\Equipexe\Exe\LavSoft.exe"
"LavSoft","fiscal","""&Passador(a)/Lavador(a)/Conferente","D:\AtelieProd\Equipexe\Exe\LavSoft.exe"
"LavSoft","outro","""BDE Novo - Configura","D:\AtelieProd\Equipexe\Exe\LavSoft.exe"
"LavSoft","cadastro","""Cadastro de Condi","D:\AtelieProd\Equipexe\Exe\LavSoft.exe"
"LavSoft","cadastro","""Cadastro de Servi","D:\AtelieProd\Equipexe\Exe\LavSoft.exe"
"LavSoft","fiscal","""Cancelamento de Notas (&Intervalo)","D:\AtelieProd\Equipexe\Exe\LavSoft.exe"
"LavSoft","fiscal","""CancelamentodeNotasIntervalo1Click","D:\AtelieProd\Equipexe\Exe\LavSoft.exe"
"LavSoft","financeiro","""CancelamentodoUltimoEncerramCaixa1(","D:\AtelieProd\Equipexe\Exe\LavSoft.exe"
"LavSoft","financeiro","""ControlaDescontosporCadastri1Click","D:\AtelieProd\Equipexe\Exe\LavSoft.exe"
"LavSoft","financeiro","""Desconto para Pagamento Antecipado","D:\AtelieProd\Equipexe\Exe\LavSoft.exe"
"LavSoft","cadastro","""Desmarcatodososprodutoscomapromoo1","D:\AtelieProd\Equipexe\Exe\LavSoft.exe"
"LavSoft","financeiro","""Enc.Caixa Sabado/Domingos/Feriados","D:\AtelieProd\Equipexe\Exe\LavSoft.exe"
"LavSoft","cadastro","""Localiza Cliente Por Identifica","D:\AtelieProd\Equipexe\Exe\LavSoft.exe"
"LavSoft","cadastro","""MovimentoPorServicoSintetico1Click","D:\AtelieProd\Equipexe\Exe\LavSoft.exe"
"LavSoft","cadastro","""MovimentoPorServicoSintetico1Click ","D:\AtelieProd\Equipexe\Exe\LavSoft.exe"
"LavSoft","relatorio/impressao","""Relat","D:\AtelieProd\Equipexe\Exe\LavSoft.exe"
"LavSoft","cadastro","""Resumo de Fa&turamento por Produto","D:\AtelieProd\Equipexe\Exe\LavSoft.exe"
"LavSoft","operacional","(    Rol               OS            Data","D:\AtelieProd\Equipexe\Exe\LavSoft.exe"
"LavSoft","outro","( Cancelado = '' )","D:\AtelieProd\Equipexe\Exe\LavSoft.exe"
"LavSoft","outro","( Not( Cancelado=","D:\AtelieProd\Equipexe\Exe\LavSoft.exe"
"LavSoft","financeiro","(-)Desconto","D:\AtelieProd\Equipexe\Exe\LavSoft.exe"
"LavSoft","financeiro","(( - ) Desconto - F6                    %","D:\AtelieProd\Equipexe\Exe\LavSoft.exe"
"LavSoft","cadastro","(** Produto n","D:\AtelieProd\Equipexe\Exe\LavSoft.exe"
"LavSoft","operacional","(+)Rol:","D:\AtelieProd\Equipexe\Exe\LavSoft.exe"
"LavSoft","operacional","(+)Rol:****","D:\AtelieProd\Equipexe\Exe\LavSoft.exe"
"LavSoft","financeiro","(Caixa)","D:\AtelieProd\Equipexe\Exe\LavSoft.exe"
"LavSoft","outro","(Cancela|Cancela tipo entrada selecionado","D:\AtelieProd\Equipexe\Exe\LavSoft.exe"
"LavSoft","autenticacao/permissao","(Cancelado <> 'C') and (TipUsuario <> 'C')","D:\AtelieProd\Equipexe\Exe\LavSoft.exe"
"LavSoft","outro","(Cancelado='' )","D:\AtelieProd\Equipexe\Exe\LavSoft.exe"
"LavSoft","outro","(Cancelado='') And  ((GruSubC='') Or   (GruSubC='","D:\AtelieProd\Equipexe\Exe\LavSoft.exe"
"LavSoft","cadastro","(Consulta|Consulta do cliente selecionado","D:\AtelieProd\Equipexe\Exe\LavSoft.exe"
"LavSoft","cadastro","(Consulta|Consulta do produto selecionado","D:\AtelieProd\Equipexe\Exe\LavSoft.exe"
"LavSoft","outro","(Consulta|Consulta o Material selecionado","D:\AtelieProd\Equipexe\Exe\LavSoft.exe"
"LavSoft","outro","(Consulta|Consulta Passadeira selecionada","D:\AtelieProd\Equipexe\Exe\LavSoft.exe"
"LavSoft","fiscal","(NFE - Nota fiscal eletr","D:\AtelieProd\Equipexe\Exe\LavSoft.exe"
"LavSoft","cadastro","(not( (C.CodCli=G.Chave1) And (G.Arquivo=""CLIENTES"") And (Not G.Campo is null) ))","D:\AtelieProd\Equipexe\Exe\LavSoft.exe"
"LavSoft","fiscal","(not(Cancelada='S')) and (TipNota<>'C')","D:\AtelieProd\Equipexe\Exe\LavSoft.exe"
"LavSoft","outro","(Not(Cancelado='S'))","D:\AtelieProd\Equipexe\Exe\LavSoft.exe"
"LavSoft","outro","(Recibo Entrega, informe quando deve sair","D:\AtelieProd\Equipexe\Exe\LavSoft.exe"
"LavSoft","operacional","(Rol =","D:\AtelieProd\Equipexe\Exe\LavSoft.exe"
"LavSoft","operacional","(Rol=0) and (not(Cancelado='S'))","D:\AtelieProd\Equipexe\Exe\LavSoft.exe"
"LavSoft","financeiro","(Soma desconto do anivers","D:\AtelieProd\Equipexe\Exe\LavSoft.exe"
"LavSoft","relatorio/impressao","(Tipo da impress","D:\AtelieProd\Equipexe\Exe\LavSoft.exe"
"LavSoft","operacional",") and (Rol<=0))  ","D:\AtelieProd\Equipexe\Exe\LavSoft.exe"
"LavSoft","fiscal",") Or (M.NumNotAdi=","D:\AtelieProd\Equipexe\Exe\LavSoft.exe"
"LavSoft","fiscal",") or (NumNotAdi=","D:\AtelieProd\Equipexe\Exe\LavSoft.exe"
"LavSoft","outro",")(TipFpg <> 'PD') And (not(Cancelado='S'))","D:\AtelieProd\Equipexe\Exe\LavSoft.exe"
"LavSoft","outro",")) and (Not(Cancelado  =","D:\AtelieProd\Equipexe\Exe\LavSoft.exe"
"LavSoft","cadastro",")&Fazer todos os Clientes Individualizados","D:\AtelieProd\Equipexe\Exe\LavSoft.exe"
"LavSoft","autenticacao/permissao",")Bloqueia Cancelamento (Usuario Digitador)","D:\AtelieProd\Equipexe\Exe\LavSoft.exe"
"LavSoft","cadastro",")Consulta|Consulta do Cadastro selecionado","D:\AtelieProd\Equipexe\Exe\LavSoft.exe"
"LavSoft","financeiro",")Consulta|Consulta do Desconto selecionado","D:\AtelieProd\Equipexe\Exe\LavSoft.exe"
"LavSoft","cadastro",")Desmarca todos os produtos com a promo","D:\AtelieProd\Equipexe\Exe\LavSoft.exe"
"LavSoft","cadastro",")VisualizaRabeladePreoProdutoModelo21Click","D:\AtelieProd\Equipexe\Exe\LavSoft.exe"
"LavSoft","relatorio/impressao","[   Data do Relat","D:\AtelieProd\Equipexe\Exe\LavSoft.exe"
"LavSoft","financeiro","[ Caixa Matricial ]","D:\AtelieProd\Equipexe\Exe\LavSoft.exe"
"LavSoft","operacional","[ Controla Entrada] ","D:\AtelieProd\Equipexe\Exe\LavSoft.exe"
"LavSoft","operacional","[ Controle Pe","D:\AtelieProd\Equipexe\Exe\LavSoft.exe"
"LavSoft","outro","[ Data de Cancelamento ]","D:\AtelieProd\Equipexe\Exe\LavSoft.exe"
"LavSoft","outro","[ Entrega ]","D:\AtelieProd\Equipexe\Exe\LavSoft.exe"
"LavSoft","cadastro","[ Estoque no Cliente ]","D:\AtelieProd\Equipexe\Exe\LavSoft.exe"
"LavSoft","financeiro","[ Financeiro ]","D:\AtelieProd\Equipexe\Exe\LavSoft.exe"
"LavSoft","relatorio/impressao","[ Impressora ]","D:\AtelieProd\Equipexe\Exe\LavSoft.exe"
"LavSoft","fiscal","[ Nota Fiscal ]","D:\AtelieProd\Equipexe\Exe\LavSoft.exe"
"LavSoft","outro","[ Prazo Entrega ]","D:\AtelieProd\Equipexe\Exe\LavSoft.exe"
"LavSoft","cadastro","[ Produtos ]","D:\AtelieProd\Equipexe\Exe\LavSoft.exe"
"LavSoft","operacional","]( ** ) Se no mesmo rol existir (Servi","D:\AtelieProd\Equipexe\Exe\LavSoft.exe"
"LavSoft","cadastro","}* Produtos em Vermelhor = Estoque maior que a m","D:\AtelieProd\Equipexe\Exe\LavSoft.exe"
"LavSoft","relatorio/impressao","@Pergunta a sequencia da fita a ser impressa na reemiss","D:\AtelieProd\Equipexe\Exe\LavSoft.exe"
"LavSoft","cadastro","* - Produto com estoque baixo","D:\AtelieProd\Equipexe\Exe\LavSoft.exe"
"LavSoft","outro","* * * * *  CANCELADO * * * * *","D:\AtelieProd\Equipexe\Exe\LavSoft.exe"
"LavSoft","outro","* Parametro O.F. Marcado","D:\AtelieProd\Equipexe\Exe\LavSoft.exe"
"LavSoft","cadastro","* Produtos controlados por peso","D:\AtelieProd\Equipexe\Exe\LavSoft.exe"
"LavSoft","fiscal","****** CLIENTE DESATIVADO ******","D:\AtelieProd\Equipexe\Exe\LavSoft.exe"
"LavSoft","financeiro","*|Porcentagem de Desconto para Adiantamento","D:\AtelieProd\Equipexe\Exe\LavSoft.exe"
"LavSoft","operacional","*Aloca zeros na O.S. (Somente sem controle)","D:\AtelieProd\Equipexe\Exe\LavSoft.exe"
"LavSoft","cadastro","*Expande Cliente ou Adiciona Pesagem no Rol","D:\AtelieProd\Equipexe\Exe\LavSoft.exe"
"LavSoft","fiscal","*from   ""c:\EquipExe\Lav\Filial\Notas""   N,","D:\AtelieProd\Equipexe\Exe\LavSoft.exe"
"LavSoft","cadastro","*Reajuste|Reajuste dos valores dos produtos","D:\AtelieProd\Equipexe\Exe\LavSoft.exe"
"LavSoft","relatorio/impressao","*RelatrioPassadoriaLavanderiaResumido1Click","D:\AtelieProd\Equipexe\Exe\LavSoft.exe"
"LavSoft","relatorio/impressao","*Titulo Debito no Final da Impress","D:\AtelieProd\Equipexe\Exe\LavSoft.exe"
"LavSoft","operacional","/Bloqueia Cores Repetidas no Controle de Entrada","D:\AtelieProd\Equipexe\Exe\LavSoft.exe"
"LavSoft","outro","/Consulta|Consulta a tabela de pre","D:\AtelieProd\Equipexe\Exe\LavSoft.exe"
"LavSoft","outro","/Consulta|Consulta o tipo de servi","D:\AtelieProd\Equipexe\Exe\LavSoft.exe"
"LavSoft","relatorio/impressao","/Equipe Relat","D:\AtelieProd\Equipexe\Exe\LavSoft.exe"
"LavSoft","relatorio/impressao","/Faz a impress","D:\AtelieProd\Equipexe\Exe\LavSoft.exe"
"LavSoft","outro","/Pede prazo de entrega ap","D:\AtelieProd\Equipexe\Exe\LavSoft.exe"
"LavSoft","fiscal","\Anotacoes","D:\AtelieProd\Equipexe\Exe\LavSoft.exe"
"LavSoft","fiscal","\Anotacoes"" A","D:\AtelieProd\Equipexe\Exe\LavSoft.exe"
"LavSoft","outro","\Backup","D:\AtelieProd\Equipexe\Exe\LavSoft.exe"
"LavSoft","cadastro","\Clientes","D:\AtelieProd\Equipexe\Exe\LavSoft.exe"
"LavSoft","cadastro","\Clientes""","D:\AtelieProd\Equipexe\Exe\LavSoft.exe"
"LavSoft","cadastro","\Clientes""       C ","D:\AtelieProd\Equipexe\Exe\LavSoft.exe"
"LavSoft","cadastro","\Clientes""    C","D:\AtelieProd\Equipexe\Exe\LavSoft.exe"
"LavSoft","cadastro","\Clientes""  C ","D:\AtelieProd\Equipexe\Exe\LavSoft.exe"
"LavSoft","cadastro","\Clientes"" C","D:\AtelieProd\Equipexe\Exe\LavSoft.exe"
"LavSoft","cadastro","\Clientes"" C ","D:\AtelieProd\Equipexe\Exe\LavSoft.exe"
"LavSoft","cadastro","\Clientes"" C    ","D:\AtelieProd\Equipexe\Exe\LavSoft.exe"
"LavSoft","cadastro","\Clientes"" C on (C.CodCli=O.CodCli)","D:\AtelieProd\Equipexe\Exe\LavSoft.exe"
"LavSoft","cadastro","\Clientes"" C on (MC.CodCli = C.CodCli)","D:\AtelieProd\Equipexe\Exe\LavSoft.exe"
"LavSoft","cadastro","\Clientes"" C on (O.CodCli=C.CodCli)","D:\AtelieProd\Equipexe\Exe\LavSoft.exe"
"LavSoft","cadastro","\Clientes"" C on (O.CodCli=C.CodCli) ","D:\AtelieProd\Equipexe\Exe\LavSoft.exe"
"LavSoft","cadastro","\Clientes"" C On C.CodCli = M.CodCli","D:\AtelieProd\Equipexe\Exe\LavSoft.exe"
"LavSoft","cadastro","\Clientes"" C ON C.CodCli = M.CodCli ","D:\AtelieProd\Equipexe\Exe\LavSoft.exe"
"LavSoft","cadastro","\Clientes"" C ON M.CodCli = C.CodCli ","D:\AtelieProd\Equipexe\Exe\LavSoft.exe"
"LavSoft","cadastro","\Clientes"" C,","D:\AtelieProd\Equipexe\Exe\LavSoft.exe"
"LavSoft","cadastro","\Clientes"" Set CodCli=""","D:\AtelieProd\Equipexe\Exe\LavSoft.exe"
"LavSoft","outro","\Forneced"" Where (Not(Cancelado=""S""))","D:\AtelieProd\Equipexe\Exe\LavSoft.exe"
"LavSoft","cadastro","\Ger\Dados\Clientes.Db","D:\AtelieProd\Equipexe\Exe\LavSoft.exe"
"LavSoft","operacional","\MensRol","D:\AtelieProd\Equipexe\Exe\LavSoft.exe"
"LavSoft","operacional","\MovCab""   M ON I.Rol = M.Rol ","D:\AtelieProd\Equipexe\Exe\LavSoft.exe"
"LavSoft","operacional","\MovCab"" M on (O.RolOrc=M.Rol)","D:\AtelieProd\Equipexe\Exe\LavSoft.exe"
"LavSoft","operacional","\MovCab"" MC on (MV.ROL = MC.ROL)","D:\AtelieProd\Equipexe\Exe\LavSoft.exe"
"LavSoft","operacional","\MovCab""M On  (I.Rol=M.Rol)","D:\AtelieProd\Equipexe\Exe\LavSoft.exe"
"LavSoft","financeiro","\MovIniCaixa"" Where (Seq > 0) And (Data=""","D:\AtelieProd\Equipexe\Exe\LavSoft.exe"
"LavSoft","operacional","\MovItem"" MI on (M.Rol=MI.Rol) and (OI.CodPro = MI.CodPro)","D:\AtelieProd\Equipexe\Exe\LavSoft.exe"
"LavSoft","operacional","\MovItem"" Where (Rol=","D:\AtelieProd\Equipexe\Exe\LavSoft.exe"
"LavSoft","operacional","\MovItemSer"" Where (Rol=""","D:\AtelieProd\Equipexe\Exe\LavSoft.exe"
"LavSoft","outro","\MovTerc"" Where (Cancelado is null) And (CodFor=""","D:\AtelieProd\Equipexe\Exe\LavSoft.exe"
"LavSoft","outro","\MovTerc"" Where (Cancelado is null) And (CodSerTer=","D:\AtelieProd\Equipexe\Exe\LavSoft.exe"
"LavSoft","operacional","\MovTercPec""TP On (I.Rol = TP.Rol) and (I.SeqPro = TP.SeqPro) And (I.CodPro = TP.CodPro)","D:\AtelieProd\Equipexe\Exe\LavSoft.exe"
"LavSoft","fiscal","\NotaFisPag"" ","D:\AtelieProd\Equipexe\Exe\LavSoft.exe"
"LavSoft","fiscal","\NotaFMsgPre","D:\AtelieProd\Equipexe\Exe\LavSoft.exe"
"LavSoft","fiscal","\Notas","D:\AtelieProd\Equipexe\Exe\LavSoft.exe"
"LavSoft","fiscal","\Notas"" ","D:\AtelieProd\Equipexe\Exe\LavSoft.exe"
"LavSoft","fiscal","\Notas""    N","D:\AtelieProd\Equipexe\Exe\LavSoft.exe"
"LavSoft","fiscal","\Notas""    N,","D:\AtelieProd\Equipexe\Exe\LavSoft.exe"
"LavSoft","fiscal","\Notas""    N, ","D:\AtelieProd\Equipexe\Exe\LavSoft.exe"
"LavSoft","fiscal","\Notas"" N","D:\AtelieProd\Equipexe\Exe\LavSoft.exe"
"LavSoft","fiscal","\Notas"" N ","D:\AtelieProd\Equipexe\Exe\LavSoft.exe"
"LavSoft","fiscal","\Notas"" N ON N.CodCli = M.CodCli ","D:\AtelieProd\Equipexe\Exe\LavSoft.exe"
"LavSoft","operacional","\OrcItem"" OI on (O.Rol=OI.Rol)","D:\AtelieProd\Equipexe\Exe\LavSoft.exe"
"LavSoft","operacional","\OrcItem"" OI on (O.Rol=OI.Rol) ","D:\AtelieProd\Equipexe\Exe\LavSoft.exe"
"LavSoft","outro","\PadLctoFin"" Where (Not(Cancelado=""S""))","D:\AtelieProd\Equipexe\Exe\LavSoft.exe"
"LavSoft","fiscal","\Sat\Dados","D:\AtelieProd\Equipexe\Exe\LavSoft.exe"
"LavSoft","fiscal","\Sat\Filial","D:\AtelieProd\Equipexe\Exe\LavSoft.exe"
"LavSoft","outro","\TabPreco"" Where (Not(Cancelado=""S""))","D:\AtelieProd\Equipexe\Exe\LavSoft.exe"
"LavSoft","operacional","\TabProLim""  TabProLim","D:\AtelieProd\Equipexe\Exe\LavSoft.exe"
"LavSoft","operacional","\TabProLim"" T","D:\AtelieProd\Equipexe\Exe\LavSoft.exe"
"LavSoft","outro","\TpVendas"" Where (Not(Cancelado=""S"")) ","D:\AtelieProd\Equipexe\Exe\LavSoft.exe"
"LavSoft","autenticacao/permissao","\Usuarios"" Where (Not(Cancelado=""S""))","D:\AtelieProd\Equipexe\Exe\LavSoft.exe"
"LavSoft","cadastro","&Altera Cliente","D:\AtelieProd\Equipexe\Exe\LavSoft.exe"
"LavSoft","fiscal","&Anota","D:\AtelieProd\Equipexe\Exe\LavSoft.exe"
"LavSoft","cadastro","&Bloqueia Produtos Repetidos","D:\AtelieProd\Equipexe\Exe\LavSoft.exe"
"LavSoft","cadastro","&Cadastros      ","D:\AtelieProd\Equipexe\Exe\LavSoft.exe"
"LavFacilLan","fiscal","       (NumNotAdi =","D:\AtelieProd\Equipexe\Exe\LavFacilLan.exe"
"LavFacilLan","financeiro","       D.NumFat, D.NumDup, D.NumNot, D.DatVen,D.ValDup,D.ValFat,D.Descontos, ","D:\AtelieProd\Equipexe\Exe\LavFacilLan.exe"
"LavFacilLan","operacional","       M.CodTab,M.SitRol,M.CodLoc as CodLocMov,M.Cancelado","D:\AtelieProd\Equipexe\Exe\LavFacilLan.exe"
"LavFacilLan","fiscal","       M.NumNotAdi,","D:\AtelieProd\Equipexe\Exe\LavFacilLan.exe"
"LavFacilLan","operacional","       M.ROL,","D:\AtelieProd\Equipexe\Exe\LavFacilLan.exe"
"LavFacilLan","outro","      And (not (M.Cancelado=""S"")) ","D:\AtelieProd\Equipexe\Exe\LavFacilLan.exe"
"LavFacilLan","financeiro","      de Caixa      ","D:\AtelieProd\Equipexe\Exe\LavFacilLan.exe"
"LavFacilLan","fiscal","     Conferencia    ","D:\AtelieProd\Equipexe\Exe\LavFacilLan.exe"
"LavFacilLan","financeiro","     de Caixa     ","D:\AtelieProd\Equipexe\Exe\LavFacilLan.exe"
"LavFacilLan","fiscal","     Notas N On (M.NumNot = N.NumNot) or (M.NumNotAdi = N.NumNot)","D:\AtelieProd\Equipexe\Exe\LavFacilLan.exe"
"LavFacilLan","outro","    ParamFloat: extended;","D:\AtelieProd\Equipexe\Exe\LavFacilLan.exe"
"LavFacilLan","outro","  < ENTREGA TOTAL >","D:\AtelieProd\Equipexe\Exe\LavFacilLan.exe"
"LavFacilLan","outro","  And (not(Cancelado=""S"")) ","D:\AtelieProd\Equipexe\Exe\LavFacilLan.exe"
"LavFacilLan","cadastro","  Cliente: ","D:\AtelieProd\Equipexe\Exe\LavFacilLan.exe"
"LavFacilLan","financeiro","  DESCONTO: ","D:\AtelieProd\Equipexe\Exe\LavFacilLan.exe"
"LavFacilLan","operacional","  Hora    Rols Pecas","D:\AtelieProd\Equipexe\Exe\LavFacilLan.exe"
"LavFacilLan","fiscal","  Nota     Rols   FPG","D:\AtelieProd\Equipexe\Exe\LavFacilLan.exe"
"LavFacilLan","fiscal","  Nota     Rols-Tip FPG-T Vend. ","D:\AtelieProd\Equipexe\Exe\LavFacilLan.exe"
"LavFacilLan","outro","  ParamFloat := Value;","D:\AtelieProd\Equipexe\Exe\LavFacilLan.exe"
"LavFacilLan","outro","  ParamString := Value;","D:\AtelieProd\Equipexe\Exe\LavFacilLan.exe"
"LavFacilLan","operacional","  Rols      Data     Posicao","D:\AtelieProd\Equipexe\Exe\LavFacilLan.exe"
"LavFacilLan","operacional","  Rols     Qde    FPG","D:\AtelieProd\Equipexe\Exe\LavFacilLan.exe"
"LavFacilLan","operacional","  Rols    Valor Rol     ","D:\AtelieProd\Equipexe\Exe\LavFacilLan.exe"
"LavFacilLan","operacional","  Rols   Qde  P  ","D:\AtelieProd\Equipexe\Exe\LavFacilLan.exe"
"LavFacilLan","operacional","  Rols   Qde  P      ","D:\AtelieProd\Equipexe\Exe\LavFacilLan.exe"
"LavFacilLan","operacional","  Rols   Qde P  O.S    LANCT  Valor ","D:\AtelieProd\Equipexe\Exe\LavFacilLan.exe"
"LavFacilLan","operacional","  Rols em Aberto","D:\AtelieProd\Equipexe\Exe\LavFacilLan.exe"
"LavFacilLan","outro","  Value := ParamFloat;","D:\AtelieProd\Equipexe\Exe\LavFacilLan.exe"
"LavFacilLan","outro","  Value := ParamString;","D:\AtelieProd\Equipexe\Exe\LavFacilLan.exe"
"LavFacilLan","cadastro"," - Atualiza Cadastro de Locais ...","D:\AtelieProd\Equipexe\Exe\LavFacilLan.exe"
"LavFacilLan","cadastro"," - Cadastro de Locais ...","D:\AtelieProd\Equipexe\Exe\LavFacilLan.exe"
"LavFacilLan","outro"," - Data do Cancelamento: ","D:\AtelieProd\Equipexe\Exe\LavFacilLan.exe"
"LavFacilLan","outro"," - FatPre - Cancelar (","D:\AtelieProd\Equipexe\Exe\LavFacilLan.exe"
"LavFacilLan","fiscal"," - GeraParcNotas - ","D:\AtelieProd\Equipexe\Exe\LavFacilLan.exe"
"LavFacilLan","operacional"," - Rol: ","D:\AtelieProd\Equipexe\Exe\LavFacilLan.exe"
"LavFacilLan","operacional"," - SubRol ","D:\AtelieProd\Equipexe\Exe\LavFacilLan.exe"
"LavFacilLan","autenticacao/permissao"," - Usuario: ","D:\AtelieProd\Equipexe\Exe\LavFacilLan.exe"
"LavFacilLan","operacional"," - Valor Rol: ","D:\AtelieProd\Equipexe\Exe\LavFacilLan.exe"
"LavFacilLan","outro"," - VENDEDOR:","D:\AtelieProd\Equipexe\Exe\LavFacilLan.exe"
"LavFacilLan","outro"," - Vendedor: ","D:\AtelieProd\Equipexe\Exe\LavFacilLan.exe"
"LavFacilLan","cadastro"," -> Procura Cliente","D:\AtelieProd\Equipexe\Exe\LavFacilLan.exe"
"LavFacilLan","cadastro"," -> Rol ou Cliente n","D:\AtelieProd\Equipexe\Exe\LavFacilLan.exe"
"LavFacilLan","operacional"," -> Rols Aberto","D:\AtelieProd\Equipexe\Exe\LavFacilLan.exe"
"LavFacilLan","operacional"," -> Rols Aberto ","D:\AtelieProd\Equipexe\Exe\LavFacilLan.exe"
"LavFacilLan","operacional"," -> Rols Aberto - Gravado no TbAdoRolsAberto","D:\AtelieProd\Equipexe\Exe\LavFacilLan.exe"
"LavFacilLan","operacional"," -> Rols Aberto - Manda gravar no TbAdoRolsAberto","D:\AtelieProd\Equipexe\Exe\LavFacilLan.exe"
"LavFacilLan","operacional"," -> Rols Aberto - Varifica Saldo","D:\AtelieProd\Equipexe\Exe\LavFacilLan.exe"
"LavFacilLan","outro"," ... - Cancelado","D:\AtelieProd\Equipexe\Exe\LavFacilLan.exe"
"LavFacilLan","operacional"," ... - Verificando estoque","D:\AtelieProd\Equipexe\Exe\LavFacilLan.exe"
"LavFacilLan","financeiro"," ( - ) Desconto (Valor) - Ctrl+F6","D:\AtelieProd\Equipexe\Exe\LavFacilLan.exe"
"LavFacilLan","operacional"," ((M.TotPecas = 0) OR (M.TotPecas IS NULL)) ","D:\AtelieProd\Equipexe\Exe\LavFacilLan.exe"
"LavFacilLan","outro"," (Not(Cancelado='S'))","D:\AtelieProd\Equipexe\Exe\LavFacilLan.exe"
"LavFacilLan","fiscal"," ****** CLIENTE DESATIVADO ******","D:\AtelieProd\Equipexe\Exe\LavFacilLan.exe"
"LavFacilLan","operacional"," / ROL N. ","D:\AtelieProd\Equipexe\Exe\LavFacilLan.exe"
"LavFacilLan","operacional"," %rol% ","D:\AtelieProd\Equipexe\Exe\LavFacilLan.exe"
"LavFacilLan","cadastro"," |Grupo em que pertence o cliente","D:\AtelieProd\Equipexe\Exe\LavFacilLan.exe"
"LavFacilLan","financeiro"," a primeira vez, deseja incluir o desconto","D:\AtelieProd\Equipexe\Exe\LavFacilLan.exe"
"LavFacilLan","cadastro"," Agrupam.: Bairro do Cliente |","D:\AtelieProd\Equipexe\Exe\LavFacilLan.exe"
"LavFacilLan","cadastro"," Agrupam.: Cliente |","D:\AtelieProd\Equipexe\Exe\LavFacilLan.exe"
"LavFacilLan","outro"," Agrupam.: Data entrega |","D:\AtelieProd\Equipexe\Exe\LavFacilLan.exe"
"LavFacilLan","outro"," Agrupam.: Entrega prev. |","D:\AtelieProd\Equipexe\Exe\LavFacilLan.exe"
"LavFacilLan","operacional"," Agrupam.: Rol |","D:\AtelieProd\Equipexe\Exe\LavFacilLan.exe"
"LavFacilLan","fiscal"," Agrupam.: Tipo de Nota |","D:\AtelieProd\Equipexe\Exe\LavFacilLan.exe"
"LavFacilLan","outro"," Agrupam.: Vendedor |","D:\AtelieProd\Equipexe\Exe\LavFacilLan.exe"
"LavFacilLan","relatorio/impressao"," Ajusta porta de Impress","D:\AtelieProd\Equipexe\Exe\LavFacilLan.exe"
"LavFacilLan","outro"," and    (M.Cancelado=""S"")","D:\AtelieProd\Equipexe\Exe\LavFacilLan.exe"
"LavFacilLan","outro"," and    (N.Cancelada=""S"") ","D:\AtelieProd\Equipexe\Exe\LavFacilLan.exe"
"LavFacilLan","outro"," and    (not (M.Cancelado=""S""))","D:\AtelieProd\Equipexe\Exe\LavFacilLan.exe"
"LavFacilLan","outro"," and    (not N.Cancelada=""S"")","D:\AtelieProd\Equipexe\Exe\LavFacilLan.exe"
"LavFacilLan","outro"," and    (not(N.Cancelada=""S"")) ","D:\AtelieProd\Equipexe\Exe\LavFacilLan.exe"
"LavFacilLan","operacional"," and    (RolOrc is null)","D:\AtelieProd\Equipexe\Exe\LavFacilLan.exe"
"LavFacilLan","operacional"," and    M.""DatEntRol""<=:ParDatRolFinal","D:\AtelieProd\Equipexe\Exe\LavFacilLan.exe"
"LavFacilLan","operacional"," and    M.""DatEntRol"">=:ParDatRolInicio","D:\AtelieProd\Equipexe\Exe\LavFacilLan.exe"
"LavFacilLan","autenticacao/permissao"," and    M.CodUsuario=""","D:\AtelieProd\Equipexe\Exe\LavFacilLan.exe"
"LavFacilLan","autenticacao/permissao"," and    N.CodUsuario=""","D:\AtelieProd\Equipexe\Exe\LavFacilLan.exe"
"LavFacilLan","fiscal"," and    N.TipNota=""","D:\AtelieProd\Equipexe\Exe\LavFacilLan.exe"
"LavFacilLan","operacional"," and   (( (not( M.SitRol=""P"")) ) or (M.Posicao=""L""))","D:\AtelieProd\Equipexe\Exe\LavFacilLan.exe"
"LavFacilLan","operacional"," and   ((M.SitRol=""P"") and (Not(M.Posicao=""L"")) ) ","D:\AtelieProd\Equipexe\Exe\LavFacilLan.exe"
"LavFacilLan","operacional"," and   (M.SitRol="""")","D:\AtelieProd\Equipexe\Exe\LavFacilLan.exe"
"LavFacilLan","operacional"," and   (not M.SitRol=""P"")","D:\AtelieProd\Equipexe\Exe\LavFacilLan.exe"
"LavFacilLan","operacional"," and   (Not(RolOrc is null))","D:\AtelieProd\Equipexe\Exe\LavFacilLan.exe"
"LavFacilLan","operacional"," and   CP.DatEst<=:ParDatFimEntRol","D:\AtelieProd\Equipexe\Exe\LavFacilLan.exe"
"LavFacilLan","operacional"," and   CP.DatEst>=:ParDatIniEntRol","D:\AtelieProd\Equipexe\Exe\LavFacilLan.exe"
"LavFacilLan","operacional"," and   M.""DatEntRol""<=:ParDatFimEntRol","D:\AtelieProd\Equipexe\Exe\LavFacilLan.exe"
"LavFacilLan","operacional"," and   M.""DatEntRol"">=:ParDatIniEntRol","D:\AtelieProd\Equipexe\Exe\LavFacilLan.exe"
"LavFacilLan","operacional"," and   M.SitRol=""P""","D:\AtelieProd\Equipexe\Exe\LavFacilLan.exe"
"LavFacilLan","operacional"," and   MC.DatEntRol = :ParDatIniEntRol","D:\AtelieProd\Equipexe\Exe\LavFacilLan.exe"
"LavFacilLan","operacional"," and   MC.DatEntRol<=:ParDatFimEntRol","D:\AtelieProd\Equipexe\Exe\LavFacilLan.exe"
"LavFacilLan","operacional"," and   MC.DatEntRol>=:ParDatIniEntRol","D:\AtelieProd\Equipexe\Exe\LavFacilLan.exe"
"LavFacilLan","operacional"," and   MC.SitRol=""P""","D:\AtelieProd\Equipexe\Exe\LavFacilLan.exe"
"LavFacilLan","financeiro"," And  ((M.DescontoRol = 0) or (M.DescontoRol is Null)) ","D:\AtelieProd\Equipexe\Exe\LavFacilLan.exe"
"LavFacilLan","financeiro"," And  (M.NumGR <> """") and (not(M.Posicao = ""S""))and  (C.Desconto > 0)  and (not(M.Cancelado = ""S"")) ","D:\AtelieProd\Equipexe\Exe\LavFacilLan.exe"
"LavFacilLan","operacional"," and  (not(M.SitRol=""P"")) ","D:\AtelieProd\Equipexe\Exe\LavFacilLan.exe"
"LavFacilLan","operacional"," and  Not MC.SitRol=""P""","D:\AtelieProd\Equipexe\Exe\LavFacilLan.exe"
"LavFacilLan","financeiro"," and ( (not(M.DescontoRol=0)) Or (not(M.DescontoValor=0)) )","D:\AtelieProd\Equipexe\Exe\LavFacilLan.exe"
"LavFacilLan","fiscal"," And ((Desativado is Null) or (Desativado=""N""))","D:\AtelieProd\Equipexe\Exe\LavFacilLan.exe"
"LavFacilLan","outro"," AND ((M.Cancelado IS NULL) OR (M.Cancelado <> %s))","D:\AtelieProd\Equipexe\Exe\LavFacilLan.exe"
"LavFacilLan","outro"," AND ((M.Cancelado IS NULL) OR (M.Cancelado <> %s)) ","D:\AtelieProd\Equipexe\Exe\LavFacilLan.exe"
"LavFacilLan","outro"," And ((MC.Cancelado = """") Or (MC.Cancelado IS NULL)) ","D:\AtelieProd\Equipexe\Exe\LavFacilLan.exe"
"LavFacilLan","autenticacao/permissao"," And (CodUsuario=""","D:\AtelieProd\Equipexe\Exe\LavFacilLan.exe"
"LavFacilLan","operacional"," and (M.SitRol=""P"") ","D:\AtelieProd\Equipexe\Exe\LavFacilLan.exe"
"LavFacilLan","operacional"," and (not (M.SitRol=""P""))","D:\AtelieProd\Equipexe\Exe\LavFacilLan.exe"
"LavFacilLan","outro"," and (Not(Cancelado='S'))","D:\AtelieProd\Equipexe\Exe\LavFacilLan.exe"
"LavFacilLan","outro"," And (not(M.Cancelado=""S""))","D:\AtelieProd\Equipexe\Exe\LavFacilLan.exe"
"LavFacilLan","operacional"," and (not(M.SitRol=""P"")) ","D:\AtelieProd\Equipexe\Exe\LavFacilLan.exe"
"LavFacilLan","outro"," And (Not(MC.Cancelado = ""S"" ))","D:\AtelieProd\Equipexe\Exe\LavFacilLan.exe"
"LavFacilLan","operacional"," And (Rol=""","D:\AtelieProd\Equipexe\Exe\LavFacilLan.exe"
"LavFacilLan","operacional"," and (SitRol is null)","D:\AtelieProd\Equipexe\Exe\LavFacilLan.exe"
"LavFacilLan","relatorio/impressao"," b.RDB$TYPE_NAME IN ('RELATION', 'VIEW',","D:\AtelieProd\Equipexe\Exe\LavFacilLan.exe"
"LavFacilLan","fiscal"," baixada na Nota N","D:\AtelieProd\Equipexe\Exe\LavFacilLan.exe"
"LavFacilLan","financeiro"," baixada no financeiro","D:\AtelieProd\Equipexe\Exe\LavFacilLan.exe"
"LavFacilLan","operacional"," Baixada no Rol","D:\AtelieProd\Equipexe\Exe\LavFacilLan.exe"
"LavFacilLan","fiscal"," baixado na nota N","D:\AtelieProd\Equipexe\Exe\LavFacilLan.exe"
"LavFacilLan","cadastro"," cadastrado em outro cliente.","D:\AtelieProd\Equipexe\Exe\LavFacilLan.exe"
"LavFacilLan","cadastro"," Cadastros foram ajustados","D:\AtelieProd\Equipexe\Exe\LavFacilLan.exe"
"LavFacilLan","outro"," Cancelada","D:\AtelieProd\Equipexe\Exe\LavFacilLan.exe"
"LavFacilLan","outro"," Cancelado","D:\AtelieProd\Equipexe\Exe\LavFacilLan.exe"
"LavFacilLan","outro"," Cancelado,","D:\AtelieProd\Equipexe\Exe\LavFacilLan.exe"
"LavFacilLan","outro"," cancelado.","D:\AtelieProd\Equipexe\Exe\LavFacilLan.exe"
"LavFacilLan","operacional"," cari| carid carol cedli cen| cia ","D:\AtelieProd\Equipexe\Exe\LavFacilLan.exe"
"LavFacilLan","relatorio/impressao"," CFDestravaImpressoraFiscal1Click","D:\AtelieProd\Equipexe\Exe\LavFacilLan.exe"
"LavFacilLan","cadastro"," Cliente: ","D:\AtelieProd\Equipexe\Exe\LavFacilLan.exe"
"LavFacilLan","cadastro"," Cliente.: ","D:\AtelieProd\Equipexe\Exe\LavFacilLan.exe"
"LavFacilLan","cadastro"," clientes.","D:\AtelieProd\Equipexe\Exe\LavFacilLan.exe"
"LavFacilLan","autenticacao/permissao"," CodUsuario= '","D:\AtelieProd\Equipexe\Exe\LavFacilLan.exe"
"LavFacilLan","autenticacao/permissao"," CodUsuario='","D:\AtelieProd\Equipexe\Exe\LavFacilLan.exe"
"LavFacilLan","operacional"," colocar em estoque...","D:\AtelieProd\Equipexe\Exe\LavFacilLan.exe"
"LavFacilLan","financeiro"," como desconto","D:\AtelieProd\Equipexe\Exe\LavFacilLan.exe"
"LavFacilLan","outro"," con parametri","D:\AtelieProd\Equipexe\Exe\LavFacilLan.exe"
"LavFacilLan","outro"," con parametri duplicati","D:\AtelieProd\Equipexe\Exe\LavFacilLan.exe"
"LavFacilLan","outro"," configurada corretamente","D:\AtelieProd\Equipexe\Exe\LavFacilLan.exe"
"LavFacilLan","outro"," configurado para usar o local","D:\AtelieProd\Equipexe\Exe\LavFacilLan.exe"
"LavFacilLan","operacional"," CONTROLE DE ENTREGA ","D:\AtelieProd\Equipexe\Exe\LavFacilLan.exe"
"LavFacilLan","operacional"," CP.ROL ","D:\AtelieProd\Equipexe\Exe\LavFacilLan.exe"
"LavFacilLan","cadastro"," creditado em seu cadastro o valor de R$","D:\AtelieProd\Equipexe\Exe\LavFacilLan.exe"
"LavFacilLan","fiscal"," da Nota: ","D:\AtelieProd\Equipexe\Exe\LavFacilLan.exe"
"LavFacilLan","financeiro"," DESCONTO: ","D:\AtelieProd\Equipexe\Exe\LavFacilLan.exe"
"LavFacilLan","financeiro"," DescontoROL=Cast('","D:\AtelieProd\Equipexe\Exe\LavFacilLan.exe"
"LavFacilLan","financeiro"," DescontoValor=Cast('","D:\AtelieProd\Equipexe\Exe\LavFacilLan.exe"
"LavFacilLan","relatorio/impressao"," deseja imprimir o relat","D:\AtelieProd\Equipexe\Exe\LavFacilLan.exe"
"LavFacilLan","operacional"," deve selecionar um rol antes de escolher esta op","D:\AtelieProd\Equipexe\Exe\LavFacilLan.exe"
"LavFacilLan","cadastro"," diferente do cadastro","D:\AtelieProd\Equipexe\Exe\LavFacilLan.exe"
"LavFacilLan","outro"," diferente do vendedor que efetuou o lan","D:\AtelieProd\Equipexe\Exe\LavFacilLan.exe"
"LavFacilLan","cadastro"," do cadastro de clientes todos os e-mails relacionados no arquivo ","D:\AtelieProd\Equipexe\Exe\LavFacilLan.exe"
"LavFacilLan","operacional"," do ROL","D:\AtelieProd\Equipexe\Exe\LavFacilLan.exe"
"LavFacilLan","operacional"," do Rol ou ""0"" Para Encerrar","D:\AtelieProd\Equipexe\Exe\LavFacilLan.exe"
"LavFacilLan","operacional"," do Rol que se encontra no Local","D:\AtelieProd\Equipexe\Exe\LavFacilLan.exe"
"LavFacilLan","operacional"," Em Estoque |","D:\AtelieProd\Equipexe\Exe\LavFacilLan.exe"
"LavFacilLan","operacional"," em estoque.","D:\AtelieProd\Equipexe\Exe\LavFacilLan.exe"
"LavFacilLan","relatorio/impressao"," em modo de impress","D:\AtelieProd\Equipexe\Exe\LavFacilLan.exe"
"LavFacilLan","operacional"," em uso pelo Rol N","D:\AtelieProd\Equipexe\Exe\LavFacilLan.exe"
"LavFacilLan","fiscal"," emitido nota - N","D:\AtelieProd\Equipexe\Exe\LavFacilLan.exe"
"LavFacilLan","outro"," emitido pela Entrega das Pe","D:\AtelieProd\Equipexe\Exe\LavFacilLan.exe"
"LavFacilLan","outro"," ENTREGAS DO DIA ","D:\AtelieProd\Equipexe\Exe\LavFacilLan.exe"
"LavFacilLan","operacional"," esta em Estoque, Opera","D:\AtelieProd\Equipexe\Exe\LavFacilLan.exe"
"LavFacilLan","operacional"," esta em Uso pelo Rol N","D:\AtelieProd\Equipexe\Exe\LavFacilLan.exe"
"LavFacilLan","cadastro"," excede o valor do produto.","D:\AtelieProd\Equipexe\Exe\LavFacilLan.exe"
"LavFacilLan","operacional"," Existe um Adiantamento para este Rol","D:\AtelieProd\Equipexe\Exe\LavFacilLan.exe"
"LavFacilLan","outro"," fechado, entre no sistema para que as configura","D:\AtelieProd\Equipexe\Exe\LavFacilLan.exe"
"LavFacilLan","financeiro"," FINANCEIRO ","D:\AtelieProd\Equipexe\Exe\LavFacilLan.exe"
"LavFacilLan","fiscal"," Fixada (Nota Fiscal)","D:\AtelieProd\Equipexe\Exe\LavFacilLan.exe"
"LavFacilLan","fiscal"," foi baixado na nota","D:\AtelieProd\Equipexe\Exe\LavFacilLan.exe"
"LavFacilLan","fiscal"," foi emitida uma Nota para este Rol.","D:\AtelieProd\Equipexe\Exe\LavFacilLan.exe"
"LavFacilLan","operacional"," foi Entregue, Utilize o F7 para Voltar ao Estoque","D:\AtelieProd\Equipexe\Exe\LavFacilLan.exe"
"LavFacilLan","cadastro"," Grupo de produtos (nome do gupo)","D:\AtelieProd\Equipexe\Exe\LavFacilLan.exe"
"LavFacilLan","relatorio/impressao"," I.RDB$INDEX_NAME, I.RDB$RELATION_NAME, I.RDB$UNIQUE_FLAG, ","D:\AtelieProd\Equipexe\Exe\LavFacilLan.exe"
"LavFacilLan","relatorio/impressao"," I.RDB$RELATION_NAME = '","D:\AtelieProd\Equipexe\Exe\LavFacilLan.exe"
"LavFacilLan","fiscal"," imprimir a nota mesmo assim","D:\AtelieProd\Equipexe\Exe\LavFacilLan.exe"
"LavFacilLan","fiscal"," inferior ao hor","D:\AtelieProd\Equipexe\Exe\LavFacilLan.exe"
"LavFacilLan","fiscal"," INTERVALO DE NOTAS (Faturamento)","D:\AtelieProd\Equipexe\Exe\LavFacilLan.exe"
"LavFacilLan","operacional"," localizado o Rol mais pr","D:\AtelieProd\Equipexe\Exe\LavFacilLan.exe"
"LavFacilLan","operacional"," maior que o total do rol","D:\AtelieProd\Equipexe\Exe\LavFacilLan.exe"
"LavFacilLan","operacional"," maior que o valor total do Rol. O valor do Rol ser","D:\AtelieProd\Equipexe\Exe\LavFacilLan.exe"
"LavFacilLan","operacional"," marcada em estoque","D:\AtelieProd\Equipexe\Exe\LavFacilLan.exe"
"LavFacilLan","operacional"," MC.DatEntRol ","D:\AtelieProd\Equipexe\Exe\LavFacilLan.exe"
"LavFacilLan","operacional"," MC.Rol ","D:\AtelieProd\Equipexe\Exe\LavFacilLan.exe"
"LavFacilLan","operacional"," MC.Rol,","D:\AtelieProd\Equipexe\Exe\LavFacilLan.exe"
"LavFacilLan","operacional"," MC.Rol, CP.CodLoc ","D:\AtelieProd\Equipexe\Exe\LavFacilLan.exe"
"LavFacilLan","operacional"," Menor que o Total do Rol, Deseja Efetuar a Diferen","D:\AtelieProd\Equipexe\Exe\LavFacilLan.exe"
"LavFacilLan","financeiro"," menor que o Valor Total, adicione uma forma de pagamento ou aumente o desconto","D:\AtelieProd\Equipexe\Exe\LavFacilLan.exe"
"LavFacilLan","fiscal"," MensagemPrFixadaNotaFiscal1Click","D:\AtelieProd\Equipexe\Exe\LavFacilLan.exe"
"LavFacilLan","fiscal"," N.TipNota ","D:\AtelieProd\Equipexe\Exe\LavFacilLan.exe"
"LavFacilLan","cadastro"," necessario ajustar os seguintes campos do cadastro do cliente:","D:\AtelieProd\Equipexe\Exe\LavFacilLan.exe"
"LavFacilLan","fiscal"," NFENotafiscaleletrnicadeservios1","D:\AtelieProd\Equipexe\Exe\LavFacilLan.exe"
"LavFacilLan","operacional"," no Rol N","D:\AtelieProd\Equipexe\Exe\LavFacilLan.exe"
"LavFacilLan","cadastro"," Nome Cliente;","D:\AtelieProd\Equipexe\Exe\LavFacilLan.exe"
"LavFacilLan","fiscal"," Nota","D:\AtelieProd\Equipexe\Exe\LavFacilLan.exe"
"LavFacilLan","fiscal"," NOTA: ","D:\AtelieProd\Equipexe\Exe\LavFacilLan.exe"
"LavFacilLan","fiscal"," NumNotAdi= ","D:\AtelieProd\Equipexe\Exe\LavFacilLan.exe"
"LavFacilLan","fiscal"," NumNotAdi='","D:\AtelieProd\Equipexe\Exe\LavFacilLan.exe"
"LavFacilLan","cadastro"," o CPF do cliente!","D:\AtelieProd\Equipexe\Exe\LavFacilLan.exe"
"LavFacilLan","relatorio/impressao"," o final da impress","D:\AtelieProd\Equipexe\Exe\LavFacilLan.exe"
"LavFacilLan","operacional"," ObsROL= '","D:\AtelieProd\Equipexe\Exe\LavFacilLan.exe"
"LavFacilLan","operacional"," ocupado Rol ","D:\AtelieProd\Equipexe\Exe\LavFacilLan.exe"
"LavFacilLan","operacional"," On (MI.Rol = CP.Rol) And (MI.CodPro = CP.CodPro) And (MI.SeqPro = CP.SeqPro) ","D:\AtelieProd\Equipexe\Exe\LavFacilLan.exe"
"LavFacilLan","operacional"," On (MI.Rol = MS.Rol) And (MI.CodPro = MS.CodPro) And (MI.SeqPro = MS.SeqPro)","D:\AtelieProd\Equipexe\Exe\LavFacilLan.exe"
"LavFacilLan","outro"," Or ((not(Cancelado=","D:\AtelieProd\Equipexe\Exe\LavFacilLan.exe"
"LavFacilLan","cadastro"," Ordem: Produto","D:\AtelieProd\Equipexe\Exe\LavFacilLan.exe"
"LavFacilLan","operacional"," Ordem: Rol","D:\AtelieProd\Equipexe\Exe\LavFacilLan.exe"
"LavFacilLan","relatorio/impressao"," ORDER BY a.RDB$RELATION_NAME, a.RDB$FIELD_POSITION","D:\AtelieProd\Equipexe\Exe\LavFacilLan.exe"
"LavFacilLan","relatorio/impressao"," ORDER BY a.RDB$RELATION_NAME, a.RDB$PRIVILEGE","D:\AtelieProd\Equipexe\Exe\LavFacilLan.exe"
"LavFacilLan","relatorio/impressao"," ORDER BY a.RDB$RELATION_NAME, b.RDB$FIELD_NAME","D:\AtelieProd\Equipexe\Exe\LavFacilLan.exe"
"LavFacilLan","autenticacao/permissao"," Order By NomUsuario","D:\AtelieProd\Equipexe\Exe\LavFacilLan.exe"
"LavFacilLan","relatorio/impressao"," ORDER BY RC_FOR.RDB$RELATION_NAME, IS_FOR.RDB$FIELD_POSITION ","D:\AtelieProd\Equipexe\Exe\LavFacilLan.exe"
"LavFacilLan","relatorio/impressao"," ORDER BY RELC_PRIM.RDB$RELATION_NAME, IS_FOR.RDB$FIELD_POSITION ","D:\AtelieProd\Equipexe\Exe\LavFacilLan.exe"
"LavFacilLan","operacional"," Order By Rol","D:\AtelieProd\Equipexe\Exe\LavFacilLan.exe"
"LavFacilLan","operacional"," Order By Rol, DatEnt","D:\AtelieProd\Equipexe\Exe\LavFacilLan.exe"
"LavFacilLan","operacional"," Order By Rol,CodPro,SeqPro","D:\AtelieProd\Equipexe\Exe\LavFacilLan.exe"
"LavFacilLan","operacional"," Pagar - Estoque","D:\AtelieProd\Equipexe\Exe\LavFacilLan.exe"
"LavFacilLan","operacional"," Pagar - Estoque/Produ","D:\AtelieProd\Equipexe\Exe\LavFacilLan.exe"
"LavFacilLan","operacional"," Pagar Estoque","D:\AtelieProd\Equipexe\Exe\LavFacilLan.exe"
"LavFacilLan","operacional"," pagar varios rols...","D:\AtelieProd\Equipexe\Exe\LavFacilLan.exe"
"LavFacilLan","outro"," Pago e o Cancelamento do Adiantamento s","D:\AtelieProd\Equipexe\Exe\LavFacilLan.exe"
"LavFacilLan","outro"," Pago e o Cancelamento do Pagamento s","D:\AtelieProd\Equipexe\Exe\LavFacilLan.exe"
"LavFacilLan","outro"," Pago, Deseja Cancelar o Pagamento","D:\AtelieProd\Equipexe\Exe\LavFacilLan.exe"
"LavFacilLan","outro"," param","D:\AtelieProd\Equipexe\Exe\LavFacilLan.exe"
"LavFacilLan","operacional"," PECAS EM ABERTO ","D:\AtelieProd\Equipexe\Exe\LavFacilLan.exe"
"LavFacilLan","outro"," Pergunta antes de marcar Entrega","D:\AtelieProd\Equipexe\Exe\LavFacilLan.exe"
"LavFacilLan","outro"," pode ser cancelado o ultimo cupom fiscal","D:\AtelieProd\Equipexe\Exe\LavFacilLan.exe"
"LavFacilLan","outro"," pode ser Cancelado, ultimo cupom fiscal","D:\AtelieProd\Equipexe\Exe\LavFacilLan.exe"
"LavFacilLan","outro"," pode ser efetuado no Dia do Cancelamento","D:\AtelieProd\Equipexe\Exe\LavFacilLan.exe"
"LavFacilLan","autenticacao/permissao"," pode ser feito o cancelamento com permiss","D:\AtelieProd\Equipexe\Exe\LavFacilLan.exe"
"LavFacilLan","outro"," possivel cancelar, a terceiriza","D:\AtelieProd\Equipexe\Exe\LavFacilLan.exe"
"LavFacilLan","outro"," PP.RDB$PARAMETER_TYPE desc, PP.RDB$PARAMETER_NUMBER","D:\AtelieProd\Equipexe\Exe\LavFacilLan.exe"
"LavFacilLan","outro"," preciso cancelar o lan","D:\AtelieProd\Equipexe\Exe\LavFacilLan.exe"
"LavFacilLan","outro"," preenchido. Utilize a consulta de Munic","D:\AtelieProd\Equipexe\Exe\LavFacilLan.exe"
"LavFacilLan","operacional"," Prod. e Estoque |","D:\AtelieProd\Equipexe\Exe\LavFacilLan.exe"
"LavFacilLan","cadastro"," Produto: ","D:\AtelieProd\Equipexe\Exe\LavFacilLan.exe"
"LavFacilLan","cadastro"," PRODUTOS","D:\AtelieProd\Equipexe\Exe\LavFacilLan.exe"
"LavFacilLan","relatorio/impressao"," realizada sem uma impressora","D:\AtelieProd\Equipexe\Exe\LavFacilLan.exe"
"LavFacilLan","financeiro"," recebendo desconto para primeira visita!","D:\AtelieProd\Equipexe\Exe\LavFacilLan.exe"
"LavFacilLan","outro"," Recep","D:\AtelieProd\Equipexe\Exe\LavFacilLan.exe"
"LavFacilLan","operacional"," Rol   Entr. ","D:\AtelieProd\Equipexe\Exe\LavFacilLan.exe"
"LavFacilLan","operacional"," Rol Cancelado ","D:\AtelieProd\Equipexe\Exe\LavFacilLan.exe"
"LavFacilLan","operacional"," RolOrc= '',","D:\AtelieProd\Equipexe\Exe\LavFacilLan.exe"
"LavFacilLan","operacional"," RolPrincip='","D:\AtelieProd\Equipexe\Exe\LavFacilLan.exe"
"LavFacilLan","operacional"," Rols","D:\AtelieProd\Equipexe\Exe\LavFacilLan.exe"
"LavFacilLan","operacional"," Rols em Estoque","D:\AtelieProd\Equipexe\Exe\LavFacilLan.exe"
"LavFacilLan","operacional"," Rols em Estoque e Producao","D:\AtelieProd\Equipexe\Exe\LavFacilLan.exe"
"LavFacilLan","operacional"," Rols em Producao","D:\AtelieProd\Equipexe\Exe\LavFacilLan.exe"
"LavFacilLan","operacional"," Rols na posi","D:\AtelieProd\Equipexe\Exe\LavFacilLan.exe"
"LavFacilLan","cadastro"," SB_ImportaClienteFidelidadeClick","D:\AtelieProd\Equipexe\Exe\LavFacilLan.exe"
"LavFacilLan","outro"," selecionada, deseja cancelar a Entrega?","D:\AtelieProd\Equipexe\Exe\LavFacilLan.exe"
"LavFacilLan","outro"," selecionada, deseja cancelar o Pagamento?","D:\AtelieProd\Equipexe\Exe\LavFacilLan.exe"
"LavFacilLan","operacional"," Select    MC.DatLan, MC.HorLan, MC.DatEnt, MC.NumOS, MC.SitRol, MC.NumNot, MC.Cancelado, MC.Posicao,   CP.Rol, CP.CodPro, CP.CodVenEst, CP.DatEst, CP.HorEst,CP.Situacao,CP.DatEst,    PD.DesPro,    MI.Identif, MI.CodLoc,    CL.NomCli,                VE.NomVen, VE.CodVen","D:\AtelieProd\Equipexe\Exe\LavFacilLan.exe"
"LavFacilLan","financeiro"," Select    MC.Rol, MC.Posicao, MC.DatLan, MC.DatEntRol, MC.DatEnt, MC.Unidade, MC.NumOS, MC.NumGR, MC.CodTab,   MC.ValTot, MC.DescontoROL, MC.DescontoValor,   MC.CodLoc as CodLocRol, MC.CodVen, MC.SitRol, MC.CodCli, MC.HorEnt, MC.CodTipEnt, MC.CenCusCli,   MI.Rol, MI.CodPro,  MI.SeqPro, MI.CodCor, MI.CodDef, MI.Identif, MI.Quantidade, MI.PreUniVen, MI.PreFinal, MI.Peso, MI.Obs,    CP.Rol, CP.CodPro, CP.SeqPro, CP.Situacao, CP.CodLoc as CodLocPec, CP.NumNot as NumNotPec,    CL.Roteiro, CL.CodEmpree, CL.BaiCli, CL.CepCli, CL.NomCli, CL.CodCli, CL.EndCli, CL.EndEntCli,    CO.CodCor, CO.DesCor,    TP.CodTab, TP.DesTab, TP.CodTipTab,    CV.CodVen, CV.NomVen,    PD.CodPro, PD.DesPro, PD.TipoControle,    MS.Rol, MS.CodPro,MS.SeqPro, MS.CodSerLav, MS.Obs, MS.Peso as PesoSer, MS.Quantidade as QtdSer,    SL.CodSerLav, SL.DesSerLav ","D:\AtelieProd\Equipexe\Exe\LavFacilLan.exe"
"LavFacilLan","operacional"," Select    MC.Rol,MC.DatLan, MC.HorLan, MC.DatEnt, MC.NumOS, MC.SitRol, MC.NumNot, MC.Cancelado, MC.Posicao","D:\AtelieProd\Equipexe\Exe\LavFacilLan.exe"
"LavFacilLan","relatorio/impressao"," SELECT a.RDB$RELATION_NAME, a.RDB$FIELD_NAME, a.RDB$FIELD_POSITION, a.RDB$NULL_FLAG, a.RDB$DEFAULT_VALUE, b. RDB$FIELD_LENGTH, b.RDB$FIELD_SCALE, c.RDB$TYPE_NAME, b.RDB$FIELD_TYPE, b.RDB$FIELD_SUB_TYPE, b.RDB$DESCRIPTION, b.RDB$CHARACTER_LENGTH, b.RDB$FIELD_PRECISION, a.RDB$DEFAULT_SOURCE, b.RDB$DEFAULT_SOURCE as RDB$DEFAULT_SOURCE_DOMAIN FROM RDB$RELATION_FIELDS a JOIN RDB$FIELDS b ON (b.RDB$FIELD_NAME = a.RDB$FIELD_SOURCE) LEFT JOIN RDB$TYPES c ON (b.RDB$FIELD_TYPE = c.RDB$TYPE and c.RDB$FIELD_NAME = 'RDB$FIELD_TYPE')","D:\AtelieProd\Equipexe\Exe\LavFacilLan.exe"
"LavFacilLan","relatorio/impressao"," SELECT I.RDB$RELATION_NAME, I.RDB$UNIQUE_FLAG, I.RDB$INDEX_NAME, ISGMT.RDB$FIELD_POSITION,","D:\AtelieProd\Equipexe\Exe\LavFacilLan.exe"
"LavFacilLan","operacional"," Select LP.DatLan, LP.CodSerLav, LP.QdePonLan,         MC.Rol, MC.TotPecas","D:\AtelieProd\Equipexe\Exe\LavFacilLan.exe"
"LavFacilLan","operacional"," SELECT M.Rol, C.NomCli, M.DatLan, M.%s as OS","D:\AtelieProd\Equipexe\Exe\LavFacilLan.exe"
"LavFacilLan","outro"," Select MA.CodMar, MA.DesMar, MA.Cancelado, MG.CodMar, MG.GruPro ","D:\AtelieProd\Equipexe\Exe\LavFacilLan.exe"
"LavFacilLan","relatorio/impressao"," SELECT null as TABLE_CAT, null as TABLE_SCHEM, a.RDB$RELATION_NAME as TABLE_NAME, b.RDB$FIELD_NAME as COLUMN_NAME, b.RDB$FIELD_POSITION+1 as KEY_SEQ, a.RDB$INDEX_NAME as PK_NAME FROM RDB$RELATION_CONSTRAINTS a JOIN RDB$INDEX_SEGMENTS b ON (a.RDB$INDEX_NAME = b.RDB$INDEX_NAME) WHERE  RDB$CONSTRAINT_TYPE = 'PRIMARY KEY'","D:\AtelieProd\Equipexe\Exe\LavFacilLan.exe"
"LavFacilLan","outro"," SELECT P.RDB$PROCEDURE_NAME, PP.RDB$PARAMETER_NAME, PP.RDB$PARAMETER_TYPE, F.RDB$FIELD_TYPE, F.RDB$FIELD_SUB_TYPE, F.RDB$FIELD_SCALE, F.RDB$FIELD_LENGTH, F.RDB$NULL_FLAG, PP.RDB$DESCRIPTION, F.RDB$FIELD_PRECISION, F.RDB$NULL_FLAG  FROM RDB$PROCEDURES P JOIN RDB$PROCEDURE_PARAMETERS PP ON P.RDB$PROCEDURE_NAME = PP.RDB$PROCEDURE_NAME  JOIN RDB$FIELDS F ON PP.RDB$FIELD_SOURCE = F.RDB$FIELD_NAME ","D:\AtelieProd\Equipexe\Exe\LavFacilLan.exe"
"LavFacilLan","outro"," SELECT P.RDB$PROCEDURE_NAME, PP.RDB$PARAMETER_NAME, PP.RDB$PARAMETER_TYPE, F.RDB$FIELD_TYPE, F.RDB$FIELD_SUB_TYPE, F.RDB$FIELD_SCALE, F.RDB$FIELD_LENGTH, F.RDB$NULL_FLAG, PP.RDB$DESCRIPTION, F.RDB$FIELD_SCALE as RDB$FIELD_PRECISION, F.RDB$NULL_FLAG FROM RDB$PROCEDURES P JOIN RDB$PROCEDURE_PARAMETERS PP ON P.RDB$PROCEDURE_NAME=PP.RDB$PROCEDURE_NAME JOIN RDB$FIELDS F ON PP.RDB$FIELD_SOURCE=F.RDB$FIELD_NAME ","D:\AtelieProd\Equipexe\Exe\LavFacilLan.exe"
"LavFacilLan","relatorio/impressao"," SELECT RC_PRIM.RDB$RELATION_NAME,  IS_PRIM.RDB$FIELD_NAME,  RC_FOR.RDB$RELATION_NAME,  IS_FOR.RDB$FIELD_NAME,  IS_FOR.RDB$FIELD_POSITION,  REFC_PRIM.RDB$UPDATE_RULE,  REFC_PRIM.RDB$DELETE_RULE,  RC_FOR.RDB$CONSTRAINT_NAME,  RC_PRIM.RDB$CONSTRAINT_NAME  FROM RDB$RELATION_CONSTRAINTS RC_FOR, RDB$REF_CONSTRAINTS REFC_FOR,  RDB$RELATION_CONSTRAINTS RC_PRIM, RDB$REF_CONSTRAINTS REFC_PRIM,  RDB$INDEX_SEGMENTS IS_PRIM, RDB$INDEX_SEGMENTS IS_FOR  WHERE RC_PRIM.RDB$CONSTRAINT_TYPE = 'PRIMARY KEY' and ","D:\AtelieProd\Equipexe\Exe\LavFacilLan.exe"
"LavFacilLan","operacional"," SELECT Rol FROM MovCab M WHERE","D:\AtelieProd\Equipexe\Exe\LavFacilLan.exe"
"LavFacilLan","outro"," sendo configurando","D:\AtelieProd\Equipexe\Exe\LavFacilLan.exe"
"LavFacilLan","operacional"," SitRol =  '',","D:\AtelieProd\Equipexe\Exe\LavFacilLan.exe"
"LavFacilLan","operacional"," SitRol =  'P',","D:\AtelieProd\Equipexe\Exe\LavFacilLan.exe"
"LavFacilLan","operacional"," SitRol = '',","D:\AtelieProd\Equipexe\Exe\LavFacilLan.exe"
"LavFacilLan","operacional"," SitRol = 'P',","D:\AtelieProd\Equipexe\Exe\LavFacilLan.exe"
"LavFacilLan","operacional"," Tb_MovTmpItTOTPECAS.DisplayWidth","D:\AtelieProd\Equipexe\Exe\LavFacilLan.exe"
"LavFacilLan","outro"," TdomCMParameterEntityDeclaration","D:\AtelieProd\Equipexe\Exe\LavFacilLan.exe"
"LavFacilLan","cadastro"," tem Cliente","D:\AtelieProd\Equipexe\Exe\LavFacilLan.exe"
"LavFacilLan","fiscal"," TipNota='A', ","D:\AtelieProd\Equipexe\Exe\LavFacilLan.exe"
"LavFacilLan","fiscal"," TipNota='B', ","D:\AtelieProd\Equipexe\Exe\LavFacilLan.exe"
"LavFacilLan","operacional"," TotPecas= '","D:\AtelieProd\Equipexe\Exe\LavFacilLan.exe"
"LavFacilLan","relatorio/impressao"," uma porta de impress","D:\AtelieProd\Equipexe\Exe\LavFacilLan.exe"
"LavFacilLan","operacional"," usado no Rol ","D:\AtelieProd\Equipexe\Exe\LavFacilLan.exe"
"LavFacilLan","operacional"," utilizado pelo Rol ","D:\AtelieProd\Equipexe\Exe\LavFacilLan.exe"
"LavFacilLan","outro"," Vendedor Alt: ","D:\AtelieProd\Equipexe\Exe\LavFacilLan.exe"
"LavFacilLan","outro"," Vendedor Comp: ","D:\AtelieProd\Equipexe\Exe\LavFacilLan.exe"
"LavFacilLan","outro"," Vendedor: ","D:\AtelieProd\Equipexe\Exe\LavFacilLan.exe"
"LavFacilLan","outro"," Where ( Not( Cancelado=""S"" ) )","D:\AtelieProd\Equipexe\Exe\LavFacilLan.exe"
"LavFacilLan","operacional"," Where (CodLoc="""") And (Rol=","D:\AtelieProd\Equipexe\Exe\LavFacilLan.exe"
"LavFacilLan","operacional"," Where (I.CodPro=P.CodPro) And (I.Rol=","D:\AtelieProd\Equipexe\Exe\LavFacilLan.exe"
"LavFacilLan","operacional"," Where (I.Rol=M.Rol) ","D:\AtelieProd\Equipexe\Exe\LavFacilLan.exe"
"LavFacilLan","operacional"," Where (M.Rol > ""0"")","D:\AtelieProd\Equipexe\Exe\LavFacilLan.exe"
"LavFacilLan","operacional"," Where (MC.Rol > 0) ","D:\AtelieProd\Equipexe\Exe\LavFacilLan.exe"
"LavFacilLan","fiscal"," WHERE (not Desativado = ""S"") And (","D:\AtelieProd\Equipexe\Exe\LavFacilLan.exe"
"LavFacilLan","operacional"," Where (Not(CLP.Rol=""""))","D:\AtelieProd\Equipexe\Exe\LavFacilLan.exe"
"LavFacilLan","outro"," Where (not(D.Cancelado=""S"")) ","D:\AtelieProd\Equipexe\Exe\LavFacilLan.exe"
"LavFacilLan","outro"," Where (not(M.Cancelado=""S"")) ","D:\AtelieProd\Equipexe\Exe\LavFacilLan.exe"
"LavFacilLan","operacional"," Where (Rol=","D:\AtelieProd\Equipexe\Exe\LavFacilLan.exe"
"LavFacilLan","operacional"," Where (Rol=""","D:\AtelieProd\Equipexe\Exe\LavFacilLan.exe"
"LavFacilLan","operacional"," Where Controle1=""","D:\AtelieProd\Equipexe\Exe\LavFacilLan.exe"
"LavFacilLan","operacional"," Where Rol='","D:\AtelieProd\Equipexe\Exe\LavFacilLan.exe"
"LavFacilLan","outro","_Parameter","D:\AtelieProd\Equipexe\Exe\LavFacilLan.exe"
"LavFacilLan","operacional","_QClxDrawUtil_ScrollEffect","D:\AtelieProd\Equipexe\Exe\LavFacilLan.exe"
"LavFacilLan","menu","_QMenuBar_activateItemAt","D:\AtelieProd\Equipexe\Exe\LavFacilLan.exe"
"LavFacilLan","menu","_QMenuBar_create","D:\AtelieProd\Equipexe\Exe\LavFacilLan.exe"
"LavFacilLan","menu","_QMenuBar_hook_create","D:\AtelieProd\Equipexe\Exe\LavFacilLan.exe"
"LavFacilLan","menu","_QMenuBar_hook_hook_activated","D:\AtelieProd\Equipexe\Exe\LavFacilLan.exe"
"LavFacilLan","menu","_QMenuBar_hook_hook_highlighted","D:\AtelieProd\Equipexe\Exe\LavFacilLan.exe"
"LavFacilLan","menu","_QMenuBar_to_QMenuData","D:\AtelieProd\Equipexe\Exe\LavFacilLan.exe"
"LavFacilLan","menu","_QMenuData_changeItem","D:\AtelieProd\Equipexe\Exe\LavFacilLan.exe"
"LavFacilLan","menu","_QMenuData_changeItem3","D:\AtelieProd\Equipexe\Exe\LavFacilLan.exe"
"LavFacilLan","menu","_QMenuData_findItem","D:\AtelieProd\Equipexe\Exe\LavFacilLan.exe"
"LavFacilLan","menu","_QMenuData_iconSet","D:\AtelieProd\Equipexe\Exe\LavFacilLan.exe"
"LavFacilLan","menu","_QMenuData_insertItem5","D:\AtelieProd\Equipexe\Exe\LavFacilLan.exe"
"LavFacilLan","menu","_QMenuData_insertItem7","D:\AtelieProd\Equipexe\Exe\LavFacilLan.exe"
"LavFacilLan","menu","_QMenuData_insertSeparator","D:\AtelieProd\Equipexe\Exe\LavFacilLan.exe"
"LavFacilLan","menu","_QMenuData_removeItem","D:\AtelieProd\Equipexe\Exe\LavFacilLan.exe"
"LavFacilLan","menu","_QMenuData_setAccel","D:\AtelieProd\Equipexe\Exe\LavFacilLan.exe"
"LavFacilLan","menu","_QMenuData_setItemChecked","D:\AtelieProd\Equipexe\Exe\LavFacilLan.exe"
"LavFacilLan","menu","_QMenuData_setItemEnabled","D:\AtelieProd\Equipexe\Exe\LavFacilLan.exe"
"LavFacilLan","operacional","_QOpenScrollView_create","D:\AtelieProd\Equipexe\Exe\LavFacilLan.exe"
"LavFacilLan","operacional","_QOpenScrollView_setMargins","D:\AtelieProd\Equipexe\Exe\LavFacilLan.exe"
"LavFacilLan","menu","_QPopupMenu_create","D:\AtelieProd\Equipexe\Exe\LavFacilLan.exe"
"LavFacilLan","menu","_QPopupMenu_hook_create","D:\AtelieProd\Equipexe\Exe\LavFacilLan.exe"
"LavFacilLan","menu","_QPopupMenu_hook_hook_aboutToShow","D:\AtelieProd\Equipexe\Exe\LavFacilLan.exe"
"LavFacilLan","menu","_QPopupMenu_hook_hook_activated","D:\AtelieProd\Equipexe\Exe\LavFacilLan.exe"
"LavFacilLan","menu","_QPopupMenu_hook_hook_highlighted","D:\AtelieProd\Equipexe\Exe\LavFacilLan.exe"
"LavFacilLan","menu","_QPopupMenu_popup","D:\AtelieProd\Equipexe\Exe\LavFacilLan.exe"
"LavFacilLan","menu","_QPopupMenu_to_QMenuData","D:\AtelieProd\Equipexe\Exe\LavFacilLan.exe"
"LavFacilLan","operacional","_QScrollBar_hook_create","D:\AtelieProd\Equipexe\Exe\LavFacilLan.exe"
"LavFacilLan","operacional","_QScrollBar_hook_destroy","D:\AtelieProd\Equipexe\Exe\LavFacilLan.exe"
"LavFacilLan","operacional","_QScrollBar_setLineStep","D:\AtelieProd\Equipexe\Exe\LavFacilLan.exe"
"LavFacilLan","operacional","_QScrollBar_setTracking","D:\AtelieProd\Equipexe\Exe\LavFacilLan.exe"
"LavFacilLan","operacional","_QScrollBar_setValue","D:\AtelieProd\Equipexe\Exe\LavFacilLan.exe"
"LavFacilLan","operacional","_QScrollView_addChild","D:\AtelieProd\Equipexe\Exe\LavFacilLan.exe"
"LavFacilLan","operacional","_QScrollView_contentsToViewport2","D:\AtelieProd\Equipexe\Exe\LavFacilLan.exe"
"LavFacilLan","operacional","_QScrollView_hook_create","D:\AtelieProd\Equipexe\Exe\LavFacilLan.exe"
"LavFacilLan","operacional","_QScrollView_hook_hook_contentsMoving","D:\AtelieProd\Equipexe\Exe\LavFacilLan.exe"
"LavFacilLan","operacional","_QScrollView_horizontalScrollBar","D:\AtelieProd\Equipexe\Exe\LavFacilLan.exe"
"LavFacilLan","operacional","_QScrollView_removeChild","D:\AtelieProd\Equipexe\Exe\LavFacilLan.exe"
"LavFacilLan","operacional","_QScrollView_resizeContents","D:\AtelieProd\Equipexe\Exe\LavFacilLan.exe"
"LavFacilLan","operacional","_QScrollView_setCornerWidget","D:\AtelieProd\Equipexe\Exe\LavFacilLan.exe"
"LavFacilLan","operacional","_QScrollView_setHScrollBarMode","D:\AtelieProd\Equipexe\Exe\LavFacilLan.exe"
"LavFacilLan","operacional","_QScrollView_setResizePolicy","D:\AtelieProd\Equipexe\Exe\LavFacilLan.exe"
"LavFacilLan","operacional","_QScrollView_setVScrollBarMode","D:\AtelieProd\Equipexe\Exe\LavFacilLan.exe"
"LavFacilLan","operacional","_QScrollView_verticalScrollBar","D:\AtelieProd\Equipexe\Exe\LavFacilLan.exe"
"LavFacilLan","operacional","_QScrollView_viewport","D:\AtelieProd\Equipexe\Exe\LavFacilLan.exe"
"LavFacilLan","operacional","_QWidget_scroll","D:\AtelieProd\Equipexe\Exe\LavFacilLan.exe"
"LavFacilLan","cadastro","-          ""c:\EquipExe\Ger\Dados\Clientes"" C,","D:\AtelieProd\Equipexe\Exe\LavFacilLan.exe"
"LavFacilLan","financeiro","- Adiantamento - Saldo - 1 - Desconto Rol: ","D:\AtelieProd\Equipexe\Exe\LavFacilLan.exe"
"LavFacilLan","outro","- Cancelamento de: ","D:\AtelieProd\Equipexe\Exe\LavFacilLan.exe"
"LavFacilLan","cadastro","- Produto: ","D:\AtelieProd\Equipexe\Exe\LavFacilLan.exe"
"LavFacilLan","relatorio/impressao","-------- Ocorreu um erro durante a impress","D:\AtelieProd\Equipexe\Exe\LavFacilLan.exe"
"LavFacilLan","cadastro","-2a Ord.: Cliente","D:\AtelieProd\Equipexe\Exe\LavFacilLan.exe"
"LavFacilLan","outro","-2a Ord.: Entrega Prev.","D:\AtelieProd\Equipexe\Exe\LavFacilLan.exe"
"LavFacilLan","outro","-2a Ord.: Entrega Real.","D:\AtelieProd\Equipexe\Exe\LavFacilLan.exe"
"LavFacilLan","operacional","-2a Ord.: Rol","D:\AtelieProd\Equipexe\Exe\LavFacilLan.exe"
"LavFacilLan","cadastro","-Agrup.: Cliente","D:\AtelieProd\Equipexe\Exe\LavFacilLan.exe"
"LavFacilLan","outro","-Agrup.: Entrega Prev.","D:\AtelieProd\Equipexe\Exe\LavFacilLan.exe"
"LavFacilLan","outro","-Agrup.: Entrega Real.","D:\AtelieProd\Equipexe\Exe\LavFacilLan.exe"
"LavFacilLan","outro","-Agrup.: Vendedor","D:\AtelieProd\Equipexe\Exe\LavFacilLan.exe"
"LavFacilLan","operacional","-Ajustando Rols Modelo 11 ...","D:\AtelieProd\Equipexe\Exe\LavFacilLan.exe"
"LavFacilLan","operacional","-Ajustando Rols Modelo 2 ...","D:\AtelieProd\Equipexe\Exe\LavFacilLan.exe"
"LavFacilLan","operacional","-Ajustando Rols Modelo 21 ...","D:\AtelieProd\Equipexe\Exe\LavFacilLan.exe"
"LavFacilLan","outro","-Apenas Cancelado","D:\AtelieProd\Equipexe\Exe\LavFacilLan.exe"
"LavFacilLan","cadastro","-AtuPontosProducao - Produto: (","D:\AtelieProd\Equipexe\Exe\LavFacilLan.exe"
"LavFacilLan","cadastro","-Calculando Clientes Novos ... ","D:\AtelieProd\Equipexe\Exe\LavFacilLan.exe"
"LavFacilLan","cadastro","-Carregando Array Qde. em estoque. Produto Estoque:","D:\AtelieProd\Equipexe\Exe\LavFacilLan.exe"
"LavFacilLan","cadastro","-Centro Custo Cliente ","D:\AtelieProd\Equipexe\Exe\LavFacilLan.exe"
"LavFacilLan","cadastro","-Cliente ","D:\AtelieProd\Equipexe\Exe\LavFacilLan.exe"
"LavFacilLan","cadastro","-Cliente: ","D:\AtelieProd\Equipexe\Exe\LavFacilLan.exe"
"LavFacilLan","operacional","-Da um pause na rotina e entr no ImpRolMatrix do modelo","D:\AtelieProd\Equipexe\Exe\LavFacilLan.exe"
"LavFacilLan","financeiro","-Desconto ","D:\AtelieProd\Equipexe\Exe\LavFacilLan.exe"
"LavFacilLan","operacional","-Entra no ImpRolMatrix","D:\AtelieProd\Equipexe\Exe\LavFacilLan.exe"
"LavFacilLan","fiscal","-EParserDuplicate_Notation_On_Element_Type_Err","D:\AtelieProd\Equipexe\Exe\LavFacilLan.exe"
"LavFacilLan","cadastro","-Exclui GravaProLim - Produto: (","D:\AtelieProd\Equipexe\Exe\LavFacilLan.exe"
"LavFacilLan","cadastro","-Exclui GravaSerDef - Produto: (","D:\AtelieProd\Equipexe\Exe\LavFacilLan.exe"
"LavFacilLan","cadastro","-Exclui Itens MovTerPec - Produto: (","D:\AtelieProd\Equipexe\Exe\LavFacilLan.exe"
"LavFacilLan","cadastro","-Exclui Saldo Entrada - Produto: (","D:\AtelieProd\Equipexe\Exe\LavFacilLan.exe"
"LavFacilLan","relatorio/impressao","-Finaliza Processo de Impress","D:\AtelieProd\Equipexe\Exe\LavFacilLan.exe"
"LavFacilLan","operacional","-Finalizando Rol ...","D:\AtelieProd\Equipexe\Exe\LavFacilLan.exe"
"LavFacilLan","operacional","-Finazado procura do novo ROL ... ","D:\AtelieProd\Equipexe\Exe\LavFacilLan.exe"
"LavFacilLan","fiscal","-Fixada ( Nota Fiscal )","D:\AtelieProd\Equipexe\Exe\LavFacilLan.exe"
"LavFacilLan","financeiro","-Gera Caixa","D:\AtelieProd\Equipexe\Exe\LavFacilLan.exe"
"LavFacilLan","fiscal","-Gravando Adiantamento - Ajusta NumNotAdi ... ","D:\AtelieProd\Equipexe\Exe\LavFacilLan.exe"
"LavFacilLan","operacional","-Gravando Adiantamento - Baixando Rol Autom. ... ","D:\AtelieProd\Equipexe\Exe\LavFacilLan.exe"
"LavFacilLan","fiscal","-Gravando Adiantamento - Gerando Notas ... ","D:\AtelieProd\Equipexe\Exe\LavFacilLan.exe"
"LavFacilLan","operacional","-Gravando Controle de Entradas (Vinculo) ...","D:\AtelieProd\Equipexe\Exe\LavFacilLan.exe"
"LavFacilLan","financeiro","-Gravando GerDadCam (Desconto)...","D:\AtelieProd\Equipexe\Exe\LavFacilLan.exe"
"LavFacilLan","financeiro","-Gravando GerDadCam (Motivo Desconto)...","D:\AtelieProd\Equipexe\Exe\LavFacilLan.exe"
"LavFacilLan","cadastro","-Grupo Cliente ","D:\AtelieProd\Equipexe\Exe\LavFacilLan.exe"
"LavFacilLan","cadastro","-Grupo Produto: ","D:\AtelieProd\Equipexe\Exe\LavFacilLan.exe"
"LavFacilLan","relatorio/impressao","-Impress","D:\AtelieProd\Equipexe\Exe\LavFacilLan.exe"
"LavFacilLan","relatorio/impressao","-Impressao de SubRol","D:\AtelieProd\Equipexe\Exe\LavFacilLan.exe"
"LavFacilLan","relatorio/impressao","-Inicia processo de Impress","D:\AtelieProd\Equipexe\Exe\LavFacilLan.exe"
"LavFacilLan","relatorio/impressao","-Inicializa processo de Impress","D:\AtelieProd\Equipexe\Exe\LavFacilLan.exe"
"LavFacilLan","operacional","-Iniciando procura do novo ROL ... ","D:\AtelieProd\Equipexe\Exe\LavFacilLan.exe"
"LavFacilLan","cadastro","-LeGravaMovItemTin - Produto: (","D:\AtelieProd\Equipexe\Exe\LavFacilLan.exe"
"LavFacilLan","operacional","-Montando Estoque M","D:\AtelieProd\Equipexe\Exe\LavFacilLan.exe"
"LavFacilLan","operacional","-Movimento de Estoque - Estoque:","D:\AtelieProd\Equipexe\Exe\LavFacilLan.exe"
"LavFacilLan","fiscal","-Nota Fiscal: Com Notas","D:\AtelieProd\Equipexe\Exe\LavFacilLan.exe"
"LavFacilLan","fiscal","-Nota Fiscal: Sem Notas","D:\AtelieProd\Equipexe\Exe\LavFacilLan.exe"
"LavFacilLan","outro","-Pede Vendedor ...","D:\AtelieProd\Equipexe\Exe\LavFacilLan.exe"
"LavFacilLan","operacional","-Posicao: Estoque","D:\AtelieProd\Equipexe\Exe\LavFacilLan.exe"
"LavFacilLan","fiscal","-Posiciona Registros de Notas ...","D:\AtelieProd\Equipexe\Exe\LavFacilLan.exe"
"LavFacilLan","operacional","-Preparando controle de Etiquetas  ...","D:\AtelieProd\Equipexe\Exe\LavFacilLan.exe"
"LavFacilLan","cadastro","-Preparando gravar os produtos...","D:\AtelieProd\Equipexe\Exe\LavFacilLan.exe"
"LavFacilLan","operacional","-Rol ","D:\AtelieProd\Equipexe\Exe\LavFacilLan.exe"
"LavFacilLan","operacional","-Rol: ","D:\AtelieProd\Equipexe\Exe\LavFacilLan.exe"
"LavFacilLan","operacional","-Rol/Loc:","D:\AtelieProd\Equipexe\Exe\LavFacilLan.exe"
"LavFacilLan","fiscal","-Tipo Nota.: ","D:\AtelieProd\Equipexe\Exe\LavFacilLan.exe"
"LavFacilLan","outro","-Vendedor ","D:\AtelieProd\Equipexe\Exe\LavFacilLan.exe"
"LavFacilLan","outro","-Vendedor: ","D:\AtelieProd\Equipexe\Exe\LavFacilLan.exe"
"LavFacilLan","fiscal","-Verificando Nota: ","D:\AtelieProd\Equipexe\Exe\LavFacilLan.exe"
"LavFacilLan","operacional","-Verificando Rols: ","D:\AtelieProd\Equipexe\Exe\LavFacilLan.exe"
"LavFacilLan","operacional","-Where (I.CodPro=P.CodPro) And (I.Rol=M.Rol)  ","D:\AtelieProd\Equipexe\Exe\LavFacilLan.exe"
"LavFacilLan","cadastro",",          ""c:\EquipExe\Ger\Dados\Clientes"" C","D:\AtelieProd\Equipexe\Exe\LavFacilLan.exe"
"LavFacilLan","operacional",", CLP.Rol, CLP.CodPro ,CLP.Situacao","D:\AtelieProd\Equipexe\Exe\LavFacilLan.exe"
"LavFacilLan","operacional",", conflito Rol ","D:\AtelieProd\Equipexe\Exe\LavFacilLan.exe"
"LavFacilLan","fiscal",", NomCli,CodCli, Roteiro,FisJur,CodEmpree,GruCli,GruCli2,GruCli3,GruCli4,Desativado","D:\AtelieProd\Equipexe\Exe\LavFacilLan.exe"
"LavFacilLan","fiscal",", NumNotAdi=0","D:\AtelieProd\Equipexe\Exe\LavFacilLan.exe"
"LavFacilLan","operacional",", SitRol=   'P' ","D:\AtelieProd\Equipexe\Exe\LavFacilLan.exe"
"LavFacilLan","outro",":\EquipExe\EquipeParam.ini","D:\AtelieProd\Equipexe\Exe\LavFacilLan.exe"
"LavFacilLan","fiscal",":\EquipExe\EquSat","D:\AtelieProd\Equipexe\Exe\LavFacilLan.exe"
"LavFacilLan","fiscal",":\EquipExe\EquSat.Ini","D:\AtelieProd\Equipexe\Exe\LavFacilLan.exe"
"LavFacilLan","fiscal",":\EquipExe\Exe\Anotacoes.Exe","D:\AtelieProd\Equipexe\Exe\LavFacilLan.exe"
"LavFacilLan","outro",":\EquipExe\Exe\Backup.Exe","D:\AtelieProd\Equipexe\Exe\LavFacilLan.exe"
"LavFacilLan","fiscal",":\Equipexe\Exe\NFE.Exe","D:\AtelieProd\Equipexe\Exe\LavFacilLan.exe"
"LavFacilLan","autenticacao/permissao",":\EquipExe\Exe\Senhas.Exe","D:\AtelieProd\Equipexe\Exe\LavFacilLan.exe"
"LavFacilLan","outro",":\EquipExe\Exe\Sincronizar.exe","D:\AtelieProd\Equipexe\Exe\LavFacilLan.exe"
"LavFacilLan","financeiro",":\Equipexe\Figuras\FechamentoCaixa.bmp","D:\AtelieProd\Equipexe\Exe\LavFacilLan.exe"
"LavFacilLan","financeiro",":\Equipexe\Figuras\FechamentoCaixa1024.bmp","D:\AtelieProd\Equipexe\Exe\LavFacilLan.exe"
"LavFacilLan","fiscal",":\EquipExe\Sat\Filial","D:\AtelieProd\Equipexe\Exe\LavFacilLan.exe"
"LavFacilLan","outro",":\EquipExe\Sincroniza\Backup","D:\AtelieProd\Equipexe\Exe\LavFacilLan.exe"
"LavFacilLan","outro",":\EquipExe\Sincroniza\Backup\bd1","D:\AtelieProd\Equipexe\Exe\LavFacilLan.exe"
"LavFacilLan","outro",":\EquipExe\Sincroniza\bd1.mdb","D:\AtelieProd\Equipexe\Exe\LavFacilLan.exe"
"LavFacilLan","outro",":\Equipexe\Sincroniza\BD1.MDB n","D:\AtelieProd\Equipexe\Exe\LavFacilLan.exe"
"LavFacilLan","outro",":\Equipexe\Sincroniza\Envio","D:\AtelieProd\Equipexe\Exe\LavFacilLan.exe"
"LavFacilLan","outro",":\Equipexe\Sincroniza\Envio\Caract.xml","D:\AtelieProd\Equipexe\Exe\LavFacilLan.exe"
"LavFacilLan","outro",":\Equipexe\Sincroniza\Envio\Cores.xml","D:\AtelieProd\Equipexe\Exe\LavFacilLan.exe"
"LavFacilLan","outro",":\Equipexe\Sincroniza\Envio\Defeitos.xml","D:\AtelieProd\Equipexe\Exe\LavFacilLan.exe"
"LavFacilLan","outro",":\Equipexe\Sincroniza\Envio\Del","D:\AtelieProd\Equipexe\Exe\LavFacilLan.exe"
"LavFacilLan","outro",":\Equipexe\Sincroniza\Envio\Ent","D:\AtelieProd\Equipexe\Exe\LavFacilLan.exe"
"LavFacilLan","outro",":\Equipexe\Sincroniza\Envio\Erro\*.xml","D:\AtelieProd\Equipexe\Exe\LavFacilLan.exe"
"LavFacilLan","outro",":\Equipexe\Sincroniza\Envio\ExporTab","D:\AtelieProd\Equipexe\Exe\LavFacilLan.exe"
"LavFacilLan","outro",":\Equipexe\Sincroniza\Envio\FatPre.xml","D:\AtelieProd\Equipexe\Exe\LavFacilLan.exe"
"LavFacilLan","outro",":\Equipexe\Sincroniza\Envio\FPG.xml","D:\AtelieProd\Equipexe\Exe\LavFacilLan.exe"
"LavFacilLan","outro",":\Equipexe\Sincroniza\Envio\GruPro.xml","D:\AtelieProd\Equipexe\Exe\LavFacilLan.exe"
"LavFacilLan","outro",":\Equipexe\Sincroniza\Envio\Marcas.xml","D:\AtelieProd\Equipexe\Exe\LavFacilLan.exe"
"LavFacilLan","outro",":\Equipexe\Sincroniza\Envio\Prazos.xml","D:\AtelieProd\Equipexe\Exe\LavFacilLan.exe"
"LavFacilLan","outro",":\Equipexe\Sincroniza\Envio\Tab.xml","D:\AtelieProd\Equipexe\Exe\LavFacilLan.exe"
"LavFacilLan","outro",":\Equipexe\Sincroniza\Envio\TabProSer.xml","D:\AtelieProd\Equipexe\Exe\LavFacilLan.exe"
"LavFacilLan","outro",":\Equipexe\Sincroniza\Envio\TipEnt.xml","D:\AtelieProd\Equipexe\Exe\LavFacilLan.exe"
"LavFacilLan","outro",":\Equipexe\Sincroniza\Nuvem\","D:\AtelieProd\Equipexe\Exe\LavFacilLan.exe"
"LavFacilLan","outro",":\Equipexe\Sincroniza\Nuvem\Envio\","D:\AtelieProd\Equipexe\Exe\LavFacilLan.exe"
"LavFacilLan","outro",":\Equipexe\Sincroniza\Nuvem\Retorno","D:\AtelieProd\Equipexe\Exe\LavFacilLan.exe"
"LavFacilLan","outro",":\Equipexe\Sincroniza\Nuvem\Retorno\Erro","D:\AtelieProd\Equipexe\Exe\LavFacilLan.exe"
"LavFacilLan","outro",":\Equipexe\Sincroniza\Nuvem\Retorno\Log","D:\AtelieProd\Equipexe\Exe\LavFacilLan.exe"
"LavFacilLan","outro",":\Equipexe\Sincroniza\Nuvem\Retorno\Processando","D:\AtelieProd\Equipexe\Exe\LavFacilLan.exe"
"LavFacilLan","outro",":\Equipexe\Sincroniza\Ranking","D:\AtelieProd\Equipexe\Exe\LavFacilLan.exe"
"LavFacilLan","outro",":\Equipexe\Sincroniza\Ranking\","D:\AtelieProd\Equipexe\Exe\LavFacilLan.exe"
"LavFacilLan","outro",":\Equipexe\Sincroniza\Ranking\*.Txt","D:\AtelieProd\Equipexe\Exe\LavFacilLan.exe"
"LavFacilLan","outro",":\Equipexe\Sincroniza\Ranking\Erro","D:\AtelieProd\Equipexe\Exe\LavFacilLan.exe"
"LavFacilLan","outro",":\Equipexe\Sincroniza\Ranking\Erro\","D:\AtelieProd\Equipexe\Exe\LavFacilLan.exe"
"LavFacilLan","outro",":\Equipexe\Sincroniza\Ranking\Log","D:\AtelieProd\Equipexe\Exe\LavFacilLan.exe"
"LavFacilLan","outro",":\Equipexe\Sincroniza\Ranking\Log\","D:\AtelieProd\Equipexe\Exe\LavFacilLan.exe"
"LavFacilLan","outro",":\Equipexe\Sincroniza\Ranking\Ranking1Dia","D:\AtelieProd\Equipexe\Exe\LavFacilLan.exe"
"LavFacilLan","outro",":\Equipexe\Sincroniza\Ranking\Ranking2MesA","D:\AtelieProd\Equipexe\Exe\LavFacilLan.exe"
"LavFacilLan","outro",":\Equipexe\Sincroniza\Ranking\Ranking3AnoA","D:\AtelieProd\Equipexe\Exe\LavFacilLan.exe"
"LavFacilLan","outro",":\Equipexe\Sincroniza\Retorno","D:\AtelieProd\Equipexe\Exe\LavFacilLan.exe"
"LavFacilLan","outro",":\Equipexe\Sincroniza\Retorno\","D:\AtelieProd\Equipexe\Exe\LavFacilLan.exe"
"LavFacilLan","outro",":\Equipexe\Sincroniza\Retorno\Erro\","D:\AtelieProd\Equipexe\Exe\LavFacilLan.exe"
"LavFacilLan","outro",":\Equipexe\Sincroniza\Retorno\Erro\*.xml","D:\AtelieProd\Equipexe\Exe\LavFacilLan.exe"
"LavFacilLan","outro",":\Equipexe\Sincroniza\Retorno\Log\","D:\AtelieProd\Equipexe\Exe\LavFacilLan.exe"
"LavFacilLan","outro",":\Equipexe\Sincroniza\Retorno\Log\LavFacil\","D:\AtelieProd\Equipexe\Exe\LavFacilLan.exe"
"LavFacilLan","outro",":\Equipexe\Sincroniza\Retorno\Log\LavFacil\LogImporta","D:\AtelieProd\Equipexe\Exe\LavFacilLan.exe"
"LavFacilLan","outro",":\Equipexe\Sincroniza\Tabelas\Retorno\","D:\AtelieProd\Equipexe\Exe\LavFacilLan.exe"
"LavFacilLan","outro",":\EquipExe\Sincronizar.Ini","D:\AtelieProd\Equipexe\Exe\LavFacilLan.exe"
"LavFacilLan","cadastro",":Clientes""","D:\AtelieProd\Equipexe\Exe\LavFacilLan.exe"
"LavFacilLan","cadastro",":Clientes""       C ","D:\AtelieProd\Equipexe\Exe\LavFacilLan.exe"
"LavFacilLan","cadastro",":Clientes""   CL ","D:\AtelieProd\Equipexe\Exe\LavFacilLan.exe"
"LavFacilLan","cadastro",":Clientes"" C","D:\AtelieProd\Equipexe\Exe\LavFacilLan.exe"
"LavFacilLan","cadastro",":Clientes"" C ","D:\AtelieProd\Equipexe\Exe\LavFacilLan.exe"
"LavFacilLan","cadastro",":Clientes"" C,","D:\AtelieProd\Equipexe\Exe\LavFacilLan.exe"
"LavFacilLan","cadastro",":Clientes"" Where (","D:\AtelieProd\Equipexe\Exe\LavFacilLan.exe"
"LavFacilLan","fiscal",":Notas"" ","D:\AtelieProd\Equipexe\Exe\LavFacilLan.exe"
"LavFacilLan","fiscal",":Notas""    N, ","D:\AtelieProd\Equipexe\Exe\LavFacilLan.exe"
"LavFacilLan","outro","!DescriodaFilialnoRodapParametros1","D:\AtelieProd\Equipexe\Exe\LavFacilLan.exe"
"LavFacilLan","financeiro","!HabilitaDessabilitaCamposDesconto","D:\AtelieProd\Equipexe\Exe\LavFacilLan.exe"
"LavFacilLan","cadastro","!Importar Dados Cliente Fidelidade","D:\AtelieProd\Equipexe\Exe\LavFacilLan.exe"
"LavFacilLan","operacional","!Marcar para Entrega Todos os Rols","D:\AtelieProd\Equipexe\Exe\LavFacilLan.exe"
"LavFacilLan","fiscal","'from   ""c:\EquipExe\Lav\Filial\Notas""N,","D:\AtelieProd\Equipexe\Exe\LavFacilLan.exe"
"LavFacilLan","outro",""" And (Cancelado is Null)","D:\AtelieProd\Equipexe\Exe\LavFacilLan.exe"
"LavFacilLan","outro",""")) And (not (M.Cancelado=""S""))","D:\AtelieProd\Equipexe\Exe\LavFacilLan.exe"
"LavFacilLan","fiscal","""Cancelamento de Notas (&Intervalo)","D:\AtelieProd\Equipexe\Exe\LavFacilLan.exe"
"LavFacilLan","fiscal","""CancelamentodeNotasIntervalo1Click","D:\AtelieProd\Equipexe\Exe\LavFacilLan.exe"
"LavFacilLan","financeiro","""CancelamentodoUltimoEncerramCaixa1l","D:\AtelieProd\Equipexe\Exe\LavFacilLan.exe"
"LavFacilLan","cadastro","""Clientes"" C ","D:\AtelieProd\Equipexe\Exe\LavFacilLan.exe"
"LavFacilLan","fiscal","""EParserDuplicate_Notation_Decl_Err","D:\AtelieProd\Equipexe\Exe\LavFacilLan.exe"
"LavFacilLan","operacional","(    Rol               OS            Data","D:\AtelieProd\Equipexe\Exe\LavFacilLan.exe"
"LavFacilLan","operacional","(  *  ) Se no mesmo rol existir (Pe","D:\AtelieProd\Equipexe\Exe\LavFacilLan.exe"
"LavFacilLan","financeiro","( - ) Desconto (%) - F6","D:\AtelieProd\Equipexe\Exe\LavFacilLan.exe"
"LavFacilLan","operacional","( ** ) Se no mesmo rol existir (Servi","D:\AtelieProd\Equipexe\Exe\LavFacilLan.exe"
"LavFacilLan","financeiro","(-)Desconto","D:\AtelieProd\Equipexe\Exe\LavFacilLan.exe"
"LavFacilLan","financeiro","(-)Desconto de Aniversario ","D:\AtelieProd\Equipexe\Exe\LavFacilLan.exe"
"LavFacilLan","financeiro","(-)Desconto:","D:\AtelieProd\Equipexe\Exe\LavFacilLan.exe"
"LavFacilLan","financeiro","((((((M.ValTot * M.DescontoRol)/100)-M.ValTot)*-1)-M.DescontoValor)-N.ValBasNot)as Saldo ","D:\AtelieProd\Equipexe\Exe\LavFacilLan.exe"
"LavFacilLan","financeiro","(((((M.ValTot * M.DescontoRol)/100)-M.ValTot)*-1)-M.DescontoValor)as ValorRol","D:\AtelieProd\Equipexe\Exe\LavFacilLan.exe"
"LavFacilLan","outro","(((not(Cancelado='S'))  And ('","D:\AtelieProd\Equipexe\Exe\LavFacilLan.exe"
"LavFacilLan","outro","((not(Cancelado='S'))  And ('","D:\AtelieProd\Equipexe\Exe\LavFacilLan.exe"
"LavFacilLan","operacional","((Rol=0) and (not(Cancelado='S'))) or ((not(Rol=0)) and (Bloqueia='N'))","D:\AtelieProd\Equipexe\Exe\LavFacilLan.exe"
"LavFacilLan","cadastro","(****) Se no cadastro do cliente n","D:\AtelieProd\Equipexe\Exe\LavFacilLan.exe"
"LavFacilLan","operacional","(+)Rol:","D:\AtelieProd\Equipexe\Exe\LavFacilLan.exe"
"Gerenciador","cadastro","'http://www.lavsoft.com.br/EnviaServicos","D:\AtelieProd\Equipexe\Exe\Gerenciador.exe"
"Gerenciador","outro","""Equipexe\Sincroniza\Tabelas\Envio\","D:\AtelieProd\Equipexe\Exe\Gerenciador.exe"
"Gerenciador","outro","(Equipexe\Sincroniza\Tabelas\Envio\Falha\","D:\AtelieProd\Equipexe\Exe\Gerenciador.exe"
"Gerenciador","outro",")http://www.lavsoft.com.br/EnviaEntregaNew","D:\AtelieProd\Equipexe\Exe\Gerenciador.exe"
"Gerenciador","outro","*Equipexe\Sincroniza\Tabelas\Envio\Enviado\","D:\AtelieProd\Equipexe\Exe\Gerenciador.exe"
"Gerenciador","cadastro","*http://www.lavsoft.com.br/EnviaServicosNew","D:\AtelieProd\Equipexe\Exe\Gerenciador.exe"
"Gerenciador","operacional","/http://www.lavsoft.com.br/RecebeRolsFinalizados","D:\AtelieProd\Equipexe\Exe\Gerenciador.exe"
"Gerenciador","outro","&http://www.lavsoft.com.br/EnviaEntrega","D:\AtelieProd\Equipexe\Exe\Gerenciador.exe"
"Gerenciador","operacional","#http://www.lavsoft.com.br/testerols","D:\AtelieProd\Equipexe\Exe\Gerenciador.exe"
"Gerenciador","outro","$Equipexe\Sincroniza\Tabelas\Retorno\","D:\AtelieProd\Equipexe\Exe\Gerenciador.exe"
"Gerenciador","operacional","1http://www.lavsoft.com.br/ws/Sincrolav/Dados.asmx","D:\AtelieProd\Equipexe\Exe\Gerenciador.exe"
"Gerenciador","operacional","2http://www.lavsoft.com.br/RecebeRolsFinalizadosNew","D:\AtelieProd\Equipexe\Exe\Gerenciador.exe"
"Gerenciador","operacional","7http://www.lavsoft.com.br/RecebeRolsFinalizadosNewTeste","D:\AtelieProd\Equipexe\Exe\Gerenciador.exe"
"Gerenciador","outro","add_EnviaEntregaCompleted","D:\AtelieProd\Equipexe\Exe\Gerenciador.exe"
"Gerenciador","outro","add_EnviaEntregaNewCompleted","D:\AtelieProd\Equipexe\Exe\Gerenciador.exe"
"Gerenciador","cadastro","add_EnviaServicosCompleted","D:\AtelieProd\Equipexe\Exe\Gerenciador.exe"
"Gerenciador","cadastro","add_EnviaServicosNewCompleted","D:\AtelieProd\Equipexe\Exe\Gerenciador.exe"
"Gerenciador","operacional","add_RecebeRolsFinalizadosCompleted","D:\AtelieProd\Equipexe\Exe\Gerenciador.exe"
"Gerenciador","operacional","add_RecebeRolsFinalizadosNewCompleted","D:\AtelieProd\Equipexe\Exe\Gerenciador.exe"
"Gerenciador","operacional","add_RecebeRolsFinalizadosNewTesteCompleted","D:\AtelieProd\Equipexe\Exe\Gerenciador.exe"
"Gerenciador","operacional","add_testerolsCompleted","D:\AtelieProd\Equipexe\Exe\Gerenciador.exe"
"Gerenciador","outro","AssemblyConfigurationAttribute","D:\AtelieProd\Equipexe\Exe\Gerenciador.exe"
"Gerenciador","outro","btnCancel_Click","D:\AtelieProd\Equipexe\Exe\Gerenciador.exe"
"Gerenciador","outro","btnCancelar","D:\AtelieProd\Equipexe\Exe\Gerenciador.exe"
"Gerenciador","outro","btnCancelar_Click","D:\AtelieProd\Equipexe\Exe\Gerenciador.exe"
"Gerenciador","outro","Cancelar","D:\AtelieProd\Equipexe\Exe\Gerenciador.exe"
"Gerenciador","outro","CancelAsync","D:\AtelieProd\Equipexe\Exe\Gerenciador.exe"
"Gerenciador","outro","CancelEventArgs","D:\AtelieProd\Equipexe\Exe\Gerenciador.exe"
"Gerenciador","outro","CancelEventHandler","D:\AtelieProd\Equipexe\Exe\Gerenciador.exe"
"Gerenciador","outro","cancelled","D:\AtelieProd\Equipexe\Exe\Gerenciador.exe"
"Gerenciador","fiscal","CompilationRelaxationsAttribute","D:\AtelieProd\Equipexe\Exe\Gerenciador.exe"
"Gerenciador","outro","Configura","D:\AtelieProd\Equipexe\Exe\Gerenciador.exe"
"Gerenciador","operacional","ContainerControl","D:\AtelieProd\Equipexe\Exe\Gerenciador.exe"
"Gerenciador","operacional","ControlCollection","D:\AtelieProd\Equipexe\Exe\Gerenciador.exe"
"Gerenciador","outro","dirSincroniza","D:\AtelieProd\Equipexe\Exe\Gerenciador.exe"
"Gerenciador","outro","EnviaEntrega","D:\AtelieProd\Equipexe\Exe\Gerenciador.exe"
"Gerenciador","outro","EnviaEntregaAsync","D:\AtelieProd\Equipexe\Exe\Gerenciador.exe"
"Gerenciador","outro","EnviaEntregaCompletedEventArgs","D:\AtelieProd\Equipexe\Exe\Gerenciador.exe"
"Gerenciador","outro","EnviaEntregaCompletedEventHandler","D:\AtelieProd\Equipexe\Exe\Gerenciador.exe"
"Gerenciador","outro","EnviaEntregaNew","D:\AtelieProd\Equipexe\Exe\Gerenciador.exe"
"Gerenciador","outro","EnviaEntregaNewAsync","D:\AtelieProd\Equipexe\Exe\Gerenciador.exe"
"Gerenciador","outro","EnviaEntregaNewCompletedEventArgs","D:\AtelieProd\Equipexe\Exe\Gerenciador.exe"
"Gerenciador","outro","EnviaEntregaNewCompletedEventHandler","D:\AtelieProd\Equipexe\Exe\Gerenciador.exe"
"Gerenciador","cadastro","EnviaServicos","D:\AtelieProd\Equipexe\Exe\Gerenciador.exe"
"Gerenciador","cadastro","EnviaServicosAsync","D:\AtelieProd\Equipexe\Exe\Gerenciador.exe"
"Gerenciador","cadastro","EnviaServicosCompletedEventArgs","D:\AtelieProd\Equipexe\Exe\Gerenciador.exe"
"Gerenciador","cadastro","EnviaServicosCompletedEventHandler","D:\AtelieProd\Equipexe\Exe\Gerenciador.exe"
"Gerenciador","cadastro","EnviaServicosNew","D:\AtelieProd\Equipexe\Exe\Gerenciador.exe"
"Gerenciador","cadastro","EnviaServicosNewAsync","D:\AtelieProd\Equipexe\Exe\Gerenciador.exe"
"Gerenciador","cadastro","EnviaServicosNewCompletedEventArgs","D:\AtelieProd\Equipexe\Exe\Gerenciador.exe"
"Gerenciador","cadastro","EnviaServicosNewCompletedEventHandler","D:\AtelieProd\Equipexe\Exe\Gerenciador.exe"
"Gerenciador","outro","Equipexe\Sincroniza\Envio\","D:\AtelieProd\Equipexe\Exe\Gerenciador.exe"
"Gerenciador","outro","Equipexe\Sincroniza\Envio\Erro\","D:\AtelieProd\Equipexe\Exe\Gerenciador.exe"
"Gerenciador","outro","Equipexe\Sincroniza\Envio\Log\","D:\AtelieProd\Equipexe\Exe\Gerenciador.exe"
"Gerenciador","outro","Equipexe\Sincroniza\Nuvem","D:\AtelieProd\Equipexe\Exe\Gerenciador.exe"
"Gerenciador","outro","Equipexe\Sincroniza\Nuvem\Envio","D:\AtelieProd\Equipexe\Exe\Gerenciador.exe"
"Gerenciador","outro","Equipexe\Sincroniza\Nuvem\Log","D:\AtelieProd\Equipexe\Exe\Gerenciador.exe"
"Gerenciador","outro","Equipexe\Sincroniza\Retorno\","D:\AtelieProd\Equipexe\Exe\Gerenciador.exe"
"Gerenciador","menu","Gerenciador.Forms.Menu.resources","D:\AtelieProd\Equipexe\Exe\Gerenciador.exe"
"Gerenciador","menu","Gerenciador.Intl.Forms.MenuIntl.resources","D:\AtelieProd\Equipexe\Exe\Gerenciador.exe"
"Gerenciador","fiscal","Gerenciador.wsAtuTabelas","D:\AtelieProd\Equipexe\Exe\Gerenciador.exe"
"Gerenciador","operacional","Gerenciador.wsSincroLav","D:\AtelieProd\Equipexe\Exe\Gerenciador.exe"
"Gerenciador","outro","get_btnCancel","D:\AtelieProd\Equipexe\Exe\Gerenciador.exe"
"Gerenciador","outro","get_Cancelled","D:\AtelieProd\Equipexe\Exe\Gerenciador.exe"
"Gerenciador","fiscal","get_cbxSaturday","D:\AtelieProd\Equipexe\Exe\Gerenciador.exe"
"Gerenciador","outro","get_configure","D:\AtelieProd\Equipexe\Exe\Gerenciador.exe"
"Gerenciador","operacional","get_Control","D:\AtelieProd\Equipexe\Exe\Gerenciador.exe"
"Gerenciador","operacional","get_ControlDark","D:\AtelieProd\Equipexe\Exe\Gerenciador.exe"
"Gerenciador","operacional","get_ControlLight","D:\AtelieProd\Equipexe\Exe\Gerenciador.exe"
"Gerenciador","operacional","get_Controls","D:\AtelieProd\Equipexe\Exe\Gerenciador.exe"
"Gerenciador","operacional","get_ControlText","D:\AtelieProd\Equipexe\Exe\Gerenciador.exe"
"Gerenciador","fiscal","get_Gerenciador_wsAtuTabelas_AtuTabelas","D:\AtelieProd\Equipexe\Exe\Gerenciador.exe"
"Gerenciador","operacional","get_Gerenciador_wsSincroLav_Dados","D:\AtelieProd\Equipexe\Exe\Gerenciador.exe"
"Gerenciador","outro","get_minilavRecepcao","D:\AtelieProd\Equipexe\Exe\Gerenciador.exe"
"Gerenciador","outro","get_sincronizacao","D:\AtelieProd\Equipexe\Exe\Gerenciador.exe"
"Gerenciador","outro","get_tabelasRecepcao","D:\AtelieProd\Equipexe\Exe\Gerenciador.exe"
"Gerenciador","outro","getProxyConfiguration","D:\AtelieProd\Equipexe\Exe\Gerenciador.exe"
"Gerenciador","operacional","IButtonControl","D:\AtelieProd\Equipexe\Exe\Gerenciador.exe"
"Gerenciador","operacional","ListControl","D:\AtelieProd\Equipexe\Exe\Gerenciador.exe"
"Gerenciador","menu","Menu_FormClosing","D:\AtelieProd\Equipexe\Exe\Gerenciador.exe"
"Gerenciador","menu","Menu_Resize","D:\AtelieProd\Equipexe\Exe\Gerenciador.exe"
"Gerenciador","menu","Menu_Shown","D:\AtelieProd\Equipexe\Exe\Gerenciador.exe"
"Gerenciador","menu","MenuIntl","D:\AtelieProd\Equipexe\Exe\Gerenciador.exe"
"Gerenciador","menu","menuStrip1","D:\AtelieProd\Equipexe\Exe\Gerenciador.exe"
"Gerenciador","menu","mnsMenu","D:\AtelieProd\Equipexe\Exe\Gerenciador.exe"
"Gerenciador","outro","OnEnviaEntregaNewOperationCompleted","D:\AtelieProd\Equipexe\Exe\Gerenciador.exe"
"Gerenciador","outro","OnEnviaEntregaOperationCompleted","D:\AtelieProd\Equipexe\Exe\Gerenciador.exe"
"Gerenciador","cadastro","OnEnviaServicosNewOperationCompleted","D:\AtelieProd\Equipexe\Exe\Gerenciador.exe"
"Gerenciador","cadastro","OnEnviaServicosOperationCompleted","D:\AtelieProd\Equipexe\Exe\Gerenciador.exe"
"Gerenciador","operacional","OnRecebeRolsFinalizadosNewOperationCompleted","D:\AtelieProd\Equipexe\Exe\Gerenciador.exe"
"Gerenciador","operacional","OnRecebeRolsFinalizadosNewTesteOperationCompleted","D:\AtelieProd\Equipexe\Exe\Gerenciador.exe"
"Gerenciador","operacional","OnRecebeRolsFinalizadosOperationCompleted","D:\AtelieProd\Equipexe\Exe\Gerenciador.exe"
"Gerenciador","operacional","OntesterolsOperationCompleted","D:\AtelieProd\Equipexe\Exe\Gerenciador.exe"
"Gerenciador","outro","Parameters","D:\AtelieProd\Equipexe\Exe\Gerenciador.exe"
"Gerenciador","outro","ParameterStyle","D:\AtelieProd\Equipexe\Exe\Gerenciador.exe"
"Gerenciador","operacional","RecebeRolsFinalizados","D:\AtelieProd\Equipexe\Exe\Gerenciador.exe"
"Gerenciador","operacional","RecebeRolsFinalizadosAsync","D:\AtelieProd\Equipexe\Exe\Gerenciador.exe"
"Gerenciador","operacional","RecebeRolsFinalizadosCompletedEventArgs","D:\AtelieProd\Equipexe\Exe\Gerenciador.exe"
"Gerenciador","operacional","RecebeRolsFinalizadosCompletedEventHandler","D:\AtelieProd\Equipexe\Exe\Gerenciador.exe"
"Gerenciador","operacional","RecebeRolsFinalizadosNew","D:\AtelieProd\Equipexe\Exe\Gerenciador.exe"
"Gerenciador","operacional","RecebeRolsFinalizadosNewAsync","D:\AtelieProd\Equipexe\Exe\Gerenciador.exe"
"Gerenciador","operacional","RecebeRolsFinalizadosNewCompletedEventArgs","D:\AtelieProd\Equipexe\Exe\Gerenciador.exe"
"Gerenciador","operacional","RecebeRolsFinalizadosNewCompletedEventHandler","D:\AtelieProd\Equipexe\Exe\Gerenciador.exe"
"Gerenciador","operacional","RecebeRolsFinalizadosNewTeste","D:\AtelieProd\Equipexe\Exe\Gerenciador.exe"
"Gerenciador","operacional","RecebeRolsFinalizadosNewTesteAsync","D:\AtelieProd\Equipexe\Exe\Gerenciador.exe"
"Gerenciador","operacional","RecebeRolsFinalizadosNewTesteCompletedEventArgs","D:\AtelieProd\Equipexe\Exe\Gerenciador.exe"
"Gerenciador","operacional","RecebeRolsFinalizadosNewTesteCompletedEventHandler","D:\AtelieProd\Equipexe\Exe\Gerenciador.exe"
"Gerenciador","outro","Recep","D:\AtelieProd\Equipexe\Exe\Gerenciador.exe"
"Gerenciador","outro","remove_EnviaEntregaCompleted","D:\AtelieProd\Equipexe\Exe\Gerenciador.exe"
"Gerenciador","outro","remove_EnviaEntregaNewCompleted","D:\AtelieProd\Equipexe\Exe\Gerenciador.exe"
"Gerenciador","cadastro","remove_EnviaServicosCompleted","D:\AtelieProd\Equipexe\Exe\Gerenciador.exe"
"Gerenciador","cadastro","remove_EnviaServicosNewCompleted","D:\AtelieProd\Equipexe\Exe\Gerenciador.exe"
"Gerenciador","operacional","remove_RecebeRolsFinalizadosCompleted","D:\AtelieProd\Equipexe\Exe\Gerenciador.exe"
"Gerenciador","operacional","remove_RecebeRolsFinalizadosNewCompleted","D:\AtelieProd\Equipexe\Exe\Gerenciador.exe"
"Gerenciador","operacional","remove_RecebeRolsFinalizadosNewTesteCompleted","D:\AtelieProd\Equipexe\Exe\Gerenciador.exe"
"Gerenciador","operacional","remove_testerolsCompleted","D:\AtelieProd\Equipexe\Exe\Gerenciador.exe"
"Gerenciador","autenticacao/permissao","rio ou senha inv","D:\AtelieProd\Equipexe\Exe\Gerenciador.exe"
"Gerenciador","operacional","ScrollableControl","D:\AtelieProd\Equipexe\Exe\Gerenciador.exe"
"Gerenciador","autenticacao/permissao","Senha","D:\AtelieProd\Equipexe\Exe\Gerenciador.exe"
"Gerenciador","cadastro","Servico","D:\AtelieProd\Equipexe\Exe\Gerenciador.exe"
"Gerenciador","operacional","set_AutoScroll","D:\AtelieProd\Equipexe\Exe\Gerenciador.exe"
"Gerenciador","outro","set_Cancel","D:\AtelieProd\Equipexe\Exe\Gerenciador.exe"
"Gerenciador","outro","set_CancelButton","D:\AtelieProd\Equipexe\Exe\Gerenciador.exe"
"Gerenciador","menu","set_ContextMenuStrip","D:\AtelieProd\Equipexe\Exe\Gerenciador.exe"
"Gerenciador","operacional","set_ControlBox","D:\AtelieProd\Equipexe\Exe\Gerenciador.exe"
"Gerenciador","menu","set_MainMenuStrip","D:\AtelieProd\Equipexe\Exe\Gerenciador.exe"
"Gerenciador","outro","setProxyConfiguration","D:\AtelieProd\Equipexe\Exe\Gerenciador.exe"
"Gerenciador","outro","SoapParameterStyle","D:\AtelieProd\Equipexe\Exe\Gerenciador.exe"
"Gerenciador","outro","System.Configuration","D:\AtelieProd\Equipexe\Exe\Gerenciador.exe"
"Gerenciador","outro","System.Web.Services.Protocols.SoapParameterStyle, System.Web.Services, Version=2.0.0.0, Culture=neutral, PublicKeyToken=b03f5f7f11d50a3a","D:\AtelieProd\Equipexe\Exe\Gerenciador.exe"
"Gerenciador","operacional","testerols","D:\AtelieProd\Equipexe\Exe\Gerenciador.exe"
"Gerenciador","operacional","testerolsAsync","D:\AtelieProd\Equipexe\Exe\Gerenciador.exe"
"Gerenciador","operacional","testerolsCompletedEventArgs","D:\AtelieProd\Equipexe\Exe\Gerenciador.exe"
"Gerenciador","operacional","testerolsCompletedEventHandler","D:\AtelieProd\Equipexe\Exe\Gerenciador.exe"
"Gerenciador","menu","ToolStripMenuItem","D:\AtelieProd\Equipexe\Exe\Gerenciador.exe"
"Gerenciador","menu","toolStripMenuItem1","D:\AtelieProd\Equipexe\Exe\Gerenciador.exe"
"Gerenciador","menu","toolStripMenuItem2","D:\AtelieProd\Equipexe\Exe\Gerenciador.exe"
"Gerenciador","operacional","UserControl","D:\AtelieProd\Equipexe\Exe\Gerenciador.exe"
"Gerenciador","autenticacao/permissao","usuario","D:\AtelieProd\Equipexe\Exe\Gerenciador.exe"
"Financeiro","operacional","        name=""Microsoft.Windows.Common-Controls""","D:\AtelieProd\Equipexe\Exe\Financeiro.exe"
"Financeiro","cadastro","       &Cadastros         ","D:\AtelieProd\Equipexe\Exe\Financeiro.exe"
"Financeiro","cadastro","     &Cadastros","D:\AtelieProd\Equipexe\Exe\Financeiro.exe"
"Financeiro","outro"," Cancelada","D:\AtelieProd\Equipexe\Exe\Financeiro.exe"
"Financeiro","outro"," Cancelado","D:\AtelieProd\Equipexe\Exe\Financeiro.exe"
"Financeiro","relatorio/impressao"," da Nota Fiscal a ser Impressa","D:\AtelieProd\Equipexe\Exe\Financeiro.exe"
"Financeiro","relatorio/impressao"," deseja imprimir o relat","D:\AtelieProd\Equipexe\Exe\Financeiro.exe"
"Financeiro","autenticacao/permissao"," Order By CodUsuario","D:\AtelieProd\Equipexe\Exe\Financeiro.exe"
"Financeiro","menu"," WinSkinMenu","D:\AtelieProd\Equipexe\Exe\Financeiro.exe"
"Financeiro","outro","-Canceladas","D:\AtelieProd\Equipexe\Exe\Financeiro.exe"
"Financeiro","cadastro","-Cliente: ","D:\AtelieProd\Equipexe\Exe\Financeiro.exe"
"Financeiro","cadastro","-Clientes de ","D:\AtelieProd\Equipexe\Exe\Financeiro.exe"
"Financeiro","cadastro","-Ordem: Cliente","D:\AtelieProd\Equipexe\Exe\Financeiro.exe"
"Financeiro","cadastro","-Ordem: Cliente(Nome)","D:\AtelieProd\Equipexe\Exe\Financeiro.exe"
"Financeiro","cadastro","-Ordem: Cliente(Raz","D:\AtelieProd\Equipexe\Exe\Financeiro.exe"
"Financeiro","outro","-Ordem: Vendedor","D:\AtelieProd\Equipexe\Exe\Financeiro.exe"
"Financeiro","outro","-Vendedor: ","D:\AtelieProd\Equipexe\Exe\Financeiro.exe"
"Financeiro","fiscal",":\EquipExe\EquSat","D:\AtelieProd\Equipexe\Exe\Financeiro.exe"
"Financeiro","fiscal",":\EquipExe\EquSat.Ini","D:\AtelieProd\Equipexe\Exe\Financeiro.exe"
"Financeiro","cadastro",":Clientes"" C","D:\AtelieProd\Equipexe\Exe\Financeiro.exe"
"Financeiro","cadastro","!Imprime Nome do cliente no Boleto","D:\AtelieProd\Equipexe\Exe\Financeiro.exe"
"Financeiro","outro",""" And (Not(Cancelado=""S""))","D:\AtelieProd\Equipexe\Exe\Financeiro.exe"
"Financeiro","operacional","(|Digito de controle do CGC do fornecedor","D:\AtelieProd\Equipexe\Exe\Financeiro.exe"
"Financeiro","outro","(Cancelado='') And  ((GruSubC='') Or   (GruSubC='","D:\AtelieProd\Equipexe\Exe\Financeiro.exe"
"Financeiro","financeiro","(Financeiro - Sistema Controle Financeiro","D:\AtelieProd\Equipexe\Exe\Financeiro.exe"
"Financeiro","outro","(Not(Cancelado='S'))","D:\AtelieProd\Equipexe\Exe\Financeiro.exe"
"Financeiro","outro",") And (Cancelado is null)","D:\AtelieProd\Equipexe\Exe\Financeiro.exe"
"Financeiro","autenticacao/permissao",")S:\BaseTestes\Usuarios\Arnaldo\Ger\Filial","D:\AtelieProd\Equipexe\Exe\Financeiro.exe"
"Financeiro","relatorio/impressao",")Teste para Impress","D:\AtelieProd\Equipexe\Exe\Financeiro.exe"
"Financeiro","cadastro","*Cliente","D:\AtelieProd\Equipexe\Exe\Financeiro.exe"
"Financeiro","menu","/HideMenubar true","D:\AtelieProd\Equipexe\Exe\Financeiro.exe"
"Financeiro","outro","\BoletosLot"" Set Cancelado=""S"" ","D:\AtelieProd\Equipexe\Exe\Financeiro.exe"
"Financeiro","outro","\BoletosLot"" Where (Not(Cancelado=""S"")) And ((Baixa is null) or Baixa=""P"") ","D:\AtelieProd\Equipexe\Exe\Financeiro.exe"
"Financeiro","cadastro","\Clientes"" C","D:\AtelieProd\Equipexe\Exe\Financeiro.exe"
"Financeiro","cadastro","\Clientes"" C    ","D:\AtelieProd\Equipexe\Exe\Financeiro.exe"
"Financeiro","cadastro","&Cadastro de Ajustes Autom","D:\AtelieProd\Equipexe\Exe\Financeiro.exe"
"Financeiro","cadastro","&Cadastros       ","D:\AtelieProd\Equipexe\Exe\Financeiro.exe"
"Financeiro","outro","&Cancel","D:\AtelieProd\Equipexe\Exe\Financeiro.exe"
"Financeiro","outro","&Cancela","D:\AtelieProd\Equipexe\Exe\Financeiro.exe"
"Financeiro","outro","&Cancela Lote","D:\AtelieProd\Equipexe\Exe\Financeiro.exe"
"Financeiro","outro","&Cancelamento","D:\AtelieProd\Equipexe\Exe\Financeiro.exe"
"Financeiro","outro","&Cancelar","D:\AtelieProd\Equipexe\Exe\Financeiro.exe"
"Financeiro","cadastro","&Cliente","D:\AtelieProd\Equipexe\Exe\Financeiro.exe"
"Financeiro","cadastro","&Clientes","D:\AtelieProd\Equipexe\Exe\Financeiro.exe"
"Financeiro","outro","&Configura","D:\AtelieProd\Equipexe\Exe\Financeiro.exe"
"Financeiro","outro","&Consulta","D:\AtelieProd\Equipexe\Exe\Financeiro.exe"
"Financeiro","operacional","&Controls","D:\AtelieProd\Equipexe\Exe\Financeiro.exe"
"Financeiro","cadastro","&Geral Ajuste de Cadastro","D:\AtelieProd\Equipexe\Exe\Financeiro.exe"
"Financeiro","outro","&Grava Configura","D:\AtelieProd\Equipexe\Exe\Financeiro.exe"
"Financeiro","cadastro","&Individual Ajuste de Cadastro","D:\AtelieProd\Equipexe\Exe\Financeiro.exe"
"Financeiro","outro","&Parametros","D:\AtelieProd\Equipexe\Exe\Financeiro.exe"
"Financeiro","relatorio/impressao","&Relat","D:\AtelieProd\Equipexe\Exe\Financeiro.exe"
"Financeiro","autenticacao/permissao","&Senha","D:\AtelieProd\Equipexe\Exe\Financeiro.exe"
"Financeiro","financeiro","&Sobre o Sistema Financeiro","D:\AtelieProd\Equipexe\Exe\Financeiro.exe"
"Financeiro","cadastro","+         ""z:\EquipExe\Ger\Dados\Clientes"" C","D:\AtelieProd\Equipexe\Exe\Financeiro.exe"
"Financeiro","fiscal","|Inicio da Nota","D:\AtelieProd\Equipexe\Exe\Financeiro.exe"
"Financeiro","cadastro","|LogoMarca do cliente","D:\AtelieProd\Equipexe\Exe\Financeiro.exe"
"Financeiro","cadastro","|Nome do Cliente","D:\AtelieProd\Equipexe\Exe\Financeiro.exe"
"Financeiro","autenticacao/permissao","|Senha do usu","D:\AtelieProd\Equipexe\Exe\Financeiro.exe"
"Financeiro","outro","0 - Parametro","D:\AtelieProd\Equipexe\Exe\Financeiro.exe"
"Financeiro","cadastro","0Select * From ""C:\Equipexe\Ger\Dados\Clientes"" C","D:\AtelieProd\Equipexe\Exe\Financeiro.exe"
"Financeiro","cadastro","1-Cadastros","D:\AtelieProd\Equipexe\Exe\Financeiro.exe"
"Financeiro","fiscal","1-Notas ( Faturamento )","D:\AtelieProd\Equipexe\Exe\Financeiro.exe"
"Financeiro","operacional","2-NotFis ( Rol )","D:\AtelieProd\Equipexe\Exe\Financeiro.exe"
"Financeiro","cadastro","3-Cadastro e Lactos.","D:\AtelieProd\Equipexe\Exe\Financeiro.exe"
"Financeiro","financeiro","4-Menos Caixa","D:\AtelieProd\Equipexe\Exe\Financeiro.exe"
"Financeiro","outro","AbreCepFacil","D:\AtelieProd\Equipexe\Exe\Financeiro.exe"
"Financeiro","relatorio/impressao","Abrir relat","D:\AtelieProd\Equipexe\Exe\Financeiro.exe"
"Financeiro","relatorio/impressao","Abrir...|Abre um relat","D:\AtelieProd\Equipexe\Exe\Financeiro.exe"
"Financeiro","operacional","ActiveControl","D:\AtelieProd\Equipexe\Exe\Financeiro.exe"
"Financeiro","operacional","ActiveControlHSF","D:\AtelieProd\Equipexe\Exe\Financeiro.exe"
"Financeiro","outro","AfterCancel`","D:\AtelieProd\Equipexe\Exe\Financeiro.exe"
"Financeiro","outro","AfterGetParams","D:\AtelieProd\Equipexe\Exe\Financeiro.exe"
"Financeiro","operacional","AfterScroll`","D:\AtelieProd\Equipexe\Exe\Financeiro.exe"
"Financeiro","fiscal","AgrupaNota","D:\AtelieProd\Equipexe\Exe\Financeiro.exe"
"Financeiro","cadastro","Ajusta Cadastro Automaticamente","D:\AtelieProd\Equipexe\Exe\Financeiro.exe"
"Financeiro","operacional","amento de Comandas (ROL)","D:\AtelieProd\Equipexe\Exe\Financeiro.exe"
"Financeiro","outro","And (D.Cancelado=""S"") ","D:\AtelieProd\Equipexe\Exe\Financeiro.exe"
"Financeiro","outro","And (Not(Cancelado=","D:\AtelieProd\Equipexe\Exe\Financeiro.exe"
"Financeiro","outro","And (not(D.Cancelado=""S"")) ","D:\AtelieProd\Equipexe\Exe\Financeiro.exe"
"Financeiro","fiscal","Anotacoes","D:\AtelieProd\Equipexe\Exe\Financeiro.exe"
"Financeiro","relatorio/impressao","Arquivo de Relat","D:\AtelieProd\Equipexe\Exe\Financeiro.exe"
"Financeiro","outro","AS_GetParams","D:\AtelieProd\Equipexe\Exe\Financeiro.exe"
"Financeiro","fiscal","Assume Config. LavSoft (Notas)","D:\AtelieProd\Equipexe\Exe\Financeiro.exe"
"Financeiro","operacional","AutoScroll","D:\AtelieProd\Equipexe\Exe\Financeiro.exe"
"Financeiro","autenticacao/permissao","BaiUsuario","D:\AtelieProd\Equipexe\Exe\Financeiro.exe"
"Financeiro","outro","BBCANCEL","D:\AtelieProd\Equipexe\Exe\Financeiro.exe"
"Financeiro","outro","BeforeCancel`","D:\AtelieProd\Equipexe\Exe\Financeiro.exe"
"Financeiro","outro","BeforeGetParams","D:\AtelieProd\Equipexe\Exe\Financeiro.exe"
"Financeiro","operacional","BeforeScroll`","D:\AtelieProd\Equipexe\Exe\Financeiro.exe"
"Financeiro","menu","biSystemMenu","D:\AtelieProd\Equipexe\Exe\Financeiro.exe"
"Financeiro","outro","bkCancel","D:\AtelieProd\Equipexe\Exe\Financeiro.exe"
"Financeiro","outro","Bt_Cancela","D:\AtelieProd\Equipexe\Exe\Financeiro.exe"
"Financeiro","outro","Bt_Cancela@","D:\AtelieProd\Equipexe\Exe\Financeiro.exe"
"Financeiro","outro","Bt_Cancela\","D:\AtelieProd\Equipexe\Exe\Financeiro.exe"
"Financeiro","outro","Bt_Cancela|","D:\AtelieProd\Equipexe\Exe\Financeiro.exe"
"Financeiro","outro","Bt_Cancela4","D:\AtelieProd\Equipexe\Exe\Financeiro.exe"
"Financeiro","outro","Bt_CancelaClick","D:\AtelieProd\Equipexe\Exe\Financeiro.exe"
"Financeiro","outro","Bt_CancelaClick ","D:\AtelieProd\Equipexe\Exe\Financeiro.exe"
"Financeiro","outro","Bt_Cancelax","D:\AtelieProd\Equipexe\Exe\Financeiro.exe"
"Financeiro","outro","Bt_ConsultaCli","D:\AtelieProd\Equipexe\Exe\Financeiro.exe"
"Financeiro","outro","Bt_ConsultaCliClick","D:\AtelieProd\Equipexe\Exe\Financeiro.exe"
"Financeiro","outro","Busca configura","D:\AtelieProd\Equipexe\Exe\Financeiro.exe"
"Financeiro","autenticacao/permissao","c_DigitaSenha","D:\AtelieProd\Equipexe\Exe\Financeiro.exe"
"Financeiro","financeiro","c_mCaixaPCla","D:\AtelieProd\Equipexe\Exe\Financeiro.exe"
"Financeiro","fiscal","C:\EquipExe\EquSat","D:\AtelieProd\Equipexe\Exe\Financeiro.exe"
"Financeiro","fiscal","C:\EquipExe\EquSat.Ini","D:\AtelieProd\Equipexe\Exe\Financeiro.exe"
"Financeiro","cadastro","Cadastro","D:\AtelieProd\Equipexe\Exe\Financeiro.exe"
"Financeiro","cadastro","Cadastro 2","D:\AtelieProd\Equipexe\Exe\Financeiro.exe"
"Financeiro","cadastro","Cadastro 3","D:\AtelieProd\Equipexe\Exe\Financeiro.exe"
"Financeiro","cadastro","Cadastro 4","D:\AtelieProd\Equipexe\Exe\Financeiro.exe"
"Financeiro","cadastro","Cadastro Campos Flexiveis","D:\AtelieProd\Equipexe\Exe\Financeiro.exe"
"Financeiro","cadastro","Cadastro de Clientes","D:\AtelieProd\Equipexe\Exe\Financeiro.exe"
"Financeiro","cadastro","Cadastro de Fornecedores","D:\AtelieProd\Equipexe\Exe\Financeiro.exe"
"Financeiro","cadastro","Cadastro de Grupo (Campos Flexiveis)","D:\AtelieProd\Equipexe\Exe\Financeiro.exe"
"Financeiro","cadastro","Cadastro de Grupo 1 ","D:\AtelieProd\Equipexe\Exe\Financeiro.exe"
"Financeiro","cadastro","Cadastro de Grupo 2 ","D:\AtelieProd\Equipexe\Exe\Financeiro.exe"
"Financeiro","cadastro","Cadastro de Grupo 3","D:\AtelieProd\Equipexe\Exe\Financeiro.exe"
"Financeiro","cadastro","Cadastro de Grupo 4","D:\AtelieProd\Equipexe\Exe\Financeiro.exe"
"Financeiro","cadastro","Cadastro de Situa","D:\AtelieProd\Equipexe\Exe\Financeiro.exe"
"Financeiro","cadastro","Cadastro Mensagem Padr","D:\AtelieProd\Equipexe\Exe\Financeiro.exe"
"Financeiro","cadastro","Cadastros1","D:\AtelieProd\Equipexe\Exe\Financeiro.exe"
"Financeiro","cadastro","Cadastros1D","D:\AtelieProd\Equipexe\Exe\Financeiro.exe"
"Financeiro","cadastro","Cadastros3","D:\AtelieProd\Equipexe\Exe\Financeiro.exe"
"Financeiro","cadastro","Cadastros3P","D:\AtelieProd\Equipexe\Exe\Financeiro.exe"
"Financeiro","cadastro","CadClientes","D:\AtelieProd\Equipexe\Exe\Financeiro.exe"
"Financeiro","fiscal","CadSatCla","D:\AtelieProd\Equipexe\Exe\Financeiro.exe"
"Financeiro","financeiro","Caixa","D:\AtelieProd\Equipexe\Exe\Financeiro.exe"
"Financeiro","financeiro","Caixa ","D:\AtelieProd\Equipexe\Exe\Financeiro.exe"
"Financeiro","financeiro","Caixa: ","D:\AtelieProd\Equipexe\Exe\Financeiro.exe"
"Financeiro","outro","Cancel","D:\AtelieProd\Equipexe\Exe\Financeiro.exe"
"Financeiro","outro","Cancel1","D:\AtelieProd\Equipexe\Exe\Financeiro.exe"
"Financeiro","outro","Cancel1Click","D:\AtelieProd\Equipexe\Exe\Financeiro.exe"
"Financeiro","outro","Cancela","D:\AtelieProd\Equipexe\Exe\Financeiro.exe"
"Financeiro","outro","Cancela Lote Nosso Numero","D:\AtelieProd\Equipexe\Exe\Financeiro.exe"
"Financeiro","outro","Cancela Registro","D:\AtelieProd\Equipexe\Exe\Financeiro.exe"
"Financeiro","outro","Cancela1","D:\AtelieProd\Equipexe\Exe\Financeiro.exe"
"Financeiro","outro","Cancela1Click","D:\AtelieProd\Equipexe\Exe\Financeiro.exe"
"Financeiro","outro","Cancela1Click#","D:\AtelieProd\Equipexe\Exe\Financeiro.exe"
"Financeiro","outro","CancelaBoletosDup","D:\AtelieProd\Equipexe\Exe\Financeiro.exe"
"Financeiro","cadastro","CancelaClientes","D:\AtelieProd\Equipexe\Exe\Financeiro.exe"
"Financeiro","outro","Cancelado","D:\AtelieProd\Equipexe\Exe\Financeiro.exe"
"Financeiro","outro","Cancelado='","D:\AtelieProd\Equipexe\Exe\Financeiro.exe"
"Financeiro","outro","Cancelados","D:\AtelieProd\Equipexe\Exe\Financeiro.exe"
"Financeiro","outro","Cancelados1","D:\AtelieProd\Equipexe\Exe\Financeiro.exe"
"Financeiro","outro","Cancelados1Click","D:\AtelieProd\Equipexe\Exe\Financeiro.exe"
"Financeiro","outro","CancelaLote","D:\AtelieProd\Equipexe\Exe\Financeiro.exe"
"Financeiro","outro","CancelaLote1","D:\AtelieProd\Equipexe\Exe\Financeiro.exe"
"Financeiro","outro","CancelaLote1Click","D:\AtelieProd\Equipexe\Exe\Financeiro.exe"
"Financeiro","outro","CancelaLoteClick","D:\AtelieProd\Equipexe\Exe\Financeiro.exe"
"Financeiro","outro","CancelaLoteNossoNumero1","D:\AtelieProd\Equipexe\Exe\Financeiro.exe"
"Financeiro","outro","CancelaLoteNossoNumero2","D:\AtelieProd\Equipexe\Exe\Financeiro.exe"
"Financeiro","outro","Cancelamento","D:\AtelieProd\Equipexe\Exe\Financeiro.exe"
"Financeiro","outro","Cancelamento de Nosso Numero","D:\AtelieProd\Equipexe\Exe\Financeiro.exe"
"Financeiro","cadastro","Cancelamento do Cliente Cod.: ","D:\AtelieProd\Equipexe\Exe\Financeiro.exe"
"Financeiro","outro","CancelaNNumero","D:\AtelieProd\Equipexe\Exe\Financeiro.exe"
"Financeiro","outro","Cancelar","D:\AtelieProd\Equipexe\Exe\Financeiro.exe"
"Financeiro","outro","Cancelar Cheque","D:\AtelieProd\Equipexe\Exe\Financeiro.exe"
"Financeiro","outro","Cancelar Nosso Numero","D:\AtelieProd\Equipexe\Exe\Financeiro.exe"
"Financeiro","outro","Cancelar por Lote","D:\AtelieProd\Equipexe\Exe\Financeiro.exe"
"Financeiro","outro","Cancelar|Cancela Registro","D:\AtelieProd\Equipexe\Exe\Financeiro.exe"
"Financeiro","outro","CancelButton","D:\AtelieProd\Equipexe\Exe\Financeiro.exe"
"Financeiro","outro","CancelButtonClick","D:\AtelieProd\Equipexe\Exe\Financeiro.exe"
"Financeiro","outro","CancelClick","D:\AtelieProd\Equipexe\Exe\Financeiro.exe"
"Financeiro","outro","CB_ConfigLav","D:\AtelieProd\Equipexe\Exe\Financeiro.exe"
"Financeiro","outro","CB_ConfigLavb","D:\AtelieProd\Equipexe\Exe\Financeiro.exe"
"Financeiro","operacional","cb_Controle","D:\AtelieProd\Equipexe\Exe\Financeiro.exe"
"Financeiro","fiscal","CB_ImpNotaFiscal","D:\AtelieProd\Equipexe\Exe\Financeiro.exe"
"Financeiro","fiscal","CB_ImpNotaFiscalp","D:\AtelieProd\Equipexe\Exe\Financeiro.exe"
"Financeiro","relatorio/impressao","cb_Impressora","D:\AtelieProd\Equipexe\Exe\Financeiro.exe"
"Financeiro","fiscal","CB_ModeloArqRemessat","D:\AtelieProd\Equipexe\Exe\Financeiro.exe"
"Financeiro","outro","CB_TipoEntrega","D:\AtelieProd\Equipexe\Exe\Financeiro.exe"
"Financeiro","outro","CB_TipoEntrega0","D:\AtelieProd\Equipexe\Exe\Financeiro.exe"
"Financeiro","fiscal","centinferior","D:\AtelieProd\Equipexe\Exe\Financeiro.exe"
"Financeiro","menu","CheckMenuItem","D:\AtelieProd\Equipexe\Exe\Financeiro.exe"
"Financeiro","cadastro","Cliente","D:\AtelieProd\Equipexe\Exe\Financeiro.exe"
"Financeiro","cadastro","Cliente - Nome","D:\AtelieProd\Equipexe\Exe\Financeiro.exe"
"Financeiro","cadastro","Cliente (Nome)","D:\AtelieProd\Equipexe\Exe\Financeiro.exe"
"Financeiro","cadastro","Cliente (Raz","D:\AtelieProd\Equipexe\Exe\Financeiro.exe"
"Financeiro","cadastro","Cliente Cancelado","D:\AtelieProd\Equipexe\Exe\Financeiro.exe"
"Financeiro","cadastro","Cliente inv","D:\AtelieProd\Equipexe\Exe\Financeiro.exe"
"Financeiro","cadastro","Cliente n","D:\AtelieProd\Equipexe\Exe\Financeiro.exe"
"Financeiro","cadastro","Clientes","D:\AtelieProd\Equipexe\Exe\Financeiro.exe"
"Financeiro","cadastro","Clientes Cadastros Entre","D:\AtelieProd\Equipexe\Exe\Financeiro.exe"
"Financeiro","cadastro","Clientes Zerados","D:\AtelieProd\Equipexe\Exe\Financeiro.exe"
"Financeiro","cadastro","Clientes_FC","D:\AtelieProd\Equipexe\Exe\Financeiro.exe"
"Financeiro","cadastro","Clientes_FM","D:\AtelieProd\Equipexe\Exe\Financeiro.exe"
"Financeiro","cadastro","Clientes_FM.DS_TmpCliPromAcu","D:\AtelieProd\Equipexe\Exe\Financeiro.exe"
"Financeiro","cadastro","Clientes_FM.DS_TmpGerDadFlex","D:\AtelieProd\Equipexe\Exe\Financeiro.exe"
"Financeiro","cadastro","Clientes.DB","D:\AtelieProd\Equipexe\Exe\Financeiro.exe"
"Financeiro","cadastro","Clientes1","D:\AtelieProd\Equipexe\Exe\Financeiro.exe"
"Financeiro","cadastro","Clientes1Click","D:\AtelieProd\Equipexe\Exe\Financeiro.exe"
"Financeiro","cadastro","ClientesF5_FP","D:\AtelieProd\Equipexe\Exe\Financeiro.exe"
"Financeiro","cadastro","ClientesF5_p","D:\AtelieProd\Equipexe\Exe\Financeiro.exe"
"Financeiro","cadastro","ClientesMar","D:\AtelieProd\Equipexe\Exe\Financeiro.exe"
"Financeiro","menu","clMenu","D:\AtelieProd\Equipexe\Exe\Financeiro.exe"
"Financeiro","menu","clMenuBar","D:\AtelieProd\Equipexe\Exe\Financeiro.exe"
"Financeiro","menu","clMenuHighlight","D:\AtelieProd\Equipexe\Exe\Financeiro.exe"
"Financeiro","menu","clMenuText","D:\AtelieProd\Equipexe\Exe\Financeiro.exe"
"Financeiro","operacional","clScrollBar","D:\AtelieProd\Equipexe\Exe\Financeiro.exe"
"Financeiro","autenticacao/permissao","CodUsuario","D:\AtelieProd\Equipexe\Exe\Financeiro.exe"
"Financeiro","autenticacao/permissao","CodUsuario;NomUsuario","D:\AtelieProd\Equipexe\Exe\Financeiro.exe"
"Financeiro","fiscal","commainferior","D:\AtelieProd\Equipexe\Exe\Financeiro.exe"
"Financeiro","fiscal","coModifyAnnotation","D:\AtelieProd\Equipexe\Exe\Financeiro.exe"
"Financeiro","outro","Config. Impres.","D:\AtelieProd\Equipexe\Exe\Financeiro.exe"
"Financeiro","outro","Config. LavSoft","D:\AtelieProd\Equipexe\Exe\Financeiro.exe"
"Financeiro","outro","Configura","D:\AtelieProd\Equipexe\Exe\Financeiro.exe"
"Financeiro","relatorio/impressao","Configura &Impressora","D:\AtelieProd\Equipexe\Exe\Financeiro.exe"
"Financeiro","outro","Configuraes1","D:\AtelieProd\Equipexe\Exe\Financeiro.exe"
"Financeiro","relatorio/impressao","ConfiguraImpressora1","D:\AtelieProd\Equipexe\Exe\Financeiro.exe"
"Financeiro","relatorio/impressao","ConfiguraImpressora1Click","D:\AtelieProd\Equipexe\Exe\Financeiro.exe"
"Financeiro","relatorio/impressao","ConfiguraImpressora1Click#","D:\AtelieProd\Equipexe\Exe\Financeiro.exe"
"Financeiro","relatorio/impressao","ConfiguraImpressora1L","D:\AtelieProd\Equipexe\Exe\Financeiro.exe"
"Financeiro","autenticacao/permissao","ConfigUsuario","D:\AtelieProd\Equipexe\Exe\Financeiro.exe"
"Financeiro","relatorio/impressao","Confirma a Impress","D:\AtelieProd\Equipexe\Exe\Financeiro.exe"
"Financeiro","cadastro","Confirma Ativar o Cliente","D:\AtelieProd\Equipexe\Exe\Financeiro.exe"
"Financeiro","outro","Confirma Cancelamento","D:\AtelieProd\Equipexe\Exe\Financeiro.exe"
"Financeiro","outro","Confirma Cancelamento?","D:\AtelieProd\Equipexe\Exe\Financeiro.exe"
"Financeiro","fiscal","Confirma Desativar o Cliente","D:\AtelieProd\Equipexe\Exe\Financeiro.exe"
"Financeiro","cadastro","Confirma o cancelamento do Clientes","D:\AtelieProd\Equipexe\Exe\Financeiro.exe"
"Financeiro","outro","Confirma o Cancelamento do Lote","D:\AtelieProd\Equipexe\Exe\Financeiro.exe"
"Financeiro","cadastro","Confirma o Estorno do cancelamento do Cliente","D:\AtelieProd\Equipexe\Exe\Financeiro.exe"
"Financeiro","cadastro","Considera Pgto Clientes","D:\AtelieProd\Equipexe\Exe\Financeiro.exe"
"Financeiro","outro","Consulta","D:\AtelieProd\Equipexe\Exe\Financeiro.exe"
"Financeiro","outro","Consulta1","D:\AtelieProd\Equipexe\Exe\Financeiro.exe"
"Financeiro","outro","Consultar","D:\AtelieProd\Equipexe\Exe\Financeiro.exe"
"Financeiro","outro","Consultas R","D:\AtelieProd\Equipexe\Exe\Financeiro.exe"
"Financeiro","operacional","Control","D:\AtelieProd\Equipexe\Exe\Financeiro.exe"
"Financeiro","operacional","ControlaTab","D:\AtelieProd\Equipexe\Exe\Financeiro.exe"
"Financeiro","operacional","ControlClass","D:\AtelieProd\Equipexe\Exe\Financeiro.exe"
"Financeiro","operacional","ControlData","D:\AtelieProd\Equipexe\Exe\Financeiro.exe"
"Financeiro","operacional","Controle","D:\AtelieProd\Equipexe\Exe\Financeiro.exe"
"Financeiro","operacional","Controle Boletos","D:\AtelieProd\Equipexe\Exe\Financeiro.exe"
"Financeiro","operacional","Controle de Cheques Recebidos","D:\AtelieProd\Equipexe\Exe\Financeiro.exe"
"Financeiro","operacional","Controle Nosso Numero","D:\AtelieProd\Equipexe\Exe\Financeiro.exe"
"Financeiro","operacional","ControleBoletos_FM","D:\AtelieProd\Equipexe\Exe\Financeiro.exe"
"Financeiro","operacional","ControleBoletos_mc","D:\AtelieProd\Equipexe\Exe\Financeiro.exe"
"Financeiro","operacional","ControleNossoNumero1","D:\AtelieProd\Equipexe\Exe\Financeiro.exe"
"Financeiro","operacional","ControleNossoNumero1Click","D:\AtelieProd\Equipexe\Exe\Financeiro.exe"
"Financeiro","operacional","ControlOfs%.8X%.8X","D:\AtelieProd\Equipexe\Exe\Financeiro.exe"
"Financeiro","operacional","Controls","D:\AtelieProd\Equipexe\Exe\Financeiro.exe"
"Financeiro","operacional","ControlsHYF","D:\AtelieProd\Equipexe\Exe\Financeiro.exe"
"Financeiro","fiscal","CorSatCla","D:\AtelieProd\Equipexe\Exe\Financeiro.exe"
"Financeiro","fiscal","CorSatClaF","D:\AtelieProd\Equipexe\Exe\Financeiro.exe"
"Financeiro","menu","CreateMenu","D:\AtelieProd\Equipexe\Exe\Financeiro.exe"
"Financeiro","menu","CreatePopupMenu","D:\AtelieProd\Equipexe\Exe\Financeiro.exe"
"Financeiro","outro","DataFieldCancelBtn","D:\AtelieProd\Equipexe\Exe\Financeiro.exe"
"Financeiro","outro","DataFieldCancelBtnClick","D:\AtelieProd\Equipexe\Exe\Financeiro.exe"
"Financeiro","fiscal","DatAnota","D:\AtelieProd\Equipexe\Exe\Financeiro.exe"
"Financeiro","cadastro","DB_Clientes","D:\AtelieProd\Equipexe\Exe\Financeiro.exe"
"Financeiro","cadastro","DB_ClientesDrawColumnCell","D:\AtelieProd\Equipexe\Exe\Financeiro.exe"
"Financeiro","cadastro","DB_ClientesDrawDataCell","D:\AtelieProd\Equipexe\Exe\Financeiro.exe"
"Financeiro","cadastro","DB_ClientesDrawDataCell ","D:\AtelieProd\Equipexe\Exe\Financeiro.exe"
"Financeiro","cadastro","DB_ClientesKeyPress","D:\AtelieProd\Equipexe\Exe\Financeiro.exe"
"Financeiro","cadastro","DBG_Cadastros","D:\AtelieProd\Equipexe\Exe\Financeiro.exe"
"Financeiro","cadastro","DBG_CadastrosDblClick","D:\AtelieProd\Equipexe\Exe\Financeiro.exe"
"Financeiro","cadastro","DBG_CadastrosKeyPress","D:\AtelieProd\Equipexe\Exe\Financeiro.exe"
"Financeiro","cadastro","DBG_ClientesF5","D:\AtelieProd\Equipexe\Exe\Financeiro.exe"
"Financeiro","cadastro","DBG_ClientesF5DrawColumnCell","D:\AtelieProd\Equipexe\Exe\Financeiro.exe"
"Financeiro","cadastro","DBG_ClientesF5KeyPress","D:\AtelieProd\Equipexe\Exe\Financeiro.exe"
"Financeiro","cadastro","DBG_ClientesF5T","D:\AtelieProd\Equipexe\Exe\Financeiro.exe"
"Financeiro","cadastro","DBLCB_CodCliEnter","D:\AtelieProd\Equipexe\Exe\Financeiro.exe"
"Financeiro","autenticacao/permissao","DBLCB_CodUsuario","D:\AtelieProd\Equipexe\Exe\Financeiro.exe"
"Financeiro","autenticacao/permissao","DBLCB_CodUsuario,","D:\AtelieProd\Equipexe\Exe\Financeiro.exe"
"Financeiro","autenticacao/permissao","DBLCB_CodUsuarioDropDown","D:\AtelieProd\Equipexe\Exe\Financeiro.exe"
"Financeiro","autenticacao/permissao","DBLCB_CodUsuarioEnter","D:\AtelieProd\Equipexe\Exe\Financeiro.exe"
"Financeiro","autenticacao/permissao","DBLCB_CodUsuarioExit","D:\AtelieProd\Equipexe\Exe\Financeiro.exe"
"Financeiro","autenticacao/permissao","DBLCB_CodUsuarioKeyPress","D:\AtelieProd\Equipexe\Exe\Financeiro.exe"
"Financeiro","cadastro","DBLCB_GruCliEnter","D:\AtelieProd\Equipexe\Exe\Financeiro.exe"
"Financeiro","autenticacao/permissao","DBLCB_ResUsuario","D:\AtelieProd\Equipexe\Exe\Financeiro.exe"
"Financeiro","autenticacao/permissao","DBLCB_ResUsuarioEnter","D:\AtelieProd\Equipexe\Exe\Financeiro.exe"
"Financeiro","autenticacao/permissao","DBLCB_ResUsuarioExit","D:\AtelieProd\Equipexe\Exe\Financeiro.exe"
"Financeiro","cadastro","DBT_Clientes","D:\AtelieProd\Equipexe\Exe\Financeiro.exe"
"Financeiro","menu","DeleteMenu","D:\AtelieProd\Equipexe\Exe\Financeiro.exe"
"Financeiro","fiscal","DesAnota","D:\AtelieProd\Equipexe\Exe\Financeiro.exe"
"Financeiro","fiscal","Desativa-F2","D:\AtelieProd\Equipexe\Exe\Financeiro.exe"
"Financeiro","fiscal","Desativado","D:\AtelieProd\Equipexe\Exe\Financeiro.exe"
"Financeiro","fiscal","Desativar","D:\AtelieProd\Equipexe\Exe\Financeiro.exe"
"Financeiro","financeiro","Desconto","D:\AtelieProd\Equipexe\Exe\Financeiro.exe"
"Financeiro","financeiro","DescontoFat","D:\AtelieProd\Equipexe\Exe\Financeiro.exe"
"Financeiro","financeiro","Descontos","D:\AtelieProd\Equipexe\Exe\Financeiro.exe"
"Financeiro","outro","Deseja Cancelar Nosso Numero entre ","D:\AtelieProd\Equipexe\Exe\Financeiro.exe"
"Financeiro","outro","Deseja Cancelar Nosso Numero: ","D:\AtelieProd\Equipexe\Exe\Financeiro.exe"
"Financeiro","outro","Deseja Cancelar Registro","D:\AtelieProd\Equipexe\Exe\Financeiro.exe"
"Financeiro","menu","DestroyMenu","D:\AtelieProd\Equipexe\Exe\Financeiro.exe"
"Financeiro","outro","dgCancelOnExit","D:\AtelieProd\Equipexe\Exe\Financeiro.exe"
"Financeiro","outro","Digite o motivo do cancelamento","D:\AtelieProd\Equipexe\Exe\Financeiro.exe"
"Financeiro","fiscal","Digite o Motivo do Desativamento","D:\AtelieProd\Equipexe\Exe\Financeiro.exe"
"Financeiro","cadastro","digo do cliente","D:\AtelieProd\Equipexe\Exe\Financeiro.exe"
"Financeiro","cadastro","digo do Grupo de Clientes","D:\AtelieProd\Equipexe\Exe\Financeiro.exe"
"Financeiro","outro","digo do Vendedor","D:\AtelieProd\Equipexe\Exe\Financeiro.exe"
"Financeiro","fiscal","dollarinferior","D:\AtelieProd\Equipexe\Exe\Financeiro.exe"
"Financeiro","operacional","dollaroldstyle","D:\AtelieProd\Equipexe\Exe\Financeiro.exe"
"Financeiro","operacional","DrawFrameControl","D:\AtelieProd\Equipexe\Exe\Financeiro.exe"
"Financeiro","menu","DrawMenuBar","D:\AtelieProd\Equipexe\Exe\Financeiro.exe"
"Financeiro","menu","DropDownMenu","D:\AtelieProd\Equipexe\Exe\Financeiro.exe"
"Financeiro","cadastro","DS_Cadastro","D:\AtelieProd\Equipexe\Exe\Financeiro.exe"
"Financeiro","financeiro","DS_Caixa","D:\AtelieProd\Equipexe\Exe\Financeiro.exe"
"Financeiro","financeiro","DS_CaixaP","D:\AtelieProd\Equipexe\Exe\Financeiro.exe"
"Financeiro","cadastro","DS_Cliente","D:\AtelieProd\Equipexe\Exe\Financeiro.exe"
"Financeiro","cadastro","DS_Clientes","D:\AtelieProd\Equipexe\Exe\Financeiro.exe"
"Financeiro","cadastro","DS_ClientesF5","D:\AtelieProd\Equipexe\Exe\Financeiro.exe"
"Financeiro","autenticacao/permissao","DS_Usuarios","D:\AtelieProd\Equipexe\Exe\Financeiro.exe"
"Financeiro","autenticacao/permissao","DS_Usuarios$","D:\AtelieProd\Equipexe\Exe\Financeiro.exe"
"Financeiro","autenticacao/permissao","DS_Usuarios4","D:\AtelieProd\Equipexe\Exe\Financeiro.exe"
"Financeiro","cadastro","Dt.Cadastro","D:\AtelieProd\Equipexe\Exe\Financeiro.exe"
"Financeiro","cadastro","DtE_CadastroKeyPress","D:\AtelieProd\Equipexe\Exe\Financeiro.exe"
"Financeiro","cadastro","DTP_Cadastro","D:\AtelieProd\Equipexe\Exe\Financeiro.exe"
"Financeiro","operacional","EControlC","D:\AtelieProd\Equipexe\Exe\Financeiro.exe"
"Financeiro","fiscal","Ed_ClienteNota","D:\AtelieProd\Equipexe\Exe\Financeiro.exe"
"Financeiro","fiscal","ED_ININOTA","D:\AtelieProd\Equipexe\Exe\Financeiro.exe"
"Financeiro","cadastro","Ed_NomCliEnter","D:\AtelieProd\Equipexe\Exe\Financeiro.exe"
"Financeiro","cadastro","Ed_PrxCliente","D:\AtelieProd\Equipexe\Exe\Financeiro.exe"
"Financeiro","autenticacao/permissao","Ed_Senha","D:\AtelieProd\Equipexe\Exe\Financeiro.exe"
"Financeiro","autenticacao/permissao","Ed_SenhaEnter","D:\AtelieProd\Equipexe\Exe\Financeiro.exe"
"Financeiro","autenticacao/permissao","Ed_SenhaExit","D:\AtelieProd\Equipexe\Exe\Financeiro.exe"
"Financeiro","autenticacao/permissao","Ed_SenhaKeyPress","D:\AtelieProd\Equipexe\Exe\Financeiro.exe"
"Financeiro","autenticacao/permissao","Ed_UsuSenhaSMTP","D:\AtelieProd\Equipexe\Exe\Financeiro.exe"
"Financeiro","fiscal","eightinferior","D:\AtelieProd\Equipexe\Exe\Financeiro.exe"
"Financeiro","menu","EMenuError","D:\AtelieProd\Equipexe\Exe\Financeiro.exe"
"Financeiro","menu","EnableMenuItem","D:\AtelieProd\Equipexe\Exe\Financeiro.exe"
"Financeiro","operacional","EnableScrollBar","D:\AtelieProd\Equipexe\Exe\Financeiro.exe"
"Financeiro","outro","Enter parameters for function","D:\AtelieProd\Equipexe\Exe\Financeiro.exe"
"Financeiro","autenticacao/permissao","ENTRADA NO SISTEMA - DIGITADA SENHA","D:\AtelieProd\Equipexe\Exe\Financeiro.exe"
"Financeiro","outro","ENTREGA","D:\AtelieProd\Equipexe\Exe\Financeiro.exe"
"Financeiro","outro","Envio E-Mail (Configura SMTP)","D:\AtelieProd\Equipexe\Exe\Financeiro.exe"
"Financeiro","relatorio/impressao","Equipe Relat","D:\AtelieProd\Equipexe\Exe\Financeiro.exe"
"Financeiro","financeiro","es de Caixa Manual","D:\AtelieProd\Equipexe\Exe\Financeiro.exe"
"Financeiro","financeiro","es de Caixa x Obs Duplicata","D:\AtelieProd\Equipexe\Exe\Financeiro.exe"
"Financeiro","outro","Estorno do Cancelamento","D:\AtelieProd\Equipexe\Exe\Financeiro.exe"
"Financeiro","cadastro","Estorno do Cancelamento do Clientes Cod.: ","D:\AtelieProd\Equipexe\Exe\Financeiro.exe"
"Financeiro","operacional","EVariantTypeCastError","D:\AtelieProd\Equipexe\Exe\Financeiro.exe"
"Financeiro","relatorio/impressao","Exportar Relat","D:\AtelieProd\Equipexe\Exe\Financeiro.exe"
"Financeiro","relatorio/impressao","Exportar Texto...|Exporta o relat","D:\AtelieProd\Equipexe\Exe\Financeiro.exe"
"Financeiro","autenticacao/permissao","F_Senha","D:\AtelieProd\Equipexe\Exe\Financeiro.exe"
"Financeiro","autenticacao/permissao","F9 - Senha","D:\AtelieProd\Equipexe\Exe\Financeiro.exe"
"Financeiro","autenticacao/permissao","FC_DigSenha","D:\AtelieProd\Equipexe\Exe\Financeiro.exe"
"Financeiro","financeiro","Financeiro","D:\AtelieProd\Equipexe\Exe\Financeiro.exe"
"Financeiro","financeiro","Financeiro - Sistema Controle Financeiro","D:\AtelieProd\Equipexe\Exe\Financeiro.exe"
"Financeiro","fiscal","fiveinferior","D:\AtelieProd\Equipexe\Exe\Financeiro.exe"
"Financeiro","operacional","FlatSB_EnableScrollBar","D:\AtelieProd\Equipexe\Exe\Financeiro.exe"
"Financeiro","operacional","FlatSB_GetScrollInfo","D:\AtelieProd\Equipexe\Exe\Financeiro.exe"
"Financeiro","operacional","FlatSB_GetScrollPos","D:\AtelieProd\Equipexe\Exe\Financeiro.exe"
"Financeiro","operacional","FlatSB_GetScrollProp","D:\AtelieProd\Equipexe\Exe\Financeiro.exe"
"Financeiro","operacional","FlatSB_GetScrollRange","D:\AtelieProd\Equipexe\Exe\Financeiro.exe"
"Financeiro","operacional","FlatSB_SetScrollInfo","D:\AtelieProd\Equipexe\Exe\Financeiro.exe"
"Financeiro","operacional","FlatSB_SetScrollPos","D:\AtelieProd\Equipexe\Exe\Financeiro.exe"
"Financeiro","operacional","FlatSB_SetScrollProp","D:\AtelieProd\Equipexe\Exe\Financeiro.exe"
"Financeiro","operacional","FlatSB_SetScrollRange","D:\AtelieProd\Equipexe\Exe\Financeiro.exe"
"Financeiro","operacional","FlatSB_ShowScrollBar","D:\AtelieProd\Equipexe\Exe\Financeiro.exe"
"Financeiro","operacional","FocusControl","D:\AtelieProd\Equipexe\Exe\Financeiro.exe"
"Financeiro","fiscal","fourinferior","D:\AtelieProd\Equipexe\Exe\Financeiro.exe"
"Financeiro","operacional","fouroldstyle","D:\AtelieProd\Equipexe\Exe\Financeiro.exe"
"Financeiro","outro","FuncArgCancelBtn","D:\AtelieProd\Equipexe\Exe\Financeiro.exe"
"Financeiro","outro","FuncArgCancelBtnClick","D:\AtelieProd\Equipexe\Exe\Financeiro.exe"
"Financeiro","outro","FuncParamOkBtn","D:\AtelieProd\Equipexe\Exe\Financeiro.exe"
"Financeiro","outro","FuncParamOkBtnClick","D:\AtelieProd\Equipexe\Exe\Financeiro.exe"
"Financeiro","outro","FuncParamSB","D:\AtelieProd\Equipexe\Exe\Financeiro.exe"
"Financeiro","outro","FuncParamsPage","D:\AtelieProd\Equipexe\Exe\Financeiro.exe"
"Financeiro","outro","FunctionCancelBtn","D:\AtelieProd\Equipexe\Exe\Financeiro.exe"
"Financeiro","outro","FunctionCancelBtnClick","D:\AtelieProd\Equipexe\Exe\Financeiro.exe"
"Financeiro","menu","GetMenu","D:\AtelieProd\Equipexe\Exe\Financeiro.exe"
"Financeiro","menu","GetMenuItemCount","D:\AtelieProd\Equipexe\Exe\Financeiro.exe"
"Financeiro","menu","GetMenuItemID","D:\AtelieProd\Equipexe\Exe\Financeiro.exe"
"Financeiro","menu","GetMenuItemInfoA","D:\AtelieProd\Equipexe\Exe\Financeiro.exe"
"Financeiro","menu","GetMenuState","D:\AtelieProd\Equipexe\Exe\Financeiro.exe"
"Financeiro","menu","GetMenuStringA","D:\AtelieProd\Equipexe\Exe\Financeiro.exe"
"Financeiro","operacional","GetScrollInfo","D:\AtelieProd\Equipexe\Exe\Financeiro.exe"
"Financeiro","operacional","GetScrollPos","D:\AtelieProd\Equipexe\Exe\Financeiro.exe"
"Financeiro","operacional","GetScrollRange","D:\AtelieProd\Equipexe\Exe\Financeiro.exe"
"Financeiro","menu","GetSubMenu","D:\AtelieProd\Equipexe\Exe\Financeiro.exe"
"Financeiro","menu","GetSystemMenu","D:\AtelieProd\Equipexe\Exe\Financeiro.exe"
"Financeiro","relatorio/impressao","ginas do relat","D:\AtelieProd\Equipexe\Exe\Financeiro.exe"
"Financeiro","outro","GravaConfigurao1","D:\AtelieProd\Equipexe\Exe\Financeiro.exe"
"Financeiro","outro","GravaConfigurao1Click","D:\AtelieProd\Equipexe\Exe\Financeiro.exe"
"Financeiro","relatorio/impressao","Gravar os Relat","D:\AtelieProd\Equipexe\Exe\Financeiro.exe"
"Financeiro","cadastro","GruClientes","D:\AtelieProd\Equipexe\Exe\Financeiro.exe"
"Financeiro","cadastro","GruClientes.DB","D:\AtelieProd\Equipexe\Exe\Financeiro.exe"
"Financeiro","cadastro","GruClientes2","D:\AtelieProd\Equipexe\Exe\Financeiro.exe"
"Financeiro","cadastro","GruClientes2.DB","D:\AtelieProd\Equipexe\Exe\Financeiro.exe"
"Financeiro","cadastro","GruClientes3","D:\AtelieProd\Equipexe\Exe\Financeiro.exe"
"Financeiro","cadastro","GruClientes3.DB","D:\AtelieProd\Equipexe\Exe\Financeiro.exe"
"Financeiro","cadastro","GruClientes4","D:\AtelieProd\Equipexe\Exe\Financeiro.exe"
"Financeiro","cadastro","GruClientes4.DB","D:\AtelieProd\Equipexe\Exe\Financeiro.exe"
"Financeiro","cadastro","Grupo Clientes","D:\AtelieProd\Equipexe\Exe\Financeiro.exe"
"Financeiro","cadastro","Grupo de Cliente n","D:\AtelieProd\Equipexe\Exe\Financeiro.exe"
"Financeiro","cadastro","Grupo de Clientes","D:\AtelieProd\Equipexe\Exe\Financeiro.exe"
"Financeiro","cadastro","Grupo2 de Cliente n","D:\AtelieProd\Equipexe\Exe\Financeiro.exe"
"Financeiro","cadastro","Grupo3 de Cliente n","D:\AtelieProd\Equipexe\Exe\Financeiro.exe"
"Financeiro","autenticacao/permissao","GruUsuario","D:\AtelieProd\Equipexe\Exe\Financeiro.exe"
"Financeiro","fiscal","HorAnota","D:\AtelieProd\Equipexe\Exe\Financeiro.exe"
"Financeiro","operacional","HorzScroll","D:\AtelieProd\Equipexe\Exe\Financeiro.exe"
"Financeiro","operacional","HorzScrollBar","D:\AtelieProd\Equipexe\Exe\Financeiro.exe"
"Financeiro","operacional","HorzScrollBar.Position","D:\AtelieProd\Equipexe\Exe\Financeiro.exe"
"Financeiro","operacional","HorzScrollBar.Range","D:\AtelieProd\Equipexe\Exe\Financeiro.exe"
"Financeiro","operacional","HorzScrollBar.Tracking","D:\AtelieProd\Equipexe\Exe\Financeiro.exe"
"Financeiro","operacional","HorzScrollBar4","D:\AtelieProd\Equipexe\Exe\Financeiro.exe"
"Financeiro","operacional","HorzScrollThumb","D:\AtelieProd\Equipexe\Exe\Financeiro.exe"
"Financeiro","relatorio/impressao","HTipoImpressao","D:\AtelieProd\Equipexe\Exe\Financeiro.exe"
"Financeiro","fiscal","hypheninferior","D:\AtelieProd\Equipexe\Exe\Financeiro.exe"
"Financeiro","autenticacao/permissao","Im_Senha","D:\AtelieProd\Equipexe\Exe\Financeiro.exe"
"Financeiro","cadastro","Image_Clientes","D:\AtelieProd\Equipexe\Exe\Financeiro.exe"
"Financeiro","fiscal","ImpNotaFiltro","D:\AtelieProd\Equipexe\Exe\Financeiro.exe"
"Financeiro","fiscal","ImpNotaFiscal","D:\AtelieProd\Equipexe\Exe\Financeiro.exe"
"Financeiro","relatorio/impressao","Impressora","D:\AtelieProd\Equipexe\Exe\Financeiro.exe"
"Financeiro","relatorio/impressao","Impressora de Cheque","D:\AtelieProd\Equipexe\Exe\Financeiro.exe"
"Financeiro","relatorio/impressao","Impressora n","D:\AtelieProd\Equipexe\Exe\Financeiro.exe"
"Financeiro","relatorio/impressao","Imprimir|Imprime o relat","D:\AtelieProd\Equipexe\Exe\Financeiro.exe"
"Financeiro","outro","Informe Numero do Lote a Cancelar","D:\AtelieProd\Equipexe\Exe\Financeiro.exe"
"Financeiro","cadastro","Informe o Nome do Cliente","D:\AtelieProd\Equipexe\Exe\Financeiro.exe"
"Financeiro","cadastro","Informe o Valor do Produto","D:\AtelieProd\Equipexe\Exe\Financeiro.exe"
"Financeiro","operacional","InitCommonControls","D:\AtelieProd\Equipexe\Exe\Financeiro.exe"
"Financeiro","operacional","InitCommonControlsEx","D:\AtelieProd\Equipexe\Exe\Financeiro.exe"
"Financeiro","autenticacao/permissao","iNomUsuario","D:\AtelieProd\Equipexe\Exe\Financeiro.exe"
"Financeiro","menu","InsertMenuA","D:\AtelieProd\Equipexe\Exe\Financeiro.exe"
"Financeiro","menu","InsertMenuItemA","D:\AtelieProd\Equipexe\Exe\Financeiro.exe"
"Financeiro","financeiro","InstrucoesCaixa","D:\AtelieProd\Equipexe\Exe\Financeiro.exe"
"Financeiro","financeiro","InstruesdeCaixa1","D:\AtelieProd\Equipexe\Exe\Financeiro.exe"
"Financeiro","financeiro","InstruesdeCaixa1Click","D:\AtelieProd\Equipexe\Exe\Financeiro.exe"
"Financeiro","financeiro","InstruesdeCaixa2","D:\AtelieProd\Equipexe\Exe\Financeiro.exe"
"Financeiro","financeiro","InstruesdeCaixa2Click","D:\AtelieProd\Equipexe\Exe\Financeiro.exe"
"Financeiro","operacional","IOleControl","D:\AtelieProd\Equipexe\Exe\Financeiro.exe"
"Financeiro","outro","IParamet","D:\AtelieProd\Equipexe\Exe\Financeiro.exe"
"Financeiro","operacional","IsControl","D:\AtelieProd\Equipexe\Exe\Financeiro.exe"
"Financeiro","cadastro","JANELA CADASTRO","D:\AtelieProd\Equipexe\Exe\Financeiro.exe"
"Financeiro","menu","JANELA MENU","D:\AtelieProd\Equipexe\Exe\Financeiro.exe"
"Financeiro","outro","Lb_Consulta","D:\AtelieProd\Equipexe\Exe\Financeiro.exe"
"Financeiro","outro","Lb_Consulta\","D:\AtelieProd\Equipexe\Exe\Financeiro.exe"
"Financeiro","operacional","Lb_LocalRol","D:\AtelieProd\Equipexe\Exe\Financeiro.exe"
"Financeiro","operacional","Lb_LocalRold","D:\AtelieProd\Equipexe\Exe\Financeiro.exe"
"Financeiro","autenticacao/permissao","Lb_TitSenha","D:\AtelieProd\Equipexe\Exe\Financeiro.exe"
"Financeiro","relatorio/impressao","Lbx_Impressoras","D:\AtelieProd\Equipexe\Exe\Financeiro.exe"
"Financeiro","relatorio/impressao","Lbx_Impressorasd","D:\AtelieProd\Equipexe\Exe\Financeiro.exe"
"Financeiro","outro","LoginParams","D:\AtelieProd\Equipexe\Exe\Financeiro.exe"
"Financeiro","outro","Lote esta Cancelado, n","D:\AtelieProd\Equipexe\Exe\Financeiro.exe"
"Financeiro","fiscal","Magem Inferior C","D:\AtelieProd\Equipexe\Exe\Financeiro.exe"
"Financeiro","menu","MainMenu1","D:\AtelieProd\Equipexe\Exe\Financeiro.exe"
"Financeiro","menu","MainMenu1 ","D:\AtelieProd\Equipexe\Exe\Financeiro.exe"
"Financeiro","menu","MainMenu1D","D:\AtelieProd\Equipexe\Exe\Financeiro.exe"
"Financeiro","menu","MainMenu1H","D:\AtelieProd\Equipexe\Exe\Financeiro.exe"
"Financeiro","menu","MainMenu1L","D:\AtelieProd\Equipexe\Exe\Financeiro.exe"
"Financeiro","menu","MainMenu1P","D:\AtelieProd\Equipexe\Exe\Financeiro.exe"
"Financeiro","operacional","MDICONTROLS","D:\AtelieProd\Equipexe\Exe\Financeiro.exe"
"Financeiro","operacional","MensagemPadroLanamento1","D:\AtelieProd\Equipexe\Exe\Financeiro.exe"
"Financeiro","operacional","MensagemPadroLanamento1Click","D:\AtelieProd\Equipexe\Exe\Financeiro.exe"
"Financeiro","operacional","MensagemPadroLanamento1Click ","D:\AtelieProd\Equipexe\Exe\Financeiro.exe"
"Financeiro","menu","menu_Fin","D:\AtelieProd\Equipexe\Exe\Financeiro.exe"
"Financeiro","menu","MenuAnimation","D:\AtelieProd\Equipexe\Exe\Financeiro.exe"
"Financeiro","menu","MenuBackground","D:\AtelieProd\Equipexe\Exe\Financeiro.exe"
"Financeiro","menu","Menubar","D:\AtelieProd\Equipexe\Exe\Financeiro.exe"
"Financeiro","menu","MenuBarText","D:\AtelieProd\Equipexe\Exe\Financeiro.exe"
"Financeiro","menu","MenuItem","D:\AtelieProd\Equipexe\Exe\Financeiro.exe"
"Financeiro","menu","MenuItem1","D:\AtelieProd\Equipexe\Exe\Financeiro.exe"
"Financeiro","menu","MenuItem1$","D:\AtelieProd\Equipexe\Exe\Financeiro.exe"
"Financeiro","menu","MenuItem1T","D:\AtelieProd\Equipexe\Exe\Financeiro.exe"
"Financeiro","menu","MenuPosition","D:\AtelieProd\Equipexe\Exe\Financeiro.exe"
"Financeiro","menu","Menus","D:\AtelieProd\Equipexe\Exe\Financeiro.exe"
"Financeiro","menu","MenusL","D:\AtelieProd\Equipexe\Exe\Financeiro.exe"
"Financeiro","menu","Menuten","D:\AtelieProd\Equipexe\Exe\Financeiro.exe"
"Financeiro","menu","Menuteno1","D:\AtelieProd\Equipexe\Exe\Financeiro.exe"
"Financeiro","menu","MenuText","D:\AtelieProd\Equipexe\Exe\Financeiro.exe"
"Financeiro","menu","MenuUpdate","D:\AtelieProd\Equipexe\Exe\Financeiro.exe"
"Financeiro","outro","Merge - Parametros","D:\AtelieProd\Equipexe\Exe\Financeiro.exe"
"Financeiro","cadastro","Mm_Clientes","D:\AtelieProd\Equipexe\Exe\Financeiro.exe"
"Financeiro","cadastro","Modelo de cadastros","D:\AtelieProd\Equipexe\Exe\Financeiro.exe"
"Financeiro","relatorio/impressao","Modelo de Processamento de relat","D:\AtelieProd\Equipexe\Exe\Financeiro.exe"
"Financeiro","relatorio/impressao","Modelo Relat","D:\AtelieProd\Equipexe\Exe\Financeiro.exe"
"Financeiro","outro","Motivo do Cancelamento","D:\AtelieProd\Equipexe\Exe\Financeiro.exe"
"Financeiro","fiscal","MotivoDesat","D:\AtelieProd\Equipexe\Exe\Financeiro.exe"
"Financeiro","operacional","MSH_SCROLL_LINES_MSG","D:\AtelieProd\Equipexe\Exe\Financeiro.exe"
"Financeiro","operacional","MSWHEEL_ROLLMSG","D:\AtelieProd\Equipexe\Exe\Financeiro.exe"
"Financeiro","outro","NewCancelBtn","D:\AtelieProd\Equipexe\Exe\Financeiro.exe"
"Financeiro","outro","NewCancelBtnClick","D:\AtelieProd\Equipexe\Exe\Financeiro.exe"
"Financeiro","fiscal","nineinferior","D:\AtelieProd\Equipexe\Exe\Financeiro.exe"
"Financeiro","cadastro","Nome do Cliente","D:\AtelieProd\Equipexe\Exe\Financeiro.exe"
"Financeiro","cadastro","Nome do Cliente (Primeiro Nome)","D:\AtelieProd\Equipexe\Exe\Financeiro.exe"
"Financeiro","autenticacao/permissao","NomUsuario","D:\AtelieProd\Equipexe\Exe\Financeiro.exe"
"Financeiro","fiscal","Nota Fiscal","D:\AtelieProd\Equipexe\Exe\Financeiro.exe"
"Financeiro","fiscal","NotaCliente","D:\AtelieProd\Equipexe\Exe\Financeiro.exe"
"Financeiro","fiscal","NOTAFISCAL","D:\AtelieProd\Equipexe\Exe\Financeiro.exe"
"Financeiro","fiscal","Notas","D:\AtelieProd\Equipexe\Exe\Financeiro.exe"
"Financeiro","outro","o cancelada!","D:\AtelieProd\Equipexe\Exe\Financeiro.exe"
"Financeiro","cadastro","o Clientes","D:\AtelieProd\Equipexe\Exe\Financeiro.exe"
"Financeiro","fiscal","o Confere, Tecle Enter para Continuar","D:\AtelieProd\Equipexe\Exe\Financeiro.exe"
"Financeiro","fiscal","o das Notas Fiscais","D:\AtelieProd\Equipexe\Exe\Financeiro.exe"
"Financeiro","financeiro","o de Caixa","D:\AtelieProd\Equipexe\Exe\Financeiro.exe"
"Financeiro","cadastro","o de Clientes","D:\AtelieProd\Equipexe\Exe\Financeiro.exe"
"Financeiro","relatorio/impressao","o de Relat","D:\AtelieProd\Equipexe\Exe\Financeiro.exe"
"Financeiro","financeiro","o do Caixa","D:\AtelieProd\Equipexe\Exe\Financeiro.exe"
"Financeiro","cadastro","o do Cliente","D:\AtelieProd\Equipexe\Exe\Financeiro.exe"
"Financeiro","cadastro","o do produto?","D:\AtelieProd\Equipexe\Exe\Financeiro.exe"
"Financeiro","outro","o foi Configurada, ","D:\AtelieProd\Equipexe\Exe\Financeiro.exe"
"Financeiro","fiscal","o nota fiscal no LavSoft","D:\AtelieProd\Equipexe\Exe\Financeiro.exe"
"Financeiro","outro","o pode ser configurado, conta corrente n","D:\AtelieProd\Equipexe\Exe\Financeiro.exe"
"Financeiro","cadastro","o Social do Cliente","D:\AtelieProd\Equipexe\Exe\Financeiro.exe"
"Financeiro","autenticacao/permissao","O Usuario ","D:\AtelieProd\Equipexe\Exe\Financeiro.exe"
"Financeiro","menu","ObjectMenuItem","D:\AtelieProd\Equipexe\Exe\Financeiro.exe"
"Financeiro","menu","OleSetMenuDescriptor","D:\AtelieProd\Equipexe\Exe\Financeiro.exe"
"Financeiro","fiscal","oneinferior","D:\AtelieProd\Equipexe\Exe\Financeiro.exe"
"Financeiro","operacional","OnSkinControlS","D:\AtelieProd\Equipexe\Exe\Financeiro.exe"
"Estoque","cadastro","       &Cadastros         ","D:\AtelieProd\Equipexe\Exe\Estoque.exe"
"Estoque","cadastro","     &Cadastros","D:\AtelieProd\Equipexe\Exe\Estoque.exe"
"Estoque","fiscal","     Notas N On (M.NumNot = N.NumNot) or (M.NumNotAdi = N.NumNot)","D:\AtelieProd\Equipexe\Exe\Estoque.exe"
"Estoque","outro","    ParamFloat: extended;","D:\AtelieProd\Equipexe\Exe\Estoque.exe"
"Estoque","cadastro","  Cliente: ","D:\AtelieProd\Equipexe\Exe\Estoque.exe"
"Estoque","outro","  ParamFloat := Value;","D:\AtelieProd\Equipexe\Exe\Estoque.exe"
"Estoque","outro","  ParamString := Value;","D:\AtelieProd\Equipexe\Exe\Estoque.exe"
"Estoque","outro","  Value := ParamFloat;","D:\AtelieProd\Equipexe\Exe\Estoque.exe"
"Estoque","outro","  Value := ParamString;","D:\AtelieProd\Equipexe\Exe\Estoque.exe"
"Estoque","outro"," - Cancelados","D:\AtelieProd\Equipexe\Exe\Estoque.exe"
"Estoque","cadastro"," - Produto: ","D:\AtelieProd\Equipexe\Exe\Estoque.exe"
"Estoque","cadastro"," [ Grupo de Produtos - Flexivel ]","D:\AtelieProd\Equipexe\Exe\Estoque.exe"
"Estoque","operacional"," | Estoque: ","D:\AtelieProd\Equipexe\Exe\Estoque.exe"
"Estoque","cadastro"," |Grupo em que pertence o cliente","D:\AtelieProd\Equipexe\Exe\Estoque.exe"
"Estoque","operacional"," and  (not(M.SitRol=""P"")) ","D:\AtelieProd\Equipexe\Exe\Estoque.exe"
"Estoque","outro"," And (C.Cancelado is Null) And (C.SeqPed=P.SeqPed) And (I.SeqPed=C.SeqPed) And (I.SeqConf=C.SeqConf) And (E.CodProEst=I.CodProEst)","D:\AtelieProd\Equipexe\Exe\Estoque.exe"
"Estoque","outro"," And (Cancelado is Null)","D:\AtelieProd\Equipexe\Exe\Estoque.exe"
"Estoque","outro"," And (Cancelado is Null) ","D:\AtelieProd\Equipexe\Exe\Estoque.exe"
"Estoque","outro"," And (Cancelado is null) And (SeqPed=""","D:\AtelieProd\Equipexe\Exe\Estoque.exe"
"Estoque","outro"," And (Cancelado=""S"")","D:\AtelieProd\Equipexe\Exe\Estoque.exe"
"Estoque","outro"," And (G.Cancelado is null)","D:\AtelieProd\Equipexe\Exe\Estoque.exe"
"Estoque","outro"," And (G.Cancelado=""S"")","D:\AtelieProd\Equipexe\Exe\Estoque.exe"
"Estoque","outro"," and (M.Cancelado=""S"")","D:\AtelieProd\Equipexe\Exe\Estoque.exe"
"Estoque","outro"," and (not P.Cancelado=""S"")","D:\AtelieProd\Equipexe\Exe\Estoque.exe"
"Estoque","outro"," and (not(M.Cancelado=""S""))","D:\AtelieProd\Equipexe\Exe\Estoque.exe"
"Estoque","outro"," And (not(P.Cancelado=""S"")) ","D:\AtelieProd\Equipexe\Exe\Estoque.exe"
"Estoque","outro"," And (P.Cancelado Is Null) And (I.SeqPed=P.SeqPed) And (E.CodProEst=I.CodProEst)","D:\AtelieProd\Equipexe\Exe\Estoque.exe"
"Estoque","outro"," and (P.Cancelado=""S"")","D:\AtelieProd\Equipexe\Exe\Estoque.exe"
"Estoque","relatorio/impressao"," b.RDB$TYPE_NAME IN ('RELATION', 'VIEW',","D:\AtelieProd\Equipexe\Exe\Estoque.exe"
"Estoque","cadastro"," cadastrado em outro cliente.","D:\AtelieProd\Equipexe\Exe\Estoque.exe"
"Estoque","cadastro"," Cadastros foram ajustados","D:\AtelieProd\Equipexe\Exe\Estoque.exe"
"Estoque","outro"," Cancelado","D:\AtelieProd\Equipexe\Exe\Estoque.exe"
"Estoque","outro"," CancelamentodoEncerramento1Click","D:\AtelieProd\Equipexe\Exe\Estoque.exe"
"Estoque","operacional"," cari| carid carol cedli cen| cia ","D:\AtelieProd\Equipexe\Exe\Estoque.exe"
"Estoque","outro"," con parametri","D:\AtelieProd\Equipexe\Exe\Estoque.exe"
"Estoque","outro"," con parametri duplicati","D:\AtelieProd\Equipexe\Exe\Estoque.exe"
"Estoque","relatorio/impressao"," deseja imprimir o relat","D:\AtelieProd\Equipexe\Exe\Estoque.exe"
"Estoque","cadastro"," do cadastro de clientes todos os e-mails relacionados no arquivo ","D:\AtelieProd\Equipexe\Exe\Estoque.exe"
"Estoque","relatorio/impressao"," em modo de impress","D:\AtelieProd\Equipexe\Exe\Estoque.exe"
"Estoque","relatorio/impressao"," I.RDB$INDEX_NAME, I.RDB$RELATION_NAME, I.RDB$UNIQUE_FLAG, ","D:\AtelieProd\Equipexe\Exe\Estoque.exe"
"Estoque","relatorio/impressao"," I.RDB$RELATION_NAME = '","D:\AtelieProd\Equipexe\Exe\Estoque.exe"
"Estoque","operacional"," marcado para entrada posterior no estoque","D:\AtelieProd\Equipexe\Exe\Estoque.exe"
"Estoque","operacional"," Movimentos|Movimentos de Estoque","D:\AtelieProd\Equipexe\Exe\Estoque.exe"
"Estoque","relatorio/impressao"," ORDER BY a.RDB$RELATION_NAME, a.RDB$FIELD_POSITION","D:\AtelieProd\Equipexe\Exe\Estoque.exe"
"Estoque","relatorio/impressao"," ORDER BY a.RDB$RELATION_NAME, a.RDB$PRIVILEGE","D:\AtelieProd\Equipexe\Exe\Estoque.exe"
"Estoque","relatorio/impressao"," ORDER BY a.RDB$RELATION_NAME, b.RDB$FIELD_NAME","D:\AtelieProd\Equipexe\Exe\Estoque.exe"
"Estoque","relatorio/impressao"," ORDER BY RC_FOR.RDB$RELATION_NAME, IS_FOR.RDB$FIELD_POSITION ","D:\AtelieProd\Equipexe\Exe\Estoque.exe"
"Estoque","relatorio/impressao"," ORDER BY RELC_PRIM.RDB$RELATION_NAME, IS_FOR.RDB$FIELD_POSITION ","D:\AtelieProd\Equipexe\Exe\Estoque.exe"
"Estoque","outro"," param","D:\AtelieProd\Equipexe\Exe\Estoque.exe"
"Estoque","outro"," PP.RDB$PARAMETER_TYPE desc, PP.RDB$PARAMETER_NUMBER","D:\AtelieProd\Equipexe\Exe\Estoque.exe"
"Estoque","outro"," preciso cancelar a sequ","D:\AtelieProd\Equipexe\Exe\Estoque.exe"
"Estoque","fiscal"," preenchido com a chave de acesso da NF-e precedida do literal ""NFe""","D:\AtelieProd\Equipexe\Exe\Estoque.exe"
"Estoque","cadastro"," SB_ImportaClienteFidelidadeClick","D:\AtelieProd\Equipexe\Exe\Estoque.exe"
"Estoque","relatorio/impressao"," SELECT a.RDB$RELATION_NAME, a.RDB$FIELD_NAME, a.RDB$FIELD_POSITION, a.RDB$NULL_FLAG, a.RDB$DEFAULT_VALUE, b. RDB$FIELD_LENGTH, b.RDB$FIELD_SCALE, c.RDB$TYPE_NAME, b.RDB$FIELD_TYPE, b.RDB$FIELD_SUB_TYPE, b.RDB$DESCRIPTION, b.RDB$CHARACTER_LENGTH, b.RDB$FIELD_PRECISION, a.RDB$DEFAULT_SOURCE, b.RDB$DEFAULT_SOURCE as RDB$DEFAULT_SOURCE_DOMAIN FROM RDB$RELATION_FIELDS a JOIN RDB$FIELDS b ON (b.RDB$FIELD_NAME = a.RDB$FIELD_SOURCE) LEFT JOIN RDB$TYPES c ON (b.RDB$FIELD_TYPE = c.RDB$TYPE and c.RDB$FIELD_NAME = 'RDB$FIELD_TYPE')","D:\AtelieProd\Equipexe\Exe\Estoque.exe"
"Estoque","relatorio/impressao"," SELECT I.RDB$RELATION_NAME, I.RDB$UNIQUE_FLAG, I.RDB$INDEX_NAME, ISGMT.RDB$FIELD_POSITION,","D:\AtelieProd\Equipexe\Exe\Estoque.exe"
"Estoque","relatorio/impressao"," SELECT null as TABLE_CAT, null as TABLE_SCHEM, a.RDB$RELATION_NAME as TABLE_NAME, b.RDB$FIELD_NAME as COLUMN_NAME, b.RDB$FIELD_POSITION+1 as KEY_SEQ, a.RDB$INDEX_NAME as PK_NAME FROM RDB$RELATION_CONSTRAINTS a JOIN RDB$INDEX_SEGMENTS b ON (a.RDB$INDEX_NAME = b.RDB$INDEX_NAME) WHERE  RDB$CONSTRAINT_TYPE = 'PRIMARY KEY'","D:\AtelieProd\Equipexe\Exe\Estoque.exe"
"Estoque","outro"," SELECT P.RDB$PROCEDURE_NAME, PP.RDB$PARAMETER_NAME, PP.RDB$PARAMETER_TYPE, F.RDB$FIELD_TYPE, F.RDB$FIELD_SUB_TYPE, F.RDB$FIELD_SCALE, F.RDB$FIELD_LENGTH, F.RDB$NULL_FLAG, PP.RDB$DESCRIPTION, F.RDB$FIELD_PRECISION, F.RDB$NULL_FLAG  FROM RDB$PROCEDURES P JOIN RDB$PROCEDURE_PARAMETERS PP ON P.RDB$PROCEDURE_NAME = PP.RDB$PROCEDURE_NAME  JOIN RDB$FIELDS F ON PP.RDB$FIELD_SOURCE = F.RDB$FIELD_NAME ","D:\AtelieProd\Equipexe\Exe\Estoque.exe"
"Estoque","outro"," SELECT P.RDB$PROCEDURE_NAME, PP.RDB$PARAMETER_NAME, PP.RDB$PARAMETER_TYPE, F.RDB$FIELD_TYPE, F.RDB$FIELD_SUB_TYPE, F.RDB$FIELD_SCALE, F.RDB$FIELD_LENGTH, F.RDB$NULL_FLAG, PP.RDB$DESCRIPTION, F.RDB$FIELD_SCALE as RDB$FIELD_PRECISION, F.RDB$NULL_FLAG FROM RDB$PROCEDURES P JOIN RDB$PROCEDURE_PARAMETERS PP ON P.RDB$PROCEDURE_NAME=PP.RDB$PROCEDURE_NAME JOIN RDB$FIELDS F ON PP.RDB$FIELD_SOURCE=F.RDB$FIELD_NAME ","D:\AtelieProd\Equipexe\Exe\Estoque.exe"
"Estoque","relatorio/impressao"," SELECT RC_PRIM.RDB$RELATION_NAME,  IS_PRIM.RDB$FIELD_NAME,  RC_FOR.RDB$RELATION_NAME,  IS_FOR.RDB$FIELD_NAME,  IS_FOR.RDB$FIELD_POSITION,  REFC_PRIM.RDB$UPDATE_RULE,  REFC_PRIM.RDB$DELETE_RULE,  RC_FOR.RDB$CONSTRAINT_NAME,  RC_PRIM.RDB$CONSTRAINT_NAME  FROM RDB$RELATION_CONSTRAINTS RC_FOR, RDB$REF_CONSTRAINTS REFC_FOR,  RDB$RELATION_CONSTRAINTS RC_PRIM, RDB$REF_CONSTRAINTS REFC_PRIM,  RDB$INDEX_SEGMENTS IS_PRIM, RDB$INDEX_SEGMENTS IS_FOR  WHERE RC_PRIM.RDB$CONSTRAINT_TYPE = 'PRIMARY KEY' and ","D:\AtelieProd\Equipexe\Exe\Estoque.exe"
"Estoque","outro"," TdomCMParameterEntityDeclaration","D:\AtelieProd\Equipexe\Exe\Estoque.exe"
"Estoque","operacional"," utilizado pelo Rol ","D:\AtelieProd\Equipexe\Exe\Estoque.exe"
"Estoque","outro"," Where (not(D.Cancelado=""S"")) ","D:\AtelieProd\Equipexe\Exe\Estoque.exe"
"Estoque","outro"," Where (not(M.Cancelado=""S"")) ","D:\AtelieProd\Equipexe\Exe\Estoque.exe"
"Estoque","outro","_ParameterL$Q","D:\AtelieProd\Equipexe\Exe\Estoque.exe"
"Estoque","outro","-Cancelados: ","D:\AtelieProd\Equipexe\Exe\Estoque.exe"
"Estoque","cadastro","-Cliente: ","D:\AtelieProd\Equipexe\Exe\Estoque.exe"
"Estoque","fiscal","-EParserDuplicate_Notation_On_Element_Type_Err","D:\AtelieProd\Equipexe\Exe\Estoque.exe"
"Estoque","operacional","-Estoque: ","D:\AtelieProd\Equipexe\Exe\Estoque.exe"
"Estoque","cadastro","-Produto: ","D:\AtelieProd\Equipexe\Exe\Estoque.exe"
"Estoque","outro","-Vendedor: ","D:\AtelieProd\Equipexe\Exe\Estoque.exe"
"Estoque","fiscal",":\EquipExe\EquSat","D:\AtelieProd\Equipexe\Exe\Estoque.exe"
"Estoque","fiscal",":\EquipExe\EquSat.Ini","D:\AtelieProd\Equipexe\Exe\Estoque.exe"
"Estoque","outro",":\Equipexe\Sincroniza\Envio\ExporTab","D:\AtelieProd\Equipexe\Exe\Estoque.exe"
"Estoque","outro",":\Equipexe\Sincroniza\Nuvem\","D:\AtelieProd\Equipexe\Exe\Estoque.exe"
"Estoque","outro",":\Equipexe\Sincroniza\Nuvem\Envio\","D:\AtelieProd\Equipexe\Exe\Estoque.exe"
"Estoque","cadastro",":Clientes""","D:\AtelieProd\Equipexe\Exe\Estoque.exe"
"Estoque","cadastro",":Clientes"" C","D:\AtelieProd\Equipexe\Exe\Estoque.exe"
"Estoque","cadastro","!Importar Dados Cliente Fidelidade","D:\AtelieProd\Equipexe\Exe\Estoque.exe"
"Estoque","outro",".Consulta|Consulta a Transportadora selecionada","D:\AtelieProd\Equipexe\Exe\Estoque.exe"
"Estoque","outro",""" Set Cancelado=""S""","D:\AtelieProd\Equipexe\Exe\Estoque.exe"
"Estoque","outro",""") And ((C.Cancelado is null) or (not(C.Cancelado = ""","D:\AtelieProd\Equipexe\Exe\Estoque.exe"
"Estoque","outro",""") And (C.Cancelado is null) ","D:\AtelieProd\Equipexe\Exe\Estoque.exe"
"Estoque","outro",""") And (Cancelado is null)","D:\AtelieProd\Equipexe\Exe\Estoque.exe"
"Estoque","cadastro","""Clientes"" C ","D:\AtelieProd\Equipexe\Exe\Estoque.exe"
"Estoque","fiscal","""EParserDuplicate_Notation_Decl_Err","D:\AtelieProd\Equipexe\Exe\Estoque.exe"
"Estoque","financeiro","((((((M.ValTot * M.DescontoRol)/100)-M.ValTot)*-1)-M.DescontoValor)-N.ValBasNot)as Saldo ","D:\AtelieProd\Equipexe\Exe\Estoque.exe"
"Estoque","financeiro","(((((M.ValTot * M.DescontoRol)/100)-M.ValTot)*-1)-M.DescontoValor)as ValorRol","D:\AtelieProd\Equipexe\Exe\Estoque.exe"
"Estoque","outro","(Cancelado='') And ((","D:\AtelieProd\Equipexe\Exe\Estoque.exe"
"Estoque","cadastro","(Consulta|Consulta do produto selecionado","D:\AtelieProd\Equipexe\Exe\Estoque.exe"
"Estoque","operacional","(Encerramento|Faz Encerramento do estoque","D:\AtelieProd\Equipexe\Exe\Estoque.exe"
"Estoque","outro","(not(Cancelado = 'S')) ","D:\AtelieProd\Equipexe\Exe\Estoque.exe"
"Estoque","outro","(Not(Cancelado='S'))","D:\AtelieProd\Equipexe\Exe\Estoque.exe"
"Estoque","outro","(Not(Cancelado='S')) or (Cancelado is Null)","D:\AtelieProd\Equipexe\Exe\Estoque.exe"
"Estoque","outro",") and (not M.Cancelado = 'S')","D:\AtelieProd\Equipexe\Exe\Estoque.exe"
"Estoque","cadastro",")C_CadastroPromo","D:\AtelieProd\Equipexe\Exe\Estoque.exe"
"Estoque","cadastro",")Desmarca o Produto no Controle de Limites","D:\AtelieProd\Equipexe\Exe\Estoque.exe"
"Estoque","relatorio/impressao",")Relatorio de controle de saida do estoque","D:\AtelieProd\Equipexe\Exe\Estoque.exe"
"Estoque","cadastro","[ Cliente Controla Entrada ]","D:\AtelieProd\Equipexe\Exe\Estoque.exe"
"Estoque","operacional","[ Controle de Peso ]","D:\AtelieProd\Equipexe\Exe\Estoque.exe"
"Estoque","financeiro","[ Descontos e cr","D:\AtelieProd\Equipexe\Exe\Estoque.exe"
"Estoque","cadastro","*Cliente","D:\AtelieProd\Equipexe\Exe\Estoque.exe"
"Estoque","autenticacao/permissao","*S:\basetestes\usuarios\guilherme\GER\DADOS","D:\AtelieProd\Equipexe\Exe\Estoque.exe"
"Estoque","fiscal","/EmitNotaFiscal_MC","D:\AtelieProd\Equipexe\Exe\Estoque.exe"
"Estoque","menu","/HideMenubar true","D:\AtelieProd\Equipexe\Exe\Estoque.exe"
"Estoque","cadastro","\Clientes","D:\AtelieProd\Equipexe\Exe\Estoque.exe"
"Estoque","cadastro","\Clientes.db"" C ","D:\AtelieProd\Equipexe\Exe\Estoque.exe"
"Estoque","cadastro","\Clientes""","D:\AtelieProd\Equipexe\Exe\Estoque.exe"
"Estoque","cadastro","\Clientes"" C","D:\AtelieProd\Equipexe\Exe\Estoque.exe"
"Estoque","cadastro","\Clientes"" Where CgcCli ='","D:\AtelieProd\Equipexe\Exe\Estoque.exe"
"Estoque","cadastro","\Clientes"" Where CPFCli ='","D:\AtelieProd\Equipexe\Exe\Estoque.exe"
"Estoque","cadastro","\rcliente.txt","D:\AtelieProd\Equipexe\Exe\Estoque.exe"
"Estoque","cadastro","&Altera Produto","D:\AtelieProd\Equipexe\Exe\Estoque.exe"
"Estoque","outro","&Backup","D:\AtelieProd\Equipexe\Exe\Estoque.exe"
"Estoque","cadastro","&Cadastros       ","D:\AtelieProd\Equipexe\Exe\Estoque.exe"
"Estoque","outro","&Cancel","D:\AtelieProd\Equipexe\Exe\Estoque.exe"
"Estoque","outro","&Cancela","D:\AtelieProd\Equipexe\Exe\Estoque.exe"
"Estoque","outro","&Cancela Inclus","D:\AtelieProd\Equipexe\Exe\Estoque.exe"
"Estoque","outro","&Cancelamento","D:\AtelieProd\Equipexe\Exe\Estoque.exe"
"Estoque","outro","&Cancelar","D:\AtelieProd\Equipexe\Exe\Estoque.exe"
"Estoque","outro","&Consulta","D:\AtelieProd\Equipexe\Exe\Estoque.exe"
"Estoque","operacional","&Controls","D:\AtelieProd\Equipexe\Exe\Estoque.exe"
"Estoque","financeiro","&Desconto","D:\AtelieProd\Equipexe\Exe\Estoque.exe"
"Estoque","outro","&Parametros","D:\AtelieProd\Equipexe\Exe\Estoque.exe"
"Estoque","cadastro","&Procura Produtos","D:\AtelieProd\Equipexe\Exe\Estoque.exe"
"Estoque","cadastro","&Produtos","D:\AtelieProd\Equipexe\Exe\Estoque.exe"
"Estoque","relatorio/impressao","&Relat","D:\AtelieProd\Equipexe\Exe\Estoque.exe"
"Estoque","autenticacao/permissao","&Senha","D:\AtelieProd\Equipexe\Exe\Estoque.exe"
"Estoque","operacional","&Sobre o Sistema Estoque","D:\AtelieProd\Equipexe\Exe\Estoque.exe"
"Estoque","cadastro","#|Procura o desenho do produto (BMP)","D:\AtelieProd\Equipexe\Exe\Estoque.exe"
"Estoque","outro","#CancelamentodeCartoFidelidade1Click","D:\AtelieProd\Equipexe\Exe\Estoque.exe"
"Estoque","outro","#CancelamentodeCartoFidelidade1Click&","D:\AtelieProd\Equipexe\Exe\Estoque.exe"
"Estoque","fiscal","#EParserDuplicate_Notation_Token_Err","D:\AtelieProd\Equipexe\Exe\Estoque.exe"
"Estoque","fiscal","#EParserUndeclared_Notation_Name_Err","D:\AtelieProd\Equipexe\Exe\Estoque.exe"
"Estoque","fiscal","%EParserInvalidNotationDeclaration_Err","D:\AtelieProd\Equipexe\Exe\Estoque.exe"
"Estoque","outro","%S contains an invalid parameter entity reference.","D:\AtelieProd\Equipexe\Exe\Estoque.exe"
"Estoque","fiscal","%S is not a valid notaName value.","D:\AtelieProd\Equipexe\Exe\Estoque.exe"
"Estoque","outro","+EParserDouble_Parameter_Entity_Decl_Warning ","D:\AtelieProd\Equipexe\Exe\Estoque.exe"
"Estoque","cadastro","|Desenho do produto","D:\AtelieProd\Equipexe\Exe\Estoque.exe"
"Estoque","cadastro","|LogoMarca do cliente","D:\AtelieProd\Equipexe\Exe\Estoque.exe"
"Estoque","cadastro","|Nome do Cliente","D:\AtelieProd\Equipexe\Exe\Estoque.exe"
"Estoque","outro","|Prazo para entrega em dias","D:\AtelieProd\Equipexe\Exe\Estoque.exe"
"Estoque","cadastro","|Selecione o produto desejado","D:\AtelieProd\Equipexe\Exe\Estoque.exe"
"Estoque","autenticacao/permissao","|Senha do usu","D:\AtelieProd\Equipexe\Exe\Estoque.exe"
"Estoque","outro","$Consulta|Consulta tabela selecionado","D:\AtelieProd\Equipexe\Exe\Estoque.exe"
"Estoque","fiscal","$EParserNotation_On_Empty_Element_Err","D:\AtelieProd\Equipexe\Exe\Estoque.exe"
"Estoque","cadastro","$ImportarDadosClienteFidelidade1Click","D:\AtelieProd\Equipexe\Exe\Estoque.exe"
"Estoque","operacional","0-Sem Controle","D:\AtelieProd\Equipexe\Exe\Estoque.exe"
"Estoque","cadastro","0Select * From ""C:\Equipexe\Ger\Dados\Clientes"" C","D:\AtelieProd\Equipexe\Exe\Estoque.exe"
"Estoque","outro","2EParserUnresolvable_Parameter_Entity_Reference_Err","D:\AtelieProd\Equipexe\Exe\Estoque.exe"
"Estoque","cadastro","2Procurar por Filtro|Procura o clientes por filtros","D:\AtelieProd\Equipexe\Exe\Estoque.exe"
"Estoque","cadastro","5Premia Cliente novo com desconto por faixa de valores","D:\AtelieProd\Equipexe\Exe\Estoque.exe"
"Estoque","relatorio/impressao","A impressora n","D:\AtelieProd\Equipexe\Exe\Estoque.exe"
"Estoque","cadastro","a o cadastro","D:\AtelieProd\Equipexe\Exe\Estoque.exe"
"Estoque","cadastro","A partir da data de cadastro","D:\AtelieProd\Equipexe\Exe\Estoque.exe"
"Estoque","relatorio/impressao","a.RDB$RELATION_NAME","D:\AtelieProd\Equipexe\Exe\Estoque.exe"
"Estoque","outro","AbreCepFacil","D:\AtelieProd\Equipexe\Exe\Estoque.exe"
"Estoque","relatorio/impressao","Abrir relat","D:\AtelieProd\Equipexe\Exe\Estoque.exe"
"Estoque","relatorio/impressao","Abrir...|Abre um relat","D:\AtelieProd\Equipexe\Exe\Estoque.exe"
"Estoque","outro","ACTIVE,AFTER,ASCENDING,BASE_NAME,BEFORE,BLOB,CACHE,CHECK_POINT_LENGTH,COMPUTED,CONDITIONAL,CONTAINING,CSTRING,DATABASE,RDB$DB_KEY,DEBUG,DESCENDING,DO,ENTRY_POINT,EXIT,FILE,FILTER,FUNCTION,GDSCODE,GENERATOR,GEN_ID,GROUP_COMMIT_WAIT_TIME,IF,INACTIVE,INPUT_TYPE,INDEX,LOGFILE,LOG_BUFFER_SIZE,MANUAL,MAXIMUM_SEGMENT,MERGE, MESSAGE,MODULE_NAME,NCHAR,NUM_LOG_BUFFERS,OUTPUT_TYPE,OVERFLOW,PAGE,PAGES,PAGE_SIZE,PARAMETER,PASSWORD,PLAN,POST_EVENT,PROTECTED,RAW_PARTITIONS,RESERV,RESERVING,RETAIN,RETURNING_VALUES,RETURNS,SEGMENT,SHADOW,SHARED,SINGULAR,SNAPSHOT,SORT,STABILITY,STARTS,STARTING,STATISTICS,SUB_TYPE,SUSPEND,TRIGGER,VARIABLE,RECORD_VERSION,WAIT,WHILE,WORK","D:\AtelieProd\Equipexe\Exe\Estoque.exe"
"Estoque","operacional","ActiveControl","D:\AtelieProd\Equipexe\Exe\Estoque.exe"
"Estoque","operacional","ActiveControl0","D:\AtelieProd\Equipexe\Exe\Estoque.exe"
"Estoque","cadastro","Adicionar novo produto","D:\AtelieProd\Equipexe\Exe\Estoque.exe"
"Estoque","outro","AfterCancel","D:\AtelieProd\Equipexe\Exe\Estoque.exe"
"Estoque","outro","AfterGetParams","D:\AtelieProd\Equipexe\Exe\Estoque.exe"
"Estoque","operacional","AfterScroll","D:\AtelieProd\Equipexe\Exe\Estoque.exe"
"Estoque","cadastro","Ajusta Cadastro Automaticamente","D:\AtelieProd\Equipexe\Exe\Estoque.exe"
"Estoque","operacional","ALL,AND,AS,BETWEEN,BY,CASE,CHECK,COLLATE,COMMIT,CONSTRAINT,CREATE,DEFAULT,DEFERRABLE,DELETE,DISTINCT,DROP,ELSE,EXCEPT,FOREIGN,FROM,GLOB,GROUP,HAVING,IN,INDEX,INSERT,INTERSECT,INTO,IS,ISNULL,JOIN,LIKE,LIMIT,NOT,NOTNULL,NULL,ON,OR,ORDER,PRIMARY,REFERENCES,ROLLBACK,SELECT,SET,TABLE,THEN,TRANSACTION,UNION,UNIQUE,UPDATE,USING,VALUES,WHEN,WHERE,ABORT,AFTER,ASC,ATTACH,BEFORE,BEGIN,DEFERRED,CASCADE,CLUSTER,CONFLICT,COPY,CROSS,DATABASE,DELIMITERS,DESC,DETACH,EACH,END,EXPLAIN,FAIL,FOR,FULL,IGNORE,IMMEDIATE,INITIALLY,INNER,INSTEAD,KEY,LEFT,MATCH,NATURAL,OF,OFFSET,OUTER,PRAGMA,RAISE,REPLACE,RESTRICT,RIGHT,ROW,STATEMENT,TEMP,TEMPORARY,TRIGGER,VACUUM,VIEW","D:\AtelieProd\Equipexe\Exe\Estoque.exe"
"Estoque","cadastro","AlteraProduto1","D:\AtelieProd\Equipexe\Exe\Estoque.exe"
"Estoque","cadastro","AlteraProduto14","D:\AtelieProd\Equipexe\Exe\Estoque.exe"
"Estoque","cadastro","Alterar Produto","D:\AtelieProd\Equipexe\Exe\Estoque.exe"
"Estoque","fiscal","amento da nota, seja perguntado para referenciar uma nota, selecione essa op","D:\AtelieProd\Equipexe\Exe\Estoque.exe"
"Estoque","financeiro","amento do financeiro, ","D:\AtelieProd\Equipexe\Exe\Estoque.exe"
"Estoque","operacional","amento do rol:","D:\AtelieProd\Equipexe\Exe\Estoque.exe"
"Estoque","operacional","AMENTO FEITO PELO CONTROLE DE ","D:\AtelieProd\Equipexe\Exe\Estoque.exe"
"Estoque","fiscal","And (N.TipNota = 'D')","D:\AtelieProd\Equipexe\Exe\Estoque.exe"
"Estoque","fiscal","And (N.TipNota = 'P')","D:\AtelieProd\Equipexe\Exe\Estoque.exe"
"Estoque","outro","and (not(P.Cancelado=""S""))","D:\AtelieProd\Equipexe\Exe\Estoque.exe"
"Estoque","fiscal","Anotacoes","D:\AtelieProd\Equipexe\Exe\Estoque.exe"
"Estoque","autenticacao/permissao","APP_NAME,CASE,CAST,CONVERT,COALESCE,CURRENT_TIMESTAMP,CURRENT_USER,DATALENGTH,@@ERROR,FORMATMESSAGE,GETANSINULL,HOST_ID,HOST_NAME,IDENT_INCR,IDENT_SEED,@@IDENTITY,IDENTITY,ISDATE,ISNULL,ISNUMERIC,NEWID,NULLIF,PARSENAME,PERMISSIONS,@@ROWCOUNT,SESSION_USER,STATS_DATE,SYSTEM_USER,@@TRANCOUNT,USER_NAME","D:\AtelieProd\Equipexe\Exe\Estoque.exe"
"Estoque","operacional","Arquivo de controle de acesso n","D:\AtelieProd\Equipexe\Exe\Estoque.exe"
"Estoque","relatorio/impressao","Arquivo de Relat","D:\AtelieProd\Equipexe\Exe\Estoque.exe"
"Estoque","operacional","as em Estoque:","D:\AtelieProd\Equipexe\Exe\Estoque.exe"
"Estoque","outro","AS_GetParams","D:\AtelieProd\Equipexe\Exe\Estoque.exe"
"Estoque","operacional","Ativar Controle Cep - Via Banco","D:\AtelieProd\Equipexe\Exe\Estoque.exe"
"Estoque","fiscal","Atributo de anotaci","D:\AtelieProd\Equipexe\Exe\Estoque.exe"
"Estoque","fiscal","Atrybut notacji zadeklarowany dla elementu typu pusty","D:\AtelieProd\Equipexe\Exe\Estoque.exe"
"Estoque","fiscal","Attributo di notazione duplicato nello stessa dichiarazione di tipo di elemento","D:\AtelieProd\Equipexe\Exe\Estoque.exe"
"Estoque","fiscal","Attributo di notazione nella dichiarazione di tipo di elemento vuoto","D:\AtelieProd\Equipexe\Exe\Estoque.exe"
"Estoque","operacional","Atualiza Estoque","D:\AtelieProd\Equipexe\Exe\Estoque.exe"
"Estoque","operacional","AutoScroll","D:\AtelieProd\Equipexe\Exe\Estoque.exe"
"Estoque","outro","Backup1","D:\AtelieProd\Equipexe\Exe\Estoque.exe"
"Estoque","outro","Backup1@","D:\AtelieProd\Equipexe\Exe\Estoque.exe"
"Estoque","operacional","BaixaEstoque","D:\AtelieProd\Equipexe\Exe\Estoque.exe"
"Estoque","outro","BBCANCEL","D:\AtelieProd\Equipexe\Exe\Estoque.exe"
"Estoque","operacional","bcp_control","D:\AtelieProd\Equipexe\Exe\Estoque.exe"
"Estoque","outro","BeforeCancel","D:\AtelieProd\Equipexe\Exe\Estoque.exe"
"Estoque","outro","BeforeGetParams","D:\AtelieProd\Equipexe\Exe\Estoque.exe"
"Estoque","operacional","BeforeScroll","D:\AtelieProd\Equipexe\Exe\Estoque.exe"
"Estoque","menu","biSystemMenu","D:\AtelieProd\Equipexe\Exe\Estoque.exe"
"Estoque","outro","bkCancel","D:\AtelieProd\Equipexe\Exe\Estoque.exe"
"Estoque","outro","Bt_Cancela","D:\AtelieProd\Equipexe\Exe\Estoque.exe"
"Estoque","outro","Bt_Cancela ","D:\AtelieProd\Equipexe\Exe\Estoque.exe"
"Estoque","outro","Bt_Cancela\","D:\AtelieProd\Equipexe\Exe\Estoque.exe"
"Estoque","outro","Bt_Cancela<","D:\AtelieProd\Equipexe\Exe\Estoque.exe"
"Estoque","outro","Bt_Cancela4","D:\AtelieProd\Equipexe\Exe\Estoque.exe"
"Estoque","outro","Bt_CancelaAdito","D:\AtelieProd\Equipexe\Exe\Estoque.exe"
"Estoque","outro","Bt_CancelaAdito4","D:\AtelieProd\Equipexe\Exe\Estoque.exe"
"Estoque","outro","Bt_CancelaAditoClick","D:\AtelieProd\Equipexe\Exe\Estoque.exe"
"Estoque","outro","Bt_CancelaClick","D:\AtelieProd\Equipexe\Exe\Estoque.exe"
"Estoque","outro","Bt_Cancelal","D:\AtelieProd\Equipexe\Exe\Estoque.exe"
"Estoque","outro","Bt_Cancelap","D:\AtelieProd\Equipexe\Exe\Estoque.exe"
"Estoque","outro","Bt_Cancelar","D:\AtelieProd\Equipexe\Exe\Estoque.exe"
"Estoque","outro","Bt_CancelaX","D:\AtelieProd\Equipexe\Exe\Estoque.exe"
"Estoque","outro","Bt_ConsultaCli","D:\AtelieProd\Equipexe\Exe\Estoque.exe"
"Estoque","outro","Bt_ConsultaCliClick","D:\AtelieProd\Equipexe\Exe\Estoque.exe"
"Estoque","autenticacao/permissao","Bt_UsuarioGraficoClick","D:\AtelieProd\Equipexe\Exe\Estoque.exe"
"Estoque","operacional","Bv_ControlEnt","D:\AtelieProd\Equipexe\Exe\Estoque.exe"
"Estoque","cadastro","C_CadastroPromo","D:\AtelieProd\Equipexe\Exe\Estoque.exe"
"Estoque","autenticacao/permissao","c_DigitaSenha","D:\AtelieProd\Equipexe\Exe\Estoque.exe"
"Estoque","fiscal","C:\EquipExe\EquSat","D:\AtelieProd\Equipexe\Exe\Estoque.exe"
"Estoque","fiscal","C:\EquipExe\EquSat.Ini","D:\AtelieProd\Equipexe\Exe\Estoque.exe"
"Estoque","fiscal","c:\EquipExe\Figuras\Nota","D:\AtelieProd\Equipexe\Exe\Estoque.exe"
"Estoque","fiscal","C:\Equipexe\NFe\","D:\AtelieProd\Equipexe\Exe\Estoque.exe"
"Estoque","outro","C:\Linker\Cancelar","D:\AtelieProd\Equipexe\Exe\Estoque.exe"
"Estoque","cadastro","C:\Linker\rcliente.txt","D:\AtelieProd\Equipexe\Exe\Estoque.exe"
"Estoque","outro","C.Baixa,C.ValTotal,C.Obs,C.CodFor,C.NumOS,C.Cancelado,C.Codcon,I.SeqPed,I.Qde","D:\AtelieProd\Equipexe\Exe\Estoque.exe"
"Estoque","outro","C.Baixa,C.ValTotal,C.Obs,C.CodFor,C.NumOS,C.Cancelado,C.Codcon,I.SeqPed,I.ValUnit,I.Qde,S.CgcFor,S.DigFor ","D:\AtelieProd\Equipexe\Exe\Estoque.exe"
"Estoque","outro","C.ValTotal,C.Obs,C.NumOS,C.Cancelado,C.Codcon,I.SeqPed,I.Qde","D:\AtelieProd\Equipexe\Exe\Estoque.exe"
"Estoque","outro","C.ValTotal,C.Obs,C.NumOS,C.Cancelado,C.Codcon,I.SeqPed,I.ValUnit,I.Qde,S.CgcFor, S.DigFor ","D:\AtelieProd\Equipexe\Exe\Estoque.exe"
"Estoque","operacional","Cache-control","D:\AtelieProd\Equipexe\Exe\Estoque.exe"
"Estoque","operacional","CacheControl","D:\AtelieProd\Equipexe\Exe\Estoque.exe"
"Estoque","cadastro","Cadastro","D:\AtelieProd\Equipexe\Exe\Estoque.exe"
"Estoque","cadastro","Cadastro 2","D:\AtelieProd\Equipexe\Exe\Estoque.exe"
"Estoque","cadastro","Cadastro 3","D:\AtelieProd\Equipexe\Exe\Estoque.exe"
"Estoque","cadastro","Cadastro 4","D:\AtelieProd\Equipexe\Exe\Estoque.exe"
"Estoque","cadastro","Cadastro Campos Flexiveis","D:\AtelieProd\Equipexe\Exe\Estoque.exe"
"Estoque","cadastro","Cadastro de ","D:\AtelieProd\Equipexe\Exe\Estoque.exe"
"Estoque","cadastro","Cadastro de Classifica","D:\AtelieProd\Equipexe\Exe\Estoque.exe"
"Estoque","cadastro","Cadastro de Clientes","D:\AtelieProd\Equipexe\Exe\Estoque.exe"
"Estoque","cadastro","Cadastro de Estoques","D:\AtelieProd\Equipexe\Exe\Estoque.exe"
"Estoque","cadastro","Cadastro de Fornecedores","D:\AtelieProd\Equipexe\Exe\Estoque.exe"
"Estoque","cadastro","Cadastro de Funcion","D:\AtelieProd\Equipexe\Exe\Estoque.exe"
"Estoque","cadastro","Cadastro de Grupo (Campos Flexiveis)","D:\AtelieProd\Equipexe\Exe\Estoque.exe"
"Estoque","cadastro","Cadastro de Grupo 1 ","D:\AtelieProd\Equipexe\Exe\Estoque.exe"
"Estoque","cadastro","Cadastro de Grupo 2 ","D:\AtelieProd\Equipexe\Exe\Estoque.exe"
"Estoque","cadastro","Cadastro de Grupo 3","D:\AtelieProd\Equipexe\Exe\Estoque.exe"
"Estoque","cadastro","Cadastro de Grupo 4","D:\AtelieProd\Equipexe\Exe\Estoque.exe"
"Estoque","cadastro","Cadastro de Grupo de Produto","D:\AtelieProd\Equipexe\Exe\Estoque.exe"
"Estoque","cadastro","Cadastro de Localiza","D:\AtelieProd\Equipexe\Exe\Estoque.exe"
"Estoque","cadastro","Cadastro de Marcas","D:\AtelieProd\Equipexe\Exe\Estoque.exe"
"Estoque","cadastro","Cadastro de Produtos","D:\AtelieProd\Equipexe\Exe\Estoque.exe"
"Estoque","cadastro","Cadastro de Promo","D:\AtelieProd\Equipexe\Exe\Estoque.exe"
"Estoque","cadastro","Cadastro de Roteiros","D:\AtelieProd\Equipexe\Exe\Estoque.exe"
"Estoque","cadastro","Cadastro de Situa","D:\AtelieProd\Equipexe\Exe\Estoque.exe"
"Estoque","cadastro","Cadastro de Unidade de Produto","D:\AtelieProd\Equipexe\Exe\Estoque.exe"
"Estoque","cadastro","Cadastro Legisla","D:\AtelieProd\Equipexe\Exe\Estoque.exe"
"Estoque","cadastro","CADASTRO N","D:\AtelieProd\Equipexe\Exe\Estoque.exe"
"Estoque","cadastro","Cadastro Natureza da Opera","D:\AtelieProd\Equipexe\Exe\Estoque.exe"
"Estoque","cadastro","Cadastro Promo","D:\AtelieProd\Equipexe\Exe\Estoque.exe"
"Estoque","cadastro","Cadastros1","D:\AtelieProd\Equipexe\Exe\Estoque.exe"
"Estoque","cadastro","Cadastros1L","D:\AtelieProd\Equipexe\Exe\Estoque.exe"
"Estoque","cadastro","Cadastros3","D:\AtelieProd\Equipexe\Exe\Estoque.exe"
"Estoque","cadastro","Cadastros3L","D:\AtelieProd\Equipexe\Exe\Estoque.exe"
"Estoque","cadastro","CadClientes","D:\AtelieProd\Equipexe\Exe\Estoque.exe"
"Estoque","fiscal","CadSatCla","D:\AtelieProd\Equipexe\Exe\Estoque.exe"
"Estoque","financeiro","Caixa","D:\AtelieProd\Equipexe\Exe\Estoque.exe"
"Estoque","cadastro","CalPrxProduto","D:\AtelieProd\Equipexe\Exe\Estoque.exe"
"Estoque","fiscal","Campos TipSat, CodSAt e SeqOcor n","D:\AtelieProd\Equipexe\Exe\Estoque.exe"
"Estoque","outro","Cancel","D:\AtelieProd\Equipexe\Exe\Estoque.exe"
"Estoque","outro","Cancel1","D:\AtelieProd\Equipexe\Exe\Estoque.exe"
"Estoque","outro","Cancel1Click","D:\AtelieProd\Equipexe\Exe\Estoque.exe"
"Estoque","outro","Cancela","D:\AtelieProd\Equipexe\Exe\Estoque.exe"
"Estoque","outro","Cancela - F7","D:\AtelieProd\Equipexe\Exe\Estoque.exe"
"Estoque","outro","Cancela|Cancelamento","D:\AtelieProd\Equipexe\Exe\Estoque.exe"
"Estoque","outro","Cancela1","D:\AtelieProd\Equipexe\Exe\Estoque.exe"
"Estoque","outro","Cancela1 ","D:\AtelieProd\Equipexe\Exe\Estoque.exe"
"Estoque","outro","Cancela1Click","D:\AtelieProd\Equipexe\Exe\Estoque.exe"
"Estoque","outro","Cancela1Click#","D:\AtelieProd\Equipexe\Exe\Estoque.exe"
"Estoque","cadastro","CancelaClientes","D:\AtelieProd\Equipexe\Exe\Estoque.exe"
"Estoque","outro","Cancelada","D:\AtelieProd\Equipexe\Exe\Estoque.exe"
"Estoque","outro","Cancelado","D:\AtelieProd\Equipexe\Exe\Estoque.exe"
"Estoque","cadastro","Cancelado (Cadastro)","D:\AtelieProd\Equipexe\Exe\Estoque.exe"
"Estoque","outro","Cancelado='","D:\AtelieProd\Equipexe\Exe\Estoque.exe"
"Estoque","outro","Cancelados","D:\AtelieProd\Equipexe\Exe\Estoque.exe"
"Estoque","outro","Cancelados1","D:\AtelieProd\Equipexe\Exe\Estoque.exe"
"Estoque","outro","Cancelados1Click","D:\AtelieProd\Equipexe\Exe\Estoque.exe"
"Estoque","cadastro","CancelaInclusodeProduto1","D:\AtelieProd\Equipexe\Exe\Estoque.exe"
"Estoque","cadastro","CancelaInclusodeProduto18","D:\AtelieProd\Equipexe\Exe\Estoque.exe"
"Estoque","outro","Cancelamento","D:\AtelieProd\Equipexe\Exe\Estoque.exe"
"Estoque","outro","Cancelamento de Cart","D:\AtelieProd\Equipexe\Exe\Estoque.exe"
"Estoque","cadastro","Cancelamento do Cliente Cod.: ","D:\AtelieProd\Equipexe\Exe\Estoque.exe"
"Estoque","outro","Cancelamento do Encerramento","D:\AtelieProd\Equipexe\Exe\Estoque.exe"
"Estoque","operacional","Cancelamento do Estoque","D:\AtelieProd\Equipexe\Exe\Estoque.exe"
"Estoque","outro","Cancelamento?","D:\AtelieProd\Equipexe\Exe\Estoque.exe"
"Estoque","outro","Cancelamento|Cancelamento do Lan","D:\AtelieProd\Equipexe\Exe\Estoque.exe"
"Estoque","outro","CancelamentodeCartoFidelidade1","D:\AtelieProd\Equipexe\Exe\Estoque.exe"
"Estoque","outro","CancelamentodoEncerramento1","D:\AtelieProd\Equipexe\Exe\Estoque.exe"
"Estoque","outro","CancelamentodoEncerramento18","D:\AtelieProd\Equipexe\Exe\Estoque.exe"
"Estoque","outro","Cancelar","D:\AtelieProd\Equipexe\Exe\Estoque.exe"
"Estoque","outro","Cancelar|Cancela Registro","D:\AtelieProd\Equipexe\Exe\Estoque.exe"
"Estoque","outro","CancelBB","D:\AtelieProd\Equipexe\Exe\Estoque.exe"
"Estoque","outro","CancelButton","D:\AtelieProd\Equipexe\Exe\Estoque.exe"
"Estoque","outro","CancelButtonClick","D:\AtelieProd\Equipexe\Exe\Estoque.exe"
"Estoque","outro","CancelClick","D:\AtelieProd\Equipexe\Exe\Estoque.exe"
"Estoque","cadastro","CarregaClientesInt","D:\AtelieProd\Equipexe\Exe\Estoque.exe"
"Estoque","cadastro","CarregaProdutos","D:\AtelieProd\Equipexe\Exe\Estoque.exe"
"Estoque","outro","CB_Cancelado","D:\AtelieProd\Equipexe\Exe\Estoque.exe"
"Estoque","outro","CB_Cancelado@","D:\AtelieProd\Equipexe\Exe\Estoque.exe"
"Estoque","operacional","Cb_ControlEnt","D:\AtelieProd\Equipexe\Exe\Estoque.exe"
"Estoque","operacional","Cb_ControlEntExit","D:\AtelieProd\Equipexe\Exe\Estoque.exe"
"Estoque","fiscal","cb_EmiteNota","D:\AtelieProd\Equipexe\Exe\Estoque.exe"
"Estoque","fiscal","Cb_ForDanfe","D:\AtelieProd\Equipexe\Exe\Estoque.exe"
"Estoque","fiscal","Cb_ForDanfeChange","D:\AtelieProd\Equipexe\Exe\Estoque.exe"
"Estoque","fiscal","Cb_ForDanfeExit","D:\AtelieProd\Equipexe\Exe\Estoque.exe"
"Estoque","fiscal","Cb_ForEmiNFe","D:\AtelieProd\Equipexe\Exe\Estoque.exe"
"Estoque","fiscal","Cb_ForEmiNFeChange","D:\AtelieProd\Equipexe\Exe\Estoque.exe"
"Estoque","fiscal","Cb_ForEmiNFeExit","D:\AtelieProd\Equipexe\Exe\Estoque.exe"
"Estoque","fiscal","Cb_ForEmiNFex","D:\AtelieProd\Equipexe\Exe\Estoque.exe"
"Estoque","fiscal","CB_GravaNota","D:\AtelieProd\Equipexe\Exe\Estoque.exe"
"Estoque","relatorio/impressao","CB_ImpressoNota","D:\AtelieProd\Equipexe\Exe\Estoque.exe"
"Estoque","relatorio/impressao","CB_Impressora","D:\AtelieProd\Equipexe\Exe\Estoque.exe"
"Estoque","fiscal","CB_ImprimiNumNota","D:\AtelieProd\Equipexe\Exe\Estoque.exe"
"Estoque","fiscal","CB_ImprimiNumNotaClick","D:\AtelieProd\Equipexe\Exe\Estoque.exe"
"Estoque","fiscal","Cb_NFeIdAmb","D:\AtelieProd\Equipexe\Exe\Estoque.exe"
"Estoque","fiscal","Cb_NFeIdAmbChange","D:\AtelieProd\Equipexe\Exe\Estoque.exe"
"Estoque","fiscal","Cb_NFeIdAmbExit","D:\AtelieProd\Equipexe\Exe\Estoque.exe"
"Estoque","fiscal","CB_PortaNotaFiscal","D:\AtelieProd\Equipexe\Exe\Estoque.exe"
"Estoque","fiscal","CB_PortaNotaFiscal$","D:\AtelieProd\Equipexe\Exe\Estoque.exe"
"Estoque","cadastro","cb_Servico","D:\AtelieProd\Equipexe\Exe\Estoque.exe"
"Estoque","outro","CB_TipoEntrega","D:\AtelieProd\Equipexe\Exe\Estoque.exe"
"Estoque","cadastro","CDS_ClientesInt","D:\AtelieProd\Equipexe\Exe\Estoque.exe"
"Estoque","fiscal","centinferior","D:\AtelieProd\Equipexe\Exe\Estoque.exe"
"Estoque","fiscal","Ch_ImpNFe","D:\AtelieProd\Equipexe\Exe\Estoque.exe"
"Estoque","fiscal","Ch_PerRefNfe","D:\AtelieProd\Equipexe\Exe\Estoque.exe"
"Estoque","operacional","ChamaTelaEstoque","D:\AtelieProd\Equipexe\Exe\Estoque.exe"
"Estoque","cadastro","ChamaTelaProduto","D:\AtelieProd\Equipexe\Exe\Estoque.exe"
"Estoque","fiscal","Chave NFe Ref.:","D:\AtelieProd\Equipexe\Exe\Estoque.exe"
"Estoque","menu","CheckMenuItem","D:\AtelieProd\Equipexe\Exe\Estoque.exe"
"Estoque","outro","cil - Parametros","D:\AtelieProd\Equipexe\Exe\Estoque.exe"
"Estoque","relatorio/impressao","CImpressaoNoata_u","D:\AtelieProd\Equipexe\Exe\Estoque.exe"
"Estoque","fiscal","ciwa deklaracja notacji","D:\AtelieProd\Equipexe\Exe\Estoque.exe"
"Estoque","financeiro","CkBx_Desconto1aVez","D:\AtelieProd\Equipexe\Exe\Estoque.exe"
"Estoque","financeiro","CkBx_Desconto1aVezl","D:\AtelieProd\Equipexe\Exe\Estoque.exe"
"Estoque","fiscal","claration de notation","D:\AtelieProd\Equipexe\Exe\Estoque.exe"
"Estoque","fiscal","claration de notation invalide","D:\AtelieProd\Equipexe\Exe\Estoque.exe"
"Estoque","cadastro","Cliente","D:\AtelieProd\Equipexe\Exe\Estoque.exe"
"Estoque","cadastro","Cliente Cancelado","D:\AtelieProd\Equipexe\Exe\Estoque.exe"
"Estoque","cadastro","Cliente est","D:\AtelieProd\Equipexe\Exe\Estoque.exe"
"Estoque","cadastro","Cliente inv","D:\AtelieProd\Equipexe\Exe\Estoque.exe"
"Estoque","cadastro","Cliente j","D:\AtelieProd\Equipexe\Exe\Estoque.exe"
"Estoque","cadastro","Cliente N","D:\AtelieProd\Equipexe\Exe\Estoque.exe"
"Estoque","cadastro","Cliente: ","D:\AtelieProd\Equipexe\Exe\Estoque.exe"
"Estoque","cadastro","Cliente/Fornecedor","D:\AtelieProd\Equipexe\Exe\Estoque.exe"
"Estoque","cadastro","Cliente/Fornecedor/","D:\AtelieProd\Equipexe\Exe\Estoque.exe"
"Estoque","cadastro","Clientes","D:\AtelieProd\Equipexe\Exe\Estoque.exe"
"Estoque","cadastro","clientes_compacto","D:\AtelieProd\Equipexe\Exe\Estoque.exe"
"Estoque","cadastro","Clientes_FC","D:\AtelieProd\Equipexe\Exe\Estoque.exe"
"Estoque","cadastro","Clientes_FM","D:\AtelieProd\Equipexe\Exe\Estoque.exe"
"Estoque","cadastro","Clientes_FM.DS_TmpCliPromAcu","D:\AtelieProd\Equipexe\Exe\Estoque.exe"
"Estoque","cadastro","Clientes_FM.DS_TmpGerDadFlex","D:\AtelieProd\Equipexe\Exe\Estoque.exe"
"Estoque","cadastro","Clientes_FM.Tb_CadCart","D:\AtelieProd\Equipexe\Exe\Estoque.exe"
"Estoque","cadastro","Clientes.DB","D:\AtelieProd\Equipexe\Exe\Estoque.exe"
"Estoque","cadastro","ClientesF5_FP","D:\AtelieProd\Equipexe\Exe\Estoque.exe"
"Estoque","cadastro","ClientesF5_p","D:\AtelieProd\Equipexe\Exe\Estoque.exe"
"Estoque","cadastro","ClientesInt","D:\AtelieProd\Equipexe\Exe\Estoque.exe"
"Estoque","cadastro","ClientesMar","D:\AtelieProd\Equipexe\Exe\Estoque.exe"
"Estoque","menu","clMenu","D:\AtelieProd\Equipexe\Exe\Estoque.exe"
"Estoque","menu","clMenuBar","D:\AtelieProd\Equipexe\Exe\Estoque.exe"
"Estoque","menu","clMenuHighlight","D:\AtelieProd\Equipexe\Exe\Estoque.exe"
"Estoque","menu","clMenuText","D:\AtelieProd\Equipexe\Exe\Estoque.exe"
"Estoque","operacional","clScrollBar","D:\AtelieProd\Equipexe\Exe\Estoque.exe"
"Estoque","fiscal","Co&nfer","D:\AtelieProd\Equipexe\Exe\Estoque.exe"
"Estoque","cadastro","Cod Produto","D:\AtelieProd\Equipexe\Exe\Estoque.exe"
"Estoque","cadastro","Cod. Mun. Cliente","D:\AtelieProd\Equipexe\Exe\Estoque.exe"
"Estoque","financeiro","CodigoDesconto","D:\AtelieProd\Equipexe\Exe\Estoque.exe"
"Estoque","fiscal","CodSat","D:\AtelieProd\Equipexe\Exe\Estoque.exe"
"Estoque","autenticacao/permissao","CodUsuario","D:\AtelieProd\Equipexe\Exe\Estoque.exe"
"Estoque","autenticacao/permissao","CodUsuario;NomUsuario","D:\AtelieProd\Equipexe\Exe\Estoque.exe"
"Estoque","fiscal","commainferior","D:\AtelieProd\Equipexe\Exe\Estoque.exe"
"Estoque","fiscal","coModifyAnnotation","D:\AtelieProd\Equipexe\Exe\Estoque.exe"
"Estoque","cadastro","Complemento de Produto","D:\AtelieProd\Equipexe\Exe\Estoque.exe"
"Estoque","outro","Config. Impres.","D:\AtelieProd\Equipexe\Exe\Estoque.exe"
"Estoque","fiscal","ConfigNFe","D:\AtelieProd\Equipexe\Exe\Estoque.exe"
"Estoque","fiscal","ConfigNFeClick","D:\AtelieProd\Equipexe\Exe\Estoque.exe"
"Estoque","outro","Configura","D:\AtelieProd\Equipexe\Exe\Estoque.exe"
"Estoque","relatorio/impressao","Configura &Impressora","D:\AtelieProd\Equipexe\Exe\Estoque.exe"
"Estoque","relatorio/impressao","Configura Impressora|Coloca Impressora como Padr","D:\AtelieProd\Equipexe\Exe\Estoque.exe"
"Estoque","relatorio/impressao","ConfiguraImpressora1","D:\AtelieProd\Equipexe\Exe\Estoque.exe"
"Estoque","relatorio/impressao","ConfiguraImpressora1Click","D:\AtelieProd\Equipexe\Exe\Estoque.exe"
"Estoque","relatorio/impressao","ConfiguraImpressora1H","D:\AtelieProd\Equipexe\Exe\Estoque.exe"
"Estoque","relatorio/impressao","Confirma a impress","D:\AtelieProd\Equipexe\Exe\Estoque.exe"
"Estoque","cadastro","Confirma Ativar o Cliente","D:\AtelieProd\Equipexe\Exe\Estoque.exe"
"Estoque","outro","Confirma Cancelamento","D:\AtelieProd\Equipexe\Exe\Estoque.exe"
"Estoque","outro","Confirma cancelamento do pacote.","D:\AtelieProd\Equipexe\Exe\Estoque.exe"
"Estoque","outro","Confirma Cancelamento?","D:\AtelieProd\Equipexe\Exe\Estoque.exe"
"Estoque","fiscal","Confirma Desativar o Cliente","D:\AtelieProd\Equipexe\Exe\Estoque.exe"
"Estoque","cadastro","Confirma o cancelamento do Clientes","D:\AtelieProd\Equipexe\Exe\Estoque.exe"
"Estoque","cadastro","Confirma o Estorno do cancelamento do Cliente","D:\AtelieProd\Equipexe\Exe\Estoque.exe"
"Estoque","fiscal","ConfNFe","D:\AtelieProd\Equipexe\Exe\Estoque.exe"
"Estoque","fiscal","ConfNFe_FM","D:\AtelieProd\Equipexe\Exe\Estoque.exe"
"Estoque","cadastro","Consistencia do Produto","D:\AtelieProd\Equipexe\Exe\Estoque.exe"
"Estoque","outro","Consulta","D:\AtelieProd\Equipexe\Exe\Estoque.exe"
"Estoque","outro","Consulta fidelidade","D:\AtelieProd\Equipexe\Exe\Estoque.exe"
"Estoque","outro","Consulta Local","D:\AtelieProd\Equipexe\Exe\Estoque.exe"
"Estoque","outro","Consulta|Consulta do Lan","D:\AtelieProd\Equipexe\Exe\Estoque.exe"
"Estoque","outro","Consulta1","D:\AtelieProd\Equipexe\Exe\Estoque.exe"
"Estoque","outro","Consulta1 ","D:\AtelieProd\Equipexe\Exe\Estoque.exe"
"Estoque","outro","ConsultaCep","D:\AtelieProd\Equipexe\Exe\Estoque.exe"
"Estoque","outro","ConsultaNCarto1","D:\AtelieProd\Equipexe\Exe\Estoque.exe"
"Estoque","outro","ConsultaNCpfCnpj1","D:\AtelieProd\Equipexe\Exe\Estoque.exe"
"Estoque","outro","Consultar","D:\AtelieProd\Equipexe\Exe\Estoque.exe"
"Estoque","outro","Consultas &R","D:\AtelieProd\Equipexe\Exe\Estoque.exe"
"Estoque","outro","Consultas R","D:\AtelieProd\Equipexe\Exe\Estoque.exe"
"Estoque","outro","ConsultasRpidas1","D:\AtelieProd\Equipexe\Exe\Estoque.exe"
"Estoque","outro","ConsultasRpidas1Click","D:\AtelieProd\Equipexe\Exe\Estoque.exe"
"Estoque","outro","ConsultasRpidas1Click ","D:\AtelieProd\Equipexe\Exe\Estoque.exe"
"Estoque","fiscal","Continua na Nota ","D:\AtelieProd\Equipexe\Exe\Estoque.exe"
"Estoque","operacional","Control","D:\AtelieProd\Equipexe\Exe\Estoque.exe"
"Estoque","operacional","Control count underflow on ReleaseControl","D:\AtelieProd\Equipexe\Exe\Estoque.exe"
"Estoque","operacional","Controla","D:\AtelieProd\Equipexe\Exe\Estoque.exe"
"Estoque","operacional","CONTROLA ENTRADA","D:\AtelieProd\Equipexe\Exe\Estoque.exe"
"Estoque","operacional","Controla Por","D:\AtelieProd\Equipexe\Exe\Estoque.exe"
"Estoque","operacional","CONTROLA SA","D:\AtelieProd\Equipexe\Exe\Estoque.exe"
"Estoque","operacional","CONTROLAINI","D:\AtelieProd\Equipexe\Exe\Estoque.exe"
"Estoque","operacional","ControlaPor","D:\AtelieProd\Equipexe\Exe\Estoque.exe"
"Estoque","autenticacao/permissao","ControlaSenha","D:\AtelieProd\Equipexe\Exe\Estoque.exe"
"Estoque","operacional","ControlaTab","D:\AtelieProd\Equipexe\Exe\Estoque.exe"
"Estoque","operacional","ControlData","D:\AtelieProd\Equipexe\Exe\Estoque.exe"
"Estoque","operacional","controle","D:\AtelieProd\Equipexe\Exe\Estoque.exe"
"Estoque","operacional","CONTROLE DE PEDIDOS","D:\AtelieProd\Equipexe\Exe\Estoque.exe"
"Estoque","operacional","Controle de sa","D:\AtelieProd\Equipexe\Exe\Estoque.exe"
"Estoque","operacional","Controle de Saida do Estoque","D:\AtelieProd\Equipexe\Exe\Estoque.exe"
"Estoque","operacional","Controle: ","D:\AtelieProd\Equipexe\Exe\Estoque.exe"
"Estoque","operacional","ControlEnt","D:\AtelieProd\Equipexe\Exe\Estoque.exe"
"Estoque","operacional","CONTROLEPONTO1","D:\AtelieProd\Equipexe\Exe\Estoque.exe"
"Estoque","operacional","Controles das Tabelas","D:\AtelieProd\Equipexe\Exe\Estoque.exe"
"Estoque","operacional","Controller","D:\AtelieProd\Equipexe\Exe\Estoque.exe"
"Estoque","operacional","ControllerBand","D:\AtelieProd\Equipexe\Exe\Estoque.exe"
"Estoque","operacional","ControlOfs%.8X%.8X","D:\AtelieProd\Equipexe\Exe\Estoque.exe"
"Estoque","operacional","Controls","D:\AtelieProd\Equipexe\Exe\Estoque.exe"
"Estoque","operacional","Controls0","D:\AtelieProd\Equipexe\Exe\Estoque.exe"
"Estoque","fiscal","CorSatCla","D:\AtelieProd\Equipexe\Exe\Estoque.exe"
"Estoque","fiscal","CorSatClaF","D:\AtelieProd\Equipexe\Exe\Estoque.exe"
"Estoque","outro","CREATE_PARAMS","D:\AtelieProd\Equipexe\Exe\Estoque.exe"
"Estoque","menu","CreateMenu","D:\AtelieProd\Equipexe\Exe\Estoque.exe"
"Estoque","menu","CreatePopupMenu","D:\AtelieProd\Equipexe\Exe\Estoque.exe"
"Estoque","cadastro","d Cliente","D:\AtelieProd\Equipexe\Exe\Estoque.exe"
"Estoque","outro","d2i_DHparams","D:\AtelieProd\Equipexe\Exe\Estoque.exe"
"Estoque","outro","d2i_DSAparams","D:\AtelieProd\Equipexe\Exe\Estoque.exe"
"Estoque","operacional","da de estoque manual","D:\AtelieProd\Equipexe\Exe\Estoque.exe"
"Estoque","cadastro","DADOS DO CLIENTE","D:\AtelieProd\Equipexe\Exe\Estoque.exe"
"Estoque","outro","Data do Cancelamento","D:\AtelieProd\Equipexe\Exe\Estoque.exe"
"Estoque","operacional","Data Lookup Security Controller","D:\AtelieProd\Equipexe\Exe\Estoque.exe"
"Estoque","outro","DataFieldCancelBtn","D:\AtelieProd\Equipexe\Exe\Estoque.exe"
"Estoque","outro","DataFieldCancelBtnClick","D:\AtelieProd\Equipexe\Exe\Estoque.exe"
"Estoque","fiscal","DatAnota","D:\AtelieProd\Equipexe\Exe\Estoque.exe"
"Estoque","cadastro","DB_Clientes","D:\AtelieProd\Equipexe\Exe\Estoque.exe"
"Estoque","cadastro","DB_ClientesDrawDataCell","D:\AtelieProd\Equipexe\Exe\Estoque.exe"
"Estoque","cadastro","DB_ClientesKeyPress","D:\AtelieProd\Equipexe\Exe\Estoque.exe"
"Estoque","cadastro","DB_Produtos","D:\AtelieProd\Equipexe\Exe\Estoque.exe"
"Estoque","cadastro","DB_ProdutosCellClick","D:\AtelieProd\Equipexe\Exe\Estoque.exe"
"Estoque","cadastro","DB_ProdutosColEnter","D:\AtelieProd\Equipexe\Exe\Estoque.exe"
"Estoque","cadastro","DB_ProdutosDrawColumnCell","D:\AtelieProd\Equipexe\Exe\Estoque.exe"
"Estoque","cadastro","DB_ProdutosKeyPress","D:\AtelieProd\Equipexe\Exe\Estoque.exe"
"Estoque","cadastro","DB_ProdutosKeyUp","D:\AtelieProd\Equipexe\Exe\Estoque.exe"
"Estoque","outro","dbcancel","D:\AtelieProd\Equipexe\Exe\Estoque.exe"
"Estoque","financeiro","DBG_BancoCaixa","D:\AtelieProd\Equipexe\Exe\Estoque.exe"
"Estoque","cadastro","DBG_Cadastros","D:\AtelieProd\Equipexe\Exe\Estoque.exe"
"Estoque","cadastro","DBG_CadastrosDblClick","D:\AtelieProd\Equipexe\Exe\Estoque.exe"
"Estoque","cadastro","DBG_CadastrosKeyPress","D:\AtelieProd\Equipexe\Exe\Estoque.exe"
"Estoque","cadastro","DBG_ClientesF5","D:\AtelieProd\Equipexe\Exe\Estoque.exe"
"Estoque","cadastro","DBG_ClientesF5CellClick","D:\AtelieProd\Equipexe\Exe\Estoque.exe"
"Estoque","cadastro","DBG_ClientesF5DblClick","D:\AtelieProd\Equipexe\Exe\Estoque.exe"
"Estoque","cadastro","DBG_ClientesF5DrawColumnCell","D:\AtelieProd\Equipexe\Exe\Estoque.exe"
"Estoque","cadastro","DBG_ClientesF5DrawDataCell","D:\AtelieProd\Equipexe\Exe\Estoque.exe"
"Estoque","cadastro","DBG_ClientesF5KeyPress","D:\AtelieProd\Equipexe\Exe\Estoque.exe"
"Estoque","cadastro","DBG_ClientesF5T","D:\AtelieProd\Equipexe\Exe\Estoque.exe"
"Estoque","cadastro","DBG_ClientesInt","D:\AtelieProd\Equipexe\Exe\Estoque.exe"
"Estoque","cadastro","DBG_ClientesIntDrawColumnCell","D:\AtelieProd\Equipexe\Exe\Estoque.exe"
"Estoque","cadastro","DBGrid_ProdutosKit","D:\AtelieProd\Equipexe\Exe\Estoque.exe"
"Estoque","autenticacao/permissao","DBLCB_CodUsuario","D:\AtelieProd\Equipexe\Exe\Estoque.exe"
"Estoque","autenticacao/permissao","DBLCB_CodUsuario(","D:\AtelieProd\Equipexe\Exe\Estoque.exe"
"Estoque","autenticacao/permissao","DBLCB_CodUsuarioDropDown","D:\AtelieProd\Equipexe\Exe\Estoque.exe"
"Estoque","autenticacao/permissao","DBLCB_CodUsuarioEnter","D:\AtelieProd\Equipexe\Exe\Estoque.exe"
"Estoque","autenticacao/permissao","DBLCB_CodUsuarioExit","D:\AtelieProd\Equipexe\Exe\Estoque.exe"
"Estoque","autenticacao/permissao","DBLCB_CodUsuarioKeyPress","D:\AtelieProd\Equipexe\Exe\Estoque.exe"
"Estoque","operacional","DBLCB_Estoque","D:\AtelieProd\Equipexe\Exe\Estoque.exe"
"Estoque","operacional","DBLCB_Estoque`","D:\AtelieProd\Equipexe\Exe\Estoque.exe"
"Estoque","operacional","DBLCB_EstoqueChange","D:\AtelieProd\Equipexe\Exe\Estoque.exe"
"Estoque","operacional","DBLCB_EstoqueChange%","D:\AtelieProd\Equipexe\Exe\Estoque.exe"
"Estoque","autenticacao/permissao","DBLCB_ResUsuario","D:\AtelieProd\Equipexe\Exe\Estoque.exe"
"Estoque","autenticacao/permissao","DBLCB_ResUsuarioExit","D:\AtelieProd\Equipexe\Exe\Estoque.exe"
"Estoque","outro","dbrpcparam","D:\AtelieProd\Equipexe\Exe\Estoque.exe"
"Estoque","operacional","DBT_Estoque","D:\AtelieProd\Equipexe\Exe\Estoque.exe"
"Estoque","operacional","DBT_Estoque<","D:\AtelieProd\Equipexe\Exe\Estoque.exe"
"Estoque","menu","DeleteMenu","D:\AtelieProd\Equipexe\Exe\Estoque.exe"
"Estoque","fiscal","DesAnota","D:\AtelieProd\Equipexe\Exe\Estoque.exe"
"Estoque","fiscal","Desativa-F2","D:\AtelieProd\Equipexe\Exe\Estoque.exe"
"Estoque","fiscal","Desativado","D:\AtelieProd\Equipexe\Exe\Estoque.exe"
"Estoque","fiscal","Desativado = ","D:\AtelieProd\Equipexe\Exe\Estoque.exe"
"NFE","operacional","        name=""Microsoft.Windows.Common-Controls""","D:\AtelieProd\Equipexe\Exe\NFE.exe"
"NFE","fiscal"," Nota Pag.","D:\AtelieProd\Equipexe\Exe\NFE.exe"
"NFE","operacional",":TWinControl.:1","D:\AtelieProd\Equipexe\Exe\NFE.exe"
"NFE","operacional",":TWinControl.:2","D:\AtelieProd\Equipexe\Exe\NFE.exe"
"NFE","operacional","!TScrollBarStyleHook.TScrollWindow`","D:\AtelieProd\Equipexe\Exe\NFE.exe"
"NFE","operacional","!TScrollBarStyleHook.TScrollWindow6","D:\AtelieProd\Equipexe\Exe\NFE.exe"
"NFE","operacional","!TScrollingStyleHook.TScrollWindow","D:\AtelieProd\Equipexe\Exe\NFE.exe"
"NFE","operacional","!TScrollingStyleHook.TScrollWindow6","D:\AtelieProd\Equipexe\Exe\NFE.exe"
"NFE","outro","?TDelegatedComparer<System.Rtti.TMethodImplementation.TParamLoc>8","D:\AtelieProd\Equipexe\Exe\NFE.exe"
"NFE","outro","?TDelegatedComparer<System.Rtti.TMethodImplementation.TParamLoc>l}k","D:\AtelieProd\Equipexe\Exe\NFE.exe"
"NFE","fiscal","'UdfNfe","D:\AtelieProd\Equipexe\Exe\NFE.exe"
"NFE","outro","""TArray<System.Rtti.TRttiParameter>","D:\AtelieProd\Equipexe\Exe\NFE.exe"
"NFE","menu","(:TFormStyleHook.TMainMenuBarStyleHook.:1","D:\AtelieProd\Equipexe\Exe\NFE.exe"
"NFE","menu","(Vcl.Menus","D:\AtelieProd\Equipexe\Exe\NFE.exe"
"NFE","fiscal","]FM_Gera_NFE","D:\AtelieProd\Equipexe\Exe\NFE.exe"
"NFE","operacional","*TMouseTrackControlStyleHook.TMousePosition","D:\AtelieProd\Equipexe\Exe\NFE.exe"
"NFE","outro","&Cancela emiss","D:\AtelieProd\Equipexe\Exe\NFE.exe"
"NFE","outro","&Parametros","D:\AtelieProd\Equipexe\Exe\NFE.exe"
"NFE","cadastro","%""S:\EquipExe\Ger\Dados\Clientes.db"" C","D:\AtelieProd\Equipexe\Exe\NFE.exe"
"NFE","outro",">TList<System.Rtti.TMethodImplementation.TParamLoc>.TEnumerator`(h","D:\AtelieProd\Equipexe\Exe\NFE.exe"
"NFE","outro",">TList<System.Rtti.TMethodImplementation.TParamLoc>.TEnumerator5","D:\AtelieProd\Equipexe\Exe\NFE.exe"
"NFE","autenticacao/permissao","|Senha do usu","D:\AtelieProd\Equipexe\Exe\NFE.exe"
"NFE","fiscal","$""S:\EquipExe\Lav\Filial\notas.db"" N,","D:\AtelieProd\Equipexe\Exe\NFE.exe"
"NFE","menu","$TFormStyleHook.TMainMenuBarStyleHook<5T","D:\AtelieProd\Equipexe\Exe\NFE.exe"
"NFE","menu","$TFormStyleHook.TMainMenuBarStyleHook8","D:\AtelieProd\Equipexe\Exe\NFE.exe"
"NFE","menu","1TFormStyleHook.TMainMenuBarStyleHook.TMenuBarItem","D:\AtelieProd\Equipexe\Exe\NFE.exe"
"NFE","fiscal","2 - Nota Fiscal Sem ISS Retido","D:\AtelieProd\Equipexe\Exe\NFE.exe"
"NFE","outro","2TList<System.Rtti.TMethodImplementation.TParamLoc>&","D:\AtelieProd\Equipexe\Exe\NFE.exe"
"NFE","outro","2TList<System.Rtti.TMethodImplementation.TParamLoc><*h","D:\AtelieProd\Equipexe\Exe\NFE.exe"
"NFE","outro","3TArray<System.Rtti.TMethodImplementation.TParamLoc>","D:\AtelieProd\Equipexe\Exe\NFE.exe"
"NFE","outro","6IComparer<System.Rtti.TMethodImplementation.TParamLoc>","D:\AtelieProd\Equipexe\Exe\NFE.exe"
"NFE","outro","6TComparer<System.Rtti.TMethodImplementation.TParamLoc>","D:\AtelieProd\Equipexe\Exe\NFE.exe"
"NFE","outro","6TComparer<System.Rtti.TMethodImplementation.TParamLoc>2","D:\AtelieProd\Equipexe\Exe\NFE.exe"
"NFE","outro","8IEnumerable<System.Rtti.TMethodImplementation.TParamLoc>D","D:\AtelieProd\Equipexe\Exe\NFE.exe"
"NFE","outro","8TComparison<System.Rtti.TMethodImplementation.TParamLoc>","D:\AtelieProd\Equipexe\Exe\NFE.exe"
"NFE","outro","8TEnumerable<System.Rtti.TMethodImplementation.TParamLoc>","D:\AtelieProd\Equipexe\Exe\NFE.exe"
"NFE","outro","8TEnumerable<System.Rtti.TMethodImplementation.TParamLoc>-","D:\AtelieProd\Equipexe\Exe\NFE.exe"
"NFE","outro","8TEnumerator<System.Rtti.TMethodImplementation.TParamLoc>(","D:\AtelieProd\Equipexe\Exe\NFE.exe"
"NFE","outro","8TEnumerator<System.Rtti.TMethodImplementation.TParamLoc>L#h","D:\AtelieProd\Equipexe\Exe\NFE.exe"
"NFE","operacional","AControl","D:\AtelieProd\Equipexe\Exe\NFE.exe"
"NFE","operacional","ActiveControl","D:\AtelieProd\Equipexe\Exe\NFE.exe"
"NFE","operacional","ActiveControld","D:\AtelieProd\Equipexe\Exe\NFE.exe"
"NFE","operacional","ActiveControlX$I","D:\AtelieProd\Equipexe\Exe\NFE.exe"
"NFE","operacional","ActiveOleControl","D:\AtelieProd\Equipexe\Exe\NFE.exe"
"NFE","outro","AddParam","D:\AtelieProd\Equipexe\Exe\NFE.exe"
"NFE","outro","AddParameter","D:\AtelieProd\Equipexe\Exe\NFE.exe"
"NFE","operacional","AFaultRole","D:\AtelieProd\Equipexe\Exe\NFE.exe"
"NFE","outro","AfterCanceltNW","D:\AtelieProd\Equipexe\Exe\NFE.exe"
"NFE","operacional","AfterScrolltNW","D:\AtelieProd\Equipexe\Exe\NFE.exe"
"NFE","operacional","AllowWinControls","D:\AtelieProd\Equipexe\Exe\NFE.exe"
"NFE","menu","AMenuItem","D:\AtelieProd\Equipexe\Exe\NFE.exe"
"NFE","outro","AParams","D:\AtelieProd\Equipexe\Exe\NFE.exe"
"NFE","outro","AParamType","D:\AtelieProd\Equipexe\Exe\NFE.exe"
"NFE","outro","AsParams","D:\AtelieProd\Equipexe\Exe\NFE.exe"
"NFE","menu","ATrackMenu","D:\AtelieProd\Equipexe\Exe\NFE.exe"
"NFE","operacional","AutoScroll","D:\AtelieProd\Equipexe\Exe\NFE.exe"
"NFE","outro","BackUpFileName","D:\AtelieProd\Equipexe\Exe\NFE.exe"
"NFE","cadastro","Bairro Cliente","D:\AtelieProd\Equipexe\Exe\NFE.exe"
"NFE","outro","BeforeCanceltNW","D:\AtelieProd\Equipexe\Exe\NFE.exe"
"NFE","operacional","BeforeScrolltNW","D:\AtelieProd\Equipexe\Exe\NFE.exe"
"NFE","menu","biSystemMenu","D:\AtelieProd\Equipexe\Exe\NFE.exe"
"NFE","outro","bkCancel","D:\AtelieProd\Equipexe\Exe\NFE.exe"
"NFE","outro","Bt_CancelaAdito","D:\AtelieProd\Equipexe\Exe\NFE.exe"
"NFE","outro","Bt_CancelaAditoClick","D:\AtelieProd\Equipexe\Exe\NFE.exe"
"NFE","outro","C - Cancelado","D:\AtelieProd\Equipexe\Exe\NFE.exe"
"NFE","autenticacao/permissao","c_DigitaSenha","D:\AtelieProd\Equipexe\Exe\NFE.exe"
"NFE","operacional","CacheControl","D:\AtelieProd\Equipexe\Exe\NFE.exe"
"NFE","outro","Caminho para backup do lote","D:\AtelieProd\Equipexe\Exe\NFE.exe"
"NFE","outro","Cancel","D:\AtelieProd\Equipexe\Exe\NFE.exe"
"NFE","outro","Cancela Lote","D:\AtelieProd\Equipexe\Exe\NFE.exe"
"NFE","outro","CancelaBauru","D:\AtelieProd\Equipexe\Exe\NFE.exe"
"NFE","outro","CancelaBauru'","D:\AtelieProd\Equipexe\Exe\NFE.exe"
"NFE","outro","Cancelado","D:\AtelieProd\Equipexe\Exe\NFE.exe"
"NFE","outro","CancelaemissodoArquivo1","D:\AtelieProd\Equipexe\Exe\NFE.exe"
"NFE","outro","CancelaemissodoArquivo1(","D:\AtelieProd\Equipexe\Exe\NFE.exe"
"NFE","outro","CancelaemissodoArquivo1Click","D:\AtelieProd\Equipexe\Exe\NFE.exe"
"NFE","fiscal","Cancelamento Nota","D:\AtelieProd\Equipexe\Exe\NFE.exe"
"NFE","fiscal","CancelamentoNota1","D:\AtelieProd\Equipexe\Exe\NFE.exe"
"NFE","fiscal","CancelamentoNota1Click","D:\AtelieProd\Equipexe\Exe\NFE.exe"
"NFE","fiscal","CancelamentoNota1p","D:\AtelieProd\Equipexe\Exe\NFE.exe"
"NFE","fiscal","CancelarNota","D:\AtelieProd\Equipexe\Exe\NFE.exe"
"NFE","outro","CancelButton","D:\AtelieProd\Equipexe\Exe\NFE.exe"
"NFE","outro","CancelDispatch","D:\AtelieProd\Equipexe\Exe\NFE.exe"
"NFE","outro","CancelEvent","D:\AtelieProd\Equipexe\Exe\NFE.exe"
"NFE","outro","CancelHint","D:\AtelieProd\Equipexe\Exe\NFE.exe"
"NFE","outro","CancellingX","D:\AtelieProd\Equipexe\Exe\NFE.exe"
"NFE","outro","CancelRange","D:\AtelieProd\Equipexe\Exe\NFE.exe"
"NFE","outro","CancelUpdates","D:\AtelieProd\Equipexe\Exe\NFE.exe"
"NFE","fiscal","CancNFEIndiv","D:\AtelieProd\Equipexe\Exe\NFE.exe"
"NFE","financeiro","Cb_GeraDesconto","D:\AtelieProd\Equipexe\Exe\NFE.exe"
"NFE","relatorio/impressao","CB_TipoImpressao","D:\AtelieProd\Equipexe\Exe\NFE.exe"
"NFE","fiscal","CB_TipoNota","D:\AtelieProd\Equipexe\Exe\NFE.exe"
"NFE","outro","cbCANCELQRY","D:\AtelieProd\Equipexe\Exe\NFE.exe"
"NFE","operacional","ccBidiControl","D:\AtelieProd\Equipexe\Exe\NFE.exe"
"NFE","operacional","ccJoinControl","D:\AtelieProd\Equipexe\Exe\NFE.exe"
"NFE","operacional","ccOtherControl","D:\AtelieProd\Equipexe\Exe\NFE.exe"
"NFE","cadastro","CEP Cliente","D:\AtelieProd\Equipexe\Exe\NFE.exe"
"NFE","menu","CheckBtnMenuDropDown","D:\AtelieProd\Equipexe\Exe\NFE.exe"
"NFE","menu","CheckMenuItem","D:\AtelieProd\Equipexe\Exe\NFE.exe"
"NFE","operacional","ChildControl","D:\AtelieProd\Equipexe\Exe\NFE.exe"
"NFE","cadastro","Cid. Cliente","D:\AtelieProd\Equipexe\Exe\NFE.exe"
"NFE","cadastro","CkBx_EmiteItemServico","D:\AtelieProd\Equipexe\Exe\NFE.exe"
"NFE","operacional","CkBx_EnviaItensRol","D:\AtelieProd\Equipexe\Exe\NFE.exe"
"NFE","outro","ClearParameters","D:\AtelieProd\Equipexe\Exe\NFE.exe"
"NFE","cadastro","Cliente","D:\AtelieProd\Equipexe\Exe\NFE.exe"
"NFE","menu","clMenuBar","D:\AtelieProd\Equipexe\Exe\NFE.exe"
"NFE","menu","CloseMenu","D:\AtelieProd\Equipexe\Exe\NFE.exe"
"NFE","cadastro","Cod. Cliente","D:\AtelieProd\Equipexe\Exe\NFE.exe"
"NFE","outro","CompareDateTimeParam","D:\AtelieProd\Equipexe\Exe\NFE.exe"
"NFE","fiscal","ComponentPlatformsAttribute","D:\AtelieProd\Equipexe\Exe\NFE.exe"
"NFE","fiscal","ComponentPlatformsAttribute9","D:\AtelieProd\Equipexe\Exe\NFE.exe"
"NFE","outro","ConfigMode","D:\AtelieProd\Equipexe\Exe\NFE.exe"
"NFE","outro","Considera RPS Cancelados","D:\AtelieProd\Equipexe\Exe\NFE.exe"
"NFE","outro","Consultar","D:\AtelieProd\Equipexe\Exe\NFE.exe"
"NFE","fiscal","ConsultarNotaPrestador","D:\AtelieProd\Equipexe\Exe\NFE.exe"
"NFE","fiscal","ConsultarNotaValida","D:\AtelieProd\Equipexe\Exe\NFE.exe"
"NFE","operacional","ContainsControl","D:\AtelieProd\Equipexe\Exe\NFE.exe"
"NFE","operacional","Control","D:\AtelieProd\Equipexe\Exe\NFE.exe"
"NFE","operacional","ControlAtPos","D:\AtelieProd\Equipexe\Exe\NFE.exe"
"NFE","operacional","ControlClass","D:\AtelieProd\Equipexe\Exe\NFE.exe"
"NFE","operacional","ControlCountX","D:\AtelieProd\Equipexe\Exe\NFE.exe"
"NFE","operacional","ControlDestroyed","D:\AtelieProd\Equipexe\Exe\NFE.exe"
"NFE","operacional","Controle","D:\AtelieProd\Equipexe\Exe\NFE.exe"
"NFE","operacional","ControlHeight","D:\AtelieProd\Equipexe\Exe\NFE.exe"
"NFE","operacional","ControlIndex","D:\AtelieProd\Equipexe\Exe\NFE.exe"
"NFE","operacional","ControlLeft","D:\AtelieProd\Equipexe\Exe\NFE.exe"
"NFE","operacional","Controller","D:\AtelieProd\Equipexe\Exe\NFE.exe"
"NFE","operacional","ControlName","D:\AtelieProd\Equipexe\Exe\NFE.exe"
"NFE","operacional","Controls","D:\AtelieProd\Equipexe\Exe\NFE.exe"
"NFE","operacional","ControlsDisabled","D:\AtelieProd\Equipexe\Exe\NFE.exe"
"NFE","operacional","ControlSide","D:\AtelieProd\Equipexe\Exe\NFE.exe"
"NFE","operacional","ControlState","D:\AtelieProd\Equipexe\Exe\NFE.exe"
"NFE","operacional","ControlStyleHfI","D:\AtelieProd\Equipexe\Exe\NFE.exe"
"NFE","operacional","ControlTop","D:\AtelieProd\Equipexe\Exe\NFE.exe"
"NFE","operacional","ControlWidth","D:\AtelieProd\Equipexe\Exe\NFE.exe"
"NFE","operacional","ControlWnd","D:\AtelieProd\Equipexe\Exe\NFE.exe"
"NFE","menu","CreateMenu","D:\AtelieProd\Equipexe\Exe\NFE.exe"
"NFE","menu","CreateMenuItem","D:\AtelieProd\Equipexe\Exe\NFE.exe"
"NFE","outro","CreateParam","D:\AtelieProd\Equipexe\Exe\NFE.exe"
"NFE","outro","CreateParameter","D:\AtelieProd\Equipexe\Exe\NFE.exe"
"NFE","operacional","CreateParentedControl","D:\AtelieProd\Equipexe\Exe\NFE.exe"
"NFE","menu","CreatePopupMenu","D:\AtelieProd\Equipexe\Exe\NFE.exe"
"NFE","operacional","csAcceptsControls","D:\AtelieProd\Equipexe\Exe\NFE.exe"
"NFE","menu","csMenuEvents","D:\AtelieProd\Equipexe\Exe\NFE.exe"
"NFE","outro","CTCollectionNotifyEvent<System.Rtti.TMethodImplementation.TParamLoc>","D:\AtelieProd\Equipexe\Exe\NFE.exe"
"NFE","cadastro","d Cliente","D:\AtelieProd\Equipexe\Exe\NFE.exe"
"NFE","fiscal","DadosCancelaNota","D:\AtelieProd\Equipexe\Exe\NFE.exe"
"NFE","fiscal","DadosConsultaNota","D:\AtelieProd\Equipexe\Exe\NFE.exe"
"NFE","fiscal","DadosNota","D:\AtelieProd\Equipexe\Exe\NFE.exe"
"NFE","cadastro","DBG_Cadastros","D:\AtelieProd\Equipexe\Exe\NFE.exe"
"NFE","cadastro","DBG_CadastrosDblClick","D:\AtelieProd\Equipexe\Exe\NFE.exe"
"NFE","cadastro","DBG_CadastrosKeyPress","D:\AtelieProd\Equipexe\Exe\NFE.exe"
"NFE","operacional","deDataSetScroll","D:\AtelieProd\Equipexe\Exe\NFE.exe"
"NFE","operacional","DefocusControl","D:\AtelieProd\Equipexe\Exe\NFE.exe"
"NFE","menu","DeleteMenu","D:\AtelieProd\Equipexe\Exe\NFE.exe"
"NFE","operacional","deParentScroll","D:\AtelieProd\Equipexe\Exe\NFE.exe"
"NFE","menu","DestroyMenu","D:\AtelieProd\Equipexe\Exe\NFE.exe"
"NFE","outro","dgCancelOnExit","D:\AtelieProd\Equipexe\Exe\NFE.exe"
"NFE","operacional","DisableControls","D:\AtelieProd\Equipexe\Exe\NFE.exe"
"NFE","menu","DoIterateMenus","D:\AtelieProd\Equipexe\Exe\NFE.exe"
"NFE","fiscal","dowSaturday","D:\AtelieProd\Equipexe\Exe\NFE.exe"
"NFE","operacional","DrawControlText","D:\AtelieProd\Equipexe\Exe\NFE.exe"
"NFE","operacional","DrawFrameControl","D:\AtelieProd\Equipexe\Exe\NFE.exe"
"NFE","menu","DrawMenuBar","D:\AtelieProd\Equipexe\Exe\NFE.exe"
"NFE","operacional","DropControl","D:\AtelieProd\Equipexe\Exe\NFE.exe"
"NFE","menu","DropDownMenu","D:\AtelieProd\Equipexe\Exe\NFE.exe"
"NFE","operacional","DropOnControl","D:\AtelieProd\Equipexe\Exe\NFE.exe"
"NFE","cadastro","DS_Cadastro","D:\AtelieProd\Equipexe\Exe\NFE.exe"
"NFE","fiscal","DS_Nfe","D:\AtelieProd\Equipexe\Exe\NFE.exe"
"NFE","fiscal","DS_Nota","D:\AtelieProd\Equipexe\Exe\NFE.exe"
"NFE","fiscal","DS_Nota<","D:\AtelieProd\Equipexe\Exe\NFE.exe"
"NFE","operacional","EControlC","D:\AtelieProd\Equipexe\Exe\NFE.exe"
"NFE","operacional","EControlC$","D:\AtelieProd\Equipexe\Exe\NFE.exe"
"NFE","outro","Ed_CaminhoBackupLote","D:\AtelieProd\Equipexe\Exe\NFE.exe"
"NFE","outro","Ed_CaminhoBackupLote\","D:\AtelieProd\Equipexe\Exe\NFE.exe"
"NFE","autenticacao/permissao","Ed_Senha","D:\AtelieProd\Equipexe\Exe\NFE.exe"
"NFE","autenticacao/permissao","Ed_SenhaKeyPress","D:\AtelieProd\Equipexe\Exe\NFE.exe"
"NFE","menu","EMenuError","D:\AtelieProd\Equipexe\Exe\NFE.exe"
"NFE","menu","EMenuError\","D:\AtelieProd\Equipexe\Exe\NFE.exe"
"NFE","cadastro","Emite Produto (Bahia)","D:\AtelieProd\Equipexe\Exe\NFE.exe"
"NFE","fiscal","EmiteNotaPoliContabilidade","D:\AtelieProd\Equipexe\Exe\NFE.exe"
"NFE","operacional","EnableControls","D:\AtelieProd\Equipexe\Exe\NFE.exe"
"NFE","menu","EnableMenuItem","D:\AtelieProd\Equipexe\Exe\NFE.exe"
"NFE","operacional","EnableScrollBar","D:\AtelieProd\Equipexe\Exe\NFE.exe"
"NFE","cadastro","End. Cliente","D:\AtelieProd\Equipexe\Exe\NFE.exe"
"NFE","menu","EndMenu","D:\AtelieProd\Equipexe\Exe\NFE.exe"
"NFE","operacional","Envia Itens do Rol","D:\AtelieProd\Equipexe\Exe\NFE.exe"
"NFE","cadastro","Est. Cliente","D:\AtelieProd\Equipexe\Exe\NFE.exe"
"NFE","operacional","Estoque","D:\AtelieProd\Equipexe\Exe\NFE.exe"
"NFE","operacional","etControlC","D:\AtelieProd\Equipexe\Exe\NFE.exe"
"NFE","operacional","EVariantTypeCastError","D:\AtelieProd\Equipexe\Exe\NFE.exe"
"NFE","cadastro","Exibe Clientes sem cpf","D:\AtelieProd\Equipexe\Exe\NFE.exe"
"NFE","outro","ExternalParamName","D:\AtelieProd\Equipexe\Exe\NFE.exe"
"NFE","operacional","FActiveControl","D:\AtelieProd\Equipexe\Exe\NFE.exe"
"NFE","operacional","FActiveOleControl","D:\AtelieProd\Equipexe\Exe\NFE.exe"
"NFE","outro","FAfterCancel","D:\AtelieProd\Equipexe\Exe\NFE.exe"
"NFE","operacional","FAfterScroll","D:\AtelieProd\Equipexe\Exe\NFE.exe"
"NFE","operacional","FAlignControlList","D:\AtelieProd\Equipexe\Exe\NFE.exe"
"NFE","fiscal","FAnnotation","D:\AtelieProd\Equipexe\Exe\NFE.exe"
"NFE","fiscal","FAnnotations","D:\AtelieProd\Equipexe\Exe\NFE.exe"
"NFE","operacional","FaultRole","D:\AtelieProd\Equipexe\Exe\NFE.exe"
"NFE","operacional","FAutoScroll","D:\AtelieProd\Equipexe\Exe\NFE.exe"
"NFE","outro","FBeforeCancel","D:\AtelieProd\Equipexe\Exe\NFE.exe"
"NFE","operacional","FBeforeScroll","D:\AtelieProd\Equipexe\Exe\NFE.exe"
"NFE","operacional","FBtnControl","D:\AtelieProd\Equipexe\Exe\NFE.exe"
"NFE","outro","FByRefParam","D:\AtelieProd\Equipexe\Exe\NFE.exe"
"NFE","autenticacao/permissao","FC_DigSenha","D:\AtelieProd\Equipexe\Exe\NFE.exe"
"NFE","outro","FCancel","D:\AtelieProd\Equipexe\Exe\NFE.exe"
"NFE","outro","FCancelDispatching","D:\AtelieProd\Equipexe\Exe\NFE.exe"
"NFE","outro","FCancelling","D:\AtelieProd\Equipexe\Exe\NFE.exe"
"NFE","operacional","FChildControl","D:\AtelieProd\Equipexe\Exe\NFE.exe"
"NFE","operacional","FControl","D:\AtelieProd\Equipexe\Exe\NFE.exe"
"NFE","operacional","FController","D:\AtelieProd\Equipexe\Exe\NFE.exe"
"NFE","operacional","FControls","D:\AtelieProd\Equipexe\Exe\NFE.exe"
"NFE","operacional","FControlState","D:\AtelieProd\Equipexe\Exe\NFE.exe"
"NFE","operacional","FControlStyle","D:\AtelieProd\Equipexe\Exe\NFE.exe"
"NFE","outro","FDateParam","D:\AtelieProd\Equipexe\Exe\NFE.exe"
"NFE","operacional","FDBLookupControl","D:\AtelieProd\Equipexe\Exe\NFE.exe"
"NFE","menu","FDropDownMenu","D:\AtelieProd\Equipexe\Exe\NFE.exe"
"NFE","operacional","FDropOnControl","D:\AtelieProd\Equipexe\Exe\NFE.exe"
"NFE","operacional","FFaultRole","D:\AtelieProd\Equipexe\Exe\NFE.exe"
"NFE","operacional","FFocusControl","D:\AtelieProd\Equipexe\Exe\NFE.exe"
"NFE","operacional","FFocusedControl","D:\AtelieProd\Equipexe\Exe\NFE.exe"
"NFE","operacional","FHintControl","D:\AtelieProd\Equipexe\Exe\NFE.exe"
"NFE","operacional","FHorzScrollBar","D:\AtelieProd\Equipexe\Exe\NFE.exe"
"NFE","operacional","FHorzScrollWnd","D:\AtelieProd\Equipexe\Exe\NFE.exe"
"NFE","operacional","FilterSpecArray","D:\AtelieProd\Equipexe\Exe\NFE.exe"
"NFE","operacional","FindChildControl","D:\AtelieProd\Equipexe\Exe\NFE.exe"
"NFE","outro","FindParam","D:\AtelieProd\Equipexe\Exe\NFE.exe"
"NFE","operacional","FInitingScrollBars","D:\AtelieProd\Equipexe\Exe\NFE.exe"
"NFE","menu","FInMenuLoop","D:\AtelieProd\Equipexe\Exe\NFE.exe"
"NFE","operacional","FIsControl","D:\AtelieProd\Equipexe\Exe\NFE.exe"
"NFE","operacional","FLastActiveControl","D:\AtelieProd\Equipexe\Exe\NFE.exe"
"NFE","operacional","FLatestHintControl","D:\AtelieProd\Equipexe\Exe\NFE.exe"
"NFE","operacional","FlatSB_GetScrollInfo","D:\AtelieProd\Equipexe\Exe\NFE.exe"
"NFE","operacional","FlatSB_GetScrollPos","D:\AtelieProd\Equipexe\Exe\NFE.exe"
"NFE","operacional","FlatSB_SetScrollInfo","D:\AtelieProd\Equipexe\Exe\NFE.exe"
"NFE","operacional","FlatSB_SetScrollPos","D:\AtelieProd\Equipexe\Exe\NFE.exe"
"NFE","operacional","FlatSB_SetScrollProp","D:\AtelieProd\Equipexe\Exe\NFE.exe"
"NFE","relatorio/impressao","FLinkImpressao","D:\AtelieProd\Equipexe\Exe\NFE.exe"
"NFE","fiscal","FM_Gera_NFE","D:\AtelieProd\Equipexe\Exe\NFE.exe"
"NFE","menu","FMainMenuBarHook","D:\AtelieProd\Equipexe\Exe\NFE.exe"
"NFE","menu","FMDIChildSysMenuActive","D:\AtelieProd\Equipexe\Exe\NFE.exe"
"NFE","menu","FMDIChildSystemMenuTracking","D:\AtelieProd\Equipexe\Exe\NFE.exe"
"NFE","operacional","FMDIHorzScrollBar","D:\AtelieProd\Equipexe\Exe\NFE.exe"
"NFE","operacional","FMDIScrollSizeBox","D:\AtelieProd\Equipexe\Exe\NFE.exe"
"NFE","operacional","FMDIStopHorzScrollBar","D:\AtelieProd\Equipexe\Exe\NFE.exe"
"NFE","operacional","FMDIStopVertScrollBar","D:\AtelieProd\Equipexe\Exe\NFE.exe"
"NFE","operacional","FMDIVertScrollBar","D:\AtelieProd\Equipexe\Exe\NFE.exe"
"NFE","menu","FMenu","D:\AtelieProd\Equipexe\Exe\NFE.exe"
"NFE","menu","FMenuActive","D:\AtelieProd\Equipexe\Exe\NFE.exe"
"NFE","menu","FMenuAnimation","D:\AtelieProd\Equipexe\Exe\NFE.exe"
"NFE","menu","FMenuFont","D:\AtelieProd\Equipexe\Exe\NFE.exe"
"NFE","menu","FMenuHook","D:\AtelieProd\Equipexe\Exe\NFE.exe"
"NFE","menu","FMenuImage","D:\AtelieProd\Equipexe\Exe\NFE.exe"
"NFE","menu","FMenuItem","D:\AtelieProd\Equipexe\Exe\NFE.exe"
"NFE","menu","FMenuPosition","D:\AtelieProd\Equipexe\Exe\NFE.exe"
"NFE","menu","FMenuPush","D:\AtelieProd\Equipexe\Exe\NFE.exe"
"NFE","menu","FMenuTracking","D:\AtelieProd\Equipexe\Exe\NFE.exe"
"NFE","operacional","FMouseControl","D:\AtelieProd\Equipexe\Exe\NFE.exe"
"NFE","operacional","FMouseInControl","D:\AtelieProd\Equipexe\Exe\NFE.exe"
"NFE","menu","FMouseInMainMenu","D:\AtelieProd\Equipexe\Exe\NFE.exe"
"NFE","menu","FMustActivateMDIChildSysMenu","D:\AtelieProd\Equipexe\Exe\NFE.exe"
"NFE","menu","FMustActivateMenuItem","D:\AtelieProd\Equipexe\Exe\NFE.exe"
"NFE","menu","FMustActivateSysMenu","D:\AtelieProd\Equipexe\Exe\NFE.exe"
"NFE","fiscal","Fnota","D:\AtelieProd\Equipexe\Exe\NFE.exe"
"NFE","fiscal","FNotationDefs","D:\AtelieProd\Equipexe\Exe\NFE.exe"
"NFE","fiscal","FNotations","D:\AtelieProd\Equipexe\Exe\NFE.exe"
"NFE","menu","FObjectMenuItem","D:\AtelieProd\Equipexe\Exe\NFE.exe"
"NFE","operacional","FocusControl","D:\AtelieProd\Equipexe\Exe\NFE.exe"
"NFE","operacional","FOldHorzSrollBarPosition","D:\AtelieProd\Equipexe\Exe\NFE.exe"
"NFE","operacional","FOldVertSrollBarPosition","D:\AtelieProd\Equipexe\Exe\NFE.exe"
"NFE","menu","FOle2Menu","D:\AtelieProd\Equipexe\Exe\NFE.exe"
"NFE","operacional","FOnActiveControlChange","D:\AtelieProd\Equipexe\Exe\NFE.exe"
"NFE","operacional","FOnScroll","D:\AtelieProd\Equipexe\Exe\NFE.exe"
"NFE","operacional","FPageControl","D:\AtelieProd\Equipexe\Exe\NFE.exe"
"NFE","outro","FParamCheck","D:\AtelieProd\Equipexe\Exe\NFE.exe"
"NFE","outro","FParameterDirection","D:\AtelieProd\Equipexe\Exe\NFE.exe"
"NFE","outro","FParameterRow","D:\AtelieProd\Equipexe\Exe\NFE.exe"
"NFE","outro","FParameters","D:\AtelieProd\Equipexe\Exe\NFE.exe"
"NFE","outro","FParamList","D:\AtelieProd\Equipexe\Exe\NFE.exe"
"NFE","outro","FParamObjectClass","D:\AtelieProd\Equipexe\Exe\NFE.exe"
"NFE","outro","FParamRef","D:\AtelieProd\Equipexe\Exe\NFE.exe"
"NFE","outro","FParams","D:\AtelieProd\Equipexe\Exe\NFE.exe"
"NFE","outro","FParamType","D:\AtelieProd\Equipexe\Exe\NFE.exe"
"NFE","operacional","FPopupControlWnd","D:\AtelieProd\Equipexe\Exe\NFE.exe"
"NFE","menu","FPopupMenu","D:\AtelieProd\Equipexe\Exe\NFE.exe"
"NFE","operacional","FPrevScrollPos","D:\AtelieProd\Equipexe\Exe\NFE.exe"
"NFE","relatorio/impressao","FRelativeSizes","D:\AtelieProd\Equipexe\Exe\NFE.exe"
"NFE","outro","FRightClickCancels","D:\AtelieProd\Equipexe\Exe\NFE.exe"
"NFE","fiscal","FrmCadastroNfe","D:\AtelieProd\Equipexe\Exe\NFE.exe"
"NFE","operacional","FSaveScrollWidth","D:\AtelieProd\Equipexe\Exe\NFE.exe"
"NFE","operacional","FScrollBars","D:\AtelieProd\Equipexe\Exe\NFE.exe"
"NFE","operacional","FScrollLines","D:\AtelieProd\Equipexe\Exe\NFE.exe"
"NFE","operacional","FScrollLinesMessage","D:\AtelieProd\Equipexe\Exe\NFE.exe"
"NFE","operacional","FScrollOpposite","D:\AtelieProd\Equipexe\Exe\NFE.exe"
"NFE","operacional","FScrollPos","D:\AtelieProd\Equipexe\Exe\NFE.exe"
"NFE","operacional","FScrollWnd","D:\AtelieProd\Equipexe\Exe\NFE.exe"
"NFE","autenticacao/permissao","Fsenha","D:\AtelieProd\Equipexe\Exe\NFE.exe"
"NFE","cadastro","Fservico","D:\AtelieProd\Equipexe\Exe\NFE.exe"
"NFE","fiscal","FStatusNFe","D:\AtelieProd\Equipexe\Exe\NFE.exe"
"NFE","menu","FSubMenuImages","D:\AtelieProd\Equipexe\Exe\NFE.exe"
"NFE","outro","FSupportsParameterMetadata","D:\AtelieProd\Equipexe\Exe\NFE.exe"
"NFE","menu","FSysMenuActive","D:\AtelieProd\Equipexe\Exe\NFE.exe"
"NFE","menu","FSysMenuButtonRect","D:\AtelieProd\Equipexe\Exe\NFE.exe"
"NFE","menu","FSystemMenuTracking","D:\AtelieProd\Equipexe\Exe\NFE.exe"
"NFE","operacional","FTabControl","D:\AtelieProd\Equipexe\Exe\NFE.exe"
"NFE","outro","FTimeParam","D:\AtelieProd\Equipexe\Exe\NFE.exe"
"NFE","operacional","FTouchControl","D:\AtelieProd\Equipexe\Exe\NFE.exe"
"NFE","outro","ftParams","D:\AtelieProd\Equipexe\Exe\NFE.exe"
"NFE","operacional","FUpdatingScrollBars","D:\AtelieProd\Equipexe\Exe\NFE.exe"
"NFE","operacional","FVertScrollBar","D:\AtelieProd\Equipexe\Exe\NFE.exe"
"NFE","operacional","FVertScrollWnd","D:\AtelieProd\Equipexe\Exe\NFE.exe"
"NFE","operacional","FVisualControl","D:\AtelieProd\Equipexe\Exe\NFE.exe"
"NFE","operacional","FWinControls","D:\AtelieProd\Equipexe\Exe\NFE.exe"
"NFE","menu","FWindowMenu","D:\AtelieProd\Equipexe\Exe\NFE.exe"
"NFE","fiscal","GB_DadosNfe","D:\AtelieProd\Equipexe\Exe\NFE.exe"
"NFE","fiscal","GB_DadosNfe8","D:\AtelieProd\Equipexe\Exe\NFE.exe"
"NFE","cadastro","GB_EmiteProduto","D:\AtelieProd\Equipexe\Exe\NFE.exe"
"NFE","fiscal","Gera Nota com Desconto","D:\AtelieProd\Equipexe\Exe\NFE.exe"
"NFE","fiscal","GerarNota","D:\AtelieProd\Equipexe\Exe\NFE.exe"
"NFE","outro","GESTURECONFIG","D:\AtelieProd\Equipexe\Exe\NFE.exe"
"NFE","outro","GetAliasParams","D:\AtelieProd\Equipexe\Exe\NFE.exe"
"NFE","outro","GetConfigParams","D:\AtelieProd\Equipexe\Exe\NFE.exe"
"NFE","operacional","GetControl","D:\AtelieProd\Equipexe\Exe\NFE.exe"
"NFE","operacional","GetControlsAlignment","D:\AtelieProd\Equipexe\Exe\NFE.exe"
"NFE","outro","GetDriverParams","D:\AtelieProd\Equipexe\Exe\NFE.exe"
"NFE","menu","GetMenu","D:\AtelieProd\Equipexe\Exe\NFE.exe"
"NFE","menu","GetMenuHeight","D:\AtelieProd\Equipexe\Exe\NFE.exe"
"NFE","menu","GetMenuItemCount","D:\AtelieProd\Equipexe\Exe\NFE.exe"
"NFE","menu","GetMenuItemID","D:\AtelieProd\Equipexe\Exe\NFE.exe"
"NFE","menu","GetMenuItemInfoW","D:\AtelieProd\Equipexe\Exe\NFE.exe"
"NFE","menu","GetMenuState","D:\AtelieProd\Equipexe\Exe\NFE.exe"
"NFE","menu","GetMenuStringW","D:\AtelieProd\Equipexe\Exe\NFE.exe"
"NFE","outro","GetParameterByName","D:\AtelieProd\Equipexe\Exe\NFE.exe"
"NFE","outro","GetParameterByOrdinal","D:\AtelieProd\Equipexe\Exe\NFE.exe"
"NFE","outro","GetParameters","D:\AtelieProd\Equipexe\Exe\NFE.exe"
"NFE","outro","GetParamExternalName","D:\AtelieProd\Equipexe\Exe\NFE.exe"
"NFE","outro","GetParamInfo","D:\AtelieProd\Equipexe\Exe\NFE.exe"
"NFE","outro","GetParamInternalName","D:\AtelieProd\Equipexe\Exe\NFE.exe"
"NFE","outro","GetParamList","D:\AtelieProd\Equipexe\Exe\NFE.exe"
"NFE","outro","GetParamLocs","D:\AtelieProd\Equipexe\Exe\NFE.exe"
"NFE","outro","GetParamPointer","D:\AtelieProd\Equipexe\Exe\NFE.exe"
"NFE","outro","GetParams","D:\AtelieProd\Equipexe\Exe\NFE.exe"
"NFE","outro","GetParamValue","D:\AtelieProd\Equipexe\Exe\NFE.exe"
"NFE","menu","GetParentMenu","D:\AtelieProd\Equipexe\Exe\NFE.exe"
"NFE","outro","GetReturnParamNames","D:\AtelieProd\Equipexe\Exe\NFE.exe"
"NFE","operacional","GetScrollBarInfo","D:\AtelieProd\Equipexe\Exe\NFE.exe"
"NFE","operacional","GetScrollInfo","D:\AtelieProd\Equipexe\Exe\NFE.exe"
"NFE","operacional","GetScrollPos","D:\AtelieProd\Equipexe\Exe\NFE.exe"
"NFE","operacional","GetScrollRange","D:\AtelieProd\Equipexe\Exe\NFE.exe"
"NFE","menu","GetSubMenu","D:\AtelieProd\Equipexe\Exe\NFE.exe"
"NFE","menu","GetSystemMenu","D:\AtelieProd\Equipexe\Exe\NFE.exe"
"NFE","operacional","GetTabControlList","D:\AtelieProd\Equipexe\Exe\NFE.exe"
"NFE","operacional","HidingControl","D:\AtelieProd\Equipexe\Exe\NFE.exe"
"NFE","operacional","HintControl","D:\AtelieProd\Equipexe\Exe\NFE.exe"
"NFE","outro","HKEY_CURRENT_CONFIG","D:\AtelieProd\Equipexe\Exe\NFE.exe"
"NFE","menu","HMENU","D:\AtelieProd\Equipexe\Exe\NFE.exe"
"NFE","operacional","HorzScrollBar","D:\AtelieProd\Equipexe\Exe\NFE.exe"
"NFE","operacional","HorzScrollBar.Visible","D:\AtelieProd\Equipexe\Exe\NFE.exe"
"NFE","fiscal","IDOMNotationhL`","D:\AtelieProd\Equipexe\Exe\NFE.exe"
"NFE","operacional","IJvExControl","D:\AtelieProd\Equipexe\Exe\NFE.exe"
"NFE","autenticacao/permissao","Im_Senha","D:\AtelieProd\Equipexe\Exe\NFE.exe"
"NFE","cadastro","Informe o nome do cliente","D:\AtelieProd\Equipexe\Exe\NFE.exe"
"NFE","cadastro","Informe o Valor do Produto","D:\AtelieProd\Equipexe\Exe\NFE.exe"
"NFE","operacional","InitCommonControls","D:\AtelieProd\Equipexe\Exe\NFE.exe"
"NFE","menu","InMenuLoop","D:\AtelieProd\Equipexe\Exe\NFE.exe"
"NFE","operacional","InsertControl","D:\AtelieProd\Equipexe\Exe\NFE.exe"
"NFE","menu","InsertMenuItemW","D:\AtelieProd\Equipexe\Exe\NFE.exe"
"NFE","menu","InsertMenuW","D:\AtelieProd\Equipexe\Exe\NFE.exe"
"NFE","outro","InsertParameter","D:\AtelieProd\Equipexe\Exe\NFE.exe"
"NFE","outro","InternalParamName","D:\AtelieProd\Equipexe\Exe\NFE.exe"
"NFE","operacional","IntersectsControl","D:\AtelieProd\Equipexe\Exe\NFE.exe"
"NFE","outro","ioHasReturnParamNames","D:\AtelieProd\Equipexe\Exe\NFE.exe"
"NFE","outro","IParam,","D:\AtelieProd\Equipexe\Exe\NFE.exe"
"NFE","outro","IParamObject","D:\AtelieProd\Equipexe\Exe\NFE.exe"
"NFE","outro","IParamStreamObject","D:\AtelieProd\Equipexe\Exe\NFE.exe"
"NFE","operacional","IsScrollBarVisible","D:\AtelieProd\Equipexe\Exe\NFE.exe"
"NFE","fiscal","IXMLAnnotatedItem`o`","D:\AtelieProd\Equipexe\Exe\NFE.exe"
"NFE","fiscal","IXMLAnnotation`o`","D:\AtelieProd\Equipexe\Exe\NFE.exe"
"NFE","fiscal","IXMLAnnotationItems,_`","D:\AtelieProd\Equipexe\Exe\NFE.exe"
"NFE","fiscal","IXMLDOMNotation","D:\AtelieProd\Equipexe\Exe\NFE.exe"
"NFE","fiscal","IXMLNotation","D:\AtelieProd\Equipexe\Exe\NFE.exe"
"NFE","fiscal","IXMLNotationDefs","D:\AtelieProd\Equipexe\Exe\NFE.exe"
"NFE","operacional","JvExControls","D:\AtelieProd\Equipexe\Exe\NFE.exe"
"NFE","outro","Lb_Consulta","D:\AtelieProd\Equipexe\Exe\NFE.exe"
"NFE","relatorio/impressao","Lb_TipoImpressao","D:\AtelieProd\Equipexe\Exe\NFE.exe"
"NFE","autenticacao/permissao","Lb_TitSenha","D:\AtelieProd\Equipexe\Exe\NFE.exe"
"NFE","operacional","Led_Controle","D:\AtelieProd\Equipexe\Exe\NFE.exe"
"NFE","relatorio/impressao","LinkImpressao","D:\AtelieProd\Equipexe\Exe\NFE.exe"
"NFE","relatorio/impressao","LinkImpressao%","D:\AtelieProd\Equipexe\Exe\NFE.exe"
"NFE","outro","LoginParams","D:\AtelieProd\Equipexe\Exe\NFE.exe"
"NFE","outro","lParam","D:\AtelieProd\Equipexe\Exe\NFE.exe"
"NFE","outro","LParamFiller","D:\AtelieProd\Equipexe\Exe\NFE.exe"
"NFE","outro","LParamHi","D:\AtelieProd\Equipexe\Exe\NFE.exe"
"NFE","outro","LParamLo","D:\AtelieProd\Equipexe\Exe\NFE.exe"
"NFE","menu","MainMenu1","D:\AtelieProd\Equipexe\Exe\NFE.exe"
"NFE","menu","Menu_Principal","D:\AtelieProd\Equipexe\Exe\NFE.exe"
"NFE","menu","Menu1","D:\AtelieProd\Equipexe\Exe\NFE.exe"
"NFE","menu","Menu2","D:\AtelieProd\Equipexe\Exe\NFE.exe"
"NFE","menu","MenuActive","D:\AtelieProd\Equipexe\Exe\NFE.exe"
"NFE","menu","MenuAnimation","D:\AtelieProd\Equipexe\Exe\NFE.exe"
"NFE","menu","MenuEnter","D:\AtelieProd\Equipexe\Exe\NFE.exe"
"NFE","menu","MenuFlag","D:\AtelieProd\Equipexe\Exe\NFE.exe"
"NFE","menu","MenuFont","D:\AtelieProd\Equipexe\Exe\NFE.exe"
"NFE","menu","MenuGeral","D:\AtelieProd\Equipexe\Exe\NFE.exe"
"NFE","menu","MenuIndex","D:\AtelieProd\Equipexe\Exe\NFE.exe"
"NFE","menu","MenuItem","D:\AtelieProd\Equipexe\Exe\NFE.exe"
"NFE","menu","MenuPosition","D:\AtelieProd\Equipexe\Exe\NFE.exe"
"NFE","menu","Menuten","D:\AtelieProd\Equipexe\Exe\NFE.exe"
"NFE","menu","Menuteno1","D:\AtelieProd\Equipexe\Exe\NFE.exe"
"NFE","menu","MouseInMainMenu","D:\AtelieProd\Equipexe\Exe\NFE.exe"
"NFE","fiscal","MSAttribute","D:\AtelieProd\Equipexe\Exe\NFE.exe"
"NFE","fiscal","MSNotation","D:\AtelieProd\Equipexe\Exe\NFE.exe"
"NFE","relatorio/impressao","multipart/related","D:\AtelieProd\Equipexe\Exe\NFE.exe"
"NFE","menu","MustActivateMDIChildSysMenu","D:\AtelieProd\Equipexe\Exe\NFE.exe"
"NFE","menu","MustActivateMenuItem","D:\AtelieProd\Equipexe\Exe\NFE.exe"
"NFE","menu","MustActivateSysMenu","D:\AtelieProd\Equipexe\Exe\NFE.exe"
"NFE","cadastro","Nome Cliente","D:\AtelieProd\Equipexe\Exe\NFE.exe"
"NFE","fiscal","ntNotation","D:\AtelieProd\Equipexe\Exe\NFE.exe"
"NFE","outro","NumberParameters","D:\AtelieProd\Equipexe\Exe\NFE.exe"
"NFE","cadastro","O Cliente possui dados com preenchimentos incorretos mas que ","D:\AtelieProd\Equipexe\Exe\NFE.exe"
"NFE","cadastro","O Cliente possui dados com preenchimentos incorretos, que n","D:\AtelieProd\Equipexe\Exe\NFE.exe"
"NFE","cadastro","o do produto?","D:\AtelieProd\Equipexe\Exe\NFE.exe"
"NFE","fiscal","o Ginfes","D:\AtelieProd\Equipexe\Exe\NFE.exe"
"NFE","fiscal","o Municipal (Nota tipo NFSe)","D:\AtelieProd\Equipexe\Exe\NFE.exe"
"NFE","menu","ObjectMenuItem","D:\AtelieProd\Equipexe\Exe\NFE.exe"
"NFE","operacional","ObterErroLote","D:\AtelieProd\Equipexe\Exe\NFE.exe"
"NFE","fiscal","ObterNotaRetorno","D:\AtelieProd\Equipexe\Exe\NFE.exe"
"NFE","operacional","OnActiveControlChangeP","D:\AtelieProd\Equipexe\Exe\NFE.exe"
"NFE","operacional","OnScroll","D:\AtelieProd\Equipexe\Exe\NFE.exe"
"NFE","operacional","PageControl","D:\AtelieProd\Equipexe\Exe\NFE.exe"
"NFE","operacional","Pago - Estoque","D:\AtelieProd\Equipexe\Exe\NFE.exe"
"NFE","outro","Param","D:\AtelieProd\Equipexe\Exe\NFE.exe"
"NFE","outro","ParamByName","D:\AtelieProd\Equipexe\Exe\NFE.exe"
"NFE","outro","ParamCheck","D:\AtelieProd\Equipexe\Exe\NFE.exe"
"NFE","outro","ParamCount","D:\AtelieProd\Equipexe\Exe\NFE.exe"
"NFE","outro","ParamData","D:\AtelieProd\Equipexe\Exe\NFE.exe"
"NFE","outro","Parameter","D:\AtelieProd\Equipexe\Exe\NFE.exe"
"NFE","outro","ParameterDirection","D:\AtelieProd\Equipexe\Exe\NFE.exe"
"NFE","outro","ParameterMapItem","D:\AtelieProd\Equipexe\Exe\NFE.exe"
"NFE","outro","Parameters","D:\AtelieProd\Equipexe\Exe\NFE.exe"
"NFE","outro","Parametros","D:\AtelieProd\Equipexe\Exe\NFE.exe"
"NFE","outro","Parametros1","D:\AtelieProd\Equipexe\Exe\NFE.exe"
"NFE","outro","ParamName","D:\AtelieProd\Equipexe\Exe\NFE.exe"
"NFE","outro","ParamNames","D:\AtelieProd\Equipexe\Exe\NFE.exe"
"NFE","outro","Params","D:\AtelieProd\Equipexe\Exe\NFE.exe"
"NFE","outro","ParamType","D:\AtelieProd\Equipexe\Exe\NFE.exe"
"NFE","outro","ParamValues","D:\AtelieProd\Equipexe\Exe\NFE.exe"
"NFE","fiscal","piSeqNFE","D:\AtelieProd\Equipexe\Exe\NFE.exe"
"NFE","fiscal","Pm_ConsultaNFE","D:\AtelieProd\Equipexe\Exe\NFE.exe"
"NFE","fiscal","Pm_ConsultaNFE$","D:\AtelieProd\Equipexe\Exe\NFE.exe"
"NFE","fiscal","Pn_Inferior","D:\AtelieProd\Equipexe\Exe\NFE.exe"
"NFE","operacional","Pn_Rolagem","D:\AtelieProd\Equipexe\Exe\NFE.exe"
"NFE","operacional","Pn_RolagemResize","D:\AtelieProd\Equipexe\Exe\NFE.exe"
"NFE","menu","PopulateOle2Menu","D:\AtelieProd\Equipexe\Exe\NFE.exe"
"NFE","operacional","PopupControlWnd","D:\AtelieProd\Equipexe\Exe\NFE.exe"
"NFE","menu","PopupMenu","D:\AtelieProd\Equipexe\Exe\NFE.exe"
"NFE","menu","PopupMenu1","D:\AtelieProd\Equipexe\Exe\NFE.exe"
"NFE","outro","PProcedureParam","D:\AtelieProd\Equipexe\Exe\NFE.exe"
"NFE","menu","ProcessMenuChar","D:\AtelieProd\Equipexe\Exe\NFE.exe"
"NFE","menu","ProcessMenuLoop","D:\AtelieProd\Equipexe\Exe\NFE.exe"
"NFE","cadastro","Procura de Cadastro","D:\AtelieProd\Equipexe\Exe\NFE.exe"
"NFE","operacional","psControle","D:\AtelieProd\Equipexe\Exe\NFE.exe"
"NFE","operacional","RegisterControl","D:\AtelieProd\Equipexe\Exe\NFE.exe"
"NFE","outro","RegisterExternalParamName","D:\AtelieProd\Equipexe\Exe\NFE.exe"
"NFE","outro","RegisterParamInfo","D:\AtelieProd\Equipexe\Exe\NFE.exe"
"NFE","outro","RegisterReturnParamNames","D:\AtelieProd\Equipexe\Exe\NFE.exe"
"NFE","relatorio/impressao","Relationship","D:\AtelieProd\Equipexe\Exe\NFE.exe"
"NFE","operacional","RemoveControl","D:\AtelieProd\Equipexe\Exe\NFE.exe"
"NFE","menu","RemoveMenu","D:\AtelieProd\Equipexe\Exe\NFE.exe"
"NFE","outro","RemoveParam","D:\AtelieProd\Equipexe\Exe\NFE.exe"
"NFE","outro","RemoveParameter","D:\AtelieProd\Equipexe\Exe\NFE.exe"
"NFE","outro","RemoveParameters","D:\AtelieProd\Equipexe\Exe\NFE.exe"
"NFE","operacional","ReplaceDockedControl","D:\AtelieProd\Equipexe\Exe\NFE.exe"
"NFE","fiscal","RetornoNota","D:\AtelieProd\Equipexe\Exe\NFE.exe"
"NFE","outro","RetParamNames","D:\AtelieProd\Equipexe\Exe\NFE.exe"
"NFE","outro","ReturnParamNames","D:\AtelieProd\Equipexe\Exe\NFE.exe"
"NFE","fiscal","RG_TipoNota","D:\AtelieProd\Equipexe\Exe\NFE.exe"
"NFE","fiscal","RG_TipoNota4","D:\AtelieProd\Equipexe\Exe\NFE.exe"
"NFE","fiscal","RG_TipoNotaClick","D:\AtelieProd\Equipexe\Exe\NFE.exe"
"NFE","outro","RightClickCancels","D:\AtelieProd\Equipexe\Exe\NFE.exe"
"NFE","operacional","Rollback","D:\AtelieProd\Equipexe\Exe\NFE.exe"
"NFE","operacional","RollbackFreeAndNil","D:\AtelieProd\Equipexe\Exe\NFE.exe"
"NFE","operacional","RollbackIncompleteFreeAndNil","D:\AtelieProd\Equipexe\Exe\NFE.exe"
"NFE","cadastro","RPSs que estiverem com cadastros incompletos n","D:\AtelieProd\Equipexe\Exe\NFE.exe"
"NFE","outro","S:{System.Generics.Collections}TList<System.Rtti.TMethodImplementation.TParamLoc>.:1","D:\AtelieProd\Equipexe\Exe\NFE.exe"
"NFE","outro","S:{System.Generics.Collections}TList<System.Rtti.TMethodImplementation.TParamLoc>.:3","D:\AtelieProd\Equipexe\Exe\NFE.exe"
"NFE","outro","SaveConfigFile","D:\AtelieProd\Equipexe\Exe\NFE.exe"
"NFE","outro","SB_Cancela","D:\AtelieProd\Equipexe\Exe\NFE.exe"
"NFE","outro","SB_CancelaClick","D:\AtelieProd\Equipexe\Exe\NFE.exe"
"NFE","outro","SB_CancelaPacote","D:\AtelieProd\Equipexe\Exe\NFE.exe"
"NFE","outro","SB_CancelaPacoteClick","D:\AtelieProd\Equipexe\Exe\NFE.exe"
"NFE","outro","SB_Cancelar","D:\AtelieProd\Equipexe\Exe\NFE.exe"
"NFE","outro","SB_CancelarClick","D:\AtelieProd\Equipexe\Exe\NFE.exe"
"NFE","operacional","Sb_RolagemBaixo","D:\AtelieProd\Equipexe\Exe\NFE.exe"
"NFE","operacional","Sb_RolagemBaixoClick","D:\AtelieProd\Equipexe\Exe\NFE.exe"
"NFE","operacional","Sb_RolagemCima","D:\AtelieProd\Equipexe\Exe\NFE.exe"
"NFE","operacional","Sb_RolagemCimaClick","D:\AtelieProd\Equipexe\Exe\NFE.exe"
"NFE","operacional","scEndScroll","D:\AtelieProd\Equipexe\Exe\NFE.exe"
"SAT","outro","        Baixa Cancelada","D:\AtelieProd\Equipexe\Exe\SAT.exe"
"SAT","fiscal","       And (CodSatCla=""","D:\AtelieProd\Equipexe\Exe\SAT.exe"
"SAT","outro","       And (not(M.Cancelado=""S"")) ","D:\AtelieProd\Equipexe\Exe\SAT.exe"
"SAT","fiscal","       And (not(M.CodSatSit=""B"")) ","D:\AtelieProd\Equipexe\Exe\SAT.exe"
"SAT","fiscal","       And M.CodSatTipS=""","D:\AtelieProd\Equipexe\Exe\SAT.exe"
"SAT","fiscal","       And M.SatPara=""","D:\AtelieProd\Equipexe\Exe\SAT.exe"
"SAT","autenticacao/permissao","     ((S.CodUsuarioResp=""","D:\AtelieProd\Equipexe\Exe\SAT.exe"
"SAT","cadastro","     &Cadastros","D:\AtelieProd\Equipexe\Exe\SAT.exe"
"SAT","cadastro","    => Grupo de Clientes","D:\AtelieProd\Equipexe\Exe\SAT.exe"
"SAT","outro","    ParamFloat: extended;","D:\AtelieProd\Equipexe\Exe\SAT.exe"
"SAT","operacional","   - Sem Controle","D:\AtelieProd\Equipexe\Exe\SAT.exe"
"SAT","outro","  And (not(C.Cancelado='S'))","D:\AtelieProd\Equipexe\Exe\SAT.exe"
"SAT","cadastro","  Cliente: ","D:\AtelieProd\Equipexe\Exe\SAT.exe"
"SAT","outro","  ParamFloat := Value;","D:\AtelieProd\Equipexe\Exe\SAT.exe"
"SAT","outro","  ParamString := Value;","D:\AtelieProd\Equipexe\Exe\SAT.exe"
"SAT","outro","  Value := ParamFloat;","D:\AtelieProd\Equipexe\Exe\SAT.exe"
"SAT","outro","  Value := ParamString;","D:\AtelieProd\Equipexe\Exe\SAT.exe"
"SAT","cadastro"," - Cliente: ","D:\AtelieProd\Equipexe\Exe\SAT.exe"
"SAT","autenticacao/permissao"," - Usuario: ","D:\AtelieProd\Equipexe\Exe\SAT.exe"
"SAT","cadastro"," |Grupo em que pertence o cliente","D:\AtelieProd\Equipexe\Exe\SAT.exe"
"SAT","autenticacao/permissao"," and    (C.ResUsuario=""","D:\AtelieProd\Equipexe\Exe\SAT.exe"
"SAT","outro"," and    (F.Cancelado="""")","D:\AtelieProd\Equipexe\Exe\SAT.exe"
"SAT","outro"," and    (F.Cancelado=""C"")","D:\AtelieProd\Equipexe\Exe\SAT.exe"
"SAT","outro"," and    (F.Cancelado=""S"")","D:\AtelieProd\Equipexe\Exe\SAT.exe"
"SAT","outro"," and    (I.Cancelado="""")","D:\AtelieProd\Equipexe\Exe\SAT.exe"
"SAT","outro"," and    (I.Cancelado=""C"")","D:\AtelieProd\Equipexe\Exe\SAT.exe"
"SAT","outro"," and    (I.Cancelado=""S"")","D:\AtelieProd\Equipexe\Exe\SAT.exe"
"SAT","fiscal"," and    (M.CodSatCla=""","D:\AtelieProd\Equipexe\Exe\SAT.exe"
"SAT","fiscal"," and    (M.CodSatSit=""","D:\AtelieProd\Equipexe\Exe\SAT.exe"
"SAT","fiscal"," and    (M.CodSatSubC=""","D:\AtelieProd\Equipexe\Exe\SAT.exe"
"SAT","fiscal"," and    (M.CodSatTip=""","D:\AtelieProd\Equipexe\Exe\SAT.exe"
"SAT","fiscal"," and    (M.CodSatTipS=""","D:\AtelieProd\Equipexe\Exe\SAT.exe"
"SAT","autenticacao/permissao"," and    (M.CodUsuario=""","D:\AtelieProd\Equipexe\Exe\SAT.exe"
"SAT","fiscal"," and    (M.SatPara=""","D:\AtelieProd\Equipexe\Exe\SAT.exe"
"SAT","autenticacao/permissao"," and    I.CodUsuario=""","D:\AtelieProd\Equipexe\Exe\SAT.exe"
"SAT","fiscal"," And   (M.CodSatSit=""","D:\AtelieProd\Equipexe\Exe\SAT.exe"
"SAT","fiscal"," And   (M.SatPara=""","D:\AtelieProd\Equipexe\Exe\SAT.exe"
"SAT","fiscal"," And   (not(M.CodSatSit=""","D:\AtelieProd\Equipexe\Exe\SAT.exe"
"SAT","outro"," and ((not (M.Cancelado=""S"")) or (M.Cancelado is Null))","D:\AtelieProd\Equipexe\Exe\SAT.exe"
"SAT","fiscal"," and ((not (M.CodSatTip=""X"")) or (M.CodSatTip is Null))","D:\AtelieProd\Equipexe\Exe\SAT.exe"
"SAT","fiscal"," and ((not(M.CodSatTip=""","D:\AtelieProd\Equipexe\Exe\SAT.exe"
"SAT","outro"," and (C.Cancelado="""")","D:\AtelieProd\Equipexe\Exe\SAT.exe"
"SAT","outro"," and (C.Cancelado=""C"")","D:\AtelieProd\Equipexe\Exe\SAT.exe"
"SAT","outro"," and (C.Cancelado=""S"")","D:\AtelieProd\Equipexe\Exe\SAT.exe"
"SAT","fiscal"," and (C.Desativado=""S"")","D:\AtelieProd\Equipexe\Exe\SAT.exe"
"SAT","autenticacao/permissao"," and (C.ResUsuario=""","D:\AtelieProd\Equipexe\Exe\SAT.exe"
"SAT","autenticacao/permissao"," And (CodUsuario=""","D:\AtelieProd\Equipexe\Exe\SAT.exe"
"SAT","outro"," and (I.Cancelado="""")","D:\AtelieProd\Equipexe\Exe\SAT.exe"
"SAT","outro"," and (I.Cancelado=""C"")","D:\AtelieProd\Equipexe\Exe\SAT.exe"
"SAT","outro"," and (I.Cancelado=""S"")","D:\AtelieProd\Equipexe\Exe\SAT.exe"
"SAT","fiscal"," and (I.Desativado=""C"")","D:\AtelieProd\Equipexe\Exe\SAT.exe"
"SAT","fiscal"," and (I.Desativado=""S"")","D:\AtelieProd\Equipexe\Exe\SAT.exe"
"SAT","outro"," and (not (M.Cancelado=""S""))","D:\AtelieProd\Equipexe\Exe\SAT.exe"
"SAT","fiscal"," and (not (M.CodSatTip=""X""))","D:\AtelieProd\Equipexe\Exe\SAT.exe"
"SAT","fiscal"," and (not(C.Desativado=""S""))","D:\AtelieProd\Equipexe\Exe\SAT.exe"
"SAT","fiscal"," And (S.CodSat=""","D:\AtelieProd\Equipexe\Exe\SAT.exe"
"SAT","autenticacao/permissao"," And (S.CodUsuario=""","D:\AtelieProd\Equipexe\Exe\SAT.exe"
"SAT","autenticacao/permissao"," And (S.ResUsuario=""","D:\AtelieProd\Equipexe\Exe\SAT.exe"
"SAT","autenticacao/permissao"," And (Z.CodUsuario=""","D:\AtelieProd\Equipexe\Exe\SAT.exe"
"SAT","fiscal"," And (Z.SatPara=""","D:\AtelieProd\Equipexe\Exe\SAT.exe"
"SAT","autenticacao/permissao"," AUDITANDO USUARIO ","D:\AtelieProd\Equipexe\Exe\SAT.exe"
"SAT","outro"," Cancelada","D:\AtelieProd\Equipexe\Exe\SAT.exe"
"SAT","cadastro"," considerado a data do cadastro do mesmo","D:\AtelieProd\Equipexe\Exe\SAT.exe"
"SAT","relatorio/impressao"," deseja imprimir o relat","D:\AtelieProd\Equipexe\Exe\SAT.exe"
"SAT","fiscal"," do SAT","D:\AtelieProd\Equipexe\Exe\SAT.exe"
"SAT","cadastro"," FOI ANALISADA, FAVOR COMUNICAR O CLIENTE - ","D:\AtelieProd\Equipexe\Exe\SAT.exe"
"SAT","outro"," foi Cancelada","D:\AtelieProd\Equipexe\Exe\SAT.exe"
"SAT","cadastro"," FOI SOLUCIONADA, FAVOR COMUNICAR O CLIENTE - ","D:\AtelieProd\Equipexe\Exe\SAT.exe"
"SAT","cadastro"," IndividualAjustedeCadastro1Click","D:\AtelieProd\Equipexe\Exe\SAT.exe"
"SAT","cadastro"," IndividualAjustedeCadastro1Click""","D:\AtelieProd\Equipexe\Exe\SAT.exe"
"SAT","cadastro"," On(C.CodCli=G.Chave1 And G.Arquivo=""CLIENTES"")","D:\AtelieProd\Equipexe\Exe\SAT.exe"
"SAT","fiscal"," Or (M.CodSatTipS=""","D:\AtelieProd\Equipexe\Exe\SAT.exe"
"SAT","autenticacao/permissao"," order By Y.NomCli,Z.CodUsuarioMel","D:\AtelieProd\Equipexe\Exe\SAT.exe"
"SAT","autenticacao/permissao"," order By Z.CodSistema,Z.CodUsuarioMel","D:\AtelieProd\Equipexe\Exe\SAT.exe"
"SAT","autenticacao/permissao"," order By Z.CodUsuarioMel","D:\AtelieProd\Equipexe\Exe\SAT.exe"
"SAT","fiscal"," order By Z.SatPara,Y.Nom","D:\AtelieProd\Equipexe\Exe\SAT.exe"
"SAT","fiscal"," order By Z.SatPara,Z.CodOcorCla","D:\AtelieProd\Equipexe\Exe\SAT.exe"
"SAT","fiscal"," order By Z.SatPara,Z.CodOcorSubC","D:\AtelieProd\Equipexe\Exe\SAT.exe"
"SAT","fiscal"," order By Z.SatPara,Z.DatLan","D:\AtelieProd\Equipexe\Exe\SAT.exe"
"SAT","fiscal"," order By Z.SatPara,Z.DatPrevSol","D:\AtelieProd\Equipexe\Exe\SAT.exe"
"SAT","fiscal"," order By Z.SatPara,Z.SeqOcor","D:\AtelieProd\Equipexe\Exe\SAT.exe"
"SAT","fiscal"," Qry_AlertaCodSatTip.DisplayWidth","D:\AtelieProd\Equipexe\Exe\SAT.exe"
"SAT","fiscal"," SAT - ","D:\AtelieProd\Equipexe\Exe\SAT.exe"
"SAT","cadastro"," SB_ImportaClienteFidelidadeClick","D:\AtelieProd\Equipexe\Exe\SAT.exe"
"SAT","autenticacao/permissao"," Select CodUsuario From ""","D:\AtelieProd\Equipexe\Exe\SAT.exe"
"SAT","autenticacao/permissao"," Select CodUsuario From "":","D:\AtelieProd\Equipexe\Exe\SAT.exe"
"SAT","cadastro"," Where (F.Arquivo=""CLIENTES"") Order By Campo","D:\AtelieProd\Equipexe\Exe\SAT.exe"
"SAT","outro"," Where (not (M.Cancelado=""S""))","D:\AtelieProd\Equipexe\Exe\SAT.exe"
"SAT","outro"," Where (not (M.Cancelado=""S"")) And ","D:\AtelieProd\Equipexe\Exe\SAT.exe"
"SAT","fiscal"," X Where ((not(Desativado=""S"")) or (Desativado is null)) ","D:\AtelieProd\Equipexe\Exe\SAT.exe"
"SAT","outro"," X Where (Cancelado="""") or (Cancelado is null)","D:\AtelieProd\Equipexe\Exe\SAT.exe"
"SAT","outro","_ParameterD","D:\AtelieProd\Equipexe\Exe\SAT.exe"
"SAT","cadastro","_pn_CadastroGrid","D:\AtelieProd\Equipexe\Exe\SAT.exe"
"SAT","fiscal","_pn_SatGrid","D:\AtelieProd\Equipexe\Exe\SAT.exe"
"SAT","operacional","_QClxDrawUtil_ScrollEffect","D:\AtelieProd\Equipexe\Exe\SAT.exe"
"SAT","menu","_QMenuBar_activateItemAt","D:\AtelieProd\Equipexe\Exe\SAT.exe"
"SAT","menu","_QMenuBar_create","D:\AtelieProd\Equipexe\Exe\SAT.exe"
"SAT","menu","_QMenuBar_hook_create","D:\AtelieProd\Equipexe\Exe\SAT.exe"
"SAT","menu","_QMenuBar_hook_hook_activated","D:\AtelieProd\Equipexe\Exe\SAT.exe"
"SAT","menu","_QMenuBar_hook_hook_highlighted","D:\AtelieProd\Equipexe\Exe\SAT.exe"
"SAT","menu","_QMenuBar_to_QMenuData","D:\AtelieProd\Equipexe\Exe\SAT.exe"
"SAT","menu","_QMenuData_changeItem","D:\AtelieProd\Equipexe\Exe\SAT.exe"
"SAT","menu","_QMenuData_changeItem3","D:\AtelieProd\Equipexe\Exe\SAT.exe"
"SAT","menu","_QMenuData_findItem","D:\AtelieProd\Equipexe\Exe\SAT.exe"
"SAT","menu","_QMenuData_iconSet","D:\AtelieProd\Equipexe\Exe\SAT.exe"
"SAT","menu","_QMenuData_insertItem5","D:\AtelieProd\Equipexe\Exe\SAT.exe"
"SAT","menu","_QMenuData_insertItem7","D:\AtelieProd\Equipexe\Exe\SAT.exe"
"SAT","menu","_QMenuData_insertSeparator","D:\AtelieProd\Equipexe\Exe\SAT.exe"
"SAT","menu","_QMenuData_removeItem","D:\AtelieProd\Equipexe\Exe\SAT.exe"
"SAT","menu","_QMenuData_setAccel","D:\AtelieProd\Equipexe\Exe\SAT.exe"
"SAT","menu","_QMenuData_setItemChecked","D:\AtelieProd\Equipexe\Exe\SAT.exe"
"SAT","menu","_QMenuData_setItemEnabled","D:\AtelieProd\Equipexe\Exe\SAT.exe"
"SAT","operacional","_QOpenScrollView_create","D:\AtelieProd\Equipexe\Exe\SAT.exe"
"SAT","operacional","_QOpenScrollView_setMargins","D:\AtelieProd\Equipexe\Exe\SAT.exe"
"SAT","menu","_QPopupMenu_create","D:\AtelieProd\Equipexe\Exe\SAT.exe"
"SAT","menu","_QPopupMenu_hook_create","D:\AtelieProd\Equipexe\Exe\SAT.exe"
"SAT","menu","_QPopupMenu_hook_hook_aboutToShow","D:\AtelieProd\Equipexe\Exe\SAT.exe"
"SAT","menu","_QPopupMenu_hook_hook_activated","D:\AtelieProd\Equipexe\Exe\SAT.exe"
"SAT","menu","_QPopupMenu_hook_hook_highlighted","D:\AtelieProd\Equipexe\Exe\SAT.exe"
"SAT","menu","_QPopupMenu_popup","D:\AtelieProd\Equipexe\Exe\SAT.exe"
"SAT","menu","_QPopupMenu_to_QMenuData","D:\AtelieProd\Equipexe\Exe\SAT.exe"
"SAT","operacional","_QScrollBar_hook_create","D:\AtelieProd\Equipexe\Exe\SAT.exe"
"SAT","operacional","_QScrollBar_hook_destroy","D:\AtelieProd\Equipexe\Exe\SAT.exe"
"SAT","operacional","_QScrollBar_setLineStep","D:\AtelieProd\Equipexe\Exe\SAT.exe"
"SAT","operacional","_QScrollBar_setTracking","D:\AtelieProd\Equipexe\Exe\SAT.exe"
"SAT","operacional","_QScrollBar_setValue","D:\AtelieProd\Equipexe\Exe\SAT.exe"
"SAT","operacional","_QScrollView_addChild","D:\AtelieProd\Equipexe\Exe\SAT.exe"
"SAT","operacional","_QScrollView_contentsToViewport2","D:\AtelieProd\Equipexe\Exe\SAT.exe"
"SAT","operacional","_QScrollView_hook_create","D:\AtelieProd\Equipexe\Exe\SAT.exe"
"SAT","operacional","_QScrollView_hook_hook_contentsMoving","D:\AtelieProd\Equipexe\Exe\SAT.exe"
"SAT","operacional","_QScrollView_horizontalScrollBar","D:\AtelieProd\Equipexe\Exe\SAT.exe"
"SAT","operacional","_QScrollView_removeChild","D:\AtelieProd\Equipexe\Exe\SAT.exe"
"SAT","operacional","_QScrollView_resizeContents","D:\AtelieProd\Equipexe\Exe\SAT.exe"
"SAT","operacional","_QScrollView_setCornerWidget","D:\AtelieProd\Equipexe\Exe\SAT.exe"
"SAT","operacional","_QScrollView_setHScrollBarMode","D:\AtelieProd\Equipexe\Exe\SAT.exe"
"SAT","operacional","_QScrollView_setResizePolicy","D:\AtelieProd\Equipexe\Exe\SAT.exe"
"SAT","operacional","_QScrollView_setVScrollBarMode","D:\AtelieProd\Equipexe\Exe\SAT.exe"
"SAT","operacional","_QScrollView_verticalScrollBar","D:\AtelieProd\Equipexe\Exe\SAT.exe"
"SAT","operacional","_QScrollView_viewport","D:\AtelieProd\Equipexe\Exe\SAT.exe"
"SAT","operacional","_QWidget_scroll","D:\AtelieProd\Equipexe\Exe\SAT.exe"
"SAT","cadastro","-Cadastro: ","D:\AtelieProd\Equipexe\Exe\SAT.exe"
"SAT","outro","-Cancelados ","D:\AtelieProd\Equipexe\Exe\SAT.exe"
"SAT","cadastro","-Cliente: ","D:\AtelieProd\Equipexe\Exe\SAT.exe"
"SAT","cadastro","-Cliente.: ","D:\AtelieProd\Equipexe\Exe\SAT.exe"
"SAT","cadastro","-Clientes: ","D:\AtelieProd\Equipexe\Exe\SAT.exe"
"SAT","autenticacao/permissao","-Grupo Usuarios: ","D:\AtelieProd\Equipexe\Exe\SAT.exe"
"SAT","outro","-Sit.: Cancelado","D:\AtelieProd\Equipexe\Exe\SAT.exe"
"SAT","autenticacao/permissao","-Usuario: ","D:\AtelieProd\Equipexe\Exe\SAT.exe"
"SAT","outro","-Vendedor: ","D:\AtelieProd\Equipexe\Exe\SAT.exe"
"SAT","cadastro",",ClientesFilPad_F","D:\AtelieProd\Equipexe\Exe\SAT.exe"
"SAT","autenticacao/permissao",",SeqOcor,SitOcor,CodUsuario,Obs,DatLan,HorLan,DatPrevSol, ","D:\AtelieProd\Equipexe\Exe\SAT.exe"
"SAT","fiscal",",SeqSat","D:\AtelieProd\Equipexe\Exe\SAT.exe"
"SAT","operacional",": [Rollback retaining (Soft rollback)]","D:\AtelieProd\Equipexe\Exe\SAT.exe"
"SAT","operacional",": [Rollback]","D:\AtelieProd\Equipexe\Exe\SAT.exe"
"SAT","fiscal",":\EquipExe\EquSat","D:\AtelieProd\Equipexe\Exe\SAT.exe"
"SAT","fiscal",":\EquipExe\EquSat.Ini","D:\AtelieProd\Equipexe\Exe\SAT.exe"
"SAT","autenticacao/permissao",":\EquipExe\Exe\Senhas.Exe","D:\AtelieProd\Equipexe\Exe\SAT.exe"
"SAT","relatorio/impressao",":\EquipExe\Figuras\Relatorio.rav","D:\AtelieProd\Equipexe\Exe\SAT.exe"
"SAT","fiscal",":Anotacoes"" A ","D:\AtelieProd\Equipexe\Exe\SAT.exe"
"SAT","fiscal",":CadSatTip"" C ","D:\AtelieProd\Equipexe\Exe\SAT.exe"
"SAT","cadastro",":Clientes""      C  ","D:\AtelieProd\Equipexe\Exe\SAT.exe"
"SAT","cadastro",":Clientes""  C ","D:\AtelieProd\Equipexe\Exe\SAT.exe"
"SAT","cadastro",":Clientes"" C","D:\AtelieProd\Equipexe\Exe\SAT.exe"
"SAT","cadastro",":Clientes"" I","D:\AtelieProd\Equipexe\Exe\SAT.exe"
"SAT","cadastro",":Clientes"" I ","D:\AtelieProd\Equipexe\Exe\SAT.exe"
"SAT","cadastro",":Clientes"" Y","D:\AtelieProd\Equipexe\Exe\SAT.exe"
"SAT","operacional",":MovControle"" S ","D:\AtelieProd\Equipexe\Exe\SAT.exe"
"SAT","operacional",":MovControle"" Z","D:\AtelieProd\Equipexe\Exe\SAT.exe"
"SAT","fiscal",":MovSat","D:\AtelieProd\Equipexe\Exe\SAT.exe"
"SAT","fiscal",":MovSatAle""  M ","D:\AtelieProd\Equipexe\Exe\SAT.exe"
"SAT","fiscal",":MovSatAle"" A ","D:\AtelieProd\Equipexe\Exe\SAT.exe"
"SAT","fiscal",":MovSatCli"" ","D:\AtelieProd\Equipexe\Exe\SAT.exe"
"SAT","fiscal",":MovSatCli""  M,","D:\AtelieProd\Equipexe\Exe\SAT.exe"
"SAT","fiscal",":MovSatCli"" M","D:\AtelieProd\Equipexe\Exe\SAT.exe"
"SAT","fiscal",":MovSatFor""  M,","D:\AtelieProd\Equipexe\Exe\SAT.exe"
"SAT","fiscal",":MovSatInt""  M","D:\AtelieProd\Equipexe\Exe\SAT.exe"
"SAT","fiscal",":MovSatInt""  M,","D:\AtelieProd\Equipexe\Exe\SAT.exe"
"SAT","fiscal",":SolAltSist"" where CodProSat = ","D:\AtelieProd\Equipexe\Exe\SAT.exe"
"SAT","autenticacao/permissao",":Usuarios"" U ","D:\AtelieProd\Equipexe\Exe\SAT.exe"
"SAT","cadastro","!CadastrodeAjustesAutomticos1Click","D:\AtelieProd\Equipexe\Exe\SAT.exe"
"SAT","cadastro","!CadastrodeAjustesAutomticos1Click'","D:\AtelieProd\Equipexe\Exe\SAT.exe"
"SAT","cadastro","!ClientesporSubClassificacao1Click","D:\AtelieProd\Equipexe\Exe\SAT.exe"
"SAT","cadastro","!ClientesporSubClassificacao1Click'","D:\AtelieProd\Equipexe\Exe\SAT.exe"
"SAT","cadastro","!Importar Dados Cliente Fidelidade","D:\AtelieProd\Equipexe\Exe\SAT.exe"
"SAT","autenticacao/permissao","!Qry_AlertaCodUsuario.DisplayWidth","D:\AtelieProd\Equipexe\Exe\SAT.exe"
"SAT","fiscal","!Qry_AlertaExportaSAT.DisplayLabel","D:\AtelieProd\Equipexe\Exe\SAT.exe"
"SAT","autenticacao/permissao","!Qry_AlertaUsuarioReu.DisplayWidth","D:\AtelieProd\Equipexe\Exe\SAT.exe"
"SAT","relatorio/impressao","!S:\EquipExe\Figuras\relatorio.rav","D:\AtelieProd\Equipexe\Exe\SAT.exe"
"SAT","fiscal",".select * from ':ParadoxXInterbase:MovSatCli' M","D:\AtelieProd\Equipexe\Exe\SAT.exe"
"SAT","fiscal",".Select * From "":ParadoxXInterbase:MovSatAle"" A","D:\AtelieProd\Equipexe\Exe\SAT.exe"
"SAT","cadastro",".Select * From ""C:\Equipexe\Ger\Dados\Clientes""","D:\AtelieProd\Equipexe\Exe\SAT.exe"
"SAT","fiscal","'AJUSTES EQUIPE.""MovSatAle.DB"".CodSatTip","D:\AtelieProd\Equipexe\Exe\SAT.exe"
"SAT","fiscal","'AJUSTES EQUIPE.""MovSatAle.DB"".DatAlerta","D:\AtelieProd\Equipexe\Exe\SAT.exe"
"SAT","fiscal","'AJUSTES EQUIPE.""MovSatAle.DB"".HorAlerta","D:\AtelieProd\Equipexe\Exe\SAT.exe"
"SAT","fiscal","'AJUSTES EQUIPE.""MovSatAle.DB"".SeqAlerta","D:\AtelieProd\Equipexe\Exe\SAT.exe"
"SAT","fiscal","'AJUSTES EQUIPE.""MovSatAle.DB"".SitAlerta","D:\AtelieProd\Equipexe\Exe\SAT.exe"
"SAT","cadastro","'Base de Dados Salva na Pasta do Cliente","D:\AtelieProd\Equipexe\Exe\SAT.exe"
"SAT","cadastro","""'z:\EquipExe\Ger\Dados\Clientes' C","D:\AtelieProd\Equipexe\Exe\SAT.exe"
"SAT","fiscal",""") And (M.CodSat=""","D:\AtelieProd\Equipexe\Exe\SAT.exe"
"SAT","fiscal",""") And (M.CodSat=S.Cod","D:\AtelieProd\Equipexe\Exe\SAT.exe"
"SAT","fiscal",""")) or (M.CodSatTip is Null))","D:\AtelieProd\Equipexe\Exe\SAT.exe"
"SAT","operacional","(|Digito de controle do CGC do fornecedor","D:\AtelieProd\Equipexe\Exe\SAT.exe"
"SAT","fiscal","(A.CodSat=C.CodCli)","D:\AtelieProd\Equipexe\Exe\SAT.exe"
"SAT","autenticacao/permissao","(AJUSTES EQUIPE.""Anotacoes.DB"".CodUsuario","D:\AtelieProd\Equipexe\Exe\SAT.exe"
"SAT","autenticacao/permissao","(AJUSTES EQUIPE.""Anotacoes.DB"".ParUsuario","D:\AtelieProd\Equipexe\Exe\SAT.exe"
"SAT","autenticacao/permissao","(AJUSTES EQUIPE.""MovSatAle.DB"".CodUsuario","D:\AtelieProd\Equipexe\Exe\SAT.exe"
"SAT","fiscal","(AJUSTES EQUIPE.""MovSatAle.DB"".ExportaSAT","D:\AtelieProd\Equipexe\Exe\SAT.exe"
"SAT","outro","(Cancelado is null) Or (Not(Cancelado='S'))","D:\AtelieProd\Equipexe\Exe\SAT.exe"
"SAT","autenticacao/permissao","(CodUsuario='","D:\AtelieProd\Equipexe\Exe\SAT.exe"
"SAT","autenticacao/permissao","(CodUsuarioResp = '') ","D:\AtelieProd\Equipexe\Exe\SAT.exe"
"SAT","cadastro","(not( (C.CodCli=G.Chave1) And (G.Arquivo=""CLIENTES"") And (Not G.Campo is null) ))","D:\AtelieProd\Equipexe\Exe\SAT.exe"
"SAT","outro","(Not(Cancelado='S'))","D:\AtelieProd\Equipexe\Exe\SAT.exe"
"SAT","fiscal","(Not(Cancelado='S')) And (ObsSatSubC = '","D:\AtelieProd\Equipexe\Exe\SAT.exe"
"SAT","outro","(Not(Cancelado='S')) or (Cancelado is Null)","D:\AtelieProd\Equipexe\Exe\SAT.exe"
"SAT","relatorio/impressao","(RCDRelatrioControleDesenvolvimento1Click","D:\AtelieProd\Equipexe\Exe\SAT.exe"
"SAT","fiscal",") And (A.CodSat=C.CodCli)","D:\AtelieProd\Equipexe\Exe\SAT.exe"
"SAT","fiscal",") And (M.SeqSat=S.SeqSat","D:\AtelieProd\Equipexe\Exe\SAT.exe"
"SAT","operacional",")|Digito de controle do CGC do Interessado","D:\AtelieProd\Equipexe\Exe\SAT.exe"
"SAT","cadastro","[ Cadastros ]","D:\AtelieProd\Equipexe\Exe\SAT.exe"
"SAT","financeiro","[ Financeiro ]","D:\AtelieProd\Equipexe\Exe\SAT.exe"
"SAT","autenticacao/permissao","[UsuarioEquipe]","D:\AtelieProd\Equipexe\Exe\SAT.exe"
"SAT","cadastro","*'z:\EquipExe\Ger\Dados\Clientes'  C  Where","D:\AtelieProd\Equipexe\Exe\SAT.exe"
"SAT","cadastro","*Cliente","D:\AtelieProd\Equipexe\Exe\SAT.exe"
"SAT","menu","/HideMenubar true","D:\AtelieProd\Equipexe\Exe\SAT.exe"
"SAT","fiscal","\Anotacoes"" A ","D:\AtelieProd\Equipexe\Exe\SAT.exe"
"SAT","fiscal","\CadSatTip"" C ","D:\AtelieProd\Equipexe\Exe\SAT.exe"
"SAT","cadastro","\Clientes""      C  ","D:\AtelieProd\Equipexe\Exe\SAT.exe"
"SAT","cadastro","\Clientes""  C ","D:\AtelieProd\Equipexe\Exe\SAT.exe"
"SAT","cadastro","\Clientes"" C","D:\AtelieProd\Equipexe\Exe\SAT.exe"
"SAT","cadastro","\Clientes"" I","D:\AtelieProd\Equipexe\Exe\SAT.exe"
"SAT","cadastro","\Clientes"" I ","D:\AtelieProd\Equipexe\Exe\SAT.exe"
"SAT","cadastro","\Clientes"" Y","D:\AtelieProd\Equipexe\Exe\SAT.exe"
"SAT","operacional","\MovControle"" S ","D:\AtelieProd\Equipexe\Exe\SAT.exe"
"SAT","operacional","\MovControle"" Z","D:\AtelieProd\Equipexe\Exe\SAT.exe"
"SAT","fiscal","\MovSat","D:\AtelieProd\Equipexe\Exe\SAT.exe"
"SAT","fiscal","\MovSatAle""  M ","D:\AtelieProd\Equipexe\Exe\SAT.exe"
"SAT","fiscal","\MovSatAle"" A ","D:\AtelieProd\Equipexe\Exe\SAT.exe"
"SAT","fiscal","\MovSatCli""  ","D:\AtelieProd\Equipexe\Exe\SAT.exe"
"SAT","fiscal","\MovSatCli""  M,","D:\AtelieProd\Equipexe\Exe\SAT.exe"
"SAT","fiscal","\MovSatCli"" M","D:\AtelieProd\Equipexe\Exe\SAT.exe"
"SAT","fiscal","\MovSatFor""  M,","D:\AtelieProd\Equipexe\Exe\SAT.exe"
"SAT","fiscal","\MovSatInt""  M","D:\AtelieProd\Equipexe\Exe\SAT.exe"
"SAT","fiscal","\MovSatInt""  M,","D:\AtelieProd\Equipexe\Exe\SAT.exe"
"SAT","cadastro","\rcliente.txt","D:\AtelieProd\Equipexe\Exe\SAT.exe"
"SAT","autenticacao/permissao","\Usuarios"" U ","D:\AtelieProd\Equipexe\Exe\SAT.exe"
"SAT","fiscal","&'z:\Equipexe\Sat\Filial\SolAltSist' S,","D:\AtelieProd\Equipexe\Exe\SAT.exe"
"SAT","fiscal","&AJUSTES EQUIPE.""Anotacoes.DB"".DesAnota","D:\AtelieProd\Equipexe\Exe\SAT.exe"
"SAT","fiscal","&AJUSTES EQUIPE.""Anotacoes.DB"".SeqAnota","D:\AtelieProd\Equipexe\Exe\SAT.exe"
"SAT","fiscal","&AJUSTES EQUIPE.""Anotacoes.DB"".SitAnota","D:\AtelieProd\Equipexe\Exe\SAT.exe"
"SAT","cadastro","&Altera Cadastro","D:\AtelieProd\Equipexe\Exe\SAT.exe"
"SAT","cadastro","&Altera Clientes","D:\AtelieProd\Equipexe\Exe\SAT.exe"
"SAT","fiscal","&Anota","D:\AtelieProd\Equipexe\Exe\SAT.exe"
"SAT","cadastro","&Cadastro de Ajustes Autom","D:\AtelieProd\Equipexe\Exe\SAT.exe"
"SAT","cadastro","&Cadastros","D:\AtelieProd\Equipexe\Exe\SAT.exe"
"SAT","cadastro","&Cadastros      ","D:\AtelieProd\Equipexe\Exe\SAT.exe"
"SAT","cadastro","&Cadastros       ","D:\AtelieProd\Equipexe\Exe\SAT.exe"
"SAT","outro","&Cancel","D:\AtelieProd\Equipexe\Exe\SAT.exe"
"SAT","outro","&Cancela","D:\AtelieProd\Equipexe\Exe\SAT.exe"
"SAT","outro","&Cancelamento","D:\AtelieProd\Equipexe\Exe\SAT.exe"
"SAT","outro","&Cancelar","D:\AtelieProd\Equipexe\Exe\SAT.exe"
"SAT","cadastro","&Cliente","D:\AtelieProd\Equipexe\Exe\SAT.exe"
"SAT","cadastro","&Clientes","D:\AtelieProd\Equipexe\Exe\SAT.exe"
"SAT","outro","&Consulta","D:\AtelieProd\Equipexe\Exe\SAT.exe"
"SAT","cadastro","&Consulta Cadastro","D:\AtelieProd\Equipexe\Exe\SAT.exe"
"SAT","cadastro","&Consulta Clientes","D:\AtelieProd\Equipexe\Exe\SAT.exe"
"SAT","outro","&Consulta Fornecedor","D:\AtelieProd\Equipexe\Exe\SAT.exe"
"SAT","outro","&Consulta Interessado","D:\AtelieProd\Equipexe\Exe\SAT.exe"
"SAT","outro","&Consulta Ocorr","D:\AtelieProd\Equipexe\Exe\SAT.exe"
"SAT","outro","&Consulta R","D:\AtelieProd\Equipexe\Exe\SAT.exe"
"SAT","outro","&Consultas R","D:\AtelieProd\Equipexe\Exe\SAT.exe"
"SAT","outro","&Consultas Rapidas","D:\AtelieProd\Equipexe\Exe\SAT.exe"
"SAT","operacional","&Controle de Ponto","D:\AtelieProd\Equipexe\Exe\SAT.exe"
"SAT","operacional","&Controls","D:\AtelieProd\Equipexe\Exe\SAT.exe"
"SAT","outro","&Entrega","D:\AtelieProd\Equipexe\Exe\SAT.exe"
"SAT","financeiro","&Financeiro","D:\AtelieProd\Equipexe\Exe\SAT.exe"
"SAT","cadastro","&Geral Ajuste de Cadastro","D:\AtelieProd\Equipexe\Exe\SAT.exe"
"SAT","cadastro","&Inclui Clientes","D:\AtelieProd\Equipexe\Exe\SAT.exe"
"SAT","cadastro","&Individual Ajuste de Cadastro","D:\AtelieProd\Equipexe\Exe\SAT.exe"
"SAT","relatorio/impressao","&Marca o Cadastro Impresso","D:\AtelieProd\Equipexe\Exe\SAT.exe"
"SAT","menu","&Menu","D:\AtelieProd\Equipexe\Exe\SAT.exe"
"SAT","menu","&Menu de Clientes","D:\AtelieProd\Equipexe\Exe\SAT.exe"
"SAT","outro","&Parametros","D:\AtelieProd\Equipexe\Exe\SAT.exe"
"SAT","fiscal","&pk_gera_SeqSat=","D:\AtelieProd\Equipexe\Exe\SAT.exe"
"SAT","cadastro","&Procura Cadastro","D:\AtelieProd\Equipexe\Exe\SAT.exe"
"SAT","relatorio/impressao","&Relat","D:\AtelieProd\Equipexe\Exe\SAT.exe"
"SAT","autenticacao/permissao","&Senhas","D:\AtelieProd\Equipexe\Exe\SAT.exe"
"SAT","outro","#CancelamentodeCartoFidelidade1Click","D:\AtelieProd\Equipexe\Exe\SAT.exe"
"SAT","relatorio/impressao","#RCDRelatrioControleDesenvolvimento1","D:\AtelieProd\Equipexe\Exe\SAT.exe"
"SAT","fiscal","%'z:\EquipExe\Sat\Filial\MovSatCli' M,","D:\AtelieProd\Equipexe\Exe\SAT.exe"
"SAT","cadastro","<Cadastro n","D:\AtelieProd\Equipexe\Exe\SAT.exe"
"SAT","operacional","<Controle>","D:\AtelieProd\Equipexe\Exe\SAT.exe"
"SAT","cadastro","<Nome do Cliente>","D:\AtelieProd\Equipexe\Exe\SAT.exe"
"SAT","cadastro","<Produto n","D:\AtelieProd\Equipexe\Exe\SAT.exe"
"SAT","cadastro","=> Data do Cadastro","D:\AtelieProd\Equipexe\Exe\SAT.exe"
"SAT","cadastro","=> Grupo de Clientes 2","D:\AtelieProd\Equipexe\Exe\SAT.exe"
"SAT","cadastro","|LogoMarca do cliente","D:\AtelieProd\Equipexe\Exe\SAT.exe"
"SAT","cadastro","|Nome do Cliente","D:\AtelieProd\Equipexe\Exe\SAT.exe"
"SAT","fiscal","|Qualquer Filial|?????MovSat","D:\AtelieProd\Equipexe\Exe\SAT.exe"
"SAT","autenticacao/permissao","|Senha do usu","D:\AtelieProd\Equipexe\Exe\SAT.exe"
"SAT","fiscal","$AJUSTES EQUIPE.""Anotacoes.DB"".Titulo","D:\AtelieProd\Equipexe\Exe\SAT.exe"
"SAT","fiscal","$AJUSTES EQUIPE.""MovSatAle.DB"".CodSat","D:\AtelieProd\Equipexe\Exe\SAT.exe"
"SAT","fiscal","$AJUSTES EQUIPE.""MovSatAle.DB"".DatLan","D:\AtelieProd\Equipexe\Exe\SAT.exe"
"SAT","fiscal","$AJUSTES EQUIPE.""MovSatAle.DB"".HorLan","D:\AtelieProd\Equipexe\Exe\SAT.exe"
"SAT","fiscal","$AJUSTES EQUIPE.""MovSatAle.DB"".SeqSat","D:\AtelieProd\Equipexe\Exe\SAT.exe"
"SAT","fiscal","$AJUSTES EQUIPE.""MovSatAle.DB"".TipSat","D:\AtelieProd\Equipexe\Exe\SAT.exe"
"SAT","cadastro","$ImportarDadosClienteFidelidade1Click","D:\AtelieProd\Equipexe\Exe\SAT.exe"
"SAT","operacional","0-Sem Controle","D:\AtelieProd\Equipexe\Exe\SAT.exe"
"SAT","cadastro","0Select * From ""C:\Equipexe\Ger\Dados\Clientes"" C","D:\AtelieProd\Equipexe\Exe\SAT.exe"
"SAT","fiscal","0Select * From ""Z:\Equipexe\Sat\Filial\MovSatInt""","D:\AtelieProd\Equipexe\Exe\SAT.exe"
"SAT","fiscal","2Select * From ""C:\Equipexe\Sat\Filial\Anotacoes"" A","D:\AtelieProd\Equipexe\Exe\SAT.exe"
"SAT","fiscal","2Select * From ""C:\Equipexe\Sat\Filial\MovSatAle"" A","D:\AtelieProd\Equipexe\Exe\SAT.exe"
"SAT","fiscal","3Select * From 'S:\EquipExe\Sat\Filial\MovSatCli'  M","D:\AtelieProd\Equipexe\Exe\SAT.exe"
"SAT","fiscal","3Select * From 'z:\EquipExe\Sat\Filial\SolAltCli' A,","D:\AtelieProd\Equipexe\Exe\SAT.exe"
"SAT","fiscal","3Select * From "":ParadoxXInterbase:MovSatCliOcor"" M,","D:\AtelieProd\Equipexe\Exe\SAT.exe"
"SAT","fiscal","5ExportaSat_u","D:\AtelieProd\Equipexe\Exe\SAT.exe"
"SAT","cadastro","8                      ""S:\Equipexe\Ger\Dados\Clientes"" C","D:\AtelieProd\Equipexe\Exe\SAT.exe"
"SAT","autenticacao/permissao","A SENHA GERADA PARA O CLIENTE ","D:\AtelieProd\Equipexe\Exe\SAT.exe"
"SAT","outro","AbreCepFacil","D:\AtelieProd\Equipexe\Exe\SAT.exe"
"SAT","fiscal","AbreVariosSat","D:\AtelieProd\Equipexe\Exe\SAT.exe"
"SAT","relatorio/impressao","Abrir relat","D:\AtelieProd\Equipexe\Exe\SAT.exe"
"SAT","relatorio/impressao","Abrir...|Abre um relat","D:\AtelieProd\Equipexe\Exe\SAT.exe"
"SAT","fiscal","Acesse o SAT e Baixe o Atendimento para Finalizar o Alerta","D:\AtelieProd\Equipexe\Exe\SAT.exe"
"SAT","operacional","AcionaControl_P","D:\AtelieProd\Equipexe\Exe\SAT.exe"
"SAT","operacional","ActiveControl","D:\AtelieProd\Equipexe\Exe\SAT.exe"
"SAT","operacional","ActiveControl85G","D:\AtelieProd\Equipexe\Exe\SAT.exe"
"SAT","outro","AfterCancel@:K","D:\AtelieProd\Equipexe\Exe\SAT.exe"
"SAT","outro","AfterGetParams","D:\AtelieProd\Equipexe\Exe\SAT.exe"
"SAT","operacional","AfterScroll@:K","D:\AtelieProd\Equipexe\Exe\SAT.exe"
"SAT","cadastro","Ajusta Cadastro Automaticamente","D:\AtelieProd\Equipexe\Exe\SAT.exe"
"SAT","cadastro","AjustaCadastroAutomaticamente1","D:\AtelieProd\Equipexe\Exe\SAT.exe"
"SAT","cadastro","AjustaCadastroAutomaticamente1L","D:\AtelieProd\Equipexe\Exe\SAT.exe"
"SAT","cadastro","Ajustando variaveis e Abrindo cadastros padr","D:\AtelieProd\Equipexe\Exe\SAT.exe"
"SAT","autenticacao/permissao","AjustaUsuariosLista","D:\AtelieProd\Equipexe\Exe\SAT.exe"
"SAT","outro","Ajuste os parametros e volta a tentar novamente","D:\AtelieProd\Equipexe\Exe\SAT.exe"
"SAT","operacional","AllowScroll","D:\AtelieProd\Equipexe\Exe\SAT.exe"
"SAT","cadastro","AlteraCadastro1","D:\AtelieProd\Equipexe\Exe\SAT.exe"
"SAT","cadastro","AlteraCadastro1,","D:\AtelieProd\Equipexe\Exe\SAT.exe"
"SAT","cadastro","AlteraCadastro1\","D:\AtelieProd\Equipexe\Exe\SAT.exe"
"SAT","cadastro","AlteraCadastro1Click","D:\AtelieProd\Equipexe\Exe\SAT.exe"
"SAT","cadastro","AlteraClientes1","D:\AtelieProd\Equipexe\Exe\SAT.exe"
"SAT","operacional","amento de Controles","D:\AtelieProd\Equipexe\Exe\SAT.exe"
"SAT","fiscal","amento do SAT","D:\AtelieProd\Equipexe\Exe\SAT.exe"
"SAT","fiscal","amento do SAT - ","D:\AtelieProd\Equipexe\Exe\SAT.exe"
"SAT","fiscal","amento no SAT - ","D:\AtelieProd\Equipexe\Exe\SAT.exe"
"SAT","fiscal","amento no SAT (&Alerta)","D:\AtelieProd\Equipexe\Exe\SAT.exe"
"SAT","fiscal","amentos no SAT","D:\AtelieProd\Equipexe\Exe\SAT.exe"
"SAT","autenticacao/permissao","and   (M.CodUsuario=""","D:\AtelieProd\Equipexe\Exe\SAT.exe"
"SAT","autenticacao/permissao","And  (M.CodUsuario=""","D:\AtelieProd\Equipexe\Exe\SAT.exe"
"SAT","fiscal","And  (M.TipSat=""","D:\AtelieProd\Equipexe\Exe\SAT.exe"
"SAT","fiscal","And ( (TipSat=""","D:\AtelieProd\Equipexe\Exe\SAT.exe"
"SAT","autenticacao/permissao","And (A.CodUsuario=""","D:\AtelieProd\Equipexe\Exe\SAT.exe"
"SAT","fiscal","And (A.DesAnota LIKE""%","D:\AtelieProd\Equipexe\Exe\SAT.exe"
"SAT","autenticacao/permissao","And (A.ParUsuario=""","D:\AtelieProd\Equipexe\Exe\SAT.exe"
"SAT","fiscal","And (A.TipSat=""C"") ","D:\AtelieProd\Equipexe\Exe\SAT.exe"
"SAT","fiscal","And (A.TipSat=""F"") ","D:\AtelieProd\Equipexe\Exe\SAT.exe"
"SAT","fiscal","And (A.TipSat=""I"") ","D:\AtelieProd\Equipexe\Exe\SAT.exe"
"SAT","autenticacao/permissao","And (A.UsuarioReu=""","D:\AtelieProd\Equipexe\Exe\SAT.exe"
"SAT","autenticacao/permissao","And (CodUsuario ","D:\AtelieProd\Equipexe\Exe\SAT.exe"
"SAT","fiscal","And (M.CodSatTip=""V"") ","D:\AtelieProd\Equipexe\Exe\SAT.exe"
"SAT","fiscal","And (M.ExportaSat=","D:\AtelieProd\Equipexe\Exe\SAT.exe"
"SAT","fiscal","And (M.SatPara=""","D:\AtelieProd\Equipexe\Exe\SAT.exe"
"SAT","outro","And (not(C.Cancelado=""S"")) And ((S.SitAlteracao is Null) or (S.SitAlteracao=""A"")) ","D:\AtelieProd\Equipexe\Exe\SAT.exe"
"SAT","outro","And (not(C.Cancelado=""S"")) And (S.SitAlteracao=""R"") ","D:\AtelieProd\Equipexe\Exe\SAT.exe"
"SAT","outro","And (not(D.Cancelado=""S"")) ","D:\AtelieProd\Equipexe\Exe\SAT.exe"
"SAT","fiscal","And (not(M.CodSatTip=""X"")) ","D:\AtelieProd\Equipexe\Exe\SAT.exe"
"SAT","autenticacao/permissao","And (S.ResUsuario=""","D:\AtelieProd\Equipexe\Exe\SAT.exe"
"SAT","fiscal","And (SatPara ","D:\AtelieProd\Equipexe\Exe\SAT.exe"
"SAT","fiscal","Anota","D:\AtelieProd\Equipexe\Exe\SAT.exe"
"SAT","fiscal","Anotacoes","D:\AtelieProd\Equipexe\Exe\SAT.exe"
"SAT","fiscal","Anotacoes_c","D:\AtelieProd\Equipexe\Exe\SAT.exe"
"SAT","fiscal","Anotacoes_FC","D:\AtelieProd\Equipexe\Exe\SAT.exe"
"SAT","fiscal","Anotacoes1","D:\AtelieProd\Equipexe\Exe\SAT.exe"
"SAT","fiscal","Anotacoes1Click","D:\AtelieProd\Equipexe\Exe\SAT.exe"
"SAT","fiscal","Anotacoes1Click ","D:\AtelieProd\Equipexe\Exe\SAT.exe"
"SAT","fiscal","Anotacoes1p","D:\AtelieProd\Equipexe\Exe\SAT.exe"
"SAT","fiscal","Anotaes1","D:\AtelieProd\Equipexe\Exe\SAT.exe"
"SAT","fiscal","Anotaes10","D:\AtelieProd\Equipexe\Exe\SAT.exe"
"SAT","fiscal","Anotaes1Click","D:\AtelieProd\Equipexe\Exe\SAT.exe"
"SAT","relatorio/impressao","Arquivo de Relat","D:\AtelieProd\Equipexe\Exe\SAT.exe"
"SAT","outro","AS_GetParams","D:\AtelieProd\Equipexe\Exe\SAT.exe"
"SAT","cadastro","Atendimento a Clientes","D:\AtelieProd\Equipexe\Exe\SAT.exe"
"SAT","operacional","Ativar Controle Cep - Via Banco","D:\AtelieProd\Equipexe\Exe\SAT.exe"
"SAT","fiscal","AtualClasAte","D:\AtelieProd\Equipexe\Exe\SAT.exe"
"SAT","fiscal","AtualSubClasAte","D:\AtelieProd\Equipexe\Exe\SAT.exe"
"SAT","fiscal","AtualTiposAtend","D:\AtelieProd\Equipexe\Exe\SAT.exe"
"SAT","operacional","AutoScroll","D:\AtelieProd\Equipexe\Exe\SAT.exe"
"SAT","fiscal","B Where (A.SeqSolAltSist=S.SeqSolAltSist And A.CodSat=S.CodSat) And","D:\AtelieProd\Equipexe\Exe\SAT.exe"
"SAT","fiscal","BaixarSAT","D:\AtelieProd\Equipexe\Exe\SAT.exe"
"SAT","cadastro","Base de Dados do Cliente ","D:\AtelieProd\Equipexe\Exe\SAT.exe"
"SAT","cadastro","Base de Dados do Cliente.","D:\AtelieProd\Equipexe\Exe\SAT.exe"
"SAT","cadastro","Base de Dados Salva na pasta do Cliente","D:\AtelieProd\Equipexe\Exe\SAT.exe"
"SAT","outro","BBCANCEL","D:\AtelieProd\Equipexe\Exe\SAT.exe"
"SAT","outro","BeforeCancel@:K","D:\AtelieProd\Equipexe\Exe\SAT.exe"
"SAT","outro","BeforeGetParamsL\Q","D:\AtelieProd\Equipexe\Exe\SAT.exe"
"SAT","operacional","BeforeScroll@:K","D:\AtelieProd\Equipexe\Exe\SAT.exe"
"SAT","menu","biSystemMenu","D:\AtelieProd\Equipexe\Exe\SAT.exe"
"SAT","outro","bkCancel","D:\AtelieProd\Equipexe\Exe\SAT.exe"
"SAT","fiscal","BM_Sat","D:\AtelieProd\Equipexe\Exe\SAT.exe"
"SAT","outro","Bt_Cancela","D:\AtelieProd\Equipexe\Exe\SAT.exe"
"SAT","outro","Bt_Cancela ","D:\AtelieProd\Equipexe\Exe\SAT.exe"
"SAT","outro","Bt_Cancela@","D:\AtelieProd\Equipexe\Exe\SAT.exe"
"SAT","outro","Bt_Cancela\","D:\AtelieProd\Equipexe\Exe\SAT.exe"
"SAT","outro","Bt_Cancela<","D:\AtelieProd\Equipexe\Exe\SAT.exe"
"SAT","outro","Bt_Cancela$","D:\AtelieProd\Equipexe\Exe\SAT.exe"
"SAT","outro","Bt_Cancela4","D:\AtelieProd\Equipexe\Exe\SAT.exe"
"SAT","outro","Bt_Cancela8","D:\AtelieProd\Equipexe\Exe\SAT.exe"
"SAT","outro","Bt_CancelaAdito","D:\AtelieProd\Equipexe\Exe\SAT.exe"
"SAT","outro","Bt_CancelaAdito4","D:\AtelieProd\Equipexe\Exe\SAT.exe"
"SAT","outro","Bt_CancelaAditoClick","D:\AtelieProd\Equipexe\Exe\SAT.exe"
"SAT","outro","Bt_CancelaClick","D:\AtelieProd\Equipexe\Exe\SAT.exe"
"SAT","outro","Bt_CancelaClick ","D:\AtelieProd\Equipexe\Exe\SAT.exe"
"SAT","outro","Bt_CancelaH","D:\AtelieProd\Equipexe\Exe\SAT.exe"
"SAT","outro","Bt_CancelaL","D:\AtelieProd\Equipexe\Exe\SAT.exe"
"SAT","outro","Bt_CancelaP","D:\AtelieProd\Equipexe\Exe\SAT.exe"
"SAT","outro","Bt_Cancelar","D:\AtelieProd\Equipexe\Exe\SAT.exe"
"SAT","outro","Bt_CancelaT","D:\AtelieProd\Equipexe\Exe\SAT.exe"
"SAT","outro","Bt_Cancelax","D:\AtelieProd\Equipexe\Exe\SAT.exe"
"SAT","outro","Bt_Consulta","D:\AtelieProd\Equipexe\Exe\SAT.exe"
"SAT","outro","Bt_Consulta8","D:\AtelieProd\Equipexe\Exe\SAT.exe"
"SAT","outro","Bt_ConsultaCli","D:\AtelieProd\Equipexe\Exe\SAT.exe"
"SAT","outro","Bt_ConsultaClick","D:\AtelieProd\Equipexe\Exe\SAT.exe"
"SAT","outro","Bt_ConsultaCliClick","D:\AtelieProd\Equipexe\Exe\SAT.exe"
"SAT","outro","Bt_ConsultaClid","D:\AtelieProd\Equipexe\Exe\SAT.exe"
"SAT","outro","Bt_ConsultaClih","D:\AtelieProd\Equipexe\Exe\SAT.exe"
"SAT","outro","Bt_Consultax","D:\AtelieProd\Equipexe\Exe\SAT.exe"
"SAT","outro","btnCancel","D:\AtelieProd\Equipexe\Exe\SAT.exe"
"SAT","outro","BtnCancelClick","D:\AtelieProd\Equipexe\Exe\SAT.exe"
"SAT","operacional","Bv_ControlEnt","D:\AtelieProd\Equipexe\Exe\SAT.exe"
"SAT","operacional","Bv_ControlEnt|","D:\AtelieProd\Equipexe\Exe\SAT.exe"
"SAT","autenticacao/permissao","c_DigitaSenha","D:\AtelieProd\Equipexe\Exe\SAT.exe"
"SAT","cadastro","C:\Equipexe\Documentos\Clientes","D:\AtelieProd\Equipexe\Exe\SAT.exe"
"SAT","fiscal","C:\EquipExe\EquSat","D:\AtelieProd\Equipexe\Exe\SAT.exe"
"SAT","fiscal","C:\EquipExe\EquSat.Ini","D:\AtelieProd\Equipexe\Exe\SAT.exe"
"SAT","fiscal","C:\EquipExe\IntegraSat.Ini","D:\AtelieProd\Equipexe\Exe\SAT.exe"
"SAT","fiscal","c:\EquipExe\Sat\Dados","D:\AtelieProd\Equipexe\Exe\SAT.exe"
"SAT","fiscal","C:\Equipexe\Sat\Filial","D:\AtelieProd\Equipexe\Exe\SAT.exe"
"SAT","outro","C:\Linker\Cancelar","D:\AtelieProd\Equipexe\Exe\SAT.exe"
"SAT","cadastro","C:\Linker\rcliente.txt","D:\AtelieProd\Equipexe\Exe\SAT.exe"
"SAT","cadastro","Cadastro","D:\AtelieProd\Equipexe\Exe\SAT.exe"
"SAT","cadastro","Cadastro 1","D:\AtelieProd\Equipexe\Exe\SAT.exe"
"SAT","cadastro","Cadastro 2","D:\AtelieProd\Equipexe\Exe\SAT.exe"
"SAT","cadastro","Cadastro 3","D:\AtelieProd\Equipexe\Exe\SAT.exe"
"SAT","cadastro","Cadastro 4","D:\AtelieProd\Equipexe\Exe\SAT.exe"
"SAT","cadastro","Cadastro Campo Flexivel","D:\AtelieProd\Equipexe\Exe\SAT.exe"
"SAT","cadastro","Cadastro Campos Flexiveis","D:\AtelieProd\Equipexe\Exe\SAT.exe"
"SAT","cadastro","Cadastro de","D:\AtelieProd\Equipexe\Exe\SAT.exe"
"SAT","cadastro","Cadastro de ","D:\AtelieProd\Equipexe\Exe\SAT.exe"
"SAT","cadastro","Cadastro de Ajuste Autom","D:\AtelieProd\Equipexe\Exe\SAT.exe"
"SAT","cadastro","Cadastro de Bolso","D:\AtelieProd\Equipexe\Exe\SAT.exe"
"SAT","cadastro","Cadastro de Clientes","D:\AtelieProd\Equipexe\Exe\SAT.exe"
"SAT","cadastro","Cadastro de Controles","D:\AtelieProd\Equipexe\Exe\SAT.exe"
"SAT","cadastro","Cadastro de Customiza","D:\AtelieProd\Equipexe\Exe\SAT.exe"
"SAT","cadastro","Cadastro de Digital","D:\AtelieProd\Equipexe\Exe\SAT.exe"
"SAT","cadastro","Cadastro de Filiais/Matriz","D:\AtelieProd\Equipexe\Exe\SAT.exe"
"SAT","cadastro","Cadastro de Fornecedores","D:\AtelieProd\Equipexe\Exe\SAT.exe"
"SAT","cadastro","Cadastro de Grupo (Campos Flexiveis)","D:\AtelieProd\Equipexe\Exe\SAT.exe"
"SAT","cadastro","Cadastro de Grupo 1 ","D:\AtelieProd\Equipexe\Exe\SAT.exe"
"SAT","cadastro","Cadastro de Grupo 2 ","D:\AtelieProd\Equipexe\Exe\SAT.exe"
"SAT","cadastro","Cadastro de Grupo 3","D:\AtelieProd\Equipexe\Exe\SAT.exe"
"SAT","cadastro","Cadastro de Grupo 4","D:\AtelieProd\Equipexe\Exe\SAT.exe"
"SAT","cadastro","Cadastro de Interessados","D:\AtelieProd\Equipexe\Exe\SAT.exe"
"SAT","cadastro","Cadastro de Melhorias","D:\AtelieProd\Equipexe\Exe\SAT.exe"
"SAT","cadastro","Cadastro de Situa","D:\AtelieProd\Equipexe\Exe\SAT.exe"
"SAT","cadastro","Cadastro de Tipo de Atendimento","D:\AtelieProd\Equipexe\Exe\SAT.exe"
"SAT","cadastro","Cadastro de Tipo de Controle","D:\AtelieProd\Equipexe\Exe\SAT.exe"
"SAT","cadastro","Cadastro de Tipos de Controle","D:\AtelieProd\Equipexe\Exe\SAT.exe"
"SAT","cadastro","Cadastro Mensagens","D:\AtelieProd\Equipexe\Exe\SAT.exe"
"SAT","cadastro","CadastroCampoFlexivel1","D:\AtelieProd\Equipexe\Exe\SAT.exe"
"SAT","cadastro","CadastroCampoFlexivel1Click","D:\AtelieProd\Equipexe\Exe\SAT.exe"
"SAT","cadastro","CadastrodeAjustesAutomticos1","D:\AtelieProd\Equipexe\Exe\SAT.exe"
"SAT","cadastro","CadastrodeAjustesAutomticos1P","D:\AtelieProd\Equipexe\Exe\SAT.exe"
"SAT","cadastro","CadastrodeBolso1","D:\AtelieProd\Equipexe\Exe\SAT.exe"
"SAT","cadastro","CadastrodeBolso1Click","D:\AtelieProd\Equipexe\Exe\SAT.exe"
"SAT","cadastro","CadastroGeral1","D:\AtelieProd\Equipexe\Exe\SAT.exe"
"SAT","cadastro","Cadastros","D:\AtelieProd\Equipexe\Exe\SAT.exe"
"SAT","cadastro","Cadastros1","D:\AtelieProd\Equipexe\Exe\SAT.exe"
"SAT","cadastro","Cadastros1D","D:\AtelieProd\Equipexe\Exe\SAT.exe"
"SAT","cadastro","Cadastros1t","D:\AtelieProd\Equipexe\Exe\SAT.exe"
"SAT","cadastro","Cadastros1X","D:\AtelieProd\Equipexe\Exe\SAT.exe"
"SAT","cadastro","CadastrosCli1","D:\AtelieProd\Equipexe\Exe\SAT.exe"
"SAT","cadastro","CadastrosCli1|","D:\AtelieProd\Equipexe\Exe\SAT.exe"
"SAT","cadastro","CadastrosFor1","D:\AtelieProd\Equipexe\Exe\SAT.exe"
"SAT","cadastro","CadastrosInt1","D:\AtelieProd\Equipexe\Exe\SAT.exe"
"SAT","cadastro","CadastrosInt1P","D:\AtelieProd\Equipexe\Exe\SAT.exe"
"SAT","fiscal","CadClasAtend1","D:\AtelieProd\Equipexe\Exe\SAT.exe"
"SAT","fiscal","CadClasAtendInt1Click","D:\AtelieProd\Equipexe\Exe\SAT.exe"
"SAT","cadastro","CadClientes","D:\AtelieProd\Equipexe\Exe\SAT.exe"
"SAT","cadastro","CadClientes1","D:\AtelieProd\Equipexe\Exe\SAT.exe"
"SAT","fiscal","CadClientesSAT","D:\AtelieProd\Equipexe\Exe\SAT.exe"
"SAT","cadastro","CadManClientes","D:\AtelieProd\Equipexe\Exe\SAT.exe"
"SAT","fiscal","CadProjSat","D:\AtelieProd\Equipexe\Exe\SAT.exe"
"SAT","fiscal","CadProjSat.DB","D:\AtelieProd\Equipexe\Exe\SAT.exe"
"SAT","fiscal","CadSatCla","D:\AtelieProd\Equipexe\Exe\SAT.exe"
"SAT","fiscal","CadSatCla.DB","D:\AtelieProd\Equipexe\Exe\SAT.exe"
"SAT","fiscal","CadSatSit","D:\AtelieProd\Equipexe\Exe\SAT.exe"
"SAT","fiscal","CadSatSit.DB","D:\AtelieProd\Equipexe\Exe\SAT.exe"
"SAT","fiscal","CadSatSubC","D:\AtelieProd\Equipexe\Exe\SAT.exe"
"SAT","fiscal","CadSatSubC.DB","D:\AtelieProd\Equipexe\Exe\SAT.exe"
"SAT","fiscal","CadSatTip","D:\AtelieProd\Equipexe\Exe\SAT.exe"
"SAT","fiscal","CadSatTip.DB","D:\AtelieProd\Equipexe\Exe\SAT.exe"
